# 开跑 2026-08-31 17:14:53  argv: scripts/body_lean.py --no-tank --stand-height 62 --tilt-trim 6 --handover L1:31,R1:33,L3:29,R3:22,R2:22,L2:24 --handover-weights
# git: 822bd70
# 模式=no-tank port=/dev/ttyACM0
# 参数: lean_step=5mm lean_speed=10mm/s press_delta=18mm stand=62 tilt_trim=6° handover=L1:31,L2:24,L3:29,R1:33,R2:22,R3:22 handover_rate=10 mark_settle=60 dual=0
# 阈值: ATTACH=-30.0 PUMP_ON=-60.0 PUMP_OFF=-75.0 comp_tail=72.3mm suck_timeout=2.5s
[    2.490] EVT 缓慢站起（竖直升至爬墙站位）
[    6.601] EVT 爬墙站位就位，进入就位暂停
# handover_slot_w=0.600,0.250,0.100,0.050,0.000
[    6.718] TLM t=   0.0 L1·r@-- L2·r@-- L3·r@-- R1·r@-- R2·r@-- R3·r@-- 罐=无罐 泵=0 阀=000000 速=+0,+0,+0.00 电=8.12V/1.55A/峰1.55 补余=0.0 IO错=0 就位暂停
[    7.227] TLM t=   0.0 L1·r@-- L2·r@-- L3·r@-- R1·r@-- R2·r@-- R3·r@-- 罐=无罐 泵=0 阀=000000 速=+0,+0,+0.00 电=8.11V/1.55A/峰1.55 补余=0.0 IO错=0 就位暂停
[    7.732] TLM t=   0.0 L1·r@-- L2·r@-- L3·r@-- R1·r@-- R2·r@-- R3·r@-- 罐=无罐 泵=0 阀=000000 速=+0,+0,+0.00 电=8.11V/1.55A/峰1.55 补余=0.0 IO错=0 就位暂停
[    8.245] TLM t=   0.0 L1·r@-- L2·r@-- L3·r@-- R1·r@-- R2·r@-- R3·r@-- 罐=无罐 泵=0 阀=000000 速=+0,+0,+0.00 电=8.11V/1.47A/峰1.55 补余=0.0 IO错=0 就位暂停
[    8.752] TLM t=   0.0 L1·r@-- L2·r@-- L3·r@-- R1·r@-- R2·r@-- R3·r@-- 罐=无罐 泵=0 阀=000000 速=+0,+0,+0.00 电=8.09V/1.63A/峰1.63 补余=0.0 IO错=0 就位暂停
[    9.262] TLM t=   0.0 L1·r@-- L2·r@-- L3·r@-- R1·r@-- R2·r@-- R3·r@-- 罐=无罐 泵=0 阀=000000 速=+0,+0,+0.00 电=8.11V/1.47A/峰1.63 补余=0.0 IO错=0 就位暂停
[    9.769] TLM t=   0.0 L1·r@-- L2·r@-- L3·r@-- R1·r@-- R2·r@-- R3·r@-- 罐=无罐 泵=0 阀=000000 速=+0,+0,+0.00 电=8.11V/1.47A/峰1.63 补余=0.0 IO错=0 就位暂停
[   10.282] TLM t=   0.0 L1·r@-- L2·r@-- L3·r@-- R1·r@-- R2·r@-- R3·r@-- 罐=无罐 泵=0 阀=000000 速=+0,+0,+0.00 电=8.11V/1.38A/峰1.63 补余=0.0 IO错=0 就位暂停
[   10.787] TLM t=   0.0 L1·r@-- L2·r@-- L3·r@-- R1·r@-- R2·r@-- R3·r@-- 罐=无罐 泵=0 阀=000000 速=+0,+0,+0.00 电=8.11V/1.55A/峰1.63 补余=0.0 IO错=0 就位暂停
[   11.298] TLM t=   0.0 L1·r@-- L2·r@-- L3·r@-- R1·r@-- R2·r@-- R3·r@-- 罐=无罐 泵=0 阀=000000 速=+0,+0,+0.00 电=8.11V/1.47A/峰1.63 补余=0.0 IO错=0 就位暂停
[   11.804] TLM t=   0.0 L1·r@-- L2·r@-- L3·r@-- R1·r@-- R2·r@-- R3·r@-- 罐=无罐 泵=0 阀=000000 速=+0,+0,+0.00 电=8.11V/1.47A/峰1.63 补余=0.0 IO错=0 就位暂停
[   12.316] TLM t=   0.0 L1·r@-- L2·r@-- L3·r@-- R1·r@-- R2·r@-- R3·r@-- 罐=无罐 泵=0 阀=000000 速=+0,+0,+0.00 电=8.10V/1.55A/峰1.63 补余=0.0 IO错=0 就位暂停
[   12.823] TLM t=   0.0 L1·r@-- L2·r@-- L3·r@-- R1·r@-- R2·r@-- R3·r@-- 罐=无罐 泵=0 阀=000000 速=+0,+0,+0.00 电=8.11V/1.55A/峰1.63 补余=0.0 IO错=0 就位暂停
[   13.336] TLM t=   0.0 L1·r@-- L2·r@-- L3·r@-- R1·r@-- R2·r@-- R3·r@-- 罐=无罐 泵=0 阀=000000 速=+0,+0,+0.00 电=8.10V/1.55A/峰1.63 补余=0.0 IO错=0 就位暂停
[   13.842] TLM t=   0.0 L1·r@-- L2·r@-- L3·r@-- R1·r@-- R2·r@-- R3·r@-- 罐=无罐 泵=0 阀=000000 速=+0,+0,+0.00 电=8.11V/1.47A/峰1.63 补余=0.0 IO错=0 就位暂停
[   14.353] TLM t=   0.0 L1·r@-- L2·r@-- L3·r@-- R1·r@-- R2·r@-- R3·r@-- 罐=无罐 泵=0 阀=000000 速=+0,+0,+0.00 电=8.10V/1.47A/峰1.63 补余=0.0 IO错=0 就位暂停
[   14.861] TLM t=   0.0 L1·r@-- L2·r@-- L3·r@-- R1·r@-- R2·r@-- R3·r@-- 罐=无罐 泵=0 阀=000000 速=+0,+0,+0.00 电=8.10V/1.55A/峰1.63 补余=0.0 IO错=0 就位暂停
[   15.369] TLM t=   0.0 L1·r@-- L2·r@-- L3·r@-- R1·r@-- R2·r@-- R3·r@-- 罐=无罐 泵=0 阀=000000 速=+0,+0,+0.00 电=8.10V/1.38A/峰1.63 补余=0.0 IO错=0 就位暂停
[   15.875] TLM t=   0.0 L1·r@-- L2·r@-- L3·r@-- R1·r@-- R2·r@-- R3·r@-- 罐=无罐 泵=0 阀=000000 速=+0,+0,+0.00 电=8.11V/1.55A/峰1.63 补余=0.0 IO错=0 就位暂停
[   16.383] TLM t=   0.0 L1·r@-- L2·r@-- L3·r@-- R1·r@-- R2·r@-- R3·r@-- 罐=无罐 泵=0 阀=000000 速=+0,+0,+0.00 电=8.10V/1.47A/峰1.63 补余=0.0 IO错=0 就位暂停
[   16.888] TLM t=   0.0 L1·r@-- L2·r@-- L3·r@-- R1·r@-- R2·r@-- R3·r@-- 罐=无罐 泵=0 阀=000000 速=+0,+0,+0.00 电=8.11V/1.47A/峰1.63 补余=0.0 IO错=0 就位暂停
[   17.400] TLM t=   0.0 L1·r@-- L2·r@-- L3·r@-- R1·r@-- R2·r@-- R3·r@-- 罐=无罐 泵=0 阀=000000 速=+0,+0,+0.00 电=8.11V/1.55A/峰1.63 补余=0.0 IO错=0 就位暂停
[   17.905] TLM t=   0.0 L1·r@-- L2·r@-- L3·r@-- R1·r@-- R2·r@-- R3·r@-- 罐=无罐 泵=0 阀=000000 速=+0,+0,+0.00 电=8.10V/1.47A/峰1.63 补余=0.0 IO错=0 就位暂停
[   18.412] TLM t=   0.0 L1·r@-- L2·r@-- L3·r@-- R1·r@-- R2·r@-- R3·r@-- 罐=无罐 泵=0 阀=000000 速=+0,+0,+0.00 电=8.11V/1.47A/峰1.63 补余=0.0 IO错=0 就位暂停
[   18.919] TLM t=   0.0 L1·r@-- L2·r@-- L3·r@-- R1·r@-- R2·r@-- R3·r@-- 罐=无罐 泵=0 阀=000000 速=+0,+0,+0.00 电=8.09V/1.47A/峰1.63 补余=0.0 IO错=0 就位暂停
[   19.431] TLM t=   0.0 L1·r@-- L2·r@-- L3·r@-- R1·r@-- R2·r@-- R3·r@-- 罐=无罐 泵=0 阀=000000 速=+0,+0,+0.00 电=8.10V/1.47A/峰1.63 补余=0.0 IO错=0 就位暂停
[   19.940] TLM t=   0.0 L1·r@-- L2·r@-- L3·r@-- R1·r@-- R2·r@-- R3·r@-- 罐=无罐 泵=0 阀=000000 速=+0,+0,+0.00 电=8.11V/1.47A/峰1.63 补余=0.0 IO错=0 就位暂停
[   20.449] TLM t=   0.0 L1·r@-- L2·r@-- L3·r@-- R1·r@-- R2·r@-- R3·r@-- 罐=无罐 泵=0 阀=000000 速=+0,+0,+0.00 电=8.10V/1.38A/峰1.63 补余=0.0 IO错=0 就位暂停
[   20.958] TLM t=   0.0 L1·r@-- L2·r@-- L3·r@-- R1·r@-- R2·r@-- R3·r@-- 罐=无罐 泵=0 阀=000000 速=+0,+0,+0.00 电=8.11V/1.22A/峰1.63 补余=0.0 IO错=0 就位暂停
[   21.466] TLM t=   0.0 L1·r@-- L2·r@-- L3·r@-- R1·r@-- R2·r@-- R3·r@-- 罐=无罐 泵=0 阀=000000 速=+0,+0,+0.00 电=8.12V/1.06A/峰1.63 补余=0.0 IO错=0 就位暂停
[   21.973] TLM t=   0.0 L1·r@-- L2·r@-- L3·r@-- R1·r@-- R2·r@-- R3·r@-- 罐=无罐 泵=0 阀=000000 速=+0,+0,+0.00 电=8.12V/0.98A/峰1.63 补余=0.0 IO错=0 就位暂停
[   22.484] TLM t=   0.0 L1·r@-- L2·r@-- L3·r@-- R1·r@-- R2·r@-- R3·r@-- 罐=无罐 泵=0 阀=000000 速=+0,+0,+0.00 电=8.13V/0.90A/峰1.63 补余=0.0 IO错=0 就位暂停
[   22.993] TLM t=   0.0 L1·r@-- L2·r@-- L3·r@-- R1·r@-- R2·r@-- R3·r@-- 罐=无罐 泵=0 阀=000000 速=+0,+0,+0.00 电=8.12V/0.90A/峰1.63 补余=0.0 IO错=0 就位暂停
[   23.506] TLM t=   0.0 L1·r@-- L2·r@-- L3·r@-- R1·r@-- R2·r@-- R3·r@-- 罐=无罐 泵=0 阀=000000 速=+0,+0,+0.00 电=8.12V/0.81A/峰1.63 补余=0.0 IO错=0 就位暂停
[   24.015] TLM t=   0.0 L1·r@-- L2·r@-- L3·r@-- R1·r@-- R2·r@-- R3·r@-- 罐=无罐 泵=0 阀=000000 速=+0,+0,+0.00 电=8.13V/0.90A/峰1.63 补余=0.0 IO错=0 就位暂停
[   24.525] TLM t=   0.0 L1·r@-- L2·r@-- L3·r@-- R1·r@-- R2·r@-- R3·r@-- 罐=无罐 泵=0 阀=000000 速=+0,+0,+0.00 电=8.12V/0.90A/峰1.63 补余=0.0 IO错=0 就位暂停
[   25.031] TLM t=   0.0 L1·r@-- L2·r@-- L3·r@-- R1·r@-- R2·r@-- R3·r@-- 罐=无罐 泵=0 阀=000000 速=+0,+0,+0.00 电=8.13V/0.98A/峰1.63 补余=0.0 IO错=0 就位暂停
[   25.538] TLM t=   0.0 L1·r@-- L2·r@-- L3·r@-- R1·r@-- R2·r@-- R3·r@-- 罐=无罐 泵=0 阀=000000 速=+0,+0,+0.00 电=8.13V/0.90A/峰1.63 补余=0.0 IO错=0 就位暂停
[   26.043] TLM t=   0.0 L1·r@-- L2·r@-- L3·r@-- R1·r@-- R2·r@-- R3·r@-- 罐=无罐 泵=0 阀=000000 速=+0,+0,+0.00 电=8.13V/0.90A/峰1.63 补余=0.0 IO错=0 就位暂停
[   26.550] TLM t=   0.0 L1·r@-- L2·r@-- L3·r@-- R1·r@-- R2·r@-- R3·r@-- 罐=无罐 泵=0 阀=000000 速=+0,+0,+0.00 电=8.13V/0.81A/峰1.63 补余=0.0 IO错=0 就位暂停
[   27.055] TLM t=   0.0 L1·r@-- L2·r@-- L3·r@-- R1·r@-- R2·r@-- R3·r@-- 罐=无罐 泵=0 阀=000000 速=+0,+0,+0.00 电=8.13V/0.81A/峰1.63 补余=0.0 IO错=0 就位暂停
[   27.563] TLM t=   0.0 L1·r@-- L2·r@-- L3·r@-- R1·r@-- R2·r@-- R3·r@-- 罐=无罐 泵=0 阀=000000 速=+0,+0,+0.00 电=8.13V/0.90A/峰1.63 补余=0.0 IO错=0 就位暂停
[   28.069] TLM t=   0.0 L1·r@-- L2·r@-- L3·r@-- R1·r@-- R2·r@-- R3·r@-- 罐=无罐 泵=0 阀=000000 速=+0,+0,+0.00 电=8.13V/0.81A/峰1.63 补余=0.0 IO错=0 就位暂停
[   28.581] TLM t=   0.0 L1·r@-- L2·r@-- L3·r@-- R1·r@-- R2·r@-- R3·r@-- 罐=无罐 泵=0 阀=000000 速=+0,+0,+0.00 电=8.13V/0.81A/峰1.63 补余=0.0 IO错=0 就位暂停
[   29.089] TLM t=   0.0 L1·r@-- L2·r@-- L3·r@-- R1·r@-- R2·r@-- R3·r@-- 罐=无罐 泵=0 阀=000000 速=+0,+0,+0.00 电=8.13V/0.90A/峰1.63 补余=0.0 IO错=0 就位暂停
[   29.601] TLM t=   0.0 L1·r@-- L2·r@-- L3·r@-- R1·r@-- R2·r@-- R3·r@-- 罐=无罐 泵=0 阀=000000 速=+0,+0,+0.00 电=8.13V/0.90A/峰1.63 补余=0.0 IO错=0 就位暂停
[   30.107] TLM t=   0.0 L1·r@-- L2·r@-- L3·r@-- R1·r@-- R2·r@-- R3·r@-- 罐=无罐 泵=0 阀=000000 速=+0,+0,+0.00 电=8.13V/0.90A/峰1.63 补余=0.0 IO错=0 就位暂停
[   30.618] TLM t=   0.0 L1·r@-- L2·r@-- L3·r@-- R1·r@-- R2·r@-- R3·r@-- 罐=无罐 泵=0 阀=000000 速=+0,+0,+0.00 电=8.12V/0.81A/峰1.63 补余=0.0 IO错=0 就位暂停
[   31.123] TLM t=   0.0 L1·r@-- L2·r@-- L3·r@-- R1·r@-- R2·r@-- R3·r@-- 罐=无罐 泵=0 阀=000000 速=+0,+0,+0.00 电=8.13V/0.90A/峰1.63 补余=0.0 IO错=0 就位暂停
[   31.634] TLM t=   0.0 L1·r@-- L2·r@-- L3·r@-- R1·r@-- R2·r@-- R3·r@-- 罐=无罐 泵=0 阀=000000 速=+0,+0,+0.00 电=8.13V/0.90A/峰1.63 补余=0.0 IO错=0 就位暂停
[   32.139] TLM t=   0.0 L1·r@-- L2·r@-- L3·r@-- R1·r@-- R2·r@-- R3·r@-- 罐=无罐 泵=0 阀=000000 速=+0,+0,+0.00 电=8.13V/0.90A/峰1.63 补余=0.0 IO错=0 就位暂停
[   32.651] TLM t=   0.0 L1·r@-- L2·r@-- L3·r@-- R1·r@-- R2·r@-- R3·r@-- 罐=无罐 泵=0 阀=000000 速=+0,+0,+0.00 电=8.14V/0.57A/峰1.63 补余=0.0 IO错=0 就位暂停
[   33.158] TLM t=   0.0 L1·r@-- L2·r@-- L3·r@-- R1·r@-- R2·r@-- R3·r@-- 罐=无罐 泵=0 阀=000000 速=+0,+0,+0.00 电=8.13V/0.73A/峰1.63 补余=0.0 IO错=0 就位暂停
[   33.667] TLM t=   0.0 L1·r@-- L2·r@-- L3·r@-- R1·r@-- R2·r@-- R3·r@-- 罐=无罐 泵=0 阀=000000 速=+0,+0,+0.00 电=8.14V/0.65A/峰1.63 补余=0.0 IO错=0 就位暂停
[   34.173] TLM t=   0.0 L1·r@-- L2·r@-- L3·r@-- R1·r@-- R2·r@-- R3·r@-- 罐=无罐 泵=0 阀=000000 速=+0,+0,+0.00 电=8.14V/0.57A/峰1.63 补余=0.0 IO错=0 就位暂停
[   34.683] TLM t=   0.0 L1·r@-- L2·r@-- L3·r@-- R1·r@-- R2·r@-- R3·r@-- 罐=无罐 泵=0 阀=000000 速=+0,+0,+0.00 电=8.14V/0.49A/峰1.63 补余=0.0 IO错=0 就位暂停
[   35.193] TLM t=   0.0 L1·r@-- L2·r@-- L3·r@-- R1·r@-- R2·r@-- R3·r@-- 罐=无罐 泵=0 阀=000000 速=+0,+0,+0.00 电=8.14V/0.65A/峰1.63 补余=0.0 IO错=0 就位暂停
[   35.705] TLM t=   0.0 L1·r@-- L2·r@-- L3·r@-- R1·r@-- R2·r@-- R3·r@-- 罐=无罐 泵=0 阀=000000 速=+0,+0,+0.00 电=8.14V/0.65A/峰1.63 补余=0.0 IO错=0 就位暂停
[   36.213] TLM t=   0.0 L1·r@-- L2·r@-- L3·r@-- R1·r@-- R2·r@-- R3·r@-- 罐=无罐 泵=0 阀=000000 速=+0,+0,+0.00 电=8.14V/0.65A/峰1.63 补余=0.0 IO错=0 就位暂停
[   36.725] TLM t=   0.0 L1·r@-- L2·r@-- L3·r@-- R1·r@-- R2·r@-- R3·r@-- 罐=无罐 泵=0 阀=000000 速=+0,+0,+0.00 电=8.14V/0.65A/峰1.63 补余=0.0 IO错=0 就位暂停
[   37.234] TLM t=   0.0 L1·r@-- L2·r@-- L3·r@-- R1·r@-- R2·r@-- R3·r@-- 罐=无罐 泵=0 阀=000000 速=+0,+0,+0.00 电=8.14V/0.57A/峰1.63 补余=0.0 IO错=0 就位暂停
[   37.746] TLM t=   0.0 L1·r@-- L2·r@-- L3·r@-- R1·r@-- R2·r@-- R3·r@-- 罐=无罐 泵=0 阀=000000 速=+0,+0,+0.00 电=8.14V/0.65A/峰1.63 补余=0.0 IO错=0 就位暂停
[   38.252] TLM t=   0.0 L1·r@-- L2·r@-- L3·r@-- R1·r@-- R2·r@-- R3·r@-- 罐=无罐 泵=0 阀=000000 速=+0,+0,+0.00 电=8.14V/0.65A/峰1.63 补余=0.0 IO错=0 就位暂停
[   38.764] TLM t=   0.0 L1·r@-- L2·r@-- L3·r@-- R1·r@-- R2·r@-- R3·r@-- 罐=无罐 泵=0 阀=000000 速=+0,+0,+0.00 电=8.14V/0.65A/峰1.63 补余=0.0 IO错=0 就位暂停
[   39.119] EVT 按 p：开始全吸附启动序列
[   39.120] EVT 相位 R3 stance→press
[   39.140] EVT 泵 开
[   39.268] TLM t=   0.0 L1·r@-- L2·r@-- L3·r@-- R1·r@-- R2·r@-- R3Pr@-- 罐=无罐 泵=1 阀=000000 速=+0,+0,+0.00 电=8.08V/0.57A/峰1.63 补余=0.0 IO错=0 倾+0.0
[   39.769] TLM t=   0.0 L1·r@-- L2·r@-- L3·r@-- R1·r@-- R2·r@-- R3Pr@-- 罐=无罐 泵=1 阀=000000 速=+0,+0,+0.00 电=8.10V/0.65A/峰1.63 补余=0.0 IO错=0 倾+0.0
[   40.271] TLM t=   0.0 L1·r@-- L2·r@-- L3·r@-- R1·r@-- R2·r@-- R3Pr@-- 罐=无罐 泵=1 阀=000000 速=+0,+0,+0.00 电=8.06V/0.73A/峰1.63 补余=0.0 IO错=0 倾+0.0
[   40.774] TLM t=   0.0 L1·r@-- L2·r@-- L3·r@-- R1·r@-- R2·r@-- R3Pr@-- 罐=无罐 泵=1 阀=000000 速=+0,+0,+0.00 电=8.09V/0.65A/峰1.63 补余=0.0 IO错=0 倾+0.0
[   41.274] TLM t=   0.0 L1·r@-- L2·r@-- L3·r@-- R1·r@-- R2·r@-- R3Pr@-- 罐=无罐 泵=1 阀=000000 速=+0,+0,+0.00 电=8.10V/0.65A/峰1.63 补余=0.0 IO错=0 倾+0.0
[   41.782] TLM t=   0.0 L1·r@-- L2·r@-- L3·r@-- R1·r@-- R2·r@-- R3Pr@-- 罐=无罐 泵=1 阀=000000 速=+0,+0,+0.00 电=8.10V/0.65A/峰1.63 补余=0.0 IO错=0 倾+0.0
[   42.108] EVT 吸附 R3 released→pressing 在态3.00s
[   42.108] EVT 相位 R3 press→wait
[   42.128] EVT 泵 停
[   42.278] TLM t=   0.0 L1·r@-- L2·r@-- L3·r@-- R1·r@-- R2·r@-- R3Wp@-- 罐=无罐 泵=0 阀=000000 速=+0,+0,+0.00 电=8.14V/0.65A/峰1.63 补余=0.0 IO错=0 倾+0.0
[   42.409] EVT 吸附 R3 pressing→sucking 在态0.30s
[   42.409] EVT 阀 R3 →抽气位
[   42.432] EVT 泵 开
[   42.750] EVT 吸附 R3 sucking→attached 在态0.34s -70.9kPa
[   42.750] EVT 相位 R3 wait→stance
[   42.770] EVT 相位 L1 stance→press
[   42.780] TLM t=   0.0 L1Pr@-- L2·r@-- L3·r@-- R1·r@-- R2·r@-- R3·A@-71 罐=无罐 泵=1 阀=000001 速=+0,+0,+0.00 电=8.09V/0.73A/峰1.63 补余=0.0 IO错=0 倾+0.0
[   42.913] EVT 泵 停 最差盘压-75.1
[   43.283] TLM t=   0.0 L1Pr@-- L2·r@-- L3·r@-- R1·r@-- R2·r@-- R3·A@-75 罐=无罐 泵=0 阀=000001 速=+0,+0,+0.00 电=8.14V/0.73A/峰1.63 补余=0.0 IO错=0 倾+0.0
[   43.805] TLM t=   0.0 L1Pr@-- L2·r@-- L3·r@-- R1·r@-- R2·r@-- R3·A@-75 罐=无罐 泵=0 阀=000001 速=+0,+0,+0.00 电=8.14V/0.73A/峰1.63 补余=0.0 IO错=0 倾+0.0
[   43.953] EVT 吸附 L1 released→pressing 在态4.84s
[   43.954] EVT 相位 L1 press→wait
[   44.274] EVT 吸附 L1 pressing→sucking 在态0.32s
[   44.275] EVT 阀 L1 →抽气位
[   44.300] EVT 泵 开 最差盘压-74.0
[   44.310] TLM t=   0.0 L1Ws@-3 L2·r@-- L3·r@-- R1·r@-- R2·r@-- R3·A@-74 罐=无罐 泵=1 阀=100001 速=+0,+0,+0.00 电=7.99V/0.65A/峰1.63 补余=0.0 IO错=0 倾+0.0
[   44.575] EVT 吸附 L1 sucking→attached 在态0.30s -66.1kPa
[   44.576] EVT 相位 L1 wait→stance
[   44.601] EVT 相位 R2 stance→press
[   44.826] TLM t=   0.0 L1·A@-73 L2·r@-- L3·r@-- R1·r@-- R2Pr@-- R3·A@-73 罐=无罐 泵=1 阀=100001 速=+0,+0,+0.00 电=8.09V/0.73A/峰1.63 补余=0.0 IO错=0 倾+0.0
[   44.902] EVT 泵 停 最差盘压-75.4
[   45.334] TLM t=   0.0 L1·A@-76 L2·r@-- L3·r@-- R1·r@-- R2Pr@-- R3·A@-76 罐=无罐 泵=0 阀=100001 速=+0,+0,+0.00 电=8.15V/0.73A/峰1.63 补余=0.0 IO错=0 倾+0.0
[   45.780] EVT 吸附 R2 released→pressing 在态6.66s
[   45.781] EVT 相位 R2 press→wait
[   45.852] TLM t=   0.0 L1·A@-76 L2·r@-- L3·r@-- R1·r@-- R2Wp@-- R3·A@-75 罐=无罐 泵=0 阀=100001 速=+0,+0,+0.00 电=8.15V/0.65A/峰1.63 补余=0.0 IO错=0 倾+0.0
[   46.106] EVT 吸附 R2 pressing→sucking 在态0.32s
[   46.106] EVT 阀 R2 →抽气位
[   46.124] EVT 泵 开 最差盘压-74.7
[   46.355] TLM t=   0.0 L1·A@-75 L2·r@-- L3·r@-- R1·r@-- R2Ws@-67 R3·A@-74 罐=无罐 泵=1 阀=100011 速=+0,+0,+0.00 电=8.14V/0.73A/峰1.63 补余=0.0 IO错=0 倾+0.0
[   46.404] EVT 吸附 R2 sucking→attached 在态0.30s -68.2kPa
[   46.407] EVT 相位 R2 wait→stance
[   46.425] EVT 相位 L3 stance→press
[   46.846] EVT 泵 停 最差盘压-75.2
[   46.874] TLM t=   0.0 L1·A@-75 L2·r@-- L3Pr@-- R1·r@-- R2·A@-75 R3·A@-75 罐=无罐 泵=0 阀=100011 速=+0,+0,+0.00 电=8.17V/0.57A/峰1.63 补余=0.0 IO错=0 倾+0.0
[   47.380] TLM t=   0.0 L1·A@-76 L2·r@-- L3Pr@-- R1·r@-- R2·A@-74 R3·A@-75 罐=无罐 泵=0 阀=100011 速=+0,+0,+0.00 电=8.17V/0.57A/峰1.63 补余=0.0 IO错=0 倾+0.0
[   47.613] EVT 吸附 L3 released→pressing 在态8.48s
[   47.614] EVT 相位 L3 press→wait
[   47.881] TLM t=   0.0 L1·A@-76 L2·r@-- L3Wp@-- R1·r@-- R2·A@-74 R3·A@-75 罐=无罐 泵=0 阀=100011 速=+0,+0,+0.00 电=8.18V/0.65A/峰1.63 补余=0.0 IO错=0 倾+0.0
[   47.932] EVT 吸附 L3 pressing→sucking 在态0.32s
[   47.932] EVT 阀 L3 →抽气位
[   47.952] EVT 泵 开 最差盘压-73.6
[   48.230] EVT 吸附 L3 sucking→attached 在态0.30s -61.0kPa
[   48.233] EVT 相位 L3 wait→stance
[   48.253] EVT 相位 R1 stance→press
[   48.380] TLM t=   0.0 L1·A@-75 L2·r@-- L3·A@-70 R1Pr@-- R2·A@-73 R3·A@-74 罐=无罐 泵=1 阀=101011 速=+0,+0,+0.00 电=8.17V/0.65A/峰1.63 补余=0.0 IO错=0 倾+0.0
[   48.697] EVT 泵 停 最差盘压-75.3
[   48.887] TLM t=   0.0 L1·A@-76 L2·r@-- L3·A@-76 R1Pr@-- R2·A@-76 R3·A@-76 罐=无罐 泵=0 阀=101011 速=+0,+0,+0.00 电=8.18V/0.65A/峰1.63 补余=0.0 IO错=0 倾+0.0
[   49.407] TLM t=   0.0 L1·A@-76 L2·r@-- L3·A@-76 R1Pr@-- R2·A@-75 R3·A@-75 罐=无罐 泵=0 阀=101011 速=+0,+0,+0.00 电=8.18V/0.73A/峰1.63 补余=0.0 IO错=0 倾+0.0
[   49.436] EVT 吸附 R1 released→pressing 在态10.30s
[   49.437] EVT 相位 R1 press→wait
[   49.757] EVT 吸附 R1 pressing→sucking 在态0.32s
[   49.765] EVT 阀 R1 →抽气位
[   49.783] EVT 泵 开 最差盘压-74.7
[   49.912] TLM t=   0.0 L1·A@-76 L2·r@-- L3·A@-75 R1Ws@-45 R2·A@-75 R3·A@-75 罐=无罐 泵=1 阀=101111 速=+0,+0,+0.00 电=8.17V/0.57A/峰1.63 补余=0.0 IO错=0 倾+0.0
[   50.118] EVT 吸附 R1 sucking→attached 在态0.36s -68.4kPa
[   50.119] EVT 相位 R1 wait→stance
[   50.144] EVT 相位 L2 stance→press
[   50.427] TLM t=   0.0 L1·A@-76 L2Pr@-- L3·A@-76 R1·A@-75 R2·A@-76 R3·A@-76 罐=无罐 泵=1 阀=101111 速=+0,+0,+0.00 电=8.17V/0.57A/峰1.63 补余=0.0 IO错=0 倾+0.0
[   50.445] EVT 泵 停 最差盘压-75.5
[   50.935] TLM t=   0.0 L1·A@-77 L2Pr@-- L3·A@-76 R1·A@-76 R2·A@-76 R3·A@-76 罐=无罐 泵=0 阀=101111 速=+0,+0,+0.00 电=8.19V/0.65A/峰1.63 补余=0.0 IO错=0 倾+0.0
[   51.324] EVT 吸附 L2 released→pressing 在态12.18s
[   51.324] EVT 相位 L2 press→wait
[   51.453] TLM t=   0.0 L1·A@-76 L2Wp@-- L3·A@-76 R1·A@-76 R2·A@-75 R3·A@-76 罐=无罐 泵=0 阀=101111 速=+0,+0,+0.00 电=8.20V/0.73A/峰1.63 补余=0.0 IO错=0 倾+0.0
[   51.650] EVT 吸附 L2 pressing→sucking 在态0.32s
[   51.650] EVT 阀 L2 →抽气位
[   51.668] EVT 泵 开 最差盘压-75.2
[   51.946] EVT 吸附 L2 sucking→attached 在态0.30s -67.2kPa
[   51.956] EVT 相位 L2 wait→stance
[   51.956] EVT ✓ 六足全吸附，启动序列完成，相位钟开始
[   51.966] TLM t=   0.0 L1·A@-76 L2·A@-67 L3·A@-76 R1·A@-75 R2·A@-75 R3·A@-75 罐=无罐 泵=1 阀=111111 速=+0,+0,+0.00 电=8.13V/0.65A/峰1.63 补余=0.0 IO错=0 倾+0.0
[   52.273] EVT 泵 停 最差盘压-75.2
[   52.479] TLM t=   0.5 L1·A@-76 L2·A@-76 L3·A@-76 R1·A@-75 R2·A@-76 R3·A@-76 罐=无罐 泵=0 阀=111111 速=+0,+0,+0.00 电=8.20V/0.65A/峰1.63 补余=0.0 IO错=0 倾+0.0
[   52.988] TLM t=   1.0 L1·A@-76 L2·A@-76 L3·A@-76 R1·A@-75 R2·A@-75 R3·A@-75 罐=无罐 泵=0 阀=111111 速=+0,+0,+0.00 电=8.20V/0.57A/峰1.63 补余=0.0 IO错=0 倾+0.0
[   53.489] TLM t=   1.5 L1·A@-76 L2·A@-75 L3·A@-76 R1·A@-75 R2·A@-75 R3·A@-75 罐=无罐 泵=0 阀=111111 速=+0,+0,+0.00 电=8.21V/0.65A/峰1.63 补余=0.0 IO错=0 倾+0.0
[   54.019] TLM t=   2.0 L1·A@-75 L2·A@-74 L3·A@-76 R1·A@-75 R2·A@-74 R3·A@-74 罐=无罐 泵=0 阀=111111 速=+0,+0,+0.00 电=8.20V/0.73A/峰1.63 补余=0.0 IO错=0 倾+0.0
[   54.525] TLM t=   2.5 L1·A@-75 L2·A@-74 L3·A@-76 R1·A@-75 R2·A@-74 R3·A@-74 罐=无罐 泵=0 阀=111111 速=+0,+0,+0.00 电=8.21V/0.73A/峰1.63 补余=0.0 IO错=0 倾+0.0
[   55.028] TLM t=   3.0 L1·A@-75 L2·A@-73 L3·A@-75 R1·A@-75 R2·A@-74 R3·A@-73 罐=无罐 泵=0 阀=111111 速=+0,+0,+0.00 电=8.20V/0.73A/峰1.63 补余=0.0 IO错=0 倾+0.0
[   55.555] TLM t=   3.6 L1·A@-74 L2·A@-73 L3·A@-75 R1·A@-75 R2·A@-73 R3·A@-72 罐=无罐 泵=0 阀=111111 速=+0,+0,+0.00 电=8.20V/0.73A/峰1.63 补余=0.0 IO错=0 倾+0.0
[   56.053] TLM t=   4.1 L1·A@-74 L2·A@-72 L3·A@-75 R1·A@-74 R2·A@-73 R3·A@-72 罐=无罐 泵=0 阀=111111 速=+0,+0,+0.00 电=8.20V/0.73A/峰1.63 补余=0.0 IO错=0 倾+0.0
[   56.580] TLM t=   4.6 L1·A@-74 L2·A@-72 L3·A@-75 R1·A@-74 R2·A@-72 R3·A@-71 罐=无罐 泵=0 阀=111111 速=+0,+0,+0.00 电=8.20V/0.73A/峰1.63 补余=0.0 IO错=0 倾+0.0
[   57.078] TLM t=   5.1 L1·A@-74 L2·A@-71 L3·A@-75 R1·A@-74 R2·A@-72 R3·A@-70 罐=无罐 泵=0 阀=111111 速=+0,+0,+0.00 电=8.19V/0.81A/峰1.63 补余=0.0 IO错=0 倾+0.0
[   57.599] TLM t=   5.6 L1·A@-73 L2·A@-71 L3·A@-75 R1·A@-74 R2·A@-72 R3·A@-70 罐=无罐 泵=0 阀=111111 速=+0,+0,+0.00 电=8.20V/0.73A/峰1.63 补余=0.0 IO错=0 倾+0.0
[   58.102] TLM t=   6.1 L1·A@-73 L2·A@-71 L3·A@-75 R1·A@-74 R2·A@-71 R3·A@-69 罐=无罐 泵=0 阀=111111 速=+0,+0,+0.00 电=8.20V/0.73A/峰1.63 补余=0.0 IO错=0 倾+0.0
[   58.628] TLM t=   6.6 L1·A@-73 L2·A@-70 L3·A@-75 R1·A@-74 R2·A@-71 R3·A@-69 罐=无罐 泵=0 阀=111111 速=+0,+0,+0.00 电=8.20V/0.73A/峰1.63 补余=0.0 IO错=0 倾+0.0
[   59.126] TLM t=   7.1 L1·A@-72 L2·A@-70 L3·A@-75 R1·A@-74 R2·A@-70 R3·A@-68 罐=无罐 泵=0 阀=111111 速=+0,+0,+0.00 电=8.20V/0.73A/峰1.63 补余=0.0 IO错=0 倾+0.0
[   59.632] TLM t=   7.6 L1·A@-72 L2·A@-69 L3·A@-75 R1·A@-74 R2·A@-70 R3·A@-68 罐=无罐 泵=0 阀=111111 速=+0,+0,+0.00 电=8.20V/0.73A/峰1.63 补余=0.0 IO错=0 倾+0.0
[   60.139] TLM t=   8.1 L1·A@-72 L2·A@-69 L3·A@-74 R1·A@-74 R2·A@-70 R3·A@-67 罐=无罐 泵=0 阀=111111 速=+0,+0,+0.00 电=8.19V/0.81A/峰1.63 补余=0.0 IO错=0 倾+0.0
[   60.643] TLM t=   8.6 L1·A@-72 L2·A@-68 L3·A@-74 R1·A@-74 R2·A@-69 R3·A@-66 罐=无罐 泵=0 阀=111111 速=+0,+0,+0.00 电=8.20V/0.73A/峰1.63 补余=0.0 IO错=0 倾+0.0
[   61.166] TLM t=   9.1 L1·A@-72 L2·A@-68 L3·A@-74 R1·A@-74 R2·A@-69 R3·A@-66 罐=无罐 泵=0 阀=111111 速=+0,+0,+0.00 电=8.20V/0.73A/峰1.63 补余=0.0 IO错=0 倾+0.0
[   61.673] TLM t=   9.6 L1·A@-71 L2·A@-68 L3·A@-74 R1·A@-73 R2·A@-69 R3·A@-65 罐=无罐 泵=0 阀=111111 速=+0,+0,+0.00 电=8.20V/0.73A/峰1.63 补余=0.0 IO错=0 倾+0.0
[   62.193] TLM t=  10.2 L1·A@-71 L2·A@-67 L3·A@-74 R1·A@-73 R2·A@-68 R3·A@-65 罐=无罐 泵=0 阀=111111 速=+0,+0,+0.00 电=8.19V/0.73A/峰1.63 补余=0.0 IO错=0 倾+0.0
[   62.699] TLM t=  10.7 L1·A@-71 L2·A@-67 L3·A@-74 R1·A@-73 R2·A@-68 R3·A@-64 罐=无罐 泵=0 阀=111111 速=+0,+0,+0.00 电=8.20V/0.73A/峰1.63 补余=0.0 IO错=0 倾+0.0
[   63.216] TLM t=  11.2 L1·A@-71 L2·A@-66 L3·A@-74 R1·A@-73 R2·A@-68 R3·A@-64 罐=无罐 泵=0 阀=111111 速=+0,+0,+0.00 电=8.20V/0.81A/峰1.63 补余=0.0 IO错=0 倾+0.0
[   63.717] TLM t=  11.7 L1·A@-70 L2·A@-66 L3·A@-74 R1·A@-73 R2·A@-67 R3·A@-63 罐=无罐 泵=0 阀=111111 速=+0,+0,+0.00 电=8.20V/0.73A/峰1.63 补余=0.0 IO错=0 倾+0.0
[   64.242] TLM t=  12.2 L1·A@-70 L2·A@-65 L3·A@-74 R1·A@-73 R2·A@-67 R3·A@-63 罐=无罐 泵=0 阀=111111 速=+0,+0,+0.00 电=8.19V/0.73A/峰1.63 补余=0.0 IO错=0 倾+0.0
[   64.747] TLM t=  12.7 L1·A@-70 L2·A@-65 L3·A@-74 R1·A@-73 R2·A@-67 R3·A@-62 罐=无罐 泵=0 阀=111111 速=+0,+0,+0.00 电=8.20V/0.73A/峰1.63 补余=0.0 IO错=0 倾+0.0
[   65.266] TLM t=  13.2 L1·A@-70 L2·A@-65 L3·A@-74 R1·A@-73 R2·A@-66 R3·A@-62 罐=无罐 泵=0 阀=111111 速=+0,+0,+0.00 电=8.20V/0.73A/峰1.63 补余=0.0 IO错=0 倾+0.0
[   65.771] TLM t=  13.7 L1·A@-69 L2·A@-64 L3·A@-73 R1·A@-73 R2·A@-66 R3·A@-61 罐=无罐 泵=0 阀=111111 速=+0,+0,+0.00 电=8.20V/0.65A/峰1.63 补余=0.0 IO错=0 倾+0.0
[   66.291] TLM t=  14.2 L1·A@-69 L2·A@-64 L3·A@-73 R1·A@-73 R2·A@-65 R3·A@-61 罐=无罐 泵=0 阀=111111 速=+0,+0,+0.00 电=8.20V/0.73A/峰1.63 补余=0.0 IO错=0 倾+0.0
[   66.785] EVT 泵 开 最差盘压-59.9
[   66.794] TLM t=  14.7 L1·A@-69 L2·A@-63 L3·A@-73 R1·A@-73 R2·A@-65 R3·A@-60 罐=无罐 泵=1 阀=111111 速=+0,+0,+0.00 电=8.01V/0.73A/峰1.63 补余=0.0 IO错=0 倾+0.0
[   67.318] TLM t=  15.3 L1·A@-69 L2·A@-70 L3·A@-73 R1·A@-73 R2·A@-69 R3·A@-69 罐=无罐 泵=1 阀=111111 速=+0,+0,+0.00 电=8.12V/0.81A/峰1.63 补余=0.0 IO错=0 倾+0.0
[   67.793] EVT 泵 停 最差盘压-75.2
[   67.821] TLM t=  15.8 L1·A@-76 L2·A@-76 L3·A@-76 R1·A@-75 R2·A@-76 R3·A@-76 罐=无罐 泵=0 阀=111111 速=+0,+0,+0.00 电=8.20V/0.81A/峰1.63 补余=0.0 IO错=0 倾+0.0
[   68.347] TLM t=  16.3 L1·A@-76 L2·A@-76 L3·A@-76 R1·A@-76 R2·A@-76 R3·A@-76 罐=无罐 泵=0 阀=111111 速=+0,+0,+0.00 电=8.20V/0.73A/峰1.63 补余=0.0 IO错=0 倾+0.0
[   68.851] TLM t=  16.8 L1·A@-76 L2·A@-76 L3·A@-76 R1·A@-76 R2·A@-75 R3·A@-75 罐=无罐 泵=0 阀=111111 速=+0,+0,+0.00 电=8.20V/0.81A/峰1.63 补余=0.0 IO错=0 倾+0.0
[   69.235] EVT 实验序列开跑：起跑静置 60s 后打标记，自动轮换 3 轮
[   69.235] EVT 键 't' 倾=+0.0待=+0.0
[   69.372] TLM t=  17.3 L1·A@-76 L2·A@-75 L3·A@-76 R1·A@-75 R2·A@-75 R3·A@-75 罐=无罐 泵=0 阀=111111 速=+0,+0,+0.00 电=8.20V/0.73A/峰1.63 补余=0.0 IO错=0 倾+0.0 自动1/3
[   69.881] TLM t=  17.8 L1·A@-76 L2·A@-75 L3·A@-76 R1·A@-75 R2·A@-74 R3·A@-74 罐=无罐 泵=0 阀=111111 速=+0,+0,+0.00 电=8.20V/0.73A/峰1.63 补余=0.0 IO错=0 倾+0.0 自动1/3
[   70.399] TLM t=  18.3 L1·A@-75 L2·A@-74 L3·A@-76 R1·A@-75 R2·A@-74 R3·A@-73 罐=无罐 泵=0 阀=111111 速=+0,+0,+0.00 电=8.20V/0.73A/峰1.63 补余=0.0 IO错=0 倾+0.0 自动1/3
[   70.903] TLM t=  18.8 L1·A@-75 L2·A@-74 L3·A@-76 R1·A@-75 R2·A@-74 R3·A@-73 罐=无罐 泵=0 阀=111111 速=+0,+0,+0.00 电=8.20V/0.73A/峰1.63 补余=0.0 IO错=0 倾+0.0 自动1/3
[   71.424] TLM t=  19.3 L1·A@-75 L2·A@-73 L3·A@-76 R1·A@-75 R2·A@-73 R3·A@-72 罐=无罐 泵=0 阀=111111 速=+0,+0,+0.00 电=8.20V/0.81A/峰1.63 补余=0.0 IO错=0 倾+0.0 自动1/3
[   71.927] TLM t=  19.8 L1·A@-75 L2·A@-73 L3·A@-76 R1·A@-75 R2·A@-73 R3·A@-72 罐=无罐 泵=0 阀=111111 速=+0,+0,+0.00 电=8.20V/0.73A/峰1.63 补余=0.0 IO错=0 倾+0.0 自动1/3
[   72.449] TLM t=  20.4 L1·A@-75 L2·A@-72 L3·A@-75 R1·A@-75 R2·A@-72 R3·A@-71 罐=无罐 泵=0 阀=111111 速=+0,+0,+0.00 电=8.20V/0.73A/峰1.63 补余=0.0 IO错=0 倾+0.0 自动1/3
[   72.951] TLM t=  20.9 L1·A@-74 L2·A@-72 L3·A@-75 R1·A@-75 R2·A@-72 R3·A@-70 罐=无罐 泵=0 阀=111111 速=+0,+0,+0.00 电=8.20V/0.73A/峰1.63 补余=0.0 IO错=0 倾+0.0 自动1/3
[   73.472] TLM t=  21.4 L1·A@-74 L2·A@-72 L3·A@-75 R1·A@-75 R2·A@-72 R3·A@-70 罐=无罐 泵=0 阀=111111 速=+0,+0,+0.00 电=8.20V/0.73A/峰1.63 补余=0.0 IO错=0 倾+0.0 自动1/3
[   73.975] TLM t=  21.9 L1·A@-74 L2·A@-71 L3·A@-75 R1·A@-75 R2·A@-71 R3·A@-69 罐=无罐 泵=0 阀=111111 速=+0,+0,+0.00 电=8.20V/0.65A/峰1.63 补余=0.0 IO错=0 倾+0.0 自动1/3
[   74.497] TLM t=  22.4 L1·A@-74 L2·A@-71 L3·A@-75 R1·A@-75 R2·A@-71 R3·A@-69 罐=无罐 泵=0 阀=111111 速=+0,+0,+0.00 电=8.20V/0.73A/峰1.63 补余=0.0 IO错=0 倾+0.0 自动1/3
[   74.997] TLM t=  22.9 L1·A@-74 L2·A@-70 L3·A@-75 R1·A@-75 R2·A@-71 R3·A@-68 罐=无罐 泵=0 阀=111111 速=+0,+0,+0.00 电=8.20V/0.73A/峰1.63 补余=0.0 IO错=0 倾+0.0 自动1/3
[   75.523] TLM t=  23.4 L1·A@-74 L2·A@-70 L3·A@-75 R1·A@-75 R2·A@-70 R3·A@-68 罐=无罐 泵=0 阀=111111 速=+0,+0,+0.00 电=8.20V/0.98A/峰1.63 补余=0.0 IO错=0 倾+0.0 自动1/3
[   76.028] TLM t=  23.9 L1·A@-73 L2·A@-69 L3·A@-75 R1·A@-75 R2·A@-70 R3·A@-67 罐=无罐 泵=0 阀=111111 速=+0,+0,+0.00 电=8.19V/0.73A/峰1.63 补余=0.0 IO错=0 倾+0.0 自动1/3
[   76.549] TLM t=  24.4 L1·A@-73 L2·A@-69 L3·A@-75 R1·A@-74 R2·A@-70 R3·A@-67 罐=无罐 泵=0 阀=111111 速=+0,+0,+0.00 电=8.20V/0.73A/峰1.63 补余=0.0 IO错=0 倾+0.0 自动1/3
[   77.055] TLM t=  24.9 L1·A@-73 L2·A@-69 L3·A@-75 R1·A@-74 R2·A@-69 R3·A@-66 罐=无罐 泵=0 阀=111111 速=+0,+0,+0.00 电=8.20V/0.65A/峰1.63 补余=0.0 IO错=0 倾+0.0 自动1/3
[   77.576] TLM t=  25.5 L1·A@-73 L2·A@-68 L3·A@-75 R1·A@-74 R2·A@-69 R3·A@-65 罐=无罐 泵=0 阀=111111 速=+0,+0,+0.00 电=8.20V/0.65A/峰1.63 补余=0.0 IO错=0 倾+0.0 自动1/3
[   78.082] TLM t=  26.0 L1·A@-73 L2·A@-68 L3·A@-75 R1·A@-74 R2·A@-68 R3·A@-65 罐=无罐 泵=0 阀=111111 速=+0,+0,+0.00 电=8.20V/0.73A/峰1.63 补余=0.0 IO错=0 倾+0.0 自动1/3
[   78.603] TLM t=  26.5 L1·A@-72 L2·A@-67 L3·A@-75 R1·A@-74 R2·A@-68 R3·A@-64 罐=无罐 泵=0 阀=111111 速=+0,+0,+0.00 电=8.20V/0.73A/峰1.63 补余=0.0 IO错=0 倾+0.0 自动1/3
[   79.107] TLM t=  27.0 L1·A@-72 L2·A@-67 L3·A@-75 R1·A@-74 R2·A@-68 R3·A@-64 罐=无罐 泵=0 阀=111111 速=+0,+0,+0.00 电=8.20V/0.73A/峰1.63 补余=0.0 IO错=0 倾+0.0 自动1/3
[   79.626] TLM t=  27.5 L1·A@-72 L2·A@-67 L3·A@-74 R1·A@-74 R2·A@-67 R3·A@-63 罐=无罐 泵=0 阀=111111 速=+0,+0,+0.00 电=8.19V/0.73A/峰1.63 补余=0.0 IO错=0 倾+0.0 自动1/3
[   80.130] TLM t=  28.0 L1·A@-72 L2·A@-66 L3·A@-74 R1·A@-74 R2·A@-67 R3·A@-63 罐=无罐 泵=0 阀=111111 速=+0,+0,+0.00 电=8.20V/0.73A/峰1.63 补余=0.0 IO错=0 倾+0.0 自动1/3
[   80.651] TLM t=  28.5 L1·A@-72 L2·A@-66 L3·A@-74 R1·A@-74 R2·A@-67 R3·A@-62 罐=无罐 泵=0 阀=111111 速=+0,+0,+0.00 电=8.20V/0.81A/峰1.63 补余=0.0 IO错=0 倾+0.0 自动1/3
[   81.156] TLM t=  29.0 L1·A@-72 L2·A@-65 L3·A@-74 R1·A@-74 R2·A@-66 R3·A@-62 罐=无罐 泵=0 阀=111111 速=+0,+0,+0.00 电=8.20V/0.73A/峰1.63 补余=0.0 IO错=0 倾+0.0 自动1/3
[   81.674] TLM t=  29.5 L1·A@-72 L2·A@-65 L3·A@-74 R1·A@-74 R2·A@-66 R3·A@-61 罐=无罐 泵=0 阀=111111 速=+0,+0,+0.00 电=8.20V/0.73A/峰1.63 补余=0.0 IO错=0 倾+0.0 自动1/3
[   82.182] TLM t=  30.0 L1·A@-71 L2·A@-65 L3·A@-74 R1·A@-74 R2·A@-66 R3·A@-61 罐=无罐 泵=0 阀=111111 速=+0,+0,+0.00 电=8.20V/0.73A/峰1.63 补余=0.0 IO错=0 倾+0.0 自动1/3
[   82.699] TLM t=  30.6 L1·A@-71 L2·A@-64 L3·A@-74 R1·A@-74 R2·A@-65 R3·A@-60 罐=无罐 泵=0 阀=111111 速=+0,+0,+0.00 电=8.20V/0.73A/峰1.63 补余=0.0 IO错=0 倾+0.0 自动1/3
[   82.773] EVT 泵 开 最差盘压-60.0
[   83.205] TLM t=  31.1 L1·A@-71 L2·A@-68 L3·A@-74 R1·A@-74 R2·A@-68 R3·A@-67 罐=无罐 泵=1 阀=111111 速=+0,+0,+0.00 电=8.18V/0.81A/峰1.63 补余=0.0 IO错=0 倾+0.0 自动1/3
[   83.730] TLM t=  31.6 L1·A@-75 L2·A@-76 L3·A@-76 R1·A@-75 R2·A@-75 R3·A@-75 罐=无罐 泵=1 阀=111111 速=+0,+0,+0.00 电=8.18V/0.65A/峰1.63 补余=0.0 IO错=0 倾+0.0 自动1/3
[   83.783] EVT 泵 停 最差盘压-75.4
[   84.234] TLM t=  32.1 L1·A@-76 L2·A@-76 L3·A@-76 R1·A@-76 R2·A@-76 R3·A@-76 罐=无罐 泵=0 阀=111111 速=+0,+0,+0.00 电=8.20V/0.73A/峰1.63 补余=0.0 IO错=0 倾+0.0 自动1/3
[   84.756] TLM t=  32.6 L1·A@-76 L2·A@-76 L3·A@-76 R1·A@-76 R2·A@-75 R3·A@-75 罐=无罐 泵=0 阀=111111 速=+0,+0,+0.00 电=8.19V/0.73A/峰1.63 补余=0.0 IO错=0 倾+0.0 自动1/3
[   85.261] TLM t=  33.1 L1·A@-76 L2·A@-75 L3·A@-76 R1·A@-76 R2·A@-75 R3·A@-75 罐=无罐 泵=0 阀=111111 速=+0,+0,+0.00 电=8.20V/0.73A/峰1.63 补余=0.0 IO错=0 倾+0.0 自动1/3
[   85.780] TLM t=  33.6 L1·A@-76 L2·A@-75 L3·A@-76 R1·A@-76 R2·A@-75 R3·A@-74 罐=无罐 泵=0 阀=111111 速=+0,+0,+0.00 电=8.20V/0.73A/峰1.63 补余=0.0 IO错=0 倾+0.0 自动1/3
[   86.284] TLM t=  34.1 L1·A@-76 L2·A@-75 L3·A@-76 R1·A@-76 R2·A@-74 R3·A@-74 罐=无罐 泵=0 阀=111111 速=+0,+0,+0.00 电=8.20V/0.73A/峰1.63 补余=0.0 IO错=0 倾+0.0 自动1/3
[   86.806] TLM t=  34.6 L1·A@-76 L2·A@-74 L3·A@-76 R1·A@-76 R2·A@-74 R3·A@-73 罐=无罐 泵=0 阀=111111 速=+0,+0,+0.00 电=8.20V/0.73A/峰1.63 补余=0.0 IO错=0 倾+0.0 自动1/3
[   87.307] TLM t=  35.1 L1·A@-75 L2·A@-74 L3·A@-76 R1·A@-75 R2·A@-74 R3·A@-73 罐=无罐 泵=0 阀=111111 速=+0,+0,+0.00 电=8.20V/0.73A/峰1.63 补余=0.0 IO错=0 倾+0.0 自动1/3
[   87.834] TLM t=  35.7 L1·A@-75 L2·A@-73 L3·A@-76 R1·A@-75 R2·A@-73 R3·A@-72 罐=无罐 泵=0 阀=111111 速=+0,+0,+0.00 电=8.20V/0.73A/峰1.63 补余=0.0 IO错=0 倾+0.0 自动1/3
[   88.343] TLM t=  36.2 L1·A@-75 L2·A@-73 L3·A@-76 R1·A@-75 R2·A@-73 R3·A@-71 罐=无罐 泵=0 阀=111111 速=+0,+0,+0.00 电=8.19V/0.81A/峰1.63 补余=0.0 IO错=0 倾+0.0 自动1/3
[   88.862] TLM t=  36.7 L1·A@-75 L2·A@-72 L3·A@-76 R1·A@-75 R2·A@-72 R3·A@-71 罐=无罐 泵=0 阀=111111 速=+0,+0,+0.00 电=8.20V/0.73A/峰1.63 补余=0.0 IO错=0 倾+0.0 自动1/3
[   89.368] TLM t=  37.2 L1·A@-75 L2·A@-72 L3·A@-76 R1·A@-75 R2·A@-72 R3·A@-70 罐=无罐 泵=0 阀=111111 速=+0,+0,+0.00 电=8.20V/0.73A/峰1.63 补余=0.0 IO错=0 倾+0.0 自动1/3
[   89.890] TLM t=  37.7 L1·A@-75 L2·A@-72 L3·A@-76 R1·A@-75 R2·A@-72 R3·A@-70 罐=无罐 泵=0 阀=111111 速=+0,+0,+0.00 电=8.20V/0.73A/峰1.63 补余=0.0 IO错=0 倾+0.0 自动1/3
[   90.391] TLM t=  38.2 L1·A@-74 L2·A@-71 L3·A@-76 R1·A@-75 R2·A@-71 R3·A@-69 罐=无罐 泵=0 阀=111111 速=+0,+0,+0.00 电=8.20V/0.73A/峰1.63 补余=0.0 IO错=0 倾+0.0 自动1/3
[   90.919] TLM t=  38.7 L1·A@-74 L2·A@-71 L3·A@-75 R1·A@-75 R2·A@-71 R3·A@-69 罐=无罐 泵=0 阀=111111 速=+0,+0,+0.00 电=8.20V/0.73A/峰1.63 补余=0.0 IO错=0 倾+0.0 自动1/3
[   91.423] TLM t=  39.2 L1·A@-74 L2·A@-70 L3·A@-75 R1·A@-75 R2·A@-71 R3·A@-68 罐=无罐 泵=0 阀=111111 速=+0,+0,+0.00 电=8.20V/0.73A/峰1.63 补余=0.0 IO错=0 倾+0.0 自动1/3
[   91.942] TLM t=  39.7 L1·A@-74 L2·A@-70 L3·A@-75 R1·A@-75 R2·A@-70 R3·A@-67 罐=无罐 泵=0 阀=111111 速=+0,+0,+0.00 电=8.20V/0.73A/峰1.63 补余=0.0 IO错=0 倾+0.0 自动1/3
[   92.445] TLM t=  40.2 L1·A@-74 L2·A@-69 L3·A@-75 R1·A@-75 R2·A@-70 R3·A@-67 罐=无罐 泵=0 阀=111111 速=+0,+0,+0.00 电=8.20V/0.73A/峰1.63 补余=0.0 IO错=0 倾+0.0 自动1/3
[   92.967] TLM t=  40.8 L1·A@-74 L2·A@-69 L3·A@-75 R1·A@-75 R2·A@-70 R3·A@-66 罐=无罐 泵=0 阀=111111 速=+0,+0,+0.00 电=8.20V/0.81A/峰1.63 补余=0.0 IO错=0 倾+0.0 自动1/3
[   93.472] TLM t=  41.3 L1·A@-73 L2·A@-69 L3·A@-75 R1·A@-75 R2·A@-69 R3·A@-66 罐=无罐 泵=0 阀=111111 速=+0,+0,+0.00 电=8.19V/0.73A/峰1.63 补余=0.0 IO错=0 倾+0.0 自动1/3
[   93.998] TLM t=  41.8 L1·A@-73 L2·A@-68 L3·A@-75 R1·A@-75 R2·A@-69 R3·A@-65 罐=无罐 泵=0 阀=111111 速=+0,+0,+0.00 电=8.20V/0.81A/峰1.63 补余=0.0 IO错=0 倾+0.0 自动1/3
[   94.501] TLM t=  42.3 L1·A@-73 L2·A@-68 L3·A@-75 R1·A@-75 R2·A@-68 R3·A@-65 罐=无罐 泵=0 阀=111111 速=+0,+0,+0.00 电=8.19V/0.73A/峰1.63 补余=0.0 IO错=0 倾+0.0 自动1/3
[   95.023] TLM t=  42.8 L1·A@-73 L2·A@-67 L3·A@-75 R1·A@-75 R2·A@-68 R3·A@-64 罐=无罐 泵=0 阀=111111 速=+0,+0,+0.00 电=8.19V/0.73A/峰1.63 补余=0.0 IO错=0 倾+0.0 自动1/3
[   95.528] TLM t=  43.3 L1·A@-73 L2·A@-67 L3·A@-75 R1·A@-75 R2·A@-68 R3·A@-64 罐=无罐 泵=0 阀=111111 速=+0,+0,+0.00 电=8.20V/0.73A/峰1.63 补余=0.0 IO错=0 倾+0.0 自动1/3
[   96.046] TLM t=  43.8 L1·A@-73 L2·A@-67 L3·A@-75 R1·A@-75 R2·A@-68 R3·A@-63 罐=无罐 泵=0 阀=111111 速=+0,+0,+0.00 电=8.20V/0.73A/峰1.63 补余=0.0 IO错=0 倾+0.0 自动1/3
[   96.548] TLM t=  44.3 L1·A@-72 L2·A@-66 L3·A@-75 R1·A@-74 R2·A@-67 R3·A@-63 罐=无罐 泵=0 阀=111111 速=+0,+0,+0.00 电=8.20V/0.73A/峰1.63 补余=0.0 IO错=0 倾+0.0 自动1/3
[   97.073] TLM t=  44.8 L1·A@-72 L2·A@-66 L3·A@-75 R1·A@-74 R2·A@-67 R3·A@-62 罐=无罐 泵=0 阀=111111 速=+0,+0,+0.00 电=8.20V/0.73A/峰1.63 补余=0.0 IO错=0 倾+0.0 自动1/3
[   97.577] TLM t=  45.3 L1·A@-72 L2·A@-65 L3·A@-74 R1·A@-74 R2·A@-66 R3·A@-62 罐=无罐 泵=0 阀=111111 速=+0,+0,+0.00 电=8.19V/0.73A/峰1.63 补余=0.0 IO错=0 倾+0.0 自动1/3
[   98.100] TLM t=  45.9 L1·A@-72 L2·A@-65 L3·A@-74 R1·A@-74 R2·A@-66 R3·A@-61 罐=无罐 泵=0 阀=111111 速=+0,+0,+0.00 电=8.20V/0.73A/峰1.63 补余=0.0 IO错=0 倾+0.0 自动1/3
[   98.610] TLM t=  46.4 L1·A@-72 L2·A@-65 L3·A@-74 R1·A@-74 R2·A@-66 R3·A@-61 罐=无罐 泵=0 阀=111111 速=+0,+0,+0.00 电=8.18V/0.73A/峰1.63 补余=0.0 IO错=0 倾+0.0 自动1/3
[   99.130] TLM t=  46.9 L1·A@-72 L2·A@-64 L3·A@-74 R1·A@-74 R2·A@-65 R3·A@-60 罐=无罐 泵=0 阀=111111 速=+0,+0,+0.00 电=8.20V/0.81A/峰1.63 补余=0.0 IO错=0 倾+0.0 自动1/3
[   99.143] EVT 泵 开 最差盘压-59.9
[   99.632] TLM t=  47.4 L1·A@-71 L2·A@-69 L3·A@-74 R1·A@-74 R2·A@-69 R3·A@-68 罐=无罐 泵=1 阀=111111 速=+0,+0,+0.00 电=8.17V/0.65A/峰1.63 补余=0.0 IO错=0 倾+0.0 自动1/3
[  100.146] EVT 泵 停 最差盘压-75.4
[  100.161] TLM t=  47.9 L1·A@-76 L2·A@-76 L3·A@-76 R1·A@-75 R2·A@-76 R3·A@-76 罐=无罐 泵=0 阀=111111 速=+0,+0,+0.00 电=8.20V/0.81A/峰1.63 补余=0.0 IO错=0 倾+0.0 自动1/3
[  100.670] TLM t=  48.4 L1·A@-76 L2·A@-76 L3·A@-76 R1·A@-76 R2·A@-76 R3·A@-76 罐=无罐 泵=0 阀=111111 速=+0,+0,+0.00 电=8.19V/0.73A/峰1.63 补余=0.0 IO错=0 倾+0.0 自动1/3
[  101.182] TLM t=  48.9 L1·A@-76 L2·A@-76 L3·A@-76 R1·A@-76 R2·A@-75 R3·A@-75 罐=无罐 泵=0 阀=111111 速=+0,+0,+0.00 电=8.20V/0.73A/峰1.63 补余=0.0 IO错=0 倾+0.0 自动1/3
[  101.687] TLM t=  49.4 L1·A@-76 L2·A@-75 L3·A@-76 R1·A@-76 R2·A@-75 R3·A@-75 罐=无罐 泵=0 阀=111111 速=+0,+0,+0.00 电=8.20V/0.73A/峰1.63 补余=0.0 IO错=0 倾+0.0 自动1/3
[  102.211] TLM t=  49.9 L1·A@-76 L2·A@-75 L3·A@-76 R1·A@-76 R2·A@-75 R3·A@-74 罐=无罐 泵=0 阀=111111 速=+0,+0,+0.00 电=8.19V/0.73A/峰1.63 补余=0.0 IO错=0 倾+0.0 自动1/3
[  102.720] TLM t=  50.4 L1·A@-76 L2·A@-75 L3·A@-76 R1·A@-76 R2·A@-74 R3·A@-74 罐=无罐 泵=0 阀=111111 速=+0,+0,+0.00 电=8.18V/0.73A/峰1.63 补余=0.0 IO错=0 倾+0.0 自动1/3
[  103.222] TLM t=  50.9 L1·A@-76 L2·A@-74 L3·A@-76 R1·A@-76 R2·A@-74 R3·A@-73 罐=无罐 泵=0 阀=111111 速=+0,+0,+0.00 电=8.19V/0.73A/峰1.63 补余=0.0 IO错=0 倾+0.0 自动1/3
[  103.721] TLM t=  51.4 L1·A@-75 L2·A@-74 L3·A@-76 R1·A@-75 R2·A@-74 R3·A@-72 罐=无罐 泵=0 阀=111111 速=+0,+0,+0.00 电=8.20V/0.73A/峰1.63 补余=0.0 IO错=0 倾+0.0 自动1/3
[  104.230] TLM t=  51.9 L1·A@-75 L2·A@-73 L3·A@-76 R1·A@-75 R2·A@-73 R3·A@-72 罐=无罐 泵=0 阀=111111 速=+0,+0,+0.00 电=8.19V/0.73A/峰1.63 补余=0.0 IO错=0 倾+0.0 自动1/3
[  104.733] TLM t=  52.4 L1·A@-75 L2·A@-73 L3·A@-76 R1·A@-75 R2·A@-73 R3·A@-71 罐=无罐 泵=0 阀=111111 速=+0,+0,+0.00 电=8.19V/0.73A/峰1.63 补余=0.0 IO错=0 倾+0.0 自动1/3
[  105.256] TLM t=  53.0 L1·A@-75 L2·A@-72 L3·A@-76 R1·A@-75 R2·A@-72 R3·A@-71 罐=无罐 泵=0 阀=111111 速=+0,+0,+0.00 电=8.19V/0.73A/峰1.63 补余=0.0 IO错=0 倾+0.0 自动1/3
[  105.760] TLM t=  53.5 L1·A@-75 L2·A@-72 L3·A@-76 R1·A@-75 R2·A@-72 R3·A@-70 罐=无罐 泵=0 阀=111111 速=+0,+0,+0.00 电=8.20V/0.81A/峰1.63 补余=0.0 IO错=0 倾+0.0 自动1/3
[  106.280] TLM t=  54.0 L1·A@-75 L2·A@-72 L3·A@-76 R1·A@-75 R2·A@-72 R3·A@-70 罐=无罐 泵=0 阀=111111 速=+0,+0,+0.00 电=8.19V/0.73A/峰1.63 补余=0.0 IO错=0 倾+0.0 自动1/3
[  106.781] TLM t=  54.5 L1·A@-74 L2·A@-71 L3·A@-76 R1·A@-75 R2·A@-71 R3·A@-69 罐=无罐 泵=0 阀=111111 速=+0,+0,+0.00 电=8.20V/0.65A/峰1.63 补余=0.0 IO错=0 倾+0.0 自动1/3
[  107.305] TLM t=  55.0 L1·A@-74 L2·A@-71 L3·A@-75 R1·A@-75 R2·A@-71 R3·A@-69 罐=无罐 泵=0 阀=111111 速=+0,+0,+0.00 电=8.20V/0.73A/峰1.63 补余=0.0 IO错=0 倾+0.0 自动1/3
[  107.807] TLM t=  55.5 L1·A@-74 L2·A@-70 L3·A@-75 R1·A@-75 R2·A@-71 R3·A@-68 罐=无罐 泵=0 阀=111111 速=+0,+0,+0.00 电=8.20V/0.73A/峰1.63 补余=0.0 IO错=0 倾+0.0 自动1/3
[  108.329] TLM t=  56.0 L1·A@-74 L2·A@-70 L3·A@-75 R1·A@-75 R2·A@-70 R3·A@-67 罐=无罐 泵=0 阀=111111 速=+0,+0,+0.00 电=8.20V/0.73A/峰1.63 补余=0.0 IO错=0 倾+0.0 自动1/3
[  108.832] TLM t=  56.5 L1·A@-74 L2·A@-70 L3·A@-75 R1·A@-75 R2·A@-70 R3·A@-67 罐=无罐 泵=0 阀=111111 速=+0,+0,+0.00 电=8.19V/0.65A/峰1.63 补余=0.0 IO错=0 倾+0.0 自动1/3
[  109.354] TLM t=  57.0 L1·A@-74 L2·A@-69 L3·A@-75 R1·A@-75 R2·A@-70 R3·A@-66 罐=无罐 泵=0 阀=111111 速=+0,+0,+0.00 电=8.19V/0.73A/峰1.63 补余=0.0 IO错=0 倾+0.0 自动1/3
[  109.861] TLM t=  57.5 L1·A@-74 L2·A@-69 L3·A@-75 R1·A@-75 R2·A@-69 R3·A@-66 罐=无罐 泵=0 阀=111111 速=+0,+0,+0.00 电=8.20V/0.65A/峰1.63 补余=0.0 IO错=0 倾+0.0 自动1/3
[  110.383] TLM t=  58.1 L1·A@-73 L2·A@-68 L3·A@-75 R1·A@-75 R2·A@-69 R3·A@-65 罐=无罐 泵=0 阀=111111 速=+0,+0,+0.00 电=8.20V/0.65A/峰1.63 补余=0.0 IO错=0 倾+0.0 自动1/3
[  110.886] TLM t=  58.6 L1·A@-73 L2·A@-68 L3·A@-75 R1·A@-75 R2·A@-69 R3·A@-65 罐=无罐 泵=0 阀=111111 速=+0,+0,+0.00 电=8.19V/0.81A/峰1.63 补余=0.0 IO错=0 倾+0.0 自动1/3
[  111.410] TLM t=  59.1 L1·A@-73 L2·A@-68 L3·A@-75 R1·A@-75 R2·A@-68 R3·A@-64 罐=无罐 泵=0 阀=111111 速=+0,+0,+0.00 电=8.19V/0.73A/峰1.63 补余=0.0 IO错=0 倾+0.0 自动1/3
[  111.912] TLM t=  59.6 L1·A@-73 L2·A@-67 L3·A@-75 R1·A@-75 R2·A@-68 R3·A@-64 罐=无罐 泵=0 阀=111111 速=+0,+0,+0.00 电=8.20V/0.73A/峰1.63 补余=0.0 IO错=0 倾+0.0 自动1/3
[  112.435] TLM t=  60.1 L1·A@-73 L2·A@-67 L3·A@-75 R1·A@-75 R2·A@-68 R3·A@-63 罐=无罐 泵=0 阀=111111 速=+0,+0,+0.00 电=8.19V/0.81A/峰1.63 补余=0.0 IO错=0 倾+0.0 自动1/3
[  112.939] TLM t=  60.6 L1·A@-73 L2·A@-66 L3·A@-75 R1·A@-75 R2·A@-67 R3·A@-63 罐=无罐 泵=0 阀=111111 速=+0,+0,+0.00 电=8.19V/0.73A/峰1.63 补余=0.0 IO错=0 倾+0.0 自动1/3
[  113.459] TLM t=  61.1 L1·A@-72 L2·A@-66 L3·A@-75 R1·A@-75 R2·A@-67 R3·A@-62 罐=无罐 泵=0 阀=111111 速=+0,+0,+0.00 电=8.19V/0.73A/峰1.63 补余=0.0 IO错=0 倾+0.0 自动1/3
[  113.961] TLM t=  61.6 L1·A@-72 L2·A@-66 L3·A@-75 R1·A@-75 R2·A@-66 R3·A@-62 罐=无罐 泵=0 阀=111111 速=+0,+0,+0.00 电=8.18V/0.73A/峰1.63 补余=0.0 IO错=0 倾+0.0 自动1/3
[  114.483] TLM t=  62.1 L1·A@-72 L2·A@-65 L3·A@-75 R1·A@-74 R2·A@-66 R3·A@-61 罐=无罐 泵=0 阀=111111 速=+0,+0,+0.00 电=8.19V/0.73A/峰1.63 补余=0.0 IO错=0 倾+0.0 自动1/3
[  114.988] TLM t=  62.6 L1·A@-72 L2·A@-65 L3·A@-74 R1·A@-74 R2·A@-66 R3·A@-61 罐=无罐 泵=0 阀=111111 速=+0,+0,+0.00 电=8.20V/0.73A/峰1.63 补余=0.0 IO错=0 倾+0.0 自动1/3
[  115.501] EVT 泵 开 最差盘压-60.0
[  115.517] TLM t=  63.2 L1·A@-72 L2·A@-64 L3·A@-74 R1·A@-74 R2·A@-65 R3·A@-60 罐=无罐 泵=1 阀=111111 速=+0,+0,+0.00 电=8.01V/0.81A/峰1.63 补余=0.0 IO错=0 倾+0.0 自动1/3
[  116.026] TLM t=  63.7 L1·A@-72 L2·A@-70 L3·A@-74 R1·A@-74 R2·A@-69 R3·A@-69 罐=无罐 泵=1 阀=111111 速=+0,+0,+0.00 电=8.15V/0.73A/峰1.63 补余=0.0 IO错=0 倾+0.0 自动1/3
[  116.488] EVT 泵 停 最差盘压-75.3
[  116.539] TLM t=  64.2 L1·A@-76 L2·A@-76 L3·A@-76 R1·A@-75 R2·A@-76 R3·A@-76 罐=无罐 泵=0 阀=111111 速=+0,+0,+0.00 电=8.18V/0.73A/峰1.63 补余=0.0 IO错=0 倾+0.0 自动1/3
[  117.041] TLM t=  64.7 L1·A@-76 L2·A@-76 L3·A@-76 R1·A@-76 R2·A@-76 R3·A@-76 罐=无罐 泵=0 阀=111111 速=+0,+0,+0.00 电=8.19V/0.73A/峰1.63 补余=0.0 IO错=0 倾+0.0 自动1/3
[  117.564] TLM t=  65.2 L1·A@-76 L2·A@-76 L3·A@-76 R1·A@-76 R2·A@-75 R3·A@-75 罐=无罐 泵=0 阀=111111 速=+0,+0,+0.00 电=8.19V/0.81A/峰1.63 补余=0.0 IO错=0 倾+0.0 自动1/3
[  118.069] TLM t=  65.7 L1·A@-76 L2·A@-75 L3·A@-76 R1·A@-76 R2·A@-75 R3·A@-75 罐=无罐 泵=0 阀=111111 速=+0,+0,+0.00 电=8.19V/0.73A/峰1.63 补余=0.0 IO错=0 倾+0.0 自动1/3
[  118.587] TLM t=  66.2 L1·A@-76 L2·A@-75 L3·A@-76 R1·A@-76 R2·A@-74 R3·A@-74 罐=无罐 泵=0 阀=111111 速=+0,+0,+0.00 电=8.18V/0.81A/峰1.63 补余=0.0 IO错=0 倾+0.0 自动1/3
[  119.092] TLM t=  66.7 L1·A@-76 L2·A@-74 L3·A@-76 R1·A@-76 R2·A@-74 R3·A@-73 罐=无罐 泵=0 阀=111111 速=+0,+0,+0.00 电=8.19V/0.73A/峰1.63 补余=0.0 IO错=0 倾+0.0 自动1/3
[  119.613] TLM t=  67.2 L1·A@-75 L2·A@-74 L3·A@-76 R1·A@-76 R2·A@-74 R3·A@-73 罐=无罐 泵=0 阀=111111 速=+0,+0,+0.00 电=8.19V/0.73A/峰1.63 补余=0.0 IO错=0 倾+0.0 自动1/3
[  120.115] TLM t=  67.7 L1·A@-75 L2·A@-74 L3·A@-76 R1·A@-75 R2·A@-73 R3·A@-72 罐=无罐 泵=0 阀=111111 速=+0,+0,+0.00 电=8.20V/0.73A/峰1.63 补余=0.0 IO错=0 倾+0.0 自动1/3
[  120.636] TLM t=  68.3 L1·A@-75 L2·A@-73 L3·A@-76 R1·A@-75 R2·A@-73 R3·A@-72 罐=无罐 泵=0 阀=111111 速=+0,+0,+0.00 电=8.19V/0.73A/峰1.63 补余=0.0 IO错=0 倾+0.0 自动1/3
[  121.141] TLM t=  68.8 L1·A@-75 L2·A@-73 L3·A@-76 R1·A@-75 R2·A@-73 R3·A@-71 罐=无罐 泵=0 阀=111111 速=+0,+0,+0.00 电=8.19V/0.81A/峰1.63 补余=0.0 IO错=0 倾+0.0 自动1/3
[  121.662] TLM t=  69.3 L1·A@-75 L2·A@-72 L3·A@-76 R1·A@-75 R2·A@-72 R3·A@-71 罐=无罐 泵=0 阀=111111 速=+0,+0,+0.00 电=8.19V/0.81A/峰1.63 补余=0.0 IO错=0 倾+0.0 自动1/3
[  122.168] TLM t=  69.8 L1·A@-75 L2·A@-72 L3·A@-76 R1·A@-75 R2·A@-72 R3·A@-70 罐=无罐 泵=0 阀=111111 速=+0,+0,+0.00 电=8.20V/0.73A/峰1.63 补余=0.0 IO错=0 倾+0.0 自动1/3
[  122.687] TLM t=  70.3 L1·A@-74 L2·A@-71 L3·A@-76 R1·A@-75 R2·A@-72 R3·A@-69 罐=无罐 泵=0 阀=111111 速=+0,+0,+0.00 电=8.19V/0.81A/峰1.63 补余=0.0 IO错=0 倾+0.0 自动1/3
[  123.190] TLM t=  70.8 L1·A@-74 L2·A@-71 L3·A@-75 R1·A@-75 R2·A@-71 R3·A@-69 罐=无罐 泵=0 阀=111111 速=+0,+0,+0.00 电=8.18V/0.73A/峰1.63 补余=0.0 IO错=0 倾+0.0 自动1/3
[  123.713] TLM t=  71.3 L1·A@-74 L2·A@-71 L3·A@-75 R1·A@-75 R2·A@-71 R3·A@-68 罐=无罐 泵=0 阀=111111 速=+0,+0,+0.00 电=8.19V/0.73A/峰1.63 补余=0.0 IO错=0 倾+0.0 自动1/3
[  124.214] TLM t=  71.8 L1·A@-74 L2·A@-70 L3·A@-75 R1·A@-75 R2·A@-71 R3·A@-68 罐=无罐 泵=0 阀=111111 速=+0,+0,+0.00 电=8.19V/0.81A/峰1.63 补余=0.0 IO错=0 倾+0.0 自动1/3
[  124.739] TLM t=  72.3 L1·A@-74 L2·A@-70 L3·A@-75 R1·A@-75 R2·A@-70 R3·A@-67 罐=无罐 泵=0 阀=111111 速=+0,+0,+0.00 电=8.18V/0.73A/峰1.63 补余=0.0 IO错=0 倾+0.0 自动1/3
[  125.244] TLM t=  72.8 L1·A@-74 L2·A@-69 L3·A@-75 R1·A@-75 R2·A@-70 R3·A@-67 罐=无罐 泵=0 阀=111111 速=+0,+0,+0.00 电=8.19V/0.81A/峰1.63 补余=0.0 IO错=0 倾+0.0 自动1/3
[  125.764] TLM t=  73.4 L1·A@-74 L2·A@-69 L3·A@-75 R1·A@-75 R2·A@-70 R3·A@-66 罐=无罐 泵=0 阀=111111 速=+0,+0,+0.00 电=8.18V/0.81A/峰1.63 补余=0.0 IO错=0 倾+0.0 自动1/3
[  126.268] TLM t=  73.9 L1·A@-73 L2·A@-69 L3·A@-75 R1·A@-75 R2·A@-69 R3·A@-66 罐=无罐 泵=0 阀=111111 速=+0,+0,+0.00 电=8.20V/0.73A/峰1.63 补余=0.0 IO错=0 倾+0.0 自动1/3
[  126.791] TLM t=  74.4 L1·A@-73 L2·A@-68 L3·A@-75 R1·A@-75 R2·A@-69 R3·A@-65 罐=无罐 泵=0 阀=111111 速=+0,+0,+0.00 电=8.19V/0.73A/峰1.63 补余=0.0 IO错=0 倾+0.0 自动1/3
[  127.296] TLM t=  74.9 L1·A@-73 L2·A@-68 L3·A@-75 R1·A@-75 R2·A@-68 R3·A@-65 罐=无罐 泵=0 阀=111111 速=+0,+0,+0.00 电=8.19V/0.73A/峰1.63 补余=0.0 IO错=0 倾+0.0 自动1/3
[  127.817] TLM t=  75.4 L1·A@-73 L2·A@-67 L3·A@-75 R1·A@-75 R2·A@-68 R3·A@-64 罐=无罐 泵=0 阀=111111 速=+0,+0,+0.00 电=8.18V/0.81A/峰1.63 补余=0.0 IO错=0 倾+0.0 自动1/3
[  128.319] TLM t=  75.9 L1·A@-73 L2·A@-67 L3·A@-75 R1·A@-75 R2·A@-68 R3·A@-64 罐=无罐 泵=0 阀=111111 速=+0,+0,+0.00 电=8.19V/0.81A/峰1.63 补余=0.0 IO错=0 倾+0.0 自动1/3
[  128.841] TLM t=  76.4 L1·A@-73 L2·A@-67 L3·A@-75 R1·A@-75 R2·A@-67 R3·A@-63 罐=无罐 泵=0 阀=111111 速=+0,+0,+0.00 电=8.19V/0.81A/峰1.63 补余=0.0 IO错=0 倾+0.0 自动1/3
[  129.257] EVT 倾身 +10mm（对时标记 去程）
[  129.345] TLM t=  76.9 L1·A@-72 L2·A@-66 L3·A@-75 R1·A@-75 R2·A@-67 R3·A@-62 罐=无罐 泵=0 阀=111111 速=+0,+0,+0.00 电=8.19V/0.81A/峰1.63 补余=0.0 IO错=0 倾+0.8→+10 对时标记
[  129.869] TLM t=  77.4 L1·A@-72 L2·A@-66 L3·A@-75 R1·A@-74 R2·A@-67 R3·A@-62 罐=无罐 泵=0 阀=111111 速=+0,+0,+0.00 电=8.11V/2.12A/峰2.12 补余=0.0 IO错=0 倾+6.0→+10 对时标记
[  130.371] TLM t=  77.9 L1·A@-72 L2·A@-65 L3·A@-75 R1·A@-74 R2·A@-66 R3·A@-61 罐=无罐 泵=0 阀=111111 速=+0,+0,+0.00 电=8.11V/2.20A/峰2.20 补余=0.0 IO错=0 倾+10.0 对时标记
[  130.896] TLM t=  78.5 L1·A@-72 L2·A@-65 L3·A@-74 R1·A@-74 R2·A@-66 R3·A@-61 罐=无罐 泵=0 阀=111111 速=+0,+0,+0.00 电=8.09V/2.12A/峰2.20 补余=0.0 IO错=0 倾+10.0 对时标记
[  131.400] TLM t=  79.0 L1·A@-72 L2·A@-65 L3·A@-74 R1·A@-74 R2·A@-66 R3·A@-60 罐=无罐 泵=0 阀=111111 速=+0,+0,+0.00 电=8.10V/2.20A/峰2.20 补余=0.0 IO错=0 倾+10.0 对时标记
[  131.731] EVT 泵 开 最差盘压-60.0
[  131.923] TLM t=  79.5 L1·A@-72 L2·A@-64 L3·A@-74 R1·A@-74 R2·A@-65 R3·A@-60 罐=无罐 泵=1 阀=111111 速=+0,+0,+0.00 电=8.03V/2.28A/峰2.28 补余=0.0 IO错=0 倾+10.0 对时标记
[  132.281] EVT 倾身 -10mm（对时标记 回程）
[  132.429] TLM t=  80.0 L1·A@-73 L2·A@-73 L3·A@-74 R1·A@-74 R2·A@-73 R3·A@-73 罐=无罐 泵=1 阀=111111 速=+0,+0,+0.00 电=8.11V/1.87A/峰2.28 补余=0.0 IO错=0 倾+8.6→+0 对时标记
[  132.722] EVT 泵 停 最差盘压-75.4
[  132.954] TLM t=  80.5 L1·A@-76 L2·A@-77 L3·A@-76 R1·A@-76 R2·A@-76 R3·A@-76 罐=无罐 泵=0 阀=111111 速=+0,+0,+0.00 电=8.19V/0.81A/峰2.28 补余=0.0 IO错=0 倾+3.4→+0 对时标记
[  133.458] TLM t=  81.0 L1·A@-76 L2·A@-76 L3·A@-76 R1·A@-76 R2·A@-76 R3·A@-76 罐=无罐 泵=0 阀=111111 速=+0,+0,+0.00 电=8.18V/0.73A/峰2.28 补余=0.0 IO错=0 倾+0.0 对时标记
[  133.978] TLM t=  81.5 L1·A@-76 L2·A@-76 L3·A@-76 R1·A@-76 R2·A@-75 R3·A@-75 罐=无罐 泵=0 阀=111111 速=+0,+0,+0.00 电=8.19V/0.81A/峰2.28 补余=0.0 IO错=0 倾+0.0 对时标记
[  134.482] TLM t=  82.0 L1·A@-76 L2·A@-75 L3·A@-76 R1·A@-76 R2·A@-75 R3·A@-75 罐=无罐 泵=0 阀=111111 速=+0,+0,+0.00 电=8.19V/0.81A/峰2.28 补余=0.0 IO错=0 倾+0.0 对时标记
[  135.002] TLM t=  82.5 L1·A@-76 L2·A@-75 L3·A@-76 R1·A@-76 R2·A@-74 R3·A@-74 罐=无罐 泵=0 阀=111111 速=+0,+0,+0.00 电=8.19V/0.81A/峰2.28 补余=0.0 IO错=0 倾+0.0 对时标记
[  135.506] TLM t=  83.0 L1·A@-76 L2·A@-74 L3·A@-76 R1·A@-76 R2·A@-74 R3·A@-73 罐=无罐 泵=0 阀=111111 速=+0,+0,+0.00 电=8.19V/0.81A/峰2.28 补余=0.0 IO错=0 倾+0.0 对时标记
[  136.026] TLM t=  83.6 L1·A@-75 L2·A@-74 L3·A@-76 R1·A@-76 R2·A@-74 R3·A@-73 罐=无罐 泵=0 阀=111111 速=+0,+0,+0.00 电=8.19V/0.73A/峰2.28 补余=0.0 IO错=0 倾+0.0 对时标记
[  136.526] TLM t=  84.1 L1·A@-75 L2·A@-73 L3·A@-76 R1·A@-76 R2·A@-73 R3·A@-72 罐=无罐 泵=0 阀=111111 速=+0,+0,+0.00 电=8.19V/0.73A/峰2.28 补余=0.0 IO错=0 倾+0.0 对时标记
[  137.051] TLM t=  84.6 L1·A@-75 L2·A@-73 L3·A@-76 R1·A@-75 R2·A@-73 R3·A@-72 罐=无罐 泵=0 阀=111111 速=+0,+0,+0.00 电=8.18V/0.73A/峰2.28 补余=0.0 IO错=0 倾+0.0 对时标记
[  137.555] TLM t=  85.1 L1·A@-75 L2·A@-73 L3·A@-76 R1·A@-75 R2·A@-73 R3·A@-71 罐=无罐 泵=0 阀=111111 速=+0,+0,+0.00 电=8.18V/0.73A/峰2.28 补余=0.0 IO错=0 倾+0.0 对时标记
[  138.080] TLM t=  85.6 L1·A@-75 L2·A@-72 L3·A@-76 R1·A@-75 R2·A@-72 R3·A@-70 罐=无罐 泵=0 阀=111111 速=+0,+0,+0.00 电=8.18V/0.73A/峰2.28 补余=0.0 IO错=0 倾+0.0 对时标记
[  138.585] TLM t=  86.1 L1·A@-75 L2·A@-72 L3·A@-76 R1·A@-75 R2·A@-72 R3·A@-70 罐=无罐 泵=0 阀=111111 速=+0,+0,+0.00 电=8.19V/0.81A/峰2.28 补余=0.0 IO错=0 倾+0.0 对时标记
[  139.104] TLM t=  86.6 L1·A@-74 L2·A@-71 L3·A@-76 R1·A@-75 R2·A@-71 R3·A@-69 罐=无罐 泵=0 阀=111111 速=+0,+0,+0.00 电=8.18V/0.81A/峰2.28 补余=0.0 IO错=0 倾+0.0 对时标记
[  139.606] TLM t=  87.1 L1·A@-74 L2·A@-71 L3·A@-75 R1·A@-75 R2·A@-71 R3·A@-69 罐=无罐 泵=0 阀=111111 速=+0,+0,+0.00 电=8.19V/0.73A/峰2.28 补余=0.0 IO错=0 倾+0.0 对时标记
[  140.132] TLM t=  87.6 L1·A@-74 L2·A@-71 L3·A@-75 R1·A@-75 R2·A@-71 R3·A@-68 罐=无罐 泵=0 阀=111111 速=+0,+0,+0.00 电=8.19V/0.81A/峰2.28 补余=0.0 IO错=0 倾+0.0 对时标记
[  140.635] TLM t=  88.1 L1·A@-74 L2·A@-70 L3·A@-75 R1·A@-75 R2·A@-70 R3·A@-68 罐=无罐 泵=0 阀=111111 速=+0,+0,+0.00 电=8.18V/0.81A/峰2.28 补余=0.0 IO错=0 倾+0.0 对时标记
[  141.160] TLM t=  88.7 L1·A@-74 L2·A@-70 L3·A@-75 R1·A@-75 R2·A@-70 R3·A@-67 罐=无罐 泵=0 阀=111111 速=+0,+0,+0.00 电=8.18V/0.73A/峰2.28 补余=0.0 IO错=0 倾+0.0 对时标记
[  141.666] TLM t=  89.2 L1·A@-74 L2·A@-69 L3·A@-75 R1·A@-75 R2·A@-70 R3·A@-67 罐=无罐 泵=0 阀=111111 速=+0,+0,+0.00 电=8.19V/0.81A/峰2.28 补余=0.0 IO错=0 倾+0.0 对时标记
[  142.184] TLM t=  89.7 L1·A@-73 L2·A@-69 L3·A@-75 R1·A@-75 R2·A@-69 R3·A@-66 罐=无罐 泵=0 阀=111111 速=+0,+0,+0.00 电=8.18V/0.73A/峰2.28 补余=0.0 IO错=0 倾+0.0 对时标记
[  142.686] TLM t=  90.2 L1·A@-73 L2·A@-69 L3·A@-75 R1·A@-75 R2·A@-69 R3·A@-66 罐=无罐 泵=0 阀=111111 速=+0,+0,+0.00 电=8.18V/0.73A/峰2.28 补余=0.0 IO错=0 倾+0.0 对时标记
[  143.212] TLM t=  90.7 L1·A@-73 L2·A@-68 L3·A@-75 R1·A@-75 R2·A@-69 R3·A@-65 罐=无罐 泵=0 阀=111111 速=+0,+0,+0.00 电=8.19V/0.73A/峰2.28 补余=0.0 IO错=0 倾+0.0 对时标记
[  143.723] TLM t=  91.2 L1·A@-73 L2·A@-68 L3·A@-75 R1·A@-75 R2·A@-68 R3·A@-65 罐=无罐 泵=0 阀=111111 速=+0,+0,+0.00 电=8.19V/0.73A/峰2.28 补余=0.0 IO错=0 倾+0.0 对时标记
[  144.223] TLM t=  91.7 L1·A@-73 L2·A@-67 L3·A@-75 R1·A@-75 R2·A@-68 R3·A@-64 罐=无罐 泵=0 阀=111111 速=+0,+0,+0.00 电=8.19V/0.73A/峰2.28 补余=0.0 IO错=0 倾+0.0 对时标记
[  144.746] TLM t=  92.2 L1·A@-73 L2·A@-67 L3·A@-75 R1·A@-75 R2·A@-68 R3·A@-63 罐=无罐 泵=0 阀=111111 速=+0,+0,+0.00 电=8.18V/0.81A/峰2.28 补余=0.0 IO错=0 倾+0.0 对时标记
[  145.246] TLM t=  92.7 L1·A@-72 L2·A@-67 L3·A@-75 R1·A@-75 R2·A@-67 R3·A@-63 罐=无罐 泵=0 阀=111111 速=+0,+0,+0.00 电=8.18V/0.81A/峰2.28 补余=0.0 IO错=0 倾+0.0 对时标记
[  145.768] TLM t=  93.2 L1·A@-72 L2·A@-66 L3·A@-75 R1·A@-75 R2·A@-67 R3·A@-62 罐=无罐 泵=0 阀=111111 速=+0,+0,+0.00 电=8.18V/0.73A/峰2.28 补余=0.0 IO错=0 倾+0.0 对时标记
[  146.273] TLM t=  93.7 L1·A@-72 L2·A@-66 L3·A@-75 R1·A@-75 R2·A@-67 R3·A@-62 罐=无罐 泵=0 阀=111111 速=+0,+0,+0.00 电=8.19V/0.81A/峰2.28 补余=0.0 IO错=0 倾+0.0 对时标记
[  146.796] TLM t=  94.3 L1·A@-72 L2·A@-65 L3·A@-75 R1·A@-75 R2·A@-66 R3·A@-61 罐=无罐 泵=0 阀=111111 速=+0,+0,+0.00 电=8.19V/0.73A/峰2.28 补余=0.0 IO错=0 倾+0.0 对时标记
[  147.298] TLM t=  94.8 L1·A@-72 L2·A@-65 L3·A@-75 R1·A@-75 R2·A@-66 R3·A@-61 罐=无罐 泵=0 阀=111111 速=+0,+0,+0.00 电=8.18V/0.73A/峰2.28 补余=0.0 IO错=0 倾+0.0 对时标记
[  147.821] TLM t=  95.3 L1·A@-72 L2·A@-65 L3·A@-74 R1·A@-75 R2·A@-66 R3·A@-60 罐=无罐 泵=0 阀=111111 速=+0,+0,+0.00 电=8.19V/0.81A/峰2.28 补余=0.0 IO错=0 倾+0.0 对时标记
[  148.193] EVT 泵 开 最差盘压-60.0
[  148.321] TLM t=  95.8 L1·A@-71 L2·A@-64 L3·A@-74 R1·A@-75 R2·A@-65 R3·A@-60 罐=无罐 泵=1 阀=111111 速=+0,+0,+0.00 电=8.14V/0.81A/峰2.28 补余=0.0 IO错=0 倾+0.0 对时标记
[  148.845] TLM t=  96.3 L1·A@-72 L2·A@-73 L3·A@-74 R1·A@-75 R2·A@-72 R3·A@-71 罐=无罐 泵=1 阀=111111 速=+0,+0,+0.00 电=8.10V/0.73A/峰2.28 补余=0.0 IO错=0 倾+0.0 对时标记
[  149.199] EVT 泵 停 最差盘压-75.4
[  149.349] TLM t=  96.8 L1·A@-77 L2·A@-77 L3·A@-77 R1·A@-76 R2·A@-76 R3·A@-76 罐=无罐 泵=0 阀=111111 速=+0,+0,+0.00 电=8.19V/0.73A/峰2.28 补余=0.0 IO错=0 倾+0.0 对时标记
[  149.873] TLM t=  97.3 L1·A@-76 L2·A@-76 L3·A@-76 R1·A@-76 R2·A@-76 R3·A@-76 罐=无罐 泵=0 阀=111111 速=+0,+0,+0.00 电=8.18V/0.81A/峰2.28 补余=0.0 IO错=0 倾+0.0 对时标记
[  150.373] TLM t=  97.8 L1·A@-76 L2·A@-76 L3·A@-76 R1·A@-76 R2·A@-75 R3·A@-75 罐=无罐 泵=0 阀=111111 速=+0,+0,+0.00 电=8.19V/0.73A/峰2.28 补余=0.0 IO错=0 倾+0.0 对时标记
[  150.897] TLM t=  98.3 L1·A@-76 L2·A@-75 L3·A@-76 R1·A@-76 R2·A@-75 R3·A@-75 罐=无罐 泵=0 阀=111111 速=+0,+0,+0.00 电=8.18V/0.90A/峰2.28 补余=0.0 IO错=0 倾+0.0 对时标记
[  151.397] TLM t=  98.8 L1·A@-76 L2·A@-75 L3·A@-76 R1·A@-76 R2·A@-75 R3·A@-74 罐=无罐 泵=0 阀=111111 速=+0,+0,+0.00 电=8.18V/0.73A/峰2.28 补余=0.0 IO错=0 倾+0.0 对时标记
[  151.918] TLM t=  99.4 L1·A@-76 L2·A@-74 L3·A@-76 R1·A@-76 R2·A@-74 R3·A@-74 罐=无罐 泵=0 阀=111111 速=+0,+0,+0.00 电=8.18V/0.81A/峰2.28 补余=0.0 IO错=0 倾+0.0 对时标记
[  152.423] TLM t=  99.9 L1·A@-75 L2·A@-74 L3·A@-76 R1·A@-76 R2·A@-74 R3·A@-73 罐=无罐 泵=0 阀=111111 速=+0,+0,+0.00 电=8.18V/0.73A/峰2.28 补余=0.0 IO错=0 倾+0.0 对时标记
[  152.946] TLM t= 100.4 L1·A@-75 L2·A@-74 L3·A@-76 R1·A@-76 R2·A@-73 R3·A@-72 罐=无罐 泵=0 阀=111111 速=+0,+0,+0.00 电=8.18V/0.90A/峰2.28 补余=0.0 IO错=0 倾+0.0 对时标记
[  153.298] EVT 对时标记完成
[  153.298] EVT 自动轮换：第 1 轮开始
[  153.319] EVT 原地抬起受理：R3
[  153.331] EVT 相位 R3 stance→handover
[  153.447] TLM t= 100.9 L1·A@-75 L2·A@-73 L3·A@-76 R1·A@-75 R2·A@-73 R3ZA@-72 罐=无罐 泵=0 阀=111111 速=+0,+0,+0.00 电=8.18V/0.81A/峰2.28 补余=0.0 IO错=0 倾+0.0 自动1/3
[  153.979] TLM t= 101.4 L1·A@-75 L2·A@-73 L3·A@-76 R1·A@-75 R2·A@-73 R3ZA@-71 罐=无罐 泵=0 阀=111111 速=+0,+0,+0.00 电=8.18V/0.90A/峰2.28 补余=0.0 IO错=0 倾+0.0 自动1/3
[  154.484] TLM t= 101.4 L1·A@-75 L2·A@-72 L3·A@-76 R1·A@-75 R2·A@-72 R3ZA@-71 罐=无罐 泵=0 阀=111111 速=+0,+0,+0.00 电=8.18V/0.90A/峰2.28 补余=0.0 IO错=0 倾+0.0 自动1/3
[  154.979] TLM t= 101.4 L1·A@-75 L2·A@-72 L3·A@-76 R1·A@-75 R2·A@-72 R3ZA@-70 罐=无罐 泵=0 阀=111111 速=+0,+0,+0.00 电=8.15V/1.30A/峰2.28 补余=0.0 IO错=0 倾+0.0 自动1/3
[  155.486] TLM t= 101.4 L1·A@-74 L2·A@-72 L3·A@-76 R1·A@-75 R2·A@-72 R3ZA@-70 罐=无罐 泵=0 阀=111111 速=+0,+0,+0.00 电=8.14V/1.30A/峰2.28 补余=0.0 IO错=0 倾+0.0 自动1/3
[  155.539] EVT 吸附 R3 attached→venting 在态112.12s -69.5kPa
[  155.540] EVT 相位 R3 handover→vent 落点Δ(+0.0,+0.0)
[  155.557] EVT 阀 R3 →排气位
[  155.841] EVT 相位 R3 vent→lift
[  155.981] EVT 吸附 R3 venting→released 在态0.44s 0.2kPa
[  155.989] TLM t= 101.4 L1·A@-74 L2·A@-71 L3·A@-76 R1·A@-75 R2·A@-71 R3Lr@-- 罐=无罐 泵=0 阀=111110 速=+0,+0,+0.00 电=8.14V/1.38A/峰2.28 补余=0.0 IO错=0 倾+0.0 自动1/3
[  156.515] TLM t= 101.4 L1·A@-74 L2·A@-71 L3·A@-76 R1·A@-75 R2·A@-71 R3Lr@-- 罐=无罐 泵=0 阀=111110 速=+0,+0,+0.00 电=8.13V/1.55A/峰2.28 补余=0.0 IO错=0 倾+0.0 自动1/3
[  156.689] EVT 相位 R3 lift→transfer
[  157.022] TLM t= 101.4 L1·A@-74 L2·A@-70 L3·A@-75 R1·A@-75 R2·A@-71 R3Tr@-- 罐=无罐 泵=0 阀=111110 速=+0,+0,+0.00 电=8.14V/1.47A/峰2.28 补余=0.0 IO错=0 倾+0.0 自动1/3
[  157.309] EVT 相位 R3 transfer→hover
[  157.540] TLM t= 101.4 L1·A@-73 L2·A@-70 L3·A@-75 R1·A@-75 R2·A@-70 R3Hr@-- 罐=无罐 泵=0 阀=111110 速=+0,+0,+0.00 电=8.15V/1.14A/峰2.28 补余=0.0 IO错=0 倾+0.0 自动1/3
[  158.043] TLM t= 101.4 L1·A@-73 L2·A@-70 L3·A@-75 R1·A@-75 R2·A@-70 R3Hr@-- 罐=无罐 泵=0 阀=111110 速=+0,+0,+0.00 电=8.14V/1.30A/峰2.28 补余=0.0 IO错=0 倾+0.0 自动1/3
[  158.315] EVT 落地：R3
[  158.333] EVT 相位 R3 hover→descend
[  158.564] TLM t= 101.4 L1·A@-73 L2·A@-69 L3·A@-75 R1·A@-75 R2·A@-70 R3Dr@-- 罐=无罐 泵=0 阀=111110 速=+0,+0,+0.00 电=8.13V/1.22A/峰2.28 补余=0.0 IO错=0 倾+0.0 自动1/3
[  158.815] EVT 相位 R3 descend→press
[  159.067] TLM t= 101.4 L1·A@-72 L2·A@-69 L3·A@-75 R1·A@-75 R2·A@-69 R3Pr@-- 罐=无罐 泵=0 阀=111110 速=+0,+0,+0.00 电=8.12V/1.38A/峰2.28 补余=0.0 IO错=0 倾+0.0 自动1/3
[  159.593] TLM t= 101.4 L1·A@-72 L2·A@-68 L3·A@-75 R1·A@-75 R2·A@-69 R3Pr@-- 罐=无罐 泵=0 阀=111110 速=+0,+0,+0.00 电=8.12V/1.30A/峰2.28 补余=0.0 IO错=0 倾+0.0 自动1/3
[  160.025] EVT 吸附 R3 released→pressing 在态4.02s 0.2kPa
[  160.025] EVT 相位 R3 press→wait
[  160.096] TLM t= 101.4 L1·A@-72 L2·A@-68 L3·A@-75 R1·A@-75 R2·A@-69 R3Wp@-- 罐=无罐 泵=0 阀=111110 速=+0,+0,+0.00 电=8.12V/1.55A/峰2.28 补余=0.0 IO错=0 倾+0.0 自动1/3
[  160.340] EVT 吸附 R3 pressing→sucking 在态0.32s 0.2kPa
[  160.341] EVT 阀 R3 →抽气位
[  160.368] EVT 泵 开 最差盘压-67.6
[  160.618] TLM t= 101.4 L1·A@-72 L2·A@-68 L3·A@-75 R1·A@-75 R2·A@-68 R3Ws@-53 罐=无罐 泵=1 阀=111111 速=+0,+0,+0.00 电=8.09V/1.55A/峰2.28 补余=0.0 IO错=0 倾+0.0 自动1/3
[  160.730] EVT 吸附 R3 sucking→attached 在态0.38s -61.3kPa
[  160.731] EVT 相位 R3 wait→stance
[  160.731] EVT 抬落完成，轮到 L1
[  161.123] TLM t= 101.8 L1·A@-73 L2·A@-73 L3·A@-75 R1·A@-75 R2·A@-73 R3·A@-73 罐=无罐 泵=1 阀=111111 速=+0,+0,+0.00 电=8.09V/1.22A/峰2.28 补余=0.0 IO错=0 倾+0.0 自动1/3
[  161.393] EVT 泵 停 最差盘压-75.3
[  161.644] TLM t= 102.3 L1·A@-77 L2·A@-77 L3·A@-77 R1·A@-76 R2·A@-76 R3·A@-76 罐=无罐 泵=0 阀=111111 速=+0,+0,+0.00 电=8.14V/1.38A/峰2.28 补余=0.0 IO错=0 倾+0.0 自动1/3
[  162.147] TLM t= 102.8 L1·A@-76 L2·A@-76 L3·A@-76 R1·A@-76 R2·A@-76 R3·A@-76 罐=无罐 泵=0 阀=111111 速=+0,+0,+0.00 电=8.13V/1.22A/峰2.28 补余=0.0 IO错=0 倾+0.0 自动1/3
[  162.670] TLM t= 103.3 L1·A@-76 L2·A@-76 L3·A@-76 R1·A@-76 R2·A@-75 R3·A@-75 罐=无罐 泵=0 阀=111111 速=+0,+0,+0.00 电=8.15V/1.71A/峰2.28 补余=0.0 IO错=0 倾+0.0 自动1/3
[  163.176] TLM t= 103.8 L1·A@-76 L2·A@-75 L3·A@-76 R1·A@-76 R2·A@-75 R3·A@-75 罐=无罐 泵=0 阀=111111 速=+0,+0,+0.00 电=8.14V/1.38A/峰2.28 补余=0.0 IO错=0 倾+0.0 自动1/3
[  163.699] TLM t= 104.3 L1·A@-76 L2·A@-75 L3·A@-76 R1·A@-76 R2·A@-75 R3·A@-74 罐=无罐 泵=0 阀=111111 速=+0,+0,+0.00 电=8.14V/1.47A/峰2.28 补余=0.0 IO错=0 倾+0.0 自动1/3
[  164.204] TLM t= 104.8 L1·A@-76 L2·A@-74 L3·A@-76 R1·A@-76 R2·A@-74 R3·A@-73 罐=无罐 泵=0 阀=111111 速=+0,+0,+0.00 电=8.15V/1.38A/峰2.28 补余=0.0 IO错=0 倾+0.0 自动1/3
[  164.723] TLM t= 105.4 L1·A@-75 L2·A@-74 L3·A@-76 R1·A@-76 R2·A@-74 R3·A@-73 罐=无罐 泵=0 阀=111111 速=+0,+0,+0.00 电=8.14V/1.47A/峰2.28 补余=0.0 IO错=0 倾+0.0 自动1/3
[  165.228] TLM t= 105.9 L1·A@-75 L2·A@-74 L3·A@-76 R1·A@-76 R2·A@-73 R3·A@-72 罐=无罐 泵=0 阀=111111 速=+0,+0,+0.00 电=8.15V/1.47A/峰2.28 补余=0.0 IO错=0 倾+0.0 自动1/3
[  165.751] TLM t= 106.4 L1·A@-75 L2·A@-73 L3·A@-76 R1·A@-75 R2·A@-73 R3·A@-72 罐=无罐 泵=0 阀=111111 速=+0,+0,+0.00 电=8.14V/1.38A/峰2.28 补余=0.0 IO错=0 倾+0.0 自动1/3
[  166.252] TLM t= 106.9 L1·A@-75 L2·A@-73 L3·A@-76 R1·A@-75 R2·A@-73 R3·A@-71 罐=无罐 泵=0 阀=111111 速=+0,+0,+0.00 电=8.14V/1.47A/峰2.28 补余=0.0 IO错=0 倾+0.0 自动1/3
[  166.776] TLM t= 107.4 L1·A@-74 L2·A@-72 L3·A@-76 R1·A@-75 R2·A@-72 R3·A@-70 罐=无罐 泵=0 阀=111111 速=+0,+0,+0.00 电=8.13V/1.47A/峰2.28 补余=0.0 IO错=0 倾+0.0 自动1/3
[  167.280] TLM t= 107.9 L1·A@-74 L2·A@-72 L3·A@-76 R1·A@-75 R2·A@-72 R3·A@-70 罐=无罐 泵=0 阀=111111 速=+0,+0,+0.00 电=8.14V/1.47A/峰2.28 补余=0.0 IO错=0 倾+0.0 自动1/3
[  167.798] TLM t= 108.4 L1·A@-74 L2·A@-71 L3·A@-76 R1·A@-75 R2·A@-72 R3·A@-69 罐=无罐 泵=0 阀=111111 速=+0,+0,+0.00 电=8.15V/1.38A/峰2.28 补余=0.0 IO错=0 倾+0.0 自动1/3
[  168.304] TLM t= 108.9 L1·A@-74 L2·A@-71 L3·A@-76 R1·A@-75 R2·A@-71 R3·A@-69 罐=无罐 泵=0 阀=111111 速=+0,+0,+0.00 电=8.14V/1.30A/峰2.28 补余=0.0 IO错=0 倾+0.0 自动1/3
[  168.822] TLM t= 109.4 L1·A@-74 L2·A@-71 L3·A@-76 R1·A@-75 R2·A@-71 R3·A@-68 罐=无罐 泵=0 阀=111111 速=+0,+0,+0.00 电=8.14V/1.55A/峰2.28 补余=0.0 IO错=0 倾+0.0 自动1/3
[  169.329] TLM t= 109.9 L1·A@-74 L2·A@-70 L3·A@-76 R1·A@-75 R2·A@-71 R3·A@-68 罐=无罐 泵=0 阀=111111 速=+0,+0,+0.00 电=8.13V/1.38A/峰2.28 补余=0.0 IO错=0 倾+0.0 自动1/3
[  169.850] TLM t= 110.5 L1·A@-73 L2·A@-70 L3·A@-75 R1·A@-75 R2·A@-70 R3·A@-67 罐=无罐 泵=0 阀=111111 速=+0,+0,+0.00 电=8.13V/1.38A/峰2.28 补余=0.0 IO错=0 倾+0.0 自动1/3
[  170.357] TLM t= 111.0 L1·A@-73 L2·A@-69 L3·A@-75 R1·A@-75 R2·A@-70 R3·A@-67 罐=无罐 泵=0 阀=111111 速=+0,+0,+0.00 电=8.15V/1.47A/峰2.28 补余=0.0 IO错=0 倾+0.0 自动1/3
[  170.770] EVT 原地抬起受理：L1
[  170.782] EVT 相位 L1 stance→handover
[  170.877] TLM t= 112.3 L1ZA@-73 L2·A@-69 L3·A@-75 R1·A@-75 R2·A@-70 R3·A@-66 罐=无罐 泵=0 阀=111111 速=+0,+0,+0.00 电=8.13V/1.47A/峰2.28 补余=0.0 IO错=0 倾+0.0 自动1/3
[  171.383] TLM t= 112.8 L1ZA@-73 L2·A@-69 L3·A@-75 R1·A@-75 R2·A@-69 R3·A@-65 罐=无罐 泵=0 阀=111111 速=+0,+0,+0.00 电=8.14V/1.30A/峰2.28 补余=0.0 IO错=0 倾+0.0 自动1/3
[  171.900] TLM t= 112.8 L1ZA@-73 L2·A@-68 L3·A@-75 R1·A@-75 R2·A@-69 R3·A@-65 罐=无罐 泵=0 阀=111111 速=+0,+0,+0.00 电=8.14V/1.38A/峰2.28 补余=0.0 IO错=0 倾+0.0 自动1/3
[  172.403] TLM t= 112.8 L1ZA@-72 L2·A@-68 L3·A@-75 R1·A@-75 R2·A@-68 R3·A@-64 罐=无罐 泵=0 阀=111111 速=+0,+0,+0.00 电=8.13V/1.55A/峰2.28 补余=0.0 IO错=0 倾+0.0 自动1/3
[  172.925] TLM t= 112.8 L1ZA@-72 L2·A@-68 L3·A@-75 R1·A@-75 R2·A@-68 R3·A@-64 罐=无罐 泵=0 阀=111111 速=+0,+0,+0.00 电=8.11V/1.79A/峰2.28 补余=0.0 IO错=0 倾+0.0 自动1/3
[  173.427] TLM t= 112.8 L1ZA@-72 L2·A@-67 L3·A@-75 R1·A@-75 R2·A@-68 R3·A@-63 罐=无罐 泵=0 阀=111111 速=+0,+0,+0.00 电=8.12V/1.95A/峰2.28 补余=0.0 IO错=0 倾+0.0 自动1/3
[  173.881] EVT 吸附 L1 attached→venting 在态128.54s -71.8kPa
[  173.882] EVT 相位 L1 handover→vent 落点Δ(+0.0,+0.0)
[  173.899] EVT 阀 L1 →排气位
[  173.951] TLM t= 112.8 L1Vv@-72 L2·A@-67 L3·A@-75 R1·A@-75 R2·A@-67 R3·A@-63 罐=无罐 泵=0 阀=011111 速=+0,+0,+0.00 电=8.09V/2.12A/峰2.28 补余=0.0 IO错=0 倾+0.0 自动1/3
[  174.187] EVT 相位 L1 vent→lift
[  174.282] EVT 吸附 L1 venting→released 在态0.40s 0.1kPa
[  174.457] TLM t= 112.8 L1Lr@-- L2·A@-66 L3·A@-75 R1·A@-74 R2·A@-67 R3·A@-62 罐=无罐 泵=0 阀=011111 速=+0,+0,+0.00 电=8.08V/2.04A/峰2.28 补余=0.0 IO错=0 倾+0.0 自动1/3
[  174.977] TLM t= 112.8 L1Lr@-- L2·A@-66 L3·A@-75 R1·A@-74 R2·A@-67 R3·A@-62 罐=无罐 泵=0 阀=011111 速=+0,+0,+0.00 电=8.09V/2.28A/峰2.28 补余=0.0 IO错=0 倾+0.0 自动1/3
[  175.030] EVT 相位 L1 lift→transfer
[  175.492] TLM t= 112.8 L1Tr@-- L2·A@-66 L3·A@-75 R1·A@-74 R2·A@-66 R3·A@-61 罐=无罐 泵=0 阀=011111 速=+0,+0,+0.00 电=8.09V/2.04A/峰2.28 补余=0.0 IO错=0 倾+0.0 自动1/3
[  175.649] EVT 相位 L1 transfer→hover
[  176.003] TLM t= 112.8 L1Hr@-- L2·A@-65 L3·A@-75 R1·A@-74 R2·A@-66 R3·A@-61 罐=无罐 泵=0 阀=011111 速=+0,+0,+0.00 电=8.07V/2.28A/峰2.28 补余=0.0 IO错=0 倾+0.0 自动1/3
[  176.504] TLM t= 112.8 L1Hr@-- L2·A@-65 L3·A@-75 R1·A@-74 R2·A@-66 R3·A@-60 罐=无罐 泵=0 阀=011111 速=+0,+0,+0.00 电=8.09V/2.12A/峰2.28 补余=0.0 IO错=0 倾+0.0 自动1/3
[  176.555] EVT 泵 开 最差盘压-59.9
[  176.658] EVT 落地：L1
[  176.675] EVT 相位 L1 hover→descend
[  177.028] TLM t= 112.8 L1Dr@-- L2·A@-69 L3·A@-75 R1·A@-74 R2·A@-68 R3·A@-67 罐=无罐 泵=1 阀=011111 速=+0,+0,+0.00 电=8.06V/2.12A/峰2.28 补余=0.0 IO错=0 倾+0.0 自动1/3
[  177.159] EVT 相位 L1 descend→press
[  177.502] EVT 泵 停 最差盘压-75.2
[  177.531] TLM t= 112.8 L1Pr@-- L2·A@-76 L3·A@-76 R1·A@-75 R2·A@-76 R3·A@-76 罐=无罐 泵=0 阀=011111 速=+0,+0,+0.00 电=8.09V/2.20A/峰2.28 补余=0.0 IO错=0 倾+0.0 自动1/3
[  178.052] TLM t= 112.8 L1Pr@-- L2·A@-76 L3·A@-76 R1·A@-76 R2·A@-76 R3·A@-76 罐=无罐 泵=0 阀=011111 速=+0,+0,+0.00 电=8.09V/2.20A/峰2.28 补余=0.0 IO错=0 倾+0.0 自动1/3
[  178.363] EVT 吸附 L1 released→pressing 在态4.06s 0.1kPa
[  178.363] EVT 相位 L1 press→wait
[  178.553] TLM t= 112.8 L1Wp@-- L2·A@-76 L3·A@-76 R1·A@-76 R2·A@-75 R3·A@-75 罐=无罐 泵=0 阀=011111 速=+0,+0,+0.00 电=8.09V/2.20A/峰2.28 补余=0.0 IO错=0 倾+0.0 自动1/3
[  178.664] EVT 吸附 L1 pressing→sucking 在态0.30s 0.1kPa
[  178.664] EVT 阀 L1 →抽气位
[  178.682] EVT 泵 开 最差盘压-75.1
[  179.000] EVT 吸附 L1 sucking→attached 在态0.34s -66.8kPa
[  179.008] EVT 相位 L1 wait→stance
[  179.008] EVT 抬落完成，轮到 R2
[  179.078] TLM t= 112.9 L1·A@-69 L2·A@-75 L3·A@-76 R1·A@-75 R2·A@-75 R3·A@-75 罐=无罐 泵=1 阀=111111 速=+0,+0,+0.00 电=8.06V/1.95A/峰2.28 补余=0.0 IO错=0 倾+0.0 自动1/3
[  179.347] EVT 泵 停 最差盘压-75.3
[  179.577] TLM t= 113.4 L1·A@-76 L2·A@-76 L3·A@-76 R1·A@-75 R2·A@-76 R3·A@-76 罐=无罐 泵=0 阀=111111 速=+0,+0,+0.00 电=8.08V/2.04A/峰2.28 补余=0.0 IO错=0 倾+0.0 自动1/3
[  180.105] TLM t= 113.9 L1·A@-76 L2·A@-76 L3·A@-76 R1·A@-75 R2·A@-75 R3·A@-75 罐=无罐 泵=0 阀=111111 速=+0,+0,+0.00 电=8.11V/1.87A/峰2.28 补余=0.0 IO错=0 倾+0.0 自动1/3
[  180.611] TLM t= 114.4 L1·A@-76 L2·A@-75 L3·A@-76 R1·A@-75 R2·A@-75 R3·A@-75 罐=无罐 泵=0 阀=111111 速=+0,+0,+0.00 电=8.10V/2.04A/峰2.28 补余=0.0 IO错=0 倾+0.0 自动1/3
[  181.130] TLM t= 114.9 L1·A@-75 L2·A@-75 L3·A@-76 R1·A@-75 R2·A@-75 R3·A@-74 罐=无罐 泵=0 阀=111111 速=+0,+0,+0.00 电=8.09V/1.87A/峰2.28 补余=0.0 IO错=0 倾+0.0 自动1/3
[  181.637] TLM t= 115.4 L1·A@-75 L2·A@-74 L3·A@-76 R1·A@-75 R2·A@-74 R3·A@-74 罐=无罐 泵=0 阀=111111 速=+0,+0,+0.00 电=8.10V/2.04A/峰2.28 补余=0.0 IO错=0 倾+0.0 自动1/3
[  182.157] TLM t= 115.9 L1·A@-75 L2·A@-74 L3·A@-76 R1·A@-75 R2·A@-74 R3·A@-73 罐=无罐 泵=0 阀=111111 速=+0,+0,+0.00 电=8.07V/2.28A/峰2.28 补余=0.0 IO错=0 倾+0.0 自动1/3
[  182.660] TLM t= 116.4 L1·A@-75 L2·A@-74 L3·A@-76 R1·A@-75 R2·A@-73 R3·A@-72 罐=无罐 泵=0 阀=111111 速=+0,+0,+0.00 电=8.09V/1.95A/峰2.28 补余=0.0 IO错=0 倾+0.0 自动1/3
[  183.184] TLM t= 116.9 L1·A@-75 L2·A@-73 L3·A@-76 R1·A@-75 R2·A@-73 R3·A@-72 罐=无罐 泵=0 阀=111111 速=+0,+0,+0.00 电=8.11V/1.95A/峰2.28 补余=0.0 IO错=0 倾+0.0 自动1/3
[  183.685] TLM t= 117.4 L1·A@-75 L2·A@-73 L3·A@-75 R1·A@-75 R2·A@-73 R3·A@-71 罐=无罐 泵=0 阀=111111 速=+0,+0,+0.00 电=8.11V/1.95A/峰2.28 补余=0.0 IO错=0 倾+0.0 自动1/3
[  184.208] TLM t= 118.0 L1·A@-75 L2·A@-72 L3·A@-75 R1·A@-74 R2·A@-72 R3·A@-71 罐=无罐 泵=0 阀=111111 速=+0,+0,+0.00 电=8.11V/1.79A/峰2.28 补余=0.0 IO错=0 倾+0.0 自动1/3
[  184.715] TLM t= 118.5 L1·A@-74 L2·A@-72 L3·A@-75 R1·A@-74 R2·A@-72 R3·A@-70 罐=无罐 泵=0 阀=111111 速=+0,+0,+0.00 电=8.08V/1.87A/峰2.28 补余=0.0 IO错=0 倾+0.0 自动1/3
[  185.234] TLM t= 119.0 L1·A@-74 L2·A@-71 L3·A@-75 R1·A@-74 R2·A@-72 R3·A@-70 罐=无罐 泵=0 阀=111111 速=+0,+0,+0.00 电=8.09V/2.04A/峰2.28 补余=0.0 IO错=0 倾+0.0 自动1/3
[  185.738] TLM t= 119.5 L1·A@-74 L2·A@-71 L3·A@-75 R1·A@-74 R2·A@-71 R3·A@-69 罐=无罐 泵=0 阀=111111 速=+0,+0,+0.00 电=8.08V/1.87A/峰2.28 补余=0.0 IO错=0 倾+0.0 自动1/3
[  186.261] TLM t= 120.0 L1·A@-74 L2·A@-71 L3·A@-75 R1·A@-74 R2·A@-71 R3·A@-69 罐=无罐 泵=0 阀=111111 速=+0,+0,+0.00 电=8.10V/1.95A/峰2.28 补余=0.0 IO错=0 倾+0.0 自动1/3
[  186.764] TLM t= 120.5 L1·A@-74 L2·A@-70 L3·A@-75 R1·A@-74 R2·A@-71 R3·A@-68 罐=无罐 泵=0 阀=111111 速=+0,+0,+0.00 电=8.09V/1.95A/峰2.28 补余=0.0 IO错=0 倾+0.0 自动1/3
[  187.286] TLM t= 121.0 L1·A@-74 L2·A@-70 L3·A@-75 R1·A@-74 R2·A@-70 R3·A@-67 罐=无罐 泵=0 阀=111111 速=+0,+0,+0.00 电=8.09V/2.04A/峰2.28 补余=0.0 IO错=0 倾+0.0 自动1/3
[  187.791] TLM t= 121.5 L1·A@-74 L2·A@-69 L3·A@-75 R1·A@-74 R2·A@-70 R3·A@-67 罐=无罐 泵=0 阀=111111 速=+0,+0,+0.00 电=8.10V/2.04A/峰2.28 补余=0.0 IO错=0 倾+0.0 自动1/3
[  188.310] TLM t= 122.0 L1·A@-74 L2·A@-69 L3·A@-75 R1·A@-74 R2·A@-70 R3·A@-66 罐=无罐 泵=0 阀=111111 速=+0,+0,+0.00 电=8.09V/1.95A/峰2.28 补余=0.0 IO错=0 倾+0.0 自动1/3
[  188.813] TLM t= 122.5 L1·A@-74 L2·A@-69 L3·A@-75 R1·A@-74 R2·A@-69 R3·A@-66 罐=无罐 泵=0 阀=111111 速=+0,+0,+0.00 电=8.09V/1.87A/峰2.28 补余=0.0 IO错=0 倾+0.0 自动1/3
[  189.045] EVT 原地抬起受理：R2
[  189.057] EVT 相位 R2 stance→handover
[  189.334] TLM t= 123.9 L1·A@-74 L2·A@-68 L3·A@-75 R1·A@-74 R2ZA@-69 R3·A@-65 罐=无罐 泵=0 阀=111111 速=+0,+0,+0.00 电=8.10V/1.95A/峰2.28 补余=0.0 IO错=0 倾+0.0 自动1/3
[  189.840] TLM t= 124.2 L1·A@-74 L2·A@-68 L3·A@-75 R1·A@-73 R2ZA@-69 R3·A@-65 罐=无罐 泵=0 阀=111111 速=+0,+0,+0.00 电=8.10V/1.95A/峰2.28 补余=0.0 IO错=0 倾+0.0 自动1/3
[  190.358] TLM t= 124.2 L1·A@-73 L2·A@-67 L3·A@-75 R1·A@-73 R2ZA@-68 R3·A@-64 罐=无罐 泵=0 阀=111111 速=+0,+0,+0.00 电=8.08V/2.20A/峰2.28 补余=0.0 IO错=0 倾+0.0 自动1/3
[  190.868] TLM t= 124.2 L1·A@-73 L2·A@-67 L3·A@-74 R1·A@-73 R2ZA@-68 R3·A@-64 罐=无罐 泵=0 阀=111111 速=+0,+0,+0.00 电=8.09V/2.20A/峰2.28 补余=0.0 IO错=0 倾+0.0 自动1/3
[  191.256] EVT 吸附 R2 attached→venting 在态144.00s -67.6kPa
[  191.257] EVT 相位 R2 handover→vent 落点Δ(+0.0,+0.0)
[  191.275] EVT 阀 R2 →排气位
[  191.390] TLM t= 124.2 L1·A@-73 L2·A@-67 L3·A@-74 R1·A@-73 R2Vv@-68 R3·A@-63 罐=无罐 泵=0 阀=111101 速=+0,+0,+0.00 电=8.08V/2.20A/峰2.28 补余=0.0 IO错=0 倾+0.0 自动1/3
[  191.564] EVT 相位 R2 vent→lift
[  191.658] EVT 吸附 R2 venting→released 在态0.40s -0.0kPa
[  191.891] TLM t= 124.2 L1·A@-73 L2·A@-66 L3·A@-74 R1·A@-73 R2Lr@-- R3·A@-63 罐=无罐 泵=0 阀=111101 速=+0,+0,+0.00 电=8.07V/2.36A/峰2.36 补余=0.0 IO错=0 倾+0.0 自动1/3
[  192.406] EVT 相位 R2 lift→transfer
[  192.416] TLM t= 124.2 L1·A@-73 L2·A@-66 L3·A@-74 R1·A@-73 R2Tr@-- R3·A@-62 罐=无罐 泵=0 阀=111101 速=+0,+0,+0.00 电=8.06V/2.52A/峰2.52 补余=0.0 IO错=0 倾+0.0 自动1/3
[  192.926] TLM t= 124.2 L1·A@-73 L2·A@-65 L3·A@-74 R1·A@-73 R2Tr@-- R3·A@-62 罐=无罐 泵=0 阀=111101 速=+0,+0,+0.00 电=8.04V/2.69A/峰2.69 补余=0.0 IO错=0 倾+0.0 自动1/3
[  193.026] EVT 相位 R2 transfer→hover
[  193.437] TLM t= 124.2 L1·A@-73 L2·A@-65 L3·A@-74 R1·A@-73 R2Hr@-- R3·A@-61 罐=无罐 泵=0 阀=111101 速=+0,+0,+0.00 电=8.08V/2.20A/峰2.69 补余=0.0 IO错=0 倾+0.0 自动1/3
[  193.941] TLM t= 124.2 L1·A@-73 L2·A@-65 L3·A@-74 R1·A@-73 R2Hr@-- R3·A@-60 罐=无罐 泵=0 阀=111101 速=+0,+0,+0.00 电=8.05V/2.20A/峰2.69 补余=0.0 IO错=0 倾+0.0 自动1/3
[  194.032] EVT 落地：R2
[  194.050] EVT 相位 R2 hover→descend
[  194.411] EVT 泵 开 最差盘压-60.0
[  194.464] TLM t= 124.2 L1·A@-73 L2·A@-64 L3·A@-74 R1·A@-73 R2Dr@-- R3·A@-60 罐=无罐 泵=1 阀=111101 速=+0,+0,+0.00 电=8.00V/2.44A/峰2.69 补余=0.0 IO错=0 倾+0.0 自动1/3
[  194.535] EVT 相位 R2 descend→press
[  194.966] TLM t= 124.2 L1·A@-73 L2·A@-71 L3·A@-74 R1·A@-72 R2Pr@-- R3·A@-71 罐=无罐 泵=1 阀=111101 速=+0,+0,+0.00 电=8.07V/2.12A/峰2.69 补余=0.0 IO错=0 倾+0.0 自动1/3
[  195.359] EVT 泵 停 最差盘压-75.2
[  195.490] TLM t= 124.2 L1·A@-76 L2·A@-77 L3·A@-76 R1·A@-76 R2Pr@-- R3·A@-76 罐=无罐 泵=0 阀=111101 速=+0,+0,+0.00 电=8.04V/2.60A/峰2.69 补余=0.0 IO错=0 倾+0.0 自动1/3
[  195.743] EVT 吸附 R2 released→pressing 在态4.06s -0.0kPa
[  195.744] EVT 相位 R2 press→wait
[  195.992] TLM t= 124.2 L1·A@-76 L2·A@-76 L3·A@-76 R1·A@-76 R2Wp@-- R3·A@-76 罐=无罐 泵=0 阀=111101 速=+0,+0,+0.00 电=8.06V/2.44A/峰2.69 补余=0.0 IO错=0 倾+0.0 自动1/3
[  196.044] EVT 吸附 R2 pressing→sucking 在态0.30s -0.0kPa
[  196.044] EVT 阀 R2 →抽气位
[  196.062] EVT 泵 开 最差盘压-75.6
[  196.327] EVT 吸附 R2 sucking→attached 在态0.28s -68.9kPa
[  196.328] EVT 相位 R2 wait→stance
[  196.328] EVT 抬落完成，轮到 L3
[  196.519] TLM t= 124.4 L1·A@-76 L2·A@-76 L3·A@-76 R1·A@-76 R2·A@-71 R3·A@-75 罐=无罐 泵=1 阀=111111 速=+0,+0,+0.00 电=7.99V/2.60A/峰2.69 补余=0.0 IO错=0 倾+0.0 自动1/3
[  196.775] EVT 泵 停 最差盘压-75.4
[  197.026] TLM t= 124.9 L1·A@-76 L2·A@-76 L3·A@-76 R1·A@-75 R2·A@-75 R3·A@-76 罐=无罐 泵=0 阀=111111 速=+0,+0,+0.00 电=8.08V/2.20A/峰2.69 补余=0.0 IO错=0 倾+0.0 自动1/3
[  197.545] TLM t= 125.4 L1·A@-76 L2·A@-76 L3·A@-76 R1·A@-75 R2·A@-74 R3·A@-75 罐=无罐 泵=0 阀=111111 速=+0,+0,+0.00 电=8.06V/2.28A/峰2.69 补余=0.0 IO错=0 倾+0.0 自动1/3
[  198.047] TLM t= 125.9 L1·A@-76 L2·A@-75 L3·A@-76 R1·A@-75 R2·A@-74 R3·A@-75 罐=无罐 泵=0 阀=111111 速=+0,+0,+0.00 电=8.06V/2.28A/峰2.69 补余=0.0 IO错=0 倾+0.0 自动1/3
[  198.571] TLM t= 126.4 L1·A@-76 L2·A@-75 L3·A@-76 R1·A@-75 R2·A@-73 R3·A@-74 罐=无罐 泵=0 阀=111111 速=+0,+0,+0.00 电=8.07V/2.36A/峰2.69 补余=0.0 IO错=0 倾+0.0 自动1/3
[  199.074] TLM t= 126.9 L1·A@-76 L2·A@-74 L3·A@-76 R1·A@-75 R2·A@-73 R3·A@-74 罐=无罐 泵=0 阀=111111 速=+0,+0,+0.00 电=8.09V/2.28A/峰2.69 补余=0.0 IO错=0 倾+0.0 自动1/3
[  199.598] TLM t= 127.4 L1·A@-76 L2·A@-74 L3·A@-76 R1·A@-75 R2·A@-72 R3·A@-73 罐=无罐 泵=0 阀=111111 速=+0,+0,+0.00 电=8.10V/2.28A/峰2.69 补余=0.0 IO错=0 倾+0.0 自动1/3
[  200.101] TLM t= 127.9 L1·A@-75 L2·A@-74 L3·A@-76 R1·A@-75 R2·A@-72 R3·A@-72 罐=无罐 泵=0 阀=111111 速=+0,+0,+0.00 电=8.08V/2.44A/峰2.69 补余=0.0 IO错=0 倾+0.0 自动1/3
[  200.628] TLM t= 128.5 L1·A@-75 L2·A@-73 L3·A@-76 R1·A@-75 R2·A@-72 R3·A@-72 罐=无罐 泵=0 阀=111111 速=+0,+0,+0.00 电=8.07V/2.36A/峰2.69 补余=0.0 IO错=0 倾+0.0 自动1/3
[  201.134] TLM t= 129.0 L1·A@-75 L2·A@-73 L3·A@-75 R1·A@-75 R2·A@-71 R3·A@-71 罐=无罐 泵=0 阀=111111 速=+0,+0,+0.00 电=8.09V/2.36A/峰2.69 补余=0.0 IO错=0 倾+0.0 自动1/3
[  201.658] TLM t= 129.5 L1·A@-75 L2·A@-72 L3·A@-75 R1·A@-75 R2·A@-71 R3·A@-71 罐=无罐 泵=0 阀=111111 速=+0,+0,+0.00 电=8.08V/2.28A/峰2.69 补余=0.0 IO错=0 倾+0.0 自动1/3
[  202.158] TLM t= 130.0 L1·A@-75 L2·A@-72 L3·A@-75 R1·A@-75 R2·A@-70 R3·A@-70 罐=无罐 泵=0 阀=111111 速=+0,+0,+0.00 电=8.06V/2.20A/峰2.69 补余=0.0 IO错=0 倾+0.0 自动1/3
[  202.683] TLM t= 130.5 L1·A@-75 L2·A@-72 L3·A@-75 R1·A@-74 R2·A@-70 R3·A@-70 罐=无罐 泵=0 阀=111111 速=+0,+0,+0.00 电=8.08V/2.20A/峰2.69 补余=0.0 IO错=0 倾+0.0 自动1/3
[  203.185] TLM t= 131.0 L1·A@-75 L2·A@-71 L3·A@-75 R1·A@-74 R2·A@-70 R3·A@-69 罐=无罐 泵=0 阀=111111 速=+0,+0,+0.00 电=8.09V/2.12A/峰2.69 补余=0.0 IO错=0 倾+0.0 自动1/3
[  203.706] TLM t= 131.5 L1·A@-75 L2·A@-71 L3·A@-75 R1·A@-74 R2·A@-69 R3·A@-68 罐=无罐 泵=0 阀=111111 速=+0,+0,+0.00 电=8.10V/2.12A/峰2.69 补余=0.0 IO错=0 倾+0.0 自动1/3
[  204.212] TLM t= 132.0 L1·A@-75 L2·A@-70 L3·A@-75 R1·A@-74 R2·A@-69 R3·A@-68 罐=无罐 泵=0 阀=111111 速=+0,+0,+0.00 电=8.09V/2.20A/峰2.69 补余=0.0 IO错=0 倾+0.0 自动1/3
[  204.731] TLM t= 132.5 L1·A@-75 L2·A@-70 L3·A@-75 R1·A@-74 R2·A@-69 R3·A@-67 罐=无罐 泵=0 阀=111111 速=+0,+0,+0.00 电=8.06V/2.36A/峰2.69 补余=0.0 IO错=0 倾+0.0 自动1/3
[  205.232] TLM t= 133.0 L1·A@-74 L2·A@-70 L3·A@-75 R1·A@-74 R2·A@-68 R3·A@-67 罐=无罐 泵=0 阀=111111 速=+0,+0,+0.00 电=8.10V/2.20A/峰2.69 补余=0.0 IO错=0 倾+0.0 自动1/3
[  205.759] TLM t= 133.6 L1·A@-74 L2·A@-69 L3·A@-75 R1·A@-74 R2·A@-68 R3·A@-66 罐=无罐 泵=0 阀=111111 速=+0,+0,+0.00 电=8.07V/2.12A/峰2.69 补余=0.0 IO错=0 倾+0.0 自动1/3
[  206.262] TLM t= 134.1 L1·A@-74 L2·A@-69 L3·A@-75 R1·A@-74 R2·A@-68 R3·A@-66 罐=无罐 泵=0 阀=111111 速=+0,+0,+0.00 电=8.07V/2.20A/峰2.69 补余=0.0 IO错=0 倾+0.0 自动1/3
[  206.374] EVT 原地抬起受理：L3
[  206.386] EVT 相位 L3 stance→handover
[  206.788] TLM t= 135.4 L1·A@-74 L2·A@-68 L3ZA@-75 R1·A@-74 R2·A@-67 R3·A@-65 罐=无罐 泵=0 阀=111111 速=+0,+0,+0.00 电=8.08V/2.04A/峰2.69 补余=0.0 IO错=0 倾+0.0 自动1/3
[  207.293] TLM t= 135.6 L1·A@-74 L2·A@-68 L3ZA@-75 R1·A@-74 R2·A@-67 R3·A@-65 罐=无罐 泵=0 阀=111111 速=+0,+0,+0.00 电=8.08V/2.20A/峰2.69 补余=0.0 IO错=0 倾+0.0 自动1/3
[  207.813] TLM t= 135.6 L1·A@-74 L2·A@-68 L3ZA@-74 R1·A@-74 R2·A@-66 R3·A@-64 罐=无罐 泵=0 阀=111111 速=+0,+0,+0.00 电=8.06V/2.36A/峰2.69 补余=0.0 IO错=0 倾+0.0 自动1/3
[  208.320] TLM t= 135.6 L1·A@-74 L2·A@-67 L3ZA@-74 R1·A@-74 R2·A@-66 R3·A@-64 罐=无罐 泵=0 阀=111111 速=+0,+0,+0.00 电=8.04V/2.36A/峰2.69 补余=0.0 IO错=0 倾+0.0 自动1/3
[  208.843] TLM t= 135.6 L1·A@-74 L2·A@-67 L3ZA@-74 R1·A@-73 R2·A@-66 R3·A@-63 罐=无罐 泵=0 阀=111111 速=+0,+0,+0.00 电=8.05V/2.60A/峰2.69 补余=0.0 IO错=0 倾+0.0 自动1/3
[  209.291] EVT 吸附 L3 attached→venting 在态160.10s -74.2kPa
[  209.291] EVT 相位 L3 handover→vent 落点Δ(+0.0,+0.0)
[  209.316] EVT 阀 L3 →排气位
[  209.348] TLM t= 135.6 L1·A@-74 L2·A@-66 L3Vv@-74 R1·A@-73 R2·A@-65 R3·A@-63 罐=无罐 泵=0 阀=110111 速=+0,+0,+0.00 电=8.04V/2.69A/峰2.69 补余=0.0 IO错=0 倾+0.0 自动1/3
[  209.592] EVT 相位 L3 vent→lift
[  209.715] EVT 吸附 L3 venting→released 在态0.42s 0.1kPa
[  209.867] TLM t= 135.6 L1·A@-74 L2·A@-66 L3Lr@-- R1·A@-73 R2·A@-65 R3·A@-62 罐=无罐 泵=0 阀=110111 速=+0,+0,+0.00 电=8.02V/2.69A/峰2.69 补余=0.0 IO错=0 倾+0.0 自动1/3
[  210.371] TLM t= 135.6 L1·A@-74 L2·A@-66 L3Lr@-- R1·A@-73 R2·A@-65 R3·A@-61 罐=无罐 泵=0 阀=110111 速=+0,+0,+0.00 电=8.05V/2.93A/峰2.93 补余=0.0 IO错=0 倾+0.0 自动1/3
[  210.434] EVT 相位 L3 lift→transfer
[  210.893] TLM t= 135.6 L1·A@-73 L2·A@-65 L3Tr@-- R1·A@-73 R2·A@-64 R3·A@-61 罐=无罐 泵=0 阀=110111 速=+0,+0,+0.00 电=8.03V/2.69A/峰2.93 补余=0.0 IO错=0 倾+0.0 自动1/3
[  211.064] EVT 相位 L3 transfer→hover
[  211.396] TLM t= 135.6 L1·A@-73 L2·A@-65 L3Hr@-- R1·A@-73 R2·A@-64 R3·A@-60 罐=无罐 泵=0 阀=110111 速=+0,+0,+0.00 电=8.05V/2.60A/峰2.93 补余=0.0 IO错=0 倾+0.0 自动1/3
[  211.869] EVT 泵 开 最差盘压-59.9
[  211.917] TLM t= 135.6 L1·A@-73 L2·A@-64 L3Hr@-- R1·A@-73 R2·A@-64 R3·A@-60 罐=无罐 泵=1 阀=110111 速=+0,+0,+0.00 电=7.92V/2.52A/峰2.93 补余=0.0 IO错=0 倾+0.0 自动1/3
[  212.066] EVT 落地：L3
[  212.091] EVT 相位 L3 hover→descend
[  212.422] TLM t= 135.6 L1·A@-73 L2·A@-70 L3Dr@-- R1·A@-72 R2·A@-71 R3·A@-70 罐=无罐 泵=1 阀=110111 速=+0,+0,+0.00 电=8.01V/2.60A/峰2.93 补余=0.0 IO错=0 倾+0.0 自动1/3
[  212.572] EVT 相位 L3 descend→press
[  212.873] EVT 泵 停 最差盘压-75.5
[  212.940] TLM t= 135.6 L1·A@-76 L2·A@-77 L3Pr@-- R1·A@-76 R2·A@-76 R3·A@-76 罐=无罐 泵=0 阀=110111 速=+0,+0,+0.00 电=8.05V/2.44A/峰2.93 补余=0.0 IO错=0 倾+0.0 自动1/3
[  213.447] TLM t= 135.6 L1·A@-76 L2·A@-76 L3Pr@-- R1·A@-76 R2·A@-76 R3·A@-76 罐=无罐 泵=0 阀=110111 速=+0,+0,+0.00 电=8.03V/2.60A/峰2.93 补余=0.0 IO错=0 倾+0.0 自动1/3
[  213.775] EVT 吸附 L3 released→pressing 在态4.04s 0.1kPa
[  213.775] EVT 相位 L3 press→wait
[  213.967] TLM t= 135.6 L1·A@-76 L2·A@-76 L3Wp@-- R1·A@-76 R2·A@-75 R3·A@-75 罐=无罐 泵=0 阀=110111 速=+0,+0,+0.00 电=8.05V/2.77A/峰2.93 补余=0.0 IO错=0 倾+0.0 自动1/3
[  214.077] EVT 吸附 L3 pressing→sucking 在态0.30s 0.1kPa
[  214.078] EVT 阀 L3 →抽气位
[  214.100] EVT 泵 开 最差盘压-75.2
[  214.353] EVT 吸附 L3 sucking→attached 在态0.28s -55.1kPa
[  214.356] EVT 相位 L3 wait→stance
[  214.356] EVT 抬落完成，轮到 R1
[  214.467] TLM t= 135.7 L1·A@-76 L2·A@-75 L3·A@-65 R1·A@-76 R2·A@-75 R3·A@-75 罐=无罐 泵=1 阀=111111 速=+0,+0,+0.00 电=7.98V/2.69A/峰2.93 补余=0.0 IO错=0 倾+0.0 自动1/3
[  214.898] EVT 泵 停 最差盘压-75.3
[  214.988] TLM t= 136.2 L1·A@-76 L2·A@-76 L3·A@-76 R1·A@-75 R2·A@-76 R3·A@-76 罐=无罐 泵=0 阀=111111 速=+0,+0,+0.00 电=8.06V/2.44A/峰2.93 补余=0.0 IO错=0 倾+0.0 自动1/3
[  215.491] TLM t= 136.7 L1·A@-76 L2·A@-76 L3·A@-76 R1·A@-75 R2·A@-75 R3·A@-76 罐=无罐 泵=0 阀=111111 速=+0,+0,+0.00 电=8.05V/2.69A/峰2.93 补余=0.0 IO错=0 倾+0.0 自动1/3
[  216.011] TLM t= 137.2 L1·A@-76 L2·A@-76 L3·A@-76 R1·A@-75 R2·A@-75 R3·A@-75 罐=无罐 泵=0 阀=111111 速=+0,+0,+0.00 电=8.04V/2.36A/峰2.93 补余=0.0 IO错=0 倾+0.0 自动1/3
[  216.516] TLM t= 137.7 L1·A@-76 L2·A@-75 L3·A@-75 R1·A@-75 R2·A@-75 R3·A@-74 罐=无罐 泵=0 阀=111111 速=+0,+0,+0.00 电=8.05V/2.69A/峰2.93 补余=0.0 IO错=0 倾+0.0 自动1/3
[  217.036] TLM t= 138.3 L1·A@-76 L2·A@-75 L3·A@-75 R1·A@-75 R2·A@-74 R3·A@-74 罐=无罐 泵=0 阀=111111 速=+0,+0,+0.00 电=8.04V/2.36A/峰2.93 补余=0.0 IO错=0 倾+0.0 自动1/3
[  217.537] TLM t= 138.8 L1·A@-76 L2·A@-74 L3·A@-75 R1·A@-75 R2·A@-74 R3·A@-73 罐=无罐 泵=0 阀=111111 速=+0,+0,+0.00 电=8.02V/2.52A/峰2.93 补余=0.0 IO错=0 倾+0.0 自动1/3
[  218.061] TLM t= 139.3 L1·A@-76 L2·A@-74 L3·A@-75 R1·A@-74 R2·A@-74 R3·A@-73 罐=无罐 泵=0 阀=111111 速=+0,+0,+0.00 电=8.06V/2.60A/峰2.93 补余=0.0 IO错=0 倾+0.0 自动1/3
[  218.565] TLM t= 139.8 L1·A@-75 L2·A@-73 L3·A@-75 R1·A@-74 R2·A@-73 R3·A@-72 罐=无罐 泵=0 阀=111111 速=+0,+0,+0.00 电=8.03V/2.60A/峰2.93 补余=0.0 IO错=0 倾+0.0 自动1/3
[  219.089] TLM t= 140.3 L1·A@-75 L2·A@-73 L3·A@-75 R1·A@-74 R2·A@-73 R3·A@-72 罐=无罐 泵=0 阀=111111 速=+0,+0,+0.00 电=8.04V/2.60A/峰2.93 补余=0.0 IO错=0 倾+0.0 自动1/3
[  219.592] TLM t= 140.8 L1·A@-75 L2·A@-73 L3·A@-74 R1·A@-74 R2·A@-72 R3·A@-71 罐=无罐 泵=0 阀=111111 速=+0,+0,+0.00 电=8.05V/2.52A/峰2.93 补余=0.0 IO错=0 倾+0.0 自动1/3
[  220.110] TLM t= 141.3 L1·A@-75 L2·A@-72 L3·A@-74 R1·A@-74 R2·A@-72 R3·A@-70 罐=无罐 泵=0 阀=111111 速=+0,+0,+0.00 电=8.07V/2.44A/峰2.93 补余=0.0 IO错=0 倾+0.0 自动1/3
[  220.615] TLM t= 141.8 L1·A@-75 L2·A@-72 L3·A@-74 R1·A@-74 R2·A@-72 R3·A@-70 罐=无罐 泵=0 阀=111111 速=+0,+0,+0.00 电=8.07V/2.52A/峰2.93 补余=0.0 IO错=0 倾+0.0 自动1/3
[  221.136] TLM t= 142.3 L1·A@-75 L2·A@-71 L3·A@-74 R1·A@-73 R2·A@-71 R3·A@-69 罐=无罐 泵=0 阀=111111 速=+0,+0,+0.00 电=8.03V/2.44A/峰2.93 补余=0.0 IO错=0 倾+0.0 自动1/3
[  221.637] TLM t= 142.8 L1·A@-75 L2·A@-71 L3·A@-74 R1·A@-73 R2·A@-71 R3·A@-69 罐=无罐 泵=0 阀=111111 速=+0,+0,+0.00 电=8.05V/2.44A/峰2.93 补余=0.0 IO错=0 倾+0.0 自动1/3
[  222.158] TLM t= 143.4 L1·A@-75 L2·A@-70 L3·A@-74 R1·A@-73 R2·A@-71 R3·A@-68 罐=无罐 泵=0 阀=111111 速=+0,+0,+0.00 电=8.06V/2.52A/峰2.93 补余=0.0 IO错=0 倾+0.0 自动1/3
[  222.663] TLM t= 143.9 L1·A@-75 L2·A@-70 L3·A@-74 R1·A@-73 R2·A@-70 R3·A@-68 罐=无罐 泵=0 阀=111111 速=+0,+0,+0.00 电=8.04V/2.60A/峰2.93 补余=0.0 IO错=0 倾+0.0 自动1/3
[  223.180] TLM t= 144.4 L1·A@-75 L2·A@-70 L3·A@-74 R1·A@-73 R2·A@-70 R3·A@-67 罐=无罐 泵=0 阀=111111 速=+0,+0,+0.00 电=8.05V/2.52A/峰2.93 补余=0.0 IO错=0 倾+0.0 自动1/3
[  223.690] TLM t= 144.9 L1·A@-75 L2·A@-69 L3·A@-73 R1·A@-73 R2·A@-70 R3·A@-67 罐=无罐 泵=0 阀=111111 速=+0,+0,+0.00 电=8.04V/2.60A/峰2.93 补余=0.0 IO错=0 倾+0.0 自动1/3
[  224.206] TLM t= 145.4 L1·A@-74 L2·A@-69 L3·A@-73 R1·A@-73 R2·A@-69 R3·A@-66 罐=无罐 泵=0 阀=111111 速=+0,+0,+0.00 电=8.05V/2.69A/峰2.93 补余=0.0 IO错=0 倾+0.0 自动1/3
[  224.401] EVT 原地抬起受理：R1
[  224.416] EVT 相位 R1 stance→handover
[  224.709] TLM t= 146.7 L1·A@-74 L2·A@-68 L3·A@-73 R1ZA@-72 R2·A@-69 R3·A@-66 罐=无罐 泵=0 阀=111111 速=+0,+0,+0.00 电=8.07V/2.12A/峰2.93 补余=0.0 IO错=0 倾+0.0 自动1/3
[  225.231] TLM t= 147.0 L1·A@-74 L2·A@-68 L3·A@-73 R1ZA@-72 R2·A@-69 R3·A@-65 罐=无罐 泵=0 阀=111111 速=+0,+0,+0.00 电=8.10V/1.79A/峰2.93 补余=0.0 IO错=0 倾+0.0 自动1/3
[  225.734] TLM t= 147.0 L1·A@-74 L2·A@-68 L3·A@-73 R1ZA@-72 R2·A@-68 R3·A@-65 罐=无罐 泵=0 阀=111111 速=+0,+0,+0.00 电=8.09V/1.87A/峰2.93 补余=0.0 IO错=0 倾+0.0 自动1/3
[  226.252] TLM t= 147.0 L1·A@-74 L2·A@-67 L3·A@-73 R1ZA@-72 R2·A@-68 R3·A@-64 罐=无罐 泵=0 阀=111111 速=+0,+0,+0.00 电=8.08V/1.95A/峰2.93 补余=0.0 IO错=0 倾+0.0 自动1/3
[  226.758] TLM t= 147.0 L1·A@-74 L2·A@-67 L3·A@-73 R1ZA@-72 R2·A@-68 R3·A@-64 罐=无罐 泵=0 阀=111111 速=+0,+0,+0.00 电=8.09V/1.87A/峰2.93 补余=0.0 IO错=0 倾+0.0 自动1/3
[  227.276] TLM t= 147.0 L1·A@-74 L2·A@-66 L3·A@-73 R1ZA@-72 R2·A@-67 R3·A@-63 罐=无罐 泵=0 阀=111111 速=+0,+0,+0.00 电=8.09V/1.95A/峰2.93 补余=0.0 IO错=0 倾+0.0 自动1/3
[  227.710] EVT 吸附 R1 attached→venting 在态176.56s -72.0kPa
[  227.711] EVT 相位 R1 handover→vent 落点Δ(+0.0,+0.0)
[  227.726] EVT 阀 R1 →排气位
[  227.780] TLM t= 147.0 L1·A@-74 L2·A@-66 L3·A@-72 R1Vv@-72 R2·A@-67 R3·A@-63 罐=无罐 泵=0 阀=111011 速=+0,+0,+0.00 电=8.06V/2.04A/峰2.93 补余=0.0 IO错=0 倾+0.0 自动1/3
[  228.012] EVT 相位 R1 vent→lift
[  228.109] EVT 吸附 R1 venting→released 在态0.40s 0.0kPa
[  228.297] TLM t= 147.0 L1·A@-74 L2·A@-66 L3·A@-72 R1Lr@-- R2·A@-67 R3·A@-62 罐=无罐 泵=0 阀=111011 速=+0,+0,+0.00 电=8.04V/2.44A/峰2.93 补余=0.0 IO错=0 倾+0.0 自动1/3
[  228.803] TLM t= 147.0 L1·A@-74 L2·A@-65 L3·A@-72 R1Lr@-- R2·A@-66 R3·A@-62 罐=无罐 泵=0 阀=111011 速=+0,+0,+0.00 电=8.05V/2.28A/峰2.93 补余=0.0 IO错=0 倾+0.0 自动1/3
[  228.854] EVT 相位 R1 lift→transfer
[  229.318] TLM t= 147.0 L1·A@-74 L2·A@-65 L3·A@-72 R1Tr@-- R2·A@-66 R3·A@-61 罐=无罐 泵=0 阀=111011 速=+0,+0,+0.00 电=8.05V/2.36A/峰2.93 补余=0.0 IO错=0 倾+0.0 自动1/3
[  229.471] EVT 相位 R1 transfer→hover
[  229.826] TLM t= 147.0 L1·A@-73 L2·A@-65 L3·A@-72 R1Hr@-- R2·A@-66 R3·A@-61 罐=无罐 泵=0 阀=111011 速=+0,+0,+0.00 电=8.07V/2.12A/峰2.93 补余=0.0 IO错=0 倾+0.0 自动1/3
[  230.341] TLM t= 147.0 L1·A@-73 L2·A@-64 L3·A@-72 R1Hr@-- R2·A@-65 R3·A@-60 罐=无罐 泵=0 阀=111011 速=+0,+0,+0.00 电=8.06V/2.20A/峰2.93 补余=0.0 IO错=0 倾+0.0 自动1/3
[  230.373] EVT 泵 开 最差盘压-59.9
[  230.479] EVT 落地：R1
[  230.494] EVT 相位 R1 hover→descend
[  230.848] TLM t= 147.0 L1·A@-73 L2·A@-68 L3·A@-72 R1Dr@-- R2·A@-69 R3·A@-67 罐=无罐 泵=1 阀=111011 速=+0,+0,+0.00 电=8.01V/2.12A/峰2.93 补余=0.0 IO错=0 倾+0.0 自动1/3
[  230.975] EVT 相位 R1 descend→press
[  231.322] EVT 泵 停 最差盘压-75.1
[  231.369] TLM t= 147.0 L1·A@-75 L2·A@-76 L3·A@-75 R1Pr@-- R2·A@-76 R3·A@-76 罐=无罐 泵=0 阀=111011 速=+0,+0,+0.00 电=8.05V/2.28A/峰2.93 补余=0.0 IO错=0 倾+0.0 自动1/3
[  231.873] TLM t= 147.0 L1·A@-76 L2·A@-76 L3·A@-76 R1Pr@-- R2·A@-75 R3·A@-75 罐=无罐 泵=0 阀=111011 速=+0,+0,+0.00 电=8.05V/2.36A/峰2.93 补余=0.0 IO错=0 倾+0.0 自动1/3
[  232.178] EVT 吸附 R1 released→pressing 在态4.06s 0.0kPa
[  232.179] EVT 相位 R1 press→wait
[  232.387] TLM t= 147.0 L1·A@-76 L2·A@-75 L3·A@-76 R1Wp@-- R2·A@-75 R3·A@-75 罐=无罐 泵=0 阀=111011 速=+0,+0,+0.00 电=8.05V/2.12A/峰2.93 补余=0.0 IO错=0 倾+0.0 自动1/3
[  232.479] EVT 吸附 R1 pressing→sucking 在态0.30s 0.0kPa
[  232.480] EVT 阀 R1 →抽气位
[  232.503] EVT 泵 开 最差盘压-74.7
[  232.823] EVT 吸附 R1 sucking→attached 在态0.34s -67.2kPa
[  232.826] EVT 相位 R1 wait→stance
[  232.826] EVT 抬落完成，轮到 L2
[  232.895] TLM t= 147.1 L1·A@-76 L2·A@-75 L3·A@-76 R1·A@-69 R2·A@-74 R3·A@-74 罐=无罐 泵=1 阀=111111 速=+0,+0,+0.00 电=8.04V/2.20A/峰2.93 补余=0.0 IO错=0 倾+0.0 自动1/3
[  233.164] EVT 泵 停 最差盘压-75.1
[  233.412] TLM t= 147.6 L1·A@-76 L2·A@-76 L3·A@-76 R1·A@-76 R2·A@-76 R3·A@-76 罐=无罐 泵=0 阀=111111 速=+0,+0,+0.00 电=8.06V/2.12A/峰2.93 补余=0.0 IO错=0 倾+0.0 自动1/3
[  233.919] TLM t= 148.1 L1·A@-76 L2·A@-76 L3·A@-76 R1·A@-75 R2·A@-75 R3·A@-76 罐=无罐 泵=0 阀=111111 速=+0,+0,+0.00 电=8.07V/2.28A/峰2.93 补余=0.0 IO错=0 倾+0.0 自动1/3
[  234.438] TLM t= 148.6 L1·A@-76 L2·A@-75 L3·A@-76 R1·A@-75 R2·A@-75 R3·A@-75 罐=无罐 泵=0 阀=111111 速=+0,+0,+0.00 电=8.07V/2.20A/峰2.93 补余=0.0 IO错=0 倾+0.0 自动1/3
[  234.940] TLM t= 149.1 L1·A@-76 L2·A@-75 L3·A@-76 R1·A@-75 R2·A@-75 R3·A@-74 罐=无罐 泵=0 阀=111111 速=+0,+0,+0.00 电=8.08V/2.20A/峰2.93 补余=0.0 IO错=0 倾+0.0 自动1/3
[  235.461] TLM t= 149.6 L1·A@-76 L2·A@-75 L3·A@-76 R1·A@-75 R2·A@-74 R3·A@-74 罐=无罐 泵=0 阀=111111 速=+0,+0,+0.00 电=8.08V/2.12A/峰2.93 补余=0.0 IO错=0 倾+0.0 自动1/3
[  235.964] TLM t= 150.1 L1·A@-76 L2·A@-74 L3·A@-76 R1·A@-75 R2·A@-74 R3·A@-73 罐=无罐 泵=0 阀=111111 速=+0,+0,+0.00 电=8.05V/2.04A/峰2.93 补余=0.0 IO错=0 倾+0.0 自动1/3
[  236.483] TLM t= 150.6 L1·A@-76 L2·A@-74 L3·A@-76 R1·A@-75 R2·A@-73 R3·A@-73 罐=无罐 泵=0 阀=111111 速=+0,+0,+0.00 电=8.05V/2.28A/峰2.93 补余=0.0 IO错=0 倾+0.0 自动1/3
[  236.991] TLM t= 151.1 L1·A@-76 L2·A@-73 L3·A@-76 R1·A@-75 R2·A@-73 R3·A@-72 罐=无罐 泵=0 阀=111111 速=+0,+0,+0.00 电=8.06V/2.04A/峰2.93 补余=0.0 IO错=0 倾+0.0 自动1/3
[  237.506] TLM t= 151.7 L1·A@-75 L2·A@-73 L3·A@-76 R1·A@-75 R2·A@-73 R3·A@-72 罐=无罐 泵=0 阀=111111 速=+0,+0,+0.00 电=8.05V/2.28A/峰2.93 补余=0.0 IO错=0 倾+0.0 自动1/3
[  238.008] TLM t= 152.2 L1·A@-75 L2·A@-72 L3·A@-76 R1·A@-75 R2·A@-72 R3·A@-71 罐=无罐 泵=0 阀=111111 速=+0,+0,+0.00 电=8.08V/2.12A/峰2.93 补余=0.0 IO错=0 倾+0.0 自动1/3
[  238.530] TLM t= 152.7 L1·A@-75 L2·A@-72 L3·A@-75 R1·A@-75 R2·A@-72 R3·A@-70 罐=无罐 泵=0 阀=111111 速=+0,+0,+0.00 电=8.06V/2.20A/峰2.93 补余=0.0 IO错=0 倾+0.0 自动1/3
[  239.035] TLM t= 153.2 L1·A@-75 L2·A@-72 L3·A@-75 R1·A@-75 R2·A@-72 R3·A@-70 罐=无罐 泵=0 阀=111111 速=+0,+0,+0.00 电=8.07V/2.28A/峰2.93 补余=0.0 IO错=0 倾+0.0 自动1/3
[  239.553] TLM t= 153.7 L1·A@-75 L2·A@-71 L3·A@-75 R1·A@-75 R2·A@-71 R3·A@-69 罐=无罐 泵=0 阀=111111 速=+0,+0,+0.00 电=8.06V/2.28A/峰2.93 补余=0.0 IO错=0 倾+0.0 自动1/3
[  239.779] EVT ⚠ 主环卡顿 238ms（目标 20ms）
[  240.060] TLM t= 154.0 L1·A@-75 L2·A@-71 L3·A@-75 R1·A@-75 R2·A@-71 R3·A@-69 罐=无罐 泵=0 阀=111111 速=+0,+0,+0.00 电=8.06V/2.12A/峰2.93 补余=0.0 IO错=0 倾+0.0 自动1/3
[  240.581] TLM t= 154.5 L1·A@-75 L2·A@-70 L3·A@-75 R1·A@-74 R2·A@-71 R3·A@-68 罐=无罐 泵=0 阀=111111 速=+0,+0,+0.00 电=8.06V/2.28A/峰2.93 补余=0.0 IO错=0 倾+0.0 自动1/3
[  241.089] TLM t= 155.0 L1·A@-75 L2·A@-70 L3·A@-75 R1·A@-74 R2·A@-70 R3·A@-68 罐=无罐 泵=0 阀=111111 速=+0,+0,+0.00 电=8.07V/2.04A/峰2.93 补余=0.0 IO错=0 倾+0.0 自动1/3
[  241.598] TLM t= 155.5 L1·A@-75 L2·A@-70 L3·A@-75 R1·A@-74 R2·A@-70 R3·A@-67 罐=无罐 泵=0 阀=111111 速=+0,+0,+0.00 电=8.07V/2.12A/峰2.93 补余=0.0 IO错=0 倾+0.0 自动1/3
[  242.100] TLM t= 156.0 L1·A@-75 L2·A@-69 L3·A@-75 R1·A@-74 R2·A@-69 R3·A@-67 罐=无罐 泵=0 阀=111111 速=+0,+0,+0.00 电=8.07V/2.28A/峰2.93 补余=0.0 IO错=0 倾+0.0 自动1/3
[  242.624] TLM t= 156.5 L1·A@-74 L2·A@-69 L3·A@-75 R1·A@-74 R2·A@-69 R3·A@-66 罐=无罐 泵=0 阀=111111 速=+0,+0,+0.00 电=8.06V/2.12A/峰2.93 补余=0.0 IO错=0 倾+0.0 自动1/3
[  242.858] EVT 原地抬起受理：L2
[  242.878] EVT 相位 L2 stance→handover
[  243.129] TLM t= 158.1 L1·A@-74 L2ZA@-68 L3·A@-75 R1·A@-74 R2·A@-69 R3·A@-65 罐=无罐 泵=0 阀=111111 速=+0,+0,+0.00 电=8.07V/2.04A/峰2.93 补余=0.0 IO错=0 倾+0.0 自动1/3
[  243.649] TLM t= 158.4 L1·A@-74 L2ZA@-68 L3·A@-75 R1·A@-74 R2·A@-68 R3·A@-65 罐=无罐 泵=0 阀=111111 速=+0,+0,+0.00 电=8.09V/1.71A/峰2.93 补余=0.0 IO错=0 倾+0.0 自动1/3
[  244.150] TLM t= 158.4 L1·A@-74 L2ZA@-68 L3·A@-75 R1·A@-74 R2·A@-68 R3·A@-64 罐=无罐 泵=0 阀=111111 速=+0,+0,+0.00 电=8.06V/1.95A/峰2.93 补余=0.0 IO错=0 倾+0.0 自动1/3
[  244.679] TLM t= 158.4 L1·A@-74 L2ZA@-67 L3·A@-75 R1·A@-74 R2·A@-68 R3·A@-64 罐=无罐 泵=0 阀=111111 速=+0,+0,+0.00 电=8.05V/1.95A/峰2.93 补余=0.0 IO错=0 倾+0.0 自动1/3
[  245.185] TLM t= 158.4 L1·A@-74 L2ZA@-67 L3·A@-75 R1·A@-74 R2·A@-67 R3·A@-63 罐=无罐 泵=0 阀=111111 速=+0,+0,+0.00 电=8.08V/2.04A/峰2.93 补余=0.0 IO错=0 倾+0.0 自动1/3
[  245.276] EVT 吸附 L2 attached→venting 在态191.98s -66.7kPa
[  245.276] EVT 相位 L2 handover→vent 落点Δ(+0.0,+0.0)
[  245.296] EVT 阀 L2 →排气位
[  245.575] EVT 相位 L2 vent→lift
[  245.672] EVT 吸附 L2 venting→released 在态0.40s 0.3kPa
[  245.703] TLM t= 158.4 L1·A@-74 L2Lr@-- L3·A@-75 R1·A@-74 R2·A@-67 R3·A@-63 罐=无罐 泵=0 阀=101111 速=+0,+0,+0.00 电=8.06V/2.12A/峰2.93 补余=0.0 IO错=0 倾+0.0 自动1/3
[  246.208] TLM t= 158.4 L1·A@-74 L2Lr@-- L3·A@-74 R1·A@-74 R2·A@-67 R3·A@-62 罐=无罐 泵=0 阀=101111 速=+0,+0,+0.00 电=8.05V/2.36A/峰2.93 补余=0.0 IO错=0 倾+0.0 自动1/3
[  246.417] EVT 相位 L2 lift→transfer
[  246.725] TLM t= 158.4 L1·A@-74 L2Tr@-- L3·A@-74 R1·A@-74 R2·A@-66 R3·A@-62 罐=无罐 泵=0 阀=101111 速=+0,+0,+0.00 电=8.04V/2.28A/峰2.93 补余=0.0 IO错=0 倾+0.0 自动1/3
[  247.041] EVT 相位 L2 transfer→hover
[  247.230] TLM t= 158.4 L1·A@-74 L2Hr@-- L3·A@-74 R1·A@-74 R2·A@-66 R3·A@-61 罐=无罐 泵=0 阀=101111 速=+0,+0,+0.00 电=8.05V/2.04A/峰2.93 补余=0.0 IO错=0 倾+0.0 自动1/3
[  247.748] TLM t= 158.4 L1·A@-74 L2Hr@-- L3·A@-74 R1·A@-74 R2·A@-66 R3·A@-61 罐=无罐 泵=0 阀=101111 速=+0,+0,+0.00 电=8.04V/2.20A/峰2.93 补余=0.0 IO错=0 倾+0.0 自动1/3
[  248.041] EVT 落地：L2
[  248.064] EVT 相位 L2 hover→descend
[  248.257] TLM t= 158.4 L1·A@-74 L2Dr@-- L3·A@-74 R1·A@-74 R2·A@-65 R3·A@-60 罐=无罐 泵=0 阀=101111 速=+0,+0,+0.00 电=8.04V/2.28A/峰2.93 补余=0.0 IO错=0 倾+0.0 自动1/3
[  248.426] EVT 泵 开 最差盘压-60.0
[  248.546] EVT 相位 L2 descend→press
[  248.771] TLM t= 158.4 L1·A@-73 L2Pr@-- L3·A@-74 R1·A@-74 R2·A@-65 R3·A@-62 罐=无罐 泵=1 阀=101111 速=+0,+0,+0.00 电=8.03V/2.28A/峰2.93 补余=0.0 IO错=0 倾+0.0 自动1/3
[  249.280] TLM t= 158.4 L1·A@-75 L2Pr@-- L3·A@-75 R1·A@-74 R2·A@-76 R3·A@-75 罐=无罐 泵=1 阀=101111 速=+0,+0,+0.00 电=8.00V/2.36A/峰2.93 补余=0.0 IO错=0 倾+0.0 自动1/3
[  249.389] EVT 泵 停 最差盘压-75.6
[  249.749] EVT 吸附 L2 released→pressing 在态4.06s 0.3kPa
[  249.750] EVT 相位 L2 press→wait
[  249.798] TLM t= 158.4 L1·A@-77 L2Wp@-- L3·A@-77 R1·A@-76 R2·A@-76 R3·A@-76 罐=无罐 泵=0 阀=101111 速=+0,+0,+0.00 电=8.05V/2.28A/峰2.93 补余=0.0 IO错=0 倾+0.0 自动1/3
[  250.053] EVT 吸附 L2 pressing→sucking 在态0.30s 0.3kPa
[  250.053] EVT 阀 L2 →抽气位
[  250.068] EVT 泵 开 最差盘压-75.9
[  250.303] TLM t= 158.4 L1·A@-77 L2Ws@-64 L3·A@-77 R1·A@-76 R2·A@-76 R3·A@-76 罐=无罐 泵=1 阀=111111 速=+0,+0,+0.00 电=8.00V/2.20A/峰2.93 补余=0.0 IO错=0 倾+0.0 自动1/3
[  250.329] EVT 吸附 L2 sucking→attached 在态0.28s -66.7kPa
[  250.332] EVT 相位 L2 wait→stance
[  250.332] EVT 抬落完成，轮到 R3
[  250.332] EVT 自动轮换：第 1 轮完成
[  250.670] EVT 泵 停 最差盘压-75.4
[  250.827] TLM t= 158.9 L1·A@-76 L2·A@-76 L3·A@-77 R1·A@-76 R2·A@-76 R3·A@-76 罐=无罐 泵=0 阀=111111 速=+0,+0,+0.00 电=8.05V/2.20A/峰2.93 补余=0.0 IO错=0 倾+0.0 自动2/3
[  251.333] TLM t= 159.4 L1·A@-76 L2·A@-76 L3·A@-77 R1·A@-76 R2·A@-76 R3·A@-75 罐=无罐 泵=0 阀=111111 速=+0,+0,+0.00 电=8.07V/2.04A/峰2.93 补余=0.0 IO错=0 倾+0.0 自动2/3
[  251.847] TLM t= 159.9 L1·A@-76 L2·A@-75 L3·A@-76 R1·A@-76 R2·A@-75 R3·A@-75 罐=无罐 泵=0 阀=111111 速=+0,+0,+0.00 电=8.05V/2.12A/峰2.93 补余=0.0 IO错=0 倾+0.0 自动2/3
[  252.352] TLM t= 160.4 L1·A@-76 L2·A@-75 L3·A@-76 R1·A@-76 R2·A@-75 R3·A@-74 罐=无罐 泵=0 阀=111111 速=+0,+0,+0.00 电=8.04V/2.20A/峰2.93 补余=0.0 IO错=0 倾+0.0 自动2/3
[  252.869] TLM t= 160.9 L1·A@-76 L2·A@-74 L3·A@-76 R1·A@-76 R2·A@-74 R3·A@-74 罐=无罐 泵=0 阀=111111 速=+0,+0,+0.00 电=8.06V/2.04A/峰2.93 补余=0.0 IO错=0 倾+0.0 自动2/3
[  253.377] TLM t= 161.4 L1·A@-76 L2·A@-74 L3·A@-76 R1·A@-76 R2·A@-74 R3·A@-73 罐=无罐 泵=0 阀=111111 速=+0,+0,+0.00 电=8.06V/2.12A/峰2.93 补余=0.0 IO错=0 倾+0.0 自动2/3
[  253.895] TLM t= 161.9 L1·A@-76 L2·A@-73 L3·A@-76 R1·A@-76 R2·A@-74 R3·A@-73 罐=无罐 泵=0 阀=111111 速=+0,+0,+0.00 电=8.04V/2.36A/峰2.93 补余=0.0 IO错=0 倾+0.0 自动2/3
[  254.397] TLM t= 162.4 L1·A@-76 L2·A@-73 L3·A@-76 R1·A@-76 R2·A@-73 R3·A@-72 罐=无罐 泵=0 阀=111111 速=+0,+0,+0.00 电=8.06V/2.12A/峰2.93 补余=0.0 IO错=0 倾+0.0 自动2/3
[  254.919] TLM t= 163.0 L1·A@-76 L2·A@-72 L3·A@-76 R1·A@-76 R2·A@-73 R3·A@-72 罐=无罐 泵=0 阀=111111 速=+0,+0,+0.00 电=8.06V/2.20A/峰2.93 补余=0.0 IO错=0 倾+0.0 自动2/3
[  255.425] TLM t= 163.5 L1·A@-76 L2·A@-72 L3·A@-76 R1·A@-76 R2·A@-73 R3·A@-71 罐=无罐 泵=0 阀=111111 速=+0,+0,+0.00 电=8.05V/2.20A/峰2.93 补余=0.0 IO错=0 倾+0.0 自动2/3
[  255.945] TLM t= 164.0 L1·A@-75 L2·A@-72 L3·A@-76 R1·A@-76 R2·A@-72 R3·A@-70 罐=无罐 泵=0 阀=111111 速=+0,+0,+0.00 电=8.05V/2.28A/峰2.93 补余=0.0 IO错=0 倾+0.0 自动2/3
[  256.450] TLM t= 164.5 L1·A@-75 L2·A@-71 L3·A@-76 R1·A@-76 R2·A@-72 R3·A@-70 罐=无罐 泵=0 阀=111111 速=+0,+0,+0.00 电=8.05V/2.04A/峰2.93 补余=0.0 IO错=0 倾+0.0 自动2/3
[  256.966] TLM t= 165.0 L1·A@-75 L2·A@-71 L3·A@-76 R1·A@-76 R2·A@-71 R3·A@-69 罐=无罐 泵=0 阀=111111 速=+0,+0,+0.00 电=8.05V/2.20A/峰2.93 补余=0.0 IO错=0 倾+0.0 自动2/3
[  257.470] TLM t= 165.5 L1·A@-75 L2·A@-70 L3·A@-76 R1·A@-76 R2·A@-71 R3·A@-69 罐=无罐 泵=0 阀=111111 速=+0,+0,+0.00 电=8.05V/2.12A/峰2.93 补余=0.0 IO错=0 倾+0.0 自动2/3
[  257.991] TLM t= 166.0 L1·A@-75 L2·A@-70 L3·A@-76 R1·A@-75 R2·A@-71 R3·A@-68 罐=无罐 泵=0 阀=111111 速=+0,+0,+0.00 电=8.06V/2.12A/峰2.93 补余=0.0 IO错=0 倾+0.0 自动2/3
[  258.493] TLM t= 166.5 L1·A@-75 L2·A@-70 L3·A@-76 R1·A@-75 R2·A@-70 R3·A@-68 罐=无罐 泵=0 阀=111111 速=+0,+0,+0.00 电=8.06V/2.20A/峰2.93 补余=0.0 IO错=0 倾+0.0 自动2/3
[  259.014] TLM t= 167.0 L1·A@-75 L2·A@-69 L3·A@-75 R1·A@-75 R2·A@-70 R3·A@-67 罐=无罐 泵=0 阀=111111 速=+0,+0,+0.00 电=8.06V/2.28A/峰2.93 补余=0.0 IO错=0 倾+0.0 自动2/3
[  259.518] TLM t= 167.5 L1·A@-75 L2·A@-69 L3·A@-75 R1·A@-75 R2·A@-70 R3·A@-67 罐=无罐 泵=0 阀=111111 速=+0,+0,+0.00 电=8.05V/2.20A/峰2.93 补余=0.0 IO错=0 倾+0.0 自动2/3
[  260.036] TLM t= 168.1 L1·A@-75 L2·A@-68 L3·A@-75 R1·A@-75 R2·A@-69 R3·A@-66 罐=无罐 泵=0 阀=111111 速=+0,+0,+0.00 电=8.07V/2.20A/峰2.93 补余=0.0 IO错=0 倾+0.0 自动2/3
[  260.543] TLM t= 168.6 L1·A@-75 L2·A@-68 L3·A@-75 R1·A@-75 R2·A@-69 R3·A@-66 罐=无罐 泵=0 阀=111111 速=+0,+0,+0.00 电=8.06V/2.20A/峰2.93 补余=0.0 IO错=0 倾+0.0 自动2/3
[  261.063] TLM t= 169.1 L1·A@-75 L2·A@-68 L3·A@-75 R1·A@-75 R2·A@-69 R3·A@-65 罐=无罐 泵=0 阀=111111 速=+0,+0,+0.00 电=8.06V/2.12A/峰2.93 补余=0.0 IO错=0 倾+0.0 自动2/3
[  261.564] TLM t= 169.6 L1·A@-74 L2·A@-67 L3·A@-75 R1·A@-75 R2·A@-68 R3·A@-64 罐=无罐 泵=0 阀=111111 速=+0,+0,+0.00 电=8.05V/2.04A/峰2.93 补余=0.0 IO错=0 倾+0.0 自动2/3
[  262.089] TLM t= 170.1 L1·A@-74 L2·A@-67 L3·A@-75 R1·A@-75 R2·A@-68 R3·A@-64 罐=无罐 泵=0 阀=111111 速=+0,+0,+0.00 电=8.06V/2.12A/峰2.93 补余=0.0 IO错=0 倾+0.0 自动2/3
[  262.594] TLM t= 170.6 L1·A@-74 L2·A@-66 L3·A@-75 R1·A@-75 R2·A@-68 R3·A@-63 罐=无罐 泵=0 阀=111111 速=+0,+0,+0.00 电=8.05V/2.20A/峰2.93 补余=0.0 IO错=0 倾+0.0 自动2/3
[  263.111] TLM t= 171.1 L1·A@-74 L2·A@-66 L3·A@-75 R1·A@-75 R2·A@-67 R3·A@-63 罐=无罐 泵=0 阀=111111 速=+0,+0,+0.00 电=8.05V/2.12A/峰2.93 补余=0.0 IO错=0 倾+0.0 自动2/3
[  263.615] TLM t= 171.6 L1·A@-74 L2·A@-66 L3·A@-75 R1·A@-75 R2·A@-67 R3·A@-62 罐=无罐 泵=0 阀=111111 速=+0,+0,+0.00 电=8.06V/2.04A/峰2.93 补余=0.0 IO错=0 倾+0.0 自动2/3
[  264.133] TLM t= 172.1 L1·A@-74 L2·A@-65 L3·A@-75 R1·A@-75 R2·A@-67 R3·A@-62 罐=无罐 泵=0 阀=111111 速=+0,+0,+0.00 电=8.06V/2.04A/峰2.93 补余=0.0 IO错=0 倾+0.0 自动2/3
[  264.636] TLM t= 172.6 L1·A@-74 L2·A@-65 L3·A@-75 R1·A@-75 R2·A@-66 R3·A@-61 罐=无罐 泵=0 阀=111111 速=+0,+0,+0.00 电=8.05V/2.20A/峰2.93 补余=0.0 IO错=0 倾+0.0 自动2/3
[  265.157] TLM t= 173.2 L1·A@-74 L2·A@-65 L3·A@-75 R1·A@-75 R2·A@-66 R3·A@-61 罐=无罐 泵=0 阀=111111 速=+0,+0,+0.00 电=8.05V/2.12A/峰2.93 补余=0.0 IO错=0 倾+0.0 自动2/3
[  265.351] EVT 自动轮换：第 2 轮开始
[  265.366] EVT 原地抬起受理：R3
[  265.389] EVT 相位 R3 stance→handover
[  265.661] TLM t= 176.7 L1·A@-74 L2·A@-64 L3·A@-75 R1·A@-75 R2·A@-66 R3ZA@-60 罐=无罐 泵=0 阀=111111 速=+0,+0,+0.00 电=8.08V/1.79A/峰2.93 补余=0.0 IO错=0 倾+0.0 自动2/3
[  266.013] EVT 泵 开 最差盘压-59.9
[  266.178] TLM t= 177.0 L1·A@-74 L2·A@-64 L3·A@-75 R1·A@-75 R2·A@-65 R3ZA@-60 罐=无罐 泵=1 阀=111111 速=+0,+0,+0.00 电=8.04V/1.79A/峰2.93 补余=0.0 IO错=0 倾+0.0 自动2/3
[  266.685] TLM t= 177.0 L1·A@-74 L2·A@-72 L3·A@-75 R1·A@-75 R2·A@-73 R3ZA@-73 罐=无罐 泵=1 阀=111111 速=+0,+0,+0.00 电=7.99V/1.79A/峰2.93 补余=0.0 IO错=0 倾+0.0 自动2/3
[  267.036] EVT 泵 停 最差盘压-75.5
[  267.202] TLM t= 177.0 L1·A@-77 L2·A@-77 L3·A@-77 R1·A@-76 R2·A@-77 R3ZA@-77 罐=无罐 泵=0 阀=111111 速=+0,+0,+0.00 电=8.08V/1.87A/峰2.93 补余=0.0 IO错=0 倾+0.0 自动2/3
[  267.577] EVT 吸附 R3 attached→venting 在态106.08s -76.2kPa
[  267.578] EVT 相位 R3 handover→vent 落点Δ(+0.0,+0.0)
[  267.592] EVT 阀 R3 →排气位
[  267.702] TLM t= 177.0 L1·A@-77 L2·A@-76 L3·A@-77 R1·A@-76 R2·A@-76 R3Vv@-76 罐=无罐 泵=0 阀=111110 速=+0,+0,+0.00 电=8.06V/1.79A/峰2.93 补余=0.0 IO错=0 倾+0.0 自动2/3
[  267.876] EVT 相位 R3 vent→lift
[  267.978] EVT 吸附 R3 venting→released 在态0.40s 0.2kPa
[  268.227] TLM t= 177.0 L1·A@-77 L2·A@-76 L3·A@-77 R1·A@-76 R2·A@-76 R3Lr@-- 罐=无罐 泵=0 阀=111110 速=+0,+0,+0.00 电=8.05V/2.12A/峰2.93 补余=0.0 IO错=0 倾+0.0 自动2/3
[  268.719] EVT 相位 R3 lift→transfer
[  268.727] TLM t= 177.0 L1·A@-76 L2·A@-76 L3·A@-77 R1·A@-76 R2·A@-75 R3Tr@-- 罐=无罐 泵=0 阀=111110 速=+0,+0,+0.00 电=8.07V/1.87A/峰2.93 补余=0.0 IO错=0 倾+0.0 自动2/3
[  269.247] TLM t= 177.0 L1·A@-76 L2·A@-75 L3·A@-76 R1·A@-76 R2·A@-75 R3Tr@-- 罐=无罐 泵=0 阀=111110 速=+0,+0,+0.00 电=8.03V/2.20A/峰2.93 补余=0.0 IO错=0 倾+0.0 自动2/3
[  269.339] EVT 相位 R3 transfer→hover
[  269.752] TLM t= 177.0 L1·A@-76 L2·A@-75 L3·A@-76 R1·A@-76 R2·A@-74 R3Hr@-- 罐=无罐 泵=0 阀=111110 速=+0,+0,+0.00 电=8.06V/1.87A/峰2.93 补余=0.0 IO错=0 倾+0.0 自动2/3
[  270.273] TLM t= 177.0 L1·A@-76 L2·A@-74 L3·A@-76 R1·A@-76 R2·A@-74 R3Hr@-- 罐=无罐 泵=0 阀=111110 速=+0,+0,+0.00 电=8.03V/2.20A/峰2.93 补余=0.0 IO错=0 倾+0.0 自动2/3
[  270.344] EVT 落地：R3
[  270.362] EVT 相位 R3 hover→descend
[  270.773] TLM t= 177.0 L1·A@-76 L2·A@-74 L3·A@-76 R1·A@-76 R2·A@-74 R3Dr@-- 罐=无罐 泵=0 阀=111110 速=+0,+0,+0.00 电=8.04V/2.12A/峰2.93 补余=0.0 IO错=0 倾+0.0 自动2/3
[  270.843] EVT 相位 R3 descend→press
[  271.300] TLM t= 177.0 L1·A@-76 L2·A@-73 L3·A@-76 R1·A@-76 R2·A@-73 R3Pr@-- 罐=无罐 泵=0 阀=111110 速=+0,+0,+0.00 电=8.05V/2.04A/峰2.93 补余=0.0 IO错=0 倾+0.0 自动2/3
[  271.806] TLM t= 177.0 L1·A@-76 L2·A@-73 L3·A@-76 R1·A@-76 R2·A@-73 R3Pr@-- 罐=无罐 泵=0 阀=111110 速=+0,+0,+0.00 电=8.06V/2.12A/峰2.93 补余=0.0 IO错=0 倾+0.0 自动2/3
[  272.049] EVT 吸附 R3 released→pressing 在态4.06s 0.2kPa
[  272.050] EVT 相位 R3 press→wait
[  272.325] TLM t= 177.0 L1·A@-76 L2·A@-73 L3·A@-76 R1·A@-76 R2·A@-73 R3Wp@-- 罐=无罐 泵=0 阀=111110 速=+0,+0,+0.00 电=8.05V/2.04A/峰2.93 补余=0.0 IO错=0 倾+0.0 自动2/3
[  272.350] EVT 吸附 R3 pressing→sucking 在态0.30s 0.2kPa
[  272.351] EVT 阀 R3 →抽气位
[  272.379] EVT 泵 开 最差盘压-72.5
[  272.699] EVT 吸附 R3 sucking→attached 在态0.34s -64.3kPa
[  272.700] EVT 相位 R3 wait→stance
[  272.700] EVT 抬落完成，轮到 L1
[  272.829] TLM t= 177.1 L1·A@-76 L2·A@-72 L3·A@-76 R1·A@-76 R2·A@-72 R3·A@-69 罐=无罐 泵=1 阀=111111 速=+0,+0,+0.00 电=8.04V/1.87A/峰2.93 补余=0.0 IO错=0 倾+0.0 自动2/3
[  273.121] EVT 泵 停 最差盘压-75.1
[  273.351] TLM t= 177.6 L1·A@-76 L2·A@-76 L3·A@-76 R1·A@-76 R2·A@-76 R3·A@-76 罐=无罐 泵=0 阀=111111 速=+0,+0,+0.00 电=8.07V/2.04A/峰2.93 补余=0.0 IO错=0 倾+0.0 自动2/3
[  273.856] TLM t= 178.1 L1·A@-76 L2·A@-76 L3·A@-76 R1·A@-76 R2·A@-75 R3·A@-75 罐=无罐 泵=0 阀=111111 速=+0,+0,+0.00 电=8.06V/2.04A/峰2.93 补余=0.0 IO错=0 倾+0.0 自动2/3
[  274.377] TLM t= 178.7 L1·A@-76 L2·A@-75 L3·A@-76 R1·A@-76 R2·A@-75 R3·A@-74 罐=无罐 泵=0 阀=111111 速=+0,+0,+0.00 电=8.07V/2.12A/峰2.93 补余=0.0 IO错=0 倾+0.0 自动2/3
[  274.880] TLM t= 179.2 L1·A@-76 L2·A@-75 L3·A@-76 R1·A@-76 R2·A@-74 R3·A@-74 罐=无罐 泵=0 阀=111111 速=+0,+0,+0.00 电=8.05V/1.95A/峰2.93 补余=0.0 IO错=0 倾+0.0 自动2/3
[  275.403] TLM t= 179.7 L1·A@-75 L2·A@-74 L3·A@-76 R1·A@-76 R2·A@-74 R3·A@-73 罐=无罐 泵=0 阀=111111 速=+0,+0,+0.00 电=8.05V/2.04A/峰2.93 补余=0.0 IO错=0 倾+0.0 自动2/3
[  275.909] TLM t= 180.2 L1·A@-75 L2·A@-74 L3·A@-76 R1·A@-75 R2·A@-73 R3·A@-73 罐=无罐 泵=0 阀=111111 速=+0,+0,+0.00 电=8.06V/1.95A/峰2.93 补余=0.0 IO错=0 倾+0.0 自动2/3
[  276.425] TLM t= 180.7 L1·A@-75 L2·A@-73 L3·A@-76 R1·A@-75 R2·A@-73 R3·A@-72 罐=无罐 泵=0 阀=111111 速=+0,+0,+0.00 电=8.06V/2.12A/峰2.93 补余=0.0 IO错=0 倾+0.0 自动2/3
[  276.929] TLM t= 181.2 L1·A@-75 L2·A@-73 L3·A@-75 R1·A@-75 R2·A@-73 R3·A@-72 罐=无罐 泵=0 阀=111111 速=+0,+0,+0.00 电=8.06V/2.12A/峰2.93 补余=0.0 IO错=0 倾+0.0 自动2/3
[  277.451] TLM t= 181.7 L1·A@-75 L2·A@-73 L3·A@-75 R1·A@-75 R2·A@-72 R3·A@-71 罐=无罐 泵=0 阀=111111 速=+0,+0,+0.00 电=8.06V/2.12A/峰2.93 补余=0.0 IO错=0 倾+0.0 自动2/3
[  277.955] TLM t= 182.2 L1·A@-75 L2·A@-72 L3·A@-75 R1·A@-75 R2·A@-72 R3·A@-70 罐=无罐 泵=0 阀=111111 速=+0,+0,+0.00 电=8.05V/1.95A/峰2.93 补余=0.0 IO错=0 倾+0.0 自动2/3
[  278.477] TLM t= 182.7 L1·A@-75 L2·A@-72 L3·A@-75 R1·A@-75 R2·A@-72 R3·A@-70 罐=无罐 泵=0 阀=111111 速=+0,+0,+0.00 电=8.06V/1.95A/峰2.93 补余=0.0 IO错=0 倾+0.0 自动2/3
[  278.983] TLM t= 183.2 L1·A@-75 L2·A@-71 L3·A@-75 R1·A@-75 R2·A@-71 R3·A@-69 罐=无罐 泵=0 阀=111111 速=+0,+0,+0.00 电=8.05V/2.12A/峰2.93 补余=0.0 IO错=0 倾+0.0 自动2/3
[  279.501] TLM t= 183.8 L1·A@-75 L2·A@-71 L3·A@-75 R1·A@-75 R2·A@-71 R3·A@-69 罐=无罐 泵=0 阀=111111 速=+0,+0,+0.00 电=8.04V/2.04A/峰2.93 补余=0.0 IO错=0 倾+0.0 自动2/3
[  280.003] TLM t= 184.3 L1·A@-75 L2·A@-70 L3·A@-75 R1·A@-75 R2·A@-71 R3·A@-68 罐=无罐 泵=0 阀=111111 速=+0,+0,+0.00 电=8.06V/1.95A/峰2.93 补余=0.0 IO错=0 倾+0.0 自动2/3
[  280.526] TLM t= 184.8 L1·A@-74 L2·A@-70 L3·A@-75 R1·A@-75 R2·A@-70 R3·A@-68 罐=无罐 泵=0 阀=111111 速=+0,+0,+0.00 电=8.07V/1.95A/峰2.93 补余=0.0 IO错=0 倾+0.0 自动2/3
[  281.030] TLM t= 185.3 L1·A@-74 L2·A@-70 L3·A@-75 R1·A@-75 R2·A@-70 R3·A@-67 罐=无罐 泵=0 阀=111111 速=+0,+0,+0.00 电=8.06V/2.12A/峰2.93 补余=0.0 IO错=0 倾+0.0 自动2/3
[  281.551] TLM t= 185.8 L1·A@-74 L2·A@-69 L3·A@-75 R1·A@-75 R2·A@-70 R3·A@-66 罐=无罐 泵=0 阀=111111 速=+0,+0,+0.00 电=8.06V/2.20A/峰2.93 补余=0.0 IO错=0 倾+0.0 自动2/3
[  282.053] TLM t= 186.3 L1·A@-74 L2·A@-69 L3·A@-75 R1·A@-75 R2·A@-69 R3·A@-66 罐=无罐 泵=0 阀=111111 速=+0,+0,+0.00 电=8.06V/2.28A/峰2.93 补余=0.0 IO错=0 倾+0.0 自动2/3
[  282.577] TLM t= 186.8 L1·A@-74 L2·A@-69 L3·A@-75 R1·A@-75 R2·A@-69 R3·A@-65 罐=无罐 泵=0 阀=111111 速=+0,+0,+0.00 电=8.04V/2.12A/峰2.93 补余=0.0 IO错=0 倾+0.0 自动2/3
[  282.723] EVT 原地抬起受理：L1
[  282.751] EVT 相位 L1 stance→handover
[  283.079] TLM t= 188.1 L1ZA@-74 L2·A@-68 L3·A@-75 R1·A@-75 R2·A@-68 R3·A@-65 罐=无罐 泵=0 阀=111111 速=+0,+0,+0.00 电=8.08V/1.79A/峰2.93 补余=0.0 IO错=0 倾+0.0 自动2/3
[  283.603] TLM t= 188.4 L1ZA@-74 L2·A@-68 L3·A@-75 R1·A@-75 R2·A@-68 R3·A@-64 罐=无罐 泵=0 阀=111111 速=+0,+0,+0.00 电=8.08V/1.55A/峰2.93 补余=0.0 IO错=0 倾+0.0 自动2/3
[  284.104] TLM t= 188.4 L1ZA@-74 L2·A@-67 L3·A@-75 R1·A@-75 R2·A@-68 R3·A@-64 罐=无罐 泵=0 阀=111111 速=+0,+0,+0.00 电=8.08V/1.79A/峰2.93 补余=0.0 IO错=0 倾+0.0 自动2/3
[  284.627] TLM t= 188.4 L1ZA@-74 L2·A@-67 L3·A@-74 R1·A@-75 R2·A@-67 R3·A@-63 罐=无罐 泵=0 阀=111111 速=+0,+0,+0.00 电=8.06V/1.87A/峰2.93 补余=0.0 IO错=0 倾+0.0 自动2/3
[  285.129] TLM t= 188.4 L1ZA@-74 L2·A@-67 L3·A@-74 R1·A@-75 R2·A@-67 R3·A@-63 罐=无罐 泵=0 阀=111111 速=+0,+0,+0.00 电=8.05V/2.04A/峰2.93 补余=0.0 IO错=0 倾+0.0 自动2/3
[  285.653] TLM t= 188.4 L1ZA@-73 L2·A@-66 L3·A@-74 R1·A@-75 R2·A@-67 R3·A@-62 罐=无罐 泵=0 阀=111111 速=+0,+0,+0.00 电=8.05V/2.28A/峰2.93 补余=0.0 IO错=0 倾+0.0 自动2/3
[  285.846] EVT 吸附 L1 attached→venting 在态106.08s -73.5kPa
[  285.847] EVT 相位 L1 handover→vent 落点Δ(+0.0,+0.0)
[  285.859] EVT 阀 L1 →排气位
[  286.148] EVT 相位 L1 vent→lift
[  286.156] TLM t= 188.4 L1Lv@-73 L2·A@-66 L3·A@-74 R1·A@-75 R2·A@-66 R3·A@-62 罐=无罐 泵=0 阀=011111 速=+0,+0,+0.00 电=8.02V/2.52A/峰2.93 补余=0.0 IO错=0 倾+0.0 自动2/3
[  286.247] EVT 吸附 L1 venting→released 在态0.40s 0.0kPa
[  286.673] TLM t= 188.4 L1Lr@-- L2·A@-65 L3·A@-74 R1·A@-75 R2·A@-66 R3·A@-61 罐=无罐 泵=0 阀=011111 速=+0,+0,+0.00 电=8.02V/2.36A/峰2.93 补余=0.0 IO错=0 倾+0.0 自动2/3
[  286.990] EVT 相位 L1 lift→transfer
[  287.179] TLM t= 188.4 L1Tr@-- L2·A@-65 L3·A@-74 R1·A@-75 R2·A@-66 R3·A@-61 罐=无罐 泵=0 阀=011111 速=+0,+0,+0.00 电=8.02V/2.52A/峰2.93 补余=0.0 IO错=0 倾+0.0 自动2/3
[  287.604] EVT 相位 L1 transfer→hover
[  287.629] EVT 泵 开 最差盘压-60.0
[  287.699] TLM t= 188.4 L1Hr@-- L2·A@-65 L3·A@-74 R1·A@-75 R2·A@-65 R3·A@-60 罐=无罐 泵=1 阀=011111 速=+0,+0,+0.00 电=7.95V/2.52A/峰2.93 补余=0.0 IO错=0 倾+0.0 自动2/3
[  288.200] TLM t= 188.4 L1Hr@-- L2·A@-71 L3·A@-74 R1·A@-75 R2·A@-71 R3·A@-71 罐=无罐 泵=1 阀=011111 速=+0,+0,+0.00 电=8.01V/2.44A/峰2.93 补余=0.0 IO错=0 倾+0.0 自动2/3
[  288.615] EVT 泵 停 最差盘压-75.3
[  288.615] EVT 落地：L1
[  288.627] EVT 相位 L1 hover→descend
[  288.719] TLM t= 188.4 L1Dr@-- L2·A@-77 L3·A@-77 R1·A@-76 R2·A@-77 R3·A@-77 罐=无罐 泵=0 阀=011111 速=+0,+0,+0.00 电=8.03V/2.36A/峰2.93 补余=0.0 IO错=0 倾+0.0 自动2/3
[  289.108] EVT 相位 L1 descend→press
[  289.226] TLM t= 188.4 L1Pr@-- L2·A@-76 L3·A@-76 R1·A@-76 R2·A@-76 R3·A@-76 罐=无罐 泵=0 阀=011111 速=+0,+0,+0.00 电=8.01V/2.60A/峰2.93 补余=0.0 IO错=0 倾+0.0 自动2/3
[  289.746] TLM t= 188.4 L1Pr@-- L2·A@-76 L3·A@-76 R1·A@-76 R2·A@-75 R3·A@-75 罐=无罐 泵=0 阀=011111 速=+0,+0,+0.00 电=8.02V/2.69A/峰2.93 补余=0.0 IO错=0 倾+0.0 自动2/3
[  290.250] TLM t= 188.4 L1Pr@-- L2·A@-76 L3·A@-76 R1·A@-76 R2·A@-75 R3·A@-75 罐=无罐 泵=0 阀=011111 速=+0,+0,+0.00 电=8.01V/2.28A/峰2.93 补余=0.0 IO错=0 倾+0.0 自动2/3
[  290.313] EVT 吸附 L1 released→pressing 在态4.06s 0.0kPa
[  290.313] EVT 相位 L1 press→wait
[  290.614] EVT 吸附 L1 pressing→sucking 在态0.30s 0.0kPa
[  290.614] EVT 阀 L1 →抽气位
[  290.642] EVT 泵 开 最差盘压-74.3
[  290.772] TLM t= 188.4 L1Ws@-34 L2·A@-75 L3·A@-76 R1·A@-76 R2·A@-75 R3·A@-74 罐=无罐 泵=1 阀=111111 速=+0,+0,+0.00 电=7.98V/2.28A/峰2.93 补余=0.0 IO错=0 倾+0.0 自动2/3
[  290.958] EVT 吸附 L1 sucking→attached 在态0.34s -64.7kPa
[  290.966] EVT 相位 L1 wait→stance
[  290.966] EVT 抬落完成，轮到 R2
[  291.275] TLM t= 188.7 L1·A@-74 L2·A@-75 L3·A@-76 R1·A@-76 R2·A@-74 R3·A@-74 罐=无罐 泵=1 阀=111111 速=+0,+0,+0.00 电=7.98V/2.36A/峰2.93 补余=0.0 IO错=0 倾+0.0 自动2/3
[  291.367] EVT 泵 停 最差盘压-75.2
[  291.798] TLM t= 189.2 L1·A@-76 L2·A@-76 L3·A@-76 R1·A@-76 R2·A@-76 R3·A@-76 罐=无罐 泵=0 阀=111111 速=+0,+0,+0.00 电=8.03V/2.28A/峰2.93 补余=0.0 IO错=0 倾+0.0 自动2/3
[  292.306] TLM t= 189.7 L1·A@-76 L2·A@-76 L3·A@-76 R1·A@-76 R2·A@-75 R3·A@-75 罐=无罐 泵=0 阀=111111 速=+0,+0,+0.00 电=8.02V/2.12A/峰2.93 补余=0.0 IO错=0 倾+0.0 自动2/3
[  292.822] TLM t= 190.2 L1·A@-75 L2·A@-75 L3·A@-76 R1·A@-76 R2·A@-75 R3·A@-74 罐=无罐 泵=0 阀=111111 速=+0,+0,+0.00 电=8.04V/2.28A/峰2.93 补余=0.0 IO错=0 倾+0.0 自动2/3
[  293.326] TLM t= 190.7 L1·A@-75 L2·A@-75 L3·A@-76 R1·A@-76 R2·A@-74 R3·A@-74 罐=无罐 泵=0 阀=111111 速=+0,+0,+0.00 电=8.02V/2.28A/峰2.93 补余=0.0 IO错=0 倾+0.0 自动2/3
[  293.851] TLM t= 191.3 L1·A@-75 L2·A@-74 L3·A@-76 R1·A@-76 R2·A@-74 R3·A@-73 罐=无罐 泵=0 阀=111111 速=+0,+0,+0.00 电=8.02V/2.20A/峰2.93 补余=0.0 IO错=0 倾+0.0 自动2/3
[  294.358] TLM t= 191.8 L1·A@-75 L2·A@-74 L3·A@-76 R1·A@-76 R2·A@-74 R3·A@-73 罐=无罐 泵=0 阀=111111 速=+0,+0,+0.00 电=8.06V/2.44A/峰2.93 补余=0.0 IO错=0 倾+0.0 自动2/3
[  294.881] TLM t= 192.3 L1·A@-75 L2·A@-73 L3·A@-75 R1·A@-75 R2·A@-73 R3·A@-72 罐=无罐 泵=0 阀=111111 速=+0,+0,+0.00 电=8.02V/2.12A/峰2.93 补余=0.0 IO错=0 倾+0.0 自动2/3
[  295.386] TLM t= 192.8 L1·A@-75 L2·A@-73 L3·A@-75 R1·A@-75 R2·A@-73 R3·A@-72 罐=无罐 泵=0 阀=111111 速=+0,+0,+0.00 电=8.04V/2.28A/峰2.93 补余=0.0 IO错=0 倾+0.0 自动2/3
[  295.906] TLM t= 193.3 L1·A@-75 L2·A@-73 L3·A@-75 R1·A@-75 R2·A@-73 R3·A@-71 罐=无罐 泵=0 阀=111111 速=+0,+0,+0.00 电=8.04V/2.28A/峰2.93 补余=0.0 IO错=0 倾+0.0 自动2/3
[  296.408] TLM t= 193.8 L1·A@-74 L2·A@-72 L3·A@-75 R1·A@-75 R2·A@-72 R3·A@-71 罐=无罐 泵=0 阀=111111 速=+0,+0,+0.00 电=8.03V/2.93A/峰2.93 补余=0.0 IO错=0 倾+0.0 自动2/3
[  296.933] TLM t= 194.3 L1·A@-74 L2·A@-72 L3·A@-75 R1·A@-75 R2·A@-72 R3·A@-70 罐=无罐 泵=0 阀=111111 速=+0,+0,+0.00 电=8.04V/2.28A/峰2.93 补余=0.0 IO错=0 倾+0.0 自动2/3
[  297.438] TLM t= 194.8 L1·A@-74 L2·A@-71 L3·A@-75 R1·A@-75 R2·A@-71 R3·A@-69 罐=无罐 泵=0 阀=111111 速=+0,+0,+0.00 电=8.05V/2.20A/峰2.93 补余=0.0 IO错=0 倾+0.0 自动2/3
[  297.945] TLM t= 195.3 L1·A@-74 L2·A@-71 L3·A@-75 R1·A@-75 R2·A@-71 R3·A@-69 罐=无罐 泵=0 阀=111111 速=+0,+0,+0.00 电=8.05V/2.20A/峰2.93 补余=0.0 IO错=0 倾+0.0 自动2/3
[  298.452] TLM t= 195.8 L1·A@-74 L2·A@-71 L3·A@-75 R1·A@-75 R2·A@-71 R3·A@-68 罐=无罐 泵=0 阀=111111 速=+0,+0,+0.00 电=8.04V/2.36A/峰2.93 补余=0.0 IO错=0 倾+0.0 自动2/3
[  298.970] TLM t= 196.3 L1·A@-74 L2·A@-70 L3·A@-75 R1·A@-75 R2·A@-70 R3·A@-68 罐=无罐 泵=0 阀=111111 速=+0,+0,+0.00 电=8.05V/2.20A/峰2.93 补余=0.0 IO错=0 倾+0.0 自动2/3
[  299.475] TLM t= 196.8 L1·A@-74 L2·A@-70 L3·A@-75 R1·A@-75 R2·A@-70 R3·A@-67 罐=无罐 泵=0 阀=111111 速=+0,+0,+0.00 电=8.04V/2.28A/峰2.93 补余=0.0 IO错=0 倾+0.0 自动2/3
[  299.994] TLM t= 197.3 L1·A@-74 L2·A@-69 L3·A@-75 R1·A@-75 R2·A@-70 R3·A@-67 罐=无罐 泵=0 阀=111111 速=+0,+0,+0.00 电=8.02V/2.28A/峰2.93 补余=0.0 IO错=0 倾+0.0 自动2/3
[  300.496] TLM t= 197.8 L1·A@-73 L2·A@-69 L3·A@-74 R1·A@-75 R2·A@-69 R3·A@-66 罐=无罐 泵=0 阀=111111 速=+0,+0,+0.00 电=8.04V/2.28A/峰2.93 补余=0.0 IO错=0 倾+0.0 自动2/3
[  300.982] EVT 原地抬起受理：R2
[  301.010] EVT 相位 R2 stance→handover
[  301.021] TLM t= 199.2 L1·A@-73 L2·A@-69 L3·A@-74 R1·A@-75 R2ZA@-69 R3·A@-66 罐=无罐 泵=0 阀=111111 速=+0,+0,+0.00 电=8.01V/2.44A/峰2.93 补余=0.0 IO错=0 倾+0.0 自动2/3
[  301.535] TLM t= 199.7 L1·A@-73 L2·A@-68 L3·A@-74 R1·A@-75 R2ZA@-69 R3·A@-65 罐=无罐 泵=0 阀=111111 速=+0,+0,+0.00 电=8.04V/2.28A/峰2.93 补余=0.0 IO错=0 倾+0.0 自动2/3
[  302.041] TLM t= 199.8 L1·A@-73 L2·A@-68 L3·A@-74 R1·A@-75 R2ZA@-68 R3·A@-65 罐=无罐 泵=0 阀=111111 速=+0,+0,+0.00 电=8.05V/2.28A/峰2.93 补余=0.0 IO错=0 倾+0.0 自动2/3
[  302.544] TLM t= 199.8 L1·A@-73 L2·A@-68 L3·A@-74 R1·A@-75 R2ZA@-68 R3·A@-64 罐=无罐 泵=0 阀=111111 速=+0,+0,+0.00 电=8.06V/2.04A/峰2.93 补余=0.0 IO错=0 倾+0.0 自动2/3
[  303.065] TLM t= 199.8 L1·A@-73 L2·A@-67 L3·A@-74 R1·A@-75 R2ZA@-68 R3·A@-64 罐=无罐 泵=0 阀=111111 速=+0,+0,+0.00 电=8.04V/2.28A/峰2.93 补余=0.0 IO错=0 倾+0.0 自动2/3
[  303.197] EVT 吸附 R2 attached→venting 在态106.10s -67.4kPa
[  303.198] EVT 相位 R2 handover→vent 落点Δ(+0.0,+0.0)
[  303.211] EVT 阀 R2 →排气位
[  303.496] EVT 相位 R2 vent→lift
[  303.564] TLM t= 199.8 L1·A@-73 L2·A@-67 L3·A@-74 R1·A@-75 R2Lv@-67 R3·A@-63 罐=无罐 泵=0 阀=111101 速=+0,+0,+0.00 电=8.02V/2.36A/峰2.93 补余=0.0 IO错=0 倾+0.0 自动2/3
[  303.619] EVT 吸附 R2 venting→released 在态0.42s -0.0kPa
[  304.089] TLM t= 199.8 L1·A@-73 L2·A@-66 L3·A@-74 R1·A@-75 R2Lr@-- R3·A@-63 罐=无罐 泵=0 阀=111101 速=+0,+0,+0.00 电=8.02V/2.44A/峰2.93 补余=0.0 IO错=0 倾+0.0 自动2/3
[  304.342] EVT 相位 R2 lift→transfer
[  304.590] TLM t= 199.8 L1·A@-72 L2·A@-66 L3·A@-74 R1·A@-75 R2Tr@-- R3·A@-62 罐=无罐 泵=0 阀=111101 速=+0,+0,+0.00 电=8.02V/2.60A/峰2.93 补余=0.0 IO错=0 倾+0.0 自动2/3
[  304.959] EVT 相位 R2 transfer→hover
[  305.116] TLM t= 199.8 L1·A@-72 L2·A@-66 L3·A@-74 R1·A@-75 R2Hr@-- R3·A@-61 罐=无罐 泵=0 阀=111101 速=+0,+0,+0.00 电=8.02V/2.12A/峰2.93 补余=0.0 IO错=0 倾+0.0 自动2/3
[  305.618] TLM t= 199.8 L1·A@-72 L2·A@-65 L3·A@-74 R1·A@-74 R2Hr@-- R3·A@-61 罐=无罐 泵=0 阀=111101 速=+0,+0,+0.00 电=8.03V/2.28A/峰2.93 补余=0.0 IO错=0 倾+0.0 自动2/3
[  305.969] EVT 落地：R2
[  305.984] EVT 相位 R2 hover→descend
[  306.140] TLM t= 199.8 L1·A@-72 L2·A@-65 L3·A@-74 R1·A@-74 R2Dr@-- R3·A@-60 罐=无罐 泵=0 阀=111101 速=+0,+0,+0.00 电=8.03V/2.44A/峰2.93 补余=0.0 IO错=0 倾+0.0 自动2/3
[  306.452] EVT 泵 开 最差盘压-60.0
[  306.467] EVT 相位 R2 descend→press
[  306.640] TLM t= 199.8 L1·A@-72 L2·A@-65 L3·A@-74 R1·A@-74 R2Pr@-- R3·A@-60 罐=无罐 泵=1 阀=111101 速=+0,+0,+0.00 电=7.96V/2.28A/峰2.93 补余=0.0 IO错=0 倾+0.0 自动2/3
[  307.164] TLM t= 199.8 L1·A@-74 L2·A@-74 L3·A@-74 R1·A@-74 R2Pr@-- R3·A@-73 罐=无罐 泵=1 阀=111101 速=+0,+0,+0.00 电=8.00V/2.36A/峰2.93 补余=0.0 IO错=0 倾+0.0 自动2/3
[  307.415] EVT 泵 停 最差盘压-75.0
[  307.663] TLM t= 199.8 L1·A@-77 L2·A@-77 L3·A@-77 R1·A@-76 R2Pr@-- R3·A@-76 罐=无罐 泵=0 阀=111101 速=+0,+0,+0.00 电=8.01V/2.60A/峰2.93 补余=0.0 IO错=0 倾+0.0 自动2/3
[  307.670] EVT 吸附 R2 released→pressing 在态4.04s -0.0kPa
[  307.671] EVT 相位 R2 press→wait
[  307.999] EVT 吸附 R2 pressing→sucking 在态0.32s -0.0kPa
[  307.999] EVT 阀 R2 →抽气位
[  308.019] EVT 泵 开 最差盘压-75.9
[  308.189] TLM t= 199.8 L1·A@-76 L2·A@-76 L3·A@-76 R1·A@-76 R2Ws@-68 R3·A@-76 罐=无罐 泵=1 阀=111111 速=+0,+0,+0.00 电=7.95V/2.36A/峰2.93 补余=0.0 IO错=0 倾+0.0 自动2/3
[  308.302] EVT 吸附 R2 sucking→attached 在态0.30s -68.9kPa
[  308.302] EVT 相位 R2 wait→stance
[  308.302] EVT 抬落完成，轮到 L3
[  308.692] TLM t= 200.2 L1·A@-76 L2·A@-76 L3·A@-76 R1·A@-76 R2·A@-75 R3·A@-75 罐=无罐 泵=1 阀=111111 速=+0,+0,+0.00 电=7.97V/2.44A/峰2.93 补余=0.0 IO错=0 倾+0.0 自动2/3
[  308.744] EVT 泵 停 最差盘压-75.6
[  309.215] TLM t= 200.7 L1·A@-76 L2·A@-76 L3·A@-76 R1·A@-76 R2·A@-75 R3·A@-76 罐=无罐 泵=0 阀=111111 速=+0,+0,+0.00 电=8.04V/2.52A/峰2.93 补余=0.0 IO错=0 倾+0.0 自动2/3
[  309.720] TLM t= 201.2 L1·A@-76 L2·A@-76 L3·A@-76 R1·A@-76 R2·A@-74 R3·A@-75 罐=无罐 泵=0 阀=111111 速=+0,+0,+0.00 电=8.04V/2.36A/峰2.93 补余=0.0 IO错=0 倾+0.0 自动2/3
[  310.244] TLM t= 201.7 L1·A@-76 L2·A@-75 L3·A@-76 R1·A@-76 R2·A@-74 R3·A@-75 罐=无罐 泵=0 阀=111111 速=+0,+0,+0.00 电=8.02V/2.36A/峰2.93 补余=0.0 IO错=0 倾+0.0 自动2/3
[  310.747] TLM t= 202.2 L1·A@-76 L2·A@-75 L3·A@-76 R1·A@-76 R2·A@-73 R3·A@-74 罐=无罐 泵=0 阀=111111 速=+0,+0,+0.00 电=8.02V/2.52A/峰2.93 补余=0.0 IO错=0 倾+0.0 自动2/3
[  311.271] TLM t= 202.7 L1·A@-76 L2·A@-74 L3·A@-76 R1·A@-76 R2·A@-73 R3·A@-73 罐=无罐 泵=0 阀=111111 速=+0,+0,+0.00 电=8.04V/2.44A/峰2.93 补余=0.0 IO错=0 倾+0.0 自动2/3
[  311.775] TLM t= 203.2 L1·A@-76 L2·A@-74 L3·A@-76 R1·A@-75 R2·A@-72 R3·A@-73 罐=无罐 泵=0 阀=111111 速=+0,+0,+0.00 电=8.01V/2.44A/峰2.93 补余=0.0 IO错=0 倾+0.0 自动2/3
[  312.293] TLM t= 203.8 L1·A@-75 L2·A@-74 L3·A@-76 R1·A@-75 R2·A@-72 R3·A@-72 罐=无罐 泵=0 阀=111111 速=+0,+0,+0.00 电=8.01V/2.52A/峰2.93 补余=0.0 IO错=0 倾+0.0 自动2/3
[  312.800] TLM t= 204.3 L1·A@-75 L2·A@-73 L3·A@-76 R1·A@-75 R2·A@-71 R3·A@-72 罐=无罐 泵=0 阀=111111 速=+0,+0,+0.00 电=8.03V/2.44A/峰2.93 补余=0.0 IO错=0 倾+0.0 自动2/3
[  313.319] TLM t= 204.8 L1·A@-75 L2·A@-73 L3·A@-76 R1·A@-75 R2·A@-71 R3·A@-71 罐=无罐 泵=0 阀=111111 速=+0,+0,+0.00 电=8.02V/2.28A/峰2.93 补余=0.0 IO错=0 倾+0.0 自动2/3
[  313.824] TLM t= 205.3 L1·A@-75 L2·A@-72 L3·A@-76 R1·A@-75 R2·A@-71 R3·A@-71 罐=无罐 泵=0 阀=111111 速=+0,+0,+0.00 电=8.02V/2.36A/峰2.93 补余=0.0 IO错=0 倾+0.0 自动2/3
[  314.345] TLM t= 205.8 L1·A@-75 L2·A@-72 L3·A@-76 R1·A@-75 R2·A@-70 R3·A@-70 罐=无罐 泵=0 阀=111111 速=+0,+0,+0.00 电=8.02V/2.36A/峰2.93 补余=0.0 IO错=0 倾+0.0 自动2/3
[  314.849] TLM t= 206.3 L1·A@-75 L2·A@-72 L3·A@-76 R1·A@-75 R2·A@-70 R3·A@-69 罐=无罐 泵=0 阀=111111 速=+0,+0,+0.00 电=8.01V/2.52A/峰2.93 补余=0.0 IO错=0 倾+0.0 自动2/3
[  315.369] TLM t= 206.8 L1·A@-75 L2·A@-71 L3·A@-75 R1·A@-75 R2·A@-70 R3·A@-69 罐=无罐 泵=0 阀=111111 速=+0,+0,+0.00 电=8.02V/2.28A/峰2.93 补余=0.0 IO错=0 倾+0.0 自动2/3
[  315.873] TLM t= 207.3 L1·A@-75 L2·A@-71 L3·A@-75 R1·A@-75 R2·A@-69 R3·A@-68 罐=无罐 泵=0 阀=111111 速=+0,+0,+0.00 电=8.01V/2.36A/峰2.93 补余=0.0 IO错=0 倾+0.0 自动2/3
[  316.394] TLM t= 207.8 L1·A@-75 L2·A@-70 L3·A@-75 R1·A@-75 R2·A@-69 R3·A@-68 罐=无罐 泵=0 阀=111111 速=+0,+0,+0.00 电=8.02V/2.44A/峰2.93 补余=0.0 IO错=0 倾+0.0 自动2/3
[  316.897] TLM t= 208.3 L1·A@-74 L2·A@-70 L3·A@-75 R1·A@-75 R2·A@-68 R3·A@-67 罐=无罐 泵=0 阀=111111 速=+0,+0,+0.00 电=8.01V/2.44A/峰2.93 补余=0.0 IO错=0 倾+0.0 自动2/3
[  317.422] TLM t= 208.9 L1·A@-74 L2·A@-70 L3·A@-75 R1·A@-75 R2·A@-68 R3·A@-67 罐=无罐 泵=0 阀=111111 速=+0,+0,+0.00 电=8.01V/2.36A/峰2.93 补余=0.0 IO错=0 倾+0.0 自动2/3
[  317.941] TLM t= 209.4 L1·A@-74 L2·A@-69 L3·A@-75 R1·A@-75 R2·A@-68 R3·A@-66 罐=无罐 泵=0 阀=111111 速=+0,+0,+0.00 电=8.03V/2.44A/峰2.93 补余=0.0 IO错=0 倾+0.0 自动2/3
[  318.326] EVT 原地抬起受理：L3
[  318.354] EVT 相位 L3 stance→handover
[  318.441] TLM t= 210.7 L1·A@-74 L2·A@-69 L3ZA@-75 R1·A@-75 R2·A@-67 R3·A@-66 罐=无罐 泵=0 阀=111111 速=+0,+0,+0.00 电=8.03V/2.36A/峰2.93 补余=0.0 IO错=0 倾+0.0 自动2/3
[  318.955] TLM t= 211.2 L1·A@-74 L2·A@-68 L3ZA@-75 R1·A@-75 R2·A@-67 R3·A@-65 罐=无罐 泵=0 阀=111111 速=+0,+0,+0.00 电=8.03V/2.12A/峰2.93 补余=0.0 IO错=0 倾+0.0 自动2/3
[  319.457] TLM t= 211.2 L1·A@-74 L2·A@-68 L3ZA@-75 R1·A@-75 R2·A@-67 R3·A@-65 罐=无罐 泵=0 阀=111111 速=+0,+0,+0.00 电=8.06V/1.95A/峰2.93 补余=0.0 IO错=0 倾+0.0 自动2/3
[  319.982] TLM t= 211.2 L1·A@-74 L2·A@-68 L3ZA@-75 R1·A@-75 R2·A@-66 R3·A@-64 罐=无罐 泵=0 阀=111111 速=+0,+0,+0.00 电=8.04V/1.95A/峰2.93 补余=0.0 IO错=0 倾+0.0 自动2/3
[  320.483] TLM t= 211.2 L1·A@-74 L2·A@-67 L3ZA@-75 R1·A@-75 R2·A@-66 R3·A@-63 罐=无罐 泵=0 阀=111111 速=+0,+0,+0.00 电=8.06V/1.95A/峰2.93 补余=0.0 IO错=0 倾+0.0 自动2/3
[  321.007] TLM t= 211.2 L1·A@-74 L2·A@-67 L3ZA@-75 R1·A@-75 R2·A@-65 R3·A@-63 罐=无罐 泵=0 阀=111111 速=+0,+0,+0.00 电=8.05V/1.95A/峰2.93 补余=0.0 IO错=0 倾+0.0 自动2/3
[  321.258] EVT 吸附 L3 attached→venting 在态106.12s -74.7kPa
[  321.258] EVT 相位 L3 handover→vent 落点Δ(+0.0,+0.0)
[  321.271] EVT 阀 L3 →排气位
[  321.522] TLM t= 211.2 L1·A@-74 L2·A@-66 L3Vv@-75 R1·A@-75 R2·A@-65 R3·A@-62 罐=无罐 泵=0 阀=110111 速=+0,+0,+0.00 电=8.03V/1.71A/峰2.93 补余=0.0 IO错=0 倾+0.0 自动2/3
[  321.557] EVT 相位 L3 vent→lift
[  321.679] EVT 吸附 L3 venting→released 在态0.42s 0.1kPa
[  322.034] TLM t= 211.2 L1·A@-73 L2·A@-66 L3Lr@-- R1·A@-75 R2·A@-65 R3·A@-62 罐=无罐 泵=0 阀=110111 速=+0,+0,+0.00 电=8.03V/2.12A/峰2.93 补余=0.0 IO错=0 倾+0.0 自动2/3
[  322.401] EVT 相位 L3 lift→transfer
[  322.542] TLM t= 211.2 L1·A@-73 L2·A@-66 L3Tr@-- R1·A@-75 R2·A@-65 R3·A@-61 罐=无罐 泵=0 阀=110111 速=+0,+0,+0.00 电=8.03V/2.20A/峰2.93 补余=0.0 IO错=0 倾+0.0 自动2/3
[  323.017] EVT 相位 L3 transfer→hover
[  323.054] TLM t= 211.2 L1·A@-73 L2·A@-65 L3Hr@-- R1·A@-74 R2·A@-64 R3·A@-61 罐=无罐 泵=0 阀=110111 速=+0,+0,+0.00 电=8.02V/2.20A/峰2.93 补余=0.0 IO错=0 倾+0.0 自动2/3
[  323.568] TLM t= 211.2 L1·A@-73 L2·A@-65 L3Hr@-- R1·A@-74 R2·A@-64 R3·A@-60 罐=无罐 泵=0 阀=110111 速=+0,+0,+0.00 电=8.04V/2.12A/峰2.93 补余=0.0 IO错=0 倾+0.0 自动2/3
[  323.887] EVT 泵 开 最差盘压-59.9
[  324.025] EVT 落地：L3
[  324.040] EVT 相位 L3 hover→descend
[  324.077] TLM t= 211.2 L1·A@-73 L2·A@-65 L3Dr@-- R1·A@-74 R2·A@-64 R3·A@-60 罐=无罐 泵=1 阀=110111 速=+0,+0,+0.00 电=7.97V/1.95A/峰2.93 补余=0.0 IO错=0 倾+0.0 自动2/3
[  324.522] EVT 相位 L3 descend→press
[  324.593] TLM t= 211.2 L1·A@-73 L2·A@-73 L3Pr@-- R1·A@-74 R2·A@-73 R3·A@-73 罐=无罐 泵=1 阀=110111 速=+0,+0,+0.00 电=7.96V/2.04A/峰2.93 补余=0.0 IO错=0 倾+0.0 自动2/3
[  324.910] EVT 泵 停 最差盘压-75.6
[  325.099] TLM t= 211.2 L1·A@-77 L2·A@-77 L3Pr@-- R1·A@-76 R2·A@-77 R3·A@-77 罐=无罐 泵=0 阀=110111 速=+0,+0,+0.00 电=8.04V/2.04A/峰2.93 补余=0.0 IO错=0 倾+0.0 自动2/3
[  325.614] TLM t= 211.2 L1·A@-77 L2·A@-76 L3Pr@-- R1·A@-76 R2·A@-76 R3·A@-76 罐=无罐 泵=0 阀=110111 速=+0,+0,+0.00 电=8.04V/1.95A/峰2.93 补余=0.0 IO错=0 倾+0.0 自动2/3
[  325.724] EVT 吸附 L3 released→pressing 在态4.04s 0.1kPa
[  325.725] EVT 相位 L3 press→wait
[  326.053] EVT 吸附 L3 pressing→sucking 在态0.32s 0.1kPa
[  326.054] EVT 阀 L3 →抽气位
[  326.074] EVT 泵 开 最差盘压-75.5
[  326.124] TLM t= 211.2 L1·A@-77 L2·A@-76 L3Ws@-2 R1·A@-76 R2·A@-75 R3·A@-75 罐=无罐 泵=1 阀=111111 速=+0,+0,+0.00 电=7.96V/2.12A/峰2.93 补余=0.0 IO错=0 倾+0.0 自动2/3
[  326.346] EVT 吸附 L3 sucking→attached 在态0.30s -53.8kPa
[  326.354] EVT 相位 L3 wait→stance
[  326.354] EVT 抬落完成，轮到 R1
[  326.629] TLM t= 211.5 L1·A@-76 L2·A@-76 L3·A@-71 R1·A@-76 R2·A@-75 R3·A@-75 罐=无罐 泵=1 阀=111111 速=+0,+0,+0.00 电=8.02V/1.95A/峰2.93 补余=0.0 IO错=0 倾+0.0 自动2/3
[  326.842] EVT 泵 停 最差盘压-75.1
[  327.123] TLM t= 212.0 L1·A@-76 L2·A@-76 L3·A@-76 R1·A@-76 R2·A@-76 R3·A@-76 罐=无罐 泵=0 阀=111111 速=+0,+0,+0.00 电=8.05V/1.95A/峰2.93 补余=0.0 IO错=0 倾+0.0 自动2/3
[  327.635] TLM t= 212.5 L1·A@-76 L2·A@-76 L3·A@-76 R1·A@-76 R2·A@-75 R3·A@-75 罐=无罐 泵=0 阀=111111 速=+0,+0,+0.00 电=8.04V/2.12A/峰2.93 补余=0.0 IO错=0 倾+0.0 自动2/3
[  328.140] TLM t= 213.0 L1·A@-76 L2·A@-75 L3·A@-75 R1·A@-76 R2·A@-75 R3·A@-75 罐=无罐 泵=0 阀=111111 速=+0,+0,+0.00 电=8.05V/2.12A/峰2.93 补余=0.0 IO错=0 倾+0.0 自动2/3
[  328.660] TLM t= 213.5 L1·A@-76 L2·A@-75 L3·A@-75 R1·A@-76 R2·A@-74 R3·A@-74 罐=无罐 泵=0 阀=111111 速=+0,+0,+0.00 电=8.04V/2.04A/峰2.93 补余=0.0 IO错=0 倾+0.0 自动2/3
[  329.163] TLM t= 214.0 L1·A@-76 L2·A@-74 L3·A@-75 R1·A@-75 R2·A@-74 R3·A@-73 罐=无罐 泵=0 阀=111111 速=+0,+0,+0.00 电=8.06V/1.87A/峰2.93 补余=0.0 IO错=0 倾+0.0 自动2/3
[  329.684] TLM t= 214.5 L1·A@-76 L2·A@-74 L3·A@-75 R1·A@-75 R2·A@-74 R3·A@-73 罐=无罐 泵=0 阀=111111 速=+0,+0,+0.00 电=8.03V/1.95A/峰2.93 补余=0.0 IO错=0 倾+0.0 自动2/3
[  330.185] TLM t= 215.0 L1·A@-76 L2·A@-74 L3·A@-75 R1·A@-75 R2·A@-73 R3·A@-72 罐=无罐 泵=0 阀=111111 速=+0,+0,+0.00 电=8.03V/2.04A/峰2.93 补余=0.0 IO错=0 倾+0.0 自动2/3
[  330.711] TLM t= 215.5 L1·A@-75 L2·A@-73 L3·A@-75 R1·A@-75 R2·A@-73 R3·A@-72 罐=无罐 泵=0 阀=111111 速=+0,+0,+0.00 电=8.06V/1.95A/峰2.93 补余=0.0 IO错=0 倾+0.0 自动2/3
[  331.217] TLM t= 216.0 L1·A@-75 L2·A@-73 L3·A@-74 R1·A@-75 R2·A@-73 R3·A@-71 罐=无罐 泵=0 阀=111111 速=+0,+0,+0.00 电=8.04V/2.04A/峰2.93 补余=0.0 IO错=0 倾+0.0 自动2/3
[  331.739] TLM t= 216.5 L1·A@-75 L2·A@-72 L3·A@-74 R1·A@-75 R2·A@-72 R3·A@-71 罐=无罐 泵=0 阀=111111 速=+0,+0,+0.00 电=8.04V/1.95A/峰2.93 补余=0.0 IO错=0 倾+0.0 自动2/3
[  332.243] TLM t= 217.0 L1·A@-75 L2·A@-72 L3·A@-74 R1·A@-75 R2·A@-72 R3·A@-70 罐=无罐 泵=0 阀=111111 速=+0,+0,+0.00 电=8.05V/2.12A/峰2.93 补余=0.0 IO错=0 倾+0.0 自动2/3
[  332.762] TLM t= 217.6 L1·A@-75 L2·A@-72 L3·A@-74 R1·A@-75 R2·A@-71 R3·A@-70 罐=无罐 泵=0 阀=111111 速=+0,+0,+0.00 电=8.04V/2.04A/峰2.93 补余=0.0 IO错=0 倾+0.0 自动2/3
[  333.265] TLM t= 218.1 L1·A@-75 L2·A@-71 L3·A@-74 R1·A@-75 R2·A@-71 R3·A@-69 罐=无罐 泵=0 阀=111111 速=+0,+0,+0.00 电=8.05V/1.95A/峰2.93 补余=0.0 IO错=0 倾+0.0 自动2/3
[  333.788] TLM t= 218.6 L1·A@-75 L2·A@-71 L3·A@-74 R1·A@-75 R2·A@-71 R3·A@-68 罐=无罐 泵=0 阀=111111 速=+0,+0,+0.00 电=8.04V/2.04A/峰2.93 补余=0.0 IO错=0 倾+0.0 自动2/3
[  334.292] TLM t= 219.1 L1·A@-75 L2·A@-70 L3·A@-73 R1·A@-75 R2·A@-70 R3·A@-68 罐=无罐 泵=0 阀=111111 速=+0,+0,+0.00 电=8.04V/2.04A/峰2.93 补余=0.0 IO错=0 倾+0.0 自动2/3
[  334.813] TLM t= 219.6 L1·A@-75 L2·A@-70 L3·A@-73 R1·A@-75 R2·A@-70 R3·A@-67 罐=无罐 泵=0 阀=111111 速=+0,+0,+0.00 电=8.04V/1.95A/峰2.93 补余=0.0 IO错=0 倾+0.0 自动2/3
[  335.319] TLM t= 220.1 L1·A@-75 L2·A@-70 L3·A@-73 R1·A@-75 R2·A@-70 R3·A@-67 罐=无罐 泵=0 阀=111111 速=+0,+0,+0.00 电=8.03V/2.04A/峰2.93 补余=0.0 IO错=0 倾+0.0 自动2/3
[  335.839] TLM t= 220.6 L1·A@-74 L2·A@-69 L3·A@-73 R1·A@-75 R2·A@-69 R3·A@-66 罐=无罐 泵=0 阀=111111 速=+0,+0,+0.00 电=8.04V/2.20A/峰2.93 补余=0.0 IO错=0 倾+0.0 自动2/3
[  336.348] TLM t= 221.1 L1·A@-74 L2·A@-69 L3·A@-73 R1·A@-75 R2·A@-69 R3·A@-66 罐=无罐 泵=0 阀=111111 速=+0,+0,+0.00 电=8.03V/1.95A/峰2.93 补余=0.0 IO错=0 倾+0.0 自动2/3
[  336.396] EVT 原地抬起受理：R1
[  336.409] EVT 相位 R1 stance→handover
[  336.867] TLM t= 222.5 L1·A@-74 L2·A@-68 L3·A@-73 R1ZA@-74 R2·A@-69 R3·A@-65 罐=无罐 泵=0 阀=111111 速=+0,+0,+0.00 电=8.05V/1.63A/峰2.93 补余=0.0 IO错=0 倾+0.0 自动2/3
[  337.374] TLM t= 222.6 L1·A@-74 L2·A@-68 L3·A@-73 R1ZA@-74 R2·A@-68 R3·A@-65 罐=无罐 泵=0 阀=111111 速=+0,+0,+0.00 电=8.06V/1.55A/峰2.93 补余=0.0 IO错=0 倾+0.0 自动2/3
[  337.895] TLM t= 222.6 L1·A@-74 L2·A@-68 L3·A@-73 R1ZA@-74 R2·A@-68 R3·A@-64 罐=无罐 泵=0 阀=111111 速=+0,+0,+0.00 电=8.04V/1.71A/峰2.93 补余=0.0 IO错=0 倾+0.0 自动2/3
[  338.401] TLM t= 222.6 L1·A@-74 L2·A@-67 L3·A@-72 R1ZA@-74 R2·A@-68 R3·A@-64 罐=无罐 泵=0 阀=111111 速=+0,+0,+0.00 电=8.04V/1.71A/峰2.93 补余=0.0 IO错=0 倾+0.0 自动2/3
[  338.921] TLM t= 222.6 L1·A@-74 L2·A@-67 L3·A@-72 R1ZA@-74 R2·A@-67 R3·A@-63 罐=无罐 泵=0 阀=111111 速=+0,+0,+0.00 电=8.05V/1.87A/峰2.93 补余=0.0 IO错=0 倾+0.0 自动2/3
[  339.423] TLM t= 222.6 L1·A@-74 L2·A@-66 L3·A@-72 R1ZA@-74 R2·A@-67 R3·A@-63 罐=无罐 泵=0 阀=111111 速=+0,+0,+0.00 电=8.04V/2.04A/峰2.93 补余=0.0 IO错=0 倾+0.0 自动2/3
[  339.716] EVT 吸附 R1 attached→venting 在态106.08s -74.1kPa
[  339.716] EVT 相位 R1 handover→vent 落点Δ(+0.0,+0.0)
[  339.729] EVT 阀 R1 →排气位
[  339.944] TLM t= 222.6 L1·A@-74 L2·A@-66 L3·A@-72 R1Vv@-74 R2·A@-67 R3·A@-62 罐=无罐 泵=0 阀=111011 速=+0,+0,+0.00 电=8.03V/2.12A/峰2.93 补余=0.0 IO错=0 倾+0.0 自动2/3
[  340.017] EVT 相位 R1 vent→lift
[  340.152] EVT 吸附 R1 venting→released 在态0.44s -0.0kPa
[  340.446] TLM t= 222.6 L1·A@-74 L2·A@-66 L3·A@-72 R1Lr@-- R2·A@-66 R3·A@-62 罐=无罐 泵=0 阀=111011 速=+0,+0,+0.00 电=8.02V/2.20A/峰2.93 补余=0.0 IO错=0 倾+0.0 自动2/3
[  340.859] EVT 相位 R1 lift→transfer
[  340.968] TLM t= 222.6 L1·A@-74 L2·A@-65 L3·A@-72 R1Tr@-- R2·A@-66 R3·A@-61 罐=无罐 泵=0 阀=111011 速=+0,+0,+0.00 电=7.99V/2.60A/峰2.93 补余=0.0 IO错=0 倾+0.0 自动2/3
[  341.473] TLM t= 222.6 L1·A@-73 L2·A@-65 L3·A@-72 R1Tr@-- R2·A@-65 R3·A@-61 罐=无罐 泵=0 阀=111011 速=+0,+0,+0.00 电=8.01V/2.20A/峰2.93 补余=0.0 IO错=0 倾+0.0 自动2/3
[  341.474] EVT 相位 R1 transfer→hover
[  341.987] TLM t= 222.6 L1·A@-73 L2·A@-64 L3·A@-72 R1Hr@-- R2·A@-65 R3·A@-60 罐=无罐 泵=0 阀=111011 速=+0,+0,+0.00 电=8.01V/2.04A/峰2.93 补余=0.0 IO错=0 倾+0.0 自动2/3
[  342.162] EVT 泵 开 最差盘压-59.9
[  342.485] EVT 落地：R1
[  342.494] TLM t= 222.6 L1·A@-73 L2·A@-65 L3·A@-72 R1Dr@-- R2·A@-65 R3·A@-63 罐=无罐 泵=1 阀=111011 速=+0,+0,+0.00 电=7.98V/1.87A/峰2.93 补余=0.0 IO错=0 倾+0.0 自动2/3
[  342.498] EVT 相位 R1 hover→descend
[  342.979] EVT 相位 R1 descend→press
[  343.015] TLM t= 222.6 L1·A@-74 L2·A@-74 L3·A@-74 R1Pr@-- R2·A@-75 R3·A@-75 罐=无罐 泵=1 阀=111011 速=+0,+0,+0.00 电=8.01V/2.20A/峰2.93 补余=0.0 IO错=0 倾+0.0 自动2/3
[  343.088] EVT 泵 停 最差盘压-75.2
[  343.519] TLM t= 222.6 L1·A@-76 L2·A@-76 L3·A@-76 R1Pr@-- R2·A@-75 R3·A@-75 罐=无罐 泵=0 阀=111011 速=+0,+0,+0.00 电=8.01V/1.95A/峰2.93 补余=0.0 IO错=0 倾+0.0 自动2/3
[  344.039] TLM t= 222.6 L1·A@-76 L2·A@-75 L3·A@-76 R1Pr@-- R2·A@-75 R3·A@-75 罐=无罐 泵=0 阀=111011 速=+0,+0,+0.00 电=8.02V/2.36A/峰2.93 补余=0.0 IO错=0 倾+0.0 自动2/3
[  344.185] EVT 吸附 R1 released→pressing 在态4.02s -0.0kPa
[  344.185] EVT 相位 R1 press→wait
[  344.511] EVT 吸附 R1 pressing→sucking 在态0.32s -0.0kPa
[  344.511] EVT 阀 R1 →抽气位
[  344.534] EVT 泵 开 最差盘压-74.3
[  344.543] TLM t= 222.6 L1·A@-76 L2·A@-75 L3·A@-76 R1Ws@-0 R2·A@-74 R3·A@-74 罐=无罐 泵=1 阀=111111 速=+0,+0,+0.00 电=7.84V/1.95A/峰2.93 补余=0.0 IO错=0 倾+0.0 自动2/3
[  344.894] EVT 吸附 R1 sucking→attached 在态0.38s -67.7kPa
[  344.895] EVT 相位 R1 wait→stance
[  344.895] EVT 抬落完成，轮到 L2
[  345.061] TLM t= 222.8 L1·A@-75 L2·A@-74 L3·A@-75 R1·A@-73 R2·A@-74 R3·A@-74 罐=无罐 泵=1 阀=111111 速=+0,+0,+0.00 电=7.99V/1.95A/峰2.93 补余=0.0 IO错=0 倾+0.0 自动2/3
[  345.211] EVT 泵 停 最差盘压-75.0
[  345.567] TLM t= 223.3 L1·A@-76 L2·A@-76 L3·A@-76 R1·A@-75 R2·A@-76 R3·A@-76 罐=无罐 泵=0 阀=111111 速=+0,+0,+0.00 电=8.04V/2.04A/峰2.93 补余=0.0 IO错=0 倾+0.0 自动2/3
[  346.087] TLM t= 223.8 L1·A@-76 L2·A@-76 L3·A@-76 R1·A@-75 R2·A@-75 R3·A@-75 罐=无罐 泵=0 阀=111111 速=+0,+0,+0.00 电=8.04V/1.95A/峰2.93 补余=0.0 IO错=0 倾+0.0 自动2/3
[  346.588] TLM t= 224.3 L1·A@-76 L2·A@-75 L3·A@-76 R1·A@-75 R2·A@-75 R3·A@-75 罐=无罐 泵=0 阀=111111 速=+0,+0,+0.00 电=8.02V/2.04A/峰2.93 补余=0.0 IO错=0 倾+0.0 自动2/3
[  347.113] TLM t= 224.8 L1·A@-76 L2·A@-75 L3·A@-76 R1·A@-75 R2·A@-74 R3·A@-74 罐=无罐 泵=0 阀=111111 速=+0,+0,+0.00 电=8.04V/1.95A/峰2.93 补余=0.0 IO错=0 倾+0.0 自动2/3
[  347.620] TLM t= 225.3 L1·A@-76 L2·A@-74 L3·A@-76 R1·A@-75 R2·A@-74 R3·A@-74 罐=无罐 泵=0 阀=111111 速=+0,+0,+0.00 电=8.03V/1.95A/峰2.93 补余=0.0 IO错=0 倾+0.0 自动2/3
[  348.137] TLM t= 225.8 L1·A@-76 L2·A@-74 L3·A@-76 R1·A@-75 R2·A@-74 R3·A@-73 罐=无罐 泵=0 阀=111111 速=+0,+0,+0.00 电=8.03V/2.04A/峰2.93 补余=0.0 IO错=0 倾+0.0 自动2/3
[  348.643] TLM t= 226.3 L1·A@-76 L2·A@-74 L3·A@-76 R1·A@-75 R2·A@-73 R3·A@-73 罐=无罐 泵=0 阀=111111 速=+0,+0,+0.00 电=8.03V/2.12A/峰2.93 补余=0.0 IO错=0 倾+0.0 自动2/3
[  349.158] TLM t= 226.8 L1·A@-75 L2·A@-73 L3·A@-76 R1·A@-75 R2·A@-73 R3·A@-72 罐=无罐 泵=0 阀=111111 速=+0,+0,+0.00 电=8.04V/2.04A/峰2.93 补余=0.0 IO错=0 倾+0.0 自动2/3
[  349.664] TLM t= 227.3 L1·A@-75 L2·A@-73 L3·A@-76 R1·A@-75 R2·A@-73 R3·A@-71 罐=无罐 泵=0 阀=111111 速=+0,+0,+0.00 电=8.04V/2.12A/峰2.93 补余=0.0 IO错=0 倾+0.0 自动2/3
[  350.184] TLM t= 227.9 L1·A@-75 L2·A@-72 L3·A@-75 R1·A@-75 R2·A@-72 R3·A@-71 罐=无罐 泵=0 阀=111111 速=+0,+0,+0.00 电=8.05V/1.87A/峰2.93 补余=0.0 IO错=0 倾+0.0 自动2/3
[  350.688] TLM t= 228.4 L1·A@-75 L2·A@-72 L3·A@-75 R1·A@-75 R2·A@-72 R3·A@-70 罐=无罐 泵=0 阀=111111 速=+0,+0,+0.00 电=8.04V/1.95A/峰2.93 补余=0.0 IO错=0 倾+0.0 自动2/3
[  351.208] TLM t= 228.9 L1·A@-75 L2·A@-72 L3·A@-75 R1·A@-75 R2·A@-71 R3·A@-70 罐=无罐 泵=0 阀=111111 速=+0,+0,+0.00 电=8.03V/2.04A/峰2.93 补余=0.0 IO错=0 倾+0.0 自动2/3
[  351.715] TLM t= 229.4 L1·A@-75 L2·A@-71 L3·A@-75 R1·A@-75 R2·A@-71 R3·A@-69 罐=无罐 泵=0 阀=111111 速=+0,+0,+0.00 电=8.03V/1.95A/峰2.93 补余=0.0 IO错=0 倾+0.0 自动2/3
[  352.230] TLM t= 229.9 L1·A@-75 L2·A@-71 L3·A@-75 R1·A@-75 R2·A@-71 R3·A@-69 罐=无罐 泵=0 阀=111111 速=+0,+0,+0.00 电=8.05V/2.12A/峰2.93 补余=0.0 IO错=0 倾+0.0 自动2/3
[  352.737] TLM t= 230.4 L1·A@-75 L2·A@-70 L3·A@-75 R1·A@-75 R2·A@-70 R3·A@-68 罐=无罐 泵=0 阀=111111 速=+0,+0,+0.00 电=8.03V/1.95A/峰2.93 补余=0.0 IO错=0 倾+0.0 自动2/3
[  353.258] TLM t= 230.9 L1·A@-75 L2·A@-70 L3·A@-75 R1·A@-74 R2·A@-70 R3·A@-68 罐=无罐 泵=0 阀=111111 速=+0,+0,+0.00 电=8.05V/1.95A/峰2.93 补余=0.0 IO错=0 倾+0.0 自动2/3
[  353.760] TLM t= 231.4 L1·A@-74 L2·A@-70 L3·A@-75 R1·A@-74 R2·A@-70 R3·A@-67 罐=无罐 泵=0 阀=111111 速=+0,+0,+0.00 电=8.03V/1.95A/峰2.93 补余=0.0 IO错=0 倾+0.0 自动2/3
[  354.278] TLM t= 231.9 L1·A@-74 L2·A@-69 L3·A@-75 R1·A@-74 R2·A@-69 R3·A@-66 罐=无罐 泵=0 阀=111111 速=+0,+0,+0.00 电=8.03V/1.95A/峰2.93 补余=0.0 IO错=0 倾+0.0 自动2/3
[  354.784] TLM t= 232.4 L1·A@-74 L2·A@-69 L3·A@-75 R1·A@-74 R2·A@-69 R3·A@-66 罐=无罐 泵=0 阀=111111 速=+0,+0,+0.00 电=8.03V/2.20A/峰2.93 补余=0.0 IO错=0 倾+0.0 自动2/3
[  354.911] EVT 原地抬起受理：L2
[  354.933] EVT 相位 L2 stance→handover
[  355.303] TLM t= 233.8 L1·A@-74 L2ZA@-69 L3·A@-75 R1·A@-74 R2·A@-68 R3·A@-65 罐=无罐 泵=0 阀=111111 速=+0,+0,+0.00 电=8.03V/1.95A/峰2.93 补余=0.0 IO错=0 倾+0.0 自动2/3
[  355.806] TLM t= 234.0 L1·A@-74 L2ZA@-68 L3·A@-75 R1·A@-74 R2·A@-68 R3·A@-65 罐=无罐 泵=0 阀=111111 速=+0,+0,+0.00 电=8.04V/2.12A/峰2.93 补余=0.0 IO错=0 倾+0.0 自动2/3
[  356.326] TLM t= 234.0 L1·A@-74 L2ZA@-68 L3·A@-75 R1·A@-74 R2·A@-68 R3·A@-64 罐=无罐 泵=0 阀=111111 速=+0,+0,+0.00 电=8.01V/2.20A/峰2.93 补余=0.0 IO错=0 倾+0.0 自动2/3
[  356.828] TLM t= 234.0 L1·A@-74 L2ZA@-67 L3·A@-75 R1·A@-74 R2·A@-67 R3·A@-64 罐=无罐 泵=0 阀=111111 速=+0,+0,+0.00 电=8.01V/2.20A/峰2.93 补余=0.0 IO错=0 倾+0.0 自动2/3
[  357.317] EVT 吸附 L2 attached→venting 在态106.44s -67.0kPa
[  357.317] EVT 相位 L2 handover→vent 落点Δ(+0.0,+0.0)
[  357.340] EVT 阀 L2 →排气位
[  357.366] TLM t= 234.0 L1·A@-74 L2Vv@-67 L3·A@-75 R1·A@-74 R2·A@-67 R3·A@-63 罐=无罐 泵=0 阀=101111 速=+0,+0,+0.00 电=8.02V/2.12A/峰2.93 补余=0.0 IO错=0 倾+0.0 自动2/3
[  357.632] EVT 相位 L2 vent→lift
[  357.755] EVT 吸附 L2 venting→released 在态0.42s 0.4kPa
[  357.884] TLM t= 234.0 L1·A@-74 L2Lr@-- L3·A@-74 R1·A@-74 R2·A@-67 R3·A@-63 罐=无罐 泵=0 阀=101111 速=+0,+0,+0.00 电=8.00V/2.20A/峰2.93 补余=0.0 IO错=0 倾+0.0 自动2/3
[  358.406] TLM t= 234.0 L1·A@-74 L2Lr@-- L3·A@-74 R1·A@-74 R2·A@-66 R3·A@-62 罐=无罐 泵=0 阀=101111 速=+0,+0,+0.00 电=8.02V/2.20A/峰2.93 补余=0.0 IO错=0 倾+0.0 自动2/3
[  358.476] EVT 相位 L2 lift→transfer
[  358.905] TLM t= 234.0 L1·A@-73 L2Tr@-- L3·A@-74 R1·A@-74 R2·A@-66 R3·A@-62 罐=无罐 泵=0 阀=101111 速=+0,+0,+0.00 电=8.01V/2.28A/峰2.93 补余=0.0 IO错=0 倾+0.0 自动2/3
[  359.093] EVT 相位 L2 transfer→hover
[  359.431] TLM t= 234.0 L1·A@-73 L2Hr@-- L3·A@-74 R1·A@-74 R2·A@-66 R3·A@-61 罐=无罐 泵=0 阀=101111 速=+0,+0,+0.00 电=8.02V/2.28A/峰2.93 补余=0.0 IO错=0 倾+0.0 自动2/3
[  359.930] TLM t= 234.0 L1·A@-73 L2Hr@-- L3·A@-74 R1·A@-74 R2·A@-65 R3·A@-61 罐=无罐 泵=0 阀=101111 速=+0,+0,+0.00 电=8.02V/2.12A/峰2.93 补余=0.0 IO错=0 倾+0.0 自动2/3
[  360.103] EVT 落地：L2
[  360.118] EVT 相位 L2 hover→descend
[  360.456] TLM t= 234.0 L1·A@-73 L2Dr@-- L3·A@-74 R1·A@-74 R2·A@-65 R3·A@-60 罐=无罐 泵=0 阀=101111 速=+0,+0,+0.00 电=8.00V/2.44A/峰2.93 补余=0.0 IO错=0 倾+0.0 自动2/3
[  360.586] EVT 泵 开 最差盘压-59.9
[  360.601] EVT 相位 L2 descend→press
[  360.956] TLM t= 234.0 L1·A@-73 L2Pr@-- L3·A@-74 R1·A@-74 R2·A@-66 R3·A@-65 罐=无罐 泵=1 阀=101111 速=+0,+0,+0.00 电=7.95V/2.36A/峰2.93 补余=0.0 IO错=0 倾+0.0 自动2/3
[  361.481] TLM t= 234.0 L1·A@-76 L2Pr@-- L3·A@-76 R1·A@-75 R2·A@-76 R3·A@-75 罐=无罐 泵=1 阀=101111 速=+0,+0,+0.00 电=7.93V/2.52A/峰2.93 补余=0.0 IO错=0 倾+0.0 自动2/3
[  361.534] EVT 泵 停 最差盘压-75.5
[  361.807] EVT 吸附 L2 released→pressing 在态4.04s 0.4kPa
[  361.808] EVT 相位 L2 press→wait
[  361.981] TLM t= 234.0 L1·A@-77 L2Wp@-- L3·A@-77 R1·A@-76 R2·A@-76 R3·A@-76 罐=无罐 泵=0 阀=101111 速=+0,+0,+0.00 电=8.00V/2.36A/峰2.93 补余=0.0 IO错=0 倾+0.0 自动2/3
[  362.136] EVT 吸附 L2 pressing→sucking 在态0.32s 0.4kPa
[  362.137] EVT 阀 L2 →抽气位
[  362.157] EVT 泵 开 最差盘压-75.8
[  362.432] EVT 吸附 L2 sucking→attached 在态0.30s -66.9kPa
[  362.438] EVT 相位 L2 wait→stance
[  362.438] EVT 抬落完成，轮到 R3
[  362.438] EVT 自动轮换：第 2 轮完成
[  362.506] TLM t= 234.1 L1·A@-76 L2·A@-69 L3·A@-76 R1·A@-76 R2·A@-76 R3·A@-76 罐=无罐 泵=1 阀=111111 速=+0,+0,+0.00 电=7.91V/2.52A/峰2.93 补余=0.0 IO错=0 倾+0.0 自动3/3
[  362.703] EVT 泵 停 最差盘压-75.1
[  363.011] TLM t= 234.6 L1·A@-76 L2·A@-76 L3·A@-76 R1·A@-76 R2·A@-75 R3·A@-75 罐=无罐 泵=0 阀=111111 速=+0,+0,+0.00 电=8.01V/2.20A/峰2.93 补余=0.0 IO错=0 倾+0.0 自动3/3
[  363.535] TLM t= 235.1 L1·A@-76 L2·A@-75 L3·A@-76 R1·A@-76 R2·A@-75 R3·A@-75 罐=无罐 泵=0 阀=111111 速=+0,+0,+0.00 电=8.02V/2.12A/峰2.93 补余=0.0 IO错=0 倾+0.0 自动3/3
[  364.041] TLM t= 235.6 L1·A@-76 L2·A@-74 L3·A@-76 R1·A@-76 R2·A@-74 R3·A@-74 罐=无罐 泵=0 阀=111111 速=+0,+0,+0.00 电=8.02V/2.20A/峰2.93 补余=0.0 IO错=0 倾+0.0 自动3/3
[  364.561] TLM t= 236.1 L1·A@-76 L2·A@-74 L3·A@-76 R1·A@-76 R2·A@-74 R3·A@-74 罐=无罐 泵=0 阀=111111 速=+0,+0,+0.00 电=8.02V/2.28A/峰2.93 补余=0.0 IO错=0 倾+0.0 自动3/3
[  365.064] TLM t= 236.6 L1·A@-76 L2·A@-74 L3·A@-76 R1·A@-76 R2·A@-74 R3·A@-73 罐=无罐 泵=0 阀=111111 速=+0,+0,+0.00 电=8.03V/2.20A/峰2.93 补余=0.0 IO错=0 倾+0.0 自动3/3
[  365.586] TLM t= 237.1 L1·A@-76 L2·A@-73 L3·A@-76 R1·A@-76 R2·A@-73 R3·A@-72 罐=无罐 泵=0 阀=111111 速=+0,+0,+0.00 电=8.02V/2.28A/峰2.93 补余=0.0 IO错=0 倾+0.0 自动3/3
[  366.090] TLM t= 237.6 L1·A@-76 L2·A@-73 L3·A@-76 R1·A@-76 R2·A@-73 R3·A@-72 罐=无罐 泵=0 阀=111111 速=+0,+0,+0.00 电=8.02V/2.28A/峰2.93 补余=0.0 IO错=0 倾+0.0 自动3/3
[  366.609] TLM t= 238.1 L1·A@-76 L2·A@-72 L3·A@-76 R1·A@-76 R2·A@-73 R3·A@-71 罐=无罐 泵=0 阀=111111 速=+0,+0,+0.00 电=8.02V/2.28A/峰2.93 补余=0.0 IO错=0 倾+0.0 自动3/3
[  367.113] TLM t= 238.6 L1·A@-75 L2·A@-72 L3·A@-76 R1·A@-76 R2·A@-72 R3·A@-71 罐=无罐 泵=0 阀=111111 速=+0,+0,+0.00 电=8.01V/2.28A/峰2.93 补余=0.0 IO错=0 倾+0.0 自动3/3
[  367.637] TLM t= 239.2 L1·A@-75 L2·A@-71 L3·A@-76 R1·A@-76 R2·A@-72 R3·A@-70 罐=无罐 泵=0 阀=111111 速=+0,+0,+0.00 电=8.02V/2.36A/峰2.93 补余=0.0 IO错=0 倾+0.0 自动3/3
[  368.141] TLM t= 239.7 L1·A@-75 L2·A@-71 L3·A@-76 R1·A@-76 R2·A@-71 R3·A@-70 罐=无罐 泵=0 阀=111111 速=+0,+0,+0.00 电=8.02V/2.20A/峰2.93 补余=0.0 IO错=0 倾+0.0 自动3/3
[  368.662] TLM t= 240.2 L1·A@-75 L2·A@-71 L3·A@-76 R1·A@-75 R2·A@-71 R3·A@-69 罐=无罐 泵=0 阀=111111 速=+0,+0,+0.00 电=8.02V/2.20A/峰2.93 补余=0.0 IO错=0 倾+0.0 自动3/3
[  369.165] TLM t= 240.7 L1·A@-75 L2·A@-70 L3·A@-76 R1·A@-75 R2·A@-71 R3·A@-69 罐=无罐 泵=0 阀=111111 速=+0,+0,+0.00 电=8.01V/2.20A/峰2.93 补余=0.0 IO错=0 倾+0.0 自动3/3
[  369.692] TLM t= 241.2 L1·A@-75 L2·A@-70 L3·A@-75 R1·A@-75 R2·A@-70 R3·A@-68 罐=无罐 泵=0 阀=111111 速=+0,+0,+0.00 电=8.02V/2.20A/峰2.93 补余=0.0 IO错=0 倾+0.0 自动3/3
[  370.193] TLM t= 241.7 L1·A@-75 L2·A@-69 L3·A@-75 R1·A@-75 R2·A@-70 R3·A@-67 罐=无罐 泵=0 阀=111111 速=+0,+0,+0.00 电=8.01V/2.28A/峰2.93 补余=0.0 IO错=0 倾+0.0 自动3/3
[  370.716] TLM t= 242.2 L1·A@-75 L2·A@-69 L3·A@-75 R1·A@-75 R2·A@-70 R3·A@-67 罐=无罐 泵=0 阀=111111 速=+0,+0,+0.00 电=8.01V/2.12A/峰2.93 补余=0.0 IO错=0 倾+0.0 自动3/3
[  371.219] TLM t= 242.7 L1·A@-75 L2·A@-69 L3·A@-75 R1·A@-75 R2·A@-69 R3·A@-66 罐=无罐 泵=0 阀=111111 速=+0,+0,+0.00 电=8.02V/2.20A/峰2.93 补余=0.0 IO错=0 倾+0.0 自动3/3
[  371.739] TLM t= 243.2 L1·A@-74 L2·A@-68 L3·A@-75 R1·A@-75 R2·A@-69 R3·A@-66 罐=无罐 泵=0 阀=111111 速=+0,+0,+0.00 电=8.02V/2.28A/峰2.93 补余=0.0 IO错=0 倾+0.0 自动3/3
[  372.242] TLM t= 243.7 L1·A@-74 L2·A@-68 L3·A@-75 R1·A@-75 R2·A@-69 R3·A@-65 罐=无罐 泵=0 阀=111111 速=+0,+0,+0.00 电=8.03V/2.28A/峰2.93 补余=0.0 IO错=0 倾+0.0 自动3/3
[  372.765] TLM t= 244.3 L1·A@-74 L2·A@-67 L3·A@-75 R1·A@-75 R2·A@-68 R3·A@-65 罐=无罐 泵=0 阀=111111 速=+0,+0,+0.00 电=8.02V/2.20A/峰2.93 补余=0.0 IO错=0 倾+0.0 自动3/3
[  373.267] TLM t= 244.8 L1·A@-74 L2·A@-67 L3·A@-75 R1·A@-75 R2·A@-68 R3·A@-64 罐=无罐 泵=0 阀=111111 速=+0,+0,+0.00 电=8.02V/2.12A/峰2.93 补余=0.0 IO错=0 倾+0.0 自动3/3
[  373.788] TLM t= 245.3 L1·A@-74 L2·A@-67 L3·A@-75 R1·A@-75 R2·A@-67 R3·A@-64 罐=无罐 泵=0 阀=111111 速=+0,+0,+0.00 电=8.01V/2.20A/峰2.93 补余=0.0 IO错=0 倾+0.0 自动3/3
[  374.297] TLM t= 245.8 L1·A@-74 L2·A@-66 L3·A@-75 R1·A@-75 R2·A@-67 R3·A@-63 罐=无罐 泵=0 阀=111111 速=+0,+0,+0.00 电=8.01V/2.28A/峰2.93 补余=0.0 IO错=0 倾+0.0 自动3/3
[  374.816] TLM t= 246.3 L1·A@-74 L2·A@-66 L3·A@-75 R1·A@-75 R2·A@-67 R3·A@-63 罐=无罐 泵=0 阀=111111 速=+0,+0,+0.00 电=8.02V/2.20A/峰2.93 补余=0.0 IO错=0 倾+0.0 自动3/3
[  375.323] TLM t= 246.8 L1·A@-74 L2·A@-65 L3·A@-75 R1·A@-75 R2·A@-66 R3·A@-62 罐=无罐 泵=0 阀=111111 速=+0,+0,+0.00 电=8.02V/2.12A/峰2.93 补余=0.0 IO错=0 倾+0.0 自动3/3
[  375.841] TLM t= 247.3 L1·A@-74 L2·A@-65 L3·A@-75 R1·A@-75 R2·A@-66 R3·A@-62 罐=无罐 泵=0 阀=111111 速=+0,+0,+0.00 电=8.02V/2.28A/峰2.93 补余=0.0 IO错=0 倾+0.0 自动3/3
[  376.343] TLM t= 247.8 L1·A@-74 L2·A@-65 L3·A@-75 R1·A@-75 R2·A@-66 R3·A@-61 罐=无罐 泵=0 阀=111111 速=+0,+0,+0.00 电=8.02V/2.28A/峰2.93 补余=0.0 IO错=0 倾+0.0 自动3/3
[  376.870] TLM t= 248.3 L1·A@-73 L2·A@-64 L3·A@-75 R1·A@-75 R2·A@-65 R3·A@-61 罐=无罐 泵=0 阀=111111 速=+0,+0,+0.00 电=8.01V/2.20A/峰2.93 补余=0.0 IO错=0 倾+0.0 自动3/3
[  377.373] TLM t= 248.8 L1·A@-73 L2·A@-64 L3·A@-75 R1·A@-75 R2·A@-65 R3·A@-60 罐=无罐 泵=0 阀=111111 速=+0,+0,+0.00 电=8.01V/2.12A/峰2.93 补余=0.0 IO错=0 倾+0.0 自动3/3
[  377.424] EVT 泵 开 最差盘压-60.0
[  377.465] EVT 自动轮换：第 3 轮开始
[  377.485] EVT 原地抬起受理：R3
[  377.497] EVT 相位 R3 stance→handover
[  377.894] TLM t= 252.4 L1·A@-73 L2·A@-68 L3·A@-74 R1·A@-75 R2·A@-68 R3ZA@-67 罐=无罐 泵=1 阀=111111 速=+0,+0,+0.00 电=8.01V/1.95A/峰2.93 补余=0.0 IO错=0 倾+0.0 自动3/3
[  378.398] TLM t= 252.6 L1·A@-76 L2·A@-76 L3·A@-76 R1·A@-75 R2·A@-76 R3ZA@-76 罐=无罐 泵=1 阀=111111 速=+0,+0,+0.00 电=8.03V/1.63A/峰2.93 补余=0.0 IO错=0 倾+0.0 自动3/3
[  378.428] EVT 泵 停 最差盘压-75.4
[  378.921] TLM t= 252.6 L1·A@-77 L2·A@-77 L3·A@-77 R1·A@-76 R2·A@-76 R3ZA@-76 罐=无罐 泵=0 阀=111111 速=+0,+0,+0.00 电=8.04V/1.71A/峰2.93 补余=0.0 IO错=0 倾+0.0 自动3/3
[  379.421] TLM t= 252.6 L1·A@-77 L2·A@-76 L3·A@-76 R1·A@-76 R2·A@-75 R3ZA@-76 罐=无罐 泵=0 阀=111111 速=+0,+0,+0.00 电=8.04V/1.71A/峰2.93 补余=0.0 IO错=0 倾+0.0 自动3/3
[  379.696] EVT 吸附 R3 attached→venting 在态106.40s -75.3kPa
[  379.696] EVT 相位 R3 handover→vent 落点Δ(+0.0,+0.0)
[  379.714] EVT 阀 R3 →排气位
[  379.947] TLM t= 252.6 L1·A@-76 L2·A@-76 L3·A@-76 R1·A@-76 R2·A@-75 R3Vv@-75 罐=无罐 泵=0 阀=111110 速=+0,+0,+0.00 电=8.02V/1.79A/峰2.93 补余=0.0 IO错=0 倾+0.0 自动3/3
[  380.003] EVT 相位 R3 vent→lift
[  380.143] EVT 吸附 R3 venting→released 在态0.44s 0.2kPa
[  380.451] TLM t= 252.6 L1·A@-76 L2·A@-75 L3·A@-76 R1·A@-76 R2·A@-75 R3Lr@-- 罐=无罐 泵=0 阀=111110 速=+0,+0,+0.00 电=8.01V/1.95A/峰2.93 补余=0.0 IO错=0 倾+0.0 自动3/3
[  380.846] EVT 相位 R3 lift→transfer
[  380.976] TLM t= 252.6 L1·A@-76 L2·A@-75 L3·A@-76 R1·A@-76 R2·A@-74 R3Tr@-- 罐=无罐 泵=0 阀=111110 速=+0,+0,+0.00 电=8.00V/2.28A/峰2.93 补余=0.0 IO错=0 倾+0.0 自动3/3
[  381.468] EVT 相位 R3 transfer→hover
[  381.481] TLM t= 252.6 L1·A@-76 L2·A@-74 L3·A@-76 R1·A@-76 R2·A@-74 R3Hr@-- 罐=无罐 泵=0 阀=111110 速=+0,+0,+0.00 电=8.00V/2.28A/峰2.93 补余=0.0 IO错=0 倾+0.0 自动3/3
[  382.003] TLM t= 252.6 L1·A@-76 L2·A@-74 L3·A@-76 R1·A@-76 R2·A@-74 R3Hr@-- 罐=无罐 泵=0 阀=111110 速=+0,+0,+0.00 电=8.01V/1.95A/峰2.93 补余=0.0 IO错=0 倾+0.0 自动3/3
[  382.477] EVT 落地：R3
[  382.495] EVT 相位 R3 hover→descend
[  382.505] TLM t= 252.6 L1·A@-76 L2·A@-73 L3·A@-76 R1·A@-76 R2·A@-73 R3Dr@-- 罐=无罐 泵=0 阀=111110 速=+0,+0,+0.00 电=8.00V/1.87A/峰2.93 补余=0.0 IO错=0 倾+0.0 自动3/3
[  382.976] EVT 相位 R3 descend→press
[  383.026] TLM t= 252.6 L1·A@-76 L2·A@-73 L3·A@-76 R1·A@-76 R2·A@-73 R3Pr@-- 罐=无罐 泵=0 阀=111110 速=+0,+0,+0.00 电=8.01V/2.04A/峰2.93 补余=0.0 IO错=0 倾+0.0 自动3/3
[  383.541] TLM t= 252.6 L1·A@-75 L2·A@-73 L3·A@-76 R1·A@-76 R2·A@-72 R3Pr@-- 罐=无罐 泵=0 阀=111110 速=+0,+0,+0.00 电=8.01V/2.04A/峰2.93 补余=0.0 IO错=0 倾+0.0 自动3/3
[  384.053] TLM t= 252.6 L1·A@-75 L2·A@-72 L3·A@-76 R1·A@-76 R2·A@-72 R3Pr@-- 罐=无罐 泵=0 阀=111110 速=+0,+0,+0.00 电=8.00V/2.20A/峰2.93 补余=0.0 IO错=0 倾+0.0 自动3/3
[  384.183] EVT 吸附 R3 released→pressing 在态4.02s 0.2kPa
[  384.184] EVT 相位 R3 press→wait
[  384.499] EVT 吸附 R3 pressing→sucking 在态0.32s 0.2kPa
[  384.499] EVT 阀 R3 →抽气位
[  384.527] EVT 泵 开 最差盘压-71.7
[  384.559] TLM t= 252.6 L1·A@-75 L2·A@-72 L3·A@-76 R1·A@-76 R2·A@-72 R3Ws@-8 罐=无罐 泵=1 阀=111111 速=+0,+0,+0.00 电=7.92V/1.95A/峰2.93 补余=0.0 IO错=0 倾+0.0 自动3/3
[  384.887] EVT 吸附 R3 sucking→attached 在态0.38s -64.5kPa
[  384.888] EVT 相位 R3 wait→stance
[  384.888] EVT 抬落完成，轮到 L1
[  385.079] TLM t= 252.8 L1·A@-75 L2·A@-71 L3·A@-76 R1·A@-76 R2·A@-71 R3·A@-71 罐=无罐 泵=1 阀=111111 速=+0,+0,+0.00 电=8.01V/1.95A/峰2.93 补余=0.0 IO错=0 倾+0.0 自动3/3
[  385.275] EVT 泵 停 最差盘压-75.1
[  385.584] TLM t= 253.3 L1·A@-76 L2·A@-76 L3·A@-76 R1·A@-76 R2·A@-75 R3·A@-75 罐=无罐 泵=0 阀=111111 速=+0,+0,+0.00 电=8.02V/1.87A/峰2.93 补余=0.0 IO错=0 倾+0.0 自动3/3
[  386.106] TLM t= 253.8 L1·A@-75 L2·A@-75 L3·A@-76 R1·A@-75 R2·A@-75 R3·A@-75 罐=无罐 泵=0 阀=111111 速=+0,+0,+0.00 电=8.00V/2.12A/峰2.93 补余=0.0 IO错=0 倾+0.0 自动3/3
[  386.608] TLM t= 254.3 L1·A@-75 L2·A@-75 L3·A@-76 R1·A@-75 R2·A@-74 R3·A@-74 罐=无罐 泵=0 阀=111111 速=+0,+0,+0.00 电=8.01V/1.95A/峰2.93 补余=0.0 IO错=0 倾+0.0 自动3/3
[  387.128] TLM t= 254.8 L1·A@-75 L2·A@-74 L3·A@-75 R1·A@-75 R2·A@-74 R3·A@-74 罐=无罐 泵=0 阀=111111 速=+0,+0,+0.00 电=8.01V/1.95A/峰2.93 补余=0.0 IO错=0 倾+0.0 自动3/3
[  387.631] TLM t= 255.3 L1·A@-75 L2·A@-74 L3·A@-75 R1·A@-75 R2·A@-73 R3·A@-73 罐=无罐 泵=0 阀=111111 速=+0,+0,+0.00 电=8.03V/1.95A/峰2.93 补余=0.0 IO错=0 倾+0.0 自动3/3
[  388.158] TLM t= 255.8 L1·A@-75 L2·A@-74 L3·A@-75 R1·A@-75 R2·A@-73 R3·A@-72 罐=无罐 泵=0 阀=111111 速=+0,+0,+0.00 电=8.01V/2.04A/峰2.93 补余=0.0 IO错=0 倾+0.0 自动3/3
[  388.661] TLM t= 256.3 L1·A@-75 L2·A@-73 L3·A@-75 R1·A@-75 R2·A@-73 R3·A@-72 罐=无罐 泵=0 阀=111111 速=+0,+0,+0.00 电=8.01V/2.12A/峰2.93 补余=0.0 IO错=0 倾+0.0 自动3/3
[  389.185] TLM t= 256.9 L1·A@-75 L2·A@-73 L3·A@-75 R1·A@-75 R2·A@-72 R3·A@-71 罐=无罐 泵=0 阀=111111 速=+0,+0,+0.00 电=8.04V/1.95A/峰2.93 补余=0.0 IO错=0 倾+0.0 自动3/3
[  389.689] TLM t= 257.4 L1·A@-75 L2·A@-72 L3·A@-75 R1·A@-75 R2·A@-72 R3·A@-71 罐=无罐 泵=0 阀=111111 速=+0,+0,+0.00 电=8.02V/2.04A/峰2.93 补余=0.0 IO错=0 倾+0.0 自动3/3
[  390.211] TLM t= 257.9 L1·A@-75 L2·A@-72 L3·A@-75 R1·A@-75 R2·A@-72 R3·A@-70 罐=无罐 泵=0 阀=111111 速=+0,+0,+0.00 电=8.03V/1.87A/峰2.93 补余=0.0 IO错=0 倾+0.0 自动3/3
[  390.720] TLM t= 258.4 L1·A@-74 L2·A@-71 L3·A@-75 R1·A@-75 R2·A@-71 R3·A@-70 罐=无罐 泵=0 阀=111111 速=+0,+0,+0.00 电=8.03V/2.04A/峰2.93 补余=0.0 IO错=0 倾+0.0 自动3/3
[  391.241] TLM t= 258.9 L1·A@-74 L2·A@-71 L3·A@-75 R1·A@-75 R2·A@-71 R3·A@-69 罐=无罐 泵=0 阀=111111 速=+0,+0,+0.00 电=8.01V/1.95A/峰2.93 补余=0.0 IO错=0 倾+0.0 自动3/3
[  391.743] TLM t= 259.4 L1·A@-74 L2·A@-71 L3·A@-75 R1·A@-75 R2·A@-71 R3·A@-68 罐=无罐 泵=0 阀=111111 速=+0,+0,+0.00 电=8.01V/2.04A/峰2.93 补余=0.0 IO错=0 倾+0.0 自动3/3
[  392.268] TLM t= 259.9 L1·A@-74 L2·A@-70 L3·A@-75 R1·A@-75 R2·A@-70 R3·A@-68 罐=无罐 泵=0 阀=111111 速=+0,+0,+0.00 电=8.02V/2.04A/峰2.93 补余=0.0 IO错=0 倾+0.0 自动3/3
[  392.771] TLM t= 260.4 L1·A@-74 L2·A@-70 L3·A@-75 R1·A@-75 R2·A@-70 R3·A@-67 罐=无罐 泵=0 阀=111111 速=+0,+0,+0.00 电=8.01V/2.04A/峰2.93 补余=0.0 IO错=0 倾+0.0 自动3/3
[  393.291] TLM t= 260.9 L1·A@-74 L2·A@-69 L3·A@-75 R1·A@-75 R2·A@-69 R3·A@-67 罐=无罐 泵=0 阀=111111 速=+0,+0,+0.00 电=8.02V/1.87A/峰2.93 补余=0.0 IO错=0 倾+0.0 自动3/3
[  393.799] TLM t= 261.4 L1·A@-74 L2·A@-69 L3·A@-75 R1·A@-75 R2·A@-69 R3·A@-66 罐=无罐 泵=0 阀=111111 速=+0,+0,+0.00 电=8.02V/2.12A/峰2.93 补余=0.0 IO错=0 倾+0.0 自动3/3
[  394.320] TLM t= 262.0 L1·A@-74 L2·A@-69 L3·A@-75 R1·A@-75 R2·A@-69 R3·A@-66 罐=无罐 泵=0 阀=111111 速=+0,+0,+0.00 电=8.01V/2.04A/峰2.93 补余=0.0 IO错=0 倾+0.0 自动3/3
[  394.822] TLM t= 262.5 L1·A@-74 L2·A@-68 L3·A@-75 R1·A@-75 R2·A@-68 R3·A@-65 罐=无罐 泵=0 阀=111111 速=+0,+0,+0.00 电=8.01V/1.95A/峰2.93 补余=0.0 IO错=0 倾+0.0 自动3/3
[  394.935] EVT 原地抬起受理：L1
[  394.947] EVT 相位 L1 stance→handover
[  395.346] TLM t= 263.8 L1ZA@-73 L2·A@-68 L3·A@-74 R1·A@-75 R2·A@-68 R3·A@-65 罐=无罐 泵=0 阀=111111 速=+0,+0,+0.00 电=8.05V/1.63A/峰2.93 补余=0.0 IO错=0 倾+0.0 自动3/3
[  395.852] TLM t= 264.0 L1ZA@-73 L2·A@-67 L3·A@-74 R1·A@-75 R2·A@-68 R3·A@-64 罐=无罐 泵=0 阀=111111 速=+0,+0,+0.00 电=8.04V/1.55A/峰2.93 补余=0.0 IO错=0 倾+0.0 自动3/3
[  396.373] TLM t= 264.0 L1ZA@-73 L2·A@-67 L3·A@-74 R1·A@-75 R2·A@-67 R3·A@-64 罐=无罐 泵=0 阀=111111 速=+0,+0,+0.00 电=8.03V/1.79A/峰2.93 补余=0.0 IO错=0 倾+0.0 自动3/3
[  396.878] TLM t= 264.0 L1ZA@-73 L2·A@-67 L3·A@-74 R1·A@-75 R2·A@-67 R3·A@-63 罐=无罐 泵=0 阀=111111 速=+0,+0,+0.00 电=8.03V/1.87A/峰2.93 补余=0.0 IO错=0 倾+0.0 自动3/3
[  397.400] TLM t= 264.0 L1ZA@-73 L2·A@-66 L3·A@-74 R1·A@-75 R2·A@-67 R3·A@-62 罐=无罐 泵=0 阀=111111 速=+0,+0,+0.00 电=8.02V/1.95A/峰2.93 补余=0.0 IO错=0 倾+0.0 自动3/3
[  397.900] TLM t= 264.0 L1ZA@-73 L2·A@-66 L3·A@-74 R1·A@-75 R2·A@-66 R3·A@-62 罐=无罐 泵=0 阀=111111 速=+0,+0,+0.00 电=8.01V/2.12A/峰2.93 补余=0.0 IO错=0 倾+0.0 自动3/3
[  398.054] EVT 吸附 L1 attached→venting 在态106.46s -72.9kPa
[  398.055] EVT 相位 L1 handover→vent 落点Δ(+0.0,+0.0)
[  398.075] EVT 阀 L1 →排气位
[  398.353] EVT 相位 L1 vent→lift
[  398.423] TLM t= 264.0 L1Lv@-73 L2·A@-66 L3·A@-74 R1·A@-75 R2·A@-66 R3·A@-61 罐=无罐 泵=0 阀=011111 速=+0,+0,+0.00 电=7.98V/2.52A/峰2.93 补余=0.0 IO错=0 倾+0.0 自动3/3
[  398.476] EVT 吸附 L1 venting→released 在态0.42s 0.1kPa
[  398.925] TLM t= 264.0 L1Lr@-- L2·A@-65 L3·A@-74 R1·A@-75 R2·A@-66 R3·A@-61 罐=无罐 泵=0 阀=011111 速=+0,+0,+0.00 电=7.97V/2.44A/峰2.93 补余=0.0 IO错=0 倾+0.0 自动3/3
[  399.196] EVT 相位 L1 lift→transfer
[  399.448] TLM t= 264.0 L1Tr@-- L2·A@-65 L3·A@-74 R1·A@-75 R2·A@-65 R3·A@-60 罐=无罐 泵=0 阀=011111 速=+0,+0,+0.00 电=7.98V/2.60A/峰2.93 补余=0.0 IO错=0 倾+0.0 自动3/3
[  399.702] EVT 泵 开 最差盘压-60.0
[  399.822] EVT 相位 L1 transfer→hover
[  399.951] TLM t= 264.0 L1Hr@-- L2·A@-64 L3·A@-74 R1·A@-75 R2·A@-65 R3·A@-60 罐=无罐 泵=1 阀=011111 速=+0,+0,+0.00 电=7.93V/2.36A/峰2.93 补余=0.0 IO错=0 倾+0.0 自动3/3
[  400.472] TLM t= 264.0 L1Hr@-- L2·A@-74 L3·A@-74 R1·A@-75 R2·A@-74 R3·A@-74 罐=无罐 泵=1 阀=011111 速=+0,+0,+0.00 电=7.97V/2.12A/峰2.93 补余=0.0 IO错=0 倾+0.0 自动3/3
[  400.703] EVT 泵 停 最差盘压-75.6
[  400.823] EVT 落地：L1
[  400.846] EVT 相位 L1 hover→descend
[  400.976] TLM t= 264.0 L1Dr@-- L2·A@-77 L3·A@-77 R1·A@-76 R2·A@-76 R3·A@-77 罐=无罐 泵=0 阀=011111 速=+0,+0,+0.00 电=7.98V/2.36A/峰2.93 补余=0.0 IO错=0 倾+0.0 自动3/3
[  401.327] EVT 相位 L1 descend→press
[  401.495] TLM t= 264.0 L1Pr@-- L2·A@-76 L3·A@-77 R1·A@-76 R2·A@-76 R3·A@-76 罐=无罐 泵=0 阀=011111 速=+0,+0,+0.00 电=8.00V/2.36A/峰2.93 补余=0.0 IO错=0 倾+0.0 自动3/3
[  402.000] TLM t= 264.0 L1Pr@-- L2·A@-76 L3·A@-76 R1·A@-76 R2·A@-75 R3·A@-75 罐=无罐 泵=0 阀=011111 速=+0,+0,+0.00 电=8.00V/2.52A/峰2.93 补余=0.0 IO错=0 倾+0.0 自动3/3
[  402.520] TLM t= 264.0 L1Pr@-- L2·A@-75 L3·A@-76 R1·A@-76 R2·A@-75 R3·A@-75 罐=无罐 泵=0 阀=011111 速=+0,+0,+0.00 电=7.98V/2.44A/峰2.93 补余=0.0 IO错=0 倾+0.0 自动3/3
[  402.534] EVT 吸附 L1 released→pressing 在态4.04s 0.1kPa
[  402.535] EVT 相位 L1 press→wait
[  402.848] EVT 吸附 L1 pressing→sucking 在态0.32s 0.1kPa
[  402.849] EVT 阀 L1 →抽气位
[  402.876] EVT 泵 开 最差盘压-74.4
[  403.026] TLM t= 264.0 L1Ws@-21 L2·A@-75 L3·A@-76 R1·A@-76 R2·A@-75 R3·A@-74 罐=无罐 泵=1 阀=111111 速=+0,+0,+0.00 电=7.98V/2.12A/峰2.93 补余=0.0 IO错=0 倾+0.0 自动3/3
[  403.269] EVT 吸附 L1 sucking→attached 在态0.42s -64.6kPa
[  403.270] EVT 相位 L1 wait→stance
[  403.270] EVT 抬落完成，轮到 R2
[  403.548] TLM t= 264.3 L1·A@-74 L2·A@-75 L3·A@-76 R1·A@-76 R2·A@-74 R3·A@-74 罐=无罐 泵=1 阀=111111 速=+0,+0,+0.00 电=7.97V/2.28A/峰2.93 补余=0.0 IO错=0 倾+0.0 自动3/3
[  403.682] EVT 泵 停 最差盘压-75.4
[  404.053] TLM t= 264.8 L1·A@-76 L2·A@-76 L3·A@-76 R1·A@-76 R2·A@-76 R3·A@-76 罐=无罐 泵=0 阀=111111 速=+0,+0,+0.00 电=8.01V/2.36A/峰2.93 补余=0.0 IO错=0 倾+0.0 自动3/3
[  404.573] TLM t= 265.3 L1·A@-76 L2·A@-76 L3·A@-76 R1·A@-76 R2·A@-75 R3·A@-75 罐=无罐 泵=0 阀=111111 速=+0,+0,+0.00 电=7.99V/2.36A/峰2.93 补余=0.0 IO错=0 倾+0.0 自动3/3
[  405.076] TLM t= 265.8 L1·A@-76 L2·A@-75 L3·A@-76 R1·A@-76 R2·A@-75 R3·A@-75 罐=无罐 泵=0 阀=111111 速=+0,+0,+0.00 电=8.00V/2.12A/峰2.93 补余=0.0 IO错=0 倾+0.0 自动3/3
[  405.600] TLM t= 266.3 L1·A@-75 L2·A@-75 L3·A@-76 R1·A@-76 R2·A@-74 R3·A@-74 罐=无罐 泵=0 阀=111111 速=+0,+0,+0.00 电=7.98V/2.12A/峰2.93 补余=0.0 IO错=0 倾+0.0 自动3/3
[  406.110] TLM t= 266.8 L1·A@-75 L2·A@-74 L3·A@-76 R1·A@-76 R2·A@-74 R3·A@-73 罐=无罐 泵=0 阀=111111 速=+0,+0,+0.00 电=8.00V/2.20A/峰2.93 补余=0.0 IO错=0 倾+0.0 自动3/3
[  406.627] TLM t= 267.3 L1·A@-75 L2·A@-74 L3·A@-76 R1·A@-76 R2·A@-74 R3·A@-73 罐=无罐 泵=0 阀=111111 速=+0,+0,+0.00 电=8.01V/2.20A/峰2.93 补余=0.0 IO错=0 倾+0.0 自动3/3
[  407.132] TLM t= 267.8 L1·A@-75 L2·A@-74 L3·A@-76 R1·A@-76 R2·A@-73 R3·A@-72 罐=无罐 泵=0 阀=111111 速=+0,+0,+0.00 电=7.99V/2.28A/峰2.93 补余=0.0 IO错=0 倾+0.0 自动3/3
[  407.652] TLM t= 268.3 L1·A@-75 L2·A@-73 L3·A@-75 R1·A@-76 R2·A@-73 R3·A@-72 罐=无罐 泵=0 阀=111111 速=+0,+0,+0.00 电=8.00V/2.20A/峰2.93 补余=0.0 IO错=0 倾+0.0 自动3/3
[  408.154] TLM t= 268.8 L1·A@-75 L2·A@-73 L3·A@-75 R1·A@-75 R2·A@-73 R3·A@-71 罐=无罐 泵=0 阀=111111 速=+0,+0,+0.00 电=8.00V/2.20A/峰2.93 补余=0.0 IO错=0 倾+0.0 自动3/3
[  408.676] TLM t= 269.4 L1·A@-75 L2·A@-72 L3·A@-75 R1·A@-75 R2·A@-72 R3·A@-71 罐=无罐 泵=0 阀=111111 速=+0,+0,+0.00 电=8.01V/2.28A/峰2.93 补余=0.0 IO错=0 倾+0.0 自动3/3
[  409.183] TLM t= 269.9 L1·A@-75 L2·A@-72 L3·A@-75 R1·A@-75 R2·A@-72 R3·A@-70 罐=无罐 泵=0 阀=111111 速=+0,+0,+0.00 电=8.01V/2.36A/峰2.93 补余=0.0 IO错=0 倾+0.0 自动3/3
[  409.703] TLM t= 270.4 L1·A@-74 L2·A@-72 L3·A@-75 R1·A@-75 R2·A@-71 R3·A@-70 罐=无罐 泵=0 阀=111111 速=+0,+0,+0.00 电=7.99V/2.28A/峰2.93 补余=0.0 IO错=0 倾+0.0 自动3/3
[  410.208] TLM t= 270.9 L1·A@-74 L2·A@-71 L3·A@-75 R1·A@-75 R2·A@-71 R3·A@-69 罐=无罐 泵=0 阀=111111 速=+0,+0,+0.00 电=8.00V/2.28A/峰2.93 补余=0.0 IO错=0 倾+0.0 自动3/3
[  410.728] TLM t= 271.4 L1·A@-74 L2·A@-71 L3·A@-75 R1·A@-75 R2·A@-71 R3·A@-68 罐=无罐 泵=0 阀=111111 速=+0,+0,+0.00 电=7.98V/2.52A/峰2.93 补余=0.0 IO错=0 倾+0.0 自动3/3
[  411.232] TLM t= 271.9 L1·A@-74 L2·A@-70 L3·A@-75 R1·A@-75 R2·A@-70 R3·A@-68 罐=无罐 泵=0 阀=111111 速=+0,+0,+0.00 电=8.00V/2.28A/峰2.93 补余=0.0 IO错=0 倾+0.0 自动3/3
[  411.756] TLM t= 272.4 L1·A@-74 L2·A@-70 L3·A@-75 R1·A@-75 R2·A@-70 R3·A@-67 罐=无罐 泵=0 阀=111111 速=+0,+0,+0.00 电=7.99V/2.36A/峰2.93 补余=0.0 IO错=0 倾+0.0 自动3/3
[  412.261] TLM t= 272.9 L1·A@-74 L2·A@-70 L3·A@-75 R1·A@-75 R2·A@-70 R3·A@-67 罐=无罐 泵=0 阀=111111 速=+0,+0,+0.00 电=7.98V/2.20A/峰2.93 补余=0.0 IO错=0 倾+0.0 自动3/3
[  412.785] TLM t= 273.4 L1·A@-74 L2·A@-69 L3·A@-75 R1·A@-75 R2·A@-69 R3·A@-66 罐=无罐 泵=0 阀=111111 速=+0,+0,+0.00 电=7.99V/2.28A/峰2.93 补余=0.0 IO错=0 倾+0.0 自动3/3
[  413.291] TLM t= 273.9 L1·A@-74 L2·A@-69 L3·A@-75 R1·A@-75 R2·A@-69 R3·A@-66 罐=无罐 泵=0 阀=111111 速=+0,+0,+0.00 电=8.00V/2.28A/峰2.93 补余=0.0 IO错=0 倾+0.0 自动3/3
[  413.292] EVT 原地抬起受理：R2
[  413.320] EVT 相位 R2 stance→handover
[  413.811] TLM t= 275.3 L1·A@-73 L2·A@-69 L3·A@-75 R1·A@-75 R2ZA@-68 R3·A@-65 罐=无罐 泵=0 阀=111111 速=+0,+0,+0.00 电=8.01V/2.20A/峰2.93 补余=0.0 IO错=0 倾+0.0 自动3/3
[  414.319] TLM t= 275.4 L1·A@-73 L2·A@-68 L3·A@-74 R1·A@-75 R2ZA@-68 R3·A@-65 罐=无罐 泵=0 阀=111111 速=+0,+0,+0.00 电=8.00V/2.20A/峰2.93 补余=0.0 IO错=0 倾+0.0 自动3/3
[  414.841] TLM t= 275.4 L1·A@-73 L2·A@-68 L3·A@-74 R1·A@-75 R2ZA@-68 R3·A@-64 罐=无罐 泵=0 阀=111111 速=+0,+0,+0.00 电=7.99V/2.44A/峰2.93 补余=0.0 IO错=0 倾+0.0 自动3/3
[  415.347] TLM t= 275.4 L1·A@-73 L2·A@-67 L3·A@-74 R1·A@-75 R2ZA@-67 R3·A@-64 罐=无罐 泵=0 阀=111111 速=+0,+0,+0.00 电=8.01V/2.36A/峰2.93 补余=0.0 IO错=0 倾+0.0 自动3/3
[  415.515] EVT 吸附 R2 attached→venting 在态106.60s -67.2kPa
[  415.516] EVT 相位 R2 handover→vent 落点Δ(+0.0,+0.0)
[  415.528] EVT 阀 R2 →排气位
[  415.814] EVT 相位 R2 vent→lift
[  415.869] TLM t= 275.4 L1·A@-73 L2·A@-67 L3·A@-74 R1·A@-75 R2Lv@-67 R3·A@-63 罐=无罐 泵=0 阀=111101 速=+0,+0,+0.00 电=7.99V/2.04A/峰2.93 补余=0.0 IO错=0 倾+0.0 自动3/3
[  415.942] EVT 吸附 R2 venting→released 在态0.42s -0.0kPa
[  416.374] TLM t= 275.4 L1·A@-73 L2·A@-67 L3·A@-74 R1·A@-75 R2Lr@-- R3·A@-63 罐=无罐 泵=0 阀=111101 速=+0,+0,+0.00 电=7.97V/2.36A/峰2.93 补余=0.0 IO错=0 倾+0.0 自动3/3
[  416.662] EVT 相位 R2 lift→transfer
[  416.893] TLM t= 275.4 L1·A@-73 L2·A@-66 L3·A@-74 R1·A@-75 R2Tr@-- R3·A@-62 罐=无罐 泵=0 阀=111101 速=+0,+0,+0.00 电=7.97V/2.52A/峰2.93 补余=0.0 IO错=0 倾+0.0 自动3/3
[  417.282] EVT 相位 R2 transfer→hover
[  417.395] TLM t= 275.4 L1·A@-73 L2·A@-66 L3·A@-74 R1·A@-75 R2Hr@-- R3·A@-62 罐=无罐 泵=0 阀=111101 速=+0,+0,+0.00 电=7.98V/2.28A/峰2.93 补余=0.0 IO错=0 倾+0.0 自动3/3
[  417.920] TLM t= 275.4 L1·A@-73 L2·A@-65 L3·A@-74 R1·A@-75 R2Hr@-- R3·A@-61 罐=无罐 泵=0 阀=111101 速=+0,+0,+0.00 电=7.98V/2.36A/峰2.93 补余=0.0 IO错=0 倾+0.0 自动3/3
[  418.291] EVT 落地：R2
[  418.306] EVT 相位 R2 hover→descend
[  418.420] TLM t= 275.4 L1·A@-72 L2·A@-65 L3·A@-74 R1·A@-75 R2Dr@-- R3·A@-60 罐=无罐 泵=0 阀=111101 速=+0,+0,+0.00 电=7.97V/2.44A/峰2.93 补余=0.0 IO错=0 倾+0.0 自动3/3
[  418.788] EVT 相位 R2 descend→press
[  418.945] TLM t= 275.4 L1·A@-72 L2·A@-65 L3·A@-74 R1·A@-75 R2Pr@-- R3·A@-60 罐=无罐 泵=0 阀=111101 速=+0,+0,+0.00 电=7.99V/2.20A/峰2.93 补余=0.0 IO错=0 倾+0.0 自动3/3
[  418.956] EVT 泵 开 最差盘压-59.9
[  419.445] TLM t= 275.4 L1·A@-72 L2·A@-70 L3·A@-74 R1·A@-75 R2Pr@-- R3·A@-69 罐=无罐 泵=1 阀=111101 速=+0,+0,+0.00 电=7.94V/2.28A/峰2.93 补余=0.0 IO错=0 倾+0.0 自动3/3
[  419.961] EVT 泵 停 最差盘压-75.6
[  419.970] TLM t= 275.4 L1·A@-77 L2·A@-77 L3·A@-76 R1·A@-76 R2Pr@-- R3·A@-76 罐=无罐 泵=0 阀=111101 速=+0,+0,+0.00 电=7.97V/2.44A/峰2.93 补余=0.0 IO错=0 倾+0.0 自动3/3
[  419.993] EVT 吸附 R2 released→pressing 在态4.04s -0.0kPa
[  419.993] EVT 相位 R2 press→wait
[  420.322] EVT 吸附 R2 pressing→sucking 在态0.32s -0.0kPa
[  420.322] EVT 阀 R2 →抽气位
[  420.342] EVT 泵 开 最差盘压-76.1
[  420.486] TLM t= 275.4 L1·A@-77 L2·A@-77 L3·A@-77 R1·A@-76 R2Ws@-68 R3·A@-76 罐=无罐 泵=1 阀=111111 速=+0,+0,+0.00 电=7.97V/2.44A/峰2.93 补余=0.0 IO错=0 倾+0.0 自动3/3
[  420.623] EVT 吸附 R2 sucking→attached 在态0.30s -69.3kPa
[  420.623] EVT 相位 R2 wait→stance
[  420.623] EVT 抬落完成，轮到 L3
[  420.993] TLM t= 275.8 L1·A@-77 L2·A@-76 L3·A@-77 R1·A@-76 R2·A@-74 R3·A@-76 罐=无罐 泵=1 阀=111111 速=+0,+0,+0.00 电=7.98V/2.20A/峰2.93 补余=0.0 IO错=0 倾+0.0 自动3/3
[  421.066] EVT 泵 停 最差盘压-75.6
[  421.497] TLM t= 276.3 L1·A@-76 L2·A@-76 L3·A@-77 R1·A@-76 R2·A@-75 R3·A@-76 罐=无罐 泵=0 阀=111111 速=+0,+0,+0.00 电=7.99V/2.36A/峰2.93 补余=0.0 IO错=0 倾+0.0 自动3/3
[  422.019] TLM t= 276.8 L1·A@-76 L2·A@-76 L3·A@-76 R1·A@-76 R2·A@-74 R3·A@-75 罐=无罐 泵=0 阀=111111 速=+0,+0,+0.00 电=8.00V/2.36A/峰2.93 补余=0.0 IO错=0 倾+0.0 自动3/3
[  422.527] TLM t= 277.3 L1·A@-76 L2·A@-75 L3·A@-76 R1·A@-76 R2·A@-74 R3·A@-75 罐=无罐 泵=0 阀=111111 速=+0,+0,+0.00 电=7.99V/2.36A/峰2.93 补余=0.0 IO错=0 倾+0.0 自动3/3
[  423.047] TLM t= 277.8 L1·A@-76 L2·A@-75 L3·A@-76 R1·A@-76 R2·A@-73 R3·A@-74 罐=无罐 泵=0 阀=111111 速=+0,+0,+0.00 电=7.98V/2.28A/峰2.93 补余=0.0 IO错=0 倾+0.0 自动3/3
[  423.550] TLM t= 278.3 L1·A@-76 L2·A@-75 L3·A@-76 R1·A@-76 R2·A@-73 R3·A@-73 罐=无罐 泵=0 阀=111111 速=+0,+0,+0.00 电=7.99V/2.36A/峰2.93 补余=0.0 IO错=0 倾+0.0 自动3/3
[  424.075] TLM t= 278.8 L1·A@-76 L2·A@-74 L3·A@-76 R1·A@-76 R2·A@-72 R3·A@-73 罐=无罐 泵=0 阀=111111 速=+0,+0,+0.00 电=8.00V/2.20A/峰2.93 补余=0.0 IO错=0 倾+0.0 自动3/3
[  424.578] TLM t= 279.3 L1·A@-76 L2·A@-74 L3·A@-76 R1·A@-76 R2·A@-72 R3·A@-72 罐=无罐 泵=0 阀=111111 速=+0,+0,+0.00 电=7.99V/2.36A/峰2.93 补余=0.0 IO错=0 倾+0.0 自动3/3
[  425.101] TLM t= 279.8 L1·A@-76 L2·A@-73 L3·A@-76 R1·A@-76 R2·A@-72 R3·A@-72 罐=无罐 泵=0 阀=111111 速=+0,+0,+0.00 电=7.99V/2.20A/峰2.93 补余=0.0 IO错=0 倾+0.0 自动3/3
[  425.604] TLM t= 280.3 L1·A@-76 L2·A@-73 L3·A@-76 R1·A@-76 R2·A@-71 R3·A@-71 罐=无罐 泵=0 阀=111111 速=+0,+0,+0.00 电=8.00V/2.28A/峰2.93 补余=0.0 IO错=0 倾+0.0 自动3/3
[  426.124] TLM t= 280.9 L1·A@-75 L2·A@-73 L3·A@-76 R1·A@-76 R2·A@-71 R3·A@-71 罐=无罐 泵=0 阀=111111 速=+0,+0,+0.00 电=7.99V/2.20A/峰2.93 补余=0.0 IO错=0 倾+0.0 自动3/3
[  426.627] TLM t= 281.4 L1·A@-75 L2·A@-72 L3·A@-76 R1·A@-76 R2·A@-70 R3·A@-70 罐=无罐 泵=0 阀=111111 速=+0,+0,+0.00 电=8.00V/2.28A/峰2.93 补余=0.0 IO错=0 倾+0.0 自动3/3
[  427.151] TLM t= 281.9 L1·A@-75 L2·A@-72 L3·A@-76 R1·A@-75 R2·A@-70 R3·A@-70 罐=无罐 泵=0 阀=111111 速=+0,+0,+0.00 电=7.98V/2.28A/峰2.93 补余=0.0 IO错=0 倾+0.0 自动3/3
[  427.653] TLM t= 282.4 L1·A@-75 L2·A@-71 L3·A@-76 R1·A@-76 R2·A@-70 R3·A@-69 罐=无罐 泵=0 阀=111111 速=+0,+0,+0.00 电=7.98V/2.28A/峰2.93 补余=0.0 IO错=0 倾+0.0 自动3/3
[  428.174] TLM t= 282.9 L1·A@-75 L2·A@-71 L3·A@-76 R1·A@-75 R2·A@-69 R3·A@-69 罐=无罐 泵=0 阀=111111 速=+0,+0,+0.00 电=8.01V/2.20A/峰2.93 补余=0.0 IO错=0 倾+0.0 自动3/3
[  428.680] TLM t= 283.4 L1·A@-75 L2·A@-71 L3·A@-76 R1·A@-75 R2·A@-69 R3·A@-68 罐=无罐 泵=0 阀=111111 速=+0,+0,+0.00 电=7.98V/2.28A/峰2.93 补余=0.0 IO错=0 倾+0.0 自动3/3
[  429.203] TLM t= 283.9 L1·A@-75 L2·A@-70 L3·A@-76 R1·A@-75 R2·A@-69 R3·A@-67 罐=无罐 泵=0 阀=111111 速=+0,+0,+0.00 电=7.98V/2.20A/峰2.93 补余=0.0 IO错=0 倾+0.0 自动3/3
[  429.707] TLM t= 284.4 L1·A@-75 L2·A@-70 L3·A@-75 R1·A@-75 R2·A@-68 R3·A@-67 罐=无罐 泵=0 阀=111111 速=+0,+0,+0.00 电=8.00V/2.28A/峰2.93 补余=0.0 IO错=0 倾+0.0 自动3/3
[  430.227] TLM t= 284.9 L1·A@-75 L2·A@-69 L3·A@-75 R1·A@-75 R2·A@-68 R3·A@-66 罐=无罐 泵=0 阀=111111 速=+0,+0,+0.00 电=8.00V/2.36A/峰2.93 补余=0.0 IO错=0 倾+0.0 自动3/3
[  430.661] EVT 原地抬起受理：L3
[  430.674] EVT 相位 L3 stance→handover
[  430.731] TLM t= 286.3 L1·A@-74 L2·A@-69 L3ZA@-75 R1·A@-75 R2·A@-68 R3·A@-66 罐=无罐 泵=0 阀=111111 速=+0,+0,+0.00 电=8.00V/2.04A/峰2.93 补余=0.0 IO错=0 倾+0.0 自动3/3
[  431.251] TLM t= 286.8 L1·A@-74 L2·A@-69 L3ZA@-75 R1·A@-75 R2·A@-67 R3·A@-65 罐=无罐 泵=0 阀=111111 速=+0,+0,+0.00 电=8.01V/1.87A/峰2.93 补余=0.0 IO错=0 倾+0.0 自动3/3
[  431.753] TLM t= 286.8 L1·A@-74 L2·A@-68 L3ZA@-75 R1·A@-75 R2·A@-67 R3·A@-65 罐=无罐 泵=0 阀=111111 速=+0,+0,+0.00 电=8.02V/2.04A/峰2.93 补余=0.0 IO错=0 倾+0.0 自动3/3
[  432.277] TLM t= 286.8 L1·A@-74 L2·A@-68 L3ZA@-75 R1·A@-75 R2·A@-66 R3·A@-64 罐=无罐 泵=0 阀=111111 速=+0,+0,+0.00 电=8.01V/1.95A/峰2.93 补余=0.0 IO错=0 倾+0.0 自动3/3
[  432.783] TLM t= 286.8 L1·A@-74 L2·A@-67 L3ZA@-75 R1·A@-75 R2·A@-66 R3·A@-64 罐=无罐 泵=0 阀=111111 速=+0,+0,+0.00 电=8.02V/1.87A/峰2.93 补余=0.0 IO错=0 倾+0.0 自动3/3
[  433.301] TLM t= 286.8 L1·A@-74 L2·A@-67 L3ZA@-75 R1·A@-75 R2·A@-66 R3·A@-63 罐=无罐 泵=0 阀=111111 速=+0,+0,+0.00 电=8.01V/2.12A/峰2.93 补余=0.0 IO错=0 倾+0.0 自动3/3
[  433.569] EVT 吸附 L3 attached→venting 在态106.62s -75.0kPa
[  433.569] EVT 相位 L3 handover→vent 落点Δ(+0.0,+0.0)
[  433.595] EVT 阀 L3 →排气位
[  433.807] TLM t= 286.8 L1·A@-74 L2·A@-67 L3Vv@-75 R1·A@-75 R2·A@-65 R3·A@-63 罐=无罐 泵=0 阀=110111 速=+0,+0,+0.00 电=8.00V/2.04A/峰2.93 补余=0.0 IO错=0 倾+0.0 自动3/3
[  433.870] EVT 相位 L3 vent→lift
[  433.992] EVT 吸附 L3 venting→released 在态0.42s 0.1kPa
[  434.330] TLM t= 286.8 L1·A@-74 L2·A@-66 L3Lr@-- R1·A@-75 R2·A@-65 R3·A@-62 罐=无罐 泵=0 阀=110111 速=+0,+0,+0.00 电=7.98V/2.12A/峰2.93 补余=0.0 IO错=0 倾+0.0 自动3/3
[  434.716] EVT 相位 L3 lift→transfer
[  434.832] TLM t= 286.8 L1·A@-74 L2·A@-66 L3Tr@-- R1·A@-75 R2·A@-65 R3·A@-62 罐=无罐 泵=0 阀=110111 速=+0,+0,+0.00 电=7.98V/2.20A/峰2.93 补余=0.0 IO错=0 倾+0.0 自动3/3
[  435.343] EVT 相位 L3 transfer→hover
[  435.356] TLM t= 286.8 L1·A@-74 L2·A@-66 L3Hr@-- R1·A@-75 R2·A@-65 R3·A@-61 罐=无罐 泵=0 阀=110111 速=+0,+0,+0.00 电=7.95V/2.04A/峰2.93 补余=0.0 IO错=0 倾+0.0 自动3/3
[  435.868] TLM t= 286.8 L1·A@-73 L2·A@-65 L3Hr@-- R1·A@-75 R2·A@-64 R3·A@-61 罐=无罐 泵=0 阀=110111 速=+0,+0,+0.00 电=7.98V/2.04A/峰2.93 补余=0.0 IO错=0 倾+0.0 自动3/3
[  436.329] EVT 泵 开 最差盘压-60.0
[  436.366] EVT 落地：L3
[  436.376] TLM t= 286.8 L1·A@-73 L2·A@-65 L3Dr@-- R1·A@-75 R2·A@-64 R3·A@-60 罐=无罐 泵=1 阀=110111 速=+0,+0,+0.00 电=7.89V/2.04A/峰2.93 补余=0.0 IO错=0 倾+0.0 自动3/3
[  436.389] EVT 相位 L3 hover→descend
[  436.870] EVT 相位 L3 descend→press
[  436.889] TLM t= 286.8 L1·A@-73 L2·A@-71 L3Pr@-- R1·A@-75 R2·A@-71 R3·A@-70 罐=无罐 泵=1 阀=110111 速=+0,+0,+0.00 电=7.94V/1.87A/峰2.93 补余=0.0 IO错=0 倾+0.0 自动3/3
[  437.329] EVT 泵 停 最差盘压-75.4
[  437.399] TLM t= 286.8 L1·A@-77 L2·A@-77 L3Pr@-- R1·A@-76 R2·A@-77 R3·A@-76 罐=无罐 泵=0 阀=110111 速=+0,+0,+0.00 电=7.97V/2.12A/峰2.93 补余=0.0 IO错=0 倾+0.0 自动3/3
[  437.903] TLM t= 286.8 L1·A@-77 L2·A@-76 L3Pr@-- R1·A@-76 R2·A@-76 R3·A@-76 罐=无罐 泵=0 阀=110111 速=+0,+0,+0.00 电=7.99V/2.04A/峰2.93 补余=0.0 IO错=0 倾+0.0 自动3/3
[  438.073] EVT 吸附 L3 released→pressing 在态4.06s 0.1kPa
[  438.074] EVT 相位 L3 press→wait
[  438.386] EVT 吸附 L3 pressing→sucking 在态0.32s 0.1kPa
[  438.387] EVT 阀 L3 →抽气位
[  438.415] EVT 泵 开 最差盘压-75.5
[  438.426] TLM t= 286.8 L1·A@-76 L2·A@-76 L3Ws@-13 R1·A@-76 R2·A@-76 R3·A@-76 罐=无罐 泵=1 阀=111111 速=+0,+0,+0.00 电=7.82V/1.95A/峰2.93 补余=0.0 IO错=0 倾+0.0 自动3/3
[  438.687] EVT 吸附 L3 sucking→attached 在态0.30s -55.1kPa
[  438.688] EVT 相位 L3 wait→stance
[  438.688] EVT 抬落完成，轮到 R1
[  438.938] TLM t= 287.0 L1·A@-76 L2·A@-76 L3·A@-70 R1·A@-76 R2·A@-75 R3·A@-75 罐=无罐 泵=1 阀=111111 速=+0,+0,+0.00 电=7.96V/2.12A/峰2.93 补余=0.0 IO错=0 倾+0.0 自动3/3
[  439.217] EVT 泵 停 最差盘压-75.6
[  439.446] TLM t= 287.5 L1·A@-76 L2·A@-76 L3·A@-76 R1·A@-76 R2·A@-76 R3·A@-76 罐=无罐 泵=0 阀=111111 速=+0,+0,+0.00 电=7.99V/1.87A/峰2.93 补余=0.0 IO错=0 倾+0.0 自动3/3
[  439.948] TLM t= 288.0 L1·A@-76 L2·A@-76 L3·A@-76 R1·A@-76 R2·A@-76 R3·A@-76 罐=无罐 泵=0 阀=111111 速=+0,+0,+0.00 电=8.01V/2.04A/峰2.93 补余=0.0 IO错=0 倾+0.0 自动3/3
[  440.470] TLM t= 288.6 L1·A@-76 L2·A@-76 L3·A@-76 R1·A@-76 R2·A@-75 R3·A@-75 罐=无罐 泵=0 阀=111111 速=+0,+0,+0.00 电=8.00V/1.95A/峰2.93 补余=0.0 IO错=0 倾+0.0 自动3/3
[  440.972] TLM t= 289.1 L1·A@-76 L2·A@-75 L3·A@-76 R1·A@-75 R2·A@-75 R3·A@-74 罐=无罐 泵=0 阀=111111 速=+0,+0,+0.00 电=8.00V/2.12A/峰2.93 补余=0.0 IO错=0 倾+0.0 自动3/3
[  441.494] TLM t= 289.6 L1·A@-76 L2·A@-75 L3·A@-75 R1·A@-75 R2·A@-74 R3·A@-74 罐=无罐 泵=0 阀=111111 速=+0,+0,+0.00 电=8.01V/1.95A/峰2.93 补余=0.0 IO错=0 倾+0.0 自动3/3
[  441.999] TLM t= 290.1 L1·A@-76 L2·A@-74 L3·A@-75 R1·A@-75 R2·A@-74 R3·A@-73 罐=无罐 泵=0 阀=111111 速=+0,+0,+0.00 电=8.01V/1.95A/峰2.93 补余=0.0 IO错=0 倾+0.0 自动3/3
[  442.517] TLM t= 290.6 L1·A@-76 L2·A@-74 L3·A@-75 R1·A@-75 R2·A@-74 R3·A@-73 罐=无罐 泵=0 阀=111111 速=+0,+0,+0.00 电=8.00V/2.04A/峰2.93 补余=0.0 IO错=0 倾+0.0 自动3/3
[  443.021] TLM t= 291.1 L1·A@-76 L2·A@-73 L3·A@-75 R1·A@-75 R2·A@-73 R3·A@-72 罐=无罐 泵=0 阀=111111 速=+0,+0,+0.00 电=8.00V/2.12A/峰2.93 补余=0.0 IO错=0 倾+0.0 自动3/3
[  443.544] TLM t= 291.6 L1·A@-75 L2·A@-73 L3·A@-75 R1·A@-75 R2·A@-73 R3·A@-72 罐=无罐 泵=0 阀=111111 速=+0,+0,+0.00 电=7.98V/2.12A/峰2.93 补余=0.0 IO错=0 倾+0.0 自动3/3
[  444.052] TLM t= 292.1 L1·A@-75 L2·A@-73 L3·A@-75 R1·A@-75 R2·A@-72 R3·A@-71 罐=无罐 泵=0 阀=111111 速=+0,+0,+0.00 电=8.01V/2.12A/峰2.93 补余=0.0 IO错=0 倾+0.0 自动3/3
[  444.570] TLM t= 292.6 L1·A@-75 L2·A@-72 L3·A@-75 R1·A@-75 R2·A@-72 R3·A@-70 罐=无罐 泵=0 阀=111111 速=+0,+0,+0.00 电=8.00V/2.04A/峰2.93 补余=0.0 IO错=0 倾+0.0 自动3/3
[  445.072] TLM t= 293.1 L1·A@-75 L2·A@-72 L3·A@-74 R1·A@-75 R2·A@-72 R3·A@-70 罐=无罐 泵=0 阀=111111 速=+0,+0,+0.00 电=8.00V/2.04A/峰2.93 补余=0.0 IO错=0 倾+0.0 自动3/3
[  445.595] TLM t= 293.7 L1·A@-75 L2·A@-71 L3·A@-74 R1·A@-75 R2·A@-72 R3·A@-69 罐=无罐 泵=0 阀=111111 速=+0,+0,+0.00 电=7.99V/1.95A/峰2.93 补余=0.0 IO错=0 倾+0.0 自动3/3
[  446.099] TLM t= 294.2 L1·A@-75 L2·A@-71 L3·A@-74 R1·A@-75 R2·A@-71 R3·A@-69 罐=无罐 泵=0 阀=111111 速=+0,+0,+0.00 电=7.98V/2.12A/峰2.93 补余=0.0 IO错=0 倾+0.0 自动3/3
[  446.619] TLM t= 294.7 L1·A@-75 L2·A@-71 L3·A@-74 R1·A@-75 R2·A@-71 R3·A@-68 罐=无罐 泵=0 阀=111111 速=+0,+0,+0.00 电=8.01V/2.04A/峰2.93 补余=0.0 IO错=0 倾+0.0 自动3/3
[  447.121] TLM t= 295.2 L1·A@-75 L2·A@-70 L3·A@-74 R1·A@-75 R2·A@-70 R3·A@-68 罐=无罐 泵=0 阀=111111 速=+0,+0,+0.00 电=8.01V/2.04A/峰2.93 补余=0.0 IO错=0 倾+0.0 自动3/3
[  447.646] TLM t= 295.7 L1·A@-75 L2·A@-70 L3·A@-74 R1·A@-75 R2·A@-70 R3·A@-67 罐=无罐 泵=0 阀=111111 速=+0,+0,+0.00 电=8.01V/2.04A/峰2.93 补余=0.0 IO错=0 倾+0.0 自动3/3
[  448.149] TLM t= 296.2 L1·A@-75 L2·A@-69 L3·A@-74 R1·A@-75 R2·A@-70 R3·A@-67 罐=无罐 泵=0 阀=111111 速=+0,+0,+0.00 电=8.00V/2.04A/峰2.93 补余=0.0 IO错=0 倾+0.0 自动3/3
[  448.672] TLM t= 296.7 L1·A@-74 L2·A@-69 L3·A@-74 R1·A@-75 R2·A@-69 R3·A@-66 罐=无罐 泵=0 阀=111111 速=+0,+0,+0.00 电=7.99V/1.87A/峰2.93 补余=0.0 IO错=0 倾+0.0 自动3/3
[  448.725] EVT 原地抬起受理：R1
[  448.745] EVT 相位 R1 stance→handover
[  449.177] TLM t= 298.0 L1·A@-74 L2·A@-69 L3·A@-73 R1ZA@-74 R2·A@-69 R3·A@-66 罐=无罐 泵=0 阀=111111 速=+0,+0,+0.00 电=8.01V/1.63A/峰2.93 补余=0.0 IO错=0 倾+0.0 自动3/3
[  449.696] TLM t= 298.2 L1·A@-74 L2·A@-68 L3·A@-73 R1ZA@-74 R2·A@-69 R3·A@-65 罐=无罐 泵=0 阀=111111 速=+0,+0,+0.00 电=8.03V/1.55A/峰2.93 补余=0.0 IO错=0 倾+0.0 自动3/3
[  450.203] TLM t= 298.2 L1·A@-74 L2·A@-68 L3·A@-73 R1ZA@-74 R2·A@-68 R3·A@-65 罐=无罐 泵=0 阀=111111 速=+0,+0,+0.00 电=8.01V/1.63A/峰2.93 补余=0.0 IO错=0 倾+0.0 自动3/3
[  450.724] TLM t= 298.2 L1·A@-74 L2·A@-68 L3·A@-73 R1ZA@-74 R2·A@-68 R3·A@-64 罐=无罐 泵=0 阀=111111 速=+0,+0,+0.00 电=8.01V/1.87A/峰2.93 补余=0.0 IO错=0 倾+0.0 自动3/3
[  451.229] TLM t= 298.2 L1·A@-74 L2·A@-67 L3·A@-73 R1ZA@-74 R2·A@-68 R3·A@-64 罐=无罐 泵=0 阀=111111 速=+0,+0,+0.00 电=8.00V/1.87A/峰2.93 补余=0.0 IO错=0 倾+0.0 自动3/3
[  451.749] TLM t= 298.2 L1·A@-74 L2·A@-67 L3·A@-73 R1ZA@-74 R2·A@-67 R3·A@-63 罐=无罐 泵=0 阀=111111 速=+0,+0,+0.00 电=8.00V/1.95A/峰2.93 补余=0.0 IO错=0 倾+0.0 自动3/3
[  452.042] EVT 吸附 R1 attached→venting 在态106.56s -74.1kPa
[  452.042] EVT 相位 R1 handover→vent 落点Δ(+0.0,+0.0)
[  452.062] EVT 阀 R1 →排气位
[  452.256] TLM t= 298.2 L1·A@-74 L2·A@-66 L3·A@-73 R1Vv@-74 R2·A@-67 R3·A@-63 罐=无罐 泵=0 阀=111011 速=+0,+0,+0.00 电=7.99V/2.28A/峰2.93 补余=0.0 IO错=0 倾+0.0 自动3/3
[  452.341] EVT 相位 R1 vent→lift
[  452.464] EVT 吸附 R1 venting→released 在态0.42s 0.0kPa
[  452.773] TLM t= 298.2 L1·A@-74 L2·A@-66 L3·A@-73 R1Lr@-- R2·A@-67 R3·A@-62 罐=无罐 泵=0 阀=111011 速=+0,+0,+0.00 电=7.96V/2.44A/峰2.93 补余=0.0 IO错=0 倾+0.0 自动3/3
[  453.185] EVT 相位 R1 lift→transfer
[  453.275] TLM t= 298.2 L1·A@-74 L2·A@-66 L3·A@-73 R1Tr@-- R2·A@-66 R3·A@-62 罐=无罐 泵=0 阀=111011 速=+0,+0,+0.00 电=7.96V/2.44A/峰2.93 补余=0.0 IO错=0 倾+0.0 自动3/3
[  453.798] TLM t= 298.2 L1·A@-73 L2·A@-65 L3·A@-73 R1Tr@-- R2·A@-66 R3·A@-61 罐=无罐 泵=0 阀=111011 速=+0,+0,+0.00 电=7.93V/2.85A/峰2.93 补余=0.0 IO错=0 倾+0.0 自动3/3
[  453.811] EVT 相位 R1 transfer→hover
[  454.304] TLM t= 298.2 L1·A@-73 L2·A@-65 L3·A@-73 R1Hr@-- R2·A@-66 R3·A@-60 罐=无罐 泵=0 阀=111011 速=+0,+0,+0.00 电=7.97V/2.36A/峰2.93 补余=0.0 IO错=0 倾+0.0 自动3/3
[  454.812] EVT 落地：R1
[  454.822] TLM t= 298.2 L1·A@-73 L2·A@-64 L3·A@-72 R1Dr@-- R2·A@-65 R3·A@-60 罐=无罐 泵=0 阀=111011 速=+0,+0,+0.00 电=7.96V/2.20A/峰2.93 补余=0.0 IO错=0 倾+0.0 自动3/3
[  454.834] EVT 相位 R1 hover→descend
[  454.834] EVT 泵 开 最差盘压-59.9
[  455.315] EVT 相位 R1 descend→press
[  455.338] TLM t= 298.2 L1·A@-73 L2·A@-69 L3·A@-72 R1Pr@-- R2·A@-69 R3·A@-69 罐=无罐 泵=1 阀=111011 速=+0,+0,+0.00 电=7.95V/2.44A/峰2.93 补余=0.0 IO错=0 倾+0.0 自动3/3
[  455.774] EVT 泵 停 最差盘压-75.2
[  455.843] TLM t= 298.2 L1·A@-76 L2·A@-76 L3·A@-76 R1Pr@-- R2·A@-76 R3·A@-76 罐=无罐 泵=0 阀=111011 速=+0,+0,+0.00 电=7.96V/2.36A/峰2.93 补余=0.0 IO错=0 倾+0.0 自动3/3
[  456.346] TLM t= 298.2 L1·A@-76 L2·A@-76 L3·A@-76 R1Pr@-- R2·A@-75 R3·A@-75 罐=无罐 泵=0 阀=111011 速=+0,+0,+0.00 电=7.97V/2.36A/峰2.93 补余=0.0 IO错=0 倾+0.0 自动3/3
[  456.518] EVT 吸附 R1 released→pressing 在态4.04s 0.0kPa
[  456.519] EVT 相位 R1 press→wait
[  456.832] EVT 吸附 R1 pressing→sucking 在态0.32s 0.0kPa
[  456.832] EVT 阀 R1 →抽气位
[  456.860] EVT 泵 开 最差盘压-74.7
[  456.870] TLM t= 298.2 L1·A@-76 L2·A@-75 L3·A@-76 R1Ws@-4 R2·A@-75 R3·A@-75 罐=无罐 泵=1 阀=111111 速=+0,+0,+0.00 电=7.80V/2.36A/峰2.93 补余=0.0 IO错=0 倾+0.0 自动3/3
[  457.193] EVT 吸附 R1 sucking→attached 在态0.36s -67.6kPa
[  457.193] EVT 相位 R1 wait→stance
[  457.193] EVT 抬落完成，轮到 L2
[  457.384] TLM t= 298.4 L1·A@-76 L2·A@-75 L3·A@-76 R1·A@-73 R2·A@-74 R3·A@-74 罐=无罐 泵=1 阀=111111 速=+0,+0,+0.00 电=7.89V/2.20A/峰2.93 补余=0.0 IO错=0 倾+0.0 自动3/3
[  457.522] EVT 泵 停 最差盘压-75.2
[  457.892] TLM t= 298.9 L1·A@-76 L2·A@-76 L3·A@-76 R1·A@-76 R2·A@-76 R3·A@-76 罐=无罐 泵=0 阀=111111 速=+0,+0,+0.00 电=7.99V/2.12A/峰2.93 补余=0.0 IO错=0 倾+0.0 自动3/3
[  458.397] TLM t= 299.4 L1·A@-76 L2·A@-76 L3·A@-76 R1·A@-75 R2·A@-75 R3·A@-75 罐=无罐 泵=0 阀=111111 速=+0,+0,+0.00 电=8.00V/2.20A/峰2.93 补余=0.0 IO错=0 倾+0.0 自动3/3
[  458.915] TLM t= 299.9 L1·A@-76 L2·A@-75 L3·A@-76 R1·A@-75 R2·A@-75 R3·A@-75 罐=无罐 泵=0 阀=111111 速=+0,+0,+0.00 电=7.99V/2.20A/峰2.93 补余=0.0 IO错=0 倾+0.0 自动3/3
[  459.420] TLM t= 300.4 L1·A@-76 L2·A@-75 L3·A@-76 R1·A@-75 R2·A@-75 R3·A@-74 罐=无罐 泵=0 阀=111111 速=+0,+0,+0.00 电=7.98V/2.12A/峰2.93 补余=0.0 IO错=0 倾+0.0 自动3/3
[  459.940] TLM t= 300.9 L1·A@-76 L2·A@-75 L3·A@-76 R1·A@-75 R2·A@-74 R3·A@-74 罐=无罐 泵=0 阀=111111 速=+0,+0,+0.00 电=7.99V/2.12A/峰2.93 补余=0.0 IO错=0 倾+0.0 自动3/3
[  460.443] TLM t= 301.4 L1·A@-76 L2·A@-74 L3·A@-76 R1·A@-75 R2·A@-74 R3·A@-73 罐=无罐 泵=0 阀=111111 速=+0,+0,+0.00 电=8.00V/2.20A/峰2.93 补余=0.0 IO错=0 倾+0.0 自动3/3
[  460.969] TLM t= 301.9 L1·A@-76 L2·A@-74 L3·A@-76 R1·A@-75 R2·A@-73 R3·A@-72 罐=无罐 泵=0 阀=111111 速=+0,+0,+0.00 电=7.99V/2.28A/峰2.93 补余=0.0 IO错=0 倾+0.0 自动3/3
[  461.472] TLM t= 302.4 L1·A@-76 L2·A@-73 L3·A@-76 R1·A@-75 R2·A@-73 R3·A@-72 罐=无罐 泵=0 阀=111111 速=+0,+0,+0.00 电=7.98V/2.28A/峰2.93 补余=0.0 IO错=0 倾+0.0 自动3/3
[  461.994] TLM t= 303.0 L1·A@-75 L2·A@-73 L3·A@-76 R1·A@-75 R2·A@-73 R3·A@-71 罐=无罐 泵=0 阀=111111 速=+0,+0,+0.00 电=7.97V/2.28A/峰2.93 补余=0.0 IO错=0 倾+0.0 自动3/3
[  462.499] TLM t= 303.5 L1·A@-75 L2·A@-73 L3·A@-76 R1·A@-75 R2·A@-72 R3·A@-71 罐=无罐 泵=0 阀=111111 速=+0,+0,+0.00 电=7.98V/2.28A/峰2.93 补余=0.0 IO错=0 倾+0.0 自动3/3
[  463.021] TLM t= 304.0 L1·A@-75 L2·A@-72 L3·A@-75 R1·A@-75 R2·A@-72 R3·A@-70 罐=无罐 泵=0 阀=111111 速=+0,+0,+0.00 电=8.00V/2.20A/峰2.93 补余=0.0 IO错=0 倾+0.0 自动3/3
[  463.523] TLM t= 304.5 L1·A@-75 L2·A@-72 L3·A@-75 R1·A@-75 R2·A@-72 R3·A@-70 罐=无罐 泵=0 阀=111111 速=+0,+0,+0.00 电=8.00V/2.20A/峰2.93 补余=0.0 IO错=0 倾+0.0 自动3/3
[  464.047] TLM t= 305.0 L1·A@-75 L2·A@-71 L3·A@-75 R1·A@-75 R2·A@-71 R3·A@-69 罐=无罐 泵=0 阀=111111 速=+0,+0,+0.00 电=7.97V/2.20A/峰2.93 补余=0.0 IO错=0 倾+0.0 自动3/3
[  464.551] TLM t= 305.5 L1·A@-75 L2·A@-71 L3·A@-75 R1·A@-75 R2·A@-71 R3·A@-69 罐=无罐 泵=0 阀=111111 速=+0,+0,+0.00 电=8.00V/2.12A/峰2.93 补余=0.0 IO错=0 倾+0.0 自动3/3
[  465.070] TLM t= 306.0 L1·A@-75 L2·A@-71 L3·A@-75 R1·A@-75 R2·A@-70 R3·A@-68 罐=无罐 泵=0 阀=111111 速=+0,+0,+0.00 电=7.99V/2.28A/峰2.93 补余=0.0 IO错=0 倾+0.0 自动3/3
[  465.574] TLM t= 306.5 L1·A@-75 L2·A@-70 L3·A@-75 R1·A@-75 R2·A@-70 R3·A@-68 罐=无罐 泵=0 阀=111111 速=+0,+0,+0.00 电=7.96V/2.12A/峰2.93 补余=0.0 IO错=0 倾+0.0 自动3/3
[  466.093] TLM t= 307.0 L1·A@-75 L2·A@-70 L3·A@-75 R1·A@-75 R2·A@-70 R3·A@-67 罐=无罐 泵=0 阀=111111 速=+0,+0,+0.00 电=7.98V/2.12A/峰2.93 补余=0.0 IO错=0 倾+0.0 自动3/3
[  466.597] TLM t= 307.5 L1·A@-74 L2·A@-69 L3·A@-75 R1·A@-75 R2·A@-69 R3·A@-66 罐=无罐 泵=0 阀=111111 速=+0,+0,+0.00 电=7.97V/2.12A/峰2.93 补余=0.0 IO错=0 倾+0.0 自动3/3
[  467.120] TLM t= 308.1 L1·A@-74 L2·A@-69 L3·A@-75 R1·A@-74 R2·A@-69 R3·A@-66 罐=无罐 泵=0 阀=111111 速=+0,+0,+0.00 电=7.98V/2.28A/峰2.93 补余=0.0 IO错=0 倾+0.0 自动3/3
[  467.233] EVT 原地抬起受理：L2
[  467.253] EVT 相位 L2 stance→handover
[  467.625] TLM t= 309.4 L1·A@-74 L2ZA@-69 L3·A@-75 R1·A@-74 R2·A@-69 R3·A@-65 罐=无罐 泵=0 阀=111111 速=+0,+0,+0.00 电=7.97V/2.28A/峰2.93 补余=0.0 IO错=0 倾+0.0 自动3/3
[  468.143] TLM t= 309.6 L1·A@-74 L2ZA@-68 L3·A@-75 R1·A@-74 R2·A@-68 R3·A@-65 罐=无罐 泵=0 阀=111111 速=+0,+0,+0.00 电=8.00V/2.04A/峰2.93 补余=0.0 IO错=0 倾+0.0 自动3/3
[  468.652] TLM t= 309.6 L1·A@-74 L2ZA@-68 L3·A@-75 R1·A@-74 R2·A@-68 R3·A@-64 罐=无罐 泵=0 阀=111111 速=+0,+0,+0.00 电=7.99V/2.28A/峰2.93 补余=0.0 IO错=0 倾+0.0 自动3/3
[  469.173] TLM t= 309.6 L1·A@-74 L2ZA@-67 L3·A@-75 R1·A@-74 R2·A@-68 R3·A@-64 罐=无罐 泵=0 阀=111111 速=+0,+0,+0.00 电=7.99V/2.36A/峰2.93 补余=0.0 IO错=0 倾+0.0 自动3/3
[  469.648] EVT 吸附 L2 attached→venting 在态106.62s -67.0kPa
[  469.648] EVT 相位 L2 handover→vent 落点Δ(+0.0,+0.0)
[  469.665] EVT 阀 L2 →排气位
[  469.671] TLM t= 309.6 L1·A@-74 L2Vv@-67 L3·A@-75 R1·A@-74 R2·A@-67 R3·A@-63 罐=无罐 泵=0 阀=101111 速=+0,+0,+0.00 电=7.94V/2.36A/峰2.93 补余=0.0 IO错=0 倾+0.0 自动3/3
[  469.949] EVT 相位 L2 vent→lift
[  470.089] EVT 吸附 L2 venting→released 在态0.44s 0.3kPa
[  470.198] TLM t= 309.6 L1·A@-74 L2Lr@-- L3·A@-75 R1·A@-74 R2·A@-67 R3·A@-63 罐=无罐 泵=0 阀=101111 速=+0,+0,+0.00 电=7.95V/2.44A/峰2.93 补余=0.0 IO错=0 倾+0.0 自动3/3
[  470.701] TLM t= 309.6 L1·A@-74 L2Lr@-- L3·A@-74 R1·A@-74 R2·A@-67 R3·A@-62 罐=无罐 泵=0 阀=101111 速=+0,+0,+0.00 电=7.95V/2.52A/峰2.93 补余=0.0 IO错=0 倾+0.0 自动3/3
[  470.795] EVT 相位 L2 lift→transfer
[  471.223] TLM t= 309.6 L1·A@-74 L2Tr@-- L3·A@-74 R1·A@-74 R2·A@-66 R3·A@-62 罐=无罐 泵=0 阀=101111 速=+0,+0,+0.00 电=7.96V/2.36A/峰2.93 补余=0.0 IO错=0 倾+0.0 自动3/3
[  471.414] EVT 相位 L2 transfer→hover
[  471.741] TLM t= 309.6 L1·A@-74 L2Hr@-- L3·A@-74 R1·A@-74 R2·A@-66 R3·A@-61 罐=无罐 泵=0 阀=101111 速=+0,+0,+0.00 电=7.96V/2.36A/峰2.93 补余=0.0 IO错=0 倾+0.0 自动3/3
[  472.250] TLM t= 309.6 L1·A@-73 L2Hr@-- L3·A@-74 R1·A@-74 R2·A@-66 R3·A@-61 罐=无罐 泵=0 阀=101111 速=+0,+0,+0.00 电=7.96V/2.52A/峰2.93 补余=0.0 IO错=0 倾+0.0 自动3/3
[  472.424] EVT 落地：L2
[  472.441] EVT 相位 L2 hover→descend
[  472.752] TLM t= 309.6 L1·A@-73 L2Dr@-- L3·A@-74 R1·A@-74 R2·A@-65 R3·A@-60 罐=无罐 泵=0 阀=101111 速=+0,+0,+0.00 电=7.96V/2.44A/峰2.93 补余=0.0 IO错=0 倾+0.0 自动3/3
[  472.863] EVT 泵 开 最差盘压-60.0
[  472.924] EVT 相位 L2 descend→press
[  473.280] TLM t= 309.6 L1·A@-73 L2Pr@-- L3·A@-74 R1·A@-74 R2·A@-66 R3·A@-66 罐=无罐 泵=1 阀=101111 速=+0,+0,+0.00 电=7.93V/2.52A/峰2.93 补余=0.0 IO错=0 倾+0.0 自动3/3
[  473.779] TLM t= 309.6 L1·A@-76 L2Pr@-- L3·A@-76 R1·A@-75 R2·A@-76 R3·A@-76 罐=无罐 泵=1 阀=101111 速=+0,+0,+0.00 电=7.94V/2.69A/峰2.93 补余=0.0 IO错=0 倾+0.0 自动3/3
[  473.814] EVT 泵 停 最差盘压-75.6
[  474.132] EVT 吸附 L2 released→pressing 在态4.02s 0.3kPa
[  474.133] EVT 相位 L2 press→wait
[  474.306] TLM t= 309.6 L1·A@-77 L2Wp@-- L3·A@-77 R1·A@-76 R2·A@-76 R3·A@-76 罐=无罐 泵=0 阀=101111 速=+0,+0,+0.00 电=7.94V/2.52A/峰2.93 补余=0.0 IO错=0 倾+0.0 自动3/3
[  474.451] EVT 吸附 L2 pressing→sucking 在态0.32s 0.3kPa
[  474.452] EVT 阀 L2 →抽气位
[  474.479] EVT 泵 开 最差盘压-75.8
[  474.752] EVT 吸附 L2 sucking→attached 在态0.30s -67.1kPa
[  474.753] EVT 相位 L2 wait→stance
[  474.753] EVT 抬落完成，轮到 R3
[  474.753] EVT 自动轮换：第 3 轮完成
[  474.810] TLM t= 309.6 L1·A@-76 L2·A@-69 L3·A@-77 R1·A@-76 R2·A@-76 R3·A@-76 罐=无罐 泵=1 阀=111111 速=+0,+0,+0.00 电=7.91V/2.44A/峰2.93 补余=0.0 IO错=0 倾+0.0 自动3/3
[  475.021] EVT 泵 停 最差盘压-75.0
[  475.331] TLM t= 310.2 L1·A@-76 L2·A@-76 L3·A@-76 R1·A@-76 R2·A@-75 R3·A@-75 罐=无罐 泵=0 阀=111111 速=+0,+0,+0.00 电=7.94V/2.52A/峰2.93 补余=0.0 IO错=0 倾+0.0 自动3/3
[  475.832] TLM t= 310.7 L1·A@-76 L2·A@-75 L3·A@-76 R1·A@-76 R2·A@-75 R3·A@-74 罐=无罐 泵=0 阀=111111 速=+0,+0,+0.00 电=7.97V/2.60A/峰2.93 补余=0.0 IO错=0 倾+0.0 自动3/3
[  476.356] TLM t= 311.2 L1·A@-76 L2·A@-74 L3·A@-76 R1·A@-76 R2·A@-75 R3·A@-74 罐=无罐 泵=0 阀=111111 速=+0,+0,+0.00 电=7.96V/2.44A/峰2.93 补余=0.0 IO错=0 倾+0.0 自动3/3
[  476.860] TLM t= 311.7 L1·A@-76 L2·A@-74 L3·A@-76 R1·A@-76 R2·A@-74 R3·A@-73 罐=无罐 泵=0 阀=111111 速=+0,+0,+0.00 电=7.97V/2.44A/峰2.93 补余=0.0 IO错=0 倾+0.0 自动3/3
[  477.384] TLM t= 312.2 L1·A@-76 L2·A@-74 L3·A@-76 R1·A@-76 R2·A@-74 R3·A@-73 罐=无罐 泵=0 阀=111111 速=+0,+0,+0.00 电=7.96V/2.69A/峰2.93 补余=0.0 IO错=0 倾+0.0 自动3/3
[  477.888] TLM t= 312.7 L1·A@-76 L2·A@-73 L3·A@-76 R1·A@-76 R2·A@-73 R3·A@-72 罐=无罐 泵=0 阀=111111 速=+0,+0,+0.00 电=7.95V/2.52A/峰2.93 补余=0.0 IO错=0 倾+0.0 自动3/3
[  478.410] TLM t= 313.2 L1·A@-76 L2·A@-73 L3·A@-76 R1·A@-76 R2·A@-73 R3·A@-72 罐=无罐 泵=0 阀=111111 速=+0,+0,+0.00 电=7.97V/2.36A/峰2.93 补余=0.0 IO错=0 倾+0.0 自动3/3
[  478.914] TLM t= 313.7 L1·A@-76 L2·A@-72 L3·A@-76 R1·A@-76 R2·A@-73 R3·A@-71 罐=无罐 泵=0 阀=111111 速=+0,+0,+0.00 电=7.96V/2.44A/峰2.93 补余=0.0 IO错=0 倾+0.0 自动3/3
[  479.434] TLM t= 314.2 L1·A@-75 L2·A@-72 L3·A@-76 R1·A@-76 R2·A@-72 R3·A@-71 罐=无罐 泵=0 阀=111111 速=+0,+0,+0.00 电=7.97V/2.44A/峰2.93 补余=0.0 IO错=0 倾+0.0 自动3/3
[  479.937] TLM t= 314.7 L1·A@-75 L2·A@-71 L3·A@-76 R1·A@-76 R2·A@-72 R3·A@-70 罐=无罐 泵=0 阀=111111 速=+0,+0,+0.00 电=7.97V/2.44A/峰2.93 补余=0.0 IO错=0 倾+0.0 自动3/3
[  480.460] TLM t= 315.3 L1·A@-75 L2·A@-71 L3·A@-76 R1·A@-76 R2·A@-72 R3·A@-69 罐=无罐 泵=0 阀=111111 速=+0,+0,+0.00 电=7.96V/2.60A/峰2.93 补余=0.0 IO错=0 倾+0.0 自动3/3
[  480.964] TLM t= 315.8 L1·A@-75 L2·A@-71 L3·A@-76 R1·A@-76 R2·A@-71 R3·A@-69 罐=无罐 泵=0 阀=111111 速=+0,+0,+0.00 电=7.97V/2.44A/峰2.93 补余=0.0 IO错=0 倾+0.0 自动3/3
[  481.484] TLM t= 316.3 L1·A@-75 L2·A@-70 L3·A@-76 R1·A@-76 R2·A@-71 R3·A@-68 罐=无罐 泵=0 阀=111111 速=+0,+0,+0.00 电=7.95V/2.20A/峰2.93 补余=0.0 IO错=0 倾+0.0 自动3/3
[  481.989] TLM t= 316.8 L1·A@-75 L2·A@-70 L3·A@-76 R1·A@-76 R2·A@-70 R3·A@-68 罐=无罐 泵=0 阀=111111 速=+0,+0,+0.00 电=7.94V/2.52A/峰2.93 补余=0.0 IO错=0 倾+0.0 自动3/3
[  482.510] TLM t= 317.3 L1·A@-75 L2·A@-69 L3·A@-75 R1·A@-75 R2·A@-70 R3·A@-67 罐=无罐 泵=0 阀=111111 速=+0,+0,+0.00 电=7.95V/2.44A/峰2.93 补余=0.0 IO错=0 倾+0.0 自动3/3
[  483.014] TLM t= 317.8 L1·A@-75 L2·A@-69 L3·A@-75 R1·A@-75 R2·A@-70 R3·A@-67 罐=无罐 泵=0 阀=111111 速=+0,+0,+0.00 电=7.96V/2.44A/峰2.93 补余=0.0 IO错=0 倾+0.0 自动3/3
[  483.537] TLM t= 318.3 L1·A@-75 L2·A@-69 L3·A@-75 R1·A@-75 R2·A@-69 R3·A@-66 罐=无罐 泵=0 阀=111111 速=+0,+0,+0.00 电=7.97V/2.60A/峰2.93 补余=0.0 IO错=0 倾+0.0 自动3/3
[  484.041] TLM t= 318.8 L1·A@-75 L2·A@-68 L3·A@-75 R1·A@-75 R2·A@-69 R3·A@-66 罐=无罐 泵=0 阀=111111 速=+0,+0,+0.00 电=7.94V/2.36A/峰2.93 补余=0.0 IO错=0 倾+0.0 自动3/3
[  484.560] TLM t= 319.3 L1·A@-74 L2·A@-68 L3·A@-75 R1·A@-75 R2·A@-69 R3·A@-65 罐=无罐 泵=0 阀=111111 速=+0,+0,+0.00 电=7.96V/2.36A/峰2.93 补余=0.0 IO错=0 倾+0.0 自动3/3
[  485.063] TLM t= 319.8 L1·A@-74 L2·A@-67 L3·A@-75 R1·A@-75 R2·A@-68 R3·A@-65 罐=无罐 泵=0 阀=111111 速=+0,+0,+0.00 电=7.98V/2.44A/峰2.93 补余=0.0 IO错=0 倾+0.0 自动3/3
[  485.586] TLM t= 320.4 L1·A@-74 L2·A@-67 L3·A@-75 R1·A@-75 R2·A@-68 R3·A@-64 罐=无罐 泵=0 阀=111111 速=+0,+0,+0.00 电=7.97V/2.60A/峰2.93 补余=0.0 IO错=0 倾+0.0 自动3/3
[  486.087] TLM t= 320.9 L1·A@-74 L2·A@-67 L3·A@-75 R1·A@-75 R2·A@-68 R3·A@-64 罐=无罐 泵=0 阀=111111 速=+0,+0,+0.00 电=7.97V/2.36A/峰2.93 补余=0.0 IO错=0 倾+0.0 自动3/3
[  486.610] TLM t= 321.4 L1·A@-74 L2·A@-66 L3·A@-75 R1·A@-75 R2·A@-67 R3·A@-63 罐=无罐 泵=0 阀=111111 速=+0,+0,+0.00 电=7.95V/2.36A/峰2.93 补余=0.0 IO错=0 倾+0.0 自动3/3
[  487.117] TLM t= 321.9 L1·A@-74 L2·A@-66 L3·A@-75 R1·A@-75 R2·A@-67 R3·A@-62 罐=无罐 泵=0 阀=111111 速=+0,+0,+0.00 电=7.97V/2.52A/峰2.93 补余=0.0 IO错=0 倾+0.0 自动3/3
[  487.642] TLM t= 322.4 L1·A@-74 L2·A@-65 L3·A@-75 R1·A@-75 R2·A@-67 R3·A@-62 罐=无罐 泵=0 阀=111111 速=+0,+0,+0.00 电=7.97V/2.28A/峰2.93 补余=0.0 IO错=0 倾+0.0 自动3/3
[  488.149] TLM t= 322.9 L1·A@-74 L2·A@-65 L3·A@-75 R1·A@-75 R2·A@-66 R3·A@-61 罐=无罐 泵=0 阀=111111 速=+0,+0,+0.00 电=7.95V/2.36A/峰2.93 补余=0.0 IO错=0 倾+0.0 自动3/3
[  488.650] TLM t= 323.4 L1·A@-74 L2·A@-65 L3·A@-75 R1·A@-75 R2·A@-66 R3·A@-61 罐=无罐 泵=0 阀=111111 速=+0,+0,+0.00 电=7.95V/2.44A/峰2.93 补余=0.0 IO错=0 倾+0.0 自动3/3
[  489.173] TLM t= 323.9 L1·A@-74 L2·A@-64 L3·A@-75 R1·A@-75 R2·A@-66 R3·A@-60 罐=无罐 泵=0 阀=111111 速=+0,+0,+0.00 电=7.95V/2.44A/峰2.93 补余=0.0 IO错=0 倾+0.0 自动3/3
[  489.647] EVT 泵 开 最差盘压-59.9
[  489.677] TLM t= 324.4 L1·A@-73 L2·A@-64 L3·A@-75 R1·A@-75 R2·A@-65 R3·A@-60 罐=无罐 泵=1 阀=111111 速=+0,+0,+0.00 电=7.81V/2.60A/峰2.93 补余=0.0 IO错=0 倾+0.0 自动3/3
[  490.201] TLM t= 324.9 L1·A@-73 L2·A@-70 L3·A@-75 R1·A@-75 R2·A@-71 R3·A@-70 罐=无罐 泵=1 阀=111111 速=+0,+0,+0.00 电=7.95V/2.36A/峰2.93 补余=0.0 IO错=0 倾+0.0 自动3/3
[  490.674] EVT 泵 停 最差盘压-75.6
[  490.702] TLM t= 325.4 L1·A@-77 L2·A@-77 L3·A@-77 R1·A@-76 R2·A@-77 R3·A@-76 罐=无罐 泵=0 阀=111111 速=+0,+0,+0.00 电=7.96V/2.36A/峰2.93 补余=0.0 IO错=0 倾+0.0 自动3/3
[  491.226] TLM t= 326.0 L1·A@-77 L2·A@-77 L3·A@-77 R1·A@-76 R2·A@-76 R3·A@-76 罐=无罐 泵=0 阀=111111 速=+0,+0,+0.00 电=7.96V/2.44A/峰2.93 补余=0.0 IO错=0 倾+0.0 自动3/3
[  491.725] TLM t= 326.5 L1·A@-77 L2·A@-76 L3·A@-77 R1·A@-76 R2·A@-76 R3·A@-76 罐=无罐 泵=0 阀=111111 速=+0,+0,+0.00 电=7.94V/2.36A/峰2.93 补余=0.0 IO错=0 倾+0.0 自动3/3
[  492.248] TLM t= 327.0 L1·A@-77 L2·A@-76 L3·A@-77 R1·A@-76 R2·A@-75 R3·A@-75 罐=无罐 泵=0 阀=111111 速=+0,+0,+0.00 电=7.94V/2.44A/峰2.93 补余=0.0 IO错=0 倾+0.0 自动3/3
[  492.750] TLM t= 327.5 L1·A@-76 L2·A@-75 L3·A@-77 R1·A@-76 R2·A@-75 R3·A@-74 罐=无罐 泵=0 阀=111111 速=+0,+0,+0.00 电=7.96V/2.60A/峰2.93 补余=0.0 IO错=0 倾+0.0 自动3/3
[  493.274] TLM t= 328.0 L1·A@-76 L2·A@-75 L3·A@-77 R1·A@-76 R2·A@-75 R3·A@-74 罐=无罐 泵=0 阀=111111 速=+0,+0,+0.00 电=7.95V/2.44A/峰2.93 补余=0.0 IO错=0 倾+0.0 自动3/3
[  493.777] TLM t= 328.5 L1·A@-76 L2·A@-74 L3·A@-76 R1·A@-76 R2·A@-74 R3·A@-73 罐=无罐 泵=0 阀=111111 速=+0,+0,+0.00 电=7.96V/2.44A/峰2.93 补余=0.0 IO错=0 倾+0.0 自动3/3
[  494.301] TLM t= 329.0 L1·A@-76 L2·A@-74 L3·A@-76 R1·A@-76 R2·A@-74 R3·A@-73 罐=无罐 泵=0 阀=111111 速=+0,+0,+0.00 电=7.96V/2.52A/峰2.93 补余=0.0 IO错=0 倾+0.0 自动3/3
[  494.800] TLM t= 329.5 L1·A@-76 L2·A@-74 L3·A@-76 R1·A@-76 R2·A@-73 R3·A@-72 罐=无罐 泵=0 阀=111111 速=+0,+0,+0.00 电=7.96V/2.36A/峰2.93 补余=0.0 IO错=0 倾+0.0 自动3/3
[  495.324] TLM t= 330.0 L1·A@-76 L2·A@-73 L3·A@-76 R1·A@-76 R2·A@-73 R3·A@-72 罐=无罐 泵=0 阀=111111 速=+0,+0,+0.00 电=7.96V/2.44A/峰2.93 补余=0.0 IO错=0 倾+0.0 自动3/3
[  495.824] TLM t= 330.5 L1·A@-76 L2·A@-73 L3·A@-76 R1·A@-76 R2·A@-73 R3·A@-71 罐=无罐 泵=0 阀=111111 速=+0,+0,+0.00 电=7.94V/2.36A/峰2.93 补余=0.0 IO错=0 倾+0.0 自动3/3
[  496.347] TLM t= 331.1 L1·A@-76 L2·A@-72 L3·A@-76 R1·A@-76 R2·A@-72 R3·A@-71 罐=无罐 泵=0 阀=111111 速=+0,+0,+0.00 电=7.95V/2.52A/峰2.93 补余=0.0 IO错=0 倾+0.0 自动3/3
[  496.850] TLM t= 331.6 L1·A@-76 L2·A@-72 L3·A@-76 R1·A@-76 R2·A@-72 R3·A@-70 罐=无罐 泵=0 阀=111111 速=+0,+0,+0.00 电=7.96V/2.44A/峰2.93 补余=0.0 IO错=0 倾+0.0 自动3/3
[  497.373] TLM t= 332.1 L1·A@-76 L2·A@-72 L3·A@-76 R1·A@-76 R2·A@-72 R3·A@-70 罐=无罐 泵=0 阀=111111 速=+0,+0,+0.00 电=7.96V/2.36A/峰2.93 补余=0.0 IO错=0 倾+0.0 自动3/3
[  497.873] TLM t= 332.6 L1·A@-75 L2·A@-71 L3·A@-76 R1·A@-76 R2·A@-71 R3·A@-69 罐=无罐 泵=0 阀=111111 速=+0,+0,+0.00 电=7.96V/2.52A/峰2.93 补余=0.0 IO错=0 倾+0.0 自动3/3
[  498.400] TLM t= 333.1 L1·A@-75 L2·A@-71 L3·A@-76 R1·A@-76 R2·A@-71 R3·A@-68 罐=无罐 泵=0 阀=111111 速=+0,+0,+0.00 电=7.96V/2.60A/峰2.93 补余=0.0 IO错=0 倾+0.0 自动3/3
[  498.898] TLM t= 333.6 L1·A@-75 L2·A@-70 L3·A@-76 R1·A@-76 R2·A@-71 R3·A@-68 罐=无罐 泵=0 阀=111111 速=+0,+0,+0.00 电=7.94V/2.52A/峰2.93 补余=0.0 IO错=0 倾+0.0 自动3/3
[  499.421] TLM t= 334.1 L1·A@-75 L2·A@-70 L3·A@-76 R1·A@-76 R2·A@-70 R3·A@-67 罐=无罐 泵=0 阀=111111 速=+0,+0,+0.00 电=7.96V/2.36A/峰2.93 补余=0.0 IO错=0 倾+0.0 自动3/3
[  499.922] TLM t= 334.6 L1·A@-75 L2·A@-70 L3·A@-76 R1·A@-76 R2·A@-70 R3·A@-67 罐=无罐 泵=0 阀=111111 速=+0,+0,+0.00 电=7.94V/2.52A/峰2.93 补余=0.0 IO错=0 倾+0.0 自动3/3
[  500.448] TLM t= 335.1 L1·A@-75 L2·A@-69 L3·A@-76 R1·A@-76 R2·A@-70 R3·A@-66 罐=无罐 泵=0 阀=111111 速=+0,+0,+0.00 电=7.96V/2.44A/峰2.93 补余=0.0 IO错=0 倾+0.0 自动3/3
[  500.946] TLM t= 335.6 L1·A@-75 L2·A@-69 L3·A@-76 R1·A@-76 R2·A@-69 R3·A@-66 罐=无罐 泵=0 阀=111111 速=+0,+0,+0.00 电=7.96V/2.44A/峰2.93 补余=0.0 IO错=0 倾+0.0 自动3/3
[  501.471] TLM t= 336.2 L1·A@-75 L2·A@-68 L3·A@-75 R1·A@-76 R2·A@-69 R3·A@-65 罐=无罐 泵=0 阀=111111 速=+0,+0,+0.00 电=7.97V/2.28A/峰2.93 补余=0.0 IO错=0 倾+0.0 自动3/3
[  501.970] TLM t= 336.7 L1·A@-75 L2·A@-68 L3·A@-75 R1·A@-76 R2·A@-69 R3·A@-65 罐=无罐 泵=0 阀=111111 速=+0,+0,+0.00 电=7.96V/2.44A/峰2.93 补余=0.0 IO错=0 倾+0.0 自动3/3
[  502.494] TLM t= 337.2 L1·A@-74 L2·A@-68 L3·A@-75 R1·A@-76 R2·A@-68 R3·A@-64 罐=无罐 泵=0 阀=111111 速=+0,+0,+0.00 电=7.95V/2.52A/峰2.93 补余=0.0 IO错=0 倾+0.0 自动3/3
[  502.995] TLM t= 337.7 L1·A@-74 L2·A@-67 L3·A@-75 R1·A@-75 R2·A@-68 R3·A@-64 罐=无罐 泵=0 阀=111111 速=+0,+0,+0.00 电=7.96V/2.52A/峰2.93 补余=0.0 IO错=0 倾+0.0 自动3/3
[  503.523] TLM t= 338.2 L1·A@-74 L2·A@-67 L3·A@-75 R1·A@-75 R2·A@-67 R3·A@-63 罐=无罐 泵=0 阀=111111 速=+0,+0,+0.00 电=7.94V/2.52A/峰2.93 补余=0.0 IO错=0 倾+0.0 自动3/3
[  504.022] TLM t= 338.7 L1·A@-74 L2·A@-66 L3·A@-75 R1·A@-75 R2·A@-67 R3·A@-63 罐=无罐 泵=0 阀=111111 速=+0,+0,+0.00 电=7.95V/2.60A/峰2.93 补余=0.0 IO错=0 倾+0.0 自动3/3
[  504.544] TLM t= 339.2 L1·A@-74 L2·A@-66 L3·A@-75 R1·A@-75 R2·A@-67 R3·A@-62 罐=无罐 泵=0 阀=111111 速=+0,+0,+0.00 电=7.95V/2.44A/峰2.93 补余=0.0 IO错=0 倾+0.0 自动3/3
[  504.777] EVT 实验序列完成
[  505.046] TLM t= 339.7 L1·A@-74 L2·A@-66 L3·A@-75 R1·A@-75 R2·A@-66 R3·A@-61 罐=无罐 泵=0 阀=111111 速=+0,+0,+0.00 电=7.96V/2.36A/峰2.93 补余=0.0 IO错=0 倾+0.0
[  505.570] TLM t= 340.2 L1·A@-74 L2·A@-65 L3·A@-75 R1·A@-75 R2·A@-66 R3·A@-61 罐=无罐 泵=0 阀=111111 速=+0,+0,+0.00 电=7.95V/2.52A/峰2.93 补余=0.0 IO错=0 倾+0.0
[  506.070] TLM t= 340.7 L1·A@-74 L2·A@-65 L3·A@-75 R1·A@-75 R2·A@-66 R3·A@-60 罐=无罐 泵=0 阀=111111 速=+0,+0,+0.00 电=7.93V/2.60A/峰2.93 补余=0.0 IO错=0 倾+0.0
[  506.584] EVT 泵 开 最差盘压-60.0
[  506.594] TLM t= 341.3 L1·A@-74 L2·A@-65 L3·A@-75 R1·A@-75 R2·A@-65 R3·A@-60 罐=无罐 泵=1 阀=111111 速=+0,+0,+0.00 电=7.76V/2.28A/峰2.93 补余=0.0 IO错=0 倾+0.0
[  507.095] TLM t= 341.8 L1·A@-74 L2·A@-70 L3·A@-75 R1·A@-75 R2·A@-69 R3·A@-69 罐=无罐 泵=1 阀=111111 速=+0,+0,+0.00 电=7.87V/2.44A/峰2.93 补余=0.0 IO错=0 倾+0.0
[  507.489] EVT 泵 停 最差盘压-75.2
[  507.619] TLM t= 342.3 L1·A@-76 L2·A@-76 L3·A@-76 R1·A@-75 R2·A@-76 R3·A@-76 罐=无罐 泵=0 阀=111111 速=+0,+0,+0.00 电=7.94V/2.44A/峰2.93 补余=0.0 IO错=0 倾+0.0
[  508.117] TLM t= 342.8 L1·A@-76 L2·A@-76 L3·A@-76 R1·A@-75 R2·A@-75 R3·A@-75 罐=无罐 泵=0 阀=111111 速=+0,+0,+0.00 电=7.94V/2.60A/峰2.93 补余=0.0 IO错=0 倾+0.0
[  508.645] TLM t= 343.3 L1·A@-76 L2·A@-75 L3·A@-76 R1·A@-75 R2·A@-75 R3·A@-75 罐=无罐 泵=0 阀=111111 速=+0,+0,+0.00 电=7.96V/2.44A/峰2.93 补余=0.0 IO错=0 倾+0.0
[  509.144] TLM t= 343.8 L1·A@-76 L2·A@-75 L3·A@-76 R1·A@-75 R2·A@-74 R3·A@-74 罐=无罐 泵=0 阀=111111 速=+0,+0,+0.00 电=7.95V/2.36A/峰2.93 补余=0.0 IO错=0 倾+0.0
[  509.668] TLM t= 344.3 L1·A@-76 L2·A@-75 L3·A@-76 R1·A@-75 R2·A@-74 R3·A@-74 罐=无罐 泵=0 阀=111111 速=+0,+0,+0.00 电=7.94V/2.28A/峰2.93 补余=0.0 IO错=0 倾+0.0
[  510.171] TLM t= 344.8 L1·A@-76 L2·A@-74 L3·A@-76 R1·A@-75 R2·A@-74 R3·A@-73 罐=无罐 泵=0 阀=111111 速=+0,+0,+0.00 电=7.96V/2.36A/峰2.93 补余=0.0 IO错=0 倾+0.0
[  510.697] TLM t= 345.3 L1·A@-75 L2·A@-74 L3·A@-76 R1·A@-75 R2·A@-73 R3·A@-72 罐=无罐 泵=0 阀=111111 速=+0,+0,+0.00 电=7.95V/2.52A/峰2.93 补余=0.0 IO错=0 倾+0.0
[  511.198] TLM t= 345.8 L1·A@-75 L2·A@-73 L3·A@-76 R1·A@-75 R2·A@-73 R3·A@-72 罐=无罐 泵=0 阀=111111 速=+0,+0,+0.00 电=7.96V/2.44A/峰2.93 补余=0.0 IO错=0 倾+0.0
[  511.721] TLM t= 346.4 L1·A@-75 L2·A@-73 L3·A@-76 R1·A@-75 R2·A@-72 R3·A@-71 罐=无罐 泵=0 阀=111111 速=+0,+0,+0.00 电=7.95V/2.36A/峰2.93 补余=0.0 IO错=0 倾+0.0
[  512.223] TLM t= 346.9 L1·A@-75 L2·A@-72 L3·A@-75 R1·A@-75 R2·A@-72 R3·A@-71 罐=无罐 泵=0 阀=111111 速=+0,+0,+0.00 电=7.96V/2.52A/峰2.93 补余=0.0 IO错=0 倾+0.0
[  512.746] TLM t= 347.4 L1·A@-75 L2·A@-72 L3·A@-75 R1·A@-75 R2·A@-72 R3·A@-70 罐=无罐 泵=0 阀=111111 速=+0,+0,+0.00 电=7.94V/2.36A/峰2.93 补余=0.0 IO错=0 倾+0.0
[  513.249] TLM t= 347.9 L1·A@-75 L2·A@-72 L3·A@-75 R1·A@-75 R2·A@-71 R3·A@-70 罐=无罐 泵=0 阀=111111 速=+0,+0,+0.00 电=7.95V/2.52A/峰2.93 补余=0.0 IO错=0 倾+0.0
[  513.771] TLM t= 348.4 L1·A@-75 L2·A@-71 L3·A@-75 R1·A@-75 R2·A@-71 R3·A@-69 罐=无罐 泵=0 阀=111111 速=+0,+0,+0.00 电=7.95V/2.28A/峰2.93 补余=0.0 IO错=0 倾+0.0
[  514.275] TLM t= 348.9 L1·A@-75 L2·A@-71 L3·A@-75 R1·A@-75 R2·A@-71 R3·A@-69 罐=无罐 泵=0 阀=111111 速=+0,+0,+0.00 电=7.97V/2.36A/峰2.93 补余=0.0 IO错=0 倾+0.0
[  514.799] TLM t= 349.4 L1·A@-75 L2·A@-70 L3·A@-75 R1·A@-75 R2·A@-70 R3·A@-68 罐=无罐 泵=0 阀=111111 速=+0,+0,+0.00 电=7.93V/2.60A/峰2.93 补余=0.0 IO错=0 倾+0.0
[  515.300] TLM t= 349.9 L1·A@-75 L2·A@-70 L3·A@-75 R1·A@-75 R2·A@-70 R3·A@-68 罐=无罐 泵=0 阀=111111 速=+0,+0,+0.00 电=7.95V/2.44A/峰2.93 补余=0.0 IO错=0 倾+0.0
[  515.825] TLM t= 350.4 L1·A@-74 L2·A@-70 L3·A@-75 R1·A@-75 R2·A@-70 R3·A@-67 罐=无罐 泵=0 阀=111111 速=+0,+0,+0.00 电=7.95V/2.36A/峰2.93 补余=0.0 IO错=0 倾+0.0
[  516.324] TLM t= 350.9 L1·A@-74 L2·A@-69 L3·A@-75 R1·A@-75 R2·A@-69 R3·A@-66 罐=无罐 泵=0 阀=111111 速=+0,+0,+0.00 电=7.95V/2.44A/峰2.93 补余=0.0 IO错=0 倾+0.0
[  516.848] TLM t= 351.5 L1·A@-74 L2·A@-69 L3·A@-75 R1·A@-75 R2·A@-69 R3·A@-66 罐=无罐 泵=0 阀=111111 速=+0,+0,+0.00 电=7.94V/2.44A/峰2.93 补余=0.0 IO错=0 倾+0.0
[  517.346] TLM t= 352.0 L1·A@-74 L2·A@-68 L3·A@-75 R1·A@-75 R2·A@-69 R3·A@-65 罐=无罐 泵=0 阀=111111 速=+0,+0,+0.00 电=7.94V/2.44A/峰2.93 补余=0.0 IO错=0 倾+0.0
[  517.872] TLM t= 352.5 L1·A@-74 L2·A@-68 L3·A@-75 R1·A@-75 R2·A@-68 R3·A@-65 罐=无罐 泵=0 阀=111111 速=+0,+0,+0.00 电=7.93V/2.28A/峰2.93 补余=0.0 IO错=0 倾+0.0
[  518.369] TLM t= 353.0 L1·A@-74 L2·A@-68 L3·A@-75 R1·A@-75 R2·A@-68 R3·A@-64 罐=无罐 泵=0 阀=111111 速=+0,+0,+0.00 电=7.95V/2.52A/峰2.93 补余=0.0 IO错=0 倾+0.0
[  518.896] TLM t= 353.5 L1·A@-74 L2·A@-67 L3·A@-75 R1·A@-75 R2·A@-68 R3·A@-64 罐=无罐 泵=0 阀=111111 速=+0,+0,+0.00 电=7.93V/2.44A/峰2.93 补余=0.0 IO错=0 倾+0.0
[  519.394] TLM t= 354.0 L1·A@-74 L2·A@-67 L3·A@-75 R1·A@-74 R2·A@-67 R3·A@-63 罐=无罐 泵=0 阀=111111 速=+0,+0,+0.00 电=7.94V/2.69A/峰2.93 补余=0.0 IO错=0 倾+0.0
[  519.920] TLM t= 354.5 L1·A@-74 L2·A@-67 L3·A@-75 R1·A@-75 R2·A@-67 R3·A@-63 罐=无罐 泵=0 阀=111111 速=+0,+0,+0.00 电=7.96V/2.36A/峰2.93 补余=0.0 IO错=0 倾+0.0
[  520.417] TLM t= 355.0 L1·A@-74 L2·A@-66 L3·A@-74 R1·A@-74 R2·A@-67 R3·A@-62 罐=无罐 泵=0 阀=111111 速=+0,+0,+0.00 电=7.95V/2.36A/峰2.93 补余=0.0 IO错=0 倾+0.0
[  520.942] TLM t= 355.5 L1·A@-73 L2·A@-66 L3·A@-74 R1·A@-74 R2·A@-66 R3·A@-62 罐=无罐 泵=0 阀=111111 速=+0,+0,+0.00 电=7.94V/2.36A/峰2.93 补余=0.0 IO错=0 倾+0.0
[  521.444] TLM t= 356.0 L1·A@-73 L2·A@-65 L3·A@-74 R1·A@-74 R2·A@-66 R3·A@-61 罐=无罐 泵=0 阀=111111 速=+0,+0,+0.00 电=7.94V/2.69A/峰2.93 补余=0.0 IO错=0 倾+0.0
[  521.967] TLM t= 356.6 L1·A@-73 L2·A@-65 L3·A@-74 R1·A@-74 R2·A@-66 R3·A@-61 罐=无罐 泵=0 阀=111111 速=+0,+0,+0.00 电=7.95V/2.36A/峰2.93 补余=0.0 IO错=0 倾+0.0
[  522.470] TLM t= 357.1 L1·A@-73 L2·A@-65 L3·A@-74 R1·A@-74 R2·A@-65 R3·A@-60 罐=无罐 泵=0 阀=111111 速=+0,+0,+0.00 电=7.95V/2.52A/峰2.93 补余=0.0 IO错=0 倾+0.0
[  522.685] EVT 泵 开 最差盘压-59.9
[  522.993] TLM t= 357.6 L1·A@-73 L2·A@-64 L3·A@-74 R1·A@-74 R2·A@-65 R3·A@-63 罐=无罐 泵=1 阀=111111 速=+0,+0,+0.00 电=7.92V/2.44A/峰2.93 补余=0.0 IO错=0 倾+0.0
[  523.495] TLM t= 358.1 L1·A@-75 L2·A@-75 L3·A@-74 R1·A@-74 R2·A@-74 R3·A@-74 罐=无罐 泵=1 阀=111111 速=+0,+0,+0.00 电=7.88V/2.44A/峰2.93 补余=0.0 IO错=0 倾+0.0
[  523.651] EVT 泵 停 最差盘压-75.2
[  524.023] TLM t= 358.6 L1·A@-76 L2·A@-76 L3·A@-76 R1·A@-76 R2·A@-76 R3·A@-76 罐=无罐 泵=0 阀=111111 速=+0,+0,+0.00 电=7.95V/2.69A/峰2.93 补余=0.0 IO错=0 倾+0.0
[  524.521] TLM t= 359.1 L1·A@-76 L2·A@-76 L3·A@-76 R1·A@-76 R2·A@-75 R3·A@-75 罐=无罐 泵=0 阀=111111 速=+0,+0,+0.00 电=7.95V/2.44A/峰2.93 补余=0.0 IO错=0 倾+0.0
[  525.043] TLM t= 359.6 L1·A@-76 L2·A@-75 L3·A@-76 R1·A@-76 R2·A@-75 R3·A@-75 罐=无罐 泵=0 阀=111111 速=+0,+0,+0.00 电=7.95V/2.52A/峰2.93 补余=0.0 IO错=0 倾+0.0
[  525.548] TLM t= 360.1 L1·A@-76 L2·A@-75 L3·A@-76 R1·A@-76 R2·A@-75 R3·A@-74 罐=无罐 泵=0 阀=111111 速=+0,+0,+0.00 电=7.94V/2.44A/峰2.93 补余=0.0 IO错=0 倾+0.0
[  526.047] TLM t= 360.6 L1·A@-76 L2·A@-75 L3·A@-76 R1·A@-76 R2·A@-74 R3·A@-74 罐=无罐 泵=0 阀=111111 速=+0,+0,+0.00 电=7.95V/2.44A/峰2.93 补余=0.0 IO错=0 倾+0.0
[  526.561] TLM t= 361.1 L1·A@-76 L2·A@-74 L3·A@-76 R1·A@-76 R2·A@-74 R3·A@-73 罐=无罐 泵=0 阀=111111 速=+0,+0,+0.00 电=7.93V/2.36A/峰2.93 补余=0.0 IO错=0 倾+0.0
[  527.068] TLM t= 361.6 L1·A@-76 L2·A@-74 L3·A@-76 R1·A@-76 R2·A@-73 R3·A@-73 罐=无罐 泵=0 阀=111111 速=+0,+0,+0.00 电=7.94V/2.44A/峰2.93 补余=0.0 IO错=0 倾+0.0
[  527.587] TLM t= 362.1 L1·A@-76 L2·A@-73 L3·A@-76 R1·A@-75 R2·A@-73 R3·A@-72 罐=无罐 泵=0 阀=111111 速=+0,+0,+0.00 电=7.96V/2.52A/峰2.93 补余=0.0 IO错=0 倾+0.0
[  528.094] TLM t= 362.6 L1·A@-75 L2·A@-73 L3·A@-76 R1·A@-75 R2·A@-73 R3·A@-71 罐=无罐 泵=0 阀=111111 速=+0,+0,+0.00 电=7.94V/2.36A/峰2.93 补余=0.0 IO错=0 倾+0.0
[  528.613] TLM t= 363.2 L1·A@-75 L2·A@-73 L3·A@-76 R1·A@-75 R2·A@-72 R3·A@-71 罐=无罐 泵=0 阀=111111 速=+0,+0,+0.00 电=7.96V/2.12A/峰2.93 补余=0.0 IO错=0 倾+0.0
[  529.116] TLM t= 363.7 L1·A@-75 L2·A@-72 L3·A@-76 R1·A@-75 R2·A@-72 R3·A@-70 罐=无罐 泵=0 阀=111111 速=+0,+0,+0.00 电=7.99V/1.71A/峰2.93 补余=0.0 IO错=0 倾+0.0
[  529.501] EVT 键 'o' 倾=+0.0待=+0.0
[  529.638] TLM t= 364.2 L1·A@-75 L2·A@-72 L3·A@-76 R1·A@-75 R2·A@-72 R3·A@-70 罐=无罐 泵=0 阀=111111 速=+0,+0,+0.00 电=8.00V/1.71A/峰2.93 补余=0.0 IO错=0 倾+0.0
[  529.783] EVT 取机窗口：停泵 → 逐足串行排气（0.2s 间隔）→ 六足舵机撑住（泵禁开）
[  530.147] TLM t= 364.3 L1·A@-75 L2·A@-71 L3·A@-75 R1·A@-75 R2·A@-71 R3·A@-69 罐=无罐 泵=0 阀=111111 速=+0,+0,+0.00 电=8.00V/1.79A/峰2.93 补余=0.0 IO错=0 取机放气
[  530.195] EVT 吸附 L1 attached→venting 在态126.12s -74.9kPa
[  530.203] EVT 阀 L1 →排气位
[  530.459] EVT 吸附 L2 attached→venting 在态55.22s -71.0kPa
[  530.467] EVT 阀 L2 →排气位
[  530.673] TLM t= 364.3 L1·v@-75 L2·v@-71 L3·A@-75 R1·A@-75 R2·A@-71 R3·A@-68 罐=无罐 泵=0 阀=001111 速=+0,+0,+0.00 电=8.01V/1.06A/峰2.93 补余=0.0 IO错=0 取机放气
[  530.723] EVT 吸附 L3 attached→venting 在态91.30s -75.4kPa
[  530.726] EVT 吸附 L1 venting→released 在态0.42s 0.0kPa
[  530.731] EVT 阀 L3 →排气位
[  530.954] EVT 吸附 R1 attached→venting 在态73.08s -75.3kPa
[  530.957] EVT 吸附 L2 venting→released 在态0.42s 0.4kPa
[  530.960] EVT 阀 R1 →排气位
[  531.175] EVT 吸附 R2 attached→venting 在态109.68s -70.5kPa
[  531.178] EVT 吸附 L3 venting→released 在态0.42s 0.1kPa
[  531.178] EVT 阀 R2 →排气位
[  531.185] TLM t= 364.3 L1·r@-- L2·r@-- L3·r@-- R1·v@-75 R2·v@-70 R3·A@-68 罐=无罐 泵=0 阀=000001 速=+0,+0,+0.00 电=7.98V/0.81A/峰2.93 补余=0.0 IO错=0 取机放气
[  531.394] EVT 吸附 R3 attached→venting 在态145.40s -67.7kPa
[  531.396] EVT 吸附 R1 venting→released 在态0.42s 0.0kPa
[  531.396] EVT 阀 R3 →排气位
[  531.597] EVT 键 'o' 倾=+0.0待=+0.0（已放开）
[  531.600] EVT 吸附 R2 venting→released 在态0.42s -0.1kPa
[  531.600] EVT ⚠ 主环卡顿 1817ms（目标 20ms）
[  531.690] TLM t= 364.4 L1·r@-- L2·r@-- L3·r@-- R1·r@-- R2·r@-- R3·v@-68 罐=无罐 泵=0 阀=000000 速=+0,+0,+0.00 电=7.97V/0.73A/峰2.93 补余=0.0 IO错=0 倾+0.0 已放开
[  531.784] EVT 吸附 R3 venting→released 在态0.42s 0.2kPa
[  532.192] TLM t= 364.9 L1·r@-- L2·r@-- L3·r@-- R1·r@-- R2·r@-- R3·r@-- 罐=无罐 泵=0 阀=000000 速=+0,+0,+0.00 电=7.97V/0.73A/峰2.93 补余=0.0 IO错=0 倾+0.0 已放开
[  532.692] TLM t= 365.4 L1·r@-- L2·r@-- L3·r@-- R1·r@-- R2·r@-- R3·r@-- 罐=无罐 泵=0 阀=000000 速=+0,+0,+0.00 电=7.97V/0.73A/峰2.93 补余=0.0 IO错=0 倾+0.0 已放开
[  533.200] TLM t= 365.9 L1·r@-- L2·r@-- L3·r@-- R1·r@-- R2·r@-- R3·r@-- 罐=无罐 泵=0 阀=000000 速=+0,+0,+0.00 电=7.97V/0.65A/峰2.93 补余=0.0 IO错=0 倾+0.0 已放开
[  533.694] TLM t= 366.4 L1·r@-- L2·r@-- L3·r@-- R1·r@-- R2·r@-- R3·r@-- 罐=无罐 泵=0 阀=000000 速=+0,+0,+0.00 电=7.96V/0.81A/峰2.93 补余=0.0 IO错=0 倾+0.0 已放开
[  534.198] TLM t= 366.9 L1·r@-- L2·r@-- L3·r@-- R1·r@-- R2·r@-- R3·r@-- 罐=无罐 泵=0 阀=000000 速=+0,+0,+0.00 电=7.95V/0.73A/峰2.93 补余=0.0 IO错=0 倾+0.0 已放开
[  534.699] TLM t= 367.4 L1·r@-- L2·r@-- L3·r@-- R1·r@-- R2·r@-- R3·r@-- 罐=无罐 泵=0 阀=000000 速=+0,+0,+0.00 电=7.95V/0.73A/峰2.93 补余=0.0 IO错=0 倾+0.0 已放开
[  535.203] TLM t= 367.9 L1·r@-- L2·r@-- L3·r@-- R1·r@-- R2·r@-- R3·r@-- 罐=无罐 泵=0 阀=000000 速=+0,+0,+0.00 电=7.97V/0.57A/峰2.93 补余=0.0 IO错=0 倾+0.0 已放开
[  535.701] TLM t= 368.4 L1·r@-- L2·r@-- L3·r@-- R1·r@-- R2·r@-- R3·r@-- 罐=无罐 泵=0 阀=000000 速=+0,+0,+0.00 电=7.97V/0.49A/峰2.93 补余=0.0 IO错=0 倾+0.0 已放开
[  536.203] TLM t= 368.9 L1·r@-- L2·r@-- L3·r@-- R1·r@-- R2·r@-- R3·r@-- 罐=无罐 泵=0 阀=000000 速=+0,+0,+0.00 电=7.96V/0.73A/峰2.93 补余=0.0 IO错=0 倾+0.0 已放开
[  536.702] TLM t= 369.4 L1·r@-- L2·r@-- L3·r@-- R1·r@-- R2·r@-- R3·r@-- 罐=无罐 泵=0 阀=000000 速=+0,+0,+0.00 电=7.96V/0.73A/峰2.93 补余=0.0 IO错=0 倾+0.0 已放开
[  537.207] TLM t= 369.9 L1·r@-- L2·r@-- L3·r@-- R1·r@-- R2·r@-- R3·r@-- 罐=无罐 泵=0 阀=000000 速=+0,+0,+0.00 电=7.96V/0.81A/峰2.93 补余=0.0 IO错=0 倾+0.0 已放开
[  537.708] TLM t= 370.4 L1·r@-- L2·r@-- L3·r@-- R1·r@-- R2·r@-- R3·r@-- 罐=无罐 泵=0 阀=000000 速=+0,+0,+0.00 电=7.95V/0.81A/峰2.93 补余=0.0 IO错=0 倾+0.0 已放开
[  538.207] TLM t= 370.9 L1·r@-- L2·r@-- L3·r@-- R1·r@-- R2·r@-- R3·r@-- 罐=无罐 泵=0 阀=000000 速=+0,+0,+0.00 电=7.94V/0.81A/峰2.93 补余=0.0 IO错=0 倾+0.0 已放开
[  538.710] TLM t= 371.4 L1·r@-- L2·r@-- L3·r@-- R1·r@-- R2·r@-- R3·r@-- 罐=无罐 泵=0 阀=000000 速=+0,+0,+0.00 电=7.95V/0.81A/峰2.93 补余=0.0 IO错=0 倾+0.0 已放开
[  539.212] TLM t= 371.9 L1·r@-- L2·r@-- L3·r@-- R1·r@-- R2·r@-- R3·r@-- 罐=无罐 泵=0 阀=000000 速=+0,+0,+0.00 电=7.95V/0.81A/峰2.93 补余=0.0 IO错=0 倾+0.0 已放开
[  539.713] TLM t= 372.4 L1·r@-- L2·r@-- L3·r@-- R1·r@-- R2·r@-- R3·r@-- 罐=无罐 泵=0 阀=000000 速=+0,+0,+0.00 电=7.95V/0.81A/峰2.93 补余=0.0 IO错=0 倾+0.0 已放开
[  540.218] TLM t= 372.9 L1·r@-- L2·r@-- L3·r@-- R1·r@-- R2·r@-- R3·r@-- 罐=无罐 泵=0 阀=000000 速=+0,+0,+0.00 电=7.95V/0.81A/峰2.93 补余=0.0 IO错=0 倾+0.0 已放开
[  540.715] TLM t= 373.4 L1·r@-- L2·r@-- L3·r@-- R1·r@-- R2·r@-- R3·r@-- 罐=无罐 泵=0 阀=000000 速=+0,+0,+0.00 电=7.95V/0.81A/峰2.93 补余=0.0 IO错=0 倾+0.0 已放开
[  541.219] TLM t= 373.9 L1·r@-- L2·r@-- L3·r@-- R1·r@-- R2·r@-- R3·r@-- 罐=无罐 泵=0 阀=000000 速=+0,+0,+0.00 电=7.95V/0.90A/峰2.93 补余=0.0 IO错=0 倾+0.0 已放开
[  541.718] TLM t= 374.4 L1·r@-- L2·r@-- L3·r@-- R1·r@-- R2·r@-- R3·r@-- 罐=无罐 泵=0 阀=000000 速=+0,+0,+0.00 电=7.94V/0.90A/峰2.93 补余=0.0 IO错=0 倾+0.0 已放开
[  542.219] TLM t= 374.9 L1·r@-- L2·r@-- L3·r@-- R1·r@-- R2·r@-- R3·r@-- 罐=无罐 泵=0 阀=000000 速=+0,+0,+0.00 电=7.95V/0.81A/峰2.93 补余=0.0 IO错=0 倾+0.0 已放开
[  542.721] TLM t= 375.4 L1·r@-- L2·r@-- L3·r@-- R1·r@-- R2·r@-- R3·r@-- 罐=无罐 泵=0 阀=000000 速=+0,+0,+0.00 电=7.95V/0.81A/峰2.93 补余=0.0 IO错=0 倾+0.0 已放开
[  543.223] TLM t= 375.9 L1·r@-- L2·r@-- L3·r@-- R1·r@-- R2·r@-- R3·r@-- 罐=无罐 泵=0 阀=000000 速=+0,+0,+0.00 电=7.95V/0.81A/峰2.93 补余=0.0 IO错=0 倾+0.0 已放开
[  543.374] EVT 键 '\x1b' 倾=+0.0待=+0.0（已放开）
[  543.575] EVT 退出序列：停泵 → 逐足串行放气（通→断，0.2s 间隔） → 舵机断电（不回站姿）
[  543.881] TLM t= 376.3 L1·r@-- L2·r@-- L3·r@-- R1·r@-- R2·r@-- R3·r@-- 罐=无罐 泵=0 阀=000000 速=+0,+0,+0.00 电=7.95V/0.90A/峰2.93 补余=0.0 IO错=0 退出放气
[  543.905] EVT 阀 L1 →抽气位
[  544.126] EVT 阀 L2 →抽气位
[  544.347] EVT 阀 L3 →抽气位
[  544.392] TLM t= 376.3 L1·r@-- L2·r@-- L3·r@-- R1·r@-- R2·r@-- R3·r@-- 罐=无罐 泵=0 阀=111000 速=+0,+0,+0.00 电=8.00V/0.90A/峰2.93 补余=0.0 IO错=0 退出放气
[  544.572] EVT 阀 R1 →抽气位
[  544.793] EVT 阀 R2 →抽气位
[  544.902] TLM t= 376.3 L1·r@-- L2·r@-- L3·r@-- R1·r@-- R2·r@-- R3·r@-- 罐=无罐 泵=0 阀=111110 速=+0,+0,+0.00 电=8.01V/0.81A/峰2.93 补余=0.0 IO错=0 退出放气
[  545.027] EVT 阀 R3 →抽气位
[  545.228] EVT 退出：阀线圈已断电（coils_off）
[  545.330] EVT 退出序列完成（舵机断电）
[  545.330] EVT END 正常退出
