# 开跑 2026-08-25 16:05:51  argv: scripts/body_lean.py --no-tank --stand-height 62 --tilt-trim 6
# git: bdacb7e
# 模式=no-tank port=/dev/ttyACM0
# 参数: lean_step=5mm lean_speed=10mm/s press_delta=18mm stand=62 tilt_trim=6° handover=关 dual=0
# 阈值: ATTACH=-30.0 PUMP_ON=-60.0 PUMP_OFF=-75.0 comp_tail=72.3mm suck_timeout=2.5s
[    2.237] EVT 缓慢站起（竖直升至爬墙站位）
[    6.343] EVT 爬墙站位就位，进入就位暂停
[    6.460] TLM t=   0.0 L1·r@-- L2·r@-- L3·r@-- R1·r@-- R2·r@-- R3·r@-- 罐=无罐 泵=0 阀=000000 速=+0,+0,+0.00 电=7.69V/1.79A/峰1.79 补余=0.0 IO错=0 就位暂停
[    6.966] TLM t=   0.0 L1·r@-- L2·r@-- L3·r@-- R1·r@-- R2·r@-- R3·r@-- 罐=无罐 泵=0 阀=000000 速=+0,+0,+0.00 电=7.69V/1.71A/峰1.79 补余=0.0 IO错=0 就位暂停
[    7.472] TLM t=   0.0 L1·r@-- L2·r@-- L3·r@-- R1·r@-- R2·r@-- R3·r@-- 罐=无罐 泵=0 阀=000000 速=+0,+0,+0.00 电=7.70V/1.71A/峰1.79 补余=0.0 IO错=0 就位暂停
[    7.986] TLM t=   0.0 L1·r@-- L2·r@-- L3·r@-- R1·r@-- R2·r@-- R3·r@-- 罐=无罐 泵=0 阀=000000 速=+0,+0,+0.00 电=7.69V/1.71A/峰1.79 补余=0.0 IO错=0 就位暂停
[    8.493] TLM t=   0.0 L1·r@-- L2·r@-- L3·r@-- R1·r@-- R2·r@-- R3·r@-- 罐=无罐 泵=0 阀=000000 速=+0,+0,+0.00 电=7.70V/1.63A/峰1.79 补余=0.0 IO错=0 就位暂停
[    9.004] TLM t=   0.0 L1·r@-- L2·r@-- L3·r@-- R1·r@-- R2·r@-- R3·r@-- 罐=无罐 泵=0 阀=000000 速=+0,+0,+0.00 电=7.69V/1.71A/峰1.79 补余=0.0 IO错=0 就位暂停
[    9.511] TLM t=   0.0 L1·r@-- L2·r@-- L3·r@-- R1·r@-- R2·r@-- R3·r@-- 罐=无罐 泵=0 阀=000000 速=+0,+0,+0.00 电=7.70V/1.47A/峰1.79 补余=0.0 IO错=0 就位暂停
[   10.024] TLM t=   0.0 L1·r@-- L2·r@-- L3·r@-- R1·r@-- R2·r@-- R3·r@-- 罐=无罐 泵=0 阀=000000 速=+0,+0,+0.00 电=7.71V/1.47A/峰1.79 补余=0.0 IO错=0 就位暂停
[   10.529] TLM t=   0.0 L1·r@-- L2·r@-- L3·r@-- R1·r@-- R2·r@-- R3·r@-- 罐=无罐 泵=0 阀=000000 速=+0,+0,+0.00 电=7.72V/0.98A/峰1.79 补余=0.0 IO错=0 就位暂停
[   11.038] TLM t=   0.0 L1·r@-- L2·r@-- L3·r@-- R1·r@-- R2·r@-- R3·r@-- 罐=无罐 泵=0 阀=000000 速=+0,+0,+0.00 电=7.73V/0.81A/峰1.79 补余=0.0 IO错=0 就位暂停
[   11.547] TLM t=   0.0 L1·r@-- L2·r@-- L3·r@-- R1·r@-- R2·r@-- R3·r@-- 罐=无罐 泵=0 阀=000000 速=+0,+0,+0.00 电=7.75V/0.57A/峰1.79 补余=0.0 IO错=0 就位暂停
[   12.055] TLM t=   0.0 L1·r@-- L2·r@-- L3·r@-- R1·r@-- R2·r@-- R3·r@-- 罐=无罐 泵=0 阀=000000 速=+0,+0,+0.00 电=7.74V/0.57A/峰1.79 补余=0.0 IO错=0 就位暂停
[   12.564] TLM t=   0.0 L1·r@-- L2·r@-- L3·r@-- R1·r@-- R2·r@-- R3·r@-- 罐=无罐 泵=0 阀=000000 速=+0,+0,+0.00 电=7.74V/0.65A/峰1.79 补余=0.0 IO错=0 就位暂停
[   13.074] TLM t=   0.0 L1·r@-- L2·r@-- L3·r@-- R1·r@-- R2·r@-- R3·r@-- 罐=无罐 泵=0 阀=000000 速=+0,+0,+0.00 电=7.75V/0.65A/峰1.79 补余=0.0 IO错=0 就位暂停
[   13.580] TLM t=   0.0 L1·r@-- L2·r@-- L3·r@-- R1·r@-- R2·r@-- R3·r@-- 罐=无罐 泵=0 阀=000000 速=+0,+0,+0.00 电=7.75V/0.65A/峰1.79 补余=0.0 IO错=0 就位暂停
[   14.102] TLM t=   0.0 L1·r@-- L2·r@-- L3·r@-- R1·r@-- R2·r@-- R3·r@-- 罐=无罐 泵=0 阀=000000 速=+0,+0,+0.00 电=7.75V/0.65A/峰1.79 补余=0.0 IO错=0 就位暂停
[   14.607] TLM t=   0.0 L1·r@-- L2·r@-- L3·r@-- R1·r@-- R2·r@-- R3·r@-- 罐=无罐 泵=0 阀=000000 速=+0,+0,+0.00 电=7.75V/0.57A/峰1.79 补余=0.0 IO错=0 就位暂停
[   15.116] TLM t=   0.0 L1·r@-- L2·r@-- L3·r@-- R1·r@-- R2·r@-- R3·r@-- 罐=无罐 泵=0 阀=000000 速=+0,+0,+0.00 电=7.75V/0.57A/峰1.79 补余=0.0 IO错=0 就位暂停
[   15.621] TLM t=   0.0 L1·r@-- L2·r@-- L3·r@-- R1·r@-- R2·r@-- R3·r@-- 罐=无罐 泵=0 阀=000000 速=+0,+0,+0.00 电=7.75V/0.57A/峰1.79 补余=0.0 IO错=0 就位暂停
[   16.132] TLM t=   0.0 L1·r@-- L2·r@-- L3·r@-- R1·r@-- R2·r@-- R3·r@-- 罐=无罐 泵=0 阀=000000 速=+0,+0,+0.00 电=7.75V/0.57A/峰1.79 补余=0.0 IO错=0 就位暂停
[   16.637] TLM t=   0.0 L1·r@-- L2·r@-- L3·r@-- R1·r@-- R2·r@-- R3·r@-- 罐=无罐 泵=0 阀=000000 速=+0,+0,+0.00 电=7.75V/0.49A/峰1.79 补余=0.0 IO错=0 就位暂停
[   17.150] TLM t=   0.0 L1·r@-- L2·r@-- L3·r@-- R1·r@-- R2·r@-- R3·r@-- 罐=无罐 泵=0 阀=000000 速=+0,+0,+0.00 电=7.74V/0.49A/峰1.79 补余=0.0 IO错=0 就位暂停
[   17.534] EVT 按 p：开始全吸附启动序列
[   17.534] EVT 相位 R3 stance→press
[   17.554] EVT 泵 开
[   17.663] TLM t=   0.0 L1·r@-- L2·r@-- L3·r@-- R1·r@-- R2·r@-- R3Pr@-- 罐=无罐 泵=1 阀=000000 速=+0,+0,+0.00 电=7.70V/0.65A/峰1.79 补余=0.0 IO错=0 倾+0.0
[   18.166] TLM t=   0.0 L1·r@-- L2·r@-- L3·r@-- R1·r@-- R2·r@-- R3Pr@-- 罐=无罐 泵=1 阀=000000 速=+0,+0,+0.00 电=7.70V/0.65A/峰1.79 补余=0.0 IO错=0 倾+0.0
[   18.665] TLM t=   0.0 L1·r@-- L2·r@-- L3·r@-- R1·r@-- R2·r@-- R3Pr@-- 罐=无罐 泵=1 阀=000000 速=+0,+0,+0.00 电=7.68V/0.73A/峰1.79 补余=0.0 IO错=0 倾+0.0
[   19.167] TLM t=   0.0 L1·r@-- L2·r@-- L3·r@-- R1·r@-- R2·r@-- R3Pr@-- 罐=无罐 泵=1 阀=000000 速=+0,+0,+0.00 电=7.72V/0.57A/峰1.79 补余=0.0 IO错=0 倾+0.0
[   19.672] TLM t=   0.0 L1·r@-- L2·r@-- L3·r@-- R1·r@-- R2·r@-- R3Pr@-- 罐=无罐 泵=1 阀=000000 速=+0,+0,+0.00 电=7.73V/0.65A/峰1.79 补余=0.0 IO错=0 倾+0.0
[   20.169] TLM t=   0.0 L1·r@-- L2·r@-- L3·r@-- R1·r@-- R2·r@-- R3Pr@-- 罐=无罐 泵=1 阀=000000 速=+0,+0,+0.00 电=7.72V/0.65A/峰1.79 补余=0.0 IO错=0 倾+0.0
[   20.523] EVT 吸附 R3 released→pressing 在态3.00s
[   20.523] EVT 相位 R3 press→wait
[   20.543] EVT 泵 停
[   20.674] TLM t=   0.0 L1·r@-- L2·r@-- L3·r@-- R1·r@-- R2·r@-- R3Wp@-- 罐=无罐 泵=0 阀=000000 速=+0,+0,+0.00 电=7.73V/0.65A/峰1.79 补余=0.0 IO错=0 倾+0.0
[   20.823] EVT 吸附 R3 pressing→sucking 在态0.30s
[   20.824] EVT 阀 R3 →抽气位
[   20.846] EVT 泵 开
[   21.104] EVT 吸附 R3 sucking→attached 在态0.28s -69.9kPa
[   21.104] EVT 相位 R3 wait→stance
[   21.125] EVT 相位 L1 stance→press
[   21.173] TLM t=   0.0 L1Pr@-- L2·r@-- L3·r@-- R1·r@-- R2·r@-- R3·A@-72 罐=无罐 泵=1 阀=000001 速=+0,+0,+0.00 电=7.74V/0.65A/峰1.79 补余=0.0 IO错=0 倾+0.0
[   21.328] EVT 泵 停 最差盘压-75.5
[   21.679] TLM t=   0.0 L1Pr@-- L2·r@-- L3·r@-- R1·r@-- R2·r@-- R3·A@-76 罐=无罐 泵=0 阀=000001 速=+0,+0,+0.00 电=7.75V/0.81A/峰1.79 补余=0.0 IO错=0 倾+0.0
[   22.178] TLM t=   0.0 L1Pr@-- L2·r@-- L3·r@-- R1·r@-- R2·r@-- R3·A@-75 罐=无罐 泵=0 阀=000001 速=+0,+0,+0.00 电=7.75V/0.81A/峰1.79 补余=0.0 IO错=0 倾+0.0
[   22.308] EVT 吸附 L1 released→pressing 在态4.78s
[   22.309] EVT 相位 L1 press→wait
[   22.629] EVT 吸附 L1 pressing→sucking 在态0.32s
[   22.630] EVT 阀 L1 →抽气位
[   22.655] EVT 泵 开 最差盘压-74.1
[   22.700] TLM t=   0.0 L1Ws@-3 L2·r@-- L3·r@-- R1·r@-- R2·r@-- R3·A@-74 罐=无罐 泵=1 阀=100001 速=+0,+0,+0.00 电=7.68V/0.65A/峰1.79 补余=0.0 IO错=0 倾+0.0
[   22.990] EVT 吸附 L1 sucking→attached 在态0.36s -68.6kPa
[   22.991] EVT 相位 L1 wait→stance
[   23.016] EVT 相位 R2 stance→press
[   23.207] TLM t=   0.0 L1·A@-75 L2·r@-- L3·r@-- R1·r@-- R2Pr@-- R3·A@-75 罐=无罐 泵=1 阀=100001 速=+0,+0,+0.00 电=7.75V/0.73A/峰1.79 补余=0.0 IO错=0 倾+0.0
[   23.256] EVT 泵 停 最差盘压-75.4
[   23.719] TLM t=   0.0 L1·A@-76 L2·r@-- L3·r@-- R1·r@-- R2Pr@-- R3·A@-76 罐=无罐 泵=0 阀=100001 速=+0,+0,+0.00 电=7.76V/0.81A/峰1.79 补余=0.0 IO错=0 倾+0.0
[   24.193] EVT 吸附 R2 released→pressing 在态6.66s
[   24.194] EVT 相位 R2 press→wait
[   24.229] TLM t=   0.0 L1·A@-76 L2·r@-- L3·r@-- R1·r@-- R2Wp@-- R3·A@-75 罐=无罐 泵=0 阀=100001 速=+0,+0,+0.00 电=7.76V/0.65A/峰1.79 补余=0.0 IO错=0 倾+0.0
[   24.519] EVT 吸附 R2 pressing→sucking 在态0.32s
[   24.520] EVT 阀 R2 →抽气位
[   24.537] EVT 泵 开 最差盘压-74.5
[   24.745] TLM t=   0.0 L1·A@-75 L2·r@-- L3·r@-- R1·r@-- R2Ws@-67 R3·A@-74 罐=无罐 泵=1 阀=100011 速=+0,+0,+0.00 电=7.75V/0.65A/峰1.79 补余=0.0 IO错=0 倾+0.0
[   24.817] EVT 吸附 R2 sucking→attached 在态0.30s -67.8kPa
[   24.821] EVT 相位 R2 wait→stance
[   24.838] EVT 相位 L3 stance→press
[   25.251] TLM t=   0.0 L1·A@-75 L2·r@-- L3Pr@-- R1·r@-- R2·A@-75 R3·A@-75 罐=无罐 泵=1 阀=100011 速=+0,+0,+0.00 电=7.74V/0.57A/峰1.79 补余=0.0 IO错=0 倾+0.0
[   25.259] EVT 泵 停 最差盘压-75.3
[   25.767] TLM t=   0.0 L1·A@-76 L2·r@-- L3Pr@-- R1·r@-- R2·A@-75 R3·A@-76 罐=无罐 泵=0 阀=100011 速=+0,+0,+0.00 电=7.78V/0.65A/峰1.79 补余=0.0 IO错=0 倾+0.0
[   26.023] EVT 吸附 L3 released→pressing 在态8.48s
[   26.024] EVT 相位 L3 press→wait
[   26.272] TLM t=   0.0 L1·A@-76 L2·r@-- L3Wp@-- R1·r@-- R2·A@-74 R3·A@-75 罐=无罐 泵=0 阀=100011 速=+0,+0,+0.00 电=7.79V/0.57A/峰1.79 补余=0.0 IO错=0 倾+0.0
[   26.342] EVT 吸附 L3 pressing→sucking 在态0.32s
[   26.342] EVT 阀 L3 →抽气位
[   26.362] EVT 泵 开 最差盘压-74.0
[   26.640] EVT 吸附 L3 sucking→attached 在态0.30s -64.5kPa
[   26.643] EVT 相位 L3 wait→stance
[   26.663] EVT 相位 R1 stance→press
[   26.790] TLM t=   0.0 L1·A@-76 L2·r@-- L3·A@-71 R1Pr@-- R2·A@-74 R3·A@-74 罐=无罐 泵=1 阀=101011 速=+0,+0,+0.00 电=7.76V/0.57A/峰1.79 补余=0.0 IO错=0 倾+0.0
[   27.047] EVT 泵 停 最差盘压-75.2
[   27.296] TLM t=   0.0 L1·A@-76 L2·r@-- L3·A@-76 R1Pr@-- R2·A@-76 R3·A@-76 罐=无罐 泵=0 阀=101011 速=+0,+0,+0.00 电=7.79V/0.65A/峰1.79 补余=0.0 IO错=0 倾+0.0
[   27.816] TLM t=   0.0 L1·A@-76 L2·r@-- L3·A@-76 R1Pr@-- R2·A@-75 R3·A@-75 罐=无罐 泵=0 阀=101011 速=+0,+0,+0.00 电=7.79V/0.73A/峰1.79 补余=0.0 IO错=0 倾+0.0
[   27.846] EVT 吸附 R1 released→pressing 在态10.30s
[   27.847] EVT 相位 R1 press→wait
[   28.167] EVT 吸附 R1 pressing→sucking 在态0.32s
[   28.168] EVT 阀 R1 →抽气位
[   28.193] EVT 泵 开 最差盘压-74.6
[   28.323] TLM t=   0.0 L1·A@-76 L2·r@-- L3·A@-75 R1Ws@-48 R2·A@-75 R3·A@-74 罐=无罐 泵=1 阀=101111 速=+0,+0,+0.00 电=7.78V/0.57A/峰1.79 补余=0.0 IO错=0 倾+0.0
[   28.528] EVT 吸附 R1 sucking→attached 在态0.36s -68.7kPa
[   28.529] EVT 相位 R1 wait→stance
[   28.554] EVT 相位 L2 stance→press
[   28.838] TLM t=   0.0 L1·A@-76 L2Pr@-- L3·A@-76 R1·A@-75 R2·A@-76 R3·A@-76 罐=无罐 泵=1 阀=101111 速=+0,+0,+0.00 电=7.79V/0.57A/峰1.79 补余=0.0 IO错=0 倾+0.0
[   28.855] EVT 泵 停 最差盘压-75.6
[   29.344] TLM t=   0.0 L1·A@-77 L2Pr@-- L3·A@-77 R1·A@-76 R2·A@-76 R3·A@-76 罐=无罐 泵=0 阀=101111 速=+0,+0,+0.00 电=7.81V/0.65A/峰1.79 补余=0.0 IO错=0 倾+0.0
[   29.731] EVT 吸附 L2 released→pressing 在态12.18s
[   29.732] EVT 相位 L2 press→wait
[   29.859] TLM t=   0.0 L1·A@-76 L2Wp@-- L3·A@-76 R1·A@-76 R2·A@-76 R3·A@-75 罐=无罐 泵=0 阀=101111 速=+0,+0,+0.00 电=7.80V/0.65A/峰1.79 补余=0.0 IO错=0 倾+0.0
[   30.057] EVT 吸附 L2 pressing→sucking 在态0.32s
[   30.058] EVT 阀 L2 →抽气位
[   30.075] EVT 泵 开 最差盘压-75.2
[   30.353] EVT 吸附 L2 sucking→attached 在态0.30s -66.9kPa
[   30.359] EVT 相位 L2 wait→stance
[   30.359] EVT ✓ 六足全吸附，启动序列完成，相位钟开始
[   30.368] TLM t=   0.0 L1·A@-76 L2·A@-67 L3·A@-76 R1·A@-76 R2·A@-75 R3·A@-75 罐=无罐 泵=1 阀=111111 速=+0,+0,+0.00 电=7.80V/0.57A/峰1.79 补余=0.0 IO错=0 倾+0.0
[   30.677] EVT 泵 停 最差盘压-75.4
[   30.885] TLM t=   0.5 L1·A@-76 L2·A@-76 L3·A@-76 R1·A@-75 R2·A@-76 R3·A@-76 罐=无罐 泵=0 阀=111111 速=+0,+0,+0.00 电=7.82V/0.57A/峰1.79 补余=0.0 IO错=0 倾+0.0
[   31.390] TLM t=   1.0 L1·A@-76 L2·A@-75 L3·A@-76 R1·A@-75 R2·A@-75 R3·A@-75 罐=无罐 泵=0 阀=111111 速=+0,+0,+0.00 电=7.81V/0.57A/峰1.79 补余=0.0 IO错=0 倾+0.0
[   31.913] TLM t=   1.5 L1·A@-76 L2·A@-75 L3·A@-76 R1·A@-75 R2·A@-75 R3·A@-75 罐=无罐 泵=0 阀=111111 速=+0,+0,+0.00 电=7.82V/0.57A/峰1.79 补余=0.0 IO错=0 倾+0.0
[   32.420] TLM t=   2.0 L1·A@-76 L2·A@-74 L3·A@-76 R1·A@-75 R2·A@-74 R3·A@-74 罐=无罐 泵=0 阀=111111 速=+0,+0,+0.00 电=7.81V/0.65A/峰1.79 补余=0.0 IO错=0 倾+0.0
[   32.922] TLM t=   2.5 L1·A@-76 L2·A@-74 L3·A@-76 R1·A@-75 R2·A@-74 R3·A@-73 罐=无罐 泵=0 阀=111111 速=+0,+0,+0.00 电=7.82V/0.57A/峰1.79 补余=0.0 IO错=0 倾+0.0
[   33.447] TLM t=   3.1 L1·A@-76 L2·A@-73 L3·A@-76 R1·A@-75 R2·A@-74 R3·A@-72 罐=无罐 泵=0 阀=111111 速=+0,+0,+0.00 电=7.81V/0.65A/峰1.79 补余=0.0 IO错=0 倾+0.0
[   33.947] TLM t=   3.6 L1·A@-76 L2·A@-72 L3·A@-75 R1·A@-75 R2·A@-73 R3·A@-72 罐=无罐 泵=0 阀=111111 速=+0,+0,+0.00 电=7.82V/0.65A/峰1.79 补余=0.0 IO错=0 倾+0.0
[   34.469] TLM t=   4.1 L1·A@-75 L2·A@-72 L3·A@-75 R1·A@-75 R2·A@-73 R3·A@-71 罐=无罐 泵=0 阀=111111 速=+0,+0,+0.00 电=7.82V/0.65A/峰1.79 补余=0.0 IO错=0 倾+0.0
[   34.971] TLM t=   4.6 L1·A@-75 L2·A@-71 L3·A@-75 R1·A@-74 R2·A@-72 R3·A@-70 罐=无罐 泵=0 阀=111111 速=+0,+0,+0.00 电=7.82V/0.65A/峰1.79 补余=0.0 IO错=0 倾+0.0
[   35.494] TLM t=   5.1 L1·A@-75 L2·A@-71 L3·A@-75 R1·A@-74 R2·A@-72 R3·A@-70 罐=无罐 泵=0 阀=111111 速=+0,+0,+0.00 电=7.81V/0.65A/峰1.79 补余=0.0 IO错=0 倾+0.0
[   35.995] TLM t=   5.6 L1·A@-75 L2·A@-70 L3·A@-75 R1·A@-74 R2·A@-71 R3·A@-69 罐=无罐 泵=0 阀=111111 速=+0,+0,+0.00 电=7.82V/0.65A/峰1.79 补余=0.0 IO错=0 倾+0.0
[   36.520] TLM t=   6.1 L1·A@-75 L2·A@-70 L3·A@-75 R1·A@-74 R2·A@-71 R3·A@-68 罐=无罐 泵=0 阀=111111 速=+0,+0,+0.00 电=7.82V/0.65A/峰1.79 补余=0.0 IO错=0 倾+0.0
[   37.020] TLM t=   6.6 L1·A@-75 L2·A@-70 L3·A@-75 R1·A@-74 R2·A@-71 R3·A@-68 罐=无罐 泵=0 阀=111111 速=+0,+0,+0.00 电=7.82V/0.65A/峰1.79 补余=0.0 IO错=0 倾+0.0
[   37.548] TLM t=   7.1 L1·A@-75 L2·A@-69 L3·A@-75 R1·A@-74 R2·A@-70 R3·A@-67 罐=无罐 泵=0 阀=111111 速=+0,+0,+0.00 电=7.82V/0.57A/峰1.79 补余=0.0 IO错=0 倾+0.0
[   38.048] TLM t=   7.6 L1·A@-75 L2·A@-69 L3·A@-75 R1·A@-74 R2·A@-70 R3·A@-66 罐=无罐 泵=0 阀=111111 速=+0,+0,+0.00 电=7.82V/0.65A/峰1.79 补余=0.0 IO错=0 倾+0.0
[   38.561] TLM t=   8.1 L1·A@-74 L2·A@-68 L3·A@-75 R1·A@-74 R2·A@-69 R3·A@-66 罐=无罐 泵=0 阀=111111 速=+0,+0,+0.00 电=7.82V/0.65A/峰1.79 补余=0.0 IO错=0 倾+0.0
[   39.063] TLM t=   8.6 L1·A@-74 L2·A@-68 L3·A@-75 R1·A@-74 R2·A@-69 R3·A@-65 罐=无罐 泵=0 阀=111111 速=+0,+0,+0.00 电=7.82V/0.65A/峰1.79 补余=0.0 IO错=0 倾+0.0
[   39.586] TLM t=   9.2 L1·A@-74 L2·A@-67 L3·A@-75 R1·A@-74 R2·A@-69 R3·A@-64 罐=无罐 泵=0 阀=111111 速=+0,+0,+0.00 电=7.82V/0.65A/峰1.79 补余=0.0 IO错=0 倾+0.0
[   40.089] TLM t=   9.7 L1·A@-74 L2·A@-67 L3·A@-74 R1·A@-74 R2·A@-68 R3·A@-64 罐=无罐 泵=0 阀=111111 速=+0,+0,+0.00 电=7.82V/0.65A/峰1.79 补余=0.0 IO错=0 倾+0.0
[   40.614] TLM t=  10.2 L1·A@-74 L2·A@-66 L3·A@-74 R1·A@-74 R2·A@-68 R3·A@-63 罐=无罐 泵=0 阀=111111 速=+0,+0,+0.00 电=7.82V/0.57A/峰1.79 补余=0.0 IO错=0 倾+0.0
[   41.117] TLM t=  10.7 L1·A@-74 L2·A@-66 L3·A@-74 R1·A@-74 R2·A@-67 R3·A@-62 罐=无罐 泵=0 阀=111111 速=+0,+0,+0.00 电=7.82V/0.65A/峰1.79 补余=0.0 IO错=0 倾+0.0
[   41.641] TLM t=  11.2 L1·A@-74 L2·A@-65 L3·A@-74 R1·A@-74 R2·A@-67 R3·A@-62 罐=无罐 泵=0 阀=111111 速=+0,+0,+0.00 电=7.82V/0.65A/峰1.79 补余=0.0 IO错=0 倾+0.0
[   42.142] TLM t=  11.7 L1·A@-74 L2·A@-65 L3·A@-74 R1·A@-73 R2·A@-67 R3·A@-61 罐=无罐 泵=0 阀=111111 速=+0,+0,+0.00 电=7.82V/0.65A/峰1.79 补余=0.0 IO错=0 倾+0.0
[   42.665] TLM t=  12.2 L1·A@-74 L2·A@-65 L3·A@-74 R1·A@-73 R2·A@-66 R3·A@-61 罐=无罐 泵=0 阀=111111 速=+0,+0,+0.00 电=7.82V/0.65A/峰1.79 补余=0.0 IO错=0 倾+0.0
[   43.166] TLM t=  12.7 L1·A@-73 L2·A@-64 L3·A@-74 R1·A@-73 R2·A@-66 R3·A@-60 罐=无罐 泵=0 阀=111111 速=+0,+0,+0.00 电=7.81V/0.57A/峰1.79 补余=0.0 IO错=0 倾+0.0
[   43.202] EVT 泵 开 最差盘压-60.0
[   43.690] TLM t=  13.2 L1·A@-73 L2·A@-70 L3·A@-74 R1·A@-73 R2·A@-70 R3·A@-70 罐=无罐 泵=1 阀=111111 速=+0,+0,+0.00 电=7.77V/0.57A/峰1.79 补余=0.0 IO错=0 倾+0.0
[   44.104] EVT 泵 停 最差盘压-75.3
[   44.199] TLM t=  13.7 L1·A@-76 L2·A@-77 L3·A@-76 R1·A@-76 R2·A@-76 R3·A@-76 罐=无罐 泵=0 阀=111111 速=+0,+0,+0.00 电=7.82V/0.65A/峰1.79 补余=0.0 IO错=0 倾+0.0
[   44.693] TLM t=  14.2 L1·A@-76 L2·A@-76 L3·A@-76 R1·A@-76 R2·A@-76 R3·A@-76 罐=无罐 泵=0 阀=111111 速=+0,+0,+0.00 电=7.82V/0.57A/峰1.79 补余=0.0 IO错=0 倾+0.0
[   45.205] TLM t=  14.7 L1·A@-76 L2·A@-75 L3·A@-76 R1·A@-76 R2·A@-75 R3·A@-75 罐=无罐 泵=0 阀=111111 速=+0,+0,+0.00 电=7.82V/0.65A/峰1.79 补余=0.0 IO错=0 倾+0.0
[   45.707] TLM t=  15.2 L1·A@-76 L2·A@-75 L3·A@-76 R1·A@-76 R2·A@-75 R3·A@-74 罐=无罐 泵=0 阀=111111 速=+0,+0,+0.00 电=7.82V/0.73A/峰1.79 补余=0.0 IO错=0 倾+0.0
[   46.229] TLM t=  15.8 L1·A@-76 L2·A@-74 L3·A@-76 R1·A@-76 R2·A@-74 R3·A@-74 罐=无罐 泵=0 阀=111111 速=+0,+0,+0.00 电=7.82V/0.57A/峰1.79 补余=0.0 IO错=0 倾+0.0
[   46.733] TLM t=  16.3 L1·A@-76 L2·A@-74 L3·A@-76 R1·A@-75 R2·A@-74 R3·A@-73 罐=无罐 泵=0 阀=111111 速=+0,+0,+0.00 电=7.82V/0.65A/峰1.79 补余=0.0 IO错=0 倾+0.0
[   47.257] TLM t=  16.8 L1·A@-76 L2·A@-73 L3·A@-76 R1·A@-75 R2·A@-73 R3·A@-72 罐=无罐 泵=0 阀=111111 速=+0,+0,+0.00 电=7.81V/0.65A/峰1.79 补余=0.0 IO错=0 倾+0.0
[   47.758] TLM t=  17.3 L1·A@-76 L2·A@-73 L3·A@-76 R1·A@-75 R2·A@-73 R3·A@-72 罐=无罐 泵=0 阀=111111 速=+0,+0,+0.00 电=7.82V/0.57A/峰1.79 补余=0.0 IO错=0 倾+0.0
[   48.282] TLM t=  17.8 L1·A@-75 L2·A@-72 L3·A@-76 R1·A@-75 R2·A@-73 R3·A@-71 罐=无罐 泵=0 阀=111111 速=+0,+0,+0.00 电=7.82V/0.65A/峰1.79 补余=0.0 IO错=0 倾+0.0
[   48.789] TLM t=  18.3 L1·A@-75 L2·A@-72 L3·A@-76 R1·A@-75 R2·A@-72 R3·A@-70 罐=无罐 泵=0 阀=111111 速=+0,+0,+0.00 电=7.82V/0.65A/峰1.79 补余=0.0 IO错=0 倾+0.0
[   49.307] TLM t=  18.8 L1·A@-75 L2·A@-72 L3·A@-76 R1·A@-75 R2·A@-72 R3·A@-70 罐=无罐 泵=0 阀=111111 速=+0,+0,+0.00 电=7.82V/0.65A/峰1.79 补余=0.0 IO错=0 倾+0.0
[   49.814] TLM t=  19.3 L1·A@-75 L2·A@-71 L3·A@-75 R1·A@-75 R2·A@-71 R3·A@-69 罐=无罐 泵=0 阀=111111 速=+0,+0,+0.00 电=7.82V/0.73A/峰1.79 补余=0.0 IO错=0 倾+0.0
[   50.332] TLM t=  19.8 L1·A@-75 L2·A@-71 L3·A@-75 R1·A@-75 R2·A@-71 R3·A@-68 罐=无罐 泵=0 阀=111111 速=+0,+0,+0.00 电=7.82V/0.65A/峰1.79 补余=0.0 IO错=0 倾+0.0
[   50.837] TLM t=  20.3 L1·A@-75 L2·A@-70 L3·A@-75 R1·A@-75 R2·A@-71 R3·A@-68 罐=无罐 泵=0 阀=111111 速=+0,+0,+0.00 电=7.81V/0.65A/峰1.79 补余=0.0 IO错=0 倾+0.0
[   51.361] TLM t=  20.9 L1·A@-75 L2·A@-70 L3·A@-75 R1·A@-75 R2·A@-70 R3·A@-67 罐=无罐 泵=0 阀=111111 速=+0,+0,+0.00 电=7.81V/0.65A/峰1.79 补余=0.0 IO错=0 倾+0.0
[   51.867] TLM t=  21.4 L1·A@-75 L2·A@-69 L3·A@-75 R1·A@-75 R2·A@-70 R3·A@-66 罐=无罐 泵=0 阀=111111 速=+0,+0,+0.00 电=7.82V/0.65A/峰1.79 补余=0.0 IO错=0 倾+0.0
[   52.386] TLM t=  21.9 L1·A@-75 L2·A@-69 L3·A@-75 R1·A@-75 R2·A@-70 R3·A@-66 罐=无罐 泵=0 阀=111111 速=+0,+0,+0.00 电=7.82V/0.65A/峰1.79 补余=0.0 IO错=0 倾+0.0
[   52.892] TLM t=  22.4 L1·A@-75 L2·A@-68 L3·A@-75 R1·A@-75 R2·A@-69 R3·A@-65 罐=无罐 泵=0 阀=111111 速=+0,+0,+0.00 电=7.82V/0.65A/峰1.79 补余=0.0 IO错=0 倾+0.0
[   53.411] TLM t=  22.9 L1·A@-75 L2·A@-68 L3·A@-75 R1·A@-75 R2·A@-69 R3·A@-64 罐=无罐 泵=0 阀=111111 速=+0,+0,+0.00 电=7.82V/0.65A/峰1.79 补余=0.0 IO错=0 倾+0.0
[   53.914] TLM t=  23.4 L1·A@-74 L2·A@-68 L3·A@-75 R1·A@-75 R2·A@-68 R3·A@-64 罐=无罐 泵=0 阀=111111 速=+0,+0,+0.00 电=7.82V/0.57A/峰1.79 补余=0.0 IO错=0 倾+0.0
[   54.438] TLM t=  23.9 L1·A@-74 L2·A@-67 L3·A@-75 R1·A@-75 R2·A@-68 R3·A@-63 罐=无罐 泵=0 阀=111111 速=+0,+0,+0.00 电=7.82V/0.65A/峰1.79 补余=0.0 IO错=0 倾+0.0
[   54.940] TLM t=  24.4 L1·A@-74 L2·A@-67 L3·A@-75 R1·A@-74 R2·A@-68 R3·A@-63 罐=无罐 泵=0 阀=111111 速=+0,+0,+0.00 电=7.82V/0.73A/峰1.79 补余=0.0 IO错=0 倾+0.0
[   55.461] TLM t=  24.9 L1·A@-74 L2·A@-66 L3·A@-75 R1·A@-75 R2·A@-67 R3·A@-62 罐=无罐 泵=0 阀=111111 速=+0,+0,+0.00 电=7.82V/0.65A/峰1.79 补余=0.0 IO错=0 倾+0.0
[   55.969] TLM t=  25.4 L1·A@-74 L2·A@-66 L3·A@-75 R1·A@-74 R2·A@-67 R3·A@-61 罐=无罐 泵=0 阀=111111 速=+0,+0,+0.00 电=7.82V/0.65A/峰1.79 补余=0.0 IO错=0 倾+0.0
[   56.490] TLM t=  26.0 L1·A@-74 L2·A@-65 L3·A@-75 R1·A@-74 R2·A@-66 R3·A@-61 罐=无罐 泵=0 阀=111111 速=+0,+0,+0.00 电=7.82V/0.65A/峰1.79 补余=0.0 IO错=0 倾+0.0
[   56.991] TLM t=  26.5 L1·A@-74 L2·A@-65 L3·A@-75 R1·A@-74 R2·A@-66 R3·A@-60 罐=无罐 泵=0 阀=111111 速=+0,+0,+0.00 电=7.82V/0.65A/峰1.79 补余=0.0 IO错=0 倾+0.0
[   57.105] EVT 泵 开 最差盘压-59.9
[   57.515] TLM t=  27.0 L1·A@-74 L2·A@-68 L3·A@-74 R1·A@-74 R2·A@-67 R3·A@-67 罐=无罐 泵=1 阀=111111 速=+0,+0,+0.00 电=7.78V/0.65A/峰1.79 补余=0.0 IO错=0 倾+0.0
[   58.009] EVT 泵 停 最差盘压-75.4
[   58.018] TLM t=  27.5 L1·A@-76 L2·A@-76 L3·A@-76 R1·A@-75 R2·A@-76 R3·A@-76 罐=无罐 泵=0 阀=111111 速=+0,+0,+0.00 电=7.82V/0.65A/峰1.79 补余=0.0 IO错=0 倾+0.0
[   58.464] EVT 倾身 +10mm（对时标记 去程）
[   58.464] EVT 实验序列开跑：标记+自动轮换 3 轮
[   58.464] EVT 键 't' 倾=+0.0待=+10.0
[   58.541] TLM t=  28.0 L1·A@-76 L2·A@-76 L3·A@-76 R1·A@-76 R2·A@-76 R3·A@-76 罐=无罐 泵=0 阀=111111 速=+0,+0,+0.00 电=7.81V/0.81A/峰1.79 补余=0.0 IO错=0 倾+0.8→+10 对时标记
[   59.046] TLM t=  28.5 L1·A@-76 L2·A@-76 L3·A@-76 R1·A@-76 R2·A@-75 R3·A@-75 罐=无罐 泵=0 阀=111111 速=+0,+0,+0.00 电=7.73V/2.28A/峰2.28 补余=0.0 IO错=0 倾+5.8→+10 对时标记
[   59.565] TLM t=  29.0 L1·A@-76 L2·A@-75 L3·A@-76 R1·A@-76 R2·A@-75 R3·A@-74 罐=无罐 泵=0 阀=111111 速=+0,+0,+0.00 电=7.71V/2.36A/峰2.36 补余=0.0 IO错=0 倾+10.0 对时标记
[   60.070] TLM t=  29.5 L1·A@-76 L2·A@-75 L3·A@-76 R1·A@-76 R2·A@-74 R3·A@-74 罐=无罐 泵=0 阀=111111 速=+0,+0,+0.00 电=7.73V/2.20A/峰2.36 补余=0.0 IO错=0 倾+10.0 对时标记
[   60.592] TLM t=  30.0 L1·A@-76 L2·A@-74 L3·A@-76 R1·A@-76 R2·A@-74 R3·A@-73 罐=无罐 泵=0 阀=111111 速=+0,+0,+0.00 电=7.72V/2.44A/峰2.44 补余=0.0 IO错=0 倾+10.0 对时标记
[   61.103] TLM t=  30.5 L1·A@-76 L2·A@-74 L3·A@-76 R1·A@-75 R2·A@-74 R3·A@-72 罐=无罐 泵=0 阀=111111 速=+0,+0,+0.00 电=7.72V/2.28A/峰2.44 补余=0.0 IO错=0 倾+10.0 对时标记
[   61.465] EVT 倾身 -10mm（对时标记 回程）
[   61.625] TLM t=  31.1 L1·A@-76 L2·A@-73 L3·A@-76 R1·A@-75 R2·A@-73 R3·A@-72 罐=无罐 泵=0 阀=111111 速=+0,+0,+0.00 电=7.75V/1.87A/峰2.44 补余=0.0 IO错=0 倾+8.6→+0 对时标记
[   62.130] TLM t=  31.6 L1·A@-76 L2·A@-73 L3·A@-76 R1·A@-75 R2·A@-73 R3·A@-71 罐=无罐 泵=0 阀=111111 速=+0,+0,+0.00 电=7.81V/0.73A/峰2.44 补余=0.0 IO错=0 倾+3.6→+0 对时标记
[   62.647] TLM t=  32.1 L1·A@-76 L2·A@-72 L3·A@-76 R1·A@-75 R2·A@-72 R3·A@-71 罐=无罐 泵=0 阀=111111 速=+0,+0,+0.00 电=7.81V/0.65A/峰2.44 补余=0.0 IO错=0 倾+0.0 对时标记
[   63.152] TLM t=  32.6 L1·A@-76 L2·A@-72 L3·A@-76 R1·A@-75 R2·A@-72 R3·A@-70 罐=无罐 泵=0 阀=111111 速=+0,+0,+0.00 电=7.81V/0.65A/峰2.44 补余=0.0 IO错=0 倾+0.0 对时标记
[   63.672] TLM t=  33.1 L1·A@-75 L2·A@-71 L3·A@-76 R1·A@-75 R2·A@-72 R3·A@-69 罐=无罐 泵=0 阀=111111 速=+0,+0,+0.00 电=7.81V/0.65A/峰2.44 补余=0.0 IO错=0 倾+0.0 对时标记
[   64.173] TLM t=  33.6 L1·A@-75 L2·A@-71 L3·A@-76 R1·A@-75 R2·A@-71 R3·A@-68 罐=无罐 泵=0 阀=111111 速=+0,+0,+0.00 电=7.81V/0.65A/峰2.44 补余=0.0 IO错=0 倾+0.0 对时标记
[   64.698] TLM t=  34.1 L1·A@-75 L2·A@-70 L3·A@-76 R1·A@-75 R2·A@-71 R3·A@-68 罐=无罐 泵=0 阀=111111 速=+0,+0,+0.00 电=7.81V/0.65A/峰2.44 补余=0.0 IO错=0 倾+0.0 对时标记
[   65.200] TLM t=  34.6 L1·A@-75 L2·A@-70 L3·A@-75 R1·A@-75 R2·A@-70 R3·A@-67 罐=无罐 泵=0 阀=111111 速=+0,+0,+0.00 电=7.81V/0.65A/峰2.44 补余=0.0 IO错=0 倾+0.0 对时标记
[   65.722] TLM t=  35.1 L1·A@-75 L2·A@-70 L3·A@-75 R1·A@-75 R2·A@-70 R3·A@-67 罐=无罐 泵=0 阀=111111 速=+0,+0,+0.00 电=7.82V/0.65A/峰2.44 补余=0.0 IO错=0 倾+0.0 对时标记
[   66.245] TLM t=  35.6 L1·A@-75 L2·A@-69 L3·A@-75 R1·A@-75 R2·A@-70 R3·A@-66 罐=无罐 泵=0 阀=111111 速=+0,+0,+0.00 电=7.82V/0.73A/峰2.44 补余=0.0 IO错=0 倾+0.0 对时标记
[   66.743] TLM t=  36.1 L1·A@-75 L2·A@-69 L3·A@-75 R1·A@-75 R2·A@-69 R3·A@-65 罐=无罐 泵=0 阀=111111 速=+0,+0,+0.00 电=7.81V/0.65A/峰2.44 补余=0.0 IO错=0 倾+0.0 对时标记
[   67.268] TLM t=  36.7 L1·A@-75 L2·A@-68 L3·A@-75 R1·A@-75 R2·A@-69 R3·A@-65 罐=无罐 泵=0 阀=111111 速=+0,+0,+0.00 电=7.81V/0.65A/峰2.44 补余=0.0 IO错=0 倾+0.0 对时标记
[   67.770] TLM t=  37.2 L1·A@-75 L2·A@-68 L3·A@-75 R1·A@-75 R2·A@-69 R3·A@-64 罐=无罐 泵=0 阀=111111 速=+0,+0,+0.00 电=7.81V/0.65A/峰2.44 补余=0.0 IO错=0 倾+0.0 对时标记
[   68.291] TLM t=  37.7 L1·A@-75 L2·A@-67 L3·A@-75 R1·A@-75 R2·A@-68 R3·A@-63 罐=无罐 泵=0 阀=111111 速=+0,+0,+0.00 电=7.81V/0.65A/峰2.44 补余=0.0 IO错=0 倾+0.0 对时标记
[   68.794] TLM t=  38.2 L1·A@-74 L2·A@-67 L3·A@-75 R1·A@-75 R2·A@-68 R3·A@-63 罐=无罐 泵=0 阀=111111 速=+0,+0,+0.00 电=7.81V/0.65A/峰2.44 补余=0.0 IO错=0 倾+0.0 对时标记
[   69.318] TLM t=  38.7 L1·A@-74 L2·A@-67 L3·A@-75 R1·A@-75 R2·A@-68 R3·A@-62 罐=无罐 泵=0 阀=111111 速=+0,+0,+0.00 电=7.82V/0.65A/峰2.44 补余=0.0 IO错=0 倾+0.0 对时标记
[   69.819] TLM t=  39.2 L1·A@-74 L2·A@-66 L3·A@-75 R1·A@-75 R2·A@-67 R3·A@-62 罐=无罐 泵=0 阀=111111 速=+0,+0,+0.00 电=7.81V/0.73A/峰2.44 补余=0.0 IO错=0 倾+0.0 对时标记
[   70.342] TLM t=  39.7 L1·A@-74 L2·A@-66 L3·A@-75 R1·A@-75 R2·A@-67 R3·A@-61 罐=无罐 泵=0 阀=111111 速=+0,+0,+0.00 电=7.81V/0.65A/峰2.44 补余=0.0 IO错=0 倾+0.0 对时标记
[   70.844] TLM t=  40.2 L1·A@-74 L2·A@-65 L3·A@-75 R1·A@-75 R2·A@-66 R3·A@-60 罐=无罐 泵=0 阀=111111 速=+0,+0,+0.00 电=7.81V/0.65A/峰2.44 补余=0.0 IO错=0 倾+0.0 对时标记
[   71.180] EVT 泵 开 最差盘压-60.0
[   71.374] TLM t=  40.7 L1·A@-74 L2·A@-65 L3·A@-75 R1·A@-75 R2·A@-66 R3·A@-60 罐=无罐 泵=1 阀=111111 速=+0,+0,+0.00 电=7.75V/0.81A/峰2.44 补余=0.0 IO错=0 倾+0.0 对时标记
[   71.873] TLM t=  41.2 L1·A@-74 L2·A@-74 L3·A@-75 R1·A@-75 R2·A@-74 R3·A@-74 罐=无罐 泵=1 阀=111111 速=+0,+0,+0.00 电=7.80V/0.57A/峰2.44 补余=0.0 IO错=0 倾+0.0 对时标记
[   72.087] EVT 泵 停 最差盘压-75.5
[   72.397] TLM t=  41.8 L1·A@-76 L2·A@-76 L3·A@-76 R1·A@-76 R2·A@-76 R3·A@-76 罐=无罐 泵=0 阀=111111 速=+0,+0,+0.00 电=7.82V/0.65A/峰2.44 补余=0.0 IO错=0 倾+0.0 对时标记
[   72.899] TLM t=  42.3 L1·A@-76 L2·A@-76 L3·A@-76 R1·A@-76 R2·A@-76 R3·A@-76 罐=无罐 泵=0 阀=111111 速=+0,+0,+0.00 电=7.81V/0.73A/峰2.44 补余=0.0 IO错=0 倾+0.0 对时标记
[   73.421] TLM t=  42.8 L1·A@-76 L2·A@-75 L3·A@-76 R1·A@-76 R2·A@-75 R3·A@-75 罐=无罐 泵=0 阀=111111 速=+0,+0,+0.00 电=7.82V/0.65A/峰2.44 补余=0.0 IO错=0 倾+0.0 对时标记
[   73.924] TLM t=  43.3 L1·A@-76 L2·A@-75 L3·A@-76 R1·A@-76 R2·A@-75 R3·A@-74 罐=无罐 泵=0 阀=111111 速=+0,+0,+0.00 电=7.81V/0.65A/峰2.44 补余=0.0 IO错=0 倾+0.0 对时标记
[   74.449] TLM t=  43.8 L1·A@-76 L2·A@-74 L3·A@-76 R1·A@-76 R2·A@-74 R3·A@-73 罐=无罐 泵=0 阀=111111 速=+0,+0,+0.00 电=7.81V/0.73A/峰2.44 补余=0.0 IO错=0 倾+0.0 对时标记
[   74.947] TLM t=  44.3 L1·A@-76 L2·A@-74 L3·A@-76 R1·A@-76 R2·A@-74 R3·A@-73 罐=无罐 泵=0 阀=111111 速=+0,+0,+0.00 电=7.82V/0.65A/峰2.44 补余=0.0 IO错=0 倾+0.0 对时标记
[   75.470] TLM t=  44.8 L1·A@-76 L2·A@-74 L3·A@-76 R1·A@-76 R2·A@-73 R3·A@-72 罐=无罐 泵=0 阀=111111 速=+0,+0,+0.00 电=7.81V/0.65A/峰2.44 补余=0.0 IO错=0 倾+0.0 对时标记
[   75.970] TLM t=  45.3 L1·A@-76 L2·A@-73 L3·A@-76 R1·A@-76 R2·A@-73 R3·A@-72 罐=无罐 泵=0 阀=111111 速=+0,+0,+0.00 电=7.82V/0.73A/峰2.44 补余=0.0 IO错=0 倾+0.0 对时标记
[   76.494] TLM t=  45.8 L1·A@-76 L2·A@-73 L3·A@-76 R1·A@-76 R2·A@-73 R3·A@-71 罐=无罐 泵=0 阀=111111 速=+0,+0,+0.00 电=7.81V/0.65A/峰2.44 补余=0.0 IO错=0 倾+0.0 对时标记
[   76.996] TLM t=  46.3 L1·A@-76 L2·A@-72 L3·A@-76 R1·A@-76 R2·A@-72 R3·A@-70 罐=无罐 泵=0 阀=111111 速=+0,+0,+0.00 电=7.81V/0.65A/峰2.44 补余=0.0 IO错=0 倾+0.0 对时标记
[   77.496] TLM t=  46.8 L1·A@-76 L2·A@-72 L3·A@-76 R1·A@-75 R2·A@-72 R3·A@-69 罐=无罐 泵=0 阀=111111 速=+0,+0,+0.00 电=7.81V/0.65A/峰2.44 补余=0.0 IO错=0 倾+0.0 对时标记
[   78.004] TLM t=  47.3 L1·A@-75 L2·A@-71 L3·A@-76 R1·A@-75 R2·A@-72 R3·A@-69 罐=无罐 泵=0 阀=111111 速=+0,+0,+0.00 电=7.82V/0.65A/峰2.44 补余=0.0 IO错=0 倾+0.0 对时标记
[   78.507] TLM t=  47.8 L1·A@-75 L2·A@-71 L3·A@-76 R1·A@-75 R2·A@-71 R3·A@-68 罐=无罐 泵=0 阀=111111 速=+0,+0,+0.00 电=7.82V/0.73A/峰2.44 补余=0.0 IO错=0 倾+0.0 对时标记
[   79.031] TLM t=  48.4 L1·A@-75 L2·A@-70 L3·A@-76 R1·A@-75 R2·A@-71 R3·A@-68 罐=无罐 泵=0 阀=111111 速=+0,+0,+0.00 电=7.82V/0.65A/峰2.44 补余=0.0 IO错=0 倾+0.0 对时标记
[   79.534] TLM t=  48.9 L1·A@-75 L2·A@-70 L3·A@-76 R1·A@-75 R2·A@-70 R3·A@-67 罐=无罐 泵=0 阀=111111 速=+0,+0,+0.00 电=7.81V/0.73A/峰2.44 补余=0.0 IO错=0 倾+0.0 对时标记
[   80.058] TLM t=  49.4 L1·A@-75 L2·A@-70 L3·A@-75 R1·A@-75 R2·A@-70 R3·A@-66 罐=无罐 泵=0 阀=111111 速=+0,+0,+0.00 电=7.81V/0.73A/峰2.44 补余=0.0 IO错=0 倾+0.0 对时标记
[   80.560] TLM t=  49.9 L1·A@-75 L2·A@-69 L3·A@-75 R1·A@-75 R2·A@-70 R3·A@-66 罐=无罐 泵=0 阀=111111 速=+0,+0,+0.00 电=7.81V/0.65A/峰2.44 补余=0.0 IO错=0 倾+0.0 对时标记
[   81.083] TLM t=  50.4 L1·A@-75 L2·A@-69 L3·A@-75 R1·A@-75 R2·A@-69 R3·A@-65 罐=无罐 泵=0 阀=111111 速=+0,+0,+0.00 电=7.82V/0.73A/峰2.44 补余=0.0 IO错=0 倾+0.0 对时标记
[   81.588] TLM t=  50.9 L1·A@-75 L2·A@-68 L3·A@-75 R1·A@-75 R2·A@-69 R3·A@-64 罐=无罐 泵=0 阀=111111 速=+0,+0,+0.00 电=7.82V/0.73A/峰2.44 补余=0.0 IO错=0 倾+0.0 对时标记
[   82.109] TLM t=  51.4 L1·A@-75 L2·A@-68 L3·A@-75 R1·A@-75 R2·A@-69 R3·A@-64 罐=无罐 泵=0 阀=111111 速=+0,+0,+0.00 电=7.82V/0.73A/峰2.44 补余=0.0 IO错=0 倾+0.0 对时标记
[   82.486] EVT 对时标记完成
[   82.486] EVT 自动轮换：第 1 轮开始
[   82.498] EVT 原地抬起受理：R3
[   82.525] EVT 吸附 R3 attached→venting 在态61.06s -63.3kPa
[   82.526] EVT 相位 R3 stance→vent 落点Δ(+0.0,+0.0)
[   82.546] EVT 阀 R3 →排气位
[   82.618] TLM t=  54.1 L1·A@-75 L2·A@-67 L3·A@-75 R1·A@-75 R2·A@-68 R3Vv@-63 罐=无罐 泵=0 阀=111110 速=+0,+0,+0.00 电=7.80V/0.73A/峰2.44 补余=0.0 IO错=0 倾+0.0 自动1/3
[   82.824] EVT 相位 R3 vent→lift
[   82.946] EVT 吸附 R3 venting→released 在态0.42s 0.3kPa
[   83.133] TLM t=  54.6 L1·A@-75 L2·A@-67 L3·A@-75 R1·A@-75 R2·A@-68 R3Lr@-- 罐=无罐 泵=0 阀=111110 速=+0,+0,+0.00 电=7.79V/0.90A/峰2.44 补余=0.0 IO错=0 倾+0.0 自动1/3
[   83.637] TLM t=  54.6 L1·A@-74 L2·A@-67 L3·A@-75 R1·A@-75 R2·A@-68 R3Lr@-- 罐=无罐 泵=0 阀=111110 速=+0,+0,+0.00 电=7.77V/1.22A/峰2.44 补余=0.0 IO错=0 倾+0.0 自动1/3
[   83.667] EVT 相位 R3 lift→transfer
[   84.157] TLM t=  54.6 L1·A@-74 L2·A@-66 L3·A@-75 R1·A@-75 R2·A@-67 R3Tr@-- 罐=无罐 泵=0 阀=111110 速=+0,+0,+0.00 电=7.78V/1.30A/峰2.44 补余=0.0 IO错=0 倾+0.0 自动1/3
[   84.291] EVT 相位 R3 transfer→hover
[   84.661] TLM t=  54.6 L1·A@-74 L2·A@-66 L3·A@-75 R1·A@-75 R2·A@-67 R3Hr@-- 罐=无罐 泵=0 阀=111110 速=+0,+0,+0.00 电=7.78V/1.14A/峰2.44 补余=0.0 IO错=0 倾+0.0 自动1/3
[   85.181] TLM t=  54.6 L1·A@-74 L2·A@-65 L3·A@-75 R1·A@-75 R2·A@-66 R3Hr@-- 罐=无罐 泵=0 阀=111110 速=+0,+0,+0.00 电=7.78V/1.14A/峰2.44 补余=0.0 IO错=0 倾+0.0 自动1/3
[   85.292] EVT 落地：R3
[   85.315] EVT 相位 R3 hover→descend
[   85.687] TLM t=  54.6 L1·A@-74 L2·A@-65 L3·A@-75 R1·A@-75 R2·A@-66 R3Dr@-- 罐=无罐 泵=0 阀=111110 速=+0,+0,+0.00 电=7.78V/1.22A/峰2.44 补余=0.0 IO错=0 倾+0.0 自动1/3
[   85.796] EVT 相位 R3 descend→press
[   86.204] TLM t=  54.6 L1·A@-74 L2·A@-64 L3·A@-75 R1·A@-75 R2·A@-66 R3Pr@-- 罐=无罐 泵=0 阀=111110 速=+0,+0,+0.00 电=7.77V/1.22A/峰2.44 补余=0.0 IO错=0 倾+0.0 自动1/3
[   86.713] TLM t=  54.6 L1·A@-73 L2·A@-64 L3·A@-75 R1·A@-75 R2·A@-65 R3Pr@-- 罐=无罐 泵=0 阀=111110 速=+0,+0,+0.00 电=7.77V/1.14A/峰2.44 补余=0.0 IO错=0 倾+0.0 自动1/3
[   87.003] EVT 吸附 R3 released→pressing 在态4.04s 0.3kPa
[   87.004] EVT 相位 R3 press→wait
[   87.231] TLM t=  54.6 L1·A@-73 L2·A@-64 L3·A@-75 R1·A@-74 R2·A@-65 R3Wp@-- 罐=无罐 泵=0 阀=111110 速=+0,+0,+0.00 电=7.77V/1.22A/峰2.44 补余=0.0 IO错=0 倾+0.0 自动1/3
[   87.318] EVT 吸附 R3 pressing→sucking 在态0.32s 0.3kPa
[   87.319] EVT 阀 R3 →抽气位
[   87.346] EVT 泵 开 最差盘压-63.5
[   87.679] EVT 吸附 R3 sucking→attached 在态0.36s -57.5kPa
[   87.680] EVT 相位 R3 wait→stance
[   87.680] EVT 抬落完成，轮到 L1
[   87.737] TLM t=  54.6 L1·A@-73 L2·A@-63 L3·A@-75 R1·A@-74 R2·A@-65 R3·A@-61 罐=无罐 泵=1 阀=111111 速=+0,+0,+0.00 电=7.76V/1.22A/峰2.44 补余=0.0 IO错=0 倾+0.0 自动1/3
[   88.256] TLM t=  55.2 L1·A@-74 L2·A@-74 L3·A@-75 R1·A@-74 R2·A@-75 R3·A@-75 罐=无罐 泵=1 阀=111111 速=+0,+0,+0.00 电=7.74V/1.06A/峰2.44 补余=0.0 IO错=0 倾+0.0 自动1/3
[   88.430] EVT 泵 停 最差盘压-75.4
[   88.761] TLM t=  55.7 L1·A@-76 L2·A@-76 L3·A@-76 R1·A@-76 R2·A@-76 R3·A@-76 罐=无罐 泵=0 阀=111111 速=+0,+0,+0.00 电=7.78V/1.14A/峰2.44 补余=0.0 IO错=0 倾+0.0 自动1/3
[   89.280] TLM t=  56.2 L1·A@-76 L2·A@-76 L3·A@-76 R1·A@-76 R2·A@-75 R3·A@-75 罐=无罐 泵=0 阀=111111 速=+0,+0,+0.00 电=7.78V/1.22A/峰2.44 补余=0.0 IO错=0 倾+0.0 自动1/3
[   89.783] TLM t=  56.7 L1·A@-76 L2·A@-75 L3·A@-76 R1·A@-76 R2·A@-75 R3·A@-75 罐=无罐 泵=0 阀=111111 速=+0,+0,+0.00 电=7.78V/1.14A/峰2.44 补余=0.0 IO错=0 倾+0.0 自动1/3
[   90.305] TLM t=  57.2 L1·A@-76 L2·A@-75 L3·A@-76 R1·A@-76 R2·A@-75 R3·A@-74 罐=无罐 泵=0 阀=111111 速=+0,+0,+0.00 电=7.77V/1.22A/峰2.44 补余=0.0 IO错=0 倾+0.0 自动1/3
[   90.809] TLM t=  57.7 L1·A@-76 L2·A@-74 L3·A@-76 R1·A@-76 R2·A@-74 R3·A@-73 罐=无罐 泵=0 阀=111111 速=+0,+0,+0.00 电=7.79V/1.14A/峰2.44 补余=0.0 IO错=0 倾+0.0 自动1/3
[   91.329] TLM t=  58.2 L1·A@-76 L2·A@-74 L3·A@-76 R1·A@-76 R2·A@-74 R3·A@-73 罐=无罐 泵=0 阀=111111 速=+0,+0,+0.00 电=7.79V/1.14A/峰2.44 补余=0.0 IO错=0 倾+0.0 自动1/3
[   91.831] TLM t=  58.7 L1·A@-76 L2·A@-73 L3·A@-76 R1·A@-76 R2·A@-73 R3·A@-72 罐=无罐 泵=0 阀=111111 速=+0,+0,+0.00 电=7.78V/1.22A/峰2.44 补余=0.0 IO错=0 倾+0.0 自动1/3
[   92.355] TLM t=  59.2 L1·A@-76 L2·A@-73 L3·A@-76 R1·A@-76 R2·A@-73 R3·A@-71 罐=无罐 泵=0 阀=111111 速=+0,+0,+0.00 电=7.79V/1.06A/峰2.44 补余=0.0 IO错=0 倾+0.0 自动1/3
[   92.874] TLM t=  59.7 L1·A@-76 L2·A@-73 L3·A@-76 R1·A@-76 R2·A@-73 R3·A@-71 罐=无罐 泵=0 阀=111111 速=+0,+0,+0.00 电=7.79V/1.14A/峰2.44 补余=0.0 IO错=0 倾+0.0 自动1/3
[   93.380] TLM t=  60.2 L1·A@-75 L2·A@-72 L3·A@-76 R1·A@-75 R2·A@-72 R3·A@-70 罐=无罐 泵=0 阀=111111 速=+0,+0,+0.00 电=7.79V/1.14A/峰2.44 补余=0.0 IO错=0 倾+0.0 自动1/3
[   93.875] TLM t=  60.7 L1·A@-75 L2·A@-72 L3·A@-76 R1·A@-75 R2·A@-72 R3·A@-69 罐=无罐 泵=0 阀=111111 速=+0,+0,+0.00 电=7.78V/1.14A/峰2.44 补余=0.0 IO错=0 倾+0.0 自动1/3
[   94.386] TLM t=  61.2 L1·A@-75 L2·A@-71 L3·A@-76 R1·A@-75 R2·A@-72 R3·A@-69 罐=无罐 泵=0 阀=111111 速=+0,+0,+0.00 电=7.79V/1.14A/峰2.44 补余=0.0 IO错=0 倾+0.0 自动1/3
[   94.890] TLM t=  61.7 L1·A@-75 L2·A@-71 L3·A@-76 R1·A@-75 R2·A@-71 R3·A@-68 罐=无罐 泵=0 阀=111111 速=+0,+0,+0.00 电=7.79V/1.14A/峰2.44 补余=0.0 IO错=0 倾+0.0 自动1/3
[   95.410] TLM t=  62.3 L1·A@-75 L2·A@-70 L3·A@-76 R1·A@-75 R2·A@-71 R3·A@-67 罐=无罐 泵=0 阀=111111 速=+0,+0,+0.00 电=7.79V/1.14A/峰2.44 补余=0.0 IO错=0 倾+0.0 自动1/3
[   95.914] TLM t=  62.8 L1·A@-75 L2·A@-70 L3·A@-76 R1·A@-75 R2·A@-70 R3·A@-67 罐=无罐 泵=0 阀=111111 速=+0,+0,+0.00 电=7.78V/1.22A/峰2.44 补余=0.0 IO错=0 倾+0.0 自动1/3
[   96.435] TLM t=  63.3 L1·A@-75 L2·A@-69 L3·A@-75 R1·A@-75 R2·A@-70 R3·A@-66 罐=无罐 泵=0 阀=111111 速=+0,+0,+0.00 电=7.79V/1.14A/峰2.44 补余=0.0 IO错=0 倾+0.0 自动1/3
[   96.941] TLM t=  63.8 L1·A@-75 L2·A@-69 L3·A@-75 R1·A@-75 R2·A@-70 R3·A@-65 罐=无罐 泵=0 阀=111111 速=+0,+0,+0.00 电=7.79V/1.14A/峰2.44 补余=0.0 IO错=0 倾+0.0 自动1/3
[   97.462] TLM t=  64.3 L1·A@-75 L2·A@-69 L3·A@-75 R1·A@-75 R2·A@-69 R3·A@-65 罐=无罐 泵=0 阀=111111 速=+0,+0,+0.00 电=7.78V/1.06A/峰2.44 补余=0.0 IO错=0 倾+0.0 自动1/3
[   97.717] EVT 原地抬起受理：L1
[   97.729] EVT 吸附 L1 attached→venting 在态74.30s -74.5kPa
[   97.730] EVT 相位 L1 stance→vent 落点Δ(+0.0,+0.0)
[   97.755] EVT 阀 L1 →排气位
[   97.966] TLM t=  65.6 L1Vv@-75 L2·A@-68 L3·A@-75 R1·A@-75 R2·A@-69 R3·A@-64 罐=无罐 泵=0 阀=011111 速=+0,+0,+0.00 电=7.73V/2.04A/峰2.44 补余=0.0 IO错=0 倾+0.0 自动1/3
[   98.030] EVT 相位 L1 vent→lift
[   98.153] EVT 吸附 L1 venting→released 在态0.42s 0.1kPa
[   98.482] TLM t=  66.0 L1Lr@-- L2·A@-68 L3·A@-75 R1·A@-74 R2·A@-68 R3·A@-63 罐=无罐 泵=0 阀=011111 速=+0,+0,+0.00 电=7.73V/1.87A/峰2.44 补余=0.0 IO错=0 倾+0.0 自动1/3
[   98.873] EVT 相位 L1 lift→transfer
[   98.990] TLM t=  66.0 L1Tr@-- L2·A@-67 L3·A@-75 R1·A@-74 R2·A@-68 R3·A@-62 罐=无罐 泵=0 阀=011111 速=+0,+0,+0.00 电=7.73V/1.95A/峰2.44 补余=0.0 IO错=0 倾+0.0 自动1/3
[   99.500] EVT 相位 L1 transfer→hover
[   99.511] TLM t=  66.0 L1Hr@-- L2·A@-67 L3·A@-75 R1·A@-74 R2·A@-68 R3·A@-62 罐=无罐 泵=0 阀=011111 速=+0,+0,+0.00 电=7.71V/2.12A/峰2.44 补余=0.0 IO错=0 倾+0.0 自动1/3
[  100.027] TLM t=  66.0 L1Hr@-- L2·A@-67 L3·A@-75 R1·A@-74 R2·A@-67 R3·A@-61 罐=无罐 泵=0 阀=011111 速=+0,+0,+0.00 电=7.72V/1.79A/峰2.44 补余=0.0 IO错=0 倾+0.0 自动1/3
[  100.523] EVT 落地：L1
[  100.534] TLM t=  66.0 L1Dr@-- L2·A@-66 L3·A@-75 R1·A@-74 R2·A@-67 R3·A@-60 罐=无罐 泵=0 阀=011111 速=+0,+0,+0.00 电=7.73V/1.71A/峰2.44 补余=0.0 IO错=0 倾+0.0 自动1/3
[  100.546] EVT 相位 L1 hover→descend
[  100.907] EVT 泵 开 最差盘压-60.0
[  101.027] EVT 相位 L1 descend→press
[  101.053] TLM t=  66.0 L1Pr@-- L2·A@-66 L3·A@-75 R1·A@-74 R2·A@-67 R3·A@-60 罐=无罐 泵=1 阀=011111 速=+0,+0,+0.00 电=7.69V/1.79A/峰2.44 补余=0.0 IO错=0 倾+0.0 自动1/3
[  101.552] TLM t=  66.0 L1Pr@-- L2·A@-74 L3·A@-75 R1·A@-74 R2·A@-73 R3·A@-73 罐=无罐 泵=1 阀=011111 速=+0,+0,+0.00 电=7.69V/1.63A/峰2.44 补余=0.0 IO错=0 倾+0.0 自动1/3
[  101.749] EVT 泵 停 最差盘压-75.0
[  102.060] TLM t=  66.0 L1Pr@-- L2·A@-76 L3·A@-76 R1·A@-76 R2·A@-76 R3·A@-76 罐=无罐 泵=0 阀=011111 速=+0,+0,+0.00 电=7.72V/1.87A/峰2.44 补余=0.0 IO错=0 倾+0.0 自动1/3
[  102.230] EVT 吸附 L1 released→pressing 在态4.06s 0.1kPa
[  102.231] EVT 相位 L1 press→wait
[  102.543] EVT 吸附 L1 pressing→sucking 在态0.32s 0.1kPa
[  102.544] EVT 阀 L1 →抽气位
[  102.572] EVT 泵 开 最差盘压-75.1
[  102.582] TLM t=  66.0 L1Ws@-2 L2·A@-76 L3·A@-76 R1·A@-76 R2·A@-75 R3·A@-75 罐=无罐 泵=1 阀=111111 速=+0,+0,+0.00 电=7.57V/1.87A/峰2.44 补余=0.0 IO错=0 倾+0.0 自动1/3
[  102.904] EVT 吸附 L1 sucking→attached 在态0.36s -66.5kPa
[  102.905] EVT 相位 L1 wait→stance
[  102.905] EVT 抬落完成，轮到 R2
[  103.094] TLM t=  66.2 L1·A@-72 L2·A@-75 L3·A@-76 R1·A@-75 R2·A@-75 R3·A@-74 罐=无罐 泵=1 阀=111111 速=+0,+0,+0.00 电=7.65V/1.63A/峰2.44 补余=0.0 IO错=0 倾+0.0 自动1/3
[  103.233] EVT 泵 停 最差盘压-75.3
[  103.603] TLM t=  66.7 L1·A@-76 L2·A@-76 L3·A@-76 R1·A@-76 R2·A@-76 R3·A@-76 罐=无罐 泵=0 阀=111111 速=+0,+0,+0.00 电=7.74V/1.71A/峰2.44 补余=0.0 IO错=0 倾+0.0 自动1/3
[  104.108] TLM t=  67.2 L1·A@-76 L2·A@-76 L3·A@-76 R1·A@-76 R2·A@-75 R3·A@-75 罐=无罐 泵=0 阀=111111 速=+0,+0,+0.00 电=7.75V/1.71A/峰2.44 补余=0.0 IO错=0 倾+0.0 自动1/3
[  104.631] TLM t=  67.7 L1·A@-75 L2·A@-75 L3·A@-76 R1·A@-75 R2·A@-75 R3·A@-75 罐=无罐 泵=0 阀=111111 速=+0,+0,+0.00 电=7.75V/1.71A/峰2.44 补余=0.0 IO错=0 倾+0.0 自动1/3
[  105.135] TLM t=  68.2 L1·A@-75 L2·A@-75 L3·A@-76 R1·A@-75 R2·A@-74 R3·A@-74 罐=无罐 泵=0 阀=111111 速=+0,+0,+0.00 电=7.75V/1.71A/峰2.44 补余=0.0 IO错=0 倾+0.0 自动1/3
[  105.656] TLM t=  68.7 L1·A@-75 L2·A@-74 L3·A@-76 R1·A@-75 R2·A@-74 R3·A@-73 罐=无罐 泵=0 阀=111111 速=+0,+0,+0.00 电=7.75V/1.71A/峰2.44 补余=0.0 IO错=0 倾+0.0 自动1/3
[  106.158] TLM t=  69.2 L1·A@-75 L2·A@-74 L3·A@-76 R1·A@-75 R2·A@-74 R3·A@-73 罐=无罐 泵=0 阀=111111 速=+0,+0,+0.00 电=7.74V/1.79A/峰2.44 补余=0.0 IO错=0 倾+0.0 自动1/3
[  106.684] TLM t=  69.7 L1·A@-75 L2·A@-73 L3·A@-76 R1·A@-75 R2·A@-73 R3·A@-72 罐=无罐 泵=0 阀=111111 速=+0,+0,+0.00 电=7.75V/1.63A/峰2.44 补余=0.0 IO错=0 倾+0.0 自动1/3
[  107.187] TLM t=  70.2 L1·A@-75 L2·A@-73 L3·A@-76 R1·A@-75 R2·A@-73 R3·A@-71 罐=无罐 泵=0 阀=111111 速=+0,+0,+0.00 电=7.76V/1.71A/峰2.44 补余=0.0 IO错=0 倾+0.0 自动1/3
[  107.708] TLM t=  70.8 L1·A@-75 L2·A@-72 L3·A@-76 R1·A@-75 R2·A@-72 R3·A@-71 罐=无罐 泵=0 阀=111111 速=+0,+0,+0.00 电=7.75V/1.71A/峰2.44 补余=0.0 IO错=0 倾+0.0 自动1/3
[  108.213] TLM t=  71.3 L1·A@-75 L2·A@-72 L3·A@-76 R1·A@-75 R2·A@-72 R3·A@-70 罐=无罐 泵=0 阀=111111 速=+0,+0,+0.00 电=7.75V/1.79A/峰2.44 补余=0.0 IO错=0 倾+0.0 自动1/3
[  108.733] TLM t=  71.8 L1·A@-74 L2·A@-71 L3·A@-76 R1·A@-75 R2·A@-72 R3·A@-69 罐=无罐 泵=0 阀=111111 速=+0,+0,+0.00 电=7.75V/1.79A/峰2.44 补余=0.0 IO错=0 倾+0.0 自动1/3
[  109.240] TLM t=  72.3 L1·A@-74 L2·A@-71 L3·A@-75 R1·A@-75 R2·A@-71 R3·A@-69 罐=无罐 泵=0 阀=111111 速=+0,+0,+0.00 电=7.75V/1.63A/峰2.44 补余=0.0 IO错=0 倾+0.0 自动1/3
[  109.760] TLM t=  72.8 L1·A@-74 L2·A@-71 L3·A@-75 R1·A@-75 R2·A@-71 R3·A@-68 罐=无罐 泵=0 阀=111111 速=+0,+0,+0.00 电=7.75V/1.79A/峰2.44 补余=0.0 IO错=0 倾+0.0 自动1/3
[  110.264] TLM t=  73.3 L1·A@-74 L2·A@-70 L3·A@-75 R1·A@-75 R2·A@-71 R3·A@-67 罐=无罐 泵=0 阀=111111 速=+0,+0,+0.00 电=7.74V/1.71A/峰2.44 补余=0.0 IO错=0 倾+0.0 自动1/3
[  110.783] TLM t=  73.8 L1·A@-74 L2·A@-70 L3·A@-75 R1·A@-75 R2·A@-70 R3·A@-67 罐=无罐 泵=0 阀=111111 速=+0,+0,+0.00 电=7.75V/1.71A/峰2.44 补余=0.0 IO错=0 倾+0.0 自动1/3
[  111.287] TLM t=  74.3 L1·A@-74 L2·A@-69 L3·A@-75 R1·A@-75 R2·A@-70 R3·A@-66 罐=无罐 泵=0 阀=111111 速=+0,+0,+0.00 电=7.75V/1.71A/峰2.44 补余=0.0 IO错=0 倾+0.0 自动1/3
[  111.810] TLM t=  74.8 L1·A@-74 L2·A@-69 L3·A@-75 R1·A@-75 R2·A@-69 R3·A@-65 罐=无罐 泵=0 阀=111111 速=+0,+0,+0.00 电=7.74V/1.71A/峰2.44 补余=0.0 IO错=0 倾+0.0 自动1/3
[  112.316] TLM t=  75.3 L1·A@-74 L2·A@-68 L3·A@-75 R1·A@-75 R2·A@-69 R3·A@-65 罐=无罐 泵=0 阀=111111 速=+0,+0,+0.00 电=7.75V/1.71A/峰2.44 补余=0.0 IO错=0 倾+0.0 自动1/3
[  112.837] TLM t=  75.9 L1·A@-74 L2·A@-68 L3·A@-75 R1·A@-75 R2·A@-69 R3·A@-64 罐=无罐 泵=0 阀=111111 速=+0,+0,+0.00 电=7.75V/1.63A/峰2.44 补余=0.0 IO错=0 倾+0.0 自动1/3
[  112.922] EVT 原地抬起受理：R2
[  112.950] EVT 吸附 R2 attached→venting 在态87.62s -68.7kPa
[  112.950] EVT 相位 R2 stance→vent 落点Δ(+0.0,+0.0)
[  112.968] EVT 阀 R2 →排气位
[  113.251] EVT 相位 R2 vent→lift
[  113.337] TLM t=  77.2 L1·A@-73 L2·A@-68 L3·A@-75 R1·A@-75 R2Lv@-69 R3·A@-64 罐=无罐 泵=0 阀=111101 速=+0,+0,+0.00 电=7.74V/1.79A/峰2.44 补余=0.0 IO错=0 倾+0.0 自动1/3
[  113.391] EVT 吸附 R2 venting→released 在态0.44s 0.0kPa
[  113.860] TLM t=  77.4 L1·A@-73 L2·A@-67 L3·A@-75 R1·A@-74 R2Lr@-- R3·A@-63 罐=无罐 泵=0 阀=111101 速=+0,+0,+0.00 电=7.71V/1.87A/峰2.44 补余=0.0 IO错=0 倾+0.0 自动1/3
[  114.094] EVT 相位 R2 lift→transfer
[  114.375] TLM t=  77.4 L1·A@-73 L2·A@-67 L3·A@-75 R1·A@-74 R2Tr@-- R3·A@-62 罐=无罐 泵=0 阀=111101 速=+0,+0,+0.00 电=7.72V/1.95A/峰2.44 补余=0.0 IO错=0 倾+0.0 自动1/3
[  114.713] EVT 相位 R2 transfer→hover
[  114.885] TLM t=  77.4 L1·A@-73 L2·A@-66 L3·A@-75 R1·A@-74 R2Hr@-- R3·A@-62 罐=无罐 泵=0 阀=111101 速=+0,+0,+0.00 电=7.73V/1.79A/峰2.44 补余=0.0 IO错=0 倾+0.0 自动1/3
[  115.389] TLM t=  77.4 L1·A@-73 L2·A@-66 L3·A@-75 R1·A@-74 R2Hr@-- R3·A@-61 罐=无罐 泵=0 阀=111101 速=+0,+0,+0.00 电=7.73V/1.79A/峰2.44 补余=0.0 IO错=0 倾+0.0 自动1/3
[  115.724] EVT 落地：R2
[  115.742] EVT 相位 R2 hover→descend
[  115.915] TLM t=  77.4 L1·A@-73 L2·A@-66 L3·A@-75 R1·A@-74 R2Dr@-- R3·A@-61 罐=无罐 泵=0 阀=111101 速=+0,+0,+0.00 电=7.72V/1.79A/峰2.44 补余=0.0 IO错=0 倾+0.0 自动1/3
[  116.229] EVT 相位 R2 descend→press
[  116.419] TLM t=  77.4 L1·A@-73 L2·A@-65 L3·A@-75 R1·A@-74 R2Pr@-- R3·A@-60 罐=无罐 泵=0 阀=111101 速=+0,+0,+0.00 电=7.74V/1.79A/峰2.44 补余=0.0 IO错=0 倾+0.0 自动1/3
[  116.470] EVT 泵 开 最差盘压-59.9
[  116.941] TLM t=  77.4 L1·A@-72 L2·A@-70 L3·A@-75 R1·A@-74 R2Pr@-- R3·A@-69 罐=无罐 泵=1 阀=111101 速=+0,+0,+0.00 电=7.68V/1.87A/峰2.44 补余=0.0 IO错=0 倾+0.0 自动1/3
[  117.312] EVT 泵 停 最差盘压-75.0
[  117.432] EVT 吸附 R2 released→pressing 在态4.02s 0.0kPa
[  117.432] EVT 相位 R2 press→wait
[  117.456] TLM t=  77.4 L1·A@-76 L2·A@-76 L3·A@-76 R1·A@-76 R2Wp@-- R3·A@-76 罐=无罐 泵=0 阀=111101 速=+0,+0,+0.00 电=7.72V/1.87A/峰2.44 补余=0.0 IO错=0 倾+0.0 自动1/3
[  117.748] EVT 吸附 R2 pressing→sucking 在态0.32s 0.0kPa
[  117.748] EVT 阀 R2 →抽气位
[  117.776] EVT 泵 开 最差盘压-75.6
[  117.964] TLM t=  77.4 L1·A@-76 L2·A@-76 L3·A@-76 R1·A@-75 R2Ws@-67 R3·A@-75 罐=无罐 泵=1 阀=111111 速=+0,+0,+0.00 电=7.68V/1.79A/峰2.44 补余=0.0 IO错=0 倾+0.0 自动1/3
[  118.017] EVT 吸附 R2 sucking→attached 在态0.26s -68.0kPa
[  118.017] EVT 相位 R2 wait→stance
[  118.017] EVT 抬落完成，轮到 L3
[  118.398] EVT 泵 停 最差盘压-75.1
[  118.467] TLM t=  77.8 L1·A@-76 L2·A@-76 L3·A@-76 R1·A@-75 R2·A@-76 R3·A@-76 罐=无罐 泵=0 阀=111111 速=+0,+0,+0.00 电=7.75V/1.79A/峰2.44 补余=0.0 IO错=0 倾+0.0 自动1/3
[  118.991] TLM t=  78.4 L1·A@-76 L2·A@-75 L3·A@-76 R1·A@-75 R2·A@-74 R3·A@-75 罐=无罐 泵=0 阀=111111 速=+0,+0,+0.00 电=7.73V/1.87A/峰2.44 补余=0.0 IO错=0 倾+0.0 自动1/3
[  119.494] TLM t=  78.9 L1·A@-76 L2·A@-75 L3·A@-76 R1·A@-75 R2·A@-74 R3·A@-74 罐=无罐 泵=0 阀=111111 速=+0,+0,+0.00 电=7.74V/1.79A/峰2.44 补余=0.0 IO错=0 倾+0.0 自动1/3
[  120.016] TLM t=  79.4 L1·A@-76 L2·A@-74 L3·A@-76 R1·A@-75 R2·A@-73 R3·A@-74 罐=无罐 泵=0 阀=111111 速=+0,+0,+0.00 电=7.75V/1.87A/峰2.44 补余=0.0 IO错=0 倾+0.0 自动1/3
[  120.533] TLM t=  79.9 L1·A@-75 L2·A@-74 L3·A@-76 R1·A@-75 R2·A@-73 R3·A@-73 罐=无罐 泵=0 阀=111111 速=+0,+0,+0.00 电=7.74V/1.79A/峰2.44 补余=0.0 IO错=0 倾+0.0 自动1/3
[  121.033] TLM t=  80.4 L1·A@-75 L2·A@-74 L3·A@-76 R1·A@-75 R2·A@-72 R3·A@-72 罐=无罐 泵=0 阀=111111 速=+0,+0,+0.00 电=7.72V/1.71A/峰2.44 补余=0.0 IO错=0 倾+0.0 自动1/3
[  121.560] TLM t=  80.9 L1·A@-75 L2·A@-73 L3·A@-76 R1·A@-75 R2·A@-72 R3·A@-72 罐=无罐 泵=0 阀=111111 速=+0,+0,+0.00 电=7.74V/1.79A/峰2.44 补余=0.0 IO错=0 倾+0.0 自动1/3
[  122.059] TLM t=  81.4 L1·A@-75 L2·A@-73 L3·A@-75 R1·A@-75 R2·A@-71 R3·A@-71 罐=无罐 泵=0 阀=111111 速=+0,+0,+0.00 电=7.73V/1.71A/峰2.44 补余=0.0 IO错=0 倾+0.0 自动1/3
[  122.584] TLM t=  81.9 L1·A@-75 L2·A@-72 L3·A@-75 R1·A@-75 R2·A@-71 R3·A@-70 罐=无罐 泵=0 阀=111111 速=+0,+0,+0.00 电=7.73V/1.79A/峰2.44 补余=0.0 IO错=0 倾+0.0 自动1/3
[  123.088] TLM t=  82.4 L1·A@-75 L2·A@-72 L3·A@-75 R1·A@-75 R2·A@-70 R3·A@-70 罐=无罐 泵=0 阀=111111 速=+0,+0,+0.00 电=7.75V/1.79A/峰2.44 补余=0.0 IO错=0 倾+0.0 自动1/3
[  123.586] TLM t=  82.9 L1·A@-75 L2·A@-71 L3·A@-75 R1·A@-75 R2·A@-70 R3·A@-69 罐=无罐 泵=0 阀=111111 速=+0,+0,+0.00 电=7.75V/1.79A/峰2.44 补余=0.0 IO错=0 倾+0.0 自动1/3
[  124.090] TLM t=  83.4 L1·A@-75 L2·A@-71 L3·A@-75 R1·A@-74 R2·A@-70 R3·A@-69 罐=无罐 泵=0 阀=111111 速=+0,+0,+0.00 电=7.73V/1.71A/峰2.44 补余=0.0 IO错=0 倾+0.0 自动1/3
[  124.596] TLM t=  83.9 L1·A@-75 L2·A@-70 L3·A@-75 R1·A@-74 R2·A@-69 R3·A@-68 罐=无罐 泵=0 阀=111111 速=+0,+0,+0.00 电=7.74V/1.71A/峰2.44 补余=0.0 IO错=0 倾+0.0 自动1/3
[  125.119] TLM t=  84.4 L1·A@-75 L2·A@-70 L3·A@-75 R1·A@-74 R2·A@-69 R3·A@-67 罐=无罐 泵=0 阀=111111 速=+0,+0,+0.00 电=7.75V/1.71A/峰2.44 补余=0.0 IO错=0 倾+0.0 自动1/3
[  125.624] TLM t=  84.9 L1·A@-75 L2·A@-70 L3·A@-75 R1·A@-74 R2·A@-68 R3·A@-67 罐=无罐 泵=0 阀=111111 速=+0,+0,+0.00 电=7.74V/1.79A/峰2.44 补余=0.0 IO错=0 倾+0.0 自动1/3
[  126.147] TLM t=  85.5 L1·A@-74 L2·A@-69 L3·A@-75 R1·A@-74 R2·A@-68 R3·A@-66 罐=无罐 泵=0 阀=111111 速=+0,+0,+0.00 电=7.74V/1.71A/峰2.44 补余=0.0 IO错=0 倾+0.0 自动1/3
[  126.651] TLM t=  86.0 L1·A@-74 L2·A@-69 L3·A@-75 R1·A@-74 R2·A@-68 R3·A@-65 罐=无罐 泵=0 阀=111111 速=+0,+0,+0.00 电=7.72V/1.79A/峰2.44 补余=0.0 IO错=0 倾+0.0 自动1/3
[  127.170] TLM t=  86.5 L1·A@-74 L2·A@-68 L3·A@-75 R1·A@-74 R2·A@-67 R3·A@-65 罐=无罐 泵=0 阀=111111 速=+0,+0,+0.00 电=7.73V/1.79A/峰2.44 补余=0.0 IO错=0 倾+0.0 自动1/3
[  127.674] TLM t=  87.0 L1·A@-74 L2·A@-68 L3·A@-75 R1·A@-74 R2·A@-67 R3·A@-64 罐=无罐 泵=0 阀=111111 速=+0,+0,+0.00 电=7.74V/1.71A/峰2.44 补余=0.0 IO错=0 倾+0.0 自动1/3
[  128.038] EVT 原地抬起受理：L3
[  128.065] EVT 吸附 L3 attached→venting 在态100.82s -74.8kPa
[  128.066] EVT 相位 L3 stance→vent 落点Δ(+0.0,+0.0)
[  128.083] EVT 阀 L3 →排气位
[  128.194] TLM t=  88.3 L1·A@-74 L2·A@-67 L3Vv@-75 R1·A@-74 R2·A@-66 R3·A@-64 罐=无罐 泵=0 阀=110111 速=+0,+0,+0.00 电=7.72V/1.79A/峰2.44 补余=0.0 IO错=0 倾+0.0 自动1/3
[  128.367] EVT 相位 L3 vent→lift
[  128.507] EVT 吸附 L3 venting→released 在态0.44s 0.2kPa
[  128.695] TLM t=  88.8 L1·A@-74 L2·A@-67 L3Lr@-- R1·A@-73 R2·A@-66 R3·A@-63 罐=无罐 泵=0 阀=110111 速=+0,+0,+0.00 电=7.74V/1.63A/峰2.44 补余=0.0 IO错=0 倾+0.0 自动1/3
[  129.210] EVT 相位 L3 lift→transfer
[  129.219] TLM t=  88.8 L1·A@-74 L2·A@-67 L3Tr@-- R1·A@-73 R2·A@-66 R3·A@-62 罐=无罐 泵=0 阀=110111 速=+0,+0,+0.00 电=7.74V/1.63A/峰2.44 补余=0.0 IO错=0 倾+0.0 自动1/3
[  129.732] TLM t=  88.8 L1·A@-74 L2·A@-66 L3Tr@-- R1·A@-73 R2·A@-65 R3·A@-62 罐=无罐 泵=0 阀=110111 速=+0,+0,+0.00 电=7.73V/1.87A/峰2.44 补余=0.0 IO错=0 倾+0.0 自动1/3
[  129.829] EVT 相位 L3 transfer→hover
[  130.244] TLM t=  88.8 L1·A@-74 L2·A@-66 L3Hr@-- R1·A@-72 R2·A@-65 R3·A@-61 罐=无罐 泵=0 阀=110111 速=+0,+0,+0.00 电=7.73V/1.38A/峰2.44 补余=0.0 IO错=0 倾+0.0 自动1/3
[  130.749] TLM t=  88.8 L1·A@-74 L2·A@-65 L3Hr@-- R1·A@-72 R2·A@-65 R3·A@-60 罐=无罐 泵=0 阀=110111 速=+0,+0,+0.00 电=7.74V/1.47A/峰2.44 补余=0.0 IO错=0 倾+0.0 自动1/3
[  130.841] EVT 落地：L3
[  130.859] EVT 相位 L3 hover→descend
[  131.142] EVT 泵 开 最差盘压-60.0
[  131.273] TLM t=  88.8 L1·A@-74 L2·A@-65 L3Dr@-- R1·A@-72 R2·A@-64 R3·A@-60 罐=无罐 泵=1 阀=110111 速=+0,+0,+0.00 电=7.71V/1.55A/峰2.44 补余=0.0 IO错=0 倾+0.0 自动1/3
[  131.343] EVT 相位 L3 descend→press
[  131.776] TLM t=  88.8 L1·A@-73 L2·A@-73 L3Pr@-- R1·A@-72 R2·A@-73 R3·A@-72 罐=无罐 泵=1 阀=110111 速=+0,+0,+0.00 电=7.65V/1.71A/峰2.44 补余=0.0 IO错=0 倾+0.0 自动1/3
[  132.048] EVT 泵 停 最差盘压-75.1
[  132.298] TLM t=  88.8 L1·A@-76 L2·A@-76 L3Pr@-- R1·A@-76 R2·A@-76 R3·A@-76 罐=无罐 泵=0 阀=110111 速=+0,+0,+0.00 电=7.75V/1.38A/峰2.44 补余=0.0 IO错=0 倾+0.0 自动1/3
[  132.549] EVT 吸附 L3 released→pressing 在态4.02s 0.2kPa
[  132.549] EVT 相位 L3 press→wait
[  132.801] TLM t=  88.8 L1·A@-76 L2·A@-76 L3Wp@-- R1·A@-75 R2·A@-75 R3·A@-75 罐=无罐 泵=0 阀=110111 速=+0,+0,+0.00 电=7.75V/1.47A/峰2.44 补余=0.0 IO错=0 倾+0.0 自动1/3
[  132.865] EVT 吸附 L3 pressing→sucking 在态0.32s 0.2kPa
[  132.865] EVT 阀 L3 →抽气位
[  132.893] EVT 泵 开 最差盘压-74.9
[  133.166] EVT 吸附 L3 sucking→attached 在态0.30s -61.9kPa
[  133.166] EVT 相位 L3 wait→stance
[  133.166] EVT 抬落完成，轮到 R1
[  133.321] TLM t=  88.9 L1·A@-76 L2·A@-75 L3·A@-70 R1·A@-75 R2·A@-75 R3·A@-75 罐=无罐 泵=1 阀=111111 速=+0,+0,+0.00 电=7.73V/1.55A/峰2.44 补余=0.0 IO错=0 倾+0.0 自动1/3
[  133.676] EVT 泵 停 最差盘压-75.4
[  133.827] TLM t=  89.4 L1·A@-76 L2·A@-77 L3·A@-76 R1·A@-76 R2·A@-76 R3·A@-76 罐=无罐 泵=0 阀=111111 速=+0,+0,+0.00 电=7.75V/1.47A/峰2.44 补余=0.0 IO错=0 倾+0.0 自动1/3
[  134.346] TLM t=  90.0 L1·A@-76 L2·A@-76 L3·A@-76 R1·A@-76 R2·A@-76 R3·A@-76 罐=无罐 泵=0 阀=111111 速=+0,+0,+0.00 电=7.74V/1.55A/峰2.44 补余=0.0 IO错=0 倾+0.0 自动1/3
[  134.852] TLM t=  90.5 L1·A@-76 L2·A@-76 L3·A@-76 R1·A@-76 R2·A@-75 R3·A@-75 罐=无罐 泵=0 阀=111111 速=+0,+0,+0.00 电=7.75V/1.47A/峰2.44 补余=0.0 IO错=0 倾+0.0 自动1/3
[  135.373] TLM t=  91.0 L1·A@-76 L2·A@-75 L3·A@-76 R1·A@-75 R2·A@-75 R3·A@-74 罐=无罐 泵=0 阀=111111 速=+0,+0,+0.00 电=7.76V/1.47A/峰2.44 补余=0.0 IO错=0 倾+0.0 自动1/3
[  135.876] TLM t=  91.5 L1·A@-76 L2·A@-75 L3·A@-76 R1·A@-75 R2·A@-74 R3·A@-74 罐=无罐 泵=0 阀=111111 速=+0,+0,+0.00 电=7.75V/1.47A/峰2.44 补余=0.0 IO错=0 倾+0.0 自动1/3
[  136.402] TLM t=  92.0 L1·A@-76 L2·A@-74 L3·A@-76 R1·A@-75 R2·A@-74 R3·A@-73 罐=无罐 泵=0 阀=111111 速=+0,+0,+0.00 电=7.75V/1.47A/峰2.44 补余=0.0 IO错=0 倾+0.0 自动1/3
[  136.907] TLM t=  92.5 L1·A@-76 L2·A@-74 L3·A@-75 R1·A@-75 R2·A@-74 R3·A@-72 罐=无罐 泵=0 阀=111111 速=+0,+0,+0.00 电=7.74V/1.63A/峰2.44 补余=0.0 IO错=0 倾+0.0 自动1/3
[  137.427] TLM t=  93.0 L1·A@-76 L2·A@-73 L3·A@-75 R1·A@-75 R2·A@-73 R3·A@-72 罐=无罐 泵=0 阀=111111 速=+0,+0,+0.00 电=7.75V/1.55A/峰2.44 补余=0.0 IO错=0 倾+0.0 自动1/3
[  137.931] TLM t=  93.5 L1·A@-76 L2·A@-73 L3·A@-75 R1·A@-74 R2·A@-73 R3·A@-71 罐=无罐 泵=0 阀=111111 速=+0,+0,+0.00 电=7.76V/1.38A/峰2.44 补余=0.0 IO错=0 倾+0.0 自动1/3
[  138.454] TLM t=  94.0 L1·A@-76 L2·A@-72 L3·A@-75 R1·A@-74 R2·A@-72 R3·A@-70 罐=无罐 泵=0 阀=111111 速=+0,+0,+0.00 电=7.75V/1.55A/峰2.44 补余=0.0 IO错=0 倾+0.0 自动1/3
[  138.960] TLM t=  94.5 L1·A@-76 L2·A@-72 L3·A@-75 R1·A@-74 R2·A@-72 R3·A@-70 罐=无罐 泵=0 阀=111111 速=+0,+0,+0.00 电=7.74V/1.55A/峰2.44 补余=0.0 IO错=0 倾+0.0 自动1/3
[  139.481] TLM t=  95.1 L1·A@-75 L2·A@-72 L3·A@-75 R1·A@-74 R2·A@-72 R3·A@-69 罐=无罐 泵=0 阀=111111 速=+0,+0,+0.00 电=7.74V/1.55A/峰2.44 补余=0.0 IO错=0 倾+0.0 自动1/3
[  139.986] TLM t=  95.6 L1·A@-75 L2·A@-71 L3·A@-75 R1·A@-74 R2·A@-71 R3·A@-69 罐=无罐 泵=0 阀=111111 速=+0,+0,+0.00 电=7.76V/1.47A/峰2.44 补余=0.0 IO错=0 倾+0.0 自动1/3
[  140.504] TLM t=  96.1 L1·A@-75 L2·A@-71 L3·A@-75 R1·A@-74 R2·A@-71 R3·A@-68 罐=无罐 泵=0 阀=111111 速=+0,+0,+0.00 电=7.75V/1.55A/峰2.44 补余=0.0 IO错=0 倾+0.0 自动1/3
[  141.007] TLM t=  96.6 L1·A@-75 L2·A@-70 L3·A@-75 R1·A@-73 R2·A@-70 R3·A@-67 罐=无罐 泵=0 阀=111111 速=+0,+0,+0.00 电=7.76V/1.47A/峰2.44 补余=0.0 IO错=0 倾+0.0 自动1/3
[  141.521] TLM t=  97.1 L1·A@-75 L2·A@-70 L3·A@-75 R1·A@-73 R2·A@-70 R3·A@-67 罐=无罐 泵=0 阀=111111 速=+0,+0,+0.00 电=7.75V/1.47A/峰2.44 补余=0.0 IO错=0 倾+0.0 自动1/3
[  142.026] TLM t=  97.6 L1·A@-75 L2·A@-69 L3·A@-75 R1·A@-73 R2·A@-70 R3·A@-66 罐=无罐 泵=0 阀=111111 速=+0,+0,+0.00 电=7.75V/1.47A/峰2.44 补余=0.0 IO错=0 倾+0.0 自动1/3
[  142.546] TLM t=  98.1 L1·A@-75 L2·A@-69 L3·A@-75 R1·A@-73 R2·A@-69 R3·A@-65 罐=无罐 泵=0 阀=111111 速=+0,+0,+0.00 电=7.75V/1.38A/峰2.44 补余=0.0 IO错=0 倾+0.0 自动1/3
[  143.050] TLM t=  98.6 L1·A@-75 L2·A@-68 L3·A@-75 R1·A@-73 R2·A@-69 R3·A@-65 罐=无罐 泵=0 阀=111111 速=+0,+0,+0.00 电=7.75V/1.38A/峰2.44 补余=0.0 IO错=0 倾+0.0 自动1/3
[  143.202] EVT 原地抬起受理：R1
[  143.222] EVT 吸附 R1 attached→venting 在态113.98s -72.7kPa
[  143.222] EVT 相位 R1 stance→vent 落点Δ(+0.0,+0.0)
[  143.235] EVT 阀 R1 →排气位
[  143.521] EVT 相位 R1 vent→lift
[  143.573] TLM t= 100.0 L1·A@-75 L2·A@-68 L3·A@-74 R1Lv@-73 R2·A@-69 R3·A@-65 罐=无罐 泵=0 阀=111011 速=+0,+0,+0.00 电=7.72V/1.87A/峰2.44 补余=0.0 IO错=0 倾+0.0 自动1/3
[  143.645] EVT 吸附 R1 venting→released 在态0.42s -0.1kPa
[  144.074] TLM t= 100.2 L1·A@-74 L2·A@-67 L3·A@-74 R1Lr@-- R2·A@-68 R3·A@-64 罐=无罐 泵=0 阀=111011 速=+0,+0,+0.00 电=7.73V/1.79A/峰2.44 补余=0.0 IO错=0 倾+0.0 自动1/3
[  144.365] EVT 相位 R1 lift→transfer
[  144.597] TLM t= 100.2 L1·A@-74 L2·A@-67 L3·A@-74 R1Tr@-- R2·A@-68 R3·A@-63 罐=无罐 泵=0 阀=111011 速=+0,+0,+0.00 电=7.72V/2.12A/峰2.44 补余=0.0 IO错=0 倾+0.0 自动1/3
[  144.983] EVT 相位 R1 transfer→hover
[  145.097] TLM t= 100.2 L1·A@-74 L2·A@-67 L3·A@-74 R1Hr@-- R2·A@-67 R3·A@-63 罐=无罐 泵=0 阀=111011 速=+0,+0,+0.00 电=7.72V/1.71A/峰2.44 补余=0.0 IO错=0 倾+0.0 自动1/3
[  145.621] TLM t= 100.2 L1·A@-74 L2·A@-66 L3·A@-74 R1Hr@-- R2·A@-67 R3·A@-62 罐=无罐 泵=0 阀=111011 速=+0,+0,+0.00 电=7.72V/1.87A/峰2.44 补余=0.0 IO错=0 倾+0.0 自动1/3
[  145.992] EVT 落地：R1
[  146.007] EVT 相位 R1 hover→descend
[  146.123] TLM t= 100.2 L1·A@-74 L2·A@-66 L3·A@-74 R1Dr@-- R2·A@-67 R3·A@-61 罐=无罐 泵=0 阀=111011 速=+0,+0,+0.00 电=7.72V/1.87A/峰2.44 补余=0.0 IO错=0 倾+0.0 自动1/3
[  146.489] EVT 相位 R1 descend→press
[  146.644] TLM t= 100.2 L1·A@-74 L2·A@-65 L3·A@-74 R1Pr@-- R2·A@-66 R3·A@-61 罐=无罐 泵=0 阀=111011 速=+0,+0,+0.00 电=7.72V/1.95A/峰2.44 补余=0.0 IO错=0 倾+0.0 自动1/3
[  147.161] TLM t= 100.2 L1·A@-74 L2·A@-65 L3·A@-74 R1Pr@-- R2·A@-66 R3·A@-60 罐=无罐 泵=0 阀=111011 速=+0,+0,+0.00 电=7.72V/1.87A/峰2.44 补余=0.0 IO错=0 倾+0.0 自动1/3
[  147.275] EVT 泵 开 最差盘压-60.0
[  147.670] TLM t= 100.2 L1·A@-74 L2·A@-68 L3·A@-74 R1Pr@-- R2·A@-67 R3·A@-67 罐=无罐 泵=1 阀=111011 速=+0,+0,+0.00 电=7.65V/2.04A/峰2.44 补余=0.0 IO错=0 倾+0.0 自动1/3
[  147.721] EVT 吸附 R1 released→pressing 在态4.04s -0.1kPa
[  147.722] EVT 相位 R1 press→wait
[  148.022] EVT 吸附 R1 pressing→sucking 在态0.30s -0.1kPa
[  148.023] EVT 阀 R1 →抽气位
[  148.169] TLM t= 100.2 L1·A@-75 L2·A@-75 L3·A@-75 R1Ws@-33 R2·A@-74 R3·A@-74 罐=无罐 泵=1 阀=111111 速=+0,+0,+0.00 电=7.65V/1.87A/峰2.44 补余=0.0 IO错=0 倾+0.0 自动1/3
[  148.361] EVT 吸附 R1 sucking→attached 在态0.34s -68.0kPa
[  148.366] EVT 相位 R1 wait→stance
[  148.366] EVT 抬落完成，轮到 L2
[  148.675] TLM t= 100.5 L1·A@-75 L2·A@-75 L3·A@-75 R1·A@-75 R2·A@-76 R3·A@-75 罐=无罐 泵=1 阀=111111 速=+0,+0,+0.00 电=7.68V/1.87A/峰2.44 补余=0.0 IO错=0 倾+0.0 自动1/3
[  148.703] EVT 泵 停 最差盘压-75.1
[  149.175] TLM t= 101.0 L1·A@-76 L2·A@-76 L3·A@-76 R1·A@-76 R2·A@-76 R3·A@-76 罐=无罐 泵=0 阀=111111 速=+0,+0,+0.00 电=7.73V/1.79A/峰2.44 补余=0.0 IO错=0 倾+0.0 自动1/3
[  149.699] TLM t= 101.5 L1·A@-76 L2·A@-75 L3·A@-76 R1·A@-75 R2·A@-75 R3·A@-75 罐=无罐 泵=0 阀=111111 速=+0,+0,+0.00 电=7.73V/1.79A/峰2.44 补余=0.0 IO错=0 倾+0.0 自动1/3
[  150.201] TLM t= 102.0 L1·A@-76 L2·A@-75 L3·A@-76 R1·A@-75 R2·A@-75 R3·A@-74 罐=无罐 泵=0 阀=111111 速=+0,+0,+0.00 电=7.73V/1.71A/峰2.44 补余=0.0 IO错=0 倾+0.0 自动1/3
[  150.722] TLM t= 102.5 L1·A@-76 L2·A@-75 L3·A@-76 R1·A@-75 R2·A@-74 R3·A@-74 罐=无罐 泵=0 阀=111111 速=+0,+0,+0.00 电=7.73V/1.87A/峰2.44 补余=0.0 IO错=0 倾+0.0 自动1/3
[  151.241] TLM t= 103.1 L1·A@-76 L2·A@-74 L3·A@-76 R1·A@-75 R2·A@-74 R3·A@-73 罐=无罐 泵=0 阀=111111 速=+0,+0,+0.00 电=7.73V/1.79A/峰2.44 补余=0.0 IO错=0 倾+0.0 自动1/3
[  151.752] TLM t= 103.6 L1·A@-76 L2·A@-74 L3·A@-76 R1·A@-75 R2·A@-73 R3·A@-72 罐=无罐 泵=0 阀=111111 速=+0,+0,+0.00 电=7.74V/1.63A/峰2.44 补余=0.0 IO错=0 倾+0.0 自动1/3
[  152.258] TLM t= 104.1 L1·A@-76 L2·A@-73 L3·A@-76 R1·A@-75 R2·A@-73 R3·A@-72 罐=无罐 泵=0 阀=111111 速=+0,+0,+0.00 电=7.73V/1.79A/峰2.44 补余=0.0 IO错=0 倾+0.0 自动1/3
[  152.759] TLM t= 104.6 L1·A@-76 L2·A@-73 L3·A@-76 R1·A@-75 R2·A@-73 R3·A@-71 罐=无罐 泵=0 阀=111111 速=+0,+0,+0.00 电=7.74V/1.79A/峰2.44 补余=0.0 IO错=0 倾+0.0 自动1/3
[  153.283] TLM t= 105.1 L1·A@-75 L2·A@-72 L3·A@-76 R1·A@-75 R2·A@-72 R3·A@-70 罐=无罐 泵=0 阀=111111 速=+0,+0,+0.00 电=7.72V/1.87A/峰2.44 补余=0.0 IO错=0 倾+0.0 自动1/3
[  153.787] TLM t= 105.6 L1·A@-75 L2·A@-72 L3·A@-76 R1·A@-74 R2·A@-72 R3·A@-70 罐=无罐 泵=0 阀=111111 速=+0,+0,+0.00 电=7.73V/1.71A/峰2.44 补余=0.0 IO错=0 倾+0.0 自动1/3
[  154.310] TLM t= 106.1 L1·A@-75 L2·A@-71 L3·A@-75 R1·A@-74 R2·A@-71 R3·A@-69 罐=无罐 泵=0 阀=111111 速=+0,+0,+0.00 电=7.74V/2.20A/峰2.44 补余=0.0 IO错=0 倾+0.0 自动1/3
[  154.811] TLM t= 106.6 L1·A@-75 L2·A@-71 L3·A@-75 R1·A@-74 R2·A@-71 R3·A@-68 罐=无罐 泵=0 阀=111111 速=+0,+0,+0.00 电=7.74V/1.71A/峰2.44 补余=0.0 IO错=0 倾+0.0 自动1/3
[  155.332] TLM t= 107.1 L1·A@-75 L2·A@-70 L3·A@-75 R1·A@-74 R2·A@-71 R3·A@-68 罐=无罐 泵=0 阀=111111 速=+0,+0,+0.00 电=7.73V/1.87A/峰2.44 补余=0.0 IO错=0 倾+0.0 自动1/3
[  155.836] TLM t= 107.6 L1·A@-75 L2·A@-70 L3·A@-75 R1·A@-74 R2·A@-70 R3·A@-67 罐=无罐 泵=0 阀=111111 速=+0,+0,+0.00 电=7.73V/1.79A/峰2.44 补余=0.0 IO错=0 倾+0.0 自动1/3
[  156.359] TLM t= 108.1 L1·A@-75 L2·A@-70 L3·A@-75 R1·A@-74 R2·A@-70 R3·A@-66 罐=无罐 泵=0 阀=111111 速=+0,+0,+0.00 电=7.73V/1.79A/峰2.44 补余=0.0 IO错=0 倾+0.0 自动1/3
[  156.863] TLM t= 108.6 L1·A@-75 L2·A@-69 L3·A@-75 R1·A@-74 R2·A@-69 R3·A@-66 罐=无罐 泵=0 阀=111111 速=+0,+0,+0.00 电=7.73V/1.71A/峰2.44 补余=0.0 IO错=0 倾+0.0 自动1/3
[  157.362] TLM t= 109.1 L1·A@-75 L2·A@-69 L3·A@-75 R1·A@-74 R2·A@-69 R3·A@-65 罐=无罐 泵=0 阀=111111 速=+0,+0,+0.00 电=7.72V/1.79A/峰2.44 补余=0.0 IO错=0 倾+0.0 自动1/3
[  157.869] TLM t= 109.6 L1·A@-75 L2·A@-68 L3·A@-75 R1·A@-74 R2·A@-69 R3·A@-65 罐=无罐 泵=0 阀=111111 速=+0,+0,+0.00 电=7.74V/1.87A/峰2.44 补余=0.0 IO错=0 倾+0.0 自动1/3
[  158.370] TLM t= 110.1 L1·A@-75 L2·A@-68 L3·A@-75 R1·A@-74 R2·A@-68 R3·A@-64 罐=无罐 泵=0 阀=111111 速=+0,+0,+0.00 电=7.75V/1.71A/峰2.44 补余=0.0 IO错=0 倾+0.0 自动1/3
[  158.403] EVT 原地抬起受理：L2
[  158.423] EVT 吸附 L2 attached→venting 在态127.26s -67.9kPa
[  158.424] EVT 相位 L2 stance→vent 落点Δ(+0.0,+0.0)
[  158.436] EVT 阀 L2 →排气位
[  158.724] EVT 相位 L2 vent→lift
[  158.824] EVT 吸附 L2 venting→released 在态0.40s 0.5kPa
[  158.893] TLM t= 111.5 L1·A@-75 L2Lr@-- L3·A@-75 R1·A@-74 R2·A@-68 R3·A@-64 罐=无罐 泵=0 阀=101111 速=+0,+0,+0.00 电=7.73V/1.79A/峰2.44 补余=0.0 IO错=0 倾+0.0 自动1/3
[  159.396] TLM t= 111.6 L1·A@-75 L2Lr@-- L3·A@-75 R1·A@-74 R2·A@-68 R3·A@-63 罐=无罐 泵=0 阀=101111 速=+0,+0,+0.00 电=7.72V/1.87A/峰2.44 补余=0.0 IO错=0 倾+0.0 自动1/3
[  159.568] EVT 相位 L2 lift→transfer
[  159.917] TLM t= 111.6 L1·A@-74 L2Tr@-- L3·A@-75 R1·A@-74 R2·A@-67 R3·A@-62 罐=无罐 泵=0 阀=101111 速=+0,+0,+0.00 电=7.73V/1.55A/峰2.44 补余=0.0 IO错=0 倾+0.0 自动1/3
[  160.183] EVT 相位 L2 transfer→hover
[  160.420] TLM t= 111.6 L1·A@-74 L2Hr@-- L3·A@-75 R1·A@-74 R2·A@-67 R3·A@-62 罐=无罐 泵=0 阀=101111 速=+0,+0,+0.00 电=7.72V/1.63A/峰2.44 补余=0.0 IO错=0 倾+0.0 自动1/3
[  160.937] TLM t= 111.6 L1·A@-74 L2Hr@-- L3·A@-75 R1·A@-74 R2·A@-67 R3·A@-61 罐=无罐 泵=0 阀=101111 速=+0,+0,+0.00 电=7.72V/1.63A/峰2.44 补余=0.0 IO错=0 倾+0.0 自动1/3
[  161.194] EVT 落地：L2
[  161.206] EVT 相位 L2 hover→descend
[  161.442] TLM t= 111.6 L1·A@-74 L2Dr@-- L3·A@-75 R1·A@-74 R2·A@-66 R3·A@-60 罐=无罐 泵=0 阀=101111 速=+0,+0,+0.00 电=7.72V/1.63A/峰2.44 补余=0.0 IO错=0 倾+0.0 自动1/3
[  161.688] EVT 相位 L2 descend→press
[  161.856] EVT 泵 开 最差盘压-60.0
[  161.962] TLM t= 111.6 L1·A@-74 L2Pr@-- L3·A@-75 R1·A@-74 R2·A@-66 R3·A@-60 罐=无罐 泵=1 阀=101111 速=+0,+0,+0.00 电=7.65V/1.55A/峰2.44 补余=0.0 IO错=0 倾+0.0 自动1/3
[  162.467] TLM t= 111.6 L1·A@-74 L2Pr@-- L3·A@-74 R1·A@-73 R2·A@-73 R3·A@-73 罐=无罐 泵=1 阀=101111 速=+0,+0,+0.00 电=7.67V/1.55A/峰2.44 补余=0.0 IO错=0 倾+0.0 自动1/3
[  162.678] EVT 泵 停 最差盘压-75.2
[  162.893] EVT 吸附 L2 released→pressing 在态4.06s 0.5kPa
[  162.894] EVT 相位 L2 press→wait
[  162.986] TLM t= 111.6 L1·A@-76 L2Wp@-- L3·A@-76 R1·A@-76 R2·A@-76 R3·A@-76 罐=无罐 泵=0 阀=101111 速=+0,+0,+0.00 电=7.73V/1.79A/峰2.44 补余=0.0 IO错=0 倾+0.0 自动1/3
[  163.194] EVT 吸附 L2 pressing→sucking 在态0.30s 0.5kPa
[  163.194] EVT 阀 L2 →抽气位
[  163.222] EVT 泵 开 最差盘压-75.5
[  163.477] EVT 吸附 L2 sucking→attached 在态0.28s -67.0kPa
[  163.483] EVT 相位 L2 wait→stance
[  163.483] EVT 抬落完成，轮到 R3
[  163.483] EVT 自动轮换：第 1 轮完成
[  163.491] TLM t= 111.6 L1·A@-76 L2·A@-67 L3·A@-76 R1·A@-76 R2·A@-75 R3·A@-75 罐=无罐 泵=1 阀=111111 速=+0,+0,+0.00 电=7.72V/1.55A/峰2.44 补余=0.0 IO错=0 倾+0.0 自动2/3
[  163.784] EVT 泵 停 最差盘压-75.1
[  164.013] TLM t= 112.1 L1·A@-76 L2·A@-76 L3·A@-76 R1·A@-76 R2·A@-76 R3·A@-76 罐=无罐 泵=0 阀=111111 速=+0,+0,+0.00 电=7.75V/1.63A/峰2.44 补余=0.0 IO错=0 倾+0.0 自动2/3
[  164.517] TLM t= 112.6 L1·A@-76 L2·A@-75 L3·A@-76 R1·A@-75 R2·A@-75 R3·A@-75 罐=无罐 泵=0 阀=111111 速=+0,+0,+0.00 电=7.72V/1.63A/峰2.44 补余=0.0 IO错=0 倾+0.0 自动2/3
[  165.040] TLM t= 113.1 L1·A@-76 L2·A@-74 L3·A@-76 R1·A@-75 R2·A@-75 R3·A@-74 罐=无罐 泵=0 阀=111111 速=+0,+0,+0.00 电=7.73V/1.71A/峰2.44 补余=0.0 IO错=0 倾+0.0 自动2/3
[  165.544] TLM t= 113.6 L1·A@-76 L2·A@-74 L3·A@-76 R1·A@-75 R2·A@-74 R3·A@-74 罐=无罐 泵=0 阀=111111 速=+0,+0,+0.00 电=7.74V/1.71A/峰2.44 补余=0.0 IO错=0 倾+0.0 自动2/3
[  166.064] TLM t= 114.2 L1·A@-76 L2·A@-73 L3·A@-76 R1·A@-75 R2·A@-74 R3·A@-73 罐=无罐 泵=0 阀=111111 速=+0,+0,+0.00 电=7.73V/1.71A/峰2.44 补余=0.0 IO错=0 倾+0.0 自动2/3
[  166.566] TLM t= 114.7 L1·A@-76 L2·A@-73 L3·A@-76 R1·A@-75 R2·A@-73 R3·A@-72 罐=无罐 泵=0 阀=111111 速=+0,+0,+0.00 电=7.74V/1.63A/峰2.44 补余=0.0 IO错=0 倾+0.0 自动2/3
[  167.088] TLM t= 115.2 L1·A@-76 L2·A@-72 L3·A@-76 R1·A@-75 R2·A@-73 R3·A@-72 罐=无罐 泵=0 阀=111111 速=+0,+0,+0.00 电=7.74V/1.63A/峰2.44 补余=0.0 IO错=0 倾+0.0 自动2/3
[  167.591] TLM t= 115.7 L1·A@-75 L2·A@-72 L3·A@-76 R1·A@-75 R2·A@-73 R3·A@-71 罐=无罐 泵=0 阀=111111 速=+0,+0,+0.00 电=7.74V/1.63A/峰2.44 补余=0.0 IO错=0 倾+0.0 自动2/3
[  168.116] TLM t= 116.2 L1·A@-75 L2·A@-71 L3·A@-75 R1·A@-75 R2·A@-72 R3·A@-70 罐=无罐 泵=0 阀=111111 速=+0,+0,+0.00 电=7.74V/1.71A/峰2.44 补余=0.0 IO错=0 倾+0.0 自动2/3
[  168.623] TLM t= 116.7 L1·A@-75 L2·A@-71 L3·A@-75 R1·A@-75 R2·A@-72 R3·A@-70 罐=无罐 泵=0 阀=111111 速=+0,+0,+0.00 电=7.73V/1.95A/峰2.44 补余=0.0 IO错=0 倾+0.0 自动2/3
[  169.141] TLM t= 117.2 L1·A@-75 L2·A@-70 L3·A@-75 R1·A@-75 R2·A@-71 R3·A@-69 罐=无罐 泵=0 阀=111111 速=+0,+0,+0.00 电=7.74V/1.71A/峰2.44 补余=0.0 IO错=0 倾+0.0 自动2/3
[  169.648] TLM t= 117.7 L1·A@-75 L2·A@-70 L3·A@-75 R1·A@-75 R2·A@-71 R3·A@-68 罐=无罐 泵=0 阀=111111 速=+0,+0,+0.00 电=7.73V/1.71A/峰2.44 补余=0.0 IO错=0 倾+0.0 自动2/3
[  170.165] TLM t= 118.2 L1·A@-75 L2·A@-69 L3·A@-75 R1·A@-75 R2·A@-71 R3·A@-68 罐=无罐 泵=0 阀=111111 速=+0,+0,+0.00 电=7.73V/1.63A/峰2.44 补余=0.0 IO错=0 倾+0.0 自动2/3
[  170.668] TLM t= 118.7 L1·A@-75 L2·A@-69 L3·A@-75 R1·A@-75 R2·A@-70 R3·A@-67 罐=无罐 泵=0 阀=111111 速=+0,+0,+0.00 电=7.74V/1.71A/峰2.44 补余=0.0 IO错=0 倾+0.0 自动2/3
[  171.190] TLM t= 119.3 L1·A@-75 L2·A@-68 L3·A@-75 R1·A@-75 R2·A@-70 R3·A@-66 罐=无罐 泵=0 阀=111111 速=+0,+0,+0.00 电=7.73V/1.63A/峰2.44 补余=0.0 IO错=0 倾+0.0 自动2/3
[  171.692] TLM t= 119.8 L1·A@-75 L2·A@-68 L3·A@-75 R1·A@-75 R2·A@-69 R3·A@-66 罐=无罐 泵=0 阀=111111 速=+0,+0,+0.00 电=7.74V/1.55A/峰2.44 补余=0.0 IO错=0 倾+0.0 自动2/3
[  172.218] TLM t= 120.3 L1·A@-75 L2·A@-67 L3·A@-75 R1·A@-75 R2·A@-69 R3·A@-65 罐=无罐 泵=0 阀=111111 速=+0,+0,+0.00 电=7.74V/1.63A/峰2.44 补余=0.0 IO错=0 倾+0.0 自动2/3
[  172.722] TLM t= 120.8 L1·A@-75 L2·A@-67 L3·A@-75 R1·A@-75 R2·A@-69 R3·A@-64 罐=无罐 泵=0 阀=111111 速=+0,+0,+0.00 电=7.73V/1.55A/峰2.44 补余=0.0 IO错=0 倾+0.0 自动2/3
[  173.243] TLM t= 121.3 L1·A@-74 L2·A@-67 L3·A@-75 R1·A@-75 R2·A@-68 R3·A@-64 罐=无罐 泵=0 阀=111111 速=+0,+0,+0.00 电=7.73V/1.63A/峰2.44 补余=0.0 IO错=0 倾+0.0 自动2/3
[  173.761] TLM t= 121.8 L1·A@-74 L2·A@-66 L3·A@-75 R1·A@-75 R2·A@-68 R3·A@-63 罐=无罐 泵=0 阀=111111 速=+0,+0,+0.00 电=7.73V/1.71A/峰2.44 补余=0.0 IO错=0 倾+0.0 自动2/3
[  174.262] TLM t= 122.3 L1·A@-74 L2·A@-66 L3·A@-75 R1·A@-75 R2·A@-68 R3·A@-63 罐=无罐 泵=0 阀=111111 速=+0,+0,+0.00 电=7.73V/1.71A/峰2.44 补余=0.0 IO错=0 倾+0.0 自动2/3
[  174.788] TLM t= 122.8 L1·A@-74 L2·A@-65 L3·A@-75 R1·A@-75 R2·A@-67 R3·A@-62 罐=无罐 泵=0 阀=111111 速=+0,+0,+0.00 电=7.75V/1.71A/峰2.44 补余=0.0 IO错=0 倾+0.0 自动2/3
[  175.287] TLM t= 123.3 L1·A@-74 L2·A@-65 L3·A@-75 R1·A@-74 R2·A@-67 R3·A@-61 罐=无罐 泵=0 阀=111111 速=+0,+0,+0.00 电=7.73V/1.71A/峰2.44 补余=0.0 IO错=0 倾+0.0 自动2/3
[  175.812] TLM t= 123.8 L1·A@-74 L2·A@-64 L3·A@-75 R1·A@-74 R2·A@-66 R3·A@-61 罐=无罐 泵=0 阀=111111 速=+0,+0,+0.00 电=7.73V/1.63A/峰2.44 补余=0.0 IO错=0 倾+0.0 自动2/3
[  176.310] TLM t= 124.3 L1·A@-74 L2·A@-64 L3·A@-75 R1·A@-74 R2·A@-66 R3·A@-60 罐=无罐 泵=0 阀=111111 速=+0,+0,+0.00 电=7.73V/1.63A/峰2.44 补余=0.0 IO错=0 倾+0.0 自动2/3
[  176.463] EVT 泵 开 最差盘压-59.9
[  176.833] TLM t= 124.9 L1·A@-74 L2·A@-66 L3·A@-74 R1·A@-74 R2·A@-67 R3·A@-67 罐=无罐 泵=1 阀=111111 速=+0,+0,+0.00 电=7.65V/1.71A/峰2.44 补余=0.0 IO错=0 倾+0.0 自动2/3
[  177.327] EVT 泵 停 最差盘压-75.1
[  177.339] TLM t= 125.4 L1·A@-76 L2·A@-76 L3·A@-76 R1·A@-75 R2·A@-76 R3·A@-76 罐=无罐 泵=0 阀=111111 速=+0,+0,+0.00 电=7.72V/1.63A/峰2.44 补余=0.0 IO错=0 倾+0.0 自动2/3
[  177.859] TLM t= 125.9 L1·A@-76 L2·A@-76 L3·A@-76 R1·A@-76 R2·A@-75 R3·A@-75 罐=无罐 泵=0 阀=111111 速=+0,+0,+0.00 电=7.73V/1.79A/峰2.44 补余=0.0 IO错=0 倾+0.0 自动2/3
[  178.359] TLM t= 126.4 L1·A@-76 L2·A@-75 L3·A@-76 R1·A@-75 R2·A@-75 R3·A@-75 罐=无罐 泵=0 阀=111111 速=+0,+0,+0.00 电=7.74V/1.63A/峰2.44 补余=0.0 IO错=0 倾+0.0 自动2/3
[  178.485] EVT 自动轮换：第 2 轮开始
[  178.513] EVT 原地抬起受理：R3
[  178.532] EVT 吸附 R3 attached→venting 在态90.28s -74.5kPa
[  178.533] EVT 相位 R3 stance→vent 落点Δ(+0.0,+0.0)
[  178.545] EVT 阀 R3 →排气位
[  178.833] EVT 相位 R3 vent→lift
[  178.880] TLM t= 130.0 L1·A@-76 L2·A@-75 L3·A@-76 R1·A@-75 R2·A@-74 R3Lv@-75 罐=无罐 泵=0 阀=111110 速=+0,+0,+0.00 电=7.73V/1.47A/峰2.44 补余=0.0 IO错=0 倾+0.0 自动2/3
[  178.933] EVT 吸附 R3 venting→released 在态0.40s 0.3kPa
[  179.382] TLM t= 130.2 L1·A@-76 L2·A@-74 L3·A@-76 R1·A@-75 R2·A@-74 R3Lr@-- 罐=无罐 泵=0 阀=111110 速=+0,+0,+0.00 电=7.72V/1.47A/峰2.44 补余=0.0 IO错=0 倾+0.0 自动2/3
[  179.678] EVT 相位 R3 lift→transfer
[  179.906] TLM t= 130.2 L1·A@-75 L2·A@-74 L3·A@-76 R1·A@-75 R2·A@-74 R3Tr@-- 罐=无罐 泵=0 阀=111110 速=+0,+0,+0.00 电=7.73V/1.79A/峰2.44 补余=0.0 IO错=0 倾+0.0 自动2/3
[  180.292] EVT 相位 R3 transfer→hover
[  180.408] TLM t= 130.2 L1·A@-75 L2·A@-73 L3·A@-76 R1·A@-75 R2·A@-73 R3Hr@-- 罐=无罐 泵=0 阀=111110 速=+0,+0,+0.00 电=7.74V/1.47A/峰2.44 补余=0.0 IO错=0 倾+0.0 自动2/3
[  180.931] TLM t= 130.2 L1·A@-75 L2·A@-73 L3·A@-76 R1·A@-75 R2·A@-73 R3Hr@-- 罐=无罐 泵=0 阀=111110 速=+0,+0,+0.00 电=7.72V/1.47A/峰2.44 补余=0.0 IO错=0 倾+0.0 自动2/3
[  181.304] EVT 落地：R3
[  181.317] EVT 相位 R3 hover→descend
[  181.435] TLM t= 130.2 L1·A@-75 L2·A@-72 L3·A@-76 R1·A@-75 R2·A@-72 R3Dr@-- 罐=无罐 泵=0 阀=111110 速=+0,+0,+0.00 电=7.72V/1.55A/峰2.44 补余=0.0 IO错=0 倾+0.0 自动2/3
[  181.802] EVT 相位 R3 descend→press
[  181.955] TLM t= 130.2 L1·A@-75 L2·A@-72 L3·A@-75 R1·A@-75 R2·A@-72 R3Pr@-- 罐=无罐 泵=0 阀=111110 速=+0,+0,+0.00 电=7.73V/1.47A/峰2.44 补余=0.0 IO错=0 倾+0.0 自动2/3
[  182.459] TLM t= 130.2 L1·A@-75 L2·A@-71 L3·A@-75 R1·A@-75 R2·A@-72 R3Pr@-- 罐=无罐 泵=0 阀=111110 速=+0,+0,+0.00 电=7.73V/1.47A/峰2.44 补余=0.0 IO错=0 倾+0.0 自动2/3
[  182.981] TLM t= 130.2 L1·A@-75 L2·A@-71 L3·A@-75 R1·A@-75 R2·A@-71 R3Pr@-- 罐=无罐 泵=0 阀=111110 速=+0,+0,+0.00 电=7.72V/1.47A/峰2.44 补余=0.0 IO错=0 倾+0.0 自动2/3
[  183.005] EVT 吸附 R3 released→pressing 在态4.06s 0.3kPa
[  183.006] EVT 相位 R3 press→wait
[  183.306] EVT 吸附 R3 pressing→sucking 在态0.30s 0.3kPa
[  183.307] EVT 阀 R3 →抽气位
[  183.334] EVT 泵 开 最差盘压-70.5
[  183.483] TLM t= 130.2 L1·A@-75 L2·A@-70 L3·A@-75 R1·A@-75 R2·A@-71 R3Ws@-51 罐=无罐 泵=1 阀=111111 速=+0,+0,+0.00 电=7.69V/1.38A/峰2.44 补余=0.0 IO错=0 倾+0.0 自动2/3
[  183.595] EVT 吸附 R3 sucking→attached 在态0.28s -60.9kPa
[  183.596] EVT 相位 R3 wait→stance
[  183.596] EVT 抬落完成，轮到 L1
[  184.005] TLM t= 130.6 L1·A@-74 L2·A@-73 L3·A@-75 R1·A@-75 R2·A@-74 R3·A@-74 罐=无罐 泵=1 阀=111111 速=+0,+0,+0.00 电=7.73V/1.55A/峰2.44 补余=0.0 IO错=0 倾+0.0 自动2/3
[  184.138] EVT 泵 停 最差盘压-75.0
[  184.512] TLM t= 131.1 L1·A@-76 L2·A@-76 L3·A@-76 R1·A@-75 R2·A@-75 R3·A@-76 罐=无罐 泵=0 阀=111111 速=+0,+0,+0.00 电=7.75V/1.47A/峰2.44 补余=0.0 IO错=0 倾+0.0 自动2/3
[  185.009] TLM t= 131.6 L1·A@-76 L2·A@-75 L3·A@-76 R1·A@-75 R2·A@-75 R3·A@-75 罐=无罐 泵=0 阀=111111 速=+0,+0,+0.00 电=7.73V/1.55A/峰2.44 补余=0.0 IO错=0 倾+0.0 自动2/3
[  185.519] TLM t= 132.1 L1·A@-76 L2·A@-75 L3·A@-76 R1·A@-75 R2·A@-75 R3·A@-74 罐=无罐 泵=0 阀=111111 速=+0,+0,+0.00 电=7.75V/1.47A/峰2.44 补余=0.0 IO错=0 倾+0.0 自动2/3
[  186.028] TLM t= 132.6 L1·A@-75 L2·A@-74 L3·A@-76 R1·A@-75 R2·A@-74 R3·A@-73 罐=无罐 泵=0 阀=111111 速=+0,+0,+0.00 电=7.75V/1.55A/峰2.44 补余=0.0 IO错=0 倾+0.0 自动2/3
[  186.548] TLM t= 133.1 L1·A@-75 L2·A@-74 L3·A@-76 R1·A@-75 R2·A@-74 R3·A@-73 罐=无罐 泵=0 阀=111111 速=+0,+0,+0.00 电=7.74V/1.38A/峰2.44 补余=0.0 IO错=0 倾+0.0 自动2/3
[  187.049] TLM t= 133.6 L1·A@-75 L2·A@-73 L3·A@-76 R1·A@-75 R2·A@-73 R3·A@-72 罐=无罐 泵=0 阀=111111 速=+0,+0,+0.00 电=7.75V/1.55A/峰2.44 补余=0.0 IO错=0 倾+0.0 自动2/3
[  187.574] TLM t= 134.1 L1·A@-75 L2·A@-73 L3·A@-76 R1·A@-75 R2·A@-73 R3·A@-71 罐=无罐 泵=0 阀=111111 速=+0,+0,+0.00 电=7.75V/1.47A/峰2.44 补余=0.0 IO错=0 倾+0.0 自动2/3
[  188.077] TLM t= 134.6 L1·A@-75 L2·A@-72 L3·A@-76 R1·A@-75 R2·A@-73 R3·A@-71 罐=无罐 泵=0 阀=111111 速=+0,+0,+0.00 电=7.73V/1.47A/峰2.44 补余=0.0 IO错=0 倾+0.0 自动2/3
[  188.599] TLM t= 135.2 L1·A@-75 L2·A@-72 L3·A@-75 R1·A@-75 R2·A@-72 R3·A@-70 罐=无罐 泵=0 阀=111111 速=+0,+0,+0.00 电=7.74V/1.55A/峰2.44 补余=0.0 IO错=0 倾+0.0 自动2/3
[  189.104] TLM t= 135.7 L1·A@-74 L2·A@-71 L3·A@-75 R1·A@-75 R2·A@-72 R3·A@-69 罐=无罐 泵=0 阀=111111 速=+0,+0,+0.00 电=7.75V/1.55A/峰2.44 补余=0.0 IO错=0 倾+0.0 自动2/3
[  189.623] TLM t= 136.2 L1·A@-74 L2·A@-71 L3·A@-75 R1·A@-75 R2·A@-71 R3·A@-69 罐=无罐 泵=0 阀=111111 速=+0,+0,+0.00 电=7.75V/1.55A/峰2.44 补余=0.0 IO错=0 倾+0.0 自动2/3
[  190.127] TLM t= 136.7 L1·A@-74 L2·A@-71 L3·A@-75 R1·A@-75 R2·A@-71 R3·A@-68 罐=无罐 泵=0 阀=111111 速=+0,+0,+0.00 电=7.74V/1.55A/峰2.44 补余=0.0 IO错=0 倾+0.0 自动2/3
[  190.654] TLM t= 137.2 L1·A@-74 L2·A@-70 L3·A@-75 R1·A@-75 R2·A@-71 R3·A@-67 罐=无罐 泵=0 阀=111111 速=+0,+0,+0.00 电=7.75V/1.55A/峰2.44 补余=0.0 IO错=0 倾+0.0 自动2/3
[  191.156] TLM t= 137.7 L1·A@-74 L2·A@-70 L3·A@-75 R1·A@-75 R2·A@-70 R3·A@-67 罐=无罐 泵=0 阀=111111 速=+0,+0,+0.00 电=7.74V/1.47A/峰2.44 补余=0.0 IO错=0 倾+0.0 自动2/3
[  191.679] TLM t= 138.2 L1·A@-74 L2·A@-69 L3·A@-75 R1·A@-75 R2·A@-70 R3·A@-66 罐=无罐 泵=0 阀=111111 速=+0,+0,+0.00 电=7.75V/1.55A/峰2.44 补余=0.0 IO错=0 倾+0.0 自动2/3
[  192.184] TLM t= 138.7 L1·A@-73 L2·A@-69 L3·A@-75 R1·A@-75 R2·A@-69 R3·A@-65 罐=无罐 泵=0 阀=111111 速=+0,+0,+0.00 电=7.74V/1.47A/峰2.44 补余=0.0 IO错=0 倾+0.0 自动2/3
[  192.705] TLM t= 139.2 L1·A@-73 L2·A@-68 L3·A@-75 R1·A@-75 R2·A@-69 R3·A@-65 罐=无罐 泵=0 阀=111111 速=+0,+0,+0.00 电=7.74V/1.55A/峰2.44 补余=0.0 IO错=0 倾+0.0 自动2/3
[  193.208] TLM t= 139.7 L1·A@-73 L2·A@-68 L3·A@-75 R1·A@-75 R2·A@-69 R3·A@-64 罐=无罐 泵=0 阀=111111 速=+0,+0,+0.00 电=7.75V/1.55A/峰2.44 补余=0.0 IO错=0 倾+0.0 自动2/3
[  193.620] EVT 原地抬起受理：L1
[  193.632] EVT 吸附 L1 attached→venting 在态90.16s -72.9kPa
[  193.632] EVT 相位 L1 stance→vent 落点Δ(+0.0,+0.0)
[  193.658] EVT 阀 L1 →排气位
[  193.730] TLM t= 141.1 L1Vv@-73 L2·A@-67 L3·A@-75 R1·A@-75 R2·A@-68 R3·A@-64 罐=无罐 泵=0 阀=011111 速=+0,+0,+0.00 电=7.75V/1.30A/峰2.44 补余=0.0 IO错=0 倾+0.0 自动2/3
[  193.936] EVT 相位 L1 vent→lift
[  194.059] EVT 吸附 L1 venting→released 在态0.42s 0.1kPa
[  194.235] TLM t= 141.6 L1Lr@-- L2·A@-67 L3·A@-75 R1·A@-74 R2·A@-68 R3·A@-62 罐=无罐 泵=0 阀=011111 速=+0,+0,+0.00 电=7.70V/2.04A/峰2.44 补余=0.0 IO错=0 倾+0.0 自动2/3
[  194.754] TLM t= 141.6 L1Lr@-- L2·A@-67 L3·A@-75 R1·A@-74 R2·A@-67 R3·A@-62 罐=无罐 泵=0 阀=011111 速=+0,+0,+0.00 电=7.69V/2.20A/峰2.44 补余=0.0 IO错=0 倾+0.0 自动2/3
[  194.782] EVT 相位 L1 lift→transfer
[  195.261] TLM t= 141.6 L1Tr@-- L2·A@-66 L3·A@-75 R1·A@-74 R2·A@-67 R3·A@-61 罐=无罐 泵=0 阀=011111 速=+0,+0,+0.00 电=7.70V/2.28A/峰2.44 补余=0.0 IO错=0 倾+0.0 自动2/3
[  195.409] EVT 相位 L1 transfer→hover
[  195.781] TLM t= 141.6 L1Hr@-- L2·A@-66 L3·A@-75 R1·A@-74 R2·A@-67 R3·A@-61 罐=无罐 泵=0 阀=011111 速=+0,+0,+0.00 电=7.70V/1.87A/峰2.44 补余=0.0 IO错=0 倾+0.0 自动2/3
[  196.287] TLM t= 141.6 L1Hr@-- L2·A@-65 L3·A@-75 R1·A@-74 R2·A@-66 R3·A@-60 罐=无罐 泵=0 阀=011111 速=+0,+0,+0.00 电=7.70V/1.95A/峰2.44 补余=0.0 IO错=0 倾+0.0 自动2/3
[  196.335] EVT 泵 开 最差盘压-59.9
[  196.434] EVT 落地：L1
[  196.455] EVT 相位 L1 hover→descend
[  196.805] TLM t= 141.6 L1Dr@-- L2·A@-70 L3·A@-74 R1·A@-74 R2·A@-69 R3·A@-69 罐=无罐 泵=1 阀=011111 速=+0,+0,+0.00 电=7.66V/2.12A/峰2.44 补余=0.0 IO错=0 倾+0.0 自动2/3
[  196.939] EVT 相位 L1 descend→press
[  197.240] EVT 泵 停 最差盘压-75.5
[  197.307] TLM t= 141.6 L1Pr@-- L2·A@-77 L3·A@-76 R1·A@-76 R2·A@-77 R3·A@-77 罐=无罐 泵=0 阀=011111 速=+0,+0,+0.00 电=7.70V/1.87A/峰2.44 补余=0.0 IO错=0 倾+0.0 自动2/3
[  197.829] TLM t= 141.6 L1Pr@-- L2·A@-76 L3·A@-76 R1·A@-76 R2·A@-76 R3·A@-76 罐=无罐 泵=0 阀=011111 速=+0,+0,+0.00 电=7.70V/2.12A/峰2.44 补余=0.0 IO错=0 倾+0.0 自动2/3
[  198.142] EVT 吸附 L1 released→pressing 在态4.06s 0.1kPa
[  198.143] EVT 相位 L1 press→wait
[  198.329] TLM t= 141.6 L1Wp@-- L2·A@-76 L3·A@-76 R1·A@-76 R2·A@-75 R3·A@-75 罐=无罐 泵=0 阀=011111 速=+0,+0,+0.00 电=7.69V/1.95A/峰2.44 补余=0.0 IO错=0 倾+0.0 自动2/3
[  198.442] EVT 吸附 L1 pressing→sucking 在态0.30s 0.1kPa
[  198.443] EVT 阀 L1 →抽气位
[  198.458] EVT 泵 开 最差盘压-75.0
[  198.836] EVT 吸附 L1 sucking→attached 在态0.40s -67.9kPa
[  198.850] EVT 相位 L1 wait→stance
[  198.850] EVT 抬落完成，轮到 R2
[  198.859] TLM t= 141.6 L1·A@-68 L2·A@-75 L3·A@-76 R1·A@-76 R2·A@-75 R3·A@-75 罐=无罐 泵=1 阀=111111 速=+0,+0,+0.00 电=7.68V/1.95A/峰2.44 补余=0.0 IO错=0 倾+0.0 自动2/3
[  199.123] EVT 泵 停 最差盘压-75.1
[  199.373] TLM t= 142.1 L1·A@-76 L2·A@-76 L3·A@-76 R1·A@-76 R2·A@-76 R3·A@-76 罐=无罐 泵=0 阀=111111 速=+0,+0,+0.00 电=7.72V/1.95A/峰2.44 补余=0.0 IO错=0 倾+0.0 自动2/3
[  199.877] TLM t= 142.6 L1·A@-76 L2·A@-75 L3·A@-76 R1·A@-76 R2·A@-75 R3·A@-75 罐=无罐 泵=0 阀=111111 速=+0,+0,+0.00 电=7.71V/1.87A/峰2.44 补余=0.0 IO错=0 倾+0.0 自动2/3
[  200.395] TLM t= 143.1 L1·A@-75 L2·A@-75 L3·A@-76 R1·A@-76 R2·A@-75 R3·A@-74 罐=无罐 泵=0 阀=111111 速=+0,+0,+0.00 电=7.72V/1.87A/峰2.44 补余=0.0 IO错=0 倾+0.0 自动2/3
[  200.899] TLM t= 143.6 L1·A@-75 L2·A@-74 L3·A@-76 R1·A@-76 R2·A@-74 R3·A@-74 罐=无罐 泵=0 阀=111111 速=+0,+0,+0.00 电=7.71V/1.95A/峰2.44 补余=0.0 IO错=0 倾+0.0 自动2/3
[  201.421] TLM t= 144.1 L1·A@-75 L2·A@-74 L3·A@-76 R1·A@-76 R2·A@-74 R3·A@-73 罐=无罐 泵=0 阀=111111 速=+0,+0,+0.00 电=7.72V/2.04A/峰2.44 补余=0.0 IO错=0 倾+0.0 自动2/3
[  201.922] TLM t= 144.6 L1·A@-75 L2·A@-73 L3·A@-76 R1·A@-76 R2·A@-73 R3·A@-73 罐=无罐 泵=0 阀=111111 速=+0,+0,+0.00 电=7.71V/1.95A/峰2.44 补余=0.0 IO错=0 倾+0.0 自动2/3
[  202.447] TLM t= 145.2 L1·A@-75 L2·A@-73 L3·A@-76 R1·A@-76 R2·A@-73 R3·A@-72 罐=无罐 泵=0 阀=111111 速=+0,+0,+0.00 电=7.71V/1.87A/峰2.44 补余=0.0 IO错=0 倾+0.0 自动2/3
[  202.947] TLM t= 145.7 L1·A@-75 L2·A@-73 L3·A@-76 R1·A@-75 R2·A@-73 R3·A@-71 罐=无罐 泵=0 阀=111111 速=+0,+0,+0.00 电=7.71V/1.87A/峰2.44 补余=0.0 IO错=0 倾+0.0 自动2/3
[  203.470] TLM t= 146.2 L1·A@-74 L2·A@-72 L3·A@-76 R1·A@-75 R2·A@-72 R3·A@-71 罐=无罐 泵=0 阀=111111 速=+0,+0,+0.00 电=7.71V/1.87A/峰2.44 补余=0.0 IO错=0 倾+0.0 自动2/3
[  203.972] TLM t= 146.7 L1·A@-74 L2·A@-72 L3·A@-76 R1·A@-75 R2·A@-72 R3·A@-70 罐=无罐 泵=0 阀=111111 速=+0,+0,+0.00 电=7.70V/1.95A/峰2.44 补余=0.0 IO错=0 倾+0.0 自动2/3
[  204.500] TLM t= 147.2 L1·A@-74 L2·A@-71 L3·A@-76 R1·A@-75 R2·A@-71 R3·A@-69 罐=无罐 泵=0 阀=111111 速=+0,+0,+0.00 电=7.71V/1.87A/峰2.44 补余=0.0 IO错=0 倾+0.0 自动2/3
[  204.998] TLM t= 147.7 L1·A@-74 L2·A@-71 L3·A@-76 R1·A@-75 R2·A@-71 R3·A@-69 罐=无罐 泵=0 阀=111111 速=+0,+0,+0.00 电=7.71V/1.87A/峰2.44 补余=0.0 IO错=0 倾+0.0 自动2/3
[  205.522] TLM t= 148.2 L1·A@-74 L2·A@-70 L3·A@-76 R1·A@-75 R2·A@-71 R3·A@-68 罐=无罐 泵=0 阀=111111 速=+0,+0,+0.00 电=7.71V/1.95A/峰2.44 补余=0.0 IO错=0 倾+0.0 自动2/3
[  206.022] TLM t= 148.7 L1·A@-74 L2·A@-70 L3·A@-76 R1·A@-75 R2·A@-70 R3·A@-67 罐=无罐 泵=0 阀=111111 速=+0,+0,+0.00 电=7.71V/1.95A/峰2.44 补余=0.0 IO错=0 倾+0.0 自动2/3
[  206.548] TLM t= 149.2 L1·A@-74 L2·A@-69 L3·A@-76 R1·A@-75 R2·A@-70 R3·A@-67 罐=无罐 泵=0 阀=111111 速=+0,+0,+0.00 电=7.71V/1.95A/峰2.44 补余=0.0 IO错=0 倾+0.0 自动2/3
[  207.048] TLM t= 149.7 L1·A@-74 L2·A@-69 L3·A@-75 R1·A@-75 R2·A@-70 R3·A@-66 罐=无罐 泵=0 阀=111111 速=+0,+0,+0.00 电=7.72V/1.95A/峰2.44 补余=0.0 IO错=0 倾+0.0 自动2/3
[  207.572] TLM t= 150.3 L1·A@-73 L2·A@-68 L3·A@-75 R1·A@-75 R2·A@-69 R3·A@-65 罐=无罐 泵=0 阀=111111 速=+0,+0,+0.00 电=7.71V/1.95A/峰2.44 补余=0.0 IO错=0 倾+0.0 自动2/3
[  208.072] TLM t= 150.8 L1·A@-73 L2·A@-68 L3·A@-75 R1·A@-75 R2·A@-69 R3·A@-65 罐=无罐 泵=0 阀=111111 速=+0,+0,+0.00 电=7.72V/1.95A/峰2.44 补余=0.0 IO错=0 倾+0.0 自动2/3
[  208.600] TLM t= 151.3 L1·A@-73 L2·A@-68 L3·A@-75 R1·A@-75 R2·A@-68 R3·A@-64 罐=无罐 泵=0 阀=111111 速=+0,+0,+0.00 电=7.70V/1.87A/峰2.44 补余=0.0 IO错=0 倾+0.0 自动2/3
[  208.889] EVT 原地抬起受理：R2
[  208.909] EVT 吸附 R2 attached→venting 在态90.32s -68.2kPa
[  208.909] EVT 相位 R2 stance→vent 落点Δ(+0.0,+0.0)
[  208.922] EVT 阀 R2 →排气位
[  209.098] TLM t= 152.6 L1·A@-73 L2·A@-67 L3·A@-75 R1·A@-75 R2Vv@-68 R3·A@-64 罐=无罐 泵=0 阀=111101 速=+0,+0,+0.00 电=7.71V/1.87A/峰2.44 补余=0.0 IO错=0 倾+0.0 自动2/3
[  209.212] EVT 相位 R2 vent→lift
[  209.312] EVT 吸附 R2 venting→released 在态0.40s 0.0kPa
[  209.620] TLM t= 153.0 L1·A@-73 L2·A@-67 L3·A@-75 R1·A@-75 R2Lr@-- R3·A@-63 罐=无罐 泵=0 阀=111101 速=+0,+0,+0.00 电=7.67V/2.28A/峰2.44 补余=0.0 IO错=0 倾+0.0 自动2/3
[  210.055] EVT 相位 R2 lift→transfer
[  210.123] TLM t= 153.0 L1·A@-73 L2·A@-66 L3·A@-75 R1·A@-75 R2Tr@-- R3·A@-63 罐=无罐 泵=0 阀=111101 速=+0,+0,+0.00 电=7.67V/2.28A/峰2.44 补余=0.0 IO错=0 倾+0.0 自动2/3
[  210.643] TLM t= 153.0 L1·A@-72 L2·A@-66 L3·A@-75 R1·A@-75 R2Tr@-- R3·A@-62 罐=无罐 泵=0 阀=111101 速=+0,+0,+0.00 电=7.66V/2.52A/峰2.52 补余=0.0 IO错=0 倾+0.0 自动2/3
[  210.670] EVT 相位 R2 transfer→hover
[  211.148] TLM t= 153.0 L1·A@-72 L2·A@-65 L3·A@-75 R1·A@-75 R2Hr@-- R3·A@-61 罐=无罐 泵=0 阀=111101 速=+0,+0,+0.00 电=7.71V/1.87A/峰2.52 补余=0.0 IO错=0 倾+0.0 自动2/3
[  211.675] TLM t= 153.0 L1·A@-72 L2·A@-65 L3·A@-75 R1·A@-75 R2Hr@-- R3·A@-61 罐=无罐 泵=0 阀=111101 速=+0,+0,+0.00 电=7.69V/1.95A/峰2.52 补余=0.0 IO错=0 倾+0.0 自动2/3
[  211.683] EVT 落地：R2
[  211.698] EVT 相位 R2 hover→descend
[  212.179] EVT 相位 R2 descend→press
[  212.190] TLM t= 153.0 L1·A@-72 L2·A@-65 L3·A@-75 R1·A@-75 R2Pr@-- R3·A@-60 罐=无罐 泵=0 阀=111101 速=+0,+0,+0.00 电=7.68V/1.95A/峰2.52 补余=0.0 IO错=0 倾+0.0 自动2/3
[  212.267] EVT 泵 开 最差盘压-59.9
[  212.697] TLM t= 153.0 L1·A@-72 L2·A@-69 L3·A@-75 R1·A@-75 R2Pr@-- R3·A@-69 罐=无罐 泵=1 阀=111101 速=+0,+0,+0.00 电=7.67V/1.95A/峰2.52 补余=0.0 IO错=0 倾+0.0 自动2/3
[  213.127] EVT 泵 停 最差盘压-75.2
[  213.213] TLM t= 153.0 L1·A@-76 L2·A@-76 L3·A@-76 R1·A@-76 R2Pr@-- R3·A@-76 罐=无罐 泵=0 阀=111101 速=+0,+0,+0.00 电=7.68V/2.12A/峰2.52 补余=0.0 IO错=0 倾+0.0 自动2/3
[  213.382] EVT 吸附 R2 released→pressing 在态4.06s 0.0kPa
[  213.383] EVT 相位 R2 press→wait
[  213.683] EVT 吸附 R2 pressing→sucking 在态0.30s 0.0kPa
[  213.683] EVT 阀 R2 →抽气位
[  213.711] EVT 泵 开 最差盘压-75.7
[  213.718] TLM t= 153.0 L1·A@-76 L2·A@-76 L3·A@-76 R1·A@-76 R2Ws@-26 R3·A@-76 罐=无罐 泵=1 阀=111111 速=+0,+0,+0.00 电=7.54V/1.95A/峰2.52 补余=0.0 IO错=0 倾+0.0 自动2/3
[  213.969] EVT 吸附 R2 sucking→attached 在态0.28s -68.4kPa
[  213.972] EVT 相位 R2 wait→stance
[  213.972] EVT 抬落完成，轮到 L3
[  214.220] TLM t= 153.2 L1·A@-76 L2·A@-75 L3·A@-76 R1·A@-76 R2·A@-72 R3·A@-75 罐=无罐 泵=1 阀=111111 速=+0,+0,+0.00 电=7.68V/2.04A/峰2.52 补余=0.0 IO错=0 倾+0.0 自动2/3
[  214.394] EVT 泵 停 最差盘压-75.1
[  214.743] TLM t= 153.8 L1·A@-76 L2·A@-76 L3·A@-76 R1·A@-76 R2·A@-75 R3·A@-76 罐=无罐 泵=0 阀=111111 速=+0,+0,+0.00 电=7.70V/2.04A/峰2.52 补余=0.0 IO错=0 倾+0.0 自动2/3
[  215.244] TLM t= 154.3 L1·A@-76 L2·A@-75 L3·A@-76 R1·A@-75 R2·A@-74 R3·A@-75 罐=无罐 泵=0 阀=111111 速=+0,+0,+0.00 电=7.71V/2.12A/峰2.52 补余=0.0 IO错=0 倾+0.0 自动2/3
[  215.769] TLM t= 154.8 L1·A@-76 L2·A@-75 L3·A@-76 R1·A@-75 R2·A@-74 R3·A@-74 罐=无罐 泵=0 阀=111111 速=+0,+0,+0.00 电=7.68V/2.04A/峰2.52 补余=0.0 IO错=0 倾+0.0 自动2/3
[  216.266] TLM t= 155.3 L1·A@-76 L2·A@-74 L3·A@-76 R1·A@-75 R2·A@-73 R3·A@-74 罐=无罐 泵=0 阀=111111 速=+0,+0,+0.00 电=7.71V/2.04A/峰2.52 补余=0.0 IO错=0 倾+0.0 自动2/3
[  216.792] TLM t= 155.8 L1·A@-76 L2·A@-74 L3·A@-76 R1·A@-75 R2·A@-73 R3·A@-73 罐=无罐 泵=0 阀=111111 速=+0,+0,+0.00 电=7.71V/2.04A/峰2.52 补余=0.0 IO错=0 倾+0.0 自动2/3
[  217.293] TLM t= 156.3 L1·A@-75 L2·A@-73 L3·A@-76 R1·A@-75 R2·A@-72 R3·A@-72 罐=无罐 泵=0 阀=111111 速=+0,+0,+0.00 电=7.71V/2.04A/峰2.52 补余=0.0 IO错=0 倾+0.0 自动2/3
[  217.818] TLM t= 156.8 L1·A@-75 L2·A@-73 L3·A@-76 R1·A@-75 R2·A@-72 R3·A@-72 罐=无罐 泵=0 阀=111111 速=+0,+0,+0.00 电=7.71V/2.04A/峰2.52 补余=0.0 IO错=0 倾+0.0 自动2/3
[  218.317] TLM t= 157.3 L1·A@-75 L2·A@-72 L3·A@-76 R1·A@-75 R2·A@-72 R3·A@-71 罐=无罐 泵=0 阀=111111 速=+0,+0,+0.00 电=7.71V/1.95A/峰2.52 补余=0.0 IO错=0 倾+0.0 自动2/3
[  218.842] TLM t= 157.8 L1·A@-75 L2·A@-72 L3·A@-76 R1·A@-75 R2·A@-71 R3·A@-70 罐=无罐 泵=0 阀=111111 速=+0,+0,+0.00 电=7.72V/1.87A/峰2.52 补余=0.0 IO错=0 倾+0.0 自动2/3
[  219.342] TLM t= 158.3 L1·A@-75 L2·A@-72 L3·A@-76 R1·A@-75 R2·A@-71 R3·A@-70 罐=无罐 泵=0 阀=111111 速=+0,+0,+0.00 电=7.70V/1.95A/峰2.52 补余=0.0 IO错=0 倾+0.0 自动2/3
[  219.869] TLM t= 158.9 L1·A@-75 L2·A@-71 L3·A@-76 R1·A@-75 R2·A@-70 R3·A@-69 罐=无罐 泵=0 阀=111111 速=+0,+0,+0.00 电=7.69V/1.95A/峰2.52 补余=0.0 IO错=0 倾+0.0 自动2/3
[  220.369] TLM t= 159.4 L1·A@-75 L2·A@-71 L3·A@-75 R1·A@-75 R2·A@-70 R3·A@-68 罐=无罐 泵=0 阀=111111 速=+0,+0,+0.00 电=7.71V/2.12A/峰2.52 补余=0.0 IO错=0 倾+0.0 自动2/3
[  220.890] TLM t= 159.9 L1·A@-75 L2·A@-70 L3·A@-75 R1·A@-75 R2·A@-69 R3·A@-68 罐=无罐 泵=0 阀=111111 速=+0,+0,+0.00 电=7.71V/1.95A/峰2.52 补余=0.0 IO错=0 倾+0.0 自动2/3
[  221.395] TLM t= 160.4 L1·A@-75 L2·A@-70 L3·A@-75 R1·A@-75 R2·A@-69 R3·A@-67 罐=无罐 泵=0 阀=111111 速=+0,+0,+0.00 电=7.70V/1.95A/峰2.52 补余=0.0 IO错=0 倾+0.0 自动2/3
[  221.921] TLM t= 160.9 L1·A@-75 L2·A@-69 L3·A@-75 R1·A@-75 R2·A@-69 R3·A@-67 罐=无罐 泵=0 阀=111111 速=+0,+0,+0.00 电=7.71V/2.04A/峰2.52 补余=0.0 IO错=0 倾+0.0 自动2/3
[  222.422] TLM t= 161.4 L1·A@-75 L2·A@-69 L3·A@-75 R1·A@-75 R2·A@-68 R3·A@-66 罐=无罐 泵=0 阀=111111 速=+0,+0,+0.00 电=7.71V/1.95A/峰2.52 补余=0.0 IO错=0 倾+0.0 自动2/3
[  222.944] TLM t= 161.9 L1·A@-74 L2·A@-68 L3·A@-75 R1·A@-75 R2·A@-68 R3·A@-65 罐=无罐 泵=0 阀=111111 速=+0,+0,+0.00 电=7.70V/1.95A/峰2.52 补余=0.0 IO错=0 倾+0.0 自动2/3
[  223.450] TLM t= 162.4 L1·A@-74 L2·A@-68 L3·A@-75 R1·A@-75 R2·A@-68 R3·A@-65 罐=无罐 泵=0 阀=111111 速=+0,+0,+0.00 电=7.72V/1.95A/峰2.52 补余=0.0 IO错=0 倾+0.0 自动2/3
[  223.970] TLM t= 162.9 L1·A@-74 L2·A@-67 L3·A@-75 R1·A@-75 R2·A@-67 R3·A@-64 罐=无罐 泵=0 阀=111111 速=+0,+0,+0.00 电=7.71V/1.95A/峰2.52 补余=0.0 IO错=0 倾+0.0 自动2/3
[  223.997] EVT 原地抬起受理：L3
[  224.024] EVT 吸附 L3 attached→venting 在态90.30s -75.1kPa
[  224.024] EVT 相位 L3 stance→vent 落点Δ(+0.0,+0.0)
[  224.044] EVT 阀 L3 →排气位
[  224.323] EVT 相位 L3 vent→lift
[  224.420] EVT 吸附 L3 venting→released 在态0.40s 0.2kPa
[  224.475] TLM t= 164.3 L1·A@-74 L2·A@-67 L3Lr@-- R1·A@-74 R2·A@-67 R3·A@-63 罐=无罐 泵=0 阀=110111 速=+0,+0,+0.00 电=7.72V/1.55A/峰2.52 补余=0.0 IO错=0 倾+0.0 自动2/3
[  224.995] TLM t= 164.4 L1·A@-74 L2·A@-66 L3Lr@-- R1·A@-74 R2·A@-66 R3·A@-63 罐=无罐 泵=0 阀=110111 速=+0,+0,+0.00 电=7.71V/1.71A/峰2.52 补余=0.0 IO错=0 倾+0.0 自动2/3
[  225.168] EVT 相位 L3 lift→transfer
[  225.499] TLM t= 164.4 L1·A@-74 L2·A@-66 L3Tr@-- R1·A@-73 R2·A@-66 R3·A@-62 罐=无罐 泵=0 阀=110111 速=+0,+0,+0.00 电=7.70V/1.71A/峰2.52 补余=0.0 IO错=0 倾+0.0 自动2/3
[  225.793] EVT 相位 L3 transfer→hover
[  226.019] TLM t= 164.4 L1·A@-74 L2·A@-66 L3Hr@-- R1·A@-73 R2·A@-66 R3·A@-61 罐=无罐 泵=0 阀=110111 速=+0,+0,+0.00 电=7.73V/1.55A/峰2.52 补余=0.0 IO错=0 倾+0.0 自动2/3
[  226.527] TLM t= 164.4 L1·A@-74 L2·A@-65 L3Hr@-- R1·A@-72 R2·A@-65 R3·A@-61 罐=无罐 泵=0 阀=110111 速=+0,+0,+0.00 电=7.72V/1.47A/峰2.52 补余=0.0 IO错=0 倾+0.0 自动2/3
[  226.801] EVT 落地：L3
[  226.819] EVT 相位 L3 hover→descend
[  227.052] TLM t= 164.4 L1·A@-74 L2·A@-65 L3Dr@-- R1·A@-72 R2·A@-65 R3·A@-60 罐=无罐 泵=0 阀=110111 速=+0,+0,+0.00 电=7.71V/1.55A/峰2.52 补余=0.0 IO错=0 倾+0.0 自动2/3
[  227.240] EVT 泵 开 最差盘压-60.0
[  227.300] EVT 相位 L3 descend→press
[  227.563] TLM t= 164.4 L1·A@-74 L2·A@-65 L3Pr@-- R1·A@-71 R2·A@-65 R3·A@-65 罐=无罐 泵=1 阀=110111 速=+0,+0,+0.00 电=7.70V/1.63A/峰2.52 补余=0.0 IO错=0 倾+0.0 自动2/3
[  228.084] TLM t= 164.4 L1·A@-75 L2·A@-75 L3Pr@-- R1·A@-75 R2·A@-75 R3·A@-75 罐=无罐 泵=1 阀=110111 速=+0,+0,+0.00 电=7.63V/1.63A/峰2.52 补余=0.0 IO错=0 倾+0.0 自动2/3
[  228.132] EVT 泵 停 最差盘压-75.1
[  228.511] EVT 吸附 L3 released→pressing 在态4.06s 0.2kPa
[  228.511] EVT 相位 L3 press→wait
[  228.595] TLM t= 164.4 L1·A@-76 L2·A@-76 L3Wp@-- R1·A@-75 R2·A@-76 R3·A@-76 罐=无罐 泵=0 阀=110111 速=+0,+0,+0.00 电=7.72V/1.55A/峰2.52 补余=0.0 IO错=0 倾+0.0 自动2/3
[  228.811] EVT 吸附 L3 pressing→sucking 在态0.30s 0.2kPa
[  228.812] EVT 阀 L3 →抽气位
[  228.829] EVT 泵 开 最差盘压-75.3
[  229.092] EVT 吸附 L3 sucking→attached 在态0.28s -61.6kPa
[  229.095] EVT 相位 L3 wait→stance
[  229.095] EVT 抬落完成，轮到 R1
[  229.102] TLM t= 164.4 L1·A@-76 L2·A@-75 L3·A@-62 R1·A@-75 R2·A@-75 R3·A@-75 罐=无罐 泵=1 阀=111111 速=+0,+0,+0.00 电=7.71V/1.47A/峰2.52 补余=0.0 IO错=0 倾+0.0 自动2/3
[  229.576] EVT 泵 停 最差盘压-75.0
[  229.622] TLM t= 164.9 L1·A@-76 L2·A@-76 L3·A@-76 R1·A@-75 R2·A@-76 R3·A@-76 罐=无罐 泵=0 阀=111111 速=+0,+0,+0.00 电=7.73V/1.63A/峰2.52 补余=0.0 IO错=0 倾+0.0 自动2/3
[  230.129] TLM t= 165.4 L1·A@-76 L2·A@-76 L3·A@-76 R1·A@-75 R2·A@-76 R3·A@-76 罐=无罐 泵=0 阀=111111 速=+0,+0,+0.00 电=7.74V/1.47A/峰2.52 补余=0.0 IO错=0 倾+0.0 自动2/3
[  230.643] TLM t= 165.9 L1·A@-76 L2·A@-75 L3·A@-76 R1·A@-75 R2·A@-75 R3·A@-75 罐=无罐 泵=0 阀=111111 速=+0,+0,+0.00 电=7.73V/1.55A/峰2.52 补余=0.0 IO错=0 倾+0.0 自动2/3
[  231.149] TLM t= 166.4 L1·A@-76 L2·A@-75 L3·A@-76 R1·A@-75 R2·A@-75 R3·A@-74 罐=无罐 泵=0 阀=111111 速=+0,+0,+0.00 电=7.72V/1.63A/峰2.52 补余=0.0 IO错=0 倾+0.0 自动2/3
[  231.667] TLM t= 167.0 L1·A@-76 L2·A@-74 L3·A@-75 R1·A@-75 R2·A@-74 R3·A@-74 罐=无罐 泵=0 阀=111111 速=+0,+0,+0.00 电=7.73V/1.55A/峰2.52 补余=0.0 IO错=0 倾+0.0 自动2/3
[  232.176] TLM t= 167.5 L1·A@-76 L2·A@-74 L3·A@-75 R1·A@-74 R2·A@-74 R3·A@-73 罐=无罐 泵=0 阀=111111 速=+0,+0,+0.00 电=7.74V/1.47A/峰2.52 补余=0.0 IO错=0 倾+0.0 自动2/3
[  232.689] TLM t= 168.0 L1·A@-76 L2·A@-73 L3·A@-75 R1·A@-74 R2·A@-73 R3·A@-72 罐=无罐 泵=0 阀=111111 速=+0,+0,+0.00 电=7.73V/1.47A/峰2.52 补余=0.0 IO错=0 倾+0.0 自动2/3
[  233.197] TLM t= 168.5 L1·A@-75 L2·A@-73 L3·A@-75 R1·A@-74 R2·A@-73 R3·A@-72 罐=无罐 泵=0 阀=111111 速=+0,+0,+0.00 电=7.72V/1.63A/峰2.52 补余=0.0 IO错=0 倾+0.0 自动2/3
[  233.714] TLM t= 169.0 L1·A@-75 L2·A@-72 L3·A@-75 R1·A@-74 R2·A@-73 R3·A@-71 罐=无罐 泵=0 阀=111111 速=+0,+0,+0.00 电=7.72V/1.55A/峰2.52 补余=0.0 IO错=0 倾+0.0 自动2/3
[  234.224] TLM t= 169.5 L1·A@-75 L2·A@-72 L3·A@-75 R1·A@-74 R2·A@-72 R3·A@-70 罐=无罐 泵=0 阀=111111 速=+0,+0,+0.00 电=7.72V/1.55A/峰2.52 补余=0.0 IO错=0 倾+0.0 自动2/3
[  234.720] TLM t= 170.0 L1·A@-75 L2·A@-71 L3·A@-75 R1·A@-73 R2·A@-72 R3·A@-70 罐=无罐 泵=0 阀=111111 速=+0,+0,+0.00 电=7.74V/1.47A/峰2.52 补余=0.0 IO错=0 倾+0.0 自动2/3
[  235.246] TLM t= 170.5 L1·A@-75 L2·A@-71 L3·A@-75 R1·A@-73 R2·A@-72 R3·A@-69 罐=无罐 泵=0 阀=111111 速=+0,+0,+0.00 电=7.73V/1.55A/峰2.52 补余=0.0 IO错=0 倾+0.0 自动2/3
[  235.766] TLM t= 171.0 L1·A@-75 L2·A@-71 L3·A@-75 R1·A@-73 R2·A@-71 R3·A@-68 罐=无罐 泵=0 阀=111111 速=+0,+0,+0.00 电=7.73V/1.47A/峰2.52 补余=0.0 IO错=0 倾+0.0 自动2/3
[  236.268] TLM t= 171.5 L1·A@-75 L2·A@-70 L3·A@-75 R1·A@-73 R2·A@-71 R3·A@-68 罐=无罐 泵=0 阀=111111 速=+0,+0,+0.00 电=7.73V/1.47A/峰2.52 补余=0.0 IO错=0 倾+0.0 自动2/3
[  236.785] TLM t= 172.1 L1·A@-75 L2·A@-70 L3·A@-75 R1·A@-73 R2·A@-70 R3·A@-67 罐=无罐 泵=0 阀=111111 速=+0,+0,+0.00 电=7.74V/1.47A/峰2.52 补余=0.0 IO错=0 倾+0.0 自动2/3
[  237.295] TLM t= 172.6 L1·A@-75 L2·A@-69 L3·A@-74 R1·A@-72 R2·A@-70 R3·A@-66 罐=无罐 泵=0 阀=111111 速=+0,+0,+0.00 电=7.74V/1.47A/峰2.52 补余=0.0 IO错=0 倾+0.0 自动2/3
[  237.808] TLM t= 173.1 L1·A@-74 L2·A@-69 L3·A@-74 R1·A@-72 R2·A@-70 R3·A@-66 罐=无罐 泵=0 阀=111111 速=+0,+0,+0.00 电=7.73V/1.38A/峰2.52 补余=0.0 IO错=0 倾+0.0 自动2/3
[  238.314] TLM t= 173.6 L1·A@-74 L2·A@-68 L3·A@-74 R1·A@-72 R2·A@-69 R3·A@-65 罐=无罐 泵=0 阀=111111 速=+0,+0,+0.00 电=7.74V/1.47A/峰2.52 补余=0.0 IO错=0 倾+0.0 自动2/3
[  238.832] TLM t= 174.1 L1·A@-74 L2·A@-68 L3·A@-74 R1·A@-72 R2·A@-69 R3·A@-65 罐=无罐 泵=0 阀=111111 速=+0,+0,+0.00 电=7.72V/1.55A/峰2.52 补余=0.0 IO错=0 倾+0.0 自动2/3
[  239.123] EVT 原地抬起受理：R1
[  239.148] EVT 吸附 R1 attached→venting 在态90.30s -71.8kPa
[  239.149] EVT 相位 R1 stance→vent 落点Δ(+0.0,+0.0)
[  239.166] EVT 阀 R1 →排气位
[  239.334] TLM t= 175.4 L1·A@-74 L2·A@-67 L3·A@-74 R1Vv@-72 R2·A@-69 R3·A@-65 罐=无罐 泵=0 阀=111011 速=+0,+0,+0.00 电=7.66V/2.12A/峰2.52 补余=0.0 IO错=0 倾+0.0 自动2/3
[  239.447] EVT 相位 R1 vent→lift
[  239.546] EVT 吸附 R1 venting→released 在态0.40s -0.1kPa
[  239.838] TLM t= 175.8 L1·A@-74 L2·A@-67 L3·A@-74 R1Lr@-- R2·A@-68 R3·A@-64 罐=无罐 泵=0 阀=111011 速=+0,+0,+0.00 电=7.70V/1.87A/峰2.52 补余=0.0 IO错=0 倾+0.0 自动2/3
[  240.290] EVT 相位 R1 lift→transfer
[  240.357] TLM t= 175.8 L1·A@-74 L2·A@-67 L3·A@-74 R1Tr@-- R2·A@-68 R3·A@-63 罐=无罐 泵=0 阀=111011 速=+0,+0,+0.00 电=7.69V/2.12A/峰2.52 补余=0.0 IO错=0 倾+0.0 自动2/3
[  240.858] TLM t= 175.8 L1·A@-74 L2·A@-66 L3·A@-74 R1Tr@-- R2·A@-67 R3·A@-63 罐=无罐 泵=0 阀=111011 速=+0,+0,+0.00 电=7.68V/2.28A/峰2.52 补余=0.0 IO错=0 倾+0.0 自动2/3
[  240.911] EVT 相位 R1 transfer→hover
[  241.382] TLM t= 175.8 L1·A@-74 L2·A@-66 L3·A@-74 R1Hr@-- R2·A@-67 R3·A@-62 罐=无罐 泵=0 阀=111011 速=+0,+0,+0.00 电=7.70V/1.71A/峰2.52 补余=0.0 IO错=0 倾+0.0 自动2/3
[  241.882] TLM t= 175.8 L1·A@-74 L2·A@-65 L3·A@-74 R1Hr@-- R2·A@-67 R3·A@-61 罐=无罐 泵=0 阀=111011 速=+0,+0,+0.00 电=7.71V/1.87A/峰2.52 补余=0.0 IO错=0 倾+0.0 自动2/3
[  241.914] EVT 落地：R1
[  241.934] EVT 相位 R1 hover→descend
[  242.402] TLM t= 175.8 L1·A@-74 L2·A@-65 L3·A@-74 R1Dr@-- R2·A@-66 R3·A@-61 罐=无罐 泵=0 阀=111011 速=+0,+0,+0.00 电=7.70V/1.87A/峰2.52 补余=0.0 IO错=0 倾+0.0 自动2/3
[  242.416] EVT 相位 R1 descend→press
[  242.906] TLM t= 175.8 L1·A@-73 L2·A@-64 L3·A@-74 R1Pr@-- R2·A@-66 R3·A@-60 罐=无罐 泵=0 阀=111011 速=+0,+0,+0.00 电=7.69V/1.87A/峰2.52 补余=0.0 IO错=0 倾+0.0 自动2/3
[  243.138] EVT 泵 开 最差盘压-59.9
[  243.425] TLM t= 175.8 L1·A@-73 L2·A@-64 L3·A@-74 R1Pr@-- R2·A@-66 R3·A@-62 罐=无罐 泵=1 阀=111011 速=+0,+0,+0.00 电=7.66V/1.95A/峰2.52 补余=0.0 IO错=0 倾+0.0 自动2/3
[  243.619] EVT 吸附 R1 released→pressing 在态4.06s -0.1kPa
[  243.619] EVT 相位 R1 press→wait
[  243.920] EVT 吸附 R1 pressing→sucking 在态0.30s -0.1kPa
[  243.927] EVT 阀 R1 →抽气位
[  243.935] TLM t= 175.8 L1·A@-74 L2·A@-74 L3·A@-74 R1Ws@-0 R2·A@-75 R3·A@-75 罐=无罐 泵=1 阀=111111 速=+0,+0,+0.00 电=7.68V/1.79A/峰2.52 补余=0.0 IO错=0 倾+0.0 自动2/3
[  244.261] EVT 吸附 R1 sucking→attached 在态0.34s -68.3kPa
[  244.262] EVT 相位 R1 wait→stance
[  244.262] EVT 抬落完成，轮到 L2
[  244.452] TLM t= 176.0 L1·A@-75 L2·A@-75 L3·A@-75 R1·A@-73 R2·A@-74 R3·A@-74 罐=无罐 泵=1 阀=111111 速=+0,+0,+0.00 电=7.66V/1.79A/峰2.52 补余=0.0 IO错=0 倾+0.0 自动2/3
[  244.603] EVT 泵 停 最差盘压-75.2
[  244.952] TLM t= 176.5 L1·A@-76 L2·A@-76 L3·A@-76 R1·A@-76 R2·A@-76 R3·A@-76 罐=无罐 泵=0 阀=111111 速=+0,+0,+0.00 电=7.71V/1.87A/峰2.52 补余=0.0 IO错=0 倾+0.0 自动2/3
[  245.454] TLM t= 177.0 L1·A@-76 L2·A@-76 L3·A@-76 R1·A@-75 R2·A@-75 R3·A@-75 罐=无罐 泵=0 阀=111111 速=+0,+0,+0.00 电=7.71V/1.79A/峰2.52 补余=0.0 IO错=0 倾+0.0 自动2/3
[  245.957] TLM t= 177.5 L1·A@-76 L2·A@-75 L3·A@-76 R1·A@-75 R2·A@-75 R3·A@-75 罐=无罐 泵=0 阀=111111 速=+0,+0,+0.00 电=7.72V/1.71A/峰2.52 补余=0.0 IO错=0 倾+0.0 自动2/3
[  246.457] TLM t= 178.0 L1·A@-76 L2·A@-75 L3·A@-76 R1·A@-75 R2·A@-75 R3·A@-74 罐=无罐 泵=0 阀=111111 速=+0,+0,+0.00 电=7.71V/1.71A/峰2.52 补余=0.0 IO错=0 倾+0.0 自动2/3
[  246.960] TLM t= 178.5 L1·A@-76 L2·A@-74 L3·A@-76 R1·A@-75 R2·A@-74 R3·A@-73 罐=无罐 泵=0 阀=111111 速=+0,+0,+0.00 电=7.72V/1.79A/峰2.52 补余=0.0 IO错=0 倾+0.0 自动2/3
[  247.465] TLM t= 179.0 L1·A@-76 L2·A@-74 L3·A@-76 R1·A@-75 R2·A@-74 R3·A@-73 罐=无罐 泵=0 阀=111111 速=+0,+0,+0.00 电=7.72V/1.87A/峰2.52 补余=0.0 IO错=0 倾+0.0 自动2/3
[  247.964] TLM t= 179.5 L1·A@-76 L2·A@-73 L3·A@-76 R1·A@-75 R2·A@-73 R3·A@-72 罐=无罐 泵=0 阀=111111 速=+0,+0,+0.00 电=7.72V/1.87A/峰2.52 补余=0.0 IO错=0 倾+0.0 自动2/3
[  248.468] TLM t= 180.0 L1·A@-76 L2·A@-73 L3·A@-76 R1·A@-75 R2·A@-73 R3·A@-71 罐=无罐 泵=0 阀=111111 速=+0,+0,+0.00 电=7.71V/1.87A/峰2.52 补余=0.0 IO错=0 倾+0.0 自动2/3
[  248.967] TLM t= 180.5 L1·A@-75 L2·A@-72 L3·A@-76 R1·A@-75 R2·A@-73 R3·A@-71 罐=无罐 泵=0 阀=111111 速=+0,+0,+0.00 电=7.71V/1.79A/峰2.52 补余=0.0 IO错=0 倾+0.0 自动2/3
[  249.472] TLM t= 181.0 L1·A@-75 L2·A@-72 L3·A@-76 R1·A@-75 R2·A@-72 R3·A@-70 罐=无罐 泵=0 阀=111111 速=+0,+0,+0.00 电=7.70V/1.87A/峰2.52 补余=0.0 IO错=0 倾+0.0 自动2/3
[  249.968] TLM t= 181.5 L1·A@-75 L2·A@-71 L3·A@-76 R1·A@-75 R2·A@-72 R3·A@-70 罐=无罐 泵=0 阀=111111 速=+0,+0,+0.00 电=7.72V/1.79A/峰2.52 补余=0.0 IO错=0 倾+0.0 自动2/3
[  250.471] TLM t= 182.0 L1·A@-75 L2·A@-71 L3·A@-76 R1·A@-75 R2·A@-71 R3·A@-69 罐=无罐 泵=0 阀=111111 速=+0,+0,+0.00 电=7.71V/1.71A/峰2.52 补余=0.0 IO错=0 倾+0.0 自动2/3
[  250.975] TLM t= 182.5 L1·A@-75 L2·A@-71 L3·A@-76 R1·A@-75 R2·A@-71 R3·A@-68 罐=无罐 泵=0 阀=111111 速=+0,+0,+0.00 电=7.72V/1.87A/峰2.52 补余=0.0 IO错=0 倾+0.0 自动2/3
[  251.476] TLM t= 183.0 L1·A@-75 L2·A@-70 L3·A@-75 R1·A@-74 R2·A@-71 R3·A@-68 罐=无罐 泵=0 阀=111111 速=+0,+0,+0.00 电=7.72V/1.95A/峰2.52 补余=0.0 IO错=0 倾+0.0 自动2/3
[  251.982] TLM t= 183.5 L1·A@-75 L2·A@-70 L3·A@-75 R1·A@-74 R2·A@-70 R3·A@-67 罐=无罐 泵=0 阀=111111 速=+0,+0,+0.00 电=7.72V/1.87A/峰2.52 补余=0.0 IO错=0 倾+0.0 自动2/3
[  252.481] TLM t= 184.0 L1·A@-75 L2·A@-69 L3·A@-75 R1·A@-74 R2·A@-70 R3·A@-66 罐=无罐 泵=0 阀=111111 速=+0,+0,+0.00 电=7.72V/1.71A/峰2.52 补余=0.0 IO错=0 倾+0.0 自动2/3
[  252.985] TLM t= 184.5 L1·A@-75 L2·A@-69 L3·A@-75 R1·A@-74 R2·A@-70 R3·A@-66 罐=无罐 泵=0 阀=111111 速=+0,+0,+0.00 电=7.71V/1.79A/峰2.52 补余=0.0 IO错=0 倾+0.0 自动2/3
[  253.489] TLM t= 185.0 L1·A@-75 L2·A@-68 L3·A@-75 R1·A@-74 R2·A@-69 R3·A@-65 罐=无罐 泵=0 阀=111111 速=+0,+0,+0.00 电=7.71V/1.87A/峰2.52 补余=0.0 IO错=0 倾+0.0 自动2/3
[  253.991] TLM t= 185.5 L1·A@-75 L2·A@-68 L3·A@-75 R1·A@-74 R2·A@-69 R3·A@-65 罐=无罐 泵=0 阀=111111 速=+0,+0,+0.00 电=7.71V/1.87A/峰2.52 补余=0.0 IO错=0 倾+0.0 自动2/3
[  254.293] EVT 原地抬起受理：L2
[  254.320] EVT 吸附 L2 attached→venting 在态90.36s -67.6kPa
[  254.321] EVT 相位 L2 stance→vent 落点Δ(+0.0,+0.0)
[  254.341] EVT 阀 L2 →排气位
[  254.506] TLM t= 186.8 L1·A@-75 L2Vv@-68 L3·A@-75 R1·A@-74 R2·A@-68 R3·A@-64 罐=无罐 泵=0 阀=101111 速=+0,+0,+0.00 电=7.69V/1.95A/峰2.52 补余=0.0 IO错=0 倾+0.0 自动2/3
[  254.619] EVT 相位 L2 vent→lift
[  254.716] EVT 吸附 L2 venting→released 在态0.40s 0.4kPa
[  255.012] TLM t= 187.2 L1·A@-74 L2Lr@-- L3·A@-75 R1·A@-74 R2·A@-68 R3·A@-63 罐=无罐 泵=0 阀=101111 速=+0,+0,+0.00 电=7.70V/1.79A/峰2.52 补余=0.0 IO错=0 倾+0.0 自动2/3
[  255.464] EVT 相位 L2 lift→transfer
[  255.536] TLM t= 187.2 L1·A@-74 L2Tr@-- L3·A@-75 R1·A@-74 R2·A@-68 R3·A@-63 罐=无罐 泵=0 阀=101111 速=+0,+0,+0.00 电=7.67V/1.87A/峰2.52 补余=0.0 IO错=0 倾+0.0 自动2/3
[  256.037] TLM t= 187.2 L1·A@-74 L2Tr@-- L3·A@-75 R1·A@-74 R2·A@-67 R3·A@-62 罐=无罐 泵=0 阀=101111 速=+0,+0,+0.00 电=7.69V/2.20A/峰2.52 补余=0.0 IO错=0 倾+0.0 自动2/3
[  256.091] EVT 相位 L2 transfer→hover
[  256.559] TLM t= 187.2 L1·A@-74 L2Hr@-- L3·A@-75 R1·A@-74 R2·A@-67 R3·A@-62 罐=无罐 泵=0 阀=101111 速=+0,+0,+0.00 电=7.71V/1.63A/峰2.52 补余=0.0 IO错=0 倾+0.0 自动2/3
[  257.065] TLM t= 187.2 L1·A@-74 L2Hr@-- L3·A@-75 R1·A@-74 R2·A@-67 R3·A@-61 罐=无罐 泵=0 阀=101111 速=+0,+0,+0.00 电=7.71V/1.63A/峰2.52 补余=0.0 IO错=0 倾+0.0 自动2/3
[  257.096] EVT 落地：L2
[  257.118] EVT 相位 L2 hover→descend
[  257.584] TLM t= 187.2 L1·A@-74 L2Dr@-- L3·A@-75 R1·A@-74 R2·A@-66 R3·A@-60 罐=无罐 泵=0 阀=101111 速=+0,+0,+0.00 电=7.69V/1.79A/峰2.52 补余=0.0 IO错=0 倾+0.0 自动2/3
[  257.600] EVT 相位 L2 descend→press
[  257.961] EVT 泵 开 最差盘压-59.9
[  258.091] TLM t= 187.2 L1·A@-74 L2Pr@-- L3·A@-75 R1·A@-74 R2·A@-66 R3·A@-60 罐=无罐 泵=1 阀=101111 速=+0,+0,+0.00 电=7.68V/1.71A/峰2.52 补余=0.0 IO错=0 倾+0.0 自动2/3
[  258.617] TLM t= 187.2 L1·A@-74 L2Pr@-- L3·A@-75 R1·A@-74 R2·A@-73 R3·A@-73 罐=无罐 泵=1 阀=101111 速=+0,+0,+0.00 电=7.69V/1.95A/峰2.52 补余=0.0 IO错=0 倾+0.0 自动2/3
[  258.789] EVT 泵 停 最差盘压-75.2
[  258.805] EVT 吸附 L2 released→pressing 在态4.06s 0.4kPa
[  258.806] EVT 相位 L2 press→wait
[  259.106] EVT 吸附 L2 pressing→sucking 在态0.30s 0.4kPa
[  259.112] EVT 阀 L2 →抽气位
[  259.119] TLM t= 187.2 L1·A@-76 L2Ws@0 L3·A@-76 R1·A@-76 R2·A@-76 R3·A@-76 罐=无罐 泵=0 阀=111111 速=+0,+0,+0.00 电=7.72V/1.79A/峰2.52 补余=0.0 IO错=0 倾+0.0 自动2/3
[  259.125] EVT 泵 开 最差盘压-75.7
[  259.385] EVT 吸附 L2 sucking→attached 在态0.28s -67.2kPa
[  259.390] EVT 相位 L2 wait→stance
[  259.390] EVT 抬落完成，轮到 R3
[  259.390] EVT 自动轮换：第 2 轮完成
[  259.644] TLM t= 187.4 L1·A@-76 L2·A@-74 L3·A@-76 R1·A@-76 R2·A@-75 R3·A@-75 罐=无罐 泵=1 阀=111111 速=+0,+0,+0.00 电=7.70V/1.71A/峰2.52 补余=0.0 IO错=0 倾+0.0 自动3/3
[  259.667] EVT 泵 停 最差盘压-75.0
[  260.138] TLM t= 187.9 L1·A@-76 L2·A@-75 L3·A@-76 R1·A@-76 R2·A@-75 R3·A@-75 罐=无罐 泵=0 阀=111111 速=+0,+0,+0.00 电=7.71V/1.71A/峰2.52 补余=0.0 IO错=0 倾+0.0 自动3/3
[  260.663] TLM t= 188.5 L1·A@-76 L2·A@-75 L3·A@-76 R1·A@-76 R2·A@-75 R3·A@-75 罐=无罐 泵=0 阀=111111 速=+0,+0,+0.00 电=7.71V/1.71A/峰2.52 补余=0.0 IO错=0 倾+0.0 自动3/3
[  261.181] TLM t= 189.0 L1·A@-76 L2·A@-74 L3·A@-76 R1·A@-75 R2·A@-74 R3·A@-74 罐=无罐 泵=0 阀=111111 速=+0,+0,+0.00 电=7.72V/1.55A/峰2.52 补余=0.0 IO错=0 倾+0.0 自动3/3
[  261.687] TLM t= 189.5 L1·A@-76 L2·A@-74 L3·A@-76 R1·A@-75 R2·A@-74 R3·A@-73 罐=无罐 泵=0 阀=111111 速=+0,+0,+0.00 电=7.72V/1.79A/峰2.52 补余=0.0 IO错=0 倾+0.0 自动3/3
[  262.205] TLM t= 190.0 L1·A@-76 L2·A@-73 L3·A@-76 R1·A@-75 R2·A@-74 R3·A@-73 罐=无罐 泵=0 阀=111111 速=+0,+0,+0.00 电=7.72V/1.63A/峰2.52 补余=0.0 IO错=0 倾+0.0 自动3/3
[  262.710] TLM t= 190.5 L1·A@-75 L2·A@-73 L3·A@-76 R1·A@-75 R2·A@-73 R3·A@-72 罐=无罐 泵=0 阀=111111 速=+0,+0,+0.00 电=7.72V/1.71A/峰2.52 补余=0.0 IO错=0 倾+0.0 自动3/3
[  263.225] TLM t= 191.0 L1·A@-75 L2·A@-72 L3·A@-76 R1·A@-75 R2·A@-73 R3·A@-71 罐=无罐 泵=0 阀=111111 速=+0,+0,+0.00 电=7.72V/1.71A/峰2.52 补余=0.0 IO错=0 倾+0.0 自动3/3
[  263.730] TLM t= 191.5 L1·A@-75 L2·A@-72 L3·A@-76 R1·A@-75 R2·A@-72 R3·A@-71 罐=无罐 泵=0 阀=111111 速=+0,+0,+0.00 电=7.72V/1.71A/峰2.52 补余=0.0 IO错=0 倾+0.0 自动3/3
[  264.248] TLM t= 192.0 L1·A@-75 L2·A@-71 L3·A@-76 R1·A@-75 R2·A@-72 R3·A@-70 罐=无罐 泵=0 阀=111111 速=+0,+0,+0.00 电=7.72V/1.63A/峰2.52 补余=0.0 IO错=0 倾+0.0 自动3/3
[  264.753] TLM t= 192.5 L1·A@-75 L2·A@-71 L3·A@-75 R1·A@-75 R2·A@-72 R3·A@-69 罐=无罐 泵=0 阀=111111 速=+0,+0,+0.00 电=7.72V/1.71A/峰2.52 补余=0.0 IO错=0 倾+0.0 自动3/3
[  265.271] TLM t= 193.1 L1·A@-75 L2·A@-70 L3·A@-75 R1·A@-75 R2·A@-71 R3·A@-69 罐=无罐 泵=0 阀=111111 速=+0,+0,+0.00 电=7.73V/1.63A/峰2.52 补余=0.0 IO错=0 倾+0.0 自动3/3
[  265.777] TLM t= 193.6 L1·A@-75 L2·A@-70 L3·A@-75 R1·A@-75 R2·A@-71 R3·A@-68 罐=无罐 泵=0 阀=111111 速=+0,+0,+0.00 电=7.72V/1.63A/峰2.52 补余=0.0 IO错=0 倾+0.0 自动3/3
[  266.292] TLM t= 194.1 L1·A@-75 L2·A@-69 L3·A@-75 R1·A@-75 R2·A@-70 R3·A@-67 罐=无罐 泵=0 阀=111111 速=+0,+0,+0.00 电=7.72V/1.79A/峰2.52 补余=0.0 IO错=0 倾+0.0 自动3/3
[  266.800] TLM t= 194.6 L1·A@-75 L2·A@-69 L3·A@-75 R1·A@-75 R2·A@-70 R3·A@-67 罐=无罐 泵=0 阀=111111 速=+0,+0,+0.00 电=7.72V/1.71A/峰2.52 补余=0.0 IO错=0 倾+0.0 自动3/3
[  267.319] TLM t= 195.1 L1·A@-74 L2·A@-68 L3·A@-75 R1·A@-75 R2·A@-70 R3·A@-66 罐=无罐 泵=0 阀=111111 速=+0,+0,+0.00 电=7.72V/1.63A/峰2.52 补余=0.0 IO错=0 倾+0.0 自动3/3
[  267.824] TLM t= 195.6 L1·A@-74 L2·A@-68 L3·A@-75 R1·A@-75 R2·A@-69 R3·A@-65 罐=无罐 泵=0 阀=111111 速=+0,+0,+0.00 电=7.72V/1.71A/峰2.52 补余=0.0 IO错=0 倾+0.0 自动3/3
[  268.345] TLM t= 196.1 L1·A@-74 L2·A@-67 L3·A@-75 R1·A@-75 R2·A@-69 R3·A@-65 罐=无罐 泵=0 阀=111111 速=+0,+0,+0.00 电=7.71V/1.63A/峰2.52 补余=0.0 IO错=0 倾+0.0 自动3/3
[  268.847] TLM t= 196.6 L1·A@-74 L2·A@-67 L3·A@-75 R1·A@-75 R2·A@-69 R3·A@-64 罐=无罐 泵=0 阀=111111 速=+0,+0,+0.00 电=7.72V/1.71A/峰2.52 补余=0.0 IO错=0 倾+0.0 自动3/3
[  269.364] TLM t= 197.1 L1·A@-74 L2·A@-67 L3·A@-75 R1·A@-75 R2·A@-68 R3·A@-64 罐=无罐 泵=0 阀=111111 速=+0,+0,+0.00 电=7.72V/1.55A/峰2.52 补余=0.0 IO错=0 倾+0.0 自动3/3
[  269.873] TLM t= 197.6 L1·A@-74 L2·A@-66 L3·A@-75 R1·A@-75 R2·A@-68 R3·A@-63 罐=无罐 泵=0 阀=111111 速=+0,+0,+0.00 电=7.72V/1.71A/峰2.52 补余=0.0 IO错=0 倾+0.0 自动3/3
[  270.391] TLM t= 198.2 L1·A@-74 L2·A@-66 L3·A@-75 R1·A@-75 R2·A@-68 R3·A@-62 罐=无罐 泵=0 阀=111111 速=+0,+0,+0.00 电=7.71V/1.71A/峰2.52 补余=0.0 IO错=0 倾+0.0 自动3/3
[  270.896] TLM t= 198.6 L1·A@-74 L2·A@-65 L3·A@-75 R1·A@-75 R2·A@-67 R3·A@-62 罐=无罐 泵=0 阀=111111 速=+0,+0,+0.00 电=7.71V/1.63A/峰2.52 补余=0.0 IO错=0 倾+0.0 自动3/3
[  271.400] TLM t= 199.1 L1·A@-74 L2·A@-65 L3·A@-75 R1·A@-75 R2·A@-67 R3·A@-61 罐=无罐 泵=0 阀=111111 速=+0,+0,+0.00 电=7.72V/1.63A/峰2.52 补余=0.0 IO错=0 倾+0.0 自动3/3
[  271.927] TLM t= 199.6 L1·A@-74 L2·A@-64 L3·A@-75 R1·A@-74 R2·A@-66 R3·A@-61 罐=无罐 泵=0 阀=111111 速=+0,+0,+0.00 电=7.71V/1.63A/峰2.52 补余=0.0 IO错=0 倾+0.0 自动3/3
[  272.417] EVT 泵 开 最差盘压-59.9
[  272.426] TLM t= 200.1 L1·A@-74 L2·A@-64 L3·A@-75 R1·A@-74 R2·A@-66 R3·A@-60 罐=无罐 泵=1 阀=111111 速=+0,+0,+0.00 电=7.55V/1.55A/峰2.52 补余=0.0 IO错=0 倾+0.0 自动3/3
[  272.947] TLM t= 200.6 L1·A@-73 L2·A@-71 L3·A@-75 R1·A@-74 R2·A@-70 R3·A@-70 罐=无罐 泵=1 阀=111111 速=+0,+0,+0.00 电=7.64V/1.79A/峰2.52 补余=0.0 IO错=0 倾+0.0 自动3/3
[  273.320] EVT 泵 停 最差盘压-75.3
[  273.450] TLM t= 201.1 L1·A@-76 L2·A@-77 L3·A@-76 R1·A@-76 R2·A@-76 R3·A@-76 罐=无罐 泵=0 阀=111111 速=+0,+0,+0.00 电=7.72V/1.63A/峰2.52 补余=0.0 IO错=0 倾+0.0 自动3/3
[  273.976] TLM t= 201.7 L1·A@-76 L2·A@-76 L3·A@-76 R1·A@-76 R2·A@-76 R3·A@-76 罐=无罐 泵=0 阀=111111 速=+0,+0,+0.00 电=7.72V/1.55A/峰2.52 补余=0.0 IO错=0 倾+0.0 自动3/3
[  274.406] EVT 自动轮换：第 3 轮开始
[  274.418] EVT 原地抬起受理：R3
[  274.445] EVT 吸附 R3 attached→venting 在态90.34s -75.0kPa
[  274.446] EVT 相位 R3 stance→vent 落点Δ(+0.0,+0.0)
[  274.463] EVT 阀 R3 →排气位
[  274.472] TLM t= 205.2 L1·A@-76 L2·A@-75 L3·A@-76 R1·A@-76 R2·A@-75 R3Vv@-75 罐=无罐 泵=0 阀=111110 速=+0,+0,+0.00 电=7.70V/1.63A/峰2.52 补余=0.0 IO错=0 倾+0.0 自动3/3
[  274.747] EVT 相位 R3 vent→lift
[  274.841] EVT 吸附 R3 venting→released 在态0.40s 0.3kPa
[  274.996] TLM t= 205.8 L1·A@-76 L2·A@-75 L3·A@-76 R1·A@-76 R2·A@-75 R3Lr@-- 罐=无罐 泵=0 阀=111110 速=+0,+0,+0.00 电=7.71V/1.47A/峰2.52 补余=0.0 IO错=0 倾+0.0 自动3/3
[  275.511] TLM t= 205.8 L1·A@-76 L2·A@-75 L3·A@-76 R1·A@-76 R2·A@-74 R3Lr@-- 罐=无罐 泵=0 阀=111110 速=+0,+0,+0.00 电=7.72V/1.47A/峰2.52 补余=0.0 IO错=0 倾+0.0 自动3/3
[  275.589] EVT 相位 R3 lift→transfer
[  276.020] TLM t= 205.8 L1·A@-76 L2·A@-74 L3·A@-76 R1·A@-76 R2·A@-74 R3Tr@-- 罐=无罐 泵=0 阀=111110 速=+0,+0,+0.00 电=7.72V/1.47A/峰2.52 补余=0.0 IO错=0 倾+0.0 自动3/3
[  276.208] EVT 相位 R3 transfer→hover
[  276.534] TLM t= 205.8 L1·A@-76 L2·A@-74 L3·A@-76 R1·A@-76 R2·A@-73 R3Hr@-- 罐=无罐 泵=0 阀=111110 速=+0,+0,+0.00 电=7.72V/1.38A/峰2.52 补余=0.0 IO错=0 倾+0.0 自动3/3
[  277.040] TLM t= 205.8 L1·A@-75 L2·A@-73 L3·A@-76 R1·A@-76 R2·A@-73 R3Hr@-- 罐=无罐 泵=0 阀=111110 速=+0,+0,+0.00 电=7.73V/1.30A/峰2.52 补余=0.0 IO错=0 倾+0.0 自动3/3
[  277.214] EVT 落地：R3
[  277.231] EVT 相位 R3 hover→descend
[  277.556] TLM t= 205.8 L1·A@-75 L2·A@-73 L3·A@-76 R1·A@-75 R2·A@-73 R3Dr@-- 罐=无罐 泵=0 阀=111110 速=+0,+0,+0.00 电=7.72V/1.47A/峰2.52 补余=0.0 IO错=0 倾+0.0 自动3/3
[  277.712] EVT 相位 R3 descend→press
[  278.062] TLM t= 205.8 L1·A@-75 L2·A@-72 L3·A@-76 R1·A@-75 R2·A@-72 R3Pr@-- 罐=无罐 泵=0 阀=111110 速=+0,+0,+0.00 电=7.72V/1.30A/峰2.52 补余=0.0 IO错=0 倾+0.0 自动3/3
[  278.577] TLM t= 205.8 L1·A@-75 L2·A@-72 L3·A@-76 R1·A@-75 R2·A@-72 R3Pr@-- 罐=无罐 泵=0 阀=111110 速=+0,+0,+0.00 电=7.71V/1.38A/峰2.52 补余=0.0 IO错=0 倾+0.0 自动3/3
[  278.915] EVT 吸附 R3 released→pressing 在态4.06s 0.3kPa
[  278.916] EVT 相位 R3 press→wait
[  279.087] TLM t= 205.8 L1·A@-75 L2·A@-71 L3·A@-76 R1·A@-75 R2·A@-71 R3Wp@-- 罐=无罐 泵=0 阀=111110 速=+0,+0,+0.00 电=7.72V/1.38A/峰2.52 补余=0.0 IO错=0 倾+0.0 自动3/3
[  279.231] EVT 吸附 R3 pressing→sucking 在态0.32s 0.3kPa
[  279.232] EVT 阀 R3 →抽气位
[  279.259] EVT 泵 开 最差盘压-71.1
[  279.559] EVT 吸附 R3 sucking→attached 在态0.32s -62.5kPa
[  279.560] EVT 相位 R3 wait→stance
[  279.560] EVT 抬落完成，轮到 L1
[  279.588] TLM t= 205.8 L1·A@-74 L2·A@-71 L3·A@-76 R1·A@-75 R2·A@-71 R3·A@-65 罐=无罐 泵=1 阀=111111 速=+0,+0,+0.00 电=7.67V/1.47A/峰2.52 补余=0.0 IO错=0 倾+0.0 自动3/3
[  280.045] EVT 泵 停 最差盘压-75.2
[  280.112] TLM t= 206.3 L1·A@-76 L2·A@-76 L3·A@-76 R1·A@-75 R2·A@-76 R3·A@-76 罐=无罐 泵=0 阀=111111 速=+0,+0,+0.00 电=7.73V/1.38A/峰2.52 补余=0.0 IO错=0 倾+0.0 自动3/3
[  280.616] TLM t= 206.8 L1·A@-76 L2·A@-76 L3·A@-76 R1·A@-75 R2·A@-75 R3·A@-75 罐=无罐 泵=0 阀=111111 速=+0,+0,+0.00 电=7.73V/1.38A/峰2.52 补余=0.0 IO错=0 倾+0.0 自动3/3
[  281.140] TLM t= 207.4 L1·A@-76 L2·A@-75 L3·A@-76 R1·A@-75 R2·A@-75 R3·A@-75 罐=无罐 泵=0 阀=111111 速=+0,+0,+0.00 电=7.73V/1.47A/峰2.52 补余=0.0 IO错=0 倾+0.0 自动3/3
[  281.642] TLM t= 207.9 L1·A@-75 L2·A@-75 L3·A@-76 R1·A@-75 R2·A@-74 R3·A@-74 罐=无罐 泵=0 阀=111111 速=+0,+0,+0.00 电=7.74V/1.38A/峰2.52 补余=0.0 IO错=0 倾+0.0 自动3/3
[  282.168] TLM t= 208.4 L1·A@-75 L2·A@-74 L3·A@-76 R1·A@-75 R2·A@-74 R3·A@-73 罐=无罐 泵=0 阀=111111 速=+0,+0,+0.00 电=7.73V/1.30A/峰2.52 补余=0.0 IO错=0 倾+0.0 自动3/3
[  282.671] TLM t= 208.9 L1·A@-75 L2·A@-74 L3·A@-76 R1·A@-75 R2·A@-74 R3·A@-72 罐=无罐 泵=0 阀=111111 速=+0,+0,+0.00 电=7.73V/1.38A/峰2.52 补余=0.0 IO错=0 倾+0.0 自动3/3
[  283.167] TLM t= 209.4 L1·A@-75 L2·A@-73 L3·A@-76 R1·A@-75 R2·A@-73 R3·A@-72 罐=无罐 泵=0 阀=111111 速=+0,+0,+0.00 电=7.73V/1.38A/峰2.52 补余=0.0 IO错=0 倾+0.0 自动3/3
[  283.675] TLM t= 209.9 L1·A@-75 L2·A@-73 L3·A@-76 R1·A@-75 R2·A@-73 R3·A@-71 罐=无罐 泵=0 阀=111111 速=+0,+0,+0.00 电=7.73V/1.38A/峰2.52 补余=0.0 IO错=0 倾+0.0 自动3/3
[  284.178] TLM t= 210.4 L1·A@-74 L2·A@-72 L3·A@-76 R1·A@-75 R2·A@-73 R3·A@-71 罐=无罐 泵=0 阀=111111 速=+0,+0,+0.00 电=7.73V/1.30A/峰2.52 补余=0.0 IO错=0 倾+0.0 自动3/3
[  284.700] TLM t= 210.9 L1·A@-74 L2·A@-72 L3·A@-76 R1·A@-75 R2·A@-72 R3·A@-70 罐=无罐 泵=0 阀=111111 速=+0,+0,+0.00 电=7.73V/1.47A/峰2.52 补余=0.0 IO错=0 倾+0.0 自动3/3
[  285.205] TLM t= 211.4 L1·A@-74 L2·A@-72 L3·A@-75 R1·A@-75 R2·A@-72 R3·A@-69 罐=无罐 泵=0 阀=111111 速=+0,+0,+0.00 电=7.73V/1.38A/峰2.52 补余=0.0 IO错=0 倾+0.0 自动3/3
[  285.726] TLM t= 211.9 L1·A@-74 L2·A@-71 L3·A@-75 R1·A@-75 R2·A@-71 R3·A@-69 罐=无罐 泵=0 阀=111111 速=+0,+0,+0.00 电=7.73V/1.38A/峰2.52 补余=0.0 IO错=0 倾+0.0 自动3/3
[  286.229] TLM t= 212.4 L1·A@-74 L2·A@-71 L3·A@-75 R1·A@-75 R2·A@-71 R3·A@-68 罐=无罐 泵=0 阀=111111 速=+0,+0,+0.00 电=7.72V/1.38A/峰2.52 补余=0.0 IO错=0 倾+0.0 自动3/3
[  286.752] TLM t= 212.9 L1·A@-73 L2·A@-70 L3·A@-75 R1·A@-75 R2·A@-71 R3·A@-67 罐=无罐 泵=0 阀=111111 速=+0,+0,+0.00 电=7.72V/1.30A/峰2.52 补余=0.0 IO错=0 倾+0.0 自动3/3
[  287.254] TLM t= 213.4 L1·A@-73 L2·A@-70 L3·A@-75 R1·A@-75 R2·A@-70 R3·A@-67 罐=无罐 泵=0 阀=111111 速=+0,+0,+0.00 电=7.72V/1.38A/峰2.52 补余=0.0 IO错=0 倾+0.0 自动3/3
[  287.779] TLM t= 214.0 L1·A@-73 L2·A@-69 L3·A@-75 R1·A@-75 R2·A@-70 R3·A@-66 罐=无罐 泵=0 阀=111111 速=+0,+0,+0.00 电=7.73V/1.47A/峰2.52 补余=0.0 IO错=0 倾+0.0 自动3/3
[  288.280] TLM t= 214.5 L1·A@-73 L2·A@-69 L3·A@-75 R1·A@-75 R2·A@-69 R3·A@-65 罐=无罐 泵=0 阀=111111 速=+0,+0,+0.00 电=7.71V/1.47A/峰2.52 补余=0.0 IO错=0 倾+0.0 自动3/3
[  288.806] TLM t= 215.0 L1·A@-73 L2·A@-68 L3·A@-75 R1·A@-75 R2·A@-69 R3·A@-65 罐=无罐 泵=0 阀=111111 速=+0,+0,+0.00 电=7.72V/1.55A/峰2.52 补余=0.0 IO错=0 倾+0.0 自动3/3
[  289.310] TLM t= 215.5 L1·A@-72 L2·A@-68 L3·A@-75 R1·A@-75 R2·A@-69 R3·A@-64 罐=无罐 泵=0 阀=111111 速=+0,+0,+0.00 电=7.73V/1.47A/峰2.52 补余=0.0 IO错=0 倾+0.0 自动3/3
[  289.601] EVT 原地抬起受理：L1
[  289.614] EVT 吸附 L1 attached→venting 在态90.28s -72.4kPa
[  289.614] EVT 相位 L1 stance→vent 落点Δ(+0.0,+0.0)
[  289.639] EVT 阀 L1 →排气位
[  289.826] TLM t= 216.8 L1Vv@-72 L2·A@-68 L3·A@-75 R1·A@-75 R2·A@-68 R3·A@-63 罐=无罐 泵=0 阀=011111 速=+0,+0,+0.00 电=7.64V/2.69A/峰2.69 补余=0.0 IO错=0 倾+0.0 自动3/3
[  289.915] EVT 相位 L1 vent→lift
[  290.037] EVT 吸附 L1 venting→released 在态0.42s 0.1kPa
[  290.332] TLM t= 217.2 L1Lr@-- L2·A@-67 L3·A@-75 R1·A@-74 R2·A@-68 R3·A@-62 罐=无罐 泵=0 阀=011111 速=+0,+0,+0.00 电=7.67V/2.12A/峰2.69 补余=0.0 IO错=0 倾+0.0 自动3/3
[  290.757] EVT 相位 L1 lift→transfer
[  290.854] TLM t= 217.2 L1Tr@-- L2·A@-67 L3·A@-75 R1·A@-74 R2·A@-67 R3·A@-62 罐=无罐 泵=0 阀=011111 速=+0,+0,+0.00 电=7.65V/2.44A/峰2.69 补余=0.0 IO错=0 倾+0.0 自动3/3
[  291.360] TLM t= 217.2 L1Tr@-- L2·A@-66 L3·A@-75 R1·A@-74 R2·A@-67 R3·A@-61 罐=无罐 泵=0 阀=011111 速=+0,+0,+0.00 电=7.66V/2.69A/峰2.69 补余=0.0 IO错=0 倾+0.0 自动3/3
[  291.389] EVT 相位 L1 transfer→hover
[  291.879] TLM t= 217.2 L1Hr@-- L2·A@-66 L3·A@-75 R1·A@-74 R2·A@-67 R3·A@-60 罐=无罐 泵=0 阀=011111 速=+0,+0,+0.00 电=7.68V/2.04A/峰2.69 补余=0.0 IO错=0 倾+0.0 自动3/3
[  292.254] EVT 泵 开 最差盘压-60.0
[  292.386] TLM t= 217.2 L1Hr@-- L2·A@-66 L3·A@-74 R1·A@-74 R2·A@-66 R3·A@-60 罐=无罐 泵=1 阀=011111 速=+0,+0,+0.00 电=7.62V/2.28A/峰2.69 补余=0.0 IO错=0 倾+0.0 自动3/3
[  292.412] EVT 落地：L1
[  292.434] EVT 相位 L1 hover→descend
[  292.907] TLM t= 217.2 L1Dr@-- L2·A@-73 L3·A@-74 R1·A@-74 R2·A@-73 R3·A@-73 罐=无罐 泵=1 阀=011111 速=+0,+0,+0.00 电=7.59V/2.44A/峰2.69 补余=0.0 IO错=0 倾+0.0 自动3/3
[  292.920] EVT 相位 L1 descend→press
[  293.101] EVT 泵 停 最差盘压-75.0
[  293.412] TLM t= 217.2 L1Pr@-- L2·A@-76 L3·A@-76 R1·A@-76 R2·A@-76 R3·A@-76 罐=无罐 泵=0 阀=011111 速=+0,+0,+0.00 电=7.67V/2.20A/峰2.69 补余=0.0 IO错=0 倾+0.0 自动3/3
[  293.933] TLM t= 217.2 L1Pr@-- L2·A@-75 L3·A@-76 R1·A@-76 R2·A@-75 R3·A@-75 罐=无罐 泵=0 阀=011111 速=+0,+0,+0.00 电=7.66V/2.36A/峰2.69 补余=0.0 IO错=0 倾+0.0 自动3/3
[  294.126] EVT 吸附 L1 released→pressing 在态4.06s 0.1kPa
[  294.127] EVT 相位 L1 press→wait
[  294.437] TLM t= 217.2 L1Wp@-- L2·A@-75 L3·A@-76 R1·A@-75 R2·A@-75 R3·A@-74 罐=无罐 泵=0 阀=011111 速=+0,+0,+0.00 电=7.66V/2.36A/峰2.69 补余=0.0 IO错=0 倾+0.0 自动3/3
[  294.439] EVT 吸附 L1 pressing→sucking 在态0.32s 0.1kPa
[  294.440] EVT 阀 L1 →抽气位
[  294.468] EVT 泵 开 最差盘压-74.4
[  294.800] EVT 吸附 L1 sucking→attached 在态0.36s -64.9kPa
[  294.801] EVT 相位 L1 wait→stance
[  294.801] EVT 抬落完成，轮到 R2
[  294.958] TLM t= 217.3 L1·A@-71 L2·A@-75 L3·A@-76 R1·A@-75 R2·A@-74 R3·A@-74 罐=无罐 泵=1 阀=111111 速=+0,+0,+0.00 电=7.60V/2.28A/峰2.69 补余=0.0 IO错=0 倾+0.0 自动3/3
[  295.191] EVT 泵 停 最差盘压-75.4
[  295.465] TLM t= 217.8 L1·A@-76 L2·A@-76 L3·A@-76 R1·A@-75 R2·A@-76 R3·A@-76 罐=无罐 泵=0 阀=111111 速=+0,+0,+0.00 电=7.67V/2.20A/峰2.69 补余=0.0 IO错=0 倾+0.0 自动3/3
[  295.985] TLM t= 218.4 L1·A@-76 L2·A@-76 L3·A@-76 R1·A@-75 R2·A@-75 R3·A@-75 罐=无罐 泵=0 阀=111111 速=+0,+0,+0.00 电=7.68V/2.12A/峰2.69 补余=0.0 IO错=0 倾+0.0 自动3/3
[  296.489] TLM t= 218.9 L1·A@-76 L2·A@-75 L3·A@-76 R1·A@-75 R2·A@-75 R3·A@-75 罐=无罐 泵=0 阀=111111 速=+0,+0,+0.00 电=7.69V/2.20A/峰2.69 补余=0.0 IO错=0 倾+0.0 自动3/3
[  297.013] TLM t= 219.4 L1·A@-75 L2·A@-75 L3·A@-76 R1·A@-75 R2·A@-75 R3·A@-74 罐=无罐 泵=0 阀=111111 速=+0,+0,+0.00 电=7.68V/2.20A/峰2.69 补余=0.0 IO错=0 倾+0.0 自动3/3
[  297.517] TLM t= 219.9 L1·A@-75 L2·A@-74 L3·A@-76 R1·A@-75 R2·A@-74 R3·A@-73 罐=无罐 泵=0 阀=111111 速=+0,+0,+0.00 电=7.69V/2.04A/峰2.69 补余=0.0 IO错=0 倾+0.0 自动3/3
[  298.039] TLM t= 220.4 L1·A@-75 L2·A@-74 L3·A@-76 R1·A@-75 R2·A@-74 R3·A@-73 罐=无罐 泵=0 阀=111111 速=+0,+0,+0.00 电=7.68V/2.28A/峰2.69 补余=0.0 IO错=0 倾+0.0 自动3/3
[  298.543] TLM t= 220.9 L1·A@-75 L2·A@-73 L3·A@-76 R1·A@-75 R2·A@-73 R3·A@-72 罐=无罐 泵=0 阀=111111 速=+0,+0,+0.00 电=7.68V/2.20A/峰2.69 补余=0.0 IO错=0 倾+0.0 自动3/3
[  299.063] TLM t= 221.4 L1·A@-75 L2·A@-73 L3·A@-76 R1·A@-75 R2·A@-73 R3·A@-71 罐=无罐 泵=0 阀=111111 速=+0,+0,+0.00 电=7.69V/1.95A/峰2.69 补余=0.0 IO错=0 倾+0.0 自动3/3
[  299.572] TLM t= 221.9 L1·A@-75 L2·A@-72 L3·A@-76 R1·A@-75 R2·A@-73 R3·A@-71 罐=无罐 泵=0 阀=111111 速=+0,+0,+0.00 电=7.68V/2.28A/峰2.69 补余=0.0 IO错=0 倾+0.0 自动3/3
[  300.094] TLM t= 222.4 L1·A@-75 L2·A@-72 L3·A@-76 R1·A@-75 R2·A@-72 R3·A@-70 罐=无罐 泵=0 阀=111111 速=+0,+0,+0.00 电=7.68V/2.12A/峰2.69 补余=0.0 IO错=0 倾+0.0 自动3/3
[  300.596] TLM t= 222.9 L1·A@-74 L2·A@-72 L3·A@-76 R1·A@-75 R2·A@-72 R3·A@-69 罐=无罐 泵=0 阀=111111 速=+0,+0,+0.00 电=7.68V/2.04A/峰2.69 补余=0.0 IO错=0 倾+0.0 自动3/3
[  301.120] TLM t= 223.5 L1·A@-74 L2·A@-71 L3·A@-76 R1·A@-75 R2·A@-71 R3·A@-69 罐=无罐 泵=0 阀=111111 速=+0,+0,+0.00 电=7.69V/2.20A/峰2.69 补余=0.0 IO错=0 倾+0.0 自动3/3
[  301.626] TLM t= 224.0 L1·A@-74 L2·A@-71 L3·A@-75 R1·A@-75 R2·A@-71 R3·A@-68 罐=无罐 泵=0 阀=111111 速=+0,+0,+0.00 电=7.68V/2.12A/峰2.69 补余=0.0 IO错=0 倾+0.0 自动3/3
[  302.143] TLM t= 224.5 L1·A@-74 L2·A@-70 L3·A@-75 R1·A@-75 R2·A@-71 R3·A@-68 罐=无罐 泵=0 阀=111111 速=+0,+0,+0.00 电=7.68V/2.12A/峰2.69 补余=0.0 IO错=0 倾+0.0 自动3/3
[  302.649] TLM t= 225.0 L1·A@-74 L2·A@-70 L3·A@-75 R1·A@-75 R2·A@-70 R3·A@-67 罐=无罐 泵=0 阀=111111 速=+0,+0,+0.00 电=7.69V/2.12A/峰2.69 补余=0.0 IO错=0 倾+0.0 自动3/3
[  303.170] TLM t= 225.5 L1·A@-74 L2·A@-69 L3·A@-75 R1·A@-75 R2·A@-70 R3·A@-66 罐=无罐 泵=0 阀=111111 速=+0,+0,+0.00 电=7.68V/2.12A/峰2.69 补余=0.0 IO错=0 倾+0.0 自动3/3
[  303.673] TLM t= 226.0 L1·A@-74 L2·A@-69 L3·A@-75 R1·A@-75 R2·A@-69 R3·A@-66 罐=无罐 泵=0 阀=111111 速=+0,+0,+0.00 电=7.69V/2.12A/峰2.69 补余=0.0 IO错=0 倾+0.0 自动3/3
[  304.197] TLM t= 226.5 L1·A@-74 L2·A@-68 L3·A@-75 R1·A@-75 R2·A@-69 R3·A@-65 罐=无罐 泵=0 阀=111111 速=+0,+0,+0.00 电=7.68V/2.12A/峰2.69 补余=0.0 IO错=0 倾+0.0 自动3/3
[  304.700] TLM t= 227.0 L1·A@-74 L2·A@-68 L3·A@-75 R1·A@-75 R2·A@-69 R3·A@-64 罐=无罐 泵=0 阀=111111 速=+0,+0,+0.00 电=7.68V/2.20A/峰2.69 补余=0.0 IO错=0 倾+0.0 自动3/3
[  304.824] EVT 原地抬起受理：R2
[  304.851] EVT 吸附 R2 attached→venting 在态90.38s -68.6kPa
[  304.852] EVT 相位 R2 stance→vent 落点Δ(+0.0,+0.0)
[  304.869] EVT 阀 R2 →排气位
[  305.152] EVT 相位 R2 vent→lift
[  305.222] TLM t= 228.4 L1·A@-74 L2·A@-68 L3·A@-75 R1·A@-75 R2Lv@-69 R3·A@-64 罐=无罐 泵=0 阀=111101 速=+0,+0,+0.00 电=7.65V/2.20A/峰2.69 补余=0.0 IO错=0 倾+0.0 自动3/3
[  305.295] EVT 吸附 R2 venting→released 在态0.44s 0.0kPa
[  305.724] TLM t= 228.6 L1·A@-73 L2·A@-67 L3·A@-75 R1·A@-75 R2Lr@-- R3·A@-63 罐=无罐 泵=0 阀=111101 速=+0,+0,+0.00 电=7.69V/1.95A/峰2.69 补余=0.0 IO错=0 倾+0.0 自动3/3
[  305.997] EVT 相位 R2 lift→transfer
[  306.249] TLM t= 228.6 L1·A@-73 L2·A@-67 L3·A@-75 R1·A@-75 R2Tr@-- R3·A@-63 罐=无罐 泵=0 阀=111101 速=+0,+0,+0.00 电=7.66V/2.12A/峰2.69 补余=0.0 IO错=0 倾+0.0 自动3/3
[  306.621] EVT 相位 R2 transfer→hover
[  306.748] TLM t= 228.6 L1·A@-73 L2·A@-66 L3·A@-75 R1·A@-75 R2Hr@-- R3·A@-62 罐=无罐 泵=0 阀=111101 速=+0,+0,+0.00 电=7.67V/1.95A/峰2.69 补余=0.0 IO错=0 倾+0.0 自动3/3
[  307.274] TLM t= 228.6 L1·A@-73 L2·A@-66 L3·A@-75 R1·A@-74 R2Hr@-- R3·A@-62 罐=无罐 泵=0 阀=111101 速=+0,+0,+0.00 电=7.69V/1.87A/峰2.69 补余=0.0 IO错=0 倾+0.0 自动3/3
[  307.630] EVT 落地：R2
[  307.648] EVT 相位 R2 hover→descend
[  307.779] TLM t= 228.6 L1·A@-73 L2·A@-66 L3·A@-75 R1·A@-74 R2Dr@-- R3·A@-61 罐=无罐 泵=0 阀=111101 速=+0,+0,+0.00 电=7.67V/1.95A/峰2.69 补余=0.0 IO错=0 倾+0.0 自动3/3
[  308.129] EVT 相位 R2 descend→press
[  308.301] TLM t= 228.6 L1·A@-73 L2·A@-65 L3·A@-75 R1·A@-74 R2Pr@-- R3·A@-60 罐=无罐 泵=0 阀=111101 速=+0,+0,+0.00 电=7.67V/1.87A/峰2.69 补余=0.0 IO错=0 倾+0.0 自动3/3
[  308.675] EVT 泵 开 最差盘压-60.0
[  308.806] TLM t= 228.6 L1·A@-72 L2·A@-65 L3·A@-75 R1·A@-74 R2Pr@-- R3·A@-60 罐=无罐 泵=1 阀=111101 速=+0,+0,+0.00 电=7.64V/1.95A/峰2.69 补余=0.0 IO错=0 倾+0.0 自动3/3
[  309.329] TLM t= 228.6 L1·A@-73 L2·A@-74 L3·A@-75 R1·A@-74 R2Pr@-- R3·A@-73 罐=无罐 泵=1 阀=111101 速=+0,+0,+0.00 电=7.62V/2.04A/峰2.69 补余=0.0 IO错=0 倾+0.0 自动3/3
[  309.339] EVT 吸附 R2 released→pressing 在态4.02s 0.0kPa
[  309.340] EVT 相位 R2 press→wait
[  309.520] EVT 泵 停 最差盘压-75.0
[  309.655] EVT 吸附 R2 pressing→sucking 在态0.32s 0.0kPa
[  309.655] EVT 阀 R2 →抽气位
[  309.683] EVT 泵 开 最差盘压-75.6
[  309.832] TLM t= 228.6 L1·A@-76 L2·A@-76 L3·A@-76 R1·A@-76 R2Ws@-68 R3·A@-76 罐=无罐 泵=1 阀=111111 速=+0,+0,+0.00 电=7.64V/1.95A/峰2.69 补余=0.0 IO错=0 倾+0.0 自动3/3
[  309.924] EVT 吸附 R2 sucking→attached 在态0.26s -68.3kPa
[  309.924] EVT 相位 R2 wait→stance
[  309.924] EVT 抬落完成，轮到 L3
[  310.355] TLM t= 229.0 L1·A@-76 L2·A@-76 L3·A@-76 R1·A@-75 R2·A@-75 R3·A@-75 罐=无罐 泵=1 阀=111111 速=+0,+0,+0.00 电=7.64V/2.04A/峰2.69 补余=0.0 IO错=0 倾+0.0 自动3/3
[  310.368] EVT 泵 停 最差盘压-75.5
[  310.857] TLM t= 229.5 L1·A@-76 L2·A@-76 L3·A@-76 R1·A@-75 R2·A@-75 R3·A@-76 罐=无罐 泵=0 阀=111111 速=+0,+0,+0.00 电=7.69V/1.95A/峰2.69 补余=0.0 IO错=0 倾+0.0 自动3/3
[  311.379] TLM t= 230.0 L1·A@-76 L2·A@-75 L3·A@-76 R1·A@-75 R2·A@-74 R3·A@-75 罐=无罐 泵=0 阀=111111 速=+0,+0,+0.00 电=7.68V/1.95A/峰2.69 补余=0.0 IO错=0 倾+0.0 自动3/3
[  311.886] TLM t= 230.5 L1·A@-76 L2·A@-75 L3·A@-76 R1·A@-75 R2·A@-74 R3·A@-74 罐=无罐 泵=0 阀=111111 速=+0,+0,+0.00 电=7.69V/2.04A/峰2.69 补余=0.0 IO错=0 倾+0.0 自动3/3
[  312.404] TLM t= 231.1 L1·A@-76 L2·A@-75 L3·A@-76 R1·A@-75 R2·A@-73 R3·A@-74 罐=无罐 泵=0 阀=111111 速=+0,+0,+0.00 电=7.68V/1.87A/峰2.69 补余=0.0 IO错=0 倾+0.0 自动3/3
[  312.908] TLM t= 231.6 L1·A@-76 L2·A@-74 L3·A@-76 R1·A@-75 R2·A@-73 R3·A@-73 罐=无罐 泵=0 阀=111111 速=+0,+0,+0.00 电=7.69V/1.95A/峰2.69 补余=0.0 IO错=0 倾+0.0 自动3/3
[  313.435] TLM t= 232.1 L1·A@-76 L2·A@-74 L3·A@-76 R1·A@-75 R2·A@-72 R3·A@-72 罐=无罐 泵=0 阀=111111 速=+0,+0,+0.00 电=7.68V/1.95A/峰2.69 补余=0.0 IO错=0 倾+0.0 自动3/3
[  313.940] TLM t= 232.6 L1·A@-75 L2·A@-73 L3·A@-76 R1·A@-75 R2·A@-72 R3·A@-72 罐=无罐 泵=0 阀=111111 速=+0,+0,+0.00 电=7.70V/1.95A/峰2.69 补余=0.0 IO错=0 倾+0.0 自动3/3
[  314.459] TLM t= 233.1 L1·A@-75 L2·A@-73 L3·A@-76 R1·A@-75 R2·A@-72 R3·A@-71 罐=无罐 泵=0 阀=111111 速=+0,+0,+0.00 电=7.69V/1.95A/峰2.69 补余=0.0 IO错=0 倾+0.0 自动3/3
[  314.967] TLM t= 233.6 L1·A@-75 L2·A@-72 L3·A@-76 R1·A@-75 R2·A@-71 R3·A@-70 罐=无罐 泵=0 阀=111111 速=+0,+0,+0.00 电=7.69V/1.87A/峰2.69 补余=0.0 IO错=0 倾+0.0 自动3/3
[  315.484] TLM t= 234.1 L1·A@-75 L2·A@-72 L3·A@-76 R1·A@-75 R2·A@-71 R3·A@-70 罐=无罐 泵=0 阀=111111 速=+0,+0,+0.00 电=7.69V/1.95A/峰2.69 补余=0.0 IO错=0 倾+0.0 自动3/3
[  315.986] TLM t= 234.6 L1·A@-75 L2·A@-71 L3·A@-76 R1·A@-75 R2·A@-70 R3·A@-69 罐=无罐 泵=0 阀=111111 速=+0,+0,+0.00 电=7.70V/1.95A/峰2.69 补余=0.0 IO错=0 倾+0.0 自动3/3
[  316.509] TLM t= 235.1 L1·A@-75 L2·A@-71 L3·A@-75 R1·A@-75 R2·A@-70 R3·A@-69 罐=无罐 泵=0 阀=111111 速=+0,+0,+0.00 电=7.69V/2.04A/峰2.69 补余=0.0 IO错=0 倾+0.0 自动3/3
[  317.013] TLM t= 235.6 L1·A@-75 L2·A@-70 L3·A@-75 R1·A@-75 R2·A@-70 R3·A@-68 罐=无罐 泵=0 阀=111111 速=+0,+0,+0.00 电=7.70V/2.04A/峰2.69 补余=0.0 IO错=0 倾+0.0 自动3/3
[  317.534] TLM t= 236.2 L1·A@-75 L2·A@-70 L3·A@-75 R1·A@-75 R2·A@-69 R3·A@-67 罐=无罐 泵=0 阀=111111 速=+0,+0,+0.00 电=7.69V/1.95A/峰2.69 补余=0.0 IO错=0 倾+0.0 自动3/3
[  318.040] TLM t= 236.7 L1·A@-75 L2·A@-70 L3·A@-75 R1·A@-74 R2·A@-69 R3·A@-67 罐=无罐 泵=0 阀=111111 速=+0,+0,+0.00 电=7.70V/2.04A/峰2.69 补余=0.0 IO错=0 倾+0.0 自动3/3
[  318.557] TLM t= 237.2 L1·A@-75 L2·A@-69 L3·A@-75 R1·A@-74 R2·A@-68 R3·A@-66 罐=无罐 泵=0 阀=111111 速=+0,+0,+0.00 电=7.69V/1.87A/峰2.69 补余=0.0 IO错=0 倾+0.0 自动3/3
[  319.065] TLM t= 237.7 L1·A@-75 L2·A@-69 L3·A@-75 R1·A@-74 R2·A@-68 R3·A@-65 罐=无罐 泵=0 阀=111111 速=+0,+0,+0.00 电=7.68V/1.95A/峰2.69 补余=0.0 IO错=0 倾+0.0 自动3/3
[  319.585] TLM t= 238.2 L1·A@-74 L2·A@-68 L3·A@-75 R1·A@-74 R2·A@-68 R3·A@-65 罐=无罐 泵=0 阀=111111 速=+0,+0,+0.00 电=7.68V/1.95A/峰2.69 补余=0.0 IO错=0 倾+0.0 自动3/3
[  319.959] EVT 原地抬起受理：L3
[  319.971] EVT 吸附 L3 attached→venting 在态90.38s -75.2kPa
[  319.971] EVT 相位 L3 stance→vent 落点Δ(+0.0,+0.0)
[  319.997] EVT 阀 L3 →排气位
[  320.085] TLM t= 239.5 L1·A@-74 L2·A@-68 L3Vv@-75 R1·A@-74 R2·A@-67 R3·A@-64 罐=无罐 泵=0 阀=110111 速=+0,+0,+0.00 电=7.67V/2.04A/峰2.69 补余=0.0 IO错=0 倾+0.0 自动3/3
[  320.272] EVT 相位 L3 vent→lift
[  320.395] EVT 吸附 L3 venting→released 在态0.42s 0.2kPa
[  320.607] TLM t= 240.0 L1·A@-74 L2·A@-67 L3Lr@-- R1·A@-74 R2·A@-67 R3·A@-63 罐=无罐 泵=0 阀=110111 速=+0,+0,+0.00 电=7.69V/1.63A/峰2.69 补余=0.0 IO错=0 倾+0.0 自动3/3
[  321.112] TLM t= 240.0 L1·A@-74 L2·A@-67 L3Lr@-- R1·A@-73 R2·A@-66 R3·A@-63 罐=无罐 泵=0 阀=110111 速=+0,+0,+0.00 电=7.69V/1.55A/峰2.69 补余=0.0 IO错=0 倾+0.0 自动3/3
[  321.115] EVT 相位 L3 lift→transfer
[  321.628] TLM t= 240.0 L1·A@-74 L2·A@-67 L3Tr@-- R1·A@-73 R2·A@-66 R3·A@-62 罐=无罐 泵=0 阀=110111 速=+0,+0,+0.00 电=7.68V/1.79A/峰2.69 补余=0.0 IO错=0 倾+0.0 自动3/3
[  321.741] EVT 相位 L3 transfer→hover
[  322.134] TLM t= 240.0 L1·A@-74 L2·A@-66 L3Hr@-- R1·A@-72 R2·A@-66 R3·A@-62 罐=无罐 泵=0 阀=110111 速=+0,+0,+0.00 电=7.70V/1.55A/峰2.69 补余=0.0 IO错=0 倾+0.0 自动3/3
[  322.653] TLM t= 240.0 L1·A@-74 L2·A@-66 L3Hr@-- R1·A@-72 R2·A@-65 R3·A@-61 罐=无罐 泵=0 阀=110111 速=+0,+0,+0.00 电=7.71V/1.63A/峰2.69 补余=0.0 IO错=0 倾+0.0 自动3/3
[  322.764] EVT 落地：L3
[  322.787] EVT 相位 L3 hover→descend
[  323.155] TLM t= 240.0 L1·A@-74 L2·A@-65 L3Dr@-- R1·A@-71 R2·A@-65 R3·A@-60 罐=无罐 泵=0 阀=110111 速=+0,+0,+0.00 电=7.71V/1.47A/峰2.69 补余=0.0 IO错=0 倾+0.0 自动3/3
[  323.268] EVT 相位 L3 descend→press
[  323.509] EVT 泵 开 最差盘压-59.9
[  323.677] TLM t= 240.0 L1·A@-74 L2·A@-65 L3Pr@-- R1·A@-71 R2·A@-65 R3·A@-60 罐=无罐 泵=1 阀=110111 速=+0,+0,+0.00 电=7.68V/1.55A/峰2.69 补余=0.0 IO错=0 倾+0.0 自动3/3
[  324.187] TLM t= 240.0 L1·A@-74 L2·A@-73 L3Pr@-- R1·A@-72 R2·A@-73 R3·A@-73 罐=无罐 泵=1 阀=110111 速=+0,+0,+0.00 电=7.69V/1.38A/峰2.69 补余=0.0 IO错=0 倾+0.0 自动3/3
[  324.419] EVT 泵 停 最差盘压-75.2
[  324.479] EVT 吸附 L3 released→pressing 在态4.06s 0.2kPa
[  324.480] EVT 相位 L3 press→wait
[  324.705] TLM t= 240.0 L1·A@-76 L2·A@-76 L3Wp@-- R1·A@-76 R2·A@-76 R3·A@-76 罐=无罐 泵=0 阀=110111 速=+0,+0,+0.00 电=7.71V/1.47A/峰2.69 补余=0.0 IO错=0 倾+0.0 自动3/3
[  324.793] EVT 吸附 L3 pressing→sucking 在态0.32s 0.2kPa
[  324.793] EVT 阀 L3 →抽气位
[  324.820] EVT 泵 开 最差盘压-75.6
[  325.093] EVT 吸附 L3 sucking→attached 在态0.30s -61.3kPa
[  325.094] EVT 相位 L3 wait→stance
[  325.094] EVT 抬落完成，轮到 R1
[  325.214] TLM t= 240.1 L1·A@-76 L2·A@-76 L3·A@-67 R1·A@-75 R2·A@-75 R3·A@-75 罐=无罐 泵=1 阀=111111 速=+0,+0,+0.00 电=7.68V/1.55A/峰2.69 补余=0.0 IO错=0 倾+0.0 自动3/3
[  325.623] EVT 泵 停 最差盘压-75.6
[  325.734] TLM t= 240.6 L1·A@-77 L2·A@-77 L3·A@-77 R1·A@-76 R2·A@-77 R3·A@-77 罐=无罐 泵=0 阀=111111 速=+0,+0,+0.00 电=7.72V/1.55A/峰2.69 补余=0.0 IO错=0 倾+0.0 自动3/3
[  326.235] TLM t= 241.1 L1·A@-77 L2·A@-76 L3·A@-76 R1·A@-76 R2·A@-76 R3·A@-76 罐=无罐 泵=0 阀=111111 速=+0,+0,+0.00 电=7.70V/1.55A/峰2.69 补余=0.0 IO错=0 倾+0.0 自动3/3
[  326.758] TLM t= 241.6 L1·A@-76 L2·A@-76 L3·A@-76 R1·A@-76 R2·A@-76 R3·A@-75 罐=无罐 泵=0 阀=111111 速=+0,+0,+0.00 电=7.72V/1.63A/峰2.69 补余=0.0 IO错=0 倾+0.0 自动3/3
[  327.261] TLM t= 242.1 L1·A@-76 L2·A@-75 L3·A@-76 R1·A@-75 R2·A@-75 R3·A@-75 罐=无罐 泵=0 阀=111111 速=+0,+0,+0.00 电=7.72V/1.63A/峰2.69 补余=0.0 IO错=0 倾+0.0 自动3/3
[  327.783] TLM t= 242.7 L1·A@-76 L2·A@-75 L3·A@-76 R1·A@-75 R2·A@-75 R3·A@-74 罐=无罐 泵=0 阀=111111 速=+0,+0,+0.00 电=7.71V/1.47A/峰2.69 补余=0.0 IO错=0 倾+0.0 自动3/3
[  328.291] TLM t= 243.2 L1·A@-76 L2·A@-74 L3·A@-76 R1·A@-75 R2·A@-74 R3·A@-73 罐=无罐 泵=0 阀=111111 速=+0,+0,+0.00 电=7.72V/1.63A/峰2.69 补余=0.0 IO错=0 倾+0.0 自动3/3
[  328.807] TLM t= 243.7 L1·A@-76 L2·A@-74 L3·A@-76 R1·A@-75 R2·A@-74 R3·A@-73 罐=无罐 泵=0 阀=111111 速=+0,+0,+0.00 电=7.71V/1.47A/峰2.69 补余=0.0 IO错=0 倾+0.0 自动3/3
[  329.312] TLM t= 244.2 L1·A@-76 L2·A@-73 L3·A@-76 R1·A@-74 R2·A@-73 R3·A@-72 罐=无罐 泵=0 阀=111111 速=+0,+0,+0.00 电=7.72V/1.47A/峰2.69 补余=0.0 IO错=0 倾+0.0 自动3/3
[  329.833] TLM t= 244.7 L1·A@-76 L2·A@-73 L3·A@-76 R1·A@-74 R2·A@-73 R3·A@-71 罐=无罐 泵=0 阀=111111 速=+0,+0,+0.00 电=7.71V/1.55A/峰2.69 补余=0.0 IO错=0 倾+0.0 自动3/3
[  330.340] TLM t= 245.2 L1·A@-76 L2·A@-73 L3·A@-75 R1·A@-74 R2·A@-73 R3·A@-71 罐=无罐 泵=0 阀=111111 速=+0,+0,+0.00 电=7.72V/1.47A/峰2.69 补余=0.0 IO错=0 倾+0.0 自动3/3
[  330.861] TLM t= 245.7 L1·A@-76 L2·A@-72 L3·A@-75 R1·A@-74 R2·A@-72 R3·A@-70 罐=无罐 泵=0 阀=111111 速=+0,+0,+0.00 电=7.72V/1.47A/峰2.69 补余=0.0 IO错=0 倾+0.0 自动3/3
[  331.367] TLM t= 246.2 L1·A@-76 L2·A@-72 L3·A@-75 R1·A@-74 R2·A@-72 R3·A@-69 罐=无罐 泵=0 阀=111111 速=+0,+0,+0.00 电=7.72V/1.55A/峰2.69 补余=0.0 IO错=0 倾+0.0 自动3/3
[  331.885] TLM t= 246.7 L1·A@-75 L2·A@-71 L3·A@-75 R1·A@-73 R2·A@-71 R3·A@-69 罐=无罐 泵=0 阀=111111 速=+0,+0,+0.00 电=7.72V/1.55A/峰2.69 补余=0.0 IO错=0 倾+0.0 自动3/3
[  332.387] TLM t= 247.2 L1·A@-75 L2·A@-71 L3·A@-75 R1·A@-73 R2·A@-71 R3·A@-68 罐=无罐 泵=0 阀=111111 速=+0,+0,+0.00 电=7.72V/1.55A/峰2.69 补余=0.0 IO错=0 倾+0.0 自动3/3
[  332.913] TLM t= 247.8 L1·A@-75 L2·A@-70 L3·A@-75 R1·A@-73 R2·A@-71 R3·A@-68 罐=无罐 泵=0 阀=111111 速=+0,+0,+0.00 电=7.71V/1.47A/峰2.69 补余=0.0 IO错=0 倾+0.0 自动3/3
[  333.414] TLM t= 248.3 L1·A@-75 L2·A@-70 L3·A@-75 R1·A@-73 R2·A@-70 R3·A@-67 罐=无罐 泵=0 阀=111111 速=+0,+0,+0.00 电=7.71V/1.55A/峰2.69 补余=0.0 IO错=0 倾+0.0 自动3/3
[  333.936] TLM t= 248.8 L1·A@-75 L2·A@-69 L3·A@-75 R1·A@-73 R2·A@-70 R3·A@-66 罐=无罐 泵=0 阀=111111 速=+0,+0,+0.00 电=7.71V/1.47A/峰2.69 补余=0.0 IO错=0 倾+0.0 自动3/3
[  334.441] TLM t= 249.3 L1·A@-75 L2·A@-69 L3·A@-75 R1·A@-72 R2·A@-70 R3·A@-66 罐=无罐 泵=0 阀=111111 速=+0,+0,+0.00 电=7.70V/1.55A/峰2.69 补余=0.0 IO错=0 倾+0.0 自动3/3
[  334.962] TLM t= 249.8 L1·A@-75 L2·A@-69 L3·A@-75 R1·A@-72 R2·A@-69 R3·A@-65 罐=无罐 泵=0 阀=111111 速=+0,+0,+0.00 电=7.70V/1.47A/峰2.69 补余=0.0 IO错=0 倾+0.0 自动3/3
[  335.110] EVT 原地抬起受理：R1
[  335.137] EVT 吸附 R1 attached→venting 在态90.34s -72.1kPa
[  335.138] EVT 相位 R1 stance→vent 落点Δ(+0.0,+0.0)
[  335.156] EVT 阀 R1 →排气位
[  335.439] EVT 相位 R1 vent→lift
[  335.465] TLM t= 251.1 L1·A@-75 L2·A@-68 L3·A@-75 R1Lv@-72 R2·A@-69 R3·A@-65 罐=无罐 泵=0 阀=111011 速=+0,+0,+0.00 电=7.67V/1.95A/峰2.69 补余=0.0 IO错=0 倾+0.0 自动3/3
[  335.579] EVT 吸附 R1 venting→released 在态0.44s -0.1kPa
[  335.993] TLM t= 251.4 L1·A@-75 L2·A@-68 L3·A@-75 R1Lr@-- R2·A@-68 R3·A@-64 罐=无罐 泵=0 阀=111011 速=+0,+0,+0.00 电=7.68V/1.87A/峰2.69 补余=0.0 IO错=0 倾+0.0 自动3/3
[  336.287] EVT 相位 R1 lift→transfer
[  336.493] TLM t= 251.4 L1·A@-74 L2·A@-67 L3·A@-74 R1Tr@-- R2·A@-68 R3·A@-64 罐=无罐 泵=0 阀=111011 速=+0,+0,+0.00 电=7.68V/1.87A/峰2.69 补余=0.0 IO错=0 倾+0.0 自动3/3
[  336.906] EVT 相位 R1 transfer→hover
[  337.019] TLM t= 251.4 L1·A@-74 L2·A@-67 L3·A@-74 R1Hr@-- R2·A@-68 R3·A@-63 罐=无罐 泵=0 阀=111011 速=+0,+0,+0.00 电=7.68V/1.87A/峰2.69 补余=0.0 IO错=0 倾+0.0 自动3/3
[  337.522] TLM t= 251.4 L1·A@-74 L2·A@-66 L3·A@-74 R1Hr@-- R2·A@-67 R3·A@-62 罐=无罐 泵=0 阀=111011 速=+0,+0,+0.00 电=7.68V/1.87A/峰2.69 补余=0.0 IO错=0 倾+0.0 自动3/3
[  337.914] EVT 落地：R1
[  337.932] EVT 相位 R1 hover→descend
[  338.044] TLM t= 251.4 L1·A@-74 L2·A@-66 L3·A@-74 R1Dr@-- R2·A@-67 R3·A@-62 罐=无罐 泵=0 阀=111011 速=+0,+0,+0.00 电=7.67V/2.04A/峰2.69 补余=0.0 IO错=0 倾+0.0 自动3/3
[  338.416] EVT 相位 R1 descend→press
[  338.545] TLM t= 251.4 L1·A@-74 L2·A@-66 L3·A@-74 R1Pr@-- R2·A@-66 R3·A@-61 罐=无罐 泵=0 阀=111011 速=+0,+0,+0.00 电=7.68V/1.87A/峰2.69 补余=0.0 IO错=0 倾+0.0 自动3/3
[  339.069] TLM t= 251.4 L1·A@-74 L2·A@-65 L3·A@-74 R1Pr@-- R2·A@-66 R3·A@-61 罐=无罐 泵=0 阀=111011 速=+0,+0,+0.00 电=7.68V/1.95A/峰2.69 补余=0.0 IO错=0 倾+0.0 自动3/3
[  339.567] TLM t= 251.4 L1·A@-74 L2·A@-65 L3·A@-74 R1Pr@-- R2·A@-66 R3·A@-60 罐=无罐 泵=0 阀=111011 速=+0,+0,+0.00 电=7.66V/1.95A/峰2.69 补余=0.0 IO错=0 倾+0.0 自动3/3
[  339.621] EVT 吸附 R1 released→pressing 在态4.02s -0.1kPa
[  339.621] EVT 相位 R1 press→wait
[  339.741] EVT 泵 开 最差盘压-59.9
[  339.936] EVT 吸附 R1 pressing→sucking 在态0.32s -0.1kPa
[  339.937] EVT 阀 R1 →抽气位
[  340.093] TLM t= 251.4 L1·A@-74 L2·A@-64 L3·A@-74 R1Ws@-17 R2·A@-65 R3·A@-61 罐=无罐 泵=1 阀=111111 速=+0,+0,+0.00 电=7.60V/1.87A/峰2.69 补余=0.0 IO错=0 倾+0.0 自动3/3
[  340.329] EVT 吸附 R1 sucking→attached 在态0.38s -64.2kPa
[  340.329] EVT 相位 R1 wait→stance
[  340.329] EVT 抬落完成，轮到 L2
[  340.599] TLM t= 251.7 L1·A@-74 L2·A@-72 L3·A@-74 R1·A@-71 R2·A@-72 R3·A@-72 罐=无罐 泵=1 阀=111111 速=+0,+0,+0.00 电=7.66V/1.71A/峰2.69 补余=0.0 IO错=0 倾+0.0 自动3/3
[  340.951] EVT 泵 停 最差盘压-75.3
[  341.121] TLM t= 252.2 L1·A@-76 L2·A@-76 L3·A@-76 R1·A@-76 R2·A@-76 R3·A@-76 罐=无罐 泵=0 阀=111111 速=+0,+0,+0.00 电=7.69V/1.87A/峰2.69 补余=0.0 IO错=0 倾+0.0 自动3/3
[  341.626] TLM t= 252.7 L1·A@-76 L2·A@-76 L3·A@-76 R1·A@-76 R2·A@-76 R3·A@-76 罐=无罐 泵=0 阀=111111 速=+0,+0,+0.00 电=7.70V/2.04A/峰2.69 补余=0.0 IO错=0 倾+0.0 自动3/3
[  342.148] TLM t= 253.2 L1·A@-76 L2·A@-75 L3·A@-76 R1·A@-76 R2·A@-75 R3·A@-75 罐=无罐 泵=0 阀=111111 速=+0,+0,+0.00 电=7.70V/1.79A/峰2.69 补余=0.0 IO错=0 倾+0.0 自动3/3
[  342.652] TLM t= 253.7 L1·A@-76 L2·A@-75 L3·A@-76 R1·A@-75 R2·A@-75 R3·A@-74 罐=无罐 泵=0 阀=111111 速=+0,+0,+0.00 电=7.68V/1.87A/峰2.69 补余=0.0 IO错=0 倾+0.0 自动3/3
[  343.174] TLM t= 254.2 L1·A@-76 L2·A@-74 L3·A@-76 R1·A@-75 R2·A@-74 R3·A@-74 罐=无罐 泵=0 阀=111111 速=+0,+0,+0.00 电=7.69V/1.87A/峰2.69 补余=0.0 IO错=0 倾+0.0 自动3/3
[  343.680] TLM t= 254.7 L1·A@-76 L2·A@-74 L3·A@-76 R1·A@-75 R2·A@-74 R3·A@-73 罐=无罐 泵=0 阀=111111 速=+0,+0,+0.00 电=7.67V/1.95A/峰2.69 补余=0.0 IO错=0 倾+0.0 自动3/3
[  344.200] TLM t= 255.2 L1·A@-76 L2·A@-74 L3·A@-76 R1·A@-75 R2·A@-73 R3·A@-72 罐=无罐 泵=0 阀=111111 速=+0,+0,+0.00 电=7.69V/1.95A/峰2.69 补余=0.0 IO错=0 倾+0.0 自动3/3
[  344.704] TLM t= 255.7 L1·A@-76 L2·A@-73 L3·A@-76 R1·A@-75 R2·A@-73 R3·A@-72 罐=无罐 泵=0 阀=111111 速=+0,+0,+0.00 电=7.68V/1.79A/峰2.69 补余=0.0 IO错=0 倾+0.0 自动3/3
[  345.225] TLM t= 256.3 L1·A@-76 L2·A@-73 L3·A@-76 R1·A@-75 R2·A@-73 R3·A@-71 罐=无罐 泵=0 阀=111111 速=+0,+0,+0.00 电=7.69V/1.87A/峰2.69 补余=0.0 IO错=0 倾+0.0 自动3/3
[  345.732] TLM t= 256.8 L1·A@-75 L2·A@-72 L3·A@-76 R1·A@-75 R2·A@-72 R3·A@-70 罐=无罐 泵=0 阀=111111 速=+0,+0,+0.00 电=7.68V/1.63A/峰2.69 补余=0.0 IO错=0 倾+0.0 自动3/3
[  346.252] TLM t= 257.3 L1·A@-75 L2·A@-72 L3·A@-76 R1·A@-75 R2·A@-72 R3·A@-70 罐=无罐 泵=0 阀=111111 速=+0,+0,+0.00 电=7.68V/1.87A/峰2.69 补余=0.0 IO错=0 倾+0.0 自动3/3
[  346.752] TLM t= 257.8 L1·A@-75 L2·A@-71 L3·A@-76 R1·A@-75 R2·A@-71 R3·A@-69 罐=无罐 泵=0 阀=111111 速=+0,+0,+0.00 电=7.68V/1.87A/峰2.69 补余=0.0 IO错=0 倾+0.0 自动3/3
[  347.276] TLM t= 258.3 L1·A@-75 L2·A@-71 L3·A@-76 R1·A@-75 R2·A@-71 R3·A@-68 罐=无罐 泵=0 阀=111111 速=+0,+0,+0.00 电=7.68V/1.87A/峰2.69 补余=0.0 IO错=0 倾+0.0 自动3/3
[  347.779] TLM t= 258.8 L1·A@-75 L2·A@-70 L3·A@-76 R1·A@-75 R2·A@-71 R3·A@-68 罐=无罐 泵=0 阀=111111 速=+0,+0,+0.00 电=7.68V/1.95A/峰2.69 补余=0.0 IO错=0 倾+0.0 自动3/3
[  348.300] TLM t= 259.3 L1·A@-75 L2·A@-70 L3·A@-76 R1·A@-75 R2·A@-70 R3·A@-67 罐=无罐 泵=0 阀=111111 速=+0,+0,+0.00 电=7.69V/1.95A/峰2.69 补余=0.0 IO错=0 倾+0.0 自动3/3
[  348.803] TLM t= 259.8 L1·A@-75 L2·A@-70 L3·A@-75 R1·A@-75 R2·A@-70 R3·A@-66 罐=无罐 泵=0 阀=111111 速=+0,+0,+0.00 电=7.68V/1.87A/峰2.69 补余=0.0 IO错=0 倾+0.0 自动3/3
[  349.327] TLM t= 260.3 L1·A@-75 L2·A@-69 L3·A@-75 R1·A@-75 R2·A@-70 R3·A@-66 罐=无罐 泵=0 阀=111111 速=+0,+0,+0.00 电=7.68V/1.87A/峰2.69 补余=0.0 IO错=0 倾+0.0 自动3/3
[  349.827] TLM t= 260.8 L1·A@-75 L2·A@-69 L3·A@-75 R1·A@-75 R2·A@-69 R3·A@-65 罐=无罐 泵=0 阀=111111 速=+0,+0,+0.00 电=7.68V/2.04A/峰2.69 补余=0.0 IO错=0 倾+0.0 自动3/3
[  350.352] TLM t= 261.4 L1·A@-75 L2·A@-68 L3·A@-75 R1·A@-74 R2·A@-69 R3·A@-65 罐=无罐 泵=0 阀=111111 速=+0,+0,+0.00 电=7.69V/1.87A/峰2.69 补余=0.0 IO错=0 倾+0.0 自动3/3
[  350.368] EVT 原地抬起受理：L2
[  350.380] EVT 吸附 L2 attached→venting 在态90.46s -68.3kPa
[  350.381] EVT 相位 L2 stance→vent 落点Δ(+0.0,+0.0)
[  350.406] EVT 阀 L2 →排气位
[  350.682] EVT 相位 L2 vent→lift
[  350.804] EVT 吸附 L2 venting→released 在态0.42s 0.4kPa
[  350.858] TLM t= 262.7 L1·A@-75 L2Lr@-- L3·A@-75 R1·A@-74 R2·A@-68 R3·A@-64 罐=无罐 泵=0 阀=101111 速=+0,+0,+0.00 电=7.67V/1.87A/峰2.69 补余=0.0 IO错=0 倾+0.0 自动3/3
[  351.377] TLM t= 262.8 L1·A@-75 L2Lr@-- L3·A@-75 R1·A@-74 R2·A@-68 R3·A@-64 罐=无罐 泵=0 阀=101111 速=+0,+0,+0.00 电=7.67V/1.71A/峰2.69 补余=0.0 IO错=0 倾+0.0 自动3/3
[  351.524] EVT 相位 L2 lift→transfer
[  351.886] TLM t= 262.8 L1·A@-74 L2Tr@-- L3·A@-75 R1·A@-74 R2·A@-68 R3·A@-63 罐=无罐 泵=0 阀=101111 速=+0,+0,+0.00 电=7.69V/1.71A/峰2.69 补余=0.0 IO错=0 倾+0.0 自动3/3
[  352.152] EVT 相位 L2 transfer→hover
[  352.405] TLM t= 262.8 L1·A@-74 L2Hr@-- L3·A@-75 R1·A@-74 R2·A@-67 R3·A@-62 罐=无罐 泵=0 阀=101111 速=+0,+0,+0.00 电=7.68V/1.71A/峰2.69 补余=0.0 IO错=0 倾+0.0 自动3/3
[  352.907] TLM t= 262.8 L1·A@-74 L2Hr@-- L3·A@-75 R1·A@-74 R2·A@-67 R3·A@-62 罐=无罐 泵=0 阀=101111 速=+0,+0,+0.00 电=7.69V/1.71A/峰2.69 补余=0.0 IO错=0 倾+0.0 自动3/3
[  353.152] EVT 落地：L2
[  353.178] EVT 相位 L2 hover→descend
[  353.428] TLM t= 262.8 L1·A@-74 L2Dr@-- L3·A@-75 R1·A@-74 R2·A@-67 R3·A@-61 罐=无罐 泵=0 阀=101111 速=+0,+0,+0.00 电=7.68V/1.71A/峰2.69 补余=0.0 IO错=0 倾+0.0 自动3/3
[  353.659] EVT 相位 L2 descend→press
[  353.931] TLM t= 262.8 L1·A@-74 L2Pr@-- L3·A@-75 R1·A@-74 R2·A@-66 R3·A@-61 罐=无罐 泵=0 阀=101111 速=+0,+0,+0.00 电=7.70V/1.55A/峰2.69 补余=0.0 IO错=0 倾+0.0 自动3/3
[  354.451] TLM t= 262.8 L1·A@-74 L2Pr@-- L3·A@-75 R1·A@-74 R2·A@-66 R3·A@-60 罐=无罐 泵=0 阀=101111 速=+0,+0,+0.00 电=7.67V/1.71A/峰2.69 补余=0.0 IO错=0 倾+0.0 自动3/3
[  354.465] EVT 泵 开 最差盘压-59.9
[  354.862] EVT 吸附 L2 released→pressing 在态4.04s 0.4kPa
[  354.863] EVT 相位 L2 press→wait
[  354.954] TLM t= 262.8 L1·A@-74 L2Wp@-- L3·A@-75 R1·A@-74 R2·A@-71 R3·A@-70 罐=无罐 泵=1 阀=101111 速=+0,+0,+0.00 电=7.64V/1.71A/峰2.69 补余=0.0 IO错=0 倾+0.0 自动3/3
[  355.186] EVT 吸附 L2 pressing→sucking 在态0.32s 0.4kPa
[  355.187] EVT 阀 L2 →抽气位
[  355.473] TLM t= 262.8 L1·A@-75 L2Ws@-68 L3·A@-75 R1·A@-74 R2·A@-74 R3·A@-75 罐=无罐 泵=1 阀=111111 速=+0,+0,+0.00 电=7.67V/1.79A/峰2.69 补余=0.0 IO错=0 倾+0.0 自动3/3
[  355.479] EVT 吸附 L2 sucking→attached 在态0.30s -67.6kPa
[  355.487] EVT 相位 L2 wait→stance
[  355.487] EVT 抬落完成，轮到 R3
[  355.487] EVT 自动轮换：第 3 轮完成
[  355.848] EVT 泵 停 最差盘压-75.2
[  355.977] TLM t= 263.3 L1·A@-76 L2·A@-76 L3·A@-76 R1·A@-76 R2·A@-76 R3·A@-76 罐=无罐 泵=0 阀=111111 速=+0,+0,+0.00 电=7.69V/1.63A/峰2.69 补余=0.0 IO错=0 倾+0.0 自动3/3
[  356.498] TLM t= 263.8 L1·A@-76 L2·A@-76 L3·A@-76 R1·A@-76 R2·A@-76 R3·A@-75 罐=无罐 泵=0 阀=111111 速=+0,+0,+0.00 电=7.69V/1.71A/峰2.69 补余=0.0 IO错=0 倾+0.0 自动3/3
[  357.003] TLM t= 264.3 L1·A@-76 L2·A@-75 L3·A@-76 R1·A@-76 R2·A@-75 R3·A@-75 罐=无罐 泵=0 阀=111111 速=+0,+0,+0.00 电=7.69V/1.71A/峰2.69 补余=0.0 IO错=0 倾+0.0 自动3/3
[  357.521] TLM t= 264.8 L1·A@-76 L2·A@-74 L3·A@-76 R1·A@-76 R2·A@-75 R3·A@-74 罐=无罐 泵=0 阀=111111 速=+0,+0,+0.00 电=7.69V/1.71A/峰2.69 补余=0.0 IO错=0 倾+0.0 自动3/3
[  358.027] TLM t= 265.3 L1·A@-76 L2·A@-74 L3·A@-76 R1·A@-75 R2·A@-74 R3·A@-73 罐=无罐 泵=0 阀=111111 速=+0,+0,+0.00 电=7.70V/1.71A/峰2.69 补余=0.0 IO错=0 倾+0.0 自动3/3
[  358.545] TLM t= 265.8 L1·A@-76 L2·A@-73 L3·A@-76 R1·A@-75 R2·A@-74 R3·A@-73 罐=无罐 泵=0 阀=111111 速=+0,+0,+0.00 电=7.70V/1.63A/峰2.69 补余=0.0 IO错=0 倾+0.0 自动3/3
[  359.050] TLM t= 266.3 L1·A@-76 L2·A@-73 L3·A@-76 R1·A@-75 R2·A@-73 R3·A@-72 罐=无罐 泵=0 阀=111111 速=+0,+0,+0.00 电=7.70V/1.63A/峰2.69 补余=0.0 IO错=0 倾+0.0 自动3/3
[  359.567] TLM t= 266.9 L1·A@-75 L2·A@-72 L3·A@-76 R1·A@-75 R2·A@-73 R3·A@-72 罐=无罐 泵=0 阀=111111 速=+0,+0,+0.00 电=7.69V/1.79A/峰2.69 补余=0.0 IO错=0 倾+0.0 自动3/3
[  360.073] TLM t= 267.4 L1·A@-75 L2·A@-72 L3·A@-76 R1·A@-75 R2·A@-73 R3·A@-71 罐=无罐 泵=0 阀=111111 速=+0,+0,+0.00 电=7.69V/1.71A/峰2.69 补余=0.0 IO错=0 倾+0.0 自动3/3
[  360.593] TLM t= 267.9 L1·A@-75 L2·A@-71 L3·A@-76 R1·A@-75 R2·A@-72 R3·A@-70 罐=无罐 泵=0 阀=111111 速=+0,+0,+0.00 电=7.70V/1.71A/峰2.69 补余=0.0 IO错=0 倾+0.0 自动3/3
[  361.098] TLM t= 268.4 L1·A@-75 L2·A@-71 L3·A@-76 R1·A@-75 R2·A@-72 R3·A@-70 罐=无罐 泵=0 阀=111111 速=+0,+0,+0.00 电=7.69V/1.71A/峰2.69 补余=0.0 IO错=0 倾+0.0 自动3/3
[  361.615] TLM t= 268.9 L1·A@-75 L2·A@-70 L3·A@-76 R1·A@-75 R2·A@-71 R3·A@-69 罐=无罐 泵=0 阀=111111 速=+0,+0,+0.00 电=7.69V/1.71A/峰2.69 补余=0.0 IO错=0 倾+0.0 自动3/3
[  362.119] TLM t= 269.4 L1·A@-75 L2·A@-70 L3·A@-75 R1·A@-75 R2·A@-71 R3·A@-68 罐=无罐 泵=0 阀=111111 速=+0,+0,+0.00 电=7.71V/1.63A/峰2.69 补余=0.0 IO错=0 倾+0.0 自动3/3
[  362.641] TLM t= 269.9 L1·A@-75 L2·A@-69 L3·A@-75 R1·A@-75 R2·A@-71 R3·A@-68 罐=无罐 泵=0 阀=111111 速=+0,+0,+0.00 电=7.69V/1.63A/峰2.69 补余=0.0 IO错=0 倾+0.0 自动3/3
[  363.146] TLM t= 270.4 L1·A@-75 L2·A@-69 L3·A@-75 R1·A@-75 R2·A@-70 R3·A@-67 罐=无罐 泵=0 阀=111111 速=+0,+0,+0.00 电=7.69V/1.71A/峰2.69 补余=0.0 IO错=0 倾+0.0 自动3/3
[  363.663] TLM t= 270.9 L1·A@-75 L2·A@-69 L3·A@-75 R1·A@-75 R2·A@-70 R3·A@-66 罐=无罐 泵=0 阀=111111 速=+0,+0,+0.00 电=7.71V/1.63A/峰2.69 补余=0.0 IO错=0 倾+0.0 自动3/3
[  364.167] TLM t= 271.4 L1·A@-75 L2·A@-68 L3·A@-75 R1·A@-75 R2·A@-70 R3·A@-66 罐=无罐 泵=0 阀=111111 速=+0,+0,+0.00 电=7.69V/1.63A/峰2.69 补余=0.0 IO错=0 倾+0.0 自动3/3
[  364.685] TLM t= 272.0 L1·A@-74 L2·A@-68 L3·A@-75 R1·A@-75 R2·A@-69 R3·A@-65 罐=无罐 泵=0 阀=111111 速=+0,+0,+0.00 电=7.69V/1.71A/峰2.69 补余=0.0 IO错=0 倾+0.0 自动3/3
[  365.195] TLM t= 272.5 L1·A@-74 L2·A@-67 L3·A@-75 R1·A@-75 R2·A@-69 R3·A@-64 罐=无罐 泵=0 阀=111111 速=+0,+0,+0.00 电=7.70V/1.71A/峰2.69 补余=0.0 IO错=0 倾+0.0 自动3/3
[  365.714] TLM t= 273.0 L1·A@-74 L2·A@-67 L3·A@-75 R1·A@-75 R2·A@-68 R3·A@-64 罐=无罐 泵=0 阀=111111 速=+0,+0,+0.00 电=7.70V/1.63A/峰2.69 补余=0.0 IO错=0 倾+0.0 自动3/3
[  366.217] TLM t= 273.5 L1·A@-74 L2·A@-66 L3·A@-75 R1·A@-75 R2·A@-68 R3·A@-63 罐=无罐 泵=0 阀=111111 速=+0,+0,+0.00 电=7.70V/1.55A/峰2.69 补余=0.0 IO错=0 倾+0.0 自动3/3
[  366.737] TLM t= 274.0 L1·A@-74 L2·A@-66 L3·A@-75 R1·A@-75 R2·A@-68 R3·A@-63 罐=无罐 泵=0 阀=111111 速=+0,+0,+0.00 电=7.70V/1.63A/峰2.69 补余=0.0 IO错=0 倾+0.0 自动3/3
[  367.243] TLM t= 274.5 L1·A@-74 L2·A@-66 L3·A@-75 R1·A@-75 R2·A@-67 R3·A@-62 罐=无罐 泵=0 阀=111111 速=+0,+0,+0.00 电=7.70V/1.63A/峰2.69 补余=0.0 IO错=0 倾+0.0 自动3/3
[  367.760] TLM t= 275.0 L1·A@-74 L2·A@-65 L3·A@-75 R1·A@-75 R2·A@-67 R3·A@-61 罐=无罐 泵=0 阀=111111 速=+0,+0,+0.00 电=7.70V/1.63A/峰2.69 补余=0.0 IO错=0 倾+0.0 自动3/3
[  368.271] TLM t= 275.5 L1·A@-74 L2·A@-65 L3·A@-75 R1·A@-75 R2·A@-67 R3·A@-61 罐=无罐 泵=0 阀=111111 速=+0,+0,+0.00 电=7.70V/1.63A/峰2.69 补余=0.0 IO错=0 倾+0.0 自动3/3
[  368.786] TLM t= 276.0 L1·A@-74 L2·A@-64 L3·A@-75 R1·A@-75 R2·A@-66 R3·A@-60 罐=无罐 泵=0 阀=111111 速=+0,+0,+0.00 电=7.69V/1.63A/峰2.69 补余=0.0 IO错=0 倾+0.0 自动3/3
[  369.041] EVT 泵 开 最差盘压-59.9
[  369.290] TLM t= 276.5 L1·A@-74 L2·A@-64 L3·A@-75 R1·A@-74 R2·A@-66 R3·A@-62 罐=无罐 泵=1 阀=111111 速=+0,+0,+0.00 电=7.63V/1.55A/峰2.69 补余=0.0 IO错=0 倾+0.0 自动3/3
[  369.811] TLM t= 277.1 L1·A@-75 L2·A@-75 L3·A@-75 R1·A@-74 R2·A@-74 R3·A@-74 罐=无罐 泵=1 阀=111111 速=+0,+0,+0.00 电=7.63V/1.71A/峰2.69 补余=0.0 IO错=0 倾+0.0 自动3/3
[  369.945] EVT 泵 停 最差盘压-75.3
[  370.314] TLM t= 277.6 L1·A@-76 L2·A@-76 L3·A@-76 R1·A@-76 R2·A@-76 R3·A@-76 罐=无罐 泵=0 阀=111111 速=+0,+0,+0.00 电=7.70V/1.55A/峰2.69 补余=0.0 IO错=0 倾+0.0 自动3/3
[  370.833] TLM t= 278.1 L1·A@-76 L2·A@-76 L3·A@-76 R1·A@-76 R2·A@-75 R3·A@-75 罐=无罐 泵=0 阀=111111 速=+0,+0,+0.00 电=7.70V/1.55A/峰2.69 补余=0.0 IO错=0 倾+0.0 自动3/3
[  371.340] TLM t= 278.6 L1·A@-76 L2·A@-75 L3·A@-76 R1·A@-76 R2·A@-75 R3·A@-75 罐=无罐 泵=0 阀=111111 速=+0,+0,+0.00 电=7.68V/1.63A/峰2.69 补余=0.0 IO错=0 倾+0.0 自动3/3
[  371.854] TLM t= 279.1 L1·A@-76 L2·A@-75 L3·A@-76 R1·A@-76 R2·A@-75 R3·A@-74 罐=无罐 泵=0 阀=111111 速=+0,+0,+0.00 电=7.70V/1.71A/峰2.69 补余=0.0 IO错=0 倾+0.0 自动3/3
[  372.359] TLM t= 279.6 L1·A@-76 L2·A@-74 L3·A@-76 R1·A@-76 R2·A@-74 R3·A@-73 罐=无罐 泵=0 阀=111111 速=+0,+0,+0.00 电=7.70V/1.71A/峰2.69 补余=0.0 IO错=0 倾+0.0 自动3/3
[  372.882] TLM t= 280.1 L1·A@-76 L2·A@-74 L3·A@-76 R1·A@-76 R2·A@-74 R3·A@-73 罐=无罐 泵=0 阀=111111 速=+0,+0,+0.00 电=7.70V/1.71A/峰2.69 补余=0.0 IO错=0 倾+0.0 自动3/3
[  373.385] TLM t= 280.6 L1·A@-76 L2·A@-73 L3·A@-76 R1·A@-76 R2·A@-73 R3·A@-72 罐=无罐 泵=0 阀=111111 速=+0,+0,+0.00 电=7.70V/1.71A/峰2.69 补余=0.0 IO错=0 倾+0.0 自动3/3
[  373.905] TLM t= 281.1 L1·A@-76 L2·A@-73 L3·A@-76 R1·A@-75 R2·A@-73 R3·A@-71 罐=无罐 泵=0 阀=111111 速=+0,+0,+0.00 电=7.69V/1.71A/峰2.69 补余=0.0 IO错=0 倾+0.0 自动3/3
[  374.412] TLM t= 281.6 L1·A@-75 L2·A@-72 L3·A@-76 R1·A@-75 R2·A@-73 R3·A@-71 罐=无罐 泵=0 阀=111111 速=+0,+0,+0.00 电=7.69V/1.71A/峰2.69 补余=0.0 IO错=0 倾+0.0 自动3/3
[  374.927] TLM t= 282.2 L1·A@-75 L2·A@-72 L3·A@-76 R1·A@-75 R2·A@-72 R3·A@-70 罐=无罐 泵=0 阀=111111 速=+0,+0,+0.00 电=7.70V/1.63A/峰2.69 补余=0.0 IO错=0 倾+0.0 自动3/3
[  375.432] TLM t= 282.7 L1·A@-75 L2·A@-71 L3·A@-76 R1·A@-75 R2·A@-72 R3·A@-69 罐=无罐 泵=0 阀=111111 速=+0,+0,+0.00 电=7.69V/1.63A/峰2.69 补余=0.0 IO错=0 倾+0.0 自动3/3
[  375.950] TLM t= 283.2 L1·A@-75 L2·A@-71 L3·A@-76 R1·A@-75 R2·A@-71 R3·A@-69 罐=无罐 泵=0 阀=111111 速=+0,+0,+0.00 电=7.70V/1.63A/峰2.69 补余=0.0 IO错=0 倾+0.0 自动3/3
[  376.455] TLM t= 283.7 L1·A@-75 L2·A@-71 L3·A@-76 R1·A@-75 R2·A@-71 R3·A@-68 罐=无罐 泵=0 阀=111111 速=+0,+0,+0.00 电=7.70V/1.71A/峰2.69 补余=0.0 IO错=0 倾+0.0 自动3/3
[  376.972] TLM t= 284.2 L1·A@-75 L2·A@-70 L3·A@-76 R1·A@-75 R2·A@-71 R3·A@-67 罐=无罐 泵=0 阀=111111 速=+0,+0,+0.00 电=7.70V/1.71A/峰2.69 补余=0.0 IO错=0 倾+0.0 自动3/3
[  377.478] TLM t= 284.7 L1·A@-75 L2·A@-70 L3·A@-76 R1·A@-75 R2·A@-70 R3·A@-67 罐=无罐 泵=0 阀=111111 速=+0,+0,+0.00 电=7.68V/1.71A/峰2.69 补余=0.0 IO错=0 倾+0.0 自动3/3
[  377.996] TLM t= 285.2 L1·A@-75 L2·A@-69 L3·A@-75 R1·A@-75 R2·A@-70 R3·A@-66 罐=无罐 泵=0 阀=111111 速=+0,+0,+0.00 电=7.70V/1.55A/峰2.69 补余=0.0 IO错=0 倾+0.0 自动3/3
[  378.507] TLM t= 285.7 L1·A@-75 L2·A@-69 L3·A@-75 R1·A@-75 R2·A@-69 R3·A@-66 罐=无罐 泵=0 阀=111111 速=+0,+0,+0.00 电=7.69V/1.63A/峰2.69 补余=0.0 IO错=0 倾+0.0 自动3/3
[  379.028] TLM t= 286.2 L1·A@-75 L2·A@-68 L3·A@-75 R1·A@-75 R2·A@-69 R3·A@-65 罐=无罐 泵=0 阀=111111 速=+0,+0,+0.00 电=7.70V/1.71A/峰2.69 补余=0.0 IO错=0 倾+0.0 自动3/3
[  379.533] TLM t= 286.7 L1·A@-74 L2·A@-68 L3·A@-75 R1·A@-75 R2·A@-69 R3·A@-64 罐=无罐 泵=0 阀=111111 速=+0,+0,+0.00 电=7.70V/1.63A/峰2.69 补余=0.0 IO错=0 倾+0.0 自动3/3
[  380.048] TLM t= 287.3 L1·A@-74 L2·A@-67 L3·A@-75 R1·A@-75 R2·A@-68 R3·A@-64 罐=无罐 泵=0 阀=111111 速=+0,+0,+0.00 电=7.71V/1.63A/峰2.69 补余=0.0 IO错=0 倾+0.0 自动3/3
[  380.554] TLM t= 287.8 L1·A@-74 L2·A@-67 L3·A@-75 R1·A@-75 R2·A@-68 R3·A@-63 罐=无罐 泵=0 阀=111111 速=+0,+0,+0.00 电=7.69V/1.71A/峰2.69 补余=0.0 IO错=0 倾+0.0 自动3/3
[  381.072] TLM t= 288.3 L1·A@-74 L2·A@-67 L3·A@-75 R1·A@-75 R2·A@-68 R3·A@-63 罐=无罐 泵=0 阀=111111 速=+0,+0,+0.00 电=7.69V/1.63A/峰2.69 补余=0.0 IO错=0 倾+0.0 自动3/3
[  381.579] TLM t= 288.8 L1·A@-74 L2·A@-66 L3·A@-75 R1·A@-75 R2·A@-67 R3·A@-62 罐=无罐 泵=0 阀=111111 速=+0,+0,+0.00 电=7.69V/1.63A/峰2.69 补余=0.0 IO错=0 倾+0.0 自动3/3
[  382.099] TLM t= 289.3 L1·A@-74 L2·A@-66 L3·A@-75 R1·A@-75 R2·A@-67 R3·A@-61 罐=无罐 泵=0 阀=111111 速=+0,+0,+0.00 电=7.70V/1.79A/峰2.69 补余=0.0 IO错=0 倾+0.0 自动3/3
[  382.600] TLM t= 289.8 L1·A@-74 L2·A@-65 L3·A@-75 R1·A@-75 R2·A@-66 R3·A@-61 罐=无罐 泵=0 阀=111111 速=+0,+0,+0.00 电=7.69V/1.71A/峰2.69 补余=0.0 IO错=0 倾+0.0 自动3/3
[  383.123] TLM t= 290.3 L1·A@-74 L2·A@-65 L3·A@-75 R1·A@-75 R2·A@-66 R3·A@-60 罐=无罐 泵=0 阀=111111 速=+0,+0,+0.00 电=7.70V/1.71A/峰2.69 补余=0.0 IO错=0 倾+0.0 自动3/3
[  383.259] EVT 泵 开 最差盘压-59.9
[  383.632] TLM t= 290.8 L1·A@-74 L2·A@-66 L3·A@-75 R1·A@-75 R2·A@-67 R3·A@-67 罐=无罐 泵=1 阀=111111 速=+0,+0,+0.00 电=7.61V/1.71A/峰2.69 补余=0.0 IO错=0 倾+0.0 自动3/3
[  384.148] TLM t= 291.3 L1·A@-76 L2·A@-76 L3·A@-76 R1·A@-75 R2·A@-76 R3·A@-75 罐=无罐 泵=1 阀=111111 速=+0,+0,+0.00 电=7.61V/1.71A/峰2.69 补余=0.0 IO错=0 倾+0.0 自动3/3
[  384.162] EVT 泵 停 最差盘压-75.3
[  384.654] TLM t= 291.8 L1·A@-76 L2·A@-76 L3·A@-76 R1·A@-76 R2·A@-76 R3·A@-76 罐=无罐 泵=0 阀=111111 速=+0,+0,+0.00 电=7.70V/1.63A/峰2.69 补余=0.0 IO错=0 倾+0.0 自动3/3
[  385.171] TLM t= 292.4 L1·A@-76 L2·A@-76 L3·A@-76 R1·A@-76 R2·A@-75 R3·A@-75 罐=无罐 泵=0 阀=111111 速=+0,+0,+0.00 电=7.70V/1.79A/峰2.69 补余=0.0 IO错=0 倾+0.0 自动3/3
[  385.501] EVT 实验序列完成
[  385.677] TLM t= 292.9 L1·A@-76 L2·A@-75 L3·A@-76 R1·A@-76 R2·A@-75 R3·A@-74 罐=无罐 泵=0 阀=111111 速=+0,+0,+0.00 电=7.69V/1.71A/峰2.69 补余=0.0 IO错=0 倾+0.0
[  386.195] TLM t= 293.4 L1·A@-76 L2·A@-75 L3·A@-76 R1·A@-76 R2·A@-75 R3·A@-74 罐=无罐 泵=0 阀=111111 速=+0,+0,+0.00 电=7.69V/1.79A/峰2.69 补余=0.0 IO错=0 倾+0.0
[  386.697] TLM t= 293.9 L1·A@-76 L2·A@-74 L3·A@-76 R1·A@-76 R2·A@-74 R3·A@-73 罐=无罐 泵=0 阀=111111 速=+0,+0,+0.00 电=7.68V/1.71A/峰2.69 补余=0.0 IO错=0 倾+0.0
[  387.216] TLM t= 294.4 L1·A@-76 L2·A@-74 L3·A@-76 R1·A@-76 R2·A@-74 R3·A@-73 罐=无罐 泵=0 阀=111111 速=+0,+0,+0.00 电=7.69V/1.71A/峰2.69 补余=0.0 IO错=0 倾+0.0
[  387.721] TLM t= 294.9 L1·A@-76 L2·A@-73 L3·A@-76 R1·A@-76 R2·A@-73 R3·A@-72 罐=无罐 泵=0 阀=111111 速=+0,+0,+0.00 电=7.69V/1.71A/峰2.69 补余=0.0 IO错=0 倾+0.0
[  388.243] TLM t= 295.4 L1·A@-76 L2·A@-73 L3·A@-76 R1·A@-76 R2·A@-73 R3·A@-71 罐=无罐 泵=0 阀=111111 速=+0,+0,+0.00 电=7.68V/1.71A/峰2.69 补余=0.0 IO错=0 倾+0.0
[  388.746] TLM t= 295.9 L1·A@-76 L2·A@-72 L3·A@-76 R1·A@-76 R2·A@-72 R3·A@-71 罐=无罐 泵=0 阀=111111 速=+0,+0,+0.00 电=7.69V/1.71A/峰2.69 补余=0.0 IO错=0 倾+0.0
[  389.270] TLM t= 296.4 L1·A@-75 L2·A@-72 L3·A@-76 R1·A@-76 R2·A@-72 R3·A@-70 罐=无罐 泵=0 阀=111111 速=+0,+0,+0.00 电=7.69V/1.71A/峰2.69 补余=0.0 IO错=0 倾+0.0
[  389.391] EVT ⚠ 主环卡顿 141ms（目标 20ms）
[  389.771] TLM t= 296.8 L1·A@-75 L2·A@-71 L3·A@-76 R1·A@-75 R2·A@-72 R3·A@-69 罐=无罐 泵=0 阀=111111 速=+0,+0,+0.00 电=7.70V/1.63A/峰2.69 补余=0.0 IO错=0 倾+0.0
[  390.271] TLM t= 297.3 L1·A@-75 L2·A@-71 L3·A@-76 R1·A@-75 R2·A@-71 R3·A@-69 罐=无罐 泵=0 阀=111111 速=+0,+0,+0.00 电=7.69V/1.63A/峰2.69 补余=0.0 IO错=0 倾+0.0
[  390.415] EVT ⚠ 主环卡顿 161ms（目标 20ms）
[  390.796] TLM t= 297.7 L1·A@-75 L2·A@-71 L3·A@-76 R1·A@-75 R2·A@-71 R3·A@-68 罐=无罐 泵=0 阀=111111 速=+0,+0,+0.00 电=7.68V/1.71A/峰2.69 补余=0.0 IO错=0 倾+0.0
[  391.294] TLM t= 298.2 L1·A@-75 L2·A@-70 L3·A@-76 R1·A@-75 R2·A@-71 R3·A@-67 罐=无罐 泵=0 阀=111111 速=+0,+0,+0.00 电=7.69V/1.71A/峰2.69 补余=0.0 IO错=0 倾+0.0
[  391.819] TLM t= 298.7 L1·A@-75 L2·A@-70 L3·A@-76 R1·A@-75 R2·A@-70 R3·A@-67 罐=无罐 泵=0 阀=111111 速=+0,+0,+0.00 电=7.70V/1.71A/峰2.69 补余=0.0 IO错=0 倾+0.0
[  392.319] TLM t= 299.2 L1·A@-75 L2·A@-69 L3·A@-76 R1·A@-75 R2·A@-70 R3·A@-66 罐=无罐 泵=0 阀=111111 速=+0,+0,+0.00 电=7.70V/1.63A/峰2.69 补余=0.0 IO错=0 倾+0.0
[  392.844] TLM t= 299.7 L1·A@-75 L2·A@-69 L3·A@-75 R1·A@-75 R2·A@-69 R3·A@-66 罐=无罐 泵=0 阀=111111 速=+0,+0,+0.00 电=7.69V/1.71A/峰2.69 补余=0.0 IO错=0 倾+0.0
[  393.343] TLM t= 300.2 L1·A@-75 L2·A@-68 L3·A@-75 R1·A@-75 R2·A@-69 R3·A@-65 罐=无罐 泵=0 阀=111111 速=+0,+0,+0.00 电=7.69V/1.71A/峰2.69 补余=0.0 IO错=0 倾+0.0
[  393.865] TLM t= 300.8 L1·A@-75 L2·A@-68 L3·A@-75 R1·A@-75 R2·A@-69 R3·A@-64 罐=无罐 泵=0 阀=111111 速=+0,+0,+0.00 电=7.68V/1.71A/峰2.69 补余=0.0 IO错=0 倾+0.0
[  394.370] TLM t= 301.3 L1·A@-74 L2·A@-68 L3·A@-75 R1·A@-75 R2·A@-68 R3·A@-64 罐=无罐 泵=0 阀=111111 速=+0,+0,+0.00 电=7.69V/1.79A/峰2.69 补余=0.0 IO错=0 倾+0.0
[  394.868] TLM t= 301.8 L1·A@-74 L2·A@-67 L3·A@-75 R1·A@-75 R2·A@-68 R3·A@-63 罐=无罐 泵=0 阀=111111 速=+0,+0,+0.00 电=7.69V/1.71A/峰2.69 补余=0.0 IO错=0 倾+0.0
[  395.375] TLM t= 302.3 L1·A@-74 L2·A@-67 L3·A@-75 R1·A@-75 R2·A@-68 R3·A@-63 罐=无罐 泵=0 阀=111111 速=+0,+0,+0.00 电=7.68V/1.63A/峰2.69 补余=0.0 IO错=0 倾+0.0
[  395.879] TLM t= 302.8 L1·A@-74 L2·A@-66 L3·A@-75 R1·A@-75 R2·A@-67 R3·A@-62 罐=无罐 泵=0 阀=111111 速=+0,+0,+0.00 电=7.69V/1.71A/峰2.69 补余=0.0 IO错=0 倾+0.0
[  396.400] TLM t= 303.3 L1·A@-74 L2·A@-66 L3·A@-75 R1·A@-75 R2·A@-67 R3·A@-61 罐=无罐 泵=0 阀=111111 速=+0,+0,+0.00 电=7.69V/1.71A/峰2.69 补余=0.0 IO错=0 倾+0.0
[  396.902] TLM t= 303.8 L1·A@-74 L2·A@-65 L3·A@-75 R1·A@-75 R2·A@-66 R3·A@-61 罐=无罐 泵=0 阀=111111 速=+0,+0,+0.00 电=7.69V/1.71A/峰2.69 补余=0.0 IO错=0 倾+0.0
[  397.424] TLM t= 304.3 L1·A@-74 L2·A@-65 L3·A@-75 R1·A@-75 R2·A@-66 R3·A@-60 罐=无罐 泵=0 阀=111111 速=+0,+0,+0.00 电=7.69V/1.71A/峰2.69 补余=0.0 IO错=0 倾+0.0
[  397.618] EVT 泵 开 最差盘压-59.9
[  397.930] TLM t= 304.8 L1·A@-74 L2·A@-65 L3·A@-75 R1·A@-75 R2·A@-66 R3·A@-65 罐=无罐 泵=1 阀=111111 速=+0,+0,+0.00 电=7.66V/1.55A/峰2.69 补余=0.0 IO错=0 倾+0.0
[  398.448] TLM t= 305.3 L1·A@-75 L2·A@-76 L3·A@-75 R1·A@-75 R2·A@-75 R3·A@-75 罐=无罐 泵=1 阀=111111 速=+0,+0,+0.00 电=7.68V/1.63A/峰2.69 补余=0.0 IO错=0 倾+0.0
[  398.521] EVT 泵 停 最差盘压-75.3
[  398.953] TLM t= 305.8 L1·A@-76 L2·A@-76 L3·A@-76 R1·A@-76 R2·A@-76 R3·A@-76 罐=无罐 泵=0 阀=111111 速=+0,+0,+0.00 电=7.67V/1.79A/峰2.69 补余=0.0 IO错=0 倾+0.0
[  399.476] TLM t= 306.3 L1·A@-76 L2·A@-76 L3·A@-76 R1·A@-76 R2·A@-75 R3·A@-75 罐=无罐 泵=0 阀=111111 速=+0,+0,+0.00 电=7.68V/1.71A/峰2.69 补余=0.0 IO错=0 倾+0.0
[  399.983] TLM t= 306.8 L1·A@-76 L2·A@-75 L3·A@-76 R1·A@-76 R2·A@-75 R3·A@-75 罐=无罐 泵=0 阀=111111 速=+0,+0,+0.00 电=7.68V/1.71A/峰2.69 补余=0.0 IO错=0 倾+0.0
[  400.500] TLM t= 307.4 L1·A@-76 L2·A@-75 L3·A@-76 R1·A@-76 R2·A@-75 R3·A@-74 罐=无罐 泵=0 阀=111111 速=+0,+0,+0.00 电=7.69V/1.71A/峰2.69 补余=0.0 IO错=0 倾+0.0
[  401.004] TLM t= 307.9 L1·A@-76 L2·A@-74 L3·A@-76 R1·A@-76 R2·A@-74 R3·A@-73 罐=无罐 泵=0 阀=111111 速=+0,+0,+0.00 电=7.69V/1.71A/峰2.69 补余=0.0 IO错=0 倾+0.0
[  401.523] TLM t= 308.4 L1·A@-76 L2·A@-74 L3·A@-76 R1·A@-76 R2·A@-74 R3·A@-73 罐=无罐 泵=0 阀=111111 速=+0,+0,+0.00 电=7.68V/1.79A/峰2.69 补余=0.0 IO错=0 倾+0.0
[  402.028] TLM t= 308.9 L1·A@-76 L2·A@-73 L3·A@-76 R1·A@-76 R2·A@-73 R3·A@-72 罐=无罐 泵=0 阀=111111 速=+0,+0,+0.00 电=7.68V/1.71A/峰2.69 补余=0.0 IO错=0 倾+0.0
[  402.552] TLM t= 309.4 L1·A@-76 L2·A@-73 L3·A@-76 R1·A@-76 R2·A@-73 R3·A@-71 罐=无罐 泵=0 阀=111111 速=+0,+0,+0.00 电=7.68V/1.71A/峰2.69 补余=0.0 IO错=0 倾+0.0
[  403.053] TLM t= 309.9 L1·A@-76 L2·A@-72 L3·A@-76 R1·A@-76 R2·A@-73 R3·A@-71 罐=无罐 泵=0 阀=111111 速=+0,+0,+0.00 电=7.67V/1.71A/峰2.69 补余=0.0 IO错=0 倾+0.0
[  403.578] TLM t= 310.4 L1·A@-75 L2·A@-72 L3·A@-76 R1·A@-76 R2·A@-72 R3·A@-70 罐=无罐 泵=0 阀=111111 速=+0,+0,+0.00 电=7.68V/1.79A/峰2.69 补余=0.0 IO错=0 倾+0.0
[  404.081] TLM t= 310.9 L1·A@-75 L2·A@-72 L3·A@-76 R1·A@-75 R2·A@-72 R3·A@-69 罐=无罐 泵=0 阀=111111 速=+0,+0,+0.00 电=7.69V/1.79A/峰2.69 补余=0.0 IO错=0 倾+0.0
[  404.601] TLM t= 311.4 L1·A@-75 L2·A@-71 L3·A@-76 R1·A@-75 R2·A@-71 R3·A@-69 罐=无罐 泵=0 阀=111111 速=+0,+0,+0.00 电=7.68V/1.63A/峰2.69 补余=0.0 IO错=0 倾+0.0
[  405.106] TLM t= 311.9 L1·A@-75 L2·A@-71 L3·A@-76 R1·A@-75 R2·A@-71 R3·A@-68 罐=无罐 泵=0 阀=111111 速=+0,+0,+0.00 电=7.68V/1.63A/峰2.69 补余=0.0 IO错=0 倾+0.0
[  405.626] TLM t= 312.5 L1·A@-75 L2·A@-70 L3·A@-76 R1·A@-75 R2·A@-71 R3·A@-67 罐=无罐 泵=0 阀=111111 速=+0,+0,+0.00 电=7.69V/1.63A/峰2.69 补余=0.0 IO错=0 倾+0.0
[  405.952] EVT 键 'o' 倾=+0.0待=+0.0
[  406.092] EVT 取机窗口：停泵 → 逐足串行排气（0.2s 间隔）→ 六足舵机撑住（泵禁开）
[  406.133] TLM t= 312.9 L1·A@-75 L2·A@-70 L3·A@-76 R1·A@-75 R2·A@-70 R3·A@-67 罐=无罐 泵=0 阀=111111 速=+0,+0,+0.00 电=7.70V/1.55A/峰2.69 补余=0.0 IO错=0 取机放气
[  406.513] EVT 吸附 L1 attached→venting 在态110.76s -74.6kPa
[  406.520] EVT 阀 L1 →排气位
[  406.658] TLM t= 312.9 L1·v@-75 L2·A@-69 L3·A@-76 R1·A@-75 R2·A@-70 R3·A@-66 罐=无罐 泵=0 阀=011111 速=+0,+0,+0.00 电=7.70V/1.14A/峰2.69 补余=0.0 IO错=0 取机放气
[  406.789] EVT 吸附 L2 attached→venting 在态50.62s -69.2kPa
[  406.797] EVT 阀 L2 →排气位
[  407.041] EVT 吸附 L3 attached→venting 在态81.04s -75.5kPa
[  407.044] EVT 吸附 L1 venting→released 在态0.42s 0.1kPa
[  407.049] EVT 阀 L3 →排气位
[  407.164] TLM t= 312.9 L1·r@-- L2·v@-69 L3·v@-76 R1·A@-75 R2·A@-69 R3·A@-65 罐=无罐 泵=0 阀=000111 速=+0,+0,+0.00 电=7.68V/1.22A/峰2.69 补余=0.0 IO错=0 取机放气
[  407.279] EVT 吸附 R1 attached→venting 在态66.10s -75.3kPa
[  407.282] EVT 吸附 L2 venting→released 在态0.42s 0.4kPa
[  407.282] EVT 阀 R1 →排气位
[  407.498] EVT 吸附 R2 attached→venting 在态96.54s -69.2kPa
[  407.501] EVT 吸附 L3 venting→released 在态0.42s 0.1kPa
[  407.501] EVT 阀 R2 →排气位
[  407.675] TLM t= 312.9 L1·r@-- L2·r@-- L3·r@-- R1·v@-75 R2·v@-69 R3·A@-64 罐=无罐 泵=0 阀=000001 速=+0,+0,+0.00 电=7.65V/1.14A/峰2.69 补余=0.0 IO错=0 取机放气
[  407.722] EVT 吸附 R3 attached→venting 在态126.92s -64.5kPa
[  407.724] EVT 吸附 R1 venting→released 在态0.42s -0.1kPa
[  407.724] EVT 阀 R3 →排气位
[  407.925] EVT 键 'o' 倾=+0.0待=+0.0（已放开）
[  407.928] EVT 吸附 R2 venting→released 在态0.42s 0.0kPa
[  407.929] EVT ⚠ 主环卡顿 1836ms（目标 20ms）
[  408.112] EVT 吸附 R3 venting→released 在态0.42s 0.3kPa
[  408.179] TLM t= 313.2 L1·r@-- L2·r@-- L3·r@-- R1·r@-- R2·r@-- R3·r@-- 罐=无罐 泵=0 阀=000000 速=+0,+0,+0.00 电=7.65V/0.98A/峰2.69 补余=0.0 IO错=0 倾+0.0 已放开
[  408.680] TLM t= 313.7 L1·r@-- L2·r@-- L3·r@-- R1·r@-- R2·r@-- R3·r@-- 罐=无罐 泵=0 阀=000000 速=+0,+0,+0.00 电=7.66V/0.73A/峰2.69 补余=0.0 IO错=0 倾+0.0 已放开
[  409.182] TLM t= 314.2 L1·r@-- L2·r@-- L3·r@-- R1·r@-- R2·r@-- R3·r@-- 罐=无罐 泵=0 阀=000000 速=+0,+0,+0.00 电=7.66V/0.73A/峰2.69 补余=0.0 IO错=0 倾+0.0 已放开
[  409.684] TLM t= 314.7 L1·r@-- L2·r@-- L3·r@-- R1·r@-- R2·r@-- R3·r@-- 罐=无罐 泵=0 阀=000000 速=+0,+0,+0.00 电=7.66V/0.73A/峰2.69 补余=0.0 IO错=0 倾+0.0 已放开
[  410.185] TLM t= 315.2 L1·r@-- L2·r@-- L3·r@-- R1·r@-- R2·r@-- R3·r@-- 罐=无罐 泵=0 阀=000000 速=+0,+0,+0.00 电=7.66V/0.73A/峰2.69 补余=0.0 IO错=0 倾+0.0 已放开
[  410.686] TLM t= 315.7 L1·r@-- L2·r@-- L3·r@-- R1·r@-- R2·r@-- R3·r@-- 罐=无罐 泵=0 阀=000000 速=+0,+0,+0.00 电=7.66V/0.73A/峰2.69 补余=0.0 IO错=0 倾+0.0 已放开
[  411.192] TLM t= 316.2 L1·r@-- L2·r@-- L3·r@-- R1·r@-- R2·r@-- R3·r@-- 罐=无罐 泵=0 阀=000000 速=+0,+0,+0.00 电=7.66V/0.73A/峰2.69 补余=0.0 IO错=0 倾+0.0 已放开
[  411.690] TLM t= 316.7 L1·r@-- L2·r@-- L3·r@-- R1·r@-- R2·r@-- R3·r@-- 罐=无罐 泵=0 阀=000000 速=+0,+0,+0.00 电=7.66V/0.73A/峰2.69 补余=0.0 IO错=0 倾+0.0 已放开
[  412.191] TLM t= 317.2 L1·r@-- L2·r@-- L3·r@-- R1·r@-- R2·r@-- R3·r@-- 罐=无罐 泵=0 阀=000000 速=+0,+0,+0.00 电=7.65V/0.81A/峰2.69 补余=0.0 IO错=0 倾+0.0 已放开
[  412.693] TLM t= 317.7 L1·r@-- L2·r@-- L3·r@-- R1·r@-- R2·r@-- R3·r@-- 罐=无罐 泵=0 阀=000000 速=+0,+0,+0.00 电=7.66V/0.24A/峰2.69 补余=0.0 IO错=0 倾+0.0 已放开
[  413.191] TLM t= 318.2 L1·r@-- L2·r@-- L3·r@-- R1·r@-- R2·r@-- R3·r@-- 罐=无罐 泵=0 阀=000000 速=+0,+0,+0.00 电=7.65V/0.81A/峰2.69 补余=0.0 IO错=0 倾+0.0 已放开
[  413.694] TLM t= 318.7 L1·r@-- L2·r@-- L3·r@-- R1·r@-- R2·r@-- R3·r@-- 罐=无罐 泵=0 阀=000000 速=+0,+0,+0.00 电=7.65V/0.65A/峰2.69 补余=0.0 IO错=0 倾+0.0 已放开
[  414.198] TLM t= 319.2 L1·r@-- L2·r@-- L3·r@-- R1·r@-- R2·r@-- R3·r@-- 罐=无罐 泵=0 阀=000000 速=+0,+0,+0.00 电=7.65V/0.65A/峰2.69 补余=0.0 IO错=0 倾+0.0 已放开
[  414.696] TLM t= 319.7 L1·r@-- L2·r@-- L3·r@-- R1·r@-- R2·r@-- R3·r@-- 罐=无罐 泵=0 阀=000000 速=+0,+0,+0.00 电=7.66V/0.57A/峰2.69 补余=0.0 IO错=0 倾+0.0 已放开
[  415.201] TLM t= 320.2 L1·r@-- L2·r@-- L3·r@-- R1·r@-- R2·r@-- R3·r@-- 罐=无罐 泵=0 阀=000000 速=+0,+0,+0.00 电=7.66V/0.49A/峰2.69 补余=0.0 IO错=0 倾+0.0 已放开
[  415.701] TLM t= 320.7 L1·r@-- L2·r@-- L3·r@-- R1·r@-- R2·r@-- R3·r@-- 罐=无罐 泵=0 阀=000000 速=+0,+0,+0.00 电=7.65V/0.73A/峰2.69 补余=0.0 IO错=0 倾+0.0 已放开
[  416.202] TLM t= 321.2 L1·r@-- L2·r@-- L3·r@-- R1·r@-- R2·r@-- R3·r@-- 罐=无罐 泵=0 阀=000000 速=+0,+0,+0.00 电=7.65V/0.73A/峰2.69 补余=0.0 IO错=0 倾+0.0 已放开
[  416.707] TLM t= 321.7 L1·r@-- L2·r@-- L3·r@-- R1·r@-- R2·r@-- R3·r@-- 罐=无罐 泵=0 阀=000000 速=+0,+0,+0.00 电=7.65V/0.73A/峰2.69 补余=0.0 IO错=0 倾+0.0 已放开
[  417.205] TLM t= 322.2 L1·r@-- L2·r@-- L3·r@-- R1·r@-- R2·r@-- R3·r@-- 罐=无罐 泵=0 阀=000000 速=+0,+0,+0.00 电=7.65V/0.73A/峰2.69 补余=0.0 IO错=0 倾+0.0 已放开
[  417.296] EVT 键 '\x1b' 倾=+0.0待=+0.0（已放开）
[  417.437] EVT 退出序列：停泵 → 逐足串行放气（通→断，0.2s 间隔） → 舵机断电（不回站姿）
[  417.741] TLM t= 322.4 L1·r@-- L2·r@-- L3·r@-- R1·r@-- R2·r@-- R3·r@-- 罐=无罐 泵=0 阀=000000 速=+0,+0,+0.00 电=7.65V/0.65A/峰2.69 补余=0.0 IO错=0 退出放气
[  417.766] EVT 阀 L1 →抽气位
[  417.987] EVT 阀 L2 →抽气位
[  418.208] EVT 阀 L3 →抽气位
[  418.256] TLM t= 322.4 L1·r@-- L2·r@-- L3·r@-- R1·r@-- R2·r@-- R3·r@-- 罐=无罐 泵=0 阀=111000 速=+0,+0,+0.00 电=7.69V/0.73A/峰2.69 补余=0.0 IO错=0 退出放气
[  418.437] EVT 阀 R1 →抽气位
[  418.658] EVT 阀 R2 →抽气位
[  418.763] TLM t= 322.4 L1·r@-- L2·r@-- L3·r@-- R1·r@-- R2·r@-- R3·r@-- 罐=无罐 泵=0 阀=111110 速=+0,+0,+0.00 电=7.72V/0.73A/峰2.69 补余=0.0 IO错=0 退出放气
[  418.888] EVT 阀 R3 →抽气位
[  419.089] EVT 退出：阀线圈已断电（coils_off）
[  419.193] EVT 退出序列完成（舵机断电）
[  419.193] EVT END 正常退出
