# 开跑 2026-08-26 10:28:05  argv: scripts/body_lean.py --no-tank --stand-height 62 --tilt-trim 6 --handover L1:31,R1:33,L3:29,R3:22,R2:22,L2:24
# git: 6118789
# 模式=no-tank port=/dev/ttyACM0
# 参数: lean_step=5mm lean_speed=10mm/s press_delta=18mm stand=62 tilt_trim=6° handover=L1:31,L2:24,L3:29,R1:33,R2:22,R3:22 dual=0
# 阈值: ATTACH=-30.0 PUMP_ON=-60.0 PUMP_OFF=-75.0 comp_tail=72.3mm suck_timeout=2.5s
[    2.237] EVT 缓慢站起（竖直升至爬墙站位）
[    6.343] EVT 爬墙站位就位，进入就位暂停
[    6.455] TLM t=   0.0 L1·r@-- L2·r@-- L3·r@-- R1·r@-- R2·r@-- R3·r@-- 罐=无罐 泵=0 阀=000000 速=+0,+0,+0.00 电=7.74V/1.47A/峰1.47 补余=0.0 IO错=0 就位暂停
[    6.962] TLM t=   0.0 L1·r@-- L2·r@-- L3·r@-- R1·r@-- R2·r@-- R3·r@-- 罐=无罐 泵=0 阀=000000 速=+0,+0,+0.00 电=7.76V/1.47A/峰1.47 补余=0.0 IO错=0 就位暂停
[    7.467] TLM t=   0.0 L1·r@-- L2·r@-- L3·r@-- R1·r@-- R2·r@-- R3·r@-- 罐=无罐 泵=0 阀=000000 速=+0,+0,+0.00 电=7.75V/1.63A/峰1.63 补余=0.0 IO错=0 就位暂停
[    7.979] TLM t=   0.0 L1·r@-- L2·r@-- L3·r@-- R1·r@-- R2·r@-- R3·r@-- 罐=无罐 泵=0 阀=000000 速=+0,+0,+0.00 电=7.75V/1.55A/峰1.63 补余=0.0 IO错=0 就位暂停
[    8.487] TLM t=   0.0 L1·r@-- L2·r@-- L3·r@-- R1·r@-- R2·r@-- R3·r@-- 罐=无罐 泵=0 阀=000000 速=+0,+0,+0.00 电=7.74V/1.55A/峰1.63 补余=0.0 IO错=0 就位暂停
[    8.999] TLM t=   0.0 L1·r@-- L2·r@-- L3·r@-- R1·r@-- R2·r@-- R3·r@-- 罐=无罐 泵=0 阀=000000 速=+0,+0,+0.00 电=7.78V/0.98A/峰1.63 补余=0.0 IO错=0 就位暂停
[    9.506] TLM t=   0.0 L1·r@-- L2·r@-- L3·r@-- R1·r@-- R2·r@-- R3·r@-- 罐=无罐 泵=0 阀=000000 速=+0,+0,+0.00 电=7.79V/0.98A/峰1.63 补余=0.0 IO错=0 就位暂停
[   10.020] TLM t=   0.0 L1·r@-- L2·r@-- L3·r@-- R1·r@-- R2·r@-- R3·r@-- 罐=无罐 泵=0 阀=000000 速=+0,+0,+0.00 电=7.78V/0.81A/峰1.63 补余=0.0 IO错=0 就位暂停
[   10.525] TLM t=   0.0 L1·r@-- L2·r@-- L3·r@-- R1·r@-- R2·r@-- R3·r@-- 罐=无罐 泵=0 阀=000000 速=+0,+0,+0.00 电=7.79V/0.73A/峰1.63 补余=0.0 IO错=0 就位暂停
[   11.037] TLM t=   0.0 L1·r@-- L2·r@-- L3·r@-- R1·r@-- R2·r@-- R3·r@-- 罐=无罐 泵=0 阀=000000 速=+0,+0,+0.00 电=7.79V/0.57A/峰1.63 补余=0.0 IO错=0 就位暂停
[   11.542] TLM t=   0.0 L1·r@-- L2·r@-- L3·r@-- R1·r@-- R2·r@-- R3·r@-- 罐=无罐 泵=0 阀=000000 速=+0,+0,+0.00 电=7.80V/0.65A/峰1.63 补余=0.0 IO错=0 就位暂停
[   12.054] TLM t=   0.0 L1·r@-- L2·r@-- L3·r@-- R1·r@-- R2·r@-- R3·r@-- 罐=无罐 泵=0 阀=000000 速=+0,+0,+0.00 电=7.80V/0.65A/峰1.63 补余=0.0 IO错=0 就位暂停
[   12.559] TLM t=   0.0 L1·r@-- L2·r@-- L3·r@-- R1·r@-- R2·r@-- R3·r@-- 罐=无罐 泵=0 阀=000000 速=+0,+0,+0.00 电=7.80V/0.65A/峰1.63 补余=0.0 IO错=0 就位暂停
[   13.070] TLM t=   0.0 L1·r@-- L2·r@-- L3·r@-- R1·r@-- R2·r@-- R3·r@-- 罐=无罐 泵=0 阀=000000 速=+0,+0,+0.00 电=7.80V/0.57A/峰1.63 补余=0.0 IO错=0 就位暂停
[   13.580] TLM t=   0.0 L1·r@-- L2·r@-- L3·r@-- R1·r@-- R2·r@-- R3·r@-- 罐=无罐 泵=0 阀=000000 速=+0,+0,+0.00 电=7.81V/0.49A/峰1.63 补余=0.0 IO错=0 就位暂停
[   14.094] TLM t=   0.0 L1·r@-- L2·r@-- L3·r@-- R1·r@-- R2·r@-- R3·r@-- 罐=无罐 泵=0 阀=000000 速=+0,+0,+0.00 电=7.80V/0.49A/峰1.63 补余=0.0 IO错=0 就位暂停
[   14.600] TLM t=   0.0 L1·r@-- L2·r@-- L3·r@-- R1·r@-- R2·r@-- R3·r@-- 罐=无罐 泵=0 阀=000000 速=+0,+0,+0.00 电=7.80V/0.65A/峰1.63 补余=0.0 IO错=0 就位暂停
[   15.113] TLM t=   0.0 L1·r@-- L2·r@-- L3·r@-- R1·r@-- R2·r@-- R3·r@-- 罐=无罐 泵=0 阀=000000 速=+0,+0,+0.00 电=7.79V/0.73A/峰1.63 补余=0.0 IO错=0 就位暂停
[   15.620] TLM t=   0.0 L1·r@-- L2·r@-- L3·r@-- R1·r@-- R2·r@-- R3·r@-- 罐=无罐 泵=0 阀=000000 速=+0,+0,+0.00 电=7.79V/0.73A/峰1.63 补余=0.0 IO错=0 就位暂停
[   16.128] TLM t=   0.0 L1·r@-- L2·r@-- L3·r@-- R1·r@-- R2·r@-- R3·r@-- 罐=无罐 泵=0 阀=000000 速=+0,+0,+0.00 电=7.79V/0.73A/峰1.63 补余=0.0 IO错=0 就位暂停
[   16.634] TLM t=   0.0 L1·r@-- L2·r@-- L3·r@-- R1·r@-- R2·r@-- R3·r@-- 罐=无罐 泵=0 阀=000000 速=+0,+0,+0.00 电=7.80V/0.57A/峰1.63 补余=0.0 IO错=0 就位暂停
[   17.143] TLM t=   0.0 L1·r@-- L2·r@-- L3·r@-- R1·r@-- R2·r@-- R3·r@-- 罐=无罐 泵=0 阀=000000 速=+0,+0,+0.00 电=7.80V/0.65A/峰1.63 补余=0.0 IO错=0 就位暂停
[   17.650] TLM t=   0.0 L1·r@-- L2·r@-- L3·r@-- R1·r@-- R2·r@-- R3·r@-- 罐=无罐 泵=0 阀=000000 速=+0,+0,+0.00 电=7.79V/0.65A/峰1.63 补余=0.0 IO错=0 就位暂停
[   18.162] TLM t=   0.0 L1·r@-- L2·r@-- L3·r@-- R1·r@-- R2·r@-- R3·r@-- 罐=无罐 泵=0 阀=000000 速=+0,+0,+0.00 电=7.80V/0.65A/峰1.63 补余=0.0 IO错=0 就位暂停
[   18.669] TLM t=   0.0 L1·r@-- L2·r@-- L3·r@-- R1·r@-- R2·r@-- R3·r@-- 罐=无罐 泵=0 阀=000000 速=+0,+0,+0.00 电=7.79V/0.65A/峰1.63 补余=0.0 IO错=0 就位暂停
[   19.180] TLM t=   0.0 L1·r@-- L2·r@-- L3·r@-- R1·r@-- R2·r@-- R3·r@-- 罐=无罐 泵=0 阀=000000 速=+0,+0,+0.00 电=7.80V/0.65A/峰1.63 补余=0.0 IO错=0 就位暂停
[   19.265] EVT 按 p：开始全吸附启动序列
[   19.266] EVT 相位 R3 stance→press
[   19.286] EVT 泵 开
[   19.696] TLM t=   0.0 L1·r@-- L2·r@-- L3·r@-- R1·r@-- R2·r@-- R3Pr@-- 罐=无罐 泵=1 阀=000000 速=+0,+0,+0.00 电=7.74V/0.73A/峰1.63 补余=0.0 IO错=0 倾+0.0
[   20.195] TLM t=   0.0 L1·r@-- L2·r@-- L3·r@-- R1·r@-- R2·r@-- R3Pr@-- 罐=无罐 泵=1 阀=000000 速=+0,+0,+0.00 电=7.76V/0.65A/峰1.63 补余=0.0 IO错=0 倾+0.0
[   20.700] TLM t=   0.0 L1·r@-- L2·r@-- L3·r@-- R1·r@-- R2·r@-- R3Pr@-- 罐=无罐 泵=1 阀=000000 速=+0,+0,+0.00 电=7.78V/0.73A/峰1.63 补余=0.0 IO错=0 倾+0.0
[   21.199] TLM t=   0.0 L1·r@-- L2·r@-- L3·r@-- R1·r@-- R2·r@-- R3Pr@-- 罐=无罐 泵=1 阀=000000 速=+0,+0,+0.00 电=7.73V/0.81A/峰1.63 补余=0.0 IO错=0 倾+0.0
[   21.701] TLM t=   0.0 L1·r@-- L2·r@-- L3·r@-- R1·r@-- R2·r@-- R3Pr@-- 罐=无罐 泵=1 阀=000000 速=+0,+0,+0.00 电=7.78V/0.49A/峰1.63 补余=0.0 IO错=0 倾+0.0
[   22.205] TLM t=   0.0 L1·r@-- L2·r@-- L3·r@-- R1·r@-- R2·r@-- R3Pr@-- 罐=无罐 泵=1 阀=000000 速=+0,+0,+0.00 电=7.78V/0.73A/峰1.63 补余=0.0 IO错=0 倾+0.0
[   22.253] EVT 吸附 R3 released→pressing 在态3.00s
[   22.254] EVT 相位 R3 press→wait
[   22.274] EVT 泵 停
[   22.554] EVT 吸附 R3 pressing→sucking 在态0.30s
[   22.555] EVT 阀 R3 →抽气位
[   22.578] EVT 泵 开
[   22.707] TLM t=   0.0 L1·r@-- L2·r@-- L3·r@-- R1·r@-- R2·r@-- R3Ws@-62 罐=无罐 泵=1 阀=000001 速=+0,+0,+0.00 电=7.74V/0.65A/峰1.63 补余=0.0 IO错=0 倾+0.0
[   22.835] EVT 吸附 R3 sucking→attached 在态0.28s -70.7kPa
[   22.836] EVT 相位 R3 wait→stance
[   22.856] EVT 相位 L1 stance→press
[   22.999] EVT 泵 停 最差盘压-75.0
[   23.225] TLM t=   0.0 L1Pr@-- L2·r@-- L3·r@-- R1·r@-- R2·r@-- R3·A@-76 罐=无罐 泵=0 阀=000001 速=+0,+0,+0.00 电=7.79V/0.73A/峰1.63 补余=0.0 IO错=0 倾+0.0
[   23.729] TLM t=   0.0 L1Pr@-- L2·r@-- L3·r@-- R1·r@-- R2·r@-- R3·A@-75 罐=无罐 泵=0 阀=000001 速=+0,+0,+0.00 电=7.79V/0.90A/峰1.63 补余=0.0 IO错=0 倾+0.0
[   24.038] EVT 吸附 L1 released→pressing 在态4.78s
[   24.039] EVT 相位 L1 press→wait
[   24.248] TLM t=   0.0 L1Wp@-- L2·r@-- L3·r@-- R1·r@-- R2·r@-- R3·A@-74 罐=无罐 泵=0 阀=000001 速=+0,+0,+0.00 电=7.78V/0.81A/峰1.63 补余=0.0 IO错=0 倾+0.0
[   24.359] EVT 吸附 L1 pressing→sucking 在态0.32s
[   24.360] EVT 阀 L1 →抽气位
[   24.385] EVT 泵 开 最差盘压-73.8
[   24.660] EVT 吸附 L1 sucking→attached 在态0.30s -66.8kPa
[   24.661] EVT 相位 L1 wait→stance
[   24.686] EVT 相位 R2 stance→press
[   24.755] TLM t=   0.0 L1·A@-71 L2·r@-- L3·r@-- R1·r@-- R2Pr@-- R3·A@-73 罐=无罐 泵=1 阀=100001 速=+0,+0,+0.00 电=7.72V/1.06A/峰1.63 补余=0.0 IO错=0 倾+0.0
[   24.987] EVT 泵 停 最差盘压-75.8
[   25.271] TLM t=   0.0 L1·A@-76 L2·r@-- L3·r@-- R1·r@-- R2Pr@-- R3·A@-76 罐=无罐 泵=0 阀=100001 速=+0,+0,+0.00 电=7.79V/0.98A/峰1.63 补余=0.0 IO错=0 倾+0.0
[   25.778] TLM t=   0.0 L1·A@-76 L2·r@-- L3·r@-- R1·r@-- R2Pr@-- R3·A@-76 罐=无罐 泵=0 阀=100001 速=+0,+0,+0.00 电=7.79V/0.98A/峰1.63 补余=0.0 IO错=0 倾+0.0
[   25.866] EVT 吸附 R2 released→pressing 在态6.60s
[   25.867] EVT 相位 R2 press→wait
[   26.192] EVT 吸附 R2 pressing→sucking 在态0.32s
[   26.193] EVT 阀 R2 →抽气位
[   26.210] EVT 泵 开 最差盘压-75.0
[   26.277] TLM t=   0.0 L1·A@-76 L2·r@-- L3·r@-- R1·r@-- R2Ws@-66 R3·A@-75 罐=无罐 泵=1 阀=100011 速=+0,+0,+0.00 电=7.76V/0.81A/峰1.63 补余=0.0 IO错=0 倾+0.0
[   26.490] EVT 吸附 R2 sucking→attached 在态0.30s -68.9kPa
[   26.494] EVT 相位 R2 wait→stance
[   26.511] EVT 相位 L3 stance→press
[   26.803] TLM t=   0.0 L1·A@-76 L2·r@-- L3Pr@-- R1·r@-- R2·A@-74 R3·A@-75 罐=无罐 泵=1 阀=100011 速=+0,+0,+0.00 电=7.77V/0.65A/峰1.63 补余=0.0 IO错=0 倾+0.0
[   26.872] EVT 泵 停 最差盘压-75.2
[   27.320] TLM t=   0.0 L1·A@-76 L2·r@-- L3Pr@-- R1·r@-- R2·A@-75 R3·A@-76 罐=无罐 泵=0 阀=100011 速=+0,+0,+0.00 电=7.82V/0.81A/峰1.63 补余=0.0 IO错=0 倾+0.0
[   27.697] EVT 吸附 L3 released→pressing 在态8.42s
[   27.697] EVT 相位 L3 press→wait
[   27.829] TLM t=   0.0 L1·A@-76 L2·r@-- L3Wp@-- R1·r@-- R2·A@-74 R3·A@-75 罐=无罐 泵=0 阀=100011 速=+0,+0,+0.00 电=7.82V/0.73A/峰1.63 补余=0.0 IO错=0 倾+0.0
[   28.017] EVT 吸附 L3 pressing→sucking 在态0.32s
[   28.018] EVT 阀 L3 →抽气位
[   28.038] EVT 泵 开 最差盘压-73.6
[   28.316] EVT 吸附 L3 sucking→attached 在态0.30s -62.3kPa
[   28.319] EVT 相位 L3 wait→stance
[   28.330] TLM t=   0.0 L1·A@-76 L2·r@-- L3·A@-62 R1·r@-- R2·A@-73 R3·A@-74 罐=无罐 泵=1 阀=101011 速=+0,+0,+0.00 电=7.80V/0.73A/峰1.63 补余=0.0 IO错=0 倾+0.0
[   28.339] EVT 相位 R1 stance→press
[   28.760] EVT 泵 停 最差盘压-75.4
[   28.828] TLM t=   0.0 L1·A@-76 L2·r@-- L3·A@-76 R1Pr@-- R2·A@-76 R3·A@-76 罐=无罐 泵=0 阀=101011 速=+0,+0,+0.00 电=7.83V/0.81A/峰1.63 补余=0.0 IO错=0 倾+0.0
[   29.332] TLM t=   0.0 L1·A@-76 L2·r@-- L3·A@-76 R1Pr@-- R2·A@-75 R3·A@-76 罐=无罐 泵=0 阀=101011 速=+0,+0,+0.00 电=7.82V/0.81A/峰1.63 补余=0.0 IO错=0 倾+0.0
[   29.522] EVT 吸附 R1 released→pressing 在态10.24s
[   29.522] EVT 相位 R1 press→wait
[   29.843] EVT 吸附 R1 pressing→sucking 在态0.32s
[   29.843] EVT 阀 R1 →抽气位
[   29.852] TLM t=   0.0 L1·A@-76 L2·r@-- L3·A@-76 R1Ws@-- R2·A@-75 R3·A@-75 罐=无罐 泵=0 阀=101111 速=+0,+0,+0.00 电=7.84V/0.81A/峰1.63 补余=0.0 IO错=0 倾+0.0
[   29.868] EVT 泵 开 最差盘压-74.8
[   30.204] EVT 吸附 R1 sucking→attached 在态0.36s -69.5kPa
[   30.204] EVT 相位 R1 wait→stance
[   30.229] EVT 相位 L2 stance→press
[   30.356] TLM t=   0.0 L1·A@-76 L2Pr@-- L3·A@-75 R1·A@-74 R2·A@-74 R3·A@-75 罐=无罐 泵=1 阀=101111 速=+0,+0,+0.00 电=7.77V/0.65A/峰1.63 补余=0.0 IO错=0 倾+0.0
[   30.470] EVT 泵 停 最差盘压-75.4
[   30.880] TLM t=   0.0 L1·A@-77 L2Pr@-- L3·A@-76 R1·A@-76 R2·A@-76 R3·A@-76 罐=无罐 泵=0 阀=101111 速=+0,+0,+0.00 电=7.85V/0.73A/峰1.63 补余=0.0 IO错=0 倾+0.0
[   31.380] TLM t=   0.0 L1·A@-76 L2Pr@-- L3·A@-76 R1·A@-76 R2·A@-75 R3·A@-76 罐=无罐 泵=0 阀=101111 速=+0,+0,+0.00 电=7.84V/0.73A/峰1.63 补余=0.0 IO错=0 倾+0.0
[   31.408] EVT 吸附 L2 released→pressing 在态12.12s
[   31.408] EVT 相位 L2 press→wait
[   31.734] EVT 吸附 L2 pressing→sucking 在态0.32s
[   31.734] EVT 阀 L2 →抽气位
[   31.752] EVT 泵 开 最差盘压-75.1
[   31.896] TLM t=   0.0 L1·A@-76 L2Ws@-60 L3·A@-76 R1·A@-75 R2·A@-75 R3·A@-75 罐=无罐 泵=1 阀=111111 速=+0,+0,+0.00 电=7.83V/0.57A/峰1.63 补余=0.0 IO错=0 倾+0.0
[   32.029] EVT 吸附 L2 sucking→attached 在态0.30s -66.8kPa
[   32.035] EVT 相位 L2 wait→stance
[   32.035] EVT ✓ 六足全吸附，启动序列完成，相位钟开始
[   32.353] EVT 泵 停 最差盘压-75.3
[   32.406] TLM t=   0.4 L1·A@-76 L2·A@-76 L3·A@-76 R1·A@-75 R2·A@-76 R3·A@-76 罐=无罐 泵=0 阀=111111 速=+0,+0,+0.00 电=7.86V/0.57A/峰1.63 补余=0.0 IO错=0 倾+0.0
[   32.913] TLM t=   0.9 L1·A@-76 L2·A@-76 L3·A@-76 R1·A@-75 R2·A@-75 R3·A@-76 罐=无罐 泵=0 阀=111111 速=+0,+0,+0.00 电=7.86V/0.65A/峰1.63 补余=0.0 IO错=0 倾+0.0
[   33.434] TLM t=   1.4 L1·A@-76 L2·A@-75 L3·A@-76 R1·A@-75 R2·A@-75 R3·A@-75 罐=无罐 泵=0 阀=111111 速=+0,+0,+0.00 电=7.85V/0.65A/峰1.63 补余=0.0 IO错=0 倾+0.0
[   33.938] TLM t=   1.9 L1·A@-76 L2·A@-74 L3·A@-76 R1·A@-75 R2·A@-74 R3·A@-74 罐=无罐 泵=0 阀=111111 速=+0,+0,+0.00 电=7.85V/0.73A/峰1.63 补余=0.0 IO错=0 倾+0.0
[   34.459] TLM t=   2.4 L1·A@-76 L2·A@-74 L3·A@-76 R1·A@-75 R2·A@-74 R3·A@-73 罐=无罐 泵=0 阀=111111 速=+0,+0,+0.00 电=7.86V/0.73A/峰1.63 补余=0.0 IO错=0 倾+0.0
[   34.961] TLM t=   2.9 L1·A@-75 L2·A@-73 L3·A@-76 R1·A@-75 R2·A@-74 R3·A@-73 罐=无罐 泵=0 阀=111111 速=+0,+0,+0.00 电=7.84V/0.65A/峰1.63 补余=0.0 IO错=0 倾+0.0
[   35.483] TLM t=   3.4 L1·A@-75 L2·A@-73 L3·A@-75 R1·A@-75 R2·A@-73 R3·A@-72 罐=无罐 泵=0 阀=111111 速=+0,+0,+0.00 电=7.86V/0.65A/峰1.63 补余=0.0 IO错=0 倾+0.0
[   35.987] TLM t=   3.9 L1·A@-75 L2·A@-72 L3·A@-75 R1·A@-74 R2·A@-73 R3·A@-71 罐=无罐 泵=0 阀=111111 速=+0,+0,+0.00 电=7.86V/0.73A/峰1.63 补余=0.0 IO错=0 倾+0.0
[   36.507] TLM t=   4.4 L1·A@-75 L2·A@-72 L3·A@-75 R1·A@-74 R2·A@-72 R3·A@-71 罐=无罐 泵=0 阀=111111 速=+0,+0,+0.00 电=7.85V/0.73A/峰1.63 补余=0.0 IO错=0 倾+0.0
[   37.008] TLM t=   4.9 L1·A@-75 L2·A@-71 L3·A@-75 R1·A@-74 R2·A@-72 R3·A@-70 罐=无罐 泵=0 阀=111111 速=+0,+0,+0.00 电=7.86V/0.73A/峰1.63 补余=0.0 IO错=0 倾+0.0
[   37.539] TLM t=   5.5 L1·A@-75 L2·A@-71 L3·A@-75 R1·A@-74 R2·A@-71 R3·A@-69 罐=无罐 泵=0 阀=111111 速=+0,+0,+0.00 电=7.86V/0.73A/峰1.63 补余=0.0 IO错=0 倾+0.0
[   38.044] TLM t=   6.0 L1·A@-75 L2·A@-70 L3·A@-75 R1·A@-74 R2·A@-71 R3·A@-69 罐=无罐 泵=0 阀=111111 速=+0,+0,+0.00 电=7.86V/0.73A/峰1.63 补余=0.0 IO错=0 倾+0.0
[   38.544] TLM t=   6.5 L1·A@-75 L2·A@-70 L3·A@-75 R1·A@-74 R2·A@-71 R3·A@-68 罐=无罐 泵=0 阀=111111 速=+0,+0,+0.00 电=7.86V/0.65A/峰1.63 补余=0.0 IO错=0 倾+0.0
[   39.068] TLM t=   7.0 L1·A@-74 L2·A@-69 L3·A@-75 R1·A@-74 R2·A@-70 R3·A@-67 罐=无罐 泵=0 阀=111111 速=+0,+0,+0.00 电=7.85V/0.65A/峰1.63 补余=0.0 IO错=0 倾+0.0
[   39.571] TLM t=   7.5 L1·A@-74 L2·A@-69 L3·A@-75 R1·A@-74 R2·A@-70 R3·A@-67 罐=无罐 泵=0 阀=111111 速=+0,+0,+0.00 电=7.85V/0.73A/峰1.63 补余=0.0 IO错=0 倾+0.0
[   40.094] TLM t=   8.0 L1·A@-74 L2·A@-69 L3·A@-75 R1·A@-74 R2·A@-69 R3·A@-66 罐=无罐 泵=0 阀=111111 速=+0,+0,+0.00 电=7.85V/0.65A/峰1.63 补余=0.0 IO错=0 倾+0.0
[   40.597] TLM t=   8.5 L1·A@-74 L2·A@-68 L3·A@-75 R1·A@-74 R2·A@-69 R3·A@-66 罐=无罐 泵=0 阀=111111 速=+0,+0,+0.00 电=7.86V/0.65A/峰1.63 补余=0.0 IO错=0 倾+0.0
[   41.119] TLM t=   9.0 L1·A@-74 L2·A@-68 L3·A@-75 R1·A@-74 R2·A@-69 R3·A@-65 罐=无罐 泵=0 阀=111111 速=+0,+0,+0.00 电=7.86V/0.65A/峰1.63 补余=0.0 IO错=0 倾+0.0
[   41.622] TLM t=   9.5 L1·A@-74 L2·A@-67 L3·A@-75 R1·A@-74 R2·A@-68 R3·A@-64 罐=无罐 泵=0 阀=111111 速=+0,+0,+0.00 电=7.85V/0.73A/峰1.63 补余=0.0 IO错=0 倾+0.0
[   42.142] TLM t=  10.0 L1·A@-74 L2·A@-67 L3·A@-74 R1·A@-74 R2·A@-68 R3·A@-64 罐=无罐 泵=0 阀=111111 速=+0,+0,+0.00 电=7.86V/0.73A/峰1.63 补余=0.0 IO错=0 倾+0.0
[   42.649] TLM t=  10.5 L1·A@-74 L2·A@-66 L3·A@-74 R1·A@-73 R2·A@-67 R3·A@-63 罐=无罐 泵=0 阀=111111 速=+0,+0,+0.00 电=7.86V/0.65A/峰1.63 补余=0.0 IO错=0 倾+0.0
[   43.173] TLM t=  11.1 L1·A@-74 L2·A@-66 L3·A@-74 R1·A@-73 R2·A@-67 R3·A@-63 罐=无罐 泵=0 阀=111111 速=+0,+0,+0.00 电=7.86V/0.65A/峰1.63 补余=0.0 IO错=0 倾+0.0
[   43.674] TLM t=  11.6 L1·A@-74 L2·A@-66 L3·A@-74 R1·A@-73 R2·A@-67 R3·A@-62 罐=无罐 泵=0 阀=111111 速=+0,+0,+0.00 电=7.86V/0.65A/峰1.63 补余=0.0 IO错=0 倾+0.0
[   44.202] TLM t=  12.1 L1·A@-73 L2·A@-65 L3·A@-74 R1·A@-73 R2·A@-66 R3·A@-61 罐=无罐 泵=0 阀=111111 速=+0,+0,+0.00 电=7.86V/0.73A/峰1.63 补余=0.0 IO错=0 倾+0.0
[   44.702] TLM t=  12.6 L1·A@-73 L2·A@-65 L3·A@-74 R1·A@-73 R2·A@-66 R3·A@-61 罐=无罐 泵=0 阀=111111 速=+0,+0,+0.00 电=7.86V/0.73A/峰1.63 补余=0.0 IO错=0 倾+0.0
[   45.229] TLM t=  13.1 L1·A@-73 L2·A@-64 L3·A@-74 R1·A@-73 R2·A@-65 R3·A@-60 罐=无罐 泵=0 阀=111111 速=+0,+0,+0.00 电=7.86V/0.73A/峰1.63 补余=0.0 IO错=0 倾+0.0
[   45.480] EVT 泵 开 最差盘压-60.0
[   45.729] TLM t=  13.6 L1·A@-73 L2·A@-64 L3·A@-74 R1·A@-73 R2·A@-65 R3·A@-62 罐=无罐 泵=1 阀=111111 速=+0,+0,+0.00 电=7.79V/0.73A/峰1.63 补余=0.0 IO错=0 倾+0.0
[   46.252] TLM t=  14.1 L1·A@-74 L2·A@-75 L3·A@-75 R1·A@-73 R2·A@-75 R3·A@-74 罐=无罐 泵=1 阀=111111 速=+0,+0,+0.00 电=7.82V/0.65A/峰1.63 补余=0.0 IO错=0 倾+0.0
[   46.384] EVT 泵 停 最差盘压-75.0
[   46.752] TLM t=  14.6 L1·A@-76 L2·A@-76 L3·A@-76 R1·A@-76 R2·A@-76 R3·A@-76 罐=无罐 泵=0 阀=111111 速=+0,+0,+0.00 电=7.85V/0.73A/峰1.63 补余=0.0 IO错=0 倾+0.0
[   47.276] TLM t=  15.1 L1·A@-76 L2·A@-76 L3·A@-76 R1·A@-76 R2·A@-75 R3·A@-75 罐=无罐 泵=0 阀=111111 速=+0,+0,+0.00 电=7.85V/0.73A/峰1.63 补余=0.0 IO错=0 倾+0.0
[   47.779] TLM t=  15.6 L1·A@-76 L2·A@-75 L3·A@-76 R1·A@-76 R2·A@-75 R3·A@-75 罐=无罐 泵=0 阀=111111 速=+0,+0,+0.00 电=7.85V/0.65A/峰1.63 补余=0.0 IO错=0 倾+0.0
[   48.303] TLM t=  16.2 L1·A@-76 L2·A@-75 L3·A@-76 R1·A@-75 R2·A@-74 R3·A@-74 罐=无罐 泵=0 阀=111111 速=+0,+0,+0.00 电=7.86V/0.73A/峰1.63 补余=0.0 IO错=0 倾+0.0
[   48.807] TLM t=  16.7 L1·A@-76 L2·A@-74 L3·A@-76 R1·A@-75 R2·A@-74 R3·A@-73 罐=无罐 泵=0 阀=111111 速=+0,+0,+0.00 电=7.85V/0.73A/峰1.63 补余=0.0 IO错=0 倾+0.0
[   49.330] TLM t=  17.2 L1·A@-76 L2·A@-74 L3·A@-76 R1·A@-75 R2·A@-73 R3·A@-73 罐=无罐 泵=0 阀=111111 速=+0,+0,+0.00 电=7.85V/0.73A/峰1.63 补余=0.0 IO错=0 倾+0.0
[   49.835] TLM t=  17.7 L1·A@-75 L2·A@-73 L3·A@-76 R1·A@-75 R2·A@-73 R3·A@-72 罐=无罐 泵=0 阀=111111 速=+0,+0,+0.00 电=7.86V/0.65A/峰1.63 补余=0.0 IO错=0 倾+0.0
[   50.357] TLM t=  18.2 L1·A@-75 L2·A@-73 L3·A@-76 R1·A@-75 R2·A@-73 R3·A@-71 罐=无罐 泵=0 阀=111111 速=+0,+0,+0.00 电=7.85V/0.73A/峰1.63 补余=0.0 IO错=0 倾+0.0
[   50.858] TLM t=  18.7 L1·A@-75 L2·A@-72 L3·A@-76 R1·A@-75 R2·A@-72 R3·A@-71 罐=无罐 泵=0 阀=111111 速=+0,+0,+0.00 电=7.86V/0.65A/峰1.63 补余=0.0 IO错=0 倾+0.0
[   51.384] TLM t=  19.2 L1·A@-75 L2·A@-72 L3·A@-76 R1·A@-75 R2·A@-72 R3·A@-70 罐=无罐 泵=0 阀=111111 速=+0,+0,+0.00 电=7.85V/0.73A/峰1.63 补余=0.0 IO错=0 倾+0.0
[   51.885] TLM t=  19.7 L1·A@-75 L2·A@-71 L3·A@-75 R1·A@-75 R2·A@-71 R3·A@-69 罐=无罐 泵=0 阀=111111 速=+0,+0,+0.00 电=7.86V/0.65A/峰1.63 补余=0.0 IO错=0 倾+0.0
[   52.411] TLM t=  20.2 L1·A@-75 L2·A@-71 L3·A@-75 R1·A@-75 R2·A@-71 R3·A@-69 罐=无罐 泵=0 阀=111111 速=+0,+0,+0.00 电=7.86V/0.73A/峰1.63 补余=0.0 IO错=0 倾+0.0
[   52.909] TLM t=  20.7 L1·A@-75 L2·A@-71 L3·A@-75 R1·A@-75 R2·A@-71 R3·A@-68 罐=无罐 泵=0 阀=111111 速=+0,+0,+0.00 电=7.85V/0.73A/峰1.63 补余=0.0 IO错=0 倾+0.0
[   53.432] TLM t=  21.3 L1·A@-75 L2·A@-70 L3·A@-75 R1·A@-75 R2·A@-70 R3·A@-68 罐=无罐 泵=0 阀=111111 速=+0,+0,+0.00 电=7.86V/0.73A/峰1.63 补余=0.0 IO错=0 倾+0.0
[   53.557] EVT 倾身 +10mm（对时标记 去程）
[   53.557] EVT 实验序列开跑：标记+自动轮换 3 轮
[   53.557] EVT 键 't' 倾=+0.0待=+10.0
[   53.932] TLM t=  21.8 L1·A@-75 L2·A@-70 L3·A@-75 R1·A@-75 R2·A@-70 R3·A@-67 罐=无罐 泵=0 阀=111111 速=+0,+0,+0.00 电=7.79V/1.95A/峰1.95 补余=0.0 IO错=0 倾+3.8→+10 对时标记
[   54.456] TLM t=  22.3 L1·A@-74 L2·A@-69 L3·A@-75 R1·A@-75 R2·A@-69 R3·A@-66 罐=无罐 泵=0 阀=111111 速=+0,+0,+0.00 电=7.76V/2.44A/峰2.44 补余=0.0 IO错=0 倾+9.0→+10 对时标记
[   54.960] TLM t=  22.8 L1·A@-74 L2·A@-69 L3·A@-75 R1·A@-75 R2·A@-69 R3·A@-66 罐=无罐 泵=0 阀=111111 速=+0,+0,+0.00 电=7.78V/2.28A/峰2.44 补余=0.0 IO错=0 倾+10.0 对时标记
[   55.457] TLM t=  23.3 L1·A@-74 L2·A@-68 L3·A@-75 R1·A@-74 R2·A@-69 R3·A@-65 罐=无罐 泵=0 阀=111111 速=+0,+0,+0.00 电=7.78V/2.44A/峰2.44 补余=0.0 IO错=0 倾+10.0 对时标记
[   55.966] TLM t=  23.8 L1·A@-74 L2·A@-68 L3·A@-75 R1·A@-74 R2·A@-68 R3·A@-65 罐=无罐 泵=0 阀=111111 速=+0,+0,+0.00 电=7.78V/2.12A/峰2.44 补余=0.0 IO错=0 倾+10.0 对时标记
[   56.475] TLM t=  24.3 L1·A@-74 L2·A@-68 L3·A@-75 R1·A@-74 R2·A@-68 R3·A@-64 罐=无罐 泵=0 阀=111111 速=+0,+0,+0.00 电=7.76V/2.28A/峰2.44 补余=0.0 IO错=0 倾+10.0 对时标记
[   56.564] EVT 倾身 -10mm（对时标记 回程）
[   56.992] TLM t=  24.8 L1·A@-74 L2·A@-67 L3·A@-75 R1·A@-74 R2·A@-67 R3·A@-63 罐=无罐 泵=0 阀=111111 速=+0,+0,+0.00 电=7.84V/0.90A/峰2.44 补余=0.0 IO错=0 倾+5.8→+0 对时标记
[   57.498] TLM t=  25.3 L1·A@-74 L2·A@-67 L3·A@-75 R1·A@-74 R2·A@-67 R3·A@-63 罐=无罐 泵=0 阀=111111 速=+0,+0,+0.00 电=7.85V/0.73A/峰2.44 补余=0.0 IO错=0 倾+0.8→+0 对时标记
[   58.018] TLM t=  25.8 L1·A@-74 L2·A@-66 L3·A@-75 R1·A@-74 R2·A@-67 R3·A@-62 罐=无罐 泵=0 阀=111111 速=+0,+0,+0.00 电=7.86V/0.65A/峰2.44 补余=0.0 IO错=0 倾+0.0 对时标记
[   58.519] TLM t=  26.3 L1·A@-74 L2·A@-66 L3·A@-75 R1·A@-74 R2·A@-66 R3·A@-62 罐=无罐 泵=0 阀=111111 速=+0,+0,+0.00 电=7.85V/0.65A/峰2.44 补余=0.0 IO错=0 倾+0.0 对时标记
[   59.043] TLM t=  26.8 L1·A@-74 L2·A@-65 L3·A@-75 R1·A@-74 R2·A@-66 R3·A@-61 罐=无罐 泵=0 阀=111111 速=+0,+0,+0.00 电=7.85V/0.65A/峰2.44 补余=0.0 IO错=0 倾+0.0 对时标记
[   59.546] TLM t=  27.3 L1·A@-74 L2·A@-65 L3·A@-75 R1·A@-74 R2·A@-66 R3·A@-61 罐=无罐 泵=0 阀=111111 速=+0,+0,+0.00 电=7.85V/0.73A/峰2.44 补余=0.0 IO错=0 倾+0.0 对时标记
[   60.068] TLM t=  27.9 L1·A@-73 L2·A@-65 L3·A@-74 R1·A@-74 R2·A@-65 R3·A@-60 罐=无罐 泵=0 阀=111111 速=+0,+0,+0.00 电=7.85V/0.65A/峰2.44 补余=0.0 IO错=0 倾+0.0 对时标记
[   60.081] EVT 泵 开 最差盘压-60.0
[   60.572] TLM t=  28.4 L1·A@-73 L2·A@-70 L3·A@-74 R1·A@-74 R2·A@-70 R3·A@-70 罐=无罐 泵=1 阀=111111 速=+0,+0,+0.00 电=7.84V/0.65A/峰2.44 补余=0.0 IO错=0 倾+0.0 对时标记
[   60.984] EVT 泵 停 最差盘压-75.2
[   61.095] TLM t=  28.9 L1·A@-76 L2·A@-77 L3·A@-76 R1·A@-76 R2·A@-76 R3·A@-76 罐=无罐 泵=0 阀=111111 速=+0,+0,+0.00 电=7.85V/0.73A/峰2.44 补余=0.0 IO错=0 倾+0.0 对时标记
[   61.600] TLM t=  29.4 L1·A@-76 L2·A@-76 L3·A@-76 R1·A@-76 R2·A@-75 R3·A@-76 罐=无罐 泵=0 阀=111111 速=+0,+0,+0.00 电=7.85V/0.73A/峰2.44 补余=0.0 IO错=0 倾+0.0 对时标记
[   62.122] TLM t=  29.9 L1·A@-76 L2·A@-75 L3·A@-76 R1·A@-76 R2·A@-75 R3·A@-75 罐=无罐 泵=0 阀=111111 速=+0,+0,+0.00 电=7.86V/0.65A/峰2.44 补余=0.0 IO错=0 倾+0.0 对时标记
[   62.630] TLM t=  30.4 L1·A@-76 L2·A@-75 L3·A@-76 R1·A@-76 R2·A@-75 R3·A@-74 罐=无罐 泵=0 阀=111111 速=+0,+0,+0.00 电=7.86V/0.73A/峰2.44 补余=0.0 IO错=0 倾+0.0 对时标记
[   63.151] TLM t=  30.9 L1·A@-76 L2·A@-74 L3·A@-76 R1·A@-75 R2·A@-74 R3·A@-74 罐=无罐 泵=0 阀=111111 速=+0,+0,+0.00 电=7.85V/0.73A/峰2.44 补余=0.0 IO错=0 倾+0.0 对时标记
[   63.657] TLM t=  31.4 L1·A@-76 L2·A@-74 L3·A@-76 R1·A@-75 R2·A@-74 R3·A@-73 罐=无罐 泵=0 阀=111111 速=+0,+0,+0.00 电=7.86V/0.73A/峰2.44 补余=0.0 IO错=0 倾+0.0 对时标记
[   64.181] TLM t=  31.9 L1·A@-76 L2·A@-74 L3·A@-76 R1·A@-75 R2·A@-73 R3·A@-72 罐=无罐 泵=0 阀=111111 速=+0,+0,+0.00 电=7.85V/0.73A/峰2.44 补余=0.0 IO错=0 倾+0.0 对时标记
[   64.683] TLM t=  32.4 L1·A@-76 L2·A@-73 L3·A@-76 R1·A@-75 R2·A@-73 R3·A@-72 罐=无罐 泵=0 阀=111111 速=+0,+0,+0.00 电=7.85V/0.73A/峰2.44 补余=0.0 IO错=0 倾+0.0 对时标记
[   65.204] TLM t=  33.0 L1·A@-75 L2·A@-73 L3·A@-76 R1·A@-75 R2·A@-72 R3·A@-71 罐=无罐 泵=0 阀=111111 速=+0,+0,+0.00 电=7.86V/0.73A/峰2.44 补余=0.0 IO错=0 倾+0.0 对时标记
[   65.709] TLM t=  33.5 L1·A@-75 L2·A@-72 L3·A@-76 R1·A@-75 R2·A@-72 R3·A@-70 罐=无罐 泵=0 阀=111111 速=+0,+0,+0.00 电=7.85V/0.65A/峰2.44 补余=0.0 IO错=0 倾+0.0 对时标记
[   66.232] TLM t=  34.0 L1·A@-75 L2·A@-72 L3·A@-76 R1·A@-75 R2·A@-72 R3·A@-70 罐=无罐 泵=0 阀=111111 速=+0,+0,+0.00 电=7.86V/0.73A/峰2.44 补余=0.0 IO错=0 倾+0.0 对时标记
[   66.734] TLM t=  34.5 L1·A@-75 L2·A@-71 L3·A@-76 R1·A@-75 R2·A@-71 R3·A@-69 罐=无罐 泵=0 阀=111111 速=+0,+0,+0.00 电=7.85V/0.73A/峰2.44 补余=0.0 IO错=0 倾+0.0 对时标记
[   67.258] TLM t=  35.0 L1·A@-75 L2·A@-71 L3·A@-76 R1·A@-75 R2·A@-71 R3·A@-69 罐=无罐 泵=0 阀=111111 速=+0,+0,+0.00 电=7.86V/0.73A/峰2.44 补余=0.0 IO错=0 倾+0.0 对时标记
[   67.759] TLM t=  35.5 L1·A@-75 L2·A@-71 L3·A@-75 R1·A@-75 R2·A@-70 R3·A@-68 罐=无罐 泵=0 阀=111111 速=+0,+0,+0.00 电=7.85V/0.65A/峰2.44 补余=0.0 IO错=0 倾+0.0 对时标记
[   68.282] TLM t=  36.0 L1·A@-75 L2·A@-70 L3·A@-75 R1·A@-75 R2·A@-70 R3·A@-67 罐=无罐 泵=0 阀=111111 速=+0,+0,+0.00 电=7.86V/0.65A/峰2.44 补余=0.0 IO错=0 倾+0.0 对时标记
[   68.783] TLM t=  36.5 L1·A@-75 L2·A@-70 L3·A@-75 R1·A@-75 R2·A@-70 R3·A@-67 罐=无罐 泵=0 阀=111111 速=+0,+0,+0.00 电=7.85V/0.73A/峰2.44 补余=0.0 IO错=0 倾+0.0 对时标记
[   69.305] TLM t=  37.0 L1·A@-75 L2·A@-69 L3·A@-75 R1·A@-75 R2·A@-69 R3·A@-66 罐=无罐 泵=0 阀=111111 速=+0,+0,+0.00 电=7.86V/0.73A/峰2.44 补余=0.0 IO错=0 倾+0.0 对时标记
[   69.809] TLM t=  37.5 L1·A@-75 L2·A@-69 L3·A@-75 R1·A@-75 R2·A@-69 R3·A@-66 罐=无罐 泵=0 阀=111111 速=+0,+0,+0.00 电=7.86V/0.73A/峰2.44 补余=0.0 IO错=0 倾+0.0 对时标记
[   70.330] TLM t=  38.1 L1·A@-74 L2·A@-68 L3·A@-75 R1·A@-75 R2·A@-68 R3·A@-65 罐=无罐 泵=0 阀=111111 速=+0,+0,+0.00 电=7.85V/0.73A/峰2.44 补余=0.0 IO错=0 倾+0.0 对时标记
[   70.830] TLM t=  38.6 L1·A@-74 L2·A@-68 L3·A@-75 R1·A@-75 R2·A@-68 R3·A@-64 罐=无罐 泵=0 阀=111111 速=+0,+0,+0.00 电=7.85V/0.73A/峰2.44 补余=0.0 IO错=0 倾+0.0 对时标记
[   71.357] TLM t=  39.1 L1·A@-74 L2·A@-68 L3·A@-75 R1·A@-75 R2·A@-68 R3·A@-64 罐=无罐 泵=0 阀=111111 速=+0,+0,+0.00 电=7.85V/0.73A/峰2.44 补余=0.0 IO错=0 倾+0.0 对时标记
[   71.859] TLM t=  39.6 L1·A@-74 L2·A@-67 L3·A@-75 R1·A@-75 R2·A@-67 R3·A@-63 罐=无罐 泵=0 阀=111111 速=+0,+0,+0.00 电=7.85V/0.73A/峰2.44 补余=0.0 IO错=0 倾+0.0 对时标记
[   72.381] TLM t=  40.1 L1·A@-74 L2·A@-67 L3·A@-75 R1·A@-75 R2·A@-67 R3·A@-63 罐=无罐 泵=0 阀=111111 速=+0,+0,+0.00 电=7.85V/0.65A/峰2.44 补余=0.0 IO错=0 倾+0.0 对时标记
[   72.888] TLM t=  40.6 L1·A@-74 L2·A@-66 L3·A@-75 R1·A@-74 R2·A@-67 R3·A@-62 罐=无罐 泵=0 阀=111111 速=+0,+0,+0.00 电=7.85V/0.73A/峰2.44 补余=0.0 IO错=0 倾+0.0 对时标记
[   73.407] TLM t=  41.1 L1·A@-74 L2·A@-66 L3·A@-75 R1·A@-74 R2·A@-66 R3·A@-62 罐=无罐 泵=0 阀=111111 速=+0,+0,+0.00 电=7.85V/0.73A/峰2.44 补余=0.0 IO错=0 倾+0.0 对时标记
[   73.910] TLM t=  41.6 L1·A@-74 L2·A@-66 L3·A@-75 R1·A@-74 R2·A@-66 R3·A@-61 罐=无罐 泵=0 阀=111111 速=+0,+0,+0.00 电=7.85V/0.73A/峰2.44 补余=0.0 IO错=0 倾+0.0 对时标记
[   74.432] TLM t=  42.1 L1·A@-74 L2·A@-65 L3·A@-75 R1·A@-74 R2·A@-65 R3·A@-60 罐=无罐 泵=0 阀=111111 速=+0,+0,+0.00 电=7.85V/0.73A/峰2.44 补余=0.0 IO错=0 倾+0.0 对时标记
[   74.806] EVT 泵 开 最差盘压-59.9
[   74.933] TLM t=  42.6 L1·A@-74 L2·A@-65 L3·A@-75 R1·A@-74 R2·A@-65 R3·A@-60 罐=无罐 泵=1 阀=111111 速=+0,+0,+0.00 电=7.81V/0.65A/峰2.44 补余=0.0 IO错=0 倾+0.0 对时标记
[   75.456] TLM t=  43.2 L1·A@-74 L2·A@-73 L3·A@-75 R1·A@-74 R2·A@-73 R3·A@-72 罐=无罐 泵=1 阀=111111 速=+0,+0,+0.00 电=7.81V/0.65A/峰2.44 补余=0.0 IO错=0 倾+0.0 对时标记
[   75.709] EVT 泵 停 最差盘压-75.2
[   75.958] TLM t=  43.7 L1·A@-76 L2·A@-76 L3·A@-76 R1·A@-76 R2·A@-76 R3·A@-76 罐=无罐 泵=0 阀=111111 速=+0,+0,+0.00 电=7.85V/0.73A/峰2.44 补余=0.0 IO错=0 倾+0.0 对时标记
[   76.479] TLM t=  44.2 L1·A@-76 L2·A@-76 L3·A@-76 R1·A@-76 R2·A@-75 R3·A@-75 罐=无罐 泵=0 阀=111111 速=+0,+0,+0.00 电=7.85V/0.73A/峰2.44 补余=0.0 IO错=0 倾+0.0 对时标记
[   76.981] TLM t=  44.7 L1·A@-76 L2·A@-75 L3·A@-76 R1·A@-76 R2·A@-75 R3·A@-75 罐=无罐 泵=0 阀=111111 速=+0,+0,+0.00 电=7.85V/0.65A/峰2.44 补余=0.0 IO错=0 倾+0.0 对时标记
[   77.507] TLM t=  45.2 L1·A@-76 L2·A@-75 L3·A@-76 R1·A@-76 R2·A@-74 R3·A@-74 罐=无罐 泵=0 阀=111111 速=+0,+0,+0.00 电=7.84V/0.73A/峰2.44 补余=0.0 IO错=0 倾+0.0 对时标记
[   77.560] EVT 对时标记完成
[   77.560] EVT 自动轮换：第 1 轮开始
[   77.580] EVT 原地抬起受理：R3
[   77.593] EVT 相位 R3 stance→handover
[   78.007] TLM t=  47.2 L1·A@-76 L2·A@-74 L3·A@-76 R1·A@-76 R2·A@-74 R3ZA@-73 罐=无罐 泵=0 阀=111111 速=+0,+0,+0.00 电=7.85V/0.73A/峰2.44 补余=0.0 IO错=0 倾+0.0 自动1/3
[   78.533] TLM t=  47.4 L1·A@-76 L2·A@-74 L3·A@-76 R1·A@-75 R2·A@-74 R3ZA@-73 罐=无罐 泵=0 阀=111111 速=+0,+0,+0.00 电=7.83V/0.98A/峰2.44 补余=0.0 IO错=0 倾+0.0 自动1/3
[   79.038] TLM t=  47.4 L1·A@-76 L2·A@-74 L3·A@-76 R1·A@-75 R2·A@-73 R3ZA@-72 罐=无罐 泵=0 阀=111111 速=+0,+0,+0.00 电=7.84V/1.30A/峰2.44 补余=0.0 IO错=0 倾+0.0 自动1/3
[   79.559] TLM t=  47.4 L1·A@-76 L2·A@-73 L3·A@-76 R1·A@-75 R2·A@-73 R3ZA@-72 罐=无罐 泵=0 阀=111111 速=+0,+0,+0.00 电=7.81V/1.63A/峰2.44 补余=0.0 IO错=0 倾+0.0 自动1/3
[   79.793] EVT 吸附 R3 attached→venting 在态56.64s -71.3kPa
[   79.793] EVT 相位 R3 handover→vent 落点Δ(+0.0,+0.0)
[   79.810] EVT 阀 R3 →排气位
[   80.059] TLM t=  47.4 L1·A@-76 L2·A@-73 L3·A@-76 R1·A@-75 R2·A@-72 R3Vv@-71 罐=无罐 泵=0 阀=111110 速=+0,+0,+0.00 电=7.79V/1.63A/峰2.44 补余=0.0 IO错=0 倾+0.0 自动1/3
[   80.094] EVT 相位 R3 vent→lift
[   80.189] EVT 吸附 R3 venting→released 在态0.40s 0.2kPa
[   80.588] TLM t=  47.4 L1·A@-76 L2·A@-72 L3·A@-76 R1·A@-75 R2·A@-72 R3Lr@-- 罐=无罐 泵=0 阀=111110 速=+0,+0,+0.00 电=7.78V/1.87A/峰2.44 补余=0.0 IO错=0 倾+0.0 自动1/3
[   80.942] EVT 相位 R3 lift→transfer
[   81.089] TLM t=  47.4 L1·A@-75 L2·A@-72 L3·A@-76 R1·A@-75 R2·A@-72 R3Tr@-- 罐=无罐 泵=0 阀=111110 速=+0,+0,+0.00 电=7.76V/1.87A/峰2.44 补余=0.0 IO错=0 倾+0.0 自动1/3
[   81.561] EVT 相位 R3 transfer→hover
[   81.614] TLM t=  47.4 L1·A@-75 L2·A@-71 L3·A@-76 R1·A@-75 R2·A@-71 R3Hr@-- 罐=无罐 泵=0 阀=111110 速=+0,+0,+0.00 电=7.78V/1.71A/峰2.44 补余=0.0 IO错=0 倾+0.0 自动1/3
[   82.113] TLM t=  47.4 L1·A@-75 L2·A@-71 L3·A@-76 R1·A@-75 R2·A@-71 R3Hr@-- 罐=无罐 泵=0 阀=111110 速=+0,+0,+0.00 电=7.78V/1.71A/峰2.44 补余=0.0 IO错=0 倾+0.0 自动1/3
[   82.569] EVT 落地：R3
[   82.586] EVT 相位 R3 hover→descend
[   82.639] TLM t=  47.4 L1·A@-75 L2·A@-70 L3·A@-76 R1·A@-75 R2·A@-70 R3Dr@-- 罐=无罐 泵=0 阀=111110 速=+0,+0,+0.00 电=7.79V/1.71A/峰2.44 补余=0.0 IO错=0 倾+0.0 自动1/3
[   83.071] EVT 相位 R3 descend→press
[   83.139] TLM t=  47.4 L1·A@-75 L2·A@-70 L3·A@-75 R1·A@-75 R2·A@-70 R3Pr@-- 罐=无罐 泵=0 阀=111110 速=+0,+0,+0.00 电=7.79V/1.71A/峰2.44 补余=0.0 IO错=0 倾+0.0 自动1/3
[   83.665] TLM t=  47.4 L1·A@-75 L2·A@-70 L3·A@-75 R1·A@-75 R2·A@-70 R3Pr@-- 罐=无罐 泵=0 阀=111110 速=+0,+0,+0.00 电=7.78V/1.63A/峰2.44 补余=0.0 IO错=0 倾+0.0 自动1/3
[   84.165] TLM t=  47.4 L1·A@-75 L2·A@-69 L3·A@-75 R1·A@-75 R2·A@-69 R3Pr@-- 罐=无罐 泵=0 阀=111110 速=+0,+0,+0.00 电=7.77V/1.87A/峰2.44 补余=0.0 IO错=0 倾+0.0 自动1/3
[   84.277] EVT 吸附 R3 released→pressing 在态4.06s 0.2kPa
[   84.278] EVT 相位 R3 press→wait
[   84.592] EVT 吸附 R3 pressing→sucking 在态0.32s 0.2kPa
[   84.593] EVT 阀 R3 →抽气位
[   84.621] EVT 泵 开 最差盘压-68.8
[   84.689] TLM t=  47.4 L1·A@-75 L2·A@-69 L3·A@-75 R1·A@-75 R2·A@-69 R3Ws@-21 罐=无罐 泵=1 阀=111111 速=+0,+0,+0.00 电=7.75V/1.71A/峰2.44 补余=0.0 IO错=0 倾+0.0 自动1/3
[   84.926] EVT 吸附 R3 sucking→attached 在态0.32s -60.3kPa
[   84.927] EVT 相位 R3 wait→stance
[   84.927] EVT 抬落完成，轮到 L1
[   85.199] TLM t=  47.7 L1·A@-75 L2·A@-71 L3·A@-75 R1·A@-75 R2·A@-71 R3·A@-72 罐=无罐 泵=1 阀=111111 速=+0,+0,+0.00 电=7.75V/1.47A/峰2.44 补余=0.0 IO错=0 倾+0.0 自动1/3
[   85.548] EVT 泵 停 最差盘压-75.5
[   85.716] TLM t=  48.2 L1·A@-77 L2·A@-77 L3·A@-77 R1·A@-76 R2·A@-76 R3·A@-77 罐=无罐 泵=0 阀=111111 速=+0,+0,+0.00 电=7.79V/1.71A/峰2.44 补余=0.0 IO错=0 倾+0.0 自动1/3
[   86.221] TLM t=  48.7 L1·A@-77 L2·A@-76 L3·A@-77 R1·A@-76 R2·A@-76 R3·A@-76 罐=无罐 泵=0 阀=111111 速=+0,+0,+0.00 电=7.80V/1.71A/峰2.44 补余=0.0 IO错=0 倾+0.0 自动1/3
[   86.741] TLM t=  49.2 L1·A@-76 L2·A@-76 L3·A@-76 R1·A@-76 R2·A@-75 R3·A@-75 罐=无罐 泵=0 阀=111111 速=+0,+0,+0.00 电=7.79V/1.71A/峰2.44 补余=0.0 IO错=0 倾+0.0 自动1/3
[   87.246] TLM t=  49.7 L1·A@-76 L2·A@-75 L3·A@-76 R1·A@-76 R2·A@-75 R3·A@-74 罐=无罐 泵=0 阀=111111 速=+0,+0,+0.00 电=7.80V/1.71A/峰2.44 补余=0.0 IO错=0 倾+0.0 自动1/3
[   87.765] TLM t=  50.2 L1·A@-76 L2·A@-75 L3·A@-76 R1·A@-76 R2·A@-74 R3·A@-74 罐=无罐 泵=0 阀=111111 速=+0,+0,+0.00 电=7.80V/1.63A/峰2.44 补余=0.0 IO错=0 倾+0.0 自动1/3
[   88.269] TLM t=  50.7 L1·A@-76 L2·A@-74 L3·A@-76 R1·A@-76 R2·A@-74 R3·A@-73 罐=无罐 泵=0 阀=111111 速=+0,+0,+0.00 电=7.77V/1.79A/峰2.44 补余=0.0 IO错=0 倾+0.0 自动1/3
[   88.787] TLM t=  51.2 L1·A@-76 L2·A@-74 L3·A@-76 R1·A@-76 R2·A@-74 R3·A@-72 罐=无罐 泵=0 阀=111111 速=+0,+0,+0.00 电=7.80V/1.87A/峰2.44 补余=0.0 IO错=0 倾+0.0 自动1/3
[   89.292] TLM t=  51.7 L1·A@-76 L2·A@-73 L3·A@-76 R1·A@-76 R2·A@-73 R3·A@-72 罐=无罐 泵=0 阀=111111 速=+0,+0,+0.00 电=7.79V/1.71A/峰2.44 补余=0.0 IO错=0 倾+0.0 自动1/3
[   89.816] TLM t=  52.3 L1·A@-75 L2·A@-73 L3·A@-76 R1·A@-76 R2·A@-73 R3·A@-71 罐=无罐 泵=0 阀=111111 速=+0,+0,+0.00 电=7.79V/1.79A/峰2.44 补余=0.0 IO错=0 倾+0.0 自动1/3
[   90.325] TLM t=  52.8 L1·A@-75 L2·A@-73 L3·A@-76 R1·A@-76 R2·A@-72 R3·A@-70 罐=无罐 泵=0 阀=111111 速=+0,+0,+0.00 电=7.79V/1.63A/峰2.44 补余=0.0 IO错=0 倾+0.0 自动1/3
[   90.845] TLM t=  53.3 L1·A@-75 L2·A@-72 L3·A@-76 R1·A@-75 R2·A@-72 R3·A@-70 罐=无罐 泵=0 阀=111111 速=+0,+0,+0.00 电=7.77V/1.79A/峰2.44 补余=0.0 IO错=0 倾+0.0 自动1/3
[   91.348] TLM t=  53.8 L1·A@-75 L2·A@-72 L3·A@-76 R1·A@-75 R2·A@-72 R3·A@-69 罐=无罐 泵=0 阀=111111 速=+0,+0,+0.00 电=7.79V/1.71A/峰2.44 补余=0.0 IO错=0 倾+0.0 自动1/3
[   91.867] TLM t=  54.3 L1·A@-75 L2·A@-71 L3·A@-76 R1·A@-75 R2·A@-71 R3·A@-69 罐=无罐 泵=0 阀=111111 速=+0,+0,+0.00 电=7.80V/1.71A/峰2.44 补余=0.0 IO错=0 倾+0.0 自动1/3
[   92.370] TLM t=  54.8 L1·A@-75 L2·A@-71 L3·A@-76 R1·A@-75 R2·A@-71 R3·A@-68 罐=无罐 泵=0 阀=111111 速=+0,+0,+0.00 电=7.79V/1.79A/峰2.44 补余=0.0 IO错=0 倾+0.0 自动1/3
[   92.894] TLM t=  55.3 L1·A@-75 L2·A@-70 L3·A@-76 R1·A@-75 R2·A@-70 R3·A@-67 罐=无罐 泵=0 阀=111111 速=+0,+0,+0.00 电=7.80V/1.71A/峰2.44 补余=0.0 IO错=0 倾+0.0 自动1/3
[   93.396] TLM t=  55.8 L1·A@-74 L2·A@-70 L3·A@-76 R1·A@-75 R2·A@-70 R3·A@-67 罐=无罐 泵=0 阀=111111 速=+0,+0,+0.00 电=7.80V/1.63A/峰2.44 补余=0.0 IO错=0 倾+0.0 自动1/3
[   93.918] TLM t=  56.3 L1·A@-74 L2·A@-70 L3·A@-76 R1·A@-75 R2·A@-70 R3·A@-66 罐=无罐 泵=0 阀=111111 速=+0,+0,+0.00 电=7.80V/1.71A/峰2.44 补余=0.0 IO错=0 倾+0.0 自动1/3
[   94.419] TLM t=  56.8 L1·A@-74 L2·A@-69 L3·A@-76 R1·A@-75 R2·A@-69 R3·A@-66 罐=无罐 泵=0 阀=111111 速=+0,+0,+0.00 电=7.80V/1.79A/峰2.44 补余=0.0 IO错=0 倾+0.0 自动1/3
[   94.945] TLM t=  57.4 L1·A@-74 L2·A@-69 L3·A@-76 R1·A@-75 R2·A@-69 R3·A@-65 罐=无罐 泵=0 阀=111111 速=+0,+0,+0.00 电=7.79V/1.71A/峰2.44 补余=0.0 IO错=0 倾+0.0 自动1/3
[   94.962] EVT 原地抬起受理：L1
[   94.975] EVT 相位 L1 stance→handover
[   95.451] TLM t=  58.7 L1ZA@-74 L2·A@-68 L3·A@-76 R1·A@-75 R2·A@-68 R3·A@-64 罐=无罐 泵=0 阀=111111 速=+0,+0,+0.00 电=7.80V/1.47A/峰2.44 补余=0.0 IO错=0 倾+0.0 自动1/3
[   95.974] TLM t=  58.8 L1ZA@-74 L2·A@-68 L3·A@-75 R1·A@-75 R2·A@-68 R3·A@-64 罐=无罐 泵=0 阀=111111 速=+0,+0,+0.00 电=7.79V/1.71A/峰2.44 补余=0.0 IO错=0 倾+0.0 自动1/3
[   96.476] TLM t=  58.8 L1ZA@-74 L2·A@-68 L3·A@-75 R1·A@-75 R2·A@-68 R3·A@-63 罐=无罐 泵=0 阀=111111 速=+0,+0,+0.00 电=7.78V/1.87A/峰2.44 补余=0.0 IO错=0 倾+0.0 自动1/3
[   96.999] TLM t=  58.8 L1ZA@-74 L2·A@-67 L3·A@-75 R1·A@-75 R2·A@-67 R3·A@-63 罐=无罐 泵=0 阀=111111 速=+0,+0,+0.00 电=7.78V/1.95A/峰2.44 补余=0.0 IO错=0 倾+0.0 自动1/3
[   97.500] TLM t=  58.8 L1ZA@-74 L2·A@-67 L3·A@-75 R1·A@-75 R2·A@-67 R3·A@-62 罐=无罐 泵=0 阀=111111 速=+0,+0,+0.00 电=7.77V/2.04A/峰2.44 补余=0.0 IO错=0 倾+0.0 自动1/3
[   98.024] TLM t=  58.8 L1ZA@-73 L2·A@-66 L3·A@-75 R1·A@-75 R2·A@-66 R3·A@-62 罐=无罐 泵=0 阀=111111 速=+0,+0,+0.00 电=7.76V/2.36A/峰2.44 补余=0.0 IO错=0 倾+0.0 自动1/3
[   98.077] EVT 吸附 L1 attached→venting 在态73.00s -73.5kPa
[   98.077] EVT 相位 L1 handover→vent 落点Δ(+0.0,+0.0)
[   98.095] EVT 阀 L1 →排气位
[   98.378] EVT 相位 L1 vent→lift
[   98.518] EVT 吸附 L1 venting→released 在态0.44s 0.1kPa
[   98.529] TLM t=  58.8 L1Lr@-- L2·A@-66 L3·A@-75 R1·A@-75 R2·A@-66 R3·A@-61 罐=无罐 泵=0 阀=011111 速=+0,+0,+0.00 电=7.75V/2.60A/峰2.60 补余=0.0 IO错=0 倾+0.0 自动1/3
[   99.046] TLM t=  58.8 L1Lr@-- L2·A@-66 L3·A@-75 R1·A@-74 R2·A@-66 R3·A@-60 罐=无罐 泵=0 阀=011111 速=+0,+0,+0.00 电=7.72V/2.60A/峰2.60 补余=0.0 IO错=0 倾+0.0 自动1/3
[   99.178] EVT 泵 开 最差盘压-60.0
[   99.220] EVT 相位 L1 lift→transfer
[   99.564] TLM t=  58.8 L1Tr@-- L2·A@-67 L3·A@-75 R1·A@-74 R2·A@-67 R3·A@-67 罐=无罐 泵=1 阀=011111 速=+0,+0,+0.00 电=7.69V/2.36A/峰2.60 补余=0.0 IO错=0 倾+0.0 自动1/3
[   99.840] EVT 相位 L1 transfer→hover
[  100.073] TLM t=  58.8 L1Hr@-- L2·A@-76 L3·A@-76 R1·A@-75 R2·A@-76 R3·A@-76 罐=无罐 泵=1 阀=011111 速=+0,+0,+0.00 电=7.68V/2.52A/峰2.60 补余=0.0 IO错=0 倾+0.0 自动1/3
[  100.087] EVT 泵 停 最差盘压-75.5
[  100.576] TLM t=  58.8 L1Hr@-- L2·A@-76 L3·A@-77 R1·A@-76 R2·A@-76 R3·A@-76 罐=无罐 泵=0 阀=011111 速=+0,+0,+0.00 电=7.73V/2.44A/峰2.60 补余=0.0 IO错=0 倾+0.0 自动1/3
[  100.851] EVT 落地：L1
[  100.869] EVT 相位 L1 hover→descend
[  101.102] TLM t=  58.8 L1Dr@-- L2·A@-76 L3·A@-76 R1·A@-76 R2·A@-75 R3·A@-75 罐=无罐 泵=0 阀=011111 速=+0,+0,+0.00 电=7.73V/2.52A/峰2.60 补余=0.0 IO错=0 倾+0.0 自动1/3
[  101.354] EVT 相位 L1 descend→press
[  101.606] TLM t=  58.8 L1Pr@-- L2·A@-75 L3·A@-76 R1·A@-76 R2·A@-75 R3·A@-75 罐=无罐 泵=0 阀=011111 速=+0,+0,+0.00 电=7.74V/2.36A/峰2.60 补余=0.0 IO错=0 倾+0.0 自动1/3
[  102.129] TLM t=  58.8 L1Pr@-- L2·A@-75 L3·A@-76 R1·A@-76 R2·A@-75 R3·A@-74 罐=无罐 泵=0 阀=011111 速=+0,+0,+0.00 电=7.74V/2.52A/峰2.60 补余=0.0 IO错=0 倾+0.0 自动1/3
[  102.561] EVT 吸附 L1 released→pressing 在态4.02s 0.1kPa
[  102.561] EVT 相位 L1 press→wait
[  102.631] TLM t=  58.8 L1Wp@-- L2·A@-74 L3·A@-76 R1·A@-76 R2·A@-74 R3·A@-73 罐=无罐 泵=0 阀=011111 速=+0,+0,+0.00 电=7.73V/2.36A/峰2.60 补余=0.0 IO错=0 倾+0.0 自动1/3
[  102.876] EVT 吸附 L1 pressing→sucking 在态0.32s 0.1kPa
[  102.877] EVT 阀 L1 →抽气位
[  102.904] EVT 泵 开 最差盘压-73.1
[  103.156] TLM t=  58.8 L1Ws@-62 L2·A@-74 L3·A@-76 R1·A@-75 R2·A@-74 R3·A@-73 罐=无罐 泵=1 阀=111111 速=+0,+0,+0.00 电=7.70V/2.44A/峰2.60 补余=0.0 IO错=0 倾+0.0 自动1/3
[  103.242] EVT 吸附 L1 sucking→attached 在态0.36s -65.5kPa
[  103.242] EVT 相位 L1 wait→stance
[  103.242] EVT 抬落完成，轮到 R2
[  103.631] EVT 泵 停 最差盘压-75.3
[  103.658] TLM t=  59.2 L1·A@-76 L2·A@-76 L3·A@-76 R1·A@-75 R2·A@-76 R3·A@-76 罐=无罐 泵=0 阀=111111 速=+0,+0,+0.00 电=7.73V/2.28A/峰2.60 补余=0.0 IO错=0 倾+0.0 自动1/3
[  104.182] TLM t=  59.7 L1·A@-76 L2·A@-76 L3·A@-76 R1·A@-75 R2·A@-76 R3·A@-76 罐=无罐 泵=0 阀=111111 速=+0,+0,+0.00 电=7.72V/2.36A/峰2.60 补余=0.0 IO错=0 倾+0.0 自动1/3
[  104.688] TLM t=  60.2 L1·A@-76 L2·A@-76 L3·A@-76 R1·A@-75 R2·A@-75 R3·A@-75 罐=无罐 泵=0 阀=111111 速=+0,+0,+0.00 电=7.74V/2.44A/峰2.60 补余=0.0 IO错=0 倾+0.0 自动1/3
[  105.209] TLM t=  60.7 L1·A@-76 L2·A@-75 L3·A@-76 R1·A@-75 R2·A@-75 R3·A@-74 罐=无罐 泵=0 阀=111111 速=+0,+0,+0.00 电=7.76V/2.36A/峰2.60 补余=0.0 IO错=0 倾+0.0 自动1/3
[  105.713] TLM t=  61.2 L1·A@-75 L2·A@-75 L3·A@-76 R1·A@-75 R2·A@-74 R3·A@-74 罐=无罐 泵=0 阀=111111 速=+0,+0,+0.00 电=7.74V/2.28A/峰2.60 补余=0.0 IO错=0 倾+0.0 自动1/3
[  106.239] TLM t=  61.8 L1·A@-75 L2·A@-74 L3·A@-76 R1·A@-75 R2·A@-74 R3·A@-73 罐=无罐 泵=0 阀=111111 速=+0,+0,+0.00 电=7.74V/2.52A/峰2.60 补余=0.0 IO错=0 倾+0.0 自动1/3
[  106.743] TLM t=  62.3 L1·A@-75 L2·A@-74 L3·A@-76 R1·A@-75 R2·A@-73 R3·A@-72 罐=无罐 泵=0 阀=111111 速=+0,+0,+0.00 电=7.75V/2.36A/峰2.60 补余=0.0 IO错=0 倾+0.0 自动1/3
[  107.266] TLM t=  62.8 L1·A@-75 L2·A@-73 L3·A@-76 R1·A@-75 R2·A@-73 R3·A@-72 罐=无罐 泵=0 阀=111111 速=+0,+0,+0.00 电=7.76V/2.36A/峰2.60 补余=0.0 IO错=0 倾+0.0 自动1/3
[  107.772] TLM t=  63.3 L1·A@-75 L2·A@-73 L3·A@-76 R1·A@-75 R2·A@-73 R3·A@-71 罐=无罐 泵=0 阀=111111 速=+0,+0,+0.00 电=7.73V/2.44A/峰2.60 补余=0.0 IO错=0 倾+0.0 自动1/3
[  108.293] TLM t=  63.8 L1·A@-75 L2·A@-72 L3·A@-76 R1·A@-75 R2·A@-72 R3·A@-71 罐=无罐 泵=0 阀=111111 速=+0,+0,+0.00 电=7.75V/2.28A/峰2.60 补余=0.0 IO错=0 倾+0.0 自动1/3
[  108.795] TLM t=  64.3 L1·A@-75 L2·A@-72 L3·A@-76 R1·A@-75 R2·A@-72 R3·A@-70 罐=无罐 泵=0 阀=111111 速=+0,+0,+0.00 电=7.73V/2.36A/峰2.60 补余=0.0 IO错=0 倾+0.0 自动1/3
[  109.317] TLM t=  64.8 L1·A@-75 L2·A@-72 L3·A@-76 R1·A@-75 R2·A@-71 R3·A@-69 罐=无罐 泵=0 阀=111111 速=+0,+0,+0.00 电=7.75V/2.28A/峰2.60 补余=0.0 IO错=0 倾+0.0 自动1/3
[  109.819] TLM t=  65.3 L1·A@-74 L2·A@-71 L3·A@-75 R1·A@-74 R2·A@-71 R3·A@-69 罐=无罐 泵=0 阀=111111 速=+0,+0,+0.00 电=7.75V/2.44A/峰2.60 补余=0.0 IO错=0 倾+0.0 自动1/3
[  110.341] TLM t=  65.8 L1·A@-74 L2·A@-71 L3·A@-75 R1·A@-74 R2·A@-71 R3·A@-68 罐=无罐 泵=0 阀=111111 速=+0,+0,+0.00 电=7.75V/2.52A/峰2.60 补余=0.0 IO错=0 倾+0.0 自动1/3
[  110.847] TLM t=  66.3 L1·A@-74 L2·A@-70 L3·A@-75 R1·A@-74 R2·A@-70 R3·A@-68 罐=无罐 泵=0 阀=111111 速=+0,+0,+0.00 电=7.76V/2.44A/峰2.60 补余=0.0 IO错=0 倾+0.0 自动1/3
[  111.366] TLM t=  66.9 L1·A@-74 L2·A@-70 L3·A@-75 R1·A@-74 R2·A@-70 R3·A@-67 罐=无罐 泵=0 阀=111111 速=+0,+0,+0.00 电=7.76V/2.44A/峰2.60 补余=0.0 IO错=0 倾+0.0 自动1/3
[  111.870] TLM t=  67.4 L1·A@-74 L2·A@-70 L3·A@-75 R1·A@-74 R2·A@-69 R3·A@-66 罐=无罐 泵=0 阀=111111 速=+0,+0,+0.00 电=7.76V/2.28A/峰2.60 补余=0.0 IO错=0 倾+0.0 自动1/3
[  112.392] TLM t=  67.9 L1·A@-74 L2·A@-69 L3·A@-75 R1·A@-74 R2·A@-69 R3·A@-66 罐=无罐 泵=0 阀=111111 速=+0,+0,+0.00 电=7.74V/2.28A/峰2.60 补余=0.0 IO错=0 倾+0.0 自动1/3
[  112.895] TLM t=  68.4 L1·A@-74 L2·A@-69 L3·A@-75 R1·A@-74 R2·A@-69 R3·A@-65 罐=无罐 泵=0 阀=111111 速=+0,+0,+0.00 电=7.73V/2.44A/峰2.60 补余=0.0 IO错=0 倾+0.0 自动1/3
[  113.260] EVT 原地抬起受理：R2
[  113.288] EVT 相位 R2 stance→handover
[  113.418] TLM t=  69.7 L1·A@-74 L2·A@-68 L3·A@-75 R1·A@-74 R2ZA@-68 R3·A@-65 罐=无罐 泵=0 阀=111111 速=+0,+0,+0.00 电=7.75V/2.36A/峰2.60 补余=0.0 IO错=0 倾+0.0 自动1/3
[  113.923] TLM t=  70.2 L1·A@-74 L2·A@-68 L3·A@-75 R1·A@-74 R2ZA@-68 R3·A@-64 罐=无罐 泵=0 阀=111111 速=+0,+0,+0.00 电=7.73V/2.60A/峰2.60 补余=0.0 IO错=0 倾+0.0 自动1/3
[  114.442] TLM t=  70.2 L1·A@-74 L2·A@-67 L3·A@-75 R1·A@-74 R2ZA@-68 R3·A@-63 罐=无罐 泵=0 阀=111111 速=+0,+0,+0.00 电=7.71V/2.77A/峰2.77 补余=0.0 IO错=0 倾+0.0 自动1/3
[  114.953] TLM t=  70.2 L1·A@-74 L2·A@-67 L3·A@-75 R1·A@-74 R2ZA@-67 R3·A@-63 罐=无罐 泵=0 阀=111111 速=+0,+0,+0.00 电=7.71V/3.01A/峰3.01 补余=0.0 IO错=0 倾+0.0 自动1/3
[  115.473] TLM t=  70.2 L1·A@-74 L2·A@-67 L3·A@-75 R1·A@-74 R2ZA@-67 R3·A@-62 罐=无罐 泵=0 阀=111111 速=+0,+0,+0.00 电=7.69V/3.17A/峰3.17 补余=0.0 IO错=0 倾+0.0 自动1/3
[  115.486] EVT 吸附 R2 attached→venting 在态88.48s -66.7kPa
[  115.486] EVT 相位 R2 handover→vent 落点Δ(+0.0,+0.0)
[  115.499] EVT 阀 R2 →排气位
[  115.785] EVT 相位 R2 vent→lift
[  115.907] EVT 吸附 R2 venting→released 在态0.42s 0.0kPa
[  115.974] TLM t=  70.2 L1·A@-73 L2·A@-66 L3·A@-75 R1·A@-73 R2Lr@-- R3·A@-62 罐=无罐 泵=0 阀=111101 速=+0,+0,+0.00 电=7.70V/2.85A/峰3.17 补余=0.0 IO错=0 倾+0.0 自动1/3
[  116.498] TLM t=  70.2 L1·A@-73 L2·A@-66 L3·A@-75 R1·A@-73 R2Lr@-- R3·A@-61 罐=无罐 泵=0 阀=111101 速=+0,+0,+0.00 电=7.67V/3.01A/峰3.17 补余=0.0 IO错=0 倾+0.0 自动1/3
[  116.631] EVT 相位 R2 lift→transfer
[  117.002] TLM t=  70.2 L1·A@-73 L2·A@-65 L3·A@-75 R1·A@-73 R2Tr@-- R3·A@-60 罐=无罐 泵=0 阀=111101 速=+0,+0,+0.00 电=7.69V/3.01A/峰3.17 补余=0.0 IO错=0 倾+0.0 自动1/3
[  117.248] EVT 相位 R2 transfer→hover
[  117.413] EVT 泵 开 最差盘压-60.0
[  117.525] TLM t=  70.2 L1·A@-73 L2·A@-65 L3·A@-75 R1·A@-73 R2Hr@-- R3·A@-60 罐=无罐 泵=1 阀=111101 速=+0,+0,+0.00 电=7.64V/3.09A/峰3.17 补余=0.0 IO错=0 倾+0.0 自动1/3
[  118.034] TLM t=  70.2 L1·A@-73 L2·A@-73 L3·A@-75 R1·A@-73 R2Hr@-- R3·A@-73 罐=无罐 泵=1 阀=111101 速=+0,+0,+0.00 电=7.63V/3.17A/峰3.17 补余=0.0 IO错=0 倾+0.0 自动1/3
[  118.262] EVT 泵 停 最差盘压-75.0
[  118.262] EVT 落地：R2
[  118.277] EVT 相位 R2 hover→descend
[  118.557] TLM t=  70.2 L1·A@-76 L2·A@-76 L3·A@-76 R1·A@-76 R2Dr@-- R3·A@-76 罐=无罐 泵=0 阀=111101 速=+0,+0,+0.00 电=7.69V/3.17A/峰3.17 补余=0.0 IO错=0 倾+0.0 自动1/3
[  118.763] EVT 相位 R2 descend→press
[  119.056] TLM t=  70.2 L1·A@-76 L2·A@-76 L3·A@-76 R1·A@-75 R2Pr@-- R3·A@-75 罐=无罐 泵=0 阀=111101 速=+0,+0,+0.00 电=7.68V/3.01A/峰3.17 补余=0.0 IO错=0 倾+0.0 自动1/3
[  119.583] TLM t=  70.2 L1·A@-76 L2·A@-75 L3·A@-76 R1·A@-75 R2Pr@-- R3·A@-75 罐=无罐 泵=0 阀=111101 速=+0,+0,+0.00 电=7.69V/3.34A/峰3.34 补余=0.0 IO错=0 倾+0.0 自动1/3
[  119.970] EVT 吸附 R2 released→pressing 在态4.04s 0.0kPa
[  119.970] EVT 相位 R2 press→wait
[  120.088] TLM t=  70.2 L1·A@-76 L2·A@-75 L3·A@-76 R1·A@-75 R2Wp@-- R3·A@-74 罐=无罐 泵=0 阀=111101 速=+0,+0,+0.00 电=7.66V/3.09A/峰3.34 补余=0.0 IO错=0 倾+0.0 自动1/3
[  120.298] EVT 吸附 R2 pressing→sucking 在态0.32s 0.0kPa
[  120.298] EVT 阀 R2 →抽气位
[  120.318] EVT 泵 开 最差盘压-73.6
[  120.599] EVT 吸附 R2 sucking→attached 在态0.30s -67.8kPa
[  120.604] EVT 相位 R2 wait→stance
[  120.604] EVT 抬落完成，轮到 L3
[  120.612] TLM t=  70.2 L1·A@-76 L2·A@-74 L3·A@-76 R1·A@-75 R2·A@-68 R3·A@-73 罐=无罐 泵=1 阀=111111 速=+0,+0,+0.00 电=7.65V/2.93A/峰3.34 补余=0.0 IO错=0 倾+0.0 自动1/3
[  121.041] EVT 泵 停 最差盘压-75.0
[  121.121] TLM t=  70.7 L1·A@-76 L2·A@-76 L3·A@-76 R1·A@-75 R2·A@-76 R3·A@-76 罐=无罐 泵=0 阀=111111 速=+0,+0,+0.00 电=7.69V/3.09A/峰3.34 补余=0.0 IO错=0 倾+0.0 自动1/3
[  121.631] TLM t=  71.2 L1·A@-76 L2·A@-76 L3·A@-76 R1·A@-75 R2·A@-75 R3·A@-75 罐=无罐 泵=0 阀=111111 速=+0,+0,+0.00 电=7.71V/3.09A/峰3.34 补余=0.0 IO错=0 倾+0.0 自动1/3
[  122.132] TLM t=  71.7 L1·A@-76 L2·A@-75 L3·A@-76 R1·A@-75 R2·A@-74 R3·A@-75 罐=无罐 泵=0 阀=111111 速=+0,+0,+0.00 电=7.69V/2.93A/峰3.34 补余=0.0 IO错=0 倾+0.0 自动1/3
[  122.655] TLM t=  72.2 L1·A@-76 L2·A@-75 L3·A@-76 R1·A@-75 R2·A@-73 R3·A@-74 罐=无罐 泵=0 阀=111111 速=+0,+0,+0.00 电=7.68V/3.17A/峰3.34 补余=0.0 IO错=0 倾+0.0 自动1/3
[  123.155] TLM t=  72.7 L1·A@-76 L2·A@-74 L3·A@-76 R1·A@-75 R2·A@-73 R3·A@-73 罐=无罐 泵=0 阀=111111 速=+0,+0,+0.00 电=7.69V/3.09A/峰3.34 补余=0.0 IO错=0 倾+0.0 自动1/3
[  123.667] TLM t=  73.2 L1·A@-76 L2·A@-74 L3·A@-76 R1·A@-75 R2·A@-72 R3·A@-73 罐=无罐 泵=0 阀=111111 速=+0,+0,+0.00 电=7.68V/2.93A/峰3.34 补余=0.0 IO错=0 倾+0.0 自动1/3
[  124.172] TLM t=  73.7 L1·A@-76 L2·A@-74 L3·A@-76 R1·A@-75 R2·A@-72 R3·A@-72 罐=无罐 泵=0 阀=111111 速=+0,+0,+0.00 电=7.71V/3.09A/峰3.34 补余=0.0 IO错=0 倾+0.0 自动1/3
[  124.694] TLM t=  74.2 L1·A@-75 L2·A@-73 L3·A@-75 R1·A@-75 R2·A@-72 R3·A@-72 罐=无罐 泵=0 阀=111111 速=+0,+0,+0.00 电=7.68V/3.01A/峰3.34 补余=0.0 IO错=0 倾+0.0 自动1/3
[  125.197] TLM t=  74.7 L1·A@-75 L2·A@-73 L3·A@-75 R1·A@-75 R2·A@-71 R3·A@-71 罐=无罐 泵=0 阀=111111 速=+0,+0,+0.00 电=7.71V/3.09A/峰3.34 补余=0.0 IO错=0 倾+0.0 自动1/3
[  125.722] TLM t=  75.3 L1·A@-75 L2·A@-72 L3·A@-75 R1·A@-75 R2·A@-71 R3·A@-70 罐=无罐 泵=0 阀=111111 速=+0,+0,+0.00 电=7.69V/3.01A/峰3.34 补余=0.0 IO错=0 倾+0.0 自动1/3
[  126.224] TLM t=  75.8 L1·A@-75 L2·A@-72 L3·A@-75 R1·A@-75 R2·A@-70 R3·A@-70 罐=无罐 泵=0 阀=111111 速=+0,+0,+0.00 电=7.71V/3.17A/峰3.34 补余=0.0 IO错=0 倾+0.0 自动1/3
[  126.747] TLM t=  76.3 L1·A@-75 L2·A@-71 L3·A@-75 R1·A@-74 R2·A@-70 R3·A@-69 罐=无罐 泵=0 阀=111111 速=+0,+0,+0.00 电=7.70V/3.09A/峰3.34 补余=0.0 IO错=0 倾+0.0 自动1/3
[  127.250] TLM t=  76.8 L1·A@-75 L2·A@-71 L3·A@-75 R1·A@-74 R2·A@-70 R3·A@-69 罐=无罐 泵=0 阀=111111 速=+0,+0,+0.00 电=7.71V/3.17A/峰3.34 补余=0.0 IO错=0 倾+0.0 自动1/3
[  127.775] TLM t=  77.3 L1·A@-75 L2·A@-71 L3·A@-75 R1·A@-74 R2·A@-69 R3·A@-68 罐=无罐 泵=0 阀=111111 速=+0,+0,+0.00 电=7.67V/2.93A/峰3.34 补余=0.0 IO错=0 倾+0.0 自动1/3
[  128.281] TLM t=  77.8 L1·A@-75 L2·A@-70 L3·A@-75 R1·A@-74 R2·A@-69 R3·A@-67 罐=无罐 泵=0 阀=111111 速=+0,+0,+0.00 电=7.71V/3.17A/峰3.34 补余=0.0 IO错=0 倾+0.0 自动1/3
[  128.801] TLM t=  78.3 L1·A@-75 L2·A@-70 L3·A@-75 R1·A@-74 R2·A@-68 R3·A@-67 罐=无罐 泵=0 阀=111111 速=+0,+0,+0.00 电=7.69V/3.09A/峰3.34 补余=0.0 IO错=0 倾+0.0 自动1/3
[  129.305] TLM t=  78.8 L1·A@-75 L2·A@-69 L3·A@-75 R1·A@-74 R2·A@-68 R3·A@-66 罐=无罐 泵=0 阀=111111 速=+0,+0,+0.00 电=7.69V/3.01A/峰3.34 补余=0.0 IO错=0 倾+0.0 自动1/3
[  129.825] TLM t=  79.3 L1·A@-75 L2·A@-69 L3·A@-75 R1·A@-74 R2·A@-68 R3·A@-65 罐=无罐 泵=0 阀=111111 速=+0,+0,+0.00 电=7.70V/2.93A/峰3.34 补余=0.0 IO错=0 倾+0.0 自动1/3
[  130.327] TLM t=  79.8 L1·A@-75 L2·A@-68 L3·A@-75 R1·A@-74 R2·A@-67 R3·A@-65 罐=无罐 泵=0 阀=111111 速=+0,+0,+0.00 电=7.69V/3.01A/峰3.34 补余=0.0 IO错=0 倾+0.0 自动1/3
[  130.633] EVT 原地抬起受理：L3
[  130.660] EVT 相位 L3 stance→handover
[  130.850] TLM t=  81.2 L1·A@-75 L2·A@-68 L3ZA@-75 R1·A@-74 R2·A@-67 R3·A@-64 罐=无罐 泵=0 阀=111111 速=+0,+0,+0.00 电=7.69V/3.17A/峰3.34 补余=0.0 IO错=0 倾+0.0 自动1/3
[  131.352] TLM t=  81.6 L1·A@-74 L2·A@-68 L3ZA@-75 R1·A@-74 R2·A@-67 R3·A@-64 罐=无罐 泵=0 阀=111111 速=+0,+0,+0.00 电=7.69V/3.01A/峰3.34 补余=0.0 IO错=0 倾+0.0 自动1/3
[  131.878] TLM t=  81.6 L1·A@-74 L2·A@-67 L3ZA@-75 R1·A@-74 R2·A@-66 R3·A@-63 罐=无罐 泵=0 阀=111111 速=+0,+0,+0.00 电=7.71V/3.17A/峰3.34 补余=0.0 IO错=0 倾+0.0 自动1/3
[  132.382] TLM t=  81.6 L1·A@-74 L2·A@-67 L3ZA@-75 R1·A@-74 R2·A@-66 R3·A@-63 罐=无罐 泵=0 阀=111111 速=+0,+0,+0.00 电=7.70V/3.34A/峰3.34 补余=0.0 IO错=0 倾+0.0 自动1/3
[  132.901] TLM t=  81.6 L1·A@-74 L2·A@-66 L3ZA@-75 R1·A@-74 R2·A@-65 R3·A@-62 罐=无罐 泵=0 阀=111111 速=+0,+0,+0.00 电=7.66V/3.34A/峰3.34 补余=0.0 IO错=0 倾+0.0 自动1/3
[  133.407] TLM t=  81.6 L1·A@-74 L2·A@-66 L3ZA@-75 R1·A@-74 R2·A@-65 R3·A@-61 罐=无罐 泵=0 阀=111111 速=+0,+0,+0.00 电=7.67V/3.66A/峰3.66 补余=0.0 IO错=0 倾+0.0 自动1/3
[  133.555] EVT 吸附 L3 attached→venting 在态104.60s -74.6kPa
[  133.556] EVT 相位 L3 handover→vent 落点Δ(+0.0,+0.0)
[  133.574] EVT 阀 L3 →排气位
[  133.857] EVT 相位 L3 vent→lift
[  133.926] TLM t=  81.6 L1·A@-74 L2·A@-66 L3Lv@-75 R1·A@-73 R2·A@-65 R3·A@-61 罐=无罐 泵=0 阀=110111 速=+0,+0,+0.00 电=7.65V/3.58A/峰3.66 补余=0.0 IO错=0 倾+0.0 自动1/3
[  134.002] EVT 吸附 L3 venting→released 在态0.44s 0.1kPa
[  134.434] TLM t=  81.6 L1·A@-74 L2·A@-65 L3Lr@-- R1·A@-73 R2·A@-64 R3·A@-60 罐=无罐 泵=0 阀=110111 速=+0,+0,+0.00 电=7.63V/3.58A/峰3.66 补余=0.0 IO错=0 倾+0.0 自动1/3
[  134.645] EVT 泵 开 最差盘压-60.0
[  134.705] EVT 相位 L3 lift→transfer
[  134.956] TLM t=  81.6 L1·A@-74 L2·A@-65 L3Tr@-- R1·A@-73 R2·A@-65 R3·A@-65 罐=无罐 泵=1 阀=110111 速=+0,+0,+0.00 电=7.63V/3.50A/峰3.66 补余=0.0 IO错=0 倾+0.0 自动1/3
[  135.327] EVT 相位 L3 transfer→hover
[  135.459] TLM t=  81.6 L1·A@-75 L2·A@-75 L3Hr@-- R1·A@-74 R2·A@-75 R3·A@-75 罐=无罐 泵=1 阀=110111 速=+0,+0,+0.00 电=7.62V/3.26A/峰3.66 补余=0.0 IO错=0 倾+0.0 自动1/3
[  135.550] EVT 泵 停 最差盘压-75.2
[  135.981] TLM t=  81.6 L1·A@-76 L2·A@-76 L3Hr@-- R1·A@-76 R2·A@-76 R3·A@-76 罐=无罐 泵=0 阀=110111 速=+0,+0,+0.00 电=7.67V/3.50A/峰3.66 补余=0.0 IO错=0 倾+0.0 自动1/3
[  136.335] EVT 落地：L3
[  136.353] EVT 相位 L3 hover→descend
[  136.482] TLM t=  81.6 L1·A@-76 L2·A@-76 L3Dr@-- R1·A@-76 R2·A@-75 R3·A@-75 罐=无罐 泵=0 阀=110111 速=+0,+0,+0.00 电=7.63V/3.42A/峰3.66 补余=0.0 IO错=0 倾+0.0 自动1/3
[  136.834] EVT 相位 L3 descend→press
[  137.007] TLM t=  81.6 L1·A@-76 L2·A@-75 L3Pr@-- R1·A@-75 R2·A@-75 R3·A@-75 罐=无罐 泵=0 阀=110111 速=+0,+0,+0.00 电=7.65V/3.42A/峰3.66 补余=0.0 IO错=0 倾+0.0 自动1/3
[  137.506] TLM t=  81.6 L1·A@-76 L2·A@-75 L3Pr@-- R1·A@-75 R2·A@-74 R3·A@-74 罐=无罐 泵=0 阀=110111 速=+0,+0,+0.00 电=7.67V/3.58A/峰3.66 补余=0.0 IO错=0 倾+0.0 自动1/3
[  138.033] TLM t=  81.6 L1·A@-76 L2·A@-74 L3Pr@-- R1·A@-75 R2·A@-74 R3·A@-73 罐=无罐 泵=0 阀=110111 速=+0,+0,+0.00 电=7.66V/3.66A/峰3.66 补余=0.0 IO错=0 倾+0.0 自动1/3
[  138.043] EVT 吸附 L3 released→pressing 在态4.02s 0.1kPa
[  138.044] EVT 相位 L3 press→wait
[  138.359] EVT 吸附 L3 pressing→sucking 在态0.32s 0.1kPa
[  138.360] EVT 阀 L3 →抽气位
[  138.387] EVT 泵 开 最差盘压-72.9
[  138.537] TLM t=  81.6 L1·A@-76 L2·A@-74 L3Ws@-50 R1·A@-75 R2·A@-73 R3·A@-73 罐=无罐 泵=1 阀=111111 速=+0,+0,+0.00 电=7.63V/3.50A/峰3.66 补余=0.0 IO错=0 倾+0.0 自动1/3
[  138.660] EVT 吸附 L3 sucking→attached 在态0.30s -56.2kPa
[  138.661] EVT 相位 L3 wait→stance
[  138.661] EVT 抬落完成，轮到 R1
[  139.056] TLM t=  82.0 L1·A@-76 L2·A@-73 L3·A@-74 R1·A@-74 R2·A@-74 R3·A@-73 罐=无罐 泵=1 阀=111111 速=+0,+0,+0.00 电=7.61V/3.42A/峰3.66 补余=0.0 IO错=0 倾+0.0 自动1/3
[  139.290] EVT 泵 停 最差盘压-75.4
[  139.561] TLM t=  82.5 L1·A@-77 L2·A@-77 L3·A@-76 R1·A@-76 R2·A@-76 R3·A@-76 罐=无罐 泵=0 阀=111111 速=+0,+0,+0.00 电=7.67V/3.34A/峰3.66 补余=0.0 IO错=0 倾+0.0 自动1/3
[  140.080] TLM t=  83.0 L1·A@-76 L2·A@-76 L3·A@-76 R1·A@-75 R2·A@-76 R3·A@-76 罐=无罐 泵=0 阀=111111 速=+0,+0,+0.00 电=7.67V/3.66A/峰3.66 补余=0.0 IO错=0 倾+0.0 自动1/3
[  140.585] TLM t=  83.5 L1·A@-76 L2·A@-76 L3·A@-76 R1·A@-75 R2·A@-75 R3·A@-75 罐=无罐 泵=0 阀=111111 速=+0,+0,+0.00 电=7.68V/3.26A/峰3.66 补余=0.0 IO错=0 倾+0.0 自动1/3
[  141.107] TLM t=  84.0 L1·A@-76 L2·A@-75 L3·A@-76 R1·A@-75 R2·A@-75 R3·A@-74 罐=无罐 泵=0 阀=111111 速=+0,+0,+0.00 电=7.66V/3.26A/峰3.66 补余=0.0 IO错=0 倾+0.0 自动1/3
[  141.609] TLM t=  84.5 L1·A@-76 L2·A@-75 L3·A@-76 R1·A@-74 R2·A@-74 R3·A@-74 罐=无罐 泵=0 阀=111111 速=+0,+0,+0.00 电=7.65V/3.50A/峰3.66 补余=0.0 IO错=0 倾+0.0 自动1/3
[  142.132] TLM t=  85.0 L1·A@-76 L2·A@-74 L3·A@-76 R1·A@-74 R2·A@-74 R3·A@-73 罐=无罐 泵=0 阀=111111 速=+0,+0,+0.00 电=7.67V/3.50A/峰3.66 补余=0.0 IO错=0 倾+0.0 自动1/3
[  142.637] TLM t=  85.5 L1·A@-76 L2·A@-74 L3·A@-76 R1·A@-74 R2·A@-74 R3·A@-72 罐=无罐 泵=0 阀=111111 速=+0,+0,+0.00 电=7.67V/3.34A/峰3.66 补余=0.0 IO错=0 倾+0.0 自动1/3
[  143.158] TLM t=  86.1 L1·A@-76 L2·A@-73 L3·A@-75 R1·A@-73 R2·A@-73 R3·A@-72 罐=无罐 泵=0 阀=111111 速=+0,+0,+0.00 电=7.63V/3.50A/峰3.66 补余=0.0 IO错=0 倾+0.0 自动1/3
[  143.662] TLM t=  86.6 L1·A@-76 L2·A@-73 L3·A@-75 R1·A@-73 R2·A@-73 R3·A@-71 罐=无罐 泵=0 阀=111111 速=+0,+0,+0.00 电=7.64V/3.58A/峰3.66 补余=0.0 IO错=0 倾+0.0 自动1/3
[  144.184] TLM t=  87.1 L1·A@-76 L2·A@-73 L3·A@-75 R1·A@-73 R2·A@-72 R3·A@-71 罐=无罐 泵=0 阀=111111 速=+0,+0,+0.00 电=7.67V/3.42A/峰3.66 补余=0.0 IO错=0 倾+0.0 自动1/3
[  144.689] TLM t=  87.6 L1·A@-76 L2·A@-72 L3·A@-75 R1·A@-72 R2·A@-72 R3·A@-70 罐=无罐 泵=0 阀=111111 速=+0,+0,+0.00 电=7.64V/3.34A/峰3.66 补余=0.0 IO错=0 倾+0.0 自动1/3
[  145.214] TLM t=  88.1 L1·A@-76 L2·A@-72 L3·A@-75 R1·A@-72 R2·A@-71 R3·A@-69 罐=无罐 泵=0 阀=111111 速=+0,+0,+0.00 电=7.67V/3.42A/峰3.66 补余=0.0 IO错=0 倾+0.0 自动1/3
[  145.716] TLM t=  88.6 L1·A@-75 L2·A@-71 L3·A@-75 R1·A@-72 R2·A@-71 R3·A@-69 罐=无罐 泵=0 阀=111111 速=+0,+0,+0.00 电=7.65V/3.66A/峰3.66 补余=0.0 IO错=0 倾+0.0 自动1/3
[  146.238] TLM t=  89.1 L1·A@-75 L2·A@-71 L3·A@-75 R1·A@-71 R2·A@-71 R3·A@-68 罐=无罐 泵=0 阀=111111 速=+0,+0,+0.00 电=7.65V/3.26A/峰3.66 补余=0.0 IO错=0 倾+0.0 自动1/3
[  146.745] TLM t=  89.6 L1·A@-75 L2·A@-70 L3·A@-75 R1·A@-71 R2·A@-70 R3·A@-68 罐=无罐 泵=0 阀=111111 速=+0,+0,+0.00 电=7.64V/3.17A/峰3.66 补余=0.0 IO错=0 倾+0.0 自动1/3
[  147.266] TLM t=  90.1 L1·A@-75 L2·A@-70 L3·A@-75 R1·A@-70 R2·A@-70 R3·A@-67 罐=无罐 泵=0 阀=111111 速=+0,+0,+0.00 电=7.63V/3.58A/峰3.66 补余=0.0 IO错=0 倾+0.0 自动1/3
[  147.770] TLM t=  90.6 L1·A@-75 L2·A@-70 L3·A@-75 R1·A@-70 R2·A@-70 R3·A@-66 罐=无罐 泵=0 阀=111111 速=+0,+0,+0.00 电=7.66V/3.34A/峰3.66 补余=0.0 IO错=0 倾+0.0 自动1/3
[  148.291] TLM t=  91.2 L1·A@-75 L2·A@-69 L3·A@-75 R1·A@-70 R2·A@-69 R3·A@-66 罐=无罐 泵=0 阀=111111 速=+0,+0,+0.00 电=7.68V/3.34A/峰3.66 补余=0.0 IO错=0 倾+0.0 自动1/3
[  148.678] EVT 原地抬起受理：R1
[  148.705] EVT 相位 R1 stance→handover
[  148.793] TLM t=  92.5 L1·A@-75 L2·A@-69 L3·A@-75 R1ZA@-69 R2·A@-69 R3·A@-65 罐=无罐 泵=0 阀=111111 速=+0,+0,+0.00 电=7.68V/3.50A/峰3.66 补余=0.0 IO错=0 倾+0.0 自动1/3
[  149.314] TLM t=  93.0 L1·A@-75 L2·A@-68 L3·A@-75 R1ZA@-69 R2·A@-68 R3·A@-65 罐=无罐 泵=0 阀=111111 速=+0,+0,+0.00 电=7.69V/2.77A/峰3.66 补余=0.0 IO错=0 倾+0.0 自动1/3
[  149.822] TLM t=  93.0 L1·A@-75 L2·A@-68 L3·A@-74 R1ZA@-69 R2·A@-68 R3·A@-64 罐=无罐 泵=0 阀=111111 速=+0,+0,+0.00 电=7.74V/2.12A/峰3.66 补余=0.0 IO错=0 倾+0.0 自动1/3
[  150.340] TLM t=  93.0 L1·A@-75 L2·A@-68 L3·A@-74 R1ZA@-69 R2·A@-68 R3·A@-64 罐=无罐 泵=0 阀=111111 速=+0,+0,+0.00 电=7.74V/2.20A/峰3.66 补余=0.0 IO错=0 倾+0.0 自动1/3
[  150.841] TLM t=  93.0 L1·A@-75 L2·A@-67 L3·A@-74 R1ZA@-68 R2·A@-67 R3·A@-63 罐=无罐 泵=0 阀=111111 速=+0,+0,+0.00 电=7.73V/1.95A/峰3.66 补余=0.0 IO错=0 倾+0.0 自动1/3
[  151.368] TLM t=  93.0 L1·A@-75 L2·A@-67 L3·A@-74 R1ZA@-68 R2·A@-67 R3·A@-62 罐=无罐 泵=0 阀=111111 速=+0,+0,+0.00 电=7.74V/1.95A/峰3.66 补余=0.0 IO错=0 倾+0.0 自动1/3
[  151.872] TLM t=  93.0 L1·A@-75 L2·A@-66 L3·A@-74 R1ZA@-68 R2·A@-67 R3·A@-62 罐=无罐 泵=0 阀=111111 速=+0,+0,+0.00 电=7.71V/2.04A/峰3.66 补余=0.0 IO错=0 倾+0.0 自动1/3
[  151.994] EVT 吸附 R1 attached→venting 在态121.06s -68.3kPa
[  151.995] EVT 相位 R1 handover→vent 落点Δ(+0.0,+0.0)
[  152.020] EVT 阀 R1 →排气位
[  152.296] EVT 相位 R1 vent→lift
[  152.389] TLM t=  93.0 L1·A@-75 L2·A@-66 L3·A@-74 R1Lv@-68 R2·A@-66 R3·A@-62 罐=无罐 泵=0 阀=111011 速=+0,+0,+0.00 电=7.70V/2.60A/峰3.66 补余=0.0 IO错=0 倾+0.0 自动1/3
[  152.418] EVT 吸附 R1 venting→released 在态0.42s -0.1kPa
[  152.895] TLM t=  93.0 L1·A@-75 L2·A@-65 L3·A@-74 R1Lr@-- R2·A@-66 R3·A@-61 罐=无罐 泵=0 阀=111011 速=+0,+0,+0.00 电=7.69V/2.69A/峰3.66 补余=0.0 IO错=0 倾+0.0 自动1/3
[  153.138] EVT 相位 R1 lift→transfer
[  153.415] TLM t=  93.0 L1·A@-75 L2·A@-65 L3·A@-74 R1Tr@-- R2·A@-66 R3·A@-61 罐=无罐 泵=0 阀=111011 速=+0,+0,+0.00 电=7.68V/2.93A/峰3.66 补余=0.0 IO错=0 倾+0.0 自动1/3
[  153.772] EVT 相位 R1 transfer→hover
[  153.860] EVT 泵 开 最差盘压-59.9
[  153.927] TLM t=  93.0 L1·A@-74 L2·A@-65 L3·A@-74 R1Hr@-- R2·A@-65 R3·A@-60 罐=无罐 泵=1 阀=111011 速=+0,+0,+0.00 电=7.61V/2.52A/峰3.66 补余=0.0 IO错=0 倾+0.0 自动1/3
[  154.446] TLM t=  93.0 L1·A@-74 L2·A@-71 L3·A@-74 R1Hr@-- R2·A@-71 R3·A@-71 罐=无罐 泵=1 阀=111011 速=+0,+0,+0.00 电=7.62V/2.36A/峰3.66 补余=0.0 IO错=0 倾+0.0 自动1/3
[  154.720] EVT 泵 停 最差盘压-75.2
[  154.780] EVT 落地：R1
[  154.795] EVT 相位 R1 hover→descend
[  154.952] TLM t=  93.0 L1·A@-76 L2·A@-76 L3·A@-76 R1Dr@-- R2·A@-75 R3·A@-76 罐=无罐 泵=0 阀=111011 速=+0,+0,+0.00 电=7.71V/2.69A/峰3.66 补余=0.0 IO错=0 倾+0.0 自动1/3
[  155.277] EVT 相位 R1 descend→press
[  155.465] TLM t=  93.0 L1·A@-76 L2·A@-75 L3·A@-76 R1Pr@-- R2·A@-75 R3·A@-75 罐=无罐 泵=0 阀=111011 速=+0,+0,+0.00 电=7.69V/2.44A/峰3.66 补余=0.0 IO错=0 倾+0.0 自动1/3
[  155.975] TLM t=  93.0 L1·A@-76 L2·A@-75 L3·A@-76 R1Pr@-- R2·A@-74 R3·A@-74 罐=无罐 泵=0 阀=111011 速=+0,+0,+0.00 电=7.71V/2.60A/峰3.66 补余=0.0 IO错=0 倾+0.0 自动1/3
[  156.479] EVT 吸附 R1 released→pressing 在态4.04s -0.1kPa
[  156.484] EVT 相位 R1 press→wait
[  156.493] TLM t=  93.0 L1·A@-76 L2·A@-75 L3·A@-76 R1Wp@-- R2·A@-74 R3·A@-74 罐=无罐 泵=0 阀=111011 速=+0,+0,+0.00 电=7.71V/2.60A/峰3.66 补余=0.0 IO错=0 倾+0.0 自动1/3
[  156.780] EVT 吸附 R1 pressing→sucking 在态0.30s -0.1kPa
[  156.781] EVT 阀 R1 →抽气位
[  156.808] EVT 泵 开 最差盘压-73.3
[  156.997] TLM t=  93.0 L1·A@-76 L2·A@-74 L3·A@-76 R1Ws@-58 R2·A@-74 R3·A@-73 罐=无罐 泵=1 阀=111111 速=+0,+0,+0.00 电=7.63V/2.44A/峰3.66 补余=0.0 IO错=0 倾+0.0 自动1/3
[  157.123] EVT 吸附 R1 sucking→attached 在态0.34s -66.3kPa
[  157.129] EVT 相位 R1 wait→stance
[  157.129] EVT 抬落完成，轮到 L2
[  157.503] TLM t=  93.4 L1·A@-75 L2·A@-76 L3·A@-76 R1·A@-75 R2·A@-76 R3·A@-76 罐=无罐 泵=1 阀=111111 速=+0,+0,+0.00 电=7.69V/2.44A/峰3.66 补余=0.0 IO错=0 倾+0.0 自动1/3
[  157.556] EVT 泵 停 最差盘压-75.4
[  158.025] TLM t=  93.9 L1·A@-77 L2·A@-76 L3·A@-77 R1·A@-76 R2·A@-76 R3·A@-76 罐=无罐 泵=0 阀=111111 速=+0,+0,+0.00 电=7.71V/2.36A/峰3.66 补余=0.0 IO错=0 倾+0.0 自动1/3
[  158.526] TLM t=  94.4 L1·A@-77 L2·A@-76 L3·A@-76 R1·A@-76 R2·A@-76 R3·A@-76 罐=无罐 泵=0 阀=111111 速=+0,+0,+0.00 电=7.71V/2.52A/峰3.66 补余=0.0 IO错=0 倾+0.0 自动1/3
[  159.051] TLM t=  94.9 L1·A@-76 L2·A@-76 L3·A@-76 R1·A@-76 R2·A@-75 R3·A@-75 罐=无罐 泵=0 阀=111111 速=+0,+0,+0.00 电=7.70V/2.60A/峰3.66 补余=0.0 IO错=0 倾+0.0 自动1/3
[  159.549] TLM t=  95.4 L1·A@-76 L2·A@-75 L3·A@-76 R1·A@-75 R2·A@-75 R3·A@-74 罐=无罐 泵=0 阀=111111 速=+0,+0,+0.00 电=7.72V/2.44A/峰3.66 补余=0.0 IO错=0 倾+0.0 自动1/3
[  160.076] TLM t=  95.9 L1·A@-76 L2·A@-75 L3·A@-76 R1·A@-75 R2·A@-74 R3·A@-74 罐=无罐 泵=0 阀=111111 速=+0,+0,+0.00 电=7.72V/2.60A/峰3.66 补余=0.0 IO错=0 倾+0.0 自动1/3
[  160.577] TLM t=  96.4 L1·A@-76 L2·A@-74 L3·A@-76 R1·A@-75 R2·A@-74 R3·A@-73 罐=无罐 泵=0 阀=111111 速=+0,+0,+0.00 电=7.72V/2.36A/峰3.66 补余=0.0 IO错=0 倾+0.0 自动1/3
[  161.097] TLM t=  96.9 L1·A@-76 L2·A@-74 L3·A@-76 R1·A@-75 R2·A@-73 R3·A@-72 罐=无罐 泵=0 阀=111111 速=+0,+0,+0.00 电=7.72V/2.28A/峰3.66 补余=0.0 IO错=0 倾+0.0 自动1/3
[  161.602] TLM t=  97.4 L1·A@-76 L2·A@-73 L3·A@-76 R1·A@-75 R2·A@-73 R3·A@-72 罐=无罐 泵=0 阀=111111 速=+0,+0,+0.00 电=7.71V/2.36A/峰3.66 补余=0.0 IO错=0 倾+0.0 自动1/3
[  162.129] TLM t=  98.0 L1·A@-76 L2·A@-73 L3·A@-76 R1·A@-75 R2·A@-73 R3·A@-71 罐=无罐 泵=0 阀=111111 速=+0,+0,+0.00 电=7.71V/2.44A/峰3.66 补余=0.0 IO错=0 倾+0.0 自动1/3
[  162.626] TLM t=  98.5 L1·A@-76 L2·A@-72 L3·A@-76 R1·A@-75 R2·A@-72 R3·A@-71 罐=无罐 泵=0 阀=111111 速=+0,+0,+0.00 电=7.71V/2.44A/峰3.66 补余=0.0 IO错=0 倾+0.0 自动1/3
[  163.153] TLM t=  99.0 L1·A@-76 L2·A@-72 L3·A@-76 R1·A@-75 R2·A@-72 R3·A@-70 罐=无罐 泵=0 阀=111111 速=+0,+0,+0.00 电=7.72V/2.44A/峰3.66 补余=0.0 IO错=0 倾+0.0 自动1/3
[  163.651] TLM t=  99.5 L1·A@-76 L2·A@-72 L3·A@-76 R1·A@-75 R2·A@-71 R3·A@-69 罐=无罐 泵=0 阀=111111 速=+0,+0,+0.00 电=7.72V/2.60A/峰3.66 补余=0.0 IO错=0 倾+0.0 自动1/3
[  164.176] TLM t= 100.0 L1·A@-76 L2·A@-71 L3·A@-76 R1·A@-75 R2·A@-71 R3·A@-69 罐=无罐 泵=0 阀=111111 速=+0,+0,+0.00 电=7.72V/2.36A/峰3.66 补余=0.0 IO错=0 倾+0.0 自动1/3
[  164.675] TLM t= 100.5 L1·A@-76 L2·A@-71 L3·A@-76 R1·A@-75 R2·A@-71 R3·A@-68 罐=无罐 泵=0 阀=111111 速=+0,+0,+0.00 电=7.72V/2.44A/峰3.66 补余=0.0 IO错=0 倾+0.0 自动1/3
[  165.200] TLM t= 101.0 L1·A@-75 L2·A@-70 L3·A@-76 R1·A@-75 R2·A@-70 R3·A@-68 罐=无罐 泵=0 阀=111111 速=+0,+0,+0.00 电=7.70V/2.36A/峰3.66 补余=0.0 IO错=0 倾+0.0 自动1/3
[  165.705] TLM t= 101.5 L1·A@-75 L2·A@-70 L3·A@-76 R1·A@-75 R2·A@-70 R3·A@-67 罐=无罐 泵=0 阀=111111 速=+0,+0,+0.00 电=7.70V/2.52A/峰3.66 补余=0.0 IO错=0 倾+0.0 自动1/3
[  166.227] TLM t= 102.0 L1·A@-75 L2·A@-70 L3·A@-76 R1·A@-75 R2·A@-70 R3·A@-66 罐=无罐 泵=0 阀=111111 速=+0,+0,+0.00 电=7.72V/2.52A/峰3.66 补余=0.0 IO错=0 倾+0.0 自动1/3
[  166.728] TLM t= 102.5 L1·A@-75 L2·A@-69 L3·A@-76 R1·A@-75 R2·A@-69 R3·A@-66 罐=无罐 泵=0 阀=111111 速=+0,+0,+0.00 电=7.70V/2.44A/峰3.66 补余=0.0 IO错=0 倾+0.0 自动1/3
[  167.155] EVT 原地抬起受理：L2
[  167.183] EVT 相位 L2 stance→handover
[  167.256] TLM t= 103.9 L1·A@-75 L2ZA@-69 L3·A@-75 R1·A@-74 R2·A@-69 R3·A@-65 罐=无罐 泵=0 阀=111111 速=+0,+0,+0.00 电=7.72V/2.28A/峰3.66 补余=0.0 IO错=0 倾+0.0 自动1/3
[  167.754] TLM t= 104.4 L1·A@-75 L2ZA@-68 L3·A@-75 R1·A@-74 R2·A@-68 R3·A@-65 罐=无罐 泵=0 阀=111111 速=+0,+0,+0.00 电=7.71V/2.52A/峰3.66 补余=0.0 IO错=0 倾+0.0 自动1/3
[  168.276] TLM t= 104.4 L1·A@-75 L2ZA@-68 L3·A@-75 R1·A@-74 R2·A@-68 R3·A@-64 罐=无罐 泵=0 阀=111111 速=+0,+0,+0.00 电=7.72V/2.36A/峰3.66 补余=0.0 IO错=0 倾+0.0 自动1/3
[  168.780] TLM t= 104.4 L1·A@-75 L2ZA@-67 L3·A@-75 R1·A@-74 R2·A@-68 R3·A@-63 罐=无罐 泵=0 阀=111111 速=+0,+0,+0.00 电=7.71V/2.44A/峰3.66 补余=0.0 IO错=0 倾+0.0 自动1/3
[  169.304] TLM t= 104.4 L1·A@-75 L2ZA@-67 L3·A@-75 R1·A@-74 R2·A@-67 R3·A@-63 罐=无罐 泵=0 阀=111111 速=+0,+0,+0.00 电=7.70V/2.52A/峰3.66 补余=0.0 IO错=0 倾+0.0 自动1/3
[  169.567] EVT 吸附 L2 attached→venting 在态136.72s -66.7kPa
[  169.567] EVT 相位 L2 handover→vent 落点Δ(+0.0,+0.0)
[  169.593] EVT 阀 L2 →排气位
[  169.806] TLM t= 104.4 L1·A@-75 L2Vv@-67 L3·A@-75 R1·A@-74 R2·A@-67 R3·A@-62 罐=无罐 泵=0 阀=101111 速=+0,+0,+0.00 电=7.70V/2.77A/峰3.66 补余=0.0 IO错=0 倾+0.0 自动1/3
[  169.872] EVT 相位 L2 vent→lift
[  169.994] EVT 吸附 L2 venting→released 在态0.42s 0.3kPa
[  170.328] TLM t= 104.4 L1·A@-75 L2Lr@-- L3·A@-75 R1·A@-74 R2·A@-67 R3·A@-62 罐=无罐 泵=0 阀=101111 速=+0,+0,+0.00 电=7.67V/2.77A/峰3.66 补余=0.0 IO错=0 倾+0.0 自动1/3
[  170.714] EVT 相位 L2 lift→transfer
[  170.830] TLM t= 104.4 L1·A@-75 L2Tr@-- L3·A@-75 R1·A@-74 R2·A@-66 R3·A@-61 罐=无罐 泵=0 阀=101111 速=+0,+0,+0.00 电=7.68V/3.01A/峰3.66 补余=0.0 IO错=0 倾+0.0 自动1/3
[  171.345] EVT 相位 L2 transfer→hover
[  171.352] TLM t= 104.4 L1·A@-75 L2Hr@-- L3·A@-75 R1·A@-74 R2·A@-66 R3·A@-61 罐=无罐 泵=0 阀=101111 速=+0,+0,+0.00 电=7.64V/3.42A/峰3.66 补余=0.0 IO错=0 倾+0.0 自动1/3
[  171.789] EVT 泵 开 最差盘压-59.9
[  171.857] TLM t= 104.4 L1·A@-75 L2Hr@-- L3·A@-75 R1·A@-74 R2·A@-66 R3·A@-60 罐=无罐 泵=1 阀=101111 速=+0,+0,+0.00 电=7.63V/2.69A/峰3.66 补余=0.0 IO错=0 倾+0.0 自动1/3
[  172.347] EVT 落地：L2
[  172.375] EVT 相位 L2 hover→descend
[  172.387] TLM t= 104.4 L1·A@-74 L2Dr@-- L3·A@-75 R1·A@-74 R2·A@-72 R3·A@-72 罐=无罐 泵=1 阀=101111 速=+0,+0,+0.00 电=7.69V/2.36A/峰3.66 补余=0.0 IO错=0 倾+0.0 自动1/3
[  172.616] EVT 泵 停 最差盘压-75.2
[  172.857] EVT 相位 L2 descend→press
[  172.895] TLM t= 104.4 L1·A@-76 L2Pr@-- L3·A@-76 R1·A@-76 R2·A@-76 R3·A@-76 罐=无罐 泵=0 阀=101111 速=+0,+0,+0.00 电=7.68V/2.60A/峰3.66 补余=0.0 IO错=0 倾+0.0 自动1/3
[  173.407] TLM t= 104.4 L1·A@-76 L2Pr@-- L3·A@-76 R1·A@-76 R2·A@-75 R3·A@-75 罐=无罐 泵=0 阀=101111 速=+0,+0,+0.00 电=7.67V/2.85A/峰3.66 补余=0.0 IO错=0 倾+0.0 自动1/3
[  173.922] TLM t= 104.4 L1·A@-76 L2Pr@-- L3·A@-76 R1·A@-76 R2·A@-75 R3·A@-75 罐=无罐 泵=0 阀=101111 速=+0,+0,+0.00 电=7.67V/2.93A/峰3.66 补余=0.0 IO错=0 倾+0.0 自动1/3
[  174.059] EVT 吸附 L2 released→pressing 在态4.04s 0.3kPa
[  174.060] EVT 相位 L2 press→wait
[  174.360] EVT 吸附 L2 pressing→sucking 在态0.30s 0.3kPa
[  174.361] EVT 阀 L2 →抽气位
[  174.381] EVT 泵 开 最差盘压-74.1
[  174.429] TLM t= 104.4 L1·A@-76 L2Ws@0 L3·A@-76 R1·A@-76 R2·A@-74 R3·A@-74 罐=无罐 泵=1 阀=111111 速=+0,+0,+0.00 电=7.57V/2.77A/峰3.66 补余=0.0 IO错=0 倾+0.0 自动1/3
[  174.633] EVT 吸附 L2 sucking→attached 在态0.28s -65.7kPa
[  174.634] EVT 相位 L2 wait→stance
[  174.634] EVT 抬落完成，轮到 R3
[  174.634] EVT 自动轮换：第 1 轮完成
[  174.931] TLM t= 104.7 L1·A@-76 L2·A@-75 L3·A@-76 R1·A@-76 R2·A@-74 R3·A@-74 罐=无罐 泵=1 阀=111111 速=+0,+0,+0.00 电=7.69V/2.69A/峰3.66 补余=0.0 IO错=0 倾+0.0 自动2/3
[  174.984] EVT 泵 停 最差盘压-75.2
[  175.453] TLM t= 105.2 L1·A@-76 L2·A@-76 L3·A@-76 R1·A@-75 R2·A@-75 R3·A@-75 罐=无罐 泵=0 阀=111111 速=+0,+0,+0.00 电=7.71V/2.85A/峰3.66 补余=0.0 IO错=0 倾+0.0 自动2/3
[  175.955] TLM t= 105.7 L1·A@-76 L2·A@-75 L3·A@-76 R1·A@-75 R2·A@-75 R3·A@-75 罐=无罐 泵=0 阀=111111 速=+0,+0,+0.00 电=7.70V/2.60A/峰3.66 补余=0.0 IO错=0 倾+0.0 自动2/3
[  176.479] TLM t= 106.2 L1·A@-76 L2·A@-74 L3·A@-76 R1·A@-75 R2·A@-74 R3·A@-74 罐=无罐 泵=0 阀=111111 速=+0,+0,+0.00 电=7.70V/2.77A/峰3.66 补余=0.0 IO错=0 倾+0.0 自动2/3
[  176.980] TLM t= 106.7 L1·A@-76 L2·A@-74 L3·A@-76 R1·A@-75 R2·A@-74 R3·A@-73 罐=无罐 泵=0 阀=111111 速=+0,+0,+0.00 电=7.68V/2.52A/峰3.66 补余=0.0 IO错=0 倾+0.0 自动2/3
[  177.501] TLM t= 107.2 L1·A@-76 L2·A@-73 L3·A@-76 R1·A@-75 R2·A@-74 R3·A@-73 罐=无罐 泵=0 阀=111111 速=+0,+0,+0.00 电=7.68V/2.85A/峰3.66 补余=0.0 IO错=0 倾+0.0 自动2/3
[  178.004] TLM t= 107.7 L1·A@-75 L2·A@-73 L3·A@-76 R1·A@-75 R2·A@-73 R3·A@-72 罐=无罐 泵=0 阀=111111 速=+0,+0,+0.00 电=7.70V/2.77A/峰3.66 补余=0.0 IO错=0 倾+0.0 自动2/3
[  178.527] TLM t= 108.3 L1·A@-75 L2·A@-72 L3·A@-76 R1·A@-75 R2·A@-73 R3·A@-72 罐=无罐 泵=0 阀=111111 速=+0,+0,+0.00 电=7.70V/2.52A/峰3.66 补余=0.0 IO错=0 倾+0.0 自动2/3
[  179.028] TLM t= 108.8 L1·A@-75 L2·A@-72 L3·A@-76 R1·A@-75 R2·A@-72 R3·A@-71 罐=无罐 泵=0 阀=111111 速=+0,+0,+0.00 电=7.69V/2.69A/峰3.66 补余=0.0 IO错=0 倾+0.0 自动2/3
[  179.555] TLM t= 109.3 L1·A@-75 L2·A@-71 L3·A@-76 R1·A@-75 R2·A@-72 R3·A@-70 罐=无罐 泵=0 阀=111111 速=+0,+0,+0.00 电=7.69V/2.52A/峰3.66 补余=0.0 IO错=0 倾+0.0 自动2/3
[  180.052] TLM t= 109.8 L1·A@-75 L2·A@-71 L3·A@-76 R1·A@-75 R2·A@-72 R3·A@-70 罐=无罐 泵=0 阀=111111 速=+0,+0,+0.00 电=7.70V/2.60A/峰3.66 补余=0.0 IO错=0 倾+0.0 自动2/3
[  180.578] TLM t= 110.3 L1·A@-75 L2·A@-70 L3·A@-75 R1·A@-75 R2·A@-71 R3·A@-69 罐=无罐 泵=0 阀=111111 速=+0,+0,+0.00 电=7.70V/2.52A/峰3.66 补余=0.0 IO错=0 倾+0.0 自动2/3
[  181.079] TLM t= 110.8 L1·A@-75 L2·A@-70 L3·A@-75 R1·A@-75 R2·A@-71 R3·A@-68 罐=无罐 泵=0 阀=111111 速=+0,+0,+0.00 电=7.68V/2.69A/峰3.66 补余=0.0 IO错=0 倾+0.0 自动2/3
[  181.603] TLM t= 111.3 L1·A@-75 L2·A@-69 L3·A@-75 R1·A@-75 R2·A@-70 R3·A@-68 罐=无罐 泵=0 阀=111111 速=+0,+0,+0.00 电=7.70V/2.52A/峰3.66 补余=0.0 IO错=0 倾+0.0 自动2/3
[  182.105] TLM t= 111.8 L1·A@-75 L2·A@-69 L3·A@-75 R1·A@-75 R2·A@-70 R3·A@-67 罐=无罐 泵=0 阀=111111 速=+0,+0,+0.00 电=7.68V/2.44A/峰3.66 补余=0.0 IO错=0 倾+0.0 自动2/3
[  182.627] TLM t= 112.3 L1·A@-75 L2·A@-69 L3·A@-75 R1·A@-75 R2·A@-70 R3·A@-67 罐=无罐 泵=0 阀=111111 速=+0,+0,+0.00 电=7.70V/2.69A/峰3.66 补余=0.0 IO错=0 倾+0.0 自动2/3
[  183.129] TLM t= 112.8 L1·A@-75 L2·A@-68 L3·A@-75 R1·A@-75 R2·A@-69 R3·A@-66 罐=无罐 泵=0 阀=111111 速=+0,+0,+0.00 电=7.68V/2.69A/峰3.66 补余=0.0 IO错=0 倾+0.0 自动2/3
[  183.649] TLM t= 113.4 L1·A@-75 L2·A@-68 L3·A@-75 R1·A@-75 R2·A@-69 R3·A@-66 罐=无罐 泵=0 阀=111111 速=+0,+0,+0.00 电=7.70V/2.77A/峰3.66 补余=0.0 IO错=0 倾+0.0 自动2/3
[  184.155] TLM t= 113.9 L1·A@-75 L2·A@-67 L3·A@-75 R1·A@-75 R2·A@-69 R3·A@-65 罐=无罐 泵=0 阀=111111 速=+0,+0,+0.00 电=7.69V/2.60A/峰3.66 补余=0.0 IO错=0 倾+0.0 自动2/3
[  184.680] TLM t= 114.4 L1·A@-74 L2·A@-67 L3·A@-75 R1·A@-75 R2·A@-68 R3·A@-64 罐=无罐 泵=0 阀=111111 速=+0,+0,+0.00 电=7.69V/2.60A/峰3.66 补余=0.0 IO错=0 倾+0.0 自动2/3
[  185.178] TLM t= 114.9 L1·A@-74 L2·A@-66 L3·A@-75 R1·A@-75 R2·A@-68 R3·A@-64 罐=无罐 泵=0 阀=111111 速=+0,+0,+0.00 电=7.70V/2.60A/峰3.66 补余=0.0 IO错=0 倾+0.0 自动2/3
[  185.708] TLM t= 115.4 L1·A@-74 L2·A@-66 L3·A@-75 R1·A@-75 R2·A@-67 R3·A@-63 罐=无罐 泵=0 阀=111111 速=+0,+0,+0.00 电=7.70V/2.52A/峰3.66 补余=0.0 IO错=0 倾+0.0 自动2/3
[  186.209] TLM t= 115.9 L1·A@-74 L2·A@-65 L3·A@-75 R1·A@-75 R2·A@-67 R3·A@-63 罐=无罐 泵=0 阀=111111 速=+0,+0,+0.00 电=7.70V/2.60A/峰3.66 补余=0.0 IO错=0 倾+0.0 自动2/3
[  186.732] TLM t= 116.4 L1·A@-74 L2·A@-65 L3·A@-75 R1·A@-74 R2·A@-67 R3·A@-62 罐=无罐 泵=0 阀=111111 速=+0,+0,+0.00 电=7.69V/2.77A/峰3.66 补余=0.0 IO错=0 倾+0.0 自动2/3
[  187.234] TLM t= 116.9 L1·A@-74 L2·A@-65 L3·A@-75 R1·A@-74 R2·A@-66 R3·A@-61 罐=无罐 泵=0 阀=111111 速=+0,+0,+0.00 电=7.69V/2.77A/峰3.66 补余=0.0 IO错=0 倾+0.0 自动2/3
[  187.757] TLM t= 117.4 L1·A@-74 L2·A@-64 L3·A@-75 R1·A@-74 R2·A@-66 R3·A@-61 罐=无罐 泵=0 阀=111111 速=+0,+0,+0.00 电=7.68V/2.69A/峰3.66 补余=0.0 IO错=0 倾+0.0 自动2/3
[  188.262] TLM t= 117.9 L1·A@-74 L2·A@-64 L3·A@-75 R1·A@-74 R2·A@-66 R3·A@-60 罐=无罐 泵=0 阀=111111 速=+0,+0,+0.00 电=7.69V/2.60A/峰3.66 补余=0.0 IO错=0 倾+0.0 自动2/3
[  188.495] EVT 泵 开 最差盘压-60.0
[  188.784] TLM t= 118.5 L1·A@-74 L2·A@-63 L3·A@-75 R1·A@-74 R2·A@-65 R3·A@-62 罐=无罐 泵=1 阀=111111 速=+0,+0,+0.00 电=7.67V/2.69A/峰3.66 补余=0.0 IO错=0 倾+0.0 自动2/3
[  189.285] TLM t= 119.0 L1·A@-75 L2·A@-75 L3·A@-75 R1·A@-74 R2·A@-75 R3·A@-75 罐=无罐 泵=1 阀=111111 速=+0,+0,+0.00 电=7.63V/2.77A/峰3.66 补余=0.0 IO错=0 倾+0.0 自动2/3
[  189.379] EVT 泵 停 最差盘压-75.1
[  189.639] EVT 自动轮换：第 2 轮开始
[  189.653] EVT 原地抬起受理：R3
[  189.680] EVT 相位 R3 stance→handover
[  189.810] TLM t= 122.5 L1·A@-76 L2·A@-76 L3·A@-76 R1·A@-76 R2·A@-76 R3ZA@-76 罐=无罐 泵=0 阀=111111 速=+0,+0,+0.00 电=7.68V/2.52A/峰3.66 补余=0.0 IO错=0 倾+0.0 自动2/3
[  190.315] TLM t= 123.0 L1·A@-76 L2·A@-76 L3·A@-76 R1·A@-76 R2·A@-75 R3ZA@-75 罐=无罐 泵=0 阀=111111 速=+0,+0,+0.00 电=7.70V/2.28A/峰3.66 补余=0.0 IO错=0 倾+0.0 自动2/3
[  190.810] TLM t= 123.0 L1·A@-76 L2·A@-75 L3·A@-76 R1·A@-76 R2·A@-75 R3ZA@-74 罐=无罐 泵=0 阀=111111 速=+0,+0,+0.00 电=7.72V/2.20A/峰3.66 补余=0.0 IO错=0 倾+0.0 自动2/3
[  191.321] TLM t= 123.0 L1·A@-76 L2·A@-75 L3·A@-76 R1·A@-75 R2·A@-74 R3ZA@-74 罐=无罐 泵=0 阀=111111 速=+0,+0,+0.00 电=7.71V/2.20A/峰3.66 补余=0.0 IO错=0 倾+0.0 自动2/3
[  191.829] TLM t= 123.0 L1·A@-76 L2·A@-74 L3·A@-76 R1·A@-75 R2·A@-74 R3ZA@-73 罐=无罐 泵=0 阀=111111 速=+0,+0,+0.00 电=7.70V/2.44A/峰3.66 补余=0.0 IO错=0 倾+0.0 自动2/3
[  191.878] EVT 吸附 R3 attached→venting 在态106.32s -73.1kPa
[  191.879] EVT 相位 R3 handover→vent 落点Δ(+0.0,+0.0)
[  191.891] EVT 阀 R3 →排气位
[  192.177] EVT 相位 R3 vent→lift
[  192.299] EVT 吸附 R3 venting→released 在态0.42s 0.2kPa
[  192.349] TLM t= 123.0 L1·A@-76 L2·A@-74 L3·A@-76 R1·A@-75 R2·A@-73 R3Lr@-- 罐=无罐 泵=0 阀=111110 速=+0,+0,+0.00 电=7.70V/2.36A/峰3.66 补余=0.0 IO错=0 倾+0.0 自动2/3
[  192.850] TLM t= 123.0 L1·A@-76 L2·A@-73 L3·A@-76 R1·A@-75 R2·A@-73 R3Lr@-- 罐=无罐 泵=0 阀=111110 速=+0,+0,+0.00 电=7.69V/2.52A/峰3.66 补余=0.0 IO错=0 倾+0.0 自动2/3
[  193.022] EVT 相位 R3 lift→transfer
[  193.375] TLM t= 123.0 L1·A@-75 L2·A@-73 L3·A@-76 R1·A@-75 R2·A@-73 R3Tr@-- 罐=无罐 泵=0 阀=111110 速=+0,+0,+0.00 电=7.68V/2.52A/峰3.66 补余=0.0 IO错=0 倾+0.0 自动2/3
[  193.675] EVT 相位 R3 transfer→hover
[  193.880] TLM t= 123.0 L1·A@-75 L2·A@-72 L3·A@-76 R1·A@-75 R2·A@-72 R3Hr@-- 罐=无罐 泵=0 阀=111110 速=+0,+0,+0.00 电=7.68V/2.44A/峰3.66 补余=0.0 IO错=0 倾+0.0 自动2/3
[  194.390] TLM t= 123.0 L1·A@-75 L2·A@-72 L3·A@-76 R1·A@-75 R2·A@-72 R3Hr@-- 罐=无罐 泵=0 阀=111110 速=+0,+0,+0.00 电=7.69V/2.52A/峰3.66 补余=0.0 IO错=0 倾+0.0 自动2/3
[  194.685] EVT 落地：R3
[  194.702] EVT 相位 R3 hover→descend
[  194.893] TLM t= 123.0 L1·A@-75 L2·A@-71 L3·A@-76 R1·A@-75 R2·A@-71 R3Dr@-- 罐=无罐 泵=0 阀=111110 速=+0,+0,+0.00 电=7.68V/2.44A/峰3.66 补余=0.0 IO错=0 倾+0.0 自动2/3
[  195.184] EVT 相位 R3 descend→press
[  195.416] TLM t= 123.0 L1·A@-75 L2·A@-71 L3·A@-76 R1·A@-75 R2·A@-71 R3Pr@-- 罐=无罐 泵=0 阀=111110 速=+0,+0,+0.00 电=7.68V/2.52A/峰3.66 补余=0.0 IO错=0 倾+0.0 自动2/3
[  195.916] TLM t= 123.0 L1·A@-75 L2·A@-71 L3·A@-75 R1·A@-75 R2·A@-71 R3Pr@-- 罐=无罐 泵=0 阀=111110 速=+0,+0,+0.00 电=7.70V/2.36A/峰3.66 补余=0.0 IO错=0 倾+0.0 自动2/3
[  196.389] EVT 吸附 R3 released→pressing 在态4.04s 0.2kPa
[  196.389] EVT 相位 R3 press→wait
[  196.439] TLM t= 123.0 L1·A@-75 L2·A@-70 L3·A@-75 R1·A@-75 R2·A@-70 R3Wp@-- 罐=无罐 泵=0 阀=111110 速=+0,+0,+0.00 电=7.68V/2.60A/峰3.66 补余=0.0 IO错=0 倾+0.0 自动2/3
[  196.692] EVT 吸附 R3 pressing→sucking 在态0.30s 0.2kPa
[  196.693] EVT 阀 R3 →抽气位
[  196.710] EVT 泵 开 最差盘压-69.8
[  196.944] TLM t= 123.0 L1·A@-75 L2·A@-70 L3·A@-75 R1·A@-75 R2·A@-70 R3Ws@-55 罐=无罐 泵=1 阀=111111 速=+0,+0,+0.00 电=7.61V/2.69A/峰3.66 补余=0.0 IO错=0 倾+0.0 自动2/3
[  197.036] EVT 吸附 R3 sucking→attached 在态0.34s -62.9kPa
[  197.036] EVT 相位 R3 wait→stance
[  197.036] EVT 抬落完成，轮到 L1
[  197.466] TLM t= 123.4 L1·A@-75 L2·A@-75 L3·A@-75 R1·A@-75 R2·A@-74 R3·A@-75 罐=无罐 泵=1 阀=111111 速=+0,+0,+0.00 电=7.67V/2.28A/峰3.66 补余=0.0 IO错=0 倾+0.0 自动2/3
[  197.600] EVT 泵 停 最差盘压-75.2
[  197.971] TLM t= 123.9 L1·A@-76 L2·A@-76 L3·A@-76 R1·A@-76 R2·A@-76 R3·A@-76 罐=无罐 泵=0 阀=111111 速=+0,+0,+0.00 电=7.70V/2.69A/峰3.66 补余=0.0 IO错=0 倾+0.0 自动2/3
[  198.492] TLM t= 124.4 L1·A@-76 L2·A@-76 L3·A@-76 R1·A@-76 R2·A@-75 R3·A@-75 罐=无罐 泵=0 阀=111111 速=+0,+0,+0.00 电=7.70V/2.44A/峰3.66 补余=0.0 IO错=0 倾+0.0 自动2/3
[  199.009] TLM t= 125.0 L1·A@-76 L2·A@-75 L3·A@-76 R1·A@-76 R2·A@-75 R3·A@-75 罐=无罐 泵=0 阀=111111 速=+0,+0,+0.00 电=7.69V/2.52A/峰3.66 补余=0.0 IO错=0 倾+0.0 自动2/3
[  199.515] TLM t= 125.5 L1·A@-76 L2·A@-75 L3·A@-76 R1·A@-76 R2·A@-75 R3·A@-74 罐=无罐 泵=0 阀=111111 速=+0,+0,+0.00 电=7.69V/2.52A/峰3.66 补余=0.0 IO错=0 倾+0.0 自动2/3
[  200.034] TLM t= 126.0 L1·A@-76 L2·A@-74 L3·A@-76 R1·A@-76 R2·A@-74 R3·A@-73 罐=无罐 泵=0 阀=111111 速=+0,+0,+0.00 电=7.68V/2.44A/峰3.66 补余=0.0 IO错=0 倾+0.0 自动2/3
[  200.539] TLM t= 126.5 L1·A@-76 L2·A@-74 L3·A@-76 R1·A@-76 R2·A@-74 R3·A@-73 罐=无罐 泵=0 阀=111111 速=+0,+0,+0.00 电=7.69V/2.60A/峰3.66 补余=0.0 IO错=0 倾+0.0 自动2/3
[  201.055] TLM t= 127.0 L1·A@-76 L2·A@-74 L3·A@-76 R1·A@-76 R2·A@-73 R3·A@-72 罐=无罐 泵=0 阀=111111 速=+0,+0,+0.00 电=7.69V/2.60A/峰3.66 补余=0.0 IO错=0 倾+0.0 自动2/3
[  201.564] TLM t= 127.5 L1·A@-76 L2·A@-73 L3·A@-76 R1·A@-76 R2·A@-73 R3·A@-71 罐=无罐 泵=0 阀=111111 速=+0,+0,+0.00 电=7.69V/2.52A/峰3.66 补余=0.0 IO错=0 倾+0.0 自动2/3
[  202.067] TLM t= 128.0 L1·A@-76 L2·A@-73 L3·A@-76 R1·A@-76 R2·A@-73 R3·A@-71 罐=无罐 泵=0 阀=111111 速=+0,+0,+0.00 电=7.68V/2.52A/峰3.66 补余=0.0 IO错=0 倾+0.0 自动2/3
[  202.592] TLM t= 128.5 L1·A@-76 L2·A@-72 L3·A@-76 R1·A@-75 R2·A@-72 R3·A@-70 罐=无罐 泵=0 阀=111111 速=+0,+0,+0.00 电=7.69V/2.60A/峰3.66 补余=0.0 IO错=0 倾+0.0 自动2/3
[  203.091] TLM t= 129.0 L1·A@-75 L2·A@-72 L3·A@-76 R1·A@-75 R2·A@-72 R3·A@-70 罐=无罐 泵=0 阀=111111 速=+0,+0,+0.00 电=7.68V/2.44A/峰3.66 补余=0.0 IO错=0 倾+0.0 自动2/3
[  203.618] TLM t= 129.5 L1·A@-75 L2·A@-71 L3·A@-76 R1·A@-75 R2·A@-71 R3·A@-69 罐=无罐 泵=0 阀=111111 速=+0,+0,+0.00 电=7.69V/2.44A/峰3.66 补余=0.0 IO错=0 倾+0.0 自动2/3
[  204.118] TLM t= 130.0 L1·A@-75 L2·A@-71 L3·A@-76 R1·A@-75 R2·A@-71 R3·A@-68 罐=无罐 泵=0 阀=111111 速=+0,+0,+0.00 电=7.68V/2.52A/峰3.66 补余=0.0 IO错=0 倾+0.0 自动2/3
[  204.640] TLM t= 130.6 L1·A@-75 L2·A@-70 L3·A@-76 R1·A@-75 R2·A@-71 R3·A@-68 罐=无罐 泵=0 阀=111111 速=+0,+0,+0.00 电=7.70V/2.44A/峰3.66 补余=0.0 IO错=0 倾+0.0 自动2/3
[  205.161] TLM t= 131.1 L1·A@-75 L2·A@-70 L3·A@-76 R1·A@-75 R2·A@-70 R3·A@-67 罐=无罐 泵=0 阀=111111 速=+0,+0,+0.00 电=7.70V/2.44A/峰3.66 补余=0.0 IO错=0 倾+0.0 自动2/3
[  205.664] TLM t= 131.6 L1·A@-75 L2·A@-70 L3·A@-76 R1·A@-75 R2·A@-70 R3·A@-66 罐=无罐 泵=0 阀=111111 速=+0,+0,+0.00 电=7.68V/2.44A/峰3.66 补余=0.0 IO错=0 倾+0.0 自动2/3
[  206.181] TLM t= 132.1 L1·A@-75 L2·A@-69 L3·A@-76 R1·A@-75 R2·A@-69 R3·A@-66 罐=无罐 泵=0 阀=111111 速=+0,+0,+0.00 电=7.71V/2.52A/峰3.66 补余=0.0 IO错=0 倾+0.0 自动2/3
[  206.688] TLM t= 132.6 L1·A@-75 L2·A@-69 L3·A@-76 R1·A@-75 R2·A@-69 R3·A@-65 罐=无罐 泵=0 阀=111111 速=+0,+0,+0.00 电=7.70V/2.52A/峰3.66 补余=0.0 IO错=0 倾+0.0 自动2/3
[  207.060] EVT 原地抬起受理：L1
[  207.077] EVT 相位 L1 stance→handover
[  207.188] TLM t= 133.9 L1ZA@-75 L2·A@-68 L3·A@-75 R1·A@-75 R2·A@-69 R3·A@-65 罐=无罐 泵=0 阀=111111 速=+0,+0,+0.00 电=7.72V/2.28A/峰3.66 补余=0.0 IO错=0 倾+0.0 自动2/3
[  207.713] TLM t= 134.4 L1ZA@-75 L2·A@-68 L3·A@-75 R1·A@-75 R2·A@-68 R3·A@-64 罐=无罐 泵=0 阀=111111 速=+0,+0,+0.00 电=7.72V/2.04A/峰3.66 补余=0.0 IO错=0 倾+0.0 自动2/3
[  208.216] TLM t= 134.4 L1ZA@-75 L2·A@-67 L3·A@-75 R1·A@-75 R2·A@-68 R3·A@-64 罐=无罐 泵=0 阀=111111 速=+0,+0,+0.00 电=7.71V/1.95A/峰3.66 补余=0.0 IO错=0 倾+0.0 自动2/3
[  208.742] TLM t= 134.4 L1ZA@-75 L2·A@-67 L3·A@-75 R1·A@-75 R2·A@-68 R3·A@-63 罐=无罐 泵=0 阀=111111 速=+0,+0,+0.00 电=7.71V/2.12A/峰3.66 补余=0.0 IO错=0 倾+0.0 自动2/3
[  209.245] TLM t= 134.4 L1ZA@-74 L2·A@-67 L3·A@-75 R1·A@-75 R2·A@-67 R3·A@-62 罐=无罐 泵=0 阀=111111 速=+0,+0,+0.00 电=7.72V/2.12A/峰3.66 补余=0.0 IO错=0 倾+0.0 自动2/3
[  209.773] TLM t= 134.4 L1ZA@-74 L2·A@-66 L3·A@-75 R1·A@-75 R2·A@-67 R3·A@-62 罐=无罐 泵=0 阀=111111 速=+0,+0,+0.00 电=7.69V/2.12A/峰3.66 补余=0.0 IO错=0 倾+0.0 自动2/3
[  210.187] EVT 吸附 L1 attached→venting 在态106.28s -74.3kPa
[  210.187] EVT 相位 L1 handover→vent 落点Δ(+0.0,+0.0)
[  210.207] EVT 阀 L1 →排气位
[  210.279] TLM t= 134.4 L1Vv@-74 L2·A@-66 L3·A@-75 R1·A@-75 R2·A@-66 R3·A@-61 罐=无罐 泵=0 阀=011111 速=+0,+0,+0.00 电=7.67V/2.69A/峰3.66 补余=0.0 IO错=0 倾+0.0 自动2/3
[  210.485] EVT 相位 L1 vent→lift
[  210.583] EVT 吸附 L1 venting→released 在态0.40s 0.1kPa
[  210.795] TLM t= 134.4 L1Lr@-- L2·A@-65 L3·A@-75 R1·A@-75 R2·A@-66 R3·A@-60 罐=无罐 泵=0 阀=011111 速=+0,+0,+0.00 电=7.66V/2.85A/峰3.66 补余=0.0 IO错=0 倾+0.0 自动2/3
[  211.170] EVT 泵 开 最差盘压-59.9
[  211.300] TLM t= 134.4 L1Lr@-- L2·A@-65 L3·A@-75 R1·A@-75 R2·A@-66 R3·A@-60 罐=无罐 泵=1 阀=011111 速=+0,+0,+0.00 电=7.64V/2.60A/峰3.66 补余=0.0 IO错=0 倾+0.0 自动2/3
[  211.328] EVT 相位 L1 lift→transfer
[  211.821] TLM t= 134.4 L1Tr@-- L2·A@-73 L3·A@-75 R1·A@-75 R2·A@-73 R3·A@-73 罐=无罐 泵=1 阀=011111 速=+0,+0,+0.00 电=7.63V/2.93A/峰3.66 补余=0.0 IO错=0 倾+0.0 自动2/3
[  211.956] EVT 相位 L1 transfer→hover
[  212.077] EVT 泵 停 最差盘压-75.4
[  212.325] TLM t= 134.4 L1Hr@-- L2·A@-77 L3·A@-77 R1·A@-76 R2·A@-76 R3·A@-76 罐=无罐 泵=0 阀=011111 速=+0,+0,+0.00 电=7.68V/2.69A/峰3.66 补余=0.0 IO错=0 倾+0.0 自动2/3
[  212.845] TLM t= 134.4 L1Hr@-- L2·A@-76 L3·A@-76 R1·A@-76 R2·A@-76 R3·A@-76 罐=无罐 泵=0 阀=011111 速=+0,+0,+0.00 电=7.68V/2.77A/峰3.66 补余=0.0 IO错=0 倾+0.0 自动2/3
[  212.957] EVT 落地：L1
[  212.979] EVT 相位 L1 hover→descend
[  213.350] TLM t= 134.4 L1Dr@-- L2·A@-76 L3·A@-76 R1·A@-76 R2·A@-75 R3·A@-75 罐=无罐 泵=0 阀=011111 速=+0,+0,+0.00 电=7.65V/2.77A/峰3.66 补余=0.0 IO错=0 倾+0.0 自动2/3
[  213.461] EVT 相位 L1 descend→press
[  213.869] TLM t= 134.4 L1Pr@-- L2·A@-75 L3·A@-76 R1·A@-76 R2·A@-75 R3·A@-74 罐=无罐 泵=0 阀=011111 速=+0,+0,+0.00 电=7.65V/2.77A/峰3.66 补余=0.0 IO错=0 倾+0.0 自动2/3
[  214.371] TLM t= 134.4 L1Pr@-- L2·A@-75 L3·A@-76 R1·A@-76 R2·A@-74 R3·A@-74 罐=无罐 泵=0 阀=011111 速=+0,+0,+0.00 电=7.67V/2.77A/峰3.66 补余=0.0 IO错=0 倾+0.0 自动2/3
[  214.664] EVT 吸附 L1 released→pressing 在态4.06s 0.1kPa
[  214.664] EVT 相位 L1 press→wait
[  214.893] TLM t= 134.4 L1Wp@-- L2·A@-74 L3·A@-76 R1·A@-76 R2·A@-74 R3·A@-73 罐=无罐 泵=0 阀=011111 速=+0,+0,+0.00 电=7.66V/2.60A/峰3.66 补余=0.0 IO错=0 倾+0.0 自动2/3
[  214.966] EVT 吸附 L1 pressing→sucking 在态0.30s 0.1kPa
[  214.967] EVT 阀 L1 →抽气位
[  214.982] EVT 泵 开 最差盘压-72.9
[  215.397] TLM t= 134.4 L1Ws@-1 L2·A@-74 L3·A@-76 R1·A@-76 R2·A@-73 R3·A@-72 罐=无罐 泵=1 阀=111111 速=+0,+0,+0.00 电=7.59V/2.77A/峰3.66 补余=0.0 IO错=0 倾+0.0 自动2/3
[  215.916] TLM t= 134.4 L1Ws@-1 L2·A@-73 L3·A@-76 R1·A@-76 R2·A@-73 R3·A@-72 罐=无罐 泵=1 阀=111111 速=+0,+0,+0.00 电=7.65V/2.69A/峰3.66 补余=0.0 IO错=0 倾+0.0 自动2/3
[  216.421] TLM t= 134.4 L1Ws@-1 L2·A@-73 L3·A@-76 R1·A@-76 R2·A@-73 R3·A@-71 罐=无罐 泵=1 阀=111111 速=+0,+0,+0.00 电=7.60V/2.85A/峰3.66 补余=0.0 IO错=0 倾+0.0 自动2/3
[  216.939] TLM t= 134.4 L1Ws@-1 L2·A@-72 L3·A@-76 R1·A@-75 R2·A@-72 R3·A@-71 罐=无罐 泵=1 阀=111111 速=+0,+0,+0.00 电=7.63V/2.77A/峰3.66 补余=0.0 IO错=0 倾+0.0 自动2/3
[  217.443] TLM t= 134.4 L1Ws@-1 L2·A@-72 L3·A@-76 R1·A@-75 R2·A@-72 R3·A@-70 罐=无罐 泵=1 阀=111111 速=+0,+0,+0.00 电=7.63V/2.60A/峰3.66 补余=0.0 IO错=0 倾+0.0 自动2/3
[  217.465] EVT 吸附 L1 sucking→fault 在态2.50s -0.9kPa
[  217.471] EVT 吸附 L1 fault→released 在态0.00s -0.9kPa
[  217.471] EVT 相位 L1 wait→retry
[  217.471] EVT 阀 L1 →排气位
[  217.807] EVT 相位 L1 retry→press
[  217.961] TLM t= 134.4 L1Pr@-- L2·A@-71 L3·A@-76 R1·A@-75 R2·A@-71 R3·A@-69 罐=无罐 泵=1 阀=011111 速=+0,+0,+0.00 电=7.62V/2.69A/峰3.66 补余=0.0 IO错=0 倾+0.0 自动2/3
[  218.277] EVT 泵 停 最差盘压-75.2
[  218.468] TLM t= 134.4 L1Pr@-- L2·A@-76 L3·A@-76 R1·A@-75 R2·A@-75 R3·A@-76 罐=无罐 泵=0 阀=011111 速=+0,+0,+0.00 电=7.66V/2.93A/峰3.66 补余=0.0 IO错=0 倾+0.0 自动2/3
[  218.495] EVT 吸附 L1 released→pressing 在态1.02s -0.9kPa
[  218.495] EVT 相位 L1 press→wait
[  218.795] EVT 吸附 L1 pressing→sucking 在态0.30s -0.9kPa
[  218.796] EVT 阀 L1 →抽气位
[  218.819] EVT 泵 开 最差盘压-75.1
[  218.988] TLM t= 134.4 L1Ws@-45 L2·A@-75 L3·A@-76 R1·A@-75 R2·A@-75 R3·A@-75 罐=无罐 泵=1 阀=111111 速=+0,+0,+0.00 电=7.64V/2.69A/峰3.66 补余=0.0 IO错=0 倾+0.0 自动2/3
[  219.133] EVT 吸附 L1 sucking→attached 在态0.34s -67.5kPa
[  219.137] EVT 相位 L1 wait→stance
[  219.137] EVT 抬落完成，轮到 R2
[  219.437] EVT 泵 停 最差盘压-75.2
[  219.489] TLM t= 134.7 L1·A@-76 L2·A@-76 L3·A@-76 R1·A@-75 R2·A@-76 R3·A@-76 罐=无罐 泵=0 阀=111111 速=+0,+0,+0.00 电=7.67V/2.52A/峰3.66 补余=0.0 IO错=0 倾+0.0 自动2/3
[  220.010] TLM t= 135.3 L1·A@-76 L2·A@-76 L3·A@-76 R1·A@-75 R2·A@-75 R3·A@-75 罐=无罐 泵=0 阀=111111 速=+0,+0,+0.00 电=7.69V/2.85A/峰3.66 补余=0.0 IO错=0 倾+0.0 自动2/3
[  220.515] TLM t= 135.8 L1·A@-75 L2·A@-75 L3·A@-76 R1·A@-75 R2·A@-75 R3·A@-75 罐=无罐 泵=0 阀=111111 速=+0,+0,+0.00 电=7.68V/3.42A/峰3.66 补余=0.0 IO错=0 倾+0.0 自动2/3
[  221.037] TLM t= 136.3 L1·A@-75 L2·A@-75 L3·A@-76 R1·A@-75 R2·A@-74 R3·A@-74 罐=无罐 泵=0 阀=111111 速=+0,+0,+0.00 电=7.68V/2.77A/峰3.66 补余=0.0 IO错=0 倾+0.0 自动2/3
[  221.543] TLM t= 136.8 L1·A@-75 L2·A@-74 L3·A@-76 R1·A@-75 R2·A@-74 R3·A@-73 罐=无罐 泵=0 阀=111111 速=+0,+0,+0.00 电=7.67V/2.69A/峰3.66 补余=0.0 IO错=0 倾+0.0 自动2/3
[  222.058] TLM t= 137.3 L1·A@-75 L2·A@-74 L3·A@-76 R1·A@-75 R2·A@-74 R3·A@-73 罐=无罐 泵=0 阀=111111 速=+0,+0,+0.00 电=7.69V/2.60A/峰3.66 补余=0.0 IO错=0 倾+0.0 自动2/3
[  222.565] TLM t= 137.8 L1·A@-75 L2·A@-73 L3·A@-76 R1·A@-75 R2·A@-73 R3·A@-72 罐=无罐 泵=0 阀=111111 速=+0,+0,+0.00 电=7.68V/2.77A/峰3.66 补余=0.0 IO错=0 倾+0.0 自动2/3
[  223.081] TLM t= 138.3 L1·A@-75 L2·A@-73 L3·A@-76 R1·A@-75 R2·A@-73 R3·A@-72 罐=无罐 泵=0 阀=111111 速=+0,+0,+0.00 电=7.67V/2.77A/峰3.66 补余=0.0 IO错=0 倾+0.0 自动2/3
[  223.584] TLM t= 138.8 L1·A@-74 L2·A@-73 L3·A@-75 R1·A@-75 R2·A@-72 R3·A@-71 罐=无罐 泵=0 阀=111111 速=+0,+0,+0.00 电=7.67V/2.69A/峰3.66 补余=0.0 IO错=0 倾+0.0 自动2/3
[  224.103] TLM t= 139.3 L1·A@-74 L2·A@-72 L3·A@-75 R1·A@-75 R2·A@-72 R3·A@-70 罐=无罐 泵=0 阀=111111 速=+0,+0,+0.00 电=7.69V/2.69A/峰3.66 补余=0.0 IO错=0 倾+0.0 自动2/3
[  224.612] TLM t= 139.8 L1·A@-74 L2·A@-72 L3·A@-75 R1·A@-75 R2·A@-72 R3·A@-70 罐=无罐 泵=0 阀=111111 速=+0,+0,+0.00 电=7.68V/2.69A/峰3.66 补余=0.0 IO错=0 倾+0.0 自动2/3
[  225.127] TLM t= 140.4 L1·A@-74 L2·A@-71 L3·A@-75 R1·A@-75 R2·A@-71 R3·A@-69 罐=无罐 泵=0 阀=111111 速=+0,+0,+0.00 电=7.69V/2.77A/峰3.66 补余=0.0 IO错=0 倾+0.0 自动2/3
[  225.635] TLM t= 140.9 L1·A@-74 L2·A@-71 L3·A@-75 R1·A@-75 R2·A@-71 R3·A@-69 罐=无罐 泵=0 阀=111111 速=+0,+0,+0.00 电=7.67V/2.77A/峰3.66 补余=0.0 IO错=0 倾+0.0 自动2/3
[  226.151] TLM t= 141.4 L1·A@-74 L2·A@-70 L3·A@-75 R1·A@-74 R2·A@-71 R3·A@-68 罐=无罐 泵=0 阀=111111 速=+0,+0,+0.00 电=7.68V/2.69A/峰3.66 补余=0.0 IO错=0 倾+0.0 自动2/3
[  226.655] TLM t= 141.9 L1·A@-74 L2·A@-70 L3·A@-75 R1·A@-74 R2·A@-70 R3·A@-67 罐=无罐 泵=0 阀=111111 速=+0,+0,+0.00 电=7.66V/2.85A/峰3.66 补余=0.0 IO错=0 倾+0.0 自动2/3
[  227.174] TLM t= 142.4 L1·A@-74 L2·A@-69 L3·A@-75 R1·A@-74 R2·A@-70 R3·A@-67 罐=无罐 泵=0 阀=111111 速=+0,+0,+0.00 电=7.68V/2.69A/峰3.66 补余=0.0 IO错=0 倾+0.0 自动2/3
[  227.681] TLM t= 142.9 L1·A@-74 L2·A@-69 L3·A@-75 R1·A@-74 R2·A@-69 R3·A@-66 罐=无罐 泵=0 阀=111111 速=+0,+0,+0.00 电=7.69V/2.85A/峰3.66 补余=0.0 IO错=0 倾+0.0 自动2/3
[  228.197] TLM t= 143.4 L1·A@-73 L2·A@-69 L3·A@-75 R1·A@-74 R2·A@-69 R3·A@-66 罐=无罐 泵=0 阀=111111 速=+0,+0,+0.00 电=7.69V/2.85A/峰3.66 补余=0.0 IO错=0 倾+0.0 自动2/3
[  228.703] TLM t= 143.9 L1·A@-73 L2·A@-68 L3·A@-75 R1·A@-74 R2·A@-69 R3·A@-65 罐=无罐 泵=0 阀=111111 速=+0,+0,+0.00 电=7.69V/2.77A/峰3.66 补余=0.0 IO错=0 倾+0.0 自动2/3
[  229.175] EVT 原地抬起受理：R2
[  229.190] EVT 相位 R2 stance→handover
[  229.222] TLM t= 145.2 L1·A@-73 L2·A@-68 L3·A@-75 R1·A@-74 R2ZA@-68 R3·A@-64 罐=无罐 泵=0 阀=111111 速=+0,+0,+0.00 电=7.68V/2.69A/峰3.66 补余=0.0 IO错=0 倾+0.0 自动2/3
[  229.728] TLM t= 145.7 L1·A@-73 L2·A@-67 L3·A@-75 R1·A@-74 R2ZA@-68 R3·A@-64 罐=无罐 泵=0 阀=111111 速=+0,+0,+0.00 电=7.68V/2.36A/峰3.66 补余=0.0 IO错=0 倾+0.0 自动2/3
[  230.246] TLM t= 145.8 L1·A@-73 L2·A@-67 L3·A@-75 R1·A@-74 R2ZA@-68 R3·A@-63 罐=无罐 泵=0 阀=111111 速=+0,+0,+0.00 电=7.67V/2.77A/峰3.66 补余=0.0 IO错=0 倾+0.0 自动2/3
[  230.749] TLM t= 145.8 L1·A@-73 L2·A@-66 L3·A@-75 R1·A@-74 R2ZA@-67 R3·A@-63 罐=无罐 泵=0 阀=111111 速=+0,+0,+0.00 电=7.64V/3.01A/峰3.66 补余=0.0 IO错=0 倾+0.0 自动2/3
[  231.268] TLM t= 145.8 L1·A@-73 L2·A@-66 L3·A@-75 R1·A@-74 R2ZA@-67 R3·A@-62 罐=无罐 泵=0 阀=111111 速=+0,+0,+0.00 电=7.67V/3.09A/峰3.66 补余=0.0 IO错=0 倾+0.0 自动2/3
[  231.381] EVT 吸附 R2 attached→venting 在态110.16s -66.6kPa
[  231.382] EVT 相位 R2 handover→vent 落点Δ(+0.0,+0.0)
[  231.402] EVT 阀 R2 →排气位
[  231.682] EVT 相位 R2 vent→lift
[  231.771] TLM t= 145.8 L1·A@-73 L2·A@-66 L3·A@-75 R1·A@-74 R2Lv@-67 R3·A@-62 罐=无罐 泵=0 阀=111101 速=+0,+0,+0.00 电=7.63V/3.09A/峰3.66 补余=0.0 IO错=0 倾+0.0 自动2/3
[  231.782] EVT 吸附 R2 venting→released 在态0.40s 0.0kPa
[  232.295] TLM t= 145.8 L1·A@-73 L2·A@-65 L3·A@-75 R1·A@-74 R2Lr@-- R3·A@-61 罐=无罐 泵=0 阀=111101 速=+0,+0,+0.00 电=7.62V/3.66A/峰3.66 补余=0.0 IO错=0 倾+0.0 自动2/3
[  232.526] EVT 相位 R2 lift→transfer
[  232.795] TLM t= 145.8 L1·A@-72 L2·A@-65 L3·A@-74 R1·A@-74 R2Tr@-- R3·A@-61 罐=无罐 泵=0 阀=111101 速=+0,+0,+0.00 电=7.61V/3.09A/峰3.66 补余=0.0 IO错=0 倾+0.0 自动2/3
[  233.148] EVT 相位 R2 transfer→hover
[  233.225] EVT 泵 开 最差盘压-59.9
[  233.317] TLM t= 145.8 L1·A@-72 L2·A@-64 L3·A@-74 R1·A@-74 R2Hr@-- R3·A@-60 罐=无罐 泵=1 阀=111101 速=+0,+0,+0.00 电=7.62V/2.93A/峰3.66 补余=0.0 IO错=0 倾+0.0 自动2/3
[  233.817] TLM t= 145.8 L1·A@-72 L2·A@-72 L3·A@-74 R1·A@-74 R2Hr@-- R3·A@-71 罐=无罐 泵=1 阀=111101 速=+0,+0,+0.00 电=7.62V/3.01A/峰3.66 补余=0.0 IO错=0 倾+0.0 自动2/3
[  234.110] EVT 泵 停 最差盘压-75.2
[  234.150] EVT 落地：R2
[  234.171] EVT 相位 R2 hover→descend
[  234.340] TLM t= 145.8 L1·A@-76 L2·A@-76 L3·A@-76 R1·A@-76 R2Dr@-- R3·A@-76 罐=无罐 泵=0 阀=111101 速=+0,+0,+0.00 电=7.65V/3.01A/峰3.66 补余=0.0 IO错=0 倾+0.0 自动2/3
[  234.653] EVT 相位 R2 descend→press
[  234.846] TLM t= 145.8 L1·A@-76 L2·A@-76 L3·A@-76 R1·A@-76 R2Pr@-- R3·A@-76 罐=无罐 泵=0 阀=111101 速=+0,+0,+0.00 电=7.64V/3.09A/峰3.66 补余=0.0 IO错=0 倾+0.0 自动2/3
[  235.361] TLM t= 145.8 L1·A@-76 L2·A@-75 L3·A@-76 R1·A@-76 R2Pr@-- R3·A@-75 罐=无罐 泵=0 阀=111101 速=+0,+0,+0.00 电=7.63V/3.26A/峰3.66 补余=0.0 IO错=0 倾+0.0 自动2/3
[  235.856] EVT 吸附 R2 released→pressing 在态4.06s 0.0kPa
[  235.857] EVT 相位 R2 press→wait
[  235.865] TLM t= 145.8 L1·A@-76 L2·A@-75 L3·A@-76 R1·A@-76 R2Wp@-- R3·A@-74 罐=无罐 泵=0 阀=111101 速=+0,+0,+0.00 电=7.65V/3.17A/峰3.66 补余=0.0 IO错=0 倾+0.0 自动2/3
[  236.157] EVT 吸附 R2 pressing→sucking 在态0.30s 0.0kPa
[  236.158] EVT 阀 R2 →抽气位
[  236.178] EVT 泵 开 最差盘压-73.8
[  236.367] TLM t= 145.8 L1·A@-76 L2·A@-74 L3·A@-76 R1·A@-76 R2Ws@-66 R3·A@-74 罐=无罐 泵=1 阀=111111 速=+0,+0,+0.00 电=7.61V/2.93A/峰3.66 补余=0.0 IO错=0 倾+0.0 自动2/3
[  236.438] EVT 吸附 R2 sucking→attached 在态0.28s -67.6kPa
[  236.438] EVT 相位 R2 wait→stance
[  236.438] EVT 抬落完成，轮到 L3
[  236.870] TLM t= 146.2 L1·A@-76 L2·A@-75 L3·A@-76 R1·A@-75 R2·A@-75 R3·A@-75 罐=无罐 泵=1 阀=111111 速=+0,+0,+0.00 电=7.63V/3.17A/峰3.66 补余=0.0 IO错=0 倾+0.0 自动2/3
[  236.900] EVT 泵 停 最差盘压-75.3
[  237.370] TLM t= 146.7 L1·A@-76 L2·A@-76 L3·A@-76 R1·A@-75 R2·A@-75 R3·A@-75 罐=无罐 泵=0 阀=111111 速=+0,+0,+0.00 电=7.62V/2.85A/峰3.66 补余=0.0 IO错=0 倾+0.0 自动2/3
[  237.876] TLM t= 147.2 L1·A@-76 L2·A@-75 L3·A@-76 R1·A@-75 R2·A@-74 R3·A@-75 罐=无罐 泵=0 阀=111111 速=+0,+0,+0.00 电=7.65V/3.09A/峰3.66 补余=0.0 IO错=0 倾+0.0 自动2/3
[  238.371] TLM t= 147.7 L1·A@-76 L2·A@-75 L3·A@-76 R1·A@-75 R2·A@-73 R3·A@-74 罐=无罐 泵=0 阀=111111 速=+0,+0,+0.00 电=7.66V/3.09A/峰3.66 补余=0.0 IO错=0 倾+0.0 自动2/3
[  238.875] TLM t= 148.2 L1·A@-76 L2·A@-74 L3·A@-76 R1·A@-75 R2·A@-73 R3·A@-74 罐=无罐 泵=0 阀=111111 速=+0,+0,+0.00 电=7.65V/3.17A/峰3.66 补余=0.0 IO错=0 倾+0.0 自动2/3
[  239.376] TLM t= 148.7 L1·A@-76 L2·A@-74 L3·A@-76 R1·A@-75 R2·A@-72 R3·A@-73 罐=无罐 泵=0 阀=111111 速=+0,+0,+0.00 电=7.64V/3.09A/峰3.66 补余=0.0 IO错=0 倾+0.0 自动2/3
[  239.878] TLM t= 149.2 L1·A@-75 L2·A@-73 L3·A@-76 R1·A@-75 R2·A@-72 R3·A@-72 罐=无罐 泵=0 阀=111111 速=+0,+0,+0.00 电=7.65V/3.01A/峰3.66 补余=0.0 IO错=0 倾+0.0 自动2/3
[  240.382] TLM t= 149.7 L1·A@-75 L2·A@-73 L3·A@-76 R1·A@-75 R2·A@-72 R3·A@-72 罐=无罐 泵=0 阀=111111 速=+0,+0,+0.00 电=7.65V/3.01A/峰3.66 补余=0.0 IO错=0 倾+0.0 自动2/3
[  240.883] TLM t= 150.2 L1·A@-75 L2·A@-73 L3·A@-76 R1·A@-75 R2·A@-71 R3·A@-71 罐=无罐 泵=0 阀=111111 速=+0,+0,+0.00 电=7.66V/3.09A/峰3.66 补余=0.0 IO错=0 倾+0.0 自动2/3
[  241.385] TLM t= 150.7 L1·A@-75 L2·A@-72 L3·A@-75 R1·A@-75 R2·A@-71 R3·A@-71 罐=无罐 泵=0 阀=111111 速=+0,+0,+0.00 电=7.66V/3.09A/峰3.66 补余=0.0 IO错=0 倾+0.0 自动2/3
[  241.905] TLM t= 151.2 L1·A@-75 L2·A@-72 L3·A@-75 R1·A@-75 R2·A@-70 R3·A@-70 罐=无罐 泵=0 阀=111111 速=+0,+0,+0.00 电=7.65V/3.01A/峰3.66 补余=0.0 IO错=0 倾+0.0 自动2/3
[  242.406] TLM t= 151.7 L1·A@-75 L2·A@-71 L3·A@-75 R1·A@-75 R2·A@-70 R3·A@-69 罐=无罐 泵=0 阀=111111 速=+0,+0,+0.00 电=7.66V/3.01A/峰3.66 补余=0.0 IO错=0 倾+0.0 自动2/3
[  242.924] TLM t= 152.2 L1·A@-75 L2·A@-71 L3·A@-75 R1·A@-75 R2·A@-70 R3·A@-69 罐=无罐 泵=0 阀=111111 速=+0,+0,+0.00 电=7.66V/3.09A/峰3.66 补余=0.0 IO错=0 倾+0.0 自动2/3
[  243.421] TLM t= 152.7 L1·A@-75 L2·A@-70 L3·A@-75 R1·A@-75 R2·A@-69 R3·A@-68 罐=无罐 泵=0 阀=111111 速=+0,+0,+0.00 电=7.66V/2.93A/峰3.66 补余=0.0 IO错=0 倾+0.0 自动2/3
[  243.943] TLM t= 153.2 L1·A@-75 L2·A@-70 L3·A@-75 R1·A@-75 R2·A@-69 R3·A@-68 罐=无罐 泵=0 阀=111111 速=+0,+0,+0.00 电=7.65V/3.09A/峰3.66 补余=0.0 IO错=0 倾+0.0 自动2/3
[  244.448] TLM t= 153.7 L1·A@-75 L2·A@-70 L3·A@-75 R1·A@-75 R2·A@-68 R3·A@-67 罐=无罐 泵=0 阀=111111 速=+0,+0,+0.00 电=7.64V/3.26A/峰3.66 补余=0.0 IO错=0 倾+0.0 自动2/3
[  244.973] TLM t= 154.3 L1·A@-74 L2·A@-69 L3·A@-75 R1·A@-75 R2·A@-68 R3·A@-66 罐=无罐 泵=0 阀=111111 速=+0,+0,+0.00 电=7.66V/3.17A/峰3.66 补余=0.0 IO错=0 倾+0.0 自动2/3
[  245.473] TLM t= 154.8 L1·A@-74 L2·A@-69 L3·A@-75 R1·A@-75 R2·A@-68 R3·A@-66 罐=无罐 泵=0 阀=111111 速=+0,+0,+0.00 电=7.66V/3.01A/峰3.66 补余=0.0 IO错=0 倾+0.0 自动2/3
[  245.997] TLM t= 155.3 L1·A@-74 L2·A@-68 L3·A@-75 R1·A@-75 R2·A@-67 R3·A@-65 罐=无罐 泵=0 阀=111111 速=+0,+0,+0.00 电=7.63V/3.01A/峰3.66 补余=0.0 IO错=0 倾+0.0 自动2/3
[  246.471] EVT 原地抬起受理：L3
[  246.491] EVT 相位 L3 stance→handover
[  246.501] TLM t= 156.6 L1·A@-74 L2·A@-68 L3ZA@-75 R1·A@-74 R2·A@-67 R3·A@-65 罐=无罐 泵=0 阀=111111 速=+0,+0,+0.00 电=7.65V/3.01A/峰3.66 补余=0.0 IO错=0 倾+0.0 自动2/3
[  247.021] TLM t= 157.1 L1·A@-74 L2·A@-67 L3ZA@-75 R1·A@-74 R2·A@-67 R3·A@-64 罐=无罐 泵=0 阀=111111 速=+0,+0,+0.00 电=7.67V/2.60A/峰3.66 补余=0.0 IO错=0 倾+0.0 自动2/3
[  247.525] TLM t= 157.2 L1·A@-74 L2·A@-67 L3ZA@-75 R1·A@-74 R2·A@-66 R3·A@-63 罐=无罐 泵=0 阀=111111 速=+0,+0,+0.00 电=7.68V/2.52A/峰3.66 补余=0.0 IO错=0 倾+0.0 自动2/3
[  248.046] TLM t= 157.2 L1·A@-74 L2·A@-67 L3ZA@-75 R1·A@-74 R2·A@-66 R3·A@-63 罐=无罐 泵=0 阀=111111 速=+0,+0,+0.00 电=7.66V/2.77A/峰3.66 补余=0.0 IO错=0 倾+0.0 自动2/3
[  248.552] TLM t= 157.2 L1·A@-74 L2·A@-66 L3ZA@-75 R1·A@-74 R2·A@-66 R3·A@-62 罐=无罐 泵=0 阀=111111 速=+0,+0,+0.00 电=7.64V/2.77A/峰3.66 补余=0.0 IO错=0 倾+0.0 自动2/3
[  249.075] TLM t= 157.2 L1·A@-74 L2·A@-66 L3ZA@-75 R1·A@-74 R2·A@-65 R3·A@-62 罐=无罐 泵=0 阀=111111 速=+0,+0,+0.00 电=7.65V/3.09A/峰3.66 补余=0.0 IO错=0 倾+0.0 自动2/3
[  249.386] EVT 吸附 L3 attached→venting 在态110.12s -74.6kPa
[  249.386] EVT 相位 L3 handover→vent 落点Δ(+0.0,+0.0)
[  249.399] EVT 阀 L3 →排气位
[  249.592] TLM t= 157.2 L1·A@-74 L2·A@-65 L3Vv@-75 R1·A@-74 R2·A@-65 R3·A@-61 罐=无罐 泵=0 阀=110111 速=+0,+0,+0.00 电=7.66V/2.85A/峰3.66 补余=0.0 IO错=0 倾+0.0 自动2/3
[  249.685] EVT 相位 L3 vent→lift
[  249.808] EVT 吸附 L3 venting→released 在态0.42s 0.1kPa
[  250.096] TLM t= 157.2 L1·A@-74 L2·A@-65 L3Lr@-- R1·A@-74 R2·A@-64 R3·A@-61 罐=无罐 泵=0 阀=110111 速=+0,+0,+0.00 电=7.61V/2.93A/峰3.66 补余=0.0 IO错=0 倾+0.0 自动2/3
[  250.527] EVT 相位 L3 lift→transfer
[  250.587] EVT 泵 开 最差盘压-60.0
[  250.615] TLM t= 157.2 L1·A@-74 L2·A@-65 L3Tr@-- R1·A@-74 R2·A@-64 R3·A@-60 罐=无罐 泵=1 阀=110111 速=+0,+0,+0.00 电=7.49V/3.01A/峰3.66 补余=0.0 IO错=0 倾+0.0 自动2/3
[  251.123] TLM t= 157.2 L1·A@-73 L2·A@-70 L3Tr@-- R1·A@-74 R2·A@-71 R3·A@-70 罐=无罐 泵=1 阀=110111 速=+0,+0,+0.00 电=7.55V/3.01A/峰3.66 补余=0.0 IO错=0 倾+0.0 自动2/3
[  251.145] EVT 相位 L3 transfer→hover
[  251.474] EVT 泵 停 最差盘压-75.0
[  251.634] TLM t= 157.2 L1·A@-76 L2·A@-76 L3Hr@-- R1·A@-76 R2·A@-76 R3·A@-76 罐=无罐 泵=0 阀=110111 速=+0,+0,+0.00 电=7.65V/2.93A/峰3.66 补余=0.0 IO错=0 倾+0.0 自动2/3
[  252.148] TLM t= 157.2 L1·A@-76 L2·A@-76 L3Hr@-- R1·A@-75 R2·A@-75 R3·A@-75 罐=无罐 泵=0 阀=110111 速=+0,+0,+0.00 电=7.65V/3.01A/峰3.66 补余=0.0 IO错=0 倾+0.0 自动2/3
[  252.153] EVT 落地：L3
[  252.168] EVT 相位 L3 hover→descend
[  252.649] EVT 相位 L3 descend→press
[  252.660] TLM t= 157.2 L1·A@-76 L2·A@-75 L3Pr@-- R1·A@-75 R2·A@-75 R3·A@-75 罐=无罐 泵=0 阀=110111 速=+0,+0,+0.00 电=7.64V/2.93A/峰3.66 补余=0.0 IO错=0 倾+0.0 自动2/3
[  253.168] TLM t= 157.2 L1·A@-76 L2·A@-75 L3Pr@-- R1·A@-75 R2·A@-74 R3·A@-74 罐=无罐 泵=0 阀=110111 速=+0,+0,+0.00 电=7.66V/3.01A/峰3.66 补余=0.0 IO错=0 倾+0.0 自动2/3
[  253.683] TLM t= 157.2 L1·A@-76 L2·A@-74 L3Pr@-- R1·A@-75 R2·A@-74 R3·A@-73 罐=无罐 泵=0 阀=110111 速=+0,+0,+0.00 电=7.65V/2.69A/峰3.66 补余=0.0 IO错=0 倾+0.0 自动2/3
[  253.853] EVT 吸附 L3 released→pressing 在态4.04s 0.1kPa
[  253.854] EVT 相位 L3 press→wait
[  254.154] EVT 吸附 L3 pressing→sucking 在态0.30s 0.1kPa
[  254.155] EVT 阀 L3 →抽气位
[  254.182] EVT 泵 开 最差盘压-72.9
[  254.188] TLM t= 157.2 L1·A@-76 L2·A@-74 L3Ws@-13 R1·A@-75 R2·A@-74 R3·A@-73 罐=无罐 泵=1 阀=111111 速=+0,+0,+0.00 电=7.51V/2.85A/峰3.66 补余=0.0 IO错=0 倾+0.0 自动2/3
[  254.437] EVT 吸附 L3 sucking→attached 在态0.28s -53.8kPa
[  254.443] EVT 相位 L3 wait→stance
[  254.443] EVT 抬落完成，轮到 R1
[  254.694] TLM t= 157.4 L1·A@-76 L2·A@-73 L3·A@-68 R1·A@-75 R2·A@-73 R3·A@-72 罐=无罐 泵=1 阀=111111 速=+0,+0,+0.00 电=7.59V/2.93A/峰3.66 补余=0.0 IO错=0 倾+0.0 自动2/3
[  255.148] EVT 泵 停 最差盘压-75.6
[  255.218] TLM t= 158.0 L1·A@-77 L2·A@-77 L3·A@-77 R1·A@-76 R2·A@-77 R3·A@-77 罐=无罐 泵=0 阀=111111 速=+0,+0,+0.00 电=7.64V/2.77A/峰3.66 补余=0.0 IO错=0 倾+0.0 自动2/3
[  255.720] TLM t= 158.5 L1·A@-77 L2·A@-77 L3·A@-77 R1·A@-76 R2·A@-76 R3·A@-76 罐=无罐 泵=0 阀=111111 速=+0,+0,+0.00 电=7.66V/2.93A/峰3.66 补余=0.0 IO错=0 倾+0.0 自动2/3
[  256.248] TLM t= 159.0 L1·A@-77 L2·A@-76 L3·A@-76 R1·A@-76 R2·A@-76 R3·A@-76 罐=无罐 泵=0 阀=111111 速=+0,+0,+0.00 电=7.65V/2.85A/峰3.66 补余=0.0 IO错=0 倾+0.0 自动2/3
[  256.745] TLM t= 159.5 L1·A@-77 L2·A@-76 L3·A@-76 R1·A@-76 R2·A@-75 R3·A@-75 罐=无罐 泵=0 阀=111111 速=+0,+0,+0.00 电=7.65V/2.85A/峰3.66 补余=0.0 IO错=0 倾+0.0 自动2/3
[  257.267] TLM t= 160.0 L1·A@-76 L2·A@-75 L3·A@-76 R1·A@-76 R2·A@-75 R3·A@-74 罐=无罐 泵=0 阀=111111 速=+0,+0,+0.00 电=7.65V/2.93A/峰3.66 补余=0.0 IO错=0 倾+0.0 自动2/3
[  257.772] TLM t= 160.5 L1·A@-76 L2·A@-75 L3·A@-76 R1·A@-76 R2·A@-74 R3·A@-74 罐=无罐 泵=0 阀=111111 速=+0,+0,+0.00 电=7.66V/3.17A/峰3.66 补余=0.0 IO错=0 倾+0.0 自动2/3
[  258.295] TLM t= 161.0 L1·A@-76 L2·A@-74 L3·A@-76 R1·A@-76 R2·A@-74 R3·A@-73 罐=无罐 泵=0 阀=111111 速=+0,+0,+0.00 电=7.65V/2.69A/峰3.66 补余=0.0 IO错=0 倾+0.0 自动2/3
[  258.797] TLM t= 161.5 L1·A@-76 L2·A@-74 L3·A@-76 R1·A@-76 R2·A@-73 R3·A@-72 罐=无罐 泵=0 阀=111111 速=+0,+0,+0.00 电=7.65V/2.85A/峰3.66 补余=0.0 IO错=0 倾+0.0 自动2/3
[  259.322] TLM t= 162.0 L1·A@-76 L2·A@-73 L3·A@-76 R1·A@-76 R2·A@-73 R3·A@-72 罐=无罐 泵=0 阀=111111 速=+0,+0,+0.00 电=7.65V/2.93A/峰3.66 补余=0.0 IO错=0 倾+0.0 自动2/3
[  259.822] TLM t= 162.5 L1·A@-76 L2·A@-73 L3·A@-76 R1·A@-75 R2·A@-73 R3·A@-71 罐=无罐 泵=0 阀=111111 速=+0,+0,+0.00 电=7.67V/2.93A/峰3.66 补余=0.0 IO错=0 倾+0.0 自动2/3
[  260.343] TLM t= 163.1 L1·A@-76 L2·A@-72 L3·A@-75 R1·A@-75 R2·A@-72 R3·A@-71 罐=无罐 泵=0 阀=111111 速=+0,+0,+0.00 电=7.66V/2.69A/峰3.66 补余=0.0 IO错=0 倾+0.0 自动2/3
[  260.845] TLM t= 163.6 L1·A@-76 L2·A@-72 L3·A@-75 R1·A@-75 R2·A@-72 R3·A@-70 罐=无罐 泵=0 阀=111111 速=+0,+0,+0.00 电=7.68V/2.77A/峰3.66 补余=0.0 IO错=0 倾+0.0 自动2/3
[  261.370] TLM t= 164.1 L1·A@-76 L2·A@-71 L3·A@-75 R1·A@-75 R2·A@-72 R3·A@-69 罐=无罐 泵=0 阀=111111 速=+0,+0,+0.00 电=7.64V/2.77A/峰3.66 补余=0.0 IO错=0 倾+0.0 自动2/3
[  261.872] TLM t= 164.6 L1·A@-76 L2·A@-71 L3·A@-75 R1·A@-75 R2·A@-71 R3·A@-69 罐=无罐 泵=0 阀=111111 速=+0,+0,+0.00 电=7.65V/3.09A/峰3.66 补余=0.0 IO错=0 倾+0.0 自动2/3
[  262.398] TLM t= 165.1 L1·A@-76 L2·A@-71 L3·A@-75 R1·A@-75 R2·A@-71 R3·A@-68 罐=无罐 泵=0 阀=111111 速=+0,+0,+0.00 电=7.67V/2.69A/峰3.66 补余=0.0 IO错=0 倾+0.0 自动2/3
[  262.897] TLM t= 165.6 L1·A@-75 L2·A@-70 L3·A@-75 R1·A@-75 R2·A@-70 R3·A@-68 罐=无罐 泵=0 阀=111111 速=+0,+0,+0.00 电=7.66V/2.85A/峰3.66 补余=0.0 IO错=0 倾+0.0 自动2/3
[  263.421] TLM t= 166.1 L1·A@-75 L2·A@-70 L3·A@-75 R1·A@-75 R2·A@-70 R3·A@-67 罐=无罐 泵=0 阀=111111 速=+0,+0,+0.00 电=7.67V/2.93A/峰3.66 补余=0.0 IO错=0 倾+0.0 自动2/3
[  263.925] TLM t= 166.6 L1·A@-75 L2·A@-69 L3·A@-75 R1·A@-75 R2·A@-70 R3·A@-66 罐=无罐 泵=0 阀=111111 速=+0,+0,+0.00 电=7.66V/2.93A/峰3.66 补余=0.0 IO错=0 倾+0.0 自动2/3
[  264.447] TLM t= 167.1 L1·A@-75 L2·A@-69 L3·A@-75 R1·A@-75 R2·A@-69 R3·A@-66 罐=无罐 泵=0 阀=111111 速=+0,+0,+0.00 电=7.65V/2.77A/峰3.66 补余=0.0 IO错=0 倾+0.0 自动2/3
[  264.472] EVT 原地抬起受理：R1
[  264.500] EVT 相位 R1 stance→handover
[  264.951] TLM t= 168.5 L1·A@-75 L2·A@-68 L3·A@-75 R1ZA@-75 R2·A@-69 R3·A@-65 罐=无罐 泵=0 阀=111111 速=+0,+0,+0.00 电=7.67V/2.28A/峰3.66 补余=0.0 IO错=0 倾+0.0 自动2/3
[  265.474] TLM t= 168.6 L1·A@-75 L2·A@-68 L3·A@-75 R1ZA@-75 R2·A@-69 R3·A@-65 罐=无罐 泵=0 阀=111111 速=+0,+0,+0.00 电=7.70V/2.12A/峰3.66 补余=0.0 IO错=0 倾+0.0 自动2/3
[  265.975] TLM t= 168.6 L1·A@-75 L2·A@-68 L3·A@-75 R1ZA@-75 R2·A@-68 R3·A@-64 罐=无罐 泵=0 阀=111111 速=+0,+0,+0.00 电=7.69V/2.20A/峰3.66 补余=0.0 IO错=0 倾+0.0 自动2/3
[  266.496] TLM t= 168.6 L1·A@-75 L2·A@-67 L3·A@-75 R1ZA@-75 R2·A@-68 R3·A@-64 罐=无罐 泵=0 阀=111111 速=+0,+0,+0.00 电=7.70V/2.20A/峰3.66 补余=0.0 IO错=0 倾+0.0 自动2/3
[  267.003] TLM t= 168.6 L1·A@-75 L2·A@-67 L3·A@-75 R1ZA@-74 R2·A@-67 R3·A@-63 罐=无罐 泵=0 阀=111111 速=+0,+0,+0.00 电=7.71V/2.12A/峰3.66 补余=0.0 IO错=0 倾+0.0 自动2/3
[  267.502] TLM t= 168.6 L1·A@-75 L2·A@-66 L3·A@-74 R1ZA@-74 R2·A@-67 R3·A@-63 罐=无罐 泵=0 阀=111111 速=+0,+0,+0.00 电=7.66V/2.28A/峰3.66 补余=0.0 IO错=0 倾+0.0 自动2/3
[  267.792] EVT 吸附 R1 attached→venting 在态110.08s -74.4kPa
[  267.793] EVT 相位 R1 handover→vent 落点Δ(+0.0,+0.0)
[  267.818] EVT 阀 R1 →排气位
[  268.007] TLM t= 168.6 L1·A@-75 L2·A@-66 L3·A@-74 R1Vv@-74 R2·A@-67 R3·A@-62 罐=无罐 泵=0 阀=111011 速=+0,+0,+0.00 电=7.64V/2.85A/峰3.66 补余=0.0 IO错=0 倾+0.0 自动2/3
[  268.094] EVT 相位 R1 vent→lift
[  268.216] EVT 吸附 R1 venting→released 在态0.42s -0.0kPa
[  268.513] TLM t= 168.6 L1·A@-75 L2·A@-66 L3·A@-74 R1Lr@-- R2·A@-66 R3·A@-61 罐=无罐 泵=0 阀=111011 速=+0,+0,+0.00 电=7.65V/2.93A/峰3.66 补余=0.0 IO错=0 倾+0.0 自动2/3
[  268.936] EVT 相位 R1 lift→transfer
[  269.029] TLM t= 168.6 L1·A@-75 L2·A@-65 L3·A@-74 R1Tr@-- R2·A@-66 R3·A@-61 罐=无罐 泵=0 阀=111011 速=+0,+0,+0.00 电=7.62V/3.50A/峰3.66 补余=0.0 IO错=0 倾+0.0 自动2/3
[  269.534] TLM t= 168.6 L1·A@-75 L2·A@-65 L3·A@-74 R1Tr@-- R2·A@-66 R3·A@-60 罐=无罐 泵=0 阀=111011 速=+0,+0,+0.00 电=7.63V/2.93A/峰3.66 补余=0.0 IO错=0 倾+0.0 自动2/3
[  269.563] EVT 相位 R1 transfer→hover
[  269.886] EVT 泵 开 最差盘压-59.9
[  270.053] TLM t= 168.6 L1·A@-74 L2·A@-64 L3·A@-74 R1Hr@-- R2·A@-65 R3·A@-60 罐=无罐 泵=1 阀=111011 速=+0,+0,+0.00 电=7.62V/2.52A/峰3.66 补余=0.0 IO错=0 倾+0.0 自动2/3
[  270.557] TLM t= 168.6 L1·A@-74 L2·A@-73 L3·A@-74 R1Hr@-- R2·A@-73 R3·A@-73 罐=无罐 泵=1 阀=111011 速=+0,+0,+0.00 电=7.60V/2.69A/峰3.66 补余=0.0 IO错=0 倾+0.0 自动2/3
[  270.586] EVT 落地：R1
[  270.608] EVT 相位 R1 hover→descend
[  270.729] EVT 泵 停 最差盘压-75.1
[  271.075] TLM t= 168.6 L1·A@-76 L2·A@-76 L3·A@-76 R1Dr@-- R2·A@-75 R3·A@-75 罐=无罐 泵=0 阀=111011 速=+0,+0,+0.00 电=7.64V/2.77A/峰3.66 补余=0.0 IO错=0 倾+0.0 自动2/3
[  271.090] EVT 相位 R1 descend→press
[  271.579] TLM t= 168.6 L1·A@-76 L2·A@-75 L3·A@-76 R1Pr@-- R2·A@-75 R3·A@-75 罐=无罐 泵=0 阀=111011 速=+0,+0,+0.00 电=7.65V/2.69A/峰3.66 补余=0.0 IO错=0 倾+0.0 自动2/3
[  272.105] TLM t= 168.6 L1·A@-76 L2·A@-75 L3·A@-76 R1Pr@-- R2·A@-74 R3·A@-74 罐=无罐 泵=0 阀=111011 速=+0,+0,+0.00 电=7.65V/2.69A/峰3.66 补余=0.0 IO错=0 倾+0.0 自动2/3
[  272.300] EVT 吸附 R1 released→pressing 在态4.06s -0.0kPa
[  272.300] EVT 相位 R1 press→wait
[  272.600] EVT 吸附 R1 pressing→sucking 在态0.30s -0.0kPa
[  272.601] EVT 阀 R1 →抽气位
[  272.612] TLM t= 168.6 L1·A@-75 L2·A@-74 L3·A@-76 R1Ws@-0 R2·A@-74 R3·A@-73 罐=无罐 泵=0 阀=111111 速=+0,+0,+0.00 电=7.64V/2.77A/峰3.66 补余=0.0 IO错=0 倾+0.0 自动2/3
[  272.616] EVT 泵 开 最差盘压-73.4
[  272.939] EVT 吸附 R1 sucking→attached 在态0.34s -66.0kPa
[  272.939] EVT 相位 R1 wait→stance
[  272.939] EVT 抬落完成，轮到 L2
[  273.127] TLM t= 168.8 L1·A@-75 L2·A@-74 L3·A@-75 R1·A@-72 R2·A@-73 R3·A@-73 罐=无罐 泵=1 阀=111111 速=+0,+0,+0.00 电=7.62V/2.44A/峰3.66 补余=0.0 IO错=0 倾+0.0 自动2/3
[  273.338] EVT 泵 停 最差盘压-75.2
[  273.637] TLM t= 169.3 L1·A@-76 L2·A@-76 L3·A@-76 R1·A@-76 R2·A@-76 R3·A@-76 罐=无罐 泵=0 阀=111111 速=+0,+0,+0.00 电=7.67V/2.52A/峰3.66 补余=0.0 IO错=0 倾+0.0 自动2/3
[  274.156] TLM t= 169.8 L1·A@-76 L2·A@-76 L3·A@-76 R1·A@-76 R2·A@-75 R3·A@-75 罐=无罐 泵=0 阀=111111 速=+0,+0,+0.00 电=7.68V/2.52A/峰3.66 补余=0.0 IO错=0 倾+0.0 自动2/3
[  274.662] TLM t= 170.3 L1·A@-76 L2·A@-75 L3·A@-76 R1·A@-75 R2·A@-75 R3·A@-75 罐=无罐 泵=0 阀=111111 速=+0,+0,+0.00 电=7.65V/2.69A/峰3.66 补余=0.0 IO错=0 倾+0.0 自动2/3
[  275.178] TLM t= 170.8 L1·A@-76 L2·A@-75 L3·A@-76 R1·A@-75 R2·A@-75 R3·A@-74 罐=无罐 泵=0 阀=111111 速=+0,+0,+0.00 电=7.67V/2.69A/峰3.66 补余=0.0 IO错=0 倾+0.0 自动2/3
[  275.681] TLM t= 171.3 L1·A@-76 L2·A@-74 L3·A@-76 R1·A@-75 R2·A@-74 R3·A@-74 罐=无罐 泵=0 阀=111111 速=+0,+0,+0.00 电=7.68V/2.52A/峰3.66 补余=0.0 IO错=0 倾+0.0 自动2/3
[  276.203] TLM t= 171.8 L1·A@-76 L2·A@-74 L3·A@-76 R1·A@-75 R2·A@-74 R3·A@-73 罐=无罐 泵=0 阀=111111 速=+0,+0,+0.00 电=7.66V/2.60A/峰3.66 补余=0.0 IO错=0 倾+0.0 自动2/3
[  276.704] TLM t= 172.3 L1·A@-76 L2·A@-74 L3·A@-76 R1·A@-75 R2·A@-73 R3·A@-72 罐=无罐 泵=0 阀=111111 速=+0,+0,+0.00 电=7.66V/2.44A/峰3.66 补余=0.0 IO错=0 倾+0.0 自动2/3
[  277.228] TLM t= 172.9 L1·A@-76 L2·A@-73 L3·A@-76 R1·A@-75 R2·A@-73 R3·A@-72 罐=无罐 泵=0 阀=111111 速=+0,+0,+0.00 电=7.66V/2.60A/峰3.66 补余=0.0 IO错=0 倾+0.0 自动2/3
[  277.736] TLM t= 173.4 L1·A@-76 L2·A@-73 L3·A@-76 R1·A@-75 R2·A@-73 R3·A@-71 罐=无罐 泵=0 阀=111111 速=+0,+0,+0.00 电=7.66V/2.52A/峰3.66 补余=0.0 IO错=0 倾+0.0 自动2/3
[  278.249] TLM t= 173.9 L1·A@-76 L2·A@-72 L3·A@-76 R1·A@-75 R2·A@-72 R3·A@-71 罐=无罐 泵=0 阀=111111 速=+0,+0,+0.00 电=7.67V/2.60A/峰3.66 补余=0.0 IO错=0 倾+0.0 自动2/3
[  278.758] TLM t= 174.4 L1·A@-75 L2·A@-72 L3·A@-76 R1·A@-75 R2·A@-72 R3·A@-70 罐=无罐 泵=0 阀=111111 速=+0,+0,+0.00 电=7.68V/2.77A/峰3.66 补余=0.0 IO错=0 倾+0.0 自动2/3
[  279.277] TLM t= 174.9 L1·A@-75 L2·A@-71 L3·A@-76 R1·A@-75 R2·A@-71 R3·A@-69 罐=无罐 泵=0 阀=111111 速=+0,+0,+0.00 电=7.66V/2.69A/峰3.66 补余=0.0 IO错=0 倾+0.0 自动2/3
[  279.780] TLM t= 175.4 L1·A@-75 L2·A@-71 L3·A@-76 R1·A@-75 R2·A@-71 R3·A@-69 罐=无罐 泵=0 阀=111111 速=+0,+0,+0.00 电=7.68V/2.69A/峰3.66 补余=0.0 IO错=0 倾+0.0 自动2/3
[  280.301] TLM t= 175.9 L1·A@-75 L2·A@-70 L3·A@-76 R1·A@-75 R2·A@-71 R3·A@-68 罐=无罐 泵=0 阀=111111 速=+0,+0,+0.00 电=7.66V/2.52A/峰3.66 补余=0.0 IO错=0 倾+0.0 自动2/3
[  280.808] TLM t= 176.4 L1·A@-75 L2·A@-70 L3·A@-76 R1·A@-75 R2·A@-70 R3·A@-67 罐=无罐 泵=0 阀=111111 速=+0,+0,+0.00 电=7.66V/2.60A/峰3.66 补余=0.0 IO错=0 倾+0.0 自动2/3
[  281.328] TLM t= 176.9 L1·A@-75 L2·A@-70 L3·A@-75 R1·A@-74 R2·A@-70 R3·A@-67 罐=无罐 泵=0 阀=111111 速=+0,+0,+0.00 电=7.67V/2.60A/峰3.66 补余=0.0 IO错=0 倾+0.0 自动2/3
[  281.831] TLM t= 177.4 L1·A@-75 L2·A@-69 L3·A@-75 R1·A@-74 R2·A@-70 R3·A@-66 罐=无罐 泵=0 阀=111111 速=+0,+0,+0.00 电=7.66V/2.69A/峰3.66 补余=0.0 IO错=0 倾+0.0 自动2/3
[  282.351] TLM t= 178.0 L1·A@-75 L2·A@-69 L3·A@-75 R1·A@-74 R2·A@-69 R3·A@-66 罐=无罐 泵=0 阀=111111 速=+0,+0,+0.00 电=7.66V/2.60A/峰3.66 补余=0.0 IO错=0 倾+0.0 自动2/3
[  282.854] TLM t= 178.5 L1·A@-75 L2·A@-68 L3·A@-75 R1·A@-74 R2·A@-69 R3·A@-65 罐=无罐 泵=0 阀=111111 速=+0,+0,+0.00 电=7.66V/2.69A/峰3.66 补余=0.0 IO错=0 倾+0.0 自动2/3
[  282.968] EVT 原地抬起受理：L2
[  282.983] EVT 相位 L2 stance→handover
[  283.377] TLM t= 179.8 L1·A@-75 L2ZA@-68 L3·A@-75 R1·A@-74 R2·A@-68 R3·A@-64 罐=无罐 泵=0 阀=111111 速=+0,+0,+0.00 电=7.67V/2.60A/峰3.66 补余=0.0 IO错=0 倾+0.0 自动2/3
[  283.878] TLM t= 180.0 L1·A@-75 L2ZA@-67 L3·A@-75 R1·A@-74 R2·A@-68 R3·A@-64 罐=无罐 泵=0 阀=111111 速=+0,+0,+0.00 电=7.67V/2.52A/峰3.66 补余=0.0 IO错=0 倾+0.0 自动2/3
[  284.401] TLM t= 180.0 L1·A@-75 L2ZA@-67 L3·A@-75 R1·A@-74 R2·A@-68 R3·A@-63 罐=无罐 泵=0 阀=111111 速=+0,+0,+0.00 电=7.65V/2.77A/峰3.66 补余=0.0 IO错=0 倾+0.0 自动2/3
[  284.903] TLM t= 180.0 L1·A@-74 L2ZA@-67 L3·A@-75 R1·A@-74 R2·A@-67 R3·A@-62 罐=无罐 泵=0 阀=111111 速=+0,+0,+0.00 电=7.66V/2.77A/峰3.66 补余=0.0 IO错=0 倾+0.0 自动2/3
[  285.376] EVT 吸附 L2 attached→venting 在态110.16s -66.1kPa
[  285.377] EVT 相位 L2 handover→vent 落点Δ(+0.0,+0.0)
[  285.392] EVT 阀 L2 →排气位
[  285.423] TLM t= 180.0 L1·A@-74 L2Vv@-66 L3·A@-75 R1·A@-74 R2·A@-67 R3·A@-62 罐=无罐 泵=0 阀=101111 速=+0,+0,+0.00 电=7.62V/3.17A/峰3.66 补余=0.0 IO错=0 倾+0.0 自动2/3
[  285.675] EVT 相位 L2 vent→lift
[  285.798] EVT 吸附 L2 venting→released 在态0.42s 0.4kPa
[  285.924] TLM t= 180.0 L1·A@-74 L2Lr@-- L3·A@-75 R1·A@-74 R2·A@-67 R3·A@-61 罐=无罐 泵=0 阀=101111 速=+0,+0,+0.00 电=7.62V/3.09A/峰3.66 补余=0.0 IO错=0 倾+0.0 自动2/3
[  286.446] TLM t= 180.0 L1·A@-74 L2Lr@-- L3·A@-75 R1·A@-74 R2·A@-66 R3·A@-61 罐=无罐 泵=0 阀=101111 速=+0,+0,+0.00 电=7.59V/3.26A/峰3.66 补余=0.0 IO错=0 倾+0.0 自动2/3
[  286.517] EVT 相位 L2 lift→transfer
[  286.948] TLM t= 180.0 L1·A@-74 L2Tr@-- L3·A@-75 R1·A@-74 R2·A@-66 R3·A@-60 罐=无罐 泵=0 阀=101111 速=+0,+0,+0.00 电=7.64V/3.09A/峰3.66 补余=0.0 IO错=0 倾+0.0 自动2/3
[  287.137] EVT 相位 L2 transfer→hover
[  287.240] EVT 泵 开 最差盘压-59.9
[  287.468] TLM t= 180.0 L1·A@-74 L2Hr@-- L3·A@-75 R1·A@-74 R2·A@-66 R3·A@-60 罐=无罐 泵=1 阀=101111 速=+0,+0,+0.00 电=7.57V/2.93A/峰3.66 补余=0.0 IO错=0 倾+0.0 自动2/3
[  287.970] TLM t= 180.0 L1·A@-75 L2Hr@-- L3·A@-75 R1·A@-74 R2·A@-75 R3·A@-75 罐=无罐 泵=1 阀=101111 速=+0,+0,+0.00 电=7.60V/3.09A/峰3.66 补余=0.0 IO错=0 倾+0.0 自动2/3
[  288.100] EVT 泵 停 最差盘压-75.5
[  288.143] EVT 落地：L2
[  288.161] EVT 相位 L2 hover→descend
[  288.493] TLM t= 180.0 L1·A@-77 L2Dr@-- L3·A@-77 R1·A@-76 R2·A@-76 R3·A@-76 罐=无罐 泵=0 阀=101111 速=+0,+0,+0.00 电=7.62V/3.09A/峰3.66 补余=0.0 IO错=0 倾+0.0 自动2/3
[  288.642] EVT 相位 L2 descend→press
[  288.993] TLM t= 180.0 L1·A@-76 L2Pr@-- L3·A@-76 R1·A@-76 R2·A@-76 R3·A@-75 罐=无罐 泵=0 阀=101111 速=+0,+0,+0.00 电=7.62V/3.01A/峰3.66 补余=0.0 IO错=0 倾+0.0 自动2/3
[  289.517] TLM t= 180.0 L1·A@-76 L2Pr@-- L3·A@-76 R1·A@-76 R2·A@-75 R3·A@-75 罐=无罐 泵=0 阀=101111 速=+0,+0,+0.00 电=7.63V/3.17A/峰3.66 补余=0.0 IO错=0 倾+0.0 自动2/3
[  289.846] EVT 吸附 L2 released→pressing 在态4.04s 0.4kPa
[  289.846] EVT 相位 L2 press→wait
[  290.020] TLM t= 180.0 L1·A@-76 L2Wp@-- L3·A@-76 R1·A@-76 R2·A@-75 R3·A@-74 罐=无罐 泵=0 阀=101111 速=+0,+0,+0.00 电=7.62V/3.09A/峰3.66 补余=0.0 IO错=0 倾+0.0 自动2/3
[  290.169] EVT 吸附 L2 pressing→sucking 在态0.32s 0.4kPa
[  290.169] EVT 阀 L2 →抽气位
[  290.192] EVT 泵 开 最差盘压-73.8
[  290.467] EVT 吸附 L2 sucking→attached 在态0.30s -65.2kPa
[  290.470] EVT 相位 L2 wait→stance
[  290.470] EVT 抬落完成，轮到 R3
[  290.470] EVT 自动轮换：第 2 轮完成
[  290.541] TLM t= 180.1 L1·A@-76 L2·A@-68 L3·A@-76 R1·A@-76 R2·A@-74 R3·A@-73 罐=无罐 泵=1 阀=111111 速=+0,+0,+0.00 电=7.62V/3.01A/峰3.66 补余=0.0 IO错=0 倾+0.0 自动3/3
[  290.855] EVT 泵 停 最差盘压-75.7
[  291.047] TLM t= 180.6 L1·A@-76 L2·A@-76 L3·A@-76 R1·A@-76 R2·A@-76 R3·A@-76 罐=无罐 泵=0 阀=111111 速=+0,+0,+0.00 电=7.64V/3.01A/峰3.66 补余=0.0 IO错=0 倾+0.0 自动3/3
[  291.562] TLM t= 181.1 L1·A@-76 L2·A@-76 L3·A@-76 R1·A@-76 R2·A@-76 R3·A@-76 罐=无罐 泵=0 阀=111111 速=+0,+0,+0.00 电=7.65V/2.93A/峰3.66 补余=0.0 IO错=0 倾+0.0 自动3/3
[  292.069] TLM t= 181.6 L1·A@-76 L2·A@-75 L3·A@-76 R1·A@-76 R2·A@-75 R3·A@-75 罐=无罐 泵=0 阀=111111 速=+0,+0,+0.00 电=7.65V/3.09A/峰3.66 补余=0.0 IO错=0 倾+0.0 自动3/3
[  292.587] TLM t= 182.1 L1·A@-76 L2·A@-75 L3·A@-76 R1·A@-76 R2·A@-75 R3·A@-74 罐=无罐 泵=0 阀=111111 速=+0,+0,+0.00 电=7.62V/3.01A/峰3.66 补余=0.0 IO错=0 倾+0.0 自动3/3
[  293.089] TLM t= 182.6 L1·A@-76 L2·A@-74 L3·A@-76 R1·A@-76 R2·A@-74 R3·A@-73 罐=无罐 泵=0 阀=111111 速=+0,+0,+0.00 电=7.65V/3.01A/峰3.66 补余=0.0 IO错=0 倾+0.0 自动3/3
[  293.614] TLM t= 183.1 L1·A@-76 L2·A@-74 L3·A@-76 R1·A@-75 R2·A@-74 R3·A@-73 罐=无罐 泵=0 阀=111111 速=+0,+0,+0.00 电=7.62V/3.17A/峰3.66 补余=0.0 IO错=0 倾+0.0 自动3/3
[  294.117] TLM t= 183.6 L1·A@-76 L2·A@-73 L3·A@-76 R1·A@-75 R2·A@-74 R3·A@-72 罐=无罐 泵=0 阀=111111 速=+0,+0,+0.00 电=7.63V/3.01A/峰3.66 补余=0.0 IO错=0 倾+0.0 自动3/3
[  294.640] TLM t= 184.1 L1·A@-76 L2·A@-73 L3·A@-76 R1·A@-75 R2·A@-73 R3·A@-71 罐=无罐 泵=0 阀=111111 速=+0,+0,+0.00 电=7.62V/3.09A/峰3.66 补余=0.0 IO错=0 倾+0.0 自动3/3
[  295.145] TLM t= 184.6 L1·A@-76 L2·A@-72 L3·A@-76 R1·A@-75 R2·A@-73 R3·A@-71 罐=无罐 泵=0 阀=111111 速=+0,+0,+0.00 电=7.63V/2.93A/峰3.66 补余=0.0 IO错=0 倾+0.0 自动3/3
[  295.665] TLM t= 185.2 L1·A@-76 L2·A@-72 L3·A@-76 R1·A@-75 R2·A@-72 R3·A@-70 罐=无罐 泵=0 阀=111111 速=+0,+0,+0.00 电=7.62V/2.85A/峰3.66 补余=0.0 IO错=0 倾+0.0 自动3/3
[  296.171] TLM t= 185.7 L1·A@-75 L2·A@-71 L3·A@-76 R1·A@-75 R2·A@-72 R3·A@-69 罐=无罐 泵=0 阀=111111 速=+0,+0,+0.00 电=7.63V/2.77A/峰3.66 补余=0.0 IO错=0 倾+0.0 自动3/3
[  296.688] TLM t= 186.2 L1·A@-75 L2·A@-71 L3·A@-76 R1·A@-75 R2·A@-72 R3·A@-69 罐=无罐 泵=0 阀=111111 速=+0,+0,+0.00 电=7.63V/2.93A/峰3.66 补余=0.0 IO错=0 倾+0.0 自动3/3
[  297.193] TLM t= 186.7 L1·A@-75 L2·A@-70 L3·A@-76 R1·A@-75 R2·A@-71 R3·A@-68 罐=无罐 泵=0 阀=111111 速=+0,+0,+0.00 电=7.64V/3.01A/峰3.66 补余=0.0 IO错=0 倾+0.0 自动3/3
[  297.709] TLM t= 187.2 L1·A@-75 L2·A@-70 L3·A@-76 R1·A@-75 R2·A@-71 R3·A@-67 罐=无罐 泵=0 阀=111111 速=+0,+0,+0.00 电=7.64V/3.01A/峰3.66 补余=0.0 IO错=0 倾+0.0 自动3/3
[  298.214] TLM t= 187.7 L1·A@-75 L2·A@-69 L3·A@-75 R1·A@-75 R2·A@-70 R3·A@-67 罐=无罐 泵=0 阀=111111 速=+0,+0,+0.00 电=7.64V/2.77A/峰3.66 补余=0.0 IO错=0 倾+0.0 自动3/3
[  298.732] TLM t= 188.2 L1·A@-75 L2·A@-69 L3·A@-75 R1·A@-75 R2·A@-70 R3·A@-66 罐=无罐 泵=0 阀=111111 速=+0,+0,+0.00 电=7.63V/3.01A/峰3.66 补余=0.0 IO错=0 倾+0.0 自动3/3
[  299.241] TLM t= 188.7 L1·A@-75 L2·A@-68 L3·A@-75 R1·A@-75 R2·A@-70 R3·A@-65 罐=无罐 泵=0 阀=111111 速=+0,+0,+0.00 电=7.62V/2.85A/峰3.66 补余=0.0 IO错=0 倾+0.0 自动3/3
[  299.758] TLM t= 189.2 L1·A@-75 L2·A@-68 L3·A@-75 R1·A@-75 R2·A@-69 R3·A@-65 罐=无罐 泵=0 阀=111111 速=+0,+0,+0.00 电=7.64V/3.09A/峰3.66 补余=0.0 IO错=0 倾+0.0 自动3/3
[  300.262] TLM t= 189.7 L1·A@-75 L2·A@-68 L3·A@-75 R1·A@-75 R2·A@-69 R3·A@-64 罐=无罐 泵=0 阀=111111 速=+0,+0,+0.00 电=7.65V/2.93A/峰3.66 补余=0.0 IO错=0 倾+0.0 自动3/3
[  300.784] TLM t= 190.3 L1·A@-75 L2·A@-67 L3·A@-75 R1·A@-75 R2·A@-69 R3·A@-63 罐=无罐 泵=0 阀=111111 速=+0,+0,+0.00 电=7.63V/2.85A/峰3.66 补余=0.0 IO错=0 倾+0.0 自动3/3
[  301.288] TLM t= 190.8 L1·A@-75 L2·A@-67 L3·A@-75 R1·A@-75 R2·A@-68 R3·A@-62 罐=无罐 泵=0 阀=111111 速=+0,+0,+0.00 电=7.64V/2.93A/峰3.66 补余=0.0 IO错=0 倾+0.0 自动3/3
[  301.804] TLM t= 191.3 L1·A@-75 L2·A@-66 L3·A@-75 R1·A@-75 R2·A@-68 R3·A@-62 罐=无罐 泵=0 阀=111111 速=+0,+0,+0.00 电=7.62V/2.85A/峰3.66 补余=0.0 IO错=0 倾+0.0 自动3/3
[  302.307] TLM t= 191.8 L1·A@-74 L2·A@-66 L3·A@-75 R1·A@-75 R2·A@-68 R3·A@-61 罐=无罐 泵=0 阀=111111 速=+0,+0,+0.00 电=7.62V/3.01A/峰3.66 补余=0.0 IO错=0 倾+0.0 自动3/3
[  302.831] TLM t= 192.3 L1·A@-74 L2·A@-65 L3·A@-75 R1·A@-75 R2·A@-67 R3·A@-61 罐=无罐 泵=0 阀=111111 速=+0,+0,+0.00 电=7.65V/2.93A/峰3.66 补余=0.0 IO错=0 倾+0.0 自动3/3
[  303.265] EVT 泵 开 最差盘压-59.9
[  303.334] TLM t= 192.8 L1·A@-74 L2·A@-65 L3·A@-75 R1·A@-75 R2·A@-67 R3·A@-60 罐=无罐 泵=1 阀=111111 速=+0,+0,+0.00 电=7.55V/2.93A/峰3.66 补余=0.0 IO错=0 倾+0.0 自动3/3
[  303.854] TLM t= 193.3 L1·A@-74 L2·A@-72 L3·A@-75 R1·A@-75 R2·A@-72 R3·A@-72 罐=无罐 泵=1 阀=111111 速=+0,+0,+0.00 电=7.61V/3.01A/峰3.66 补余=0.0 IO错=0 倾+0.0 自动3/3
[  304.123] EVT 泵 停 最差盘压-75.2
[  304.362] TLM t= 193.8 L1·A@-76 L2·A@-76 L3·A@-76 R1·A@-76 R2·A@-76 R3·A@-76 罐=无罐 泵=0 阀=111111 速=+0,+0,+0.00 电=7.63V/3.01A/峰3.66 补余=0.0 IO错=0 倾+0.0 自动3/3
[  304.878] TLM t= 194.3 L1·A@-76 L2·A@-76 L3·A@-76 R1·A@-76 R2·A@-76 R3·A@-76 罐=无罐 泵=0 阀=111111 速=+0,+0,+0.00 电=7.62V/2.85A/峰3.66 补余=0.0 IO错=0 倾+0.0 自动3/3
[  305.387] TLM t= 194.8 L1·A@-76 L2·A@-75 L3·A@-76 R1·A@-76 R2·A@-75 R3·A@-75 罐=无罐 泵=0 阀=111111 速=+0,+0,+0.00 电=7.63V/3.09A/峰3.66 补余=0.0 IO错=0 倾+0.0 自动3/3
[  305.477] EVT 自动轮换：第 3 轮开始
[  305.499] EVT 原地抬起受理：R3
[  305.514] EVT 相位 R3 stance→handover
[  305.906] TLM t= 198.4 L1·A@-76 L2·A@-75 L3·A@-76 R1·A@-76 R2·A@-75 R3ZA@-74 罐=无罐 泵=0 阀=111111 速=+0,+0,+0.00 电=7.66V/2.77A/峰3.66 补余=0.0 IO错=0 倾+0.0 自动3/3
[  306.411] TLM t= 198.6 L1·A@-76 L2·A@-74 L3·A@-76 R1·A@-76 R2·A@-74 R3ZA@-74 罐=无罐 泵=0 阀=111111 速=+0,+0,+0.00 电=7.66V/2.52A/峰3.66 补余=0.0 IO错=0 倾+0.0 自动3/3
[  306.928] TLM t= 198.6 L1·A@-76 L2·A@-74 L3·A@-76 R1·A@-76 R2·A@-74 R3ZA@-73 罐=无罐 泵=0 阀=111111 速=+0,+0,+0.00 电=7.67V/2.36A/峰3.66 补余=0.0 IO错=0 倾+0.0 自动3/3
[  307.434] TLM t= 198.6 L1·A@-76 L2·A@-74 L3·A@-76 R1·A@-76 R2·A@-73 R3ZA@-72 罐=无罐 泵=0 阀=111111 速=+0,+0,+0.00 电=7.67V/2.44A/峰3.66 补余=0.0 IO错=0 倾+0.0 自动3/3
[  307.703] EVT 吸附 R3 attached→venting 在态110.16s -71.9kPa
[  307.703] EVT 相位 R3 handover→vent 落点Δ(+0.0,+0.0)
[  307.723] EVT 阀 R3 →排气位
[  307.955] TLM t= 198.6 L1·A@-76 L2·A@-73 L3·A@-76 R1·A@-75 R2·A@-73 R3Vv@-72 罐=无罐 泵=0 阀=111110 速=+0,+0,+0.00 电=7.64V/2.69A/峰3.66 补余=0.0 IO错=0 倾+0.0 自动3/3
[  308.005] EVT 相位 R3 vent→lift
[  308.128] EVT 吸附 R3 venting→released 在态0.42s 0.2kPa
[  308.457] TLM t= 198.6 L1·A@-76 L2·A@-73 L3·A@-76 R1·A@-75 R2·A@-73 R3Lr@-- 罐=无罐 泵=0 阀=111110 速=+0,+0,+0.00 电=7.64V/2.69A/峰3.66 补余=0.0 IO错=0 倾+0.0 自动3/3
[  308.848] EVT 相位 R3 lift→transfer
[  308.978] TLM t= 198.6 L1·A@-75 L2·A@-72 L3·A@-76 R1·A@-75 R2·A@-72 R3Tr@-- 罐=无罐 泵=0 阀=111110 速=+0,+0,+0.00 电=7.63V/3.09A/峰3.66 补余=0.0 IO错=0 倾+0.0 自动3/3
[  309.472] EVT 相位 R3 transfer→hover
[  309.479] TLM t= 198.6 L1·A@-75 L2·A@-72 L3·A@-76 R1·A@-75 R2·A@-72 R3Hr@-- 罐=无罐 泵=0 阀=111110 速=+0,+0,+0.00 电=7.63V/3.17A/峰3.66 补余=0.0 IO错=0 倾+0.0 自动3/3
[  310.001] TLM t= 198.6 L1·A@-75 L2·A@-71 L3·A@-76 R1·A@-75 R2·A@-71 R3Hr@-- 罐=无罐 泵=0 阀=111110 速=+0,+0,+0.00 电=7.64V/2.44A/峰3.66 补余=0.0 IO错=0 倾+0.0 自动3/3
[  310.475] EVT 落地：R3
[  310.495] EVT 相位 R3 hover→descend
[  310.505] TLM t= 198.6 L1·A@-75 L2·A@-71 L3·A@-76 R1·A@-75 R2·A@-71 R3Dr@-- 罐=无罐 泵=0 阀=111110 速=+0,+0,+0.00 电=7.64V/2.60A/峰3.66 补余=0.0 IO错=0 倾+0.0 自动3/3
[  310.976] EVT 相位 R3 descend→press
[  311.024] TLM t= 198.6 L1·A@-75 L2·A@-70 L3·A@-76 R1·A@-75 R2·A@-71 R3Pr@-- 罐=无罐 泵=0 阀=111110 速=+0,+0,+0.00 电=7.64V/2.69A/峰3.66 补余=0.0 IO错=0 倾+0.0 自动3/3
[  311.527] TLM t= 198.6 L1·A@-75 L2·A@-70 L3·A@-76 R1·A@-75 R2·A@-70 R3Pr@-- 罐=无罐 泵=0 阀=111110 速=+0,+0,+0.00 电=7.63V/2.60A/峰3.66 补余=0.0 IO错=0 倾+0.0 自动3/3
[  312.047] TLM t= 198.6 L1·A@-75 L2·A@-69 L3·A@-76 R1·A@-75 R2·A@-70 R3Pr@-- 罐=无罐 泵=0 阀=111110 速=+0,+0,+0.00 电=7.64V/2.69A/峰3.66 补余=0.0 IO错=0 倾+0.0 自动3/3
[  312.180] EVT 吸附 R3 released→pressing 在态4.04s 0.2kPa
[  312.180] EVT 相位 R3 press→wait
[  312.498] EVT 吸附 R3 pressing→sucking 在态0.32s 0.2kPa
[  312.498] EVT 阀 R3 →抽气位
[  312.523] EVT 泵 开 最差盘压-69.1
[  312.551] TLM t= 198.6 L1·A@-75 L2·A@-69 L3·A@-75 R1·A@-75 R2·A@-70 R3Ws@-7 罐=无罐 泵=1 阀=111111 速=+0,+0,+0.00 电=7.57V/2.44A/峰3.66 补余=0.0 IO错=0 倾+0.0 自动3/3
[  312.859] EVT 吸附 R3 sucking→attached 在态0.36s -62.4kPa
[  312.859] EVT 相位 R3 wait→stance
[  312.859] EVT 抬落完成，轮到 L1
[  313.075] TLM t= 198.8 L1·A@-75 L2·A@-70 L3·A@-75 R1·A@-75 R2·A@-70 R3·A@-71 罐=无罐 泵=1 阀=111111 速=+0,+0,+0.00 电=7.64V/2.52A/峰3.66 补余=0.0 IO错=0 倾+0.0 自动3/3
[  313.326] EVT 泵 停 最差盘压-75.0
[  313.578] TLM t= 199.3 L1·A@-76 L2·A@-76 L3·A@-76 R1·A@-75 R2·A@-75 R3·A@-76 罐=无罐 泵=0 阀=111111 速=+0,+0,+0.00 电=7.66V/2.44A/峰3.66 补余=0.0 IO错=0 倾+0.0 自动3/3
[  314.099] TLM t= 199.8 L1·A@-76 L2·A@-75 L3·A@-76 R1·A@-75 R2·A@-75 R3·A@-75 罐=无罐 泵=0 阀=111111 速=+0,+0,+0.00 电=7.67V/2.44A/峰3.66 补余=0.0 IO错=0 倾+0.0 自动3/3
[  314.604] TLM t= 200.3 L1·A@-76 L2·A@-75 L3·A@-76 R1·A@-75 R2·A@-74 R3·A@-74 罐=无罐 泵=0 阀=111111 速=+0,+0,+0.00 电=7.66V/2.77A/峰3.66 补余=0.0 IO错=0 倾+0.0 自动3/3
[  315.128] TLM t= 200.8 L1·A@-75 L2·A@-74 L3·A@-75 R1·A@-75 R2·A@-74 R3·A@-73 罐=无罐 泵=0 阀=111111 速=+0,+0,+0.00 电=7.66V/2.69A/峰3.66 补余=0.0 IO错=0 倾+0.0 自动3/3
[  315.627] TLM t= 201.3 L1·A@-75 L2·A@-74 L3·A@-75 R1·A@-75 R2·A@-74 R3·A@-73 罐=无罐 泵=0 阀=111111 速=+0,+0,+0.00 电=7.68V/2.52A/峰3.66 补余=0.0 IO错=0 倾+0.0 自动3/3
[  316.155] TLM t= 201.9 L1·A@-75 L2·A@-73 L3·A@-75 R1·A@-75 R2·A@-73 R3·A@-72 罐=无罐 泵=0 阀=111111 速=+0,+0,+0.00 电=7.63V/2.77A/峰3.66 补余=0.0 IO错=0 倾+0.0 自动3/3
[  316.657] TLM t= 202.4 L1·A@-75 L2·A@-73 L3·A@-75 R1·A@-75 R2·A@-73 R3·A@-71 罐=无罐 泵=0 阀=111111 速=+0,+0,+0.00 电=7.66V/2.60A/峰3.66 补余=0.0 IO错=0 倾+0.0 自动3/3
[  317.177] TLM t= 202.9 L1·A@-75 L2·A@-72 L3·A@-75 R1·A@-75 R2·A@-72 R3·A@-71 罐=无罐 泵=0 阀=111111 速=+0,+0,+0.00 电=7.66V/2.69A/峰3.66 补余=0.0 IO错=0 倾+0.0 自动3/3
[  317.699] TLM t= 203.4 L1·A@-75 L2·A@-72 L3·A@-75 R1·A@-75 R2·A@-72 R3·A@-70 罐=无罐 泵=0 阀=111111 速=+0,+0,+0.00 电=7.65V/2.52A/峰3.66 补余=0.0 IO错=0 倾+0.0 自动3/3
[  318.203] TLM t= 203.9 L1·A@-75 L2·A@-72 L3·A@-75 R1·A@-75 R2·A@-72 R3·A@-70 罐=无罐 泵=0 阀=111111 速=+0,+0,+0.00 电=7.65V/2.60A/峰3.66 补余=0.0 IO错=0 倾+0.0 自动3/3
[  318.707] TLM t= 204.4 L1·A@-75 L2·A@-71 L3·A@-75 R1·A@-75 R2·A@-71 R3·A@-69 罐=无罐 泵=0 阀=111111 速=+0,+0,+0.00 电=7.66V/2.52A/峰3.66 补余=0.0 IO错=0 倾+0.0 自动3/3
[  319.229] TLM t= 204.9 L1·A@-75 L2·A@-71 L3·A@-75 R1·A@-75 R2·A@-71 R3·A@-68 罐=无罐 泵=0 阀=111111 速=+0,+0,+0.00 电=7.65V/2.60A/峰3.66 补余=0.0 IO错=0 倾+0.0 自动3/3
[  319.728] TLM t= 205.4 L1·A@-74 L2·A@-70 L3·A@-75 R1·A@-75 R2·A@-70 R3·A@-68 罐=无罐 泵=0 阀=111111 速=+0,+0,+0.00 电=7.65V/2.52A/峰3.66 补余=0.0 IO错=0 倾+0.0 自动3/3
[  320.252] TLM t= 205.9 L1·A@-74 L2·A@-70 L3·A@-75 R1·A@-75 R2·A@-70 R3·A@-67 罐=无罐 泵=0 阀=111111 速=+0,+0,+0.00 电=7.64V/2.52A/峰3.66 补余=0.0 IO错=0 倾+0.0 自动3/3
[  320.754] TLM t= 206.4 L1·A@-74 L2·A@-69 L3·A@-75 R1·A@-75 R2·A@-70 R3·A@-67 罐=无罐 泵=0 阀=111111 速=+0,+0,+0.00 电=7.66V/2.60A/峰3.66 补余=0.0 IO错=0 倾+0.0 自动3/3
[  321.279] TLM t= 207.0 L1·A@-74 L2·A@-69 L3·A@-75 R1·A@-74 R2·A@-69 R3·A@-66 罐=无罐 泵=0 阀=111111 速=+0,+0,+0.00 电=7.63V/2.52A/峰3.66 补余=0.0 IO错=0 倾+0.0 自动3/3
[  321.777] TLM t= 207.5 L1·A@-74 L2·A@-68 L3·A@-75 R1·A@-74 R2·A@-69 R3·A@-65 罐=无罐 泵=0 阀=111111 速=+0,+0,+0.00 电=7.66V/2.60A/峰3.66 补余=0.0 IO错=0 倾+0.0 自动3/3
[  322.303] TLM t= 208.0 L1·A@-74 L2·A@-68 L3·A@-75 R1·A@-74 R2·A@-69 R3·A@-65 罐=无罐 泵=0 阀=111111 速=+0,+0,+0.00 电=7.66V/2.44A/峰3.66 补余=0.0 IO错=0 倾+0.0 自动3/3
[  322.805] TLM t= 208.5 L1·A@-74 L2·A@-68 L3·A@-75 R1·A@-74 R2·A@-68 R3·A@-64 罐=无罐 泵=0 阀=111111 速=+0,+0,+0.00 电=7.65V/2.60A/峰3.66 补余=0.0 IO错=0 倾+0.0 自动3/3
[  322.898] EVT 原地抬起受理：L1
[  322.915] EVT 相位 L1 stance→handover
[  323.330] TLM t= 209.8 L1ZA@-74 L2·A@-67 L3·A@-75 R1·A@-74 R2·A@-68 R3·A@-64 罐=无罐 泵=0 阀=111111 速=+0,+0,+0.00 电=7.66V/2.20A/峰3.66 补余=0.0 IO错=0 倾+0.0 自动3/3
[  323.832] TLM t= 210.0 L1ZA@-74 L2·A@-67 L3·A@-75 R1·A@-74 R2·A@-67 R3·A@-63 罐=无罐 泵=0 阀=111111 速=+0,+0,+0.00 电=7.69V/2.04A/峰3.66 补余=0.0 IO错=0 倾+0.0 自动3/3
[  324.355] TLM t= 210.0 L1ZA@-74 L2·A@-66 L3·A@-75 R1·A@-74 R2·A@-67 R3·A@-62 罐=无罐 泵=0 阀=111111 速=+0,+0,+0.00 电=7.68V/1.95A/峰3.66 补余=0.0 IO错=0 倾+0.0 自动3/3
[  324.858] TLM t= 210.0 L1ZA@-73 L2·A@-66 L3·A@-75 R1·A@-74 R2·A@-67 R3·A@-62 罐=无罐 泵=0 阀=111111 速=+0,+0,+0.00 电=7.66V/2.20A/峰3.66 补余=0.0 IO错=0 倾+0.0 自动3/3
[  325.381] TLM t= 210.0 L1ZA@-73 L2·A@-66 L3·A@-75 R1·A@-74 R2·A@-66 R3·A@-61 罐=无罐 泵=0 阀=111111 速=+0,+0,+0.00 电=7.67V/2.12A/峰3.66 补余=0.0 IO错=0 倾+0.0 自动3/3
[  325.882] TLM t= 210.0 L1ZA@-73 L2·A@-65 L3·A@-74 R1·A@-74 R2·A@-66 R3·A@-61 罐=无罐 泵=0 阀=111111 速=+0,+0,+0.00 电=7.68V/2.52A/峰3.66 补余=0.0 IO错=0 倾+0.0 自动3/3
[  326.012] EVT 吸附 L1 attached→venting 在态106.38s -73.2kPa
[  326.013] EVT 相位 L1 handover→vent 落点Δ(+0.0,+0.0)
[  326.035] EVT 阀 L1 →排气位
[  326.276] EVT 泵 开 最差盘压-59.9
[  326.314] EVT 相位 L1 vent→lift
[  326.405] TLM t= 210.0 L1Lv@-73 L2·A@-65 L3·A@-74 R1·A@-74 R2·A@-66 R3·A@-60 罐=无罐 泵=1 阀=011111 速=+0,+0,+0.00 电=7.58V/2.93A/峰3.66 补余=0.0 IO错=0 倾+0.0 自动3/3
[  326.436] EVT 吸附 L1 venting→released 在态0.42s 0.1kPa
[  326.907] TLM t= 210.0 L1Lr@-- L2·A@-73 L3·A@-74 R1·A@-74 R2·A@-73 R3·A@-73 罐=无罐 泵=1 阀=011111 速=+0,+0,+0.00 电=7.63V/2.77A/峰3.66 补余=0.0 IO错=0 倾+0.0 自动3/3
[  327.156] EVT 泵 停 最差盘压-75.2
[  327.276] EVT 相位 L1 lift→transfer
[  327.426] TLM t= 210.0 L1Tr@-- L2·A@-76 L3·A@-76 R1·A@-76 R2·A@-76 R3·A@-76 罐=无罐 泵=0 阀=011111 速=+0,+0,+0.00 电=7.62V/2.77A/峰3.66 补余=0.0 IO错=0 倾+0.0 自动3/3
[  327.901] EVT 相位 L1 transfer→hover
[  327.929] TLM t= 210.0 L1Hr@-- L2·A@-76 L3·A@-76 R1·A@-76 R2·A@-75 R3·A@-75 罐=无罐 泵=0 阀=011111 速=+0,+0,+0.00 电=7.62V/2.93A/峰3.66 补余=0.0 IO错=0 倾+0.0 自动3/3
[  328.451] TLM t= 210.0 L1Hr@-- L2·A@-75 L3·A@-76 R1·A@-76 R2·A@-75 R3·A@-75 罐=无罐 泵=0 阀=011111 速=+0,+0,+0.00 电=7.64V/2.69A/峰3.66 补余=0.0 IO错=0 倾+0.0 自动3/3
[  328.901] EVT 落地：L1
[  328.924] EVT 相位 L1 hover→descend
[  328.952] TLM t= 210.0 L1Dr@-- L2·A@-75 L3·A@-76 R1·A@-76 R2·A@-75 R3·A@-74 罐=无罐 泵=0 阀=011111 速=+0,+0,+0.00 电=7.63V/2.60A/峰3.66 补余=0.0 IO错=0 倾+0.0 自动3/3
[  329.405] EVT 相位 L1 descend→press
[  329.474] TLM t= 210.0 L1Pr@-- L2·A@-74 L3·A@-76 R1·A@-75 R2·A@-74 R3·A@-73 罐=无罐 泵=0 阀=011111 速=+0,+0,+0.00 电=7.64V/2.69A/峰3.66 补余=0.0 IO错=0 倾+0.0 自动3/3
[  329.978] TLM t= 210.0 L1Pr@-- L2·A@-74 L3·A@-76 R1·A@-75 R2·A@-74 R3·A@-73 罐=无罐 泵=0 阀=011111 速=+0,+0,+0.00 电=7.63V/2.69A/峰3.66 补余=0.0 IO错=0 倾+0.0 自动3/3
[  330.496] TLM t= 210.0 L1Pr@-- L2·A@-73 L3·A@-76 R1·A@-75 R2·A@-73 R3·A@-72 罐=无罐 泵=0 阀=011111 速=+0,+0,+0.00 电=7.64V/2.77A/峰3.66 补余=0.0 IO错=0 倾+0.0 自动3/3
[  330.608] EVT 吸附 L1 released→pressing 在态4.16s 0.1kPa
[  330.608] EVT 相位 L1 press→wait
[  330.929] EVT 吸附 L1 pressing→sucking 在态0.32s 0.1kPa
[  330.929] EVT 阀 L1 →抽气位
[  330.949] EVT 泵 开 最差盘压-71.6
[  330.998] TLM t= 210.0 L1Ws@-0 L2·A@-73 L3·A@-76 R1·A@-75 R2·A@-73 R3·A@-72 罐=无罐 泵=1 阀=111111 速=+0,+0,+0.00 电=7.55V/2.52A/峰3.66 补余=0.0 IO错=0 倾+0.0 自动3/3
[  331.498] TLM t= 210.0 L1Ws@-1 L2·A@-73 L3·A@-76 R1·A@-75 R2·A@-73 R3·A@-71 罐=无罐 泵=1 阀=111111 速=+0,+0,+0.00 电=7.62V/2.69A/峰3.66 补余=0.0 IO错=0 倾+0.0 自动3/3
[  332.003] TLM t= 210.0 L1Ws@-1 L2·A@-72 L3·A@-76 R1·A@-75 R2·A@-72 R3·A@-70 罐=无罐 泵=1 阀=111111 速=+0,+0,+0.00 电=7.61V/2.60A/峰3.66 补余=0.0 IO错=0 倾+0.0 自动3/3
[  332.509] TLM t= 210.0 L1Ws@-1 L2·A@-72 L3·A@-76 R1·A@-75 R2·A@-72 R3·A@-70 罐=无罐 泵=1 阀=111111 速=+0,+0,+0.00 电=7.59V/2.69A/峰3.66 补余=0.0 IO错=0 倾+0.0 自动3/3
[  333.009] TLM t= 210.0 L1Ws@-1 L2·A@-71 L3·A@-76 R1·A@-75 R2·A@-71 R3·A@-69 罐=无罐 泵=1 阀=111111 速=+0,+0,+0.00 电=7.61V/2.77A/峰3.66 补余=0.0 IO错=0 倾+0.0 自动3/3
[  333.458] EVT 吸附 L1 sucking→fault 在态2.52s -1.0kPa
[  333.463] EVT 吸附 L1 fault→released 在态0.00s -1.0kPa
[  333.464] EVT 相位 L1 wait→retry
[  333.464] EVT 阀 L1 →排气位
[  333.512] TLM t= 210.0 L1Rr@-- L2·A@-71 L3·A@-76 R1·A@-75 R2·A@-71 R3·A@-68 罐=无罐 泵=1 阀=011111 速=+0,+0,+0.00 电=7.56V/2.36A/峰3.66 补余=0.0 IO错=0 倾+0.0 自动3/3
[  333.805] EVT 相位 L1 retry→press
[  334.015] TLM t= 210.0 L1Pr@-- L2·A@-71 L3·A@-75 R1·A@-75 R2·A@-71 R3·A@-70 罐=无罐 泵=1 阀=011111 速=+0,+0,+0.00 电=7.58V/2.69A/峰3.66 补余=0.0 IO错=0 倾+0.0 自动3/3
[  334.384] EVT 泵 停 最差盘压-75.3
[  334.486] EVT 吸附 L1 released→pressing 在态1.02s -1.0kPa
[  334.487] EVT 相位 L1 press→wait
[  334.533] TLM t= 210.0 L1Wp@-- L2·A@-77 L3·A@-77 R1·A@-76 R2·A@-76 R3·A@-76 罐=无罐 泵=0 阀=011111 速=+0,+0,+0.00 电=7.63V/2.69A/峰3.66 补余=0.0 IO错=0 倾+0.0 自动3/3
[  334.805] EVT 吸附 L1 pressing→sucking 在态0.32s -1.0kPa
[  334.805] EVT 阀 L1 →抽气位
[  334.830] EVT 泵 开 最差盘压-75.9
[  335.037] TLM t= 210.0 L1Ws@-61 L2·A@-76 L3·A@-76 R1·A@-76 R2·A@-76 R3·A@-76 罐=无罐 泵=1 阀=111111 速=+0,+0,+0.00 电=7.59V/2.36A/峰3.66 补余=0.0 IO错=0 倾+0.0 自动3/3
[  335.163] EVT 吸附 L1 sucking→attached 在态0.36s -67.7kPa
[  335.166] EVT 相位 L1 wait→stance
[  335.166] EVT 抬落完成，轮到 R2
[  335.432] EVT 泵 停 最差盘压-75.4
[  335.562] TLM t= 210.4 L1·A@-76 L2·A@-76 L3·A@-76 R1·A@-76 R2·A@-76 R3·A@-76 罐=无罐 泵=0 阀=111111 速=+0,+0,+0.00 电=7.62V/2.85A/峰3.66 补余=0.0 IO错=0 倾+0.0 自动3/3
[  336.063] TLM t= 210.9 L1·A@-76 L2·A@-76 L3·A@-76 R1·A@-76 R2·A@-75 R3·A@-76 罐=无罐 泵=0 阀=111111 速=+0,+0,+0.00 电=7.65V/2.60A/峰3.66 补余=0.0 IO错=0 倾+0.0 自动3/3
[  336.588] TLM t= 211.4 L1·A@-76 L2·A@-75 L3·A@-76 R1·A@-76 R2·A@-75 R3·A@-75 罐=无罐 泵=0 阀=111111 速=+0,+0,+0.00 电=7.64V/2.69A/峰3.66 补余=0.0 IO错=0 倾+0.0 自动3/3
[  337.093] TLM t= 211.9 L1·A@-75 L2·A@-75 L3·A@-76 R1·A@-76 R2·A@-75 R3·A@-74 罐=无罐 泵=0 阀=111111 速=+0,+0,+0.00 电=7.63V/2.69A/峰3.66 补余=0.0 IO错=0 倾+0.0 自动3/3
[  337.615] TLM t= 212.4 L1·A@-75 L2·A@-74 L3·A@-76 R1·A@-76 R2·A@-74 R3·A@-74 罐=无罐 泵=0 阀=111111 速=+0,+0,+0.00 电=7.65V/2.69A/峰3.66 补余=0.0 IO错=0 倾+0.0 自动3/3
[  338.123] TLM t= 212.9 L1·A@-75 L2·A@-74 L3·A@-76 R1·A@-76 R2·A@-74 R3·A@-73 罐=无罐 泵=0 阀=111111 速=+0,+0,+0.00 电=7.64V/2.60A/峰3.66 补余=0.0 IO错=0 倾+0.0 自动3/3
[  338.646] TLM t= 213.4 L1·A@-75 L2·A@-73 L3·A@-76 R1·A@-75 R2·A@-73 R3·A@-72 罐=无罐 泵=0 阀=111111 速=+0,+0,+0.00 电=7.64V/2.69A/峰3.66 补余=0.0 IO错=0 倾+0.0 自动3/3
[  339.148] TLM t= 213.9 L1·A@-75 L2·A@-73 L3·A@-76 R1·A@-75 R2·A@-73 R3·A@-72 罐=无罐 泵=0 阀=111111 速=+0,+0,+0.00 电=7.66V/2.77A/峰3.66 补余=0.0 IO错=0 倾+0.0 自动3/3
[  339.673] TLM t= 214.5 L1·A@-75 L2·A@-73 L3·A@-76 R1·A@-75 R2·A@-73 R3·A@-71 罐=无罐 泵=0 阀=111111 速=+0,+0,+0.00 电=7.66V/2.69A/峰3.66 补余=0.0 IO错=0 倾+0.0 自动3/3
[  340.177] TLM t= 215.0 L1·A@-74 L2·A@-72 L3·A@-76 R1·A@-75 R2·A@-72 R3·A@-70 罐=无罐 泵=0 阀=111111 速=+0,+0,+0.00 电=7.64V/2.52A/峰3.66 补余=0.0 IO错=0 倾+0.0 自动3/3
[  340.698] TLM t= 215.5 L1·A@-74 L2·A@-72 L3·A@-76 R1·A@-75 R2·A@-72 R3·A@-70 罐=无罐 泵=0 阀=111111 速=+0,+0,+0.00 电=7.64V/2.69A/峰3.66 补余=0.0 IO错=0 倾+0.0 自动3/3
[  341.203] TLM t= 216.0 L1·A@-74 L2·A@-71 L3·A@-76 R1·A@-75 R2·A@-71 R3·A@-69 罐=无罐 泵=0 阀=111111 速=+0,+0,+0.00 电=7.66V/2.52A/峰3.66 补余=0.0 IO错=0 倾+0.0 自动3/3
[  341.724] TLM t= 216.5 L1·A@-74 L2·A@-71 L3·A@-76 R1·A@-75 R2·A@-71 R3·A@-69 罐=无罐 泵=0 阀=111111 速=+0,+0,+0.00 电=7.66V/2.77A/峰3.66 补余=0.0 IO错=0 倾+0.0 自动3/3
[  342.228] TLM t= 217.0 L1·A@-74 L2·A@-70 L3·A@-76 R1·A@-75 R2·A@-71 R3·A@-68 罐=无罐 泵=0 阀=111111 速=+0,+0,+0.00 电=7.64V/2.52A/峰3.66 补余=0.0 IO错=0 倾+0.0 自动3/3
[  342.752] TLM t= 217.5 L1·A@-74 L2·A@-70 L3·A@-76 R1·A@-75 R2·A@-70 R3·A@-67 罐=无罐 泵=0 阀=111111 速=+0,+0,+0.00 电=7.64V/2.60A/峰3.66 补余=0.0 IO错=0 倾+0.0 自动3/3
[  343.260] TLM t= 218.0 L1·A@-74 L2·A@-69 L3·A@-76 R1·A@-75 R2·A@-70 R3·A@-67 罐=无罐 泵=0 阀=111111 速=+0,+0,+0.00 电=7.64V/2.60A/峰3.66 补余=0.0 IO错=0 倾+0.0 自动3/3
[  343.779] TLM t= 218.5 L1·A@-74 L2·A@-69 L3·A@-75 R1·A@-75 R2·A@-70 R3·A@-66 罐=无罐 泵=0 阀=111111 速=+0,+0,+0.00 电=7.64V/2.69A/峰3.66 补余=0.0 IO错=0 倾+0.0 自动3/3
[  344.285] TLM t= 219.0 L1·A@-74 L2·A@-69 L3·A@-75 R1·A@-75 R2·A@-69 R3·A@-66 罐=无罐 泵=0 阀=111111 速=+0,+0,+0.00 电=7.64V/2.77A/峰3.66 补余=0.0 IO错=0 倾+0.0 自动3/3
[  344.803] TLM t= 219.6 L1·A@-74 L2·A@-68 L3·A@-75 R1·A@-75 R2·A@-69 R3·A@-65 罐=无罐 泵=0 阀=111111 速=+0,+0,+0.00 电=7.64V/2.69A/峰3.66 补余=0.0 IO错=0 倾+0.0 自动3/3
[  345.190] EVT 原地抬起受理：R2
[  345.217] EVT 相位 R2 stance→handover
[  345.305] TLM t= 220.9 L1·A@-73 L2·A@-68 L3·A@-75 R1·A@-75 R2ZA@-68 R3·A@-64 罐=无罐 泵=0 阀=111111 速=+0,+0,+0.00 电=7.64V/2.77A/峰3.66 补余=0.0 IO错=0 倾+0.0 自动3/3
[  345.828] TLM t= 221.4 L1·A@-73 L2·A@-67 L3·A@-75 R1·A@-75 R2ZA@-68 R3·A@-64 罐=无罐 泵=0 阀=111111 速=+0,+0,+0.00 电=7.63V/2.60A/峰3.66 补余=0.0 IO错=0 倾+0.0 自动3/3
[  346.330] TLM t= 221.4 L1·A@-73 L2·A@-67 L3·A@-75 R1·A@-75 R2ZA@-68 R3·A@-63 罐=无罐 泵=0 阀=111111 速=+0,+0,+0.00 电=7.64V/2.93A/峰3.66 补余=0.0 IO错=0 倾+0.0 自动3/3
[  346.851] TLM t= 221.4 L1·A@-73 L2·A@-66 L3·A@-75 R1·A@-75 R2ZA@-67 R3·A@-63 罐=无罐 泵=0 阀=111111 速=+0,+0,+0.00 电=7.63V/3.01A/峰3.66 补余=0.0 IO错=0 倾+0.0 自动3/3
[  347.356] TLM t= 221.4 L1·A@-73 L2·A@-66 L3·A@-75 R1·A@-75 R2ZA@-67 R3·A@-62 罐=无罐 泵=0 阀=111111 速=+0,+0,+0.00 电=7.60V/3.42A/峰3.66 补余=0.0 IO错=0 倾+0.0 自动3/3
[  347.407] EVT 吸附 R2 attached→venting 在态110.42s -66.8kPa
[  347.408] EVT 相位 R2 handover→vent 落点Δ(+0.0,+0.0)
[  347.420] EVT 阀 R2 →排气位
[  347.706] EVT 相位 R2 vent→lift
[  347.829] EVT 吸附 R2 venting→released 在态0.42s -0.0kPa
[  347.877] TLM t= 221.4 L1·A@-73 L2·A@-66 L3·A@-75 R1·A@-75 R2Lr@-- R3·A@-62 罐=无罐 泵=0 阀=111101 速=+0,+0,+0.00 电=7.59V/3.26A/峰3.66 补余=0.0 IO错=0 倾+0.0 自动3/3
[  348.378] TLM t= 221.4 L1·A@-73 L2·A@-65 L3·A@-75 R1·A@-75 R2Lr@-- R3·A@-61 罐=无罐 泵=0 阀=111101 速=+0,+0,+0.00 电=7.58V/3.50A/峰3.66 补余=0.0 IO错=0 倾+0.0 自动3/3
[  348.549] EVT 相位 R2 lift→transfer
[  348.903] TLM t= 221.4 L1·A@-72 L2·A@-65 L3·A@-75 R1·A@-74 R2Tr@-- R3·A@-61 罐=无罐 泵=0 阀=111101 速=+0,+0,+0.00 电=7.61V/3.34A/峰3.66 补余=0.0 IO错=0 倾+0.0 自动3/3
[  349.169] EVT 相位 R2 transfer→hover
[  349.403] TLM t= 221.4 L1·A@-72 L2·A@-64 L3·A@-75 R1·A@-74 R2Hr@-- R3·A@-60 罐=无罐 泵=0 阀=111101 速=+0,+0,+0.00 电=7.62V/3.09A/峰3.66 补余=0.0 IO错=0 倾+0.0 自动3/3
[  349.438] EVT 泵 开 最差盘压-59.9
[  349.930] TLM t= 221.4 L1·A@-72 L2·A@-69 L3·A@-75 R1·A@-74 R2Hr@-- R3·A@-70 罐=无罐 泵=1 阀=111101 速=+0,+0,+0.00 电=7.55V/2.93A/峰3.66 补余=0.0 IO错=0 倾+0.0 自动3/3
[  350.181] EVT 落地：R2
[  350.196] EVT 相位 R2 hover→descend
[  350.301] EVT 泵 停 最差盘压-75.0
[  350.435] TLM t= 221.4 L1·A@-76 L2·A@-76 L3·A@-76 R1·A@-76 R2Dr@-- R3·A@-76 罐=无罐 泵=0 阀=111101 速=+0,+0,+0.00 电=7.58V/2.85A/峰3.66 补余=0.0 IO错=0 倾+0.0 自动3/3
[  350.677] EVT 相位 R2 descend→press
[  350.956] TLM t= 221.4 L1·A@-76 L2·A@-76 L3·A@-76 R1·A@-76 R2Pr@-- R3·A@-76 罐=无罐 泵=0 阀=111101 速=+0,+0,+0.00 电=7.60V/3.17A/峰3.66 补余=0.0 IO错=0 倾+0.0 自动3/3
[  351.457] TLM t= 221.4 L1·A@-76 L2·A@-75 L3·A@-76 R1·A@-76 R2Pr@-- R3·A@-75 罐=无罐 泵=0 阀=111101 速=+0,+0,+0.00 电=7.61V/2.93A/峰3.66 补余=0.0 IO错=0 倾+0.0 自动3/3
[  351.883] EVT 吸附 R2 released→pressing 在态4.04s -0.0kPa
[  351.884] EVT 相位 R2 press→wait
[  351.980] TLM t= 221.4 L1·A@-76 L2·A@-75 L3·A@-76 R1·A@-76 R2Wp@-- R3·A@-74 罐=无罐 泵=0 阀=111101 速=+0,+0,+0.00 电=7.59V/3.17A/峰3.66 补余=0.0 IO错=0 倾+0.0 自动3/3
[  352.217] EVT 吸附 R2 pressing→sucking 在态0.32s -0.0kPa
[  352.217] EVT 阀 R2 →抽气位
[  352.237] EVT 泵 开 最差盘压-74.0
[  352.488] TLM t= 221.4 L1·A@-76 L2·A@-74 L3·A@-76 R1·A@-75 R2Ws@-68 R3·A@-74 罐=无罐 泵=1 阀=111111 速=+0,+0,+0.00 电=7.60V/3.01A/峰3.66 补余=0.0 IO错=0 倾+0.0 自动3/3
[  352.515] EVT 吸附 R2 sucking→attached 在态0.30s -67.8kPa
[  352.518] EVT 相位 R2 wait→stance
[  352.518] EVT 抬落完成，轮到 L3
[  352.959] EVT 泵 停 最差盘压-75.2
[  353.006] TLM t= 221.9 L1·A@-76 L2·A@-76 L3·A@-76 R1·A@-75 R2·A@-75 R3·A@-76 罐=无罐 泵=0 阀=111111 速=+0,+0,+0.00 电=7.63V/3.09A/峰3.66 补余=0.0 IO错=0 倾+0.0 自动3/3
[  353.511] TLM t= 222.4 L1·A@-76 L2·A@-76 L3·A@-76 R1·A@-75 R2·A@-74 R3·A@-75 罐=无罐 泵=0 阀=111111 速=+0,+0,+0.00 电=7.62V/3.01A/峰3.66 补余=0.0 IO错=0 倾+0.0 自动3/3
[  354.031] TLM t= 222.9 L1·A@-76 L2·A@-75 L3·A@-76 R1·A@-75 R2·A@-74 R3·A@-75 罐=无罐 泵=0 阀=111111 速=+0,+0,+0.00 电=7.59V/3.17A/峰3.66 补余=0.0 IO错=0 倾+0.0 自动3/3
[  354.535] TLM t= 223.4 L1·A@-76 L2·A@-75 L3·A@-76 R1·A@-75 R2·A@-73 R3·A@-74 罐=无罐 泵=0 阀=111111 速=+0,+0,+0.00 电=7.61V/3.09A/峰3.66 补余=0.0 IO错=0 倾+0.0 自动3/3
[  355.055] TLM t= 223.9 L1·A@-76 L2·A@-74 L3·A@-76 R1·A@-75 R2·A@-73 R3·A@-73 罐=无罐 泵=0 阀=111111 速=+0,+0,+0.00 电=7.62V/3.17A/峰3.66 补余=0.0 IO错=0 倾+0.0 自动3/3
[  355.557] TLM t= 224.4 L1·A@-75 L2·A@-74 L3·A@-76 R1·A@-75 R2·A@-72 R3·A@-73 罐=无罐 泵=0 阀=111111 速=+0,+0,+0.00 电=7.61V/3.17A/峰3.66 补余=0.0 IO错=0 倾+0.0 自动3/3
[  356.078] TLM t= 224.9 L1·A@-75 L2·A@-73 L3·A@-76 R1·A@-75 R2·A@-72 R3·A@-72 罐=无罐 泵=0 阀=111111 速=+0,+0,+0.00 电=7.63V/2.93A/峰3.66 补余=0.0 IO错=0 倾+0.0 自动3/3
[  356.582] TLM t= 225.4 L1·A@-75 L2·A@-73 L3·A@-76 R1·A@-75 R2·A@-72 R3·A@-72 罐=无罐 泵=0 阀=111111 速=+0,+0,+0.00 电=7.63V/3.01A/峰3.66 补余=0.0 IO错=0 倾+0.0 自动3/3
[  357.103] TLM t= 226.0 L1·A@-75 L2·A@-72 L3·A@-75 R1·A@-75 R2·A@-71 R3·A@-71 罐=无罐 泵=0 阀=111111 速=+0,+0,+0.00 电=7.64V/2.93A/峰3.66 补余=0.0 IO错=0 倾+0.0 自动3/3
[  357.607] TLM t= 226.5 L1·A@-75 L2·A@-72 L3·A@-75 R1·A@-75 R2·A@-71 R3·A@-70 罐=无罐 泵=0 阀=111111 速=+0,+0,+0.00 电=7.60V/3.09A/峰3.66 补余=0.0 IO错=0 倾+0.0 自动3/3
[  358.129] TLM t= 227.0 L1·A@-75 L2·A@-72 L3·A@-75 R1·A@-75 R2·A@-70 R3·A@-70 罐=无罐 泵=0 阀=111111 速=+0,+0,+0.00 电=7.62V/3.26A/峰3.66 补余=0.0 IO错=0 倾+0.0 自动3/3
[  358.637] TLM t= 227.5 L1·A@-75 L2·A@-71 L3·A@-75 R1·A@-75 R2·A@-70 R3·A@-69 罐=无罐 泵=0 阀=111111 速=+0,+0,+0.00 电=7.61V/3.09A/峰3.66 补余=0.0 IO错=0 倾+0.0 自动3/3
[  359.162] TLM t= 228.0 L1·A@-75 L2·A@-71 L3·A@-75 R1·A@-75 R2·A@-70 R3·A@-69 罐=无罐 泵=0 阀=111111 速=+0,+0,+0.00 电=7.61V/3.01A/峰3.66 补余=0.0 IO错=0 倾+0.0 自动3/3
[  359.665] TLM t= 228.5 L1·A@-75 L2·A@-70 L3·A@-75 R1·A@-75 R2·A@-69 R3·A@-68 罐=无罐 泵=0 阀=111111 速=+0,+0,+0.00 电=7.62V/2.93A/峰3.66 补余=0.0 IO错=0 倾+0.0 自动3/3
[  360.186] TLM t= 229.0 L1·A@-75 L2·A@-70 L3·A@-75 R1·A@-75 R2·A@-69 R3·A@-67 罐=无罐 泵=0 阀=111111 速=+0,+0,+0.00 电=7.59V/3.01A/峰3.66 补余=0.0 IO错=0 倾+0.0 自动3/3
[  360.691] TLM t= 229.5 L1·A@-75 L2·A@-69 L3·A@-75 R1·A@-75 R2·A@-68 R3·A@-67 罐=无罐 泵=0 阀=111111 速=+0,+0,+0.00 电=7.62V/3.09A/峰3.66 补余=0.0 IO错=0 倾+0.0 自动3/3
[  361.211] TLM t= 230.0 L1·A@-74 L2·A@-69 L3·A@-75 R1·A@-75 R2·A@-68 R3·A@-66 罐=无罐 泵=0 阀=111111 速=+0,+0,+0.00 电=7.61V/3.26A/峰3.66 补余=0.0 IO错=0 倾+0.0 自动3/3
[  361.712] TLM t= 230.5 L1·A@-74 L2·A@-68 L3·A@-75 R1·A@-75 R2·A@-68 R3·A@-66 罐=无罐 泵=0 阀=111111 速=+0,+0,+0.00 电=7.62V/3.01A/峰3.66 补余=0.0 IO错=0 倾+0.0 自动3/3
[  362.238] TLM t= 231.1 L1·A@-74 L2·A@-68 L3·A@-75 R1·A@-75 R2·A@-67 R3·A@-65 罐=无罐 泵=0 阀=111111 速=+0,+0,+0.00 电=7.60V/3.17A/峰3.66 补余=0.0 IO错=0 倾+0.0 自动3/3
[  362.553] EVT 原地抬起受理：L3
[  362.565] EVT 相位 L3 stance→handover
[  362.744] TLM t= 232.4 L1·A@-74 L2·A@-68 L3ZA@-75 R1·A@-74 R2·A@-67 R3·A@-64 罐=无罐 泵=0 阀=111111 速=+0,+0,+0.00 电=7.63V/2.77A/峰3.66 补余=0.0 IO错=0 倾+0.0 自动3/3
[  363.261] TLM t= 232.8 L1·A@-74 L2·A@-67 L3ZA@-75 R1·A@-74 R2·A@-67 R3·A@-64 罐=无罐 泵=0 阀=111111 速=+0,+0,+0.00 电=7.63V/2.77A/峰3.66 补余=0.0 IO错=0 倾+0.0 自动3/3
[  363.768] TLM t= 232.8 L1·A@-74 L2·A@-67 L3ZA@-75 R1·A@-74 R2·A@-66 R3·A@-63 罐=无罐 泵=0 阀=111111 速=+0,+0,+0.00 电=7.64V/3.26A/峰3.66 补余=0.0 IO错=0 倾+0.0 自动3/3
[  364.291] TLM t= 232.8 L1·A@-74 L2·A@-66 L3ZA@-75 R1·A@-74 R2·A@-66 R3·A@-63 罐=无罐 泵=0 阀=111111 速=+0,+0,+0.00 电=7.63V/2.77A/峰3.66 补余=0.0 IO错=0 倾+0.0 自动3/3
[  364.791] TLM t= 232.8 L1·A@-74 L2·A@-66 L3ZA@-75 R1·A@-74 R2·A@-65 R3·A@-62 罐=无罐 泵=0 阀=111111 速=+0,+0,+0.00 电=7.63V/2.77A/峰3.66 补余=0.0 IO错=0 倾+0.0 自动3/3
[  365.319] TLM t= 232.8 L1·A@-74 L2·A@-65 L3ZA@-75 R1·A@-74 R2·A@-65 R3·A@-61 罐=无罐 泵=0 阀=111111 速=+0,+0,+0.00 电=7.61V/2.85A/峰3.66 补余=0.0 IO错=0 倾+0.0 自动3/3
[  365.464] EVT 吸附 L3 attached→venting 在态110.48s -74.6kPa
[  365.465] EVT 相位 L3 handover→vent 落点Δ(+0.0,+0.0)
[  365.490] EVT 阀 L3 →排气位
[  365.765] EVT 相位 L3 vent→lift
[  365.820] TLM t= 232.8 L1·A@-74 L2·A@-65 L3Lv@-75 R1·A@-74 R2·A@-65 R3·A@-61 罐=无罐 泵=0 阀=110111 速=+0,+0,+0.00 电=7.63V/2.77A/峰3.66 补余=0.0 IO错=0 倾+0.0 自动3/3
[  365.888] EVT 吸附 L3 venting→released 在态0.42s 0.1kPa
[  366.343] TLM t= 232.8 L1·A@-74 L2·A@-65 L3Lr@-- R1·A@-74 R2·A@-64 R3·A@-60 罐=无罐 泵=0 阀=110111 速=+0,+0,+0.00 电=7.59V/3.09A/峰3.66 补余=0.0 IO错=0 倾+0.0 自动3/3
[  366.609] EVT 相位 L3 lift→transfer
[  366.755] EVT 泵 开 最差盘压-59.9
[  366.847] TLM t= 232.8 L1·A@-74 L2·A@-64 L3Tr@-- R1·A@-74 R2·A@-64 R3·A@-60 罐=无罐 泵=1 阀=110111 速=+0,+0,+0.00 电=7.55V/3.09A/峰3.66 补余=0.0 IO错=0 倾+0.0 自动3/3
[  367.236] EVT 相位 L3 transfer→hover
[  367.363] TLM t= 232.8 L1·A@-74 L2·A@-72 L3Hr@-- R1·A@-74 R2·A@-72 R3·A@-72 罐=无罐 泵=1 阀=110111 速=+0,+0,+0.00 电=7.59V/2.93A/峰3.66 补余=0.0 IO错=0 倾+0.0 自动3/3
[  367.680] EVT 泵 停 最差盘压-75.4
[  367.873] TLM t= 232.8 L1·A@-77 L2·A@-77 L3Hr@-- R1·A@-76 R2·A@-76 R3·A@-76 罐=无罐 泵=0 阀=110111 速=+0,+0,+0.00 电=7.62V/2.93A/峰3.66 补余=0.0 IO错=0 倾+0.0 自动3/3
[  368.260] EVT 落地：L3
[  368.282] EVT 相位 L3 hover→descend
[  368.388] TLM t= 232.8 L1·A@-76 L2·A@-76 L3Dr@-- R1·A@-76 R2·A@-76 R3·A@-76 罐=无罐 泵=0 阀=110111 速=+0,+0,+0.00 电=7.61V/2.93A/峰3.66 补余=0.0 IO错=0 倾+0.0 自动3/3
[  368.764] EVT 相位 L3 descend→press
[  368.893] TLM t= 232.8 L1·A@-76 L2·A@-76 L3Pr@-- R1·A@-76 R2·A@-75 R3·A@-75 罐=无罐 泵=0 阀=110111 速=+0,+0,+0.00 电=7.61V/2.85A/峰3.66 补余=0.0 IO错=0 倾+0.0 自动3/3
[  369.412] TLM t= 232.8 L1·A@-76 L2·A@-75 L3Pr@-- R1·A@-76 R2·A@-75 R3·A@-74 罐=无罐 泵=0 阀=110111 速=+0,+0,+0.00 电=7.63V/2.77A/峰3.66 补余=0.0 IO错=0 倾+0.0 自动3/3
[  369.915] TLM t= 232.8 L1·A@-76 L2·A@-75 L3Pr@-- R1·A@-76 R2·A@-74 R3·A@-74 罐=无罐 泵=0 阀=110111 速=+0,+0,+0.00 电=7.61V/3.01A/峰3.66 补余=0.0 IO错=0 倾+0.0 自动3/3
[  369.967] EVT 吸附 L3 released→pressing 在态4.06s 0.1kPa
[  369.967] EVT 相位 L3 press→wait
[  370.280] EVT 吸附 L3 pressing→sucking 在态0.32s 0.1kPa
[  370.281] EVT 阀 L3 →抽气位
[  370.308] EVT 泵 开 最差盘压-73.3
[  370.439] TLM t= 232.8 L1·A@-76 L2·A@-74 L3Ws@-49 R1·A@-75 R2·A@-74 R3·A@-73 罐=无罐 泵=1 阀=111111 速=+0,+0,+0.00 电=7.59V/2.69A/峰3.66 补余=0.0 IO错=0 倾+0.0 自动3/3
[  370.585] EVT 吸附 L3 sucking→attached 在态0.30s -53.9kPa
[  370.586] EVT 相位 L3 wait→stance
[  370.586] EVT 抬落完成，轮到 R1
[  370.944] TLM t= 233.1 L1·A@-76 L2·A@-74 L3·A@-72 R1·A@-75 R2·A@-74 R3·A@-72 罐=无罐 泵=1 阀=111111 速=+0,+0,+0.00 电=7.53V/3.01A/峰3.66 补余=0.0 IO错=0 倾+0.0 自动3/3
[  371.155] EVT 泵 停 最差盘压-75.1
[  371.466] TLM t= 233.7 L1·A@-76 L2·A@-76 L3·A@-76 R1·A@-75 R2·A@-76 R3·A@-76 罐=无罐 泵=0 阀=111111 速=+0,+0,+0.00 电=7.63V/2.85A/峰3.66 补余=0.0 IO错=0 倾+0.0 自动3/3
[  371.968] TLM t= 234.2 L1·A@-76 L2·A@-75 L3·A@-76 R1·A@-75 R2·A@-75 R3·A@-75 罐=无罐 泵=0 阀=111111 速=+0,+0,+0.00 电=7.63V/3.01A/峰3.66 补余=0.0 IO错=0 倾+0.0 自动3/3
[  372.491] TLM t= 234.7 L1·A@-76 L2·A@-75 L3·A@-75 R1·A@-75 R2·A@-75 R3·A@-74 罐=无罐 泵=0 阀=111111 速=+0,+0,+0.00 电=7.61V/2.93A/峰3.66 补余=0.0 IO错=0 倾+0.0 自动3/3
[  372.996] TLM t= 235.2 L1·A@-76 L2·A@-75 L3·A@-75 R1·A@-75 R2·A@-74 R3·A@-74 罐=无罐 泵=0 阀=111111 速=+0,+0,+0.00 电=7.62V/2.93A/峰3.66 补余=0.0 IO错=0 倾+0.0 自动3/3
[  373.517] TLM t= 235.7 L1·A@-76 L2·A@-74 L3·A@-75 R1·A@-75 R2·A@-74 R3·A@-73 罐=无罐 泵=0 阀=111111 速=+0,+0,+0.00 电=7.61V/2.77A/峰3.66 补余=0.0 IO错=0 倾+0.0 自动3/3
[  374.022] TLM t= 236.2 L1·A@-75 L2·A@-74 L3·A@-75 R1·A@-75 R2·A@-73 R3·A@-73 罐=无罐 泵=0 阀=111111 速=+0,+0,+0.00 电=7.63V/3.01A/峰3.66 补余=0.0 IO错=0 倾+0.0 自动3/3
[  374.547] TLM t= 236.7 L1·A@-75 L2·A@-73 L3·A@-75 R1·A@-75 R2·A@-73 R3·A@-72 罐=无罐 泵=0 阀=111111 速=+0,+0,+0.00 电=7.62V/2.93A/峰3.66 补余=0.0 IO错=0 倾+0.0 自动3/3
[  375.049] TLM t= 237.2 L1·A@-75 L2·A@-73 L3·A@-75 R1·A@-75 R2·A@-73 R3·A@-71 罐=无罐 泵=0 阀=111111 速=+0,+0,+0.00 电=7.62V/2.85A/峰3.66 补余=0.0 IO错=0 倾+0.0 自动3/3
[  375.572] TLM t= 237.7 L1·A@-75 L2·A@-72 L3·A@-75 R1·A@-75 R2·A@-72 R3·A@-71 罐=无罐 泵=0 阀=111111 速=+0,+0,+0.00 电=7.61V/2.77A/峰3.66 补余=0.0 IO错=0 倾+0.0 自动3/3
[  376.076] TLM t= 238.2 L1·A@-75 L2·A@-72 L3·A@-75 R1·A@-75 R2·A@-72 R3·A@-70 罐=无罐 泵=0 阀=111111 速=+0,+0,+0.00 电=7.61V/2.85A/峰3.66 补余=0.0 IO错=0 倾+0.0 自动3/3
[  376.595] TLM t= 238.8 L1·A@-75 L2·A@-71 L3·A@-75 R1·A@-75 R2·A@-71 R3·A@-69 罐=无罐 泵=0 阀=111111 速=+0,+0,+0.00 电=7.60V/3.01A/峰3.66 补余=0.0 IO错=0 倾+0.0 自动3/3
[  377.100] TLM t= 239.3 L1·A@-75 L2·A@-71 L3·A@-75 R1·A@-74 R2·A@-71 R3·A@-69 罐=无罐 泵=0 阀=111111 速=+0,+0,+0.00 电=7.62V/2.93A/峰3.66 补余=0.0 IO错=0 倾+0.0 自动3/3
[  377.625] TLM t= 239.8 L1·A@-75 L2·A@-70 L3·A@-74 R1·A@-74 R2·A@-71 R3·A@-68 罐=无罐 泵=0 阀=111111 速=+0,+0,+0.00 电=7.62V/2.93A/峰3.66 补余=0.0 IO错=0 倾+0.0 自动3/3
[  378.127] TLM t= 240.3 L1·A@-75 L2·A@-70 L3·A@-74 R1·A@-74 R2·A@-70 R3·A@-68 罐=无罐 泵=0 阀=111111 速=+0,+0,+0.00 电=7.62V/2.93A/峰3.66 补余=0.0 IO错=0 倾+0.0 自动3/3
[  378.651] TLM t= 240.8 L1·A@-75 L2·A@-70 L3·A@-74 R1·A@-74 R2·A@-70 R3·A@-67 罐=无罐 泵=0 阀=111111 速=+0,+0,+0.00 电=7.62V/2.77A/峰3.66 补余=0.0 IO错=0 倾+0.0 自动3/3
[  379.157] TLM t= 241.3 L1·A@-75 L2·A@-69 L3·A@-74 R1·A@-74 R2·A@-70 R3·A@-67 罐=无罐 泵=0 阀=111111 速=+0,+0,+0.00 电=7.62V/3.01A/峰3.66 补余=0.0 IO错=0 倾+0.0 自动3/3
[  379.676] TLM t= 241.8 L1·A@-75 L2·A@-69 L3·A@-74 R1·A@-74 R2·A@-69 R3·A@-66 罐=无罐 泵=0 阀=111111 速=+0,+0,+0.00 电=7.61V/2.93A/峰3.66 补余=0.0 IO错=0 倾+0.0 自动3/3
[  380.184] TLM t= 242.3 L1·A@-75 L2·A@-68 L3·A@-74 R1·A@-74 R2·A@-69 R3·A@-65 罐=无罐 泵=0 阀=111111 速=+0,+0,+0.00 电=7.63V/2.93A/峰3.66 补余=0.0 IO错=0 倾+0.0 自动3/3
[  380.606] EVT 原地抬起受理：R1
[  380.634] EVT 相位 R1 stance→handover
[  380.706] TLM t= 243.7 L1·A@-74 L2·A@-68 L3·A@-74 R1ZA@-74 R2·A@-68 R3·A@-65 罐=无罐 泵=0 阀=111111 速=+0,+0,+0.00 电=7.62V/2.69A/峰3.66 补余=0.0 IO错=0 倾+0.0 自动3/3
[  381.208] TLM t= 244.2 L1·A@-74 L2·A@-67 L3·A@-74 R1ZA@-74 R2·A@-68 R3·A@-64 罐=无罐 泵=0 阀=111111 速=+0,+0,+0.00 电=7.66V/2.28A/峰3.66 补余=0.0 IO错=0 倾+0.0 自动3/3
[  381.737] TLM t= 244.2 L1·A@-74 L2·A@-67 L3·A@-74 R1ZA@-74 R2·A@-68 R3·A@-64 罐=无罐 泵=0 阀=111111 速=+0,+0,+0.00 电=7.66V/2.04A/峰3.66 补余=0.0 IO错=0 倾+0.0 自动3/3
[  382.243] TLM t= 244.2 L1·A@-74 L2·A@-67 L3·A@-74 R1ZA@-74 R2·A@-67 R3·A@-63 罐=无罐 泵=0 阀=111111 速=+0,+0,+0.00 电=7.66V/2.12A/峰3.66 补余=0.0 IO错=0 倾+0.0 自动3/3
[  382.764] TLM t= 244.2 L1·A@-74 L2·A@-66 L3·A@-74 R1ZA@-74 R2·A@-67 R3·A@-63 罐=无罐 泵=0 阀=111111 速=+0,+0,+0.00 电=7.65V/2.12A/峰3.66 补余=0.0 IO错=0 倾+0.0 自动3/3
[  383.267] TLM t= 244.2 L1·A@-74 L2·A@-66 L3·A@-74 R1ZA@-74 R2·A@-67 R3·A@-62 罐=无罐 泵=0 阀=111111 速=+0,+0,+0.00 电=7.66V/2.12A/峰3.66 补余=0.0 IO错=0 倾+0.0 自动3/3
[  383.788] TLM t= 244.2 L1·A@-74 L2·A@-65 L3·A@-74 R1ZA@-74 R2·A@-66 R3·A@-61 罐=无罐 泵=0 阀=111111 速=+0,+0,+0.00 电=7.65V/2.20A/峰3.66 补余=0.0 IO错=0 倾+0.0 自动3/3
[  383.933] EVT 吸附 R1 attached→venting 在态110.44s -73.6kPa
[  383.934] EVT 相位 R1 handover→vent 落点Δ(+0.0,+0.0)
[  383.962] EVT 阀 R1 →排气位
[  384.235] EVT 相位 R1 vent→lift
[  384.287] TLM t= 244.2 L1·A@-74 L2·A@-65 L3·A@-74 R1Lv@-74 R2·A@-66 R3·A@-61 罐=无罐 泵=0 阀=111011 速=+0,+0,+0.00 电=7.60V/2.52A/峰3.66 补余=0.0 IO错=0 倾+0.0 自动3/3
[  384.357] EVT 吸附 R1 venting→released 在态0.42s -0.1kPa
[  384.813] TLM t= 244.2 L1·A@-74 L2·A@-64 L3·A@-73 R1Lr@-- R2·A@-66 R3·A@-60 罐=无罐 泵=0 阀=111011 速=+0,+0,+0.00 电=7.61V/2.77A/峰3.66 补余=0.0 IO错=0 倾+0.0 自动3/3
[  385.085] EVT 相位 R1 lift→transfer
[  385.233] EVT 泵 开 最差盘压-59.9
[  385.321] TLM t= 244.2 L1·A@-74 L2·A@-64 L3·A@-73 R1Tr@-- R2·A@-65 R3·A@-60 罐=无罐 泵=1 阀=111011 速=+0,+0,+0.00 电=7.54V/2.69A/峰3.66 补余=0.0 IO错=0 倾+0.0 自动3/3
[  385.715] EVT 相位 R1 transfer→hover
[  385.842] TLM t= 244.2 L1·A@-74 L2·A@-72 L3·A@-73 R1Hr@-- R2·A@-72 R3·A@-72 罐=无罐 泵=1 阀=111011 速=+0,+0,+0.00 电=7.61V/2.52A/峰3.66 补余=0.0 IO错=0 倾+0.0 自动3/3
[  386.094] EVT 泵 停 最差盘压-75.1
[  386.345] TLM t= 244.2 L1·A@-76 L2·A@-76 L3·A@-76 R1Hr@-- R2·A@-75 R3·A@-76 罐=无罐 泵=0 阀=111011 速=+0,+0,+0.00 电=7.62V/2.69A/峰3.66 补余=0.0 IO错=0 倾+0.0 自动3/3
[  386.738] EVT 落地：R1
[  386.756] EVT 相位 R1 hover→descend
[  386.869] TLM t= 244.2 L1·A@-76 L2·A@-75 L3·A@-76 R1Dr@-- R2·A@-75 R3·A@-75 罐=无罐 泵=0 阀=111011 速=+0,+0,+0.00 电=7.62V/2.85A/峰3.66 补余=0.0 IO错=0 倾+0.0 自动3/3
[  387.241] EVT 相位 R1 descend→press
[  387.370] TLM t= 244.2 L1·A@-76 L2·A@-75 L3·A@-76 R1Pr@-- R2·A@-74 R3·A@-74 罐=无罐 泵=0 阀=111011 速=+0,+0,+0.00 电=7.63V/2.44A/峰3.66 补余=0.0 IO错=0 倾+0.0 自动3/3
[  387.896] TLM t= 244.2 L1·A@-76 L2·A@-74 L3·A@-76 R1Pr@-- R2·A@-74 R3·A@-74 罐=无罐 泵=0 阀=111011 速=+0,+0,+0.00 电=7.62V/2.77A/峰3.66 补余=0.0 IO错=0 倾+0.0 自动3/3
[  388.396] TLM t= 244.2 L1·A@-76 L2·A@-74 L3·A@-76 R1Pr@-- R2·A@-74 R3·A@-73 罐=无罐 泵=0 阀=111011 速=+0,+0,+0.00 电=7.61V/2.77A/峰3.66 补余=0.0 IO错=0 倾+0.0 自动3/3
[  388.447] EVT 吸附 R1 released→pressing 在态4.06s -0.1kPa
[  388.448] EVT 相位 R1 press→wait
[  388.763] EVT 吸附 R1 pressing→sucking 在态0.32s -0.1kPa
[  388.764] EVT 阀 R1 →抽气位
[  388.791] EVT 泵 开 最差盘压-72.5
[  388.919] TLM t= 244.2 L1·A@-75 L2·A@-73 L3·A@-75 R1Ws@-38 R2·A@-73 R3·A@-72 罐=无罐 泵=1 阀=111111 速=+0,+0,+0.00 电=7.57V/2.44A/峰3.66 补余=0.0 IO错=0 倾+0.0 自动3/3
[  389.125] EVT 吸附 R1 sucking→attached 在态0.36s -65.7kPa
[  389.125] EVT 相位 R1 wait→stance
[  389.125] EVT 抬落完成，轮到 L2
[  389.425] TLM t= 244.5 L1·A@-75 L2·A@-75 L3·A@-75 R1·A@-74 R2·A@-75 R3·A@-75 罐=无罐 泵=1 阀=111111 速=+0,+0,+0.00 电=7.56V/2.77A/峰3.66 补余=0.0 IO错=0 倾+0.0 自动3/3
[  389.514] EVT 泵 停 最差盘压-75.0
[  389.943] TLM t= 245.0 L1·A@-76 L2·A@-76 L3·A@-76 R1·A@-75 R2·A@-76 R3·A@-76 罐=无罐 泵=0 阀=111111 速=+0,+0,+0.00 电=7.62V/2.69A/峰3.66 补余=0.0 IO错=0 倾+0.0 自动3/3
[  390.446] TLM t= 245.5 L1·A@-76 L2·A@-76 L3·A@-76 R1·A@-75 R2·A@-75 R3·A@-75 罐=无罐 泵=0 阀=111111 速=+0,+0,+0.00 电=7.63V/2.60A/峰3.66 补余=0.0 IO错=0 倾+0.0 自动3/3
[  390.971] TLM t= 246.0 L1·A@-76 L2·A@-75 L3·A@-76 R1·A@-75 R2·A@-75 R3·A@-74 罐=无罐 泵=0 阀=111111 速=+0,+0,+0.00 电=7.63V/2.60A/峰3.66 补余=0.0 IO错=0 倾+0.0 自动3/3
[  391.478] TLM t= 246.5 L1·A@-76 L2·A@-75 L3·A@-76 R1·A@-75 R2·A@-74 R3·A@-74 罐=无罐 泵=0 阀=111111 速=+0,+0,+0.00 电=7.63V/2.52A/峰3.66 补余=0.0 IO错=0 倾+0.0 自动3/3
[  392.000] TLM t= 247.0 L1·A@-76 L2·A@-74 L3·A@-76 R1·A@-75 R2·A@-74 R3·A@-73 罐=无罐 泵=0 阀=111111 速=+0,+0,+0.00 电=7.63V/2.77A/峰3.66 补余=0.0 IO错=0 倾+0.0 自动3/3
[  392.503] TLM t= 247.5 L1·A@-76 L2·A@-74 L3·A@-76 R1·A@-75 R2·A@-73 R3·A@-72 罐=无罐 泵=0 阀=111111 速=+0,+0,+0.00 电=7.62V/2.77A/峰3.66 补余=0.0 IO错=0 倾+0.0 自动3/3
[  393.023] TLM t= 248.1 L1·A@-76 L2·A@-73 L3·A@-76 R1·A@-75 R2·A@-73 R3·A@-72 罐=无罐 泵=0 阀=111111 速=+0,+0,+0.00 电=7.64V/2.77A/峰3.66 补余=0.0 IO错=0 倾+0.0 自动3/3
[  393.527] TLM t= 248.6 L1·A@-75 L2·A@-73 L3·A@-76 R1·A@-75 R2·A@-73 R3·A@-71 罐=无罐 泵=0 阀=111111 速=+0,+0,+0.00 电=7.64V/2.69A/峰3.66 补余=0.0 IO错=0 倾+0.0 自动3/3
[  394.052] TLM t= 249.1 L1·A@-75 L2·A@-72 L3·A@-76 R1·A@-75 R2·A@-72 R3·A@-71 罐=无罐 泵=0 阀=111111 速=+0,+0,+0.00 电=7.64V/2.77A/峰3.66 补余=0.0 IO错=0 倾+0.0 自动3/3
[  394.556] TLM t= 249.6 L1·A@-75 L2·A@-72 L3·A@-76 R1·A@-75 R2·A@-72 R3·A@-70 罐=无罐 泵=0 阀=111111 速=+0,+0,+0.00 电=7.63V/2.52A/峰3.66 补余=0.0 IO错=0 倾+0.0 自动3/3
[  395.076] TLM t= 250.1 L1·A@-75 L2·A@-71 L3·A@-75 R1·A@-75 R2·A@-71 R3·A@-69 罐=无罐 泵=0 阀=111111 速=+0,+0,+0.00 电=7.63V/2.60A/峰3.66 补余=0.0 IO错=0 倾+0.0 自动3/3
[  395.578] TLM t= 250.6 L1·A@-75 L2·A@-71 L3·A@-75 R1·A@-74 R2·A@-71 R3·A@-69 罐=无罐 泵=0 阀=111111 速=+0,+0,+0.00 电=7.65V/2.36A/峰3.66 补余=0.0 IO错=0 倾+0.0 自动3/3
[  396.102] TLM t= 251.1 L1·A@-75 L2·A@-71 L3·A@-75 R1·A@-74 R2·A@-71 R3·A@-68 罐=无罐 泵=0 阀=111111 速=+0,+0,+0.00 电=7.63V/2.60A/峰3.66 补余=0.0 IO错=0 倾+0.0 自动3/3
[  396.607] TLM t= 251.6 L1·A@-75 L2·A@-70 L3·A@-75 R1·A@-74 R2·A@-70 R3·A@-68 罐=无罐 泵=0 阀=111111 速=+0,+0,+0.00 电=7.60V/2.69A/峰3.66 补余=0.0 IO错=0 倾+0.0 自动3/3
[  397.132] TLM t= 252.1 L1·A@-75 L2·A@-70 L3·A@-75 R1·A@-74 R2·A@-70 R3·A@-67 罐=无罐 泵=0 阀=111111 速=+0,+0,+0.00 电=7.62V/2.52A/峰3.66 补余=0.0 IO错=0 倾+0.0 自动3/3
[  397.634] TLM t= 252.6 L1·A@-75 L2·A@-69 L3·A@-75 R1·A@-74 R2·A@-70 R3·A@-66 罐=无罐 泵=0 阀=111111 速=+0,+0,+0.00 电=7.61V/2.52A/峰3.66 补余=0.0 IO错=0 倾+0.0 自动3/3
[  398.160] TLM t= 253.2 L1·A@-75 L2·A@-69 L3·A@-75 R1·A@-74 R2·A@-69 R3·A@-66 罐=无罐 泵=0 阀=111111 速=+0,+0,+0.00 电=7.62V/2.77A/峰3.66 补余=0.0 IO错=0 倾+0.0 自动3/3
[  398.665] TLM t= 253.7 L1·A@-75 L2·A@-68 L3·A@-75 R1·A@-74 R2·A@-69 R3·A@-65 罐=无罐 泵=0 阀=111111 速=+0,+0,+0.00 电=7.62V/2.52A/峰3.66 补余=0.0 IO错=0 倾+0.0 自动3/3
[  399.148] EVT 原地抬起受理：L2
[  399.175] EVT 相位 L2 stance→handover
[  399.188] TLM t= 255.0 L1·A@-75 L2ZA@-68 L3·A@-75 R1·A@-74 R2·A@-69 R3·A@-64 罐=无罐 泵=0 阀=111111 速=+0,+0,+0.00 电=7.63V/2.77A/峰3.66 补余=0.0 IO错=0 倾+0.0 自动3/3
[  399.698] TLM t= 255.5 L1·A@-75 L2ZA@-68 L3·A@-75 R1·A@-74 R2·A@-68 R3·A@-64 罐=无罐 泵=0 阀=111111 速=+0,+0,+0.00 电=7.65V/2.52A/峰3.66 补余=0.0 IO错=0 倾+0.0 自动3/3
[  400.207] TLM t= 255.6 L1·A@-74 L2ZA@-67 L3·A@-75 R1·A@-74 R2·A@-68 R3·A@-63 罐=无罐 泵=0 阀=111111 速=+0,+0,+0.00 电=7.62V/2.77A/峰3.66 补余=0.0 IO错=0 倾+0.0 自动3/3
[  400.714] TLM t= 255.6 L1·A@-74 L2ZA@-67 L3·A@-75 R1·A@-74 R2·A@-67 R3·A@-62 罐=无罐 泵=0 阀=111111 速=+0,+0,+0.00 电=7.60V/2.93A/峰3.66 补余=0.0 IO错=0 倾+0.0 自动3/3
[  401.233] TLM t= 255.6 L1·A@-74 L2ZA@-66 L3·A@-75 R1·A@-74 R2·A@-67 R3·A@-62 罐=无罐 泵=0 阀=111111 速=+0,+0,+0.00 电=7.61V/3.01A/峰3.66 补余=0.0 IO错=0 倾+0.0 自动3/3
[  401.559] EVT 吸附 L2 attached→venting 在态110.50s -65.8kPa
[  401.559] EVT 相位 L2 handover→vent 落点Δ(+0.0,+0.0)
[  401.587] EVT 阀 L2 →排气位
[  401.751] TLM t= 255.6 L1·A@-74 L2Vv@-66 L3·A@-75 R1·A@-74 R2·A@-67 R3·A@-61 罐=无罐 泵=0 阀=101111 速=+0,+0,+0.00 电=7.60V/3.26A/峰3.66 补余=0.0 IO错=0 倾+0.0 自动3/3
[  401.860] EVT 相位 L2 vent→lift
[  401.982] EVT 吸附 L2 venting→released 在态0.42s 0.3kPa
[  402.257] TLM t= 255.6 L1·A@-74 L2Lr@-- L3·A@-75 R1·A@-74 R2·A@-66 R3·A@-61 罐=无罐 泵=0 阀=101111 速=+0,+0,+0.00 电=7.57V/3.26A/峰3.66 补余=0.0 IO错=0 倾+0.0 自动3/3
[  402.703] EVT 相位 L2 lift→transfer
[  402.757] TLM t= 255.6 L1·A@-74 L2Tr@-- L3·A@-75 R1·A@-74 R2·A@-66 R3·A@-60 罐=无罐 泵=0 阀=101111 速=+0,+0,+0.00 电=7.61V/3.01A/峰3.66 补余=0.0 IO错=0 倾+0.0 自动3/3
[  402.809] EVT 泵 开 最差盘压-60.0
[  403.285] TLM t= 255.6 L1·A@-74 L2Tr@-- L3·A@-75 R1·A@-74 R2·A@-69 R3·A@-69 罐=无罐 泵=1 阀=101111 速=+0,+0,+0.00 电=7.55V/3.50A/峰3.66 补余=0.0 IO错=0 倾+0.0 自动3/3
[  403.338] EVT 相位 L2 transfer→hover
[  403.639] EVT 泵 停 最差盘压-75.2
[  403.784] TLM t= 255.6 L1·A@-76 L2Hr@-- L3·A@-76 R1·A@-76 R2·A@-76 R3·A@-76 罐=无罐 泵=0 阀=101111 速=+0,+0,+0.00 电=7.60V/3.09A/峰3.66 补余=0.0 IO错=0 倾+0.0 自动3/3
[  404.310] TLM t= 255.6 L1·A@-76 L2Hr@-- L3·A@-76 R1·A@-76 R2·A@-76 R3·A@-76 罐=无罐 泵=0 阀=101111 速=+0,+0,+0.00 电=7.61V/3.09A/峰3.66 补余=0.0 IO错=0 倾+0.0 自动3/3
[  404.364] EVT 落地：L2
[  404.381] EVT 相位 L2 hover→descend
[  404.810] TLM t= 255.6 L1·A@-76 L2Dr@-- L3·A@-76 R1·A@-76 R2·A@-75 R3·A@-75 罐=无罐 泵=0 阀=101111 速=+0,+0,+0.00 电=7.59V/3.17A/峰3.66 补余=0.0 IO错=0 倾+0.0 自动3/3
[  404.862] EVT 相位 L2 descend→press
[  405.336] TLM t= 255.6 L1·A@-76 L2Pr@-- L3·A@-76 R1·A@-76 R2·A@-75 R3·A@-74 罐=无罐 泵=0 阀=101111 速=+0,+0,+0.00 电=7.60V/3.17A/峰3.66 补余=0.0 IO错=0 倾+0.0 自动3/3
[  405.840] TLM t= 255.6 L1·A@-76 L2Pr@-- L3·A@-76 R1·A@-76 R2·A@-74 R3·A@-74 罐=无罐 泵=0 阀=101111 速=+0,+0,+0.00 电=7.58V/3.17A/峰3.66 补余=0.0 IO错=0 倾+0.0 自动3/3
[  406.068] EVT 吸附 L2 released→pressing 在态4.06s 0.3kPa
[  406.068] EVT 相位 L2 press→wait
[  406.363] TLM t= 255.6 L1·A@-76 L2Wp@-- L3·A@-76 R1·A@-75 R2·A@-74 R3·A@-73 罐=无罐 泵=0 阀=101111 速=+0,+0,+0.00 电=7.57V/3.26A/峰3.66 补余=0.0 IO错=0 倾+0.0 自动3/3
[  406.390] EVT 吸附 L2 pressing→sucking 在态0.32s 0.3kPa
[  406.391] EVT 阀 L2 →抽气位
[  406.418] EVT 泵 开 最差盘压-72.8
[  406.691] EVT 吸附 L2 sucking→attached 在态0.30s -64.7kPa
[  406.692] EVT 相位 L2 wait→stance
[  406.692] EVT 抬落完成，轮到 R3
[  406.692] EVT 自动轮换：第 3 轮完成
[  406.869] TLM t= 255.8 L1·A@-76 L2·A@-71 L3·A@-76 R1·A@-75 R2·A@-73 R3·A@-72 罐=无罐 泵=1 阀=111111 速=+0,+0,+0.00 电=7.59V/3.01A/峰3.66 补余=0.0 IO错=0 倾+0.0 自动3/3
[  407.100] EVT 泵 停 最差盘压-75.4
[  407.395] TLM t= 256.3 L1·A@-76 L2·A@-76 L3·A@-76 R1·A@-75 R2·A@-76 R3·A@-76 罐=无罐 泵=0 阀=111111 速=+0,+0,+0.00 电=7.58V/3.09A/峰3.66 补余=0.0 IO错=0 倾+0.0 自动3/3
[  407.898] TLM t= 256.8 L1·A@-76 L2·A@-76 L3·A@-76 R1·A@-75 R2·A@-75 R3·A@-75 罐=无罐 泵=0 阀=111111 速=+0,+0,+0.00 电=7.61V/3.01A/峰3.66 补余=0.0 IO错=0 倾+0.0 自动3/3
[  408.420] TLM t= 257.3 L1·A@-76 L2·A@-75 L3·A@-76 R1·A@-75 R2·A@-75 R3·A@-75 罐=无罐 泵=0 阀=111111 速=+0,+0,+0.00 电=7.60V/3.17A/峰3.66 补余=0.0 IO错=0 倾+0.0 自动3/3
[  408.927] TLM t= 257.8 L1·A@-76 L2·A@-74 L3·A@-76 R1·A@-75 R2·A@-74 R3·A@-74 罐=无罐 泵=0 阀=111111 速=+0,+0,+0.00 电=7.61V/3.01A/峰3.66 补余=0.0 IO错=0 倾+0.0 自动3/3
[  409.445] TLM t= 258.3 L1·A@-76 L2·A@-74 L3·A@-76 R1·A@-75 R2·A@-74 R3·A@-73 罐=无罐 泵=0 阀=111111 速=+0,+0,+0.00 电=7.60V/3.09A/峰3.66 补余=0.0 IO错=0 倾+0.0 自动3/3
[  409.946] TLM t= 258.8 L1·A@-76 L2·A@-73 L3·A@-76 R1·A@-75 R2·A@-74 R3·A@-73 罐=无罐 泵=0 阀=111111 速=+0,+0,+0.00 电=7.61V/3.09A/峰3.66 补余=0.0 IO错=0 倾+0.0 自动3/3
[  410.469] TLM t= 259.3 L1·A@-76 L2·A@-73 L3·A@-76 R1·A@-75 R2·A@-73 R3·A@-72 罐=无罐 泵=0 阀=111111 速=+0,+0,+0.00 电=7.60V/3.01A/峰3.66 补余=0.0 IO错=0 倾+0.0 自动3/3
[  410.974] TLM t= 259.8 L1·A@-76 L2·A@-72 L3·A@-76 R1·A@-75 R2·A@-73 R3·A@-71 罐=无罐 泵=0 阀=111111 速=+0,+0,+0.00 电=7.59V/3.09A/峰3.66 补余=0.0 IO错=0 倾+0.0 自动3/3
[  411.494] TLM t= 260.4 L1·A@-75 L2·A@-72 L3·A@-76 R1·A@-75 R2·A@-72 R3·A@-71 罐=无罐 泵=0 阀=111111 速=+0,+0,+0.00 电=7.61V/2.93A/峰3.66 补余=0.0 IO错=0 倾+0.0 自动3/3
[  412.006] TLM t= 260.9 L1·A@-75 L2·A@-71 L3·A@-76 R1·A@-75 R2·A@-72 R3·A@-70 罐=无罐 泵=0 阀=111111 速=+0,+0,+0.00 电=7.59V/3.09A/峰3.66 补余=0.0 IO错=0 倾+0.0 自动3/3
[  412.527] TLM t= 261.4 L1·A@-75 L2·A@-71 L3·A@-76 R1·A@-75 R2·A@-72 R3·A@-69 罐=无罐 泵=0 阀=111111 速=+0,+0,+0.00 电=7.58V/3.17A/峰3.66 补余=0.0 IO错=0 倾+0.0 自动3/3
[  413.028] TLM t= 261.9 L1·A@-75 L2·A@-71 L3·A@-76 R1·A@-75 R2·A@-71 R3·A@-69 罐=无罐 泵=0 阀=111111 速=+0,+0,+0.00 电=7.60V/3.17A/峰3.66 补余=0.0 IO错=0 倾+0.0 自动3/3
[  413.552] TLM t= 262.4 L1·A@-75 L2·A@-70 L3·A@-75 R1·A@-75 R2·A@-71 R3·A@-68 罐=无罐 泵=0 阀=111111 速=+0,+0,+0.00 电=7.61V/2.93A/峰3.66 补余=0.0 IO错=0 倾+0.0 自动3/3
[  414.055] TLM t= 262.9 L1·A@-75 L2·A@-70 L3·A@-75 R1·A@-75 R2·A@-71 R3·A@-67 罐=无罐 泵=0 阀=111111 速=+0,+0,+0.00 电=7.61V/3.09A/峰3.66 补余=0.0 IO错=0 倾+0.0 自动3/3
[  414.575] TLM t= 263.4 L1·A@-75 L2·A@-69 L3·A@-75 R1·A@-75 R2·A@-70 R3·A@-67 罐=无罐 泵=0 阀=111111 速=+0,+0,+0.00 电=7.60V/3.17A/峰3.66 补余=0.0 IO错=0 倾+0.0 自动3/3
[  415.080] TLM t= 263.9 L1·A@-75 L2·A@-69 L3·A@-75 R1·A@-75 R2·A@-70 R3·A@-66 罐=无罐 泵=0 阀=111111 速=+0,+0,+0.00 电=7.59V/3.01A/峰3.66 补余=0.0 IO错=0 倾+0.0 自动3/3
[  415.600] TLM t= 264.4 L1·A@-75 L2·A@-68 L3·A@-75 R1·A@-75 R2·A@-69 R3·A@-65 罐=无罐 泵=0 阀=111111 速=+0,+0,+0.00 电=7.61V/2.93A/峰3.66 补余=0.0 IO错=0 倾+0.0 自动3/3
[  416.106] TLM t= 264.9 L1·A@-75 L2·A@-68 L3·A@-75 R1·A@-75 R2·A@-69 R3·A@-65 罐=无罐 泵=0 阀=111111 速=+0,+0,+0.00 电=7.60V/3.09A/峰3.66 补余=0.0 IO错=0 倾+0.0 自动3/3
[  416.626] TLM t= 265.5 L1·A@-75 L2·A@-67 L3·A@-75 R1·A@-75 R2·A@-69 R3·A@-64 罐=无罐 泵=0 阀=111111 速=+0,+0,+0.00 电=7.59V/3.09A/峰3.66 补余=0.0 IO错=0 倾+0.0 自动3/3
[  417.127] TLM t= 266.0 L1·A@-75 L2·A@-67 L3·A@-75 R1·A@-75 R2·A@-68 R3·A@-63 罐=无罐 泵=0 阀=111111 速=+0,+0,+0.00 电=7.59V/3.09A/峰3.66 补余=0.0 IO错=0 倾+0.0 自动3/3
[  417.651] TLM t= 266.5 L1·A@-75 L2·A@-67 L3·A@-75 R1·A@-75 R2·A@-68 R3·A@-63 罐=无罐 泵=0 阀=111111 速=+0,+0,+0.00 电=7.60V/3.09A/峰3.66 补余=0.0 IO错=0 倾+0.0 自动3/3
[  418.158] TLM t= 267.0 L1·A@-74 L2·A@-66 L3·A@-75 R1·A@-75 R2·A@-68 R3·A@-62 罐=无罐 泵=0 阀=111111 速=+0,+0,+0.00 电=7.61V/3.09A/峰3.66 补余=0.0 IO错=0 倾+0.0 自动3/3
[  418.677] TLM t= 267.5 L1·A@-74 L2·A@-66 L3·A@-75 R1·A@-75 R2·A@-67 R3·A@-61 罐=无罐 泵=0 阀=111111 速=+0,+0,+0.00 电=7.61V/2.93A/峰3.66 补余=0.0 IO错=0 倾+0.0 自动3/3
[  419.181] TLM t= 268.0 L1·A@-74 L2·A@-65 L3·A@-75 R1·A@-75 R2·A@-67 R3·A@-61 罐=无罐 泵=0 阀=111111 速=+0,+0,+0.00 电=7.59V/3.09A/峰3.66 补余=0.0 IO错=0 倾+0.0 自动3/3
[  419.703] TLM t= 268.5 L1·A@-74 L2·A@-65 L3·A@-75 R1·A@-74 R2·A@-67 R3·A@-60 罐=无罐 泵=0 阀=111111 速=+0,+0,+0.00 电=7.60V/3.01A/峰3.66 补余=0.0 IO错=0 倾+0.0 自动3/3
[  419.836] EVT 泵 开 最差盘压-59.9
[  420.207] TLM t= 269.0 L1·A@-74 L2·A@-67 L3·A@-75 R1·A@-74 R2·A@-67 R3·A@-67 罐=无罐 泵=1 阀=111111 速=+0,+0,+0.00 电=7.54V/2.93A/峰3.66 补余=0.0 IO错=0 倾+0.0 自动3/3
[  420.726] TLM t= 269.5 L1·A@-76 L2·A@-76 L3·A@-76 R1·A@-75 R2·A@-76 R3·A@-76 罐=无罐 泵=1 阀=111111 速=+0,+0,+0.00 电=7.57V/2.93A/峰3.66 补余=0.0 IO错=0 倾+0.0 自动3/3
[  420.739] EVT 泵 停 最差盘压-75.4
[  421.231] TLM t= 270.0 L1·A@-77 L2·A@-76 L3·A@-77 R1·A@-76 R2·A@-76 R3·A@-76 罐=无罐 泵=0 阀=111111 速=+0,+0,+0.00 电=7.59V/3.01A/峰3.66 补余=0.0 IO错=0 倾+0.0 自动3/3
[  421.751] TLM t= 270.6 L1·A@-76 L2·A@-76 L3·A@-76 R1·A@-76 R2·A@-76 R3·A@-75 罐=无罐 泵=0 阀=111111 速=+0,+0,+0.00 电=7.61V/3.26A/峰3.66 补余=0.0 IO错=0 倾+0.0 自动3/3
[  422.254] TLM t= 271.1 L1·A@-76 L2·A@-75 L3·A@-76 R1·A@-76 R2·A@-75 R3·A@-75 罐=无罐 泵=0 阀=111111 速=+0,+0,+0.00 电=7.60V/3.09A/峰3.66 补余=0.0 IO错=0 倾+0.0 自动3/3
[  422.777] TLM t= 271.6 L1·A@-76 L2·A@-75 L3·A@-76 R1·A@-76 R2·A@-75 R3·A@-74 罐=无罐 泵=0 阀=111111 速=+0,+0,+0.00 电=7.60V/3.09A/峰3.66 补余=0.0 IO错=0 倾+0.0 自动3/3
[  423.281] TLM t= 272.1 L1·A@-76 L2·A@-74 L3·A@-76 R1·A@-76 R2·A@-74 R3·A@-73 罐=无罐 泵=0 阀=111111 速=+0,+0,+0.00 电=7.60V/3.01A/峰3.66 补余=0.0 IO错=0 倾+0.0 自动3/3
[  423.803] TLM t= 272.6 L1·A@-76 L2·A@-74 L3·A@-76 R1·A@-76 R2·A@-74 R3·A@-73 罐=无罐 泵=0 阀=111111 速=+0,+0,+0.00 电=7.61V/2.93A/峰3.66 补余=0.0 IO错=0 倾+0.0 自动3/3
[  424.306] TLM t= 273.1 L1·A@-76 L2·A@-74 L3·A@-76 R1·A@-76 R2·A@-73 R3·A@-72 罐=无罐 泵=0 阀=111111 速=+0,+0,+0.00 电=7.60V/3.09A/峰3.66 补余=0.0 IO错=0 倾+0.0 自动3/3
[  424.828] TLM t= 273.6 L1·A@-76 L2·A@-73 L3·A@-76 R1·A@-76 R2·A@-73 R3·A@-72 罐=无罐 泵=0 阀=111111 速=+0,+0,+0.00 电=7.59V/3.01A/峰3.66 补余=0.0 IO错=0 倾+0.0 自动3/3
[  425.331] TLM t= 274.1 L1·A@-76 L2·A@-73 L3·A@-76 R1·A@-76 R2·A@-73 R3·A@-71 罐=无罐 泵=0 阀=111111 速=+0,+0,+0.00 电=7.59V/3.09A/峰3.66 补余=0.0 IO错=0 倾+0.0 自动3/3
[  425.853] TLM t= 274.6 L1·A@-76 L2·A@-72 L3·A@-76 R1·A@-76 R2·A@-72 R3·A@-70 罐=无罐 泵=0 阀=111111 速=+0,+0,+0.00 电=7.60V/3.09A/峰3.66 补余=0.0 IO错=0 倾+0.0 自动3/3
[  426.357] TLM t= 275.1 L1·A@-76 L2·A@-72 L3·A@-76 R1·A@-76 R2·A@-72 R3·A@-70 罐=无罐 泵=0 阀=111111 速=+0,+0,+0.00 电=7.59V/3.01A/峰3.66 补余=0.0 IO错=0 倾+0.0 自动3/3
[  426.878] TLM t= 275.7 L1·A@-76 L2·A@-71 L3·A@-76 R1·A@-76 R2·A@-72 R3·A@-69 罐=无罐 泵=0 阀=111111 速=+0,+0,+0.00 电=7.59V/2.93A/峰3.66 补余=0.0 IO错=0 倾+0.0 自动3/3
[  427.381] TLM t= 276.2 L1·A@-75 L2·A@-71 L3·A@-76 R1·A@-75 R2·A@-71 R3·A@-68 罐=无罐 泵=0 阀=111111 速=+0,+0,+0.00 电=7.59V/3.01A/峰3.66 补余=0.0 IO错=0 倾+0.0 自动3/3
[  427.905] TLM t= 276.7 L1·A@-75 L2·A@-70 L3·A@-76 R1·A@-75 R2·A@-71 R3·A@-68 罐=无罐 泵=0 阀=111111 速=+0,+0,+0.00 电=7.60V/3.01A/峰3.66 补余=0.0 IO错=0 倾+0.0 自动3/3
[  428.407] TLM t= 277.2 L1·A@-75 L2·A@-70 L3·A@-76 R1·A@-75 R2·A@-70 R3·A@-67 罐=无罐 泵=0 阀=111111 速=+0,+0,+0.00 电=7.62V/3.09A/峰3.66 补余=0.0 IO错=0 倾+0.0 自动3/3
[  428.930] TLM t= 277.7 L1·A@-75 L2·A@-70 L3·A@-76 R1·A@-75 R2·A@-70 R3·A@-67 罐=无罐 泵=0 阀=111111 速=+0,+0,+0.00 电=7.60V/2.93A/峰3.66 补余=0.0 IO错=0 倾+0.0 自动3/3
[  429.435] TLM t= 278.2 L1·A@-75 L2·A@-69 L3·A@-76 R1·A@-75 R2·A@-70 R3·A@-66 罐=无罐 泵=0 阀=111111 速=+0,+0,+0.00 电=7.60V/3.17A/峰3.66 补余=0.0 IO错=0 倾+0.0 自动3/3
[  429.957] TLM t= 278.7 L1·A@-75 L2·A@-69 L3·A@-76 R1·A@-75 R2·A@-69 R3·A@-65 罐=无罐 泵=0 阀=111111 速=+0,+0,+0.00 电=7.59V/3.09A/峰3.66 补余=0.0 IO错=0 倾+0.0 自动3/3
[  430.460] TLM t= 279.2 L1·A@-75 L2·A@-68 L3·A@-76 R1·A@-75 R2·A@-69 R3·A@-65 罐=无罐 泵=0 阀=111111 速=+0,+0,+0.00 电=7.60V/3.01A/峰3.66 补余=0.0 IO错=0 倾+0.0 自动3/3
[  430.982] TLM t= 279.7 L1·A@-75 L2·A@-68 L3·A@-75 R1·A@-75 R2·A@-69 R3·A@-64 罐=无罐 泵=0 阀=111111 速=+0,+0,+0.00 电=7.59V/3.01A/峰3.66 补余=0.0 IO错=0 倾+0.0 自动3/3
[  431.484] TLM t= 280.2 L1·A@-75 L2·A@-68 L3·A@-75 R1·A@-75 R2·A@-68 R3·A@-63 罐=无罐 泵=0 阀=111111 速=+0,+0,+0.00 电=7.60V/3.09A/峰3.66 补余=0.0 IO错=0 倾+0.0 自动3/3
[  432.007] TLM t= 280.8 L1·A@-75 L2·A@-67 L3·A@-75 R1·A@-75 R2·A@-68 R3·A@-63 罐=无罐 泵=0 阀=111111 速=+0,+0,+0.00 电=7.59V/3.01A/峰3.66 补余=0.0 IO错=0 倾+0.0 自动3/3
[  432.512] TLM t= 281.3 L1·A@-75 L2·A@-67 L3·A@-75 R1·A@-75 R2·A@-67 R3·A@-62 罐=无罐 泵=0 阀=111111 速=+0,+0,+0.00 电=7.60V/3.01A/峰3.66 补余=0.0 IO错=0 倾+0.0 自动3/3
[  433.032] TLM t= 281.8 L1·A@-75 L2·A@-66 L3·A@-75 R1·A@-75 R2·A@-67 R3·A@-61 罐=无罐 泵=0 阀=111111 速=+0,+0,+0.00 电=7.58V/3.01A/峰3.66 补余=0.0 IO错=0 倾+0.0 自动3/3
[  433.540] TLM t= 282.3 L1·A@-75 L2·A@-66 L3·A@-75 R1·A@-75 R2·A@-67 R3·A@-61 罐=无罐 泵=0 阀=111111 速=+0,+0,+0.00 电=7.57V/3.26A/峰3.66 补余=0.0 IO错=0 倾+0.0 自动3/3
[  434.059] TLM t= 282.8 L1·A@-74 L2·A@-65 L3·A@-75 R1·A@-75 R2·A@-66 R3·A@-60 罐=无罐 泵=0 阀=111111 速=+0,+0,+0.00 电=7.60V/3.09A/峰3.66 补余=0.0 IO错=0 倾+0.0 自动3/3
[  434.132] EVT 泵 开 最差盘压-59.9
[  434.566] TLM t= 283.3 L1·A@-74 L2·A@-68 L3·A@-75 R1·A@-75 R2·A@-69 R3·A@-69 罐=无罐 泵=1 阀=111111 速=+0,+0,+0.00 电=7.57V/3.01A/峰3.66 补余=0.0 IO错=0 倾+0.0 自动3/3
[  434.975] EVT 泵 停 最差盘压-75.0
[  435.087] TLM t= 283.8 L1·A@-76 L2·A@-76 L3·A@-76 R1·A@-75 R2·A@-76 R3·A@-76 罐=无罐 泵=0 阀=111111 速=+0,+0,+0.00 电=7.60V/2.93A/峰3.66 补余=0.0 IO错=0 倾+0.0 自动3/3
[  435.588] TLM t= 284.3 L1·A@-76 L2·A@-76 L3·A@-76 R1·A@-76 R2·A@-75 R3·A@-76 罐=无罐 泵=0 阀=111111 速=+0,+0,+0.00 电=7.58V/2.93A/峰3.66 补余=0.0 IO错=0 倾+0.0 自动3/3
[  436.111] TLM t= 284.8 L1·A@-76 L2·A@-75 L3·A@-76 R1·A@-76 R2·A@-75 R3·A@-75 罐=无罐 泵=0 阀=111111 速=+0,+0,+0.00 电=7.60V/3.01A/峰3.66 补余=0.0 IO错=0 倾+0.0 自动3/3
[  436.612] TLM t= 285.3 L1·A@-76 L2·A@-75 L3·A@-76 R1·A@-76 R2·A@-75 R3·A@-74 罐=无罐 泵=0 阀=111111 速=+0,+0,+0.00 电=7.59V/3.01A/峰3.66 补余=0.0 IO错=0 倾+0.0 自动3/3
[  436.706] EVT 实验序列完成
[  437.135] TLM t= 285.9 L1·A@-76 L2·A@-74 L3·A@-76 R1·A@-75 R2·A@-74 R3·A@-74 罐=无罐 泵=0 阀=111111 速=+0,+0,+0.00 电=7.61V/3.17A/峰3.66 补余=0.0 IO错=0 倾+0.0
[  437.643] TLM t= 286.4 L1·A@-76 L2·A@-74 L3·A@-76 R1·A@-75 R2·A@-74 R3·A@-73 罐=无罐 泵=0 阀=111111 速=+0,+0,+0.00 电=7.59V/3.17A/峰3.66 补余=0.0 IO错=0 倾+0.0
[  438.160] TLM t= 286.9 L1·A@-76 L2·A@-74 L3·A@-76 R1·A@-75 R2·A@-73 R3·A@-72 罐=无罐 泵=0 阀=111111 速=+0,+0,+0.00 电=7.58V/3.01A/峰3.66 补余=0.0 IO错=0 倾+0.0
[  438.667] TLM t= 287.4 L1·A@-76 L2·A@-73 L3·A@-76 R1·A@-75 R2·A@-73 R3·A@-72 罐=无罐 泵=0 阀=111111 速=+0,+0,+0.00 电=7.59V/3.09A/峰3.66 补余=0.0 IO错=0 倾+0.0
[  439.186] TLM t= 287.9 L1·A@-76 L2·A@-73 L3·A@-76 R1·A@-75 R2·A@-73 R3·A@-71 罐=无罐 泵=0 阀=111111 速=+0,+0,+0.00 电=7.61V/3.17A/峰3.66 补余=0.0 IO错=0 倾+0.0
[  439.695] TLM t= 288.4 L1·A@-75 L2·A@-72 L3·A@-76 R1·A@-75 R2·A@-72 R3·A@-70 罐=无罐 泵=0 阀=111111 速=+0,+0,+0.00 电=7.58V/2.93A/峰3.66 补余=0.0 IO错=0 倾+0.0
[  440.216] TLM t= 288.9 L1·A@-75 L2·A@-72 L3·A@-76 R1·A@-75 R2·A@-72 R3·A@-70 罐=无罐 泵=0 阀=111111 速=+0,+0,+0.00 电=7.58V/3.09A/峰3.66 补余=0.0 IO错=0 倾+0.0
[  440.723] TLM t= 289.4 L1·A@-75 L2·A@-71 L3·A@-76 R1·A@-75 R2·A@-71 R3·A@-69 罐=无罐 泵=0 阀=111111 速=+0,+0,+0.00 电=7.58V/3.09A/峰3.66 补余=0.0 IO错=0 倾+0.0
[  441.241] TLM t= 289.9 L1·A@-75 L2·A@-71 L3·A@-76 R1·A@-75 R2·A@-71 R3·A@-69 罐=无罐 泵=0 阀=111111 速=+0,+0,+0.00 电=7.60V/3.09A/峰3.66 补余=0.0 IO错=0 倾+0.0
[  441.744] TLM t= 290.4 L1·A@-75 L2·A@-71 L3·A@-76 R1·A@-75 R2·A@-71 R3·A@-68 罐=无罐 泵=0 阀=111111 速=+0,+0,+0.00 电=7.59V/3.01A/峰3.66 补余=0.0 IO错=0 倾+0.0
[  442.269] TLM t= 291.0 L1·A@-75 L2·A@-70 L3·A@-75 R1·A@-75 R2·A@-70 R3·A@-67 罐=无罐 泵=0 阀=111111 速=+0,+0,+0.00 电=7.59V/3.09A/峰3.66 补余=0.0 IO错=0 倾+0.0
[  442.773] TLM t= 291.5 L1·A@-75 L2·A@-70 L3·A@-75 R1·A@-75 R2·A@-70 R3·A@-67 罐=无罐 泵=0 阀=111111 速=+0,+0,+0.00 电=7.60V/3.01A/峰3.66 补余=0.0 IO错=0 倾+0.0
[  443.296] TLM t= 292.0 L1·A@-75 L2·A@-69 L3·A@-75 R1·A@-75 R2·A@-70 R3·A@-66 罐=无罐 泵=0 阀=111111 速=+0,+0,+0.00 电=7.60V/3.09A/峰3.66 补余=0.0 IO错=0 倾+0.0
[  443.800] TLM t= 292.5 L1·A@-75 L2·A@-69 L3·A@-75 R1·A@-75 R2·A@-69 R3·A@-65 罐=无罐 泵=0 阀=111111 速=+0,+0,+0.00 电=7.58V/2.93A/峰3.66 补余=0.0 IO错=0 倾+0.0
[  444.320] TLM t= 293.0 L1·A@-75 L2·A@-68 L3·A@-75 R1·A@-75 R2·A@-69 R3·A@-65 罐=无罐 泵=0 阀=111111 速=+0,+0,+0.00 电=7.59V/3.01A/峰3.66 补余=0.0 IO错=0 倾+0.0
[  444.826] TLM t= 293.5 L1·A@-75 L2·A@-68 L3·A@-75 R1·A@-75 R2·A@-68 R3·A@-64 罐=无罐 泵=0 阀=111111 速=+0,+0,+0.00 电=7.59V/3.09A/峰3.66 补余=0.0 IO错=0 倾+0.0
[  445.346] TLM t= 294.0 L1·A@-75 L2·A@-68 L3·A@-75 R1·A@-75 R2·A@-68 R3·A@-64 罐=无罐 泵=0 阀=111111 速=+0,+0,+0.00 电=7.60V/3.01A/峰3.66 补余=0.0 IO错=0 倾+0.0
[  445.853] TLM t= 294.5 L1·A@-75 L2·A@-67 L3·A@-75 R1·A@-75 R2·A@-68 R3·A@-63 罐=无罐 泵=0 阀=111111 速=+0,+0,+0.00 电=7.60V/3.17A/峰3.66 补余=0.0 IO错=0 倾+0.0
[  446.376] TLM t= 295.0 L1·A@-74 L2·A@-67 L3·A@-75 R1·A@-75 R2·A@-67 R3·A@-62 罐=无罐 泵=0 阀=111111 速=+0,+0,+0.00 电=7.60V/3.01A/峰3.66 补余=0.0 IO错=0 倾+0.0
[  446.879] TLM t= 295.5 L1·A@-74 L2·A@-66 L3·A@-75 R1·A@-75 R2·A@-67 R3·A@-62 罐=无罐 泵=0 阀=111111 速=+0,+0,+0.00 电=7.59V/3.09A/峰3.66 补余=0.0 IO错=0 倾+0.0
[  447.401] TLM t= 296.1 L1·A@-74 L2·A@-66 L3·A@-75 R1·A@-75 R2·A@-67 R3·A@-61 罐=无罐 泵=0 阀=111111 速=+0,+0,+0.00 电=7.59V/3.09A/峰3.66 补余=0.0 IO错=0 倾+0.0
[  447.904] TLM t= 296.6 L1·A@-74 L2·A@-65 L3·A@-75 R1·A@-75 R2·A@-66 R3·A@-60 罐=无罐 泵=0 阀=111111 速=+0,+0,+0.00 电=7.59V/2.93A/峰3.66 补余=0.0 IO错=0 倾+0.0
[  448.316] EVT 泵 开 最差盘压-59.9
[  448.426] TLM t= 297.1 L1·A@-74 L2·A@-65 L3·A@-75 R1·A@-75 R2·A@-66 R3·A@-60 罐=无罐 泵=1 阀=111111 速=+0,+0,+0.00 电=7.55V/3.09A/峰3.66 补余=0.0 IO错=0 倾+0.0
[  448.928] TLM t= 297.6 L1·A@-74 L2·A@-73 L3·A@-75 R1·A@-75 R2·A@-73 R3·A@-73 罐=无罐 泵=1 阀=111111 速=+0,+0,+0.00 电=7.54V/3.09A/峰3.66 补余=0.0 IO错=0 倾+0.0
[  449.221] EVT 泵 停 最差盘压-75.4
[  449.452] TLM t= 298.1 L1·A@-77 L2·A@-77 L3·A@-77 R1·A@-76 R2·A@-76 R3·A@-76 罐=无罐 泵=0 阀=111111 速=+0,+0,+0.00 电=7.60V/2.85A/峰3.66 补余=0.0 IO错=0 倾+0.0
[  449.955] TLM t= 298.6 L1·A@-76 L2·A@-76 L3·A@-76 R1·A@-76 R2·A@-76 R3·A@-76 罐=无罐 泵=0 阀=111111 速=+0,+0,+0.00 电=7.58V/3.09A/峰3.66 补余=0.0 IO错=0 倾+0.0
[  450.479] TLM t= 299.1 L1·A@-76 L2·A@-76 L3·A@-76 R1·A@-76 R2·A@-75 R3·A@-75 罐=无罐 泵=0 阀=111111 速=+0,+0,+0.00 电=7.58V/3.09A/峰3.66 补余=0.0 IO错=0 倾+0.0
[  450.983] TLM t= 299.6 L1·A@-76 L2·A@-75 L3·A@-76 R1·A@-76 R2·A@-75 R3·A@-74 罐=无罐 泵=0 阀=111111 速=+0,+0,+0.00 电=7.58V/3.09A/峰3.66 补余=0.0 IO错=0 倾+0.0
[  451.506] TLM t= 300.1 L1·A@-76 L2·A@-75 L3·A@-76 R1·A@-76 R2·A@-74 R3·A@-74 罐=无罐 泵=0 阀=111111 速=+0,+0,+0.00 电=7.61V/2.93A/峰3.66 补余=0.0 IO错=0 倾+0.0
[  452.009] TLM t= 300.6 L1·A@-76 L2·A@-74 L3·A@-76 R1·A@-76 R2·A@-74 R3·A@-73 罐=无罐 泵=0 阀=111111 速=+0,+0,+0.00 电=7.60V/2.60A/峰3.66 补余=0.0 IO错=0 倾+0.0
[  452.530] TLM t= 301.2 L1·A@-76 L2·A@-74 L3·A@-76 R1·A@-76 R2·A@-74 R3·A@-72 罐=无罐 泵=0 阀=111111 速=+0,+0,+0.00 电=7.62V/2.52A/峰3.66 补余=0.0 IO错=0 倾+0.0
[  453.036] TLM t= 301.7 L1·A@-76 L2·A@-73 L3·A@-76 R1·A@-76 R2·A@-73 R3·A@-72 罐=无罐 泵=0 阀=111111 速=+0,+0,+0.00 电=7.60V/2.36A/峰3.66 补余=0.0 IO错=0 倾+0.0
[  453.238] EVT 键 'o' 倾=+0.0待=+0.0
[  453.418] EVT 取机窗口：停泵 → 逐足串行排气（0.2s 间隔）→ 六足舵机撑住（泵禁开）
[  453.544] TLM t= 302.0 L1·A@-76 L2·A@-73 L3·A@-76 R1·A@-76 R2·A@-73 R3·A@-71 罐=无罐 泵=0 阀=111111 速=+0,+0,+0.00 电=7.62V/2.36A/峰3.66 补余=0.0 IO错=0 取机放气
[  453.846] EVT 吸附 L1 attached→venting 在态117.84s -75.6kPa
[  453.854] EVT 阀 L1 →排气位
[  454.044] TLM t= 302.0 L1·v@-76 L2·A@-72 L3·A@-76 R1·A@-76 R2·A@-72 R3·A@-71 罐=无罐 泵=0 阀=011111 速=+0,+0,+0.00 电=7.63V/1.87A/峰3.66 补余=0.0 IO错=0 取机放气
[  454.117] EVT 吸附 L2 attached→venting 在态46.94s -72.4kPa
[  454.125] EVT 阀 L2 →排气位
[  454.369] EVT 吸附 L3 attached→venting 在态83.02s -76.0kPa
[  454.371] EVT 吸附 L1 venting→released 在态0.42s 0.1kPa
[  454.376] EVT 阀 L3 →排气位
[  454.559] TLM t= 302.0 L1·r@-- L2·v@-72 L3·v@-76 R1·A@-76 R2·A@-72 R3·A@-70 罐=无罐 泵=0 阀=000111 速=+0,+0,+0.00 电=7.62V/1.55A/峰3.66 补余=0.0 IO错=0 取机放气
[  454.612] EVT 吸附 R1 attached→venting 在态64.80s -75.7kPa
[  454.614] EVT 吸附 L2 venting→released 在态0.42s 0.4kPa
[  454.614] EVT 阀 R1 →排气位
[  454.830] EVT 吸附 R2 attached→venting 在态101.40s -71.9kPa
[  454.833] EVT 吸附 L3 venting→released 在态0.42s 0.1kPa
[  454.833] EVT 阀 R2 →排气位
[  455.041] EVT 吸附 R3 attached→venting 在态141.04s -69.2kPa
[  455.044] EVT 吸附 R1 venting→released 在态0.42s -0.0kPa
[  455.044] EVT 阀 R3 →排气位
[  455.068] TLM t= 302.0 L1·r@-- L2·r@-- L3·r@-- R1·r@-- R2·v@-72 R3·v@-69 罐=无罐 泵=0 阀=000000 速=+0,+0,+0.00 电=7.62V/1.14A/峰3.66 补余=0.0 IO错=0 取机放气
[  455.249] EVT 键 'o' 倾=+0.0待=+0.0（已放开）
[  455.251] EVT 吸附 R2 venting→released 在态0.42s 0.0kPa
[  455.252] EVT ⚠ 主环卡顿 1834ms（目标 20ms）
[  455.435] EVT 吸附 R3 venting→released 在态0.42s 0.2kPa
[  455.582] TLM t= 302.4 L1·r@-- L2·r@-- L3·r@-- R1·r@-- R2·r@-- R3·r@-- 罐=无罐 泵=0 阀=000000 速=+0,+0,+0.00 电=7.62V/0.98A/峰3.66 补余=0.0 IO错=0 倾+0.0 已放开
[  456.085] TLM t= 302.9 L1·r@-- L2·r@-- L3·r@-- R1·r@-- R2·r@-- R3·r@-- 罐=无罐 泵=0 阀=000000 速=+0,+0,+0.00 电=7.63V/0.73A/峰3.66 补余=0.0 IO错=0 倾+0.0 已放开
[  456.586] TLM t= 303.4 L1·r@-- L2·r@-- L3·r@-- R1·r@-- R2·r@-- R3·r@-- 罐=无罐 泵=0 阀=000000 速=+0,+0,+0.00 电=7.63V/0.81A/峰3.66 补余=0.0 IO错=0 倾+0.0 已放开
[  457.086] TLM t= 303.9 L1·r@-- L2·r@-- L3·r@-- R1·r@-- R2·r@-- R3·r@-- 罐=无罐 泵=0 阀=000000 速=+0,+0,+0.00 电=7.63V/0.73A/峰3.66 补余=0.0 IO错=0 倾+0.0 已放开
[  457.589] TLM t= 304.4 L1·r@-- L2·r@-- L3·r@-- R1·r@-- R2·r@-- R3·r@-- 罐=无罐 泵=0 阀=000000 速=+0,+0,+0.00 电=7.63V/0.81A/峰3.66 补余=0.0 IO错=0 倾+0.0 已放开
[  458.087] TLM t= 304.9 L1·r@-- L2·r@-- L3·r@-- R1·r@-- R2·r@-- R3·r@-- 罐=无罐 泵=0 阀=000000 速=+0,+0,+0.00 电=7.63V/0.81A/峰3.66 补余=0.0 IO错=0 倾+0.0 已放开
[  458.591] TLM t= 305.4 L1·r@-- L2·r@-- L3·r@-- R1·r@-- R2·r@-- R3·r@-- 罐=无罐 泵=0 阀=000000 速=+0,+0,+0.00 电=7.63V/0.81A/峰3.66 补余=0.0 IO错=0 倾+0.0 已放开
[  459.092] TLM t= 305.9 L1·r@-- L2·r@-- L3·r@-- R1·r@-- R2·r@-- R3·r@-- 罐=无罐 泵=0 阀=000000 速=+0,+0,+0.00 电=7.63V/0.73A/峰3.66 补余=0.0 IO错=0 倾+0.0 已放开
[  459.594] TLM t= 306.4 L1·r@-- L2·r@-- L3·r@-- R1·r@-- R2·r@-- R3·r@-- 罐=无罐 泵=0 阀=000000 速=+0,+0,+0.00 电=7.63V/0.73A/峰3.66 补余=0.0 IO错=0 倾+0.0 已放开
[  460.095] TLM t= 306.9 L1·r@-- L2·r@-- L3·r@-- R1·r@-- R2·r@-- R3·r@-- 罐=无罐 泵=0 阀=000000 速=+0,+0,+0.00 电=7.63V/0.49A/峰3.66 补余=0.0 IO错=0 倾+0.0 已放开
[  460.598] TLM t= 307.4 L1·r@-- L2·r@-- L3·r@-- R1·r@-- R2·r@-- R3·r@-- 罐=无罐 泵=0 阀=000000 速=+0,+0,+0.00 电=7.64V/0.49A/峰3.66 补余=0.0 IO错=0 倾+0.0 已放开
[  461.099] TLM t= 307.9 L1·r@-- L2·r@-- L3·r@-- R1·r@-- R2·r@-- R3·r@-- 罐=无罐 泵=0 阀=000000 速=+0,+0,+0.00 电=7.63V/0.65A/峰3.66 补余=0.0 IO错=0 倾+0.0 已放开
[  461.603] TLM t= 308.4 L1·r@-- L2·r@-- L3·r@-- R1·r@-- R2·r@-- R3·r@-- 罐=无罐 泵=0 阀=000000 速=+0,+0,+0.00 电=7.63V/0.65A/峰3.66 补余=0.0 IO错=0 倾+0.0 已放开
[  462.099] TLM t= 308.9 L1·r@-- L2·r@-- L3·r@-- R1·r@-- R2·r@-- R3·r@-- 罐=无罐 泵=0 阀=000000 速=+0,+0,+0.00 电=7.63V/0.65A/峰3.66 补余=0.0 IO错=0 倾+0.0 已放开
[  462.602] TLM t= 309.4 L1·r@-- L2·r@-- L3·r@-- R1·r@-- R2·r@-- R3·r@-- 罐=无罐 泵=0 阀=000000 速=+0,+0,+0.00 电=7.63V/0.65A/峰3.66 补余=0.0 IO错=0 倾+0.0 已放开
[  463.104] TLM t= 309.9 L1·r@-- L2·r@-- L3·r@-- R1·r@-- R2·r@-- R3·r@-- 罐=无罐 泵=0 阀=000000 速=+0,+0,+0.00 电=7.63V/0.65A/峰3.66 补余=0.0 IO错=0 倾+0.0 已放开
[  463.607] TLM t= 310.4 L1·r@-- L2·r@-- L3·r@-- R1·r@-- R2·r@-- R3·r@-- 罐=无罐 泵=0 阀=000000 速=+0,+0,+0.00 电=7.63V/0.65A/峰3.66 补余=0.0 IO错=0 倾+0.0 已放开
[  464.110] TLM t= 310.9 L1·r@-- L2·r@-- L3·r@-- R1·r@-- R2·r@-- R3·r@-- 罐=无罐 泵=0 阀=000000 速=+0,+0,+0.00 电=7.63V/0.65A/峰3.66 补余=0.0 IO错=0 倾+0.0 已放开
[  464.607] TLM t= 311.4 L1·r@-- L2·r@-- L3·r@-- R1·r@-- R2·r@-- R3·r@-- 罐=无罐 泵=0 阀=000000 速=+0,+0,+0.00 电=7.62V/0.73A/峰3.66 补余=0.0 IO错=0 倾+0.0 已放开
[  465.108] TLM t= 311.9 L1·r@-- L2·r@-- L3·r@-- R1·r@-- R2·r@-- R3·r@-- 罐=无罐 泵=0 阀=000000 速=+0,+0,+0.00 电=7.63V/0.65A/峰3.66 补余=0.0 IO错=0 倾+0.0 已放开
[  465.613] TLM t= 312.4 L1·r@-- L2·r@-- L3·r@-- R1·r@-- R2·r@-- R3·r@-- 罐=无罐 泵=0 阀=000000 速=+0,+0,+0.00 电=7.63V/0.65A/峰3.66 补余=0.0 IO错=0 倾+0.0 已放开
[  466.113] TLM t= 312.9 L1·r@-- L2·r@-- L3·r@-- R1·r@-- R2·r@-- R3·r@-- 罐=无罐 泵=0 阀=000000 速=+0,+0,+0.00 电=7.63V/0.65A/峰3.66 补余=0.0 IO错=0 倾+0.0 已放开
[  466.620] TLM t= 313.4 L1·r@-- L2·r@-- L3·r@-- R1·r@-- R2·r@-- R3·r@-- 罐=无罐 泵=0 阀=000000 速=+0,+0,+0.00 电=7.63V/0.65A/峰3.66 补余=0.0 IO错=0 倾+0.0 已放开
[  467.125] TLM t= 313.9 L1·r@-- L2·r@-- L3·r@-- R1·r@-- R2·r@-- R3·r@-- 罐=无罐 泵=0 阀=000000 速=+0,+0,+0.00 电=7.62V/0.73A/峰3.66 补余=0.0 IO错=0 倾+0.0 已放开
[  467.577] EVT 键 '\x1b' 倾=+0.0待=+0.0（已放开）
[  467.629] TLM t= 314.4 L1·r@-- L2·r@-- L3·r@-- R1·r@-- R2·r@-- R3·r@-- 罐=无罐 泵=0 阀=000000 速=+0,+0,+0.00 电=7.63V/0.65A/峰3.66 补余=0.0 IO错=0 倾+0.0 已放开
[  467.778] EVT 退出序列：停泵 → 逐足串行放气（通→断，0.2s 间隔） → 舵机断电（不回站姿）
[  468.084] TLM t= 314.5 L1·r@-- L2·r@-- L3·r@-- R1·r@-- R2·r@-- R3·r@-- 罐=无罐 泵=0 阀=000000 速=+0,+0,+0.00 电=7.63V/0.65A/峰3.66 补余=0.0 IO错=0 退出放气
[  468.104] EVT 阀 L1 →抽气位
[  468.325] EVT 阀 L2 →抽气位
[  468.546] EVT 阀 L3 →抽气位
[  468.592] TLM t= 314.5 L1·r@-- L2·r@-- L3·r@-- R1·r@-- R2·r@-- R3·r@-- 罐=无罐 泵=0 阀=111000 速=+0,+0,+0.00 电=7.67V/0.65A/峰3.66 补余=0.0 IO错=0 退出放气
[  468.773] EVT 阀 R1 →抽气位
[  468.998] EVT 阀 R2 →抽气位
[  469.103] TLM t= 314.5 L1·r@-- L2·r@-- L3·r@-- R1·r@-- R2·r@-- R3·r@-- 罐=无罐 泵=0 阀=111110 速=+0,+0,+0.00 电=7.69V/0.65A/峰3.66 补余=0.0 IO错=0 退出放气
[  469.223] EVT 阀 R3 →抽气位
[  469.424] EVT 退出：阀线圈已断电（coils_off）
[  469.528] EVT 退出序列完成（舵机断电）
[  469.528] EVT END 正常退出
