# 开跑 2026-08-25 15:57:27  argv: scripts/body_lean.py --no-tank --stand-height 62 --tilt-trim 6 --handover L1:31,R1:33,L3:29,R3:22,R2:22,L2:24 --handover-weights
# git: bdacb7e
# 模式=no-tank port=/dev/ttyACM0
# 参数: lean_step=5mm lean_speed=10mm/s press_delta=18mm stand=62 tilt_trim=6° handover=L1:31,L2:24,L3:29,R1:33,R2:22,R3:22 dual=0
# 阈值: ATTACH=-30.0 PUMP_ON=-60.0 PUMP_OFF=-75.0 comp_tail=72.3mm suck_timeout=2.5s
[    2.243] EVT 缓慢站起（竖直升至爬墙站位）
[    6.354] EVT 爬墙站位就位，进入就位暂停
# handover_slot_w=0.600,0.250,0.100,0.050,0.000
[    6.469] TLM t=   0.0 L1·r@-- L2·r@-- L3·r@-- R1·r@-- R2·r@-- R3·r@-- 罐=无罐 泵=0 阀=000000 速=+0,+0,+0.00 电=7.92V/0.90A/峰0.90 补余=0.0 IO错=0 就位暂停
[    6.974] TLM t=   0.0 L1·r@-- L2·r@-- L3·r@-- R1·r@-- R2·r@-- R3·r@-- 罐=无罐 泵=0 阀=000000 速=+0,+0,+0.00 电=7.91V/1.06A/峰1.06 补余=0.0 IO错=0 就位暂停
[    7.481] TLM t=   0.0 L1·r@-- L2·r@-- L3·r@-- R1·r@-- R2·r@-- R3·r@-- 罐=无罐 泵=0 阀=000000 速=+0,+0,+0.00 电=7.92V/1.06A/峰1.06 补余=0.0 IO错=0 就位暂停
[    7.995] TLM t=   0.0 L1·r@-- L2·r@-- L3·r@-- R1·r@-- R2·r@-- R3·r@-- 罐=无罐 泵=0 阀=000000 速=+0,+0,+0.00 电=7.92V/0.98A/峰1.06 补余=0.0 IO错=0 就位暂停
[    8.502] TLM t=   0.0 L1·r@-- L2·r@-- L3·r@-- R1·r@-- R2·r@-- R3·r@-- 罐=无罐 泵=0 阀=000000 速=+0,+0,+0.00 电=7.91V/1.06A/峰1.06 补余=0.0 IO错=0 就位暂停
[    9.012] TLM t=   0.0 L1·r@-- L2·r@-- L3·r@-- R1·r@-- R2·r@-- R3·r@-- 罐=无罐 泵=0 阀=000000 速=+0,+0,+0.00 电=7.91V/0.98A/峰1.06 补余=0.0 IO错=0 就位暂停
[    9.517] TLM t=   0.0 L1·r@-- L2·r@-- L3·r@-- R1·r@-- R2·r@-- R3·r@-- 罐=无罐 泵=0 阀=000000 速=+0,+0,+0.00 电=7.92V/0.81A/峰1.06 补余=0.0 IO错=0 就位暂停
[   10.027] TLM t=   0.0 L1·r@-- L2·r@-- L3·r@-- R1·r@-- R2·r@-- R3·r@-- 罐=无罐 泵=0 阀=000000 速=+0,+0,+0.00 电=7.91V/1.06A/峰1.06 补余=0.0 IO错=0 就位暂停
[   10.534] TLM t=   0.0 L1·r@-- L2·r@-- L3·r@-- R1·r@-- R2·r@-- R3·r@-- 罐=无罐 泵=0 阀=000000 速=+0,+0,+0.00 电=7.92V/0.98A/峰1.06 补余=0.0 IO错=0 就位暂停
[   11.046] TLM t=   0.0 L1·r@-- L2·r@-- L3·r@-- R1·r@-- R2·r@-- R3·r@-- 罐=无罐 泵=0 阀=000000 速=+0,+0,+0.00 电=7.91V/1.06A/峰1.06 补余=0.0 IO错=0 就位暂停
[   11.551] TLM t=   0.0 L1·r@-- L2·r@-- L3·r@-- R1·r@-- R2·r@-- R3·r@-- 罐=无罐 泵=0 阀=000000 速=+0,+0,+0.00 电=7.92V/0.98A/峰1.06 补余=0.0 IO错=0 就位暂停
[   12.064] TLM t=   0.0 L1·r@-- L2·r@-- L3·r@-- R1·r@-- R2·r@-- R3·r@-- 罐=无罐 泵=0 阀=000000 速=+0,+0,+0.00 电=7.93V/0.65A/峰1.06 补余=0.0 IO错=0 就位暂停
[   12.569] TLM t=   0.0 L1·r@-- L2·r@-- L3·r@-- R1·r@-- R2·r@-- R3·r@-- 罐=无罐 泵=0 阀=000000 速=+0,+0,+0.00 电=7.94V/0.49A/峰1.06 补余=0.0 IO错=0 就位暂停
[   13.079] TLM t=   0.0 L1·r@-- L2·r@-- L3·r@-- R1·r@-- R2·r@-- R3·r@-- 罐=无罐 泵=0 阀=000000 速=+0,+0,+0.00 电=7.94V/0.57A/峰1.06 补余=0.0 IO错=0 就位暂停
[   13.582] TLM t=   0.0 L1·r@-- L2·r@-- L3·r@-- R1·r@-- R2·r@-- R3·r@-- 罐=无罐 泵=0 阀=000000 速=+0,+0,+0.00 电=7.94V/0.57A/峰1.06 补余=0.0 IO错=0 就位暂停
[   14.094] TLM t=   0.0 L1·r@-- L2·r@-- L3·r@-- R1·r@-- R2·r@-- R3·r@-- 罐=无罐 泵=0 阀=000000 速=+0,+0,+0.00 电=7.94V/0.57A/峰1.06 补余=0.0 IO错=0 就位暂停
[   14.598] TLM t=   0.0 L1·r@-- L2·r@-- L3·r@-- R1·r@-- R2·r@-- R3·r@-- 罐=无罐 泵=0 阀=000000 速=+0,+0,+0.00 电=7.94V/0.57A/峰1.06 补余=0.0 IO错=0 就位暂停
[   15.112] TLM t=   0.0 L1·r@-- L2·r@-- L3·r@-- R1·r@-- R2·r@-- R3·r@-- 罐=无罐 泵=0 阀=000000 速=+0,+0,+0.00 电=7.94V/0.57A/峰1.06 补余=0.0 IO错=0 就位暂停
[   15.617] TLM t=   0.0 L1·r@-- L2·r@-- L3·r@-- R1·r@-- R2·r@-- R3·r@-- 罐=无罐 泵=0 阀=000000 速=+0,+0,+0.00 电=7.94V/0.57A/峰1.06 补余=0.0 IO错=0 就位暂停
[   16.129] TLM t=   0.0 L1·r@-- L2·r@-- L3·r@-- R1·r@-- R2·r@-- R3·r@-- 罐=无罐 泵=0 阀=000000 速=+0,+0,+0.00 电=7.94V/0.65A/峰1.06 补余=0.0 IO错=0 就位暂停
[   16.634] TLM t=   0.0 L1·r@-- L2·r@-- L3·r@-- R1·r@-- R2·r@-- R3·r@-- 罐=无罐 泵=0 阀=000000 速=+0,+0,+0.00 电=7.94V/0.57A/峰1.06 补余=0.0 IO错=0 就位暂停
[   17.148] TLM t=   0.0 L1·r@-- L2·r@-- L3·r@-- R1·r@-- R2·r@-- R3·r@-- 罐=无罐 泵=0 阀=000000 速=+0,+0,+0.00 电=7.93V/0.73A/峰1.06 补余=0.0 IO错=0 就位暂停
[   17.651] TLM t=   0.0 L1·r@-- L2·r@-- L3·r@-- R1·r@-- R2·r@-- R3·r@-- 罐=无罐 泵=0 阀=000000 速=+0,+0,+0.00 电=7.93V/0.65A/峰1.06 补余=0.0 IO错=0 就位暂停
[   18.164] TLM t=   0.0 L1·r@-- L2·r@-- L3·r@-- R1·r@-- R2·r@-- R3·r@-- 罐=无罐 泵=0 阀=000000 速=+0,+0,+0.00 电=7.94V/0.65A/峰1.06 补余=0.0 IO错=0 就位暂停
[   18.470] EVT 按 p：开始全吸附启动序列
[   18.471] EVT 相位 R3 stance→press
[   18.491] EVT 泵 开
[   18.679] TLM t=   0.0 L1·r@-- L2·r@-- L3·r@-- R1·r@-- R2·r@-- R3Pr@-- 罐=无罐 泵=1 阀=000000 速=+0,+0,+0.00 电=7.88V/0.57A/峰1.06 补余=0.0 IO错=0 倾+0.0
[   19.182] TLM t=   0.0 L1·r@-- L2·r@-- L3·r@-- R1·r@-- R2·r@-- R3Pr@-- 罐=无罐 泵=1 阀=000000 速=+0,+0,+0.00 电=7.86V/0.73A/峰1.06 补余=0.0 IO错=0 倾+0.0
[   19.681] TLM t=   0.0 L1·r@-- L2·r@-- L3·r@-- R1·r@-- R2·r@-- R3Pr@-- 罐=无罐 泵=1 阀=000000 速=+0,+0,+0.00 电=7.87V/0.81A/峰1.06 补余=0.0 IO错=0 倾+0.0
[   20.186] TLM t=   0.0 L1·r@-- L2·r@-- L3·r@-- R1·r@-- R2·r@-- R3Pr@-- 罐=无罐 泵=1 阀=000000 速=+0,+0,+0.00 电=7.91V/0.73A/峰1.06 补余=0.0 IO错=0 倾+0.0
[   20.686] TLM t=   0.0 L1·r@-- L2·r@-- L3·r@-- R1·r@-- R2·r@-- R3Pr@-- 罐=无罐 泵=1 阀=000000 速=+0,+0,+0.00 电=7.87V/0.73A/峰1.06 补余=0.0 IO错=0 倾+0.0
[   21.186] TLM t=   0.0 L1·r@-- L2·r@-- L3·r@-- R1·r@-- R2·r@-- R3Pr@-- 罐=无罐 泵=1 阀=000000 速=+0,+0,+0.00 电=7.85V/0.73A/峰1.06 补余=0.0 IO错=0 倾+0.0
[   21.459] EVT 吸附 R3 released→pressing 在态3.00s
[   21.460] EVT 相位 R3 press→wait
[   21.480] EVT 泵 停
[   21.690] TLM t=   0.0 L1·r@-- L2·r@-- L3·r@-- R1·r@-- R2·r@-- R3Wp@-- 罐=无罐 泵=0 阀=000000 速=+0,+0,+0.00 电=7.93V/0.73A/峰1.06 补余=0.0 IO错=0 倾+0.0
[   21.760] EVT 吸附 R3 pressing→sucking 在态0.30s
[   21.761] EVT 阀 R3 →抽气位
[   21.783] EVT 泵 开
[   22.041] EVT 吸附 R3 sucking→attached 在态0.28s -70.7kPa
[   22.041] EVT 相位 R3 wait→stance
[   22.061] EVT 相位 L1 stance→press
[   22.190] TLM t=   0.0 L1Pr@-- L2·r@-- L3·r@-- R1·r@-- R2·r@-- R3·A@-74 罐=无罐 泵=1 阀=000001 速=+0,+0,+0.00 电=7.90V/0.81A/峰1.06 补余=0.0 IO错=0 倾+0.0
[   22.265] EVT 泵 停 最差盘压-75.8
[   22.694] TLM t=   0.0 L1Pr@-- L2·r@-- L3·r@-- R1·r@-- R2·r@-- R3·A@-76 罐=无罐 泵=0 阀=000001 速=+0,+0,+0.00 电=7.93V/0.90A/峰1.06 补余=0.0 IO错=0 倾+0.0
[   23.216] TLM t=   0.0 L1Pr@-- L2·r@-- L3·r@-- R1·r@-- R2·r@-- R3·A@-75 罐=无罐 泵=0 阀=000001 速=+0,+0,+0.00 电=7.91V/1.14A/峰1.14 补余=0.0 IO错=0 倾+0.0
[   23.244] EVT 吸附 L1 released→pressing 在态4.78s
[   23.245] EVT 相位 L1 press→wait
[   23.565] EVT 吸附 L1 pressing→sucking 在态0.32s
[   23.566] EVT 阀 L1 →抽气位
[   23.591] EVT 泵 开 最差盘压-74.6
[   23.718] TLM t=   0.0 L1Ws@-43 L2·r@-- L3·r@-- R1·r@-- R2·r@-- R3·A@-74 罐=无罐 泵=1 阀=100001 速=+0,+0,+0.00 电=7.92V/0.81A/峰1.14 补余=0.0 IO错=0 倾+0.0
[   23.926] EVT 吸附 L1 sucking→attached 在态0.36s -67.5kPa
[   23.927] EVT 相位 L1 wait→stance
[   23.952] EVT 相位 R2 stance→press
[   24.192] EVT 泵 停 最差盘压-75.2
[   24.235] TLM t=   0.0 L1·A@-75 L2·r@-- L3·r@-- R1·r@-- R2Pr@-- R3·A@-76 罐=无罐 泵=0 阀=100001 速=+0,+0,+0.00 电=7.94V/0.90A/峰1.14 补余=0.0 IO错=0 倾+0.0
[   24.745] TLM t=   0.0 L1·A@-76 L2·r@-- L3·r@-- R1·r@-- R2Pr@-- R3·A@-76 罐=无罐 泵=0 阀=100001 速=+0,+0,+0.00 电=7.94V/0.98A/峰1.14 补余=0.0 IO错=0 倾+0.0
[   25.147] EVT 吸附 R2 released→pressing 在态6.66s
[   25.147] EVT 相位 R2 press→wait
[   25.250] TLM t=   0.0 L1·A@-76 L2·r@-- L3·r@-- R1·r@-- R2Wp@-- R3·A@-75 罐=无罐 泵=0 阀=100001 速=+0,+0,+0.00 电=7.94V/0.98A/峰1.14 补余=0.0 IO错=0 倾+0.0
[   25.462] EVT 吸附 R2 pressing→sucking 在态0.32s
[   25.463] EVT 阀 R2 →抽气位
[   25.485] EVT 泵 开 最差盘压-74.8
[   25.757] TLM t=   0.0 L1·A@-75 L2·r@-- L3·r@-- R1·r@-- R2Ws@-68 R3·A@-74 罐=无罐 泵=1 阀=100011 速=+0,+0,+0.00 电=7.93V/0.81A/峰1.14 补余=0.0 IO错=0 倾+0.0
[   25.765] EVT 吸附 R2 sucking→attached 在态0.30s -68.2kPa
[   25.765] EVT 相位 R2 wait→stance
[   25.788] EVT 相位 L3 stance→press
[   26.171] EVT 泵 停 最差盘压-75.3
[   26.278] TLM t=   0.0 L1·A@-76 L2·r@-- L3Pr@-- R1·r@-- R2·A@-76 R3·A@-76 罐=无罐 泵=0 阀=100011 速=+0,+0,+0.00 电=7.96V/0.81A/峰1.14 补余=0.0 IO错=0 倾+0.0
[   26.781] TLM t=   0.0 L1·A@-76 L2·r@-- L3Pr@-- R1·r@-- R2·A@-75 R3·A@-75 罐=无罐 泵=0 阀=100011 速=+0,+0,+0.00 电=7.96V/0.81A/峰1.14 补余=0.0 IO错=0 倾+0.0
[   26.968] EVT 吸附 L3 released→pressing 在态8.48s
[   26.969] EVT 相位 L3 press→wait
[   27.292] EVT 吸附 L3 pressing→sucking 在态0.32s
[   27.292] EVT 阀 L3 →抽气位
[   27.301] TLM t=   0.0 L1·A@-76 L2·r@-- L3Ws@-- R1·r@-- R2·A@-74 R3·A@-75 罐=无罐 泵=0 阀=101011 速=+0,+0,+0.00 电=7.98V/0.81A/峰1.14 补余=0.0 IO错=0 倾+0.0
[   27.317] EVT 泵 开 最差盘压-74.0
[   27.590] EVT 吸附 L3 sucking→attached 在态0.30s -63.3kPa
[   27.593] EVT 相位 L3 wait→stance
[   27.618] EVT 相位 R1 stance→press
[   27.809] TLM t=   0.0 L1·A@-76 L2·r@-- L3·A@-72 R1Pr@-- R2·A@-74 R3·A@-74 罐=无罐 泵=1 阀=101011 速=+0,+0,+0.00 电=7.92V/0.81A/峰1.14 补余=0.0 IO错=0 倾+0.0
[   28.017] EVT 泵 停 最差盘压-75.2
[   28.327] TLM t=   0.0 L1·A@-76 L2·r@-- L3·A@-76 R1Pr@-- R2·A@-76 R3·A@-76 罐=无罐 泵=0 阀=101011 速=+0,+0,+0.00 电=7.96V/0.81A/峰1.14 补余=0.0 IO错=0 倾+0.0
[   28.799] EVT 吸附 R1 released→pressing 在态10.30s
[   28.800] EVT 相位 R1 press→wait
[   28.834] TLM t=   0.0 L1·A@-76 L2·r@-- L3·A@-76 R1Wp@-- R2·A@-75 R3·A@-75 罐=无罐 泵=0 阀=101011 速=+0,+0,+0.00 电=7.97V/0.90A/峰1.14 补余=0.0 IO错=0 倾+0.0
[   29.128] EVT 吸附 R1 pressing→sucking 在态0.32s
[   29.128] EVT 阀 R1 →抽气位
[   29.143] EVT 泵 开 最差盘压-74.6
[   29.356] TLM t=   0.0 L1·A@-76 L2·r@-- L3·A@-75 R1Ws@-61 R2·A@-74 R3·A@-74 罐=无罐 泵=1 阀=101111 速=+0,+0,+0.00 电=7.93V/0.65A/峰1.14 补余=0.0 IO错=0 倾+0.0
[   29.486] EVT 吸附 R1 sucking→attached 在态0.36s -69.1kPa
[   29.489] EVT 相位 R1 wait→stance
[   29.504] EVT 相位 L2 stance→press
[   29.745] EVT 泵 停 最差盘压-75.3
[   29.859] TLM t=   0.0 L1·A@-76 L2Pr@-- L3·A@-76 R1·A@-76 R2·A@-76 R3·A@-76 罐=无罐 泵=0 阀=101111 速=+0,+0,+0.00 电=7.98V/0.65A/峰1.14 补余=0.0 IO错=0 倾+0.0
[   30.360] TLM t=   0.0 L1·A@-76 L2Pr@-- L3·A@-76 R1·A@-75 R2·A@-76 R3·A@-76 罐=无罐 泵=0 阀=101111 速=+0,+0,+0.00 电=7.98V/0.73A/峰1.14 补余=0.0 IO错=0 倾+0.0
[   30.697] EVT 吸附 L2 released→pressing 在态12.18s
[   30.697] EVT 相位 L2 press→wait
[   30.863] TLM t=   0.0 L1·A@-76 L2Wp@-- L3·A@-76 R1·A@-75 R2·A@-75 R3·A@-75 罐=无罐 泵=0 阀=101111 速=+0,+0,+0.00 电=7.98V/0.98A/峰1.14 补余=0.0 IO错=0 倾+0.0
[   31.012] EVT 吸附 L2 pressing→sucking 在态0.32s
[   31.013] EVT 阀 L2 →抽气位
[   31.035] EVT 泵 开 最差盘压-74.7
[   31.311] EVT 吸附 L2 sucking→attached 在态0.30s -66.8kPa
[   31.313] EVT 相位 L2 wait→stance
[   31.313] EVT ✓ 六足全吸附，启动序列完成，相位钟开始
[   31.366] TLM t=   0.0 L1·A@-76 L2·A@-69 L3·A@-76 R1·A@-75 R2·A@-75 R3·A@-74 罐=无罐 泵=1 阀=111111 速=+0,+0,+0.00 电=7.92V/0.65A/峰1.14 补余=0.0 IO错=0 倾+0.0
[   31.637] EVT 泵 停 最差盘压-75.0
[   31.887] TLM t=   0.6 L1·A@-76 L2·A@-76 L3·A@-76 R1·A@-75 R2·A@-76 R3·A@-76 罐=无罐 泵=0 阀=111111 速=+0,+0,+0.00 电=8.00V/0.57A/峰1.14 补余=0.0 IO错=0 倾+0.0
[   32.389] TLM t=   1.1 L1·A@-76 L2·A@-75 L3·A@-76 R1·A@-75 R2·A@-75 R3·A@-75 罐=无罐 泵=0 阀=111111 速=+0,+0,+0.00 电=8.00V/0.57A/峰1.14 补余=0.0 IO错=0 倾+0.0
[   32.911] TLM t=   1.6 L1·A@-76 L2·A@-74 L3·A@-76 R1·A@-75 R2·A@-75 R3·A@-74 罐=无罐 泵=0 阀=111111 速=+0,+0,+0.00 电=8.00V/0.65A/峰1.14 补余=0.0 IO错=0 倾+0.0
[   33.415] TLM t=   2.1 L1·A@-76 L2·A@-74 L3·A@-75 R1·A@-75 R2·A@-74 R3·A@-73 罐=无罐 泵=0 阀=111111 速=+0,+0,+0.00 电=8.00V/0.73A/峰1.14 补余=0.0 IO错=0 倾+0.0
[   33.939] TLM t=   2.6 L1·A@-75 L2·A@-73 L3·A@-75 R1·A@-75 R2·A@-74 R3·A@-73 罐=无罐 泵=0 阀=111111 速=+0,+0,+0.00 电=8.00V/0.73A/峰1.14 补余=0.0 IO错=0 倾+0.0
[   34.442] TLM t=   3.1 L1·A@-75 L2·A@-73 L3·A@-75 R1·A@-75 R2·A@-73 R3·A@-72 罐=无罐 泵=0 阀=111111 速=+0,+0,+0.00 电=7.99V/0.73A/峰1.14 补余=0.0 IO错=0 倾+0.0
[   34.969] TLM t=   3.6 L1·A@-75 L2·A@-72 L3·A@-75 R1·A@-75 R2·A@-73 R3·A@-71 罐=无罐 泵=0 阀=111111 速=+0,+0,+0.00 电=7.99V/0.73A/峰1.14 补余=0.0 IO错=0 倾+0.0
[   35.474] TLM t=   4.1 L1·A@-75 L2·A@-72 L3·A@-75 R1·A@-75 R2·A@-72 R3·A@-71 罐=无罐 泵=0 阀=111111 速=+0,+0,+0.00 电=8.00V/0.73A/峰1.14 补余=0.0 IO错=0 倾+0.0
[   35.974] TLM t=   4.6 L1·A@-75 L2·A@-71 L3·A@-75 R1·A@-74 R2·A@-72 R3·A@-70 罐=无罐 泵=0 阀=111111 速=+0,+0,+0.00 电=8.00V/0.65A/峰1.14 补余=0.0 IO错=0 倾+0.0
[   36.500] TLM t=   5.1 L1·A@-75 L2·A@-71 L3·A@-75 R1·A@-74 R2·A@-72 R3·A@-69 罐=无罐 泵=0 阀=111111 速=+0,+0,+0.00 电=7.99V/0.81A/峰1.14 补余=0.0 IO错=0 倾+0.0
[   36.998] TLM t=   5.6 L1·A@-75 L2·A@-70 L3·A@-75 R1·A@-74 R2·A@-71 R3·A@-68 罐=无罐 泵=0 阀=111111 速=+0,+0,+0.00 电=8.00V/0.73A/峰1.14 补余=0.0 IO错=0 倾+0.0
[   37.524] TLM t=   6.2 L1·A@-74 L2·A@-70 L3·A@-75 R1·A@-74 R2·A@-71 R3·A@-68 罐=无罐 泵=0 阀=111111 速=+0,+0,+0.00 电=8.00V/0.65A/峰1.14 补余=0.0 IO错=0 倾+0.0
[   38.027] TLM t=   6.7 L1·A@-74 L2·A@-69 L3·A@-75 R1·A@-74 R2·A@-70 R3·A@-67 罐=无罐 泵=0 阀=111111 速=+0,+0,+0.00 电=8.00V/0.73A/峰1.14 补余=0.0 IO错=0 倾+0.0
[   38.523] TLM t=   7.2 L1·A@-74 L2·A@-69 L3·A@-75 R1·A@-74 R2·A@-70 R3·A@-66 罐=无罐 泵=0 阀=111111 速=+0,+0,+0.00 电=8.00V/0.73A/峰1.14 补余=0.0 IO错=0 倾+0.0
[   39.031] TLM t=   7.7 L1·A@-74 L2·A@-68 L3·A@-75 R1·A@-74 R2·A@-70 R3·A@-66 罐=无罐 泵=0 阀=111111 速=+0,+0,+0.00 电=8.00V/0.65A/峰1.14 补余=0.0 IO错=0 倾+0.0
[   39.538] TLM t=   8.2 L1·A@-74 L2·A@-68 L3·A@-74 R1·A@-74 R2·A@-69 R3·A@-65 罐=无罐 泵=0 阀=111111 速=+0,+0,+0.00 电=8.00V/0.73A/峰1.14 补余=0.0 IO错=0 倾+0.0
[   40.055] TLM t=   8.7 L1·A@-74 L2·A@-68 L3·A@-74 R1·A@-74 R2·A@-69 R3·A@-65 罐=无罐 泵=0 阀=111111 速=+0,+0,+0.00 电=8.00V/0.73A/峰1.14 补余=0.0 IO错=0 倾+0.0
[   40.558] TLM t=   9.2 L1·A@-74 L2·A@-67 L3·A@-74 R1·A@-74 R2·A@-68 R3·A@-64 罐=无罐 泵=0 阀=111111 速=+0,+0,+0.00 电=8.00V/0.65A/峰1.14 补余=0.0 IO错=0 倾+0.0
[   41.079] TLM t=   9.7 L1·A@-74 L2·A@-67 L3·A@-74 R1·A@-74 R2·A@-68 R3·A@-63 罐=无罐 泵=0 阀=111111 速=+0,+0,+0.00 电=8.00V/0.73A/峰1.14 补余=0.0 IO错=0 倾+0.0
[   41.589] TLM t=  10.2 L1·A@-74 L2·A@-66 L3·A@-74 R1·A@-74 R2·A@-68 R3·A@-63 罐=无罐 泵=0 阀=111111 速=+0,+0,+0.00 电=8.00V/0.73A/峰1.14 补余=0.0 IO错=0 倾+0.0
[   42.106] TLM t=  10.7 L1·A@-74 L2·A@-66 L3·A@-74 R1·A@-73 R2·A@-67 R3·A@-62 罐=无罐 泵=0 阀=111111 速=+0,+0,+0.00 电=7.99V/0.65A/峰1.14 补余=0.0 IO错=0 倾+0.0
[   42.611] TLM t=  11.2 L1·A@-73 L2·A@-65 L3·A@-74 R1·A@-73 R2·A@-67 R3·A@-61 罐=无罐 泵=0 阀=111111 速=+0,+0,+0.00 电=8.00V/0.65A/峰1.14 补余=0.0 IO错=0 倾+0.0
[   43.132] TLM t=  11.7 L1·A@-73 L2·A@-65 L3·A@-74 R1·A@-73 R2·A@-66 R3·A@-61 罐=无罐 泵=0 阀=111111 速=+0,+0,+0.00 电=8.01V/0.65A/峰1.14 补余=0.0 IO错=0 倾+0.0
[   43.636] TLM t=  12.2 L1·A@-73 L2·A@-64 L3·A@-74 R1·A@-73 R2·A@-66 R3·A@-60 罐=无罐 泵=0 阀=111111 速=+0,+0,+0.00 电=8.00V/0.73A/峰1.14 补余=0.0 IO错=0 倾+0.0
[   43.747] EVT 泵 开 最差盘压-59.9
[   44.159] TLM t=  12.8 L1·A@-73 L2·A@-68 L3·A@-74 R1·A@-73 R2·A@-67 R3·A@-68 罐=无罐 泵=1 阀=111111 速=+0,+0,+0.00 电=7.98V/0.65A/峰1.14 补余=0.0 IO错=0 倾+0.0
[   44.634] EVT 泵 停 最差盘压-75.2
[   44.661] TLM t=  13.3 L1·A@-76 L2·A@-76 L3·A@-76 R1·A@-75 R2·A@-76 R3·A@-76 罐=无罐 泵=0 阀=111111 速=+0,+0,+0.00 电=8.00V/0.73A/峰1.14 补余=0.0 IO错=0 倾+0.0
[   45.183] TLM t=  13.8 L1·A@-76 L2·A@-76 L3·A@-76 R1·A@-76 R2·A@-76 R3·A@-76 罐=无罐 泵=0 阀=111111 速=+0,+0,+0.00 电=8.00V/0.73A/峰1.14 补余=0.0 IO错=0 倾+0.0
[   45.685] TLM t=  14.3 L1·A@-76 L2·A@-75 L3·A@-76 R1·A@-76 R2·A@-75 R3·A@-75 罐=无罐 泵=0 阀=111111 速=+0,+0,+0.00 电=8.00V/0.73A/峰1.14 补余=0.0 IO错=0 倾+0.0
[   46.205] TLM t=  14.8 L1·A@-76 L2·A@-75 L3·A@-76 R1·A@-75 R2·A@-75 R3·A@-74 罐=无罐 泵=0 阀=111111 速=+0,+0,+0.00 电=8.00V/0.73A/峰1.14 补余=0.0 IO错=0 倾+0.0
[   46.713] TLM t=  15.3 L1·A@-76 L2·A@-74 L3·A@-76 R1·A@-75 R2·A@-74 R3·A@-73 罐=无罐 泵=0 阀=111111 速=+0,+0,+0.00 电=7.99V/0.73A/峰1.14 补余=0.0 IO错=0 倾+0.0
[   47.232] TLM t=  15.8 L1·A@-76 L2·A@-74 L3·A@-76 R1·A@-75 R2·A@-74 R3·A@-73 罐=无罐 泵=0 阀=111111 速=+0,+0,+0.00 电=8.00V/0.73A/峰1.14 补余=0.0 IO错=0 倾+0.0
[   47.738] TLM t=  16.3 L1·A@-76 L2·A@-73 L3·A@-76 R1·A@-75 R2·A@-73 R3·A@-72 罐=无罐 泵=0 阀=111111 速=+0,+0,+0.00 电=8.00V/0.73A/峰1.14 补余=0.0 IO错=0 倾+0.0
[   48.261] TLM t=  16.8 L1·A@-75 L2·A@-73 L3·A@-76 R1·A@-75 R2·A@-73 R3·A@-71 罐=无罐 泵=0 阀=111111 速=+0,+0,+0.00 电=8.01V/0.81A/峰1.14 补余=0.0 IO错=0 倾+0.0
[   48.766] TLM t=  17.3 L1·A@-75 L2·A@-72 L3·A@-76 R1·A@-75 R2·A@-73 R3·A@-71 罐=无罐 泵=0 阀=111111 速=+0,+0,+0.00 电=8.00V/0.73A/峰1.14 补余=0.0 IO错=0 倾+0.0
[   49.286] TLM t=  17.9 L1·A@-75 L2·A@-72 L3·A@-75 R1·A@-75 R2·A@-72 R3·A@-70 罐=无罐 泵=0 阀=111111 速=+0,+0,+0.00 电=7.99V/0.65A/峰1.14 补余=0.0 IO错=0 倾+0.0
[   49.789] TLM t=  18.4 L1·A@-75 L2·A@-72 L3·A@-75 R1·A@-75 R2·A@-72 R3·A@-69 罐=无罐 泵=0 阀=111111 速=+0,+0,+0.00 电=8.00V/0.73A/峰1.14 补余=0.0 IO错=0 倾+0.0
[   50.311] TLM t=  18.9 L1·A@-75 L2·A@-71 L3·A@-75 R1·A@-75 R2·A@-71 R3·A@-69 罐=无罐 泵=0 阀=111111 速=+0,+0,+0.00 电=8.00V/0.73A/峰1.14 补余=0.0 IO错=0 倾+0.0
[   50.815] TLM t=  19.4 L1·A@-75 L2·A@-71 L3·A@-75 R1·A@-75 R2·A@-71 R3·A@-68 罐=无罐 泵=0 阀=111111 速=+0,+0,+0.00 电=8.00V/0.65A/峰1.14 补余=0.0 IO错=0 倾+0.0
[   51.335] TLM t=  19.9 L1·A@-75 L2·A@-70 L3·A@-75 R1·A@-75 R2·A@-71 R3·A@-67 罐=无罐 泵=0 阀=111111 速=+0,+0,+0.00 电=8.00V/0.73A/峰1.14 补余=0.0 IO错=0 倾+0.0
[   51.840] TLM t=  20.4 L1·A@-75 L2·A@-70 L3·A@-75 R1·A@-75 R2·A@-70 R3·A@-67 罐=无罐 泵=0 阀=111111 速=+0,+0,+0.00 电=8.00V/0.73A/峰1.14 补余=0.0 IO错=0 倾+0.0
[   52.359] TLM t=  20.9 L1·A@-75 L2·A@-69 L3·A@-75 R1·A@-75 R2·A@-70 R3·A@-66 罐=无罐 泵=0 阀=111111 速=+0,+0,+0.00 电=8.00V/0.73A/峰1.14 补余=0.0 IO错=0 倾+0.0
[   52.866] TLM t=  21.4 L1·A@-75 L2·A@-69 L3·A@-75 R1·A@-75 R2·A@-69 R3·A@-65 罐=无罐 泵=0 阀=111111 速=+0,+0,+0.00 电=8.00V/0.73A/峰1.14 补余=0.0 IO错=0 倾+0.0
[   53.383] TLM t=  21.9 L1·A@-75 L2·A@-68 L3·A@-75 R1·A@-75 R2·A@-69 R3·A@-65 罐=无罐 泵=0 阀=111111 速=+0,+0,+0.00 电=8.00V/0.81A/峰1.14 补余=0.0 IO错=0 倾+0.0
[   53.902] TLM t=  22.4 L1·A@-74 L2·A@-68 L3·A@-75 R1·A@-75 R2·A@-69 R3·A@-64 罐=无罐 泵=0 阀=111111 速=+0,+0,+0.00 电=8.00V/0.65A/峰1.14 补余=0.0 IO错=0 倾+0.0
[   54.407] TLM t=  22.9 L1·A@-74 L2·A@-67 L3·A@-75 R1·A@-74 R2·A@-68 R3·A@-64 罐=无罐 泵=0 阀=111111 速=+0,+0,+0.00 电=8.00V/0.73A/峰1.14 补余=0.0 IO错=0 倾+0.0
[   54.930] TLM t=  23.5 L1·A@-74 L2·A@-67 L3·A@-75 R1·A@-74 R2·A@-68 R3·A@-63 罐=无罐 泵=0 阀=111111 速=+0,+0,+0.00 电=8.00V/0.73A/峰1.14 补余=0.0 IO错=0 倾+0.0
[   55.429] TLM t=  24.0 L1·A@-74 L2·A@-67 L3·A@-75 R1·A@-74 R2·A@-68 R3·A@-62 罐=无罐 泵=0 阀=111111 速=+0,+0,+0.00 电=8.00V/0.73A/峰1.14 补余=0.0 IO错=0 倾+0.0
[   55.954] TLM t=  24.5 L1·A@-74 L2·A@-66 L3·A@-75 R1·A@-74 R2·A@-67 R3·A@-62 罐=无罐 泵=0 阀=111111 速=+0,+0,+0.00 电=7.99V/0.57A/峰1.14 补余=0.0 IO错=0 倾+0.0
[   56.454] TLM t=  25.0 L1·A@-74 L2·A@-66 L3·A@-75 R1·A@-74 R2·A@-67 R3·A@-61 罐=无罐 泵=0 阀=111111 速=+0,+0,+0.00 电=8.00V/0.73A/峰1.14 补余=0.0 IO错=0 倾+0.0
[   56.976] TLM t=  25.5 L1·A@-74 L2·A@-65 L3·A@-75 R1·A@-74 R2·A@-66 R3·A@-60 罐=无罐 泵=0 阀=111111 速=+0,+0,+0.00 电=8.00V/0.73A/峰1.14 补余=0.0 IO错=0 倾+0.0
[   57.329] EVT 泵 开 最差盘压-59.9
[   57.481] TLM t=  26.0 L1·A@-74 L2·A@-65 L3·A@-74 R1·A@-74 R2·A@-66 R3·A@-60 罐=无罐 泵=1 阀=111111 速=+0,+0,+0.00 电=7.96V/0.57A/峰1.14 补余=0.0 IO错=0 倾+0.0
[   57.977] TLM t=  26.5 L1·A@-74 L2·A@-73 L3·A@-74 R1·A@-74 R2·A@-73 R3·A@-73 罐=无罐 泵=1 阀=111111 速=+0,+0,+0.00 电=7.93V/0.81A/峰1.14 补余=0.0 IO错=0 倾+0.0
[   58.198] EVT 泵 停 最差盘压-75.2
[   58.489] TLM t=  27.0 L1·A@-76 L2·A@-76 L3·A@-76 R1·A@-76 R2·A@-76 R3·A@-76 罐=无罐 泵=0 阀=111111 速=+0,+0,+0.00 电=8.00V/0.73A/峰1.14 补余=0.0 IO错=0 倾+0.0
[   58.995] TLM t=  27.5 L1·A@-76 L2·A@-76 L3·A@-76 R1·A@-76 R2·A@-75 R3·A@-75 罐=无罐 泵=0 阀=111111 速=+0,+0,+0.00 电=8.00V/0.65A/峰1.14 补余=0.0 IO错=0 倾+0.0
[   59.512] TLM t=  28.0 L1·A@-76 L2·A@-75 L3·A@-76 R1·A@-76 R2·A@-75 R3·A@-75 罐=无罐 泵=0 阀=111111 速=+0,+0,+0.00 电=8.00V/0.73A/峰1.14 补余=0.0 IO错=0 倾+0.0
[   60.014] TLM t=  28.5 L1·A@-76 L2·A@-75 L3·A@-76 R1·A@-76 R2·A@-74 R3·A@-74 罐=无罐 泵=0 阀=111111 速=+0,+0,+0.00 电=8.00V/0.73A/峰1.14 补余=0.0 IO错=0 倾+0.0
[   60.537] TLM t=  29.0 L1·A@-76 L2·A@-74 L3·A@-76 R1·A@-76 R2·A@-74 R3·A@-73 罐=无罐 泵=0 阀=111111 速=+0,+0,+0.00 电=8.00V/0.73A/峰1.14 补余=0.0 IO错=0 倾+0.0
[   60.723] EVT 倾身 +10mm（对时标记 去程）
[   60.723] EVT 实验序列开跑：标记+自动轮换 3 轮
[   60.723] EVT 键 't' 倾=+0.0待=+10.0
[   61.043] TLM t=  29.5 L1·A@-76 L2·A@-74 L3·A@-76 R1·A@-75 R2·A@-74 R3·A@-73 罐=无罐 泵=0 阀=111111 速=+0,+0,+0.00 电=7.95V/1.71A/峰1.71 补余=0.0 IO错=0 倾+3.2→+10 对时标记
[   61.563] TLM t=  30.1 L1·A@-76 L2·A@-73 L3·A@-76 R1·A@-75 R2·A@-73 R3·A@-72 罐=无罐 泵=0 阀=111111 速=+0,+0,+0.00 电=7.91V/2.52A/峰2.52 补余=0.0 IO错=0 倾+8.4→+10 对时标记
[   62.064] TLM t=  30.6 L1·A@-75 L2·A@-73 L3·A@-76 R1·A@-75 R2·A@-73 R3·A@-71 罐=无罐 泵=0 阀=111111 速=+0,+0,+0.00 电=7.91V/2.20A/峰2.52 补余=0.0 IO错=0 倾+10.0 对时标记
[   62.587] TLM t=  31.1 L1·A@-75 L2·A@-72 L3·A@-76 R1·A@-75 R2·A@-72 R3·A@-70 罐=无罐 泵=0 阀=111111 速=+0,+0,+0.00 电=7.93V/2.12A/峰2.52 补余=0.0 IO错=0 倾+10.0 对时标记
[   63.091] TLM t=  31.6 L1·A@-75 L2·A@-72 L3·A@-76 R1·A@-75 R2·A@-72 R3·A@-70 罐=无罐 泵=0 阀=111111 速=+0,+0,+0.00 电=7.91V/2.20A/峰2.52 补余=0.0 IO错=0 倾+10.0 对时标记
[   63.610] TLM t=  32.1 L1·A@-75 L2·A@-71 L3·A@-75 R1·A@-75 R2·A@-72 R3·A@-69 罐=无罐 泵=0 阀=111111 速=+0,+0,+0.00 电=7.91V/2.04A/峰2.52 补余=0.0 IO错=0 倾+10.0 对时标记
[   63.726] EVT 倾身 -10mm（对时标记 回程）
[   64.115] TLM t=  32.6 L1·A@-75 L2·A@-71 L3·A@-75 R1·A@-75 R2·A@-71 R3·A@-68 罐=无罐 泵=0 阀=111111 速=+0,+0,+0.00 电=8.00V/0.81A/峰2.52 补余=0.0 IO错=0 倾+6.2→+0 对时标记
[   64.639] TLM t=  33.1 L1·A@-75 L2·A@-71 L3·A@-75 R1·A@-75 R2·A@-71 R3·A@-68 罐=无罐 泵=0 阀=111111 速=+0,+0,+0.00 电=8.00V/0.65A/峰2.52 补余=0.0 IO错=0 倾+1.0→+0 对时标记
[   65.142] TLM t=  33.6 L1·A@-75 L2·A@-70 L3·A@-75 R1·A@-75 R2·A@-70 R3·A@-67 罐=无罐 泵=0 阀=111111 速=+0,+0,+0.00 电=8.00V/0.73A/峰2.52 补余=0.0 IO错=0 倾+0.0 对时标记
[   65.663] TLM t=  34.1 L1·A@-75 L2·A@-70 L3·A@-75 R1·A@-75 R2·A@-70 R3·A@-66 罐=无罐 泵=0 阀=111111 速=+0,+0,+0.00 电=8.01V/0.65A/峰2.52 补余=0.0 IO错=0 倾+0.0 对时标记
[   66.167] TLM t=  34.6 L1·A@-75 L2·A@-69 L3·A@-75 R1·A@-75 R2·A@-70 R3·A@-66 罐=无罐 泵=0 阀=111111 速=+0,+0,+0.00 电=8.00V/0.65A/峰2.52 补余=0.0 IO错=0 倾+0.0 对时标记
[   66.689] TLM t=  35.2 L1·A@-75 L2·A@-69 L3·A@-75 R1·A@-75 R2·A@-69 R3·A@-65 罐=无罐 泵=0 阀=111111 速=+0,+0,+0.00 电=8.00V/0.65A/峰2.52 补余=0.0 IO错=0 倾+0.0 对时标记
[   67.192] TLM t=  35.7 L1·A@-75 L2·A@-68 L3·A@-75 R1·A@-75 R2·A@-69 R3·A@-65 罐=无罐 泵=0 阀=111111 速=+0,+0,+0.00 电=8.00V/0.65A/峰2.52 补余=0.0 IO错=0 倾+0.0 对时标记
[   67.715] TLM t=  36.2 L1·A@-75 L2·A@-68 L3·A@-75 R1·A@-75 R2·A@-69 R3·A@-64 罐=无罐 泵=0 阀=111111 速=+0,+0,+0.00 电=8.00V/0.73A/峰2.52 补余=0.0 IO错=0 倾+0.0 对时标记
[   68.217] TLM t=  36.7 L1·A@-75 L2·A@-67 L3·A@-75 R1·A@-75 R2·A@-68 R3·A@-63 罐=无罐 泵=0 阀=111111 速=+0,+0,+0.00 电=8.00V/0.73A/峰2.52 补余=0.0 IO错=0 倾+0.0 对时标记
[   68.739] TLM t=  37.2 L1·A@-74 L2·A@-67 L3·A@-75 R1·A@-75 R2·A@-68 R3·A@-63 罐=无罐 泵=0 阀=111111 速=+0,+0,+0.00 电=8.00V/0.65A/峰2.52 补余=0.0 IO错=0 倾+0.0 对时标记
[   69.245] TLM t=  37.7 L1·A@-74 L2·A@-67 L3·A@-75 R1·A@-74 R2·A@-68 R3·A@-62 罐=无罐 泵=0 阀=111111 速=+0,+0,+0.00 电=8.00V/0.65A/峰2.52 补余=0.0 IO错=0 倾+0.0 对时标记
[   69.765] TLM t=  38.2 L1·A@-74 L2·A@-66 L3·A@-75 R1·A@-74 R2·A@-67 R3·A@-61 罐=无罐 泵=0 阀=111111 速=+0,+0,+0.00 电=8.00V/0.65A/峰2.52 补余=0.0 IO错=0 倾+0.0 对时标记
[   70.268] TLM t=  38.7 L1·A@-74 L2·A@-66 L3·A@-75 R1·A@-74 R2·A@-67 R3·A@-61 罐=无罐 泵=0 阀=111111 速=+0,+0,+0.00 电=7.99V/0.65A/峰2.52 补余=0.0 IO错=0 倾+0.0 对时标记
[   70.793] TLM t=  39.2 L1·A@-74 L2·A@-65 L3·A@-75 R1·A@-74 R2·A@-66 R3·A@-60 罐=无罐 泵=0 阀=111111 速=+0,+0,+0.00 电=8.00V/0.73A/峰2.52 补余=0.0 IO错=0 倾+0.0 对时标记
[   70.966] EVT 泵 开 最差盘压-60.0
[   71.296] TLM t=  39.7 L1·A@-74 L2·A@-66 L3·A@-75 R1·A@-74 R2·A@-66 R3·A@-66 罐=无罐 泵=1 阀=111111 速=+0,+0,+0.00 电=7.97V/0.65A/峰2.52 补余=0.0 IO错=0 倾+0.0 对时标记
[   71.817] TLM t=  40.3 L1·A@-75 L2·A@-76 L3·A@-75 R1·A@-75 R2·A@-76 R3·A@-76 罐=无罐 泵=1 阀=111111 速=+0,+0,+0.00 电=7.98V/0.57A/峰2.52 补余=0.0 IO错=0 倾+0.0 对时标记
[   71.830] EVT 泵 停 最差盘压-75.1
[   72.322] TLM t=  40.8 L1·A@-76 L2·A@-76 L3·A@-76 R1·A@-76 R2·A@-76 R3·A@-76 罐=无罐 泵=0 阀=111111 速=+0,+0,+0.00 电=8.00V/0.65A/峰2.52 补余=0.0 IO错=0 倾+0.0 对时标记
[   72.840] TLM t=  41.3 L1·A@-76 L2·A@-75 L3·A@-76 R1·A@-76 R2·A@-75 R3·A@-75 罐=无罐 泵=0 阀=111111 速=+0,+0,+0.00 电=8.00V/0.73A/峰2.52 补余=0.0 IO错=0 倾+0.0 对时标记
[   73.342] TLM t=  41.8 L1·A@-76 L2·A@-75 L3·A@-76 R1·A@-76 R2·A@-75 R3·A@-74 罐=无罐 泵=0 阀=111111 速=+0,+0,+0.00 电=8.00V/0.65A/峰2.52 补余=0.0 IO错=0 倾+0.0 对时标记
[   73.864] TLM t=  42.3 L1·A@-76 L2·A@-74 L3·A@-76 R1·A@-75 R2·A@-74 R3·A@-73 罐=无罐 泵=0 阀=111111 速=+0,+0,+0.00 电=8.00V/0.65A/峰2.52 补余=0.0 IO错=0 倾+0.0 对时标记
[   74.369] TLM t=  42.8 L1·A@-76 L2·A@-74 L3·A@-76 R1·A@-75 R2·A@-74 R3·A@-73 罐=无罐 泵=0 阀=111111 速=+0,+0,+0.00 电=8.00V/0.73A/峰2.52 补余=0.0 IO错=0 倾+0.0 对时标记
[   74.887] TLM t=  43.3 L1·A@-76 L2·A@-73 L3·A@-76 R1·A@-75 R2·A@-73 R3·A@-72 罐=无罐 泵=0 阀=111111 速=+0,+0,+0.00 电=8.00V/0.65A/峰2.52 补余=0.0 IO错=0 倾+0.0 对时标记
[   75.396] TLM t=  43.8 L1·A@-76 L2·A@-73 L3·A@-76 R1·A@-75 R2·A@-73 R3·A@-71 罐=无罐 泵=0 阀=111111 速=+0,+0,+0.00 电=8.00V/0.65A/峰2.52 补余=0.0 IO错=0 倾+0.0 对时标记
[   75.914] TLM t=  44.3 L1·A@-75 L2·A@-72 L3·A@-76 R1·A@-75 R2·A@-73 R3·A@-71 罐=无罐 泵=0 阀=111111 速=+0,+0,+0.00 电=8.00V/0.73A/峰2.52 补余=0.0 IO错=0 倾+0.0 对时标记
[   76.418] TLM t=  44.8 L1·A@-75 L2·A@-72 L3·A@-76 R1·A@-75 R2·A@-72 R3·A@-70 罐=无罐 泵=0 阀=111111 速=+0,+0,+0.00 电=8.00V/0.65A/峰2.52 补余=0.0 IO错=0 倾+0.0 对时标记
[   76.939] TLM t=  45.4 L1·A@-75 L2·A@-72 L3·A@-75 R1·A@-75 R2·A@-72 R3·A@-69 罐=无罐 泵=0 阀=111111 速=+0,+0,+0.00 电=8.00V/0.73A/峰2.52 补余=0.0 IO错=0 倾+0.0 对时标记
[   77.441] TLM t=  45.9 L1·A@-75 L2·A@-71 L3·A@-75 R1·A@-75 R2·A@-71 R3·A@-69 罐=无罐 泵=0 阀=111111 速=+0,+0,+0.00 电=8.00V/0.65A/峰2.52 补余=0.0 IO错=0 倾+0.0 对时标记
[   77.965] TLM t=  46.4 L1·A@-75 L2·A@-71 L3·A@-75 R1·A@-75 R2·A@-71 R3·A@-68 罐=无罐 泵=0 阀=111111 速=+0,+0,+0.00 电=8.00V/0.65A/峰2.52 补余=0.0 IO错=0 倾+0.0 对时标记
[   78.471] TLM t=  46.9 L1·A@-75 L2·A@-70 L3·A@-75 R1·A@-75 R2·A@-71 R3·A@-67 罐=无罐 泵=0 阀=111111 速=+0,+0,+0.00 电=8.00V/0.73A/峰2.52 补余=0.0 IO错=0 倾+0.0 对时标记
[   78.989] TLM t=  47.4 L1·A@-75 L2·A@-70 L3·A@-75 R1·A@-75 R2·A@-70 R3·A@-67 罐=无罐 泵=0 阀=111111 速=+0,+0,+0.00 电=8.00V/0.65A/峰2.52 补余=0.0 IO错=0 倾+0.0 对时标记
[   79.492] TLM t=  47.9 L1·A@-75 L2·A@-69 L3·A@-75 R1·A@-75 R2·A@-70 R3·A@-66 罐=无罐 泵=0 阀=111111 速=+0,+0,+0.00 电=8.00V/0.73A/峰2.52 补余=0.0 IO错=0 倾+0.0 对时标记
[   80.019] TLM t=  48.4 L1·A@-75 L2·A@-69 L3·A@-75 R1·A@-75 R2·A@-70 R3·A@-65 罐=无罐 泵=0 阀=111111 速=+0,+0,+0.00 电=8.00V/0.65A/峰2.52 补余=0.0 IO错=0 倾+0.0 对时标记
[   80.523] TLM t=  48.9 L1·A@-75 L2·A@-69 L3·A@-75 R1·A@-75 R2·A@-69 R3·A@-65 罐=无罐 泵=0 阀=111111 速=+0,+0,+0.00 电=8.00V/0.73A/峰2.52 补余=0.0 IO错=0 倾+0.0 对时标记
[   81.047] TLM t=  49.4 L1·A@-75 L2·A@-68 L3·A@-75 R1·A@-75 R2·A@-69 R3·A@-64 罐=无罐 泵=0 阀=111111 速=+0,+0,+0.00 电=8.00V/0.65A/峰2.52 补余=0.0 IO错=0 倾+0.0 对时标记
[   81.551] TLM t=  49.9 L1·A@-75 L2·A@-68 L3·A@-75 R1·A@-75 R2·A@-68 R3·A@-64 罐=无罐 泵=0 阀=111111 速=+0,+0,+0.00 电=8.00V/0.73A/峰2.52 补余=0.0 IO错=0 倾+0.0 对时标记
[   82.071] TLM t=  50.5 L1·A@-74 L2·A@-67 L3·A@-75 R1·A@-75 R2·A@-68 R3·A@-63 罐=无罐 泵=0 阀=111111 速=+0,+0,+0.00 电=8.00V/0.73A/峰2.52 补余=0.0 IO错=0 倾+0.0 对时标记
[   82.575] TLM t=  51.0 L1·A@-74 L2·A@-67 L3·A@-75 R1·A@-75 R2·A@-68 R3·A@-62 罐=无罐 泵=0 阀=111111 速=+0,+0,+0.00 电=8.00V/0.73A/峰2.52 补余=0.0 IO错=0 倾+0.0 对时标记
[   83.098] TLM t=  51.5 L1·A@-74 L2·A@-66 L3·A@-75 R1·A@-75 R2·A@-67 R3·A@-62 罐=无罐 泵=0 阀=111111 速=+0,+0,+0.00 电=8.00V/0.73A/峰2.52 补余=0.0 IO错=0 倾+0.0 对时标记
[   83.598] TLM t=  52.0 L1·A@-74 L2·A@-66 L3·A@-75 R1·A@-75 R2·A@-67 R3·A@-61 罐=无罐 泵=0 阀=111111 速=+0,+0,+0.00 电=8.00V/0.65A/峰2.52 补余=0.0 IO错=0 倾+0.0 对时标记
[   84.124] TLM t=  52.5 L1·A@-74 L2·A@-66 L3·A@-75 R1·A@-74 R2·A@-67 R3·A@-60 罐=无罐 泵=0 阀=111111 速=+0,+0,+0.00 电=8.00V/0.73A/峰2.52 补余=0.0 IO错=0 倾+0.0 对时标记
[   84.598] EVT 泵 开 最差盘压-59.9
[   84.627] TLM t=  53.0 L1·A@-74 L2·A@-65 L3·A@-75 R1·A@-74 R2·A@-66 R3·A@-60 罐=无罐 泵=1 阀=111111 速=+0,+0,+0.00 电=7.85V/0.98A/峰2.52 补余=0.0 IO错=0 倾+0.0 对时标记
[   84.738] EVT 对时标记完成
[   84.739] EVT 自动轮换：第 1 轮开始
[   84.751] EVT 原地抬起受理：R3
[   84.779] EVT 相位 R3 stance→handover
[   85.148] TLM t=  54.4 L1·A@-74 L2·A@-72 L3·A@-75 R1·A@-74 R2·A@-72 R3ZA@-72 罐=无罐 泵=1 阀=111111 速=+0,+0,+0.00 电=7.96V/0.65A/峰2.52 补余=0.0 IO错=0 倾+0.0 自动1/3
[   85.464] EVT 泵 停 最差盘压-75.2
[   85.652] TLM t=  54.6 L1·A@-76 L2·A@-76 L3·A@-76 R1·A@-76 R2·A@-76 R3ZA@-76 罐=无罐 泵=0 阀=111111 速=+0,+0,+0.00 电=7.99V/0.90A/峰2.52 补余=0.0 IO错=0 倾+0.0 自动1/3
[   86.178] TLM t=  54.6 L1·A@-76 L2·A@-76 L3·A@-76 R1·A@-76 R2·A@-75 R3ZA@-75 罐=无罐 泵=0 阀=111111 速=+0,+0,+0.00 电=7.98V/0.98A/峰2.52 补余=0.0 IO错=0 倾+0.0 自动1/3
[   86.683] TLM t=  54.6 L1·A@-76 L2·A@-75 L3·A@-76 R1·A@-76 R2·A@-75 R3ZA@-75 罐=无罐 泵=0 阀=111111 速=+0,+0,+0.00 电=7.97V/1.22A/峰2.52 补余=0.0 IO错=0 倾+0.0 自动1/3
[   86.973] EVT 吸附 R3 attached→venting 在态64.56s -74.2kPa
[   86.973] EVT 相位 R3 handover→vent 落点Δ(+0.0,+0.0)
[   86.986] EVT 阀 R3 →排气位
[   87.200] TLM t=  54.6 L1·A@-76 L2·A@-75 L3·A@-76 R1·A@-76 R2·A@-74 R3Vv@-74 罐=无罐 泵=0 阀=111110 速=+0,+0,+0.00 电=7.95V/1.30A/峰2.52 补余=0.0 IO错=0 倾+0.0 自动1/3
[   87.274] EVT 相位 R3 vent→lift
[   87.409] EVT 吸附 R3 venting→released 在态0.44s 0.2kPa
[   87.704] TLM t=  54.6 L1·A@-76 L2·A@-74 L3·A@-76 R1·A@-76 R2·A@-74 R3Lr@-- 罐=无罐 泵=0 阀=111110 速=+0,+0,+0.00 电=7.93V/1.55A/峰2.52 补余=0.0 IO错=0 倾+0.0 自动1/3
[   88.117] EVT 相位 R3 lift→transfer
[   88.221] TLM t=  54.6 L1·A@-76 L2·A@-74 L3·A@-76 R1·A@-75 R2·A@-74 R3Tr@-- 罐=无罐 泵=0 阀=111110 速=+0,+0,+0.00 电=7.91V/1.95A/峰2.52 补余=0.0 IO错=0 倾+0.0 自动1/3
[   88.732] TLM t=  54.6 L1·A@-75 L2·A@-73 L3·A@-76 R1·A@-75 R2·A@-73 R3Tr@-- 罐=无罐 泵=0 阀=111110 速=+0,+0,+0.00 电=7.93V/1.71A/峰2.52 补余=0.0 IO错=0 倾+0.0 自动1/3
[   88.732] EVT 相位 R3 transfer→hover
[   89.248] TLM t=  54.6 L1·A@-75 L2·A@-73 L3·A@-76 R1·A@-75 R2·A@-73 R3Hr@-- 罐=无罐 泵=0 阀=111110 速=+0,+0,+0.00 电=7.95V/1.55A/峰2.52 补余=0.0 IO错=0 倾+0.0 自动1/3
[   89.743] EVT 落地：R3
[   89.751] TLM t=  54.6 L1·A@-75 L2·A@-72 L3·A@-76 R1·A@-75 R2·A@-73 R3Dr@-- 罐=无罐 泵=0 阀=111110 速=+0,+0,+0.00 电=7.95V/1.47A/峰2.52 补余=0.0 IO错=0 倾+0.0 自动1/3
[   89.756] EVT 相位 R3 hover→descend
[   90.237] EVT 相位 R3 descend→press
[   90.273] TLM t=  54.6 L1·A@-75 L2·A@-72 L3·A@-76 R1·A@-75 R2·A@-72 R3Pr@-- 罐=无罐 泵=0 阀=111110 速=+0,+0,+0.00 电=7.94V/1.55A/峰2.52 补余=0.0 IO错=0 倾+0.0 自动1/3
[   90.777] TLM t=  54.6 L1·A@-75 L2·A@-72 L3·A@-75 R1·A@-75 R2·A@-72 R3Pr@-- 罐=无罐 泵=0 阀=111110 速=+0,+0,+0.00 电=7.95V/1.47A/峰2.52 补余=0.0 IO错=0 倾+0.0 自动1/3
[   91.298] TLM t=  54.6 L1·A@-75 L2·A@-71 L3·A@-75 R1·A@-75 R2·A@-71 R3Pr@-- 罐=无罐 泵=0 阀=111110 速=+0,+0,+0.00 电=7.93V/1.47A/峰2.52 补余=0.0 IO错=0 倾+0.0 自动1/3
[   91.443] EVT 吸附 R3 released→pressing 在态4.02s 0.2kPa
[   91.444] EVT 相位 R3 press→wait
[   91.769] EVT 吸附 R3 pressing→sucking 在态0.32s 0.2kPa
[   91.770] EVT 阀 R3 →抽气位
[   91.792] EVT 泵 开 最差盘压-70.6
[   91.804] TLM t=  54.6 L1·A@-75 L2·A@-71 L3·A@-75 R1·A@-75 R2·A@-71 R3Ws@0 罐=无罐 泵=1 阀=111111 速=+0,+0,+0.00 电=7.79V/1.47A/峰2.52 补余=0.0 IO错=0 倾+0.0 自动1/3
[   92.092] EVT 吸附 R3 sucking→attached 在态0.32s -62.5kPa
[   92.093] EVT 相位 R3 wait→stance
[   92.093] EVT 抬落完成，轮到 L1
[   92.318] TLM t=  54.8 L1·A@-75 L2·A@-72 L3·A@-75 R1·A@-75 R2·A@-72 R3·A@-71 罐=无罐 泵=1 阀=111111 速=+0,+0,+0.00 电=7.90V/1.55A/峰2.52 补余=0.0 IO错=0 倾+0.0 自动1/3
[   92.635] EVT 泵 停 最差盘压-75.3
[   92.823] TLM t=  55.3 L1·A@-76 L2·A@-76 L3·A@-76 R1·A@-76 R2·A@-76 R3·A@-76 罐=无罐 泵=0 阀=111111 速=+0,+0,+0.00 电=7.95V/1.55A/峰2.52 补余=0.0 IO错=0 倾+0.0 自动1/3
[   93.342] TLM t=  55.8 L1·A@-76 L2·A@-76 L3·A@-76 R1·A@-76 R2·A@-76 R3·A@-75 罐=无罐 泵=0 阀=111111 速=+0,+0,+0.00 电=7.96V/1.47A/峰2.52 补余=0.0 IO错=0 倾+0.0 自动1/3
[   93.845] TLM t=  56.3 L1·A@-76 L2·A@-75 L3·A@-76 R1·A@-76 R2·A@-75 R3·A@-75 罐=无罐 泵=0 阀=111111 速=+0,+0,+0.00 电=7.96V/1.47A/峰2.52 补余=0.0 IO错=0 倾+0.0 自动1/3
[   94.364] TLM t=  56.9 L1·A@-76 L2·A@-75 L3·A@-76 R1·A@-76 R2·A@-75 R3·A@-74 罐=无罐 泵=0 阀=111111 速=+0,+0,+0.00 电=7.96V/1.55A/峰2.52 补余=0.0 IO错=0 倾+0.0 自动1/3
[   94.873] TLM t=  57.4 L1·A@-76 L2·A@-74 L3·A@-76 R1·A@-76 R2·A@-74 R3·A@-73 罐=无罐 泵=0 阀=111111 速=+0,+0,+0.00 电=7.96V/1.38A/峰2.52 补余=0.0 IO错=0 倾+0.0 自动1/3
[   95.390] TLM t=  57.9 L1·A@-76 L2·A@-74 L3·A@-76 R1·A@-76 R2·A@-74 R3·A@-73 罐=无罐 泵=0 阀=111111 速=+0,+0,+0.00 电=7.95V/1.47A/峰2.52 补余=0.0 IO错=0 倾+0.0 自动1/3
[   95.893] TLM t=  58.4 L1·A@-76 L2·A@-74 L3·A@-76 R1·A@-75 R2·A@-74 R3·A@-72 罐=无罐 泵=0 阀=111111 速=+0,+0,+0.00 电=7.95V/1.38A/峰2.52 补余=0.0 IO错=0 倾+0.0 自动1/3
[   96.416] TLM t=  58.9 L1·A@-76 L2·A@-73 L3·A@-76 R1·A@-75 R2·A@-73 R3·A@-71 罐=无罐 泵=0 阀=111111 速=+0,+0,+0.00 电=7.95V/1.38A/峰2.52 补余=0.0 IO错=0 倾+0.0 自动1/3
[   96.920] TLM t=  59.4 L1·A@-76 L2·A@-73 L3·A@-76 R1·A@-75 R2·A@-73 R3·A@-70 罐=无罐 泵=0 阀=111111 速=+0,+0,+0.00 电=7.95V/1.63A/峰2.52 补余=0.0 IO错=0 倾+0.0 自动1/3
[   97.436] TLM t=  59.9 L1·A@-76 L2·A@-72 L3·A@-76 R1·A@-75 R2·A@-72 R3·A@-70 罐=无罐 泵=0 阀=111111 速=+0,+0,+0.00 电=7.96V/1.38A/峰2.52 补余=0.0 IO错=0 倾+0.0 自动1/3
[   97.943] TLM t=  60.4 L1·A@-75 L2·A@-72 L3·A@-76 R1·A@-75 R2·A@-72 R3·A@-69 罐=无罐 泵=0 阀=111111 速=+0,+0,+0.00 电=7.95V/1.55A/峰2.52 补余=0.0 IO错=0 倾+0.0 自动1/3
[   98.462] TLM t=  60.9 L1·A@-75 L2·A@-71 L3·A@-76 R1·A@-75 R2·A@-72 R3·A@-68 罐=无罐 泵=0 阀=111111 速=+0,+0,+0.00 电=7.95V/1.55A/峰2.52 补余=0.0 IO错=0 倾+0.0 自动1/3
[   98.963] TLM t=  61.4 L1·A@-75 L2·A@-71 L3·A@-76 R1·A@-75 R2·A@-71 R3·A@-68 罐=无罐 泵=0 阀=111111 速=+0,+0,+0.00 电=7.93V/1.55A/峰2.52 补余=0.0 IO错=0 倾+0.0 自动1/3
[   99.483] TLM t=  62.0 L1·A@-75 L2·A@-70 L3·A@-76 R1·A@-75 R2·A@-71 R3·A@-67 罐=无罐 泵=0 阀=111111 速=+0,+0,+0.00 电=7.96V/1.47A/峰2.52 补余=0.0 IO错=0 倾+0.0 自动1/3
[   99.988] TLM t=  62.5 L1·A@-75 L2·A@-70 L3·A@-76 R1·A@-75 R2·A@-71 R3·A@-66 罐=无罐 泵=0 阀=111111 速=+0,+0,+0.00 电=7.96V/1.38A/峰2.52 补余=0.0 IO错=0 倾+0.0 自动1/3
[  100.505] TLM t=  63.0 L1·A@-75 L2·A@-70 L3·A@-75 R1·A@-75 R2·A@-70 R3·A@-66 罐=无罐 泵=0 阀=111111 速=+0,+0,+0.00 电=7.94V/1.47A/峰2.52 补余=0.0 IO错=0 倾+0.0 自动1/3
[  101.011] TLM t=  63.5 L1·A@-75 L2·A@-69 L3·A@-75 R1·A@-75 R2·A@-70 R3·A@-65 罐=无罐 泵=0 阀=111111 速=+0,+0,+0.00 电=7.95V/1.47A/峰2.52 补余=0.0 IO错=0 倾+0.0 自动1/3
[  101.528] TLM t=  64.0 L1·A@-75 L2·A@-69 L3·A@-75 R1·A@-75 R2·A@-69 R3·A@-64 罐=无罐 泵=0 阀=111111 速=+0,+0,+0.00 电=7.96V/1.47A/峰2.52 补余=0.0 IO错=0 倾+0.0 自动1/3
[  102.035] TLM t=  64.5 L1·A@-75 L2·A@-68 L3·A@-75 R1·A@-75 R2·A@-69 R3·A@-64 罐=无罐 泵=0 阀=111111 速=+0,+0,+0.00 电=7.93V/1.47A/峰2.52 补余=0.0 IO错=0 倾+0.0 自动1/3
[  102.123] EVT 原地抬起受理：L1
[  102.146] EVT 相位 L1 stance→handover
[  102.552] TLM t=  65.8 L1ZA@-75 L2·A@-68 L3·A@-75 R1·A@-75 R2·A@-69 R3·A@-63 罐=无罐 泵=0 阀=111111 速=+0,+0,+0.00 电=7.96V/1.38A/峰2.52 补余=0.0 IO错=0 倾+0.0 自动1/3
[  103.055] TLM t=  66.0 L1ZA@-75 L2·A@-67 L3·A@-75 R1·A@-75 R2·A@-68 R3·A@-63 罐=无罐 泵=0 阀=111111 速=+0,+0,+0.00 电=7.96V/1.47A/峰2.52 补余=0.0 IO错=0 倾+0.0 自动1/3
[  103.575] TLM t=  66.0 L1ZA@-74 L2·A@-67 L3·A@-75 R1·A@-75 R2·A@-68 R3·A@-62 罐=无罐 泵=0 阀=111111 速=+0,+0,+0.00 电=7.94V/1.55A/峰2.52 补余=0.0 IO错=0 倾+0.0 自动1/3
[  104.080] TLM t=  66.0 L1ZA@-74 L2·A@-67 L3·A@-75 R1·A@-75 R2·A@-67 R3·A@-61 罐=无罐 泵=0 阀=111111 速=+0,+0,+0.00 电=7.93V/1.95A/峰2.52 补余=0.0 IO错=0 倾+0.0 自动1/3
[  104.599] TLM t=  66.0 L1ZA@-74 L2·A@-66 L3·A@-75 R1·A@-74 R2·A@-67 R3·A@-61 罐=无罐 泵=0 阀=111111 速=+0,+0,+0.00 电=7.90V/2.12A/峰2.52 补余=0.0 IO错=0 倾+0.0 自动1/3
[  105.108] TLM t=  66.0 L1ZA@-74 L2·A@-66 L3·A@-75 R1·A@-74 R2·A@-67 R3·A@-60 罐=无罐 泵=0 阀=111111 速=+0,+0,+0.00 电=7.92V/2.36A/峰2.52 补余=0.0 IO错=0 倾+0.0 自动1/3
[  105.112] EVT 泵 开 最差盘压-59.9
[  105.232] EVT 吸附 L1 attached→venting 在态80.88s -74.2kPa
[  105.232] EVT 相位 L1 handover→vent 落点Δ(+0.0,+0.0)
[  105.255] EVT 阀 L1 →排气位
[  105.533] EVT 相位 L1 vent→lift
[  105.623] TLM t=  66.0 L1Lv@-74 L2·A@-71 L3·A@-75 R1·A@-74 R2·A@-71 R3·A@-71 罐=无罐 泵=1 阀=011111 速=+0,+0,+0.00 电=7.80V/2.36A/峰2.52 补余=0.0 IO错=0 倾+0.0 自动1/3
[  105.657] EVT 吸附 L1 venting→released 在态0.42s 0.1kPa
[  105.998] EVT 泵 停 最差盘压-75.5
[  106.130] TLM t=  66.0 L1Lr@-- L2·A@-77 L3·A@-77 R1·A@-76 R2·A@-77 R3·A@-77 罐=无罐 泵=0 阀=011111 速=+0,+0,+0.00 电=7.88V/2.36A/峰2.52 补余=0.0 IO错=0 倾+0.0 自动1/3
[  106.377] EVT 相位 L1 lift→transfer
[  106.650] TLM t=  66.0 L1Tr@-- L2·A@-76 L3·A@-76 R1·A@-76 R2·A@-76 R3·A@-76 罐=无罐 泵=0 阀=011111 速=+0,+0,+0.00 电=7.87V/2.44A/峰2.52 补余=0.0 IO错=0 倾+0.0 自动1/3
[  107.005] EVT 相位 L1 transfer→hover
[  107.153] TLM t=  66.0 L1Hr@-- L2·A@-76 L3·A@-76 R1·A@-76 R2·A@-75 R3·A@-75 罐=无罐 泵=0 阀=011111 速=+0,+0,+0.00 电=7.88V/2.28A/峰2.52 补余=0.0 IO错=0 倾+0.0 自动1/3
[  107.675] TLM t=  66.0 L1Hr@-- L2·A@-75 L3·A@-76 R1·A@-76 R2·A@-75 R3·A@-74 罐=无罐 泵=0 阀=011111 速=+0,+0,+0.00 电=7.90V/2.20A/峰2.52 补余=0.0 IO错=0 倾+0.0 自动1/3
[  108.006] EVT 落地：L1
[  108.029] EVT 相位 L1 hover→descend
[  108.179] TLM t=  66.0 L1Dr@-- L2·A@-75 L3·A@-76 R1·A@-76 R2·A@-75 R3·A@-74 罐=无罐 泵=0 阀=011111 速=+0,+0,+0.00 电=7.89V/2.20A/峰2.52 补余=0.0 IO错=0 倾+0.0 自动1/3
[  108.510] EVT 相位 L1 descend→press
[  108.697] TLM t=  66.0 L1Pr@-- L2·A@-74 L3·A@-76 R1·A@-76 R2·A@-74 R3·A@-73 罐=无罐 泵=0 阀=011111 速=+0,+0,+0.00 电=7.91V/2.36A/峰2.52 补余=0.0 IO错=0 倾+0.0 自动1/3
[  109.202] TLM t=  66.0 L1Pr@-- L2·A@-74 L3·A@-76 R1·A@-75 R2·A@-74 R3·A@-72 罐=无罐 泵=0 阀=011111 速=+0,+0,+0.00 电=7.91V/2.36A/峰2.52 补余=0.0 IO错=0 倾+0.0 自动1/3
[  109.713] EVT 吸附 L1 released→pressing 在态4.04s 0.1kPa
[  109.718] EVT 相位 L1 press→wait
[  109.728] TLM t=  66.0 L1Wp@-- L2·A@-73 L3·A@-76 R1·A@-75 R2·A@-73 R3·A@-71 罐=无罐 泵=0 阀=011111 速=+0,+0,+0.00 电=7.89V/2.44A/峰2.52 补余=0.0 IO错=0 倾+0.0 自动1/3
[  110.034] EVT 吸附 L1 pressing→sucking 在态0.32s 0.1kPa
[  110.035] EVT 阀 L1 →抽气位
[  110.055] EVT 泵 开 最差盘压-71.0
[  110.245] TLM t=  66.0 L1Ws@-49 L2·A@-73 L3·A@-76 R1·A@-75 R2·A@-73 R3·A@-71 罐=无罐 泵=1 阀=111111 速=+0,+0,+0.00 电=7.83V/2.28A/峰2.52 补余=0.0 IO错=0 倾+0.0 自动1/3
[  110.450] EVT 吸附 L1 sucking→attached 在态0.42s -66.2kPa
[  110.456] EVT 相位 L1 wait→stance
[  110.456] EVT 抬落完成，轮到 R2
[  110.744] TLM t=  66.3 L1·A@-74 L2·A@-75 L3·A@-76 R1·A@-75 R2·A@-75 R3·A@-74 罐=无罐 泵=1 阀=111111 速=+0,+0,+0.00 电=7.89V/2.04A/峰2.52 补余=0.0 IO错=0 倾+0.0 自动1/3
[  110.837] EVT 泵 停 最差盘压-75.1
[  111.248] TLM t=  66.8 L1·A@-76 L2·A@-76 L3·A@-76 R1·A@-75 R2·A@-76 R3·A@-76 罐=无罐 泵=0 阀=111111 速=+0,+0,+0.00 电=7.91V/2.28A/峰2.52 补余=0.0 IO错=0 倾+0.0 自动1/3
[  111.748] TLM t=  67.3 L1·A@-76 L2·A@-76 L3·A@-76 R1·A@-75 R2·A@-75 R3·A@-75 罐=无罐 泵=0 阀=111111 速=+0,+0,+0.00 电=7.90V/2.20A/峰2.52 补余=0.0 IO错=0 倾+0.0 自动1/3
[  112.252] TLM t=  67.8 L1·A@-75 L2·A@-75 L3·A@-76 R1·A@-75 R2·A@-75 R3·A@-74 罐=无罐 泵=0 阀=111111 速=+0,+0,+0.00 电=7.89V/2.20A/峰2.52 补余=0.0 IO错=0 倾+0.0 自动1/3
[  112.752] TLM t=  68.3 L1·A@-75 L2·A@-75 L3·A@-76 R1·A@-75 R2·A@-74 R3·A@-74 罐=无罐 泵=0 阀=111111 速=+0,+0,+0.00 电=7.90V/2.20A/峰2.52 补余=0.0 IO错=0 倾+0.0 自动1/3
[  113.253] TLM t=  68.8 L1·A@-75 L2·A@-74 L3·A@-76 R1·A@-75 R2·A@-74 R3·A@-73 罐=无罐 泵=0 阀=111111 速=+0,+0,+0.00 电=7.92V/2.36A/峰2.52 补余=0.0 IO错=0 倾+0.0 自动1/3
[  113.758] TLM t=  69.3 L1·A@-75 L2·A@-74 L3·A@-76 R1·A@-75 R2·A@-74 R3·A@-72 罐=无罐 泵=0 阀=111111 速=+0,+0,+0.00 电=7.92V/2.12A/峰2.52 补余=0.0 IO错=0 倾+0.0 自动1/3
[  114.256] TLM t=  69.8 L1·A@-75 L2·A@-73 L3·A@-76 R1·A@-75 R2·A@-73 R3·A@-72 罐=无罐 泵=0 阀=111111 速=+0,+0,+0.00 电=7.90V/2.20A/峰2.52 补余=0.0 IO错=0 倾+0.0 自动1/3
[  114.758] TLM t=  70.3 L1·A@-75 L2·A@-73 L3·A@-76 R1·A@-75 R2·A@-73 R3·A@-71 罐=无罐 泵=0 阀=111111 速=+0,+0,+0.00 电=7.92V/2.20A/峰2.52 补余=0.0 IO错=0 倾+0.0 自动1/3
[  115.261] TLM t=  70.8 L1·A@-75 L2·A@-72 L3·A@-76 R1·A@-75 R2·A@-72 R3·A@-70 罐=无罐 泵=0 阀=111111 速=+0,+0,+0.00 电=7.89V/2.36A/峰2.52 补余=0.0 IO错=0 倾+0.0 自动1/3
[  115.762] TLM t=  71.3 L1·A@-74 L2·A@-72 L3·A@-75 R1·A@-75 R2·A@-72 R3·A@-70 罐=无罐 泵=0 阀=111111 速=+0,+0,+0.00 电=7.91V/2.20A/峰2.52 补余=0.0 IO错=0 倾+0.0 自动1/3
[  116.269] TLM t=  71.8 L1·A@-74 L2·A@-72 L3·A@-75 R1·A@-75 R2·A@-72 R3·A@-69 罐=无罐 泵=0 阀=111111 速=+0,+0,+0.00 电=7.91V/2.20A/峰2.52 补余=0.0 IO错=0 倾+0.0 自动1/3
[  116.764] TLM t=  72.3 L1·A@-74 L2·A@-71 L3·A@-75 R1·A@-75 R2·A@-71 R3·A@-68 罐=无罐 泵=0 阀=111111 速=+0,+0,+0.00 电=7.90V/2.20A/峰2.52 补余=0.0 IO错=0 倾+0.0 自动1/3
[  117.265] TLM t=  72.8 L1·A@-74 L2·A@-71 L3·A@-75 R1·A@-75 R2·A@-71 R3·A@-68 罐=无罐 泵=0 阀=111111 速=+0,+0,+0.00 电=7.89V/2.28A/峰2.52 补余=0.0 IO错=0 倾+0.0 自动1/3
[  117.771] TLM t=  73.3 L1·A@-74 L2·A@-70 L3·A@-75 R1·A@-75 R2·A@-71 R3·A@-67 罐=无罐 泵=0 阀=111111 速=+0,+0,+0.00 电=7.91V/2.28A/峰2.52 补余=0.0 IO错=0 倾+0.0 自动1/3
[  118.270] TLM t=  73.8 L1·A@-74 L2·A@-70 L3·A@-75 R1·A@-74 R2·A@-70 R3·A@-66 罐=无罐 泵=0 阀=111111 速=+0,+0,+0.00 电=7.89V/2.12A/峰2.52 补余=0.0 IO错=0 倾+0.0 自动1/3
[  118.775] TLM t=  74.3 L1·A@-74 L2·A@-69 L3·A@-75 R1·A@-74 R2·A@-70 R3·A@-66 罐=无罐 泵=0 阀=111111 速=+0,+0,+0.00 电=7.92V/2.04A/峰2.52 补余=0.0 IO错=0 倾+0.0 自动1/3
[  119.275] TLM t=  74.8 L1·A@-74 L2·A@-69 L3·A@-75 R1·A@-74 R2·A@-69 R3·A@-65 罐=无罐 泵=0 阀=111111 速=+0,+0,+0.00 电=7.90V/2.28A/峰2.52 补余=0.0 IO错=0 倾+0.0 自动1/3
[  119.776] TLM t=  75.3 L1·A@-74 L2·A@-68 L3·A@-75 R1·A@-74 R2·A@-69 R3·A@-64 罐=无罐 泵=0 阀=111111 速=+0,+0,+0.00 电=7.91V/2.28A/峰2.52 补余=0.0 IO错=0 倾+0.0 自动1/3
[  120.278] TLM t=  75.8 L1·A@-74 L2·A@-68 L3·A@-75 R1·A@-74 R2·A@-69 R3·A@-64 罐=无罐 泵=0 阀=111111 速=+0,+0,+0.00 电=7.91V/2.12A/峰2.52 补余=0.0 IO错=0 倾+0.0 自动1/3
[  120.491] EVT 原地抬起受理：R2
[  120.511] EVT 相位 R2 stance→handover
[  120.778] TLM t=  77.1 L1·A@-73 L2·A@-68 L3·A@-75 R1·A@-74 R2ZA@-68 R3·A@-63 罐=无罐 泵=0 阀=111111 速=+0,+0,+0.00 电=7.90V/2.28A/峰2.52 补余=0.0 IO错=0 倾+0.0 自动1/3
[  121.281] TLM t=  77.4 L1·A@-73 L2·A@-67 L3·A@-75 R1·A@-74 R2ZA@-68 R3·A@-63 罐=无罐 泵=0 阀=111111 速=+0,+0,+0.00 电=7.91V/2.20A/峰2.52 补余=0.0 IO错=0 倾+0.0 自动1/3
[  121.784] TLM t=  77.4 L1·A@-73 L2·A@-67 L3·A@-75 R1·A@-74 R2ZA@-68 R3·A@-62 罐=无罐 泵=0 阀=111111 速=+0,+0,+0.00 电=7.90V/2.52A/峰2.52 补余=0.0 IO错=0 倾+0.0 自动1/3
[  122.285] TLM t=  77.4 L1·A@-73 L2·A@-66 L3·A@-75 R1·A@-74 R2ZA@-67 R3·A@-61 罐=无罐 泵=0 阀=111111 速=+0,+0,+0.00 电=7.88V/2.44A/峰2.52 补余=0.0 IO错=0 倾+0.0 自动1/3
[  122.697] EVT 吸附 R2 attached→venting 在态96.46s -67.1kPa
[  122.697] EVT 相位 R2 handover→vent 落点Δ(+0.0,+0.0)
[  122.715] EVT 阀 R2 →排气位
[  122.806] TLM t=  77.4 L1·A@-73 L2·A@-66 L3·A@-75 R1·A@-74 R2Vv@-67 R3·A@-61 罐=无罐 泵=0 阀=111101 速=+0,+0,+0.00 电=7.86V/2.28A/峰2.52 补余=0.0 IO错=0 倾+0.0 自动1/3
[  122.998] EVT 相位 R2 vent→lift
[  123.121] EVT 吸附 R2 venting→released 在态0.42s 0.0kPa
[  123.308] TLM t=  77.4 L1·A@-73 L2·A@-66 L3·A@-75 R1·A@-74 R2Lr@-- R3·A@-60 罐=无罐 泵=0 阀=111101 速=+0,+0,+0.00 电=7.89V/2.44A/峰2.52 补余=0.0 IO错=0 倾+0.0 自动1/3
[  123.479] EVT 泵 开 最差盘压-60.0
[  123.828] TLM t=  77.4 L1·A@-73 L2·A@-66 L3·A@-75 R1·A@-74 R2Lr@-- R3·A@-65 罐=无罐 泵=1 阀=111101 速=+0,+0,+0.00 电=7.83V/2.60A/峰2.60 补余=0.0 IO错=0 倾+0.0 自动1/3
[  123.841] EVT 相位 R2 lift→transfer
[  124.322] EVT 泵 停 最差盘压-75.0
[  124.331] TLM t=  77.4 L1·A@-76 L2·A@-76 L3·A@-76 R1·A@-75 R2Tr@-- R3·A@-76 罐=无罐 泵=0 阀=111101 速=+0,+0,+0.00 电=7.88V/2.60A/峰2.60 补余=0.0 IO错=0 倾+0.0 自动1/3
[  124.460] EVT 相位 R2 transfer→hover
[  124.856] TLM t=  77.4 L1·A@-76 L2·A@-76 L3·A@-76 R1·A@-76 R2Hr@-- R3·A@-76 罐=无罐 泵=0 阀=111101 速=+0,+0,+0.00 电=7.86V/2.52A/峰2.60 补余=0.0 IO错=0 倾+0.0 自动1/3
[  125.357] TLM t=  77.4 L1·A@-76 L2·A@-75 L3·A@-76 R1·A@-76 R2Hr@-- R3·A@-75 罐=无罐 泵=0 阀=111101 速=+0,+0,+0.00 电=7.86V/2.44A/峰2.60 补余=0.0 IO错=0 倾+0.0 自动1/3
[  125.470] EVT 落地：R2
[  125.487] EVT 相位 R2 hover→descend
[  125.879] TLM t=  77.4 L1·A@-76 L2·A@-75 L3·A@-76 R1·A@-75 R2Dr@-- R3·A@-74 罐=无罐 泵=0 阀=111101 速=+0,+0,+0.00 电=7.88V/2.52A/峰2.60 补余=0.0 IO错=0 倾+0.0 自动1/3
[  125.969] EVT 相位 R2 descend→press
[  126.381] TLM t=  77.4 L1·A@-76 L2·A@-74 L3·A@-76 R1·A@-75 R2Pr@-- R3·A@-73 罐=无罐 泵=0 阀=111101 速=+0,+0,+0.00 电=7.87V/2.60A/峰2.60 补余=0.0 IO错=0 倾+0.0 自动1/3
[  126.902] TLM t=  77.4 L1·A@-76 L2·A@-74 L3·A@-76 R1·A@-75 R2Pr@-- R3·A@-73 罐=无罐 泵=0 阀=111101 速=+0,+0,+0.00 电=7.87V/2.85A/峰2.85 补余=0.0 IO错=0 倾+0.0 自动1/3
[  127.172] EVT 吸附 R2 released→pressing 在态4.04s 0.0kPa
[  127.173] EVT 相位 R2 press→wait
[  127.403] TLM t=  77.4 L1·A@-75 L2·A@-74 L3·A@-76 R1·A@-75 R2Wp@-- R3·A@-72 罐=无罐 泵=0 阀=111101 速=+0,+0,+0.00 电=7.85V/2.69A/峰2.85 补余=0.0 IO错=0 倾+0.0 自动1/3
[  127.496] EVT 吸附 R2 pressing→sucking 在态0.32s 0.0kPa
[  127.497] EVT 阀 R2 →抽气位
[  127.519] EVT 泵 开 最差盘压-71.9
[  127.797] EVT 吸附 R2 sucking→attached 在态0.30s -65.7kPa
[  127.797] EVT 相位 R2 wait→stance
[  127.797] EVT 抬落完成，轮到 L3
[  127.926] TLM t=  77.5 L1·A@-75 L2·A@-73 L3·A@-76 R1·A@-75 R2·A@-68 R3·A@-71 罐=无罐 泵=1 阀=111111 速=+0,+0,+0.00 电=7.86V/2.52A/峰2.85 补余=0.0 IO错=0 倾+0.0 自动1/3
[  128.301] EVT 泵 停 最差盘压-75.0
[  128.434] TLM t=  78.0 L1·A@-76 L2·A@-76 L3·A@-76 R1·A@-75 R2·A@-76 R3·A@-76 罐=无罐 泵=0 阀=111111 速=+0,+0,+0.00 电=7.89V/2.44A/峰2.85 补余=0.0 IO错=0 倾+0.0 自动1/3
[  128.950] TLM t=  78.5 L1·A@-76 L2·A@-76 L3·A@-76 R1·A@-75 R2·A@-75 R3·A@-75 罐=无罐 泵=0 阀=111111 速=+0,+0,+0.00 电=7.88V/2.44A/峰2.85 补余=0.0 IO错=0 倾+0.0 自动1/3
[  129.453] TLM t=  79.0 L1·A@-76 L2·A@-75 L3·A@-76 R1·A@-75 R2·A@-74 R3·A@-74 罐=无罐 泵=0 阀=111111 速=+0,+0,+0.00 电=7.88V/2.60A/峰2.85 补余=0.0 IO错=0 倾+0.0 自动1/3
[  129.973] TLM t=  79.6 L1·A@-76 L2·A@-75 L3·A@-76 R1·A@-75 R2·A@-74 R3·A@-74 罐=无罐 泵=0 阀=111111 速=+0,+0,+0.00 电=7.89V/2.44A/峰2.85 补余=0.0 IO错=0 倾+0.0 自动1/3
[  130.477] TLM t=  80.1 L1·A@-75 L2·A@-74 L3·A@-76 R1·A@-75 R2·A@-73 R3·A@-73 罐=无罐 泵=0 阀=111111 速=+0,+0,+0.00 电=7.88V/2.36A/峰2.85 补余=0.0 IO错=0 倾+0.0 自动1/3
[  130.997] TLM t=  80.6 L1·A@-75 L2·A@-74 L3·A@-76 R1·A@-75 R2·A@-73 R3·A@-72 罐=无罐 泵=0 阀=111111 速=+0,+0,+0.00 电=7.88V/2.52A/峰2.85 补余=0.0 IO错=0 倾+0.0 自动1/3
[  131.499] TLM t=  81.1 L1·A@-75 L2·A@-73 L3·A@-75 R1·A@-75 R2·A@-72 R3·A@-72 罐=无罐 泵=0 阀=111111 速=+0,+0,+0.00 电=7.90V/2.28A/峰2.85 补余=0.0 IO错=0 倾+0.0 自动1/3
[  132.021] TLM t=  81.6 L1·A@-75 L2·A@-73 L3·A@-75 R1·A@-75 R2·A@-72 R3·A@-71 罐=无罐 泵=0 阀=111111 速=+0,+0,+0.00 电=7.89V/2.44A/峰2.85 补余=0.0 IO错=0 倾+0.0 自动1/3
[  132.523] TLM t=  82.1 L1·A@-75 L2·A@-72 L3·A@-75 R1·A@-75 R2·A@-71 R3·A@-70 罐=无罐 泵=0 阀=111111 速=+0,+0,+0.00 电=7.89V/2.44A/峰2.85 补余=0.0 IO错=0 倾+0.0 自动1/3
[  133.041] TLM t=  82.6 L1·A@-75 L2·A@-72 L3·A@-75 R1·A@-75 R2·A@-71 R3·A@-70 罐=无罐 泵=0 阀=111111 速=+0,+0,+0.00 电=7.87V/2.36A/峰2.85 补余=0.0 IO错=0 倾+0.0 自动1/3
[  133.552] TLM t=  83.1 L1·A@-75 L2·A@-71 L3·A@-75 R1·A@-75 R2·A@-70 R3·A@-69 罐=无罐 泵=0 阀=111111 速=+0,+0,+0.00 电=7.90V/2.52A/峰2.85 补余=0.0 IO错=0 倾+0.0 自动1/3
[  134.072] TLM t=  83.6 L1·A@-75 L2·A@-71 L3·A@-75 R1·A@-74 R2·A@-70 R3·A@-68 罐=无罐 泵=0 阀=111111 速=+0,+0,+0.00 电=7.89V/2.36A/峰2.85 补余=0.0 IO错=0 倾+0.0 自动1/3
[  134.576] TLM t=  84.1 L1·A@-75 L2·A@-71 L3·A@-75 R1·A@-74 R2·A@-70 R3·A@-68 罐=无罐 泵=0 阀=111111 速=+0,+0,+0.00 电=7.89V/2.44A/峰2.85 补余=0.0 IO错=0 倾+0.0 自动1/3
[  135.096] TLM t=  84.7 L1·A@-75 L2·A@-70 L3·A@-75 R1·A@-74 R2·A@-69 R3·A@-67 罐=无罐 泵=0 阀=111111 速=+0,+0,+0.00 电=7.89V/2.36A/峰2.85 补余=0.0 IO错=0 倾+0.0 自动1/3
[  135.598] TLM t=  85.2 L1·A@-75 L2·A@-70 L3·A@-75 R1·A@-74 R2·A@-69 R3·A@-66 罐=无罐 泵=0 阀=111111 速=+0,+0,+0.00 电=7.88V/2.44A/峰2.85 补余=0.0 IO错=0 倾+0.0 自动1/3
[  136.118] TLM t=  85.7 L1·A@-74 L2·A@-69 L3·A@-75 R1·A@-74 R2·A@-68 R3·A@-66 罐=无罐 泵=0 阀=111111 速=+0,+0,+0.00 电=7.89V/2.44A/峰2.85 补余=0.0 IO错=0 倾+0.0 自动1/3
[  136.623] TLM t=  86.2 L1·A@-74 L2·A@-69 L3·A@-75 R1·A@-74 R2·A@-68 R3·A@-65 罐=无罐 泵=0 阀=111111 速=+0,+0,+0.00 电=7.87V/2.52A/峰2.85 补余=0.0 IO错=0 倾+0.0 自动1/3
[  137.139] TLM t=  86.7 L1·A@-74 L2·A@-68 L3·A@-75 R1·A@-74 R2·A@-68 R3·A@-64 罐=无罐 泵=0 阀=111111 速=+0,+0,+0.00 电=7.89V/2.52A/峰2.85 补余=0.0 IO错=0 倾+0.0 自动1/3
[  137.648] TLM t=  87.2 L1·A@-74 L2·A@-68 L3·A@-75 R1·A@-74 R2·A@-67 R3·A@-64 罐=无罐 泵=0 阀=111111 速=+0,+0,+0.00 电=7.89V/2.36A/峰2.85 补余=0.0 IO错=0 倾+0.0 自动1/3
[  137.832] EVT 原地抬起受理：L3
[  137.854] EVT 相位 L3 stance→handover
[  138.164] TLM t=  88.5 L1·A@-74 L2·A@-68 L3ZA@-75 R1·A@-74 R2·A@-67 R3·A@-63 罐=无罐 泵=0 阀=111111 速=+0,+0,+0.00 电=7.88V/2.36A/峰2.85 补余=0.0 IO错=0 倾+0.0 自动1/3
[  138.668] TLM t=  88.8 L1·A@-74 L2·A@-67 L3ZA@-75 R1·A@-74 R2·A@-66 R3·A@-62 罐=无罐 泵=0 阀=111111 速=+0,+0,+0.00 电=7.88V/2.28A/峰2.85 补余=0.0 IO错=0 倾+0.0 自动1/3
[  139.188] TLM t=  88.8 L1·A@-74 L2·A@-67 L3ZA@-75 R1·A@-74 R2·A@-66 R3·A@-62 罐=无罐 泵=0 阀=111111 速=+0,+0,+0.00 电=7.88V/2.44A/峰2.85 补余=0.0 IO错=0 倾+0.0 自动1/3
[  139.697] TLM t=  88.8 L1·A@-74 L2·A@-66 L3ZA@-75 R1·A@-74 R2·A@-66 R3·A@-61 罐=无罐 泵=0 阀=111111 速=+0,+0,+0.00 电=7.89V/2.60A/峰2.85 补余=0.0 IO错=0 倾+0.0 自动1/3
[  140.216] TLM t=  88.8 L1·A@-74 L2·A@-66 L3ZA@-75 R1·A@-74 R2·A@-65 R3·A@-61 罐=无罐 泵=0 阀=111111 速=+0,+0,+0.00 电=7.84V/2.77A/峰2.85 补余=0.0 IO错=0 倾+0.0 自动1/3
[  140.710] EVT 泵 开 最差盘压-60.0
[  140.720] TLM t=  88.8 L1·A@-74 L2·A@-66 L3ZA@-75 R1·A@-74 R2·A@-65 R3·A@-60 罐=无罐 泵=1 阀=111111 速=+0,+0,+0.00 电=7.70V/2.93A/峰2.93 补余=0.0 IO错=0 倾+0.0 自动1/3
[  140.747] EVT 吸附 L3 attached→venting 在态112.62s -74.5kPa
[  140.748] EVT 相位 L3 handover→vent 落点Δ(+0.0,+0.0)
[  140.770] EVT 阀 L3 →排气位
[  141.046] EVT 相位 L3 vent→lift
[  141.169] EVT 吸附 L3 venting→released 在态0.42s 0.1kPa
[  141.235] TLM t=  88.8 L1·A@-74 L2·A@-71 L3Lr@-- R1·A@-74 R2·A@-70 R3·A@-71 罐=无罐 泵=1 阀=110111 速=+0,+0,+0.00 电=7.78V/2.85A/峰2.93 补余=0.0 IO错=0 倾+0.0 自动1/3
[  141.588] EVT 泵 停 最差盘压-75.2
[  141.743] TLM t=  88.8 L1·A@-76 L2·A@-76 L3Lr@-- R1·A@-76 R2·A@-76 R3·A@-76 罐=无罐 泵=0 阀=110111 速=+0,+0,+0.00 电=7.83V/3.09A/峰3.09 补余=0.0 IO错=0 倾+0.0 自动1/3
[  141.888] EVT 相位 L3 lift→transfer
[  142.260] TLM t=  88.8 L1·A@-76 L2·A@-76 L3Tr@-- R1·A@-76 R2·A@-76 R3·A@-76 罐=无罐 泵=0 阀=110111 速=+0,+0,+0.00 电=7.84V/2.77A/峰3.09 补余=0.0 IO错=0 倾+0.0 自动1/3
[  142.515] EVT 相位 L3 transfer→hover
[  142.764] TLM t=  88.8 L1·A@-76 L2·A@-75 L3Hr@-- R1·A@-76 R2·A@-75 R3·A@-75 罐=无罐 泵=0 阀=110111 速=+0,+0,+0.00 电=7.84V/2.85A/峰3.09 补余=0.0 IO错=0 倾+0.0 自动1/3
[  143.282] TLM t=  88.8 L1·A@-76 L2·A@-75 L3Hr@-- R1·A@-75 R2·A@-75 R3·A@-74 罐=无罐 泵=0 阀=110111 速=+0,+0,+0.00 电=7.86V/2.69A/峰3.09 补余=0.0 IO错=0 倾+0.0 自动1/3
[  143.539] EVT 落地：L3
[  143.554] EVT 相位 L3 hover→descend
[  143.790] TLM t=  88.8 L1·A@-76 L2·A@-74 L3Dr@-- R1·A@-75 R2·A@-74 R3·A@-73 罐=无罐 泵=0 阀=110111 速=+0,+0,+0.00 电=7.84V/2.77A/峰3.09 补余=0.0 IO错=0 倾+0.0 自动1/3
[  144.035] EVT 相位 L3 descend→press
[  144.304] TLM t=  88.8 L1·A@-76 L2·A@-74 L3Pr@-- R1·A@-75 R2·A@-74 R3·A@-73 罐=无罐 泵=0 阀=110111 速=+0,+0,+0.00 电=7.86V/2.60A/峰3.09 补余=0.0 IO错=0 倾+0.0 自动1/3
[  144.808] TLM t=  88.8 L1·A@-76 L2·A@-73 L3Pr@-- R1·A@-75 R2·A@-73 R3·A@-72 罐=无罐 泵=0 阀=110111 速=+0,+0,+0.00 电=7.84V/2.85A/峰3.09 补余=0.0 IO错=0 倾+0.0 自动1/3
[  145.238] EVT 吸附 L3 released→pressing 在态4.06s 0.1kPa
[  145.238] EVT 相位 L3 press→wait
[  145.329] TLM t=  88.8 L1·A@-75 L2·A@-73 L3Wp@-- R1·A@-75 R2·A@-73 R3·A@-71 罐=无罐 泵=0 阀=110111 速=+0,+0,+0.00 电=7.87V/2.69A/峰3.09 补余=0.0 IO错=0 倾+0.0 自动1/3
[  145.559] EVT 吸附 L3 pressing→sucking 在态0.32s 0.1kPa
[  145.559] EVT 阀 L3 →抽气位
[  145.584] EVT 泵 开 最差盘压-71.0
[  145.832] TLM t=  88.8 L1·A@-75 L2·A@-73 L3Ws@-56 R1·A@-75 R2·A@-72 R3·A@-71 罐=无罐 泵=1 阀=111111 速=+0,+0,+0.00 电=7.85V/2.85A/峰3.09 补余=0.0 IO错=0 倾+0.0 自动1/3
[  145.857] EVT 吸附 L3 sucking→attached 在态0.30s -56.4kPa
[  145.860] EVT 相位 L3 wait→stance
[  145.860] EVT 抬落完成，轮到 R1
[  146.352] TLM t=  89.3 L1·A@-75 L2·A@-74 L3·A@-74 R1·A@-75 R2·A@-74 R3·A@-74 罐=无罐 泵=1 阀=111111 速=+0,+0,+0.00 电=7.79V/2.69A/峰3.09 补余=0.0 IO错=0 倾+0.0 自动1/3
[  146.522] EVT 泵 停 最差盘压-75.3
[  146.858] TLM t=  89.8 L1·A@-76 L2·A@-76 L3·A@-76 R1·A@-76 R2·A@-76 R3·A@-76 罐=无罐 泵=0 阀=111111 速=+0,+0,+0.00 电=7.87V/2.60A/峰3.09 补余=0.0 IO错=0 倾+0.0 自动1/3
[  147.373] TLM t=  90.3 L1·A@-76 L2·A@-76 L3·A@-76 R1·A@-76 R2·A@-76 R3·A@-75 罐=无罐 泵=0 阀=111111 速=+0,+0,+0.00 电=7.85V/2.77A/峰3.09 补余=0.0 IO错=0 倾+0.0 自动1/3
[  147.880] TLM t=  90.8 L1·A@-76 L2·A@-75 L3·A@-76 R1·A@-76 R2·A@-75 R3·A@-75 罐=无罐 泵=0 阀=111111 速=+0,+0,+0.00 电=7.88V/2.85A/峰3.09 补余=0.0 IO错=0 倾+0.0 自动1/3
[  148.397] TLM t=  91.3 L1·A@-76 L2·A@-75 L3·A@-76 R1·A@-75 R2·A@-75 R3·A@-74 罐=无罐 泵=0 阀=111111 速=+0,+0,+0.00 电=7.86V/2.77A/峰3.09 补余=0.0 IO错=0 倾+0.0 自动1/3
[  148.902] TLM t=  91.8 L1·A@-76 L2·A@-74 L3·A@-76 R1·A@-75 R2·A@-74 R3·A@-73 罐=无罐 泵=0 阀=111111 速=+0,+0,+0.00 电=7.87V/2.85A/峰3.09 补余=0.0 IO错=0 倾+0.0 自动1/3
[  149.421] TLM t=  92.3 L1·A@-76 L2·A@-74 L3·A@-75 R1·A@-75 R2·A@-74 R3·A@-73 罐=无罐 泵=0 阀=111111 速=+0,+0,+0.00 电=7.87V/2.69A/峰3.09 补余=0.0 IO错=0 倾+0.0 自动1/3
[  149.927] TLM t=  92.8 L1·A@-76 L2·A@-74 L3·A@-75 R1·A@-75 R2·A@-73 R3·A@-72 罐=无罐 泵=0 阀=111111 速=+0,+0,+0.00 电=7.87V/2.77A/峰3.09 补余=0.0 IO错=0 倾+0.0 自动1/3
[  150.442] TLM t=  93.4 L1·A@-76 L2·A@-73 L3·A@-75 R1·A@-75 R2·A@-73 R3·A@-71 罐=无罐 泵=0 阀=111111 速=+0,+0,+0.00 电=7.86V/2.52A/峰3.09 补余=0.0 IO错=0 倾+0.0 自动1/3
[  150.950] TLM t=  93.9 L1·A@-76 L2·A@-73 L3·A@-75 R1·A@-75 R2·A@-73 R3·A@-71 罐=无罐 泵=0 阀=111111 速=+0,+0,+0.00 电=7.84V/2.69A/峰3.09 补余=0.0 IO错=0 倾+0.0 自动1/3
[  151.466] TLM t=  94.4 L1·A@-75 L2·A@-72 L3·A@-75 R1·A@-75 R2·A@-72 R3·A@-70 罐=无罐 泵=0 阀=111111 速=+0,+0,+0.00 电=7.86V/2.69A/峰3.09 补余=0.0 IO错=0 倾+0.0 自动1/3
[  151.972] TLM t=  94.9 L1·A@-75 L2·A@-72 L3·A@-75 R1·A@-75 R2·A@-72 R3·A@-69 罐=无罐 泵=0 阀=111111 速=+0,+0,+0.00 电=7.86V/2.69A/峰3.09 补余=0.0 IO错=0 倾+0.0 自动1/3
[  152.491] TLM t=  95.4 L1·A@-75 L2·A@-71 L3·A@-75 R1·A@-75 R2·A@-71 R3·A@-69 罐=无罐 泵=0 阀=111111 速=+0,+0,+0.00 电=7.86V/2.69A/峰3.09 补余=0.0 IO错=0 倾+0.0 自动1/3
[  152.996] TLM t=  95.9 L1·A@-75 L2·A@-71 L3·A@-75 R1·A@-75 R2·A@-71 R3·A@-68 罐=无罐 泵=0 阀=111111 速=+0,+0,+0.00 电=7.86V/2.77A/峰3.09 补余=0.0 IO错=0 倾+0.0 自动1/3
[  153.513] TLM t=  96.4 L1·A@-75 L2·A@-70 L3·A@-75 R1·A@-75 R2·A@-71 R3·A@-67 罐=无罐 泵=0 阀=111111 速=+0,+0,+0.00 电=7.86V/2.60A/峰3.09 补余=0.0 IO错=0 倾+0.0 自动1/3
[  154.018] TLM t=  96.9 L1·A@-75 L2·A@-70 L3·A@-75 R1·A@-75 R2·A@-70 R3·A@-67 罐=无罐 泵=0 阀=111111 速=+0,+0,+0.00 电=7.86V/2.69A/峰3.09 补余=0.0 IO错=0 倾+0.0 自动1/3
[  154.541] TLM t=  97.4 L1·A@-75 L2·A@-70 L3·A@-75 R1·A@-74 R2·A@-70 R3·A@-66 罐=无罐 泵=0 阀=111111 速=+0,+0,+0.00 电=7.87V/2.77A/峰3.09 补余=0.0 IO错=0 倾+0.0 自动1/3
[  155.044] TLM t=  97.9 L1·A@-75 L2·A@-69 L3·A@-75 R1·A@-74 R2·A@-70 R3·A@-65 罐=无罐 泵=0 阀=111111 速=+0,+0,+0.00 电=7.84V/2.69A/峰3.09 补余=0.0 IO错=0 倾+0.0 自动1/3
[  155.561] TLM t=  98.5 L1·A@-75 L2·A@-69 L3·A@-74 R1·A@-74 R2·A@-69 R3·A@-65 罐=无罐 泵=0 阀=111111 速=+0,+0,+0.00 电=7.86V/2.69A/峰3.09 补余=0.0 IO错=0 倾+0.0 自动1/3
[  155.897] EVT 原地抬起受理：R1
[  155.914] EVT 相位 R1 stance→handover
[  156.070] TLM t=  99.8 L1·A@-75 L2·A@-68 L3·A@-74 R1ZA@-74 R2·A@-69 R3·A@-64 罐=无罐 泵=0 阀=111111 速=+0,+0,+0.00 电=7.87V/2.44A/峰3.09 补余=0.0 IO错=0 倾+0.0 自动1/3
[  156.586] TLM t= 100.2 L1·A@-75 L2·A@-68 L3·A@-74 R1ZA@-74 R2·A@-68 R3·A@-63 罐=无罐 泵=0 阀=111111 速=+0,+0,+0.00 电=7.89V/1.95A/峰3.09 补余=0.0 IO错=0 倾+0.0 自动1/3
[  157.099] TLM t= 100.2 L1·A@-75 L2·A@-67 L3·A@-74 R1ZA@-74 R2·A@-68 R3·A@-63 罐=无罐 泵=0 阀=111111 速=+0,+0,+0.00 电=7.90V/2.04A/峰3.09 补余=0.0 IO错=0 倾+0.0 自动1/3
[  157.595] TLM t= 100.2 L1·A@-75 L2·A@-67 L3·A@-74 R1ZA@-74 R2·A@-68 R3·A@-62 罐=无罐 泵=0 阀=111111 速=+0,+0,+0.00 电=7.91V/1.95A/峰3.09 补余=0.0 IO错=0 倾+0.0 自动1/3
[  158.117] TLM t= 100.2 L1·A@-75 L2·A@-67 L3·A@-74 R1ZA@-74 R2·A@-67 R3·A@-62 罐=无罐 泵=0 阀=111111 速=+0,+0,+0.00 电=7.90V/1.87A/峰3.09 补余=0.0 IO错=0 倾+0.0 自动1/3
[  158.634] TLM t= 100.2 L1·A@-74 L2·A@-66 L3·A@-74 R1ZA@-74 R2·A@-67 R3·A@-61 罐=无罐 泵=0 阀=111111 速=+0,+0,+0.00 电=7.90V/2.04A/峰3.09 补余=0.0 IO错=0 倾+0.0 自动1/3
[  159.141] TLM t= 100.2 L1·A@-74 L2·A@-66 L3·A@-74 R1ZA@-74 R2·A@-67 R3·A@-61 罐=无罐 泵=0 阀=111111 速=+0,+0,+0.00 电=7.89V/2.20A/峰3.09 补余=0.0 IO错=0 倾+0.0 自动1/3
[  159.210] EVT 吸附 R1 attached→venting 在态129.14s -73.8kPa
[  159.211] EVT 相位 R1 handover→vent 落点Δ(+0.0,+0.0)
[  159.226] EVT 阀 R1 →排气位
[  159.511] EVT 相位 R1 vent→lift
[  159.634] EVT 吸附 R1 venting→released 在态0.42s -0.1kPa
[  159.641] TLM t= 100.2 L1·A@-74 L2·A@-65 L3·A@-74 R1Lr@-- R2·A@-66 R3·A@-60 罐=无罐 泵=0 阀=111011 速=+0,+0,+0.00 电=7.87V/2.52A/峰3.09 补余=0.0 IO错=0 倾+0.0 自动1/3
[  159.878] EVT 泵 开 最差盘压-59.9
[  160.144] TLM t= 100.2 L1·A@-74 L2·A@-65 L3·A@-74 R1Lr@-- R2·A@-66 R3·A@-62 罐=无罐 泵=1 阀=111011 速=+0,+0,+0.00 电=7.78V/2.77A/峰3.09 补余=0.0 IO错=0 倾+0.0 自动1/3
[  160.360] EVT 相位 R1 lift→transfer
[  160.654] TLM t= 100.2 L1·A@-74 L2·A@-74 L3·A@-75 R1Tr@-- R2·A@-75 R3·A@-74 罐=无罐 泵=1 阀=111011 速=+0,+0,+0.00 电=7.80V/2.77A/峰3.09 补余=0.0 IO错=0 倾+0.0 自动1/3
[  160.726] EVT 泵 停 最差盘压-75.0
[  160.982] EVT 相位 R1 transfer→hover
[  161.156] TLM t= 100.2 L1·A@-76 L2·A@-76 L3·A@-76 R1Hr@-- R2·A@-75 R3·A@-75 罐=无罐 泵=0 阀=111011 速=+0,+0,+0.00 电=7.86V/2.44A/峰3.09 补余=0.0 IO错=0 倾+0.0 自动1/3
[  161.679] TLM t= 100.2 L1·A@-76 L2·A@-75 L3·A@-76 R1Hr@-- R2·A@-75 R3·A@-75 罐=无罐 泵=0 阀=111011 速=+0,+0,+0.00 电=7.86V/2.52A/峰3.09 补余=0.0 IO错=0 倾+0.0 自动1/3
[  161.990] EVT 落地：R1
[  162.005] EVT 相位 R1 hover→descend
[  162.181] TLM t= 100.2 L1·A@-76 L2·A@-75 L3·A@-76 R1Dr@-- R2·A@-74 R3·A@-74 罐=无罐 泵=0 阀=111011 速=+0,+0,+0.00 电=7.85V/2.44A/峰3.09 补余=0.0 IO错=0 倾+0.0 自动1/3
[  162.486] EVT 相位 R1 descend→press
[  162.702] TLM t= 100.2 L1·A@-75 L2·A@-74 L3·A@-76 R1Pr@-- R2·A@-74 R3·A@-73 罐=无罐 泵=0 阀=111011 速=+0,+0,+0.00 电=7.86V/2.28A/峰3.09 补余=0.0 IO错=0 倾+0.0 自动1/3
[  163.207] TLM t= 100.2 L1·A@-75 L2·A@-74 L3·A@-75 R1Pr@-- R2·A@-74 R3·A@-73 罐=无罐 泵=0 阀=111011 速=+0,+0,+0.00 电=7.87V/2.52A/峰3.09 补余=0.0 IO错=0 倾+0.0 自动1/3
[  163.691] EVT 吸附 R1 released→pressing 在态4.04s -0.1kPa
[  163.692] EVT 相位 R1 press→wait
[  163.729] TLM t= 100.2 L1·A@-75 L2·A@-73 L3·A@-75 R1Wp@-- R2·A@-73 R3·A@-72 罐=无罐 泵=0 阀=111011 速=+0,+0,+0.00 电=7.86V/2.60A/峰3.09 补余=0.0 IO错=0 倾+0.0 自动1/3
[  163.995] EVT 吸附 R1 pressing→sucking 在态0.30s -0.1kPa
[  163.995] EVT 阀 R1 →抽气位
[  164.023] EVT 泵 开 最差盘压-71.6
[  164.233] TLM t= 100.2 L1·A@-75 L2·A@-73 L3·A@-75 R1Ws@-57 R2·A@-73 R3·A@-71 罐=无罐 泵=1 阀=111111 速=+0,+0,+0.00 电=7.82V/2.44A/峰3.09 补余=0.0 IO错=0 倾+0.0 自动1/3
[  164.338] EVT 吸附 R1 sucking→attached 在态0.34s -65.2kPa
[  164.344] EVT 相位 R1 wait→stance
[  164.344] EVT 抬落完成，轮到 L2
[  164.753] TLM t= 100.6 L1·A@-75 L2·A@-75 L3·A@-75 R1·A@-75 R2·A@-75 R3·A@-75 罐=无罐 泵=1 阀=111111 速=+0,+0,+0.00 电=7.81V/2.60A/峰3.09 补余=0.0 IO错=0 倾+0.0 自动1/3
[  164.808] EVT 泵 停 最差盘压-75.1
[  165.259] TLM t= 101.1 L1·A@-76 L2·A@-76 L3·A@-76 R1·A@-76 R2·A@-76 R3·A@-76 罐=无罐 泵=0 阀=111111 速=+0,+0,+0.00 电=7.87V/2.36A/峰3.09 补余=0.0 IO错=0 倾+0.0 自动1/3
[  165.781] TLM t= 101.6 L1·A@-76 L2·A@-76 L3·A@-76 R1·A@-75 R2·A@-75 R3·A@-75 罐=无罐 泵=0 阀=111111 速=+0,+0,+0.00 电=7.88V/2.28A/峰3.09 补余=0.0 IO错=0 倾+0.0 自动1/3
[  166.285] TLM t= 102.1 L1·A@-76 L2·A@-75 L3·A@-76 R1·A@-75 R2·A@-75 R3·A@-74 罐=无罐 泵=0 阀=111111 速=+0,+0,+0.00 电=7.85V/2.44A/峰3.09 补余=0.0 IO错=0 倾+0.0 自动1/3
[  166.804] TLM t= 102.6 L1·A@-76 L2·A@-75 L3·A@-76 R1·A@-75 R2·A@-75 R3·A@-74 罐=无罐 泵=0 阀=111111 速=+0,+0,+0.00 电=7.87V/2.44A/峰3.09 补余=0.0 IO错=0 倾+0.0 自动1/3
[  167.308] TLM t= 103.1 L1·A@-76 L2·A@-74 L3·A@-76 R1·A@-75 R2·A@-74 R3·A@-73 罐=无罐 泵=0 阀=111111 速=+0,+0,+0.00 电=7.89V/2.28A/峰3.09 补余=0.0 IO错=0 倾+0.0 自动1/3
[  167.832] TLM t= 103.7 L1·A@-76 L2·A@-74 L3·A@-76 R1·A@-75 R2·A@-74 R3·A@-73 罐=无罐 泵=0 阀=111111 速=+0,+0,+0.00 电=7.88V/2.36A/峰3.09 补余=0.0 IO错=0 倾+0.0 自动1/3
[  168.337] TLM t= 104.2 L1·A@-76 L2·A@-73 L3·A@-76 R1·A@-75 R2·A@-73 R3·A@-72 罐=无罐 泵=0 阀=111111 速=+0,+0,+0.00 电=7.89V/2.44A/峰3.09 补余=0.0 IO错=0 倾+0.0 自动1/3
[  168.856] TLM t= 104.7 L1·A@-76 L2·A@-73 L3·A@-76 R1·A@-75 R2·A@-73 R3·A@-71 罐=无罐 泵=0 阀=111111 速=+0,+0,+0.00 电=7.89V/2.36A/峰3.09 补余=0.0 IO错=0 倾+0.0 自动1/3
[  169.359] TLM t= 105.2 L1·A@-76 L2·A@-72 L3·A@-76 R1·A@-75 R2·A@-72 R3·A@-70 罐=无罐 泵=0 阀=111111 速=+0,+0,+0.00 电=7.88V/2.28A/峰3.09 补余=0.0 IO错=0 倾+0.0 自动1/3
[  169.882] TLM t= 105.7 L1·A@-75 L2·A@-72 L3·A@-76 R1·A@-75 R2·A@-72 R3·A@-70 罐=无罐 泵=0 阀=111111 速=+0,+0,+0.00 电=7.88V/2.44A/峰3.09 补余=0.0 IO错=0 倾+0.0 自动1/3
[  170.385] TLM t= 106.2 L1·A@-75 L2·A@-72 L3·A@-76 R1·A@-75 R2·A@-72 R3·A@-69 罐=无罐 泵=0 阀=111111 速=+0,+0,+0.00 电=7.89V/2.36A/峰3.09 补余=0.0 IO错=0 倾+0.0 自动1/3
[  170.906] TLM t= 106.7 L1·A@-75 L2·A@-71 L3·A@-76 R1·A@-75 R2·A@-71 R3·A@-69 罐=无罐 泵=0 阀=111111 速=+0,+0,+0.00 电=7.88V/2.44A/峰3.09 补余=0.0 IO错=0 倾+0.0 自动1/3
[  171.412] TLM t= 107.2 L1·A@-75 L2·A@-71 L3·A@-76 R1·A@-75 R2·A@-71 R3·A@-68 罐=无罐 泵=0 阀=111111 速=+0,+0,+0.00 电=7.86V/2.44A/峰3.09 补余=0.0 IO错=0 倾+0.0 自动1/3
[  171.935] TLM t= 107.7 L1·A@-75 L2·A@-70 L3·A@-75 R1·A@-74 R2·A@-71 R3·A@-67 罐=无罐 泵=0 阀=111111 速=+0,+0,+0.00 电=7.86V/2.36A/峰3.09 补余=0.0 IO错=0 倾+0.0 自动1/3
[  172.440] TLM t= 108.2 L1·A@-75 L2·A@-70 L3·A@-75 R1·A@-74 R2·A@-70 R3·A@-67 罐=无罐 泵=0 阀=111111 速=+0,+0,+0.00 电=7.90V/2.36A/峰3.09 补余=0.0 IO错=0 倾+0.0 自动1/3
[  172.963] TLM t= 108.8 L1·A@-75 L2·A@-69 L3·A@-75 R1·A@-74 R2·A@-70 R3·A@-66 罐=无罐 泵=0 阀=111111 速=+0,+0,+0.00 电=7.87V/2.36A/峰3.09 补余=0.0 IO错=0 倾+0.0 自动1/3
[  173.464] TLM t= 109.3 L1·A@-75 L2·A@-69 L3·A@-75 R1·A@-74 R2·A@-69 R3·A@-65 罐=无罐 泵=0 阀=111111 速=+0,+0,+0.00 电=7.89V/2.28A/峰3.09 补余=0.0 IO错=0 倾+0.0 自动1/3
[  173.986] TLM t= 109.8 L1·A@-75 L2·A@-69 L3·A@-75 R1·A@-74 R2·A@-69 R3·A@-65 罐=无罐 泵=0 阀=111111 速=+0,+0,+0.00 电=7.87V/2.44A/峰3.09 补余=0.0 IO错=0 倾+0.0 自动1/3
[  174.373] EVT 原地抬起受理：L2
[  174.400] EVT 相位 L2 stance→handover
[  174.489] TLM t= 111.1 L1·A@-75 L2ZA@-68 L3·A@-75 R1·A@-74 R2·A@-69 R3·A@-64 罐=无罐 泵=0 阀=111111 速=+0,+0,+0.00 电=7.88V/2.28A/峰3.09 补余=0.0 IO错=0 倾+0.0 自动1/3
[  175.015] TLM t= 111.6 L1·A@-75 L2ZA@-68 L3·A@-75 R1·A@-74 R2·A@-68 R3·A@-63 罐=无罐 泵=0 阀=111111 速=+0,+0,+0.00 电=7.88V/2.12A/峰3.09 补余=0.0 IO错=0 倾+0.0 自动1/3
[  175.519] TLM t= 111.6 L1·A@-75 L2ZA@-67 L3·A@-75 R1·A@-74 R2·A@-68 R3·A@-63 罐=无罐 泵=0 阀=111111 速=+0,+0,+0.00 电=7.89V/2.12A/峰3.09 补余=0.0 IO错=0 倾+0.0 自动1/3
[  176.037] TLM t= 111.6 L1·A@-75 L2ZA@-67 L3·A@-75 R1·A@-74 R2·A@-68 R3·A@-62 罐=无罐 泵=0 阀=111111 速=+0,+0,+0.00 电=7.88V/2.20A/峰3.09 补余=0.0 IO错=0 倾+0.0 自动1/3
[  176.544] TLM t= 111.6 L1·A@-75 L2ZA@-66 L3·A@-75 R1·A@-74 R2·A@-67 R3·A@-62 罐=无罐 泵=0 阀=111111 速=+0,+0,+0.00 电=7.87V/2.28A/峰3.09 补余=0.0 IO错=0 倾+0.0 自动1/3
[  176.786] EVT 吸附 L2 attached→venting 在态144.80s -66.1kPa
[  176.787] EVT 相位 L2 handover→vent 落点Δ(+0.0,+0.0)
[  176.815] EVT 阀 L2 →排气位
[  177.063] TLM t= 111.6 L1·A@-74 L2Vv@-66 L3·A@-75 R1·A@-74 R2·A@-67 R3·A@-61 罐=无罐 泵=0 阀=101111 速=+0,+0,+0.00 电=7.85V/2.36A/峰3.09 补余=0.0 IO错=0 倾+0.0 自动1/3
[  177.088] EVT 相位 L2 vent→lift
[  177.195] EVT 吸附 L2 venting→released 在态0.40s 0.4kPa
[  177.576] TLM t= 111.6 L1·A@-74 L2Lr@-- L3·A@-75 R1·A@-74 R2·A@-66 R3·A@-60 罐=无罐 泵=0 阀=101111 速=+0,+0,+0.00 电=7.87V/2.36A/峰3.09 补余=0.0 IO错=0 倾+0.0 自动1/3
[  177.915] EVT 泵 开 最差盘压-59.9
[  177.930] EVT 相位 L2 lift→transfer
[  178.089] TLM t= 111.6 L1·A@-74 L2Tr@-- L3·A@-75 R1·A@-74 R2·A@-66 R3·A@-60 罐=无罐 泵=1 阀=101111 速=+0,+0,+0.00 电=7.78V/2.52A/峰3.09 补余=0.0 IO错=0 倾+0.0 自动1/3
[  178.563] EVT 相位 L2 transfer→hover
[  178.588] TLM t= 111.6 L1·A@-74 L2Hr@-- L3·A@-75 R1·A@-74 R2·A@-74 R3·A@-74 罐=无罐 泵=1 阀=101111 速=+0,+0,+0.00 电=7.85V/2.36A/峰3.09 补余=0.0 IO错=0 倾+0.0 自动1/3
[  178.744] EVT 泵 停 最差盘压-75.3
[  179.113] TLM t= 111.6 L1·A@-76 L2Hr@-- L3·A@-76 R1·A@-76 R2·A@-76 R3·A@-76 罐=无罐 泵=0 阀=101111 速=+0,+0,+0.00 电=7.87V/2.28A/峰3.09 补余=0.0 IO错=0 倾+0.0 自动1/3
[  179.588] EVT 落地：L2
[  179.605] EVT 相位 L2 hover→descend
[  179.615] TLM t= 111.6 L1·A@-76 L2Dr@-- L3·A@-76 R1·A@-76 R2·A@-75 R3·A@-75 罐=无罐 泵=0 阀=101111 速=+0,+0,+0.00 电=7.84V/2.12A/峰3.09 补余=0.0 IO错=0 倾+0.0 自动1/3
[  180.086] EVT 相位 L2 descend→press
[  180.136] TLM t= 111.6 L1·A@-76 L2Pr@-- L3·A@-76 R1·A@-76 R2·A@-75 R3·A@-75 罐=无罐 泵=0 阀=101111 速=+0,+0,+0.00 电=7.86V/2.36A/峰3.09 补余=0.0 IO错=0 倾+0.0 自动1/3
[  180.650] TLM t= 111.6 L1·A@-76 L2Pr@-- L3·A@-76 R1·A@-76 R2·A@-74 R3·A@-74 罐=无罐 泵=0 阀=101111 速=+0,+0,+0.00 电=7.87V/2.28A/峰3.09 补余=0.0 IO错=0 倾+0.0 自动1/3
[  181.161] TLM t= 111.6 L1·A@-76 L2Pr@-- L3·A@-76 R1·A@-76 R2·A@-74 R3·A@-73 罐=无罐 泵=0 阀=101111 速=+0,+0,+0.00 电=7.84V/2.52A/峰3.09 补余=0.0 IO错=0 倾+0.0 自动1/3
[  181.295] EVT 吸附 L2 released→pressing 在态4.08s 0.4kPa
[  181.295] EVT 相位 L2 press→wait
[  181.595] EVT 吸附 L2 pressing→sucking 在态0.30s 0.4kPa
[  181.596] EVT 阀 L2 →抽气位
[  181.614] EVT 泵 开 最差盘压-72.6
[  181.667] TLM t= 111.6 L1·A@-76 L2Ws@-1 L3·A@-76 R1·A@-76 R2·A@-74 R3·A@-73 罐=无罐 泵=1 阀=111111 速=+0,+0,+0.00 电=7.76V/2.28A/峰3.09 补余=0.0 IO错=0 倾+0.0 自动1/3
[  181.934] EVT 吸附 L2 sucking→attached 在态0.34s -66.8kPa
[  181.940] EVT 相位 L2 wait→stance
[  181.940] EVT 抬落完成，轮到 R3
[  181.940] EVT 自动轮换：第 1 轮完成
[  182.187] TLM t= 111.8 L1·A@-76 L2·A@-74 L3·A@-76 R1·A@-76 R2·A@-73 R3·A@-73 罐=无罐 泵=1 阀=111111 速=+0,+0,+0.00 电=7.84V/2.20A/峰3.09 补余=0.0 IO错=0 倾+0.0 自动2/3
[  182.276] EVT 泵 停 最差盘压-75.0
[  182.710] TLM t= 112.4 L1·A@-76 L2·A@-76 L3·A@-76 R1·A@-75 R2·A@-75 R3·A@-75 罐=无罐 泵=0 阀=111111 速=+0,+0,+0.00 电=7.86V/2.36A/峰3.09 补余=0.0 IO错=0 倾+0.0 自动2/3
[  183.209] TLM t= 112.9 L1·A@-76 L2·A@-75 L3·A@-76 R1·A@-75 R2·A@-75 R3·A@-75 罐=无罐 泵=0 阀=111111 速=+0,+0,+0.00 电=7.87V/2.36A/峰3.09 补余=0.0 IO错=0 倾+0.0 自动2/3
[  183.729] TLM t= 113.4 L1·A@-76 L2·A@-74 L3·A@-76 R1·A@-75 R2·A@-74 R3·A@-74 罐=无罐 泵=0 阀=111111 速=+0,+0,+0.00 电=7.87V/2.28A/峰3.09 补余=0.0 IO错=0 倾+0.0 自动2/3
[  184.236] TLM t= 113.9 L1·A@-75 L2·A@-74 L3·A@-76 R1·A@-75 R2·A@-74 R3·A@-73 罐=无罐 泵=0 阀=111111 速=+0,+0,+0.00 电=7.87V/2.28A/峰3.09 补余=0.0 IO错=0 倾+0.0 自动2/3
[  184.736] TLM t= 114.4 L1·A@-75 L2·A@-73 L3·A@-76 R1·A@-75 R2·A@-74 R3·A@-73 罐=无罐 泵=0 阀=111111 速=+0,+0,+0.00 电=7.87V/2.44A/峰3.09 补余=0.0 IO错=0 倾+0.0 自动2/3
[  185.259] TLM t= 114.9 L1·A@-75 L2·A@-73 L3·A@-76 R1·A@-75 R2·A@-73 R3·A@-72 罐=无罐 泵=0 阀=111111 速=+0,+0,+0.00 电=7.86V/2.28A/峰3.09 补余=0.0 IO错=0 倾+0.0 自动2/3
[  185.780] TLM t= 115.4 L1·A@-75 L2·A@-72 L3·A@-75 R1·A@-75 R2·A@-73 R3·A@-71 罐=无罐 泵=0 阀=111111 速=+0,+0,+0.00 电=7.87V/2.20A/峰3.09 补余=0.0 IO错=0 倾+0.0 自动2/3
[  186.284] TLM t= 115.9 L1·A@-75 L2·A@-72 L3·A@-75 R1·A@-75 R2·A@-72 R3·A@-71 罐=无罐 泵=0 阀=111111 速=+0,+0,+0.00 电=7.87V/2.36A/峰3.09 补余=0.0 IO错=0 倾+0.0 自动2/3
[  186.791] TLM t= 116.4 L1·A@-75 L2·A@-71 L3·A@-75 R1·A@-75 R2·A@-72 R3·A@-70 罐=无罐 泵=0 阀=111111 速=+0,+0,+0.00 电=7.87V/2.28A/峰3.09 补余=0.0 IO错=0 倾+0.0 自动2/3
[  187.314] TLM t= 116.9 L1·A@-75 L2·A@-71 L3·A@-75 R1·A@-75 R2·A@-72 R3·A@-69 罐=无罐 泵=0 阀=111111 速=+0,+0,+0.00 电=7.88V/2.36A/峰3.09 补余=0.0 IO错=0 倾+0.0 自动2/3
[  187.819] TLM t= 117.4 L1·A@-75 L2·A@-70 L3·A@-75 R1·A@-75 R2·A@-71 R3·A@-69 罐=无罐 泵=0 阀=111111 速=+0,+0,+0.00 电=7.87V/2.28A/峰3.09 补余=0.0 IO错=0 倾+0.0 自动2/3
[  188.343] TLM t= 118.0 L1·A@-75 L2·A@-70 L3·A@-75 R1·A@-75 R2·A@-71 R3·A@-68 罐=无罐 泵=0 阀=111111 速=+0,+0,+0.00 电=7.86V/2.20A/峰3.09 补余=0.0 IO错=0 倾+0.0 自动2/3
[  188.847] TLM t= 118.5 L1·A@-75 L2·A@-70 L3·A@-75 R1·A@-75 R2·A@-70 R3·A@-67 罐=无罐 泵=0 阀=111111 速=+0,+0,+0.00 电=7.88V/2.20A/峰3.09 补余=0.0 IO错=0 倾+0.0 自动2/3
[  189.367] TLM t= 119.0 L1·A@-75 L2·A@-69 L3·A@-75 R1·A@-75 R2·A@-70 R3·A@-67 罐=无罐 泵=0 阀=111111 速=+0,+0,+0.00 电=7.86V/2.28A/峰3.09 补余=0.0 IO错=0 倾+0.0 自动2/3
[  189.869] TLM t= 119.5 L1·A@-75 L2·A@-69 L3·A@-75 R1·A@-75 R2·A@-70 R3·A@-66 罐=无罐 泵=0 阀=111111 速=+0,+0,+0.00 电=7.86V/2.28A/峰3.09 补余=0.0 IO错=0 倾+0.0 自动2/3
[  190.392] TLM t= 120.0 L1·A@-75 L2·A@-68 L3·A@-75 R1·A@-75 R2·A@-69 R3·A@-66 罐=无罐 泵=0 阀=111111 速=+0,+0,+0.00 电=7.86V/2.28A/峰3.09 补余=0.0 IO错=0 倾+0.0 自动2/3
[  190.898] TLM t= 120.5 L1·A@-75 L2·A@-68 L3·A@-75 R1·A@-75 R2·A@-69 R3·A@-65 罐=无罐 泵=0 阀=111111 速=+0,+0,+0.00 电=7.87V/2.28A/峰3.09 补余=0.0 IO错=0 倾+0.0 自动2/3
[  191.417] TLM t= 121.0 L1·A@-74 L2·A@-67 L3·A@-75 R1·A@-75 R2·A@-69 R3·A@-64 罐=无罐 泵=0 阀=111111 速=+0,+0,+0.00 电=7.88V/2.36A/峰3.09 补余=0.0 IO错=0 倾+0.0 自动2/3
[  191.924] TLM t= 121.5 L1·A@-74 L2·A@-67 L3·A@-75 R1·A@-75 R2·A@-68 R3·A@-64 罐=无罐 泵=0 阀=111111 速=+0,+0,+0.00 电=7.87V/2.36A/峰3.09 补余=0.0 IO错=0 倾+0.0 自动2/3
[  192.442] TLM t= 122.0 L1·A@-74 L2·A@-66 L3·A@-75 R1·A@-75 R2·A@-68 R3·A@-63 罐=无罐 泵=0 阀=111111 速=+0,+0,+0.00 电=7.85V/2.20A/峰3.09 补余=0.0 IO错=0 倾+0.0 自动2/3
[  192.945] TLM t= 122.5 L1·A@-74 L2·A@-66 L3·A@-75 R1·A@-75 R2·A@-67 R3·A@-62 罐=无罐 泵=0 阀=111111 速=+0,+0,+0.00 电=7.87V/2.36A/峰3.09 补余=0.0 IO错=0 倾+0.0 自动2/3
[  193.469] TLM t= 123.1 L1·A@-74 L2·A@-66 L3·A@-75 R1·A@-75 R2·A@-67 R3·A@-62 罐=无罐 泵=0 阀=111111 速=+0,+0,+0.00 电=7.86V/2.28A/峰3.09 补余=0.0 IO错=0 倾+0.0 自动2/3
[  193.974] TLM t= 123.6 L1·A@-74 L2·A@-65 L3·A@-75 R1·A@-75 R2·A@-67 R3·A@-61 罐=无罐 泵=0 阀=111111 速=+0,+0,+0.00 电=7.87V/2.36A/峰3.09 补余=0.0 IO错=0 倾+0.0 自动2/3
[  194.494] TLM t= 124.1 L1·A@-74 L2·A@-65 L3·A@-75 R1·A@-74 R2·A@-66 R3·A@-61 罐=无罐 泵=0 阀=111111 速=+0,+0,+0.00 电=7.86V/2.28A/峰3.09 补余=0.0 IO错=0 倾+0.0 自动2/3
[  194.999] TLM t= 124.6 L1·A@-74 L2·A@-64 L3·A@-75 R1·A@-74 R2·A@-66 R3·A@-60 罐=无罐 泵=0 阀=111111 速=+0,+0,+0.00 电=7.88V/2.20A/峰3.09 补余=0.0 IO错=0 倾+0.0 自动2/3
[  195.048] EVT 泵 开 最差盘压-59.9
[  195.517] TLM t= 125.1 L1·A@-74 L2·A@-69 L3·A@-74 R1·A@-74 R2·A@-69 R3·A@-69 罐=无罐 泵=1 阀=111111 速=+0,+0,+0.00 电=7.83V/2.20A/峰3.09 补余=0.0 IO错=0 倾+0.0 自动2/3
[  195.931] EVT 泵 停 最差盘压-75.3
[  196.021] TLM t= 125.6 L1·A@-76 L2·A@-76 L3·A@-76 R1·A@-76 R2·A@-76 R3·A@-76 罐=无罐 泵=0 阀=111111 速=+0,+0,+0.00 电=7.86V/2.20A/峰3.09 补余=0.0 IO错=0 倾+0.0 自动2/3
[  196.541] TLM t= 126.1 L1·A@-76 L2·A@-76 L3·A@-76 R1·A@-76 R2·A@-76 R3·A@-76 罐=无罐 泵=0 阀=111111 速=+0,+0,+0.00 电=7.86V/2.12A/峰3.09 补余=0.0 IO错=0 倾+0.0 自动2/3
[  196.955] EVT 自动轮换：第 2 轮开始
[  196.975] EVT 原地抬起受理：R3
[  196.988] EVT 相位 R3 stance→handover
[  197.043] TLM t= 129.7 L1·A@-76 L2·A@-75 L3·A@-76 R1·A@-76 R2·A@-75 R3ZA@-75 罐=无罐 泵=0 阀=111111 速=+0,+0,+0.00 电=7.85V/2.36A/峰3.09 补余=0.0 IO错=0 倾+0.0 自动2/3
[  197.568] TLM t= 130.2 L1·A@-76 L2·A@-75 L3·A@-76 R1·A@-76 R2·A@-75 R3ZA@-74 罐=无罐 泵=0 阀=111111 速=+0,+0,+0.00 电=7.89V/1.87A/峰3.09 补余=0.0 IO错=0 倾+0.0 自动2/3
[  198.075] TLM t= 130.2 L1·A@-76 L2·A@-74 L3·A@-76 R1·A@-76 R2·A@-74 R3ZA@-73 罐=无罐 泵=0 阀=111111 速=+0,+0,+0.00 电=7.89V/1.95A/峰3.09 补余=0.0 IO错=0 倾+0.0 自动2/3
[  198.596] TLM t= 130.2 L1·A@-76 L2·A@-74 L3·A@-76 R1·A@-76 R2·A@-74 R3ZA@-73 罐=无罐 泵=0 阀=111111 速=+0,+0,+0.00 电=7.89V/1.95A/峰3.09 补余=0.0 IO错=0 倾+0.0 自动2/3
[  199.100] TLM t= 130.2 L1·A@-76 L2·A@-73 L3·A@-76 R1·A@-75 R2·A@-73 R3ZA@-72 罐=无罐 泵=0 阀=111111 速=+0,+0,+0.00 电=7.90V/1.79A/峰3.09 补余=0.0 IO错=0 倾+0.0 自动2/3
[  199.190] EVT 吸附 R3 attached→venting 在态106.64s -72.1kPa
[  199.190] EVT 相位 R3 handover→vent 落点Δ(+0.0,+0.0)
[  199.207] EVT 阀 R3 →排气位
[  199.491] EVT 相位 R3 vent→lift
[  199.586] EVT 吸附 R3 venting→released 在态0.40s 0.4kPa
[  199.622] TLM t= 130.2 L1·A@-76 L2·A@-73 L3·A@-76 R1·A@-75 R2·A@-73 R3Lr@-- 罐=无罐 泵=0 阀=111110 速=+0,+0,+0.00 电=7.87V/1.87A/峰3.09 补余=0.0 IO错=0 倾+0.0 自动2/3
[  200.122] TLM t= 130.2 L1·A@-76 L2·A@-73 L3·A@-76 R1·A@-75 R2·A@-73 R3Lr@-- 罐=无罐 泵=0 阀=111110 速=+0,+0,+0.00 电=7.87V/1.95A/峰3.09 补余=0.0 IO错=0 倾+0.0 自动2/3
[  200.337] EVT 相位 R3 lift→transfer
[  200.649] TLM t= 130.2 L1·A@-75 L2·A@-72 L3·A@-76 R1·A@-75 R2·A@-72 R3Tr@-- 罐=无罐 泵=0 阀=111110 速=+0,+0,+0.00 电=7.86V/2.20A/峰3.09 补余=0.0 IO错=0 倾+0.0 自动2/3
[  200.961] EVT 相位 R3 transfer→hover
[  201.149] TLM t= 130.2 L1·A@-75 L2·A@-72 L3·A@-76 R1·A@-75 R2·A@-72 R3Hr@-- 罐=无罐 泵=0 阀=111110 速=+0,+0,+0.00 电=7.86V/2.12A/峰3.09 补余=0.0 IO错=0 倾+0.0 自动2/3
[  201.675] TLM t= 130.2 L1·A@-75 L2·A@-71 L3·A@-76 R1·A@-75 R2·A@-71 R3Hr@-- 罐=无罐 泵=0 阀=111110 速=+0,+0,+0.00 电=7.86V/2.12A/峰3.09 补余=0.0 IO错=0 倾+0.0 自动2/3
[  201.969] EVT 落地：R3
[  201.986] EVT 相位 R3 hover→descend
[  202.178] TLM t= 130.2 L1·A@-75 L2·A@-71 L3·A@-75 R1·A@-75 R2·A@-71 R3Dr@-- 罐=无罐 泵=0 阀=111110 速=+0,+0,+0.00 电=7.85V/2.20A/峰3.09 补余=0.0 IO错=0 倾+0.0 自动2/3
[  202.467] EVT 相位 R3 descend→press
[  202.700] TLM t= 130.2 L1·A@-75 L2·A@-70 L3·A@-75 R1·A@-75 R2·A@-71 R3Pr@-- 罐=无罐 泵=0 阀=111110 速=+0,+0,+0.00 电=7.86V/2.20A/峰3.09 补余=0.0 IO错=0 倾+0.0 自动2/3
[  203.205] TLM t= 130.2 L1·A@-75 L2·A@-70 L3·A@-75 R1·A@-75 R2·A@-70 R3Pr@-- 罐=无罐 泵=0 阀=111110 速=+0,+0,+0.00 电=7.88V/2.04A/峰3.09 补余=0.0 IO错=0 倾+0.0 自动2/3
[  203.675] EVT 吸附 R3 released→pressing 在态4.06s 0.4kPa
[  203.676] EVT 相位 R3 press→wait
[  203.728] TLM t= 130.2 L1·A@-75 L2·A@-69 L3·A@-75 R1·A@-75 R2·A@-70 R3Wp@-- 罐=无罐 泵=0 阀=111110 速=+0,+0,+0.00 电=7.86V/2.28A/峰3.09 补余=0.0 IO错=0 倾+0.0 自动2/3
[  203.978] EVT 吸附 R3 pressing→sucking 在态0.30s 0.4kPa
[  203.979] EVT 阀 R3 →抽气位
[  203.997] EVT 泵 开 最差盘压-69.2
[  204.228] TLM t= 130.2 L1·A@-75 L2·A@-69 L3·A@-75 R1·A@-75 R2·A@-70 R3Ws@-54 罐=无罐 泵=1 阀=111111 速=+0,+0,+0.00 电=7.82V/2.12A/峰3.09 补余=0.0 IO错=0 倾+0.0 自动2/3
[  204.322] EVT 吸附 R3 sucking→attached 在态0.34s -62.0kPa
[  204.323] EVT 相位 R3 wait→stance
[  204.323] EVT 抬落完成，轮到 L1
[  204.751] TLM t= 130.6 L1·A@-75 L2·A@-74 L3·A@-75 R1·A@-75 R2·A@-74 R3·A@-74 罐=无罐 泵=1 阀=111111 速=+0,+0,+0.00 电=7.81V/2.20A/峰3.09 补余=0.0 IO错=0 倾+0.0 自动2/3
[  204.925] EVT 泵 停 最差盘压-75.5
[  205.272] TLM t= 131.1 L1·A@-76 L2·A@-76 L3·A@-76 R1·A@-76 R2·A@-76 R3·A@-76 罐=无罐 泵=0 阀=111111 速=+0,+0,+0.00 电=7.86V/2.04A/峰3.09 补余=0.0 IO错=0 倾+0.0 自动2/3
[  205.774] TLM t= 131.6 L1·A@-76 L2·A@-76 L3·A@-76 R1·A@-76 R2·A@-76 R3·A@-75 罐=无罐 泵=0 阀=111111 速=+0,+0,+0.00 电=7.88V/2.20A/峰3.09 补余=0.0 IO错=0 倾+0.0 自动2/3
[  206.294] TLM t= 132.2 L1·A@-76 L2·A@-75 L3·A@-76 R1·A@-76 R2·A@-75 R3·A@-75 罐=无罐 泵=0 阀=111111 速=+0,+0,+0.00 电=7.86V/2.12A/峰3.09 补余=0.0 IO错=0 倾+0.0 自动2/3
[  206.801] TLM t= 132.7 L1·A@-76 L2·A@-75 L3·A@-76 R1·A@-76 R2·A@-75 R3·A@-74 罐=无罐 泵=0 阀=111111 速=+0,+0,+0.00 电=7.88V/2.04A/峰3.09 补余=0.0 IO错=0 倾+0.0 自动2/3
[  207.301] TLM t= 133.2 L1·A@-76 L2·A@-74 L3·A@-76 R1·A@-76 R2·A@-74 R3·A@-73 罐=无罐 泵=0 阀=111111 速=+0,+0,+0.00 电=7.89V/2.20A/峰3.09 补余=0.0 IO错=0 倾+0.0 自动2/3
[  207.824] TLM t= 133.7 L1·A@-76 L2·A@-74 L3·A@-76 R1·A@-76 R2·A@-74 R3·A@-73 罐=无罐 泵=0 阀=111111 速=+0,+0,+0.00 电=7.87V/2.12A/峰3.09 补余=0.0 IO错=0 倾+0.0 自动2/3
[  208.348] TLM t= 134.2 L1·A@-76 L2·A@-74 L3·A@-76 R1·A@-76 R2·A@-74 R3·A@-72 罐=无罐 泵=0 阀=111111 速=+0,+0,+0.00 电=7.86V/2.04A/峰3.09 补余=0.0 IO错=0 倾+0.0 自动2/3
[  208.847] TLM t= 134.7 L1·A@-76 L2·A@-73 L3·A@-76 R1·A@-76 R2·A@-73 R3·A@-71 罐=无罐 泵=0 阀=111111 速=+0,+0,+0.00 电=7.88V/2.12A/峰3.09 补余=0.0 IO错=0 倾+0.0 自动2/3
[  209.350] TLM t= 135.2 L1·A@-76 L2·A@-73 L3·A@-76 R1·A@-76 R2·A@-73 R3·A@-71 罐=无罐 泵=0 阀=111111 速=+0,+0,+0.00 电=7.88V/2.12A/峰3.09 补余=0.0 IO错=0 倾+0.0 自动2/3
[  209.874] TLM t= 135.7 L1·A@-76 L2·A@-72 L3·A@-76 R1·A@-76 R2·A@-72 R3·A@-70 罐=无罐 泵=0 阀=111111 速=+0,+0,+0.00 电=7.85V/2.12A/峰3.09 补余=0.0 IO错=0 倾+0.0 自动2/3
[  210.377] TLM t= 136.2 L1·A@-76 L2·A@-72 L3·A@-76 R1·A@-76 R2·A@-72 R3·A@-69 罐=无罐 泵=0 阀=111111 速=+0,+0,+0.00 电=7.87V/2.12A/峰3.09 补余=0.0 IO错=0 倾+0.0 自动2/3
[  210.900] TLM t= 136.7 L1·A@-76 L2·A@-71 L3·A@-76 R1·A@-76 R2·A@-72 R3·A@-68 罐=无罐 泵=0 阀=111111 速=+0,+0,+0.00 电=7.88V/2.28A/峰3.09 补余=0.0 IO错=0 倾+0.0 自动2/3
[  211.403] TLM t= 137.2 L1·A@-75 L2·A@-71 L3·A@-76 R1·A@-76 R2·A@-71 R3·A@-68 罐=无罐 泵=0 阀=111111 速=+0,+0,+0.00 电=7.85V/2.28A/峰3.09 补余=0.0 IO错=0 倾+0.0 自动2/3
[  211.924] TLM t= 137.8 L1·A@-75 L2·A@-70 L3·A@-76 R1·A@-75 R2·A@-71 R3·A@-67 罐=无罐 泵=0 阀=111111 速=+0,+0,+0.00 电=7.87V/2.20A/峰3.09 补余=0.0 IO错=0 倾+0.0 自动2/3
[  212.444] TLM t= 138.3 L1·A@-75 L2·A@-70 L3·A@-76 R1·A@-75 R2·A@-70 R3·A@-66 罐=无罐 泵=0 阀=111111 速=+0,+0,+0.00 电=7.87V/2.12A/峰3.09 补余=0.0 IO错=0 倾+0.0 自动2/3
[  212.948] TLM t= 138.8 L1·A@-75 L2·A@-70 L3·A@-76 R1·A@-75 R2·A@-70 R3·A@-66 罐=无罐 泵=0 阀=111111 速=+0,+0,+0.00 电=7.87V/2.20A/峰3.09 补余=0.0 IO错=0 倾+0.0 自动2/3
[  213.450] TLM t= 139.3 L1·A@-75 L2·A@-69 L3·A@-76 R1·A@-75 R2·A@-70 R3·A@-65 罐=无罐 泵=0 阀=111111 速=+0,+0,+0.00 电=7.87V/2.20A/峰3.09 补余=0.0 IO错=0 倾+0.0 自动2/3
[  213.978] TLM t= 139.8 L1·A@-75 L2·A@-69 L3·A@-75 R1·A@-75 R2·A@-69 R3·A@-65 罐=无罐 泵=0 阀=111111 速=+0,+0,+0.00 电=7.86V/2.12A/峰3.09 补余=0.0 IO错=0 倾+0.0 自动2/3
[  214.359] EVT 原地抬起受理：L1
[  214.379] EVT 相位 L1 stance→handover
[  214.487] TLM t= 141.1 L1ZA@-75 L2·A@-68 L3·A@-75 R1·A@-75 R2·A@-69 R3·A@-64 罐=无罐 泵=0 阀=111111 速=+0,+0,+0.00 电=7.86V/2.12A/峰3.09 补余=0.0 IO错=0 倾+0.0 自动2/3
[  214.991] TLM t= 141.6 L1ZA@-75 L2·A@-68 L3·A@-75 R1·A@-75 R2·A@-69 R3·A@-63 罐=无罐 泵=0 阀=111111 速=+0,+0,+0.00 电=7.88V/1.71A/峰3.09 补余=0.0 IO错=0 倾+0.0 自动2/3
[  215.519] TLM t= 141.6 L1ZA@-75 L2·A@-67 L3·A@-75 R1·A@-75 R2·A@-68 R3·A@-63 罐=无罐 泵=0 阀=111111 速=+0,+0,+0.00 电=7.88V/1.87A/峰3.09 补余=0.0 IO错=0 倾+0.0 自动2/3
[  216.016] TLM t= 141.6 L1ZA@-75 L2·A@-67 L3·A@-75 R1·A@-75 R2·A@-68 R3·A@-62 罐=无罐 泵=0 阀=111111 速=+0,+0,+0.00 电=7.86V/2.04A/峰3.09 补余=0.0 IO错=0 倾+0.0 自动2/3
[  216.543] TLM t= 141.6 L1ZA@-75 L2·A@-67 L3·A@-75 R1·A@-75 R2·A@-67 R3·A@-61 罐=无罐 泵=0 阀=111111 速=+0,+0,+0.00 电=7.88V/2.04A/峰3.09 补余=0.0 IO错=0 倾+0.0 自动2/3
[  217.044] TLM t= 141.6 L1ZA@-75 L2·A@-66 L3·A@-75 R1·A@-75 R2·A@-67 R3·A@-61 罐=无罐 泵=0 阀=111111 速=+0,+0,+0.00 电=7.85V/2.28A/峰3.09 补余=0.0 IO错=0 倾+0.0 自动2/3
[  217.470] EVT 吸附 L1 attached→venting 在态106.52s -74.6kPa
[  217.470] EVT 相位 L1 handover→vent 落点Δ(+0.0,+0.0)
[  217.498] EVT 阀 L1 →排气位
[  217.570] TLM t= 141.6 L1Vv@-75 L2·A@-66 L3·A@-75 R1·A@-75 R2·A@-67 R3·A@-60 罐=无罐 泵=0 阀=011111 速=+0,+0,+0.00 电=7.86V/2.36A/峰3.09 补余=0.0 IO错=0 倾+0.0 自动2/3
[  217.739] EVT 泵 开 最差盘压-60.0
[  217.771] EVT 相位 L1 vent→lift
[  217.879] EVT 吸附 L1 venting→released 在态0.40s 0.1kPa
[  218.085] TLM t= 141.6 L1Lr@-- L2·A@-66 L3·A@-75 R1·A@-75 R2·A@-66 R3·A@-66 罐=无罐 泵=1 阀=011111 速=+0,+0,+0.00 电=7.81V/2.44A/峰3.09 补余=0.0 IO错=0 倾+0.0 自动2/3
[  218.592] TLM t= 141.6 L1Lr@-- L2·A@-76 L3·A@-75 R1·A@-75 R2·A@-76 R3·A@-76 罐=无罐 泵=1 阀=011111 速=+0,+0,+0.00 电=7.81V/2.52A/峰3.09 补余=0.0 IO错=0 倾+0.0 自动2/3
[  218.599] EVT 泵 停 最差盘压-75.2
[  218.614] EVT 相位 L1 lift→transfer
[  219.104] TLM t= 141.6 L1Tr@-- L2·A@-76 L3·A@-76 R1·A@-76 R2·A@-76 R3·A@-76 罐=无罐 泵=0 阀=011111 速=+0,+0,+0.00 电=7.82V/2.60A/峰3.09 补余=0.0 IO错=0 倾+0.0 自动2/3
[  219.243] EVT 相位 L1 transfer→hover
[  219.615] TLM t= 141.6 L1Hr@-- L2·A@-76 L3·A@-76 R1·A@-76 R2·A@-75 R3·A@-75 罐=无罐 泵=0 阀=011111 速=+0,+0,+0.00 电=7.84V/2.52A/峰3.09 补余=0.0 IO错=0 倾+0.0 自动2/3
[  220.129] TLM t= 141.6 L1Hr@-- L2·A@-75 L3·A@-76 R1·A@-76 R2·A@-75 R3·A@-74 罐=无罐 泵=0 阀=011111 速=+0,+0,+0.00 电=7.85V/2.44A/峰3.09 补余=0.0 IO错=0 倾+0.0 自动2/3
[  220.266] EVT 落地：L1
[  220.283] EVT 相位 L1 hover→descend
[  220.635] TLM t= 141.6 L1Dr@-- L2·A@-75 L3·A@-76 R1·A@-76 R2·A@-74 R3·A@-74 罐=无罐 泵=0 阀=011111 速=+0,+0,+0.00 电=7.83V/2.69A/峰3.09 补余=0.0 IO错=0 倾+0.0 自动2/3
[  220.765] EVT 相位 L1 descend→press
[  221.150] TLM t= 141.6 L1Pr@-- L2·A@-74 L3·A@-76 R1·A@-76 R2·A@-74 R3·A@-73 罐=无罐 泵=0 阀=011111 速=+0,+0,+0.00 电=7.83V/2.28A/峰3.09 补余=0.0 IO错=0 倾+0.0 自动2/3
[  221.658] TLM t= 141.6 L1Pr@-- L2·A@-74 L3·A@-76 R1·A@-76 R2·A@-73 R3·A@-72 罐=无罐 泵=0 阀=011111 速=+0,+0,+0.00 电=7.82V/2.60A/峰3.09 补余=0.0 IO错=0 倾+0.0 自动2/3
[  221.968] EVT 吸附 L1 released→pressing 在态4.08s 0.1kPa
[  221.968] EVT 相位 L1 press→wait
[  222.175] TLM t= 141.6 L1Wp@-- L2·A@-73 L3·A@-76 R1·A@-76 R2·A@-73 R3·A@-72 罐=无罐 泵=0 阀=011111 速=+0,+0,+0.00 电=7.81V/2.60A/峰3.09 补余=0.0 IO错=0 倾+0.0 自动2/3
[  222.269] EVT 吸附 L1 pressing→sucking 在态0.30s 0.1kPa
[  222.269] EVT 阀 L1 →抽气位
[  222.287] EVT 泵 开 最差盘压-71.5
[  222.665] EVT 吸附 L1 sucking→attached 在态0.40s -65.8kPa
[  222.673] EVT 相位 L1 wait→stance
[  222.674] EVT 抬落完成，轮到 R2
[  222.683] TLM t= 141.6 L1·A@-66 L2·A@-73 L3·A@-76 R1·A@-75 R2·A@-73 R3·A@-71 罐=无罐 泵=1 阀=111111 速=+0,+0,+0.00 电=7.81V/2.60A/峰3.09 补余=0.0 IO错=0 倾+0.0 自动2/3
[  223.070] EVT 泵 停 最差盘压-75.1
[  223.202] TLM t= 142.1 L1·A@-76 L2·A@-76 L3·A@-76 R1·A@-75 R2·A@-76 R3·A@-76 罐=无罐 泵=0 阀=111111 速=+0,+0,+0.00 电=7.84V/2.44A/峰3.09 补余=0.0 IO错=0 倾+0.0 自动2/3
[  223.708] TLM t= 142.6 L1·A@-76 L2·A@-76 L3·A@-76 R1·A@-75 R2·A@-75 R3·A@-75 罐=无罐 泵=0 阀=111111 速=+0,+0,+0.00 电=7.86V/2.44A/峰3.09 补余=0.0 IO错=0 倾+0.0 自动2/3
[  224.220] TLM t= 143.1 L1·A@-75 L2·A@-75 L3·A@-76 R1·A@-75 R2·A@-75 R3·A@-75 罐=无罐 泵=0 阀=111111 速=+0,+0,+0.00 电=7.83V/2.28A/峰3.09 补余=0.0 IO错=0 倾+0.0 自动2/3
[  224.729] TLM t= 143.6 L1·A@-75 L2·A@-75 L3·A@-76 R1·A@-75 R2·A@-74 R3·A@-74 罐=无罐 泵=0 阀=111111 速=+0,+0,+0.00 电=7.84V/2.36A/峰3.09 补余=0.0 IO错=0 倾+0.0 自动2/3
[  225.244] TLM t= 144.2 L1·A@-75 L2·A@-74 L3·A@-76 R1·A@-75 R2·A@-74 R3·A@-73 罐=无罐 泵=0 阀=111111 速=+0,+0,+0.00 电=7.85V/2.44A/峰3.09 补余=0.0 IO错=0 倾+0.0 自动2/3
[  225.751] TLM t= 144.7 L1·A@-75 L2·A@-74 L3·A@-76 R1·A@-75 R2·A@-74 R3·A@-73 罐=无罐 泵=0 阀=111111 速=+0,+0,+0.00 电=7.85V/2.36A/峰3.09 补余=0.0 IO错=0 倾+0.0 自动2/3
[  226.272] TLM t= 145.2 L1·A@-75 L2·A@-73 L3·A@-76 R1·A@-75 R2·A@-73 R3·A@-72 罐=无罐 泵=0 阀=111111 速=+0,+0,+0.00 电=7.84V/2.44A/峰3.09 补余=0.0 IO错=0 倾+0.0 自动2/3
[  226.775] TLM t= 145.7 L1·A@-75 L2·A@-73 L3·A@-76 R1·A@-75 R2·A@-73 R3·A@-71 罐=无罐 泵=0 阀=111111 速=+0,+0,+0.00 电=7.85V/2.28A/峰3.09 补余=0.0 IO错=0 倾+0.0 自动2/3
[  227.293] TLM t= 146.2 L1·A@-75 L2·A@-72 L3·A@-75 R1·A@-75 R2·A@-72 R3·A@-71 罐=无罐 泵=0 阀=111111 速=+0,+0,+0.00 电=7.86V/2.36A/峰3.09 补余=0.0 IO错=0 倾+0.0 自动2/3
[  227.801] TLM t= 146.7 L1·A@-74 L2·A@-72 L3·A@-75 R1·A@-75 R2·A@-72 R3·A@-70 罐=无罐 泵=0 阀=111111 速=+0,+0,+0.00 电=7.85V/2.36A/峰3.09 补余=0.0 IO错=0 倾+0.0 自动2/3
[  228.312] TLM t= 147.2 L1·A@-74 L2·A@-72 L3·A@-75 R1·A@-75 R2·A@-72 R3·A@-69 罐=无罐 泵=0 阀=111111 速=+0,+0,+0.00 电=7.86V/2.60A/峰3.09 补余=0.0 IO错=0 倾+0.0 自动2/3
[  228.819] TLM t= 147.7 L1·A@-74 L2·A@-71 L3·A@-75 R1·A@-75 R2·A@-71 R3·A@-69 罐=无罐 泵=0 阀=111111 速=+0,+0,+0.00 电=7.84V/2.44A/峰3.09 补余=0.0 IO错=0 倾+0.0 自动2/3
[  229.338] TLM t= 148.2 L1·A@-74 L2·A@-71 L3·A@-75 R1·A@-75 R2·A@-71 R3·A@-68 罐=无罐 泵=0 阀=111111 速=+0,+0,+0.00 电=7.84V/2.44A/峰3.09 补余=0.0 IO错=0 倾+0.0 自动2/3
[  229.842] TLM t= 148.7 L1·A@-74 L2·A@-70 L3·A@-75 R1·A@-75 R2·A@-70 R3·A@-67 罐=无罐 泵=0 阀=111111 速=+0,+0,+0.00 电=7.85V/2.44A/峰3.09 补余=0.0 IO错=0 倾+0.0 自动2/3
[  230.362] TLM t= 149.3 L1·A@-74 L2·A@-70 L3·A@-75 R1·A@-75 R2·A@-70 R3·A@-67 罐=无罐 泵=0 阀=111111 速=+0,+0,+0.00 电=7.83V/2.36A/峰3.09 补余=0.0 IO错=0 倾+0.0 自动2/3
[  230.866] TLM t= 149.8 L1·A@-74 L2·A@-69 L3·A@-75 R1·A@-75 R2·A@-70 R3·A@-66 罐=无罐 泵=0 阀=111111 速=+0,+0,+0.00 电=7.85V/2.28A/峰3.09 补余=0.0 IO错=0 倾+0.0 自动2/3
[  231.383] TLM t= 150.3 L1·A@-74 L2·A@-69 L3·A@-75 R1·A@-75 R2·A@-69 R3·A@-65 罐=无罐 泵=0 阀=111111 速=+0,+0,+0.00 电=7.85V/2.36A/峰3.09 补余=0.0 IO错=0 倾+0.0 自动2/3
[  231.889] TLM t= 150.8 L1·A@-74 L2·A@-68 L3·A@-75 R1·A@-75 R2·A@-69 R3·A@-65 罐=无罐 泵=0 阀=111111 速=+0,+0,+0.00 电=7.83V/2.60A/峰3.09 补余=0.0 IO错=0 倾+0.0 自动2/3
[  232.408] TLM t= 151.3 L1·A@-73 L2·A@-68 L3·A@-75 R1·A@-75 R2·A@-69 R3·A@-64 罐=无罐 泵=0 阀=111111 速=+0,+0,+0.00 电=7.84V/2.44A/峰3.09 补余=0.0 IO错=0 倾+0.0 自动2/3
[  232.698] EVT 原地抬起受理：R2
[  232.724] EVT 相位 R2 stance→handover
[  232.911] TLM t= 152.6 L1·A@-73 L2·A@-68 L3·A@-75 R1·A@-75 R2ZA@-68 R3·A@-63 罐=无罐 泵=0 阀=111111 速=+0,+0,+0.00 电=7.85V/2.28A/峰3.09 补余=0.0 IO错=0 倾+0.0 自动2/3
[  233.431] TLM t= 153.0 L1·A@-73 L2·A@-67 L3·A@-75 R1·A@-75 R2ZA@-68 R3·A@-63 罐=无罐 泵=0 阀=111111 速=+0,+0,+0.00 电=7.83V/2.12A/峰3.09 补余=0.0 IO错=0 倾+0.0 自动2/3
[  233.937] TLM t= 153.0 L1·A@-73 L2·A@-67 L3·A@-75 R1·A@-74 R2ZA@-67 R3·A@-62 罐=无罐 泵=0 阀=111111 速=+0,+0,+0.00 电=7.86V/2.52A/峰3.09 补余=0.0 IO错=0 倾+0.0 自动2/3
[  234.454] TLM t= 153.0 L1·A@-73 L2·A@-66 L3·A@-75 R1·A@-74 R2ZA@-67 R3·A@-62 罐=无罐 泵=0 阀=111111 速=+0,+0,+0.00 电=7.85V/2.28A/峰3.09 补余=0.0 IO错=0 倾+0.0 自动2/3
[  234.907] EVT 吸附 R2 attached→venting 在态106.62s -66.8kPa
[  234.907] EVT 相位 R2 handover→vent 落点Δ(+0.0,+0.0)
[  234.925] EVT 阀 R2 →排气位
[  234.961] TLM t= 153.0 L1·A@-73 L2·A@-66 L3·A@-75 R1·A@-74 R2Vv@-67 R3·A@-61 罐=无罐 泵=0 阀=111101 速=+0,+0,+0.00 电=7.82V/2.28A/峰3.09 补余=0.0 IO错=0 倾+0.0 自动2/3
[  235.208] EVT 相位 R2 vent→lift
[  235.310] EVT 吸附 R2 venting→released 在态0.40s 0.0kPa
[  235.456] TLM t= 153.0 L1·A@-73 L2·A@-66 L3·A@-75 R1·A@-74 R2Lr@-- R3·A@-61 罐=无罐 泵=0 阀=111101 速=+0,+0,+0.00 电=7.81V/2.36A/峰3.09 补余=0.0 IO错=0 倾+0.0 自动2/3
[  235.970] EVT 泵 开 最差盘压-59.7
[  235.977] TLM t= 153.0 L1·A@-73 L2·A@-65 L3·A@-75 R1·A@-74 R2Lr@-- R3·A@-60 罐=无罐 泵=1 阀=111101 速=+0,+0,+0.00 电=7.65V/2.36A/峰3.09 补余=0.0 IO错=0 倾+0.0 自动2/3
[  236.050] EVT 相位 R2 lift→transfer
[  236.481] TLM t= 153.0 L1·A@-73 L2·A@-71 L3·A@-74 R1·A@-74 R2Tr@-- R3·A@-70 罐=无罐 泵=1 阀=111101 速=+0,+0,+0.00 电=7.76V/2.69A/峰3.09 补余=0.0 IO错=0 倾+0.0 自动2/3
[  236.670] EVT 相位 R2 transfer→hover
[  236.833] EVT 泵 停 最差盘压-75.2
[  237.004] TLM t= 153.0 L1·A@-76 L2·A@-76 L3·A@-76 R1·A@-76 R2Hr@-- R3·A@-76 罐=无罐 泵=0 阀=111101 速=+0,+0,+0.00 电=7.83V/2.52A/峰3.09 补余=0.0 IO错=0 倾+0.0 自动2/3
[  237.501] TLM t= 153.0 L1·A@-76 L2·A@-76 L3·A@-76 R1·A@-76 R2Hr@-- R3·A@-76 罐=无罐 泵=0 阀=111101 速=+0,+0,+0.00 电=7.85V/2.52A/峰3.09 补余=0.0 IO错=0 倾+0.0 自动2/3
[  237.675] EVT 落地：R2
[  237.692] EVT 相位 R2 hover→descend
[  238.026] TLM t= 153.0 L1·A@-76 L2·A@-75 L3·A@-76 R1·A@-76 R2Dr@-- R3·A@-75 罐=无罐 泵=0 阀=111101 速=+0,+0,+0.00 电=7.82V/2.52A/峰3.09 补余=0.0 IO错=0 倾+0.0 自动2/3
[  238.174] EVT 相位 R2 descend→press
[  238.524] TLM t= 153.0 L1·A@-76 L2·A@-75 L3·A@-76 R1·A@-76 R2Pr@-- R3·A@-74 罐=无罐 泵=0 阀=111101 速=+0,+0,+0.00 电=7.83V/2.44A/峰3.09 补余=0.0 IO错=0 倾+0.0 自动2/3
[  239.046] TLM t= 153.0 L1·A@-76 L2·A@-74 L3·A@-76 R1·A@-76 R2Pr@-- R3·A@-73 罐=无罐 泵=0 阀=111101 速=+0,+0,+0.00 电=7.80V/2.77A/峰3.09 补余=0.0 IO错=0 倾+0.0 自动2/3
[  239.377] EVT 吸附 R2 released→pressing 在态4.06s 0.0kPa
[  239.377] EVT 相位 R2 press→wait
[  239.550] TLM t= 153.0 L1·A@-76 L2·A@-74 L3·A@-76 R1·A@-76 R2Wp@-- R3·A@-73 罐=无罐 泵=0 阀=111101 速=+0,+0,+0.00 电=7.80V/2.77A/峰3.09 补余=0.0 IO错=0 倾+0.0 自动2/3
[  239.679] EVT 吸附 R2 pressing→sucking 在态0.30s 0.0kPa
[  239.679] EVT 阀 R2 →抽气位
[  239.704] EVT 泵 开 最差盘压-72.5
[  239.962] EVT 吸附 R2 sucking→attached 在态0.28s -65.9kPa
[  239.962] EVT 相位 R2 wait→stance
[  239.962] EVT 抬落完成，轮到 L3
[  240.048] TLM t= 153.1 L1·A@-76 L2·A@-74 L3·A@-76 R1·A@-75 R2·A@-67 R3·A@-72 罐=无罐 泵=1 阀=111111 速=+0,+0,+0.00 电=7.75V/2.52A/峰3.09 补余=0.0 IO错=0 倾+0.0 自动2/3
[  240.486] EVT 泵 停 最差盘压-75.1
[  240.556] TLM t= 153.6 L1·A@-76 L2·A@-76 L3·A@-76 R1·A@-75 R2·A@-76 R3·A@-76 罐=无罐 泵=0 阀=111111 速=+0,+0,+0.00 电=7.83V/2.60A/峰3.09 补余=0.0 IO错=0 倾+0.0 自动2/3
[  241.062] TLM t= 154.1 L1·A@-76 L2·A@-76 L3·A@-76 R1·A@-75 R2·A@-75 R3·A@-75 罐=无罐 泵=0 阀=111111 速=+0,+0,+0.00 电=7.84V/2.36A/峰3.09 补余=0.0 IO错=0 倾+0.0 自动2/3
[  241.586] TLM t= 154.6 L1·A@-76 L2·A@-75 L3·A@-76 R1·A@-75 R2·A@-74 R3·A@-75 罐=无罐 泵=0 阀=111111 速=+0,+0,+0.00 电=7.81V/2.44A/峰3.09 补余=0.0 IO错=0 倾+0.0 自动2/3
[  242.092] TLM t= 155.1 L1·A@-76 L2·A@-75 L3·A@-76 R1·A@-75 R2·A@-74 R3·A@-74 罐=无罐 泵=0 阀=111111 速=+0,+0,+0.00 电=7.82V/2.44A/峰3.09 补余=0.0 IO错=0 倾+0.0 自动2/3
[  242.609] TLM t= 155.6 L1·A@-76 L2·A@-74 L3·A@-76 R1·A@-75 R2·A@-73 R3·A@-73 罐=无罐 泵=0 阀=111111 速=+0,+0,+0.00 电=7.82V/2.52A/峰3.09 补余=0.0 IO错=0 倾+0.0 自动2/3
[  243.113] TLM t= 156.1 L1·A@-75 L2·A@-74 L3·A@-76 R1·A@-75 R2·A@-73 R3·A@-73 罐=无罐 泵=0 阀=111111 速=+0,+0,+0.00 电=7.84V/2.44A/峰3.09 补余=0.0 IO错=0 倾+0.0 自动2/3
[  243.634] TLM t= 156.6 L1·A@-75 L2·A@-73 L3·A@-75 R1·A@-75 R2·A@-72 R3·A@-72 罐=无罐 泵=0 阀=111111 速=+0,+0,+0.00 电=7.82V/2.36A/峰3.09 补余=0.0 IO错=0 倾+0.0 自动2/3
[  244.137] TLM t= 157.1 L1·A@-75 L2·A@-73 L3·A@-75 R1·A@-75 R2·A@-72 R3·A@-71 罐=无罐 泵=0 阀=111111 速=+0,+0,+0.00 电=7.81V/2.36A/峰3.09 补余=0.0 IO错=0 倾+0.0 自动2/3
[  244.661] TLM t= 157.7 L1·A@-75 L2·A@-72 L3·A@-75 R1·A@-75 R2·A@-71 R3·A@-71 罐=无罐 泵=0 阀=111111 速=+0,+0,+0.00 电=7.81V/2.60A/峰3.09 补余=0.0 IO错=0 倾+0.0 自动2/3
[  245.166] TLM t= 158.2 L1·A@-75 L2·A@-72 L3·A@-75 R1·A@-75 R2·A@-71 R3·A@-70 罐=无罐 泵=0 阀=111111 速=+0,+0,+0.00 电=7.82V/2.36A/峰3.09 补余=0.0 IO错=0 倾+0.0 自动2/3
[  245.685] TLM t= 158.7 L1·A@-75 L2·A@-71 L3·A@-75 R1·A@-75 R2·A@-71 R3·A@-69 罐=无罐 泵=0 阀=111111 速=+0,+0,+0.00 电=7.82V/2.36A/峰3.09 补余=0.0 IO错=0 倾+0.0 自动2/3
[  246.187] TLM t= 159.2 L1·A@-75 L2·A@-71 L3·A@-75 R1·A@-75 R2·A@-70 R3·A@-69 罐=无罐 泵=0 阀=111111 速=+0,+0,+0.00 电=7.84V/2.44A/峰3.09 补余=0.0 IO错=0 倾+0.0 自动2/3
[  246.711] TLM t= 159.7 L1·A@-75 L2·A@-71 L3·A@-75 R1·A@-75 R2·A@-70 R3·A@-68 罐=无罐 泵=0 阀=111111 速=+0,+0,+0.00 电=7.82V/2.52A/峰3.09 补余=0.0 IO错=0 倾+0.0 自动2/3
[  247.212] TLM t= 160.2 L1·A@-75 L2·A@-70 L3·A@-75 R1·A@-75 R2·A@-69 R3·A@-67 罐=无罐 泵=0 阀=111111 速=+0,+0,+0.00 电=7.83V/2.52A/峰3.09 补余=0.0 IO错=0 倾+0.0 自动2/3
[  247.736] TLM t= 160.7 L1·A@-75 L2·A@-70 L3·A@-75 R1·A@-75 R2·A@-69 R3·A@-67 罐=无罐 泵=0 阀=111111 速=+0,+0,+0.00 电=7.82V/2.44A/峰3.09 补余=0.0 IO错=0 倾+0.0 自动2/3
[  248.239] TLM t= 161.2 L1·A@-75 L2·A@-69 L3·A@-75 R1·A@-75 R2·A@-69 R3·A@-66 罐=无罐 泵=0 阀=111111 速=+0,+0,+0.00 电=7.84V/2.52A/峰3.09 补余=0.0 IO错=0 倾+0.0 自动2/3
[  248.763] TLM t= 161.7 L1·A@-75 L2·A@-69 L3·A@-75 R1·A@-75 R2·A@-68 R3·A@-65 罐=无罐 泵=0 阀=111111 速=+0,+0,+0.00 电=7.84V/2.44A/峰3.09 补余=0.0 IO错=0 倾+0.0 自动2/3
[  249.266] TLM t= 162.2 L1·A@-74 L2·A@-68 L3·A@-75 R1·A@-75 R2·A@-68 R3·A@-65 罐=无罐 泵=0 阀=111111 速=+0,+0,+0.00 电=7.81V/2.36A/峰3.09 补余=0.0 IO错=0 倾+0.0 自动2/3
[  249.793] TLM t= 162.8 L1·A@-74 L2·A@-68 L3·A@-75 R1·A@-75 R2·A@-67 R3·A@-64 罐=无罐 泵=0 阀=111111 速=+0,+0,+0.00 电=7.83V/2.44A/峰3.09 补余=0.0 IO错=0 倾+0.0 自动2/3
[  249.989] EVT 原地抬起受理：L3
[  250.002] EVT 相位 L3 stance→handover
[  250.301] TLM t= 164.1 L1·A@-74 L2·A@-68 L3ZA@-75 R1·A@-75 R2·A@-67 R3·A@-64 罐=无罐 泵=0 阀=111111 速=+0,+0,+0.00 电=7.85V/2.12A/峰3.09 补余=0.0 IO错=0 倾+0.0 自动2/3
[  250.823] TLM t= 164.4 L1·A@-74 L2·A@-67 L3ZA@-75 R1·A@-75 R2·A@-67 R3·A@-63 罐=无罐 泵=0 阀=111111 速=+0,+0,+0.00 电=7.86V/2.04A/峰3.09 补余=0.0 IO错=0 倾+0.0 自动2/3
[  251.327] TLM t= 164.4 L1·A@-74 L2·A@-67 L3ZA@-75 R1·A@-75 R2·A@-66 R3·A@-62 罐=无罐 泵=0 阀=111111 速=+0,+0,+0.00 电=7.85V/1.95A/峰3.09 补余=0.0 IO错=0 倾+0.0 自动2/3
[  251.852] TLM t= 164.4 L1·A@-74 L2·A@-66 L3ZA@-75 R1·A@-75 R2·A@-66 R3·A@-62 罐=无罐 泵=0 阀=111111 速=+0,+0,+0.00 电=7.85V/1.95A/峰3.09 补余=0.0 IO错=0 倾+0.0 自动2/3
[  252.354] TLM t= 164.4 L1·A@-74 L2·A@-66 L3ZA@-75 R1·A@-74 R2·A@-65 R3·A@-61 罐=无罐 泵=0 阀=111111 速=+0,+0,+0.00 电=7.85V/2.04A/峰3.09 补余=0.0 IO错=0 倾+0.0 自动2/3
[  252.878] TLM t= 164.4 L1·A@-74 L2·A@-66 L3ZA@-75 R1·A@-74 R2·A@-65 R3·A@-60 罐=无罐 泵=0 阀=111111 速=+0,+0,+0.00 电=7.84V/1.87A/峰3.09 补余=0.0 IO错=0 倾+0.0 自动2/3
[  252.903] EVT 吸附 L3 attached→venting 在态106.52s -74.5kPa
[  252.903] EVT 相位 L3 handover→vent 落点Δ(+0.0,+0.0)
[  252.931] EVT 阀 L3 →排气位
[  253.204] EVT 相位 L3 vent→lift
[  253.232] EVT 泵 开 最差盘压-60.0
[  253.311] EVT 吸附 L3 venting→released 在态0.40s 0.1kPa
[  253.377] TLM t= 164.4 L1·A@-74 L2·A@-65 L3Lr@-- R1·A@-74 R2·A@-65 R3·A@-60 罐=无罐 泵=1 阀=110111 速=+0,+0,+0.00 电=7.81V/2.12A/峰3.09 补余=0.0 IO错=0 倾+0.0 自动2/3
[  253.903] TLM t= 164.4 L1·A@-74 L2·A@-74 L3Lr@-- R1·A@-74 R2·A@-74 R3·A@-74 罐=无罐 泵=1 阀=110111 速=+0,+0,+0.00 电=7.79V/2.12A/峰3.09 补余=0.0 IO错=0 倾+0.0 自动2/3
[  254.049] EVT 相位 L3 lift→transfer
[  254.094] EVT 泵 停 最差盘压-75.0
[  254.404] TLM t= 164.4 L1·A@-76 L2·A@-76 L3Tr@-- R1·A@-76 R2·A@-76 R3·A@-76 罐=无罐 泵=0 阀=110111 速=+0,+0,+0.00 电=7.84V/1.95A/峰3.09 补余=0.0 IO错=0 倾+0.0 自动2/3
[  254.678] EVT 相位 L3 transfer→hover
[  254.930] TLM t= 164.4 L1·A@-76 L2·A@-76 L3Hr@-- R1·A@-76 R2·A@-75 R3·A@-75 罐=无罐 泵=0 阀=110111 速=+0,+0,+0.00 电=7.85V/2.04A/峰3.09 补余=0.0 IO错=0 倾+0.0 自动2/3
[  255.430] TLM t= 164.4 L1·A@-76 L2·A@-75 L3Hr@-- R1·A@-75 R2·A@-75 R3·A@-74 罐=无罐 泵=0 阀=110111 速=+0,+0,+0.00 电=7.83V/1.95A/峰3.09 补余=0.0 IO错=0 倾+0.0 自动2/3
[  255.705] EVT 落地：L3
[  255.723] EVT 相位 L3 hover→descend
[  255.956] TLM t= 164.4 L1·A@-76 L2·A@-75 L3Dr@-- R1·A@-75 R2·A@-74 R3·A@-74 罐=无罐 泵=0 阀=110111 速=+0,+0,+0.00 电=7.84V/2.04A/峰3.09 补余=0.0 IO错=0 倾+0.0 自动2/3
[  256.209] EVT 相位 L3 descend→press
[  256.460] TLM t= 164.4 L1·A@-76 L2·A@-74 L3Pr@-- R1·A@-75 R2·A@-74 R3·A@-73 罐=无罐 泵=0 阀=110111 速=+0,+0,+0.00 电=7.83V/2.04A/峰3.09 补余=0.0 IO错=0 倾+0.0 自动2/3
[  256.986] TLM t= 164.4 L1·A@-76 L2·A@-74 L3Pr@-- R1·A@-75 R2·A@-73 R3·A@-72 罐=无罐 泵=0 阀=110111 速=+0,+0,+0.00 电=7.84V/2.12A/峰3.09 补余=0.0 IO错=0 倾+0.0 自动2/3
[  257.417] EVT 吸附 L3 released→pressing 在态4.08s 0.1kPa
[  257.418] EVT 相位 L3 press→wait
[  257.487] TLM t= 164.4 L1·A@-75 L2·A@-73 L3Wp@-- R1·A@-75 R2·A@-73 R3·A@-72 罐=无罐 泵=0 阀=110111 速=+0,+0,+0.00 电=7.84V/1.95A/峰3.09 补余=0.0 IO错=0 倾+0.0 自动2/3
[  257.718] EVT 吸附 L3 pressing→sucking 在态0.30s 0.1kPa
[  257.719] EVT 阀 L3 →抽气位
[  257.736] EVT 泵 开 最差盘压-71.4
[  257.996] EVT 吸附 L3 sucking→attached 在态0.28s -55.6kPa
[  258.007] EVT 相位 L3 wait→stance
[  258.007] EVT 抬落完成，轮到 R1
[  258.014] TLM t= 164.4 L1·A@-75 L2·A@-73 L3·A@-56 R1·A@-75 R2·A@-73 R3·A@-71 罐=无罐 泵=1 阀=111111 速=+0,+0,+0.00 电=7.83V/1.95A/峰3.09 补余=0.0 IO错=0 倾+0.0 自动2/3
[  258.529] TLM t= 164.9 L1·A@-75 L2·A@-74 L3·A@-74 R1·A@-75 R2·A@-74 R3·A@-74 罐=无罐 泵=1 阀=111111 速=+0,+0,+0.00 电=7.76V/2.28A/峰3.09 补余=0.0 IO错=0 倾+0.0 自动2/3
[  258.622] EVT 泵 停 最差盘压-75.0
[  259.035] TLM t= 165.4 L1·A@-76 L2·A@-76 L3·A@-76 R1·A@-75 R2·A@-75 R3·A@-75 罐=无罐 泵=0 阀=111111 速=+0,+0,+0.00 电=7.85V/2.04A/峰3.09 补余=0.0 IO错=0 倾+0.0 自动2/3
[  259.535] TLM t= 165.9 L1·A@-76 L2·A@-75 L3·A@-75 R1·A@-75 R2·A@-75 R3·A@-75 罐=无罐 泵=0 阀=111111 速=+0,+0,+0.00 电=7.85V/2.04A/峰3.09 补余=0.0 IO错=0 倾+0.0 自动2/3
[  260.061] TLM t= 166.4 L1·A@-76 L2·A@-75 L3·A@-75 R1·A@-75 R2·A@-74 R3·A@-74 罐=无罐 泵=0 阀=111111 速=+0,+0,+0.00 电=7.86V/2.04A/峰3.09 补余=0.0 IO错=0 倾+0.0 自动2/3
[  260.561] TLM t= 166.9 L1·A@-76 L2·A@-74 L3·A@-75 R1·A@-75 R2·A@-74 R3·A@-73 罐=无罐 泵=0 阀=111111 速=+0,+0,+0.00 电=7.84V/2.04A/峰3.09 补余=0.0 IO错=0 倾+0.0 自动2/3
[  261.084] TLM t= 167.5 L1·A@-76 L2·A@-74 L3·A@-75 R1·A@-75 R2·A@-74 R3·A@-73 罐=无罐 泵=0 阀=111111 速=+0,+0,+0.00 电=7.84V/2.12A/峰3.09 补余=0.0 IO错=0 倾+0.0 自动2/3
[  261.607] TLM t= 168.0 L1·A@-75 L2·A@-73 L3·A@-75 R1·A@-75 R2·A@-73 R3·A@-72 罐=无罐 泵=0 阀=111111 速=+0,+0,+0.00 电=7.85V/2.04A/峰3.09 补余=0.0 IO错=0 倾+0.0 自动2/3
[  262.108] TLM t= 168.5 L1·A@-75 L2·A@-73 L3·A@-75 R1·A@-75 R2·A@-73 R3·A@-71 罐=无罐 泵=0 阀=111111 速=+0,+0,+0.00 电=7.85V/2.04A/峰3.09 补余=0.0 IO错=0 倾+0.0 自动2/3
[  262.624] TLM t= 169.0 L1·A@-75 L2·A@-73 L3·A@-75 R1·A@-75 R2·A@-73 R3·A@-71 罐=无罐 泵=0 阀=111111 速=+0,+0,+0.00 电=7.85V/2.04A/峰3.09 补余=0.0 IO错=0 倾+0.0 自动2/3
[  263.124] TLM t= 169.5 L1·A@-75 L2·A@-72 L3·A@-75 R1·A@-75 R2·A@-72 R3·A@-70 罐=无罐 泵=0 阀=111111 速=+0,+0,+0.00 电=7.82V/2.12A/峰3.09 补余=0.0 IO错=0 倾+0.0 自动2/3
[  263.644] TLM t= 170.0 L1·A@-75 L2·A@-72 L3·A@-75 R1·A@-75 R2·A@-72 R3·A@-70 罐=无罐 泵=0 阀=111111 速=+0,+0,+0.00 电=7.84V/2.04A/峰3.09 补余=0.0 IO错=0 倾+0.0 自动2/3
[  264.154] TLM t= 170.5 L1·A@-75 L2·A@-71 L3·A@-74 R1·A@-75 R2·A@-71 R3·A@-69 罐=无罐 泵=0 阀=111111 速=+0,+0,+0.00 电=7.85V/2.12A/峰3.09 补余=0.0 IO错=0 倾+0.0 自动2/3
[  264.650] TLM t= 171.0 L1·A@-75 L2·A@-71 L3·A@-74 R1·A@-74 R2·A@-71 R3·A@-68 罐=无罐 泵=0 阀=111111 速=+0,+0,+0.00 电=7.83V/1.95A/峰3.09 补余=0.0 IO错=0 倾+0.0 自动2/3
[  265.160] TLM t= 171.5 L1·A@-75 L2·A@-70 L3·A@-74 R1·A@-74 R2·A@-71 R3·A@-68 罐=无罐 泵=0 阀=111111 速=+0,+0,+0.00 电=7.84V/2.12A/峰3.09 补余=0.0 IO错=0 倾+0.0 自动2/3
[  265.664] TLM t= 172.0 L1·A@-75 L2·A@-70 L3·A@-74 R1·A@-74 R2·A@-70 R3·A@-67 罐=无罐 泵=0 阀=111111 速=+0,+0,+0.00 电=7.84V/1.87A/峰3.09 补余=0.0 IO错=0 倾+0.0 自动2/3
[  266.188] TLM t= 172.5 L1·A@-75 L2·A@-70 L3·A@-74 R1·A@-74 R2·A@-70 R3·A@-66 罐=无罐 泵=0 阀=111111 速=+0,+0,+0.00 电=7.84V/2.04A/峰3.09 补余=0.0 IO错=0 倾+0.0 自动2/3
[  266.690] TLM t= 173.0 L1·A@-75 L2·A@-69 L3·A@-74 R1·A@-74 R2·A@-69 R3·A@-66 罐=无罐 泵=0 阀=111111 速=+0,+0,+0.00 电=7.85V/2.04A/峰3.09 补余=0.0 IO错=0 倾+0.0 自动2/3
[  267.214] TLM t= 173.5 L1·A@-75 L2·A@-69 L3·A@-74 R1·A@-74 R2·A@-69 R3·A@-65 罐=无罐 泵=0 阀=111111 速=+0,+0,+0.00 电=7.85V/2.12A/峰3.09 补余=0.0 IO错=0 倾+0.0 自动2/3
[  267.725] TLM t= 174.0 L1·A@-74 L2·A@-68 L3·A@-74 R1·A@-74 R2·A@-69 R3·A@-64 罐=无罐 泵=0 阀=111111 速=+0,+0,+0.00 电=7.83V/2.12A/峰3.09 补余=0.0 IO错=0 倾+0.0 自动2/3
[  268.029] EVT 原地抬起受理：R1
[  268.056] EVT 相位 R1 stance→handover
[  268.244] TLM t= 175.4 L1·A@-74 L2·A@-68 L3·A@-74 R1ZA@-74 R2·A@-68 R3·A@-64 罐=无罐 泵=0 阀=111111 速=+0,+0,+0.00 电=7.85V/1.87A/峰3.09 补余=0.0 IO错=0 倾+0.0 自动2/3
[  268.752] TLM t= 175.8 L1·A@-74 L2·A@-67 L3·A@-74 R1ZA@-74 R2·A@-68 R3·A@-63 罐=无罐 泵=0 阀=111111 速=+0,+0,+0.00 电=7.87V/1.63A/峰3.09 补余=0.0 IO错=0 倾+0.0 自动2/3
[  269.274] TLM t= 175.8 L1·A@-74 L2·A@-67 L3·A@-74 R1ZA@-74 R2·A@-68 R3·A@-63 罐=无罐 泵=0 阀=111111 速=+0,+0,+0.00 电=7.87V/1.71A/峰3.09 补余=0.0 IO错=0 倾+0.0 自动2/3
[  269.775] TLM t= 175.8 L1·A@-74 L2·A@-67 L3·A@-74 R1ZA@-74 R2·A@-67 R3·A@-62 罐=无罐 泵=0 阀=111111 速=+0,+0,+0.00 电=7.86V/1.71A/峰3.09 补余=0.0 IO错=0 倾+0.0 自动2/3
[  270.302] TLM t= 175.8 L1·A@-74 L2·A@-66 L3·A@-74 R1ZA@-74 R2·A@-67 R3·A@-62 罐=无罐 泵=0 阀=111111 速=+0,+0,+0.00 电=7.85V/1.71A/峰3.09 补余=0.0 IO错=0 倾+0.0 自动2/3
[  270.806] TLM t= 175.8 L1·A@-74 L2·A@-66 L3·A@-73 R1ZA@-74 R2·A@-66 R3·A@-61 罐=无罐 泵=0 阀=111111 速=+0,+0,+0.00 电=7.85V/1.95A/峰3.09 补余=0.0 IO错=0 倾+0.0 自动2/3
[  271.324] TLM t= 175.8 L1·A@-74 L2·A@-65 L3·A@-73 R1ZA@-74 R2·A@-66 R3·A@-60 罐=无罐 泵=0 阀=111111 速=+0,+0,+0.00 电=7.85V/2.04A/峰3.09 补余=0.0 IO错=0 倾+0.0 自动2/3
[  271.349] EVT 吸附 R1 attached→venting 在态106.42s -73.7kPa
[  271.350] EVT 相位 R1 handover→vent 落点Δ(+0.0,+0.0)
[  271.375] EVT 阀 R1 →排气位
[  271.651] EVT 相位 R1 vent→lift
[  271.699] EVT 泵 开 最差盘压-60.0
[  271.773] EVT 吸附 R1 venting→released 在态0.42s -0.1kPa
[  271.830] TLM t= 175.8 L1·A@-74 L2·A@-65 L3·A@-73 R1Lr@-- R2·A@-66 R3·A@-60 罐=无罐 泵=1 阀=111011 速=+0,+0,+0.00 电=7.80V/2.20A/峰3.09 补余=0.0 IO错=0 倾+0.0 自动2/3
[  272.347] TLM t= 175.8 L1·A@-74 L2·A@-73 L3·A@-73 R1Lr@-- R2·A@-72 R3·A@-73 罐=无罐 泵=1 阀=111011 速=+0,+0,+0.00 电=7.73V/2.20A/峰3.09 补余=0.0 IO错=0 倾+0.0 自动2/3
[  272.495] EVT 相位 R1 lift→transfer
[  272.581] EVT 泵 停 最差盘压-75.4
[  272.852] TLM t= 175.8 L1·A@-76 L2·A@-76 L3·A@-76 R1Tr@-- R2·A@-76 R3·A@-76 罐=无罐 泵=0 阀=111011 速=+0,+0,+0.00 电=7.84V/2.36A/峰3.09 补余=0.0 IO错=0 倾+0.0 自动2/3
[  273.122] EVT 相位 R1 transfer→hover
[  273.372] TLM t= 175.8 L1·A@-76 L2·A@-76 L3·A@-76 R1Hr@-- R2·A@-75 R3·A@-75 罐=无罐 泵=0 阀=111011 速=+0,+0,+0.00 电=7.82V/2.28A/峰3.09 补余=0.0 IO错=0 倾+0.0 自动2/3
[  273.875] TLM t= 175.8 L1·A@-76 L2·A@-75 L3·A@-76 R1Hr@-- R2·A@-75 R3·A@-74 罐=无罐 泵=0 阀=111011 速=+0,+0,+0.00 电=7.82V/2.12A/峰3.09 补余=0.0 IO错=0 倾+0.0 自动2/3
[  274.145] EVT 落地：R1
[  274.168] EVT 相位 R1 hover→descend
[  274.395] TLM t= 175.8 L1·A@-76 L2·A@-75 L3·A@-76 R1Dr@-- R2·A@-74 R3·A@-74 罐=无罐 泵=0 阀=111011 速=+0,+0,+0.00 电=7.83V/2.28A/峰3.09 补余=0.0 IO错=0 倾+0.0 自动2/3
[  274.649] EVT 相位 R1 descend→press
[  274.898] TLM t= 175.8 L1·A@-76 L2·A@-74 L3·A@-76 R1Pr@-- R2·A@-74 R3·A@-73 罐=无罐 泵=0 阀=111011 速=+0,+0,+0.00 电=7.83V/2.20A/峰3.09 补余=0.0 IO错=0 倾+0.0 自动2/3
[  275.420] TLM t= 175.8 L1·A@-76 L2·A@-74 L3·A@-76 R1Pr@-- R2·A@-74 R3·A@-73 罐=无罐 泵=0 阀=111011 速=+0,+0,+0.00 电=7.81V/2.28A/峰3.09 补余=0.0 IO错=0 倾+0.0 自动2/3
[  275.853] EVT 吸附 R1 released→pressing 在态4.06s -0.1kPa
[  275.854] EVT 相位 R1 press→wait
[  275.923] TLM t= 175.8 L1·A@-76 L2·A@-73 L3·A@-76 R1Wp@-- R2·A@-73 R3·A@-72 罐=无罐 泵=0 阀=111011 速=+0,+0,+0.00 电=7.82V/2.12A/峰3.09 补余=0.0 IO错=0 倾+0.0 自动2/3
[  276.167] EVT 吸附 R1 pressing→sucking 在态0.32s -0.1kPa
[  276.167] EVT 阀 R1 →抽气位
[  276.195] EVT 泵 开 最差盘压-71.5
[  276.445] TLM t= 175.8 L1·A@-75 L2·A@-73 L3·A@-76 R1Ws@-62 R2·A@-73 R3·A@-71 罐=无罐 泵=1 阀=111111 速=+0,+0,+0.00 电=7.81V/2.20A/峰3.09 补余=0.0 IO错=0 倾+0.0 自动2/3
[  276.530] EVT 吸附 R1 sucking→attached 在态0.36s -65.5kPa
[  276.531] EVT 相位 R1 wait→stance
[  276.531] EVT 抬落完成，轮到 L2
[  276.948] TLM t= 176.2 L1·A@-75 L2·A@-76 L3·A@-75 R1·A@-75 R2·A@-76 R3·A@-76 罐=无罐 泵=1 阀=111111 速=+0,+0,+0.00 电=7.81V/2.36A/峰3.09 补余=0.0 IO错=0 倾+0.0 自动2/3
[  276.980] EVT 泵 停 最差盘压-75.3
[  277.470] TLM t= 176.7 L1·A@-76 L2·A@-76 L3·A@-76 R1·A@-76 R2·A@-76 R3·A@-76 罐=无罐 泵=0 阀=111111 速=+0,+0,+0.00 电=7.83V/2.20A/峰3.09 补余=0.0 IO错=0 倾+0.0 自动2/3
[  277.977] TLM t= 177.2 L1·A@-76 L2·A@-76 L3·A@-76 R1·A@-76 R2·A@-75 R3·A@-75 罐=无罐 泵=0 阀=111111 速=+0,+0,+0.00 电=7.81V/2.36A/峰3.09 补余=0.0 IO错=0 倾+0.0 自动2/3
[  278.496] TLM t= 177.7 L1·A@-76 L2·A@-75 L3·A@-76 R1·A@-75 R2·A@-75 R3·A@-74 罐=无罐 泵=0 阀=111111 速=+0,+0,+0.00 电=7.83V/2.12A/峰3.09 补余=0.0 IO错=0 倾+0.0 自动2/3
[  278.997] TLM t= 178.2 L1·A@-76 L2·A@-75 L3·A@-76 R1·A@-75 R2·A@-74 R3·A@-74 罐=无罐 泵=0 阀=111111 速=+0,+0,+0.00 电=7.83V/2.12A/峰3.09 补余=0.0 IO错=0 倾+0.0 自动2/3
[  279.520] TLM t= 178.8 L1·A@-76 L2·A@-74 L3·A@-76 R1·A@-75 R2·A@-74 R3·A@-73 罐=无罐 泵=0 阀=111111 速=+0,+0,+0.00 电=7.82V/2.28A/峰3.09 补余=0.0 IO错=0 倾+0.0 自动2/3
[  280.025] TLM t= 179.3 L1·A@-76 L2·A@-74 L3·A@-76 R1·A@-75 R2·A@-74 R3·A@-73 罐=无罐 泵=0 阀=111111 速=+0,+0,+0.00 电=7.83V/2.12A/峰3.09 补余=0.0 IO错=0 倾+0.0 自动2/3
[  280.544] TLM t= 179.8 L1·A@-76 L2·A@-73 L3·A@-76 R1·A@-75 R2·A@-73 R3·A@-72 罐=无罐 泵=0 阀=111111 速=+0,+0,+0.00 电=7.84V/2.28A/峰3.09 补余=0.0 IO错=0 倾+0.0 自动2/3
[  281.048] TLM t= 180.3 L1·A@-76 L2·A@-73 L3·A@-76 R1·A@-75 R2·A@-73 R3·A@-71 罐=无罐 泵=0 阀=111111 速=+0,+0,+0.00 电=7.83V/2.28A/峰3.09 补余=0.0 IO错=0 倾+0.0 自动2/3
[  281.570] TLM t= 180.8 L1·A@-76 L2·A@-72 L3·A@-76 R1·A@-75 R2·A@-73 R3·A@-71 罐=无罐 泵=0 阀=111111 速=+0,+0,+0.00 电=7.84V/2.20A/峰3.09 补余=0.0 IO错=0 倾+0.0 自动2/3
[  282.074] TLM t= 181.3 L1·A@-76 L2·A@-72 L3·A@-76 R1·A@-75 R2·A@-72 R3·A@-70 罐=无罐 泵=0 阀=111111 速=+0,+0,+0.00 电=7.83V/2.20A/峰3.09 补余=0.0 IO错=0 倾+0.0 自动2/3
[  282.596] TLM t= 181.8 L1·A@-75 L2·A@-72 L3·A@-76 R1·A@-75 R2·A@-72 R3·A@-69 罐=无罐 泵=0 阀=111111 速=+0,+0,+0.00 电=7.83V/2.28A/峰3.09 补余=0.0 IO错=0 倾+0.0 自动2/3
[  283.103] TLM t= 182.3 L1·A@-75 L2·A@-71 L3·A@-76 R1·A@-75 R2·A@-71 R3·A@-69 罐=无罐 泵=0 阀=111111 速=+0,+0,+0.00 电=7.83V/2.28A/峰3.09 补余=0.0 IO错=0 倾+0.0 自动2/3
[  283.623] TLM t= 182.8 L1·A@-75 L2·A@-71 L3·A@-76 R1·A@-75 R2·A@-71 R3·A@-68 罐=无罐 泵=0 阀=111111 速=+0,+0,+0.00 电=7.83V/2.12A/峰3.09 补余=0.0 IO错=0 倾+0.0 自动2/3
[  284.125] TLM t= 183.3 L1·A@-75 L2·A@-70 L3·A@-76 R1·A@-75 R2·A@-71 R3·A@-67 罐=无罐 泵=0 阀=111111 速=+0,+0,+0.00 电=7.83V/2.12A/峰3.09 补余=0.0 IO错=0 倾+0.0 自动2/3
[  284.645] TLM t= 183.9 L1·A@-75 L2·A@-70 L3·A@-75 R1·A@-74 R2·A@-70 R3·A@-67 罐=无罐 泵=0 阀=111111 速=+0,+0,+0.00 电=7.84V/2.12A/峰3.09 补余=0.0 IO错=0 倾+0.0 自动2/3
[  285.148] TLM t= 184.4 L1·A@-75 L2·A@-69 L3·A@-75 R1·A@-74 R2·A@-70 R3·A@-66 罐=无罐 泵=0 阀=111111 速=+0,+0,+0.00 电=7.83V/2.04A/峰3.09 补余=0.0 IO错=0 倾+0.0 自动2/3
[  285.670] TLM t= 184.9 L1·A@-75 L2·A@-69 L3·A@-75 R1·A@-74 R2·A@-70 R3·A@-66 罐=无罐 泵=0 阀=111111 速=+0,+0,+0.00 电=7.83V/2.28A/峰3.09 补余=0.0 IO错=0 倾+0.0 自动2/3
[  286.170] TLM t= 185.4 L1·A@-75 L2·A@-68 L3·A@-75 R1·A@-74 R2·A@-69 R3·A@-65 罐=无罐 泵=0 阀=111111 速=+0,+0,+0.00 电=7.84V/2.04A/峰3.09 补余=0.0 IO错=0 倾+0.0 自动2/3
[  286.565] EVT 原地抬起受理：L2
[  286.585] EVT 相位 L2 stance→handover
[  286.697] TLM t= 186.7 L1·A@-75 L2ZA@-68 L3·A@-75 R1·A@-74 R2·A@-69 R3·A@-64 罐=无罐 泵=0 阀=111111 速=+0,+0,+0.00 电=7.83V/2.20A/峰3.09 补余=0.0 IO错=0 倾+0.0 自动2/3
[  287.198] TLM t= 187.2 L1·A@-75 L2ZA@-68 L3·A@-75 R1·A@-74 R2·A@-68 R3·A@-64 罐=无罐 泵=0 阀=111111 速=+0,+0,+0.00 电=7.82V/2.12A/峰3.09 补余=0.0 IO错=0 倾+0.0 自动2/3
[  287.720] TLM t= 187.2 L1·A@-75 L2ZA@-67 L3·A@-75 R1·A@-74 R2·A@-68 R3·A@-63 罐=无罐 泵=0 阀=111111 速=+0,+0,+0.00 电=7.84V/2.12A/峰3.09 补余=0.0 IO错=0 倾+0.0 自动2/3
[  288.224] TLM t= 187.2 L1·A@-75 L2ZA@-67 L3·A@-75 R1·A@-74 R2·A@-68 R3·A@-62 罐=无罐 泵=0 阀=111111 速=+0,+0,+0.00 电=7.82V/2.28A/峰3.09 补余=0.0 IO错=0 倾+0.0 自动2/3
[  288.746] TLM t= 187.2 L1·A@-75 L2ZA@-66 L3·A@-75 R1·A@-74 R2·A@-67 R3·A@-62 罐=无罐 泵=0 阀=111111 速=+0,+0,+0.00 电=7.81V/2.44A/峰3.09 补余=0.0 IO错=0 倾+0.0 自动2/3
[  288.980] EVT 吸附 L2 attached→venting 在态106.46s -66.2kPa
[  288.980] EVT 相位 L2 handover→vent 落点Δ(+0.0,+0.0)
[  288.997] EVT 阀 L2 →排气位
[  289.246] TLM t= 187.2 L1·A@-74 L2Vv@-66 L3·A@-75 R1·A@-74 R2·A@-67 R3·A@-61 罐=无罐 泵=0 阀=101111 速=+0,+0,+0.00 电=7.80V/2.28A/峰3.09 补余=0.0 IO错=0 倾+0.0 自动2/3
[  289.281] EVT 相位 L2 vent→lift
[  289.421] EVT 吸附 L2 venting→released 在态0.44s 0.4kPa
[  289.774] TLM t= 187.2 L1·A@-74 L2Lr@-- L3·A@-75 R1·A@-74 R2·A@-67 R3·A@-61 罐=无罐 泵=0 阀=101111 速=+0,+0,+0.00 电=7.80V/2.44A/峰3.09 补余=0.0 IO错=0 倾+0.0 自动2/3
[  290.128] EVT 相位 L2 lift→transfer
[  290.275] TLM t= 187.2 L1·A@-74 L2Tr@-- L3·A@-75 R1·A@-74 R2·A@-66 R3·A@-60 罐=无罐 泵=0 阀=101111 速=+0,+0,+0.00 电=7.80V/2.60A/峰3.09 补余=0.0 IO错=0 倾+0.0 自动2/3
[  290.326] EVT 泵 开 最差盘压-59.9
[  290.747] EVT 相位 L2 transfer→hover
[  290.798] TLM t= 187.2 L1·A@-74 L2Hr@-- L3·A@-75 R1·A@-74 R2·A@-69 R3·A@-69 罐=无罐 泵=1 阀=101111 速=+0,+0,+0.00 电=7.75V/2.36A/峰3.09 补余=0.0 IO错=0 倾+0.0 自动2/3
[  291.152] EVT 泵 停 最差盘压-75.2
[  291.317] TLM t= 187.2 L1·A@-76 L2Hr@-- L3·A@-76 R1·A@-76 R2·A@-76 R3·A@-76 罐=无罐 泵=0 阀=101111 速=+0,+0,+0.00 电=7.81V/2.52A/峰3.09 补余=0.0 IO错=0 倾+0.0 自动2/3
[  291.754] EVT 落地：L2
[  291.771] EVT 相位 L2 hover→descend
[  291.821] TLM t= 187.2 L1·A@-76 L2Dr@-- L3·A@-76 R1·A@-76 R2·A@-76 R3·A@-76 罐=无罐 泵=0 阀=101111 速=+0,+0,+0.00 电=7.78V/2.36A/峰3.09 补余=0.0 IO错=0 倾+0.0 自动2/3
[  292.253] EVT 相位 L2 descend→press
[  292.336] TLM t= 187.2 L1·A@-76 L2Pr@-- L3·A@-76 R1·A@-76 R2·A@-75 R3·A@-75 罐=无罐 泵=0 阀=101111 速=+0,+0,+0.00 电=7.80V/2.36A/峰3.09 补余=0.0 IO错=0 倾+0.0 自动2/3
[  292.848] TLM t= 187.2 L1·A@-76 L2Pr@-- L3·A@-76 R1·A@-76 R2·A@-75 R3·A@-74 罐=无罐 泵=0 阀=101111 速=+0,+0,+0.00 电=7.78V/2.52A/峰3.09 补余=0.0 IO错=0 倾+0.0 自动2/3
[  293.347] TLM t= 187.2 L1·A@-76 L2Pr@-- L3·A@-76 R1·A@-76 R2·A@-74 R3·A@-73 罐=无罐 泵=0 阀=101111 速=+0,+0,+0.00 电=7.78V/2.60A/峰3.09 补余=0.0 IO错=0 倾+0.0 自动2/3
[  293.459] EVT 吸附 L2 released→pressing 在态4.02s 0.4kPa
[  293.460] EVT 相位 L2 press→wait
[  293.775] EVT 吸附 L2 pressing→sucking 在态0.32s 0.4kPa
[  293.776] EVT 阀 L2 →抽气位
[  293.803] EVT 泵 开 最差盘压-72.9
[  293.871] TLM t= 187.2 L1·A@-76 L2Ws@-43 L3·A@-76 R1·A@-75 R2·A@-74 R3·A@-73 罐=无罐 泵=1 阀=111111 速=+0,+0,+0.00 电=7.75V/2.44A/峰3.09 补余=0.0 IO错=0 倾+0.0 自动2/3
[  294.079] EVT 吸附 L2 sucking→attached 在态0.30s -64.9kPa
[  294.079] EVT 相位 L2 wait→stance
[  294.079] EVT 抬落完成，轮到 R3
[  294.079] EVT 自动轮换：第 2 轮完成
[  294.379] TLM t= 187.5 L1·A@-76 L2·A@-74 L3·A@-76 R1·A@-75 R2·A@-74 R3·A@-74 罐=无罐 泵=1 阀=111111 速=+0,+0,+0.00 电=7.75V/2.52A/峰3.09 补余=0.0 IO错=0 倾+0.0 自动3/3
[  294.488] EVT 泵 停 最差盘压-75.4
[  294.895] TLM t= 188.0 L1·A@-76 L2·A@-76 L3·A@-76 R1·A@-75 R2·A@-76 R3·A@-76 罐=无罐 泵=0 阀=111111 速=+0,+0,+0.00 电=7.81V/2.44A/峰3.09 补余=0.0 IO错=0 倾+0.0 自动3/3
[  295.399] TLM t= 188.5 L1·A@-76 L2·A@-75 L3·A@-76 R1·A@-75 R2·A@-75 R3·A@-75 罐=无罐 泵=0 阀=111111 速=+0,+0,+0.00 电=7.80V/2.52A/峰3.09 补余=0.0 IO错=0 倾+0.0 自动3/3
[  295.921] TLM t= 189.0 L1·A@-76 L2·A@-75 L3·A@-76 R1·A@-75 R2·A@-75 R3·A@-74 罐=无罐 泵=0 阀=111111 速=+0,+0,+0.00 电=7.81V/2.36A/峰3.09 补余=0.0 IO错=0 倾+0.0 自动3/3
[  296.423] TLM t= 189.5 L1·A@-76 L2·A@-74 L3·A@-76 R1·A@-75 R2·A@-74 R3·A@-74 罐=无罐 泵=0 阀=111111 速=+0,+0,+0.00 电=7.79V/2.52A/峰3.09 补余=0.0 IO错=0 倾+0.0 自动3/3
[  296.945] TLM t= 190.0 L1·A@-76 L2·A@-73 L3·A@-76 R1·A@-75 R2·A@-74 R3·A@-73 罐=无罐 泵=0 阀=111111 速=+0,+0,+0.00 电=7.79V/2.44A/峰3.09 补余=0.0 IO错=0 倾+0.0 自动3/3
[  297.451] TLM t= 190.5 L1·A@-76 L2·A@-73 L3·A@-76 R1·A@-75 R2·A@-73 R3·A@-72 罐=无罐 泵=0 阀=111111 速=+0,+0,+0.00 电=7.80V/2.60A/峰3.09 补余=0.0 IO错=0 倾+0.0 自动3/3
[  297.972] TLM t= 191.1 L1·A@-76 L2·A@-72 L3·A@-76 R1·A@-75 R2·A@-73 R3·A@-72 罐=无罐 泵=0 阀=111111 速=+0,+0,+0.00 电=7.79V/2.60A/峰3.09 补余=0.0 IO错=0 倾+0.0 自动3/3
[  298.475] TLM t= 191.6 L1·A@-75 L2·A@-72 L3·A@-76 R1·A@-75 R2·A@-73 R3·A@-71 罐=无罐 泵=0 阀=111111 速=+0,+0,+0.00 电=7.80V/2.44A/峰3.09 补余=0.0 IO错=0 倾+0.0 自动3/3
[  298.997] TLM t= 192.1 L1·A@-75 L2·A@-72 L3·A@-76 R1·A@-75 R2·A@-72 R3·A@-71 罐=无罐 泵=0 阀=111111 速=+0,+0,+0.00 电=7.81V/2.36A/峰3.09 补余=0.0 IO错=0 倾+0.0 自动3/3
[  299.505] TLM t= 192.6 L1·A@-75 L2·A@-71 L3·A@-76 R1·A@-75 R2·A@-72 R3·A@-70 罐=无罐 泵=0 阀=111111 速=+0,+0,+0.00 电=7.80V/2.52A/峰3.09 补余=0.0 IO错=0 倾+0.0 自动3/3
[  300.023] TLM t= 193.1 L1·A@-75 L2·A@-70 L3·A@-75 R1·A@-75 R2·A@-72 R3·A@-69 罐=无罐 泵=0 阀=111111 速=+0,+0,+0.00 电=7.81V/2.52A/峰3.09 补余=0.0 IO错=0 倾+0.0 自动3/3
[  300.525] TLM t= 193.6 L1·A@-75 L2·A@-70 L3·A@-75 R1·A@-75 R2·A@-71 R3·A@-69 罐=无罐 泵=0 阀=111111 速=+0,+0,+0.00 电=7.80V/2.52A/峰3.09 补余=0.0 IO错=0 倾+0.0 自动3/3
[  301.048] TLM t= 194.1 L1·A@-75 L2·A@-70 L3·A@-75 R1·A@-75 R2·A@-71 R3·A@-68 罐=无罐 泵=0 阀=111111 速=+0,+0,+0.00 电=7.78V/2.69A/峰3.09 补余=0.0 IO错=0 倾+0.0 自动3/3
[  301.553] TLM t= 194.6 L1·A@-75 L2·A@-69 L3·A@-75 R1·A@-75 R2·A@-70 R3·A@-67 罐=无罐 泵=0 阀=111111 速=+0,+0,+0.00 电=7.80V/2.44A/峰3.09 补余=0.0 IO错=0 倾+0.0 自动3/3
[  302.074] TLM t= 195.1 L1·A@-75 L2·A@-69 L3·A@-75 R1·A@-75 R2·A@-70 R3·A@-67 罐=无罐 泵=0 阀=111111 速=+0,+0,+0.00 电=7.80V/2.44A/峰3.09 补余=0.0 IO错=0 倾+0.0 自动3/3
[  302.579] TLM t= 195.6 L1·A@-75 L2·A@-68 L3·A@-75 R1·A@-75 R2·A@-70 R3·A@-66 罐=无罐 泵=0 阀=111111 速=+0,+0,+0.00 电=7.78V/2.69A/峰3.09 补余=0.0 IO错=0 倾+0.0 自动3/3
[  303.100] TLM t= 196.2 L1·A@-75 L2·A@-68 L3·A@-75 R1·A@-75 R2·A@-69 R3·A@-65 罐=无罐 泵=0 阀=111111 速=+0,+0,+0.00 电=7.80V/2.60A/峰3.09 补余=0.0 IO错=0 倾+0.0 自动3/3
[  303.606] TLM t= 196.7 L1·A@-75 L2·A@-67 L3·A@-75 R1·A@-75 R2·A@-69 R3·A@-65 罐=无罐 泵=0 阀=111111 速=+0,+0,+0.00 电=7.80V/2.52A/峰3.09 补余=0.0 IO错=0 倾+0.0 自动3/3
[  304.122] TLM t= 197.2 L1·A@-75 L2·A@-67 L3·A@-75 R1·A@-75 R2·A@-69 R3·A@-64 罐=无罐 泵=0 阀=111111 速=+0,+0,+0.00 电=7.79V/2.36A/峰3.09 补余=0.0 IO错=0 倾+0.0 自动3/3
[  304.629] TLM t= 197.7 L1·A@-75 L2·A@-66 L3·A@-75 R1·A@-75 R2·A@-68 R3·A@-64 罐=无罐 泵=0 阀=111111 速=+0,+0,+0.00 电=7.80V/2.52A/峰3.09 补余=0.0 IO错=0 倾+0.0 自动3/3
[  305.149] TLM t= 198.2 L1·A@-74 L2·A@-66 L3·A@-75 R1·A@-75 R2·A@-68 R3·A@-63 罐=无罐 泵=0 阀=111111 速=+0,+0,+0.00 电=7.81V/2.44A/峰3.09 补余=0.0 IO错=0 倾+0.0 自动3/3
[  305.653] TLM t= 198.7 L1·A@-74 L2·A@-66 L3·A@-75 R1·A@-75 R2·A@-67 R3·A@-62 罐=无罐 泵=0 阀=111111 速=+0,+0,+0.00 电=7.79V/2.44A/峰3.09 补余=0.0 IO错=0 倾+0.0 自动3/3
[  306.175] TLM t= 199.2 L1·A@-74 L2·A@-65 L3·A@-75 R1·A@-75 R2·A@-67 R3·A@-62 罐=无罐 泵=0 阀=111111 速=+0,+0,+0.00 电=7.81V/2.44A/峰3.09 补余=0.0 IO错=0 倾+0.0 自动3/3
[  306.678] TLM t= 199.7 L1·A@-74 L2·A@-65 L3·A@-75 R1·A@-74 R2·A@-67 R3·A@-61 罐=无罐 泵=0 阀=111111 速=+0,+0,+0.00 电=7.80V/2.60A/峰3.09 补余=0.0 IO错=0 倾+0.0 自动3/3
[  307.199] TLM t= 200.2 L1·A@-74 L2·A@-64 L3·A@-75 R1·A@-74 R2·A@-66 R3·A@-61 罐=无罐 泵=0 阀=111111 速=+0,+0,+0.00 电=7.81V/2.60A/峰3.09 补余=0.0 IO错=0 倾+0.0 自动3/3
[  307.693] EVT 泵 开 最差盘压-59.9
[  307.702] TLM t= 200.7 L1·A@-74 L2·A@-64 L3·A@-75 R1·A@-74 R2·A@-66 R3·A@-60 罐=无罐 泵=1 阀=111111 速=+0,+0,+0.00 电=7.63V/2.44A/峰3.09 补余=0.0 IO错=0 倾+0.0 自动3/3
[  308.222] TLM t= 201.3 L1·A@-74 L2·A@-71 L3·A@-75 R1·A@-74 R2·A@-70 R3·A@-70 罐=无罐 泵=1 阀=111111 速=+0,+0,+0.00 电=7.72V/2.52A/峰3.09 补余=0.0 IO错=0 倾+0.0 自动3/3
[  308.596] EVT 泵 停 最差盘压-75.3
[  308.723] TLM t= 201.8 L1·A@-76 L2·A@-77 L3·A@-76 R1·A@-76 R2·A@-76 R3·A@-76 罐=无罐 泵=0 阀=111111 速=+0,+0,+0.00 电=7.79V/2.52A/峰3.09 补余=0.0 IO错=0 倾+0.0 自动3/3
[  309.090] EVT 自动轮换：第 3 轮开始
[  309.118] EVT 原地抬起受理：R3
[  309.138] EVT 相位 R3 stance→handover
[  309.247] TLM t= 205.3 L1·A@-76 L2·A@-76 L3·A@-76 R1·A@-76 R2·A@-76 R3ZA@-76 罐=无罐 泵=0 阀=111111 速=+0,+0,+0.00 电=7.81V/2.52A/峰3.09 补余=0.0 IO错=0 倾+0.0 自动3/3
[  309.752] TLM t= 205.8 L1·A@-76 L2·A@-75 L3·A@-76 R1·A@-76 R2·A@-75 R3ZA@-75 罐=无罐 泵=0 阀=111111 速=+0,+0,+0.00 电=7.82V/1.95A/峰3.09 补余=0.0 IO错=0 倾+0.0 自动3/3
[  310.274] TLM t= 205.8 L1·A@-76 L2·A@-75 L3·A@-76 R1·A@-76 R2·A@-75 R3ZA@-74 罐=无罐 泵=0 阀=111111 速=+0,+0,+0.00 电=7.82V/2.20A/峰3.09 补余=0.0 IO错=0 倾+0.0 自动3/3
[  310.776] TLM t= 205.8 L1·A@-76 L2·A@-74 L3·A@-76 R1·A@-76 R2·A@-74 R3ZA@-74 罐=无罐 泵=0 阀=111111 速=+0,+0,+0.00 电=7.81V/2.12A/峰3.09 补余=0.0 IO错=0 倾+0.0 自动3/3
[  311.295] TLM t= 205.8 L1·A@-76 L2·A@-74 L3·A@-76 R1·A@-76 R2·A@-74 R3ZA@-73 罐=无罐 泵=0 阀=111111 速=+0,+0,+0.00 电=7.82V/1.95A/峰3.09 补余=0.0 IO错=0 倾+0.0 自动3/3
[  311.321] EVT 吸附 R3 attached→venting 在态106.44s -72.9kPa
[  311.322] EVT 相位 R3 handover→vent 落点Δ(+0.0,+0.0)
[  311.349] EVT 阀 R3 →排气位
[  311.622] EVT 相位 R3 vent→lift
[  311.745] EVT 吸附 R3 venting→released 在态0.42s 0.3kPa
[  311.813] TLM t= 205.8 L1·A@-76 L2·A@-73 L3·A@-76 R1·A@-76 R2·A@-74 R3Lr@-- 罐=无罐 泵=0 阀=111110 速=+0,+0,+0.00 电=7.81V/2.12A/峰3.09 补余=0.0 IO错=0 倾+0.0 自动3/3
[  312.325] TLM t= 205.8 L1·A@-76 L2·A@-73 L3·A@-76 R1·A@-76 R2·A@-73 R3Lr@-- 罐=无罐 泵=0 阀=111110 速=+0,+0,+0.00 电=7.81V/2.04A/峰3.09 补余=0.0 IO错=0 倾+0.0 自动3/3
[  312.470] EVT 相位 R3 lift→transfer
[  312.826] TLM t= 205.8 L1·A@-76 L2·A@-73 L3·A@-76 R1·A@-76 R2·A@-73 R3Tr@-- 罐=无罐 泵=0 阀=111110 速=+0,+0,+0.00 电=7.80V/2.12A/峰3.09 补余=0.0 IO错=0 倾+0.0 自动3/3
[  313.100] EVT 相位 R3 transfer→hover
[  313.349] TLM t= 205.8 L1·A@-76 L2·A@-72 L3·A@-76 R1·A@-75 R2·A@-72 R3Hr@-- 罐=无罐 泵=0 阀=111110 速=+0,+0,+0.00 电=7.81V/2.12A/峰3.09 补余=0.0 IO错=0 倾+0.0 自动3/3
[  313.850] TLM t= 205.8 L1·A@-75 L2·A@-72 L3·A@-76 R1·A@-75 R2·A@-72 R3Hr@-- 罐=无罐 泵=0 阀=111110 速=+0,+0,+0.00 电=7.79V/2.04A/峰3.09 补余=0.0 IO错=0 倾+0.0 自动3/3
[  314.124] EVT 落地：R3
[  314.142] EVT 相位 R3 hover→descend
[  314.372] TLM t= 205.8 L1·A@-75 L2·A@-71 L3·A@-76 R1·A@-75 R2·A@-72 R3Dr@-- 罐=无罐 泵=0 阀=111110 速=+0,+0,+0.00 电=7.81V/2.20A/峰3.09 补余=0.0 IO错=0 倾+0.0 自动3/3
[  314.623] EVT 相位 R3 descend→press
[  314.886] TLM t= 205.8 L1·A@-75 L2·A@-71 L3·A@-76 R1·A@-75 R2·A@-71 R3Pr@-- 罐=无罐 泵=0 阀=111110 速=+0,+0,+0.00 电=7.80V/2.28A/峰3.09 补余=0.0 IO错=0 倾+0.0 自动3/3
[  315.396] TLM t= 205.8 L1·A@-75 L2·A@-70 L3·A@-76 R1·A@-75 R2·A@-71 R3Pr@-- 罐=无罐 泵=0 阀=111110 速=+0,+0,+0.00 电=7.80V/2.12A/峰3.09 补余=0.0 IO错=0 倾+0.0 自动3/3
[  315.829] EVT 吸附 R3 released→pressing 在态4.06s 0.3kPa
[  315.830] EVT 相位 R3 press→wait
[  315.898] TLM t= 205.8 L1·A@-75 L2·A@-70 L3·A@-76 R1·A@-75 R2·A@-70 R3Wp@-- 罐=无罐 泵=0 阀=111110 速=+0,+0,+0.00 电=7.79V/2.20A/峰3.09 补余=0.0 IO错=0 倾+0.0 自动3/3
[  316.145] EVT 吸附 R3 pressing→sucking 在态0.32s 0.3kPa
[  316.146] EVT 阀 R3 →抽气位
[  316.173] EVT 泵 开 最差盘压-69.5
[  316.423] TLM t= 205.8 L1·A@-75 L2·A@-69 L3·A@-75 R1·A@-75 R2·A@-70 R3Ws@-57 罐=无罐 泵=1 阀=111111 速=+0,+0,+0.00 电=7.79V/2.04A/峰3.09 补余=0.0 IO错=0 倾+0.0 自动3/3
[  316.476] EVT 吸附 R3 sucking→attached 在态0.32s -60.8kPa
[  316.477] EVT 相位 R3 wait→stance
[  316.477] EVT 抬落完成，轮到 L1
[  316.931] TLM t= 206.2 L1·A@-75 L2·A@-75 L3·A@-75 R1·A@-75 R2·A@-75 R3·A@-75 罐=无罐 泵=1 阀=111111 速=+0,+0,+0.00 电=7.80V/2.12A/峰3.09 补余=0.0 IO错=0 倾+0.0 自动3/3
[  316.979] EVT 泵 停 最差盘压-75.0
[  317.451] TLM t= 206.8 L1·A@-76 L2·A@-76 L3·A@-76 R1·A@-75 R2·A@-75 R3·A@-75 罐=无罐 泵=0 阀=111111 速=+0,+0,+0.00 电=7.81V/2.28A/峰3.09 补余=0.0 IO错=0 倾+0.0 自动3/3
[  317.954] TLM t= 207.3 L1·A@-76 L2·A@-75 L3·A@-76 R1·A@-75 R2·A@-75 R3·A@-74 罐=无罐 泵=0 阀=111111 速=+0,+0,+0.00 电=7.80V/2.28A/峰3.09 补余=0.0 IO错=0 倾+0.0 自动3/3
[  318.479] TLM t= 207.8 L1·A@-76 L2·A@-75 L3·A@-76 R1·A@-75 R2·A@-74 R3·A@-74 罐=无罐 泵=0 阀=111111 速=+0,+0,+0.00 电=7.80V/2.12A/峰3.09 补余=0.0 IO错=0 倾+0.0 自动3/3
[  318.981] TLM t= 208.3 L1·A@-75 L2·A@-74 L3·A@-76 R1·A@-75 R2·A@-74 R3·A@-73 罐=无罐 泵=0 阀=111111 速=+0,+0,+0.00 电=7.81V/2.20A/峰3.09 补余=0.0 IO错=0 倾+0.0 自动3/3
[  319.503] TLM t= 208.8 L1·A@-75 L2·A@-74 L3·A@-76 R1·A@-75 R2·A@-74 R3·A@-72 罐=无罐 泵=0 阀=111111 速=+0,+0,+0.00 电=7.81V/2.20A/峰3.09 补余=0.0 IO错=0 倾+0.0 自动3/3
[  320.008] TLM t= 209.3 L1·A@-75 L2·A@-73 L3·A@-75 R1·A@-75 R2·A@-73 R3·A@-72 罐=无罐 泵=0 阀=111111 速=+0,+0,+0.00 电=7.82V/2.20A/峰3.09 补余=0.0 IO错=0 倾+0.0 自动3/3
[  320.529] TLM t= 209.8 L1·A@-75 L2·A@-73 L3·A@-75 R1·A@-75 R2·A@-73 R3·A@-71 罐=无罐 泵=0 阀=111111 速=+0,+0,+0.00 电=7.81V/2.12A/峰3.09 补余=0.0 IO错=0 倾+0.0 自动3/3
[  321.036] TLM t= 210.3 L1·A@-75 L2·A@-72 L3·A@-75 R1·A@-75 R2·A@-72 R3·A@-70 罐=无罐 泵=0 阀=111111 速=+0,+0,+0.00 电=7.80V/2.20A/峰3.09 补余=0.0 IO错=0 倾+0.0 自动3/3
[  321.557] TLM t= 210.8 L1·A@-75 L2·A@-72 L3·A@-75 R1·A@-75 R2·A@-72 R3·A@-70 罐=无罐 泵=0 阀=111111 速=+0,+0,+0.00 电=7.79V/2.20A/峰3.09 补余=0.0 IO错=0 倾+0.0 自动3/3
[  322.066] TLM t= 211.3 L1·A@-75 L2·A@-71 L3·A@-75 R1·A@-75 R2·A@-72 R3·A@-69 罐=无罐 泵=0 阀=111111 速=+0,+0,+0.00 电=7.81V/2.12A/峰3.09 补余=0.0 IO错=0 倾+0.0 自动3/3
[  322.572] TLM t= 211.8 L1·A@-75 L2·A@-71 L3·A@-75 R1·A@-75 R2·A@-71 R3·A@-68 罐=无罐 泵=0 阀=111111 速=+0,+0,+0.00 电=7.79V/2.04A/峰3.09 补余=0.0 IO错=0 倾+0.0 自动3/3
[  323.096] TLM t= 212.4 L1·A@-75 L2·A@-70 L3·A@-75 R1·A@-75 R2·A@-71 R3·A@-68 罐=无罐 泵=0 阀=111111 速=+0,+0,+0.00 电=7.81V/2.36A/峰3.09 补余=0.0 IO错=0 倾+0.0 自动3/3
[  323.594] TLM t= 212.9 L1·A@-75 L2·A@-70 L3·A@-75 R1·A@-75 R2·A@-70 R3·A@-67 罐=无罐 泵=0 阀=111111 速=+0,+0,+0.00 电=7.81V/2.28A/峰3.09 补余=0.0 IO错=0 倾+0.0 自动3/3
[  324.118] TLM t= 213.4 L1·A@-75 L2·A@-69 L3·A@-75 R1·A@-75 R2·A@-70 R3·A@-66 罐=无罐 泵=0 阀=111111 速=+0,+0,+0.00 电=7.80V/2.20A/峰3.09 补余=0.0 IO错=0 倾+0.0 自动3/3
[  324.619] TLM t= 213.9 L1·A@-75 L2·A@-69 L3·A@-75 R1·A@-75 R2·A@-70 R3·A@-66 罐=无罐 泵=0 阀=111111 速=+0,+0,+0.00 电=7.80V/2.20A/峰3.09 补余=0.0 IO错=0 倾+0.0 自动3/3
[  325.141] TLM t= 214.4 L1·A@-75 L2·A@-69 L3·A@-75 R1·A@-75 R2·A@-69 R3·A@-65 罐=无罐 泵=0 阀=111111 速=+0,+0,+0.00 电=7.81V/2.28A/峰3.09 补余=0.0 IO错=0 倾+0.0 自动3/3
[  325.647] TLM t= 214.9 L1·A@-74 L2·A@-68 L3·A@-75 R1·A@-75 R2·A@-69 R3·A@-65 罐=无罐 泵=0 阀=111111 速=+0,+0,+0.00 电=7.79V/2.28A/峰3.09 补余=0.0 IO错=0 倾+0.0 自动3/3
[  326.147] TLM t= 215.4 L1·A@-74 L2·A@-68 L3·A@-75 R1·A@-75 R2·A@-69 R3·A@-64 罐=无罐 泵=0 阀=111111 速=+0,+0,+0.00 电=7.80V/2.20A/峰3.09 补余=0.0 IO错=0 倾+0.0 自动3/3
[  326.498] EVT 原地抬起受理：L1
[  326.525] EVT 相位 L1 stance→handover
[  326.654] TLM t= 216.7 L1ZA@-74 L2·A@-67 L3·A@-75 R1·A@-74 R2·A@-68 R3·A@-63 罐=无罐 泵=0 阀=111111 速=+0,+0,+0.00 电=7.81V/2.04A/峰3.09 补余=0.0 IO错=0 倾+0.0 自动3/3
[  327.157] TLM t= 217.2 L1ZA@-74 L2·A@-67 L3·A@-75 R1·A@-74 R2·A@-68 R3·A@-63 罐=无罐 泵=0 阀=111111 速=+0,+0,+0.00 电=7.83V/1.63A/峰3.09 补余=0.0 IO错=0 倾+0.0 自动3/3
[  327.679] TLM t= 217.2 L1ZA@-74 L2·A@-66 L3·A@-75 R1·A@-74 R2·A@-67 R3·A@-62 罐=无罐 泵=0 阀=111111 速=+0,+0,+0.00 电=7.82V/1.63A/峰3.09 补余=0.0 IO错=0 倾+0.0 自动3/3
[  328.183] TLM t= 217.2 L1ZA@-74 L2·A@-66 L3·A@-75 R1·A@-74 R2·A@-67 R3·A@-61 罐=无罐 泵=0 阀=111111 速=+0,+0,+0.00 电=7.83V/1.63A/峰3.09 补余=0.0 IO错=0 倾+0.0 自动3/3
[  328.706] TLM t= 217.2 L1ZA@-74 L2·A@-66 L3·A@-75 R1·A@-74 R2·A@-67 R3·A@-61 罐=无罐 泵=0 阀=111111 速=+0,+0,+0.00 电=7.82V/1.95A/峰3.09 补余=0.0 IO错=0 倾+0.0 自动3/3
[  329.213] TLM t= 217.2 L1ZA@-74 L2·A@-65 L3·A@-75 R1·A@-74 R2·A@-66 R3·A@-60 罐=无罐 泵=0 阀=111111 速=+0,+0,+0.00 电=7.82V/2.12A/峰3.09 补余=0.0 IO错=0 倾+0.0 自动3/3
[  329.422] EVT 泵 开 最差盘压-60.0
[  329.622] EVT 吸附 L1 attached→venting 在态106.36s -73.8kPa
[  329.622] EVT 相位 L1 handover→vent 落点Δ(+0.0,+0.0)
[  329.635] EVT 阀 L1 →排气位
[  329.733] TLM t= 217.2 L1Vv@-74 L2·A@-65 L3·A@-75 R1·A@-74 R2·A@-66 R3·A@-66 罐=无罐 泵=1 阀=011111 速=+0,+0,+0.00 电=7.74V/2.28A/峰3.09 补余=0.0 IO错=0 倾+0.0 自动3/3
[  329.923] EVT 相位 L1 vent→lift
[  330.046] EVT 吸附 L1 venting→released 在态0.42s 0.1kPa
[  330.236] TLM t= 217.2 L1Lr@-- L2·A@-76 L3·A@-75 R1·A@-74 R2·A@-75 R3·A@-75 罐=无罐 泵=1 阀=011111 速=+0,+0,+0.00 电=7.75V/2.60A/峰3.09 补余=0.0 IO错=0 倾+0.0 自动3/3
[  330.327] EVT 泵 停 最差盘压-75.5
[  330.758] TLM t= 217.2 L1Lr@-- L2·A@-76 L3·A@-77 R1·A@-76 R2·A@-76 R3·A@-76 罐=无罐 泵=0 阀=011111 速=+0,+0,+0.00 电=7.77V/2.60A/峰3.09 补余=0.0 IO错=0 倾+0.0 自动3/3
[  330.768] EVT 相位 L1 lift→transfer
[  331.259] TLM t= 217.2 L1Tr@-- L2·A@-76 L3·A@-76 R1·A@-76 R2·A@-76 R3·A@-75 罐=无罐 泵=0 阀=011111 速=+0,+0,+0.00 电=7.78V/2.60A/峰3.09 补余=0.0 IO错=0 倾+0.0 自动3/3
[  331.385] EVT 相位 L1 transfer→hover
[  331.786] TLM t= 217.2 L1Hr@-- L2·A@-75 L3·A@-76 R1·A@-76 R2·A@-75 R3·A@-75 罐=无罐 泵=0 阀=011111 速=+0,+0,+0.00 电=7.78V/2.44A/峰3.09 补余=0.0 IO错=0 倾+0.0 自动3/3
[  332.288] TLM t= 217.2 L1Hr@-- L2·A@-75 L3·A@-76 R1·A@-76 R2·A@-75 R3·A@-74 罐=无罐 泵=0 阀=011111 速=+0,+0,+0.00 电=7.76V/2.44A/峰3.09 补余=0.0 IO错=0 倾+0.0 自动3/3
[  332.401] EVT 落地：L1
[  332.416] EVT 相位 L1 hover→descend
[  332.813] TLM t= 217.2 L1Dr@-- L2·A@-74 L3·A@-76 R1·A@-76 R2·A@-74 R3·A@-73 罐=无罐 泵=0 阀=011111 速=+0,+0,+0.00 电=7.76V/2.69A/峰3.09 补余=0.0 IO错=0 倾+0.0 自动3/3
[  332.898] EVT 相位 L1 descend→press
[  333.328] TLM t= 217.2 L1Pr@-- L2·A@-74 L3·A@-76 R1·A@-76 R2·A@-74 R3·A@-73 罐=无罐 泵=0 阀=011111 速=+0,+0,+0.00 电=7.76V/2.36A/峰3.09 补余=0.0 IO错=0 倾+0.0 自动3/3
[  333.837] TLM t= 217.2 L1Pr@-- L2·A@-73 L3·A@-76 R1·A@-76 R2·A@-73 R3·A@-72 罐=无罐 泵=0 阀=011111 速=+0,+0,+0.00 电=7.76V/2.69A/峰3.09 补余=0.0 IO错=0 倾+0.0 自动3/3
[  334.102] EVT 吸附 L1 released→pressing 在态4.04s 0.1kPa
[  334.102] EVT 相位 L1 press→wait
[  334.338] TLM t= 217.2 L1Wp@-- L2·A@-73 L3·A@-76 R1·A@-76 R2·A@-73 R3·A@-71 罐=无罐 泵=0 阀=011111 速=+0,+0,+0.00 电=7.77V/2.60A/峰3.09 补余=0.0 IO错=0 倾+0.0 自动3/3
[  334.430] EVT 吸附 L1 pressing→sucking 在态0.32s 0.1kPa
[  334.431] EVT 阀 L1 →抽气位
[  334.451] EVT 泵 开 最差盘压-71.3
[  334.844] EVT 吸附 L1 sucking→attached 在态0.42s -65.5kPa
[  334.858] EVT 相位 L1 wait→stance
[  334.858] EVT 抬落完成，轮到 R2
[  334.867] TLM t= 217.2 L1·A@-66 L2·A@-72 L3·A@-76 R1·A@-76 R2·A@-73 R3·A@-71 罐=无罐 泵=1 阀=111111 速=+0,+0,+0.00 电=7.76V/2.60A/峰3.09 补余=0.0 IO错=0 倾+0.0 自动3/3
[  335.236] EVT 泵 停 最差盘压-75.1
[  335.378] TLM t= 217.7 L1·A@-76 L2·A@-76 L3·A@-76 R1·A@-76 R2·A@-76 R3·A@-76 罐=无罐 泵=0 阀=111111 速=+0,+0,+0.00 电=7.79V/2.44A/峰3.09 补余=0.0 IO错=0 倾+0.0 自动3/3
[  335.887] TLM t= 218.2 L1·A@-76 L2·A@-76 L3·A@-76 R1·A@-76 R2·A@-75 R3·A@-75 罐=无罐 泵=0 阀=111111 速=+0,+0,+0.00 电=7.79V/2.52A/峰3.09 补余=0.0 IO错=0 倾+0.0 自动3/3
[  336.389] TLM t= 218.7 L1·A@-75 L2·A@-75 L3·A@-76 R1·A@-75 R2·A@-75 R3·A@-75 罐=无罐 泵=0 阀=111111 速=+0,+0,+0.00 电=7.78V/2.52A/峰3.09 补余=0.0 IO错=0 倾+0.0 自动3/3
[  336.911] TLM t= 219.2 L1·A@-75 L2·A@-75 L3·A@-76 R1·A@-75 R2·A@-74 R3·A@-74 罐=无罐 泵=0 阀=111111 速=+0,+0,+0.00 电=7.79V/2.44A/峰3.09 补余=0.0 IO错=0 倾+0.0 自动3/3
[  337.414] TLM t= 219.7 L1·A@-75 L2·A@-74 L3·A@-76 R1·A@-75 R2·A@-74 R3·A@-73 罐=无罐 泵=0 阀=111111 速=+0,+0,+0.00 电=7.79V/2.52A/峰3.09 补余=0.0 IO错=0 倾+0.0 自动3/3
[  337.937] TLM t= 220.3 L1·A@-75 L2·A@-74 L3·A@-76 R1·A@-75 R2·A@-74 R3·A@-73 罐=无罐 泵=0 阀=111111 速=+0,+0,+0.00 电=7.79V/2.28A/峰3.09 补余=0.0 IO错=0 倾+0.0 自动3/3
[  338.442] TLM t= 220.8 L1·A@-75 L2·A@-73 L3·A@-76 R1·A@-75 R2·A@-73 R3·A@-72 罐=无罐 泵=0 阀=111111 速=+0,+0,+0.00 电=7.77V/2.36A/峰3.09 补余=0.0 IO错=0 倾+0.0 自动3/3
[  338.960] TLM t= 221.3 L1·A@-75 L2·A@-73 L3·A@-75 R1·A@-75 R2·A@-73 R3·A@-71 罐=无罐 泵=0 阀=111111 速=+0,+0,+0.00 电=7.78V/2.52A/峰3.09 补余=0.0 IO错=0 倾+0.0 自动3/3
[  339.463] TLM t= 221.8 L1·A@-74 L2·A@-72 L3·A@-75 R1·A@-75 R2·A@-72 R3·A@-71 罐=无罐 泵=0 阀=111111 速=+0,+0,+0.00 电=7.78V/2.36A/峰3.09 补余=0.0 IO错=0 倾+0.0 自动3/3
[  339.984] TLM t= 222.3 L1·A@-74 L2·A@-72 L3·A@-75 R1·A@-75 R2·A@-72 R3·A@-70 罐=无罐 泵=0 阀=111111 速=+0,+0,+0.00 电=7.80V/2.28A/峰3.09 补余=0.0 IO错=0 倾+0.0 自动3/3
[  340.488] TLM t= 222.8 L1·A@-74 L2·A@-71 L3·A@-75 R1·A@-75 R2·A@-72 R3·A@-69 罐=无罐 泵=0 阀=111111 速=+0,+0,+0.00 电=7.78V/2.60A/峰3.09 补余=0.0 IO错=0 倾+0.0 自动3/3
[  341.010] TLM t= 223.3 L1·A@-74 L2·A@-71 L3·A@-75 R1·A@-75 R2·A@-71 R3·A@-69 罐=无罐 泵=0 阀=111111 速=+0,+0,+0.00 电=7.78V/2.44A/峰3.09 补余=0.0 IO错=0 倾+0.0 自动3/3
[  341.511] TLM t= 223.8 L1·A@-74 L2·A@-70 L3·A@-75 R1·A@-75 R2·A@-71 R3·A@-68 罐=无罐 泵=0 阀=111111 速=+0,+0,+0.00 电=7.79V/2.52A/峰3.09 补余=0.0 IO错=0 倾+0.0 自动3/3
[  342.035] TLM t= 224.3 L1·A@-74 L2·A@-70 L3·A@-75 R1·A@-75 R2·A@-70 R3·A@-67 罐=无罐 泵=0 阀=111111 速=+0,+0,+0.00 电=7.80V/2.36A/峰3.09 补余=0.0 IO错=0 倾+0.0 自动3/3
[  342.539] TLM t= 224.8 L1·A@-74 L2·A@-70 L3·A@-75 R1·A@-75 R2·A@-70 R3·A@-67 罐=无罐 泵=0 阀=111111 速=+0,+0,+0.00 电=7.79V/2.36A/峰3.09 补余=0.0 IO错=0 倾+0.0 自动3/3
[  343.062] TLM t= 225.4 L1·A@-74 L2·A@-69 L3·A@-75 R1·A@-75 R2·A@-70 R3·A@-66 罐=无罐 泵=0 阀=111111 速=+0,+0,+0.00 电=7.77V/2.44A/峰3.09 补余=0.0 IO错=0 倾+0.0 自动3/3
[  343.565] TLM t= 225.9 L1·A@-74 L2·A@-69 L3·A@-75 R1·A@-75 R2·A@-69 R3·A@-66 罐=无罐 泵=0 阀=111111 速=+0,+0,+0.00 电=7.77V/2.52A/峰3.09 补余=0.0 IO错=0 倾+0.0 自动3/3
[  344.090] TLM t= 226.4 L1·A@-74 L2·A@-68 L3·A@-75 R1·A@-75 R2·A@-69 R3·A@-65 罐=无罐 泵=0 阀=111111 速=+0,+0,+0.00 电=7.77V/2.36A/峰3.09 补余=0.0 IO错=0 倾+0.0 自动3/3
[  344.594] TLM t= 226.9 L1·A@-73 L2·A@-68 L3·A@-75 R1·A@-75 R2·A@-69 R3·A@-64 罐=无罐 泵=0 阀=111111 速=+0,+0,+0.00 电=7.77V/2.44A/峰3.09 补余=0.0 IO错=0 倾+0.0 自动3/3
[  344.885] EVT 原地抬起受理：R2
[  344.897] EVT 相位 R2 stance→handover
[  345.114] TLM t= 228.2 L1·A@-73 L2·A@-67 L3·A@-75 R1·A@-75 R2ZA@-68 R3·A@-64 罐=无罐 泵=0 阀=111111 速=+0,+0,+0.00 电=7.77V/2.52A/峰3.09 补余=0.0 IO错=0 倾+0.0 自动3/3
[  345.617] TLM t= 228.6 L1·A@-73 L2·A@-67 L3·A@-75 R1·A@-75 R2ZA@-68 R3·A@-63 罐=无罐 泵=0 阀=111111 速=+0,+0,+0.00 电=7.80V/2.52A/峰3.09 补余=0.0 IO错=0 倾+0.0 自动3/3
[  346.142] TLM t= 228.6 L1·A@-73 L2·A@-67 L3·A@-75 R1·A@-75 R2ZA@-68 R3·A@-62 罐=无罐 泵=0 阀=111111 速=+0,+0,+0.00 电=7.76V/2.44A/峰3.09 补余=0.0 IO错=0 倾+0.0 自动3/3
[  346.646] TLM t= 228.6 L1·A@-73 L2·A@-66 L3·A@-75 R1·A@-75 R2ZA@-67 R3·A@-62 罐=无罐 泵=0 阀=111111 速=+0,+0,+0.00 电=7.77V/2.36A/峰3.09 补余=0.0 IO错=0 倾+0.0 自动3/3
[  347.097] EVT 吸附 R2 attached→venting 在态106.50s -66.8kPa
[  347.098] EVT 相位 R2 handover→vent 落点Δ(+0.0,+0.0)
[  347.118] EVT 阀 R2 →排气位
[  347.162] TLM t= 228.6 L1·A@-73 L2·A@-66 L3·A@-75 R1·A@-75 R2Vv@-67 R3·A@-61 罐=无罐 泵=0 阀=111101 速=+0,+0,+0.00 电=7.77V/2.28A/峰3.09 补余=0.0 IO错=0 倾+0.0 自动3/3
[  347.396] EVT 相位 R2 vent→lift
[  347.519] EVT 吸附 R2 venting→released 在态0.42s 0.1kPa
[  347.666] TLM t= 228.6 L1·A@-73 L2·A@-65 L3·A@-75 R1·A@-75 R2Lr@-- R3·A@-61 罐=无罐 泵=0 阀=111101 速=+0,+0,+0.00 电=7.76V/2.52A/峰3.09 补余=0.0 IO错=0 倾+0.0 自动3/3
[  348.178] EVT 泵 开 最差盘压-60.0
[  348.193] TLM t= 228.6 L1·A@-73 L2·A@-65 L3·A@-75 R1·A@-75 R2Lr@-- R3·A@-60 罐=无罐 泵=1 阀=111101 速=+0,+0,+0.00 电=7.59V/2.60A/峰3.09 补余=0.0 IO错=0 倾+0.0 自动3/3
[  348.239] EVT 相位 R2 lift→transfer
[  348.703] TLM t= 228.6 L1·A@-73 L2·A@-71 L3·A@-74 R1·A@-74 R2Tr@-- R3·A@-70 罐=无罐 泵=1 阀=111101 速=+0,+0,+0.00 电=7.69V/2.93A/峰3.09 补余=0.0 IO错=0 倾+0.0 自动3/3
[  348.863] EVT 相位 R2 transfer→hover
[  349.021] EVT 泵 停 最差盘压-75.0
[  349.212] TLM t= 228.6 L1·A@-76 L2·A@-76 L3·A@-76 R1·A@-76 R2Hr@-- R3·A@-76 罐=无罐 泵=0 阀=111101 速=+0,+0,+0.00 电=7.76V/2.44A/峰3.09 补余=0.0 IO错=0 倾+0.0 自动3/3
[  349.715] TLM t= 228.6 L1·A@-76 L2·A@-76 L3·A@-76 R1·A@-76 R2Hr@-- R3·A@-75 罐=无罐 泵=0 阀=111101 速=+0,+0,+0.00 电=7.73V/2.60A/峰3.09 补余=0.0 IO错=0 倾+0.0 自动3/3
[  349.864] EVT 落地：R2
[  349.887] EVT 相位 R2 hover→descend
[  350.235] TLM t= 228.6 L1·A@-76 L2·A@-75 L3·A@-76 R1·A@-76 R2Dr@-- R3·A@-75 罐=无罐 泵=0 阀=111101 速=+0,+0,+0.00 电=7.75V/2.77A/峰3.09 补余=0.0 IO错=0 倾+0.0 自动3/3
[  350.369] EVT 相位 R2 descend→press
[  350.737] TLM t= 228.6 L1·A@-76 L2·A@-75 L3·A@-76 R1·A@-75 R2Pr@-- R3·A@-74 罐=无罐 泵=0 阀=111101 速=+0,+0,+0.00 电=7.74V/2.52A/峰3.09 补余=0.0 IO错=0 倾+0.0 自动3/3
[  351.258] TLM t= 228.6 L1·A@-76 L2·A@-74 L3·A@-76 R1·A@-75 R2Pr@-- R3·A@-73 罐=无罐 泵=0 阀=111101 速=+0,+0,+0.00 电=7.74V/2.69A/峰3.09 补余=0.0 IO错=0 倾+0.0 自动3/3
[  351.572] EVT 吸附 R2 released→pressing 在态4.04s 0.1kPa
[  351.572] EVT 相位 R2 press→wait
[  351.759] TLM t= 228.6 L1·A@-76 L2·A@-74 L3·A@-76 R1·A@-75 R2Wp@-- R3·A@-73 罐=无罐 泵=0 阀=111101 速=+0,+0,+0.00 电=7.74V/2.77A/峰3.09 补余=0.0 IO错=0 倾+0.0 自动3/3
[  351.885] EVT 吸附 R2 pressing→sucking 在态0.32s 0.1kPa
[  351.885] EVT 阀 R2 →抽气位
[  351.913] EVT 泵 开 最差盘压-72.4
[  352.186] EVT 吸附 R2 sucking→attached 在态0.30s -65.9kPa
[  352.186] EVT 相位 R2 wait→stance
[  352.186] EVT 抬落完成，轮到 L3
[  352.281] TLM t= 228.7 L1·A@-75 L2·A@-73 L3·A@-76 R1·A@-75 R2·A@-69 R3·A@-72 罐=无罐 泵=1 阀=111111 速=+0,+0,+0.00 电=7.72V/2.52A/峰3.09 补余=0.0 IO错=0 倾+0.0 自动3/3
[  352.715] EVT 泵 停 最差盘压-75.3
[  352.785] TLM t= 229.2 L1·A@-76 L2·A@-76 L3·A@-76 R1·A@-75 R2·A@-76 R3·A@-76 罐=无罐 泵=0 阀=111111 速=+0,+0,+0.00 电=7.75V/2.36A/峰3.09 补余=0.0 IO错=0 倾+0.0 自动3/3
[  353.308] TLM t= 229.7 L1·A@-76 L2·A@-76 L3·A@-76 R1·A@-75 R2·A@-75 R3·A@-75 罐=无罐 泵=0 阀=111111 速=+0,+0,+0.00 电=7.77V/2.52A/峰3.09 补余=0.0 IO错=0 倾+0.0 自动3/3
[  353.814] TLM t= 230.2 L1·A@-76 L2·A@-75 L3·A@-76 R1·A@-75 R2·A@-74 R3·A@-75 罐=无罐 泵=0 阀=111111 速=+0,+0,+0.00 电=7.73V/2.52A/峰3.09 补余=0.0 IO错=0 倾+0.0 自动3/3
[  354.334] TLM t= 230.7 L1·A@-76 L2·A@-75 L3·A@-76 R1·A@-75 R2·A@-74 R3·A@-74 罐=无罐 泵=0 阀=111111 速=+0,+0,+0.00 电=7.75V/2.60A/峰3.09 补余=0.0 IO错=0 倾+0.0 自动3/3
[  354.836] TLM t= 231.2 L1·A@-76 L2·A@-74 L3·A@-76 R1·A@-75 R2·A@-73 R3·A@-73 罐=无罐 泵=0 阀=111111 速=+0,+0,+0.00 电=7.76V/2.52A/峰3.09 补余=0.0 IO错=0 倾+0.0 自动3/3
[  355.360] TLM t= 231.7 L1·A@-75 L2·A@-74 L3·A@-76 R1·A@-75 R2·A@-73 R3·A@-73 罐=无罐 泵=0 阀=111111 速=+0,+0,+0.00 电=7.76V/2.36A/峰3.09 补余=0.0 IO错=0 倾+0.0 自动3/3
[  355.863] TLM t= 232.2 L1·A@-75 L2·A@-73 L3·A@-76 R1·A@-75 R2·A@-72 R3·A@-72 罐=无罐 泵=0 阀=111111 速=+0,+0,+0.00 电=7.78V/2.44A/峰3.09 补余=0.0 IO错=0 倾+0.0 自动3/3
[  356.386] TLM t= 232.8 L1·A@-75 L2·A@-73 L3·A@-76 R1·A@-75 R2·A@-72 R3·A@-71 罐=无罐 泵=0 阀=111111 速=+0,+0,+0.00 电=7.76V/2.52A/峰3.09 补余=0.0 IO错=0 倾+0.0 自动3/3
[  356.890] TLM t= 233.3 L1·A@-75 L2·A@-72 L3·A@-75 R1·A@-75 R2·A@-71 R3·A@-71 罐=无罐 泵=0 阀=111111 速=+0,+0,+0.00 电=7.76V/2.69A/峰3.09 补余=0.0 IO错=0 倾+0.0 自动3/3
[  357.414] TLM t= 233.8 L1·A@-75 L2·A@-72 L3·A@-75 R1·A@-75 R2·A@-71 R3·A@-70 罐=无罐 泵=0 阀=111111 速=+0,+0,+0.00 电=7.77V/2.60A/峰3.09 补余=0.0 IO错=0 倾+0.0 自动3/3
[  357.915] TLM t= 234.3 L1·A@-75 L2·A@-71 L3·A@-75 R1·A@-75 R2·A@-71 R3·A@-70 罐=无罐 泵=0 阀=111111 速=+0,+0,+0.00 电=7.76V/2.44A/峰3.09 补余=0.0 IO错=0 倾+0.0 自动3/3
[  358.440] TLM t= 234.8 L1·A@-75 L2·A@-71 L3·A@-75 R1·A@-75 R2·A@-70 R3·A@-69 罐=无罐 泵=0 阀=111111 速=+0,+0,+0.00 电=7.76V/2.52A/峰3.09 补余=0.0 IO错=0 倾+0.0 自动3/3
[  358.944] TLM t= 235.3 L1·A@-75 L2·A@-71 L3·A@-75 R1·A@-75 R2·A@-70 R3·A@-68 罐=无罐 泵=0 阀=111111 速=+0,+0,+0.00 电=7.76V/2.52A/峰3.09 补余=0.0 IO错=0 倾+0.0 自动3/3
[  359.465] TLM t= 235.8 L1·A@-75 L2·A@-70 L3·A@-75 R1·A@-75 R2·A@-69 R3·A@-68 罐=无罐 泵=0 阀=111111 速=+0,+0,+0.00 电=7.75V/2.52A/峰3.09 补余=0.0 IO错=0 倾+0.0 自动3/3
[  359.968] TLM t= 236.3 L1·A@-75 L2·A@-70 L3·A@-75 R1·A@-75 R2·A@-69 R3·A@-67 罐=无罐 泵=0 阀=111111 速=+0,+0,+0.00 电=7.77V/2.60A/峰3.09 补余=0.0 IO错=0 倾+0.0 自动3/3
[  360.491] TLM t= 236.8 L1·A@-75 L2·A@-69 L3·A@-75 R1·A@-75 R2·A@-69 R3·A@-66 罐=无罐 泵=0 阀=111111 速=+0,+0,+0.00 电=7.76V/2.60A/峰3.09 补余=0.0 IO错=0 倾+0.0 自动3/3
[  360.992] TLM t= 237.3 L1·A@-75 L2·A@-69 L3·A@-75 R1·A@-75 R2·A@-68 R3·A@-66 罐=无罐 泵=0 阀=111111 速=+0,+0,+0.00 电=7.74V/2.69A/峰3.09 补余=0.0 IO错=0 倾+0.0 自动3/3
[  361.515] TLM t= 237.9 L1·A@-74 L2·A@-68 L3·A@-75 R1·A@-75 R2·A@-68 R3·A@-65 罐=无罐 泵=0 阀=111111 速=+0,+0,+0.00 电=7.76V/2.52A/峰3.09 补余=0.0 IO错=0 倾+0.0 自动3/3
[  362.016] TLM t= 238.4 L1·A@-74 L2·A@-68 L3·A@-75 R1·A@-75 R2·A@-68 R3·A@-64 罐=无罐 泵=0 阀=111111 速=+0,+0,+0.00 电=7.75V/2.69A/峰3.09 补余=0.0 IO错=0 倾+0.0 自动3/3
[  362.202] EVT 原地抬起受理：L3
[  362.230] EVT 相位 L3 stance→handover
[  362.538] TLM t= 239.7 L1·A@-74 L2·A@-67 L3ZA@-75 R1·A@-74 R2·A@-67 R3·A@-64 罐=无罐 泵=0 阀=111111 速=+0,+0,+0.00 电=7.79V/2.12A/峰3.09 补余=0.0 IO错=0 倾+0.0 自动3/3
[  363.041] TLM t= 240.0 L1·A@-74 L2·A@-67 L3ZA@-75 R1·A@-74 R2·A@-67 R3·A@-63 罐=无罐 泵=0 阀=111111 速=+0,+0,+0.00 电=7.79V/1.95A/峰3.09 补余=0.0 IO错=0 倾+0.0 自动3/3
[  363.563] TLM t= 240.0 L1·A@-74 L2·A@-67 L3ZA@-75 R1·A@-74 R2·A@-66 R3·A@-63 罐=无罐 泵=0 阀=111111 速=+0,+0,+0.00 电=7.80V/1.87A/峰3.09 补余=0.0 IO错=0 倾+0.0 自动3/3
[  364.064] TLM t= 240.0 L1·A@-74 L2·A@-66 L3ZA@-75 R1·A@-74 R2·A@-66 R3·A@-62 罐=无罐 泵=0 阀=111111 速=+0,+0,+0.00 电=7.79V/1.87A/峰3.09 补余=0.0 IO错=0 倾+0.0 自动3/3
[  364.590] TLM t= 240.0 L1·A@-74 L2·A@-66 L3ZA@-75 R1·A@-74 R2·A@-66 R3·A@-61 罐=无罐 泵=0 阀=111111 速=+0,+0,+0.00 电=7.80V/1.87A/峰3.09 补余=0.0 IO错=0 倾+0.0 自动3/3
[  365.097] TLM t= 240.0 L1·A@-74 L2·A@-65 L3ZA@-75 R1·A@-74 R2·A@-65 R3·A@-61 罐=无罐 泵=0 阀=111111 速=+0,+0,+0.00 电=7.79V/2.04A/峰3.09 补余=0.0 IO错=0 倾+0.0 自动3/3
[  365.127] EVT 吸附 L3 attached→venting 在态106.52s -74.6kPa
[  365.127] EVT 相位 L3 handover→vent 落点Δ(+0.0,+0.0)
[  365.145] EVT 阀 L3 →排气位
[  365.428] EVT 相位 L3 vent→lift
[  365.568] EVT 吸附 L3 venting→released 在态0.44s 0.1kPa
[  365.616] TLM t= 240.0 L1·A@-74 L2·A@-65 L3Lr@-- R1·A@-74 R2·A@-65 R3·A@-60 罐=无罐 泵=0 阀=110111 速=+0,+0,+0.00 电=7.77V/2.20A/峰3.09 补余=0.0 IO错=0 倾+0.0 自动3/3
[  365.789] EVT 泵 开 最差盘压-59.9
[  366.132] TLM t= 240.0 L1·A@-74 L2·A@-66 L3Lr@-- R1·A@-74 R2·A@-65 R3·A@-65 罐=无罐 泵=1 阀=110111 速=+0,+0,+0.00 电=7.76V/2.04A/峰3.09 补余=0.0 IO错=0 倾+0.0 自动3/3
[  366.271] EVT 相位 L3 lift→transfer
[  366.639] TLM t= 240.0 L1·A@-75 L2·A@-75 L3Tr@-- R1·A@-75 R2·A@-76 R3·A@-76 罐=无罐 泵=1 阀=110111 速=+0,+0,+0.00 电=7.76V/1.95A/峰3.09 补余=0.0 IO错=0 倾+0.0 自动3/3
[  366.692] EVT 泵 停 最差盘压-75.3
[  366.890] EVT 相位 L3 transfer→hover
[  367.155] TLM t= 240.0 L1·A@-76 L2·A@-76 L3Hr@-- R1·A@-76 R2·A@-76 R3·A@-76 罐=无罐 泵=0 阀=110111 速=+0,+0,+0.00 电=7.78V/1.95A/峰3.09 补余=0.0 IO错=0 倾+0.0 自动3/3
[  367.664] TLM t= 240.0 L1·A@-76 L2·A@-76 L3Hr@-- R1·A@-76 R2·A@-75 R3·A@-75 罐=无罐 泵=0 阀=110111 速=+0,+0,+0.00 电=7.77V/2.12A/峰3.09 补余=0.0 IO错=0 倾+0.0 自动3/3
[  367.898] EVT 落地：L3
[  367.915] EVT 相位 L3 hover→descend
[  368.165] TLM t= 240.0 L1·A@-76 L2·A@-75 L3Dr@-- R1·A@-76 R2·A@-75 R3·A@-75 罐=无罐 泵=0 阀=110111 速=+0,+0,+0.00 电=7.79V/1.95A/峰3.09 补余=0.0 IO错=0 倾+0.0 自动3/3
[  368.396] EVT 相位 L3 descend→press
[  368.689] TLM t= 240.0 L1·A@-76 L2·A@-75 L3Pr@-- R1·A@-76 R2·A@-74 R3·A@-74 罐=无罐 泵=0 阀=110111 速=+0,+0,+0.00 电=7.77V/2.12A/峰3.09 补余=0.0 IO错=0 倾+0.0 自动3/3
[  369.189] TLM t= 240.0 L1·A@-76 L2·A@-74 L3Pr@-- R1·A@-76 R2·A@-74 R3·A@-73 罐=无罐 泵=0 阀=110111 速=+0,+0,+0.00 电=7.79V/2.12A/峰3.09 补余=0.0 IO错=0 倾+0.0 自动3/3
[  369.602] EVT 吸附 L3 released→pressing 在态4.02s 0.1kPa
[  369.602] EVT 相位 L3 press→wait
[  369.712] TLM t= 240.0 L1·A@-76 L2·A@-74 L3Wp@-- R1·A@-76 R2·A@-74 R3·A@-73 罐=无罐 泵=0 阀=110111 速=+0,+0,+0.00 电=7.77V/2.12A/峰3.09 补余=0.0 IO错=0 倾+0.0 自动3/3
[  369.920] EVT 吸附 L3 pressing→sucking 在态0.32s 0.1kPa
[  369.920] EVT 阀 L3 →抽气位
[  369.948] EVT 泵 开 最差盘压-72.4
[  370.220] TLM t= 240.0 L1·A@-76 L2·A@-73 L3Ws@-56 R1·A@-76 R2·A@-73 R3·A@-72 罐=无罐 泵=1 阀=111111 速=+0,+0,+0.00 电=7.76V/2.12A/峰3.09 补余=0.0 IO错=0 倾+0.0 自动3/3
[  370.221] EVT 吸附 L3 sucking→attached 在态0.30s -56.4kPa
[  370.221] EVT 相位 L3 wait→stance
[  370.221] EVT 抬落完成，轮到 R1
[  370.738] TLM t= 240.5 L1·A@-76 L2·A@-74 L3·A@-75 R1·A@-75 R2·A@-75 R3·A@-74 罐=无罐 泵=1 阀=111111 速=+0,+0,+0.00 电=7.75V/2.12A/峰3.09 补余=0.0 IO错=0 倾+0.0 自动3/3
[  370.811] EVT 泵 停 最差盘压-75.2
[  371.240] TLM t= 241.0 L1·A@-76 L2·A@-76 L3·A@-76 R1·A@-75 R2·A@-76 R3·A@-76 罐=无罐 泵=0 阀=111111 速=+0,+0,+0.00 电=7.79V/2.04A/峰3.09 补余=0.0 IO错=0 倾+0.0 自动3/3
[  371.766] TLM t= 241.5 L1·A@-76 L2·A@-75 L3·A@-76 R1·A@-75 R2·A@-75 R3·A@-75 罐=无罐 泵=0 阀=111111 速=+0,+0,+0.00 电=7.76V/2.20A/峰3.09 补余=0.0 IO错=0 倾+0.0 自动3/3
[  372.270] TLM t= 242.0 L1·A@-76 L2·A@-75 L3·A@-75 R1·A@-75 R2·A@-75 R3·A@-74 罐=无罐 泵=0 阀=111111 速=+0,+0,+0.00 电=7.77V/2.12A/峰3.09 补余=0.0 IO错=0 倾+0.0 自动3/3
[  372.790] TLM t= 242.5 L1·A@-76 L2·A@-74 L3·A@-75 R1·A@-75 R2·A@-74 R3·A@-74 罐=无罐 泵=0 阀=111111 速=+0,+0,+0.00 电=7.76V/2.12A/峰3.09 补余=0.0 IO错=0 倾+0.0 自动3/3
[  373.295] TLM t= 243.0 L1·A@-76 L2·A@-74 L3·A@-75 R1·A@-75 R2·A@-74 R3·A@-73 罐=无罐 泵=0 阀=111111 速=+0,+0,+0.00 电=7.77V/2.04A/峰3.09 补余=0.0 IO错=0 倾+0.0 自动3/3
[  373.815] TLM t= 243.6 L1·A@-76 L2·A@-73 L3·A@-75 R1·A@-75 R2·A@-73 R3·A@-72 罐=无罐 泵=0 阀=111111 速=+0,+0,+0.00 电=7.77V/2.20A/峰3.09 补余=0.0 IO错=0 倾+0.0 自动3/3
[  374.320] TLM t= 244.1 L1·A@-75 L2·A@-73 L3·A@-75 R1·A@-75 R2·A@-73 R3·A@-72 罐=无罐 泵=0 阀=111111 速=+0,+0,+0.00 电=7.77V/2.20A/峰3.09 补余=0.0 IO错=0 倾+0.0 自动3/3
[  374.841] TLM t= 244.6 L1·A@-75 L2·A@-73 L3·A@-75 R1·A@-75 R2·A@-73 R3·A@-71 罐=无罐 泵=0 阀=111111 速=+0,+0,+0.00 电=7.77V/2.28A/峰3.09 补余=0.0 IO错=0 倾+0.0 自动3/3
[  375.349] TLM t= 245.1 L1·A@-75 L2·A@-72 L3·A@-75 R1·A@-75 R2·A@-72 R3·A@-70 罐=无罐 泵=0 阀=111111 速=+0,+0,+0.00 电=7.78V/2.20A/峰3.09 补余=0.0 IO错=0 倾+0.0 自动3/3
[  375.870] TLM t= 245.6 L1·A@-75 L2·A@-72 L3·A@-75 R1·A@-75 R2·A@-72 R3·A@-70 罐=无罐 泵=0 阀=111111 速=+0,+0,+0.00 电=7.78V/2.20A/峰3.09 补余=0.0 IO错=0 倾+0.0 自动3/3
[  376.375] TLM t= 246.1 L1·A@-75 L2·A@-71 L3·A@-75 R1·A@-75 R2·A@-71 R3·A@-69 罐=无罐 泵=0 阀=111111 速=+0,+0,+0.00 电=7.76V/2.28A/峰3.09 补余=0.0 IO错=0 倾+0.0 自动3/3
[  376.894] TLM t= 246.6 L1·A@-75 L2·A@-71 L3·A@-75 R1·A@-75 R2·A@-71 R3·A@-69 罐=无罐 泵=0 阀=111111 速=+0,+0,+0.00 电=7.79V/2.28A/峰3.09 补余=0.0 IO错=0 倾+0.0 自动3/3
[  377.403] TLM t= 247.1 L1·A@-75 L2·A@-70 L3·A@-74 R1·A@-75 R2·A@-71 R3·A@-68 罐=无罐 泵=0 阀=111111 速=+0,+0,+0.00 电=7.78V/2.20A/峰3.09 补余=0.0 IO错=0 倾+0.0 自动3/3
[  377.926] TLM t= 247.6 L1·A@-75 L2·A@-70 L3·A@-74 R1·A@-74 R2·A@-70 R3·A@-67 罐=无罐 泵=0 阀=111111 速=+0,+0,+0.00 电=7.78V/2.20A/峰3.09 补余=0.0 IO错=0 倾+0.0 自动3/3
[  378.427] TLM t= 248.1 L1·A@-75 L2·A@-69 L3·A@-74 R1·A@-74 R2·A@-70 R3·A@-67 罐=无罐 泵=0 阀=111111 速=+0,+0,+0.00 电=7.77V/2.20A/峰3.09 补余=0.0 IO错=0 倾+0.0 自动3/3
[  378.951] TLM t= 248.7 L1·A@-75 L2·A@-69 L3·A@-74 R1·A@-74 R2·A@-70 R3·A@-66 罐=无罐 泵=0 阀=111111 速=+0,+0,+0.00 电=7.78V/2.12A/峰3.09 补余=0.0 IO错=0 倾+0.0 自动3/3
[  379.454] TLM t= 249.2 L1·A@-75 L2·A@-68 L3·A@-74 R1·A@-74 R2·A@-69 R3·A@-65 罐=无罐 泵=0 阀=111111 速=+0,+0,+0.00 电=7.78V/2.12A/峰3.09 补余=0.0 IO错=0 倾+0.0 自动3/3
[  379.974] TLM t= 249.7 L1·A@-75 L2·A@-68 L3·A@-74 R1·A@-74 R2·A@-69 R3·A@-65 罐=无罐 泵=0 阀=111111 速=+0,+0,+0.00 电=7.78V/2.28A/峰3.09 补余=0.0 IO错=0 倾+0.0 自动3/3
[  380.242] EVT 原地抬起受理：R1
[  380.270] EVT 相位 R1 stance→handover
[  380.480] TLM t= 251.0 L1·A@-75 L2·A@-68 L3·A@-74 R1ZA@-74 R2·A@-68 R3·A@-64 罐=无罐 泵=0 阀=111111 速=+0,+0,+0.00 电=7.79V/1.95A/峰3.09 补余=0.0 IO错=0 倾+0.0 自动3/3
[  381.004] TLM t= 251.4 L1·A@-74 L2·A@-67 L3·A@-74 R1ZA@-74 R2·A@-68 R3·A@-64 罐=无罐 泵=0 阀=111111 速=+0,+0,+0.00 电=7.81V/1.55A/峰3.09 补余=0.0 IO错=0 倾+0.0 自动3/3
[  381.507] TLM t= 251.4 L1·A@-74 L2·A@-67 L3·A@-74 R1ZA@-74 R2·A@-68 R3·A@-63 罐=无罐 泵=0 阀=111111 速=+0,+0,+0.00 电=7.82V/1.55A/峰3.09 补余=0.0 IO错=0 倾+0.0 自动3/3
[  382.028] TLM t= 251.4 L1·A@-74 L2·A@-66 L3·A@-74 R1ZA@-74 R2·A@-67 R3·A@-63 罐=无罐 泵=0 阀=111111 速=+0,+0,+0.00 电=7.79V/1.71A/峰3.09 补余=0.0 IO错=0 倾+0.0 自动3/3
[  382.534] TLM t= 251.4 L1·A@-74 L2·A@-66 L3·A@-74 R1ZA@-74 R2·A@-67 R3·A@-62 罐=无罐 泵=0 阀=111111 速=+0,+0,+0.00 电=7.78V/1.87A/峰3.09 补余=0.0 IO错=0 倾+0.0 自动3/3
[  383.052] TLM t= 251.4 L1·A@-74 L2·A@-66 L3·A@-74 R1ZA@-74 R2·A@-67 R3·A@-61 罐=无罐 泵=0 阀=111111 速=+0,+0,+0.00 电=7.78V/2.04A/峰3.09 补余=0.0 IO错=0 倾+0.0 自动3/3
[  383.554] TLM t= 251.4 L1·A@-74 L2·A@-65 L3·A@-74 R1ZA@-74 R2·A@-66 R3·A@-61 罐=无罐 泵=0 阀=111111 速=+0,+0,+0.00 电=7.79V/2.12A/峰3.09 补余=0.0 IO错=0 倾+0.0 自动3/3
[  383.559] EVT 吸附 R1 attached→venting 在态106.46s -73.8kPa
[  383.560] EVT 相位 R1 handover→vent 落点Δ(+0.0,+0.0)
[  383.585] EVT 阀 R1 →排气位
[  383.860] EVT 相位 R1 vent→lift
[  383.983] EVT 吸附 R1 venting→released 在态0.42s -0.1kPa
[  384.078] TLM t= 251.4 L1·A@-74 L2·A@-65 L3·A@-74 R1Lr@-- R2·A@-66 R3·A@-60 罐=无罐 泵=0 阀=111011 速=+0,+0,+0.00 电=7.77V/2.12A/峰3.09 补余=0.0 IO错=0 倾+0.0 自动3/3
[  384.332] EVT 泵 开 最差盘压-60.0
[  384.583] TLM t= 251.4 L1·A@-74 L2·A@-64 L3·A@-73 R1Lr@-- R2·A@-66 R3·A@-62 罐=无罐 泵=1 阀=111011 速=+0,+0,+0.00 电=7.68V/2.20A/峰3.09 补余=0.0 IO错=0 倾+0.0 自动3/3
[  384.705] EVT 相位 R1 lift→transfer
[  385.100] TLM t= 251.4 L1·A@-74 L2·A@-74 L3·A@-74 R1Tr@-- R2·A@-74 R3·A@-74 罐=无罐 泵=1 阀=111011 速=+0,+0,+0.00 电=7.73V/2.04A/峰3.09 补余=0.0 IO错=0 倾+0.0 自动3/3
[  385.176] EVT 泵 停 最差盘压-75.1
[  385.334] EVT 相位 R1 transfer→hover
[  385.607] TLM t= 251.4 L1·A@-76 L2·A@-76 L3·A@-76 R1Hr@-- R2·A@-75 R3·A@-75 罐=无罐 泵=0 阀=111011 速=+0,+0,+0.00 电=7.77V/2.12A/峰3.09 补余=0.0 IO错=0 倾+0.0 自动3/3
[  386.126] TLM t= 251.4 L1·A@-76 L2·A@-75 L3·A@-76 R1Hr@-- R2·A@-75 R3·A@-75 罐=无罐 泵=0 阀=111011 速=+0,+0,+0.00 电=7.77V/2.12A/峰3.09 补余=0.0 IO错=0 倾+0.0 自动3/3
[  386.357] EVT 落地：R1
[  386.380] EVT 相位 R1 hover→descend
[  386.630] TLM t= 251.4 L1·A@-75 L2·A@-74 L3·A@-75 R1Dr@-- R2·A@-74 R3·A@-74 罐=无罐 泵=0 阀=111011 速=+0,+0,+0.00 电=7.76V/2.28A/峰3.09 补余=0.0 IO错=0 倾+0.0 自动3/3
[  386.861] EVT 相位 R1 descend→press
[  387.147] TLM t= 251.4 L1·A@-75 L2·A@-74 L3·A@-75 R1Pr@-- R2·A@-74 R3·A@-73 罐=无罐 泵=0 阀=111011 速=+0,+0,+0.00 电=7.76V/2.20A/峰3.09 补余=0.0 IO错=0 倾+0.0 自动3/3
[  387.651] TLM t= 251.4 L1·A@-75 L2·A@-74 L3·A@-75 R1Pr@-- R2·A@-73 R3·A@-73 罐=无罐 泵=0 阀=111011 速=+0,+0,+0.00 电=7.76V/2.28A/峰3.09 补余=0.0 IO错=0 倾+0.0 自动3/3
[  388.064] EVT 吸附 R1 released→pressing 在态4.06s -0.1kPa
[  388.064] EVT 相位 R1 press→wait
[  388.171] TLM t= 251.4 L1·A@-75 L2·A@-73 L3·A@-75 R1Wp@-- R2·A@-73 R3·A@-72 罐=无罐 泵=0 阀=111011 速=+0,+0,+0.00 电=7.77V/2.28A/峰3.09 补余=0.0 IO错=0 倾+0.0 自动3/3
[  388.377] EVT 吸附 R1 pressing→sucking 在态0.32s -0.1kPa
[  388.378] EVT 阀 R1 →抽气位
[  388.405] EVT 泵 开 最差盘压-71.7
[  388.680] TLM t= 251.4 L1·A@-75 L2·A@-73 L3·A@-75 R1Ws@-62 R2·A@-73 R3·A@-71 罐=无罐 泵=1 阀=111111 速=+0,+0,+0.00 电=7.73V/2.28A/峰3.09 补余=0.0 IO错=0 倾+0.0 自动3/3
[  388.801] EVT 吸附 R1 sucking→attached 在态0.42s -67.9kPa
[  388.801] EVT 相位 R1 wait→stance
[  388.801] EVT 抬落完成，轮到 L2
[  389.190] EVT 泵 停 最差盘压-75.3
[  389.200] TLM t= 251.8 L1·A@-76 L2·A@-76 L3·A@-76 R1·A@-75 R2·A@-76 R3·A@-76 罐=无罐 泵=0 阀=111111 速=+0,+0,+0.00 电=7.77V/2.20A/峰3.09 补余=0.0 IO错=0 倾+0.0 自动3/3
[  389.711] TLM t= 252.3 L1·A@-76 L2·A@-76 L3·A@-76 R1·A@-76 R2·A@-76 R3·A@-76 罐=无罐 泵=0 阀=111111 速=+0,+0,+0.00 电=7.79V/2.12A/峰3.09 补余=0.0 IO错=0 倾+0.0 自动3/3
[  390.223] TLM t= 252.8 L1·A@-76 L2·A@-76 L3·A@-76 R1·A@-76 R2·A@-75 R3·A@-75 罐=无罐 泵=0 阀=111111 速=+0,+0,+0.00 电=7.79V/2.28A/峰3.09 补余=0.0 IO错=0 倾+0.0 自动3/3
[  390.725] TLM t= 253.3 L1·A@-76 L2·A@-75 L3·A@-76 R1·A@-75 R2·A@-75 R3·A@-74 罐=无罐 泵=0 阀=111111 速=+0,+0,+0.00 电=7.76V/2.20A/峰3.09 补余=0.0 IO错=0 倾+0.0 自动3/3
[  391.248] TLM t= 253.8 L1·A@-76 L2·A@-75 L3·A@-76 R1·A@-75 R2·A@-74 R3·A@-74 罐=无罐 泵=0 阀=111111 速=+0,+0,+0.00 电=7.78V/2.20A/峰3.09 补余=0.0 IO错=0 倾+0.0 自动3/3
[  391.754] TLM t= 254.3 L1·A@-76 L2·A@-74 L3·A@-76 R1·A@-75 R2·A@-74 R3·A@-73 罐=无罐 泵=0 阀=111111 速=+0,+0,+0.00 电=7.77V/2.20A/峰3.09 补余=0.0 IO错=0 倾+0.0 自动3/3
[  392.275] TLM t= 254.8 L1·A@-76 L2·A@-74 L3·A@-76 R1·A@-75 R2·A@-74 R3·A@-73 罐=无罐 泵=0 阀=111111 速=+0,+0,+0.00 电=7.78V/2.20A/峰3.09 补余=0.0 IO错=0 倾+0.0 自动3/3
[  392.778] TLM t= 255.3 L1·A@-76 L2·A@-73 L3·A@-76 R1·A@-75 R2·A@-73 R3·A@-72 罐=无罐 泵=0 阀=111111 速=+0,+0,+0.00 电=7.77V/2.36A/峰3.09 补余=0.0 IO错=0 倾+0.0 自动3/3
[  393.300] TLM t= 255.9 L1·A@-76 L2·A@-73 L3·A@-76 R1·A@-75 R2·A@-73 R3·A@-71 罐=无罐 泵=0 阀=111111 速=+0,+0,+0.00 电=7.76V/2.04A/峰3.09 补余=0.0 IO错=0 倾+0.0 自动3/3
[  393.802] TLM t= 256.4 L1·A@-76 L2·A@-72 L3·A@-76 R1·A@-75 R2·A@-73 R3·A@-71 罐=无罐 泵=0 阀=111111 速=+0,+0,+0.00 电=7.78V/2.20A/峰3.09 补余=0.0 IO错=0 倾+0.0 自动3/3
[  394.327] TLM t= 256.9 L1·A@-75 L2·A@-72 L3·A@-76 R1·A@-75 R2·A@-72 R3·A@-70 罐=无罐 泵=0 阀=111111 速=+0,+0,+0.00 电=7.77V/2.20A/峰3.09 补余=0.0 IO错=0 倾+0.0 自动3/3
[  394.830] TLM t= 257.4 L1·A@-75 L2·A@-71 L3·A@-76 R1·A@-75 R2·A@-72 R3·A@-69 罐=无罐 泵=0 阀=111111 速=+0,+0,+0.00 电=7.77V/2.28A/峰3.09 补余=0.0 IO错=0 倾+0.0 自动3/3
[  395.354] TLM t= 257.9 L1·A@-75 L2·A@-71 L3·A@-76 R1·A@-75 R2·A@-71 R3·A@-69 罐=无罐 泵=0 阀=111111 速=+0,+0,+0.00 电=7.78V/2.20A/峰3.09 补余=0.0 IO错=0 倾+0.0 自动3/3
[  395.858] TLM t= 258.4 L1·A@-75 L2·A@-70 L3·A@-76 R1·A@-75 R2·A@-71 R3·A@-68 罐=无罐 泵=0 阀=111111 速=+0,+0,+0.00 电=7.76V/2.20A/峰3.09 补余=0.0 IO错=0 倾+0.0 自动3/3
[  396.376] TLM t= 258.9 L1·A@-75 L2·A@-70 L3·A@-76 R1·A@-74 R2·A@-71 R3·A@-68 罐=无罐 泵=0 阀=111111 速=+0,+0,+0.00 电=7.77V/2.20A/峰3.09 补余=0.0 IO错=0 倾+0.0 自动3/3
[  396.882] TLM t= 259.4 L1·A@-75 L2·A@-70 L3·A@-75 R1·A@-74 R2·A@-70 R3·A@-67 罐=无罐 泵=0 阀=111111 速=+0,+0,+0.00 电=7.77V/2.20A/峰3.09 补余=0.0 IO错=0 倾+0.0 自动3/3
[  397.404] TLM t= 259.9 L1·A@-75 L2·A@-69 L3·A@-75 R1·A@-74 R2·A@-70 R3·A@-66 罐=无罐 泵=0 阀=111111 速=+0,+0,+0.00 电=7.77V/2.12A/峰3.09 补余=0.0 IO错=0 倾+0.0 自动3/3
[  397.908] TLM t= 260.4 L1·A@-75 L2·A@-69 L3·A@-75 R1·A@-74 R2·A@-69 R3·A@-66 罐=无罐 泵=0 阀=111111 速=+0,+0,+0.00 电=7.78V/2.12A/峰3.09 补余=0.0 IO错=0 倾+0.0 自动3/3
[  398.426] TLM t= 261.0 L1·A@-75 L2·A@-68 L3·A@-75 R1·A@-74 R2·A@-69 R3·A@-65 罐=无罐 泵=0 阀=111111 速=+0,+0,+0.00 电=7.77V/2.28A/峰3.09 补余=0.0 IO错=0 倾+0.0 自动3/3
[  398.841] EVT 原地抬起受理：L2
[  398.861] EVT 相位 L2 stance→handover
[  398.931] TLM t= 262.3 L1·A@-75 L2ZA@-68 L3·A@-75 R1·A@-74 R2·A@-69 R3·A@-64 罐=无罐 泵=0 阀=111111 速=+0,+0,+0.00 电=7.77V/2.28A/峰3.09 补余=0.0 IO错=0 倾+0.0 自动3/3
[  399.453] TLM t= 262.8 L1·A@-75 L2ZA@-67 L3·A@-75 R1·A@-74 R2·A@-68 R3·A@-64 罐=无罐 泵=0 阀=111111 速=+0,+0,+0.00 电=7.76V/2.20A/峰3.09 补余=0.0 IO错=0 倾+0.0 自动3/3
[  399.954] TLM t= 262.8 L1·A@-75 L2ZA@-67 L3·A@-75 R1·A@-74 R2·A@-68 R3·A@-63 罐=无罐 泵=0 阀=111111 速=+0,+0,+0.00 电=7.77V/2.12A/峰3.09 补余=0.0 IO错=0 倾+0.0 自动3/3
[  400.479] TLM t= 262.8 L1·A@-75 L2ZA@-67 L3·A@-75 R1·A@-74 R2·A@-68 R3·A@-63 罐=无罐 泵=0 阀=111111 速=+0,+0,+0.00 电=7.75V/2.36A/峰3.09 补余=0.0 IO错=0 倾+0.0 自动3/3
[  400.981] TLM t= 262.8 L1·A@-74 L2ZA@-66 L3·A@-75 R1·A@-74 R2·A@-67 R3·A@-62 罐=无罐 泵=0 阀=111111 速=+0,+0,+0.00 电=7.76V/2.44A/峰3.09 补余=0.0 IO错=0 倾+0.0 自动3/3
[  401.253] EVT 吸附 L2 attached→venting 在态106.60s -65.9kPa
[  401.254] EVT 相位 L2 handover→vent 落点Δ(+0.0,+0.0)
[  401.272] EVT 阀 L2 →排气位
[  401.502] TLM t= 262.8 L1·A@-74 L2Vv@-66 L3·A@-75 R1·A@-74 R2·A@-67 R3·A@-61 罐=无罐 泵=0 阀=101111 速=+0,+0,+0.00 电=7.75V/2.36A/峰3.09 补余=0.0 IO错=0 倾+0.0 自动3/3
[  401.555] EVT 相位 L2 vent→lift
[  401.695] EVT 吸附 L2 venting→released 在态0.44s 0.3kPa
[  402.017] TLM t= 262.8 L1·A@-74 L2Lr@-- L3·A@-75 R1·A@-74 R2·A@-66 R3·A@-61 罐=无罐 泵=0 阀=101111 速=+0,+0,+0.00 电=7.72V/2.60A/峰3.09 补余=0.0 IO错=0 倾+0.0 自动3/3
[  402.398] EVT 相位 L2 lift→transfer
[  402.528] TLM t= 262.8 L1·A@-74 L2Tr@-- L3·A@-75 R1·A@-74 R2·A@-66 R3·A@-60 罐=无罐 泵=0 阀=101111 速=+0,+0,+0.00 电=7.72V/3.09A/峰3.09 补余=0.0 IO错=0 倾+0.0 自动3/3
[  402.731] EVT 泵 开 最差盘压-59.9
[  403.032] EVT 相位 L2 transfer→hover
[  403.038] TLM t= 262.8 L1·A@-74 L2Hr@-- L3·A@-75 R1·A@-74 R2·A@-66 R3·A@-65 罐=无罐 泵=1 阀=101111 速=+0,+0,+0.00 电=7.70V/2.60A/峰3.09 补余=0.0 IO错=0 倾+0.0 自动3/3
[  403.545] TLM t= 262.8 L1·A@-75 L2Hr@-- L3·A@-76 R1·A@-75 R2·A@-76 R3·A@-76 罐=无罐 泵=1 阀=101111 速=+0,+0,+0.00 电=7.71V/2.60A/峰3.09 补余=0.0 IO错=0 倾+0.0 自动3/3
[  403.599] EVT 泵 停 最差盘压-75.5
[  404.033] EVT 落地：L2
[  404.058] EVT 相位 L2 hover→descend
[  404.066] TLM t= 262.8 L1·A@-76 L2Dr@-- L3·A@-77 R1·A@-76 R2·A@-76 R3·A@-76 罐=无罐 泵=0 阀=101111 速=+0,+0,+0.00 电=7.73V/2.44A/峰3.09 补余=0.0 IO错=0 倾+0.0 自动3/3
[  404.539] EVT 相位 L2 descend→press
[  404.575] TLM t= 262.8 L1·A@-76 L2Pr@-- L3·A@-76 R1·A@-76 R2·A@-75 R3·A@-75 罐=无罐 泵=0 阀=101111 速=+0,+0,+0.00 电=7.72V/2.52A/峰3.09 补余=0.0 IO错=0 倾+0.0 自动3/3
[  405.075] TLM t= 262.8 L1·A@-76 L2Pr@-- L3·A@-76 R1·A@-76 R2·A@-75 R3·A@-75 罐=无罐 泵=0 阀=101111 速=+0,+0,+0.00 电=7.73V/2.52A/峰3.09 补余=0.0 IO错=0 倾+0.0 自动3/3
[  405.582] TLM t= 262.8 L1·A@-76 L2Pr@-- L3·A@-76 R1·A@-76 R2·A@-75 R3·A@-74 罐=无罐 泵=0 阀=101111 速=+0,+0,+0.00 电=7.71V/2.52A/峰3.09 补余=0.0 IO错=0 倾+0.0 自动3/3
[  405.755] EVT 吸附 L2 released→pressing 在态4.02s 0.3kPa
[  405.756] EVT 相位 L2 press→wait
[  406.074] EVT 吸附 L2 pressing→sucking 在态0.32s 0.3kPa
[  406.074] EVT 阀 L2 →抽气位
[  406.085] TLM t= 262.8 L1·A@-76 L2Ws@0 L3·A@-76 R1·A@-76 R2·A@-74 R3·A@-73 罐=无罐 泵=0 阀=111111 速=+0,+0,+0.00 电=7.75V/2.52A/峰3.09 补余=0.0 IO错=0 倾+0.0 自动3/3
[  406.092] EVT 泵 开 最差盘压-73.4
[  406.370] EVT 吸附 L2 sucking→attached 在态0.30s -64.7kPa
[  406.375] EVT 相位 L2 wait→stance
[  406.375] EVT 抬落完成，轮到 R3
[  406.375] EVT 自动轮换：第 3 轮完成
[  406.608] TLM t= 263.0 L1·A@-76 L2·A@-73 L3·A@-76 R1·A@-76 R2·A@-74 R3·A@-73 罐=无罐 泵=1 阀=111111 速=+0,+0,+0.00 电=7.72V/2.44A/峰3.09 补余=0.0 IO错=0 倾+0.0 自动3/3
[  406.758] EVT 泵 停 最差盘压-75.1
[  407.111] TLM t= 263.5 L1·A@-76 L2·A@-76 L3·A@-76 R1·A@-76 R2·A@-76 R3·A@-76 罐=无罐 泵=0 阀=111111 速=+0,+0,+0.00 电=7.75V/2.44A/峰3.09 补余=0.0 IO错=0 倾+0.0 自动3/3
[  407.634] TLM t= 264.0 L1·A@-76 L2·A@-75 L3·A@-76 R1·A@-76 R2·A@-75 R3·A@-75 罐=无罐 泵=0 阀=111111 速=+0,+0,+0.00 电=7.75V/2.52A/峰3.09 补余=0.0 IO错=0 倾+0.0 自动3/3
[  408.135] TLM t= 264.5 L1·A@-76 L2·A@-75 L3·A@-76 R1·A@-76 R2·A@-75 R3·A@-74 罐=无罐 泵=0 阀=111111 速=+0,+0,+0.00 电=7.74V/2.52A/峰3.09 补余=0.0 IO错=0 倾+0.0 自动3/3
[  408.659] TLM t= 265.1 L1·A@-76 L2·A@-74 L3·A@-76 R1·A@-76 R2·A@-74 R3·A@-74 罐=无罐 泵=0 阀=111111 速=+0,+0,+0.00 电=7.75V/2.52A/峰3.09 补余=0.0 IO错=0 倾+0.0 自动3/3
[  409.158] TLM t= 265.6 L1·A@-76 L2·A@-74 L3·A@-76 R1·A@-76 R2·A@-74 R3·A@-73 罐=无罐 泵=0 阀=111111 速=+0,+0,+0.00 电=7.72V/2.52A/峰3.09 补余=0.0 IO错=0 倾+0.0 自动3/3
[  409.685] TLM t= 266.1 L1·A@-76 L2·A@-73 L3·A@-76 R1·A@-76 R2·A@-74 R3·A@-72 罐=无罐 泵=0 阀=111111 速=+0,+0,+0.00 电=7.74V/2.44A/峰3.09 补余=0.0 IO错=0 倾+0.0 自动3/3
[  410.186] TLM t= 266.6 L1·A@-76 L2·A@-73 L3·A@-76 R1·A@-75 R2·A@-73 R3·A@-72 罐=无罐 泵=0 阀=111111 速=+0,+0,+0.00 电=7.75V/2.44A/峰3.09 补余=0.0 IO错=0 倾+0.0 自动3/3
[  410.712] TLM t= 267.1 L1·A@-76 L2·A@-72 L3·A@-76 R1·A@-75 R2·A@-73 R3·A@-71 罐=无罐 泵=0 阀=111111 速=+0,+0,+0.00 电=7.73V/2.28A/峰3.09 补余=0.0 IO错=0 倾+0.0 自动3/3
[  411.216] TLM t= 267.6 L1·A@-75 L2·A@-72 L3·A@-76 R1·A@-75 R2·A@-72 R3·A@-71 罐=无罐 泵=0 阀=111111 速=+0,+0,+0.00 电=7.75V/2.44A/峰3.09 补余=0.0 IO错=0 倾+0.0 自动3/3
[  411.737] TLM t= 268.1 L1·A@-75 L2·A@-71 L3·A@-76 R1·A@-75 R2·A@-72 R3·A@-70 罐=无罐 泵=0 阀=111111 速=+0,+0,+0.00 电=7.73V/2.60A/峰3.09 补余=0.0 IO错=0 倾+0.0 自动3/3
[  412.242] TLM t= 268.6 L1·A@-75 L2·A@-71 L3·A@-76 R1·A@-75 R2·A@-72 R3·A@-69 罐=无罐 泵=0 阀=111111 速=+0,+0,+0.00 电=7.74V/2.52A/峰3.09 补余=0.0 IO错=0 倾+0.0 自动3/3
[  412.765] TLM t= 269.1 L1·A@-75 L2·A@-70 L3·A@-76 R1·A@-75 R2·A@-71 R3·A@-69 罐=无罐 泵=0 阀=111111 速=+0,+0,+0.00 电=7.74V/2.52A/峰3.09 补余=0.0 IO错=0 倾+0.0 自动3/3
[  413.270] TLM t= 269.6 L1·A@-75 L2·A@-70 L3·A@-76 R1·A@-75 R2·A@-71 R3·A@-68 罐=无罐 泵=0 阀=111111 速=+0,+0,+0.00 电=7.76V/2.69A/峰3.09 补余=0.0 IO错=0 倾+0.0 自动3/3
[  413.790] TLM t= 270.2 L1·A@-75 L2·A@-69 L3·A@-75 R1·A@-75 R2·A@-70 R3·A@-67 罐=无罐 泵=0 阀=111111 速=+0,+0,+0.00 电=7.74V/2.44A/峰3.09 补余=0.0 IO错=0 倾+0.0 自动3/3
[  414.296] TLM t= 270.7 L1·A@-75 L2·A@-69 L3·A@-75 R1·A@-75 R2·A@-70 R3·A@-67 罐=无罐 泵=0 阀=111111 速=+0,+0,+0.00 电=7.73V/2.36A/峰3.09 补余=0.0 IO错=0 倾+0.0 自动3/3
[  414.814] TLM t= 271.2 L1·A@-75 L2·A@-68 L3·A@-75 R1·A@-75 R2·A@-70 R3·A@-66 罐=无罐 泵=0 阀=111111 速=+0,+0,+0.00 电=7.73V/2.60A/峰3.09 补余=0.0 IO错=0 倾+0.0 自动3/3
[  415.318] TLM t= 271.7 L1·A@-75 L2·A@-68 L3·A@-75 R1·A@-75 R2·A@-69 R3·A@-66 罐=无罐 泵=0 阀=111111 速=+0,+0,+0.00 电=7.74V/2.52A/峰3.09 补余=0.0 IO错=0 倾+0.0 自动3/3
[  415.838] TLM t= 272.2 L1·A@-75 L2·A@-68 L3·A@-75 R1·A@-75 R2·A@-69 R3·A@-65 罐=无罐 泵=0 阀=111111 速=+0,+0,+0.00 电=7.73V/2.36A/峰3.09 补余=0.0 IO错=0 倾+0.0 自动3/3
[  416.342] TLM t= 272.7 L1·A@-75 L2·A@-67 L3·A@-75 R1·A@-75 R2·A@-69 R3·A@-64 罐=无罐 泵=0 阀=111111 速=+0,+0,+0.00 电=7.73V/2.44A/峰3.09 补余=0.0 IO错=0 倾+0.0 自动3/3
[  416.862] TLM t= 273.2 L1·A@-75 L2·A@-67 L3·A@-75 R1·A@-75 R2·A@-68 R3·A@-64 罐=无罐 泵=0 阀=111111 速=+0,+0,+0.00 电=7.73V/2.44A/峰3.09 补余=0.0 IO错=0 倾+0.0 自动3/3
[  417.366] TLM t= 273.7 L1·A@-74 L2·A@-66 L3·A@-75 R1·A@-75 R2·A@-68 R3·A@-63 罐=无罐 泵=0 阀=111111 速=+0,+0,+0.00 电=7.74V/2.36A/峰3.09 补余=0.0 IO错=0 倾+0.0 自动3/3
[  417.888] TLM t= 274.2 L1·A@-74 L2·A@-66 L3·A@-75 R1·A@-75 R2·A@-68 R3·A@-63 罐=无罐 泵=0 阀=111111 速=+0,+0,+0.00 电=7.75V/2.36A/峰3.09 补余=0.0 IO错=0 倾+0.0 自动3/3
[  418.393] TLM t= 274.7 L1·A@-74 L2·A@-65 L3·A@-75 R1·A@-75 R2·A@-67 R3·A@-62 罐=无罐 泵=0 阀=111111 速=+0,+0,+0.00 电=7.75V/2.44A/峰3.09 补余=0.0 IO错=0 倾+0.0 自动3/3
[  418.918] TLM t= 275.3 L1·A@-74 L2·A@-65 L3·A@-75 R1·A@-75 R2·A@-67 R3·A@-61 罐=无罐 泵=0 阀=111111 速=+0,+0,+0.00 电=7.76V/2.44A/峰3.09 补余=0.0 IO错=0 倾+0.0 自动3/3
[  419.418] TLM t= 275.8 L1·A@-74 L2·A@-64 L3·A@-75 R1·A@-75 R2·A@-66 R3·A@-61 罐=无罐 泵=0 阀=111111 速=+0,+0,+0.00 电=7.73V/2.44A/峰3.09 补余=0.0 IO错=0 倾+0.0 自动3/3
[  419.945] TLM t= 276.3 L1·A@-74 L2·A@-64 L3·A@-75 R1·A@-75 R2·A@-66 R3·A@-60 罐=无罐 泵=0 阀=111111 速=+0,+0,+0.00 电=7.75V/2.60A/峰3.09 补余=0.0 IO错=0 倾+0.0 自动3/3
[  420.179] EVT 泵 开 最差盘压-59.9
[  420.452] TLM t= 276.8 L1·A@-74 L2·A@-64 L3·A@-75 R1·A@-75 R2·A@-66 R3·A@-62 罐=无罐 泵=1 阀=111111 速=+0,+0,+0.00 电=7.70V/2.44A/峰3.09 补余=0.0 IO错=0 倾+0.0 自动3/3
[  420.968] TLM t= 277.3 L1·A@-75 L2·A@-75 L3·A@-75 R1·A@-75 R2·A@-75 R3·A@-75 罐=无罐 泵=1 阀=111111 速=+0,+0,+0.00 电=7.69V/2.52A/峰3.09 补余=0.0 IO错=0 倾+0.0 自动3/3
[  421.102] EVT 泵 停 最差盘压-75.6
[  421.475] TLM t= 277.8 L1·A@-76 L2·A@-76 L3·A@-76 R1·A@-76 R2·A@-76 R3·A@-76 罐=无罐 泵=0 阀=111111 速=+0,+0,+0.00 电=7.72V/2.36A/峰3.09 补余=0.0 IO错=0 倾+0.0 自动3/3
[  421.992] TLM t= 278.3 L1·A@-76 L2·A@-76 L3·A@-76 R1·A@-76 R2·A@-76 R3·A@-75 罐=无罐 泵=0 阀=111111 速=+0,+0,+0.00 电=7.73V/2.52A/峰3.09 补余=0.0 IO错=0 倾+0.0 自动3/3
[  422.495] TLM t= 278.8 L1·A@-76 L2·A@-75 L3·A@-76 R1·A@-76 R2·A@-75 R3·A@-75 罐=无罐 泵=0 阀=111111 速=+0,+0,+0.00 电=7.75V/2.36A/峰3.09 补余=0.0 IO错=0 倾+0.0 自动3/3
[  423.018] TLM t= 279.3 L1·A@-76 L2·A@-75 L3·A@-76 R1·A@-76 R2·A@-75 R3·A@-74 罐=无罐 泵=0 阀=111111 速=+0,+0,+0.00 电=7.72V/2.77A/峰3.09 补余=0.0 IO错=0 倾+0.0 自动3/3
[  423.524] TLM t= 279.8 L1·A@-76 L2·A@-74 L3·A@-76 R1·A@-76 R2·A@-74 R3·A@-73 罐=无罐 泵=0 阀=111111 速=+0,+0,+0.00 电=7.73V/2.44A/峰3.09 补余=0.0 IO错=0 倾+0.0 自动3/3
[  424.046] TLM t= 280.4 L1·A@-76 L2·A@-74 L3·A@-76 R1·A@-76 R2·A@-74 R3·A@-73 罐=无罐 泵=0 阀=111111 速=+0,+0,+0.00 电=7.73V/2.60A/峰3.09 补余=0.0 IO错=0 倾+0.0 自动3/3
[  424.550] TLM t= 280.9 L1·A@-76 L2·A@-73 L3·A@-76 R1·A@-76 R2·A@-73 R3·A@-72 罐=无罐 泵=0 阀=111111 速=+0,+0,+0.00 电=7.74V/2.52A/峰3.09 补余=0.0 IO错=0 倾+0.0 自动3/3
[  425.073] TLM t= 281.4 L1·A@-76 L2·A@-73 L3·A@-76 R1·A@-76 R2·A@-73 R3·A@-72 罐=无罐 泵=0 阀=111111 速=+0,+0,+0.00 电=7.76V/2.60A/峰3.09 补余=0.0 IO错=0 倾+0.0 自动3/3
[  425.575] TLM t= 281.9 L1·A@-76 L2·A@-73 L3·A@-76 R1·A@-76 R2·A@-73 R3·A@-71 罐=无罐 泵=0 阀=111111 速=+0,+0,+0.00 电=7.73V/2.36A/峰3.09 补余=0.0 IO错=0 倾+0.0 自动3/3
[  426.099] TLM t= 282.4 L1·A@-76 L2·A@-72 L3·A@-76 R1·A@-76 R2·A@-72 R3·A@-70 罐=无罐 泵=0 阀=111111 速=+0,+0,+0.00 电=7.74V/2.44A/峰3.09 补余=0.0 IO错=0 倾+0.0 自动3/3
[  426.600] TLM t= 282.9 L1·A@-76 L2·A@-72 L3·A@-76 R1·A@-76 R2·A@-72 R3·A@-70 罐=无罐 泵=0 阀=111111 速=+0,+0,+0.00 电=7.73V/2.44A/峰3.09 补余=0.0 IO错=0 倾+0.0 自动3/3
[  427.122] TLM t= 283.4 L1·A@-76 L2·A@-71 L3·A@-76 R1·A@-76 R2·A@-72 R3·A@-69 罐=无罐 泵=0 阀=111111 速=+0,+0,+0.00 电=7.74V/2.36A/峰3.09 补余=0.0 IO错=0 倾+0.0 自动3/3
[  427.624] TLM t= 283.9 L1·A@-75 L2·A@-71 L3·A@-76 R1·A@-75 R2·A@-71 R3·A@-68 罐=无罐 泵=0 阀=111111 速=+0,+0,+0.00 电=7.72V/2.52A/峰3.09 补余=0.0 IO错=0 倾+0.0 自动3/3
[  428.147] TLM t= 284.4 L1·A@-75 L2·A@-70 L3·A@-76 R1·A@-75 R2·A@-71 R3·A@-68 罐=无罐 泵=0 阀=111111 速=+0,+0,+0.00 电=7.74V/2.60A/峰3.09 补余=0.0 IO错=0 倾+0.0 自动3/3
[  428.650] TLM t= 284.9 L1·A@-75 L2·A@-70 L3·A@-76 R1·A@-75 R2·A@-70 R3·A@-67 罐=无罐 泵=0 阀=111111 速=+0,+0,+0.00 电=7.72V/2.36A/峰3.09 补余=0.0 IO错=0 倾+0.0 自动3/3
[  429.173] TLM t= 285.5 L1·A@-75 L2·A@-69 L3·A@-76 R1·A@-75 R2·A@-70 R3·A@-66 罐=无罐 泵=0 阀=111111 速=+0,+0,+0.00 电=7.73V/2.44A/峰3.09 补余=0.0 IO错=0 倾+0.0 自动3/3
[  429.678] TLM t= 286.0 L1·A@-75 L2·A@-69 L3·A@-76 R1·A@-75 R2·A@-70 R3·A@-66 罐=无罐 泵=0 阀=111111 速=+0,+0,+0.00 电=7.75V/2.52A/峰3.09 补余=0.0 IO错=0 倾+0.0 自动3/3
[  430.203] TLM t= 286.5 L1·A@-75 L2·A@-69 L3·A@-76 R1·A@-75 R2·A@-69 R3·A@-65 罐=无罐 泵=0 阀=111111 速=+0,+0,+0.00 电=7.74V/2.44A/峰3.09 补余=0.0 IO错=0 倾+0.0 自动3/3
[  430.716] TLM t= 287.0 L1·A@-75 L2·A@-68 L3·A@-76 R1·A@-75 R2·A@-69 R3·A@-65 罐=无罐 泵=0 阀=111111 速=+0,+0,+0.00 电=7.72V/2.28A/峰3.09 补余=0.0 IO错=0 倾+0.0 自动3/3
[  431.215] TLM t= 287.5 L1·A@-75 L2·A@-68 L3·A@-75 R1·A@-75 R2·A@-69 R3·A@-64 罐=无罐 泵=0 阀=111111 速=+0,+0,+0.00 电=7.74V/2.44A/峰3.09 补余=0.0 IO错=0 倾+0.0 自动3/3
[  431.739] TLM t= 288.0 L1·A@-75 L2·A@-67 L3·A@-75 R1·A@-75 R2·A@-68 R3·A@-63 罐=无罐 泵=0 阀=111111 速=+0,+0,+0.00 电=7.74V/2.44A/峰3.09 补余=0.0 IO错=0 倾+0.0 自动3/3
[  432.241] TLM t= 288.5 L1·A@-75 L2·A@-67 L3·A@-75 R1·A@-75 R2·A@-68 R3·A@-63 罐=无罐 泵=0 阀=111111 速=+0,+0,+0.00 电=7.75V/2.44A/峰3.09 补余=0.0 IO错=0 倾+0.0 自动3/3
[  432.766] TLM t= 289.0 L1·A@-75 L2·A@-66 L3·A@-75 R1·A@-75 R2·A@-67 R3·A@-62 罐=无罐 泵=0 阀=111111 速=+0,+0,+0.00 电=7.72V/2.52A/峰3.09 补余=0.0 IO错=0 倾+0.0 自动3/3
[  433.265] TLM t= 289.5 L1·A@-75 L2·A@-66 L3·A@-75 R1·A@-75 R2·A@-67 R3·A@-62 罐=无罐 泵=0 阀=111111 速=+0,+0,+0.00 电=7.73V/2.60A/峰3.09 补余=0.0 IO错=0 倾+0.0 自动3/3
[  433.791] TLM t= 290.0 L1·A@-75 L2·A@-65 L3·A@-75 R1·A@-75 R2·A@-67 R3·A@-61 罐=无罐 泵=0 阀=111111 速=+0,+0,+0.00 电=7.72V/2.44A/峰3.09 补余=0.0 IO错=0 倾+0.0 自动3/3
[  434.292] TLM t= 290.5 L1·A@-74 L2·A@-65 L3·A@-75 R1·A@-75 R2·A@-66 R3·A@-60 罐=无罐 泵=0 阀=111111 速=+0,+0,+0.00 电=7.75V/2.52A/峰3.09 补余=0.0 IO错=0 倾+0.0 自动3/3
[  434.768] EVT 泵 开 最差盘压-59.9
[  434.818] TLM t= 291.1 L1·A@-74 L2·A@-65 L3·A@-75 R1·A@-75 R2·A@-66 R3·A@-60 罐=无罐 泵=1 阀=111111 速=+0,+0,+0.00 电=7.65V/2.52A/峰3.09 补余=0.0 IO错=0 倾+0.0 自动3/3
[  435.319] TLM t= 291.6 L1·A@-74 L2·A@-71 L3·A@-75 R1·A@-75 R2·A@-71 R3·A@-71 罐=无罐 泵=1 阀=111111 速=+0,+0,+0.00 电=7.68V/2.52A/峰3.09 补余=0.0 IO错=0 倾+0.0 自动3/3
[  435.653] EVT 泵 停 最差盘压-75.2
[  435.839] TLM t= 292.1 L1·A@-76 L2·A@-76 L3·A@-76 R1·A@-76 R2·A@-76 R3·A@-76 罐=无罐 泵=0 阀=111111 速=+0,+0,+0.00 电=7.74V/2.44A/峰3.09 补余=0.0 IO错=0 倾+0.0 自动3/3
[  436.346] TLM t= 292.6 L1·A@-76 L2·A@-76 L3·A@-76 R1·A@-76 R2·A@-76 R3·A@-75 罐=无罐 泵=0 阀=111111 速=+0,+0,+0.00 电=7.73V/2.52A/峰3.09 补余=0.0 IO错=0 倾+0.0 自动3/3
[  436.379] EVT 实验序列完成
[  436.872] TLM t= 293.1 L1·A@-76 L2·A@-75 L3·A@-76 R1·A@-76 R2·A@-75 R3·A@-75 罐=无罐 泵=0 阀=111111 速=+0,+0,+0.00 电=7.74V/2.52A/峰3.09 补余=0.0 IO错=0 倾+0.0
[  437.370] TLM t= 293.6 L1·A@-76 L2·A@-75 L3·A@-76 R1·A@-76 R2·A@-75 R3·A@-74 罐=无罐 泵=0 阀=111111 速=+0,+0,+0.00 电=7.74V/2.44A/峰3.09 补余=0.0 IO错=0 倾+0.0
[  437.896] TLM t= 294.1 L1·A@-76 L2·A@-74 L3·A@-76 R1·A@-76 R2·A@-74 R3·A@-74 罐=无罐 泵=0 阀=111111 速=+0,+0,+0.00 电=7.72V/2.52A/峰3.09 补余=0.0 IO错=0 倾+0.0
[  438.396] TLM t= 294.6 L1·A@-76 L2·A@-74 L3·A@-76 R1·A@-76 R2·A@-74 R3·A@-73 罐=无罐 泵=0 阀=111111 速=+0,+0,+0.00 电=7.74V/2.44A/峰3.09 补余=0.0 IO错=0 倾+0.0
[  438.919] TLM t= 295.1 L1·A@-76 L2·A@-73 L3·A@-76 R1·A@-76 R2·A@-73 R3·A@-72 罐=无罐 泵=0 阀=111111 速=+0,+0,+0.00 电=7.72V/2.36A/峰3.09 补余=0.0 IO错=0 倾+0.0
[  439.419] TLM t= 295.6 L1·A@-76 L2·A@-73 L3·A@-76 R1·A@-76 R2·A@-73 R3·A@-72 罐=无罐 泵=0 阀=111111 速=+0,+0,+0.00 电=7.73V/2.36A/峰3.09 补余=0.0 IO错=0 倾+0.0
[  439.946] TLM t= 296.2 L1·A@-76 L2·A@-73 L3·A@-76 R1·A@-75 R2·A@-73 R3·A@-71 罐=无罐 泵=0 阀=111111 速=+0,+0,+0.00 电=7.74V/2.44A/峰3.09 补余=0.0 IO错=0 倾+0.0
[  440.446] TLM t= 296.7 L1·A@-76 L2·A@-72 L3·A@-76 R1·A@-75 R2·A@-72 R3·A@-70 罐=无罐 泵=0 阀=111111 速=+0,+0,+0.00 电=7.73V/2.44A/峰3.09 补余=0.0 IO错=0 倾+0.0
[  440.972] TLM t= 297.2 L1·A@-75 L2·A@-72 L3·A@-76 R1·A@-75 R2·A@-72 R3·A@-70 罐=无罐 泵=0 阀=111111 速=+0,+0,+0.00 电=7.74V/2.44A/峰3.09 补余=0.0 IO错=0 倾+0.0
[  441.473] TLM t= 297.7 L1·A@-75 L2·A@-71 L3·A@-76 R1·A@-75 R2·A@-72 R3·A@-69 罐=无罐 泵=0 阀=111111 速=+0,+0,+0.00 电=7.73V/2.52A/峰3.09 补余=0.0 IO错=0 倾+0.0
[  441.999] TLM t= 298.2 L1·A@-75 L2·A@-71 L3·A@-76 R1·A@-75 R2·A@-71 R3·A@-68 罐=无罐 泵=0 阀=111111 速=+0,+0,+0.00 电=7.73V/2.52A/峰3.09 补余=0.0 IO错=0 倾+0.0
[  442.499] TLM t= 298.7 L1·A@-75 L2·A@-70 L3·A@-76 R1·A@-75 R2·A@-71 R3·A@-68 罐=无罐 泵=0 阀=111111 速=+0,+0,+0.00 电=7.75V/2.52A/峰3.09 补余=0.0 IO错=0 倾+0.0
[  443.022] TLM t= 299.2 L1·A@-75 L2·A@-70 L3·A@-76 R1·A@-75 R2·A@-70 R3·A@-67 罐=无罐 泵=0 阀=111111 速=+0,+0,+0.00 电=7.74V/2.52A/峰3.09 补余=0.0 IO错=0 倾+0.0
[  443.525] TLM t= 299.7 L1·A@-75 L2·A@-69 L3·A@-75 R1·A@-75 R2·A@-70 R3·A@-66 罐=无罐 泵=0 阀=111111 速=+0,+0,+0.00 电=7.75V/2.36A/峰3.09 补余=0.0 IO错=0 倾+0.0
[  444.049] TLM t= 300.2 L1·A@-75 L2·A@-69 L3·A@-75 R1·A@-75 R2·A@-70 R3·A@-66 罐=无罐 泵=0 阀=111111 速=+0,+0,+0.00 电=7.72V/2.36A/峰3.09 补余=0.0 IO错=0 倾+0.0
[  444.552] TLM t= 300.7 L1·A@-75 L2·A@-68 L3·A@-75 R1·A@-75 R2·A@-69 R3·A@-65 罐=无罐 泵=0 阀=111111 速=+0,+0,+0.00 电=7.73V/2.44A/峰3.09 补余=0.0 IO错=0 倾+0.0
[  445.076] TLM t= 301.3 L1·A@-75 L2·A@-68 L3·A@-75 R1·A@-75 R2·A@-69 R3·A@-65 罐=无罐 泵=0 阀=111111 速=+0,+0,+0.00 电=7.72V/2.52A/峰3.09 补余=0.0 IO错=0 倾+0.0
[  445.579] TLM t= 301.8 L1·A@-75 L2·A@-68 L3·A@-75 R1·A@-75 R2·A@-69 R3·A@-64 罐=无罐 泵=0 阀=111111 速=+0,+0,+0.00 电=7.74V/2.44A/峰3.09 补余=0.0 IO错=0 倾+0.0
[  446.104] TLM t= 302.3 L1·A@-75 L2·A@-67 L3·A@-75 R1·A@-75 R2·A@-68 R3·A@-63 罐=无罐 泵=0 阀=111111 速=+0,+0,+0.00 电=7.73V/2.52A/峰3.09 补余=0.0 IO错=0 倾+0.0
[  446.606] TLM t= 302.8 L1·A@-75 L2·A@-67 L3·A@-75 R1·A@-75 R2·A@-68 R3·A@-63 罐=无罐 泵=0 阀=111111 速=+0,+0,+0.00 电=7.73V/2.52A/峰3.09 补余=0.0 IO错=0 倾+0.0
[  447.131] TLM t= 303.3 L1·A@-75 L2·A@-66 L3·A@-75 R1·A@-75 R2·A@-67 R3·A@-62 罐=无罐 泵=0 阀=111111 速=+0,+0,+0.00 电=7.73V/2.44A/峰3.09 补余=0.0 IO错=0 倾+0.0
[  447.630] TLM t= 303.8 L1·A@-74 L2·A@-66 L3·A@-75 R1·A@-75 R2·A@-67 R3·A@-62 罐=无罐 泵=0 阀=111111 速=+0,+0,+0.00 电=7.72V/2.44A/峰3.09 补余=0.0 IO错=0 倾+0.0
[  448.151] TLM t= 304.3 L1·A@-74 L2·A@-66 L3·A@-75 R1·A@-75 R2·A@-67 R3·A@-61 罐=无罐 泵=0 阀=111111 速=+0,+0,+0.00 电=7.74V/2.44A/峰3.09 补余=0.0 IO错=0 倾+0.0
[  448.656] TLM t= 304.8 L1·A@-74 L2·A@-65 L3·A@-75 R1·A@-75 R2·A@-66 R3·A@-60 罐=无罐 泵=0 阀=111111 速=+0,+0,+0.00 电=7.73V/2.52A/峰3.09 补余=0.0 IO错=0 倾+0.0
[  449.070] EVT 泵 开 最差盘压-59.9
[  449.181] TLM t= 305.3 L1·A@-74 L2·A@-65 L3·A@-75 R1·A@-75 R2·A@-66 R3·A@-60 罐=无罐 泵=1 阀=111111 速=+0,+0,+0.00 电=7.70V/2.36A/峰3.09 补余=0.0 IO错=0 倾+0.0
[  449.679] TLM t= 305.8 L1·A@-74 L2·A@-72 L3·A@-75 R1·A@-75 R2·A@-72 R3·A@-73 罐=无罐 泵=1 阀=111111 速=+0,+0,+0.00 电=7.71V/2.36A/峰3.09 补余=0.0 IO错=0 倾+0.0
[  449.953] EVT 泵 停 最差盘压-75.2
[  450.204] TLM t= 306.4 L1·A@-76 L2·A@-76 L3·A@-76 R1·A@-76 R2·A@-76 R3·A@-76 罐=无罐 泵=0 阀=111111 速=+0,+0,+0.00 电=7.73V/2.44A/峰3.09 补余=0.0 IO错=0 倾+0.0
[  450.701] TLM t= 306.9 L1·A@-76 L2·A@-76 L3·A@-76 R1·A@-76 R2·A@-75 R3·A@-75 罐=无罐 泵=0 阀=111111 速=+0,+0,+0.00 电=7.72V/2.44A/峰3.09 补余=0.0 IO错=0 倾+0.0
[  451.228] TLM t= 307.4 L1·A@-76 L2·A@-75 L3·A@-76 R1·A@-76 R2·A@-75 R3·A@-75 罐=无罐 泵=0 阀=111111 速=+0,+0,+0.00 电=7.72V/2.28A/峰3.09 补余=0.0 IO错=0 倾+0.0
[  451.729] TLM t= 307.9 L1·A@-76 L2·A@-75 L3·A@-76 R1·A@-76 R2·A@-75 R3·A@-74 罐=无罐 泵=0 阀=111111 速=+0,+0,+0.00 电=7.72V/2.44A/峰3.09 补余=0.0 IO错=0 倾+0.0
[  452.251] TLM t= 308.4 L1·A@-76 L2·A@-74 L3·A@-75 R1·A@-76 R2·A@-74 R3·A@-73 罐=无罐 泵=0 阀=111111 速=+0,+0,+0.00 电=7.72V/2.44A/峰3.09 补余=0.0 IO错=0 倾+0.0
[  452.751] TLM t= 308.9 L1·A@-76 L2·A@-74 L3·A@-75 R1·A@-76 R2·A@-74 R3·A@-73 罐=无罐 泵=0 阀=111111 速=+0,+0,+0.00 电=7.73V/2.44A/峰3.09 补余=0.0 IO错=0 倾+0.0
[  453.279] TLM t= 309.4 L1·A@-76 L2·A@-73 L3·A@-75 R1·A@-76 R2·A@-73 R3·A@-72 罐=无罐 泵=0 阀=111111 速=+0,+0,+0.00 电=7.72V/2.52A/峰3.09 补余=0.0 IO错=0 倾+0.0
[  453.779] TLM t= 309.9 L1·A@-76 L2·A@-73 L3·A@-75 R1·A@-75 R2·A@-73 R3·A@-71 罐=无罐 泵=0 阀=111111 速=+0,+0,+0.00 电=7.73V/2.44A/峰3.09 补余=0.0 IO错=0 倾+0.0
[  454.302] TLM t= 310.4 L1·A@-76 L2·A@-72 L3·A@-75 R1·A@-75 R2·A@-73 R3·A@-71 罐=无罐 泵=0 阀=111111 速=+0,+0,+0.00 电=7.74V/2.12A/峰3.09 补余=0.0 IO错=0 倾+0.0
[  454.804] TLM t= 310.9 L1·A@-75 L2·A@-72 L3·A@-75 R1·A@-75 R2·A@-72 R3·A@-70 罐=无罐 泵=0 阀=111111 速=+0,+0,+0.00 电=7.77V/1.71A/峰3.09 补余=0.0 IO错=0 倾+0.0
[  455.325] TLM t= 311.5 L1·A@-75 L2·A@-72 L3·A@-75 R1·A@-75 R2·A@-72 R3·A@-69 罐=无罐 泵=0 阀=111111 速=+0,+0,+0.00 电=7.78V/1.47A/峰3.09 补余=0.0 IO错=0 倾+0.0
[  455.511] EVT 键 'o' 倾=+0.0待=+0.0
[  455.692] EVT 取机窗口：停泵 → 逐足串行排气（0.2s 间隔）→ 六足舵机撑住（泵禁开）
[  455.835] TLM t= 311.8 L1·A@-75 L2·A@-71 L3·A@-75 R1·A@-75 R2·A@-71 R3·A@-69 罐=无罐 泵=0 阀=111111 速=+0,+0,+0.00 电=7.79V/1.22A/峰3.09 补余=0.0 IO错=0 取机放气
[  456.111] EVT 吸附 L1 attached→venting 在态120.46s -75.2kPa
[  456.117] EVT 阀 L1 →排气位
[  456.361] TLM t= 311.8 L1·v@-75 L2·A@-71 L3·A@-75 R1·A@-75 R2·A@-71 R3·A@-68 罐=无罐 泵=0 阀=011111 速=+0,+0,+0.00 电=7.80V/0.98A/峰3.09 补余=0.0 IO错=0 取机放气
[  456.381] EVT 吸附 L2 attached→venting 在态49.52s -70.6kPa
[  456.387] EVT 阀 L2 →排气位
[  456.633] EVT 吸附 L3 attached→venting 在态85.66s -75.2kPa
[  456.636] EVT 吸附 L1 venting→released 在态0.42s 0.1kPa
[  456.638] EVT 阀 L3 →排气位
[  456.862] EVT 吸附 R1 attached→venting 在态67.38s -75.2kPa
[  456.880] EVT 吸附 L2 venting→released 在态0.42s 0.4kPa
[  456.883] EVT 阀 R1 →排气位
[  456.885] TLM t= 311.8 L1·r@-- L2·r@-- L3·v@-75 R1·v@-75 R2·A@-71 R3·A@-67 罐=无罐 泵=0 阀=000011 速=+0,+0,+0.00 电=7.78V/0.73A/峰3.09 补余=0.0 IO错=0 取机放气
[  457.101] EVT 吸附 R2 attached→venting 在态104.00s -70.4kPa
[  457.104] EVT 吸附 L3 venting→released 在态0.42s 0.1kPa
[  457.107] EVT 阀 R2 →排气位
[  457.315] EVT 吸附 R3 attached→venting 在态139.72s -66.8kPa
[  457.317] EVT 吸附 R1 venting→released 在态0.42s -0.1kPa
[  457.318] EVT 阀 R3 →排气位
[  457.406] TLM t= 311.8 L1·r@-- L2·r@-- L3·r@-- R1·r@-- R2·v@-70 R3·v@-67 罐=无罐 泵=0 阀=000000 速=+0,+0,+0.00 电=7.75V/0.73A/峰3.09 补余=0.0 IO错=0 取机放气
[  457.527] EVT 键 'o' 倾=+0.0待=+0.0（已放开）
[  457.529] EVT 吸附 R2 venting→released 在态0.42s 0.0kPa
[  457.530] EVT ⚠ 主环卡顿 1839ms（目标 20ms）
[  457.714] EVT 吸附 R3 venting→released 在态0.42s 0.3kPa
[  457.920] TLM t= 312.2 L1·r@-- L2·r@-- L3·r@-- R1·r@-- R2·r@-- R3·r@-- 罐=无罐 泵=0 阀=000000 速=+0,+0,+0.00 电=7.75V/0.73A/峰3.09 补余=0.0 IO错=0 倾+0.0 已放开
[  458.423] TLM t= 312.7 L1·r@-- L2·r@-- L3·r@-- R1·r@-- R2·r@-- R3·r@-- 罐=无罐 泵=0 阀=000000 速=+0,+0,+0.00 电=7.76V/0.65A/峰3.09 补余=0.0 IO错=0 倾+0.0 已放开
[  458.923] TLM t= 313.2 L1·r@-- L2·r@-- L3·r@-- R1·r@-- R2·r@-- R3·r@-- 罐=无罐 泵=0 阀=000000 速=+0,+0,+0.00 电=7.75V/0.73A/峰3.09 补余=0.0 IO错=0 倾+0.0 已放开
[  459.423] TLM t= 313.7 L1·r@-- L2·r@-- L3·r@-- R1·r@-- R2·r@-- R3·r@-- 罐=无罐 泵=0 阀=000000 速=+0,+0,+0.00 电=7.75V/0.65A/峰3.09 补余=0.0 IO错=0 倾+0.0 已放开
[  459.927] TLM t= 314.2 L1·r@-- L2·r@-- L3·r@-- R1·r@-- R2·r@-- R3·r@-- 罐=无罐 泵=0 阀=000000 速=+0,+0,+0.00 电=7.75V/0.73A/峰3.09 补余=0.0 IO错=0 倾+0.0 已放开
[  460.427] TLM t= 314.7 L1·r@-- L2·r@-- L3·r@-- R1·r@-- R2·r@-- R3·r@-- 罐=无罐 泵=0 阀=000000 速=+0,+0,+0.00 电=7.74V/0.65A/峰3.09 补余=0.0 IO错=0 倾+0.0 已放开
[  460.931] TLM t= 315.2 L1·r@-- L2·r@-- L3·r@-- R1·r@-- R2·r@-- R3·r@-- 罐=无罐 泵=0 阀=000000 速=+0,+0,+0.00 电=7.75V/0.49A/峰3.09 补余=0.0 IO错=0 倾+0.0 已放开
[  461.432] TLM t= 315.7 L1·r@-- L2·r@-- L3·r@-- R1·r@-- R2·r@-- R3·r@-- 罐=无罐 泵=0 阀=000000 速=+0,+0,+0.00 电=7.76V/0.49A/峰3.09 补余=0.0 IO错=0 倾+0.0 已放开
[  461.934] TLM t= 316.2 L1·r@-- L2·r@-- L3·r@-- R1·r@-- R2·r@-- R3·r@-- 罐=无罐 泵=0 阀=000000 速=+0,+0,+0.00 电=7.74V/0.81A/峰3.09 补余=0.0 IO错=0 倾+0.0 已放开
[  462.434] TLM t= 316.7 L1·r@-- L2·r@-- L3·r@-- R1·r@-- R2·r@-- R3·r@-- 罐=无罐 泵=0 阀=000000 速=+0,+0,+0.00 电=7.74V/0.81A/峰3.09 补余=0.0 IO错=0 倾+0.0 已放开
[  462.936] TLM t= 317.2 L1·r@-- L2·r@-- L3·r@-- R1·r@-- R2·r@-- R3·r@-- 罐=无罐 泵=0 阀=000000 速=+0,+0,+0.00 电=7.73V/0.81A/峰3.09 补余=0.0 IO错=0 倾+0.0 已放开
[  463.435] TLM t= 317.7 L1·r@-- L2·r@-- L3·r@-- R1·r@-- R2·r@-- R3·r@-- 罐=无罐 泵=0 阀=000000 速=+0,+0,+0.00 电=7.74V/0.81A/峰3.09 补余=0.0 IO错=0 倾+0.0 已放开
[  463.941] TLM t= 318.2 L1·r@-- L2·r@-- L3·r@-- R1·r@-- R2·r@-- R3·r@-- 罐=无罐 泵=0 阀=000000 速=+0,+0,+0.00 电=7.73V/0.90A/峰3.09 补余=0.0 IO错=0 倾+0.0 已放开
[  464.440] TLM t= 318.7 L1·r@-- L2·r@-- L3·r@-- R1·r@-- R2·r@-- R3·r@-- 罐=无罐 泵=0 阀=000000 速=+0,+0,+0.00 电=7.74V/0.81A/峰3.09 补余=0.0 IO错=0 倾+0.0 已放开
[  464.611] EVT 键 '\x1b' 倾=+0.0待=+0.0（已放开）
[  464.791] EVT 退出序列：停泵 → 逐足串行放气（通→断，0.2s 间隔） → 舵机断电（不回站姿）
[  465.098] TLM t= 319.1 L1·r@-- L2·r@-- L3·r@-- R1·r@-- R2·r@-- R3·r@-- 罐=无罐 泵=0 阀=000000 速=+0,+0,+0.00 电=7.73V/0.81A/峰3.09 补余=0.0 IO错=0 退出放气
[  465.122] EVT 阀 L1 →抽气位
[  465.343] EVT 阀 L2 →抽气位
[  465.564] EVT 阀 L3 →抽气位
[  465.608] TLM t= 319.1 L1·r@-- L2·r@-- L3·r@-- R1·r@-- R2·r@-- R3·r@-- 罐=无罐 泵=0 阀=111000 速=+0,+0,+0.00 电=7.78V/0.81A/峰3.09 补余=0.0 IO错=0 退出放气
[  465.789] EVT 阀 R1 →抽气位
[  466.009] EVT 阀 R2 →抽气位
[  466.116] TLM t= 319.1 L1·r@-- L2·r@-- L3·r@-- R1·r@-- R2·r@-- R3·r@-- 罐=无罐 泵=0 阀=111110 速=+0,+0,+0.00 电=7.80V/0.81A/峰3.09 补余=0.0 IO错=0 退出放气
[  466.241] EVT 阀 R3 →抽气位
[  466.442] EVT 退出：阀线圈已断电（coils_off）
[  466.545] EVT 退出序列完成（舵机断电）
[  466.545] EVT END 正常退出
