# 开跑 2026-08-31 17:27:20  argv: scripts/body_lean.py --no-tank --stand-height 62 --tilt-trim 6 --handover L1:31,R1:33,L3:29,R3:22,R2:22,L2:24 --handover-weights --handover-rate 20
# git: 822bd70
# 模式=no-tank port=/dev/ttyACM0
# 参数: lean_step=5mm lean_speed=10mm/s press_delta=18mm stand=62 tilt_trim=6° handover=L1:31,L2:24,L3:29,R1:33,R2:22,R3:22 handover_rate=20 mark_settle=60 dual=0
# 阈值: ATTACH=-30.0 PUMP_ON=-60.0 PUMP_OFF=-75.0 comp_tail=72.3mm suck_timeout=2.5s
[    2.497] EVT 缓慢站起（竖直升至爬墙站位）
[    6.612] EVT 爬墙站位就位，进入就位暂停
# handover_slot_w=0.600,0.250,0.100,0.050,0.000
[    6.726] TLM t=   0.0 L1·r@-- L2·r@-- L3·r@-- R1·r@-- R2·r@-- R3·r@-- 罐=无罐 泵=0 阀=000000 速=+0,+0,+0.00 电=8.14V/1.38A/峰1.38 补余=0.0 IO错=0 就位暂停
[    7.231] TLM t=   0.0 L1·r@-- L2·r@-- L3·r@-- R1·r@-- R2·r@-- R3·r@-- 罐=无罐 泵=0 阀=000000 速=+0,+0,+0.00 电=8.13V/1.47A/峰1.47 补余=0.0 IO错=0 就位暂停
[    7.737] TLM t=   0.0 L1·r@-- L2·r@-- L3·r@-- R1·r@-- R2·r@-- R3·r@-- 罐=无罐 泵=0 阀=000000 速=+0,+0,+0.00 电=8.13V/1.38A/峰1.47 补余=0.0 IO错=0 就位暂停
[    8.251] TLM t=   0.0 L1·r@-- L2·r@-- L3·r@-- R1·r@-- R2·r@-- R3·r@-- 罐=无罐 泵=0 阀=000000 速=+0,+0,+0.00 电=8.14V/1.30A/峰1.47 补余=0.0 IO错=0 就位暂停
[    8.755] TLM t=   0.0 L1·r@-- L2·r@-- L3·r@-- R1·r@-- R2·r@-- R3·r@-- 罐=无罐 泵=0 阀=000000 速=+0,+0,+0.00 电=8.13V/1.30A/峰1.47 补余=0.0 IO错=0 就位暂停
[    9.267] TLM t=   0.0 L1·r@-- L2·r@-- L3·r@-- R1·r@-- R2·r@-- R3·r@-- 罐=无罐 泵=0 阀=000000 速=+0,+0,+0.00 电=8.12V/1.38A/峰1.47 补余=0.0 IO错=0 就位暂停
[    9.772] TLM t=   0.0 L1·r@-- L2·r@-- L3·r@-- R1·r@-- R2·r@-- R3·r@-- 罐=无罐 泵=0 阀=000000 速=+0,+0,+0.00 电=8.12V/1.47A/峰1.47 补余=0.0 IO错=0 就位暂停
[   10.284] TLM t=   0.0 L1·r@-- L2·r@-- L3·r@-- R1·r@-- R2·r@-- R3·r@-- 罐=无罐 泵=0 阀=000000 速=+0,+0,+0.00 电=8.13V/1.47A/峰1.47 补余=0.0 IO错=0 就位暂停
[   10.790] TLM t=   0.0 L1·r@-- L2·r@-- L3·r@-- R1·r@-- R2·r@-- R3·r@-- 罐=无罐 泵=0 阀=000000 速=+0,+0,+0.00 电=8.12V/1.47A/峰1.47 补余=0.0 IO错=0 就位暂停
[   11.303] TLM t=   0.0 L1·r@-- L2·r@-- L3·r@-- R1·r@-- R2·r@-- R3·r@-- 罐=无罐 泵=0 阀=000000 速=+0,+0,+0.00 电=8.13V/1.30A/峰1.47 补余=0.0 IO错=0 就位暂停
[   11.809] TLM t=   0.0 L1·r@-- L2·r@-- L3·r@-- R1·r@-- R2·r@-- R3·r@-- 罐=无罐 泵=0 阀=000000 速=+0,+0,+0.00 电=8.13V/1.38A/峰1.47 补余=0.0 IO错=0 就位暂停
[   12.322] TLM t=   0.0 L1·r@-- L2·r@-- L3·r@-- R1·r@-- R2·r@-- R3·r@-- 罐=无罐 泵=0 阀=000000 速=+0,+0,+0.00 电=8.11V/1.38A/峰1.47 补余=0.0 IO错=0 就位暂停
[   12.827] TLM t=   0.0 L1·r@-- L2·r@-- L3·r@-- R1·r@-- R2·r@-- R3·r@-- 罐=无罐 泵=0 阀=000000 速=+0,+0,+0.00 电=8.13V/1.30A/峰1.47 补余=0.0 IO错=0 就位暂停
[   13.349] TLM t=   0.0 L1·r@-- L2·r@-- L3·r@-- R1·r@-- R2·r@-- R3·r@-- 罐=无罐 泵=0 阀=000000 速=+0,+0,+0.00 电=8.13V/1.30A/峰1.47 补余=0.0 IO错=0 就位暂停
[   13.855] TLM t=   0.0 L1·r@-- L2·r@-- L3·r@-- R1·r@-- R2·r@-- R3·r@-- 罐=无罐 泵=0 阀=000000 速=+0,+0,+0.00 电=8.12V/1.30A/峰1.47 补余=0.0 IO错=0 就位暂停
[   14.367] TLM t=   0.0 L1·r@-- L2·r@-- L3·r@-- R1·r@-- R2·r@-- R3·r@-- 罐=无罐 泵=0 阀=000000 速=+0,+0,+0.00 电=8.13V/1.30A/峰1.47 补余=0.0 IO错=0 就位暂停
[   14.876] TLM t=   0.0 L1·r@-- L2·r@-- L3·r@-- R1·r@-- R2·r@-- R3·r@-- 罐=无罐 泵=0 阀=000000 速=+0,+0,+0.00 电=8.14V/1.30A/峰1.47 补余=0.0 IO错=0 就位暂停
[   15.387] TLM t=   0.0 L1·r@-- L2·r@-- L3·r@-- R1·r@-- R2·r@-- R3·r@-- 罐=无罐 泵=0 阀=000000 速=+0,+0,+0.00 电=8.13V/1.30A/峰1.47 补余=0.0 IO错=0 就位暂停
[   15.896] TLM t=   0.0 L1·r@-- L2·r@-- L3·r@-- R1·r@-- R2·r@-- R3·r@-- 罐=无罐 泵=0 阀=000000 速=+0,+0,+0.00 电=8.14V/1.30A/峰1.47 补余=0.0 IO错=0 就位暂停
[   16.405] TLM t=   0.0 L1·r@-- L2·r@-- L3·r@-- R1·r@-- R2·r@-- R3·r@-- 罐=无罐 泵=0 阀=000000 速=+0,+0,+0.00 电=8.13V/1.30A/峰1.47 补余=0.0 IO错=0 就位暂停
[   16.911] TLM t=   0.0 L1·r@-- L2·r@-- L3·r@-- R1·r@-- R2·r@-- R3·r@-- 罐=无罐 泵=0 阀=000000 速=+0,+0,+0.00 电=8.13V/1.30A/峰1.47 补余=0.0 IO错=0 就位暂停
[   17.421] TLM t=   0.0 L1·r@-- L2·r@-- L3·r@-- R1·r@-- R2·r@-- R3·r@-- 罐=无罐 泵=0 阀=000000 速=+0,+0,+0.00 电=8.13V/1.30A/峰1.47 补余=0.0 IO错=0 就位暂停
[   17.926] TLM t=   0.0 L1·r@-- L2·r@-- L3·r@-- R1·r@-- R2·r@-- R3·r@-- 罐=无罐 泵=0 阀=000000 速=+0,+0,+0.00 电=8.13V/1.22A/峰1.47 补余=0.0 IO错=0 就位暂停
[   18.438] TLM t=   0.0 L1·r@-- L2·r@-- L3·r@-- R1·r@-- R2·r@-- R3·r@-- 罐=无罐 泵=0 阀=000000 速=+0,+0,+0.00 电=8.13V/1.30A/峰1.47 补余=0.0 IO错=0 就位暂停
[   18.947] TLM t=   0.0 L1·r@-- L2·r@-- L3·r@-- R1·r@-- R2·r@-- R3·r@-- 罐=无罐 泵=0 阀=000000 速=+0,+0,+0.00 电=8.13V/1.30A/峰1.47 补余=0.0 IO错=0 就位暂停
[   19.456] TLM t=   0.0 L1·r@-- L2·r@-- L3·r@-- R1·r@-- R2·r@-- R3·r@-- 罐=无罐 泵=0 阀=000000 速=+0,+0,+0.00 电=8.13V/1.30A/峰1.47 补余=0.0 IO错=0 就位暂停
[   19.961] TLM t=   0.0 L1·r@-- L2·r@-- L3·r@-- R1·r@-- R2·r@-- R3·r@-- 罐=无罐 泵=0 阀=000000 速=+0,+0,+0.00 电=8.14V/1.22A/峰1.47 补余=0.0 IO错=0 就位暂停
[   20.470] TLM t=   0.0 L1·r@-- L2·r@-- L3·r@-- R1·r@-- R2·r@-- R3·r@-- 罐=无罐 泵=0 阀=000000 速=+0,+0,+0.00 电=8.13V/1.22A/峰1.47 补余=0.0 IO错=0 就位暂停
[   20.980] TLM t=   0.0 L1·r@-- L2·r@-- L3·r@-- R1·r@-- R2·r@-- R3·r@-- 罐=无罐 泵=0 阀=000000 速=+0,+0,+0.00 电=8.13V/1.30A/峰1.47 补余=0.0 IO错=0 就位暂停
[   21.489] TLM t=   0.0 L1·r@-- L2·r@-- L3·r@-- R1·r@-- R2·r@-- R3·r@-- 罐=无罐 泵=0 阀=000000 速=+0,+0,+0.00 电=8.13V/1.22A/峰1.47 补余=0.0 IO错=0 就位暂停
[   21.994] TLM t=   0.0 L1·r@-- L2·r@-- L3·r@-- R1·r@-- R2·r@-- R3·r@-- 罐=无罐 泵=0 阀=000000 速=+0,+0,+0.00 电=8.12V/1.22A/峰1.47 补余=0.0 IO错=0 就位暂停
[   22.502] TLM t=   0.0 L1·r@-- L2·r@-- L3·r@-- R1·r@-- R2·r@-- R3·r@-- 罐=无罐 泵=0 阀=000000 速=+0,+0,+0.00 电=8.12V/1.22A/峰1.47 补余=0.0 IO错=0 就位暂停
[   23.009] TLM t=   0.0 L1·r@-- L2·r@-- L3·r@-- R1·r@-- R2·r@-- R3·r@-- 罐=无罐 泵=0 阀=000000 速=+0,+0,+0.00 电=8.13V/1.14A/峰1.47 补余=0.0 IO错=0 就位暂停
[   23.520] TLM t=   0.0 L1·r@-- L2·r@-- L3·r@-- R1·r@-- R2·r@-- R3·r@-- 罐=无罐 泵=0 阀=000000 速=+0,+0,+0.00 电=8.13V/1.14A/峰1.47 补余=0.0 IO错=0 就位暂停
[   24.025] TLM t=   0.0 L1·r@-- L2·r@-- L3·r@-- R1·r@-- R2·r@-- R3·r@-- 罐=无罐 泵=0 阀=000000 速=+0,+0,+0.00 电=8.13V/1.22A/峰1.47 补余=0.0 IO错=0 就位暂停
[   24.538] TLM t=   0.0 L1·r@-- L2·r@-- L3·r@-- R1·r@-- R2·r@-- R3·r@-- 罐=无罐 泵=0 阀=000000 速=+0,+0,+0.00 电=8.13V/1.06A/峰1.47 补余=0.0 IO错=0 就位暂停
[   25.042] TLM t=   0.0 L1·r@-- L2·r@-- L3·r@-- R1·r@-- R2·r@-- R3·r@-- 罐=无罐 泵=0 阀=000000 速=+0,+0,+0.00 电=8.13V/0.98A/峰1.47 补余=0.0 IO错=0 就位暂停
[   25.550] TLM t=   0.0 L1·r@-- L2·r@-- L3·r@-- R1·r@-- R2·r@-- R3·r@-- 罐=无罐 泵=0 阀=000000 速=+0,+0,+0.00 电=8.14V/0.90A/峰1.47 补余=0.0 IO错=0 就位暂停
[   26.055] TLM t=   0.0 L1·r@-- L2·r@-- L3·r@-- R1·r@-- R2·r@-- R3·r@-- 罐=无罐 泵=0 阀=000000 速=+0,+0,+0.00 电=8.14V/0.98A/峰1.47 补余=0.0 IO错=0 就位暂停
[   26.564] TLM t=   0.0 L1·r@-- L2·r@-- L3·r@-- R1·r@-- R2·r@-- R3·r@-- 罐=无罐 泵=0 阀=000000 速=+0,+0,+0.00 电=8.12V/0.90A/峰1.47 补余=0.0 IO错=0 就位暂停
[   27.070] TLM t=   0.0 L1·r@-- L2·r@-- L3·r@-- R1·r@-- R2·r@-- R3·r@-- 罐=无罐 泵=0 阀=000000 速=+0,+0,+0.00 电=8.13V/0.98A/峰1.47 补余=0.0 IO错=0 就位暂停
[   27.579] TLM t=   0.0 L1·r@-- L2·r@-- L3·r@-- R1·r@-- R2·r@-- R3·r@-- 罐=无罐 泵=0 阀=000000 速=+0,+0,+0.00 电=8.14V/0.90A/峰1.47 补余=0.0 IO错=0 就位暂停
[   28.085] TLM t=   0.0 L1·r@-- L2·r@-- L3·r@-- R1·r@-- R2·r@-- R3·r@-- 罐=无罐 泵=0 阀=000000 速=+0,+0,+0.00 电=8.14V/0.98A/峰1.47 补余=0.0 IO错=0 就位暂停
[   28.594] TLM t=   0.0 L1·r@-- L2·r@-- L3·r@-- R1·r@-- R2·r@-- R3·r@-- 罐=无罐 泵=0 阀=000000 速=+0,+0,+0.00 电=8.13V/0.90A/峰1.47 补余=0.0 IO错=0 就位暂停
[   29.099] TLM t=   0.0 L1·r@-- L2·r@-- L3·r@-- R1·r@-- R2·r@-- R3·r@-- 罐=无罐 泵=0 阀=000000 速=+0,+0,+0.00 电=8.13V/0.90A/峰1.47 补余=0.0 IO错=0 就位暂停
[   29.610] TLM t=   0.0 L1·r@-- L2·r@-- L3·r@-- R1·r@-- R2·r@-- R3·r@-- 罐=无罐 泵=0 阀=000000 速=+0,+0,+0.00 电=8.13V/0.90A/峰1.47 补余=0.0 IO错=0 就位暂停
[   30.115] TLM t=   0.0 L1·r@-- L2·r@-- L3·r@-- R1·r@-- R2·r@-- R3·r@-- 罐=无罐 泵=0 阀=000000 速=+0,+0,+0.00 电=8.14V/0.90A/峰1.47 补余=0.0 IO错=0 就位暂停
[   30.628] TLM t=   0.0 L1·r@-- L2·r@-- L3·r@-- R1·r@-- R2·r@-- R3·r@-- 罐=无罐 泵=0 阀=000000 速=+0,+0,+0.00 电=8.13V/0.90A/峰1.47 补余=0.0 IO错=0 就位暂停
[   31.135] TLM t=   0.0 L1·r@-- L2·r@-- L3·r@-- R1·r@-- R2·r@-- R3·r@-- 罐=无罐 泵=0 阀=000000 速=+0,+0,+0.00 电=8.14V/0.81A/峰1.47 补余=0.0 IO错=0 就位暂停
[   31.648] TLM t=   0.0 L1·r@-- L2·r@-- L3·r@-- R1·r@-- R2·r@-- R3·r@-- 罐=无罐 泵=0 阀=000000 速=+0,+0,+0.00 电=8.14V/0.90A/峰1.47 补余=0.0 IO错=0 就位暂停
[   32.153] TLM t=   0.0 L1·r@-- L2·r@-- L3·r@-- R1·r@-- R2·r@-- R3·r@-- 罐=无罐 泵=0 阀=000000 速=+0,+0,+0.00 电=8.14V/0.90A/峰1.47 补余=0.0 IO错=0 就位暂停
[   32.663] TLM t=   0.0 L1·r@-- L2·r@-- L3·r@-- R1·r@-- R2·r@-- R3·r@-- 罐=无罐 泵=0 阀=000000 速=+0,+0,+0.00 电=8.14V/0.81A/峰1.47 补余=0.0 IO错=0 就位暂停
[   33.169] TLM t=   0.0 L1·r@-- L2·r@-- L3·r@-- R1·r@-- R2·r@-- R3·r@-- 罐=无罐 泵=0 阀=000000 速=+0,+0,+0.00 电=8.13V/0.90A/峰1.47 补余=0.0 IO错=0 就位暂停
[   33.678] TLM t=   0.0 L1·r@-- L2·r@-- L3·r@-- R1·r@-- R2·r@-- R3·r@-- 罐=无罐 泵=0 阀=000000 速=+0,+0,+0.00 电=8.14V/0.65A/峰1.47 补余=0.0 IO错=0 就位暂停
[   34.187] TLM t=   0.0 L1·r@-- L2·r@-- L3·r@-- R1·r@-- R2·r@-- R3·r@-- 罐=无罐 泵=0 阀=000000 速=+0,+0,+0.00 电=8.15V/0.65A/峰1.47 补余=0.0 IO错=0 就位暂停
[   34.699] TLM t=   0.0 L1·r@-- L2·r@-- L3·r@-- R1·r@-- R2·r@-- R3·r@-- 罐=无罐 泵=0 阀=000000 速=+0,+0,+0.00 电=8.16V/0.49A/峰1.47 补余=0.0 IO错=0 就位暂停
[   35.210] TLM t=   0.0 L1·r@-- L2·r@-- L3·r@-- R1·r@-- R2·r@-- R3·r@-- 罐=无罐 泵=0 阀=000000 速=+0,+0,+0.00 电=8.15V/0.49A/峰1.47 补余=0.0 IO错=0 就位暂停
[   35.722] TLM t=   0.0 L1·r@-- L2·r@-- L3·r@-- R1·r@-- R2·r@-- R3·r@-- 罐=无罐 泵=0 阀=000000 速=+0,+0,+0.00 电=8.15V/0.65A/峰1.47 补余=0.0 IO错=0 就位暂停
[   36.227] TLM t=   0.0 L1·r@-- L2·r@-- L3·r@-- R1·r@-- R2·r@-- R3·r@-- 罐=无罐 泵=0 阀=000000 速=+0,+0,+0.00 电=8.15V/0.57A/峰1.47 补余=0.0 IO错=0 就位暂停
[   36.738] TLM t=   0.0 L1·r@-- L2·r@-- L3·r@-- R1·r@-- R2·r@-- R3·r@-- 罐=无罐 泵=0 阀=000000 速=+0,+0,+0.00 电=8.14V/0.65A/峰1.47 补余=0.0 IO错=0 就位暂停
[   37.245] TLM t=   0.0 L1·r@-- L2·r@-- L3·r@-- R1·r@-- R2·r@-- R3·r@-- 罐=无罐 泵=0 阀=000000 速=+0,+0,+0.00 电=8.15V/0.57A/峰1.47 补余=0.0 IO错=0 就位暂停
[   37.755] TLM t=   0.0 L1·r@-- L2·r@-- L3·r@-- R1·r@-- R2·r@-- R3·r@-- 罐=无罐 泵=0 阀=000000 速=+0,+0,+0.00 电=8.15V/0.65A/峰1.47 补余=0.0 IO错=0 就位暂停
[   38.262] TLM t=   0.0 L1·r@-- L2·r@-- L3·r@-- R1·r@-- R2·r@-- R3·r@-- 罐=无罐 泵=0 阀=000000 速=+0,+0,+0.00 电=8.14V/0.65A/峰1.47 补余=0.0 IO错=0 就位暂停
[   38.775] TLM t=   0.0 L1·r@-- L2·r@-- L3·r@-- R1·r@-- R2·r@-- R3·r@-- 罐=无罐 泵=0 阀=000000 速=+0,+0,+0.00 电=8.15V/0.65A/峰1.47 补余=0.0 IO错=0 就位暂停
[   39.281] TLM t=   0.0 L1·r@-- L2·r@-- L3·r@-- R1·r@-- R2·r@-- R3·r@-- 罐=无罐 泵=0 阀=000000 速=+0,+0,+0.00 电=8.14V/0.65A/峰1.47 补余=0.0 IO错=0 就位暂停
[   39.791] TLM t=   0.0 L1·r@-- L2·r@-- L3·r@-- R1·r@-- R2·r@-- R3·r@-- 罐=无罐 泵=0 阀=000000 速=+0,+0,+0.00 电=8.15V/0.65A/峰1.47 补余=0.0 IO错=0 就位暂停
[   39.837] EVT 按 p：开始全吸附启动序列
[   39.837] EVT 相位 R3 stance→press
[   39.857] EVT 泵 开
[   40.311] TLM t=   0.0 L1·r@-- L2·r@-- L3·r@-- R1·r@-- R2·r@-- R3Pr@-- 罐=无罐 泵=1 阀=000000 速=+0,+0,+0.00 电=8.11V/0.65A/峰1.47 补余=0.0 IO错=0 倾+0.0
[   40.810] TLM t=   0.0 L1·r@-- L2·r@-- L3·r@-- R1·r@-- R2·r@-- R3Pr@-- 罐=无罐 泵=1 阀=000000 速=+0,+0,+0.00 电=8.10V/0.73A/峰1.47 补余=0.0 IO错=0 倾+0.0
[   41.311] TLM t=   0.0 L1·r@-- L2·r@-- L3·r@-- R1·r@-- R2·r@-- R3Pr@-- 罐=无罐 泵=1 阀=000000 速=+0,+0,+0.00 电=8.12V/0.57A/峰1.47 补余=0.0 IO错=0 倾+0.0
[   41.816] TLM t=   0.0 L1·r@-- L2·r@-- L3·r@-- R1·r@-- R2·r@-- R3Pr@-- 罐=无罐 泵=1 阀=000000 速=+0,+0,+0.00 电=8.14V/0.57A/峰1.47 补余=0.0 IO错=0 倾+0.0
[   42.315] TLM t=   0.0 L1·r@-- L2·r@-- L3·r@-- R1·r@-- R2·r@-- R3Pr@-- 罐=无罐 泵=1 阀=000000 速=+0,+0,+0.00 电=8.12V/0.57A/峰1.47 补余=0.0 IO错=0 倾+0.0
[   42.818] TLM t=   0.0 L1·r@-- L2·r@-- L3·r@-- R1·r@-- R2·r@-- R3Pr@-- 罐=无罐 泵=1 阀=000000 速=+0,+0,+0.00 电=8.09V/0.57A/峰1.47 补余=0.0 IO错=0 倾+0.0
[   42.830] EVT 吸附 R3 released→pressing 在态3.00s
[   42.830] EVT 相位 R3 press→wait
[   42.850] EVT 泵 停
[   43.131] EVT 吸附 R3 pressing→sucking 在态0.30s
[   43.131] EVT 阀 R3 →抽气位
[   43.154] EVT 泵 开
[   43.319] TLM t=   0.0 L1·r@-- L2·r@-- L3·r@-- R1·r@-- R2·r@-- R3Ws@-45 罐=无罐 泵=1 阀=000001 速=+0,+0,+0.00 电=8.14V/0.57A/峰1.47 补余=0.0 IO错=0 倾+0.0
[   43.472] EVT 吸附 R3 sucking→attached 在态0.34s -70.8kPa
[   43.472] EVT 相位 R3 wait→stance
[   43.492] EVT 相位 L1 stance→press
[   43.695] EVT 泵 停 最差盘压-76.0
[   43.827] TLM t=   0.0 L1Pr@-- L2·r@-- L3·r@-- R1·r@-- R2·r@-- R3·A@-77 罐=无罐 泵=0 阀=000001 速=+0,+0,+0.00 电=8.16V/0.73A/峰1.47 补余=0.0 IO错=0 倾+0.0
[   44.346] TLM t=   0.0 L1Pr@-- L2·r@-- L3·r@-- R1·r@-- R2·r@-- R3·A@-76 罐=无罐 泵=0 阀=000001 速=+0,+0,+0.00 电=8.15V/0.90A/峰1.47 补余=0.0 IO错=0 倾+0.0
[   44.675] EVT 吸附 L1 released→pressing 在态4.84s
[   44.675] EVT 相位 L1 press→wait
[   44.847] TLM t=   0.0 L1Wp@-- L2·r@-- L3·r@-- R1·r@-- R2·r@-- R3·A@-75 罐=无罐 泵=0 阀=000001 速=+0,+0,+0.00 电=8.15V/0.81A/峰1.47 补余=0.0 IO错=0 倾+0.0
[   44.996] EVT 吸附 L1 pressing→sucking 在态0.32s
[   44.997] EVT 阀 L1 →抽气位
[   45.022] EVT 泵 开 最差盘压-75.0
[   45.366] TLM t=   0.0 L1Ws@-2 L2·r@-- L3·r@-- R1·r@-- R2·r@-- R3·A@-75 罐=无罐 泵=1 阀=100001 速=+0,+0,+0.00 电=8.12V/0.73A/峰1.47 补余=0.0 IO错=0 倾+0.0
[   45.874] TLM t=   0.0 L1Ws@-2 L2·r@-- L3·r@-- R1·r@-- R2·r@-- R3·A@-74 罐=无罐 泵=1 阀=100001 速=+0,+0,+0.00 电=8.11V/0.73A/峰1.47 补余=0.0 IO错=0 倾+0.0
[   46.390] TLM t=   0.0 L1Ws@-2 L2·r@-- L3·r@-- R1·r@-- R2·r@-- R3·A@-73 罐=无罐 泵=1 阀=100001 速=+0,+0,+0.00 电=8.11V/0.81A/峰1.47 补余=0.0 IO错=0 倾+0.0
[   46.897] TLM t=   0.0 L1Ws@-2 L2·r@-- L3·r@-- R1·r@-- R2·r@-- R3·A@-73 罐=无罐 泵=1 阀=100001 速=+0,+0,+0.00 电=8.12V/0.65A/峰1.47 补余=0.0 IO错=0 倾+0.0
[   47.411] TLM t=   0.0 L1Ws@-1 L2·r@-- L3·r@-- R1·r@-- R2·r@-- R3·A@-72 罐=无罐 泵=1 阀=100001 速=+0,+0,+0.00 电=8.13V/0.65A/峰1.47 补余=0.0 IO错=0 倾+0.0
[   47.523] EVT 吸附 L1 sucking→fault 在态2.52s -1.2kPa
[   47.523] EVT 吸附 L1 fault→released 在态0.00s -1.2kPa
[   47.524] EVT 相位 L1 wait→retry
[   47.524] EVT 阀 L1 →排气位
[   47.865] EVT 相位 L1 retry→press
[   47.917] TLM t=   0.0 L1Pr@-- L2·r@-- L3·r@-- R1·r@-- R2·r@-- R3·A@-72 罐=无罐 泵=1 阀=000001 速=+0,+0,+0.00 电=8.12V/0.57A/峰1.47 补余=0.0 IO错=0 倾+0.0
[   48.329] EVT 泵 停 最差盘压-75.4
[   48.436] TLM t=   0.0 L1Pr@-- L2·r@-- L3·r@-- R1·r@-- R2·r@-- R3·A@-76 罐=无罐 泵=0 阀=000001 速=+0,+0,+0.00 电=8.15V/0.73A/峰1.47 补余=0.0 IO错=0 倾+0.0
[   48.546] EVT 吸附 L1 released→pressing 在态1.02s -1.2kPa
[   48.547] EVT 相位 L1 press→wait
[   48.870] EVT 吸附 L1 pressing→sucking 在态0.32s -1.2kPa
[   48.870] EVT 阀 L1 →抽气位
[   48.890] EVT 泵 开 最差盘压-75.8
[   48.938] TLM t=   0.0 L1Ws@-2 L2·r@-- L3·r@-- R1·r@-- R2·r@-- R3·A@-76 罐=无罐 泵=1 阀=100001 速=+0,+0,+0.00 电=8.10V/0.57A/峰1.47 补余=0.0 IO错=0 倾+0.0
[   49.228] EVT 吸附 L1 sucking→attached 在态0.36s -69.6kPa
[   49.231] EVT 相位 L1 wait→stance
[   49.252] EVT 相位 R2 stance→press
[   49.432] EVT 泵 停 最差盘压-75.1
[   49.443] TLM t=   0.0 L1·A@-75 L2·r@-- L3·r@-- R1·r@-- R2Pr@-- R3·A@-75 罐=无罐 泵=0 阀=100001 速=+0,+0,+0.00 电=8.16V/0.65A/峰1.47 补余=0.0 IO错=0 倾+0.0
[   49.963] TLM t=   0.0 L1·A@-76 L2·r@-- L3·r@-- R1·r@-- R2Pr@-- R3·A@-76 罐=无罐 泵=0 阀=100001 速=+0,+0,+0.00 电=8.16V/0.81A/峰1.47 补余=0.0 IO错=0 倾+0.0
[   50.434] EVT 吸附 R2 released→pressing 在态10.58s
[   50.435] EVT 相位 R2 press→wait
[   50.463] TLM t=   0.0 L1·A@-75 L2·r@-- L3·r@-- R1·r@-- R2Wp@-- R3·A@-75 罐=无罐 泵=0 阀=100001 速=+0,+0,+0.00 电=8.16V/0.73A/峰1.47 补余=0.0 IO错=0 倾+0.0
[   50.755] EVT 吸附 R2 pressing→sucking 在态0.32s
[   50.756] EVT 阀 R2 →抽气位
[   50.776] EVT 泵 开 最差盘压-74.7
[   50.964] TLM t=   0.0 L1·A@-75 L2·r@-- L3·r@-- R1·r@-- R2Ws@-67 R3·A@-74 罐=无罐 泵=1 阀=100011 速=+0,+0,+0.00 电=8.13V/0.49A/峰1.47 补余=0.0 IO错=0 倾+0.0
[   51.056] EVT 吸附 R2 sucking→attached 在态0.30s -67.8kPa
[   51.057] EVT 相位 R2 wait→stance
[   51.077] EVT 相位 L3 stance→press
[   51.466] TLM t=   0.0 L1·A@-75 L2·r@-- L3Pr@-- R1·r@-- R2·A@-74 R3·A@-75 罐=无罐 泵=1 阀=100011 速=+0,+0,+0.00 电=8.16V/0.57A/峰1.47 补余=0.0 IO错=0 倾+0.0
[   51.518] EVT 泵 停 最差盘压-75.0
[   51.967] TLM t=   0.0 L1·A@-76 L2·r@-- L3Pr@-- R1·r@-- R2·A@-75 R3·A@-75 罐=无罐 泵=0 阀=100011 速=+0,+0,+0.00 电=8.18V/0.65A/峰1.47 补余=0.0 IO错=0 倾+0.0
[   52.259] EVT 吸附 L3 released→pressing 在态12.40s
[   52.260] EVT 相位 L3 press→wait
[   52.468] TLM t=   0.0 L1·A@-76 L2·r@-- L3Wp@-- R1·r@-- R2·A@-74 R3·A@-75 罐=无罐 泵=0 阀=100011 速=+0,+0,+0.00 电=8.18V/0.65A/峰1.47 补余=0.0 IO错=0 倾+0.0
[   52.580] EVT 吸附 L3 pressing→sucking 在态0.32s
[   52.581] EVT 阀 L3 →抽气位
[   52.604] EVT 泵 开 最差盘压-73.6
[   52.879] EVT 吸附 L3 sucking→attached 在态0.30s -58.0kPa
[   52.882] EVT 相位 L3 wait→stance
[   52.904] EVT 相位 R1 stance→press
[   52.975] TLM t=   0.0 L1·A@-75 L2·r@-- L3·A@-66 R1Pr@-- R2·A@-73 R3·A@-74 罐=无罐 泵=1 阀=101011 速=+0,+0,+0.00 电=8.16V/0.57A/峰1.47 补余=0.0 IO错=0 倾+0.0
[   53.386] EVT 泵 停 最差盘压-75.3
[   53.492] TLM t=   0.0 L1·A@-76 L2·r@-- L3·A@-76 R1Pr@-- R2·A@-76 R3·A@-76 罐=无罐 泵=0 阀=101011 速=+0,+0,+0.00 电=8.19V/0.65A/峰1.47 补余=0.0 IO错=0 倾+0.0
[   53.995] TLM t=   0.0 L1·A@-76 L2·r@-- L3·A@-76 R1Pr@-- R2·A@-75 R3·A@-76 罐=无罐 泵=0 阀=101011 速=+0,+0,+0.00 电=8.19V/0.73A/峰1.47 补余=0.0 IO错=0 倾+0.0
[   54.085] EVT 吸附 R1 released→pressing 在态14.22s
[   54.085] EVT 相位 R1 press→wait
[   54.408] EVT 吸附 R1 pressing→sucking 在态0.32s
[   54.409] EVT 阀 R1 →抽气位
[   54.429] EVT 泵 开 最差盘压-74.9
[   54.501] TLM t=   0.0 L1·A@-76 L2·r@-- L3·A@-75 R1Ws@-13 R2·A@-75 R3·A@-75 罐=无罐 泵=1 阀=101111 速=+0,+0,+0.00 电=8.18V/0.49A/峰1.47 补余=0.0 IO错=0 倾+0.0
[   54.776] EVT 吸附 R1 sucking→attached 在态0.36s -68.2kPa
[   54.779] EVT 相位 R1 wait→stance
[   54.799] EVT 相位 L2 stance→press
[   55.007] TLM t=   0.0 L1·A@-76 L2Pr@-- L3·A@-75 R1·A@-74 R2·A@-75 R3·A@-74 罐=无罐 泵=1 阀=101111 速=+0,+0,+0.00 电=8.15V/0.41A/峰1.47 补余=0.0 IO错=0 倾+0.0
[   55.099] EVT 泵 停 最差盘压-75.5
[   55.509] TLM t=   0.0 L1·A@-77 L2Pr@-- L3·A@-76 R1·A@-76 R2·A@-76 R3·A@-76 罐=无罐 泵=0 阀=101111 速=+0,+0,+0.00 电=8.20V/0.57A/峰1.47 补余=0.0 IO错=0 倾+0.0
[   55.982] EVT 吸附 L2 released→pressing 在态16.10s
[   55.982] EVT 相位 L2 press→wait
[   56.013] TLM t=   0.0 L1·A@-76 L2Wp@-- L3·A@-76 R1·A@-76 R2·A@-76 R3·A@-76 罐=无罐 泵=0 阀=101111 速=+0,+0,+0.00 电=8.20V/0.57A/峰1.47 补余=0.0 IO错=0 倾+0.0
[   56.302] EVT 吸附 L2 pressing→sucking 在态0.32s
[   56.303] EVT 阀 L2 →抽气位
[   56.323] EVT 泵 开 最差盘压-75.2
[   56.512] TLM t=   0.0 L1·A@-76 L2Ws@-63 L3·A@-76 R1·A@-75 R2·A@-75 R3·A@-75 罐=无罐 泵=1 阀=111111 速=+0,+0,+0.00 电=8.14V/0.49A/峰1.47 补余=0.0 IO错=0 倾+0.0
[   56.602] EVT 吸附 L2 sucking→attached 在态0.30s -66.3kPa
[   56.605] EVT 相位 L2 wait→stance
[   56.605] EVT ✓ 六足全吸附，启动序列完成，相位钟开始
[   56.946] EVT 泵 停 最差盘压-75.2
[   57.014] TLM t=   0.4 L1·A@-76 L2·A@-76 L3·A@-76 R1·A@-75 R2·A@-76 R3·A@-76 罐=无罐 泵=0 阀=111111 速=+0,+0,+0.00 电=8.21V/0.49A/峰1.47 补余=0.0 IO错=0 倾+0.0
[   57.517] TLM t=   0.9 L1·A@-76 L2·A@-76 L3·A@-76 R1·A@-75 R2·A@-75 R3·A@-76 罐=无罐 泵=0 阀=111111 速=+0,+0,+0.00 电=8.21V/0.49A/峰1.47 补余=0.0 IO错=0 倾+0.0
[   58.019] TLM t=   1.4 L1·A@-76 L2·A@-75 L3·A@-76 R1·A@-75 R2·A@-75 R3·A@-75 罐=无罐 泵=0 阀=111111 速=+0,+0,+0.00 电=8.21V/0.49A/峰1.47 补余=0.0 IO错=0 倾+0.0
[   58.519] TLM t=   1.9 L1·A@-76 L2·A@-75 L3·A@-76 R1·A@-75 R2·A@-74 R3·A@-74 罐=无罐 泵=0 阀=111111 速=+0,+0,+0.00 电=8.21V/0.57A/峰1.47 补余=0.0 IO错=0 倾+0.0
[   59.026] TLM t=   2.4 L1·A@-75 L2·A@-74 L3·A@-76 R1·A@-75 R2·A@-74 R3·A@-74 罐=无罐 泵=0 阀=111111 速=+0,+0,+0.00 电=8.21V/0.57A/峰1.47 补余=0.0 IO错=0 倾+0.0
[   59.525] TLM t=   2.9 L1·A@-75 L2·A@-74 L3·A@-75 R1·A@-75 R2·A@-74 R3·A@-73 罐=无罐 泵=0 阀=111111 速=+0,+0,+0.00 电=8.20V/0.65A/峰1.47 补余=0.0 IO错=0 倾+0.0
[   60.025] TLM t=   3.4 L1·A@-75 L2·A@-73 L3·A@-75 R1·A@-75 R2·A@-73 R3·A@-73 罐=无罐 泵=0 阀=111111 速=+0,+0,+0.00 电=8.21V/0.65A/峰1.47 补余=0.0 IO错=0 倾+0.0
[   60.528] TLM t=   3.9 L1·A@-75 L2·A@-73 L3·A@-75 R1·A@-74 R2·A@-73 R3·A@-72 罐=无罐 泵=0 阀=111111 速=+0,+0,+0.00 电=8.20V/0.57A/峰1.47 补余=0.0 IO错=0 倾+0.0
[   61.029] TLM t=   4.4 L1·A@-74 L2·A@-72 L3·A@-75 R1·A@-74 R2·A@-72 R3·A@-71 罐=无罐 泵=0 阀=111111 速=+0,+0,+0.00 电=8.20V/0.57A/峰1.47 补余=0.0 IO错=0 倾+0.0
[   61.529] TLM t=   4.9 L1·A@-74 L2·A@-72 L3·A@-75 R1·A@-74 R2·A@-72 R3·A@-71 罐=无罐 泵=0 阀=111111 速=+0,+0,+0.00 电=8.20V/0.65A/峰1.47 补余=0.0 IO错=0 倾+0.0
[   62.034] TLM t=   5.4 L1·A@-74 L2·A@-71 L3·A@-75 R1·A@-74 R2·A@-72 R3·A@-70 罐=无罐 泵=0 阀=111111 速=+0,+0,+0.00 电=8.21V/0.65A/峰1.47 补余=0.0 IO错=0 倾+0.0
[   62.532] TLM t=   5.9 L1·A@-74 L2·A@-71 L3·A@-75 R1·A@-74 R2·A@-71 R3·A@-70 罐=无罐 泵=0 阀=111111 速=+0,+0,+0.00 电=8.21V/0.65A/峰1.47 补余=0.0 IO错=0 倾+0.0
[   63.037] TLM t=   6.4 L1·A@-73 L2·A@-70 L3·A@-75 R1·A@-74 R2·A@-71 R3·A@-69 罐=无罐 泵=0 阀=111111 速=+0,+0,+0.00 电=8.20V/0.65A/峰1.47 补余=0.0 IO错=0 倾+0.0
[   63.536] TLM t=   6.9 L1·A@-73 L2·A@-70 L3·A@-75 R1·A@-74 R2·A@-71 R3·A@-69 罐=无罐 泵=0 阀=111111 速=+0,+0,+0.00 电=8.21V/0.65A/峰1.47 补余=0.0 IO错=0 倾+0.0
[   64.037] TLM t=   7.4 L1·A@-73 L2·A@-70 L3·A@-75 R1·A@-74 R2·A@-70 R3·A@-68 罐=无罐 泵=0 阀=111111 速=+0,+0,+0.00 电=8.21V/0.65A/峰1.47 补余=0.0 IO错=0 倾+0.0
[   64.540] TLM t=   7.9 L1·A@-73 L2·A@-69 L3·A@-74 R1·A@-74 R2·A@-70 R3·A@-68 罐=无罐 泵=0 阀=111111 速=+0,+0,+0.00 电=8.20V/0.65A/峰1.47 补余=0.0 IO错=0 倾+0.0
[   65.041] TLM t=   8.4 L1·A@-72 L2·A@-69 L3·A@-74 R1·A@-74 R2·A@-70 R3·A@-67 罐=无罐 泵=0 阀=111111 速=+0,+0,+0.00 电=8.21V/0.65A/峰1.47 补余=0.0 IO错=0 倾+0.0
[   65.543] TLM t=   8.9 L1·A@-72 L2·A@-68 L3·A@-74 R1·A@-74 R2·A@-69 R3·A@-66 罐=无罐 泵=0 阀=111111 速=+0,+0,+0.00 电=8.20V/0.65A/峰1.47 补余=0.0 IO错=0 倾+0.0
[   66.042] TLM t=   9.4 L1·A@-72 L2·A@-68 L3·A@-74 R1·A@-74 R2·A@-69 R3·A@-66 罐=无罐 泵=0 阀=111111 速=+0,+0,+0.00 电=8.20V/0.65A/峰1.47 补余=0.0 IO错=0 倾+0.0
[   66.547] TLM t=   9.9 L1·A@-72 L2·A@-68 L3·A@-74 R1·A@-73 R2·A@-68 R3·A@-65 罐=无罐 泵=0 阀=111111 速=+0,+0,+0.00 电=8.21V/0.57A/峰1.47 补余=0.0 IO错=0 倾+0.0
[   67.047] TLM t=  10.4 L1·A@-72 L2·A@-67 L3·A@-74 R1·A@-73 R2·A@-68 R3·A@-65 罐=无罐 泵=0 阀=111111 速=+0,+0,+0.00 电=8.21V/0.65A/峰1.47 补余=0.0 IO错=0 倾+0.0
[   67.550] TLM t=  10.9 L1·A@-71 L2·A@-67 L3·A@-74 R1·A@-73 R2·A@-68 R3·A@-64 罐=无罐 泵=0 阀=111111 速=+0,+0,+0.00 电=8.20V/0.65A/峰1.47 补余=0.0 IO错=0 倾+0.0
[   68.053] TLM t=  11.4 L1·A@-71 L2·A@-66 L3·A@-74 R1·A@-73 R2·A@-67 R3·A@-64 罐=无罐 泵=0 阀=111111 速=+0,+0,+0.00 电=8.20V/0.65A/峰1.47 补余=0.0 IO错=0 倾+0.0
[   68.555] TLM t=  11.9 L1·A@-71 L2·A@-66 L3·A@-74 R1·A@-73 R2·A@-67 R3·A@-63 罐=无罐 泵=0 阀=111111 速=+0,+0,+0.00 电=8.20V/0.65A/峰1.47 补余=0.0 IO错=0 倾+0.0
[   69.066] TLM t=  12.4 L1·A@-71 L2·A@-65 L3·A@-74 R1·A@-73 R2·A@-67 R3·A@-63 罐=无罐 泵=0 阀=111111 速=+0,+0,+0.00 电=8.20V/0.65A/峰1.47 补余=0.0 IO错=0 倾+0.0
[   69.572] TLM t=  12.9 L1·A@-70 L2·A@-65 L3·A@-74 R1·A@-73 R2·A@-66 R3·A@-62 罐=无罐 泵=0 阀=111111 速=+0,+0,+0.00 电=8.20V/0.65A/峰1.47 补余=0.0 IO错=0 倾+0.0
[   70.095] TLM t=  13.4 L1·A@-70 L2·A@-65 L3·A@-74 R1·A@-73 R2·A@-66 R3·A@-62 罐=无罐 泵=0 阀=111111 速=+0,+0,+0.00 电=8.21V/0.65A/峰1.47 补余=0.0 IO错=0 倾+0.0
[   70.596] TLM t=  13.9 L1·A@-70 L2·A@-64 L3·A@-73 R1·A@-73 R2·A@-66 R3·A@-61 罐=无罐 泵=0 阀=111111 速=+0,+0,+0.00 电=8.20V/0.65A/峰1.47 补余=0.0 IO错=0 倾+0.0
[   71.120] TLM t=  14.4 L1·A@-70 L2·A@-64 L3·A@-73 R1·A@-73 R2·A@-65 R3·A@-60 罐=无罐 泵=0 阀=111111 速=+0,+0,+0.00 电=8.21V/0.65A/峰1.47 补余=0.0 IO错=0 倾+0.0
[   71.492] EVT 泵 开 最差盘压-60.0
[   71.622] TLM t=  14.9 L1·A@-70 L2·A@-63 L3·A@-73 R1·A@-73 R2·A@-65 R3·A@-60 罐=无罐 泵=1 阀=111111 速=+0,+0,+0.00 电=8.17V/0.65A/峰1.47 补余=0.0 IO错=0 倾+0.0
[   72.144] TLM t=  15.5 L1·A@-72 L2·A@-72 L3·A@-73 R1·A@-73 R2·A@-72 R3·A@-71 罐=无罐 泵=1 阀=111111 速=+0,+0,+0.00 电=8.13V/0.65A/峰1.47 补余=0.0 IO错=0 倾+0.0
[   72.497] EVT 泵 停 最差盘压-75.3
[   72.648] TLM t=  16.0 L1·A@-76 L2·A@-76 L3·A@-76 R1·A@-76 R2·A@-76 R3·A@-76 罐=无罐 泵=0 阀=111111 速=+0,+0,+0.00 电=8.20V/0.73A/峰1.47 补余=0.0 IO错=0 倾+0.0
[   73.169] TLM t=  16.5 L1·A@-76 L2·A@-76 L3·A@-76 R1·A@-76 R2·A@-76 R3·A@-76 罐=无罐 泵=0 阀=111111 速=+0,+0,+0.00 电=8.20V/0.73A/峰1.47 补余=0.0 IO错=0 倾+0.0
[   73.671] TLM t=  17.0 L1·A@-76 L2·A@-75 L3·A@-76 R1·A@-76 R2·A@-75 R3·A@-75 罐=无罐 泵=0 阀=111111 速=+0,+0,+0.00 电=8.21V/0.65A/峰1.47 补余=0.0 IO错=0 倾+0.0
[   74.198] TLM t=  17.5 L1·A@-76 L2·A@-75 L3·A@-76 R1·A@-75 R2·A@-75 R3·A@-74 罐=无罐 泵=0 阀=111111 速=+0,+0,+0.00 电=8.20V/0.65A/峰1.47 补余=0.0 IO错=0 倾+0.0
[   74.696] TLM t=  18.0 L1·A@-76 L2·A@-75 L3·A@-76 R1·A@-75 R2·A@-74 R3·A@-74 罐=无罐 泵=0 阀=111111 速=+0,+0,+0.00 电=8.20V/0.65A/峰1.47 补余=0.0 IO错=0 倾+0.0
[   75.219] TLM t=  18.5 L1·A@-75 L2·A@-74 L3·A@-76 R1·A@-75 R2·A@-74 R3·A@-73 罐=无罐 泵=0 阀=111111 速=+0,+0,+0.00 电=8.20V/0.65A/峰1.47 补余=0.0 IO错=0 倾+0.0
[   75.722] TLM t=  19.0 L1·A@-75 L2·A@-74 L3·A@-76 R1·A@-75 R2·A@-73 R3·A@-73 罐=无罐 泵=0 阀=111111 速=+0,+0,+0.00 电=8.21V/0.65A/峰1.47 补余=0.0 IO错=0 倾+0.0
[   76.250] TLM t=  19.5 L1·A@-75 L2·A@-73 L3·A@-76 R1·A@-75 R2·A@-73 R3·A@-72 罐=无罐 泵=0 阀=111111 速=+0,+0,+0.00 电=8.20V/0.65A/峰1.47 补余=0.0 IO错=0 倾+0.0
[   76.748] TLM t=  20.0 L1·A@-75 L2·A@-73 L3·A@-76 R1·A@-75 R2·A@-73 R3·A@-71 罐=无罐 泵=0 阀=111111 速=+0,+0,+0.00 电=8.20V/0.73A/峰1.47 补余=0.0 IO错=0 倾+0.0
[   77.271] TLM t=  20.6 L1·A@-75 L2·A@-72 L3·A@-75 R1·A@-75 R2·A@-72 R3·A@-71 罐=无罐 泵=0 阀=111111 速=+0,+0,+0.00 电=8.20V/0.65A/峰1.47 补余=0.0 IO错=0 倾+0.0
[   77.771] TLM t=  21.1 L1·A@-74 L2·A@-72 L3·A@-75 R1·A@-75 R2·A@-72 R3·A@-70 罐=无罐 泵=0 阀=111111 速=+0,+0,+0.00 电=8.21V/0.65A/峰1.47 补余=0.0 IO错=0 倾+0.0
[   78.296] TLM t=  21.6 L1·A@-74 L2·A@-72 L3·A@-75 R1·A@-75 R2·A@-72 R3·A@-70 罐=无罐 泵=0 阀=111111 速=+0,+0,+0.00 电=8.20V/0.57A/峰1.47 补余=0.0 IO错=0 倾+0.0
[   78.797] TLM t=  22.1 L1·A@-74 L2·A@-71 L3·A@-75 R1·A@-75 R2·A@-71 R3·A@-69 罐=无罐 泵=0 阀=111111 速=+0,+0,+0.00 电=8.21V/0.65A/峰1.47 补余=0.0 IO错=0 倾+0.0
[   79.321] TLM t=  22.6 L1·A@-74 L2·A@-71 L3·A@-75 R1·A@-75 R2·A@-71 R3·A@-69 罐=无罐 泵=0 阀=111111 速=+0,+0,+0.00 电=8.20V/0.65A/峰1.47 补余=0.0 IO错=0 倾+0.0
[   79.822] TLM t=  23.1 L1·A@-74 L2·A@-70 L3·A@-75 R1·A@-75 R2·A@-71 R3·A@-68 罐=无罐 泵=0 阀=111111 速=+0,+0,+0.00 电=8.20V/0.65A/峰1.47 补余=0.0 IO错=0 倾+0.0
[   80.344] TLM t=  23.6 L1·A@-73 L2·A@-70 L3·A@-75 R1·A@-75 R2·A@-70 R3·A@-68 罐=无罐 泵=0 阀=111111 速=+0,+0,+0.00 电=8.20V/0.73A/峰1.47 补余=0.0 IO错=0 倾+0.0
[   80.850] TLM t=  24.1 L1·A@-73 L2·A@-69 L3·A@-75 R1·A@-75 R2·A@-70 R3·A@-67 罐=无罐 泵=0 阀=111111 速=+0,+0,+0.00 电=8.20V/0.73A/峰1.47 补余=0.0 IO错=0 倾+0.0
[   81.373] TLM t=  24.6 L1·A@-73 L2·A@-69 L3·A@-75 R1·A@-75 R2·A@-69 R3·A@-66 罐=无罐 泵=0 阀=111111 速=+0,+0,+0.00 电=8.20V/0.65A/峰1.47 补余=0.0 IO错=0 倾+0.0
[   81.876] TLM t=  25.1 L1·A@-73 L2·A@-69 L3·A@-75 R1·A@-75 R2·A@-69 R3·A@-66 罐=无罐 泵=0 阀=111111 速=+0,+0,+0.00 电=8.20V/0.73A/峰1.47 补余=0.0 IO错=0 倾+0.0
[   82.302] EVT 实验序列开跑：起跑静置 60s 后打标记，自动轮换 3 轮
[   82.302] EVT 键 't' 倾=+0.0待=+0.0
[   82.399] TLM t=  25.7 L1·A@-73 L2·A@-68 L3·A@-75 R1·A@-74 R2·A@-69 R3·A@-65 罐=无罐 泵=0 阀=111111 速=+0,+0,+0.00 电=8.20V/0.73A/峰1.47 补余=0.0 IO错=0 倾+0.0 自动1/3
[   82.901] TLM t=  26.2 L1·A@-72 L2·A@-68 L3·A@-75 R1·A@-74 R2·A@-68 R3·A@-65 罐=无罐 泵=0 阀=111111 速=+0,+0,+0.00 电=8.20V/0.73A/峰1.47 补余=0.0 IO错=0 倾+0.0 自动1/3
[   83.428] TLM t=  26.7 L1·A@-72 L2·A@-67 L3·A@-74 R1·A@-74 R2·A@-68 R3·A@-64 罐=无罐 泵=0 阀=111111 速=+0,+0,+0.00 电=8.20V/0.73A/峰1.47 补余=0.0 IO错=0 倾+0.0 自动1/3
[   83.928] TLM t=  27.2 L1·A@-72 L2·A@-67 L3·A@-74 R1·A@-74 R2·A@-68 R3·A@-64 罐=无罐 泵=0 阀=111111 速=+0,+0,+0.00 电=8.20V/0.65A/峰1.47 补余=0.0 IO错=0 倾+0.0 自动1/3
[   84.453] TLM t=  27.7 L1·A@-72 L2·A@-67 L3·A@-74 R1·A@-74 R2·A@-67 R3·A@-63 罐=无罐 泵=0 阀=111111 速=+0,+0,+0.00 电=8.20V/0.65A/峰1.47 补余=0.0 IO错=0 倾+0.0 自动1/3
[   84.957] TLM t=  28.2 L1·A@-72 L2·A@-66 L3·A@-74 R1·A@-74 R2·A@-67 R3·A@-63 罐=无罐 泵=0 阀=111111 速=+0,+0,+0.00 电=8.20V/0.65A/峰1.47 补余=0.0 IO错=0 倾+0.0 自动1/3
[   85.182] EVT ⚠ 主环卡顿 245ms（目标 20ms）
[   85.460] TLM t=  28.5 L1·A@-71 L2·A@-66 L3·A@-74 R1·A@-74 R2·A@-67 R3·A@-62 罐=无罐 泵=0 阀=111111 速=+0,+0,+0.00 电=8.20V/0.65A/峰1.47 补余=0.0 IO错=0 倾+0.0 自动1/3
[   85.981] TLM t=  29.0 L1·A@-71 L2·A@-65 L3·A@-74 R1·A@-74 R2·A@-66 R3·A@-62 罐=无罐 泵=0 阀=111111 速=+0,+0,+0.00 电=8.20V/0.73A/峰1.47 补余=0.0 IO错=0 倾+0.0 自动1/3
[   86.493] TLM t=  29.5 L1·A@-71 L2·A@-65 L3·A@-74 R1·A@-74 R2·A@-66 R3·A@-61 罐=无罐 泵=0 阀=111111 速=+0,+0,+0.00 电=8.20V/0.73A/峰1.47 补余=0.0 IO错=0 倾+0.0 自动1/3
[   86.995] TLM t=  30.0 L1·A@-71 L2·A@-65 L3·A@-74 R1·A@-74 R2·A@-66 R3·A@-60 罐=无罐 泵=0 阀=111111 速=+0,+0,+0.00 电=8.20V/0.65A/峰1.47 补余=0.0 IO错=0 倾+0.0 自动1/3
[   87.450] EVT 泵 开 最差盘压-60.0
[   87.521] TLM t=  30.5 L1·A@-71 L2·A@-64 L3·A@-74 R1·A@-74 R2·A@-65 R3·A@-60 罐=无罐 泵=1 阀=111111 速=+0,+0,+0.00 电=8.17V/0.65A/峰1.47 补余=0.0 IO错=0 倾+0.0 自动1/3
[   88.019] TLM t=  31.0 L1·A@-71 L2·A@-71 L3·A@-74 R1·A@-74 R2·A@-71 R3·A@-70 罐=无罐 泵=1 阀=111111 速=+0,+0,+0.00 电=8.18V/0.65A/峰1.47 补余=0.0 IO错=0 倾+0.0 自动1/3
[   88.413] EVT 泵 停 最差盘压-75.1
[   88.542] TLM t=  31.5 L1·A@-76 L2·A@-76 L3·A@-76 R1·A@-76 R2·A@-76 R3·A@-76 罐=无罐 泵=0 阀=111111 速=+0,+0,+0.00 电=8.19V/0.65A/峰1.47 补余=0.0 IO错=0 倾+0.0 自动1/3
[   89.048] TLM t=  32.0 L1·A@-76 L2·A@-76 L3·A@-76 R1·A@-76 R2·A@-75 R3·A@-76 罐=无罐 泵=0 阀=111111 速=+0,+0,+0.00 电=8.20V/0.73A/峰1.47 补余=0.0 IO错=0 倾+0.0 自动1/3
[   89.570] TLM t=  32.6 L1·A@-76 L2·A@-75 L3·A@-76 R1·A@-75 R2·A@-75 R3·A@-75 罐=无罐 泵=0 阀=111111 速=+0,+0,+0.00 电=8.20V/0.73A/峰1.47 补余=0.0 IO错=0 倾+0.0 自动1/3
[   90.071] TLM t=  33.1 L1·A@-76 L2·A@-75 L3·A@-76 R1·A@-75 R2·A@-75 R3·A@-74 罐=无罐 泵=0 阀=111111 速=+0,+0,+0.00 电=8.20V/0.65A/峰1.47 补余=0.0 IO错=0 倾+0.0 自动1/3
[   90.601] TLM t=  33.6 L1·A@-75 L2·A@-75 L3·A@-76 R1·A@-75 R2·A@-74 R3·A@-74 罐=无罐 泵=0 阀=111111 速=+0,+0,+0.00 电=8.20V/0.65A/峰1.47 补余=0.0 IO错=0 倾+0.0 自动1/3
[   91.100] TLM t=  34.1 L1·A@-75 L2·A@-74 L3·A@-76 R1·A@-75 R2·A@-74 R3·A@-73 罐=无罐 泵=0 阀=111111 速=+0,+0,+0.00 电=8.20V/0.73A/峰1.47 补余=0.0 IO错=0 倾+0.0 自动1/3
[   91.622] TLM t=  34.6 L1·A@-75 L2·A@-74 L3·A@-76 R1·A@-75 R2·A@-73 R3·A@-72 罐=无罐 泵=0 阀=111111 速=+0,+0,+0.00 电=8.20V/0.65A/峰1.47 补余=0.0 IO错=0 倾+0.0 自动1/3
[   92.127] TLM t=  35.1 L1·A@-75 L2·A@-73 L3·A@-76 R1·A@-75 R2·A@-73 R3·A@-72 罐=无罐 泵=0 阀=111111 速=+0,+0,+0.00 电=8.20V/0.73A/峰1.47 补余=0.0 IO错=0 倾+0.0 自动1/3
[   92.649] TLM t=  35.6 L1·A@-75 L2·A@-73 L3·A@-75 R1·A@-75 R2·A@-73 R3·A@-71 罐=无罐 泵=0 阀=111111 速=+0,+0,+0.00 电=8.19V/0.73A/峰1.47 补余=0.0 IO错=0 倾+0.0 自动1/3
[   93.152] TLM t=  36.1 L1·A@-74 L2·A@-72 L3·A@-75 R1·A@-75 R2·A@-72 R3·A@-71 罐=无罐 泵=0 阀=111111 速=+0,+0,+0.00 电=8.20V/0.73A/峰1.47 补余=0.0 IO错=0 倾+0.0 自动1/3
[   93.677] TLM t=  36.6 L1·A@-74 L2·A@-72 L3·A@-75 R1·A@-75 R2·A@-72 R3·A@-70 罐=无罐 泵=0 阀=111111 速=+0,+0,+0.00 电=8.20V/0.73A/峰1.47 补余=0.0 IO错=0 倾+0.0 自动1/3
[   94.176] TLM t=  37.1 L1·A@-74 L2·A@-72 L3·A@-75 R1·A@-75 R2·A@-72 R3·A@-70 罐=无罐 泵=0 阀=111111 速=+0,+0,+0.00 电=8.20V/0.73A/峰1.47 补余=0.0 IO错=0 倾+0.0 自动1/3
[   94.697] TLM t=  37.7 L1·A@-74 L2·A@-71 L3·A@-75 R1·A@-75 R2·A@-71 R3·A@-69 罐=无罐 泵=0 阀=111111 速=+0,+0,+0.00 电=8.19V/0.65A/峰1.47 补余=0.0 IO错=0 倾+0.0 自动1/3
[   95.205] TLM t=  38.2 L1·A@-74 L2·A@-71 L3·A@-75 R1·A@-75 R2·A@-71 R3·A@-69 罐=无罐 泵=0 阀=111111 速=+0,+0,+0.00 电=8.20V/0.65A/峰1.47 补余=0.0 IO错=0 倾+0.0 自动1/3
[   95.703] TLM t=  38.7 L1·A@-74 L2·A@-70 L3·A@-75 R1·A@-75 R2·A@-70 R3·A@-68 罐=无罐 泵=0 阀=111111 速=+0,+0,+0.00 电=8.20V/0.73A/峰1.47 补余=0.0 IO错=0 倾+0.0 自动1/3
[   96.208] TLM t=  39.2 L1·A@-73 L2·A@-70 L3·A@-75 R1·A@-75 R2·A@-70 R3·A@-68 罐=无罐 泵=0 阀=111111 速=+0,+0,+0.00 电=8.20V/0.65A/峰1.47 补余=0.0 IO错=0 倾+0.0 自动1/3
[   96.723] TLM t=  39.7 L1·A@-73 L2·A@-70 L3·A@-75 R1·A@-75 R2·A@-70 R3·A@-67 罐=无罐 泵=0 阀=111111 速=+0,+0,+0.00 电=8.20V/0.73A/峰1.47 补余=0.0 IO错=0 倾+0.0 自动1/3
[   97.222] TLM t=  40.2 L1·A@-73 L2·A@-69 L3·A@-75 R1·A@-75 R2·A@-69 R3·A@-66 罐=无罐 泵=0 阀=111111 速=+0,+0,+0.00 电=8.19V/0.65A/峰1.47 补余=0.0 IO错=0 倾+0.0 自动1/3
[   97.745] TLM t=  40.7 L1·A@-73 L2·A@-69 L3·A@-75 R1·A@-74 R2·A@-69 R3·A@-66 罐=无罐 泵=0 阀=111111 速=+0,+0,+0.00 电=8.20V/0.73A/峰1.47 补余=0.0 IO错=0 倾+0.0 自动1/3
[   98.249] TLM t=  41.2 L1·A@-73 L2·A@-68 L3·A@-75 R1·A@-74 R2·A@-69 R3·A@-65 罐=无罐 泵=0 阀=111111 速=+0,+0,+0.00 电=8.20V/0.73A/峰1.47 补余=0.0 IO错=0 倾+0.0 自动1/3
[   98.775] TLM t=  41.7 L1·A@-72 L2·A@-68 L3·A@-75 R1·A@-74 R2·A@-68 R3·A@-65 罐=无罐 泵=0 阀=111111 速=+0,+0,+0.00 电=8.19V/0.73A/峰1.47 补余=0.0 IO错=0 倾+0.0 自动1/3
[   99.275] TLM t=  42.2 L1·A@-72 L2·A@-68 L3·A@-75 R1·A@-74 R2·A@-68 R3·A@-64 罐=无罐 泵=0 阀=111111 速=+0,+0,+0.00 电=8.20V/0.65A/峰1.47 补余=0.0 IO错=0 倾+0.0 自动1/3
[   99.801] TLM t=  42.7 L1·A@-72 L2·A@-67 L3·A@-74 R1·A@-74 R2·A@-68 R3·A@-64 罐=无罐 泵=0 阀=111111 速=+0,+0,+0.00 电=8.20V/0.73A/峰1.47 补余=0.0 IO错=0 倾+0.0 自动1/3
[  100.301] TLM t=  43.2 L1·A@-72 L2·A@-67 L3·A@-74 R1·A@-74 R2·A@-67 R3·A@-63 罐=无罐 泵=0 阀=111111 速=+0,+0,+0.00 电=8.20V/0.73A/峰1.47 补余=0.0 IO错=0 倾+0.0 自动1/3
[  100.828] TLM t=  43.7 L1·A@-72 L2·A@-66 L3·A@-74 R1·A@-74 R2·A@-67 R3·A@-63 罐=无罐 泵=0 阀=111111 速=+0,+0,+0.00 电=8.20V/0.65A/峰1.47 补余=0.0 IO错=0 倾+0.0 自动1/3
[  101.326] TLM t=  44.2 L1·A@-72 L2·A@-66 L3·A@-74 R1·A@-74 R2·A@-67 R3·A@-62 罐=无罐 泵=0 阀=111111 速=+0,+0,+0.00 电=8.20V/0.73A/峰1.47 补余=0.0 IO错=0 倾+0.0 自动1/3
[  101.850] TLM t=  44.8 L1·A@-71 L2·A@-66 L3·A@-74 R1·A@-74 R2·A@-66 R3·A@-62 罐=无罐 泵=0 阀=111111 速=+0,+0,+0.00 电=8.20V/0.65A/峰1.47 补余=0.0 IO错=0 倾+0.0 自动1/3
[  102.356] TLM t=  45.3 L1·A@-71 L2·A@-65 L3·A@-74 R1·A@-74 R2·A@-66 R3·A@-61 罐=无罐 泵=0 阀=111111 速=+0,+0,+0.00 电=8.20V/0.73A/峰1.47 补余=0.0 IO错=0 倾+0.0 自动1/3
[  102.879] TLM t=  45.8 L1·A@-71 L2·A@-65 L3·A@-74 R1·A@-74 R2·A@-66 R3·A@-61 罐=无罐 泵=0 阀=111111 速=+0,+0,+0.00 电=8.20V/0.73A/峰1.47 补余=0.0 IO错=0 倾+0.0 自动1/3
[  103.372] EVT 泵 开 最差盘压-60.0
[  103.381] TLM t=  46.3 L1·A@-71 L2·A@-64 L3·A@-74 R1·A@-74 R2·A@-65 R3·A@-60 罐=无罐 泵=1 阀=111111 速=+0,+0,+0.00 电=8.04V/0.73A/峰1.47 补余=0.0 IO错=0 倾+0.0 自动1/3
[  103.902] TLM t=  46.8 L1·A@-71 L2·A@-71 L3·A@-74 R1·A@-74 R2·A@-69 R3·A@-69 罐=无罐 泵=1 阀=111111 速=+0,+0,+0.00 电=8.13V/0.73A/峰1.47 补余=0.0 IO错=0 倾+0.0 自动1/3
[  104.334] EVT 泵 停 最差盘压-75.0
[  104.403] TLM t=  47.3 L1·A@-76 L2·A@-76 L3·A@-76 R1·A@-75 R2·A@-76 R3·A@-76 罐=无罐 泵=0 阀=111111 速=+0,+0,+0.00 电=8.19V/0.73A/峰1.47 补余=0.0 IO错=0 倾+0.0 自动1/3
[  104.928] TLM t=  47.8 L1·A@-76 L2·A@-76 L3·A@-76 R1·A@-76 R2·A@-75 R3·A@-76 罐=无罐 泵=0 阀=111111 速=+0,+0,+0.00 电=8.20V/0.73A/峰1.47 补余=0.0 IO错=0 倾+0.0 自动1/3
[  105.430] TLM t=  48.3 L1·A@-76 L2·A@-76 L3·A@-76 R1·A@-75 R2·A@-75 R3·A@-75 罐=无罐 泵=0 阀=111111 速=+0,+0,+0.00 电=8.20V/0.65A/峰1.47 补余=0.0 IO错=0 倾+0.0 自动1/3
[  105.952] TLM t=  48.8 L1·A@-76 L2·A@-75 L3·A@-76 R1·A@-75 R2·A@-75 R3·A@-74 罐=无罐 泵=0 阀=111111 速=+0,+0,+0.00 电=8.19V/0.73A/峰1.47 补余=0.0 IO错=0 倾+0.0 自动1/3
[  106.456] TLM t=  49.3 L1·A@-76 L2·A@-75 L3·A@-76 R1·A@-75 R2·A@-74 R3·A@-74 罐=无罐 泵=0 阀=111111 速=+0,+0,+0.00 电=8.20V/0.65A/峰1.47 补余=0.0 IO错=0 倾+0.0 自动1/3
[  106.985] TLM t=  49.9 L1·A@-75 L2·A@-74 L3·A@-76 R1·A@-75 R2·A@-74 R3·A@-73 罐=无罐 泵=0 阀=111111 速=+0,+0,+0.00 电=8.20V/0.73A/峰1.47 补余=0.0 IO错=0 倾+0.0 自动1/3
[  107.483] TLM t=  50.4 L1·A@-75 L2·A@-74 L3·A@-76 R1·A@-75 R2·A@-73 R3·A@-73 罐=无罐 泵=0 阀=111111 速=+0,+0,+0.00 电=8.20V/0.65A/峰1.47 补余=0.0 IO错=0 倾+0.0 自动1/3
[  108.006] TLM t=  50.9 L1·A@-75 L2·A@-73 L3·A@-76 R1·A@-75 R2·A@-73 R3·A@-72 罐=无罐 泵=0 阀=111111 速=+0,+0,+0.00 电=8.19V/0.65A/峰1.47 补余=0.0 IO错=0 倾+0.0 自动1/3
[  108.507] TLM t=  51.4 L1·A@-75 L2·A@-73 L3·A@-76 R1·A@-75 R2·A@-73 R3·A@-71 罐=无罐 泵=0 阀=111111 速=+0,+0,+0.00 电=8.20V/0.73A/峰1.47 补余=0.0 IO错=0 倾+0.0 自动1/3
[  109.029] TLM t=  51.9 L1·A@-75 L2·A@-72 L3·A@-75 R1·A@-75 R2·A@-72 R3·A@-71 罐=无罐 泵=0 阀=111111 速=+0,+0,+0.00 电=8.20V/0.73A/峰1.47 补余=0.0 IO错=0 倾+0.0 自动1/3
[  109.532] TLM t=  52.4 L1·A@-74 L2·A@-72 L3·A@-75 R1·A@-75 R2·A@-72 R3·A@-70 罐=无罐 泵=0 阀=111111 速=+0,+0,+0.00 电=8.20V/0.65A/峰1.47 补余=0.0 IO错=0 倾+0.0 自动1/3
[  110.054] TLM t=  52.9 L1·A@-74 L2·A@-72 L3·A@-75 R1·A@-75 R2·A@-72 R3·A@-70 罐=无罐 泵=0 阀=111111 速=+0,+0,+0.00 电=8.18V/0.73A/峰1.47 补余=0.0 IO错=0 倾+0.0 自动1/3
[  110.560] TLM t=  53.4 L1·A@-74 L2·A@-71 L3·A@-75 R1·A@-75 R2·A@-71 R3·A@-69 罐=无罐 泵=0 阀=111111 速=+0,+0,+0.00 电=8.20V/0.73A/峰1.47 补余=0.0 IO错=0 倾+0.0 自动1/3
[  111.085] TLM t=  53.9 L1·A@-74 L2·A@-71 L3·A@-75 R1·A@-75 R2·A@-71 R3·A@-69 罐=无罐 泵=0 阀=111111 速=+0,+0,+0.00 电=8.20V/0.65A/峰1.47 补余=0.0 IO错=0 倾+0.0 自动1/3
[  111.584] TLM t=  54.4 L1·A@-74 L2·A@-70 L3·A@-75 R1·A@-75 R2·A@-71 R3·A@-68 罐=无罐 泵=0 阀=111111 速=+0,+0,+0.00 电=8.20V/0.73A/峰1.47 补余=0.0 IO错=0 倾+0.0 自动1/3
[  112.111] TLM t=  55.0 L1·A@-74 L2·A@-70 L3·A@-75 R1·A@-75 R2·A@-70 R3·A@-68 罐=无罐 泵=0 阀=111111 速=+0,+0,+0.00 电=8.19V/0.73A/峰1.47 补余=0.0 IO错=0 倾+0.0 自动1/3
[  112.612] TLM t=  55.5 L1·A@-73 L2·A@-70 L3·A@-75 R1·A@-75 R2·A@-70 R3·A@-67 罐=无罐 泵=0 阀=111111 速=+0,+0,+0.00 电=8.20V/0.73A/峰1.47 补余=0.0 IO错=0 倾+0.0 自动1/3
[  113.135] TLM t=  56.0 L1·A@-73 L2·A@-69 L3·A@-75 R1·A@-75 R2·A@-69 R3·A@-67 罐=无罐 泵=0 阀=111111 速=+0,+0,+0.00 电=8.20V/0.65A/峰1.47 补余=0.0 IO错=0 倾+0.0 自动1/3
[  113.637] TLM t=  56.5 L1·A@-73 L2·A@-69 L3·A@-75 R1·A@-75 R2·A@-69 R3·A@-66 罐=无罐 泵=0 阀=111111 速=+0,+0,+0.00 电=8.19V/0.73A/峰1.47 补余=0.0 IO错=0 倾+0.0 自动1/3
[  114.162] TLM t=  57.0 L1·A@-73 L2·A@-68 L3·A@-75 R1·A@-74 R2·A@-69 R3·A@-65 罐=无罐 泵=0 阀=111111 速=+0,+0,+0.00 电=8.20V/0.73A/峰1.47 补余=0.0 IO错=0 倾+0.0 自动1/3
[  114.663] TLM t=  57.5 L1·A@-73 L2·A@-68 L3·A@-75 R1·A@-74 R2·A@-68 R3·A@-65 罐=无罐 泵=0 阀=111111 速=+0,+0,+0.00 电=8.20V/0.65A/峰1.47 补余=0.0 IO错=0 倾+0.0 自动1/3
[  115.183] TLM t=  58.0 L1·A@-73 L2·A@-68 L3·A@-75 R1·A@-74 R2·A@-68 R3·A@-64 罐=无罐 泵=0 阀=111111 速=+0,+0,+0.00 电=8.20V/0.73A/峰1.47 补余=0.0 IO错=0 倾+0.0 自动1/3
[  115.688] TLM t=  58.5 L1·A@-72 L2·A@-67 L3·A@-75 R1·A@-74 R2·A@-68 R3·A@-64 罐=无罐 泵=0 阀=111111 速=+0,+0,+0.00 电=8.19V/0.73A/峰1.47 补余=0.0 IO错=0 倾+0.0 自动1/3
[  116.214] TLM t=  59.0 L1·A@-72 L2·A@-67 L3·A@-74 R1·A@-74 R2·A@-67 R3·A@-63 罐=无罐 泵=0 阀=111111 速=+0,+0,+0.00 电=8.20V/0.73A/峰1.47 补余=0.0 IO错=0 倾+0.0 自动1/3
[  116.711] TLM t=  59.5 L1·A@-72 L2·A@-66 L3·A@-74 R1·A@-74 R2·A@-67 R3·A@-63 罐=无罐 泵=0 阀=111111 速=+0,+0,+0.00 电=8.19V/0.73A/峰1.47 补余=0.0 IO错=0 倾+0.0 自动1/3
[  117.233] TLM t=  60.1 L1·A@-72 L2·A@-66 L3·A@-74 R1·A@-74 R2·A@-67 R3·A@-62 罐=无罐 泵=0 阀=111111 速=+0,+0,+0.00 电=8.20V/0.73A/峰1.47 补余=0.0 IO错=0 倾+0.0 自动1/3
[  117.734] TLM t=  60.6 L1·A@-72 L2·A@-66 L3·A@-74 R1·A@-74 R2·A@-66 R3·A@-62 罐=无罐 泵=0 阀=111111 速=+0,+0,+0.00 电=8.19V/0.73A/峰1.47 补余=0.0 IO错=0 倾+0.0 自动1/3
[  118.259] TLM t=  61.1 L1·A@-72 L2·A@-65 L3·A@-74 R1·A@-74 R2·A@-66 R3·A@-61 罐=无罐 泵=0 阀=111111 速=+0,+0,+0.00 电=8.20V/0.65A/峰1.47 补余=0.0 IO错=0 倾+0.0 自动1/3
[  118.761] TLM t=  61.6 L1·A@-71 L2·A@-65 L3·A@-74 R1·A@-74 R2·A@-66 R3·A@-61 罐=无罐 泵=0 阀=111111 速=+0,+0,+0.00 电=8.19V/0.65A/峰1.47 补余=0.0 IO错=0 倾+0.0 自动1/3
[  119.287] TLM t=  62.1 L1·A@-71 L2·A@-65 L3·A@-74 R1·A@-74 R2·A@-65 R3·A@-60 罐=无罐 泵=0 阀=111111 速=+0,+0,+0.00 电=8.19V/0.73A/峰1.47 补余=0.0 IO错=0 倾+0.0 自动1/3
[  119.416] EVT 泵 开 最差盘压-59.9
[  119.788] TLM t=  62.6 L1·A@-71 L2·A@-66 L3·A@-74 R1·A@-74 R2·A@-66 R3·A@-65 罐=无罐 泵=1 阀=111111 速=+0,+0,+0.00 电=8.13V/0.73A/峰1.47 补余=0.0 IO错=0 倾+0.0 自动1/3
[  120.313] TLM t=  63.1 L1·A@-75 L2·A@-76 L3·A@-75 R1·A@-74 R2·A@-75 R3·A@-75 罐=无罐 泵=1 阀=111111 速=+0,+0,+0.00 电=8.17V/0.65A/峰1.47 补余=0.0 IO错=0 倾+0.0 自动1/3
[  120.383] EVT 泵 停 最差盘压-75.1
[  120.811] TLM t=  63.6 L1·A@-76 L2·A@-76 L3·A@-76 R1·A@-76 R2·A@-76 R3·A@-76 罐=无罐 泵=0 阀=111111 速=+0,+0,+0.00 电=8.19V/0.73A/峰1.47 补余=0.0 IO错=0 倾+0.0 自动1/3
[  121.333] TLM t=  64.1 L1·A@-76 L2·A@-76 L3·A@-76 R1·A@-76 R2·A@-75 R3·A@-75 罐=无罐 泵=0 阀=111111 速=+0,+0,+0.00 电=8.19V/0.73A/峰1.47 补余=0.0 IO错=0 倾+0.0 自动1/3
[  121.837] TLM t=  64.6 L1·A@-76 L2·A@-75 L3·A@-76 R1·A@-76 R2·A@-75 R3·A@-75 罐=无罐 泵=0 阀=111111 速=+0,+0,+0.00 电=8.19V/0.73A/峰1.47 补余=0.0 IO错=0 倾+0.0 自动1/3
[  122.360] TLM t=  65.2 L1·A@-76 L2·A@-75 L3·A@-76 R1·A@-75 R2·A@-74 R3·A@-74 罐=无罐 泵=0 阀=111111 速=+0,+0,+0.00 电=8.20V/0.73A/峰1.47 补余=0.0 IO错=0 倾+0.0 自动1/3
[  122.860] TLM t=  65.7 L1·A@-75 L2·A@-74 L3·A@-76 R1·A@-75 R2·A@-74 R3·A@-73 罐=无罐 泵=0 阀=111111 速=+0,+0,+0.00 电=8.19V/0.73A/峰1.47 补余=0.0 IO错=0 倾+0.0 自动1/3
[  123.385] TLM t=  66.2 L1·A@-75 L2·A@-74 L3·A@-76 R1·A@-75 R2·A@-74 R3·A@-73 罐=无罐 泵=0 阀=111111 速=+0,+0,+0.00 电=8.20V/0.65A/峰1.47 补余=0.0 IO错=0 倾+0.0 自动1/3
[  123.885] TLM t=  66.7 L1·A@-75 L2·A@-73 L3·A@-76 R1·A@-75 R2·A@-73 R3·A@-72 罐=无罐 泵=0 阀=111111 速=+0,+0,+0.00 电=8.19V/0.65A/峰1.47 补余=0.0 IO错=0 倾+0.0 自动1/3
[  124.401] TLM t=  67.2 L1·A@-75 L2·A@-73 L3·A@-76 R1·A@-75 R2·A@-73 R3·A@-72 罐=无罐 泵=0 阀=111111 速=+0,+0,+0.00 电=8.20V/0.65A/峰1.47 补余=0.0 IO错=0 倾+0.0 自动1/3
[  124.902] TLM t=  67.7 L1·A@-75 L2·A@-73 L3·A@-76 R1·A@-75 R2·A@-73 R3·A@-71 罐=无罐 泵=0 阀=111111 速=+0,+0,+0.00 电=8.20V/0.65A/峰1.47 补余=0.0 IO错=0 倾+0.0 自动1/3
[  125.428] TLM t=  68.2 L1·A@-75 L2·A@-72 L3·A@-76 R1·A@-75 R2·A@-72 R3·A@-71 罐=无罐 泵=0 阀=111111 速=+0,+0,+0.00 电=8.19V/0.65A/峰1.47 补余=0.0 IO错=0 倾+0.0 自动1/3
[  125.928] TLM t=  68.7 L1·A@-74 L2·A@-72 L3·A@-75 R1·A@-75 R2·A@-72 R3·A@-70 罐=无罐 泵=0 阀=111111 速=+0,+0,+0.00 电=8.18V/0.73A/峰1.47 补余=0.0 IO错=0 倾+0.0 自动1/3
[  126.455] TLM t=  69.2 L1·A@-74 L2·A@-71 L3·A@-75 R1·A@-75 R2·A@-71 R3·A@-69 罐=无罐 泵=0 阀=111111 速=+0,+0,+0.00 电=8.19V/0.73A/峰1.47 补余=0.0 IO错=0 倾+0.0 自动1/3
[  126.956] TLM t=  69.7 L1·A@-74 L2·A@-71 L3·A@-75 R1·A@-75 R2·A@-71 R3·A@-69 罐=无罐 泵=0 阀=111111 速=+0,+0,+0.00 电=8.19V/0.73A/峰1.47 补余=0.0 IO错=0 倾+0.0 自动1/3
[  127.478] TLM t=  70.2 L1·A@-74 L2·A@-71 L3·A@-75 R1·A@-75 R2·A@-71 R3·A@-68 罐=无罐 泵=0 阀=111111 速=+0,+0,+0.00 电=8.20V/0.73A/峰1.47 补余=0.0 IO错=0 倾+0.0 自动1/3
[  127.983] TLM t=  70.7 L1·A@-74 L2·A@-70 L3·A@-75 R1·A@-75 R2·A@-70 R3·A@-68 罐=无罐 泵=0 阀=111111 速=+0,+0,+0.00 电=8.19V/0.65A/峰1.47 补余=0.0 IO错=0 倾+0.0 自动1/3
[  128.506] TLM t=  71.3 L1·A@-74 L2·A@-70 L3·A@-75 R1·A@-75 R2·A@-70 R3·A@-67 罐=无罐 泵=0 阀=111111 速=+0,+0,+0.00 电=8.20V/0.73A/峰1.47 补余=0.0 IO错=0 倾+0.0 自动1/3
[  129.006] TLM t=  71.8 L1·A@-74 L2·A@-69 L3·A@-75 R1·A@-75 R2·A@-70 R3·A@-67 罐=无罐 泵=0 阀=111111 速=+0,+0,+0.00 电=8.20V/0.73A/峰1.47 补余=0.0 IO错=0 倾+0.0 自动1/3
[  129.531] TLM t=  72.3 L1·A@-73 L2·A@-69 L3·A@-75 R1·A@-75 R2·A@-69 R3·A@-66 罐=无罐 泵=0 阀=111111 速=+0,+0,+0.00 电=8.20V/0.73A/峰1.47 补余=0.0 IO错=0 倾+0.0 自动1/3
[  130.030] TLM t=  72.8 L1·A@-73 L2·A@-69 L3·A@-75 R1·A@-75 R2·A@-69 R3·A@-66 罐=无罐 泵=0 阀=111111 速=+0,+0,+0.00 电=8.19V/0.65A/峰1.47 补余=0.0 IO错=0 倾+0.0 自动1/3
[  130.553] TLM t=  73.3 L1·A@-73 L2·A@-68 L3·A@-75 R1·A@-74 R2·A@-69 R3·A@-65 罐=无罐 泵=0 阀=111111 速=+0,+0,+0.00 电=8.19V/0.65A/峰1.47 补余=0.0 IO错=0 倾+0.0 自动1/3
[  131.055] TLM t=  73.8 L1·A@-73 L2·A@-68 L3·A@-75 R1·A@-74 R2·A@-68 R3·A@-65 罐=无罐 泵=0 阀=111111 速=+0,+0,+0.00 电=8.19V/0.73A/峰1.47 补余=0.0 IO错=0 倾+0.0 自动1/3
[  131.580] TLM t=  74.3 L1·A@-73 L2·A@-67 L3·A@-75 R1·A@-74 R2·A@-68 R3·A@-64 罐=无罐 泵=0 阀=111111 速=+0,+0,+0.00 电=8.20V/0.65A/峰1.47 补余=0.0 IO错=0 倾+0.0 自动1/3
[  132.080] TLM t=  74.8 L1·A@-73 L2·A@-67 L3·A@-75 R1·A@-74 R2·A@-68 R3·A@-64 罐=无罐 泵=0 阀=111111 速=+0,+0,+0.00 电=8.20V/0.65A/峰1.47 补余=0.0 IO错=0 倾+0.0 自动1/3
[  132.605] TLM t=  75.3 L1·A@-72 L2·A@-67 L3·A@-75 R1·A@-74 R2·A@-67 R3·A@-63 罐=无罐 泵=0 阀=111111 速=+0,+0,+0.00 电=8.19V/0.73A/峰1.47 补余=0.0 IO错=0 倾+0.0 自动1/3
[  133.103] TLM t=  75.8 L1·A@-72 L2·A@-66 L3·A@-74 R1·A@-74 R2·A@-67 R3·A@-62 罐=无罐 泵=0 阀=111111 速=+0,+0,+0.00 电=8.20V/0.65A/峰1.47 补余=0.0 IO错=0 倾+0.0 自动1/3
[  133.627] TLM t=  76.4 L1·A@-72 L2·A@-66 L3·A@-74 R1·A@-74 R2·A@-67 R3·A@-62 罐=无罐 泵=0 阀=111111 速=+0,+0,+0.00 电=8.20V/0.73A/峰1.47 补余=0.0 IO错=0 倾+0.0 自动1/3
[  134.126] TLM t=  76.9 L1·A@-72 L2·A@-66 L3·A@-74 R1·A@-74 R2·A@-66 R3·A@-61 罐=无罐 泵=0 阀=111111 速=+0,+0,+0.00 电=8.19V/0.73A/峰1.47 补余=0.0 IO错=0 倾+0.0 自动1/3
[  134.650] TLM t=  77.4 L1·A@-72 L2·A@-65 L3·A@-74 R1·A@-74 R2·A@-66 R3·A@-61 罐=无罐 泵=0 阀=111111 速=+0,+0,+0.00 电=8.19V/0.65A/峰1.47 补余=0.0 IO错=0 倾+0.0 自动1/3
[  135.155] TLM t=  77.9 L1·A@-72 L2·A@-65 L3·A@-74 R1·A@-74 R2·A@-66 R3·A@-60 罐=无罐 泵=0 阀=111111 速=+0,+0,+0.00 电=8.19V/0.73A/峰1.47 补余=0.0 IO错=0 倾+0.0 自动1/3
[  135.509] EVT 泵 开 最差盘压-60.0
[  135.676] TLM t=  78.4 L1·A@-71 L2·A@-64 L3·A@-74 R1·A@-74 R2·A@-65 R3·A@-60 罐=无罐 泵=1 阀=111111 速=+0,+0,+0.00 电=8.16V/0.73A/峰1.47 补余=0.0 IO错=0 倾+0.0 自动1/3
[  136.179] TLM t=  78.9 L1·A@-72 L2·A@-73 L3·A@-74 R1·A@-74 R2·A@-73 R3·A@-72 罐=无罐 泵=1 阀=111111 速=+0,+0,+0.00 电=8.15V/0.65A/峰1.47 补余=0.0 IO错=0 倾+0.0 自动1/3
[  136.472] EVT 泵 停 最差盘压-75.1
[  136.702] TLM t=  79.4 L1·A@-76 L2·A@-76 L3·A@-76 R1·A@-76 R2·A@-76 R3·A@-76 罐=无罐 泵=0 阀=111111 速=+0,+0,+0.00 电=8.19V/0.73A/峰1.47 补余=0.0 IO错=0 倾+0.0 自动1/3
[  137.203] TLM t=  79.9 L1·A@-76 L2·A@-76 L3·A@-76 R1·A@-76 R2·A@-75 R3·A@-75 罐=无罐 泵=0 阀=111111 速=+0,+0,+0.00 电=8.19V/0.73A/峰1.47 补余=0.0 IO错=0 倾+0.0 自动1/3
[  137.729] TLM t=  80.4 L1·A@-76 L2·A@-75 L3·A@-76 R1·A@-76 R2·A@-75 R3·A@-75 罐=无罐 泵=0 阀=111111 速=+0,+0,+0.00 电=8.19V/0.73A/峰1.47 补余=0.0 IO错=0 倾+0.0 自动1/3
[  138.231] TLM t=  80.9 L1·A@-76 L2·A@-75 L3·A@-76 R1·A@-75 R2·A@-75 R3·A@-74 罐=无罐 泵=0 阀=111111 速=+0,+0,+0.00 电=8.19V/0.73A/峰1.47 补余=0.0 IO错=0 倾+0.0 自动1/3
[  138.754] TLM t=  81.5 L1·A@-76 L2·A@-75 L3·A@-76 R1·A@-75 R2·A@-74 R3·A@-74 罐=无罐 泵=0 阀=111111 速=+0,+0,+0.00 电=8.19V/0.73A/峰1.47 补余=0.0 IO错=0 倾+0.0 自动1/3
[  139.256] TLM t=  82.0 L1·A@-75 L2·A@-74 L3·A@-76 R1·A@-75 R2·A@-74 R3·A@-73 罐=无罐 泵=0 阀=111111 速=+0,+0,+0.00 电=8.19V/0.73A/峰1.47 补余=0.0 IO错=0 倾+0.0 自动1/3
[  139.782] TLM t=  82.5 L1·A@-75 L2·A@-74 L3·A@-76 R1·A@-75 R2·A@-73 R3·A@-73 罐=无罐 泵=0 阀=111111 速=+0,+0,+0.00 电=8.18V/0.73A/峰1.47 补余=0.0 IO错=0 倾+0.0 自动1/3
[  140.282] TLM t=  83.0 L1·A@-75 L2·A@-73 L3·A@-76 R1·A@-75 R2·A@-73 R3·A@-72 罐=无罐 泵=0 阀=111111 速=+0,+0,+0.00 电=8.19V/0.73A/峰1.47 补余=0.0 IO错=0 倾+0.0 自动1/3
[  140.804] TLM t=  83.5 L1·A@-75 L2·A@-73 L3·A@-76 R1·A@-75 R2·A@-73 R3·A@-71 罐=无罐 泵=0 阀=111111 速=+0,+0,+0.00 电=8.19V/0.73A/峰1.47 补余=0.0 IO错=0 倾+0.0 自动1/3
[  141.308] TLM t=  84.0 L1·A@-75 L2·A@-72 L3·A@-76 R1·A@-75 R2·A@-72 R3·A@-71 罐=无罐 泵=0 阀=111111 速=+0,+0,+0.00 电=8.19V/0.73A/峰1.47 补余=0.0 IO错=0 倾+0.0 自动1/3
[  141.830] TLM t=  84.5 L1·A@-75 L2·A@-72 L3·A@-75 R1·A@-75 R2·A@-72 R3·A@-70 罐=无罐 泵=0 阀=111111 速=+0,+0,+0.00 电=8.19V/0.65A/峰1.47 补余=0.0 IO错=0 倾+0.0 自动1/3
[  142.304] EVT 倾身 +10mm（对时标记 去程）
[  142.333] TLM t=  85.0 L1·A@-74 L2·A@-72 L3·A@-75 R1·A@-75 R2·A@-72 R3·A@-70 罐=无罐 泵=0 阀=111111 速=+0,+0,+0.00 电=8.19V/0.73A/峰1.47 补余=0.0 IO错=0 倾+0.2→+10 对时标记
[  142.856] TLM t=  85.5 L1·A@-74 L2·A@-71 L3·A@-75 R1·A@-75 R2·A@-71 R3·A@-69 罐=无罐 泵=0 阀=111111 速=+0,+0,+0.00 电=8.11V/2.12A/峰2.12 补余=0.0 IO错=0 倾+5.4→+10 对时标记
[  143.356] TLM t=  86.0 L1·A@-74 L2·A@-71 L3·A@-75 R1·A@-75 R2·A@-71 R3·A@-69 罐=无罐 泵=0 阀=111111 速=+0,+0,+0.00 电=8.10V/2.60A/峰2.60 补余=0.0 IO错=0 倾+10.0 对时标记
[  143.877] TLM t=  86.6 L1·A@-74 L2·A@-70 L3·A@-75 R1·A@-75 R2·A@-71 R3·A@-68 罐=无罐 泵=0 阀=111111 速=+0,+0,+0.00 电=8.13V/2.04A/峰2.60 补余=0.0 IO错=0 倾+10.0 对时标记
[  144.380] TLM t=  87.1 L1·A@-74 L2·A@-70 L3·A@-75 R1·A@-75 R2·A@-70 R3·A@-67 罐=无罐 泵=0 阀=111111 速=+0,+0,+0.00 电=8.10V/2.04A/峰2.60 补余=0.0 IO错=0 倾+10.0 对时标记
[  144.903] TLM t=  87.6 L1·A@-74 L2·A@-70 L3·A@-75 R1·A@-75 R2·A@-70 R3·A@-67 罐=无罐 泵=0 阀=111111 速=+0,+0,+0.00 电=8.12V/2.12A/峰2.60 补余=0.0 IO错=0 倾+10.0 对时标记
[  145.319] EVT 倾身 -10mm（对时标记 回程）
[  145.407] TLM t=  88.1 L1·A@-74 L2·A@-69 L3·A@-75 R1·A@-75 R2·A@-70 R3·A@-66 罐=无罐 泵=0 阀=111111 速=+0,+0,+0.00 电=8.11V/1.95A/峰2.60 补余=0.0 IO错=0 倾+9.2→+0 对时标记
[  145.930] TLM t=  88.6 L1·A@-74 L2·A@-69 L3·A@-75 R1·A@-75 R2·A@-69 R3·A@-66 罐=无罐 泵=0 阀=111111 速=+0,+0,+0.00 电=8.19V/0.73A/峰2.60 补余=0.0 IO错=0 倾+4.0→+0 对时标记
[  146.431] TLM t=  89.1 L1·A@-74 L2·A@-68 L3·A@-75 R1·A@-75 R2·A@-69 R3·A@-65 罐=无罐 泵=0 阀=111111 速=+0,+0,+0.00 电=8.19V/0.65A/峰2.60 补余=0.0 IO错=0 倾+0.0 对时标记
[  146.953] TLM t=  89.6 L1·A@-73 L2·A@-68 L3·A@-75 R1·A@-75 R2·A@-68 R3·A@-65 罐=无罐 泵=0 阀=111111 速=+0,+0,+0.00 电=8.19V/0.65A/峰2.60 补余=0.0 IO错=0 倾+0.0 对时标记
[  147.454] TLM t=  90.1 L1·A@-73 L2·A@-68 L3·A@-75 R1·A@-74 R2·A@-68 R3·A@-64 罐=无罐 泵=0 阀=111111 速=+0,+0,+0.00 电=8.19V/0.73A/峰2.60 补余=0.0 IO错=0 倾+0.0 对时标记
[  147.976] TLM t=  90.6 L1·A@-73 L2·A@-67 L3·A@-75 R1·A@-74 R2·A@-68 R3·A@-64 罐=无罐 泵=0 阀=111111 速=+0,+0,+0.00 电=8.18V/0.73A/峰2.60 补余=0.0 IO错=0 倾+0.0 对时标记
[  148.480] TLM t=  91.1 L1·A@-73 L2·A@-67 L3·A@-75 R1·A@-74 R2·A@-67 R3·A@-63 罐=无罐 泵=0 阀=111111 速=+0,+0,+0.00 电=8.18V/0.73A/峰2.60 补余=0.0 IO错=0 倾+0.0 对时标记
[  149.002] TLM t=  91.7 L1·A@-73 L2·A@-67 L3·A@-75 R1·A@-74 R2·A@-67 R3·A@-63 罐=无罐 泵=0 阀=111111 速=+0,+0,+0.00 电=8.19V/0.73A/峰2.60 补余=0.0 IO错=0 倾+0.0 对时标记
[  149.505] TLM t=  92.2 L1·A@-72 L2·A@-66 L3·A@-74 R1·A@-74 R2·A@-67 R3·A@-62 罐=无罐 泵=0 阀=111111 速=+0,+0,+0.00 电=8.19V/0.65A/峰2.60 补余=0.0 IO错=0 倾+0.0 对时标记
[  150.028] TLM t=  92.7 L1·A@-72 L2·A@-66 L3·A@-74 R1·A@-74 R2·A@-66 R3·A@-62 罐=无罐 泵=0 阀=111111 速=+0,+0,+0.00 电=8.18V/0.73A/峰2.60 补余=0.0 IO错=0 倾+0.0 对时标记
[  150.528] TLM t=  93.2 L1·A@-72 L2·A@-65 L3·A@-74 R1·A@-74 R2·A@-66 R3·A@-61 罐=无罐 泵=0 阀=111111 速=+0,+0,+0.00 电=8.19V/0.73A/峰2.60 补余=0.0 IO错=0 倾+0.0 对时标记
[  151.051] TLM t=  93.7 L1·A@-72 L2·A@-65 L3·A@-74 R1·A@-74 R2·A@-66 R3·A@-61 罐=无罐 泵=0 阀=111111 速=+0,+0,+0.00 电=8.19V/0.65A/峰2.60 补余=0.0 IO错=0 倾+0.0 对时标记
[  151.557] TLM t=  94.2 L1·A@-72 L2·A@-65 L3·A@-74 R1·A@-74 R2·A@-65 R3·A@-60 罐=无罐 泵=0 阀=111111 速=+0,+0,+0.00 电=8.19V/0.65A/峰2.60 补余=0.0 IO错=0 倾+0.0 对时标记
[  151.599] EVT 泵 开 最差盘压-59.9
[  152.068] TLM t=  94.7 L1·A@-71 L2·A@-69 L3·A@-74 R1·A@-74 R2·A@-68 R3·A@-67 罐=无罐 泵=1 阀=111111 速=+0,+0,+0.00 电=8.17V/0.65A/峰2.60 补余=0.0 IO错=0 倾+0.0 对时标记
[  152.562] EVT 泵 停 最差盘压-75.1
[  152.571] TLM t=  95.2 L1·A@-76 L2·A@-76 L3·A@-76 R1·A@-75 R2·A@-76 R3·A@-76 罐=无罐 泵=0 阀=111111 速=+0,+0,+0.00 电=8.19V/0.65A/峰2.60 补余=0.0 IO错=0 倾+0.0 对时标记
[  153.092] TLM t=  95.7 L1·A@-76 L2·A@-76 L3·A@-76 R1·A@-76 R2·A@-76 R3·A@-76 罐=无罐 泵=0 阀=111111 速=+0,+0,+0.00 电=8.19V/0.65A/峰2.60 补余=0.0 IO错=0 倾+0.0 对时标记
[  153.593] TLM t=  96.2 L1·A@-76 L2·A@-76 L3·A@-76 R1·A@-76 R2·A@-75 R3·A@-75 罐=无罐 泵=0 阀=111111 速=+0,+0,+0.00 电=8.19V/0.65A/峰2.60 补余=0.0 IO错=0 倾+0.0 对时标记
[  154.115] TLM t=  96.7 L1·A@-76 L2·A@-75 L3·A@-76 R1·A@-75 R2·A@-75 R3·A@-75 罐=无罐 泵=0 阀=111111 速=+0,+0,+0.00 电=8.18V/0.73A/峰2.60 补余=0.0 IO错=0 倾+0.0 对时标记
[  154.621] TLM t=  97.2 L1·A@-76 L2·A@-75 L3·A@-76 R1·A@-75 R2·A@-74 R3·A@-74 罐=无罐 泵=0 阀=111111 速=+0,+0,+0.00 电=8.19V/0.65A/峰2.60 补余=0.0 IO错=0 倾+0.0 对时标记
[  155.145] TLM t=  97.8 L1·A@-76 L2·A@-74 L3·A@-76 R1·A@-75 R2·A@-74 R3·A@-73 罐=无罐 泵=0 阀=111111 速=+0,+0,+0.00 电=8.19V/0.65A/峰2.60 补余=0.0 IO错=0 倾+0.0 对时标记
[  155.645] TLM t=  98.3 L1·A@-75 L2·A@-74 L3·A@-76 R1·A@-75 R2·A@-74 R3·A@-73 罐=无罐 泵=0 阀=111111 速=+0,+0,+0.00 电=8.18V/0.73A/峰2.60 补余=0.0 IO错=0 倾+0.0 对时标记
[  156.171] TLM t=  98.8 L1·A@-75 L2·A@-73 L3·A@-76 R1·A@-75 R2·A@-73 R3·A@-72 罐=无罐 泵=0 阀=111111 速=+0,+0,+0.00 电=8.19V/0.65A/峰2.60 补余=0.0 IO错=0 倾+0.0 对时标记
[  156.672] TLM t=  99.3 L1·A@-75 L2·A@-73 L3·A@-76 R1·A@-75 R2·A@-73 R3·A@-72 罐=无罐 泵=0 阀=111111 速=+0,+0,+0.00 电=8.19V/0.65A/峰2.60 补余=0.0 IO错=0 倾+0.0 对时标记
[  157.194] TLM t=  99.8 L1·A@-75 L2·A@-73 L3·A@-76 R1·A@-75 R2·A@-72 R3·A@-71 罐=无罐 泵=0 阀=111111 速=+0,+0,+0.00 电=8.18V/0.65A/峰2.60 补余=0.0 IO错=0 倾+0.0 对时标记
[  157.699] TLM t= 100.3 L1·A@-75 L2·A@-72 L3·A@-76 R1·A@-75 R2·A@-72 R3·A@-71 罐=无罐 泵=0 阀=111111 速=+0,+0,+0.00 电=8.18V/0.65A/峰2.60 补余=0.0 IO错=0 倾+0.0 对时标记
[  158.221] TLM t= 100.8 L1·A@-74 L2·A@-72 L3·A@-75 R1·A@-75 R2·A@-72 R3·A@-70 罐=无罐 泵=0 阀=111111 速=+0,+0,+0.00 电=8.19V/0.65A/峰2.60 补余=0.0 IO错=0 倾+0.0 对时标记
[  158.724] TLM t= 101.3 L1·A@-74 L2·A@-71 L3·A@-75 R1·A@-75 R2·A@-71 R3·A@-69 罐=无罐 泵=0 阀=111111 速=+0,+0,+0.00 电=8.19V/0.73A/峰2.60 补余=0.0 IO错=0 倾+0.0 对时标记
[  159.248] TLM t= 101.8 L1·A@-74 L2·A@-71 L3·A@-75 R1·A@-75 R2·A@-71 R3·A@-69 罐=无罐 泵=0 阀=111111 速=+0,+0,+0.00 电=8.19V/0.73A/峰2.60 补余=0.0 IO错=0 倾+0.0 对时标记
[  159.749] TLM t= 102.3 L1·A@-74 L2·A@-71 L3·A@-75 R1·A@-75 R2·A@-71 R3·A@-68 罐=无罐 泵=0 阀=111111 速=+0,+0,+0.00 电=8.19V/0.73A/峰2.60 补余=0.0 IO错=0 倾+0.0 对时标记
[  160.275] TLM t= 102.9 L1·A@-74 L2·A@-70 L3·A@-75 R1·A@-75 R2·A@-70 R3·A@-68 罐=无罐 泵=0 阀=111111 速=+0,+0,+0.00 电=8.19V/0.73A/峰2.60 补余=0.0 IO错=0 倾+0.0 对时标记
[  160.772] TLM t= 103.4 L1·A@-74 L2·A@-70 L3·A@-75 R1·A@-75 R2·A@-70 R3·A@-67 罐=无罐 泵=0 阀=111111 速=+0,+0,+0.00 电=8.18V/0.65A/峰2.60 补余=0.0 IO错=0 倾+0.0 对时标记
[  161.295] TLM t= 103.9 L1·A@-74 L2·A@-69 L3·A@-75 R1·A@-75 R2·A@-70 R3·A@-67 罐=无罐 泵=0 阀=111111 速=+0,+0,+0.00 电=8.19V/0.65A/峰2.60 补余=0.0 IO错=0 倾+0.0 对时标记
[  161.799] TLM t= 104.4 L1·A@-73 L2·A@-69 L3·A@-75 R1·A@-75 R2·A@-69 R3·A@-66 罐=无罐 泵=0 阀=111111 速=+0,+0,+0.00 电=8.19V/0.65A/峰2.60 补余=0.0 IO错=0 倾+0.0 对时标记
[  162.296] TLM t= 104.9 L1·A@-73 L2·A@-69 L3·A@-75 R1·A@-75 R2·A@-69 R3·A@-66 罐=无罐 泵=0 阀=111111 速=+0,+0,+0.00 电=8.19V/0.73A/峰2.60 补余=0.0 IO错=0 倾+0.0 对时标记
[  162.809] TLM t= 105.4 L1·A@-73 L2·A@-68 L3·A@-75 R1·A@-75 R2·A@-69 R3·A@-65 罐=无罐 泵=0 阀=111111 速=+0,+0,+0.00 电=8.18V/0.65A/峰2.60 补余=0.0 IO错=0 倾+0.0 对时标记
[  163.311] TLM t= 105.9 L1·A@-73 L2·A@-68 L3·A@-75 R1·A@-74 R2·A@-68 R3·A@-65 罐=无罐 泵=0 阀=111111 速=+0,+0,+0.00 电=8.19V/0.65A/峰2.60 补余=0.0 IO错=0 倾+0.0 对时标记
[  163.834] TLM t= 106.4 L1·A@-73 L2·A@-68 L3·A@-75 R1·A@-74 R2·A@-68 R3·A@-64 罐=无罐 泵=0 阀=111111 速=+0,+0,+0.00 电=8.18V/0.73A/峰2.60 补余=0.0 IO错=0 倾+0.0 对时标记
[  164.338] TLM t= 106.9 L1·A@-73 L2·A@-67 L3·A@-75 R1·A@-74 R2·A@-68 R3·A@-64 罐=无罐 泵=0 阀=111111 速=+0,+0,+0.00 电=8.19V/0.65A/峰2.60 补余=0.0 IO错=0 倾+0.0 对时标记
[  164.860] TLM t= 107.4 L1·A@-73 L2·A@-67 L3·A@-75 R1·A@-74 R2·A@-67 R3·A@-63 罐=无罐 泵=0 阀=111111 速=+0,+0,+0.00 电=8.19V/0.65A/峰2.60 补余=0.0 IO错=0 倾+0.0 对时标记
[  165.366] TLM t= 107.9 L1·A@-72 L2·A@-66 L3·A@-75 R1·A@-74 R2·A@-67 R3·A@-62 罐=无罐 泵=0 阀=111111 速=+0,+0,+0.00 电=8.18V/0.65A/峰2.60 补余=0.0 IO错=0 倾+0.0 对时标记
[  165.883] TLM t= 108.4 L1·A@-72 L2·A@-66 L3·A@-75 R1·A@-74 R2·A@-67 R3·A@-62 罐=无罐 泵=0 阀=111111 速=+0,+0,+0.00 电=8.19V/0.65A/峰2.60 补余=0.0 IO错=0 倾+0.0 对时标记
[  166.317] EVT 对时标记完成
[  166.317] EVT 自动轮换：第 1 轮开始
[  166.330] EVT 原地抬起受理：R3
[  166.358] EVT 相位 R3 stance→handover
[  166.385] TLM t= 111.6 L1·A@-72 L2·A@-66 L3·A@-74 R1·A@-74 R2·A@-66 R3ZA@-61 罐=无罐 泵=0 阀=111111 速=+0,+0,+0.00 电=8.19V/0.65A/峰2.60 补余=0.0 IO错=0 倾+0.0 自动1/3
[  166.908] TLM t= 112.2 L1·A@-72 L2·A@-65 L3·A@-74 R1·A@-74 R2·A@-66 R3ZA@-61 罐=无罐 泵=0 阀=111111 速=+0,+0,+0.00 电=8.18V/0.90A/峰2.60 补余=0.0 IO错=0 倾+0.0 自动1/3
[  167.414] TLM t= 112.2 L1·A@-72 L2·A@-65 L3·A@-74 R1·A@-74 R2·A@-66 R3ZA@-60 罐=无罐 泵=0 阀=111111 速=+0,+0,+0.00 电=8.16V/1.14A/峰2.60 补余=0.0 IO错=0 倾+0.0 自动1/3
[  167.444] EVT 吸附 R3 attached→venting 在态123.08s -60.3kPa
[  167.445] EVT 相位 R3 handover→vent 落点Δ(+0.0,+0.0)
[  167.462] EVT 阀 R3 →排气位
[  167.746] EVT 相位 R3 vent→lift
[  167.885] EVT 吸附 R3 venting→released 在态0.44s 0.1kPa
[  167.937] TLM t= 112.2 L1·A@-71 L2·A@-65 L3·A@-74 R1·A@-74 R2·A@-65 R3Lr@-- 罐=无罐 泵=0 阀=111110 速=+0,+0,+0.00 电=8.15V/1.14A/峰2.60 补余=0.0 IO错=0 倾+0.0 自动1/3
[  168.435] TLM t= 112.2 L1·A@-71 L2·A@-64 L3·A@-74 R1·A@-74 R2·A@-65 R3Lr@-- 罐=无罐 泵=0 阀=111110 速=+0,+0,+0.00 电=8.14V/1.38A/峰2.60 补余=0.0 IO错=0 倾+0.0 自动1/3
[  168.592] EVT 相位 R3 lift→transfer
[  168.963] TLM t= 112.2 L1·A@-71 L2·A@-64 L3·A@-74 R1·A@-74 R2·A@-65 R3Tr@-- 罐=无罐 泵=0 阀=111110 速=+0,+0,+0.00 电=8.14V/1.30A/峰2.60 补余=0.0 IO错=0 倾+0.0 自动1/3
[  169.214] EVT 相位 R3 transfer→hover
[  169.464] TLM t= 112.2 L1·A@-71 L2·A@-63 L3·A@-74 R1·A@-74 R2·A@-64 R3Hr@-- 罐=无罐 泵=0 阀=111110 速=+0,+0,+0.00 电=8.13V/1.38A/峰2.60 补余=0.0 IO错=0 倾+0.0 自动1/3
[  169.987] TLM t= 112.2 L1·A@-70 L2·A@-63 L3·A@-74 R1·A@-74 R2·A@-64 R3Hr@-- 罐=无罐 泵=0 阀=111110 速=+0,+0,+0.00 电=8.13V/1.38A/峰2.60 补余=0.0 IO错=0 倾+0.0 自动1/3
[  170.220] EVT 落地：R3
[  170.238] EVT 相位 R3 hover→descend
[  170.500] TLM t= 112.2 L1·A@-70 L2·A@-63 L3·A@-74 R1·A@-74 R2·A@-64 R3Dr@-- 罐=无罐 泵=0 阀=111110 速=+0,+0,+0.00 电=8.14V/1.47A/峰2.60 补余=0.0 IO错=0 倾+0.0 自动1/3
[  170.719] EVT 相位 R3 descend→press
[  171.013] TLM t= 112.2 L1·A@-70 L2·A@-62 L3·A@-74 R1·A@-74 R2·A@-63 R3Pr@-- 罐=无罐 泵=0 阀=111110 速=+0,+0,+0.00 电=8.13V/1.38A/峰2.60 补余=0.0 IO错=0 倾+0.0 自动1/3
[  171.512] TLM t= 112.2 L1·A@-69 L2·A@-62 L3·A@-74 R1·A@-74 R2·A@-63 R3Pr@-- 罐=无罐 泵=0 阀=111110 速=+0,+0,+0.00 电=8.13V/1.38A/峰2.60 补余=0.0 IO错=0 倾+0.0 自动1/3
[  171.926] EVT 吸附 R3 released→pressing 在态4.02s 0.1kPa
[  171.926] EVT 相位 R3 press→wait
[  172.037] TLM t= 112.2 L1·A@-69 L2·A@-61 L3·A@-74 R1·A@-74 R2·A@-63 R3Wp@-- 罐=无罐 泵=0 阀=111110 速=+0,+0,+0.00 电=8.13V/1.22A/峰2.60 补余=0.0 IO错=0 倾+0.0 自动1/3
[  172.230] EVT 吸附 R3 pressing→sucking 在态0.30s 0.1kPa
[  172.231] EVT 阀 R3 →抽气位
[  172.248] EVT 泵 开 最差盘压-61.4
[  172.541] TLM t= 112.2 L1·A@-69 L2·A@-61 L3·A@-74 R1·A@-74 R2·A@-62 R3Ws@-47 罐=无罐 泵=1 阀=111111 速=+0,+0,+0.00 电=8.09V/1.22A/峰2.60 补余=0.0 IO错=0 倾+0.0 自动1/3
[  172.574] EVT 吸附 R3 sucking→attached 在态0.34s -53.8kPa
[  172.574] EVT 相位 R3 wait→stance
[  172.574] EVT 抬落完成，轮到 L1
[  173.065] TLM t= 112.7 L1·A@-72 L2·A@-72 L3·A@-74 R1·A@-73 R2·A@-71 R3·A@-71 罐=无罐 泵=1 阀=111111 速=+0,+0,+0.00 电=8.13V/1.22A/峰2.60 补余=0.0 IO错=0 倾+0.0 自动1/3
[  173.437] EVT 泵 停 最差盘压-75.2
[  173.566] TLM t= 113.2 L1·A@-76 L2·A@-77 L3·A@-76 R1·A@-76 R2·A@-76 R3·A@-76 罐=无罐 泵=0 阀=111111 速=+0,+0,+0.00 电=8.16V/1.22A/峰2.60 补余=0.0 IO错=0 倾+0.0 自动1/3
[  174.090] TLM t= 113.7 L1·A@-76 L2·A@-76 L3·A@-76 R1·A@-76 R2·A@-76 R3·A@-76 罐=无罐 泵=0 阀=111111 速=+0,+0,+0.00 电=8.14V/1.30A/峰2.60 补余=0.0 IO错=0 倾+0.0 自动1/3
[  174.590] TLM t= 114.2 L1·A@-76 L2·A@-76 L3·A@-76 R1·A@-76 R2·A@-75 R3·A@-75 罐=无罐 泵=0 阀=111111 速=+0,+0,+0.00 电=8.15V/1.38A/峰2.60 补余=0.0 IO错=0 倾+0.0 自动1/3
[  175.114] TLM t= 114.7 L1·A@-76 L2·A@-75 L3·A@-76 R1·A@-76 R2·A@-75 R3·A@-74 罐=无罐 泵=0 阀=111111 速=+0,+0,+0.00 电=8.15V/1.30A/峰2.60 补余=0.0 IO错=0 倾+0.0 自动1/3
[  175.617] TLM t= 115.2 L1·A@-76 L2·A@-75 L3·A@-76 R1·A@-76 R2·A@-74 R3·A@-74 罐=无罐 泵=0 阀=111111 速=+0,+0,+0.00 电=8.16V/1.30A/峰2.60 补余=0.0 IO错=0 倾+0.0 自动1/3
[  176.139] TLM t= 115.7 L1·A@-75 L2·A@-74 L3·A@-76 R1·A@-75 R2·A@-74 R3·A@-73 罐=无罐 泵=0 阀=111111 速=+0,+0,+0.00 电=8.16V/1.30A/峰2.60 补余=0.0 IO错=0 倾+0.0 自动1/3
[  176.643] TLM t= 116.2 L1·A@-75 L2·A@-74 L3·A@-76 R1·A@-75 R2·A@-74 R3·A@-73 罐=无罐 泵=0 阀=111111 速=+0,+0,+0.00 电=8.15V/1.30A/峰2.60 补余=0.0 IO错=0 倾+0.0 自动1/3
[  177.162] TLM t= 116.8 L1·A@-75 L2·A@-73 L3·A@-76 R1·A@-75 R2·A@-73 R3·A@-72 罐=无罐 泵=0 阀=111111 速=+0,+0,+0.00 电=8.14V/1.30A/峰2.60 补余=0.0 IO错=0 倾+0.0 自动1/3
[  177.665] TLM t= 117.3 L1·A@-75 L2·A@-73 L3·A@-76 R1·A@-75 R2·A@-73 R3·A@-72 罐=无罐 泵=0 阀=111111 速=+0,+0,+0.00 电=8.15V/1.22A/峰2.60 补余=0.0 IO错=0 倾+0.0 自动1/3
[  178.190] TLM t= 117.8 L1·A@-74 L2·A@-73 L3·A@-76 R1·A@-75 R2·A@-73 R3·A@-71 罐=无罐 泵=0 阀=111111 速=+0,+0,+0.00 电=8.14V/1.30A/峰2.60 补余=0.0 IO错=0 倾+0.0 自动1/3
[  178.708] TLM t= 118.3 L1·A@-74 L2·A@-72 L3·A@-76 R1·A@-75 R2·A@-72 R3·A@-70 罐=无罐 泵=0 阀=111111 速=+0,+0,+0.00 电=8.15V/1.30A/峰2.60 补余=0.0 IO错=0 倾+0.0 自动1/3
[  179.207] TLM t= 118.8 L1·A@-74 L2·A@-72 L3·A@-76 R1·A@-75 R2·A@-72 R3·A@-70 罐=无罐 泵=0 阀=111111 速=+0,+0,+0.00 电=8.15V/1.22A/峰2.60 补余=0.0 IO错=0 倾+0.0 自动1/3
[  179.729] TLM t= 119.3 L1·A@-74 L2·A@-71 L3·A@-76 R1·A@-75 R2·A@-71 R3·A@-69 罐=无罐 泵=0 阀=111111 速=+0,+0,+0.00 电=8.16V/1.22A/峰2.60 补余=0.0 IO错=0 倾+0.0 自动1/3
[  180.230] TLM t= 119.8 L1·A@-74 L2·A@-71 L3·A@-75 R1·A@-75 R2·A@-71 R3·A@-69 罐=无罐 泵=0 阀=111111 速=+0,+0,+0.00 电=8.14V/1.38A/峰2.60 补余=0.0 IO错=0 倾+0.0 自动1/3
[  180.754] TLM t= 120.3 L1·A@-74 L2·A@-71 L3·A@-75 R1·A@-75 R2·A@-71 R3·A@-68 罐=无罐 泵=0 阀=111111 速=+0,+0,+0.00 电=8.15V/1.22A/峰2.60 补余=0.0 IO错=0 倾+0.0 自动1/3
[  181.257] TLM t= 120.8 L1·A@-73 L2·A@-70 L3·A@-75 R1·A@-75 R2·A@-70 R3·A@-68 罐=无罐 泵=0 阀=111111 速=+0,+0,+0.00 电=8.15V/1.30A/峰2.60 补余=0.0 IO错=0 倾+0.0 自动1/3
[  181.779] TLM t= 121.3 L1·A@-73 L2·A@-70 L3·A@-75 R1·A@-75 R2·A@-70 R3·A@-67 罐=无罐 泵=0 阀=111111 速=+0,+0,+0.00 电=8.16V/1.30A/峰2.60 补余=0.0 IO错=0 倾+0.0 自动1/3
[  182.283] TLM t= 121.8 L1·A@-73 L2·A@-69 L3·A@-75 R1·A@-75 R2·A@-70 R3·A@-67 罐=无罐 泵=0 阀=111111 速=+0,+0,+0.00 电=8.14V/1.30A/峰2.60 补余=0.0 IO错=0 倾+0.0 自动1/3
[  182.592] EVT 原地抬起受理：L1
[  182.619] EVT 相位 L1 stance→handover
[  182.808] TLM t= 123.2 L1ZA@-73 L2·A@-69 L3·A@-75 R1·A@-75 R2·A@-69 R3·A@-66 罐=无罐 泵=0 阀=111111 速=+0,+0,+0.00 电=8.14V/1.22A/峰2.60 补余=0.0 IO错=0 倾+0.0 自动1/3
[  183.311] TLM t= 123.6 L1ZA@-73 L2·A@-69 L3·A@-75 R1·A@-75 R2·A@-69 R3·A@-65 罐=无罐 泵=0 阀=111111 速=+0,+0,+0.00 电=8.14V/1.63A/峰2.60 补余=0.0 IO错=0 倾+0.0 自动1/3
[  183.837] TLM t= 123.6 L1ZA@-72 L2·A@-68 L3·A@-75 R1·A@-75 R2·A@-69 R3·A@-65 罐=无罐 泵=0 阀=111111 速=+0,+0,+0.00 电=8.11V/1.79A/峰2.60 补余=0.0 IO错=0 倾+0.0 自动1/3
[  184.158] EVT 吸附 L1 attached→venting 在态133.96s -72.1kPa
[  184.159] EVT 相位 L1 handover→vent 落点Δ(+0.0,+0.0)
[  184.186] EVT 阀 L1 →排气位
[  184.349] TLM t= 123.6 L1Vv@-72 L2·A@-68 L3·A@-75 R1·A@-74 R2·A@-68 R3·A@-64 罐=无罐 泵=0 阀=011111 速=+0,+0,+0.00 电=8.09V/1.95A/峰2.60 补余=0.0 IO错=0 倾+0.0 自动1/3
[  184.459] EVT 相位 L1 vent→lift
[  184.566] EVT 吸附 L1 venting→released 在态0.40s 0.1kPa
[  184.856] TLM t= 123.6 L1Lr@-- L2·A@-67 L3·A@-75 R1·A@-74 R2·A@-68 R3·A@-64 罐=无罐 泵=0 阀=011111 速=+0,+0,+0.00 电=8.09V/2.28A/峰2.60 补余=0.0 IO错=0 倾+0.0 自动1/3
[  185.369] TLM t= 123.6 L1Lr@-- L2·A@-67 L3·A@-75 R1·A@-74 R2·A@-68 R3·A@-63 罐=无罐 泵=0 阀=011111 速=+0,+0,+0.00 电=8.07V/2.85A/峰2.85 补余=0.0 IO错=0 倾+0.0 自动1/3
[  185.422] EVT 相位 L1 lift→transfer
[  185.880] TLM t= 123.6 L1Tr@-- L2·A@-67 L3·A@-75 R1·A@-74 R2·A@-67 R3·A@-63 罐=无罐 泵=0 阀=011111 速=+0,+0,+0.00 电=8.10V/2.12A/峰2.85 补余=0.0 IO错=0 倾+0.0 自动1/3
[  186.051] EVT 相位 L1 transfer→hover
[  186.395] TLM t= 123.6 L1Hr@-- L2·A@-66 L3·A@-75 R1·A@-74 R2·A@-67 R3·A@-62 罐=无罐 泵=0 阀=011111 速=+0,+0,+0.00 电=8.10V/1.95A/峰2.85 补余=0.0 IO错=0 倾+0.0 自动1/3
[  186.904] TLM t= 123.6 L1Hr@-- L2·A@-66 L3·A@-75 R1·A@-74 R2·A@-67 R3·A@-62 罐=无罐 泵=0 阀=011111 速=+0,+0,+0.00 电=8.09V/2.04A/峰2.85 补余=0.0 IO错=0 倾+0.0 自动1/3
[  187.074] EVT 落地：L1
[  187.092] EVT 相位 L1 hover→descend
[  187.416] TLM t= 123.6 L1Dr@-- L2·A@-65 L3·A@-74 R1·A@-74 R2·A@-66 R3·A@-61 罐=无罐 泵=0 阀=011111 速=+0,+0,+0.00 电=8.09V/2.12A/峰2.85 补余=0.0 IO错=0 倾+0.0 自动1/3
[  187.573] EVT 相位 L1 descend→press
[  187.924] TLM t= 123.6 L1Pr@-- L2·A@-65 L3·A@-74 R1·A@-74 R2·A@-66 R3·A@-60 罐=无罐 泵=0 阀=011111 速=+0,+0,+0.00 电=8.10V/2.04A/峰2.85 补余=0.0 IO错=0 倾+0.0 自动1/3
[  188.398] EVT 泵 开 最差盘压-59.9
[  188.438] TLM t= 123.6 L1Pr@-- L2·A@-65 L3·A@-74 R1·A@-74 R2·A@-66 R3·A@-60 罐=无罐 泵=1 阀=011111 速=+0,+0,+0.00 电=8.05V/2.04A/峰2.85 补余=0.0 IO错=0 倾+0.0 自动1/3
[  188.776] EVT 吸附 L1 released→pressing 在态4.20s 0.1kPa
[  188.776] EVT 相位 L1 press→wait
[  188.949] TLM t= 123.6 L1Wp@-- L2·A@-70 L3·A@-74 R1·A@-74 R2·A@-71 R3·A@-71 罐=无罐 泵=1 阀=011111 速=+0,+0,+0.00 电=8.06V/2.04A/峰2.85 补余=0.0 IO错=0 倾+0.0 自动1/3
[  189.077] EVT 吸附 L1 pressing→sucking 在态0.30s 0.1kPa
[  189.077] EVT 阀 L1 →抽气位
[  189.412] EVT 吸附 L1 sucking→attached 在态0.34s -66.8kPa
[  189.421] EVT 相位 L1 wait→stance
[  189.421] EVT 抬落完成，轮到 R2
[  189.465] TLM t= 123.6 L1·A@-69 L2·A@-73 L3·A@-74 R1·A@-74 R2·A@-72 R3·A@-73 罐=无罐 泵=1 阀=111111 速=+0,+0,+0.00 电=8.08V/2.20A/峰2.85 补余=0.0 IO错=0 倾+0.0 自动1/3
[  189.902] EVT 泵 停 最差盘压-75.3
[  189.972] TLM t= 124.1 L1·A@-76 L2·A@-76 L3·A@-76 R1·A@-76 R2·A@-76 R3·A@-76 罐=无罐 泵=0 阀=111111 速=+0,+0,+0.00 电=8.11V/1.95A/峰2.85 补余=0.0 IO错=0 倾+0.0 自动1/3
[  190.490] TLM t= 124.7 L1·A@-76 L2·A@-76 L3·A@-76 R1·A@-76 R2·A@-76 R3·A@-76 罐=无罐 泵=0 阀=111111 速=+0,+0,+0.00 电=8.11V/2.04A/峰2.85 补余=0.0 IO错=0 倾+0.0 自动1/3
[  190.992] TLM t= 125.2 L1·A@-76 L2·A@-76 L3·A@-76 R1·A@-76 R2·A@-75 R3·A@-75 罐=无罐 泵=0 阀=111111 速=+0,+0,+0.00 电=8.11V/2.04A/峰2.85 补余=0.0 IO错=0 倾+0.0 自动1/3
[  191.511] TLM t= 125.7 L1·A@-76 L2·A@-75 L3·A@-76 R1·A@-76 R2·A@-75 R3·A@-75 罐=无罐 泵=0 阀=111111 速=+0,+0,+0.00 电=8.11V/1.95A/峰2.85 补余=0.0 IO错=0 倾+0.0 自动1/3
[  192.017] TLM t= 126.2 L1·A@-76 L2·A@-75 L3·A@-76 R1·A@-76 R2·A@-74 R3·A@-74 罐=无罐 泵=0 阀=111111 速=+0,+0,+0.00 电=8.10V/2.04A/峰2.85 补余=0.0 IO错=0 倾+0.0 自动1/3
[  192.531] TLM t= 126.7 L1·A@-75 L2·A@-74 L3·A@-76 R1·A@-75 R2·A@-74 R3·A@-74 罐=无罐 泵=0 阀=111111 速=+0,+0,+0.00 电=8.11V/2.12A/峰2.85 补余=0.0 IO错=0 倾+0.0 自动1/3
[  193.040] TLM t= 127.2 L1·A@-75 L2·A@-74 L3·A@-76 R1·A@-75 R2·A@-74 R3·A@-73 罐=无罐 泵=0 阀=111111 速=+0,+0,+0.00 电=8.10V/2.04A/峰2.85 补余=0.0 IO错=0 倾+0.0 自动1/3
[  193.556] TLM t= 127.7 L1·A@-75 L2·A@-74 L3·A@-76 R1·A@-75 R2·A@-73 R3·A@-72 罐=无罐 泵=0 阀=111111 速=+0,+0,+0.00 电=8.11V/1.95A/峰2.85 补余=0.0 IO错=0 倾+0.0 自动1/3
[  194.061] TLM t= 128.2 L1·A@-75 L2·A@-73 L3·A@-76 R1·A@-75 R2·A@-73 R3·A@-72 罐=无罐 泵=0 阀=111111 速=+0,+0,+0.00 电=8.10V/2.12A/峰2.85 补余=0.0 IO错=0 倾+0.0 自动1/3
[  194.579] TLM t= 128.7 L1·A@-75 L2·A@-73 L3·A@-76 R1·A@-75 R2·A@-73 R3·A@-71 罐=无罐 泵=0 阀=111111 速=+0,+0,+0.00 电=8.11V/2.12A/峰2.85 补余=0.0 IO错=0 倾+0.0 自动1/3
[  195.085] TLM t= 129.2 L1·A@-75 L2·A@-72 L3·A@-76 R1·A@-75 R2·A@-72 R3·A@-71 罐=无罐 泵=0 阀=111111 速=+0,+0,+0.00 电=8.11V/2.28A/峰2.85 补余=0.0 IO错=0 倾+0.0 自动1/3
[  195.600] TLM t= 129.8 L1·A@-75 L2·A@-72 L3·A@-75 R1·A@-75 R2·A@-72 R3·A@-70 罐=无罐 泵=0 阀=111111 速=+0,+0,+0.00 电=8.10V/2.04A/峰2.85 补余=0.0 IO错=0 倾+0.0 自动1/3
[  196.108] TLM t= 130.3 L1·A@-74 L2·A@-72 L3·A@-75 R1·A@-75 R2·A@-72 R3·A@-69 罐=无罐 泵=0 阀=111111 速=+0,+0,+0.00 电=8.10V/2.12A/峰2.85 补余=0.0 IO错=0 倾+0.0 自动1/3
[  196.625] TLM t= 130.8 L1·A@-74 L2·A@-71 L3·A@-75 R1·A@-75 R2·A@-71 R3·A@-69 罐=无罐 泵=0 阀=111111 速=+0,+0,+0.00 电=8.11V/2.04A/峰2.85 补余=0.0 IO错=0 倾+0.0 自动1/3
[  197.134] TLM t= 131.3 L1·A@-74 L2·A@-71 L3·A@-75 R1·A@-75 R2·A@-71 R3·A@-68 罐=无罐 泵=0 阀=111111 速=+0,+0,+0.00 电=8.09V/2.04A/峰2.85 补余=0.0 IO错=0 倾+0.0 自动1/3
[  197.647] TLM t= 131.8 L1·A@-74 L2·A@-70 L3·A@-75 R1·A@-75 R2·A@-70 R3·A@-68 罐=无罐 泵=0 阀=111111 速=+0,+0,+0.00 电=8.11V/1.95A/峰2.85 补余=0.0 IO错=0 倾+0.0 自动1/3
[  198.156] TLM t= 132.3 L1·A@-74 L2·A@-70 L3·A@-75 R1·A@-75 R2·A@-70 R3·A@-67 罐=无罐 泵=0 阀=111111 速=+0,+0,+0.00 电=8.10V/2.12A/峰2.85 补余=0.0 IO错=0 倾+0.0 自动1/3
[  198.671] TLM t= 132.8 L1·A@-74 L2·A@-69 L3·A@-75 R1·A@-75 R2·A@-70 R3·A@-67 罐=无罐 泵=0 阀=111111 速=+0,+0,+0.00 电=8.11V/1.95A/峰2.85 补余=0.0 IO错=0 倾+0.0 自动1/3
[  199.176] TLM t= 133.3 L1·A@-74 L2·A@-69 L3·A@-75 R1·A@-74 R2·A@-69 R3·A@-66 罐=无罐 泵=0 阀=111111 速=+0,+0,+0.00 电=8.11V/1.95A/峰2.85 补余=0.0 IO错=0 倾+0.0 自动1/3
[  199.444] EVT 原地抬起受理：R2
[  199.469] EVT 相位 R2 stance→handover
[  199.696] TLM t= 134.6 L1·A@-74 L2·A@-69 L3·A@-75 R1·A@-74 R2ZA@-69 R3·A@-66 罐=无罐 泵=0 阀=111111 速=+0,+0,+0.00 电=8.11V/2.12A/峰2.85 补余=0.0 IO错=0 倾+0.0 自动1/3
[  200.200] TLM t= 135.0 L1·A@-74 L2·A@-68 L3·A@-75 R1·A@-74 R2ZA@-69 R3·A@-65 罐=无罐 泵=0 阀=111111 速=+0,+0,+0.00 电=8.11V/1.95A/峰2.85 补余=0.0 IO错=0 倾+0.0 自动1/3
[  200.552] EVT 吸附 R2 attached→venting 在态148.48s -68.5kPa
[  200.552] EVT 相位 R2 handover→vent 落点Δ(+0.0,+0.0)
[  200.570] EVT 阀 R2 →排气位
[  200.720] TLM t= 135.0 L1·A@-73 L2·A@-68 L3·A@-75 R1·A@-74 R2Vv@-68 R3·A@-65 罐=无罐 泵=0 阀=111101 速=+0,+0,+0.00 电=8.06V/2.28A/峰2.85 补余=0.0 IO错=0 倾+0.0 自动1/3
[  200.851] EVT 相位 R2 vent→lift
[  200.951] EVT 吸附 R2 venting→released 在态0.40s -0.0kPa
[  201.220] TLM t= 135.0 L1·A@-73 L2·A@-67 L3·A@-75 R1·A@-74 R2Lr@-- R3·A@-64 罐=无罐 泵=0 阀=111101 速=+0,+0,+0.00 电=8.09V/2.20A/峰2.85 补余=0.0 IO错=0 倾+0.0 自动1/3
[  201.693] EVT 相位 R2 lift→transfer
[  201.723] TLM t= 135.0 L1·A@-73 L2·A@-67 L3·A@-75 R1·A@-74 R2Tr@-- R3·A@-64 罐=无罐 泵=0 阀=111101 速=+0,+0,+0.00 电=8.07V/2.20A/峰2.85 补余=0.0 IO错=0 倾+0.0 自动1/3
[  202.243] TLM t= 135.0 L1·A@-73 L2·A@-67 L3·A@-74 R1·A@-74 R2Tr@-- R3·A@-63 罐=无罐 泵=0 阀=111101 速=+0,+0,+0.00 电=8.06V/2.20A/峰2.85 补余=0.0 IO错=0 倾+0.0 自动1/3
[  202.315] EVT 相位 R2 transfer→hover
[  202.748] TLM t= 135.0 L1·A@-73 L2·A@-66 L3·A@-74 R1·A@-74 R2Hr@-- R3·A@-63 罐=无罐 泵=0 阀=111101 速=+0,+0,+0.00 电=8.10V/2.04A/峰2.85 补余=0.0 IO错=0 倾+0.0 自动1/3
[  203.270] TLM t= 135.0 L1·A@-73 L2·A@-66 L3·A@-74 R1·A@-74 R2Hr@-- R3·A@-62 罐=无罐 泵=0 阀=111101 速=+0,+0,+0.00 电=8.09V/2.20A/峰2.85 补余=0.0 IO错=0 倾+0.0 自动1/3
[  203.319] EVT 落地：R2
[  203.339] EVT 相位 R2 hover→descend
[  203.770] TLM t= 135.0 L1·A@-73 L2·A@-66 L3·A@-74 R1·A@-74 R2Dr@-- R3·A@-61 罐=无罐 泵=0 阀=111101 速=+0,+0,+0.00 电=8.08V/2.44A/峰2.85 补余=0.0 IO错=0 倾+0.0 自动1/3
[  203.823] EVT 相位 R2 descend→press
[  204.275] TLM t= 135.0 L1·A@-73 L2·A@-65 L3·A@-74 R1·A@-74 R2Pr@-- R3·A@-61 罐=无罐 泵=0 阀=111101 速=+0,+0,+0.00 电=8.06V/2.20A/峰2.85 补余=0.0 IO错=0 倾+0.0 自动1/3
[  204.775] TLM t= 135.0 L1·A@-73 L2·A@-65 L3·A@-74 R1·A@-74 R2Pr@-- R3·A@-60 罐=无罐 泵=0 阀=111101 速=+0,+0,+0.00 电=8.07V/2.20A/峰2.85 补余=0.0 IO错=0 倾+0.0 自动1/3
[  205.040] EVT 吸附 R2 released→pressing 在态4.06s -0.0kPa
[  205.040] EVT 相位 R2 press→wait
[  205.239] EVT 泵 开 最差盘压-59.9
[  205.288] TLM t= 135.0 L1·A@-73 L2·A@-64 L3·A@-74 R1·A@-74 R2Wp@-- R3·A@-60 罐=无罐 泵=1 阀=111101 速=+0,+0,+0.00 电=8.02V/2.28A/峰2.85 补余=0.0 IO错=0 倾+0.0 自动1/3
[  205.341] EVT 吸附 R2 pressing→sucking 在态0.30s -0.0kPa
[  205.342] EVT 阀 R2 →抽气位
[  205.614] EVT 吸附 R2 sucking→attached 在态0.28s -60.1kPa
[  205.615] EVT 相位 R2 wait→stance
[  205.615] EVT 抬落完成，轮到 L3
[  205.791] TLM t= 135.2 L1·A@-73 L2·A@-66 L3·A@-74 R1·A@-73 R2·A@-65 R3·A@-65 罐=无罐 泵=1 阀=111111 速=+0,+0,+0.00 电=8.05V/2.12A/峰2.85 补余=0.0 IO错=0 倾+0.0 自动1/3
[  206.318] TLM t= 135.7 L1·A@-74 L2·A@-75 L3·A@-74 R1·A@-73 R2·A@-74 R3·A@-74 罐=无罐 泵=1 阀=111111 速=+0,+0,+0.00 电=8.03V/2.20A/峰2.85 补余=0.0 IO错=0 倾+0.0 自动1/3
[  206.507] EVT 泵 停 最差盘压-75.3
[  206.818] TLM t= 136.2 L1·A@-76 L2·A@-76 L3·A@-76 R1·A@-76 R2·A@-76 R3·A@-76 罐=无罐 泵=0 阀=111111 速=+0,+0,+0.00 电=8.09V/2.12A/峰2.85 补余=0.0 IO错=0 倾+0.0 自动1/3
[  207.340] TLM t= 136.7 L1·A@-76 L2·A@-76 L3·A@-76 R1·A@-76 R2·A@-75 R3·A@-76 罐=无罐 泵=0 阀=111111 速=+0,+0,+0.00 电=8.09V/2.12A/峰2.85 补余=0.0 IO错=0 倾+0.0 自动1/3
[  207.842] TLM t= 137.2 L1·A@-76 L2·A@-76 L3·A@-76 R1·A@-76 R2·A@-75 R3·A@-75 罐=无罐 泵=0 阀=111111 速=+0,+0,+0.00 电=8.10V/2.12A/峰2.85 补余=0.0 IO错=0 倾+0.0 自动1/3
[  208.365] TLM t= 137.7 L1·A@-76 L2·A@-75 L3·A@-76 R1·A@-75 R2·A@-74 R3·A@-74 罐=无罐 泵=0 阀=111111 速=+0,+0,+0.00 电=8.08V/2.12A/峰2.85 补余=0.0 IO错=0 倾+0.0 自动1/3
[  208.869] TLM t= 138.2 L1·A@-76 L2·A@-75 L3·A@-76 R1·A@-75 R2·A@-74 R3·A@-74 罐=无罐 泵=0 阀=111111 速=+0,+0,+0.00 电=8.09V/2.12A/峰2.85 补余=0.0 IO错=0 倾+0.0 自动1/3
[  209.392] TLM t= 138.7 L1·A@-76 L2·A@-74 L3·A@-76 R1·A@-75 R2·A@-73 R3·A@-73 罐=无罐 泵=0 阀=111111 速=+0,+0,+0.00 电=8.09V/2.12A/峰2.85 补余=0.0 IO错=0 倾+0.0 自动1/3
[  209.896] TLM t= 139.2 L1·A@-76 L2·A@-74 L3·A@-76 R1·A@-75 R2·A@-73 R3·A@-73 罐=无罐 泵=0 阀=111111 速=+0,+0,+0.00 电=8.08V/2.12A/峰2.85 补余=0.0 IO错=0 倾+0.0 自动1/3
[  210.393] TLM t= 139.7 L1·A@-75 L2·A@-73 L3·A@-76 R1·A@-75 R2·A@-73 R3·A@-72 罐=无罐 泵=0 阀=111111 速=+0,+0,+0.00 电=8.08V/2.20A/峰2.85 补余=0.0 IO错=0 倾+0.0 自动1/3
[  210.901] TLM t= 140.2 L1·A@-75 L2·A@-73 L3·A@-76 R1·A@-75 R2·A@-72 R3·A@-72 罐=无罐 泵=0 阀=111111 速=+0,+0,+0.00 电=8.09V/1.95A/峰2.85 补余=0.0 IO错=0 倾+0.0 自动1/3
[  211.406] TLM t= 140.7 L1·A@-75 L2·A@-73 L3·A@-76 R1·A@-75 R2·A@-72 R3·A@-71 罐=无罐 泵=0 阀=111111 速=+0,+0,+0.00 电=8.08V/2.20A/峰2.85 补余=0.0 IO错=0 倾+0.0 自动1/3
[  211.928] TLM t= 141.3 L1·A@-75 L2·A@-72 L3·A@-75 R1·A@-75 R2·A@-72 R3·A@-70 罐=无罐 泵=0 阀=111111 速=+0,+0,+0.00 电=8.10V/2.20A/峰2.85 补余=0.0 IO错=0 倾+0.0 自动1/3
[  212.430] TLM t= 141.8 L1·A@-75 L2·A@-72 L3·A@-75 R1·A@-75 R2·A@-71 R3·A@-70 罐=无罐 泵=0 阀=111111 速=+0,+0,+0.00 电=8.10V/2.20A/峰2.85 补余=0.0 IO错=0 倾+0.0 自动1/3
[  212.951] TLM t= 142.3 L1·A@-75 L2·A@-71 L3·A@-75 R1·A@-75 R2·A@-71 R3·A@-69 罐=无罐 泵=0 阀=111111 速=+0,+0,+0.00 电=8.09V/2.12A/峰2.85 补余=0.0 IO错=0 倾+0.0 自动1/3
[  213.453] TLM t= 142.8 L1·A@-75 L2·A@-71 L3·A@-75 R1·A@-75 R2·A@-71 R3·A@-69 罐=无罐 泵=0 阀=111111 速=+0,+0,+0.00 电=8.09V/2.04A/峰2.85 补余=0.0 IO错=0 倾+0.0 自动1/3
[  213.974] TLM t= 143.3 L1·A@-75 L2·A@-71 L3·A@-75 R1·A@-75 R2·A@-70 R3·A@-68 罐=无罐 泵=0 阀=111111 速=+0,+0,+0.00 电=8.10V/2.28A/峰2.85 补余=0.0 IO错=0 倾+0.0 自动1/3
[  214.475] TLM t= 143.8 L1·A@-75 L2·A@-70 L3·A@-75 R1·A@-75 R2·A@-70 R3·A@-68 罐=无罐 泵=0 阀=111111 速=+0,+0,+0.00 电=8.10V/2.12A/峰2.85 补余=0.0 IO错=0 倾+0.0 自动1/3
[  214.998] TLM t= 144.3 L1·A@-75 L2·A@-70 L3·A@-75 R1·A@-75 R2·A@-69 R3·A@-67 罐=无罐 泵=0 阀=111111 速=+0,+0,+0.00 电=8.09V/2.12A/峰2.85 补余=0.0 IO错=0 倾+0.0 自动1/3
[  215.502] TLM t= 144.8 L1·A@-74 L2·A@-69 L3·A@-75 R1·A@-74 R2·A@-69 R3·A@-67 罐=无罐 泵=0 阀=111111 速=+0,+0,+0.00 电=8.10V/2.04A/峰2.85 补余=0.0 IO错=0 倾+0.0 自动1/3
[  215.627] EVT 原地抬起受理：L3
[  215.655] EVT 相位 L3 stance→handover
[  216.025] TLM t= 146.2 L1·A@-74 L2·A@-69 L3ZA@-75 R1·A@-74 R2·A@-69 R3·A@-66 罐=无罐 泵=0 阀=111111 速=+0,+0,+0.00 电=8.09V/2.20A/峰2.85 补余=0.0 IO错=0 倾+0.0 自动1/3
[  216.528] TLM t= 146.4 L1·A@-74 L2·A@-69 L3ZA@-75 R1·A@-74 R2·A@-68 R3·A@-65 罐=无罐 泵=0 阀=111111 速=+0,+0,+0.00 电=8.08V/2.36A/峰2.85 补余=0.0 IO错=0 倾+0.0 自动1/3
[  217.048] TLM t= 146.4 L1·A@-74 L2·A@-68 L3ZA@-75 R1·A@-74 R2·A@-68 R3·A@-65 罐=无罐 泵=0 阀=111111 速=+0,+0,+0.00 电=8.07V/2.69A/峰2.85 补余=0.0 IO错=0 倾+0.0 自动1/3
[  217.101] EVT 吸附 L3 attached→venting 在态163.12s -74.6kPa
[  217.101] EVT 相位 L3 handover→vent 落点Δ(+0.0,+0.0)
[  217.121] EVT 阀 L3 →排气位
[  217.399] EVT 相位 L3 vent→lift
[  217.497] EVT 吸附 L3 venting→released 在态0.40s 0.1kPa
[  217.550] TLM t= 146.4 L1·A@-74 L2·A@-68 L3Lr@-- R1·A@-74 R2·A@-68 R3·A@-64 罐=无罐 泵=0 阀=110111 速=+0,+0,+0.00 电=8.05V/2.69A/峰2.85 补余=0.0 IO错=0 倾+0.0 自动1/3
[  218.072] TLM t= 146.4 L1·A@-74 L2·A@-67 L3Lr@-- R1·A@-74 R2·A@-67 R3·A@-64 罐=无罐 泵=0 阀=110111 速=+0,+0,+0.00 电=8.04V/2.69A/峰2.85 补余=0.0 IO错=0 倾+0.0 自动1/3
[  218.243] EVT 相位 L3 lift→transfer
[  218.574] TLM t= 146.4 L1·A@-74 L2·A@-67 L3Tr@-- R1·A@-74 R2·A@-67 R3·A@-63 罐=无罐 泵=0 阀=110111 速=+0,+0,+0.00 电=8.06V/2.44A/峰2.85 补余=0.0 IO错=0 倾+0.0 自动1/3
[  218.867] EVT 相位 L3 transfer→hover
[  219.092] TLM t= 146.4 L1·A@-74 L2·A@-67 L3Hr@-- R1·A@-74 R2·A@-67 R3·A@-63 罐=无罐 泵=0 阀=110111 速=+0,+0,+0.00 电=8.07V/2.60A/峰2.85 补余=0.0 IO错=0 倾+0.0 自动1/3
[  219.601] TLM t= 146.4 L1·A@-74 L2·A@-66 L3Hr@-- R1·A@-74 R2·A@-66 R3·A@-62 罐=无罐 泵=0 阀=110111 速=+0,+0,+0.00 电=8.06V/2.36A/峰2.85 补余=0.0 IO错=0 倾+0.0 自动1/3
[  219.867] EVT 落地：L3
[  219.890] EVT 相位 L3 hover→descend
[  220.117] TLM t= 146.4 L1·A@-74 L2·A@-66 L3Dr@-- R1·A@-74 R2·A@-66 R3·A@-62 罐=无罐 泵=0 阀=110111 速=+0,+0,+0.00 电=8.05V/2.44A/峰2.85 补余=0.0 IO错=0 倾+0.0 自动1/3
[  220.373] EVT 相位 L3 descend→press
[  220.623] TLM t= 146.4 L1·A@-73 L2·A@-66 L3Pr@-- R1·A@-73 R2·A@-66 R3·A@-61 罐=无罐 泵=0 阀=110111 速=+0,+0,+0.00 电=8.06V/2.44A/峰2.85 补余=0.0 IO错=0 倾+0.0 自动1/3
[  221.141] TLM t= 146.4 L1·A@-73 L2·A@-65 L3Pr@-- R1·A@-73 R2·A@-65 R3·A@-61 罐=无罐 泵=0 阀=110111 速=+0,+0,+0.00 电=8.04V/2.69A/峰2.85 补余=0.0 IO错=0 倾+0.0 自动1/3
[  221.577] EVT 吸附 L3 released→pressing 在态4.06s 0.1kPa
[  221.577] EVT 相位 L3 press→wait
[  221.645] TLM t= 146.4 L1·A@-73 L2·A@-65 L3Wp@-- R1·A@-73 R2·A@-65 R3·A@-60 罐=无罐 泵=0 阀=110111 速=+0,+0,+0.00 电=8.06V/2.28A/峰2.85 补余=0.0 IO错=0 倾+0.0 自动1/3
[  221.817] EVT 泵 开 最差盘压-60.0
[  221.877] EVT 吸附 L3 pressing→sucking 在态0.30s 0.1kPa
[  221.878] EVT 阀 L3 →抽气位
[  222.156] EVT 吸附 L3 sucking→attached 在态0.28s -47.9kPa
[  222.161] EVT 相位 L3 wait→stance
[  222.161] EVT 抬落完成，轮到 R1
[  222.171] TLM t= 146.4 L1·A@-73 L2·A@-64 L3·A@-48 R1·A@-73 R2·A@-65 R3·A@-60 罐=无罐 泵=1 阀=111111 速=+0,+0,+0.00 电=7.99V/2.52A/峰2.85 补余=0.0 IO错=0 倾+0.0 自动1/3
[  222.684] TLM t= 146.9 L1·A@-73 L2·A@-71 L3·A@-71 R1·A@-73 R2·A@-71 R3·A@-71 罐=无罐 泵=1 阀=111111 速=+0,+0,+0.00 电=8.00V/2.69A/峰2.85 补余=0.0 IO错=0 倾+0.0 自动1/3
[  223.141] EVT 泵 停 最差盘压-75.5
[  223.189] TLM t= 147.4 L1·A@-76 L2·A@-77 L3·A@-76 R1·A@-75 R2·A@-76 R3·A@-76 罐=无罐 泵=0 阀=111111 速=+0,+0,+0.00 电=8.08V/2.52A/峰2.85 补余=0.0 IO错=0 倾+0.0 自动1/3
[  223.692] TLM t= 147.9 L1·A@-76 L2·A@-76 L3·A@-76 R1·A@-76 R2·A@-76 R3·A@-76 罐=无罐 泵=0 阀=111111 速=+0,+0,+0.00 电=8.06V/2.52A/峰2.85 补余=0.0 IO错=0 倾+0.0 自动1/3
[  224.211] TLM t= 148.4 L1·A@-76 L2·A@-76 L3·A@-76 R1·A@-76 R2·A@-75 R3·A@-75 罐=无罐 泵=0 阀=111111 速=+0,+0,+0.00 电=8.05V/2.52A/峰2.85 补余=0.0 IO错=0 倾+0.0 自动1/3
[  224.715] TLM t= 148.9 L1·A@-76 L2·A@-75 L3·A@-76 R1·A@-75 R2·A@-75 R3·A@-75 罐=无罐 泵=0 阀=111111 速=+0,+0,+0.00 电=8.06V/2.52A/峰2.85 补余=0.0 IO错=0 倾+0.0 自动1/3
[  225.238] TLM t= 149.5 L1·A@-76 L2·A@-75 L3·A@-76 R1·A@-75 R2·A@-75 R3·A@-74 罐=无罐 泵=0 阀=111111 速=+0,+0,+0.00 电=8.07V/2.44A/峰2.85 补余=0.0 IO错=0 倾+0.0 自动1/3
[  225.742] TLM t= 150.0 L1·A@-76 L2·A@-75 L3·A@-75 R1·A@-75 R2·A@-74 R3·A@-74 罐=无罐 泵=0 阀=111111 速=+0,+0,+0.00 电=8.08V/2.44A/峰2.85 补余=0.0 IO错=0 倾+0.0 自动1/3
[  226.260] TLM t= 150.5 L1·A@-76 L2·A@-74 L3·A@-75 R1·A@-75 R2·A@-74 R3·A@-73 罐=无罐 泵=0 阀=111111 速=+0,+0,+0.00 电=8.09V/2.44A/峰2.85 补余=0.0 IO错=0 倾+0.0 自动1/3
[  226.767] TLM t= 151.0 L1·A@-76 L2·A@-74 L3·A@-75 R1·A@-75 R2·A@-73 R3·A@-72 罐=无罐 泵=0 阀=111111 速=+0,+0,+0.00 电=8.08V/2.44A/峰2.85 补余=0.0 IO错=0 倾+0.0 自动1/3
[  227.285] TLM t= 151.5 L1·A@-75 L2·A@-73 L3·A@-75 R1·A@-75 R2·A@-73 R3·A@-72 罐=无罐 泵=0 阀=111111 速=+0,+0,+0.00 电=8.05V/2.52A/峰2.85 补余=0.0 IO错=0 倾+0.0 自动1/3
[  227.789] TLM t= 152.0 L1·A@-75 L2·A@-73 L3·A@-75 R1·A@-75 R2·A@-73 R3·A@-71 罐=无罐 泵=0 阀=111111 速=+0,+0,+0.00 电=8.07V/2.44A/峰2.85 补余=0.0 IO错=0 倾+0.0 自动1/3
[  228.309] TLM t= 152.5 L1·A@-75 L2·A@-72 L3·A@-75 R1·A@-75 R2·A@-72 R3·A@-71 罐=无罐 泵=0 阀=111111 速=+0,+0,+0.00 电=8.06V/2.52A/峰2.85 补余=0.0 IO错=0 倾+0.0 自动1/3
[  228.814] TLM t= 153.0 L1·A@-75 L2·A@-72 L3·A@-74 R1·A@-74 R2·A@-72 R3·A@-70 罐=无罐 泵=0 阀=111111 速=+0,+0,+0.00 电=8.06V/2.60A/峰2.85 补余=0.0 IO错=0 倾+0.0 自动1/3
[  229.332] TLM t= 153.5 L1·A@-75 L2·A@-72 L3·A@-74 R1·A@-74 R2·A@-72 R3·A@-70 罐=无罐 泵=0 阀=111111 速=+0,+0,+0.00 电=8.07V/2.52A/峰2.85 补余=0.0 IO错=0 倾+0.0 自动1/3
[  229.835] TLM t= 154.0 L1·A@-75 L2·A@-71 L3·A@-74 R1·A@-74 R2·A@-71 R3·A@-69 罐=无罐 泵=0 阀=111111 速=+0,+0,+0.00 电=8.04V/2.44A/峰2.85 补余=0.0 IO错=0 倾+0.0 自动1/3
[  230.353] TLM t= 154.6 L1·A@-75 L2·A@-71 L3·A@-74 R1·A@-74 R2·A@-71 R3·A@-69 罐=无罐 泵=0 阀=111111 速=+0,+0,+0.00 电=8.06V/2.44A/峰2.85 补余=0.0 IO错=0 倾+0.0 自动1/3
[  230.859] TLM t= 155.1 L1·A@-75 L2·A@-70 L3·A@-74 R1·A@-74 R2·A@-71 R3·A@-68 罐=无罐 泵=0 阀=111111 速=+0,+0,+0.00 电=8.06V/2.52A/峰2.85 补余=0.0 IO错=0 倾+0.0 自动1/3
[  231.380] TLM t= 155.6 L1·A@-75 L2·A@-70 L3·A@-74 R1·A@-74 R2·A@-70 R3·A@-67 罐=无罐 泵=0 阀=111111 速=+0,+0,+0.00 电=8.05V/2.60A/峰2.85 补余=0.0 IO错=0 倾+0.0 自动1/3
[  231.896] TLM t= 156.1 L1·A@-75 L2·A@-70 L3·A@-74 R1·A@-74 R2·A@-70 R3·A@-67 罐=无罐 泵=0 阀=111111 速=+0,+0,+0.00 电=8.05V/2.44A/峰2.85 补余=0.0 IO错=0 倾+0.0 自动1/3
[  232.207] EVT 原地抬起受理：R1
[  232.219] EVT 相位 R1 stance→handover
[  232.395] TLM t= 157.4 L1·A@-74 L2·A@-69 L3·A@-73 R1ZA@-74 R2·A@-70 R3·A@-66 罐=无罐 泵=0 阀=111111 速=+0,+0,+0.00 电=8.08V/2.04A/峰2.85 补余=0.0 IO错=0 倾+0.0 自动1/3
[  232.919] TLM t= 157.8 L1·A@-74 L2·A@-69 L3·A@-73 R1ZA@-73 R2·A@-69 R3·A@-66 罐=无罐 泵=0 阀=111111 速=+0,+0,+0.00 电=8.11V/1.79A/峰2.85 补余=0.0 IO错=0 倾+0.0 自动1/3
[  233.419] TLM t= 157.8 L1·A@-74 L2·A@-68 L3·A@-73 R1ZA@-73 R2·A@-69 R3·A@-66 罐=无罐 泵=0 阀=111111 速=+0,+0,+0.00 电=8.10V/1.95A/峰2.85 补余=0.0 IO错=0 倾+0.0 自动1/3
[  233.873] EVT 吸附 R1 attached→venting 在态177.94s -73.3kPa
[  233.873] EVT 相位 R1 handover→vent 落点Δ(+0.0,+0.0)
[  233.893] EVT 阀 R1 →排气位
[  233.939] TLM t= 157.8 L1·A@-74 L2·A@-68 L3·A@-73 R1Vv@-73 R2·A@-69 R3·A@-65 罐=无罐 泵=0 阀=111011 速=+0,+0,+0.00 电=8.08V/2.28A/峰2.85 补余=0.0 IO错=0 倾+0.0 自动1/3
[  234.171] EVT 相位 R1 vent→lift
[  234.269] EVT 吸附 R1 venting→released 在态0.40s 0.0kPa
[  234.446] TLM t= 157.8 L1·A@-74 L2·A@-68 L3·A@-73 R1Lr@-- R2·A@-68 R3·A@-64 罐=无罐 泵=0 阀=111011 速=+0,+0,+0.00 电=8.07V/2.28A/峰2.85 补余=0.0 IO错=0 倾+0.0 自动1/3
[  234.970] TLM t= 157.8 L1·A@-74 L2·A@-67 L3·A@-73 R1Lr@-- R2·A@-68 R3·A@-64 罐=无罐 泵=0 阀=111011 速=+0,+0,+0.00 电=8.04V/2.36A/峰2.85 补余=0.0 IO错=0 倾+0.0 自动1/3
[  235.018] EVT 相位 R1 lift→transfer
[  235.470] TLM t= 157.8 L1·A@-74 L2·A@-67 L3·A@-73 R1Tr@-- R2·A@-68 R3·A@-63 罐=无罐 泵=0 阀=111011 速=+0,+0,+0.00 电=8.06V/2.28A/峰2.85 补余=0.0 IO错=0 倾+0.0 自动1/3
[  235.643] EVT 相位 R1 transfer→hover
[  235.995] TLM t= 157.8 L1·A@-74 L2·A@-67 L3·A@-73 R1Hr@-- R2·A@-67 R3·A@-63 罐=无罐 泵=0 阀=111011 速=+0,+0,+0.00 电=8.08V/2.28A/峰2.85 补余=0.0 IO错=0 倾+0.0 自动1/3
[  236.492] TLM t= 157.8 L1·A@-74 L2·A@-66 L3·A@-73 R1Hr@-- R2·A@-67 R3·A@-62 罐=无罐 泵=0 阀=111011 速=+0,+0,+0.00 电=8.07V/2.36A/峰2.85 补余=0.0 IO错=0 倾+0.0 自动1/3
[  236.645] EVT 落地：R1
[  236.667] EVT 相位 R1 hover→descend
[  237.017] TLM t= 157.8 L1·A@-74 L2·A@-66 L3·A@-73 R1Dr@-- R2·A@-67 R3·A@-62 罐=无罐 泵=0 阀=111011 速=+0,+0,+0.00 电=8.05V/2.52A/峰2.85 补余=0.0 IO错=0 倾+0.0 自动1/3
[  237.149] EVT 相位 R1 descend→press
[  237.521] TLM t= 157.8 L1·A@-73 L2·A@-65 L3·A@-73 R1Pr@-- R2·A@-66 R3·A@-61 罐=无罐 泵=0 阀=111011 速=+0,+0,+0.00 电=8.06V/2.28A/峰2.85 补余=0.0 IO错=0 倾+0.0 自动1/3
[  238.040] TLM t= 157.8 L1·A@-73 L2·A@-65 L3·A@-72 R1Pr@-- R2·A@-66 R3·A@-61 罐=无罐 泵=0 阀=111011 速=+0,+0,+0.00 电=8.06V/2.28A/峰2.85 补余=0.0 IO错=0 倾+0.0 自动1/3
[  238.356] EVT 吸附 R1 released→pressing 在态4.06s 0.0kPa
[  238.356] EVT 相位 R1 press→wait
[  238.546] TLM t= 157.8 L1·A@-73 L2·A@-65 L3·A@-72 R1Wp@-- R2·A@-66 R3·A@-60 罐=无罐 泵=0 阀=111011 速=+0,+0,+0.00 电=8.06V/2.28A/峰2.85 补余=0.0 IO错=0 倾+0.0 自动1/3
[  238.659] EVT 吸附 R1 pressing→sucking 在态0.30s 0.0kPa
[  238.660] EVT 阀 R1 →抽气位
[  238.675] EVT 泵 开 最差盘压-60.2
[  239.055] EVT 吸附 R1 sucking→attached 在态0.40s -59.3kPa
[  239.058] EVT 相位 R1 wait→stance
[  239.058] EVT 抬落完成，轮到 L2
[  239.066] TLM t= 157.8 L1·A@-73 L2·A@-64 L3·A@-72 R1·A@-59 R2·A@-65 R3·A@-60 罐=无罐 泵=1 阀=111111 速=+0,+0,+0.00 电=8.04V/2.28A/峰2.85 补余=0.0 IO错=0 倾+0.0 自动1/3
[  239.570] TLM t= 158.3 L1·A@-73 L2·A@-74 L3·A@-73 R1·A@-72 R2·A@-73 R3·A@-73 罐=无罐 泵=1 阀=111111 速=+0,+0,+0.00 电=8.00V/2.20A/峰2.85 补余=0.0 IO错=0 倾+0.0 自动1/3
[  239.879] EVT 泵 停 最差盘压-75.5
[  240.089] TLM t= 158.8 L1·A@-77 L2·A@-77 L3·A@-76 R1·A@-76 R2·A@-76 R3·A@-77 罐=无罐 泵=0 阀=111111 速=+0,+0,+0.00 电=8.07V/2.28A/峰2.85 补余=0.0 IO错=0 倾+0.0 自动1/3
[  240.596] TLM t= 159.3 L1·A@-76 L2·A@-76 L3·A@-76 R1·A@-76 R2·A@-76 R3·A@-76 罐=无罐 泵=0 阀=111111 速=+0,+0,+0.00 电=8.08V/2.28A/峰2.85 补余=0.0 IO错=0 倾+0.0 自动1/3
[  241.117] TLM t= 159.8 L1·A@-76 L2·A@-76 L3·A@-76 R1·A@-76 R2·A@-75 R3·A@-75 罐=无罐 泵=0 阀=111111 速=+0,+0,+0.00 电=8.07V/2.28A/峰2.85 补余=0.0 IO错=0 倾+0.0 自动1/3
[  241.619] TLM t= 160.3 L1·A@-76 L2·A@-75 L3·A@-76 R1·A@-76 R2·A@-75 R3·A@-75 罐=无罐 泵=0 阀=111111 速=+0,+0,+0.00 电=8.05V/2.12A/峰2.85 补余=0.0 IO错=0 倾+0.0 自动1/3
[  242.142] TLM t= 160.9 L1·A@-76 L2·A@-75 L3·A@-76 R1·A@-76 R2·A@-74 R3·A@-74 罐=无罐 泵=0 阀=111111 速=+0,+0,+0.00 电=8.08V/2.20A/峰2.85 补余=0.0 IO错=0 倾+0.0 自动1/3
[  242.648] TLM t= 161.4 L1·A@-76 L2·A@-74 L3·A@-76 R1·A@-75 R2·A@-74 R3·A@-73 罐=无罐 泵=0 阀=111111 速=+0,+0,+0.00 电=8.07V/2.28A/峰2.85 补余=0.0 IO错=0 倾+0.0 自动1/3
[  243.145] TLM t= 161.9 L1·A@-76 L2·A@-74 L3·A@-76 R1·A@-75 R2·A@-74 R3·A@-73 罐=无罐 泵=0 阀=111111 速=+0,+0,+0.00 电=8.07V/2.28A/峰2.85 补余=0.0 IO错=0 倾+0.0 自动1/3
[  243.651] TLM t= 162.4 L1·A@-76 L2·A@-74 L3·A@-76 R1·A@-75 R2·A@-73 R3·A@-72 罐=无罐 泵=0 阀=111111 速=+0,+0,+0.00 电=8.05V/2.28A/峰2.85 补余=0.0 IO错=0 倾+0.0 自动1/3
[  244.154] TLM t= 162.9 L1·A@-76 L2·A@-73 L3·A@-76 R1·A@-75 R2·A@-73 R3·A@-72 罐=无罐 泵=0 阀=111111 速=+0,+0,+0.00 电=8.07V/2.20A/峰2.85 补余=0.0 IO错=0 倾+0.0 自动1/3
[  244.675] TLM t= 163.4 L1·A@-75 L2·A@-73 L3·A@-76 R1·A@-75 R2·A@-73 R3·A@-71 罐=无罐 泵=0 阀=111111 速=+0,+0,+0.00 电=8.08V/2.20A/峰2.85 补余=0.0 IO错=0 倾+0.0 自动1/3
[  245.178] TLM t= 163.9 L1·A@-75 L2·A@-72 L3·A@-76 R1·A@-75 R2·A@-72 R3·A@-71 罐=无罐 泵=0 阀=111111 速=+0,+0,+0.00 电=8.05V/2.20A/峰2.85 补余=0.0 IO错=0 倾+0.0 自动1/3
[  245.689] TLM t= 164.4 L1·A@-75 L2·A@-72 L3·A@-76 R1·A@-75 R2·A@-72 R3·A@-70 罐=无罐 泵=0 阀=111111 速=+0,+0,+0.00 电=8.08V/2.04A/峰2.85 补余=0.0 IO错=0 倾+0.0 自动1/3
[  246.191] TLM t= 164.9 L1·A@-75 L2·A@-72 L3·A@-76 R1·A@-75 R2·A@-72 R3·A@-70 罐=无罐 泵=0 阀=111111 速=+0,+0,+0.00 电=8.06V/2.28A/峰2.85 补余=0.0 IO错=0 倾+0.0 自动1/3
[  246.712] TLM t= 165.4 L1·A@-75 L2·A@-71 L3·A@-76 R1·A@-75 R2·A@-71 R3·A@-69 罐=无罐 泵=0 阀=111111 速=+0,+0,+0.00 电=8.08V/2.20A/峰2.85 补余=0.0 IO错=0 倾+0.0 自动1/3
[  247.214] TLM t= 165.9 L1·A@-75 L2·A@-71 L3·A@-75 R1·A@-75 R2·A@-71 R3·A@-69 罐=无罐 泵=0 阀=111111 速=+0,+0,+0.00 电=8.08V/2.12A/峰2.85 补余=0.0 IO错=0 倾+0.0 自动1/3
[  247.741] TLM t= 166.4 L1·A@-75 L2·A@-70 L3·A@-75 R1·A@-75 R2·A@-71 R3·A@-68 罐=无罐 泵=0 阀=111111 速=+0,+0,+0.00 电=8.08V/2.20A/峰2.85 补余=0.0 IO错=0 倾+0.0 自动1/3
[  248.248] TLM t= 166.9 L1·A@-75 L2·A@-70 L3·A@-75 R1·A@-75 R2·A@-70 R3·A@-67 罐=无罐 泵=0 阀=111111 速=+0,+0,+0.00 电=8.08V/2.28A/峰2.85 补余=0.0 IO错=0 倾+0.0 自动1/3
[  248.767] TLM t= 167.4 L1·A@-75 L2·A@-70 L3·A@-75 R1·A@-75 R2·A@-70 R3·A@-67 罐=无罐 泵=0 阀=111111 速=+0,+0,+0.00 电=8.08V/2.12A/峰2.85 补余=0.0 IO错=0 倾+0.0 自动1/3
[  249.081] EVT 原地抬起受理：L2
[  249.093] EVT 相位 L2 stance→handover
[  249.272] TLM t= 168.8 L1·A@-75 L2ZA@-69 L3·A@-75 R1·A@-75 R2·A@-69 R3·A@-66 罐=无罐 泵=0 阀=111111 速=+0,+0,+0.00 电=8.07V/2.04A/峰2.85 补余=0.0 IO错=0 倾+0.0 自动1/3
[  249.792] TLM t= 169.2 L1·A@-74 L2ZA@-69 L3·A@-75 R1·A@-75 R2·A@-69 R3·A@-66 罐=无罐 泵=0 阀=111111 速=+0,+0,+0.00 电=8.08V/2.20A/峰2.85 补余=0.0 IO错=0 倾+0.0 自动1/3
[  250.285] EVT 吸附 L2 attached→venting 在态192.42s -68.3kPa
[  250.286] EVT 相位 L2 handover→vent 落点Δ(+0.0,+0.0)
[  250.293] TLM t= 169.2 L1·A@-74 L2Vv@-68 L3·A@-75 R1·A@-75 R2·A@-69 R3·A@-65 罐=无罐 泵=0 阀=111111 速=+0,+0,+0.00 电=8.05V/2.36A/峰2.85 补余=0.0 IO错=0 倾+0.0 自动1/3
[  250.299] EVT 阀 L2 →排气位
[  250.587] EVT 相位 L2 vent→lift
[  250.687] EVT 吸附 L2 venting→released 在态0.40s 0.3kPa
[  250.813] TLM t= 169.2 L1·A@-74 L2Lr@-- L3·A@-75 R1·A@-75 R2·A@-68 R3·A@-65 罐=无罐 泵=0 阀=101111 速=+0,+0,+0.00 电=8.05V/2.28A/峰2.85 补余=0.0 IO错=0 倾+0.0 自动1/3
[  251.316] TLM t= 169.2 L1·A@-74 L2Lr@-- L3·A@-75 R1·A@-75 R2·A@-68 R3·A@-64 罐=无罐 泵=0 阀=101111 速=+0,+0,+0.00 电=8.05V/2.36A/峰2.85 补余=0.0 IO错=0 倾+0.0 自动1/3
[  251.430] EVT 相位 L2 lift→transfer
[  251.836] TLM t= 169.2 L1·A@-74 L2Tr@-- L3·A@-75 R1·A@-75 R2·A@-68 R3·A@-64 罐=无罐 泵=0 阀=101111 速=+0,+0,+0.00 电=8.07V/2.20A/峰2.85 补余=0.0 IO错=0 倾+0.0 自动1/3
[  252.044] EVT 相位 L2 transfer→hover
[  252.340] TLM t= 169.2 L1·A@-74 L2Hr@-- L3·A@-75 R1·A@-74 R2·A@-67 R3·A@-63 罐=无罐 泵=0 阀=101111 速=+0,+0,+0.00 电=8.08V/2.12A/峰2.85 补余=0.0 IO错=0 倾+0.0 自动1/3
[  252.862] TLM t= 169.2 L1·A@-74 L2Hr@-- L3·A@-75 R1·A@-74 R2·A@-67 R3·A@-63 罐=无罐 泵=0 阀=101111 速=+0,+0,+0.00 电=8.06V/2.20A/峰2.85 补余=0.0 IO错=0 倾+0.0 自动1/3
[  253.058] EVT 落地：L2
[  253.070] EVT 相位 L2 hover→descend
[  253.369] TLM t= 169.2 L1·A@-74 L2Dr@-- L3·A@-75 R1·A@-74 R2·A@-67 R3·A@-62 罐=无罐 泵=0 阀=101111 速=+0,+0,+0.00 电=8.06V/2.20A/峰2.85 补余=0.0 IO错=0 倾+0.0 自动1/3
[  253.552] EVT 相位 L2 descend→press
[  253.887] TLM t= 169.2 L1·A@-74 L2Pr@-- L3·A@-75 R1·A@-74 R2·A@-66 R3·A@-62 罐=无罐 泵=0 阀=101111 速=+0,+0,+0.00 电=8.05V/2.20A/峰2.85 补余=0.0 IO错=0 倾+0.0 自动1/3
[  254.394] TLM t= 169.2 L1·A@-74 L2Pr@-- L3·A@-74 R1·A@-74 R2·A@-66 R3·A@-61 罐=无罐 泵=0 阀=101111 速=+0,+0,+0.00 电=8.05V/2.12A/峰2.85 补余=0.0 IO错=0 倾+0.0 自动1/3
[  254.755] EVT 吸附 L2 released→pressing 在态4.06s 0.3kPa
[  254.756] EVT 相位 L2 press→wait
[  254.909] TLM t= 169.2 L1·A@-73 L2Wp@-- L3·A@-74 R1·A@-74 R2·A@-66 R3·A@-61 罐=无罐 泵=0 阀=101111 速=+0,+0,+0.00 电=8.06V/2.28A/峰2.85 补余=0.0 IO错=0 倾+0.0 自动1/3
[  255.056] EVT 吸附 L2 pressing→sucking 在态0.30s 0.3kPa
[  255.057] EVT 阀 L2 →抽气位
[  255.084] EVT 泵 开 最差盘压-60.3
[  255.397] EVT 吸附 L2 sucking→attached 在态0.34s -56.5kPa
[  255.405] EVT 相位 L2 wait→stance
[  255.405] EVT 抬落完成，轮到 R3
[  255.405] EVT 自动轮换：第 1 轮完成
[  255.416] TLM t= 169.2 L1·A@-73 L2·A@-56 L3·A@-74 R1·A@-74 R2·A@-65 R3·A@-60 罐=无罐 泵=1 阀=111111 速=+0,+0,+0.00 电=8.00V/2.36A/峰2.85 补余=0.0 IO错=0 倾+0.0 自动2/3
[  255.935] TLM t= 169.7 L1·A@-73 L2·A@-74 L3·A@-74 R1·A@-74 R2·A@-73 R3·A@-73 罐=无罐 泵=1 阀=111111 速=+0,+0,+0.00 电=8.04V/2.20A/峰2.85 补余=0.0 IO错=0 倾+0.0 自动2/3
[  256.188] EVT 泵 停 最差盘压-75.2
[  256.440] TLM t= 170.2 L1·A@-76 L2·A@-76 L3·A@-76 R1·A@-76 R2·A@-76 R3·A@-76 罐=无罐 泵=0 阀=111111 速=+0,+0,+0.00 电=8.08V/2.36A/峰2.85 补余=0.0 IO错=0 倾+0.0 自动2/3
[  256.962] TLM t= 170.7 L1·A@-76 L2·A@-76 L3·A@-76 R1·A@-76 R2·A@-75 R3·A@-76 罐=无罐 泵=0 阀=111111 速=+0,+0,+0.00 电=8.07V/2.04A/峰2.85 补余=0.0 IO错=0 倾+0.0 自动2/3
[  257.464] TLM t= 171.2 L1·A@-76 L2·A@-75 L3·A@-76 R1·A@-76 R2·A@-75 R3·A@-75 罐=无罐 泵=0 阀=111111 速=+0,+0,+0.00 电=8.07V/2.28A/峰2.85 补余=0.0 IO错=0 倾+0.0 自动2/3
[  257.987] TLM t= 171.8 L1·A@-76 L2·A@-75 L3·A@-76 R1·A@-76 R2·A@-75 R3·A@-74 罐=无罐 泵=0 阀=111111 速=+0,+0,+0.00 电=8.08V/2.12A/峰2.85 补余=0.0 IO错=0 倾+0.0 自动2/3
[  258.492] TLM t= 172.3 L1·A@-76 L2·A@-74 L3·A@-76 R1·A@-76 R2·A@-74 R3·A@-74 罐=无罐 泵=0 阀=111111 速=+0,+0,+0.00 电=8.06V/2.28A/峰2.85 补余=0.0 IO错=0 倾+0.0 自动2/3
[  259.017] TLM t= 172.8 L1·A@-76 L2·A@-74 L3·A@-76 R1·A@-76 R2·A@-74 R3·A@-73 罐=无罐 泵=0 阀=111111 速=+0,+0,+0.00 电=8.07V/2.20A/峰2.85 补余=0.0 IO错=0 倾+0.0 自动2/3
[  259.532] TLM t= 173.3 L1·A@-76 L2·A@-74 L3·A@-76 R1·A@-76 R2·A@-74 R3·A@-73 罐=无罐 泵=0 阀=111111 速=+0,+0,+0.00 电=8.07V/2.12A/峰2.85 补余=0.0 IO错=0 倾+0.0 自动2/3
[  260.035] TLM t= 173.8 L1·A@-75 L2·A@-73 L3·A@-76 R1·A@-75 R2·A@-73 R3·A@-72 罐=无罐 泵=0 阀=111111 速=+0,+0,+0.00 电=8.07V/2.20A/峰2.85 补余=0.0 IO错=0 倾+0.0 自动2/3
[  260.560] TLM t= 174.3 L1·A@-75 L2·A@-73 L3·A@-76 R1·A@-75 R2·A@-73 R3·A@-72 罐=无罐 泵=0 阀=111111 速=+0,+0,+0.00 电=8.08V/2.20A/峰2.85 补余=0.0 IO错=0 倾+0.0 自动2/3
[  261.059] TLM t= 174.8 L1·A@-75 L2·A@-72 L3·A@-76 R1·A@-75 R2·A@-72 R3·A@-71 罐=无罐 泵=0 阀=111111 速=+0,+0,+0.00 电=8.05V/2.20A/峰2.85 补余=0.0 IO错=0 倾+0.0 自动2/3
[  261.582] TLM t= 175.3 L1·A@-75 L2·A@-72 L3·A@-76 R1·A@-75 R2·A@-72 R3·A@-70 罐=无罐 泵=0 阀=111111 速=+0,+0,+0.00 电=8.05V/2.20A/峰2.85 补余=0.0 IO错=0 倾+0.0 自动2/3
[  262.083] TLM t= 175.8 L1·A@-75 L2·A@-71 L3·A@-76 R1·A@-75 R2·A@-72 R3·A@-70 罐=无罐 泵=0 阀=111111 速=+0,+0,+0.00 电=8.06V/2.20A/峰2.85 补余=0.0 IO错=0 倾+0.0 自动2/3
[  262.607] TLM t= 176.3 L1·A@-75 L2·A@-71 L3·A@-75 R1·A@-75 R2·A@-71 R3·A@-69 罐=无罐 泵=0 阀=111111 速=+0,+0,+0.00 电=8.09V/2.20A/峰2.85 补余=0.0 IO错=0 倾+0.0 自动2/3
[  263.108] TLM t= 176.8 L1·A@-75 L2·A@-71 L3·A@-75 R1·A@-75 R2·A@-71 R3·A@-69 罐=无罐 泵=0 阀=111111 速=+0,+0,+0.00 电=8.08V/2.36A/峰2.85 补余=0.0 IO错=0 倾+0.0 自动2/3
[  263.632] TLM t= 177.4 L1·A@-75 L2·A@-70 L3·A@-75 R1·A@-75 R2·A@-71 R3·A@-68 罐=无罐 泵=0 阀=111111 速=+0,+0,+0.00 电=8.06V/2.28A/峰2.85 补余=0.0 IO错=0 倾+0.0 自动2/3
[  264.136] TLM t= 177.9 L1·A@-75 L2·A@-70 L3·A@-75 R1·A@-75 R2·A@-70 R3·A@-68 罐=无罐 泵=0 阀=111111 速=+0,+0,+0.00 电=8.05V/2.20A/峰2.85 补余=0.0 IO错=0 倾+0.0 自动2/3
[  264.661] TLM t= 178.4 L1·A@-74 L2·A@-69 L3·A@-75 R1·A@-75 R2·A@-70 R3·A@-67 罐=无罐 泵=0 阀=111111 速=+0,+0,+0.00 电=8.07V/2.20A/峰2.85 补余=0.0 IO错=0 倾+0.0 自动2/3
[  265.164] TLM t= 178.9 L1·A@-74 L2·A@-69 L3·A@-75 R1·A@-75 R2·A@-70 R3·A@-67 罐=无罐 泵=0 阀=111111 速=+0,+0,+0.00 电=8.07V/2.20A/峰2.85 补余=0.0 IO错=0 倾+0.0 自动2/3
[  265.692] TLM t= 179.4 L1·A@-74 L2·A@-69 L3·A@-75 R1·A@-75 R2·A@-69 R3·A@-66 罐=无罐 泵=0 阀=111111 速=+0,+0,+0.00 电=8.07V/2.28A/峰2.85 补余=0.0 IO错=0 倾+0.0 自动2/3
[  266.192] TLM t= 179.9 L1·A@-74 L2·A@-68 L3·A@-75 R1·A@-75 R2·A@-69 R3·A@-66 罐=无罐 泵=0 阀=111111 速=+0,+0,+0.00 电=8.05V/2.28A/峰2.85 补余=0.0 IO错=0 倾+0.0 自动2/3
[  266.713] TLM t= 180.4 L1·A@-74 L2·A@-68 L3·A@-75 R1·A@-75 R2·A@-69 R3·A@-65 罐=无罐 泵=0 阀=111111 速=+0,+0,+0.00 电=8.06V/2.28A/峰2.85 补余=0.0 IO错=0 倾+0.0 自动2/3
[  267.220] TLM t= 180.9 L1·A@-74 L2·A@-67 L3·A@-75 R1·A@-75 R2·A@-68 R3·A@-64 罐=无罐 泵=0 阀=111111 速=+0,+0,+0.00 电=8.06V/2.20A/峰2.85 补余=0.0 IO错=0 倾+0.0 自动2/3
[  267.743] TLM t= 181.4 L1·A@-74 L2·A@-67 L3·A@-75 R1·A@-75 R2·A@-68 R3·A@-64 罐=无罐 泵=0 阀=111111 速=+0,+0,+0.00 电=8.07V/2.20A/峰2.85 补余=0.0 IO错=0 倾+0.0 自动2/3
[  268.245] TLM t= 181.9 L1·A@-74 L2·A@-67 L3·A@-75 R1·A@-75 R2·A@-68 R3·A@-63 罐=无罐 泵=0 阀=111111 速=+0,+0,+0.00 电=8.07V/2.20A/峰2.85 补余=0.0 IO错=0 倾+0.0 自动2/3
[  268.770] TLM t= 182.5 L1·A@-74 L2·A@-66 L3·A@-75 R1·A@-75 R2·A@-67 R3·A@-63 罐=无罐 泵=0 阀=111111 速=+0,+0,+0.00 电=8.06V/2.20A/峰2.85 补余=0.0 IO错=0 倾+0.0 自动2/3
[  269.267] TLM t= 183.0 L1·A@-74 L2·A@-66 L3·A@-75 R1·A@-75 R2·A@-67 R3·A@-62 罐=无罐 泵=0 阀=111111 速=+0,+0,+0.00 电=8.07V/2.20A/峰2.85 补余=0.0 IO错=0 倾+0.0 自动2/3
[  269.793] TLM t= 183.5 L1·A@-74 L2·A@-66 L3·A@-75 R1·A@-75 R2·A@-67 R3·A@-62 罐=无罐 泵=0 阀=111111 速=+0,+0,+0.00 电=8.05V/2.28A/峰2.85 补余=0.0 IO错=0 倾+0.0 自动2/3
[  270.296] TLM t= 184.0 L1·A@-73 L2·A@-65 L3·A@-74 R1·A@-75 R2·A@-66 R3·A@-61 罐=无罐 泵=0 阀=111111 速=+0,+0,+0.00 电=8.06V/2.28A/峰2.85 补余=0.0 IO错=0 倾+0.0 自动2/3
[  270.409] EVT 自动轮换：第 2 轮开始
[  270.422] EVT 原地抬起受理：R3
[  270.449] EVT 相位 R3 stance→handover
[  270.817] TLM t= 187.6 L1·A@-73 L2·A@-65 L3·A@-74 R1·A@-75 R2·A@-66 R3ZA@-61 罐=无罐 泵=0 阀=111111 速=+0,+0,+0.00 电=8.08V/1.95A/峰2.85 补余=0.0 IO错=0 倾+0.0 自动2/3
[  271.323] TLM t= 187.8 L1·A@-73 L2·A@-64 L3·A@-74 R1·A@-75 R2·A@-66 R3ZA@-60 罐=无罐 泵=0 阀=111111 速=+0,+0,+0.00 电=8.10V/1.79A/峰2.85 补余=0.0 IO错=0 倾+0.0 自动2/3
[  271.536] EVT 吸附 R3 attached→venting 在态98.44s -60.0kPa
[  271.537] EVT 相位 R3 handover→vent 落点Δ(+0.0,+0.0)
[  271.557] EVT 阀 R3 →排气位
[  271.835] EVT 相位 R3 vent→lift
[  271.847] TLM t= 187.8 L1·A@-73 L2·A@-64 L3·A@-74 R1·A@-75 R2·A@-65 R3Lv@-60 罐=无罐 泵=0 阀=111110 速=+0,+0,+0.00 电=8.08V/1.87A/峰2.85 补余=0.0 IO错=0 倾+0.0 自动2/3
[  271.932] EVT 吸附 R3 venting→released 在态0.40s 0.2kPa
[  272.349] TLM t= 187.8 L1·A@-73 L2·A@-64 L3·A@-74 R1·A@-74 R2·A@-65 R3Lr@-- 罐=无罐 泵=0 阀=111110 速=+0,+0,+0.00 电=8.08V/2.04A/峰2.85 补余=0.0 IO错=0 倾+0.0 自动2/3
[  272.680] EVT 相位 R3 lift→transfer
[  272.868] TLM t= 187.8 L1·A@-73 L2·A@-63 L3·A@-74 R1·A@-74 R2·A@-65 R3Tr@-- 罐=无罐 泵=0 阀=111110 速=+0,+0,+0.00 电=8.03V/2.12A/峰2.85 补余=0.0 IO错=0 倾+0.0 自动2/3
[  273.304] EVT 相位 R3 transfer→hover
[  273.373] TLM t= 187.8 L1·A@-73 L2·A@-63 L3·A@-74 R1·A@-74 R2·A@-64 R3Hr@-- 罐=无罐 泵=0 阀=111110 速=+0,+0,+0.00 电=8.06V/2.12A/峰2.85 补余=0.0 IO错=0 倾+0.0 自动2/3
[  273.895] TLM t= 187.8 L1·A@-73 L2·A@-63 L3·A@-74 R1·A@-74 R2·A@-64 R3Hr@-- 罐=无罐 泵=0 阀=111110 速=+0,+0,+0.00 电=8.07V/1.95A/峰2.85 补余=0.0 IO错=0 倾+0.0 自动2/3
[  274.306] EVT 落地：R3
[  274.328] EVT 相位 R3 hover→descend
[  274.397] TLM t= 187.8 L1·A@-73 L2·A@-62 L3·A@-74 R1·A@-74 R2·A@-64 R3Dr@-- 罐=无罐 泵=0 阀=111110 速=+0,+0,+0.00 电=8.07V/1.95A/峰2.85 补余=0.0 IO错=0 倾+0.0 自动2/3
[  274.813] EVT 相位 R3 descend→press
[  274.919] TLM t= 187.8 L1·A@-73 L2·A@-62 L3·A@-74 R1·A@-74 R2·A@-63 R3Pr@-- 罐=无罐 泵=0 阀=111110 速=+0,+0,+0.00 电=8.06V/1.87A/峰2.85 补余=0.0 IO错=0 倾+0.0 自动2/3
[  275.427] TLM t= 187.8 L1·A@-72 L2·A@-62 L3·A@-74 R1·A@-74 R2·A@-63 R3Pr@-- 罐=无罐 泵=0 阀=111110 速=+0,+0,+0.00 电=8.05V/2.04A/峰2.85 补余=0.0 IO错=0 倾+0.0 自动2/3
[  275.949] TLM t= 187.8 L1·A@-72 L2·A@-61 L3·A@-74 R1·A@-74 R2·A@-63 R3Pr@-- 罐=无罐 泵=0 阀=111110 速=+0,+0,+0.00 电=8.08V/1.95A/峰2.85 补余=0.0 IO错=0 倾+0.0 自动2/3
[  276.018] EVT 吸附 R3 released→pressing 在态4.06s 0.2kPa
[  276.019] EVT 相位 R3 press→wait
[  276.319] EVT 吸附 R3 pressing→sucking 在态0.30s 0.2kPa
[  276.320] EVT 阀 R3 →抽气位
[  276.337] EVT 泵 开 最差盘压-61.0
[  276.468] TLM t= 187.8 L1·A@-72 L2·A@-61 L3·A@-74 R1·A@-74 R2·A@-62 R3Ws@-30 罐=无罐 泵=1 阀=111111 速=+0,+0,+0.00 电=8.02V/2.04A/峰2.85 补余=0.0 IO错=0 倾+0.0 自动2/3
[  276.663] EVT 吸附 R3 sucking→attached 在态0.34s -52.5kPa
[  276.663] EVT 相位 R3 wait→stance
[  276.663] EVT 抬落完成，轮到 L1
[  276.975] TLM t= 188.1 L1·A@-72 L2·A@-67 L3·A@-74 R1·A@-74 R2·A@-68 R3·A@-67 罐=无罐 泵=1 阀=111111 速=+0,+0,+0.00 电=7.99V/2.04A/峰2.85 补余=0.0 IO错=0 倾+0.0 自动2/3
[  277.491] TLM t= 188.6 L1·A@-75 L2·A@-76 L3·A@-75 R1·A@-74 R2·A@-76 R3·A@-76 罐=无罐 泵=1 阀=111111 速=+0,+0,+0.00 电=8.01V/2.12A/峰2.85 补余=0.0 IO错=0 倾+0.0 自动2/3
[  277.506] EVT 泵 停 最差盘压-75.2
[  277.999] TLM t= 189.1 L1·A@-76 L2·A@-76 L3·A@-76 R1·A@-76 R2·A@-76 R3·A@-76 罐=无罐 泵=0 阀=111111 速=+0,+0,+0.00 电=8.06V/1.87A/峰2.85 补余=0.0 IO错=0 倾+0.0 自动2/3
[  278.514] TLM t= 189.6 L1·A@-76 L2·A@-76 L3·A@-76 R1·A@-76 R2·A@-75 R3·A@-75 罐=无罐 泵=0 阀=111111 速=+0,+0,+0.00 电=8.07V/1.95A/峰2.85 补余=0.0 IO错=0 倾+0.0 自动2/3
[  279.017] TLM t= 190.1 L1·A@-76 L2·A@-75 L3·A@-76 R1·A@-76 R2·A@-75 R3·A@-75 罐=无罐 泵=0 阀=111111 速=+0,+0,+0.00 电=8.06V/2.04A/峰2.85 补余=0.0 IO错=0 倾+0.0 自动2/3
[  279.536] TLM t= 190.7 L1·A@-76 L2·A@-75 L3·A@-76 R1·A@-76 R2·A@-74 R3·A@-74 罐=无罐 泵=0 阀=111111 速=+0,+0,+0.00 电=8.06V/2.12A/峰2.85 补余=0.0 IO错=0 倾+0.0 自动2/3
[  280.044] TLM t= 191.2 L1·A@-76 L2·A@-74 L3·A@-76 R1·A@-76 R2·A@-74 R3·A@-73 罐=无罐 泵=0 阀=111111 速=+0,+0,+0.00 电=8.07V/1.95A/峰2.85 补余=0.0 IO错=0 倾+0.0 自动2/3
[  280.565] TLM t= 191.7 L1·A@-76 L2·A@-74 L3·A@-76 R1·A@-76 R2·A@-74 R3·A@-73 罐=无罐 泵=0 阀=111111 速=+0,+0,+0.00 电=8.08V/1.95A/峰2.85 补余=0.0 IO错=0 倾+0.0 自动2/3
[  281.067] TLM t= 192.2 L1·A@-75 L2·A@-74 L3·A@-76 R1·A@-75 R2·A@-73 R3·A@-72 罐=无罐 泵=0 阀=111111 速=+0,+0,+0.00 电=8.07V/1.95A/峰2.85 补余=0.0 IO错=0 倾+0.0 自动2/3
[  281.587] TLM t= 192.7 L1·A@-75 L2·A@-73 L3·A@-76 R1·A@-75 R2·A@-73 R3·A@-72 罐=无罐 泵=0 阀=111111 速=+0,+0,+0.00 电=8.06V/2.12A/峰2.85 补余=0.0 IO错=0 倾+0.0 自动2/3
[  282.092] TLM t= 193.2 L1·A@-75 L2·A@-73 L3·A@-76 R1·A@-75 R2·A@-72 R3·A@-71 罐=无罐 泵=0 阀=111111 速=+0,+0,+0.00 电=8.09V/2.04A/峰2.85 补余=0.0 IO错=0 倾+0.0 自动2/3
[  282.606] TLM t= 193.7 L1·A@-75 L2·A@-72 L3·A@-76 R1·A@-75 R2·A@-72 R3·A@-71 罐=无罐 泵=0 阀=111111 速=+0,+0,+0.00 电=8.07V/2.04A/峰2.85 补余=0.0 IO错=0 倾+0.0 自动2/3
[  283.113] TLM t= 194.2 L1·A@-75 L2·A@-72 L3·A@-76 R1·A@-75 R2·A@-72 R3·A@-70 罐=无罐 泵=0 阀=111111 速=+0,+0,+0.00 电=8.07V/2.04A/峰2.85 补余=0.0 IO错=0 倾+0.0 自动2/3
[  283.631] TLM t= 194.7 L1·A@-75 L2·A@-72 L3·A@-75 R1·A@-75 R2·A@-71 R3·A@-69 罐=无罐 泵=0 阀=111111 速=+0,+0,+0.00 电=8.08V/2.12A/峰2.85 补余=0.0 IO错=0 倾+0.0 自动2/3
[  284.138] TLM t= 195.2 L1·A@-75 L2·A@-71 L3·A@-75 R1·A@-75 R2·A@-71 R3·A@-69 罐=无罐 泵=0 阀=111111 速=+0,+0,+0.00 电=8.07V/2.04A/峰2.85 补余=0.0 IO错=0 倾+0.0 自动2/3
[  284.652] TLM t= 195.8 L1·A@-75 L2·A@-71 L3·A@-75 R1·A@-75 R2·A@-71 R3·A@-68 罐=无罐 泵=0 阀=111111 速=+0,+0,+0.00 电=8.07V/2.04A/峰2.85 补余=0.0 IO错=0 倾+0.0 自动2/3
[  285.159] TLM t= 196.3 L1·A@-75 L2·A@-70 L3·A@-75 R1·A@-75 R2·A@-70 R3·A@-68 罐=无罐 泵=0 阀=111111 速=+0,+0,+0.00 电=8.07V/2.12A/峰2.85 补余=0.0 IO错=0 倾+0.0 自动2/3
[  285.676] TLM t= 196.8 L1·A@-74 L2·A@-70 L3·A@-75 R1·A@-75 R2·A@-70 R3·A@-67 罐=无罐 泵=0 阀=111111 速=+0,+0,+0.00 电=8.06V/1.87A/峰2.85 补余=0.0 IO错=0 倾+0.0 自动2/3
[  286.192] TLM t= 197.3 L1·A@-74 L2·A@-70 L3·A@-75 R1·A@-75 R2·A@-70 R3·A@-67 罐=无罐 泵=0 阀=111111 速=+0,+0,+0.00 电=8.05V/1.95A/峰2.85 补余=0.0 IO错=0 倾+0.0 自动2/3
[  286.686] EVT 原地抬起受理：L1
[  286.700] TLM t= 197.8 L1·A@-74 L2·A@-69 L3·A@-75 R1·A@-75 R2·A@-69 R3·A@-66 罐=无罐 泵=0 阀=111111 速=+0,+0,+0.00 电=8.07V/1.95A/峰2.85 补余=0.0 IO错=0 倾+0.0 自动2/3
[  286.701] EVT 相位 L1 stance→handover
[  287.217] TLM t= 199.1 L1ZA@-74 L2·A@-69 L3·A@-75 R1·A@-75 R2·A@-69 R3·A@-66 罐=无罐 泵=0 阀=111111 速=+0,+0,+0.00 电=8.08V/1.63A/峰2.85 补余=0.0 IO错=0 倾+0.0 自动2/3
[  287.722] TLM t= 199.2 L1ZA@-74 L2·A@-68 L3·A@-75 R1·A@-75 R2·A@-69 R3·A@-65 罐=无罐 泵=0 阀=111111 速=+0,+0,+0.00 电=8.07V/1.87A/峰2.85 补余=0.0 IO错=0 倾+0.0 自动2/3
[  288.248] TLM t= 199.2 L1ZA@-74 L2·A@-68 L3·A@-75 R1·A@-75 R2·A@-68 R3·A@-64 罐=无罐 泵=0 阀=111111 速=+0,+0,+0.00 电=8.07V/2.28A/峰2.85 补余=0.0 IO错=0 倾+0.0 自动2/3
[  288.257] EVT 吸附 L1 attached→venting 在态98.32s -73.9kPa
[  288.257] EVT 相位 L1 handover→vent 落点Δ(+0.0,+0.0)
[  288.270] EVT 阀 L1 →排气位
[  288.558] EVT 相位 L1 vent→lift
[  288.658] EVT 吸附 L1 venting→released 在态0.40s 0.1kPa
[  288.747] TLM t= 199.2 L1Lr@-- L2·A@-68 L3·A@-75 R1·A@-75 R2·A@-68 R3·A@-64 罐=无罐 泵=0 阀=011111 速=+0,+0,+0.00 电=8.02V/2.52A/峰2.85 补余=0.0 IO错=0 倾+0.0 自动2/3
[  289.267] TLM t= 199.2 L1Lr@-- L2·A@-67 L3·A@-75 R1·A@-75 R2·A@-68 R3·A@-63 罐=无罐 泵=0 阀=011111 速=+0,+0,+0.00 电=8.03V/2.36A/峰2.85 补余=0.0 IO错=0 倾+0.0 自动2/3
[  289.402] EVT 相位 L1 lift→transfer
[  289.775] TLM t= 199.2 L1Tr@-- L2·A@-67 L3·A@-75 R1·A@-75 R2·A@-67 R3·A@-63 罐=无罐 泵=0 阀=011111 速=+0,+0,+0.00 电=8.03V/2.28A/峰2.85 补余=0.0 IO错=0 倾+0.0 自动2/3
[  290.021] EVT 相位 L1 transfer→hover
[  290.300] TLM t= 199.2 L1Hr@-- L2·A@-66 L3·A@-75 R1·A@-75 R2·A@-67 R3·A@-62 罐=无罐 泵=0 阀=011111 速=+0,+0,+0.00 电=8.02V/2.28A/峰2.85 补余=0.0 IO错=0 倾+0.0 自动2/3
[  290.811] TLM t= 199.2 L1Hr@-- L2·A@-66 L3·A@-74 R1·A@-75 R2·A@-67 R3·A@-62 罐=无罐 泵=0 阀=011111 速=+0,+0,+0.00 电=8.04V/2.12A/峰2.85 补余=0.0 IO错=0 倾+0.0 自动2/3
[  291.030] EVT 落地：L1
[  291.045] EVT 相位 L1 hover→descend
[  291.323] TLM t= 199.2 L1Dr@-- L2·A@-66 L3·A@-74 R1·A@-75 R2·A@-66 R3·A@-61 罐=无罐 泵=0 阀=011111 速=+0,+0,+0.00 电=8.03V/2.44A/峰2.85 补余=0.0 IO错=0 倾+0.0 自动2/3
[  291.526] EVT 相位 L1 descend→press
[  291.838] TLM t= 199.2 L1Pr@-- L2·A@-65 L3·A@-74 R1·A@-75 R2·A@-66 R3·A@-61 罐=无罐 泵=0 阀=011111 速=+0,+0,+0.00 电=8.04V/2.36A/峰2.85 补余=0.0 IO错=0 倾+0.0 自动2/3
[  292.343] TLM t= 199.2 L1Pr@-- L2·A@-65 L3·A@-74 R1·A@-75 R2·A@-66 R3·A@-60 罐=无罐 泵=0 阀=011111 速=+0,+0,+0.00 电=8.04V/2.44A/峰2.85 补余=0.0 IO错=0 倾+0.0 自动2/3
[  292.474] EVT 泵 开 最差盘压-59.9
[  292.729] EVT 吸附 L1 released→pressing 在态4.06s 0.1kPa
[  292.730] EVT 相位 L1 press→wait
[  292.861] TLM t= 199.2 L1Wp@-- L2·A@-66 L3·A@-74 R1·A@-75 R2·A@-66 R3·A@-66 罐=无罐 泵=1 阀=011111 速=+0,+0,+0.00 电=7.99V/2.44A/峰2.85 补余=0.0 IO错=0 倾+0.0 自动2/3
[  293.030] EVT 吸附 L1 pressing→sucking 在态0.30s 0.1kPa
[  293.031] EVT 阀 L1 →抽气位
[  293.368] TLM t= 199.2 L1Ws@-65 L2·A@-71 L3·A@-74 R1·A@-74 R2·A@-70 R3·A@-71 罐=无罐 泵=1 阀=111111 速=+0,+0,+0.00 电=8.04V/2.36A/峰2.85 补余=0.0 IO错=0 倾+0.0 自动2/3
[  293.371] EVT 吸附 L1 sucking→attached 在态0.34s -64.8kPa
[  293.379] EVT 相位 L1 wait→stance
[  293.379] EVT 抬落完成，轮到 R2
[  293.870] TLM t= 199.7 L1·A@-75 L2·A@-75 L3·A@-75 R1·A@-74 R2·A@-75 R3·A@-75 罐=无罐 泵=1 阀=111111 速=+0,+0,+0.00 电=8.05V/2.20A/峰2.85 补余=0.0 IO错=0 倾+0.0 自动2/3
[  293.984] EVT 泵 停 最差盘压-75.4
[  294.396] TLM t= 200.2 L1·A@-77 L2·A@-77 L3·A@-77 R1·A@-76 R2·A@-76 R3·A@-76 罐=无罐 泵=0 阀=111111 速=+0,+0,+0.00 电=8.05V/2.36A/峰2.85 补余=0.0 IO错=0 倾+0.0 自动2/3
[  294.892] TLM t= 200.7 L1·A@-76 L2·A@-76 L3·A@-76 R1·A@-76 R2·A@-76 R3·A@-76 罐=无罐 泵=0 阀=111111 速=+0,+0,+0.00 电=8.05V/2.28A/峰2.85 补余=0.0 IO错=0 倾+0.0 自动2/3
[  295.414] TLM t= 201.2 L1·A@-76 L2·A@-76 L3·A@-76 R1·A@-76 R2·A@-75 R3·A@-75 罐=无罐 泵=0 阀=111111 速=+0,+0,+0.00 电=8.04V/2.36A/峰2.85 补余=0.0 IO错=0 倾+0.0 自动2/3
[  295.917] TLM t= 201.7 L1·A@-76 L2·A@-75 L3·A@-76 R1·A@-76 R2·A@-75 R3·A@-75 罐=无罐 泵=0 阀=111111 速=+0,+0,+0.00 电=8.05V/2.36A/峰2.85 补余=0.0 IO错=0 倾+0.0 自动2/3
[  296.440] TLM t= 202.2 L1·A@-76 L2·A@-75 L3·A@-76 R1·A@-76 R2·A@-75 R3·A@-74 罐=无罐 泵=0 阀=111111 速=+0,+0,+0.00 电=8.04V/2.36A/峰2.85 补余=0.0 IO错=0 倾+0.0 自动2/3
[  296.944] TLM t= 202.7 L1·A@-76 L2·A@-74 L3·A@-76 R1·A@-76 R2·A@-74 R3·A@-73 罐=无罐 泵=0 阀=111111 速=+0,+0,+0.00 电=8.06V/2.20A/峰2.85 补余=0.0 IO错=0 倾+0.0 自动2/3
[  297.470] TLM t= 203.3 L1·A@-75 L2·A@-74 L3·A@-76 R1·A@-76 R2·A@-74 R3·A@-73 罐=无罐 泵=0 阀=111111 速=+0,+0,+0.00 电=8.05V/2.28A/峰2.85 补余=0.0 IO错=0 倾+0.0 自动2/3
[  297.969] TLM t= 203.8 L1·A@-75 L2·A@-74 L3·A@-76 R1·A@-76 R2·A@-73 R3·A@-72 罐=无罐 泵=0 阀=111111 速=+0,+0,+0.00 电=8.05V/2.20A/峰2.85 补余=0.0 IO错=0 倾+0.0 自动2/3
[  298.491] TLM t= 204.3 L1·A@-75 L2·A@-73 L3·A@-76 R1·A@-76 R2·A@-73 R3·A@-72 罐=无罐 泵=0 阀=111111 速=+0,+0,+0.00 电=8.07V/2.12A/峰2.85 补余=0.0 IO错=0 倾+0.0 自动2/3
[  298.994] TLM t= 204.8 L1·A@-75 L2·A@-73 L3·A@-76 R1·A@-76 R2·A@-73 R3·A@-71 罐=无罐 泵=0 阀=111111 速=+0,+0,+0.00 电=8.03V/2.36A/峰2.85 补余=0.0 IO错=0 倾+0.0 自动2/3
[  299.518] TLM t= 205.3 L1·A@-75 L2·A@-72 L3·A@-76 R1·A@-76 R2·A@-72 R3·A@-71 罐=无罐 泵=0 阀=111111 速=+0,+0,+0.00 电=8.04V/2.28A/峰2.85 补余=0.0 IO错=0 倾+0.0 自动2/3
[  300.020] TLM t= 205.8 L1·A@-75 L2·A@-72 L3·A@-76 R1·A@-76 R2·A@-72 R3·A@-70 罐=无罐 泵=0 阀=111111 速=+0,+0,+0.00 电=8.04V/2.36A/峰2.85 补余=0.0 IO错=0 倾+0.0 自动2/3
[  300.541] TLM t= 206.3 L1·A@-75 L2·A@-72 L3·A@-76 R1·A@-75 R2·A@-72 R3·A@-69 罐=无罐 泵=0 阀=111111 速=+0,+0,+0.00 电=8.05V/2.36A/峰2.85 补余=0.0 IO错=0 倾+0.0 自动2/3
[  301.044] TLM t= 206.8 L1·A@-75 L2·A@-71 L3·A@-76 R1·A@-75 R2·A@-71 R3·A@-69 罐=无罐 泵=0 阀=111111 速=+0,+0,+0.00 电=8.04V/2.28A/峰2.85 补余=0.0 IO错=0 倾+0.0 自动2/3
[  301.569] TLM t= 207.3 L1·A@-74 L2·A@-71 L3·A@-75 R1·A@-75 R2·A@-71 R3·A@-68 罐=无罐 泵=0 阀=111111 速=+0,+0,+0.00 电=8.05V/2.20A/峰2.85 补余=0.0 IO错=0 倾+0.0 自动2/3
[  302.070] TLM t= 207.8 L1·A@-74 L2·A@-71 L3·A@-75 R1·A@-75 R2·A@-71 R3·A@-68 罐=无罐 泵=0 阀=111111 速=+0,+0,+0.00 电=8.04V/2.36A/峰2.85 补余=0.0 IO错=0 倾+0.0 自动2/3
[  302.591] TLM t= 208.4 L1·A@-74 L2·A@-70 L3·A@-75 R1·A@-75 R2·A@-70 R3·A@-67 罐=无罐 泵=0 阀=111111 速=+0,+0,+0.00 电=8.07V/2.20A/峰2.85 补余=0.0 IO错=0 倾+0.0 自动2/3
[  303.097] TLM t= 208.9 L1·A@-74 L2·A@-70 L3·A@-75 R1·A@-75 R2·A@-70 R3·A@-67 罐=无罐 泵=0 阀=111111 速=+0,+0,+0.00 电=8.06V/2.36A/峰2.85 补余=0.0 IO错=0 倾+0.0 自动2/3
[  303.403] EVT 原地抬起受理：R2
[  303.431] EVT 相位 R2 stance→handover
[  303.622] TLM t= 210.2 L1·A@-74 L2·A@-69 L3·A@-75 R1·A@-75 R2ZA@-69 R3·A@-66 罐=无罐 泵=0 阀=111111 速=+0,+0,+0.00 电=8.05V/2.28A/峰2.85 补余=0.0 IO错=0 倾+0.0 自动2/3
[  304.121] TLM t= 210.6 L1·A@-74 L2·A@-69 L3·A@-75 R1·A@-75 R2ZA@-69 R3·A@-66 罐=无罐 泵=0 阀=111111 速=+0,+0,+0.00 电=8.07V/2.12A/峰2.85 补余=0.0 IO错=0 倾+0.0 自动2/3
[  304.515] EVT 吸附 R2 attached→venting 在态98.36s -68.8kPa
[  304.515] EVT 相位 R2 handover→vent 落点Δ(+0.0,+0.0)
[  304.533] EVT 阀 R2 →排气位
[  304.646] TLM t= 210.6 L1·A@-74 L2·A@-69 L3·A@-75 R1·A@-75 R2Vv@-69 R3·A@-65 罐=无罐 泵=0 阀=111101 速=+0,+0,+0.00 电=8.03V/2.20A/峰2.85 补余=0.0 IO错=0 倾+0.0 自动2/3
[  304.816] EVT 相位 R2 vent→lift
[  304.956] EVT 吸附 R2 venting→released 在态0.44s -0.1kPa
[  305.158] TLM t= 210.6 L1·A@-74 L2·A@-68 L3·A@-75 R1·A@-75 R2Lr@-- R3·A@-65 罐=无罐 泵=0 阀=111101 速=+0,+0,+0.00 电=8.03V/2.44A/峰2.85 补余=0.0 IO错=0 倾+0.0 自动2/3
[  305.659] EVT 相位 R2 lift→transfer
[  305.666] TLM t= 210.6 L1·A@-73 L2·A@-68 L3·A@-75 R1·A@-75 R2Tr@-- R3·A@-64 罐=无罐 泵=0 阀=111101 速=+0,+0,+0.00 电=8.01V/2.44A/峰2.85 补余=0.0 IO错=0 倾+0.0 自动2/3
[  306.185] TLM t= 210.6 L1·A@-73 L2·A@-67 L3·A@-75 R1·A@-75 R2Tr@-- R3·A@-63 罐=无罐 泵=0 阀=111101 速=+0,+0,+0.00 电=8.01V/2.60A/峰2.85 补余=0.0 IO错=0 倾+0.0 自动2/3
[  306.278] EVT 相位 R2 transfer→hover
[  306.692] TLM t= 210.6 L1·A@-73 L2·A@-67 L3·A@-75 R1·A@-75 R2Hr@-- R3·A@-63 罐=无罐 泵=0 阀=111101 速=+0,+0,+0.00 电=8.03V/2.36A/峰2.85 补余=0.0 IO错=0 倾+0.0 自动2/3
[  307.205] TLM t= 210.6 L1·A@-73 L2·A@-67 L3·A@-75 R1·A@-75 R2Hr@-- R3·A@-62 罐=无罐 泵=0 阀=111101 速=+0,+0,+0.00 电=8.05V/2.20A/峰2.85 补余=0.0 IO错=0 倾+0.0 自动2/3
[  307.284] EVT 落地：R2
[  307.301] EVT 相位 R2 hover→descend
[  307.716] TLM t= 210.6 L1·A@-73 L2·A@-66 L3·A@-75 R1·A@-75 R2Dr@-- R3·A@-62 罐=无罐 泵=0 阀=111101 速=+0,+0,+0.00 电=8.04V/2.52A/峰2.85 补余=0.0 IO错=0 倾+0.0 自动2/3
[  307.783] EVT 相位 R2 descend→press
[  308.228] TLM t= 210.6 L1·A@-73 L2·A@-66 L3·A@-74 R1·A@-75 R2Pr@-- R3·A@-61 罐=无罐 泵=0 阀=111101 速=+0,+0,+0.00 电=8.03V/2.52A/峰2.85 补余=0.0 IO错=0 倾+0.0 自动2/3
[  308.741] TLM t= 210.6 L1·A@-73 L2·A@-66 L3·A@-74 R1·A@-75 R2Pr@-- R3·A@-61 罐=无罐 泵=0 阀=111101 速=+0,+0,+0.00 电=8.02V/2.36A/峰2.85 补余=0.0 IO错=0 倾+0.0 自动2/3
[  308.987] EVT 吸附 R2 released→pressing 在态4.02s -0.1kPa
[  308.988] EVT 相位 R2 press→wait
[  309.237] TLM t= 210.6 L1·A@-73 L2·A@-65 L3·A@-74 R1·A@-75 R2Wp@-- R3·A@-60 罐=无罐 泵=0 阀=111101 速=+0,+0,+0.00 电=8.02V/2.44A/峰2.85 补余=0.0 IO错=0 倾+0.0 自动2/3
[  309.303] EVT 吸附 R2 pressing→sucking 在态0.32s -0.1kPa
[  309.303] EVT 阀 R2 →抽气位
[  309.331] EVT 泵 开 最差盘压-60.2
[  309.572] EVT 吸附 R2 sucking→attached 在态0.26s -52.0kPa
[  309.572] EVT 相位 R2 wait→stance
[  309.572] EVT 抬落完成，轮到 L3
[  309.764] TLM t= 210.8 L1·A@-73 L2·A@-65 L3·A@-74 R1·A@-75 R2·A@-62 R3·A@-60 罐=无罐 泵=1 阀=111111 速=+0,+0,+0.00 电=8.01V/2.12A/峰2.85 补余=0.0 IO错=0 倾+0.0 自动2/3
[  310.263] TLM t= 211.3 L1·A@-73 L2·A@-74 L3·A@-74 R1·A@-75 R2·A@-74 R3·A@-73 罐=无罐 泵=1 阀=111111 速=+0,+0,+0.00 电=8.01V/2.20A/峰2.85 补余=0.0 IO错=0 倾+0.0 自动2/3
[  310.557] EVT 泵 停 最差盘压-75.5
[  310.787] TLM t= 211.8 L1·A@-77 L2·A@-77 L3·A@-77 R1·A@-76 R2·A@-76 R3·A@-77 罐=无罐 泵=0 阀=111111 速=+0,+0,+0.00 电=8.03V/2.28A/峰2.85 补余=0.0 IO错=0 倾+0.0 自动2/3
[  311.288] TLM t= 212.3 L1·A@-76 L2·A@-76 L3·A@-77 R1·A@-76 R2·A@-75 R3·A@-76 罐=无罐 泵=0 阀=111111 速=+0,+0,+0.00 电=8.04V/2.28A/峰2.85 补余=0.0 IO错=0 倾+0.0 自动2/3
[  311.813] TLM t= 212.8 L1·A@-76 L2·A@-76 L3·A@-76 R1·A@-76 R2·A@-75 R3·A@-75 罐=无罐 泵=0 阀=111111 速=+0,+0,+0.00 电=8.05V/2.12A/峰2.85 补余=0.0 IO错=0 倾+0.0 自动2/3
[  312.316] TLM t= 213.3 L1·A@-76 L2·A@-75 L3·A@-76 R1·A@-76 R2·A@-75 R3·A@-75 罐=无罐 泵=0 阀=111111 速=+0,+0,+0.00 电=8.04V/2.28A/峰2.85 补余=0.0 IO错=0 倾+0.0 自动2/3
[  312.833] TLM t= 213.8 L1·A@-76 L2·A@-75 L3·A@-76 R1·A@-76 R2·A@-74 R3·A@-74 罐=无罐 泵=0 阀=111111 速=+0,+0,+0.00 电=8.02V/2.28A/峰2.85 补余=0.0 IO错=0 倾+0.0 自动2/3
[  313.335] TLM t= 214.3 L1·A@-76 L2·A@-75 L3·A@-76 R1·A@-76 R2·A@-74 R3·A@-74 罐=无罐 泵=0 阀=111111 速=+0,+0,+0.00 电=8.05V/2.12A/峰2.85 补余=0.0 IO错=0 倾+0.0 自动2/3
[  313.859] TLM t= 214.8 L1·A@-76 L2·A@-74 L3·A@-76 R1·A@-76 R2·A@-73 R3·A@-73 罐=无罐 泵=0 阀=111111 速=+0,+0,+0.00 电=8.02V/2.20A/峰2.85 补余=0.0 IO错=0 倾+0.0 自动2/3
[  314.360] TLM t= 215.3 L1·A@-76 L2·A@-74 L3·A@-76 R1·A@-76 R2·A@-73 R3·A@-72 罐=无罐 泵=0 阀=111111 速=+0,+0,+0.00 电=8.04V/2.28A/峰2.85 补余=0.0 IO错=0 倾+0.0 自动2/3
[  314.887] TLM t= 215.9 L1·A@-76 L2·A@-73 L3·A@-76 R1·A@-76 R2·A@-73 R3·A@-72 罐=无罐 泵=0 阀=111111 速=+0,+0,+0.00 电=8.04V/2.36A/峰2.85 补余=0.0 IO错=0 倾+0.0 自动2/3
[  315.387] TLM t= 216.4 L1·A@-76 L2·A@-73 L3·A@-76 R1·A@-76 R2·A@-72 R3·A@-71 罐=无罐 泵=0 阀=111111 速=+0,+0,+0.00 电=8.04V/2.28A/峰2.85 补余=0.0 IO错=0 倾+0.0 自动2/3
[  315.910] TLM t= 216.9 L1·A@-75 L2·A@-73 L3·A@-76 R1·A@-76 R2·A@-72 R3·A@-71 罐=无罐 泵=0 阀=111111 速=+0,+0,+0.00 电=8.04V/2.36A/峰2.85 补余=0.0 IO错=0 倾+0.0 自动2/3
[  316.411] TLM t= 217.4 L1·A@-75 L2·A@-72 L3·A@-76 R1·A@-75 R2·A@-71 R3·A@-70 罐=无罐 泵=0 阀=111111 速=+0,+0,+0.00 电=8.05V/2.20A/峰2.85 补余=0.0 IO错=0 倾+0.0 自动2/3
[  316.933] TLM t= 217.9 L1·A@-75 L2·A@-72 L3·A@-76 R1·A@-75 R2·A@-71 R3·A@-70 罐=无罐 泵=0 阀=111111 速=+0,+0,+0.00 电=8.04V/2.28A/峰2.85 补余=0.0 IO错=0 倾+0.0 自动2/3
[  317.435] TLM t= 218.4 L1·A@-75 L2·A@-71 L3·A@-76 R1·A@-75 R2·A@-71 R3·A@-69 罐=无罐 泵=0 阀=111111 速=+0,+0,+0.00 电=8.05V/2.12A/峰2.85 补余=0.0 IO错=0 倾+0.0 自动2/3
[  317.963] TLM t= 218.9 L1·A@-75 L2·A@-71 L3·A@-76 R1·A@-75 R2·A@-70 R3·A@-69 罐=无罐 泵=0 阀=111111 速=+0,+0,+0.00 电=8.04V/2.12A/峰2.85 补余=0.0 IO错=0 倾+0.0 自动2/3
[  318.462] TLM t= 219.4 L1·A@-75 L2·A@-71 L3·A@-76 R1·A@-75 R2·A@-70 R3·A@-68 罐=无罐 泵=0 阀=111111 速=+0,+0,+0.00 电=8.03V/2.20A/峰2.85 补余=0.0 IO错=0 倾+0.0 自动2/3
[  318.985] TLM t= 219.9 L1·A@-75 L2·A@-70 L3·A@-75 R1·A@-75 R2·A@-70 R3·A@-67 罐=无罐 泵=0 阀=111111 速=+0,+0,+0.00 电=8.04V/2.20A/峰2.85 补余=0.0 IO错=0 倾+0.0 自动2/3
[  319.487] TLM t= 220.4 L1·A@-75 L2·A@-70 L3·A@-75 R1·A@-75 R2·A@-69 R3·A@-67 罐=无罐 泵=0 阀=111111 速=+0,+0,+0.00 电=8.04V/2.28A/峰2.85 补余=0.0 IO错=0 倾+0.0 自动2/3
[  319.601] EVT 原地抬起受理：L3
[  319.613] EVT 相位 L3 stance→handover
[  320.011] TLM t= 221.8 L1·A@-75 L2·A@-69 L3ZA@-75 R1·A@-75 R2·A@-69 R3·A@-66 罐=无罐 泵=0 阀=111111 速=+0,+0,+0.00 电=8.07V/1.87A/峰2.85 补余=0.0 IO错=0 倾+0.0 自动2/3
[  320.513] TLM t= 222.0 L1·A@-74 L2·A@-69 L3ZA@-75 R1·A@-75 R2·A@-69 R3·A@-66 罐=无罐 泵=0 阀=111111 速=+0,+0,+0.00 电=8.06V/1.87A/峰2.85 补余=0.0 IO错=0 倾+0.0 自动2/3
[  321.039] TLM t= 222.0 L1·A@-74 L2·A@-69 L3ZA@-75 R1·A@-75 R2·A@-68 R3·A@-65 罐=无罐 泵=0 阀=111111 速=+0,+0,+0.00 电=8.06V/1.95A/峰2.85 补余=0.0 IO错=0 倾+0.0 自动2/3
[  321.059] EVT 吸附 L3 attached→venting 在态98.36s -75.2kPa
[  321.060] EVT 相位 L3 handover→vent 落点Δ(+0.0,+0.0)
[  321.085] EVT 阀 L3 →排气位
[  321.361] EVT 相位 L3 vent→lift
[  321.483] EVT 吸附 L3 venting→released 在态0.42s 0.1kPa
[  321.540] TLM t= 222.0 L1·A@-74 L2·A@-68 L3Lr@-- R1·A@-75 R2·A@-68 R3·A@-65 罐=无罐 泵=0 阀=110111 速=+0,+0,+0.00 电=8.03V/1.87A/峰2.85 补余=0.0 IO错=0 倾+0.0 自动2/3
[  322.063] TLM t= 222.0 L1·A@-74 L2·A@-68 L3Lr@-- R1·A@-75 R2·A@-68 R3·A@-64 罐=无罐 泵=0 阀=110111 速=+0,+0,+0.00 电=8.05V/2.04A/峰2.85 补余=0.0 IO错=0 倾+0.0 自动2/3
[  322.207] EVT 相位 L3 lift→transfer
[  322.566] TLM t= 222.0 L1·A@-74 L2·A@-68 L3Tr@-- R1·A@-75 R2·A@-67 R3·A@-64 罐=无罐 泵=0 阀=110111 速=+0,+0,+0.00 电=8.04V/2.12A/峰2.85 补余=0.0 IO错=0 倾+0.0 自动2/3
[  322.842] EVT 相位 L3 transfer→hover
[  323.093] TLM t= 222.0 L1·A@-74 L2·A@-67 L3Hr@-- R1·A@-75 R2·A@-67 R3·A@-63 罐=无罐 泵=0 阀=110111 速=+0,+0,+0.00 电=8.06V/1.95A/峰2.85 补余=0.0 IO错=0 倾+0.0 自动2/3
[  323.603] TLM t= 222.0 L1·A@-74 L2·A@-67 L3Hr@-- R1·A@-75 R2·A@-67 R3·A@-63 罐=无罐 泵=0 阀=110111 速=+0,+0,+0.00 电=8.04V/1.95A/峰2.85 补余=0.0 IO错=0 倾+0.0 自动2/3
[  323.865] EVT 落地：L3
[  323.882] EVT 相位 L3 hover→descend
[  324.118] TLM t= 222.0 L1·A@-74 L2·A@-66 L3Dr@-- R1·A@-75 R2·A@-66 R3·A@-62 罐=无罐 泵=0 阀=110111 速=+0,+0,+0.00 电=8.05V/1.87A/峰2.85 补余=0.0 IO错=0 倾+0.0 自动2/3
[  324.364] EVT 相位 L3 descend→press
[  324.628] TLM t= 222.0 L1·A@-74 L2·A@-66 L3Pr@-- R1·A@-75 R2·A@-66 R3·A@-62 罐=无罐 泵=0 阀=110111 速=+0,+0,+0.00 电=8.05V/2.04A/峰2.85 补余=0.0 IO错=0 倾+0.0 自动2/3
[  325.137] TLM t= 222.0 L1·A@-74 L2·A@-66 L3Pr@-- R1·A@-74 R2·A@-66 R3·A@-61 罐=无罐 泵=0 阀=110111 速=+0,+0,+0.00 电=8.04V/2.04A/峰2.85 补余=0.0 IO错=0 倾+0.0 自动2/3
[  325.567] EVT 吸附 L3 released→pressing 在态4.06s 0.1kPa
[  325.568] EVT 相位 L3 press→wait
[  325.655] TLM t= 222.0 L1·A@-73 L2·A@-65 L3Wp@-- R1·A@-74 R2·A@-65 R3·A@-60 罐=无罐 泵=0 阀=110111 速=+0,+0,+0.00 电=8.03V/1.87A/峰2.85 补余=0.0 IO错=0 倾+0.0 自动2/3
[  325.883] EVT 吸附 L3 pressing→sucking 在态0.32s 0.1kPa
[  325.884] EVT 阀 L3 →抽气位
[  325.911] EVT 泵 开 最差盘压-60.2
[  326.163] TLM t= 222.0 L1·A@-73 L2·A@-65 L3Ws@-44 R1·A@-74 R2·A@-65 R3·A@-60 罐=无罐 泵=1 阀=111111 速=+0,+0,+0.00 电=8.02V/2.04A/峰2.85 补余=0.0 IO错=0 倾+0.0 自动2/3
[  326.184] EVT 吸附 L3 sucking→attached 在态0.30s -44.3kPa
[  326.185] EVT 相位 L3 wait→stance
[  326.185] EVT 抬落完成，轮到 R1
[  326.664] TLM t= 222.5 L1·A@-73 L2·A@-70 L3·A@-69 R1·A@-74 R2·A@-70 R3·A@-70 罐=无罐 泵=1 阀=111111 速=+0,+0,+0.00 电=8.04V/1.87A/峰2.85 补余=0.0 IO错=0 倾+0.0 自动2/3
[  327.189] TLM t= 223.0 L1·A@-76 L2·A@-76 L3·A@-76 R1·A@-75 R2·A@-76 R3·A@-76 罐=无罐 泵=1 阀=111111 速=+0,+0,+0.00 电=8.00V/2.04A/峰2.85 补余=0.0 IO错=0 倾+0.0 自动2/3
[  327.199] EVT 泵 停 最差盘压-75.5
[  327.687] TLM t= 223.5 L1·A@-77 L2·A@-77 L3·A@-76 R1·A@-76 R2·A@-76 R3·A@-76 罐=无罐 泵=0 阀=111111 速=+0,+0,+0.00 电=8.05V/1.95A/峰2.85 补余=0.0 IO错=0 倾+0.0 自动2/3
[  328.214] TLM t= 224.0 L1·A@-76 L2·A@-76 L3·A@-76 R1·A@-76 R2·A@-76 R3·A@-76 罐=无罐 泵=0 阀=111111 速=+0,+0,+0.00 电=8.06V/1.95A/峰2.85 补余=0.0 IO错=0 倾+0.0 自动2/3
[  328.713] TLM t= 224.5 L1·A@-76 L2·A@-76 L3·A@-76 R1·A@-76 R2·A@-75 R3·A@-75 罐=无罐 泵=0 阀=111111 速=+0,+0,+0.00 电=8.05V/1.95A/峰2.85 补余=0.0 IO错=0 倾+0.0 自动2/3
[  329.235] TLM t= 225.0 L1·A@-76 L2·A@-75 L3·A@-76 R1·A@-76 R2·A@-75 R3·A@-74 罐=无罐 泵=0 阀=111111 速=+0,+0,+0.00 电=8.05V/2.04A/峰2.85 补余=0.0 IO错=0 倾+0.0 自动2/3
[  329.739] TLM t= 225.5 L1·A@-76 L2·A@-75 L3·A@-76 R1·A@-76 R2·A@-74 R3·A@-74 罐=无罐 泵=0 阀=111111 速=+0,+0,+0.00 电=8.05V/2.12A/峰2.85 补余=0.0 IO错=0 倾+0.0 自动2/3
[  330.262] TLM t= 226.0 L1·A@-76 L2·A@-74 L3·A@-75 R1·A@-76 R2·A@-74 R3·A@-73 罐=无罐 泵=0 阀=111111 速=+0,+0,+0.00 电=8.04V/2.12A/峰2.85 补余=0.0 IO错=0 倾+0.0 自动2/3
[  330.770] TLM t= 226.5 L1·A@-76 L2·A@-74 L3·A@-75 R1·A@-75 R2·A@-74 R3·A@-73 罐=无罐 泵=0 阀=111111 速=+0,+0,+0.00 电=8.06V/2.04A/峰2.85 补余=0.0 IO错=0 倾+0.0 自动2/3
[  331.266] TLM t= 227.0 L1·A@-76 L2·A@-74 L3·A@-75 R1·A@-75 R2·A@-73 R3·A@-72 罐=无罐 泵=0 阀=111111 速=+0,+0,+0.00 电=8.06V/1.95A/峰2.85 补余=0.0 IO错=0 倾+0.0 自动2/3
[  331.774] TLM t= 227.5 L1·A@-76 L2·A@-73 L3·A@-75 R1·A@-75 R2·A@-73 R3·A@-72 罐=无罐 泵=0 阀=111111 速=+0,+0,+0.00 电=8.04V/2.12A/峰2.85 补余=0.0 IO错=0 倾+0.0 自动2/3
[  332.279] TLM t= 228.0 L1·A@-75 L2·A@-73 L3·A@-75 R1·A@-75 R2·A@-73 R3·A@-71 罐=无罐 泵=0 阀=111111 速=+0,+0,+0.00 电=8.06V/2.12A/峰2.85 补余=0.0 IO错=0 倾+0.0 自动2/3
[  332.801] TLM t= 228.6 L1·A@-75 L2·A@-72 L3·A@-75 R1·A@-75 R2·A@-72 R3·A@-70 罐=无罐 泵=0 阀=111111 速=+0,+0,+0.00 电=8.04V/2.04A/峰2.85 补余=0.0 IO错=0 倾+0.0 自动2/3
[  333.303] TLM t= 229.1 L1·A@-75 L2·A@-72 L3·A@-75 R1·A@-75 R2·A@-72 R3·A@-70 罐=无罐 泵=0 阀=111111 速=+0,+0,+0.00 电=8.04V/1.95A/峰2.85 补余=0.0 IO错=0 倾+0.0 自动2/3
[  333.830] TLM t= 229.6 L1·A@-75 L2·A@-72 L3·A@-74 R1·A@-75 R2·A@-72 R3·A@-69 罐=无罐 泵=0 阀=111111 速=+0,+0,+0.00 电=8.05V/1.95A/峰2.85 补余=0.0 IO错=0 倾+0.0 自动2/3
[  334.337] TLM t= 230.1 L1·A@-75 L2·A@-71 L3·A@-74 R1·A@-75 R2·A@-71 R3·A@-69 罐=无罐 泵=0 阀=111111 速=+0,+0,+0.00 电=8.06V/1.95A/峰2.85 补余=0.0 IO错=0 倾+0.0 自动2/3
[  334.855] TLM t= 230.6 L1·A@-75 L2·A@-71 L3·A@-74 R1·A@-75 R2·A@-71 R3·A@-68 罐=无罐 泵=0 阀=111111 速=+0,+0,+0.00 电=8.04V/2.04A/峰2.85 补余=0.0 IO错=0 倾+0.0 自动2/3
[  335.357] TLM t= 231.1 L1·A@-75 L2·A@-70 L3·A@-74 R1·A@-75 R2·A@-70 R3·A@-68 罐=无罐 泵=0 阀=111111 速=+0,+0,+0.00 电=8.05V/2.12A/峰2.85 补余=0.0 IO错=0 倾+0.0 自动2/3
[  335.881] TLM t= 231.6 L1·A@-75 L2·A@-70 L3·A@-74 R1·A@-75 R2·A@-70 R3·A@-67 罐=无罐 泵=0 阀=111111 速=+0,+0,+0.00 电=8.06V/2.04A/峰2.85 补余=0.0 IO错=0 倾+0.0 自动2/3
[  336.208] EVT 原地抬起受理：R1
[  336.236] EVT 相位 R1 stance→handover
[  336.382] TLM t= 233.0 L1·A@-75 L2·A@-70 L3·A@-74 R1ZA@-75 R2·A@-70 R3·A@-67 罐=无罐 泵=0 阀=111111 速=+0,+0,+0.00 电=8.08V/1.63A/峰2.85 补余=0.0 IO错=0 倾+0.0 自动2/3
[  336.907] TLM t= 233.4 L1·A@-75 L2·A@-69 L3·A@-74 R1ZA@-75 R2·A@-69 R3·A@-66 罐=无罐 泵=0 阀=111111 速=+0,+0,+0.00 电=8.06V/1.79A/峰2.85 补余=0.0 IO错=0 倾+0.0 自动2/3
[  337.409] TLM t= 233.4 L1·A@-74 L2·A@-69 L3·A@-73 R1ZA@-75 R2·A@-69 R3·A@-66 罐=无罐 泵=0 阀=111111 速=+0,+0,+0.00 电=8.06V/1.71A/峰2.85 补余=0.0 IO错=0 倾+0.0 自动2/3
[  337.882] EVT 吸附 R1 attached→venting 在态98.26s -74.5kPa
[  337.883] EVT 相位 R1 handover→vent 落点Δ(+0.0,+0.0)
[  337.895] EVT 阀 R1 →排气位
[  337.932] TLM t= 233.4 L1·A@-74 L2·A@-68 L3·A@-73 R1Vv@-74 R2·A@-69 R3·A@-65 罐=无罐 泵=0 阀=111011 速=+0,+0,+0.00 电=8.05V/1.95A/峰2.85 补余=0.0 IO错=0 倾+0.0 自动2/3
[  338.183] EVT 相位 R1 vent→lift
[  338.305] EVT 吸附 R1 venting→released 在态0.42s -0.0kPa
[  338.432] TLM t= 233.4 L1·A@-74 L2·A@-68 L3·A@-73 R1Lr@-- R2·A@-68 R3·A@-65 罐=无罐 泵=0 阀=111011 速=+0,+0,+0.00 电=8.04V/2.12A/峰2.85 补余=0.0 IO错=0 倾+0.0 自动2/3
[  338.957] TLM t= 233.4 L1·A@-74 L2·A@-68 L3·A@-73 R1Lr@-- R2·A@-68 R3·A@-64 罐=无罐 泵=0 阀=111011 速=+0,+0,+0.00 电=8.04V/2.04A/峰2.85 补余=0.0 IO错=0 倾+0.0 自动2/3
[  339.030] EVT 相位 R1 lift→transfer
[  339.457] TLM t= 233.4 L1·A@-74 L2·A@-67 L3·A@-73 R1Tr@-- R2·A@-68 R3·A@-64 罐=无罐 泵=0 阀=111011 速=+0,+0,+0.00 电=8.05V/1.95A/峰2.85 补余=0.0 IO错=0 倾+0.0 自动2/3
[  339.647] EVT 相位 R1 transfer→hover
[  339.984] TLM t= 233.4 L1·A@-74 L2·A@-67 L3·A@-73 R1Hr@-- R2·A@-67 R3·A@-63 罐=无罐 泵=0 阀=111011 速=+0,+0,+0.00 电=8.02V/1.95A/峰2.85 补余=0.0 IO错=0 倾+0.0 自动2/3
[  340.493] TLM t= 233.4 L1·A@-74 L2·A@-67 L3·A@-73 R1Hr@-- R2·A@-67 R3·A@-63 罐=无罐 泵=0 阀=111011 速=+0,+0,+0.00 电=8.04V/1.95A/峰2.85 补余=0.0 IO错=0 倾+0.0 自动2/3
[  340.647] EVT 落地：R1
[  340.664] EVT 相位 R1 hover→descend
[  341.015] TLM t= 233.4 L1·A@-74 L2·A@-66 L3·A@-73 R1Dr@-- R2·A@-67 R3·A@-62 罐=无罐 泵=0 阀=111011 速=+0,+0,+0.00 电=8.03V/2.20A/峰2.85 补余=0.0 IO错=0 倾+0.0 自动2/3
[  341.147] EVT 相位 R1 descend→press
[  341.517] TLM t= 233.4 L1·A@-74 L2·A@-66 L3·A@-73 R1Pr@-- R2·A@-66 R3·A@-62 罐=无罐 泵=0 阀=111011 速=+0,+0,+0.00 电=8.04V/2.12A/峰2.85 补余=0.0 IO错=0 倾+0.0 自动2/3
[  342.040] TLM t= 233.4 L1·A@-74 L2·A@-65 L3·A@-73 R1Pr@-- R2·A@-66 R3·A@-61 罐=无罐 泵=0 阀=111011 速=+0,+0,+0.00 电=8.01V/2.28A/峰2.85 补余=0.0 IO错=0 倾+0.0 自动2/3
[  342.351] EVT 吸附 R1 released→pressing 在态4.02s -0.0kPa
[  342.352] EVT 相位 R1 press→wait
[  342.541] TLM t= 233.4 L1·A@-74 L2·A@-65 L3·A@-73 R1Wp@-- R2·A@-66 R3·A@-61 罐=无罐 泵=0 阀=111011 速=+0,+0,+0.00 电=8.04V/2.20A/峰2.85 补余=0.0 IO错=0 倾+0.0 自动2/3
[  342.667] EVT 吸附 R1 pressing→sucking 在态0.32s -0.0kPa
[  342.668] EVT 阀 R1 →抽气位
[  342.695] EVT 泵 开 最差盘压-60.5
[  343.056] EVT 吸附 R1 sucking→attached 在态0.38s -57.0kPa
[  343.061] EVT 相位 R1 wait→stance
[  343.061] EVT 抬落完成，轮到 L2
[  343.069] TLM t= 233.4 L1·A@-73 L2·A@-65 L3·A@-73 R1·A@-57 R2·A@-65 R3·A@-60 罐=无罐 泵=1 阀=111111 速=+0,+0,+0.00 电=8.04V/1.87A/峰2.85 补余=0.0 IO错=0 倾+0.0 自动2/3
[  343.582] TLM t= 233.9 L1·A@-73 L2·A@-73 L3·A@-73 R1·A@-72 R2·A@-73 R3·A@-73 罐=无罐 泵=1 阀=111111 速=+0,+0,+0.00 电=8.04V/1.79A/峰2.85 补余=0.0 IO错=0 倾+0.0 自动2/3
[  343.859] EVT 泵 停 最差盘压-75.2
[  344.090] TLM t= 234.4 L1·A@-76 L2·A@-77 L3·A@-76 R1·A@-76 R2·A@-76 R3·A@-76 罐=无罐 泵=0 阀=111111 速=+0,+0,+0.00 电=8.05V/1.87A/峰2.85 补余=0.0 IO错=0 倾+0.0 自动2/3
[  344.596] TLM t= 234.9 L1·A@-76 L2·A@-76 L3·A@-76 R1·A@-76 R2·A@-76 R3·A@-76 罐=无罐 泵=0 阀=111111 速=+0,+0,+0.00 电=8.04V/1.95A/峰2.85 补余=0.0 IO错=0 倾+0.0 自动2/3
[  345.118] TLM t= 235.4 L1·A@-76 L2·A@-76 L3·A@-76 R1·A@-76 R2·A@-75 R3·A@-75 罐=无罐 泵=0 阀=111111 速=+0,+0,+0.00 电=8.05V/1.87A/峰2.85 补余=0.0 IO错=0 倾+0.0 自动2/3
[  345.622] TLM t= 235.9 L1·A@-76 L2·A@-75 L3·A@-76 R1·A@-75 R2·A@-75 R3·A@-74 罐=无罐 泵=0 阀=111111 速=+0,+0,+0.00 电=8.05V/1.87A/峰2.85 补余=0.0 IO错=0 倾+0.0 自动2/3
[  346.150] TLM t= 236.5 L1·A@-76 L2·A@-75 L3·A@-76 R1·A@-75 R2·A@-74 R3·A@-74 罐=无罐 泵=0 阀=111111 速=+0,+0,+0.00 电=8.05V/1.87A/峰2.85 补余=0.0 IO错=0 倾+0.0 自动2/3
[  346.652] TLM t= 237.0 L1·A@-76 L2·A@-74 L3·A@-76 R1·A@-75 R2·A@-74 R3·A@-73 罐=无罐 泵=0 阀=111111 速=+0,+0,+0.00 电=8.03V/2.04A/峰2.85 补余=0.0 IO错=0 倾+0.0 自动2/3
[  347.174] TLM t= 237.5 L1·A@-76 L2·A@-74 L3·A@-76 R1·A@-75 R2·A@-74 R3·A@-73 罐=无罐 泵=0 阀=111111 速=+0,+0,+0.00 电=8.06V/1.95A/峰2.85 补余=0.0 IO错=0 倾+0.0 自动2/3
[  347.676] TLM t= 238.0 L1·A@-76 L2·A@-74 L3·A@-76 R1·A@-75 R2·A@-73 R3·A@-72 罐=无罐 泵=0 阀=111111 速=+0,+0,+0.00 电=8.04V/1.95A/峰2.85 补余=0.0 IO错=0 倾+0.0 自动2/3
[  348.199] TLM t= 238.5 L1·A@-75 L2·A@-73 L3·A@-76 R1·A@-75 R2·A@-73 R3·A@-72 罐=无罐 泵=0 阀=111111 速=+0,+0,+0.00 电=8.05V/1.87A/峰2.85 补余=0.0 IO错=0 倾+0.0 自动2/3
[  348.701] TLM t= 239.0 L1·A@-75 L2·A@-73 L3·A@-76 R1·A@-75 R2·A@-73 R3·A@-71 罐=无罐 泵=0 阀=111111 速=+0,+0,+0.00 电=8.05V/1.79A/峰2.85 补余=0.0 IO错=0 倾+0.0 自动2/3
[  349.224] TLM t= 239.5 L1·A@-75 L2·A@-72 L3·A@-76 R1·A@-75 R2·A@-72 R3·A@-71 罐=无罐 泵=0 阀=111111 速=+0,+0,+0.00 电=8.05V/2.04A/峰2.85 补余=0.0 IO错=0 倾+0.0 自动2/3
[  349.726] TLM t= 240.0 L1·A@-75 L2·A@-72 L3·A@-76 R1·A@-75 R2·A@-72 R3·A@-70 罐=无罐 泵=0 阀=111111 速=+0,+0,+0.00 电=8.05V/1.87A/峰2.85 补余=0.0 IO错=0 倾+0.0 自动2/3
[  350.248] TLM t= 240.5 L1·A@-75 L2·A@-72 L3·A@-75 R1·A@-75 R2·A@-71 R3·A@-69 罐=无罐 泵=0 阀=111111 速=+0,+0,+0.00 电=8.05V/1.87A/峰2.85 补余=0.0 IO错=0 倾+0.0 自动2/3
[  350.753] TLM t= 241.0 L1·A@-75 L2·A@-71 L3·A@-75 R1·A@-75 R2·A@-71 R3·A@-69 罐=无罐 泵=0 阀=111111 速=+0,+0,+0.00 电=8.05V/1.95A/峰2.85 补余=0.0 IO错=0 倾+0.0 自动2/3
[  351.274] TLM t= 241.6 L1·A@-75 L2·A@-71 L3·A@-75 R1·A@-75 R2·A@-71 R3·A@-68 罐=无罐 泵=0 阀=111111 速=+0,+0,+0.00 电=8.05V/2.04A/峰2.85 补余=0.0 IO错=0 倾+0.0 自动2/3
[  351.778] TLM t= 242.1 L1·A@-75 L2·A@-70 L3·A@-75 R1·A@-75 R2·A@-70 R3·A@-68 罐=无罐 泵=0 阀=111111 速=+0,+0,+0.00 电=8.06V/1.79A/峰2.85 补余=0.0 IO错=0 倾+0.0 自动2/3
[  352.300] TLM t= 242.6 L1·A@-75 L2·A@-70 L3·A@-75 R1·A@-75 R2·A@-70 R3·A@-67 罐=无罐 泵=0 阀=111111 速=+0,+0,+0.00 电=8.05V/1.95A/峰2.85 补余=0.0 IO错=0 倾+0.0 自动2/3
[  352.801] TLM t= 243.1 L1·A@-75 L2·A@-70 L3·A@-75 R1·A@-75 R2·A@-70 R3·A@-67 罐=无罐 泵=0 阀=111111 速=+0,+0,+0.00 电=8.06V/2.12A/峰2.85 补余=0.0 IO错=0 倾+0.0 自动2/3
[  353.095] EVT 原地抬起受理：L2
[  353.108] EVT 相位 L2 stance→handover
[  353.325] TLM t= 244.4 L1·A@-74 L2ZA@-69 L3·A@-75 R1·A@-75 R2·A@-69 R3·A@-66 罐=无罐 泵=0 阀=111111 速=+0,+0,+0.00 电=8.05V/1.87A/峰2.85 补余=0.0 IO错=0 倾+0.0 自动2/3
[  353.830] TLM t= 244.8 L1·A@-74 L2ZA@-69 L3·A@-75 R1·A@-75 R2·A@-69 R3·A@-66 罐=无罐 泵=0 阀=111111 速=+0,+0,+0.00 电=8.05V/2.04A/峰2.85 补余=0.0 IO错=0 倾+0.0 自动2/3
[  354.300] EVT 吸附 L2 attached→venting 在态98.34s -68.5kPa
[  354.300] EVT 相位 L2 handover→vent 落点Δ(+0.0,+0.0)
[  354.313] EVT 阀 L2 →排气位
[  354.348] TLM t= 244.8 L1·A@-74 L2Vv@-69 L3·A@-75 R1·A@-75 R2·A@-69 R3·A@-65 罐=无罐 泵=0 阀=101111 速=+0,+0,+0.00 电=8.02V/2.12A/峰2.85 补余=0.0 IO错=0 倾+0.0 自动2/3
[  354.604] EVT 相位 L2 vent→lift
[  354.739] EVT 吸附 L2 venting→released 在态0.44s 0.3kPa
[  354.853] TLM t= 244.8 L1·A@-74 L2Lr@-- L3·A@-75 R1·A@-75 R2·A@-68 R3·A@-64 罐=无罐 泵=0 阀=101111 速=+0,+0,+0.00 电=8.02V/2.20A/峰2.85 补余=0.0 IO错=0 倾+0.0 自动2/3
[  355.375] TLM t= 244.8 L1·A@-74 L2Lr@-- L3·A@-75 R1·A@-74 R2·A@-68 R3·A@-64 罐=无罐 泵=0 阀=101111 速=+0,+0,+0.00 电=8.02V/2.12A/峰2.85 补余=0.0 IO错=0 倾+0.0 自动2/3
[  355.448] EVT 相位 L2 lift→transfer
[  355.876] TLM t= 244.8 L1·A@-74 L2Tr@-- L3·A@-75 R1·A@-74 R2·A@-68 R3·A@-63 罐=无罐 泵=0 阀=101111 速=+0,+0,+0.00 电=8.03V/2.28A/峰2.85 补余=0.0 IO错=0 倾+0.0 自动2/3
[  356.062] EVT 相位 L2 transfer→hover
[  356.397] TLM t= 244.8 L1·A@-74 L2Hr@-- L3·A@-75 R1·A@-74 R2·A@-67 R3·A@-63 罐=无罐 泵=0 阀=101111 速=+0,+0,+0.00 电=8.01V/2.04A/峰2.85 补余=0.0 IO错=0 倾+0.0 自动2/3
[  356.901] TLM t= 244.8 L1·A@-74 L2Hr@-- L3·A@-75 R1·A@-74 R2·A@-67 R3·A@-62 罐=无罐 泵=0 阀=101111 速=+0,+0,+0.00 电=8.03V/2.36A/峰2.85 补余=0.0 IO错=0 倾+0.0 自动2/3
[  357.073] EVT 落地：L2
[  357.085] EVT 相位 L2 hover→descend
[  357.420] TLM t= 244.8 L1·A@-74 L2Dr@-- L3·A@-75 R1·A@-74 R2·A@-67 R3·A@-62 罐=无罐 泵=0 阀=101111 速=+0,+0,+0.00 电=8.01V/2.36A/峰2.85 补余=0.0 IO错=0 倾+0.0 自动2/3
[  357.567] EVT 相位 L2 descend→press
[  357.923] TLM t= 244.8 L1·A@-74 L2Pr@-- L3·A@-74 R1·A@-74 R2·A@-66 R3·A@-61 罐=无罐 泵=0 阀=101111 速=+0,+0,+0.00 电=8.03V/2.20A/峰2.85 补余=0.0 IO错=0 倾+0.0 自动2/3
[  358.445] TLM t= 244.8 L1·A@-73 L2Pr@-- L3·A@-74 R1·A@-74 R2·A@-66 R3·A@-61 罐=无罐 泵=0 阀=101111 速=+0,+0,+0.00 电=8.01V/2.28A/峰2.85 补余=0.0 IO错=0 倾+0.0 自动2/3
[  358.770] EVT 吸附 L2 released→pressing 在态4.02s 0.3kPa
[  358.771] EVT 相位 L2 press→wait
[  358.947] TLM t= 244.8 L1·A@-73 L2Wp@-- L3·A@-74 R1·A@-74 R2·A@-66 R3·A@-60 罐=无罐 泵=0 阀=101111 速=+0,+0,+0.00 电=8.02V/2.20A/峰2.85 补余=0.0 IO错=0 倾+0.0 自动2/3
[  359.096] EVT 吸附 L2 pressing→sucking 在态0.32s 0.3kPa
[  359.097] EVT 阀 L2 →抽气位
[  359.120] EVT 泵 开 最差盘压-60.2
[  359.455] EVT 吸附 L2 sucking→attached 在态0.36s -56.4kPa
[  359.463] EVT 相位 L2 wait→stance
[  359.463] EVT 抬落完成，轮到 R3
[  359.463] EVT 自动轮换：第 2 轮完成
[  359.473] TLM t= 244.8 L1·A@-73 L2·A@-56 L3·A@-74 R1·A@-74 R2·A@-65 R3·A@-60 罐=无罐 泵=1 阀=111111 速=+0,+0,+0.00 电=8.02V/2.36A/峰2.85 补余=0.0 IO错=0 倾+0.0 自动3/3
[  359.988] TLM t= 245.3 L1·A@-73 L2·A@-74 L3·A@-74 R1·A@-74 R2·A@-74 R3·A@-74 罐=无罐 泵=1 阀=111111 速=+0,+0,+0.00 电=8.01V/2.04A/峰2.85 补余=0.0 IO错=0 倾+0.0 自动3/3
[  360.204] EVT 泵 停 最差盘压-75.0
[  360.489] TLM t= 245.8 L1·A@-76 L2·A@-76 L3·A@-76 R1·A@-76 R2·A@-76 R3·A@-76 罐=无罐 泵=0 阀=111111 速=+0,+0,+0.00 电=8.03V/2.12A/峰2.85 补余=0.0 IO错=0 倾+0.0 自动3/3
[  360.993] TLM t= 246.3 L1·A@-76 L2·A@-76 L3·A@-76 R1·A@-76 R2·A@-75 R3·A@-75 罐=无罐 泵=0 阀=111111 速=+0,+0,+0.00 电=8.02V/2.12A/峰2.85 补余=0.0 IO错=0 倾+0.0 自动3/3
[  361.516] TLM t= 246.8 L1·A@-76 L2·A@-75 L3·A@-76 R1·A@-75 R2·A@-75 R3·A@-75 罐=无罐 泵=0 阀=111111 速=+0,+0,+0.00 电=8.02V/2.36A/峰2.85 补余=0.0 IO错=0 倾+0.0 自动3/3
[  362.023] TLM t= 247.3 L1·A@-76 L2·A@-75 L3·A@-76 R1·A@-75 R2·A@-74 R3·A@-74 罐=无罐 泵=0 阀=111111 速=+0,+0,+0.00 电=8.03V/2.12A/峰2.85 补余=0.0 IO错=0 倾+0.0 自动3/3
[  362.538] TLM t= 247.9 L1·A@-76 L2·A@-74 L3·A@-76 R1·A@-75 R2·A@-74 R3·A@-74 罐=无罐 泵=0 阀=111111 速=+0,+0,+0.00 电=8.01V/2.28A/峰2.85 补余=0.0 IO错=0 倾+0.0 自动3/3
[  363.043] TLM t= 248.4 L1·A@-76 L2·A@-74 L3·A@-76 R1·A@-75 R2·A@-74 R3·A@-73 罐=无罐 泵=0 阀=111111 速=+0,+0,+0.00 电=8.02V/2.12A/峰2.85 补余=0.0 IO错=0 倾+0.0 自动3/3
[  363.562] TLM t= 248.9 L1·A@-75 L2·A@-73 L3·A@-76 R1·A@-75 R2·A@-73 R3·A@-72 罐=无罐 泵=0 阀=111111 速=+0,+0,+0.00 电=8.02V/2.12A/峰2.85 补余=0.0 IO错=0 倾+0.0 自动3/3
[  364.067] TLM t= 249.4 L1·A@-75 L2·A@-73 L3·A@-76 R1·A@-75 R2·A@-73 R3·A@-72 罐=无罐 泵=0 阀=111111 速=+0,+0,+0.00 电=8.02V/2.20A/峰2.85 补余=0.0 IO错=0 倾+0.0 自动3/3
[  364.585] TLM t= 249.9 L1·A@-75 L2·A@-73 L3·A@-76 R1·A@-75 R2·A@-73 R3·A@-71 罐=无罐 泵=0 阀=111111 速=+0,+0,+0.00 电=8.02V/2.28A/峰2.85 补余=0.0 IO错=0 倾+0.0 自动3/3
[  365.087] TLM t= 250.4 L1·A@-75 L2·A@-72 L3·A@-76 R1·A@-75 R2·A@-72 R3·A@-71 罐=无罐 泵=0 阀=111111 速=+0,+0,+0.00 电=8.04V/2.28A/峰2.85 补余=0.0 IO错=0 倾+0.0 自动3/3
[  365.606] TLM t= 250.9 L1·A@-75 L2·A@-72 L3·A@-75 R1·A@-75 R2·A@-72 R3·A@-70 罐=无罐 泵=0 阀=111111 速=+0,+0,+0.00 电=8.01V/2.20A/峰2.85 补余=0.0 IO错=0 倾+0.0 自动3/3
[  366.117] TLM t= 251.4 L1·A@-75 L2·A@-71 L3·A@-75 R1·A@-75 R2·A@-72 R3·A@-70 罐=无罐 泵=0 阀=111111 速=+0,+0,+0.00 电=8.02V/2.20A/峰2.85 补余=0.0 IO错=0 倾+0.0 自动3/3
[  366.634] TLM t= 251.9 L1·A@-75 L2·A@-71 L3·A@-75 R1·A@-75 R2·A@-71 R3·A@-69 罐=无罐 泵=0 阀=111111 速=+0,+0,+0.00 电=8.02V/2.20A/峰2.85 补余=0.0 IO错=0 倾+0.0 自动3/3
[  367.151] TLM t= 252.4 L1·A@-75 L2·A@-71 L3·A@-75 R1·A@-75 R2·A@-71 R3·A@-69 罐=无罐 泵=0 阀=111111 速=+0,+0,+0.00 电=8.02V/2.20A/峰2.85 补余=0.0 IO错=0 倾+0.0 自动3/3
[  367.655] TLM t= 252.9 L1·A@-75 L2·A@-70 L3·A@-75 R1·A@-75 R2·A@-71 R3·A@-68 罐=无罐 泵=0 阀=111111 速=+0,+0,+0.00 电=8.01V/2.20A/峰2.85 补余=0.0 IO错=0 倾+0.0 自动3/3
[  368.176] TLM t= 253.5 L1·A@-75 L2·A@-70 L3·A@-75 R1·A@-75 R2·A@-70 R3·A@-68 罐=无罐 泵=0 阀=111111 速=+0,+0,+0.00 电=8.02V/2.20A/峰2.85 补余=0.0 IO错=0 倾+0.0 自动3/3
[  368.681] TLM t= 254.0 L1·A@-74 L2·A@-69 L3·A@-75 R1·A@-75 R2·A@-70 R3·A@-67 罐=无罐 泵=0 阀=111111 速=+0,+0,+0.00 电=8.03V/2.28A/峰2.85 补余=0.0 IO错=0 倾+0.0 自动3/3
[  369.205] TLM t= 254.5 L1·A@-74 L2·A@-69 L3·A@-75 R1·A@-75 R2·A@-70 R3·A@-66 罐=无罐 泵=0 阀=111111 速=+0,+0,+0.00 电=8.03V/2.12A/峰2.85 补余=0.0 IO错=0 倾+0.0 自动3/3
[  369.706] TLM t= 255.0 L1·A@-74 L2·A@-69 L3·A@-75 R1·A@-75 R2·A@-69 R3·A@-66 罐=无罐 泵=0 阀=111111 速=+0,+0,+0.00 电=8.02V/2.20A/峰2.85 补余=0.0 IO错=0 倾+0.0 自动3/3
[  370.228] TLM t= 255.5 L1·A@-74 L2·A@-68 L3·A@-75 R1·A@-75 R2·A@-69 R3·A@-65 罐=无罐 泵=0 阀=111111 速=+0,+0,+0.00 电=8.02V/2.04A/峰2.85 补余=0.0 IO错=0 倾+0.0 自动3/3
[  370.730] TLM t= 256.0 L1·A@-74 L2·A@-68 L3·A@-75 R1·A@-75 R2·A@-69 R3·A@-65 罐=无罐 泵=0 阀=111111 速=+0,+0,+0.00 电=8.02V/2.12A/峰2.85 补余=0.0 IO错=0 倾+0.0 自动3/3
[  371.255] TLM t= 256.5 L1·A@-74 L2·A@-67 L3·A@-75 R1·A@-75 R2·A@-68 R3·A@-64 罐=无罐 泵=0 阀=111111 速=+0,+0,+0.00 电=8.03V/2.20A/峰2.85 补余=0.0 IO错=0 倾+0.0 自动3/3
[  371.757] TLM t= 257.0 L1·A@-74 L2·A@-67 L3·A@-75 R1·A@-75 R2·A@-68 R3·A@-64 罐=无罐 泵=0 阀=111111 速=+0,+0,+0.00 电=8.03V/2.20A/峰2.85 补余=0.0 IO错=0 倾+0.0 自动3/3
[  372.255] TLM t= 257.5 L1·A@-74 L2·A@-67 L3·A@-75 R1·A@-75 R2·A@-68 R3·A@-63 罐=无罐 泵=0 阀=111111 速=+0,+0,+0.00 电=8.03V/2.20A/峰2.85 补余=0.0 IO错=0 倾+0.0 自动3/3
[  372.764] TLM t= 258.0 L1·A@-74 L2·A@-66 L3·A@-75 R1·A@-75 R2·A@-67 R3·A@-63 罐=无罐 泵=0 阀=111111 速=+0,+0,+0.00 电=8.03V/2.20A/峰2.85 补余=0.0 IO错=0 倾+0.0 自动3/3
[  373.269] TLM t= 258.5 L1·A@-74 L2·A@-66 L3·A@-74 R1·A@-75 R2·A@-67 R3·A@-62 罐=无罐 泵=0 阀=111111 速=+0,+0,+0.00 电=8.03V/2.36A/峰2.85 补余=0.0 IO错=0 倾+0.0 自动3/3
[  373.791] TLM t= 259.0 L1·A@-73 L2·A@-65 L3·A@-74 R1·A@-75 R2·A@-66 R3·A@-62 罐=无罐 泵=0 阀=111111 速=+0,+0,+0.00 电=8.02V/2.28A/峰2.85 补余=0.0 IO错=0 倾+0.0 自动3/3
[  374.297] TLM t= 259.5 L1·A@-73 L2·A@-65 L3·A@-74 R1·A@-75 R2·A@-66 R3·A@-61 罐=无罐 泵=0 阀=111111 速=+0,+0,+0.00 电=8.04V/2.12A/峰2.85 补余=0.0 IO错=0 倾+0.0 自动3/3
[  374.466] EVT 自动轮换：第 3 轮开始
[  374.478] EVT 原地抬起受理：R3
[  374.506] EVT 相位 R3 stance→handover
[  374.817] TLM t= 263.1 L1·A@-73 L2·A@-65 L3·A@-74 R1·A@-75 R2·A@-66 R3ZA@-61 罐=无罐 泵=0 阀=111111 速=+0,+0,+0.00 电=8.04V/1.87A/峰2.85 补余=0.0 IO错=0 倾+0.0 自动3/3
[  375.322] TLM t= 263.4 L1·A@-73 L2·A@-64 L3·A@-74 R1·A@-75 R2·A@-65 R3ZA@-60 罐=无罐 泵=0 阀=111111 速=+0,+0,+0.00 电=8.04V/1.79A/峰2.85 补余=0.0 IO错=0 倾+0.0 自动3/3
[  375.493] EVT 泵 开 最差盘压-60.0
[  375.593] EVT 吸附 R3 attached→venting 在态98.40s -59.9kPa
[  375.593] EVT 相位 R3 handover→vent 落点Δ(+0.0,+0.0)
[  375.611] EVT 阀 R3 →排气位
[  375.844] TLM t= 263.4 L1·A@-73 L2·A@-66 L3·A@-74 R1·A@-74 R2·A@-65 R3Vv@-60 罐=无罐 泵=1 阀=111110 速=+0,+0,+0.00 电=8.01V/1.79A/峰2.85 补余=0.0 IO错=0 倾+0.0 自动3/3
[  375.896] EVT 相位 R3 vent→lift
[  376.037] EVT 吸附 R3 venting→released 在态0.44s 0.2kPa
[  376.346] TLM t= 263.4 L1·A@-75 L2·A@-76 L3·A@-75 R1·A@-74 R2·A@-75 R3Lr@-- 罐=无罐 泵=1 阀=111110 速=+0,+0,+0.00 电=8.02V/2.04A/峰2.85 补余=0.0 IO错=0 倾+0.0 自动3/3
[  376.439] EVT 泵 停 最差盘压-75.4
[  376.740] EVT 相位 R3 lift→transfer
[  376.869] TLM t= 263.4 L1·A@-77 L2·A@-77 L3·A@-77 R1·A@-76 R2·A@-76 R3Tr@-- 罐=无罐 泵=0 阀=111110 速=+0,+0,+0.00 电=8.00V/2.36A/峰2.85 补余=0.0 IO错=0 倾+0.0 自动3/3
[  377.363] EVT 相位 R3 transfer→hover
[  377.370] TLM t= 263.4 L1·A@-76 L2·A@-76 L3·A@-76 R1·A@-76 R2·A@-76 R3Hr@-- 罐=无罐 泵=0 阀=111110 速=+0,+0,+0.00 电=8.01V/2.28A/峰2.85 补余=0.0 IO错=0 倾+0.0 自动3/3
[  377.897] TLM t= 263.4 L1·A@-76 L2·A@-76 L3·A@-76 R1·A@-76 R2·A@-75 R3Hr@-- 罐=无罐 泵=0 阀=111110 速=+0,+0,+0.00 电=8.03V/2.04A/峰2.85 补余=0.0 IO错=0 倾+0.0 自动3/3
[  378.371] EVT 落地：R3
[  378.389] EVT 相位 R3 hover→descend
[  378.398] TLM t= 263.4 L1·A@-76 L2·A@-75 L3·A@-76 R1·A@-76 R2·A@-75 R3Dr@-- 罐=无罐 泵=0 阀=111110 速=+0,+0,+0.00 电=8.02V/1.87A/峰2.85 补余=0.0 IO错=0 倾+0.0 自动3/3
[  378.870] EVT 相位 R3 descend→press
[  378.920] TLM t= 263.4 L1·A@-76 L2·A@-75 L3·A@-76 R1·A@-76 R2·A@-74 R3Pr@-- 罐=无罐 泵=0 阀=111110 速=+0,+0,+0.00 电=8.04V/1.95A/峰2.85 补余=0.0 IO错=0 倾+0.0 自动3/3
[  379.439] TLM t= 263.4 L1·A@-76 L2·A@-74 L3·A@-76 R1·A@-76 R2·A@-74 R3Pr@-- 罐=无罐 泵=0 阀=111110 速=+0,+0,+0.00 电=8.04V/1.87A/峰2.85 补余=0.0 IO错=0 倾+0.0 自动3/3
[  379.948] TLM t= 263.4 L1·A@-76 L2·A@-74 L3·A@-76 R1·A@-76 R2·A@-74 R3Pr@-- 罐=无罐 泵=0 阀=111110 速=+0,+0,+0.00 电=8.03V/2.04A/峰2.85 补余=0.0 IO错=0 倾+0.0 自动3/3
[  380.078] EVT 吸附 R3 released→pressing 在态4.02s 0.2kPa
[  380.079] EVT 相位 R3 press→wait
[  380.394] EVT 吸附 R3 pressing→sucking 在态0.32s 0.2kPa
[  380.395] EVT 阀 R3 →抽气位
[  380.422] EVT 泵 开 最差盘压-73.4
[  380.452] TLM t= 263.4 L1·A@-76 L2·A@-74 L3·A@-76 R1·A@-76 R2·A@-73 R3Ws@-8 罐=无罐 泵=1 阀=111111 速=+0,+0,+0.00 电=7.93V/1.87A/峰2.85 补余=0.0 IO错=0 倾+0.0 自动3/3
[  380.783] EVT 吸附 R3 sucking→attached 在态0.38s -66.3kPa
[  380.783] EVT 相位 R3 wait→stance
[  380.783] EVT 抬落完成，轮到 L1
[  380.974] TLM t= 263.6 L1·A@-76 L2·A@-73 L3·A@-76 R1·A@-76 R2·A@-73 R3·A@-72 罐=无罐 泵=1 阀=111111 速=+0,+0,+0.00 电=8.01V/1.87A/峰2.85 补余=0.0 IO错=0 倾+0.0 自动3/3
[  381.107] EVT 泵 停 最差盘压-75.0
[  381.478] TLM t= 264.1 L1·A@-76 L2·A@-76 L3·A@-76 R1·A@-76 R2·A@-75 R3·A@-75 罐=无罐 泵=0 阀=111111 速=+0,+0,+0.00 电=8.03V/2.04A/峰2.85 补余=0.0 IO错=0 倾+0.0 自动3/3
[  382.001] TLM t= 264.6 L1·A@-76 L2·A@-75 L3·A@-76 R1·A@-76 R2·A@-75 R3·A@-75 罐=无罐 泵=0 阀=111111 速=+0,+0,+0.00 电=8.04V/2.12A/峰2.85 补余=0.0 IO错=0 倾+0.0 自动3/3
[  382.502] TLM t= 265.1 L1·A@-75 L2·A@-75 L3·A@-76 R1·A@-76 R2·A@-74 R3·A@-74 罐=无罐 泵=0 阀=111111 速=+0,+0,+0.00 电=8.02V/2.04A/峰2.85 补余=0.0 IO错=0 倾+0.0 自动3/3
[  383.025] TLM t= 265.6 L1·A@-75 L2·A@-74 L3·A@-76 R1·A@-76 R2·A@-74 R3·A@-74 罐=无罐 泵=0 阀=111111 速=+0,+0,+0.00 电=8.03V/1.87A/峰2.85 补余=0.0 IO错=0 倾+0.0 自动3/3
[  383.533] TLM t= 266.1 L1·A@-75 L2·A@-74 L3·A@-76 R1·A@-76 R2·A@-74 R3·A@-73 罐=无罐 泵=0 阀=111111 速=+0,+0,+0.00 电=8.03V/1.95A/峰2.85 补余=0.0 IO错=0 倾+0.0 自动3/3
[  384.050] TLM t= 266.6 L1·A@-75 L2·A@-74 L3·A@-76 R1·A@-75 R2·A@-73 R3·A@-72 罐=无罐 泵=0 阀=111111 速=+0,+0,+0.00 电=8.03V/2.04A/峰2.85 补余=0.0 IO错=0 倾+0.0 自动3/3
[  384.551] TLM t= 267.1 L1·A@-75 L2·A@-73 L3·A@-76 R1·A@-75 R2·A@-73 R3·A@-72 罐=无罐 泵=0 阀=111111 速=+0,+0,+0.00 电=8.05V/1.95A/峰2.85 补余=0.0 IO错=0 倾+0.0 自动3/3
[  385.076] TLM t= 267.7 L1·A@-75 L2·A@-73 L3·A@-75 R1·A@-75 R2·A@-73 R3·A@-71 罐=无罐 泵=0 阀=111111 速=+0,+0,+0.00 电=8.04V/1.95A/峰2.85 补余=0.0 IO错=0 倾+0.0 自动3/3
[  385.577] TLM t= 268.2 L1·A@-75 L2·A@-72 L3·A@-75 R1·A@-75 R2·A@-72 R3·A@-71 罐=无罐 泵=0 阀=111111 速=+0,+0,+0.00 电=8.02V/2.04A/峰2.85 补余=0.0 IO错=0 倾+0.0 自动3/3
[  386.102] TLM t= 268.7 L1·A@-75 L2·A@-72 L3·A@-75 R1·A@-75 R2·A@-72 R3·A@-70 罐=无罐 泵=0 阀=111111 速=+0,+0,+0.00 电=8.02V/1.95A/峰2.85 补余=0.0 IO错=0 倾+0.0 自动3/3
[  386.604] TLM t= 269.2 L1·A@-74 L2·A@-72 L3·A@-75 R1·A@-75 R2·A@-72 R3·A@-70 罐=无罐 泵=0 阀=111111 速=+0,+0,+0.00 电=8.03V/1.87A/峰2.85 补余=0.0 IO错=0 倾+0.0 自动3/3
[  387.129] TLM t= 269.7 L1·A@-74 L2·A@-71 L3·A@-75 R1·A@-75 R2·A@-71 R3·A@-69 罐=无罐 泵=0 阀=111111 速=+0,+0,+0.00 电=8.03V/2.04A/峰2.85 补余=0.0 IO错=0 倾+0.0 自动3/3
[  387.634] TLM t= 270.2 L1·A@-74 L2·A@-71 L3·A@-75 R1·A@-75 R2·A@-71 R3·A@-68 罐=无罐 泵=0 阀=111111 速=+0,+0,+0.00 电=8.03V/2.04A/峰2.85 补余=0.0 IO错=0 倾+0.0 自动3/3
[  388.159] TLM t= 270.7 L1·A@-74 L2·A@-70 L3·A@-75 R1·A@-75 R2·A@-71 R3·A@-68 罐=无罐 泵=0 阀=111111 速=+0,+0,+0.00 电=8.05V/1.95A/峰2.85 补余=0.0 IO错=0 倾+0.0 自动3/3
[  388.664] TLM t= 271.2 L1·A@-74 L2·A@-70 L3·A@-75 R1·A@-75 R2·A@-70 R3·A@-67 罐=无罐 泵=0 阀=111111 速=+0,+0,+0.00 电=8.04V/2.04A/峰2.85 补余=0.0 IO错=0 倾+0.0 自动3/3
[  389.182] TLM t= 271.7 L1·A@-74 L2·A@-70 L3·A@-75 R1·A@-75 R2·A@-70 R3·A@-67 罐=无罐 泵=0 阀=111111 速=+0,+0,+0.00 电=8.03V/1.95A/峰2.85 补余=0.0 IO错=0 倾+0.0 自动3/3
[  389.684] TLM t= 272.2 L1·A@-74 L2·A@-69 L3·A@-75 R1·A@-75 R2·A@-70 R3·A@-66 罐=无罐 泵=0 阀=111111 速=+0,+0,+0.00 电=8.03V/1.87A/峰2.85 补余=0.0 IO错=0 倾+0.0 自动3/3
[  390.208] TLM t= 272.8 L1·A@-74 L2·A@-69 L3·A@-75 R1·A@-75 R2·A@-69 R3·A@-66 罐=无罐 泵=0 阀=111111 速=+0,+0,+0.00 电=8.03V/1.95A/峰2.85 补余=0.0 IO错=0 倾+0.0 自动3/3
[  390.710] TLM t= 273.3 L1·A@-74 L2·A@-68 L3·A@-75 R1·A@-75 R2·A@-69 R3·A@-65 罐=无罐 泵=0 阀=111111 速=+0,+0,+0.00 电=8.02V/2.12A/峰2.85 补余=0.0 IO错=0 倾+0.0 自动3/3
[  390.823] EVT 原地抬起受理：L1
[  390.835] EVT 相位 L1 stance→handover
[  391.234] TLM t= 274.6 L1ZA@-74 L2·A@-68 L3·A@-75 R1·A@-75 R2·A@-69 R3·A@-65 罐=无罐 泵=0 阀=111111 速=+0,+0,+0.00 电=8.05V/1.47A/峰2.85 补余=0.0 IO错=0 倾+0.0 自动3/3
[  391.738] TLM t= 274.8 L1ZA@-73 L2·A@-68 L3·A@-75 R1·A@-75 R2·A@-68 R3·A@-64 罐=无罐 泵=0 阀=111111 速=+0,+0,+0.00 电=8.03V/1.79A/峰2.85 补余=0.0 IO错=0 倾+0.0 自动3/3
[  392.260] TLM t= 274.8 L1ZA@-73 L2·A@-67 L3·A@-75 R1·A@-75 R2·A@-68 R3·A@-64 罐=无罐 泵=0 阀=111111 速=+0,+0,+0.00 电=8.01V/2.28A/峰2.85 补余=0.0 IO错=0 倾+0.0 自动3/3
[  392.392] EVT 吸附 L1 attached→venting 在态98.46s -73.3kPa
[  392.392] EVT 相位 L1 handover→vent 落点Δ(+0.0,+0.0)
[  392.405] EVT 阀 L1 →排气位
[  392.691] EVT 相位 L1 vent→lift
[  392.761] TLM t= 274.8 L1Lv@-73 L2·A@-67 L3·A@-75 R1·A@-75 R2·A@-67 R3·A@-63 罐=无罐 泵=0 阀=011111 速=+0,+0,+0.00 电=8.01V/2.36A/峰2.85 补余=0.0 IO错=0 倾+0.0 自动3/3
[  392.813] EVT 吸附 L1 venting→released 在态0.42s 0.1kPa
[  393.283] TLM t= 274.8 L1Lr@-- L2·A@-67 L3·A@-74 R1·A@-75 R2·A@-67 R3·A@-62 罐=无罐 泵=0 阀=011111 速=+0,+0,+0.00 电=7.97V/2.28A/峰2.85 补余=0.0 IO错=0 倾+0.0 自动3/3
[  393.546] EVT 相位 L1 lift→transfer
[  393.798] TLM t= 274.8 L1Tr@-- L2·A@-66 L3·A@-74 R1·A@-75 R2·A@-67 R3·A@-62 罐=无罐 泵=0 阀=011111 速=+0,+0,+0.00 电=7.98V/2.52A/峰2.85 补余=0.0 IO错=0 倾+0.0 自动3/3
[  394.171] EVT 相位 L1 transfer→hover
[  394.302] TLM t= 274.8 L1Hr@-- L2·A@-66 L3·A@-74 R1·A@-75 R2·A@-66 R3·A@-61 罐=无罐 泵=0 阀=011111 速=+0,+0,+0.00 电=7.99V/2.28A/峰2.85 补余=0.0 IO错=0 倾+0.0 自动3/3
[  394.825] TLM t= 274.8 L1Hr@-- L2·A@-65 L3·A@-74 R1·A@-75 R2·A@-66 R3·A@-61 罐=无罐 泵=0 阀=011111 速=+0,+0,+0.00 电=8.01V/2.20A/峰2.85 补余=0.0 IO错=0 倾+0.0 自动3/3
[  395.175] EVT 落地：L1
[  395.198] EVT 相位 L1 hover→descend
[  395.328] TLM t= 274.8 L1Dr@-- L2·A@-65 L3·A@-74 R1·A@-75 R2·A@-66 R3·A@-60 罐=无罐 泵=0 阀=011111 速=+0,+0,+0.00 电=8.01V/2.36A/峰2.85 补余=0.0 IO错=0 倾+0.0 自动3/3
[  395.538] EVT 泵 开 最差盘压-59.9
[  395.681] EVT 相位 L1 descend→press
[  395.849] TLM t= 274.8 L1Pr@-- L2·A@-65 L3·A@-74 R1·A@-75 R2·A@-65 R3·A@-63 罐=无罐 泵=1 阀=011111 速=+0,+0,+0.00 电=7.98V/2.12A/峰2.85 补余=0.0 IO错=0 倾+0.0 自动3/3
[  396.350] TLM t= 274.8 L1Pr@-- L2·A@-75 L3·A@-74 R1·A@-75 R2·A@-75 R3·A@-75 罐=无罐 泵=1 阀=011111 速=+0,+0,+0.00 电=7.99V/2.20A/峰2.85 补余=0.0 IO错=0 倾+0.0 自动3/3
[  396.523] EVT 泵 停 最差盘压-75.6
[  396.870] TLM t= 274.8 L1Pr@-- L2·A@-77 L3·A@-77 R1·A@-76 R2·A@-76 R3·A@-76 罐=无罐 泵=0 阀=011111 速=+0,+0,+0.00 电=8.01V/2.28A/峰2.85 补余=0.0 IO错=0 倾+0.0 自动3/3
[  396.884] EVT 吸附 L1 released→pressing 在态4.04s 0.1kPa
[  396.885] EVT 相位 L1 press→wait
[  397.198] EVT 吸附 L1 pressing→sucking 在态0.32s 0.1kPa
[  397.199] EVT 阀 L1 →抽气位
[  397.226] EVT 泵 开 最差盘压-75.9
[  397.380] TLM t= 274.8 L1Ws@-34 L2·A@-76 L3·A@-76 R1·A@-76 R2·A@-76 R3·A@-76 罐=无罐 泵=1 阀=111111 速=+0,+0,+0.00 电=7.95V/2.12A/峰2.85 补余=0.0 IO错=0 倾+0.0 自动3/3
[  397.565] EVT 吸附 L1 sucking→attached 在态0.36s -65.6kPa
[  397.566] EVT 相位 L1 wait→stance
[  397.566] EVT 抬落完成，轮到 R2
[  397.874] TLM t= 275.1 L1·A@-74 L2·A@-76 L3·A@-76 R1·A@-76 R2·A@-75 R3·A@-75 罐=无罐 泵=1 阀=111111 速=+0,+0,+0.00 电=7.98V/2.12A/峰2.85 补余=0.0 IO错=0 倾+0.0 自动3/3
[  397.894] EVT 泵 停 最差盘压-75.2
[  398.385] TLM t= 275.6 L1·A@-76 L2·A@-76 L3·A@-76 R1·A@-76 R2·A@-76 R3·A@-76 罐=无罐 泵=0 阀=111111 速=+0,+0,+0.00 电=8.02V/2.20A/峰2.85 补余=0.0 IO错=0 倾+0.0 自动3/3
[  398.889] TLM t= 276.1 L1·A@-76 L2·A@-75 L3·A@-76 R1·A@-76 R2·A@-75 R3·A@-75 罐=无罐 泵=0 阀=111111 速=+0,+0,+0.00 电=8.02V/2.28A/峰2.85 补余=0.0 IO错=0 倾+0.0 自动3/3
[  399.410] TLM t= 276.6 L1·A@-75 L2·A@-75 L3·A@-76 R1·A@-76 R2·A@-75 R3·A@-74 罐=无罐 泵=0 阀=111111 速=+0,+0,+0.00 电=8.02V/2.12A/峰2.85 补余=0.0 IO错=0 倾+0.0 自动3/3
[  399.913] TLM t= 277.1 L1·A@-75 L2·A@-75 L3·A@-76 R1·A@-76 R2·A@-74 R3·A@-74 罐=无罐 泵=0 阀=111111 速=+0,+0,+0.00 电=8.02V/2.20A/峰2.85 补余=0.0 IO错=0 倾+0.0 自动3/3
[  400.434] TLM t= 277.6 L1·A@-75 L2·A@-74 L3·A@-76 R1·A@-76 R2·A@-74 R3·A@-73 罐=无罐 泵=0 阀=111111 速=+0,+0,+0.00 电=8.01V/2.12A/峰2.85 补余=0.0 IO错=0 倾+0.0 自动3/3
[  400.936] TLM t= 278.1 L1·A@-75 L2·A@-74 L3·A@-76 R1·A@-76 R2·A@-74 R3·A@-73 罐=无罐 泵=0 阀=111111 速=+0,+0,+0.00 电=8.01V/2.12A/峰2.85 补余=0.0 IO错=0 倾+0.0 自动3/3
[  401.458] TLM t= 278.7 L1·A@-75 L2·A@-73 L3·A@-76 R1·A@-76 R2·A@-73 R3·A@-72 罐=无罐 泵=0 阀=111111 速=+0,+0,+0.00 电=8.01V/2.20A/峰2.85 补余=0.0 IO错=0 倾+0.0 自动3/3
[  401.960] TLM t= 279.2 L1·A@-75 L2·A@-73 L3·A@-76 R1·A@-76 R2·A@-73 R3·A@-72 罐=无罐 泵=0 阀=111111 速=+0,+0,+0.00 电=8.03V/2.12A/峰2.85 补余=0.0 IO错=0 倾+0.0 自动3/3
[  402.483] TLM t= 279.7 L1·A@-75 L2·A@-73 L3·A@-76 R1·A@-76 R2·A@-73 R3·A@-71 罐=无罐 泵=0 阀=111111 速=+0,+0,+0.00 电=8.01V/2.20A/峰2.85 补余=0.0 IO错=0 倾+0.0 自动3/3
[  402.988] TLM t= 280.2 L1·A@-74 L2·A@-72 L3·A@-76 R1·A@-76 R2·A@-72 R3·A@-70 罐=无罐 泵=0 阀=111111 速=+0,+0,+0.00 电=8.00V/2.12A/峰2.85 补余=0.0 IO错=0 倾+0.0 自动3/3
[  403.509] TLM t= 280.7 L1·A@-74 L2·A@-72 L3·A@-76 R1·A@-75 R2·A@-72 R3·A@-70 罐=无罐 泵=0 阀=111111 速=+0,+0,+0.00 电=8.01V/2.28A/峰2.85 补余=0.0 IO错=0 倾+0.0 自动3/3
[  404.011] TLM t= 281.2 L1·A@-74 L2·A@-71 L3·A@-75 R1·A@-75 R2·A@-72 R3·A@-69 罐=无罐 泵=0 阀=111111 速=+0,+0,+0.00 电=8.01V/2.12A/峰2.85 补余=0.0 IO错=0 倾+0.0 自动3/3
[  404.535] TLM t= 281.7 L1·A@-74 L2·A@-71 L3·A@-75 R1·A@-75 R2·A@-71 R3·A@-69 罐=无罐 泵=0 阀=111111 速=+0,+0,+0.00 电=8.00V/2.28A/峰2.85 补余=0.0 IO错=0 倾+0.0 自动3/3
[  405.038] TLM t= 282.2 L1·A@-74 L2·A@-71 L3·A@-75 R1·A@-75 R2·A@-71 R3·A@-68 罐=无罐 泵=0 阀=111111 速=+0,+0,+0.00 电=8.01V/2.20A/峰2.85 补余=0.0 IO错=0 倾+0.0 自动3/3
[  405.560] TLM t= 282.7 L1·A@-74 L2·A@-70 L3·A@-75 R1·A@-75 R2·A@-70 R3·A@-68 罐=无罐 泵=0 阀=111111 速=+0,+0,+0.00 电=8.01V/2.04A/峰2.85 补余=0.0 IO错=0 倾+0.0 自动3/3
[  406.065] TLM t= 283.2 L1·A@-74 L2·A@-70 L3·A@-75 R1·A@-75 R2·A@-70 R3·A@-67 罐=无罐 泵=0 阀=111111 速=+0,+0,+0.00 电=8.02V/2.20A/峰2.85 补余=0.0 IO错=0 倾+0.0 自动3/3
[  406.588] TLM t= 283.8 L1·A@-74 L2·A@-70 L3·A@-75 R1·A@-75 R2·A@-70 R3·A@-67 罐=无罐 泵=0 阀=111111 速=+0,+0,+0.00 电=8.02V/2.28A/峰2.85 补余=0.0 IO错=0 倾+0.0 自动3/3
[  407.092] TLM t= 284.3 L1·A@-73 L2·A@-69 L3·A@-75 R1·A@-75 R2·A@-69 R3·A@-66 罐=无罐 泵=0 阀=111111 速=+0,+0,+0.00 电=8.01V/2.28A/峰2.85 补余=0.0 IO错=0 倾+0.0 自动3/3
[  407.604] EVT 原地抬起受理：R2
[  407.616] TLM t= 284.8 L1·A@-73 L2·A@-69 L3·A@-75 R1·A@-75 R2·A@-69 R3·A@-65 罐=无罐 泵=0 阀=111111 速=+0,+0,+0.00 电=8.03V/2.20A/峰2.85 补余=0.0 IO错=0 倾+0.0 自动3/3
[  407.624] EVT 相位 R2 stance→handover
[  408.128] TLM t= 286.1 L1·A@-73 L2·A@-68 L3·A@-75 R1·A@-75 R2ZA@-69 R3·A@-65 罐=无罐 泵=0 阀=111111 速=+0,+0,+0.00 电=8.03V/2.20A/峰2.85 补余=0.0 IO错=0 倾+0.0 自动3/3
[  408.636] TLM t= 286.2 L1·A@-73 L2·A@-68 L3·A@-75 R1·A@-75 R2ZA@-68 R3·A@-64 罐=无罐 泵=0 阀=111111 速=+0,+0,+0.00 电=8.00V/2.28A/峰2.85 补余=0.0 IO错=0 倾+0.0 自动3/3
[  408.711] EVT 吸附 R2 attached→venting 在态98.56s -68.2kPa
[  408.711] EVT 相位 R2 handover→vent 落点Δ(+0.0,+0.0)
[  408.724] EVT 阀 R2 →排气位
[  409.010] EVT 相位 R2 vent→lift
[  409.132] EVT 吸附 R2 venting→released 在态0.42s -0.0kPa
[  409.147] TLM t= 286.2 L1·A@-73 L2·A@-68 L3·A@-75 R1·A@-75 R2Lr@-- R3·A@-64 罐=无罐 泵=0 阀=111101 速=+0,+0,+0.00 电=8.01V/2.36A/峰2.85 补余=0.0 IO错=0 倾+0.0 自动3/3
[  409.666] TLM t= 286.2 L1·A@-73 L2·A@-67 L3·A@-75 R1·A@-75 R2Lr@-- R3·A@-63 罐=无罐 泵=0 阀=111101 速=+0,+0,+0.00 电=7.99V/2.69A/峰2.85 补余=0.0 IO错=0 倾+0.0 自动3/3
[  409.857] EVT 相位 R2 lift→transfer
[  410.170] TLM t= 286.2 L1·A@-73 L2·A@-67 L3·A@-75 R1·A@-75 R2Tr@-- R3·A@-63 罐=无罐 泵=0 阀=111101 速=+0,+0,+0.00 电=7.98V/2.60A/峰2.85 补余=0.0 IO错=0 倾+0.0 自动3/3
[  410.474] EVT 相位 R2 transfer→hover
[  410.691] TLM t= 286.2 L1·A@-73 L2·A@-67 L3·A@-74 R1·A@-75 R2Hr@-- R3·A@-62 罐=无罐 泵=0 阀=111101 速=+0,+0,+0.00 电=7.99V/2.28A/峰2.85 补余=0.0 IO错=0 倾+0.0 自动3/3
[  411.193] TLM t= 286.2 L1·A@-73 L2·A@-66 L3·A@-74 R1·A@-75 R2Hr@-- R3·A@-62 罐=无罐 泵=0 阀=111101 速=+0,+0,+0.00 电=7.98V/2.28A/峰2.85 补余=0.0 IO错=0 倾+0.0 自动3/3
[  411.484] EVT 落地：R2
[  411.499] EVT 相位 R2 hover→descend
[  411.717] TLM t= 286.2 L1·A@-72 L2·A@-66 L3·A@-74 R1·A@-75 R2Dr@-- R3·A@-61 罐=无罐 泵=0 阀=111101 速=+0,+0,+0.00 电=7.99V/2.52A/峰2.85 补余=0.0 IO错=0 倾+0.0 自动3/3
[  411.984] EVT 相位 R2 descend→press
[  412.218] TLM t= 286.2 L1·A@-72 L2·A@-65 L3·A@-74 R1·A@-75 R2Pr@-- R3·A@-61 罐=无罐 泵=0 阀=111101 速=+0,+0,+0.00 电=7.99V/2.28A/峰2.85 补余=0.0 IO错=0 倾+0.0 自动3/3
[  412.744] TLM t= 286.2 L1·A@-72 L2·A@-65 L3·A@-74 R1·A@-75 R2Pr@-- R3·A@-60 罐=无罐 泵=0 阀=111101 速=+0,+0,+0.00 电=7.99V/2.36A/峰2.85 补余=0.0 IO错=0 倾+0.0 自动3/3
[  412.918] EVT 泵 开 最差盘压-60.0
[  413.191] EVT 吸附 R2 released→pressing 在态4.04s -0.0kPa
[  413.191] EVT 相位 R2 press→wait
[  413.247] TLM t= 286.2 L1·A@-72 L2·A@-65 L3·A@-74 R1·A@-75 R2Wp@-- R3·A@-63 罐=无罐 泵=1 阀=111101 速=+0,+0,+0.00 电=7.96V/2.36A/峰2.85 补余=0.0 IO错=0 倾+0.0 自动3/3
[  413.519] EVT 吸附 R2 pressing→sucking 在态0.32s -0.0kPa
[  413.520] EVT 阀 R2 →抽气位
[  413.768] TLM t= 286.2 L1·A@-72 L2·A@-73 L3·A@-74 R1·A@-75 R2Ws@-68 R3·A@-72 罐=无罐 泵=1 阀=111111 速=+0,+0,+0.00 电=8.00V/2.28A/峰2.85 补余=0.0 IO错=0 倾+0.0 自动3/3
[  413.821] EVT 吸附 R2 sucking→attached 在态0.30s -68.3kPa
[  413.823] EVT 相位 R2 wait→stance
[  413.823] EVT 抬落完成，轮到 L3
[  414.276] TLM t= 286.6 L1·A@-74 L2·A@-75 L3·A@-74 R1·A@-75 R2·A@-74 R3·A@-74 罐=无罐 泵=1 阀=111111 速=+0,+0,+0.00 电=8.00V/2.12A/峰2.85 补余=0.0 IO错=0 倾+0.0 自动3/3
[  414.505] EVT 泵 停 最差盘压-75.6
[  414.794] TLM t= 287.2 L1·A@-77 L2·A@-77 L3·A@-77 R1·A@-76 R2·A@-76 R3·A@-77 罐=无罐 泵=0 阀=111111 速=+0,+0,+0.00 电=7.99V/2.52A/峰2.85 补余=0.0 IO错=0 倾+0.0 自动3/3
[  415.298] TLM t= 287.7 L1·A@-77 L2·A@-76 L3·A@-77 R1·A@-76 R2·A@-75 R3·A@-76 罐=无罐 泵=0 阀=111111 速=+0,+0,+0.00 电=7.99V/2.44A/峰2.85 补余=0.0 IO错=0 倾+0.0 自动3/3
[  415.819] TLM t= 288.2 L1·A@-76 L2·A@-76 L3·A@-76 R1·A@-76 R2·A@-75 R3·A@-75 罐=无罐 泵=0 阀=111111 速=+0,+0,+0.00 电=8.01V/2.36A/峰2.85 补余=0.0 IO错=0 倾+0.0 自动3/3
[  416.321] TLM t= 288.7 L1·A@-76 L2·A@-75 L3·A@-76 R1·A@-76 R2·A@-74 R3·A@-75 罐=无罐 泵=0 阀=111111 速=+0,+0,+0.00 电=8.01V/2.36A/峰2.85 补余=0.0 IO错=0 倾+0.0 自动3/3
[  416.843] TLM t= 289.2 L1·A@-76 L2·A@-75 L3·A@-76 R1·A@-76 R2·A@-74 R3·A@-74 罐=无罐 泵=0 阀=111111 速=+0,+0,+0.00 电=8.00V/2.36A/峰2.85 补余=0.0 IO错=0 倾+0.0 自动3/3
[  417.349] TLM t= 289.7 L1·A@-76 L2·A@-75 L3·A@-76 R1·A@-76 R2·A@-73 R3·A@-74 罐=无罐 泵=0 阀=111111 速=+0,+0,+0.00 电=8.01V/2.36A/峰2.85 补余=0.0 IO错=0 倾+0.0 自动3/3
[  417.869] TLM t= 290.2 L1·A@-76 L2·A@-74 L3·A@-76 R1·A@-76 R2·A@-73 R3·A@-73 罐=无罐 泵=0 阀=111111 速=+0,+0,+0.00 电=8.00V/2.36A/峰2.85 补余=0.0 IO错=0 倾+0.0 自动3/3
[  418.373] TLM t= 290.7 L1·A@-76 L2·A@-74 L3·A@-76 R1·A@-76 R2·A@-73 R3·A@-72 罐=无罐 泵=0 阀=111111 速=+0,+0,+0.00 电=8.01V/2.36A/峰2.85 补余=0.0 IO错=0 倾+0.0 自动3/3
[  418.898] TLM t= 291.2 L1·A@-76 L2·A@-73 L3·A@-76 R1·A@-76 R2·A@-72 R3·A@-72 罐=无罐 泵=0 阀=111111 速=+0,+0,+0.00 电=7.98V/2.36A/峰2.85 补余=0.0 IO错=0 倾+0.0 自动3/3
[  419.401] TLM t= 291.7 L1·A@-76 L2·A@-73 L3·A@-76 R1·A@-76 R2·A@-72 R3·A@-71 罐=无罐 泵=0 阀=111111 速=+0,+0,+0.00 电=8.00V/2.28A/峰2.85 补余=0.0 IO错=0 倾+0.0 自动3/3
[  419.922] TLM t= 292.3 L1·A@-75 L2·A@-73 L3·A@-76 R1·A@-76 R2·A@-72 R3·A@-71 罐=无罐 泵=0 阀=111111 速=+0,+0,+0.00 电=7.98V/2.20A/峰2.85 补余=0.0 IO错=0 倾+0.0 自动3/3
[  420.438] TLM t= 292.8 L1·A@-75 L2·A@-72 L3·A@-76 R1·A@-76 R2·A@-71 R3·A@-70 罐=无罐 泵=0 阀=111111 速=+0,+0,+0.00 电=8.00V/2.44A/峰2.85 补余=0.0 IO错=0 倾+0.0 自动3/3
[  420.942] TLM t= 293.3 L1·A@-75 L2·A@-72 L3·A@-76 R1·A@-75 R2·A@-71 R3·A@-70 罐=无罐 泵=0 阀=111111 速=+0,+0,+0.00 电=8.00V/2.36A/峰2.85 补余=0.0 IO错=0 倾+0.0 自动3/3
[  421.464] TLM t= 293.8 L1·A@-75 L2·A@-71 L3·A@-76 R1·A@-75 R2·A@-70 R3·A@-69 罐=无罐 泵=0 阀=111111 速=+0,+0,+0.00 电=8.00V/2.52A/峰2.85 补余=0.0 IO错=0 倾+0.0 自动3/3
[  421.965] TLM t= 294.3 L1·A@-75 L2·A@-71 L3·A@-76 R1·A@-75 R2·A@-70 R3·A@-69 罐=无罐 泵=0 阀=111111 速=+0,+0,+0.00 电=8.00V/2.28A/峰2.85 补余=0.0 IO错=0 倾+0.0 自动3/3
[  422.490] TLM t= 294.8 L1·A@-75 L2·A@-71 L3·A@-76 R1·A@-75 R2·A@-70 R3·A@-68 罐=无罐 泵=0 阀=111111 速=+0,+0,+0.00 电=8.00V/2.36A/峰2.85 补余=0.0 IO错=0 倾+0.0 自动3/3
[  422.988] TLM t= 295.3 L1·A@-75 L2·A@-70 L3·A@-75 R1·A@-75 R2·A@-69 R3·A@-67 罐=无罐 泵=0 阀=111111 速=+0,+0,+0.00 电=7.98V/2.12A/峰2.85 补余=0.0 IO错=0 倾+0.0 自动3/3
[  423.508] TLM t= 295.8 L1·A@-75 L2·A@-70 L3·A@-75 R1·A@-75 R2·A@-69 R3·A@-67 罐=无罐 泵=0 阀=111111 速=+0,+0,+0.00 电=8.01V/2.20A/峰2.85 补余=0.0 IO错=0 倾+0.0 自动3/3
[  423.864] EVT 原地抬起受理：L3
[  423.884] EVT 相位 L3 stance→handover
[  424.013] TLM t= 297.1 L1·A@-75 L2·A@-69 L3ZA@-75 R1·A@-75 R2·A@-69 R3·A@-66 罐=无罐 泵=0 阀=111111 速=+0,+0,+0.00 电=7.99V/2.44A/峰2.85 补余=0.0 IO错=0 倾+0.0 自动3/3
[  424.537] TLM t= 297.6 L1·A@-74 L2·A@-69 L3ZA@-75 R1·A@-75 R2·A@-68 R3·A@-66 罐=无罐 泵=0 阀=111111 速=+0,+0,+0.00 电=8.02V/1.87A/峰2.85 补余=0.0 IO错=0 倾+0.0 自动3/3
[  425.036] TLM t= 297.6 L1·A@-74 L2·A@-69 L3ZA@-75 R1·A@-75 R2·A@-68 R3·A@-65 罐=无罐 泵=0 阀=111111 速=+0,+0,+0.00 电=8.01V/1.95A/峰2.85 补余=0.0 IO错=0 倾+0.0 自动3/3
[  425.332] EVT 吸附 L3 attached→venting 在态98.56s -75.2kPa
[  425.332] EVT 相位 L3 handover→vent 落点Δ(+0.0,+0.0)
[  425.345] EVT 阀 L3 →排气位
[  425.561] TLM t= 297.6 L1·A@-74 L2·A@-68 L3Vv@-75 R1·A@-75 R2·A@-67 R3·A@-65 罐=无罐 泵=0 阀=110111 速=+0,+0,+0.00 电=8.00V/1.87A/峰2.85 补余=0.0 IO错=0 倾+0.0 自动3/3
[  425.631] EVT 相位 L3 vent→lift
[  425.753] EVT 吸附 L3 venting→released 在态0.42s 0.1kPa
[  426.074] TLM t= 297.6 L1·A@-74 L2·A@-68 L3Lr@-- R1·A@-75 R2·A@-67 R3·A@-64 罐=无罐 泵=0 阀=110111 速=+0,+0,+0.00 电=8.00V/2.04A/峰2.85 补余=0.0 IO错=0 倾+0.0 自动3/3
[  426.473] EVT 相位 L3 lift→transfer
[  426.585] TLM t= 297.6 L1·A@-74 L2·A@-68 L3Tr@-- R1·A@-75 R2·A@-67 R3·A@-64 罐=无罐 泵=0 阀=110111 速=+0,+0,+0.00 电=7.96V/2.52A/峰2.85 补余=0.0 IO错=0 倾+0.0 自动3/3
[  427.090] EVT 相位 L3 transfer→hover
[  427.104] TLM t= 297.6 L1·A@-74 L2·A@-67 L3Hr@-- R1·A@-75 R2·A@-66 R3·A@-63 罐=无罐 泵=0 阀=110111 速=+0,+0,+0.00 电=8.00V/2.44A/峰2.85 补余=0.0 IO错=0 倾+0.0 自动3/3
[  427.607] TLM t= 297.6 L1·A@-74 L2·A@-67 L3Hr@-- R1·A@-75 R2·A@-66 R3·A@-63 罐=无罐 泵=0 阀=110111 速=+0,+0,+0.00 电=8.00V/2.04A/峰2.85 补余=0.0 IO错=0 倾+0.0 自动3/3
[  428.097] EVT 落地：L3
[  428.106] TLM t= 297.6 L1·A@-74 L2·A@-66 L3Dr@-- R1·A@-75 R2·A@-66 R3·A@-62 罐=无罐 泵=0 阀=110111 速=+0,+0,+0.00 电=8.00V/2.12A/峰2.85 补余=0.0 IO错=0 倾+0.0 自动3/3
[  428.112] EVT 相位 L3 hover→descend
[  428.594] EVT 相位 L3 descend→press
[  428.631] TLM t= 297.6 L1·A@-74 L2·A@-66 L3Pr@-- R1·A@-75 R2·A@-65 R3·A@-62 罐=无罐 泵=0 阀=110111 速=+0,+0,+0.00 电=8.00V/2.12A/峰2.85 补余=0.0 IO错=0 倾+0.0 自动3/3
[  429.144] TLM t= 297.6 L1·A@-74 L2·A@-66 L3Pr@-- R1·A@-75 R2·A@-65 R3·A@-61 罐=无罐 泵=0 阀=110111 速=+0,+0,+0.00 电=8.00V/2.04A/峰2.85 补余=0.0 IO错=0 倾+0.0 自动3/3
[  429.655] TLM t= 297.6 L1·A@-73 L2·A@-65 L3Pr@-- R1·A@-74 R2·A@-65 R3·A@-60 罐=无罐 泵=0 阀=110111 速=+0,+0,+0.00 电=8.00V/2.12A/峰2.85 补余=0.0 IO错=0 倾+0.0 自动3/3
[  429.797] EVT 吸附 L3 released→pressing 在态4.04s 0.1kPa
[  429.797] EVT 相位 L3 press→wait
[  430.125] EVT 吸附 L3 pressing→sucking 在态0.32s 0.1kPa
[  430.126] EVT 阀 L3 →抽气位
[  430.146] EVT 泵 开 最差盘压-59.9
[  430.157] TLM t= 297.6 L1·A@-73 L2·A@-65 L3Ws@-3 R1·A@-74 R2·A@-64 R3·A@-60 罐=无罐 泵=1 阀=111111 速=+0,+0,+0.00 电=7.87V/1.95A/峰2.85 补余=0.0 IO错=0 倾+0.0 自动3/3
[  430.421] EVT 吸附 L3 sucking→attached 在态0.30s -44.3kPa
[  430.427] EVT 相位 L3 wait→stance
[  430.427] EVT 抬落完成，轮到 R1
[  430.675] TLM t= 297.8 L1·A@-73 L2·A@-65 L3·A@-62 R1·A@-74 R2·A@-65 R3·A@-63 罐=无罐 泵=1 阀=111111 速=+0,+0,+0.00 电=7.99V/1.95A/峰2.85 补余=0.0 IO错=0 倾+0.0 自动3/3
[  431.179] TLM t= 298.3 L1·A@-74 L2·A@-74 L3·A@-74 R1·A@-74 R2·A@-74 R3·A@-74 罐=无罐 泵=1 阀=111111 速=+0,+0,+0.00 电=7.96V/2.04A/峰2.85 补余=0.0 IO错=0 倾+0.0 自动3/3
[  431.396] EVT 泵 停 最差盘压-75.1
[  431.678] TLM t= 298.8 L1·A@-76 L2·A@-76 L3·A@-76 R1·A@-76 R2·A@-76 R3·A@-76 罐=无罐 泵=0 阀=111111 速=+0,+0,+0.00 电=8.01V/2.04A/峰2.85 补余=0.0 IO错=0 倾+0.0 自动3/3
[  432.185] TLM t= 299.3 L1·A@-76 L2·A@-76 L3·A@-76 R1·A@-76 R2·A@-75 R3·A@-76 罐=无罐 泵=0 阀=111111 速=+0,+0,+0.00 电=8.01V/2.04A/峰2.85 补余=0.0 IO错=0 倾+0.0 自动3/3
[  432.688] TLM t= 299.8 L1·A@-76 L2·A@-75 L3·A@-76 R1·A@-76 R2·A@-75 R3·A@-75 罐=无罐 泵=0 阀=111111 速=+0,+0,+0.00 电=8.00V/2.20A/峰2.85 补余=0.0 IO错=0 倾+0.0 自动3/3
[  433.209] TLM t= 300.4 L1·A@-76 L2·A@-75 L3·A@-76 R1·A@-75 R2·A@-75 R3·A@-74 罐=无罐 泵=0 阀=111111 速=+0,+0,+0.00 电=8.00V/2.04A/峰2.85 补余=0.0 IO错=0 倾+0.0 自动3/3
[  433.713] TLM t= 300.9 L1·A@-76 L2·A@-75 L3·A@-75 R1·A@-75 R2·A@-74 R3·A@-74 罐=无罐 泵=0 阀=111111 速=+0,+0,+0.00 电=7.99V/2.04A/峰2.85 补余=0.0 IO错=0 倾+0.0 自动3/3
[  434.236] TLM t= 301.4 L1·A@-76 L2·A@-74 L3·A@-75 R1·A@-75 R2·A@-74 R3·A@-73 罐=无罐 泵=0 阀=111111 速=+0,+0,+0.00 电=8.00V/2.04A/峰2.85 补余=0.0 IO错=0 倾+0.0 自动3/3
[  434.736] TLM t= 301.9 L1·A@-76 L2·A@-74 L3·A@-75 R1·A@-75 R2·A@-73 R3·A@-73 罐=无罐 泵=0 阀=111111 速=+0,+0,+0.00 电=8.01V/2.12A/峰2.85 补余=0.0 IO错=0 倾+0.0 自动3/3
[  435.261] TLM t= 302.4 L1·A@-75 L2·A@-73 L3·A@-75 R1·A@-75 R2·A@-73 R3·A@-72 罐=无罐 泵=0 阀=111111 速=+0,+0,+0.00 电=8.02V/2.04A/峰2.85 补余=0.0 IO错=0 倾+0.0 自动3/3
[  435.766] TLM t= 302.9 L1·A@-75 L2·A@-73 L3·A@-75 R1·A@-75 R2·A@-73 R3·A@-71 罐=无罐 泵=0 阀=111111 速=+0,+0,+0.00 电=8.01V/2.04A/峰2.85 补余=0.0 IO错=0 倾+0.0 自动3/3
[  436.288] TLM t= 303.4 L1·A@-75 L2·A@-73 L3·A@-75 R1·A@-75 R2·A@-72 R3·A@-71 罐=无罐 泵=0 阀=111111 速=+0,+0,+0.00 电=8.02V/2.20A/峰2.85 补余=0.0 IO错=0 倾+0.0 自动3/3
[  436.792] TLM t= 303.9 L1·A@-75 L2·A@-72 L3·A@-74 R1·A@-75 R2·A@-72 R3·A@-70 罐=无罐 泵=0 阀=111111 速=+0,+0,+0.00 电=8.01V/2.12A/峰2.85 补余=0.0 IO错=0 倾+0.0 自动3/3
[  437.317] TLM t= 304.4 L1·A@-75 L2·A@-72 L3·A@-74 R1·A@-75 R2·A@-71 R3·A@-70 罐=无罐 泵=0 阀=111111 速=+0,+0,+0.00 电=8.00V/2.28A/峰2.85 补余=0.0 IO错=0 倾+0.0 自动3/3
[  437.817] TLM t= 304.9 L1·A@-75 L2·A@-71 L3·A@-74 R1·A@-75 R2·A@-71 R3·A@-69 罐=无罐 泵=0 阀=111111 速=+0,+0,+0.00 电=8.01V/2.04A/峰2.85 补余=0.0 IO错=0 倾+0.0 自动3/3
[  438.341] TLM t= 305.5 L1·A@-75 L2·A@-71 L3·A@-74 R1·A@-75 R2·A@-71 R3·A@-69 罐=无罐 泵=0 阀=111111 速=+0,+0,+0.00 电=8.01V/1.95A/峰2.85 补余=0.0 IO错=0 倾+0.0 自动3/3
[  438.848] TLM t= 306.0 L1·A@-75 L2·A@-71 L3·A@-74 R1·A@-75 R2·A@-70 R3·A@-68 罐=无罐 泵=0 阀=111111 速=+0,+0,+0.00 电=8.01V/2.12A/峰2.85 补余=0.0 IO错=0 倾+0.0 自动3/3
[  439.370] TLM t= 306.5 L1·A@-75 L2·A@-70 L3·A@-74 R1·A@-74 R2·A@-70 R3·A@-68 罐=无罐 泵=0 阀=111111 速=+0,+0,+0.00 电=8.01V/2.12A/峰2.85 补余=0.0 IO错=0 倾+0.0 自动3/3
[  439.873] TLM t= 307.0 L1·A@-74 L2·A@-70 L3·A@-74 R1·A@-74 R2·A@-70 R3·A@-67 罐=无罐 泵=0 阀=111111 速=+0,+0,+0.00 电=8.01V/2.04A/峰2.85 补余=0.0 IO错=0 倾+0.0 自动3/3
[  440.398] TLM t= 307.5 L1·A@-74 L2·A@-69 L3·A@-74 R1·A@-74 R2·A@-69 R3·A@-67 罐=无罐 泵=0 阀=111111 速=+0,+0,+0.00 电=8.01V/2.04A/峰2.85 补余=0.0 IO错=0 倾+0.0 自动3/3
[  440.474] EVT 原地抬起受理：R1
[  440.487] EVT 相位 R1 stance→handover
[  440.902] TLM t= 308.8 L1·A@-74 L2·A@-69 L3·A@-73 R1ZA@-74 R2·A@-69 R3·A@-66 罐=无罐 泵=0 阀=111111 速=+0,+0,+0.00 电=8.04V/1.63A/峰2.85 补余=0.0 IO错=0 倾+0.0 自动3/3
[  441.430] TLM t= 309.0 L1·A@-74 L2·A@-69 L3·A@-73 R1ZA@-74 R2·A@-69 R3·A@-66 罐=无罐 泵=0 阀=111111 速=+0,+0,+0.00 电=8.03V/1.63A/峰2.85 补余=0.0 IO错=0 倾+0.0 自动3/3
[  441.937] TLM t= 309.0 L1·A@-74 L2·A@-68 L3·A@-73 R1ZA@-74 R2·A@-68 R3·A@-65 罐=无罐 泵=0 阀=111111 速=+0,+0,+0.00 电=8.02V/1.87A/峰2.85 补余=0.0 IO错=0 倾+0.0 自动3/3
[  442.145] EVT 吸附 R1 attached→venting 在态98.52s -74.1kPa
[  442.146] EVT 相位 R1 handover→vent 落点Δ(+0.0,+0.0)
[  442.166] EVT 阀 R1 →排气位
[  442.444] EVT 相位 R1 vent→lift
[  442.454] TLM t= 309.0 L1·A@-74 L2·A@-68 L3·A@-73 R1Lv@-74 R2·A@-68 R3·A@-65 罐=无罐 泵=0 阀=111011 速=+0,+0,+0.00 电=8.01V/1.87A/峰2.85 补余=0.0 IO错=0 倾+0.0 自动3/3
[  442.566] EVT 吸附 R1 venting→released 在态0.42s 0.0kPa
[  442.968] TLM t= 309.0 L1·A@-74 L2·A@-68 L3·A@-73 R1Lr@-- R2·A@-68 R3·A@-64 罐=无罐 泵=0 阀=111011 速=+0,+0,+0.00 电=8.00V/1.87A/峰2.85 补余=0.0 IO错=0 倾+0.0 自动3/3
[  443.287] EVT 相位 R1 lift→transfer
[  443.478] TLM t= 309.0 L1·A@-74 L2·A@-67 L3·A@-73 R1Tr@-- R2·A@-67 R3·A@-64 罐=无罐 泵=0 阀=111011 速=+0,+0,+0.00 电=7.99V/2.36A/峰2.85 补余=0.0 IO错=0 倾+0.0 自动3/3
[  443.912] EVT 相位 R1 transfer→hover
[  443.979] TLM t= 309.0 L1·A@-74 L2·A@-67 L3·A@-73 R1Hr@-- R2·A@-67 R3·A@-63 罐=无罐 泵=0 阀=111011 速=+0,+0,+0.00 电=8.01V/2.04A/峰2.85 补余=0.0 IO错=0 倾+0.0 自动3/3
[  444.500] TLM t= 309.0 L1·A@-74 L2·A@-66 L3·A@-73 R1Hr@-- R2·A@-67 R3·A@-63 罐=无罐 泵=0 阀=111011 速=+0,+0,+0.00 电=8.00V/1.95A/峰2.85 补余=0.0 IO错=0 倾+0.0 自动3/3
[  444.912] EVT 落地：R1
[  444.935] EVT 相位 R1 hover→descend
[  445.004] TLM t= 309.0 L1·A@-74 L2·A@-66 L3·A@-73 R1Dr@-- R2·A@-66 R3·A@-62 罐=无罐 泵=0 阀=111011 速=+0,+0,+0.00 电=7.99V/2.04A/峰2.85 补余=0.0 IO错=0 倾+0.0 自动3/3
[  445.416] EVT 相位 R1 descend→press
[  445.522] TLM t= 309.0 L1·A@-73 L2·A@-66 L3·A@-73 R1Pr@-- R2·A@-66 R3·A@-62 罐=无罐 泵=0 阀=111011 速=+0,+0,+0.00 电=8.00V/2.04A/峰2.85 补余=0.0 IO错=0 倾+0.0 自动3/3
[  446.028] TLM t= 309.0 L1·A@-73 L2·A@-65 L3·A@-73 R1Pr@-- R2·A@-66 R3·A@-61 罐=无罐 泵=0 阀=111011 速=+0,+0,+0.00 电=7.99V/2.04A/峰2.85 补余=0.0 IO错=0 倾+0.0 自动3/3
[  446.545] TLM t= 309.0 L1·A@-73 L2·A@-65 L3·A@-73 R1Pr@-- R2·A@-65 R3·A@-61 罐=无罐 泵=0 阀=111011 速=+0,+0,+0.00 电=7.99V/2.04A/峰2.85 补余=0.0 IO错=0 倾+0.0 自动3/3
[  446.625] EVT 吸附 R1 released→pressing 在态4.04s 0.0kPa
[  446.625] EVT 相位 R1 press→wait
[  446.938] EVT 吸附 R1 pressing→sucking 在态0.32s 0.0kPa
[  446.939] EVT 阀 R1 →抽气位
[  446.966] EVT 泵 开 最差盘压-60.1
[  447.055] TLM t= 309.0 L1·A@-73 L2·A@-65 L3·A@-72 R1Ws@-13 R2·A@-65 R3·A@-60 罐=无罐 泵=1 阀=111111 速=+0,+0,+0.00 电=7.98V/1.79A/峰2.85 补余=0.0 IO错=0 倾+0.0 自动3/3
[  447.299] EVT 吸附 R1 sucking→attached 在态0.36s -55.6kPa
[  447.300] EVT 相位 R1 wait→stance
[  447.300] EVT 抬落完成，轮到 L2
[  447.578] TLM t= 309.3 L1·A@-73 L2·A@-69 L3·A@-72 R1·A@-68 R2·A@-69 R3·A@-67 罐=无罐 泵=1 阀=111111 速=+0,+0,+0.00 电=7.93V/2.04A/峰2.85 补余=0.0 IO错=0 倾+0.0 自动3/3
[  448.081] TLM t= 309.8 L1·A@-75 L2·A@-76 L3·A@-75 R1·A@-75 R2·A@-75 R3·A@-75 罐=无罐 泵=1 阀=111111 速=+0,+0,+0.00 电=7.96V/2.04A/峰2.85 补余=0.0 IO错=0 倾+0.0 自动3/3
[  448.112] EVT 泵 停 最差盘压-75.1
[  448.603] TLM t= 310.3 L1·A@-76 L2·A@-76 L3·A@-76 R1·A@-75 R2·A@-75 R3·A@-76 罐=无罐 泵=0 阀=111111 速=+0,+0,+0.00 电=8.02V/1.95A/峰2.85 补余=0.0 IO错=0 倾+0.0 自动3/3
[  449.104] TLM t= 310.8 L1·A@-76 L2·A@-76 L3·A@-76 R1·A@-75 R2·A@-75 R3·A@-75 罐=无罐 泵=0 阀=111111 速=+0,+0,+0.00 电=8.01V/1.79A/峰2.85 补余=0.0 IO错=0 倾+0.0 自动3/3
[  449.627] TLM t= 311.3 L1·A@-76 L2·A@-75 L3·A@-76 R1·A@-75 R2·A@-75 R3·A@-75 罐=无罐 泵=0 阀=111111 速=+0,+0,+0.00 电=8.01V/1.95A/峰2.85 补余=0.0 IO错=0 倾+0.0 自动3/3
[  450.132] TLM t= 311.8 L1·A@-76 L2·A@-75 L3·A@-76 R1·A@-75 R2·A@-74 R3·A@-74 罐=无罐 泵=0 阀=111111 速=+0,+0,+0.00 电=8.02V/2.04A/峰2.85 补余=0.0 IO错=0 倾+0.0 自动3/3
[  450.652] TLM t= 312.3 L1·A@-76 L2·A@-74 L3·A@-76 R1·A@-75 R2·A@-74 R3·A@-73 罐=无罐 泵=0 阀=111111 速=+0,+0,+0.00 电=8.02V/1.87A/峰2.85 补余=0.0 IO错=0 倾+0.0 自动3/3
[  451.154] TLM t= 312.8 L1·A@-76 L2·A@-74 L3·A@-76 R1·A@-75 R2·A@-73 R3·A@-73 罐=无罐 泵=0 阀=111111 速=+0,+0,+0.00 电=8.01V/1.95A/峰2.85 补余=0.0 IO错=0 倾+0.0 自动3/3
[  451.675] TLM t= 313.3 L1·A@-75 L2·A@-74 L3·A@-76 R1·A@-75 R2·A@-73 R3·A@-72 罐=无罐 泵=0 阀=111111 速=+0,+0,+0.00 电=8.01V/1.95A/峰2.85 补余=0.0 IO错=0 倾+0.0 自动3/3
[  452.179] TLM t= 313.8 L1·A@-75 L2·A@-73 L3·A@-76 R1·A@-75 R2·A@-73 R3·A@-72 罐=无罐 泵=0 阀=111111 速=+0,+0,+0.00 电=8.01V/2.04A/峰2.85 补余=0.0 IO错=0 倾+0.0 自动3/3
[  452.705] TLM t= 314.4 L1·A@-75 L2·A@-73 L3·A@-75 R1·A@-75 R2·A@-72 R3·A@-71 罐=无罐 泵=0 阀=111111 速=+0,+0,+0.00 电=8.01V/1.87A/峰2.85 补余=0.0 IO错=0 倾+0.0 自动3/3
[  453.208] TLM t= 314.9 L1·A@-75 L2·A@-72 L3·A@-75 R1·A@-75 R2·A@-72 R3·A@-71 罐=无罐 泵=0 阀=111111 速=+0,+0,+0.00 电=8.02V/2.04A/峰2.85 补余=0.0 IO错=0 倾+0.0 自动3/3
[  453.730] TLM t= 315.4 L1·A@-75 L2·A@-72 L3·A@-75 R1·A@-75 R2·A@-72 R3·A@-70 罐=无罐 泵=0 阀=111111 速=+0,+0,+0.00 电=8.01V/1.95A/峰2.85 补余=0.0 IO错=0 倾+0.0 自动3/3
[  454.234] TLM t= 315.9 L1·A@-75 L2·A@-72 L3·A@-75 R1·A@-75 R2·A@-71 R3·A@-70 罐=无罐 泵=0 阀=111111 速=+0,+0,+0.00 电=8.01V/1.95A/峰2.85 补余=0.0 IO错=0 倾+0.0 自动3/3
[  454.754] TLM t= 316.4 L1·A@-75 L2·A@-71 L3·A@-75 R1·A@-75 R2·A@-71 R3·A@-69 罐=无罐 泵=0 阀=111111 速=+0,+0,+0.00 电=8.01V/1.95A/峰2.85 补余=0.0 IO错=0 倾+0.0 自动3/3
[  455.258] TLM t= 316.9 L1·A@-75 L2·A@-71 L3·A@-75 R1·A@-75 R2·A@-71 R3·A@-68 罐=无罐 泵=0 阀=111111 速=+0,+0,+0.00 电=8.01V/1.95A/峰2.85 补余=0.0 IO错=0 倾+0.0 自动3/3
[  455.778] TLM t= 317.4 L1·A@-75 L2·A@-70 L3·A@-75 R1·A@-75 R2·A@-70 R3·A@-68 罐=无罐 泵=0 阀=111111 速=+0,+0,+0.00 电=8.01V/1.95A/峰2.85 补余=0.0 IO错=0 倾+0.0 自动3/3
[  456.281] TLM t= 317.9 L1·A@-74 L2·A@-70 L3·A@-75 R1·A@-75 R2·A@-70 R3·A@-67 罐=无罐 泵=0 阀=111111 速=+0,+0,+0.00 电=8.01V/1.95A/峰2.85 补余=0.0 IO错=0 倾+0.0 自动3/3
[  456.810] TLM t= 318.4 L1·A@-74 L2·A@-70 L3·A@-75 R1·A@-74 R2·A@-70 R3·A@-67 罐=无罐 泵=0 阀=111111 速=+0,+0,+0.00 电=8.01V/1.95A/峰2.85 补余=0.0 IO错=0 倾+0.0 自动3/3
[  457.315] TLM t= 318.9 L1·A@-74 L2·A@-69 L3·A@-75 R1·A@-74 R2·A@-69 R3·A@-66 罐=无罐 泵=0 阀=111111 速=+0,+0,+0.00 电=8.00V/2.04A/峰2.85 补余=0.0 IO错=0 倾+0.0 自动3/3
[  457.327] EVT 原地抬起受理：L2
[  457.339] EVT 相位 L2 stance→handover
[  457.817] TLM t= 320.3 L1·A@-74 L2ZA@-69 L3·A@-75 R1·A@-74 R2·A@-69 R3·A@-66 罐=无罐 泵=0 阀=111111 速=+0,+0,+0.00 电=8.01V/1.87A/峰2.85 补余=0.0 IO错=0 倾+0.0 自动3/3
[  458.340] TLM t= 320.4 L1·A@-74 L2ZA@-68 L3·A@-75 R1·A@-74 R2·A@-68 R3·A@-65 罐=无罐 泵=0 阀=111111 速=+0,+0,+0.00 电=7.98V/2.44A/峰2.85 补余=0.0 IO错=0 倾+0.0 自动3/3
[  458.531] EVT 吸附 L2 attached→venting 在态98.50s -68.3kPa
[  458.532] EVT 相位 L2 handover→vent 落点Δ(+0.0,+0.0)
[  458.545] EVT 阀 L2 →排气位
[  458.830] EVT 相位 L2 vent→lift
[  458.842] TLM t= 320.4 L1·A@-74 L2Lv@-68 L3·A@-75 R1·A@-74 R2·A@-68 R3·A@-65 罐=无罐 泵=0 阀=101111 速=+0,+0,+0.00 电=8.00V/2.12A/峰2.85 补余=0.0 IO错=0 倾+0.0 自动3/3
[  458.952] EVT 吸附 L2 venting→released 在态0.42s 0.3kPa
[  459.362] TLM t= 320.4 L1·A@-74 L2Lr@-- L3·A@-75 R1·A@-74 R2·A@-68 R3·A@-64 罐=无罐 泵=0 阀=101111 速=+0,+0,+0.00 电=7.98V/2.36A/峰2.85 补余=0.0 IO错=0 倾+0.0 自动3/3
[  459.673] EVT 相位 L2 lift→transfer
[  459.877] TLM t= 320.4 L1·A@-74 L2Tr@-- L3·A@-75 R1·A@-74 R2·A@-67 R3·A@-64 罐=无罐 泵=0 阀=101111 速=+0,+0,+0.00 电=7.99V/2.60A/峰2.85 补余=0.0 IO错=0 倾+0.0 自动3/3
[  460.289] EVT 相位 L2 transfer→hover
[  460.384] TLM t= 320.4 L1·A@-74 L2Hr@-- L3·A@-74 R1·A@-74 R2·A@-67 R3·A@-63 罐=无罐 泵=0 阀=101111 速=+0,+0,+0.00 电=7.99V/2.28A/峰2.85 补余=0.0 IO错=0 倾+0.0 自动3/3
[  460.900] TLM t= 320.4 L1·A@-74 L2Hr@-- L3·A@-74 R1·A@-74 R2·A@-67 R3·A@-62 罐=无罐 泵=0 阀=101111 速=+0,+0,+0.00 电=7.98V/2.28A/峰2.85 补余=0.0 IO错=0 倾+0.0 自动3/3
[  461.297] EVT 落地：L2
[  461.312] EVT 相位 L2 hover→descend
[  461.409] TLM t= 320.4 L1·A@-74 L2Dr@-- L3·A@-74 R1·A@-74 R2·A@-66 R3·A@-62 罐=无罐 泵=0 阀=101111 速=+0,+0,+0.00 电=7.98V/2.36A/峰2.85 补余=0.0 IO错=0 倾+0.0 自动3/3
[  461.794] EVT 相位 L2 descend→press
[  461.921] TLM t= 320.4 L1·A@-73 L2Pr@-- L3·A@-74 R1·A@-74 R2·A@-66 R3·A@-61 罐=无罐 泵=0 阀=101111 速=+0,+0,+0.00 电=7.98V/2.44A/峰2.85 补余=0.0 IO错=0 倾+0.0 自动3/3
[  462.432] TLM t= 320.4 L1·A@-73 L2Pr@-- L3·A@-74 R1·A@-74 R2·A@-66 R3·A@-61 罐=无罐 泵=0 阀=101111 速=+0,+0,+0.00 电=7.97V/2.36A/峰2.85 补余=0.0 IO错=0 倾+0.0 自动3/3
[  462.946] TLM t= 320.4 L1·A@-73 L2Pr@-- L3·A@-74 R1·A@-74 R2·A@-65 R3·A@-60 罐=无罐 泵=0 阀=101111 速=+0,+0,+0.00 电=7.97V/2.36A/峰2.85 补余=0.0 IO错=0 倾+0.0 自动3/3
[  462.997] EVT 吸附 L2 released→pressing 在态4.04s 0.3kPa
[  462.997] EVT 相位 L2 press→wait
[  463.325] EVT 吸附 L2 pressing→sucking 在态0.32s 0.3kPa
[  463.326] EVT 阀 L2 →抽气位
[  463.346] EVT 泵 开 最差盘压-60.0
[  463.457] TLM t= 320.4 L1·A@-73 L2Ws@-29 L3·A@-74 R1·A@-74 R2·A@-65 R3·A@-60 罐=无罐 泵=1 阀=111111 速=+0,+0,+0.00 电=7.93V/2.52A/峰2.85 补余=0.0 IO错=0 倾+0.0 自动3/3
[  463.681] EVT 吸附 L2 sucking→attached 在态0.36s -56.3kPa
[  463.687] EVT 相位 L2 wait→stance
[  463.687] EVT 抬落完成，轮到 R3
[  463.687] EVT 自动轮换：第 3 轮完成
[  463.954] TLM t= 320.7 L1·A@-73 L2·A@-69 L3·A@-74 R1·A@-74 R2·A@-69 R3·A@-68 罐=无罐 泵=1 阀=111111 速=+0,+0,+0.00 电=7.95V/2.20A/峰2.85 补余=0.0 IO错=0 倾+0.0 自动3/3
[  464.477] TLM t= 321.2 L1·A@-76 L2·A@-76 L3·A@-76 R1·A@-75 R2·A@-76 R3·A@-76 罐=无罐 泵=1 阀=111111 速=+0,+0,+0.00 电=7.92V/2.36A/峰2.85 补余=0.0 IO错=0 倾+0.0 自动3/3
[  464.489] EVT 泵 停 最差盘压-75.4
[  464.980] TLM t= 321.7 L1·A@-76 L2·A@-76 L3·A@-76 R1·A@-76 R2·A@-76 R3·A@-76 罐=无罐 泵=0 阀=111111 速=+0,+0,+0.00 电=8.01V/2.36A/峰2.85 补余=0.0 IO错=0 倾+0.0 自动3/3
[  465.503] TLM t= 322.2 L1·A@-76 L2·A@-76 L3·A@-76 R1·A@-76 R2·A@-75 R3·A@-75 罐=无罐 泵=0 阀=111111 速=+0,+0,+0.00 电=7.99V/2.20A/峰2.85 补余=0.0 IO错=0 倾+0.0 自动3/3
[  466.005] TLM t= 322.7 L1·A@-76 L2·A@-75 L3·A@-76 R1·A@-76 R2·A@-75 R3·A@-75 罐=无罐 泵=0 阀=111111 速=+0,+0,+0.00 电=8.00V/2.20A/峰2.85 补余=0.0 IO错=0 倾+0.0 自动3/3
[  466.527] TLM t= 323.2 L1·A@-76 L2·A@-75 L3·A@-76 R1·A@-76 R2·A@-75 R3·A@-74 罐=无罐 泵=0 阀=111111 速=+0,+0,+0.00 电=8.00V/2.28A/峰2.85 补余=0.0 IO错=0 倾+0.0 自动3/3
[  467.028] TLM t= 323.7 L1·A@-76 L2·A@-74 L3·A@-76 R1·A@-76 R2·A@-74 R3·A@-74 罐=无罐 泵=0 阀=111111 速=+0,+0,+0.00 电=7.98V/2.28A/峰2.85 补余=0.0 IO错=0 倾+0.0 自动3/3
[  467.553] TLM t= 324.2 L1·A@-76 L2·A@-74 L3·A@-76 R1·A@-76 R2·A@-74 R3·A@-73 罐=无罐 泵=0 阀=111111 速=+0,+0,+0.00 电=7.98V/2.28A/峰2.85 补余=0.0 IO错=0 倾+0.0 自动3/3
[  468.051] TLM t= 324.7 L1·A@-76 L2·A@-73 L3·A@-76 R1·A@-76 R2·A@-74 R3·A@-73 罐=无罐 泵=0 阀=111111 速=+0,+0,+0.00 电=7.99V/2.36A/峰2.85 补余=0.0 IO错=0 倾+0.0 自动3/3
[  468.575] TLM t= 325.3 L1·A@-76 L2·A@-73 L3·A@-76 R1·A@-76 R2·A@-73 R3·A@-72 罐=无罐 泵=0 阀=111111 速=+0,+0,+0.00 电=7.98V/2.44A/峰2.85 补余=0.0 IO错=0 倾+0.0 自动3/3
[  469.082] TLM t= 325.8 L1·A@-76 L2·A@-73 L3·A@-76 R1·A@-76 R2·A@-73 R3·A@-71 罐=无罐 泵=0 阀=111111 速=+0,+0,+0.00 电=7.99V/2.12A/峰2.85 补余=0.0 IO错=0 倾+0.0 自动3/3
[  469.578] TLM t= 326.3 L1·A@-75 L2·A@-72 L3·A@-76 R1·A@-76 R2·A@-72 R3·A@-71 罐=无罐 泵=0 阀=111111 速=+0,+0,+0.00 电=8.00V/2.20A/峰2.85 补余=0.0 IO错=0 倾+0.0 自动3/3
[  470.088] TLM t= 326.8 L1·A@-75 L2·A@-72 L3·A@-76 R1·A@-76 R2·A@-72 R3·A@-70 罐=无罐 泵=0 阀=111111 速=+0,+0,+0.00 电=8.00V/2.28A/峰2.85 补余=0.0 IO错=0 倾+0.0 自动3/3
[  470.591] TLM t= 327.3 L1·A@-75 L2·A@-71 L3·A@-76 R1·A@-75 R2·A@-72 R3·A@-70 罐=无罐 泵=0 阀=111111 速=+0,+0,+0.00 电=7.99V/2.04A/峰2.85 补余=0.0 IO错=0 倾+0.0 自动3/3
[  471.111] TLM t= 327.8 L1·A@-75 L2·A@-71 L3·A@-76 R1·A@-75 R2·A@-71 R3·A@-69 罐=无罐 泵=0 阀=111111 速=+0,+0,+0.00 电=8.00V/2.12A/峰2.85 补余=0.0 IO错=0 倾+0.0 自动3/3
[  471.615] TLM t= 328.3 L1·A@-75 L2·A@-70 L3·A@-76 R1·A@-75 R2·A@-71 R3·A@-69 罐=无罐 泵=0 阀=111111 速=+0,+0,+0.00 电=8.00V/2.20A/峰2.85 补余=0.0 IO错=0 倾+0.0 自动3/3
[  472.137] TLM t= 328.8 L1·A@-75 L2·A@-70 L3·A@-76 R1·A@-75 R2·A@-71 R3·A@-68 罐=无罐 泵=0 阀=111111 速=+0,+0,+0.00 电=7.99V/2.20A/峰2.85 补余=0.0 IO错=0 倾+0.0 自动3/3
[  472.641] TLM t= 329.3 L1·A@-75 L2·A@-70 L3·A@-75 R1·A@-75 R2·A@-70 R3·A@-68 罐=无罐 泵=0 阀=111111 速=+0,+0,+0.00 电=7.99V/2.20A/峰2.85 补余=0.0 IO错=0 倾+0.0 自动3/3
[  473.163] TLM t= 329.8 L1·A@-75 L2·A@-69 L3·A@-75 R1·A@-75 R2·A@-70 R3·A@-67 罐=无罐 泵=0 阀=111111 速=+0,+0,+0.00 电=7.98V/2.04A/峰2.85 补余=0.0 IO错=0 倾+0.0 自动3/3
[  473.669] TLM t= 330.3 L1·A@-75 L2·A@-69 L3·A@-75 R1·A@-75 R2·A@-70 R3·A@-67 罐=无罐 泵=0 阀=111111 速=+0,+0,+0.00 电=7.99V/2.12A/峰2.85 补余=0.0 IO错=0 倾+0.0 自动3/3
[  474.192] TLM t= 330.8 L1·A@-75 L2·A@-69 L3·A@-75 R1·A@-75 R2·A@-69 R3·A@-66 罐=无罐 泵=0 阀=111111 速=+0,+0,+0.00 电=7.99V/2.04A/峰2.85 补余=0.0 IO错=0 倾+0.0 自动3/3
[  474.697] TLM t= 331.3 L1·A@-74 L2·A@-68 L3·A@-75 R1·A@-75 R2·A@-69 R3·A@-66 罐=无罐 泵=0 阀=111111 速=+0,+0,+0.00 电=7.98V/2.36A/峰2.85 补余=0.0 IO错=0 倾+0.0 自动3/3
[  475.218] TLM t= 331.9 L1·A@-74 L2·A@-68 L3·A@-75 R1·A@-75 R2·A@-68 R3·A@-65 罐=无罐 泵=0 阀=111111 速=+0,+0,+0.00 电=7.99V/2.20A/峰2.85 补余=0.0 IO错=0 倾+0.0 自动3/3
[  475.723] TLM t= 332.4 L1·A@-74 L2·A@-67 L3·A@-75 R1·A@-75 R2·A@-68 R3·A@-64 罐=无罐 泵=0 阀=111111 速=+0,+0,+0.00 电=7.99V/2.20A/峰2.85 补余=0.0 IO错=0 倾+0.0 自动3/3
[  476.242] TLM t= 332.9 L1·A@-74 L2·A@-67 L3·A@-75 R1·A@-75 R2·A@-68 R3·A@-64 罐=无罐 泵=0 阀=111111 速=+0,+0,+0.00 电=7.98V/2.36A/峰2.85 补余=0.0 IO错=0 倾+0.0 自动3/3
[  476.744] TLM t= 333.4 L1·A@-74 L2·A@-67 L3·A@-75 R1·A@-75 R2·A@-67 R3·A@-63 罐=无罐 泵=0 阀=111111 速=+0,+0,+0.00 电=7.97V/2.28A/峰2.85 补余=0.0 IO错=0 倾+0.0 自动3/3
[  477.269] TLM t= 333.9 L1·A@-74 L2·A@-66 L3·A@-75 R1·A@-75 R2·A@-67 R3·A@-63 罐=无罐 泵=0 阀=111111 速=+0,+0,+0.00 电=7.99V/2.20A/峰2.85 补余=0.0 IO错=0 倾+0.0 自动3/3
[  477.775] TLM t= 334.4 L1·A@-74 L2·A@-66 L3·A@-75 R1·A@-75 R2·A@-67 R3·A@-62 罐=无罐 泵=0 阀=111111 速=+0,+0,+0.00 电=7.98V/2.20A/峰2.85 补余=0.0 IO错=0 倾+0.0 自动3/3
[  478.293] TLM t= 334.9 L1·A@-74 L2·A@-65 L3·A@-75 R1·A@-75 R2·A@-66 R3·A@-62 罐=无罐 泵=0 阀=111111 速=+0,+0,+0.00 电=8.00V/2.12A/峰2.85 补余=0.0 IO错=0 倾+0.0 自动3/3
[  478.797] TLM t= 335.4 L1·A@-74 L2·A@-65 L3·A@-75 R1·A@-75 R2·A@-66 R3·A@-61 罐=无罐 泵=0 阀=111111 速=+0,+0,+0.00 电=7.97V/2.28A/峰2.85 补余=0.0 IO错=0 倾+0.0 自动3/3
[  479.321] TLM t= 335.9 L1·A@-74 L2·A@-65 L3·A@-75 R1·A@-75 R2·A@-66 R3·A@-61 罐=无罐 泵=0 阀=111111 速=+0,+0,+0.00 电=7.99V/2.28A/峰2.85 补余=0.0 IO错=0 倾+0.0 自动3/3
[  479.823] TLM t= 336.4 L1·A@-73 L2·A@-64 L3·A@-75 R1·A@-75 R2·A@-65 R3·A@-60 罐=无罐 泵=0 阀=111111 速=+0,+0,+0.00 电=8.00V/1.95A/峰2.85 补余=0.0 IO错=0 倾+0.0 自动3/3
[  480.157] EVT 泵 开 最差盘压-60.0
[  480.349] TLM t= 337.0 L1·A@-73 L2·A@-64 L3·A@-74 R1·A@-75 R2·A@-65 R3·A@-60 罐=无罐 泵=1 阀=111111 速=+0,+0,+0.00 电=7.93V/2.28A/峰2.85 补余=0.0 IO错=0 倾+0.0 自动3/3
[  480.852] TLM t= 337.5 L1·A@-73 L2·A@-73 L3·A@-74 R1·A@-75 R2·A@-73 R3·A@-73 罐=无罐 泵=1 阀=111111 速=+0,+0,+0.00 电=7.97V/2.12A/峰2.85 补余=0.0 IO错=0 倾+0.0 自动3/3
[  481.144] EVT 泵 停 最差盘压-75.3
[  481.371] TLM t= 338.0 L1·A@-77 L2·A@-77 L3·A@-76 R1·A@-76 R2·A@-76 R3·A@-76 罐=无罐 泵=0 阀=111111 速=+0,+0,+0.00 电=8.00V/2.12A/峰2.85 补余=0.0 IO错=0 倾+0.0 自动3/3
[  481.874] TLM t= 338.5 L1·A@-76 L2·A@-76 L3·A@-76 R1·A@-76 R2·A@-76 R3·A@-76 罐=无罐 泵=0 阀=111111 速=+0,+0,+0.00 电=7.99V/2.28A/峰2.85 补余=0.0 IO错=0 倾+0.0 自动3/3
[  482.398] TLM t= 339.0 L1·A@-76 L2·A@-76 L3·A@-76 R1·A@-76 R2·A@-75 R3·A@-75 罐=无罐 泵=0 阀=111111 速=+0,+0,+0.00 电=8.00V/2.20A/峰2.85 补余=0.0 IO错=0 倾+0.0 自动3/3
[  482.902] TLM t= 339.5 L1·A@-76 L2·A@-75 L3·A@-76 R1·A@-76 R2·A@-75 R3·A@-75 罐=无罐 泵=0 阀=111111 速=+0,+0,+0.00 电=7.98V/2.20A/峰2.85 补余=0.0 IO错=0 倾+0.0 自动3/3
[  483.422] TLM t= 340.0 L1·A@-76 L2·A@-75 L3·A@-76 R1·A@-76 R2·A@-74 R3·A@-74 罐=无罐 泵=0 阀=111111 速=+0,+0,+0.00 电=7.98V/2.20A/峰2.85 补余=0.0 IO错=0 倾+0.0 自动3/3
[  483.927] TLM t= 340.5 L1·A@-76 L2·A@-74 L3·A@-76 R1·A@-76 R2·A@-74 R3·A@-73 罐=无罐 泵=0 阀=111111 速=+0,+0,+0.00 电=7.97V/2.28A/峰2.85 补余=0.0 IO错=0 倾+0.0 自动3/3
[  484.448] TLM t= 341.0 L1·A@-76 L2·A@-74 L3·A@-76 R1·A@-76 R2·A@-74 R3·A@-73 罐=无罐 泵=0 阀=111111 速=+0,+0,+0.00 电=7.98V/2.20A/峰2.85 补余=0.0 IO错=0 倾+0.0 自动3/3
[  484.952] TLM t= 341.5 L1·A@-76 L2·A@-74 L3·A@-76 R1·A@-76 R2·A@-73 R3·A@-72 罐=无罐 泵=0 阀=111111 速=+0,+0,+0.00 电=7.99V/2.28A/峰2.85 补余=0.0 IO错=0 倾+0.0 自动3/3
[  485.474] TLM t= 342.1 L1·A@-76 L2·A@-73 L3·A@-76 R1·A@-76 R2·A@-73 R3·A@-72 罐=无罐 泵=0 阀=111111 速=+0,+0,+0.00 电=7.98V/2.44A/峰2.85 补余=0.0 IO错=0 倾+0.0 自动3/3
[  485.974] TLM t= 342.6 L1·A@-75 L2·A@-73 L3·A@-76 R1·A@-76 R2·A@-73 R3·A@-71 罐=无罐 泵=0 阀=111111 速=+0,+0,+0.00 电=7.98V/2.20A/峰2.85 补余=0.0 IO错=0 倾+0.0 自动3/3
[  486.500] TLM t= 343.1 L1·A@-75 L2·A@-72 L3·A@-76 R1·A@-76 R2·A@-72 R3·A@-71 罐=无罐 泵=0 阀=111111 速=+0,+0,+0.00 电=7.98V/2.28A/峰2.85 补余=0.0 IO错=0 倾+0.0 自动3/3
[  487.005] TLM t= 343.6 L1·A@-75 L2·A@-72 L3·A@-76 R1·A@-75 R2·A@-72 R3·A@-70 罐=无罐 泵=0 阀=111111 速=+0,+0,+0.00 电=7.98V/2.28A/峰2.85 补余=0.0 IO错=0 倾+0.0 自动3/3
[  487.528] TLM t= 344.1 L1·A@-75 L2·A@-72 L3·A@-76 R1·A@-75 R2·A@-72 R3·A@-70 罐=无罐 泵=0 阀=111111 速=+0,+0,+0.00 电=7.97V/2.20A/峰2.85 补余=0.0 IO错=0 倾+0.0 自动3/3
[  488.032] TLM t= 344.6 L1·A@-75 L2·A@-71 L3·A@-76 R1·A@-75 R2·A@-71 R3·A@-69 罐=无罐 泵=0 阀=111111 速=+0,+0,+0.00 电=7.99V/2.12A/峰2.85 补余=0.0 IO错=0 倾+0.0 自动3/3
[  488.554] TLM t= 345.1 L1·A@-75 L2·A@-71 L3·A@-76 R1·A@-75 R2·A@-71 R3·A@-68 罐=无罐 泵=0 阀=111111 速=+0,+0,+0.00 电=7.98V/2.28A/峰2.85 补余=0.0 IO错=0 倾+0.0 自动3/3
[  489.056] TLM t= 345.6 L1·A@-75 L2·A@-70 L3·A@-75 R1·A@-75 R2·A@-70 R3·A@-68 罐=无罐 泵=0 阀=111111 速=+0,+0,+0.00 电=7.98V/2.12A/峰2.85 补余=0.0 IO错=0 倾+0.0 自动3/3
[  489.579] TLM t= 346.1 L1·A@-75 L2·A@-70 L3·A@-75 R1·A@-75 R2·A@-70 R3·A@-67 罐=无罐 泵=0 阀=111111 速=+0,+0,+0.00 电=8.00V/2.28A/峰2.85 补余=0.0 IO错=0 倾+0.0 自动3/3
[  490.088] TLM t= 346.6 L1·A@-75 L2·A@-70 L3·A@-75 R1·A@-75 R2·A@-70 R3·A@-67 罐=无罐 泵=0 阀=111111 速=+0,+0,+0.00 电=7.99V/2.28A/峰2.85 补余=0.0 IO错=0 倾+0.0 自动3/3
[  490.605] TLM t= 347.2 L1·A@-75 L2·A@-69 L3·A@-75 R1·A@-75 R2·A@-69 R3·A@-66 罐=无罐 泵=0 阀=111111 速=+0,+0,+0.00 电=8.00V/2.36A/峰2.85 补余=0.0 IO错=0 倾+0.0 自动3/3
[  491.124] TLM t= 347.7 L1·A@-74 L2·A@-69 L3·A@-75 R1·A@-75 R2·A@-69 R3·A@-66 罐=无罐 泵=0 阀=111111 速=+0,+0,+0.00 电=7.99V/2.20A/峰2.85 补余=0.0 IO错=0 倾+0.0 自动3/3
[  491.626] TLM t= 348.2 L1·A@-74 L2·A@-68 L3·A@-75 R1·A@-75 R2·A@-69 R3·A@-65 罐=无罐 泵=0 阀=111111 速=+0,+0,+0.00 电=8.00V/2.12A/峰2.85 补余=0.0 IO错=0 倾+0.0 自动3/3
[  492.149] TLM t= 348.7 L1·A@-74 L2·A@-68 L3·A@-75 R1·A@-75 R2·A@-68 R3·A@-65 罐=无罐 泵=0 阀=111111 速=+0,+0,+0.00 电=7.98V/2.20A/峰2.85 补余=0.0 IO错=0 倾+0.0 自动3/3
[  492.652] TLM t= 349.2 L1·A@-74 L2·A@-68 L3·A@-75 R1·A@-75 R2·A@-68 R3·A@-64 罐=无罐 泵=0 阀=111111 速=+0,+0,+0.00 电=7.99V/2.20A/峰2.85 补余=0.0 IO错=0 倾+0.0 自动3/3
[  493.175] TLM t= 349.7 L1·A@-74 L2·A@-67 L3·A@-75 R1·A@-75 R2·A@-68 R3·A@-64 罐=无罐 泵=0 阀=111111 速=+0,+0,+0.00 电=8.00V/2.20A/峰2.85 补余=0.0 IO错=0 倾+0.0 自动3/3
[  493.677] TLM t= 350.2 L1·A@-74 L2·A@-67 L3·A@-75 R1·A@-75 R2·A@-67 R3·A@-63 罐=无罐 泵=0 阀=111111 速=+0,+0,+0.00 电=7.98V/2.12A/峰2.85 补余=0.0 IO错=0 倾+0.0 自动3/3
[  493.710] EVT 实验序列完成
[  494.200] TLM t= 350.7 L1·A@-74 L2·A@-66 L3·A@-75 R1·A@-75 R2·A@-67 R3·A@-63 罐=无罐 泵=0 阀=111111 速=+0,+0,+0.00 电=7.98V/2.28A/峰2.85 补余=0.0 IO错=0 倾+0.0
[  494.702] TLM t= 351.2 L1·A@-74 L2·A@-66 L3·A@-75 R1·A@-75 R2·A@-67 R3·A@-62 罐=无罐 泵=0 阀=111111 速=+0,+0,+0.00 电=7.99V/2.20A/峰2.85 补余=0.0 IO错=0 倾+0.0
[  495.227] TLM t= 351.7 L1·A@-74 L2·A@-66 L3·A@-75 R1·A@-75 R2·A@-66 R3·A@-62 罐=无罐 泵=0 阀=111111 速=+0,+0,+0.00 电=7.97V/1.95A/峰2.85 补余=0.0 IO错=0 倾+0.0
[  495.730] TLM t= 352.2 L1·A@-74 L2·A@-65 L3·A@-75 R1·A@-75 R2·A@-66 R3·A@-61 罐=无罐 泵=0 阀=111111 速=+0,+0,+0.00 电=7.97V/2.20A/峰2.85 补余=0.0 IO错=0 倾+0.0
[  496.253] TLM t= 352.8 L1·A@-73 L2·A@-65 L3·A@-75 R1·A@-75 R2·A@-66 R3·A@-61 罐=无罐 泵=0 阀=111111 速=+0,+0,+0.00 电=7.99V/2.12A/峰2.85 补余=0.0 IO错=0 倾+0.0
[  496.754] TLM t= 353.3 L1·A@-73 L2·A@-65 L3·A@-74 R1·A@-75 R2·A@-65 R3·A@-60 罐=无罐 泵=0 阀=111111 速=+0,+0,+0.00 电=7.98V/2.28A/峰2.85 补余=0.0 IO错=0 倾+0.0
[  496.866] EVT 泵 开 最差盘压-59.9
[  497.278] TLM t= 353.8 L1·A@-73 L2·A@-67 L3·A@-74 R1·A@-75 R2·A@-67 R3·A@-65 罐=无罐 泵=1 阀=111111 速=+0,+0,+0.00 电=7.94V/2.28A/峰2.85 补余=0.0 IO错=0 倾+0.0
[  497.778] TLM t= 354.3 L1·A@-76 L2·A@-76 L3·A@-75 R1·A@-75 R2·A@-75 R3·A@-76 罐=无罐 泵=1 阀=111111 速=+0,+0,+0.00 电=7.90V/2.28A/峰2.85 补余=0.0 IO错=0 倾+0.0
[  497.871] EVT 泵 停 最差盘压-75.5
[  498.300] TLM t= 354.8 L1·A@-77 L2·A@-77 L3·A@-77 R1·A@-76 R2·A@-76 R3·A@-76 罐=无罐 泵=0 阀=111111 速=+0,+0,+0.00 电=7.98V/2.28A/峰2.85 补余=0.0 IO错=0 倾+0.0
[  498.806] TLM t= 355.3 L1·A@-76 L2·A@-76 L3·A@-76 R1·A@-76 R2·A@-76 R3·A@-76 罐=无罐 泵=0 阀=111111 速=+0,+0,+0.00 电=7.98V/2.20A/峰2.85 补余=0.0 IO错=0 倾+0.0
[  499.327] TLM t= 355.8 L1·A@-76 L2·A@-76 L3·A@-76 R1·A@-76 R2·A@-75 R3·A@-75 罐=无罐 泵=0 阀=111111 速=+0,+0,+0.00 电=7.98V/2.20A/峰2.85 补余=0.0 IO错=0 倾+0.0
[  499.828] TLM t= 356.3 L1·A@-76 L2·A@-75 L3·A@-76 R1·A@-76 R2·A@-75 R3·A@-74 罐=无罐 泵=0 阀=111111 速=+0,+0,+0.00 电=7.98V/2.20A/峰2.85 补余=0.0 IO错=0 倾+0.0
[  500.353] TLM t= 356.8 L1·A@-76 L2·A@-75 L3·A@-76 R1·A@-76 R2·A@-74 R3·A@-74 罐=无罐 泵=0 阀=111111 速=+0,+0,+0.00 电=7.98V/2.12A/峰2.85 补余=0.0 IO错=0 倾+0.0
[  500.853] TLM t= 357.3 L1·A@-76 L2·A@-74 L3·A@-76 R1·A@-76 R2·A@-74 R3·A@-73 罐=无罐 泵=0 阀=111111 速=+0,+0,+0.00 电=7.99V/2.12A/峰2.85 补余=0.0 IO错=0 倾+0.0
[  501.354] TLM t= 357.8 L1·A@-76 L2·A@-74 L3·A@-76 R1·A@-76 R2·A@-74 R3·A@-73 罐=无罐 泵=0 阀=111111 速=+0,+0,+0.00 电=7.99V/2.28A/峰2.85 补余=0.0 IO错=0 倾+0.0
[  501.865] TLM t= 358.3 L1·A@-76 L2·A@-74 L3·A@-76 R1·A@-76 R2·A@-73 R3·A@-72 罐=无罐 泵=0 阀=111111 速=+0,+0,+0.00 电=7.96V/2.20A/峰2.85 补余=0.0 IO错=0 倾+0.0
[  502.368] TLM t= 358.8 L1·A@-76 L2·A@-73 L3·A@-76 R1·A@-76 R2·A@-73 R3·A@-72 罐=无罐 泵=0 阀=111111 速=+0,+0,+0.00 电=7.99V/2.28A/峰2.85 补余=0.0 IO错=0 倾+0.0
[  502.891] TLM t= 359.4 L1·A@-76 L2·A@-73 L3·A@-76 R1·A@-76 R2·A@-73 R3·A@-71 罐=无罐 泵=0 阀=111111 速=+0,+0,+0.00 电=7.97V/2.28A/峰2.85 补余=0.0 IO错=0 倾+0.0
[  503.394] TLM t= 359.9 L1·A@-75 L2·A@-72 L3·A@-76 R1·A@-76 R2·A@-72 R3·A@-71 罐=无罐 泵=0 阀=111111 速=+0,+0,+0.00 电=7.98V/2.20A/峰2.85 补余=0.0 IO错=0 倾+0.0
[  503.915] TLM t= 360.4 L1·A@-75 L2·A@-72 L3·A@-76 R1·A@-76 R2·A@-72 R3·A@-70 罐=无罐 泵=0 阀=111111 速=+0,+0,+0.00 电=7.99V/2.20A/峰2.85 补余=0.0 IO错=0 倾+0.0
[  504.416] TLM t= 360.9 L1·A@-75 L2·A@-72 L3·A@-76 R1·A@-76 R2·A@-71 R3·A@-70 罐=无罐 泵=0 阀=111111 速=+0,+0,+0.00 电=7.99V/2.28A/峰2.85 补余=0.0 IO错=0 倾+0.0
[  504.946] TLM t= 361.4 L1·A@-75 L2·A@-71 L3·A@-76 R1·A@-76 R2·A@-71 R3·A@-69 罐=无罐 泵=0 阀=111111 速=+0,+0,+0.00 电=7.99V/2.36A/峰2.85 补余=0.0 IO错=0 倾+0.0
[  505.448] TLM t= 361.9 L1·A@-75 L2·A@-71 L3·A@-76 R1·A@-76 R2·A@-71 R3·A@-68 罐=无罐 泵=0 阀=111111 速=+0,+0,+0.00 电=7.99V/2.28A/峰2.85 补余=0.0 IO错=0 倾+0.0
[  505.971] TLM t= 362.4 L1·A@-75 L2·A@-70 L3·A@-76 R1·A@-75 R2·A@-70 R3·A@-68 罐=无罐 泵=0 阀=111111 速=+0,+0,+0.00 电=7.99V/2.12A/峰2.85 补余=0.0 IO错=0 倾+0.0
[  506.475] TLM t= 362.9 L1·A@-75 L2·A@-70 L3·A@-75 R1·A@-75 R2·A@-70 R3·A@-67 罐=无罐 泵=0 阀=111111 速=+0,+0,+0.00 电=7.98V/2.04A/峰2.85 补余=0.0 IO错=0 倾+0.0
[  506.995] TLM t= 363.4 L1·A@-75 L2·A@-70 L3·A@-75 R1·A@-75 R2·A@-70 R3·A@-67 罐=无罐 泵=0 阀=111111 速=+0,+0,+0.00 电=7.98V/2.20A/峰2.85 补余=0.0 IO错=0 倾+0.0
[  507.502] TLM t= 363.9 L1·A@-75 L2·A@-69 L3·A@-75 R1·A@-75 R2·A@-69 R3·A@-66 罐=无罐 泵=0 阀=111111 速=+0,+0,+0.00 电=7.97V/2.28A/峰2.85 补余=0.0 IO错=0 倾+0.0
[  508.021] TLM t= 364.5 L1·A@-75 L2·A@-69 L3·A@-75 R1·A@-75 R2·A@-69 R3·A@-66 罐=无罐 泵=0 阀=111111 速=+0,+0,+0.00 电=7.97V/2.20A/峰2.85 补余=0.0 IO错=0 倾+0.0
[  508.524] TLM t= 365.0 L1·A@-74 L2·A@-68 L3·A@-75 R1·A@-75 R2·A@-69 R3·A@-65 罐=无罐 泵=0 阀=111111 速=+0,+0,+0.00 电=7.98V/2.28A/峰2.85 补余=0.0 IO错=0 倾+0.0
[  509.050] TLM t= 365.5 L1·A@-74 L2·A@-68 L3·A@-75 R1·A@-75 R2·A@-68 R3·A@-65 罐=无罐 泵=0 阀=111111 速=+0,+0,+0.00 电=7.97V/2.20A/峰2.85 补余=0.0 IO错=0 倾+0.0
[  509.551] TLM t= 366.0 L1·A@-74 L2·A@-68 L3·A@-75 R1·A@-75 R2·A@-68 R3·A@-64 罐=无罐 泵=0 阀=111111 速=+0,+0,+0.00 电=7.97V/2.28A/峰2.85 补余=0.0 IO错=0 倾+0.0
[  510.074] TLM t= 366.5 L1·A@-74 L2·A@-67 L3·A@-75 R1·A@-75 R2·A@-68 R3·A@-64 罐=无罐 泵=0 阀=111111 速=+0,+0,+0.00 电=7.98V/2.36A/峰2.85 补余=0.0 IO错=0 倾+0.0
[  510.576] TLM t= 367.0 L1·A@-74 L2·A@-67 L3·A@-75 R1·A@-75 R2·A@-67 R3·A@-63 罐=无罐 泵=0 阀=111111 速=+0,+0,+0.00 电=7.98V/2.28A/峰2.85 补余=0.0 IO错=0 倾+0.0
[  511.100] TLM t= 367.5 L1·A@-74 L2·A@-67 L3·A@-75 R1·A@-75 R2·A@-67 R3·A@-63 罐=无罐 泵=0 阀=111111 速=+0,+0,+0.00 电=7.98V/2.12A/峰2.85 补余=0.0 IO错=0 倾+0.0
[  511.604] TLM t= 368.0 L1·A@-74 L2·A@-66 L3·A@-75 R1·A@-75 R2·A@-67 R3·A@-62 罐=无罐 泵=0 阀=111111 速=+0,+0,+0.00 电=7.99V/2.04A/峰2.85 补余=0.0 IO错=0 倾+0.0
[  512.128] TLM t= 368.5 L1·A@-74 L2·A@-66 L3·A@-75 R1·A@-75 R2·A@-66 R3·A@-61 罐=无罐 泵=0 阀=111111 速=+0,+0,+0.00 电=8.00V/1.95A/峰2.85 补余=0.0 IO错=0 倾+0.0
[  512.636] TLM t= 369.0 L1·A@-74 L2·A@-65 L3·A@-75 R1·A@-75 R2·A@-66 R3·A@-61 罐=无罐 泵=0 阀=111111 速=+0,+0,+0.00 电=8.00V/1.95A/峰2.85 补余=0.0 IO错=0 倾+0.0
[  513.153] TLM t= 369.6 L1·A@-73 L2·A@-65 L3·A@-75 R1·A@-75 R2·A@-66 R3·A@-60 罐=无罐 泵=0 阀=111111 速=+0,+0,+0.00 电=8.00V/1.79A/峰2.85 补余=0.0 IO错=0 倾+0.0
[  513.468] EVT 泵 开 最差盘压-59.9
[  513.660] TLM t= 370.1 L1·A@-73 L2·A@-65 L3·A@-75 R1·A@-75 R2·A@-65 R3·A@-60 罐=无罐 泵=1 阀=111111 速=+0,+0,+0.00 电=7.97V/1.38A/峰2.85 补余=0.0 IO错=0 倾+0.0
[  514.182] TLM t= 370.6 L1·A@-73 L2·A@-74 L3·A@-75 R1·A@-75 R2·A@-74 R3·A@-73 罐=无罐 泵=1 阀=111111 速=+0,+0,+0.00 电=8.02V/1.14A/峰2.85 补余=0.0 IO错=0 倾+0.0
[  514.476] EVT 泵 停 最差盘压-75.5
[  514.686] TLM t= 371.1 L1·A@-77 L2·A@-77 L3·A@-77 R1·A@-76 R2·A@-76 R3·A@-77 罐=无罐 泵=0 阀=111111 速=+0,+0,+0.00 电=8.04V/1.14A/峰2.85 补余=0.0 IO错=0 倾+0.0
[  515.206] TLM t= 371.6 L1·A@-77 L2·A@-76 L3·A@-77 R1·A@-76 R2·A@-76 R3·A@-76 罐=无罐 泵=0 阀=111111 速=+0,+0,+0.00 电=8.03V/1.14A/峰2.85 补余=0.0 IO错=0 倾+0.0
[  515.709] TLM t= 372.1 L1·A@-76 L2·A@-76 L3·A@-76 R1·A@-76 R2·A@-75 R3·A@-75 罐=无罐 泵=0 阀=111111 速=+0,+0,+0.00 电=8.02V/1.30A/峰2.85 补余=0.0 IO错=0 倾+0.0
[  516.232] TLM t= 372.6 L1·A@-76 L2·A@-75 L3·A@-76 R1·A@-76 R2·A@-75 R3·A@-75 罐=无罐 泵=0 阀=111111 速=+0,+0,+0.00 电=8.03V/1.06A/峰2.85 补余=0.0 IO错=0 倾+0.0
[  516.738] TLM t= 373.1 L1·A@-76 L2·A@-75 L3·A@-76 R1·A@-76 R2·A@-75 R3·A@-74 罐=无罐 泵=0 阀=111111 速=+0,+0,+0.00 电=8.02V/1.30A/峰2.85 补余=0.0 IO错=0 倾+0.0
[  517.257] TLM t= 373.6 L1·A@-76 L2·A@-75 L3·A@-76 R1·A@-76 R2·A@-74 R3·A@-74 罐=无罐 泵=0 阀=111111 速=+0,+0,+0.00 电=8.02V/1.38A/峰2.85 补余=0.0 IO错=0 倾+0.0
[  517.763] TLM t= 374.1 L1·A@-76 L2·A@-74 L3·A@-76 R1·A@-76 R2·A@-74 R3·A@-73 罐=无罐 泵=0 阀=111111 速=+0,+0,+0.00 电=8.03V/1.22A/峰2.85 补余=0.0 IO错=0 倾+0.0
[  518.282] TLM t= 374.7 L1·A@-76 L2·A@-74 L3·A@-76 R1·A@-76 R2·A@-73 R3·A@-73 罐=无罐 泵=0 阀=111111 速=+0,+0,+0.00 电=8.02V/1.30A/峰2.85 补余=0.0 IO错=0 倾+0.0
[  518.783] TLM t= 375.2 L1·A@-76 L2·A@-73 L3·A@-76 R1·A@-76 R2·A@-73 R3·A@-72 罐=无罐 泵=0 阀=111111 速=+0,+0,+0.00 电=8.02V/1.30A/峰2.85 补余=0.0 IO错=0 倾+0.0
[  519.129] EVT 键 '\t' 倾=+0.0待=+0.0
[  519.306] TLM t= 375.7 L1·A@-76 L2·A@-73 L3·A@-76 R1·A@-76 R2·A@-73 R3·A@-72 罐=无罐 泵=0 阀=111111 速=+0,+0,+0.00 电=8.03V/1.30A/峰2.85 补余=0.0 IO错=0 倾+0.0
[  519.808] TLM t= 376.2 L1·A@-76 L2·A@-73 L3·A@-76 R1·A@-76 R2·A@-72 R3·A@-71 罐=无罐 泵=0 阀=111111 速=+0,+0,+0.00 电=8.03V/1.30A/峰2.85 补余=0.0 IO错=0 倾+0.0
[  520.331] TLM t= 376.7 L1·A@-76 L2·A@-72 L3·A@-76 R1·A@-76 R2·A@-72 R3·A@-70 罐=无罐 泵=0 阀=111111 速=+0,+0,+0.00 电=8.02V/1.30A/峰2.85 补余=0.0 IO错=0 倾+0.0
[  520.833] TLM t= 377.2 L1·A@-75 L2·A@-72 L3·A@-76 R1·A@-76 R2·A@-72 R3·A@-70 罐=无罐 泵=0 阀=111111 速=+0,+0,+0.00 电=8.03V/1.30A/峰2.85 补余=0.0 IO错=0 倾+0.0
[  521.355] TLM t= 377.7 L1·A@-75 L2·A@-71 L3·A@-76 R1·A@-76 R2·A@-71 R3·A@-69 罐=无罐 泵=0 阀=111111 速=+0,+0,+0.00 电=8.03V/1.22A/峰2.85 补余=0.0 IO错=0 倾+0.0
[  521.861] TLM t= 378.2 L1·A@-75 L2·A@-71 L3·A@-76 R1·A@-76 R2·A@-71 R3·A@-69 罐=无罐 泵=0 阀=111111 速=+0,+0,+0.00 电=8.03V/1.30A/峰2.85 补余=0.0 IO错=0 倾+0.0
[  522.379] TLM t= 378.7 L1·A@-75 L2·A@-71 L3·A@-76 R1·A@-76 R2·A@-71 R3·A@-68 罐=无罐 泵=0 阀=111111 速=+0,+0,+0.00 电=8.03V/1.30A/峰2.85 补余=0.0 IO错=0 倾+0.0
[  522.883] TLM t= 379.2 L1·A@-75 L2·A@-70 L3·A@-75 R1·A@-76 R2·A@-70 R3·A@-68 罐=无罐 泵=0 阀=111111 速=+0,+0,+0.00 电=8.02V/1.22A/峰2.85 补余=0.0 IO错=0 倾+0.0
[  523.405] TLM t= 379.8 L1·A@-75 L2·A@-70 L3·A@-75 R1·A@-76 R2·A@-70 R3·A@-67 罐=无罐 泵=0 阀=111111 速=+0,+0,+0.00 电=8.02V/1.30A/峰2.85 补余=0.0 IO错=0 倾+0.0
[  523.908] TLM t= 380.3 L1·A@-75 L2·A@-69 L3·A@-75 R1·A@-75 R2·A@-69 R3·A@-67 罐=无罐 泵=0 阀=111111 速=+0,+0,+0.00 电=8.03V/1.22A/峰2.85 补余=0.0 IO错=0 倾+0.0
[  524.192] EVT 键 '\x7f' 倾=+0.0待=+0.0
[  524.429] TLM t= 380.8 L1·A@-75 L2·A@-69 L3·A@-75 R1·A@-75 R2·A@-69 R3·A@-66 罐=无罐 泵=0 阀=111111 速=+0,+0,+0.00 电=8.02V/1.30A/峰2.85 补余=0.0 IO错=0 倾+0.0
[  524.933] TLM t= 381.3 L1·A@-75 L2·A@-69 L3·A@-75 R1·A@-75 R2·A@-69 R3·A@-66 罐=无罐 泵=0 阀=111111 速=+0,+0,+0.00 电=8.03V/1.22A/峰2.85 补余=0.0 IO错=0 倾+0.0
[  525.418] EVT 键 '\t' 倾=+0.0待=+0.0
[  525.453] TLM t= 381.8 L1·A@-74 L2·A@-68 L3·A@-75 R1·A@-75 R2·A@-68 R3·A@-65 罐=无罐 泵=0 阀=111111 速=+0,+0,+0.00 电=8.02V/1.22A/峰2.85 补余=0.0 IO错=0 倾+0.0
[  525.957] TLM t= 382.3 L1·A@-74 L2·A@-68 L3·A@-75 R1·A@-75 R2·A@-68 R3·A@-64 罐=无罐 泵=0 阀=111111 速=+0,+0,+0.00 电=8.03V/1.30A/峰2.85 补余=0.0 IO错=0 倾+0.0
[  526.481] TLM t= 382.8 L1·A@-74 L2·A@-67 L3·A@-75 R1·A@-75 R2·A@-68 R3·A@-64 罐=无罐 泵=0 阀=111111 速=+0,+0,+0.00 电=8.03V/1.38A/峰2.85 补余=0.0 IO错=0 倾+0.0
[  526.982] TLM t= 383.3 L1·A@-74 L2·A@-67 L3·A@-75 R1·A@-75 R2·A@-67 R3·A@-63 罐=无罐 泵=0 阀=111111 速=+0,+0,+0.00 电=8.02V/1.22A/峰2.85 补余=0.0 IO错=0 倾+0.0
[  527.507] TLM t= 383.8 L1·A@-74 L2·A@-67 L3·A@-75 R1·A@-75 R2·A@-67 R3·A@-63 罐=无罐 泵=0 阀=111111 速=+0,+0,+0.00 电=8.02V/1.30A/峰2.85 补余=0.0 IO错=0 倾+0.0
[  528.013] TLM t= 384.3 L1·A@-74 L2·A@-66 L3·A@-75 R1·A@-75 R2·A@-67 R3·A@-62 罐=无罐 泵=0 阀=111111 速=+0,+0,+0.00 电=8.03V/1.22A/峰2.85 补余=0.0 IO错=0 倾+0.0
[  528.534] TLM t= 384.9 L1·A@-74 L2·A@-66 L3·A@-75 R1·A@-75 R2·A@-66 R3·A@-62 罐=无罐 泵=0 阀=111111 速=+0,+0,+0.00 电=8.03V/1.30A/峰2.85 补余=0.0 IO错=0 倾+0.0
[  529.044] TLM t= 385.4 L1·A@-74 L2·A@-66 L3·A@-75 R1·A@-75 R2·A@-66 R3·A@-61 罐=无罐 泵=0 阀=111111 速=+0,+0,+0.00 电=8.02V/1.38A/峰2.85 补余=0.0 IO错=0 倾+0.0
[  529.563] TLM t= 385.9 L1·A@-74 L2·A@-65 L3·A@-74 R1·A@-75 R2·A@-66 R3·A@-61 罐=无罐 泵=0 阀=111111 速=+0,+0,+0.00 电=8.03V/1.30A/峰2.85 补余=0.0 IO错=0 倾+0.0
[  530.065] TLM t= 386.4 L1·A@-74 L2·A@-65 L3·A@-74 R1·A@-75 R2·A@-65 R3·A@-60 罐=无罐 泵=0 阀=111111 速=+0,+0,+0.00 电=8.03V/1.30A/峰2.85 补余=0.0 IO错=0 倾+0.0
[  530.418] EVT 泵 开 最差盘压-60.0
[  530.591] TLM t= 386.9 L1·A@-74 L2·A@-64 L3·A@-74 R1·A@-75 R2·A@-65 R3·A@-60 罐=无罐 泵=1 阀=111111 速=+0,+0,+0.00 电=7.98V/1.22A/峰2.85 补余=0.0 IO错=0 倾+0.0
[  531.091] TLM t= 387.4 L1·A@-73 L2·A@-73 L3·A@-74 R1·A@-75 R2·A@-73 R3·A@-73 罐=无罐 泵=1 阀=111111 速=+0,+0,+0.00 电=8.02V/1.38A/峰2.85 补余=0.0 IO错=0 倾+0.0
[  531.326] EVT 泵 停 最差盘压-75.0
[  531.478] EVT 键 'o' 倾=+0.0待=+0.0
[  531.616] TLM t= 387.9 L1·A@-76 L2·A@-76 L3·A@-76 R1·A@-75 R2·A@-76 R3·A@-76 罐=无罐 泵=0 阀=111111 速=+0,+0,+0.00 电=8.03V/1.22A/峰2.85 补余=0.0 IO错=0 倾+0.0
[  531.681] EVT 取机窗口：停泵 → 逐足串行排气（0.2s 间隔）→ 六足舵机撑住（泵禁开）
[  532.089] EVT 吸附 L1 attached→venting 在态133.64s -75.9kPa
[  532.094] EVT 阀 L1 →排气位
[  532.127] TLM t= 388.0 L1·v@-76 L2·A@-76 L3·A@-76 R1·A@-75 R2·A@-75 R3·A@-75 罐=无罐 泵=0 阀=011111 速=+0,+0,+0.00 电=8.01V/1.30A/峰2.85 补余=0.0 IO错=0 取机放气
[  532.359] EVT 吸附 L2 attached→venting 在态68.08s -75.4kPa
[  532.364] EVT 阀 L2 →排气位
[  532.611] EVT 吸附 L3 attached→venting 在态101.36s -75.9kPa
[  532.613] EVT 吸附 L1 venting→released 在态0.42s 0.1kPa
[  532.616] EVT 阀 L3 →排气位
[  532.644] TLM t= 388.0 L1·r@-- L2·v@-75 L3·v@-76 R1·A@-75 R2·A@-75 R3·A@-75 罐=无罐 泵=0 阀=000111 速=+0,+0,+0.00 电=8.00V/1.06A/峰2.85 补余=0.0 IO错=0 取机放气
[  532.853] EVT 吸附 R1 attached→venting 在态84.78s -75.2kPa
[  532.855] EVT 吸附 L2 venting→released 在态0.42s 0.4kPa
[  532.858] EVT 阀 R1 →排气位
[  533.074] EVT 吸附 R2 attached→venting 在态118.28s -74.3kPa
[  533.077] EVT 吸附 L3 venting→released 在态0.42s 0.1kPa
[  533.077] EVT 阀 R2 →排气位
[  533.166] TLM t= 388.0 L1·r@-- L2·r@-- L3·r@-- R1·v@-75 R2·v@-74 R3·A@-74 罐=无罐 泵=0 阀=000001 速=+0,+0,+0.00 电=8.00V/0.81A/峰2.85 补余=0.0 IO错=0 取机放气
[  533.292] EVT 吸附 R3 attached→venting 在态151.32s -73.9kPa
[  533.294] EVT 吸附 R1 venting→released 在态0.42s 0.0kPa
[  533.294] EVT 阀 R3 →排气位
[  533.495] EVT 键 'o' 倾=+0.0待=+0.0（已放开）
[  533.498] EVT 吸附 R2 venting→released 在态0.42s -0.0kPa
[  533.498] EVT ⚠ 主环卡顿 1817ms（目标 20ms）
[  533.681] EVT 吸附 R3 venting→released 在态0.42s 0.2kPa
[  533.701] TLM t= 388.2 L1·r@-- L2·r@-- L3·r@-- R1·r@-- R2·r@-- R3·r@-- 罐=无罐 泵=0 阀=000000 速=+0,+0,+0.00 电=8.00V/0.57A/峰2.85 补余=0.0 IO错=0 倾+0.0 已放开
[  534.213] TLM t= 388.7 L1·r@-- L2·r@-- L3·r@-- R1·r@-- R2·r@-- R3·r@-- 罐=无罐 泵=0 阀=000000 速=+0,+0,+0.00 电=7.99V/0.49A/峰2.85 补余=0.0 IO错=0 倾+0.0 已放开
[  534.712] TLM t= 389.2 L1·r@-- L2·r@-- L3·r@-- R1·r@-- R2·r@-- R3·r@-- 罐=无罐 泵=0 阀=000000 速=+0,+0,+0.00 电=7.98V/0.81A/峰2.85 补余=0.0 IO错=0 倾+0.0 已放开
[  535.215] TLM t= 389.7 L1·r@-- L2·r@-- L3·r@-- R1·r@-- R2·r@-- R3·r@-- 罐=无罐 泵=0 阀=000000 速=+0,+0,+0.00 电=7.98V/0.73A/峰2.85 补余=0.0 IO错=0 倾+0.0 已放开
[  535.718] TLM t= 390.2 L1·r@-- L2·r@-- L3·r@-- R1·r@-- R2·r@-- R3·r@-- 罐=无罐 泵=0 阀=000000 速=+0,+0,+0.00 电=7.98V/0.73A/峰2.85 补余=0.0 IO错=0 倾+0.0 已放开
[  536.216] TLM t= 390.7 L1·r@-- L2·r@-- L3·r@-- R1·r@-- R2·r@-- R3·r@-- 罐=无罐 泵=0 阀=000000 速=+0,+0,+0.00 电=7.98V/0.73A/峰2.85 补余=0.0 IO错=0 倾+0.0 已放开
[  536.717] TLM t= 391.2 L1·r@-- L2·r@-- L3·r@-- R1·r@-- R2·r@-- R3·r@-- 罐=无罐 泵=0 阀=000000 速=+0,+0,+0.00 电=7.99V/0.49A/峰2.85 补余=0.0 IO错=0 倾+0.0 已放开
[  537.221] TLM t= 391.7 L1·r@-- L2·r@-- L3·r@-- R1·r@-- R2·r@-- R3·r@-- 罐=无罐 泵=0 阀=000000 速=+0,+0,+0.00 电=7.99V/0.57A/峰2.85 补余=0.0 IO错=0 倾+0.0 已放开
[  537.722] TLM t= 392.2 L1·r@-- L2·r@-- L3·r@-- R1·r@-- R2·r@-- R3·r@-- 罐=无罐 泵=0 阀=000000 速=+0,+0,+0.00 电=7.99V/0.57A/峰2.85 补余=0.0 IO错=0 倾+0.0 已放开
[  538.226] TLM t= 392.7 L1·r@-- L2·r@-- L3·r@-- R1·r@-- R2·r@-- R3·r@-- 罐=无罐 泵=0 阀=000000 速=+0,+0,+0.00 电=7.99V/0.57A/峰2.85 补余=0.0 IO错=0 倾+0.0 已放开
[  538.724] TLM t= 393.2 L1·r@-- L2·r@-- L3·r@-- R1·r@-- R2·r@-- R3·r@-- 罐=无罐 泵=0 阀=000000 速=+0,+0,+0.00 电=7.98V/0.73A/峰2.85 补余=0.0 IO错=0 倾+0.0 已放开
[  539.227] TLM t= 393.7 L1·r@-- L2·r@-- L3·r@-- R1·r@-- R2·r@-- R3·r@-- 罐=无罐 泵=0 阀=000000 速=+0,+0,+0.00 电=7.98V/0.81A/峰2.85 补余=0.0 IO错=0 倾+0.0 已放开
[  539.728] TLM t= 394.2 L1·r@-- L2·r@-- L3·r@-- R1·r@-- R2·r@-- R3·r@-- 罐=无罐 泵=0 阀=000000 速=+0,+0,+0.00 电=7.98V/0.81A/峰2.85 补余=0.0 IO错=0 倾+0.0 已放开
[  540.228] TLM t= 394.7 L1·r@-- L2·r@-- L3·r@-- R1·r@-- R2·r@-- R3·r@-- 罐=无罐 泵=0 阀=000000 速=+0,+0,+0.00 电=7.97V/0.81A/峰2.85 补余=0.0 IO错=0 倾+0.0 已放开
[  540.730] TLM t= 395.2 L1·r@-- L2·r@-- L3·r@-- R1·r@-- R2·r@-- R3·r@-- 罐=无罐 泵=0 阀=000000 速=+0,+0,+0.00 电=7.98V/0.73A/峰2.85 补余=0.0 IO错=0 倾+0.0 已放开
[  541.237] TLM t= 395.7 L1·r@-- L2·r@-- L3·r@-- R1·r@-- R2·r@-- R3·r@-- 罐=无罐 泵=0 阀=000000 速=+0,+0,+0.00 电=7.97V/0.73A/峰2.85 补余=0.0 IO错=0 倾+0.0 已放开
[  541.735] TLM t= 396.2 L1·r@-- L2·r@-- L3·r@-- R1·r@-- R2·r@-- R3·r@-- 罐=无罐 泵=0 阀=000000 速=+0,+0,+0.00 电=7.97V/0.81A/峰2.85 补余=0.0 IO错=0 倾+0.0 已放开
[  542.242] TLM t= 396.7 L1·r@-- L2·r@-- L3·r@-- R1·r@-- R2·r@-- R3·r@-- 罐=无罐 泵=0 阀=000000 速=+0,+0,+0.00 电=7.97V/0.81A/峰2.85 补余=0.0 IO错=0 倾+0.0 已放开
[  542.759] TLM t= 397.2 L1·r@-- L2·r@-- L3·r@-- R1·r@-- R2·r@-- R3·r@-- 罐=无罐 泵=0 阀=000000 速=+0,+0,+0.00 电=7.97V/0.81A/峰2.85 补余=0.0 IO错=0 倾+0.0 已放开
[  543.257] TLM t= 397.7 L1·r@-- L2·r@-- L3·r@-- R1·r@-- R2·r@-- R3·r@-- 罐=无罐 泵=0 阀=000000 速=+0,+0,+0.00 电=7.98V/0.81A/峰2.85 补余=0.0 IO错=0 倾+0.0 已放开
[  543.762] TLM t= 398.2 L1·r@-- L2·r@-- L3·r@-- R1·r@-- R2·r@-- R3·r@-- 罐=无罐 泵=0 阀=000000 速=+0,+0,+0.00 电=7.97V/0.81A/峰2.85 补余=0.0 IO错=0 倾+0.0 已放开
[  544.261] TLM t= 398.7 L1·r@-- L2·r@-- L3·r@-- R1·r@-- R2·r@-- R3·r@-- 罐=无罐 泵=0 阀=000000 速=+0,+0,+0.00 电=7.98V/0.81A/峰2.85 补余=0.0 IO错=0 倾+0.0 已放开
[  544.765] TLM t= 399.2 L1·r@-- L2·r@-- L3·r@-- R1·r@-- R2·r@-- R3·r@-- 罐=无罐 泵=0 阀=000000 速=+0,+0,+0.00 电=7.97V/0.81A/峰2.85 补余=0.0 IO错=0 倾+0.0 已放开
[  545.267] TLM t= 399.7 L1·r@-- L2·r@-- L3·r@-- R1·r@-- R2·r@-- R3·r@-- 罐=无罐 泵=0 阀=000000 速=+0,+0,+0.00 电=7.97V/0.81A/峰2.85 补余=0.0 IO错=0 倾+0.0 已放开
[  545.763] TLM t= 400.2 L1·r@-- L2·r@-- L3·r@-- R1·r@-- R2·r@-- R3·r@-- 罐=无罐 泵=0 阀=000000 速=+0,+0,+0.00 电=7.97V/0.81A/峰2.85 补余=0.0 IO错=0 倾+0.0 已放开
[  546.268] TLM t= 400.7 L1·r@-- L2·r@-- L3·r@-- R1·r@-- R2·r@-- R3·r@-- 罐=无罐 泵=0 阀=000000 速=+0,+0,+0.00 电=7.97V/0.81A/峰2.85 补余=0.0 IO错=0 倾+0.0 已放开
[  546.767] TLM t= 401.2 L1·r@-- L2·r@-- L3·r@-- R1·r@-- R2·r@-- R3·r@-- 罐=无罐 泵=0 阀=000000 速=+0,+0,+0.00 电=7.97V/0.81A/峰2.85 补余=0.0 IO错=0 倾+0.0 已放开
[  547.270] TLM t= 401.7 L1·r@-- L2·r@-- L3·r@-- R1·r@-- R2·r@-- R3·r@-- 罐=无罐 泵=0 阀=000000 速=+0,+0,+0.00 电=7.97V/0.81A/峰2.85 补余=0.0 IO错=0 倾+0.0 已放开
[  547.441] EVT 键 '\x1b' 倾=+0.0待=+0.0（已放开）
[  547.582] EVT 退出序列：停泵 → 逐足串行放气（通→断，0.2s 间隔） → 舵机断电（不回站姿）
[  547.886] TLM t= 402.0 L1·r@-- L2·r@-- L3·r@-- R1·r@-- R2·r@-- R3·r@-- 罐=无罐 泵=0 阀=000000 速=+0,+0,+0.00 电=7.97V/0.73A/峰2.85 补余=0.0 IO错=0 退出放气
[  547.906] EVT 阀 L1 →抽气位
[  548.127] EVT 阀 L2 →抽气位
[  548.348] EVT 阀 L3 →抽气位
[  548.401] TLM t= 402.0 L1·r@-- L2·r@-- L3·r@-- R1·r@-- R2·r@-- R3·r@-- 罐=无罐 泵=0 阀=111000 速=+0,+0,+0.00 电=8.01V/0.81A/峰2.85 补余=0.0 IO错=0 退出放气
[  548.582] EVT 阀 R1 →抽气位
[  548.802] EVT 阀 R2 →抽气位
[  548.905] TLM t= 402.0 L1·r@-- L2·r@-- L3·r@-- R1·r@-- R2·r@-- R3·r@-- 罐=无罐 泵=0 阀=111110 速=+0,+0,+0.00 电=8.02V/0.73A/峰2.85 补余=0.0 IO错=0 退出放气
[  549.026] EVT 阀 R3 →抽气位
[  549.226] EVT 退出：阀线圈已断电（coils_off）
[  549.329] EVT 退出序列完成（舵机断电）
[  549.329] EVT END 正常退出
