# 开跑 2026-08-26 10:20:37  argv: scripts/body_lean.py --no-tank --stand-height 62 --tilt-trim 6
# git: 6118789
# 模式=no-tank port=/dev/ttyACM0
# 参数: lean_step=5mm lean_speed=10mm/s press_delta=18mm stand=62 tilt_trim=6° handover=关 dual=0
# 阈值: ATTACH=-30.0 PUMP_ON=-60.0 PUMP_OFF=-75.0 comp_tail=72.3mm suck_timeout=2.5s
[    2.239] EVT 缓慢站起（竖直升至爬墙站位）
[    6.350] EVT 爬墙站位就位，进入就位暂停
[    6.462] TLM t=   0.0 L1·r@-- L2·r@-- L3·r@-- R1·r@-- R2·r@-- R3·r@-- 罐=无罐 泵=0 阀=000000 速=+0,+0,+0.00 电=7.89V/1.55A/峰1.55 补余=0.0 IO错=0 就位暂停
[    6.969] TLM t=   0.0 L1·r@-- L2·r@-- L3·r@-- R1·r@-- R2·r@-- R3·r@-- 罐=无罐 泵=0 阀=000000 速=+0,+0,+0.00 电=7.91V/1.47A/峰1.55 补余=0.0 IO错=0 就位暂停
[    7.474] TLM t=   0.0 L1·r@-- L2·r@-- L3·r@-- R1·r@-- R2·r@-- R3·r@-- 罐=无罐 泵=0 阀=000000 速=+0,+0,+0.00 电=7.91V/1.30A/峰1.55 补余=0.0 IO错=0 就位暂停
[    7.984] TLM t=   0.0 L1·r@-- L2·r@-- L3·r@-- R1·r@-- R2·r@-- R3·r@-- 罐=无罐 泵=0 阀=000000 速=+0,+0,+0.00 电=7.91V/1.47A/峰1.55 补余=0.0 IO错=0 就位暂停
[    8.491] TLM t=   0.0 L1·r@-- L2·r@-- L3·r@-- R1·r@-- R2·r@-- R3·r@-- 罐=无罐 泵=0 阀=000000 速=+0,+0,+0.00 电=7.90V/1.38A/峰1.55 补余=0.0 IO错=0 就位暂停
[    9.003] TLM t=   0.0 L1·r@-- L2·r@-- L3·r@-- R1·r@-- R2·r@-- R3·r@-- 罐=无罐 泵=0 阀=000000 速=+0,+0,+0.00 电=7.92V/0.98A/峰1.55 补余=0.0 IO错=0 就位暂停
[    9.509] TLM t=   0.0 L1·r@-- L2·r@-- L3·r@-- R1·r@-- R2·r@-- R3·r@-- 罐=无罐 泵=0 阀=000000 速=+0,+0,+0.00 电=7.92V/0.90A/峰1.55 补余=0.0 IO错=0 就位暂停
[   10.032] TLM t=   0.0 L1·r@-- L2·r@-- L3·r@-- R1·r@-- R2·r@-- R3·r@-- 罐=无罐 泵=0 阀=000000 速=+0,+0,+0.00 电=7.94V/0.73A/峰1.55 补余=0.0 IO错=0 就位暂停
[   10.542] TLM t=   0.0 L1·r@-- L2·r@-- L3·r@-- R1·r@-- R2·r@-- R3·r@-- 罐=无罐 泵=0 阀=000000 速=+0,+0,+0.00 电=7.94V/0.57A/峰1.55 补余=0.0 IO错=0 就位暂停
[   11.055] TLM t=   0.0 L1·r@-- L2·r@-- L3·r@-- R1·r@-- R2·r@-- R3·r@-- 罐=无罐 泵=0 阀=000000 速=+0,+0,+0.00 电=7.94V/0.65A/峰1.55 补余=0.0 IO错=0 就位暂停
[   11.565] TLM t=   0.0 L1·r@-- L2·r@-- L3·r@-- R1·r@-- R2·r@-- R3·r@-- 罐=无罐 泵=0 阀=000000 速=+0,+0,+0.00 电=7.94V/0.65A/峰1.55 补余=0.0 IO错=0 就位暂停
[   12.077] TLM t=   0.0 L1·r@-- L2·r@-- L3·r@-- R1·r@-- R2·r@-- R3·r@-- 罐=无罐 泵=0 阀=000000 速=+0,+0,+0.00 电=7.94V/0.73A/峰1.55 补余=0.0 IO错=0 就位暂停
[   12.587] TLM t=   0.0 L1·r@-- L2·r@-- L3·r@-- R1·r@-- R2·r@-- R3·r@-- 罐=无罐 泵=0 阀=000000 速=+0,+0,+0.00 电=7.93V/0.65A/峰1.55 补余=0.0 IO错=0 就位暂停
[   13.097] TLM t=   0.0 L1·r@-- L2·r@-- L3·r@-- R1·r@-- R2·r@-- R3·r@-- 罐=无罐 泵=0 阀=000000 速=+0,+0,+0.00 电=7.94V/0.65A/峰1.55 补余=0.0 IO错=0 就位暂停
[   13.607] TLM t=   0.0 L1·r@-- L2·r@-- L3·r@-- R1·r@-- R2·r@-- R3·r@-- 罐=无罐 泵=0 阀=000000 速=+0,+0,+0.00 电=7.94V/0.65A/峰1.55 补余=0.0 IO错=0 就位暂停
[   14.116] TLM t=   0.0 L1·r@-- L2·r@-- L3·r@-- R1·r@-- R2·r@-- R3·r@-- 罐=无罐 泵=0 阀=000000 速=+0,+0,+0.00 电=7.94V/0.57A/峰1.55 补余=0.0 IO错=0 就位暂停
[   14.625] TLM t=   0.0 L1·r@-- L2·r@-- L3·r@-- R1·r@-- R2·r@-- R3·r@-- 罐=无罐 泵=0 阀=000000 速=+0,+0,+0.00 电=7.95V/0.49A/峰1.55 补余=0.0 IO错=0 就位暂停
[   15.135] TLM t=   0.0 L1·r@-- L2·r@-- L3·r@-- R1·r@-- R2·r@-- R3·r@-- 罐=无罐 泵=0 阀=000000 速=+0,+0,+0.00 电=7.94V/0.57A/峰1.55 补余=0.0 IO错=0 就位暂停
[   15.640] TLM t=   0.0 L1·r@-- L2·r@-- L3·r@-- R1·r@-- R2·r@-- R3·r@-- 罐=无罐 泵=0 阀=000000 速=+0,+0,+0.00 电=7.94V/0.65A/峰1.55 补余=0.0 IO错=0 就位暂停
[   16.152] TLM t=   0.0 L1·r@-- L2·r@-- L3·r@-- R1·r@-- R2·r@-- R3·r@-- 罐=无罐 泵=0 阀=000000 速=+0,+0,+0.00 电=7.94V/0.57A/峰1.55 补余=0.0 IO错=0 就位暂停
[   16.661] TLM t=   0.0 L1·r@-- L2·r@-- L3·r@-- R1·r@-- R2·r@-- R3·r@-- 罐=无罐 泵=0 阀=000000 速=+0,+0,+0.00 电=7.94V/0.57A/峰1.55 补余=0.0 IO错=0 就位暂停
[   17.169] TLM t=   0.0 L1·r@-- L2·r@-- L3·r@-- R1·r@-- R2·r@-- R3·r@-- 罐=无罐 泵=0 阀=000000 速=+0,+0,+0.00 电=7.94V/0.57A/峰1.55 补余=0.0 IO错=0 就位暂停
[   17.676] TLM t=   0.0 L1·r@-- L2·r@-- L3·r@-- R1·r@-- R2·r@-- R3·r@-- 罐=无罐 泵=0 阀=000000 速=+0,+0,+0.00 电=7.94V/0.57A/峰1.55 补余=0.0 IO错=0 就位暂停
[   18.187] TLM t=   0.0 L1·r@-- L2·r@-- L3·r@-- R1·r@-- R2·r@-- R3·r@-- 罐=无罐 泵=0 阀=000000 速=+0,+0,+0.00 电=7.94V/0.49A/峰1.55 补余=0.0 IO错=0 就位暂停
[   18.693] TLM t=   0.0 L1·r@-- L2·r@-- L3·r@-- R1·r@-- R2·r@-- R3·r@-- 罐=无罐 泵=0 阀=000000 速=+0,+0,+0.00 电=7.94V/0.57A/峰1.55 补余=0.0 IO错=0 就位暂停
[   19.083] EVT 按 p：开始全吸附启动序列
[   19.084] EVT 相位 R3 stance→press
[   19.104] EVT 泵 开
[   19.213] TLM t=   0.0 L1·r@-- L2·r@-- L3·r@-- R1·r@-- R2·r@-- R3Pr@-- 罐=无罐 泵=1 阀=000000 速=+0,+0,+0.00 电=7.88V/0.57A/峰1.55 补余=0.0 IO错=0 倾+0.0
[   19.713] TLM t=   0.0 L1·r@-- L2·r@-- L3·r@-- R1·r@-- R2·r@-- R3Pr@-- 罐=无罐 泵=1 阀=000000 速=+0,+0,+0.00 电=7.91V/0.73A/峰1.55 补余=0.0 IO错=0 倾+0.0
[   20.219] TLM t=   0.0 L1·r@-- L2·r@-- L3·r@-- R1·r@-- R2·r@-- R3Pr@-- 罐=无罐 泵=1 阀=000000 速=+0,+0,+0.00 电=7.85V/0.90A/峰1.55 补余=0.0 IO错=0 倾+0.0
[   20.717] TLM t=   0.0 L1·r@-- L2·r@-- L3·r@-- R1·r@-- R2·r@-- R3Pr@-- 罐=无罐 泵=1 阀=000000 速=+0,+0,+0.00 电=7.86V/0.73A/峰1.55 补余=0.0 IO错=0 倾+0.0
[   21.222] TLM t=   0.0 L1·r@-- L2·r@-- L3·r@-- R1·r@-- R2·r@-- R3Pr@-- 罐=无罐 泵=1 阀=000000 速=+0,+0,+0.00 电=7.92V/0.73A/峰1.55 补余=0.0 IO错=0 倾+0.0
[   21.720] TLM t=   0.0 L1·r@-- L2·r@-- L3·r@-- R1·r@-- R2·r@-- R3Pr@-- 罐=无罐 泵=1 阀=000000 速=+0,+0,+0.00 电=7.92V/0.65A/峰1.55 补余=0.0 IO错=0 倾+0.0
[   22.072] EVT 吸附 R3 released→pressing 在态3.00s
[   22.073] EVT 相位 R3 press→wait
[   22.093] EVT 泵 停
[   22.222] TLM t=   0.0 L1·r@-- L2·r@-- L3·r@-- R1·r@-- R2·r@-- R3Wp@-- 罐=无罐 泵=0 阀=000000 速=+0,+0,+0.00 电=7.93V/0.73A/峰1.55 补余=0.0 IO错=0 倾+0.0
[   22.373] EVT 吸附 R3 pressing→sucking 在态0.30s
[   22.374] EVT 阀 R3 →抽气位
[   22.397] EVT 泵 开
[   22.654] EVT 吸附 R3 sucking→attached 在态0.28s -70.1kPa
[   22.655] EVT 相位 R3 wait→stance
[   22.675] EVT 相位 L1 stance→press
[   22.725] TLM t=   0.0 L1Pr@-- L2·r@-- L3·r@-- R1·r@-- R2·r@-- R3·A@-72 罐=无罐 泵=1 阀=000001 速=+0,+0,+0.00 电=7.92V/0.49A/峰1.55 补余=0.0 IO错=0 倾+0.0
[   22.878] EVT 泵 停 最差盘压-75.7
[   23.225] TLM t=   0.0 L1Pr@-- L2·r@-- L3·r@-- R1·r@-- R2·r@-- R3·A@-76 罐=无罐 泵=0 阀=000001 速=+0,+0,+0.00 电=7.94V/0.81A/峰1.55 补余=0.0 IO错=0 倾+0.0
[   23.730] TLM t=   0.0 L1Pr@-- L2·r@-- L3·r@-- R1·r@-- R2·r@-- R3·A@-75 罐=无罐 泵=0 阀=000001 速=+0,+0,+0.00 电=7.94V/0.81A/峰1.55 补余=0.0 IO错=0 倾+0.0
[   23.857] EVT 吸附 L1 released→pressing 在态4.78s
[   23.858] EVT 相位 L1 press→wait
[   24.178] EVT 吸附 L1 pressing→sucking 在态0.32s
[   24.179] EVT 阀 L1 →抽气位
[   24.204] EVT 泵 开 最差盘压-74.2
[   24.249] TLM t=   0.0 L1Ws@-3 L2·r@-- L3·r@-- R1·r@-- R2·r@-- R3·A@-74 罐=无罐 泵=1 阀=100001 速=+0,+0,+0.00 电=7.89V/0.81A/峰1.55 补余=0.0 IO错=0 倾+0.0
[   24.539] EVT 吸附 L1 sucking→attached 在态0.36s -68.9kPa
[   24.540] EVT 相位 L1 wait→stance
[   24.565] EVT 相位 R2 stance→press
[   24.754] TLM t=   0.0 L1·A@-75 L2·r@-- L3·r@-- R1·r@-- R2Pr@-- R3·A@-75 罐=无罐 泵=1 阀=100001 速=+0,+0,+0.00 电=7.94V/0.81A/峰1.55 补余=0.0 IO错=0 倾+0.0
[   24.806] EVT 泵 停 最差盘压-75.7
[   25.280] TLM t=   0.0 L1·A@-76 L2·r@-- L3·r@-- R1·r@-- R2Pr@-- R3·A@-76 罐=无罐 泵=0 阀=100001 速=+0,+0,+0.00 电=7.95V/0.90A/峰1.55 补余=0.0 IO错=0 倾+0.0
[   25.743] EVT 吸附 R2 released→pressing 在态6.66s
[   25.743] EVT 相位 R2 press→wait
[   25.779] TLM t=   0.0 L1·A@-76 L2·r@-- L3·r@-- R1·r@-- R2Wp@-- R3·A@-75 罐=无罐 泵=0 阀=100001 速=+0,+0,+0.00 电=7.95V/0.73A/峰1.55 补余=0.0 IO错=0 倾+0.0
[   26.072] EVT 吸附 R2 pressing→sucking 在态0.32s
[   26.073] EVT 阀 R2 →抽气位
[   26.090] EVT 泵 开 最差盘压-74.8
[   26.278] TLM t=   0.0 L1·A@-76 L2·r@-- L3·r@-- R1·r@-- R2Ws@-67 R3·A@-75 罐=无罐 泵=1 阀=100011 速=+0,+0,+0.00 电=7.92V/0.81A/峰1.55 补余=0.0 IO错=0 倾+0.0
[   26.371] EVT 吸附 R2 sucking→attached 在态0.30s -68.7kPa
[   26.374] EVT 相位 R2 wait→stance
[   26.391] EVT 相位 L3 stance→press
[   26.752] EVT 泵 停 最差盘压-75.0
[   26.805] TLM t=   0.0 L1·A@-76 L2·r@-- L3Pr@-- R1·r@-- R2·A@-75 R3·A@-76 罐=无罐 泵=0 阀=100011 速=+0,+0,+0.00 电=7.97V/0.65A/峰1.55 补余=0.0 IO错=0 倾+0.0
[   27.320] TLM t=   0.0 L1·A@-76 L2·r@-- L3Pr@-- R1·r@-- R2·A@-74 R3·A@-75 罐=无罐 泵=0 阀=100011 速=+0,+0,+0.00 电=7.97V/0.65A/峰1.55 补余=0.0 IO错=0 倾+0.0
[   27.577] EVT 吸附 L3 released→pressing 在态8.48s
[   27.578] EVT 相位 L3 press→wait
[   27.825] TLM t=   0.0 L1·A@-75 L2·r@-- L3Wp@-- R1·r@-- R2·A@-73 R3·A@-74 罐=无罐 泵=0 阀=100011 速=+0,+0,+0.00 电=7.97V/0.73A/峰1.55 补余=0.0 IO错=0 倾+0.0
[   27.895] EVT 吸附 L3 pressing→sucking 在态0.32s
[   27.896] EVT 阀 L3 →抽气位
[   27.916] EVT 泵 开 最差盘压-73.2
[   28.194] EVT 吸附 L3 sucking→attached 在态0.30s -62.6kPa
[   28.197] EVT 相位 L3 wait→stance
[   28.217] EVT 相位 R1 stance→press
[   28.349] TLM t=   0.0 L1·A@-75 L2·r@-- L3·A@-70 R1Pr@-- R2·A@-73 R3·A@-74 罐=无罐 泵=1 阀=101011 速=+0,+0,+0.00 电=7.96V/0.73A/峰1.55 补余=0.0 IO错=0 倾+0.0
[   28.638] EVT 泵 停 最差盘压-75.1
[   28.848] TLM t=   0.0 L1·A@-76 L2·r@-- L3·A@-76 R1Pr@-- R2·A@-76 R3·A@-76 罐=无罐 泵=0 阀=101011 速=+0,+0,+0.00 电=7.98V/0.73A/峰1.55 补余=0.0 IO错=0 倾+0.0
[   29.368] TLM t=   0.0 L1·A@-76 L2·r@-- L3·A@-76 R1Pr@-- R2·A@-75 R3·A@-75 罐=无罐 泵=0 阀=101011 速=+0,+0,+0.00 电=7.98V/0.81A/峰1.55 补余=0.0 IO错=0 倾+0.0
[   29.400] EVT 吸附 R1 released→pressing 在态10.30s
[   29.400] EVT 相位 R1 press→wait
[   29.721] EVT 吸附 R1 pressing→sucking 在态0.32s
[   29.721] EVT 阀 R1 →抽气位
[   29.746] EVT 泵 开 最差盘压-74.7
[   29.878] TLM t=   0.0 L1·A@-76 L2·r@-- L3·A@-75 R1Ws@-50 R2·A@-75 R3·A@-75 罐=无罐 泵=1 阀=101111 速=+0,+0,+0.00 电=7.97V/0.57A/峰1.55 补余=0.0 IO错=0 倾+0.0
[   30.086] EVT 吸附 R1 sucking→attached 在态0.36s -69.2kPa
[   30.087] EVT 相位 R1 wait→stance
[   30.112] EVT 相位 L2 stance→press
[   30.353] EVT 泵 停 最差盘压-75.3
[   30.376] TLM t=   0.0 L1·A@-76 L2Pr@-- L3·A@-76 R1·A@-75 R2·A@-76 R3·A@-76 罐=无罐 泵=0 阀=101111 速=+0,+0,+0.00 电=8.00V/0.65A/峰1.55 补余=0.0 IO错=0 倾+0.0
[   30.877] TLM t=   0.0 L1·A@-76 L2Pr@-- L3·A@-76 R1·A@-76 R2·A@-76 R3·A@-76 罐=无罐 泵=0 阀=101111 速=+0,+0,+0.00 电=8.00V/0.57A/峰1.55 补余=0.0 IO错=0 倾+0.0
[   31.290] EVT 吸附 L2 released→pressing 在态12.18s
[   31.295] EVT 相位 L2 press→wait
[   31.384] TLM t=   0.0 L1·A@-76 L2Wp@-- L3·A@-76 R1·A@-75 R2·A@-75 R3·A@-75 罐=无罐 泵=0 阀=101111 速=+0,+0,+0.00 电=7.99V/0.73A/峰1.55 补余=0.0 IO错=0 倾+0.0
[   31.616] EVT 吸附 L2 pressing→sucking 在态0.32s
[   31.616] EVT 阀 L2 →抽气位
[   31.634] EVT 泵 开 最差盘压-75.0
[   31.901] TLM t=   0.0 L1·A@-76 L2Ws@-67 L3·A@-76 R1·A@-75 R2·A@-75 R3·A@-75 罐=无罐 泵=1 阀=111111 速=+0,+0,+0.00 电=7.94V/0.49A/峰1.55 补余=0.0 IO错=0 倾+0.0
[   31.912] EVT 吸附 L2 sucking→attached 在态0.30s -66.9kPa
[   31.917] EVT 相位 L2 wait→stance
[   31.917] EVT ✓ 六足全吸附，启动序列完成，相位钟开始
[   32.235] EVT 泵 停 最差盘压-75.2
[   32.409] TLM t=   0.5 L1·A@-76 L2·A@-76 L3·A@-76 R1·A@-75 R2·A@-76 R3·A@-76 罐=无罐 泵=0 阀=111111 速=+0,+0,+0.00 电=8.01V/0.57A/峰1.55 补余=0.0 IO错=0 倾+0.0
[   32.913] TLM t=   1.0 L1·A@-76 L2·A@-75 L3·A@-76 R1·A@-75 R2·A@-75 R3·A@-75 罐=无罐 泵=0 阀=111111 速=+0,+0,+0.00 电=8.01V/0.57A/峰1.55 补余=0.0 IO错=0 倾+0.0
[   33.436] TLM t=   1.5 L1·A@-76 L2·A@-75 L3·A@-76 R1·A@-75 R2·A@-75 R3·A@-75 罐=无罐 泵=0 阀=111111 速=+0,+0,+0.00 电=8.01V/0.57A/峰1.55 补余=0.0 IO错=0 倾+0.0
[   33.942] TLM t=   2.0 L1·A@-76 L2·A@-74 L3·A@-76 R1·A@-75 R2·A@-74 R3·A@-74 罐=无罐 泵=0 阀=111111 速=+0,+0,+0.00 电=8.01V/0.57A/峰1.55 补余=0.0 IO错=0 倾+0.0
[   34.459] TLM t=   2.5 L1·A@-76 L2·A@-74 L3·A@-76 R1·A@-75 R2·A@-74 R3·A@-73 罐=无罐 泵=0 阀=111111 速=+0,+0,+0.00 电=8.01V/0.57A/峰1.55 补余=0.0 IO错=0 倾+0.0
[   34.963] TLM t=   3.0 L1·A@-76 L2·A@-73 L3·A@-76 R1·A@-75 R2·A@-73 R3·A@-73 罐=无罐 泵=0 阀=111111 速=+0,+0,+0.00 电=8.01V/0.65A/峰1.55 补余=0.0 IO错=0 倾+0.0
[   35.485] TLM t=   3.5 L1·A@-75 L2·A@-73 L3·A@-75 R1·A@-75 R2·A@-73 R3·A@-72 罐=无罐 泵=0 阀=111111 速=+0,+0,+0.00 电=8.01V/0.65A/峰1.55 补余=0.0 IO错=0 倾+0.0
[   35.988] TLM t=   4.0 L1·A@-75 L2·A@-72 L3·A@-75 R1·A@-74 R2·A@-73 R3·A@-71 罐=无罐 泵=0 阀=111111 速=+0,+0,+0.00 电=8.01V/0.65A/峰1.55 补余=0.0 IO错=0 倾+0.0
[   36.509] TLM t=   4.6 L1·A@-75 L2·A@-72 L3·A@-75 R1·A@-74 R2·A@-72 R3·A@-71 罐=无罐 泵=0 阀=111111 速=+0,+0,+0.00 电=8.01V/0.57A/峰1.55 补余=0.0 IO错=0 倾+0.0
[   37.013] TLM t=   5.1 L1·A@-75 L2·A@-71 L3·A@-75 R1·A@-74 R2·A@-72 R3·A@-70 罐=无罐 泵=0 阀=111111 速=+0,+0,+0.00 电=8.00V/0.57A/峰1.55 补余=0.0 IO错=0 倾+0.0
[   37.531] TLM t=   5.6 L1·A@-75 L2·A@-71 L3·A@-75 R1·A@-74 R2·A@-71 R3·A@-69 罐=无罐 泵=0 阀=111111 速=+0,+0,+0.00 电=8.00V/0.57A/峰1.55 补余=0.0 IO错=0 倾+0.0
[   38.047] TLM t=   6.1 L1·A@-75 L2·A@-70 L3·A@-75 R1·A@-74 R2·A@-71 R3·A@-69 罐=无罐 泵=0 阀=111111 速=+0,+0,+0.00 电=8.00V/0.73A/峰1.55 补余=0.0 IO错=0 倾+0.0
[   38.553] TLM t=   6.6 L1·A@-75 L2·A@-70 L3·A@-75 R1·A@-74 R2·A@-71 R3·A@-68 罐=无罐 泵=0 阀=111111 速=+0,+0,+0.00 电=8.01V/0.65A/峰1.55 补余=0.0 IO错=0 倾+0.0
[   39.052] TLM t=   7.1 L1·A@-74 L2·A@-69 L3·A@-75 R1·A@-74 R2·A@-70 R3·A@-67 罐=无罐 泵=0 阀=111111 速=+0,+0,+0.00 电=8.00V/0.65A/峰1.55 补余=0.0 IO错=0 倾+0.0
[   39.559] TLM t=   7.6 L1·A@-74 L2·A@-69 L3·A@-75 R1·A@-74 R2·A@-70 R3·A@-67 罐=无罐 泵=0 阀=111111 速=+0,+0,+0.00 电=8.01V/0.65A/峰1.55 补余=0.0 IO错=0 倾+0.0
[   40.060] TLM t=   8.1 L1·A@-74 L2·A@-68 L3·A@-75 R1·A@-74 R2·A@-69 R3·A@-66 罐=无罐 泵=0 阀=111111 速=+0,+0,+0.00 电=8.01V/0.57A/峰1.55 补余=0.0 IO错=0 倾+0.0
[   40.584] TLM t=   8.6 L1·A@-74 L2·A@-68 L3·A@-75 R1·A@-74 R2·A@-69 R3·A@-66 罐=无罐 泵=0 阀=111111 速=+0,+0,+0.00 电=8.01V/0.65A/峰1.55 补余=0.0 IO错=0 倾+0.0
[   41.088] TLM t=   9.1 L1·A@-74 L2·A@-67 L3·A@-75 R1·A@-74 R2·A@-69 R3·A@-65 罐=无罐 泵=0 阀=111111 速=+0,+0,+0.00 电=8.01V/0.65A/峰1.55 补余=0.0 IO错=0 倾+0.0
[   41.608] TLM t=   9.6 L1·A@-74 L2·A@-67 L3·A@-74 R1·A@-74 R2·A@-68 R3·A@-64 罐=无罐 泵=0 阀=111111 速=+0,+0,+0.00 电=8.00V/0.65A/峰1.55 补余=0.0 IO错=0 倾+0.0
[   42.111] TLM t=  10.1 L1·A@-74 L2·A@-66 L3·A@-74 R1·A@-74 R2·A@-68 R3·A@-64 罐=无罐 泵=0 阀=111111 速=+0,+0,+0.00 电=8.01V/0.65A/峰1.55 补余=0.0 IO错=0 倾+0.0
[   42.637] TLM t=  10.6 L1·A@-74 L2·A@-66 L3·A@-74 R1·A@-73 R2·A@-67 R3·A@-63 罐=无罐 泵=0 阀=111111 速=+0,+0,+0.00 电=8.01V/0.65A/峰1.55 补余=0.0 IO错=0 倾+0.0
[   43.140] TLM t=  11.1 L1·A@-74 L2·A@-66 L3·A@-74 R1·A@-73 R2·A@-67 R3·A@-63 罐=无罐 泵=0 阀=111111 速=+0,+0,+0.00 电=8.01V/0.65A/峰1.55 补余=0.0 IO错=0 倾+0.0
[   43.665] TLM t=  11.7 L1·A@-74 L2·A@-65 L3·A@-74 R1·A@-73 R2·A@-67 R3·A@-62 罐=无罐 泵=0 阀=111111 速=+0,+0,+0.00 电=8.01V/0.65A/峰1.55 补余=0.0 IO错=0 倾+0.0
[   44.167] TLM t=  12.2 L1·A@-73 L2·A@-65 L3·A@-74 R1·A@-73 R2·A@-66 R3·A@-61 罐=无罐 泵=0 阀=111111 速=+0,+0,+0.00 电=8.01V/0.65A/峰1.55 补余=0.0 IO错=0 倾+0.0
[   44.688] TLM t=  12.7 L1·A@-73 L2·A@-64 L3·A@-74 R1·A@-73 R2·A@-66 R3·A@-61 罐=无罐 泵=0 阀=111111 速=+0,+0,+0.00 电=8.01V/0.65A/峰1.55 补余=0.0 IO错=0 倾+0.0
[   45.191] TLM t=  13.2 L1·A@-73 L2·A@-64 L3·A@-74 R1·A@-73 R2·A@-66 R3·A@-60 罐=无罐 泵=0 阀=111111 速=+0,+0,+0.00 电=8.01V/0.65A/峰1.55 补余=0.0 IO错=0 倾+0.0
[   45.423] EVT 泵 开 最差盘压-59.9
[   45.712] TLM t=  13.7 L1·A@-73 L2·A@-64 L3·A@-74 R1·A@-73 R2·A@-65 R3·A@-62 罐=无罐 泵=1 阀=111111 速=+0,+0,+0.00 电=7.98V/0.65A/峰1.55 补余=0.0 IO错=0 倾+0.0
[   46.215] TLM t=  14.2 L1·A@-75 L2·A@-75 L3·A@-75 R1·A@-74 R2·A@-75 R3·A@-75 罐=无罐 泵=1 阀=111111 速=+0,+0,+0.00 电=7.92V/0.57A/峰1.55 补余=0.0 IO错=0 倾+0.0
[   46.327] EVT 泵 停 最差盘压-75.1
[   46.736] TLM t=  14.7 L1·A@-76 L2·A@-76 L3·A@-76 R1·A@-76 R2·A@-76 R3·A@-76 罐=无罐 泵=0 阀=111111 速=+0,+0,+0.00 电=8.01V/0.57A/峰1.55 补余=0.0 IO错=0 倾+0.0
[   47.241] TLM t=  15.2 L1·A@-76 L2·A@-76 L3·A@-76 R1·A@-76 R2·A@-75 R3·A@-75 罐=无罐 泵=0 阀=111111 速=+0,+0,+0.00 电=8.01V/0.65A/峰1.55 补余=0.0 IO错=0 倾+0.0
[   47.759] TLM t=  15.7 L1·A@-76 L2·A@-75 L3·A@-76 R1·A@-75 R2·A@-75 R3·A@-74 罐=无罐 泵=0 阀=111111 速=+0,+0,+0.00 电=8.00V/0.65A/峰1.55 补余=0.0 IO错=0 倾+0.0
[   48.262] TLM t=  16.2 L1·A@-76 L2·A@-74 L3·A@-76 R1·A@-75 R2·A@-74 R3·A@-74 罐=无罐 泵=0 阀=111111 速=+0,+0,+0.00 电=8.01V/0.57A/峰1.55 补余=0.0 IO错=0 倾+0.0
[   48.783] TLM t=  16.8 L1·A@-76 L2·A@-74 L3·A@-76 R1·A@-75 R2·A@-74 R3·A@-73 罐=无罐 泵=0 阀=111111 速=+0,+0,+0.00 电=8.00V/0.65A/峰1.55 补余=0.0 IO错=0 倾+0.0
[   49.287] TLM t=  17.3 L1·A@-76 L2·A@-74 L3·A@-76 R1·A@-75 R2·A@-73 R3·A@-72 罐=无罐 泵=0 阀=111111 速=+0,+0,+0.00 电=8.01V/0.65A/峰1.55 补余=0.0 IO错=0 倾+0.0
[   49.808] TLM t=  17.8 L1·A@-75 L2·A@-73 L3·A@-76 R1·A@-75 R2·A@-73 R3·A@-72 罐=无罐 泵=0 阀=111111 速=+0,+0,+0.00 电=8.01V/0.65A/峰1.55 补余=0.0 IO错=0 倾+0.0
[   50.317] TLM t=  18.3 L1·A@-75 L2·A@-73 L3·A@-76 R1·A@-75 R2·A@-73 R3·A@-71 罐=无罐 泵=0 阀=111111 速=+0,+0,+0.00 电=8.01V/0.65A/峰1.55 补余=0.0 IO错=0 倾+0.0
[   50.836] TLM t=  18.8 L1·A@-75 L2·A@-72 L3·A@-76 R1·A@-75 R2·A@-72 R3·A@-71 罐=无罐 泵=0 阀=111111 速=+0,+0,+0.00 电=8.01V/0.73A/峰1.55 补余=0.0 IO错=0 倾+0.0
[   51.341] TLM t=  19.3 L1·A@-75 L2·A@-72 L3·A@-75 R1·A@-75 R2·A@-72 R3·A@-70 罐=无罐 泵=0 阀=111111 速=+0,+0,+0.00 电=8.01V/0.65A/峰1.55 补余=0.0 IO错=0 倾+0.0
[   51.860] TLM t=  19.8 L1·A@-75 L2·A@-71 L3·A@-75 R1·A@-75 R2·A@-71 R3·A@-69 罐=无罐 泵=0 阀=111111 速=+0,+0,+0.00 电=8.00V/0.73A/峰1.55 补余=0.0 IO错=0 倾+0.0
[   52.362] TLM t=  20.3 L1·A@-75 L2·A@-71 L3·A@-75 R1·A@-75 R2·A@-71 R3·A@-69 罐=无罐 泵=0 阀=111111 速=+0,+0,+0.00 电=8.01V/0.65A/峰1.55 补余=0.0 IO错=0 倾+0.0
[   52.886] TLM t=  20.8 L1·A@-75 L2·A@-70 L3·A@-75 R1·A@-75 R2·A@-71 R3·A@-68 罐=无罐 泵=0 阀=111111 速=+0,+0,+0.00 电=8.01V/0.65A/峰1.55 补余=0.0 IO错=0 倾+0.0
[   53.213] EVT 倾身 +10mm（对时标记 去程）
[   53.213] EVT 实验序列开跑：标记+自动轮换 3 轮
[   53.213] EVT 键 't' 倾=+0.0待=+10.0
[   53.390] TLM t=  21.3 L1·A@-75 L2·A@-70 L3·A@-75 R1·A@-75 R2·A@-70 R3·A@-67 罐=无罐 泵=0 阀=111111 速=+0,+0,+0.00 电=7.99V/1.22A/峰1.55 补余=0.0 IO错=0 倾+1.8→+10 对时标记
[   53.912] TLM t=  21.9 L1·A@-75 L2·A@-69 L3·A@-75 R1·A@-75 R2·A@-70 R3·A@-67 罐=无罐 泵=0 阀=111111 速=+0,+0,+0.00 电=7.92V/2.28A/峰2.28 补余=0.0 IO错=0 倾+7.0→+10 对时标记
[   54.417] TLM t=  22.4 L1·A@-74 L2·A@-69 L3·A@-75 R1·A@-75 R2·A@-69 R3·A@-66 罐=无罐 泵=0 阀=111111 速=+0,+0,+0.00 电=7.93V/2.04A/峰2.28 补余=0.0 IO错=0 倾+10.0 对时标记
[   54.937] TLM t=  22.9 L1·A@-74 L2·A@-69 L3·A@-75 R1·A@-75 R2·A@-69 R3·A@-66 罐=无罐 泵=0 阀=111111 速=+0,+0,+0.00 电=7.92V/2.28A/峰2.28 补余=0.0 IO错=0 倾+10.0 对时标记
[   55.445] TLM t=  23.4 L1·A@-74 L2·A@-68 L3·A@-75 R1·A@-74 R2·A@-69 R3·A@-65 罐=无罐 泵=0 阀=111111 速=+0,+0,+0.00 电=7.92V/2.28A/峰2.28 补余=0.0 IO错=0 倾+10.0 对时标记
[   55.964] TLM t=  23.9 L1·A@-74 L2·A@-68 L3·A@-75 R1·A@-74 R2·A@-68 R3·A@-64 罐=无罐 泵=0 阀=111111 速=+0,+0,+0.00 电=7.92V/2.12A/峰2.28 补余=0.0 IO错=0 倾+10.0 对时标记
[   56.218] EVT 倾身 -10mm（对时标记 回程）
[   56.468] TLM t=  24.4 L1·A@-74 L2·A@-67 L3·A@-75 R1·A@-74 R2·A@-68 R3·A@-64 罐=无罐 泵=0 阀=111111 速=+0,+0,+0.00 电=7.96V/1.38A/峰2.28 补余=0.0 IO错=0 倾+7.6→+0 对时标记
[   56.991] TLM t=  24.9 L1·A@-74 L2·A@-67 L3·A@-75 R1·A@-74 R2·A@-68 R3·A@-63 罐=无罐 泵=0 阀=111111 速=+0,+0,+0.00 电=8.01V/0.65A/峰2.28 补余=0.0 IO错=0 倾+2.4→+0 对时标记
[   57.494] TLM t=  25.4 L1·A@-74 L2·A@-66 L3·A@-75 R1·A@-74 R2·A@-67 R3·A@-63 罐=无罐 泵=0 阀=111111 速=+0,+0,+0.00 电=8.01V/0.65A/峰2.28 补余=0.0 IO错=0 倾+0.0 对时标记
[   58.018] TLM t=  25.9 L1·A@-74 L2·A@-66 L3·A@-75 R1·A@-74 R2·A@-67 R3·A@-62 罐=无罐 泵=0 阀=111111 速=+0,+0,+0.00 电=8.01V/0.65A/峰2.28 补余=0.0 IO错=0 倾+0.0 对时标记
[   58.519] TLM t=  26.4 L1·A@-74 L2·A@-66 L3·A@-75 R1·A@-74 R2·A@-66 R3·A@-61 罐=无罐 泵=0 阀=111111 速=+0,+0,+0.00 电=8.00V/0.57A/峰2.28 补余=0.0 IO错=0 倾+0.0 对时标记
[   59.046] TLM t=  27.0 L1·A@-74 L2·A@-65 L3·A@-75 R1·A@-74 R2·A@-66 R3·A@-61 罐=无罐 泵=0 阀=111111 速=+0,+0,+0.00 电=8.01V/0.65A/峰2.28 补余=0.0 IO错=0 倾+0.0 对时标记
[   59.550] TLM t=  27.5 L1·A@-74 L2·A@-65 L3·A@-74 R1·A@-74 R2·A@-66 R3·A@-60 罐=无罐 泵=0 阀=111111 速=+0,+0,+0.00 电=8.01V/0.65A/峰2.28 补余=0.0 IO错=0 倾+0.0 对时标记
[   59.901] EVT 泵 开 最差盘压-59.9
[   60.069] TLM t=  28.0 L1·A@-74 L2·A@-64 L3·A@-74 R1·A@-74 R2·A@-65 R3·A@-60 罐=无罐 泵=1 阀=111111 速=+0,+0,+0.00 电=7.98V/0.49A/峰2.28 补余=0.0 IO错=0 倾+0.0 对时标记
[   60.574] TLM t=  28.5 L1·A@-73 L2·A@-73 L3·A@-74 R1·A@-74 R2·A@-73 R3·A@-74 罐=无罐 泵=1 阀=111111 速=+0,+0,+0.00 电=7.93V/0.81A/峰2.28 补余=0.0 IO错=0 倾+0.0 对时标记
[   60.806] EVT 泵 停 最差盘压-75.2
[   61.096] TLM t=  29.0 L1·A@-76 L2·A@-76 L3·A@-76 R1·A@-76 R2·A@-76 R3·A@-76 罐=无罐 泵=0 阀=111111 速=+0,+0,+0.00 电=8.00V/0.65A/峰2.28 补余=0.0 IO错=0 倾+0.0 对时标记
[   61.605] TLM t=  29.5 L1·A@-76 L2·A@-76 L3·A@-76 R1·A@-76 R2·A@-75 R3·A@-75 罐=无罐 泵=0 阀=111111 速=+0,+0,+0.00 电=8.01V/0.65A/峰2.28 补余=0.0 IO错=0 倾+0.0 对时标记
[   62.110] TLM t=  30.0 L1·A@-76 L2·A@-75 L3·A@-76 R1·A@-76 R2·A@-75 R3·A@-75 罐=无罐 泵=0 阀=111111 速=+0,+0,+0.00 电=8.01V/0.65A/峰2.28 补余=0.0 IO错=0 倾+0.0 对时标记
[   62.613] TLM t=  30.5 L1·A@-76 L2·A@-75 L3·A@-76 R1·A@-76 R2·A@-74 R3·A@-74 罐=无罐 泵=0 阀=111111 速=+0,+0,+0.00 电=8.01V/0.65A/峰2.28 补余=0.0 IO错=0 倾+0.0 对时标记
[   63.134] TLM t=  31.0 L1·A@-76 L2·A@-74 L3·A@-76 R1·A@-76 R2·A@-74 R3·A@-73 罐=无罐 泵=0 阀=111111 速=+0,+0,+0.00 电=8.01V/0.65A/峰2.28 补余=0.0 IO错=0 倾+0.0 对时标记
[   63.639] TLM t=  31.5 L1·A@-76 L2·A@-74 L3·A@-76 R1·A@-75 R2·A@-74 R3·A@-73 罐=无罐 泵=0 阀=111111 速=+0,+0,+0.00 电=8.01V/0.65A/峰2.28 补余=0.0 IO错=0 倾+0.0 对时标记
[   64.159] TLM t=  32.0 L1·A@-76 L2·A@-73 L3·A@-76 R1·A@-75 R2·A@-73 R3·A@-72 罐=无罐 泵=0 阀=111111 速=+0,+0,+0.00 电=8.01V/0.65A/峰2.28 补余=0.0 IO错=0 倾+0.0 对时标记
[   64.660] TLM t=  32.5 L1·A@-76 L2·A@-73 L3·A@-76 R1·A@-75 R2·A@-73 R3·A@-71 罐=无罐 泵=0 阀=111111 速=+0,+0,+0.00 电=8.01V/0.65A/峰2.28 补余=0.0 IO错=0 倾+0.0 对时标记
[   65.184] TLM t=  33.0 L1·A@-75 L2·A@-72 L3·A@-76 R1·A@-75 R2·A@-72 R3·A@-71 罐=无罐 泵=0 阀=111111 速=+0,+0,+0.00 电=8.01V/0.65A/峰2.28 补余=0.0 IO错=0 倾+0.0 对时标记
[   65.689] TLM t=  33.5 L1·A@-75 L2·A@-72 L3·A@-76 R1·A@-75 R2·A@-72 R3·A@-70 罐=无罐 泵=0 阀=111111 速=+0,+0,+0.00 电=8.01V/0.65A/峰2.28 补余=0.0 IO错=0 倾+0.0 对时标记
[   66.214] TLM t=  34.1 L1·A@-75 L2·A@-72 L3·A@-76 R1·A@-75 R2·A@-72 R3·A@-70 罐=无罐 泵=0 阀=111111 速=+0,+0,+0.00 电=8.01V/0.57A/峰2.28 补余=0.0 IO错=0 倾+0.0 对时标记
[   66.735] TLM t=  34.6 L1·A@-75 L2·A@-71 L3·A@-76 R1·A@-75 R2·A@-71 R3·A@-69 罐=无罐 泵=0 阀=111111 速=+0,+0,+0.00 电=8.01V/0.65A/峰2.28 补余=0.0 IO错=0 倾+0.0 对时标记
[   67.233] TLM t=  35.1 L1·A@-75 L2·A@-71 L3·A@-76 R1·A@-75 R2·A@-71 R3·A@-68 罐=无罐 泵=0 阀=111111 速=+0,+0,+0.00 电=8.00V/0.57A/峰2.28 补余=0.0 IO错=0 倾+0.0 对时标记
[   67.757] TLM t=  35.6 L1·A@-75 L2·A@-70 L3·A@-75 R1·A@-75 R2·A@-70 R3·A@-68 罐=无罐 泵=0 阀=111111 速=+0,+0,+0.00 电=8.01V/0.65A/峰2.28 补余=0.0 IO错=0 倾+0.0 对时标记
[   68.260] TLM t=  36.1 L1·A@-75 L2·A@-70 L3·A@-75 R1·A@-75 R2·A@-70 R3·A@-67 罐=无罐 泵=0 阀=111111 速=+0,+0,+0.00 电=8.01V/0.65A/峰2.28 补余=0.0 IO错=0 倾+0.0 对时标记
[   68.783] TLM t=  36.6 L1·A@-75 L2·A@-69 L3·A@-75 R1·A@-75 R2·A@-70 R3·A@-67 罐=无罐 泵=0 阀=111111 速=+0,+0,+0.00 电=8.00V/0.65A/峰2.28 补余=0.0 IO错=0 倾+0.0 对时标记
[   69.284] TLM t=  37.1 L1·A@-75 L2·A@-69 L3·A@-75 R1·A@-75 R2·A@-69 R3·A@-66 罐=无罐 泵=0 阀=111111 速=+0,+0,+0.00 电=8.01V/0.57A/峰2.28 补余=0.0 IO错=0 倾+0.0 对时标记
[   69.808] TLM t=  37.6 L1·A@-75 L2·A@-69 L3·A@-75 R1·A@-75 R2·A@-69 R3·A@-65 罐=无罐 泵=0 阀=111111 速=+0,+0,+0.00 电=8.01V/0.65A/峰2.28 补余=0.0 IO错=0 倾+0.0 对时标记
[   70.309] TLM t=  38.1 L1·A@-74 L2·A@-68 L3·A@-75 R1·A@-75 R2·A@-69 R3·A@-65 罐=无罐 泵=0 阀=111111 速=+0,+0,+0.00 电=8.01V/0.65A/峰2.28 补余=0.0 IO错=0 倾+0.0 对时标记
[   70.834] TLM t=  38.6 L1·A@-74 L2·A@-68 L3·A@-75 R1·A@-75 R2·A@-68 R3·A@-64 罐=无罐 泵=0 阀=111111 速=+0,+0,+0.00 电=8.00V/0.65A/峰2.28 补余=0.0 IO错=0 倾+0.0 对时标记
[   71.339] TLM t=  39.1 L1·A@-74 L2·A@-67 L3·A@-75 R1·A@-75 R2·A@-68 R3·A@-64 罐=无罐 泵=0 阀=111111 速=+0,+0,+0.00 电=8.01V/0.65A/峰2.28 补余=0.0 IO错=0 倾+0.0 对时标记
[   71.837] TLM t=  39.6 L1·A@-74 L2·A@-67 L3·A@-75 R1·A@-75 R2·A@-68 R3·A@-63 罐=无罐 泵=0 阀=111111 速=+0,+0,+0.00 电=8.01V/0.65A/峰2.28 补余=0.0 IO错=0 倾+0.0 对时标记
[   72.347] TLM t=  40.1 L1·A@-74 L2·A@-66 L3·A@-75 R1·A@-75 R2·A@-67 R3·A@-62 罐=无罐 泵=0 阀=111111 速=+0,+0,+0.00 电=8.01V/0.65A/峰2.28 补余=0.0 IO错=0 倾+0.0 对时标记
[   72.852] TLM t=  40.6 L1·A@-74 L2·A@-66 L3·A@-75 R1·A@-75 R2·A@-67 R3·A@-62 罐=无罐 泵=0 阀=111111 速=+0,+0,+0.00 电=8.01V/0.65A/峰2.28 补余=0.0 IO错=0 倾+0.0 对时标记
[   73.372] TLM t=  41.2 L1·A@-74 L2·A@-66 L3·A@-75 R1·A@-75 R2·A@-66 R3·A@-61 罐=无罐 泵=0 阀=111111 速=+0,+0,+0.00 电=8.00V/0.65A/峰2.28 补余=0.0 IO错=0 倾+0.0 对时标记
[   73.876] TLM t=  41.7 L1·A@-74 L2·A@-65 L3·A@-75 R1·A@-75 R2·A@-66 R3·A@-61 罐=无罐 泵=0 阀=111111 速=+0,+0,+0.00 电=8.01V/0.65A/峰2.28 补余=0.0 IO错=0 倾+0.0 对时标记
[   74.399] TLM t=  42.2 L1·A@-74 L2·A@-65 L3·A@-75 R1·A@-74 R2·A@-66 R3·A@-60 罐=无罐 泵=0 阀=111111 速=+0,+0,+0.00 电=8.01V/0.65A/峰2.28 补余=0.0 IO错=0 倾+0.0 对时标记
[   74.512] EVT 泵 开 最差盘压-59.9
[   74.901] TLM t=  42.7 L1·A@-74 L2·A@-68 L3·A@-75 R1·A@-74 R2·A@-67 R3·A@-67 罐=无罐 泵=1 阀=111111 速=+0,+0,+0.00 电=7.94V/0.65A/峰2.28 补余=0.0 IO错=0 倾+0.0 对时标记
[   75.415] EVT 泵 停 最差盘压-75.2
[   75.425] TLM t=  43.2 L1·A@-76 L2·A@-76 L3·A@-76 R1·A@-75 R2·A@-76 R3·A@-76 罐=无罐 泵=0 阀=111111 速=+0,+0,+0.00 电=8.01V/0.65A/峰2.28 补余=0.0 IO错=0 倾+0.0 对时标记
[   75.936] TLM t=  43.7 L1·A@-76 L2·A@-76 L3·A@-76 R1·A@-76 R2·A@-76 R3·A@-76 罐=无罐 泵=0 阀=111111 速=+0,+0,+0.00 电=8.00V/0.65A/峰2.28 补余=0.0 IO错=0 倾+0.0 对时标记
[   76.447] TLM t=  44.2 L1·A@-76 L2·A@-76 L3·A@-76 R1·A@-76 R2·A@-75 R3·A@-75 罐=无罐 泵=0 阀=111111 速=+0,+0,+0.00 电=8.01V/0.65A/峰2.28 补余=0.0 IO错=0 倾+0.0 对时标记
[   76.955] TLM t=  44.7 L1·A@-76 L2·A@-75 L3·A@-76 R1·A@-76 R2·A@-75 R3·A@-74 罐=无罐 泵=0 阀=111111 速=+0,+0,+0.00 电=8.01V/0.65A/峰2.28 补余=0.0 IO错=0 倾+0.0 对时标记
[   77.226] EVT 对时标记完成
[   77.226] EVT 自动轮换：第 1 轮开始
[   77.246] EVT 原地抬起受理：R3
[   77.258] EVT 吸附 R3 attached→venting 在态54.26s -74.1kPa
[   77.259] EVT 相位 R3 stance→vent 落点Δ(+0.0,+0.0)
[   77.284] EVT 阀 R3 →排气位
[   77.472] TLM t=  47.0 L1·A@-76 L2·A@-75 L3·A@-76 R1·A@-76 R2·A@-74 R3Vv@-74 罐=无罐 泵=0 阀=111110 速=+0,+0,+0.00 电=8.00V/0.65A/峰2.28 补余=0.0 IO错=0 倾+0.0 自动1/3
[   77.559] EVT 相位 R3 vent→lift
[   77.682] EVT 吸附 R3 venting→released 在态0.42s 0.2kPa
[   77.979] TLM t=  47.4 L1·A@-76 L2·A@-74 L3·A@-76 R1·A@-76 R2·A@-74 R3Lr@-- 罐=无罐 泵=0 阀=111110 速=+0,+0,+0.00 电=7.96V/1.14A/峰2.28 补余=0.0 IO错=0 倾+0.0 自动1/3
[   78.402] EVT 相位 R3 lift→transfer
[   78.501] TLM t=  47.4 L1·A@-76 L2·A@-74 L3·A@-76 R1·A@-76 R2·A@-73 R3Tr@-- 罐=无罐 泵=0 阀=111110 速=+0,+0,+0.00 电=7.95V/1.38A/峰2.28 补余=0.0 IO错=0 倾+0.0 自动1/3
[   79.003] TLM t=  47.4 L1·A@-76 L2·A@-73 L3·A@-76 R1·A@-75 R2·A@-73 R3Tr@-- 罐=无罐 泵=0 阀=111110 速=+0,+0,+0.00 电=7.96V/1.47A/峰2.28 补余=0.0 IO错=0 倾+0.0 自动1/3
[   79.033] EVT 相位 R3 transfer→hover
[   79.523] TLM t=  47.4 L1·A@-76 L2·A@-73 L3·A@-76 R1·A@-75 R2·A@-73 R3Hr@-- 罐=无罐 泵=0 阀=111110 速=+0,+0,+0.00 电=7.97V/1.06A/峰2.28 补余=0.0 IO错=0 倾+0.0 自动1/3
[   80.031] TLM t=  47.4 L1·A@-75 L2·A@-72 L3·A@-76 R1·A@-75 R2·A@-72 R3Hr@-- 罐=无罐 泵=0 阀=111110 速=+0,+0,+0.00 电=7.97V/1.06A/峰2.28 补余=0.0 IO错=0 倾+0.0 自动1/3
[   80.057] EVT 落地：R3
[   80.079] EVT 相位 R3 hover→descend
[   80.547] TLM t=  47.4 L1·A@-75 L2·A@-72 L3·A@-76 R1·A@-75 R2·A@-72 R3Dr@-- 罐=无罐 泵=0 阀=111110 速=+0,+0,+0.00 电=7.96V/1.14A/峰2.28 补余=0.0 IO错=0 倾+0.0 自动1/3
[   80.561] EVT 相位 R3 descend→press
[   81.050] TLM t=  47.4 L1·A@-75 L2·A@-71 L3·A@-76 R1·A@-75 R2·A@-71 R3Pr@-- 罐=无罐 泵=0 阀=111110 速=+0,+0,+0.00 电=7.97V/1.06A/峰2.28 补余=0.0 IO错=0 倾+0.0 自动1/3
[   81.573] TLM t=  47.4 L1·A@-75 L2·A@-71 L3·A@-76 R1·A@-75 R2·A@-71 R3Pr@-- 罐=无罐 泵=0 阀=111110 速=+0,+0,+0.00 电=7.97V/1.14A/峰2.28 补余=0.0 IO错=0 倾+0.0 自动1/3
[   81.766] EVT 吸附 R3 released→pressing 在态4.06s 0.2kPa
[   81.767] EVT 相位 R3 press→wait
[   82.067] EVT 吸附 R3 pressing→sucking 在态0.30s 0.2kPa
[   82.068] EVT 阀 R3 →抽气位
[   82.079] TLM t=  47.4 L1·A@-75 L2·A@-71 L3·A@-76 R1·A@-75 R2·A@-71 R3Ws@0 罐=无罐 泵=0 阀=111111 速=+0,+0,+0.00 电=7.98V/1.14A/峰2.28 补余=0.0 IO错=0 倾+0.0 自动1/3
[   82.083] EVT 泵 开 最差盘压-70.6
[   82.345] EVT 吸附 R3 sucking→attached 在态0.28s -60.9kPa
[   82.346] EVT 相位 R3 wait→stance
[   82.346] EVT 抬落完成，轮到 L1
[   82.595] TLM t=  47.6 L1·A@-75 L2·A@-70 L3·A@-76 R1·A@-75 R2·A@-71 R3·A@-71 罐=无罐 泵=1 阀=111111 速=+0,+0,+0.00 电=7.92V/0.98A/峰2.28 补余=0.0 IO错=0 倾+0.0 自动1/3
[   82.949] EVT 泵 停 最差盘压-75.3
[   83.104] TLM t=  48.1 L1·A@-77 L2·A@-77 L3·A@-77 R1·A@-76 R2·A@-76 R3·A@-77 罐=无罐 泵=0 阀=111111 速=+0,+0,+0.00 电=7.99V/1.06A/峰2.28 补余=0.0 IO错=0 倾+0.0 自动1/3
[   83.618] TLM t=  48.7 L1·A@-77 L2·A@-76 L3·A@-76 R1·A@-76 R2·A@-76 R3·A@-76 罐=无罐 泵=0 阀=111111 速=+0,+0,+0.00 电=7.98V/0.98A/峰2.28 补余=0.0 IO错=0 倾+0.0 自动1/3
[   84.125] TLM t=  49.2 L1·A@-76 L2·A@-76 L3·A@-76 R1·A@-76 R2·A@-75 R3·A@-75 罐=无罐 泵=0 阀=111111 速=+0,+0,+0.00 电=7.98V/0.98A/峰2.28 补余=0.0 IO错=0 倾+0.0 自动1/3
[   84.645] TLM t=  49.7 L1·A@-76 L2·A@-75 L3·A@-76 R1·A@-76 R2·A@-75 R3·A@-74 罐=无罐 泵=0 阀=111111 速=+0,+0,+0.00 电=7.98V/1.06A/峰2.28 补余=0.0 IO错=0 倾+0.0 自动1/3
[   85.147] TLM t=  50.2 L1·A@-76 L2·A@-75 L3·A@-76 R1·A@-76 R2·A@-74 R3·A@-74 罐=无罐 泵=0 阀=111111 速=+0,+0,+0.00 电=7.98V/1.14A/峰2.28 补余=0.0 IO错=0 倾+0.0 自动1/3
[   85.666] TLM t=  50.7 L1·A@-76 L2·A@-74 L3·A@-76 R1·A@-76 R2·A@-74 R3·A@-73 罐=无罐 泵=0 阀=111111 速=+0,+0,+0.00 电=7.98V/1.14A/峰2.28 补余=0.0 IO错=0 倾+0.0 自动1/3
[   86.174] TLM t=  51.2 L1·A@-76 L2·A@-74 L3·A@-76 R1·A@-76 R2·A@-74 R3·A@-72 罐=无罐 泵=0 阀=111111 速=+0,+0,+0.00 电=7.98V/1.14A/峰2.28 补余=0.0 IO错=0 倾+0.0 自动1/3
[   86.691] TLM t=  51.7 L1·A@-76 L2·A@-73 L3·A@-76 R1·A@-76 R2·A@-73 R3·A@-72 罐=无罐 泵=0 阀=111111 速=+0,+0,+0.00 电=7.98V/1.14A/峰2.28 补余=0.0 IO错=0 倾+0.0 自动1/3
[   87.195] TLM t=  52.2 L1·A@-76 L2·A@-73 L3·A@-76 R1·A@-76 R2·A@-73 R3·A@-71 罐=无罐 泵=0 阀=111111 速=+0,+0,+0.00 电=7.98V/1.06A/峰2.28 补余=0.0 IO错=0 倾+0.0 自动1/3
[   87.714] TLM t=  52.7 L1·A@-76 L2·A@-72 L3·A@-76 R1·A@-75 R2·A@-72 R3·A@-70 罐=无罐 泵=0 阀=111111 速=+0,+0,+0.00 电=7.98V/1.06A/峰2.28 补余=0.0 IO错=0 倾+0.0 自动1/3
[   88.219] TLM t=  53.2 L1·A@-76 L2·A@-72 L3·A@-76 R1·A@-75 R2·A@-72 R3·A@-70 罐=无罐 泵=0 阀=111111 速=+0,+0,+0.00 电=7.97V/1.06A/峰2.28 补余=0.0 IO错=0 倾+0.0 自动1/3
[   88.738] TLM t=  53.8 L1·A@-76 L2·A@-72 L3·A@-76 R1·A@-75 R2·A@-72 R3·A@-69 罐=无罐 泵=0 阀=111111 速=+0,+0,+0.00 电=7.98V/1.06A/峰2.28 补余=0.0 IO错=0 倾+0.0 自动1/3
[   89.242] TLM t=  54.3 L1·A@-76 L2·A@-71 L3·A@-76 R1·A@-75 R2·A@-71 R3·A@-69 罐=无罐 泵=0 阀=111111 速=+0,+0,+0.00 电=7.97V/1.14A/峰2.28 补余=0.0 IO错=0 倾+0.0 自动1/3
[   89.762] TLM t=  54.8 L1·A@-75 L2·A@-71 L3·A@-76 R1·A@-75 R2·A@-71 R3·A@-68 罐=无罐 泵=0 阀=111111 速=+0,+0,+0.00 电=7.98V/1.14A/峰2.28 补余=0.0 IO错=0 倾+0.0 自动1/3
[   90.266] TLM t=  55.3 L1·A@-75 L2·A@-70 L3·A@-76 R1·A@-75 R2·A@-71 R3·A@-67 罐=无罐 泵=0 阀=111111 速=+0,+0,+0.00 电=7.98V/1.14A/峰2.28 补余=0.0 IO错=0 倾+0.0 自动1/3
[   90.786] TLM t=  55.8 L1·A@-75 L2·A@-70 L3·A@-76 R1·A@-75 R2·A@-70 R3·A@-67 罐=无罐 泵=0 阀=111111 速=+0,+0,+0.00 电=7.97V/1.14A/峰2.28 补余=0.0 IO错=0 倾+0.0 自动1/3
[   91.289] TLM t=  56.3 L1·A@-75 L2·A@-69 L3·A@-76 R1·A@-75 R2·A@-70 R3·A@-66 罐=无罐 泵=0 阀=111111 速=+0,+0,+0.00 电=7.98V/1.06A/峰2.28 补余=0.0 IO错=0 倾+0.0 自动1/3
[   91.808] TLM t=  56.8 L1·A@-75 L2·A@-69 L3·A@-76 R1·A@-75 R2·A@-69 R3·A@-65 罐=无罐 泵=0 阀=111111 速=+0,+0,+0.00 电=7.99V/1.06A/峰2.28 补余=0.0 IO错=0 倾+0.0 自动1/3
[   92.319] TLM t=  57.3 L1·A@-75 L2·A@-69 L3·A@-75 R1·A@-75 R2·A@-69 R3·A@-65 罐=无罐 泵=0 阀=111111 速=+0,+0,+0.00 电=7.98V/1.06A/峰2.28 补余=0.0 IO错=0 倾+0.0 自动1/3
[   92.382] EVT 原地抬起受理：L1
[   92.404] EVT 吸附 L1 attached→venting 在态67.46s -75.0kPa
[   92.405] EVT 相位 L1 stance→vent 落点Δ(+0.0,+0.0)
[   92.425] EVT 阀 L1 →排气位
[   92.706] EVT 相位 L1 vent→lift
[   92.810] TLM t=  58.6 L1Lv@-75 L2·A@-68 L3·A@-75 R1·A@-75 R2·A@-69 R3·A@-64 罐=无罐 泵=0 阀=011111 速=+0,+0,+0.00 电=7.94V/1.63A/峰2.28 补余=0.0 IO错=0 倾+0.0 自动1/3
[   92.828] EVT 吸附 L1 venting→released 在态0.42s 0.1kPa
[   93.319] TLM t=  58.8 L1Lr@-- L2·A@-68 L3·A@-75 R1·A@-74 R2·A@-68 R3·A@-63 罐=无罐 泵=0 阀=011111 速=+0,+0,+0.00 电=7.92V/1.71A/峰2.28 补余=0.0 IO错=0 倾+0.0 自动1/3
[   93.548] EVT 相位 L1 lift→transfer
[   93.816] TLM t=  58.8 L1Tr@-- L2·A@-67 L3·A@-75 R1·A@-74 R2·A@-68 R3·A@-63 罐=无罐 泵=0 阀=011111 速=+0,+0,+0.00 电=7.91V/1.87A/峰2.28 补余=0.0 IO错=0 倾+0.0 自动1/3
[   94.174] EVT 相位 L1 transfer→hover
[   94.322] TLM t=  58.8 L1Hr@-- L2·A@-67 L3·A@-75 R1·A@-74 R2·A@-68 R3·A@-62 罐=无罐 泵=0 阀=011111 速=+0,+0,+0.00 电=7.94V/1.79A/峰2.28 补余=0.0 IO错=0 倾+0.0 自动1/3
[   94.826] TLM t=  58.8 L1Hr@-- L2·A@-67 L3·A@-75 R1·A@-74 R2·A@-67 R3·A@-61 罐=无罐 泵=0 阀=011111 速=+0,+0,+0.00 电=7.92V/1.71A/峰2.28 补余=0.0 IO错=0 倾+0.0 自动1/3
[   95.180] EVT 落地：L1
[   95.200] EVT 相位 L1 hover→descend
[   95.328] TLM t=  58.8 L1Dr@-- L2·A@-66 L3·A@-75 R1·A@-74 R2·A@-67 R3·A@-61 罐=无罐 泵=0 阀=011111 速=+0,+0,+0.00 电=7.93V/1.71A/峰2.28 补余=0.0 IO错=0 倾+0.0 自动1/3
[   95.681] EVT 相位 L1 descend→press
[   95.852] TLM t=  58.8 L1Pr@-- L2·A@-66 L3·A@-75 R1·A@-74 R2·A@-66 R3·A@-60 罐=无罐 泵=0 阀=011111 速=+0,+0,+0.00 电=7.91V/1.79A/峰2.28 补余=0.0 IO错=0 倾+0.0 自动1/3
[   96.001] EVT 泵 开 最差盘压-59.9
[   96.353] TLM t=  58.8 L1Pr@-- L2·A@-67 L3·A@-75 R1·A@-74 R2·A@-66 R3·A@-66 罐=无罐 泵=1 阀=011111 速=+0,+0,+0.00 电=7.89V/1.71A/峰2.28 补余=0.0 IO错=0 倾+0.0 自动1/3
[   96.866] EVT 泵 停 最差盘压-75.2
[   96.875] TLM t=  58.8 L1Pr@-- L2·A@-76 L3·A@-76 R1·A@-75 R2·A@-76 R3·A@-76 罐=无罐 泵=0 阀=011111 速=+0,+0,+0.00 电=7.93V/1.87A/峰2.28 补余=0.0 IO错=0 倾+0.0 自动1/3
[   96.885] EVT 吸附 L1 released→pressing 在态4.04s 0.1kPa
[   96.886] EVT 相位 L1 press→wait
[   97.203] EVT 吸附 L1 pressing→sucking 在态0.32s 0.1kPa
[   97.204] EVT 阀 L1 →抽气位
[   97.229] EVT 泵 开 最差盘压-75.7
[   97.396] TLM t=  58.8 L1Ws@-32 L2·A@-76 L3·A@-76 R1·A@-76 R2·A@-76 R3·A@-76 罐=无罐 泵=1 阀=111111 速=+0,+0,+0.00 电=7.92V/1.63A/峰2.28 补余=0.0 IO错=0 倾+0.0 自动1/3
[   97.562] EVT 吸附 L1 sucking→attached 在态0.36s -66.7kPa
[   97.565] EVT 相位 L1 wait→stance
[   97.565] EVT 抬落完成，轮到 R2
[   97.831] EVT 泵 停 最差盘压-75.1
[   97.901] TLM t=  59.1 L1·A@-76 L2·A@-76 L3·A@-76 R1·A@-76 R2·A@-76 R3·A@-76 罐=无罐 泵=0 阀=111111 速=+0,+0,+0.00 电=7.95V/1.71A/峰2.28 补余=0.0 IO错=0 倾+0.0 自动1/3
[   98.409] TLM t=  59.6 L1·A@-76 L2·A@-76 L3·A@-76 R1·A@-76 R2·A@-75 R3·A@-75 罐=无罐 泵=0 阀=111111 速=+0,+0,+0.00 电=7.94V/1.63A/峰2.28 补余=0.0 IO错=0 倾+0.0 自动1/3
[   98.929] TLM t=  60.1 L1·A@-75 L2·A@-75 L3·A@-76 R1·A@-75 R2·A@-75 R3·A@-75 罐=无罐 泵=0 阀=111111 速=+0,+0,+0.00 电=7.94V/1.71A/峰2.28 补余=0.0 IO错=0 倾+0.0 自动1/3
[   99.430] TLM t=  60.6 L1·A@-75 L2·A@-75 L3·A@-76 R1·A@-75 R2·A@-74 R3·A@-74 罐=无罐 泵=0 阀=111111 速=+0,+0,+0.00 电=7.95V/1.71A/峰2.28 补余=0.0 IO错=0 倾+0.0 自动1/3
[   99.955] TLM t=  61.2 L1·A@-75 L2·A@-74 L3·A@-76 R1·A@-75 R2·A@-74 R3·A@-73 罐=无罐 泵=0 阀=111111 速=+0,+0,+0.00 电=7.94V/1.55A/峰2.28 补余=0.0 IO错=0 倾+0.0 自动1/3
[  100.460] TLM t=  61.7 L1·A@-75 L2·A@-74 L3·A@-76 R1·A@-75 R2·A@-74 R3·A@-73 罐=无罐 泵=0 阀=111111 速=+0,+0,+0.00 电=7.96V/1.55A/峰2.28 补余=0.0 IO错=0 倾+0.0 自动1/3
[  100.978] TLM t=  62.2 L1·A@-75 L2·A@-73 L3·A@-76 R1·A@-75 R2·A@-73 R3·A@-72 罐=无罐 泵=0 阀=111111 速=+0,+0,+0.00 电=7.94V/1.63A/峰2.28 补余=0.0 IO错=0 倾+0.0 自动1/3
[  101.484] TLM t=  62.7 L1·A@-75 L2·A@-73 L3·A@-76 R1·A@-75 R2·A@-73 R3·A@-71 罐=无罐 泵=0 阀=111111 速=+0,+0,+0.00 电=7.95V/1.55A/峰2.28 补余=0.0 IO错=0 倾+0.0 自动1/3
[  102.002] TLM t=  63.2 L1·A@-74 L2·A@-72 L3·A@-76 R1·A@-75 R2·A@-72 R3·A@-71 罐=无罐 泵=0 阀=111111 速=+0,+0,+0.00 电=7.95V/1.71A/峰2.28 补余=0.0 IO错=0 倾+0.0 自动1/3
[  102.505] TLM t=  63.7 L1·A@-74 L2·A@-72 L3·A@-76 R1·A@-75 R2·A@-72 R3·A@-70 罐=无罐 泵=0 阀=111111 速=+0,+0,+0.00 电=7.95V/1.63A/峰2.28 补余=0.0 IO错=0 倾+0.0 自动1/3
[  103.025] TLM t=  64.2 L1·A@-74 L2·A@-72 L3·A@-76 R1·A@-75 R2·A@-72 R3·A@-70 罐=无罐 泵=0 阀=111111 速=+0,+0,+0.00 电=7.95V/1.63A/峰2.28 补余=0.0 IO错=0 倾+0.0 自动1/3
[  103.530] TLM t=  64.7 L1·A@-74 L2·A@-71 L3·A@-75 R1·A@-75 R2·A@-71 R3·A@-69 罐=无罐 泵=0 阀=111111 速=+0,+0,+0.00 电=7.95V/1.63A/峰2.28 补余=0.0 IO错=0 倾+0.0 自动1/3
[  104.049] TLM t=  65.2 L1·A@-74 L2·A@-71 L3·A@-75 R1·A@-75 R2·A@-71 R3·A@-68 罐=无罐 泵=0 阀=111111 速=+0,+0,+0.00 电=7.94V/1.63A/峰2.28 补余=0.0 IO错=0 倾+0.0 自动1/3
[  104.556] TLM t=  65.7 L1·A@-74 L2·A@-70 L3·A@-75 R1·A@-75 R2·A@-71 R3·A@-68 罐=无罐 泵=0 阀=111111 速=+0,+0,+0.00 电=7.93V/1.55A/峰2.28 补余=0.0 IO错=0 倾+0.0 自动1/3
[  105.078] TLM t=  66.3 L1·A@-74 L2·A@-70 L3·A@-75 R1·A@-75 R2·A@-70 R3·A@-67 罐=无罐 泵=0 阀=111111 速=+0,+0,+0.00 电=7.95V/1.55A/峰2.28 补余=0.0 IO错=0 倾+0.0 自动1/3
[  105.583] TLM t=  66.8 L1·A@-74 L2·A@-69 L3·A@-75 R1·A@-75 R2·A@-70 R3·A@-66 罐=无罐 泵=0 阀=111111 速=+0,+0,+0.00 电=7.95V/1.63A/峰2.28 补余=0.0 IO错=0 倾+0.0 自动1/3
[  106.103] TLM t=  67.3 L1·A@-74 L2·A@-69 L3·A@-75 R1·A@-75 R2·A@-69 R3·A@-66 罐=无罐 泵=0 阀=111111 速=+0,+0,+0.00 电=7.94V/1.71A/峰2.28 补余=0.0 IO错=0 倾+0.0 自动1/3
[  106.605] TLM t=  67.8 L1·A@-74 L2·A@-69 L3·A@-75 R1·A@-75 R2·A@-69 R3·A@-65 罐=无罐 泵=0 阀=111111 速=+0,+0,+0.00 电=7.96V/1.63A/峰2.28 补余=0.0 IO错=0 倾+0.0 自动1/3
[  107.126] TLM t=  68.3 L1·A@-73 L2·A@-68 L3·A@-75 R1·A@-75 R2·A@-69 R3·A@-65 罐=无罐 泵=0 阀=111111 速=+0,+0,+0.00 电=7.93V/1.71A/峰2.28 补余=0.0 IO错=0 倾+0.0 自动1/3
[  107.601] EVT 原地抬起受理：R2
[  107.621] EVT 吸附 R2 attached→venting 在态80.78s -68.3kPa
[  107.621] EVT 相位 R2 stance→vent 落点Δ(+0.0,+0.0)
[  107.632] TLM t=  69.6 L1·A@-73 L2·A@-68 L3·A@-75 R1·A@-75 R2Vv@-68 R3·A@-64 罐=无罐 泵=0 阀=111111 速=+0,+0,+0.00 电=7.95V/1.71A/峰2.28 补余=0.0 IO错=0 倾+0.0 自动1/3
[  107.633] EVT 阀 R2 →排气位
[  107.922] EVT 相位 R2 vent→lift
[  108.057] EVT 吸附 R2 venting→released 在态0.44s 0.1kPa
[  108.154] TLM t=  70.1 L1·A@-73 L2·A@-67 L3·A@-75 R1·A@-75 R2Lr@-- R3·A@-64 罐=无罐 泵=0 阀=111101 速=+0,+0,+0.00 电=7.92V/1.79A/峰2.28 补余=0.0 IO错=0 倾+0.0 自动1/3
[  108.657] TLM t=  70.2 L1·A@-73 L2·A@-67 L3·A@-75 R1·A@-75 R2Lr@-- R3·A@-63 罐=无罐 泵=0 阀=111101 速=+0,+0,+0.00 电=7.92V/1.63A/峰2.28 补余=0.0 IO错=0 倾+0.0 自动1/3
[  108.769] EVT 相位 R2 lift→transfer
[  109.175] TLM t=  70.2 L1·A@-73 L2·A@-67 L3·A@-75 R1·A@-75 R2Tr@-- R3·A@-62 罐=无罐 泵=0 阀=111101 速=+0,+0,+0.00 电=7.93V/1.87A/峰2.28 补余=0.0 IO错=0 倾+0.0 自动1/3
[  109.383] EVT 相位 R2 transfer→hover
[  109.681] TLM t=  70.2 L1·A@-73 L2·A@-66 L3·A@-75 R1·A@-74 R2Hr@-- R3·A@-62 罐=无罐 泵=0 阀=111101 速=+0,+0,+0.00 电=7.93V/1.71A/峰2.28 补余=0.0 IO错=0 倾+0.0 自动1/3
[  110.199] TLM t=  70.2 L1·A@-73 L2·A@-66 L3·A@-75 R1·A@-74 R2Hr@-- R3·A@-61 罐=无罐 泵=0 阀=111101 速=+0,+0,+0.00 电=7.93V/1.71A/峰2.28 补余=0.0 IO错=0 倾+0.0 自动1/3
[  110.394] EVT 落地：R2
[  110.406] EVT 相位 R2 hover→descend
[  110.702] TLM t=  70.2 L1·A@-73 L2·A@-65 L3·A@-75 R1·A@-74 R2Dr@-- R3·A@-61 罐=无罐 泵=0 阀=111101 速=+0,+0,+0.00 电=7.91V/1.87A/峰2.28 补余=0.0 IO错=0 倾+0.0 自动1/3
[  110.888] EVT 相位 R2 descend→press
[  111.223] TLM t=  70.2 L1·A@-72 L2·A@-65 L3·A@-75 R1·A@-74 R2Pr@-- R3·A@-60 罐=无罐 泵=0 阀=111101 速=+0,+0,+0.00 电=7.92V/1.79A/峰2.28 补余=0.0 IO错=0 倾+0.0 自动1/3
[  111.297] EVT 泵 开 最差盘压-60.0
[  111.725] TLM t=  70.2 L1·A@-72 L2·A@-69 L3·A@-75 R1·A@-74 R2Pr@-- R3·A@-69 罐=无罐 泵=1 阀=111101 速=+0,+0,+0.00 电=7.87V/1.87A/峰2.28 补余=0.0 IO错=0 倾+0.0 自动1/3
[  112.090] EVT 吸附 R2 released→pressing 在态4.02s 0.1kPa
[  112.091] EVT 相位 R2 press→wait
[  112.177] EVT 泵 停 最差盘压-75.3
[  112.248] TLM t=  70.2 L1·A@-76 L2·A@-76 L3·A@-76 R1·A@-76 R2Wp@-- R3·A@-76 罐=无罐 泵=0 阀=111101 速=+0,+0,+0.00 电=7.93V/1.87A/峰2.28 补余=0.0 IO错=0 倾+0.0 自动1/3
[  112.418] EVT 吸附 R2 pressing→sucking 在态0.32s 0.1kPa
[  112.419] EVT 阀 R2 →抽气位
[  112.442] EVT 泵 开 最差盘压-75.9
[  112.719] EVT 吸附 R2 sucking→attached 在态0.30s -69.8kPa
[  112.720] EVT 相位 R2 wait→stance
[  112.720] EVT 抬落完成，轮到 L3
[  112.750] TLM t=  70.2 L1·A@-76 L2·A@-76 L3·A@-76 R1·A@-76 R2·A@-71 R3·A@-76 罐=无罐 泵=1 阀=111111 速=+0,+0,+0.00 电=7.87V/1.63A/峰2.28 补余=0.0 IO错=0 倾+0.0 自动1/3
[  113.043] EVT 泵 停 最差盘压-75.1
[  113.269] TLM t=  70.7 L1·A@-76 L2·A@-76 L3·A@-76 R1·A@-76 R2·A@-75 R3·A@-76 罐=无罐 泵=0 阀=111111 速=+0,+0,+0.00 电=7.93V/1.71A/峰2.28 补余=0.0 IO错=0 倾+0.0 自动1/3
[  113.785] TLM t=  71.2 L1·A@-76 L2·A@-75 L3·A@-76 R1·A@-76 R2·A@-74 R3·A@-75 罐=无罐 泵=0 阀=111111 速=+0,+0,+0.00 电=7.94V/1.87A/峰2.28 补余=0.0 IO错=0 倾+0.0 自动1/3
[  114.283] TLM t=  71.7 L1·A@-76 L2·A@-75 L3·A@-76 R1·A@-76 R2·A@-73 R3·A@-74 罐=无罐 泵=0 阀=111111 速=+0,+0,+0.00 电=7.92V/1.71A/峰2.28 补余=0.0 IO错=0 倾+0.0 自动1/3
[  114.804] TLM t=  72.3 L1·A@-76 L2·A@-74 L3·A@-76 R1·A@-75 R2·A@-73 R3·A@-74 罐=无罐 泵=0 阀=111111 速=+0,+0,+0.00 电=7.93V/1.71A/峰2.28 补余=0.0 IO错=0 倾+0.0 自动1/3
[  115.309] TLM t=  72.8 L1·A@-76 L2·A@-74 L3·A@-76 R1·A@-75 R2·A@-72 R3·A@-73 罐=无罐 泵=0 阀=111111 速=+0,+0,+0.00 电=7.93V/1.79A/峰2.28 补余=0.0 IO错=0 倾+0.0 自动1/3
[  115.830] TLM t=  73.3 L1·A@-76 L2·A@-73 L3·A@-76 R1·A@-75 R2·A@-72 R3·A@-72 罐=无罐 泵=0 阀=111111 速=+0,+0,+0.00 电=7.93V/1.71A/峰2.28 补余=0.0 IO错=0 倾+0.0 自动1/3
[  116.334] TLM t=  73.8 L1·A@-76 L2·A@-73 L3·A@-76 R1·A@-75 R2·A@-71 R3·A@-72 罐=无罐 泵=0 阀=111111 速=+0,+0,+0.00 电=7.94V/1.79A/峰2.28 补余=0.0 IO错=0 倾+0.0 自动1/3
[  116.857] TLM t=  74.3 L1·A@-76 L2·A@-72 L3·A@-76 R1·A@-75 R2·A@-71 R3·A@-71 罐=无罐 泵=0 阀=111111 速=+0,+0,+0.00 电=7.94V/1.79A/峰2.28 补余=0.0 IO错=0 倾+0.0 自动1/3
[  117.358] TLM t=  74.8 L1·A@-75 L2·A@-72 L3·A@-76 R1·A@-75 R2·A@-70 R3·A@-70 罐=无罐 泵=0 阀=111111 速=+0,+0,+0.00 电=7.93V/1.79A/峰2.28 补余=0.0 IO错=0 倾+0.0 自动1/3
[  117.879] TLM t=  75.3 L1·A@-75 L2·A@-71 L3·A@-76 R1·A@-75 R2·A@-70 R3·A@-70 罐=无罐 泵=0 阀=111111 速=+0,+0,+0.00 电=7.93V/1.71A/峰2.28 补余=0.0 IO错=0 倾+0.0 自动1/3
[  118.387] TLM t=  75.8 L1·A@-75 L2·A@-71 L3·A@-76 R1·A@-75 R2·A@-69 R3·A@-69 罐=无罐 泵=0 阀=111111 速=+0,+0,+0.00 电=7.94V/1.71A/峰2.28 补余=0.0 IO错=0 倾+0.0 自动1/3
[  118.883] TLM t=  76.3 L1·A@-75 L2·A@-71 L3·A@-76 R1·A@-75 R2·A@-69 R3·A@-69 罐=无罐 泵=0 阀=111111 速=+0,+0,+0.00 电=7.94V/1.79A/峰2.28 补余=0.0 IO错=0 倾+0.0 自动1/3
[  119.392] TLM t=  76.8 L1·A@-75 L2·A@-70 L3·A@-76 R1·A@-75 R2·A@-69 R3·A@-68 罐=无罐 泵=0 阀=111111 速=+0,+0,+0.00 电=7.94V/1.79A/峰2.28 补余=0.0 IO错=0 倾+0.0 自动1/3
[  119.897] TLM t=  77.3 L1·A@-75 L2·A@-70 L3·A@-75 R1·A@-75 R2·A@-68 R3·A@-67 罐=无罐 泵=0 阀=111111 速=+0,+0,+0.00 电=7.94V/1.71A/峰2.28 补余=0.0 IO错=0 倾+0.0 自动1/3
[  120.421] TLM t=  77.8 L1·A@-75 L2·A@-69 L3·A@-75 R1·A@-75 R2·A@-68 R3·A@-67 罐=无罐 泵=0 阀=111111 速=+0,+0,+0.00 电=7.93V/1.71A/峰2.28 补余=0.0 IO错=0 倾+0.0 自动1/3
[  120.928] TLM t=  78.3 L1·A@-75 L2·A@-69 L3·A@-75 R1·A@-75 R2·A@-68 R3·A@-66 罐=无罐 泵=0 阀=111111 速=+0,+0,+0.00 电=7.95V/1.63A/峰2.28 补余=0.0 IO错=0 倾+0.0 自动1/3
[  121.449] TLM t=  78.9 L1·A@-75 L2·A@-69 L3·A@-75 R1·A@-75 R2·A@-67 R3·A@-66 罐=无罐 泵=0 阀=111111 速=+0,+0,+0.00 电=7.94V/1.71A/峰2.28 补余=0.0 IO错=0 倾+0.0 自动1/3
[  121.954] TLM t=  79.4 L1·A@-75 L2·A@-68 L3·A@-75 R1·A@-74 R2·A@-67 R3·A@-65 罐=无罐 泵=0 阀=111111 速=+0,+0,+0.00 电=7.95V/1.71A/峰2.28 补余=0.0 IO错=0 倾+0.0 自动1/3
[  122.477] TLM t=  79.9 L1·A@-75 L2·A@-68 L3·A@-75 R1·A@-74 R2·A@-66 R3·A@-65 罐=无罐 泵=0 阀=111111 速=+0,+0,+0.00 电=7.93V/1.79A/峰2.28 补余=0.0 IO错=0 倾+0.0 自动1/3
[  122.743] EVT 原地抬起受理：L3
[  122.771] EVT 吸附 L3 attached→venting 在态94.02s -75.2kPa
[  122.771] EVT 相位 L3 stance→vent 落点Δ(+0.0,+0.0)
[  122.791] EVT 阀 L3 →排气位
[  122.979] TLM t=  81.2 L1·A@-75 L2·A@-67 L3Vv@-75 R1·A@-74 R2·A@-66 R3·A@-64 罐=无罐 泵=0 阀=110111 速=+0,+0,+0.00 电=7.93V/1.87A/峰2.28 补余=0.0 IO错=0 倾+0.0 自动1/3
[  123.069] EVT 相位 L3 vent→lift
[  123.192] EVT 吸附 L3 venting→released 在态0.42s 0.1kPa
[  123.497] TLM t=  81.6 L1·A@-75 L2·A@-67 L3Lr@-- R1·A@-73 R2·A@-66 R3·A@-63 罐=无罐 泵=0 阀=110111 速=+0,+0,+0.00 电=7.92V/1.71A/峰2.28 补余=0.0 IO错=0 倾+0.0 自动1/3
[  123.912] EVT 相位 L3 lift→transfer
[  124.004] TLM t=  81.6 L1·A@-75 L2·A@-66 L3Tr@-- R1·A@-73 R2·A@-65 R3·A@-63 罐=无罐 泵=0 阀=110111 速=+0,+0,+0.00 电=7.89V/2.04A/峰2.28 补余=0.0 IO错=0 倾+0.0 自动1/3
[  124.520] TLM t=  81.6 L1·A@-74 L2·A@-66 L3Tr@-- R1·A@-73 R2·A@-65 R3·A@-62 罐=无罐 泵=0 阀=110111 速=+0,+0,+0.00 电=7.92V/1.87A/峰2.28 补余=0.0 IO错=0 倾+0.0 自动1/3
[  124.536] EVT 相位 L3 transfer→hover
[  125.026] TLM t=  81.6 L1·A@-74 L2·A@-66 L3Hr@-- R1·A@-73 R2·A@-65 R3·A@-62 罐=无罐 泵=0 阀=110111 速=+0,+0,+0.00 电=7.93V/1.47A/峰2.28 补余=0.0 IO错=0 倾+0.0 自动1/3
[  125.536] EVT 落地：L3
[  125.550] TLM t=  81.6 L1·A@-74 L2·A@-65 L3Dr@-- R1·A@-72 R2·A@-64 R3·A@-61 罐=无罐 泵=0 阀=110111 速=+0,+0,+0.00 电=7.93V/1.55A/峰2.28 补余=0.0 IO错=0 倾+0.0 自动1/3
[  125.559] EVT 相位 L3 hover→descend
[  126.040] EVT 相位 L3 descend→press
[  126.060] TLM t=  81.6 L1·A@-74 L2·A@-65 L3Pr@-- R1·A@-72 R2·A@-64 R3·A@-60 罐=无罐 泵=0 阀=110111 速=+0,+0,+0.00 电=7.93V/1.71A/峰2.28 补余=0.0 IO错=0 倾+0.0 自动1/3
[  126.401] EVT 泵 开 最差盘压-60.0
[  126.567] TLM t=  81.6 L1·A@-74 L2·A@-64 L3Pr@-- R1·A@-72 R2·A@-64 R3·A@-60 罐=无罐 泵=1 阀=110111 速=+0,+0,+0.00 电=7.90V/1.47A/峰2.28 补余=0.0 IO错=0 倾+0.0 自动1/3
[  127.074] TLM t=  81.6 L1·A@-74 L2·A@-73 L3Pr@-- R1·A@-72 R2·A@-73 R3·A@-73 罐=无罐 泵=1 阀=110111 速=+0,+0,+0.00 电=7.88V/1.47A/峰2.28 补余=0.0 IO错=0 倾+0.0 自动1/3
[  127.243] EVT 吸附 L3 released→pressing 在态4.04s 0.1kPa
[  127.244] EVT 相位 L3 press→wait
[  127.304] EVT 泵 停 最差盘压-75.1
[  127.557] EVT 吸附 L3 pressing→sucking 在态0.32s 0.1kPa
[  127.557] EVT 阀 L3 →抽气位
[  127.585] EVT 泵 开 最差盘压-75.6
[  127.593] TLM t=  81.6 L1·A@-76 L2·A@-76 L3Ws@-12 R1·A@-76 R2·A@-76 R3·A@-76 罐=无罐 泵=1 阀=111111 速=+0,+0,+0.00 电=7.76V/1.63A/峰2.28 补余=0.0 IO错=0 倾+0.0 自动1/3
[  127.858] EVT 吸附 L3 sucking→attached 在态0.30s -59.4kPa
[  127.858] EVT 相位 L3 wait→stance
[  127.858] EVT 抬落完成，轮到 R1
[  128.105] TLM t=  81.8 L1·A@-76 L2·A@-76 L3·A@-71 R1·A@-75 R2·A@-75 R3·A@-75 罐=无罐 泵=1 阀=111111 速=+0,+0,+0.00 电=7.90V/1.47A/峰2.28 补余=0.0 IO错=0 倾+0.0 自动1/3
[  128.307] EVT 泵 停 最差盘压-75.0
[  128.621] TLM t=  82.3 L1·A@-76 L2·A@-76 L3·A@-76 R1·A@-75 R2·A@-76 R3·A@-76 罐=无罐 泵=0 阀=111111 速=+0,+0,+0.00 电=7.94V/1.55A/峰2.28 补余=0.0 IO错=0 倾+0.0 自动1/3
[  129.128] TLM t=  82.8 L1·A@-76 L2·A@-76 L3·A@-76 R1·A@-75 R2·A@-75 R3·A@-75 罐=无罐 泵=0 阀=111111 速=+0,+0,+0.00 电=7.94V/1.63A/峰2.28 补余=0.0 IO错=0 倾+0.0 自动1/3
[  129.647] TLM t=  83.4 L1·A@-76 L2·A@-75 L3·A@-75 R1·A@-75 R2·A@-75 R3·A@-74 罐=无罐 泵=0 阀=111111 速=+0,+0,+0.00 电=7.95V/1.55A/峰2.28 补余=0.0 IO错=0 倾+0.0 自动1/3
[  130.150] TLM t=  83.9 L1·A@-76 L2·A@-75 L3·A@-75 R1·A@-75 R2·A@-74 R3·A@-74 罐=无罐 泵=0 阀=111111 速=+0,+0,+0.00 电=7.95V/1.55A/峰2.28 补余=0.0 IO错=0 倾+0.0 自动1/3
[  130.670] TLM t=  84.4 L1·A@-76 L2·A@-74 L3·A@-75 R1·A@-74 R2·A@-74 R3·A@-73 罐=无罐 泵=0 阀=111111 速=+0,+0,+0.00 电=7.94V/1.55A/峰2.28 补余=0.0 IO错=0 倾+0.0 自动1/3
[  131.175] TLM t=  84.9 L1·A@-76 L2·A@-74 L3·A@-75 R1·A@-74 R2·A@-74 R3·A@-73 罐=无罐 泵=0 阀=111111 速=+0,+0,+0.00 电=7.96V/1.47A/峰2.28 补余=0.0 IO错=0 倾+0.0 自动1/3
[  131.698] TLM t=  85.4 L1·A@-76 L2·A@-73 L3·A@-75 R1·A@-74 R2·A@-73 R3·A@-72 罐=无罐 泵=0 阀=111111 速=+0,+0,+0.00 电=7.94V/1.55A/峰2.28 补余=0.0 IO错=0 倾+0.0 自动1/3
[  132.203] TLM t=  85.9 L1·A@-75 L2·A@-73 L3·A@-75 R1·A@-74 R2·A@-73 R3·A@-71 罐=无罐 泵=0 阀=111111 速=+0,+0,+0.00 电=7.95V/1.63A/峰2.28 补余=0.0 IO错=0 倾+0.0 自动1/3
[  132.722] TLM t=  86.4 L1·A@-75 L2·A@-72 L3·A@-75 R1·A@-73 R2·A@-72 R3·A@-71 罐=无罐 泵=0 阀=111111 速=+0,+0,+0.00 电=7.94V/1.47A/峰2.28 补余=0.0 IO错=0 倾+0.0 自动1/3
[  133.226] TLM t=  86.9 L1·A@-75 L2·A@-72 L3·A@-75 R1·A@-73 R2·A@-72 R3·A@-70 罐=无罐 泵=0 阀=111111 速=+0,+0,+0.00 电=7.94V/1.47A/峰2.28 补余=0.0 IO错=0 倾+0.0 自动1/3
[  133.748] TLM t=  87.4 L1·A@-75 L2·A@-71 L3·A@-75 R1·A@-73 R2·A@-72 R3·A@-70 罐=无罐 泵=0 阀=111111 速=+0,+0,+0.00 电=7.95V/1.63A/峰2.28 补余=0.0 IO错=0 倾+0.0 自动1/3
[  134.252] TLM t=  87.9 L1·A@-75 L2·A@-71 L3·A@-75 R1·A@-72 R2·A@-71 R3·A@-69 罐=无罐 泵=0 阀=111111 速=+0,+0,+0.00 电=7.94V/1.55A/峰2.28 补余=0.0 IO错=0 倾+0.0 自动1/3
[  134.775] TLM t=  88.5 L1·A@-75 L2·A@-71 L3·A@-74 R1·A@-72 R2·A@-71 R3·A@-68 罐=无罐 泵=0 阀=111111 速=+0,+0,+0.00 电=7.96V/1.55A/峰2.28 补余=0.0 IO错=0 倾+0.0 自动1/3
[  135.275] TLM t=  89.0 L1·A@-75 L2·A@-70 L3·A@-74 R1·A@-72 R2·A@-70 R3·A@-68 罐=无罐 泵=0 阀=111111 速=+0,+0,+0.00 电=7.93V/1.55A/峰2.28 补余=0.0 IO错=0 倾+0.0 自动1/3
[  135.799] TLM t=  89.5 L1·A@-75 L2·A@-70 L3·A@-74 R1·A@-72 R2·A@-70 R3·A@-67 罐=无罐 泵=0 阀=111111 速=+0,+0,+0.00 电=7.95V/1.47A/峰2.28 补余=0.0 IO错=0 倾+0.0 自动1/3
[  136.309] TLM t=  90.0 L1·A@-75 L2·A@-69 L3·A@-74 R1·A@-71 R2·A@-70 R3·A@-66 罐=无罐 泵=0 阀=111111 速=+0,+0,+0.00 电=7.94V/1.47A/峰2.28 补余=0.0 IO错=0 倾+0.0 自动1/3
[  136.825] TLM t=  90.5 L1·A@-75 L2·A@-69 L3·A@-74 R1·A@-71 R2·A@-69 R3·A@-66 罐=无罐 泵=0 阀=111111 速=+0,+0,+0.00 电=7.95V/1.55A/峰2.28 补余=0.0 IO错=0 倾+0.0 自动1/3
[  137.333] TLM t=  91.0 L1·A@-75 L2·A@-69 L3·A@-74 R1·A@-71 R2·A@-69 R3·A@-65 罐=无罐 泵=0 阀=111111 速=+0,+0,+0.00 电=7.95V/1.38A/峰2.28 补余=0.0 IO错=0 倾+0.0 自动1/3
[  137.854] TLM t=  91.5 L1·A@-75 L2·A@-68 L3·A@-74 R1·A@-70 R2·A@-68 R3·A@-65 罐=无罐 泵=0 阀=111111 速=+0,+0,+0.00 电=7.95V/1.47A/峰2.28 补余=0.0 IO错=0 倾+0.0 自动1/3
[  137.879] EVT 原地抬起受理：R1
[  137.907] EVT 吸附 R1 attached→venting 在态107.20s -70.5kPa
[  137.907] EVT 相位 R1 stance→vent 落点Δ(+0.0,+0.0)
[  137.925] EVT 阀 R1 →排气位
[  138.208] EVT 相位 R1 vent→lift
[  138.348] EVT 吸附 R1 venting→released 在态0.44s -0.0kPa
[  138.356] TLM t=  92.9 L1·A@-74 L2·A@-68 L3·A@-74 R1Lr@-- R2·A@-68 R3·A@-64 罐=无罐 泵=0 阀=111011 速=+0,+0,+0.00 电=7.91V/1.87A/峰2.28 补余=0.0 IO错=0 倾+0.0 自动1/3
[  138.880] TLM t=  93.0 L1·A@-74 L2·A@-67 L3·A@-74 R1Lr@-- R2·A@-68 R3·A@-64 罐=无罐 泵=0 阀=111011 速=+0,+0,+0.00 电=7.91V/1.87A/峰2.28 补余=0.0 IO错=0 倾+0.0 自动1/3
[  139.054] EVT 相位 R1 lift→transfer
[  139.380] TLM t=  93.0 L1·A@-74 L2·A@-67 L3·A@-74 R1Tr@-- R2·A@-67 R3·A@-63 罐=无罐 泵=0 阀=111011 速=+0,+0,+0.00 电=7.91V/1.95A/峰2.28 补余=0.0 IO错=0 倾+0.0 自动1/3
[  139.673] EVT 相位 R1 transfer→hover
[  139.905] TLM t=  93.0 L1·A@-74 L2·A@-66 L3·A@-74 R1Hr@-- R2·A@-67 R3·A@-63 罐=无罐 泵=0 阀=111011 速=+0,+0,+0.00 电=7.92V/1.87A/峰2.28 补余=0.0 IO错=0 倾+0.0 自动1/3
[  140.407] TLM t=  93.0 L1·A@-74 L2·A@-66 L3·A@-74 R1Hr@-- R2·A@-67 R3·A@-62 罐=无罐 泵=0 阀=111011 速=+0,+0,+0.00 电=7.91V/1.87A/峰2.28 补余=0.0 IO错=0 倾+0.0 自动1/3
[  140.680] EVT 落地：R1
[  140.698] EVT 相位 R1 hover→descend
[  140.931] TLM t=  93.0 L1·A@-74 L2·A@-65 L3·A@-73 R1Dr@-- R2·A@-66 R3·A@-61 罐=无罐 泵=0 阀=111011 速=+0,+0,+0.00 电=7.90V/1.87A/峰2.28 补余=0.0 IO错=0 倾+0.0 自动1/3
[  141.185] EVT 相位 R1 descend→press
[  141.433] TLM t=  93.0 L1·A@-74 L2·A@-65 L3·A@-73 R1Pr@-- R2·A@-66 R3·A@-61 罐=无罐 泵=0 阀=111011 速=+0,+0,+0.00 电=7.91V/1.87A/峰2.28 补余=0.0 IO错=0 倾+0.0 自动1/3
[  141.959] TLM t=  93.0 L1·A@-74 L2·A@-65 L3·A@-73 R1Pr@-- R2·A@-65 R3·A@-60 罐=无罐 泵=0 阀=111011 速=+0,+0,+0.00 电=7.91V/1.87A/峰2.28 补余=0.0 IO错=0 倾+0.0 自动1/3
[  142.332] EVT 泵 开 最差盘压-59.9
[  142.392] EVT 吸附 R1 released→pressing 在态4.02s -0.0kPa
[  142.392] EVT 相位 R1 press→wait
[  142.464] TLM t=  93.0 L1·A@-74 L2·A@-64 L3·A@-73 R1Wp@-- R2·A@-65 R3·A@-60 罐=无罐 泵=1 阀=111011 速=+0,+0,+0.00 电=7.87V/2.04A/峰2.28 补余=0.0 IO错=0 倾+0.0 自动1/3
[  142.708] EVT 吸附 R1 pressing→sucking 在态0.32s -0.0kPa
[  142.708] EVT 阀 R1 →抽气位
[  142.983] TLM t=  93.0 L1·A@-74 L2·A@-68 L3·A@-73 R1Ws@-63 R2·A@-67 R3·A@-67 罐=无罐 泵=1 阀=111111 速=+0,+0,+0.00 电=7.87V/1.63A/峰2.28 补余=0.0 IO错=0 倾+0.0 自动1/3
[  143.069] EVT 吸附 R1 sucking→attached 在态0.36s -66.2kPa
[  143.069] EVT 相位 R1 wait→stance
[  143.069] EVT 抬落完成，轮到 L2
[  143.489] TLM t=  93.4 L1·A@-75 L2·A@-75 L3·A@-75 R1·A@-74 R2·A@-75 R3·A@-75 罐=无罐 泵=1 阀=111111 速=+0,+0,+0.00 电=7.92V/1.79A/峰2.28 补余=0.0 IO错=0 倾+0.0 自动1/3
[  143.638] EVT 泵 停 最差盘压-75.5
[  144.007] TLM t=  93.9 L1·A@-77 L2·A@-76 L3·A@-76 R1·A@-76 R2·A@-76 R3·A@-76 罐=无罐 泵=0 阀=111111 速=+0,+0,+0.00 电=7.92V/1.87A/峰2.28 补余=0.0 IO错=0 倾+0.0 自动1/3
[  144.510] TLM t=  94.4 L1·A@-76 L2·A@-76 L3·A@-76 R1·A@-76 R2·A@-75 R3·A@-75 罐=无罐 泵=0 阀=111111 速=+0,+0,+0.00 电=7.93V/1.71A/峰2.28 补余=0.0 IO错=0 倾+0.0 自动1/3
[  145.034] TLM t=  94.9 L1·A@-76 L2·A@-75 L3·A@-76 R1·A@-75 R2·A@-75 R3·A@-75 罐=无罐 泵=0 阀=111111 速=+0,+0,+0.00 电=7.93V/1.79A/峰2.28 补余=0.0 IO错=0 倾+0.0 自动1/3
[  145.538] TLM t=  95.4 L1·A@-76 L2·A@-75 L3·A@-76 R1·A@-75 R2·A@-75 R3·A@-74 罐=无罐 泵=0 阀=111111 速=+0,+0,+0.00 电=7.93V/1.95A/峰2.28 补余=0.0 IO错=0 倾+0.0 自动1/3
[  146.060] TLM t=  96.0 L1·A@-76 L2·A@-74 L3·A@-76 R1·A@-75 R2·A@-74 R3·A@-74 罐=无罐 泵=0 阀=111111 速=+0,+0,+0.00 电=7.92V/1.71A/峰2.28 补余=0.0 IO错=0 倾+0.0 自动1/3
[  146.565] TLM t=  96.5 L1·A@-76 L2·A@-74 L3·A@-76 R1·A@-75 R2·A@-74 R3·A@-73 罐=无罐 泵=0 阀=111111 速=+0,+0,+0.00 电=7.92V/1.87A/峰2.28 补余=0.0 IO错=0 倾+0.0 自动1/3
[  147.086] TLM t=  97.0 L1·A@-76 L2·A@-74 L3·A@-76 R1·A@-75 R2·A@-73 R3·A@-72 罐=无罐 泵=0 阀=111111 速=+0,+0,+0.00 电=7.93V/1.79A/峰2.28 补余=0.0 IO错=0 倾+0.0 自动1/3
[  147.591] TLM t=  97.5 L1·A@-76 L2·A@-73 L3·A@-76 R1·A@-75 R2·A@-73 R3·A@-72 罐=无罐 泵=0 阀=111111 速=+0,+0,+0.00 电=7.92V/1.79A/峰2.28 补余=0.0 IO错=0 倾+0.0 自动1/3
[  148.114] TLM t=  98.0 L1·A@-76 L2·A@-73 L3·A@-76 R1·A@-75 R2·A@-73 R3·A@-71 罐=无罐 泵=0 阀=111111 速=+0,+0,+0.00 电=7.92V/1.87A/峰2.28 补余=0.0 IO错=0 倾+0.0 自动1/3
[  148.620] TLM t=  98.5 L1·A@-76 L2·A@-72 L3·A@-76 R1·A@-75 R2·A@-72 R3·A@-70 罐=无罐 泵=0 阀=111111 速=+0,+0,+0.00 电=7.92V/1.79A/峰2.28 补余=0.0 IO错=0 倾+0.0 自动1/3
[  149.139] TLM t=  99.0 L1·A@-76 L2·A@-72 L3·A@-76 R1·A@-75 R2·A@-72 R3·A@-70 罐=无罐 泵=0 阀=111111 速=+0,+0,+0.00 电=7.92V/1.71A/峰2.28 补余=0.0 IO错=0 倾+0.0 自动1/3
[  149.642] TLM t=  99.5 L1·A@-76 L2·A@-71 L3·A@-76 R1·A@-75 R2·A@-71 R3·A@-69 罐=无罐 泵=0 阀=111111 速=+0,+0,+0.00 电=7.93V/1.79A/峰2.28 补余=0.0 IO错=0 倾+0.0 自动1/3
[  150.166] TLM t= 100.0 L1·A@-76 L2·A@-71 L3·A@-76 R1·A@-75 R2·A@-71 R3·A@-69 罐=无罐 泵=0 阀=111111 速=+0,+0,+0.00 电=7.91V/1.87A/峰2.28 补余=0.0 IO错=0 倾+0.0 自动1/3
[  150.666] TLM t= 100.5 L1·A@-75 L2·A@-71 L3·A@-76 R1·A@-75 R2·A@-71 R3·A@-68 罐=无罐 泵=0 阀=111111 速=+0,+0,+0.00 电=7.93V/1.71A/峰2.28 补余=0.0 IO错=0 倾+0.0 自动1/3
[  151.195] TLM t= 101.1 L1·A@-75 L2·A@-70 L3·A@-76 R1·A@-75 R2·A@-70 R3·A@-68 罐=无罐 泵=0 阀=111111 速=+0,+0,+0.00 电=7.93V/1.79A/峰2.28 补余=0.0 IO错=0 倾+0.0 自动1/3
[  151.699] TLM t= 101.6 L1·A@-75 L2·A@-70 L3·A@-75 R1·A@-75 R2·A@-70 R3·A@-67 罐=无罐 泵=0 阀=111111 速=+0,+0,+0.00 电=7.93V/1.87A/峰2.28 补余=0.0 IO错=0 倾+0.0 自动1/3
[  152.223] TLM t= 102.1 L1·A@-75 L2·A@-69 L3·A@-75 R1·A@-75 R2·A@-69 R3·A@-66 罐=无罐 泵=0 阀=111111 速=+0,+0,+0.00 电=7.91V/2.12A/峰2.28 补余=0.0 IO错=0 倾+0.0 自动1/3
[  152.731] TLM t= 102.6 L1·A@-75 L2·A@-69 L3·A@-75 R1·A@-74 R2·A@-69 R3·A@-66 罐=无罐 泵=0 阀=111111 速=+0,+0,+0.00 电=7.92V/1.79A/峰2.28 补余=0.0 IO错=0 倾+0.0 自动1/3
[  153.093] EVT 原地抬起受理：L2
[  153.120] EVT 吸附 L2 attached→venting 在态120.50s -68.5kPa
[  153.120] EVT 相位 L2 stance→vent 落点Δ(+0.0,+0.0)
[  153.140] EVT 阀 L2 →排气位
[  153.247] TLM t= 103.9 L1·A@-75 L2Vv@-68 L3·A@-75 R1·A@-74 R2·A@-69 R3·A@-65 罐=无罐 泵=0 阀=101111 速=+0,+0,+0.00 电=7.91V/1.79A/峰2.28 补余=0.0 IO错=0 倾+0.0 自动1/3
[  153.419] EVT 相位 L2 vent→lift
[  153.516] EVT 吸附 L2 venting→released 在态0.40s 0.3kPa
[  153.749] TLM t= 104.4 L1·A@-75 L2Lr@-- L3·A@-75 R1·A@-74 R2·A@-68 R3·A@-65 罐=无罐 泵=0 阀=101111 速=+0,+0,+0.00 电=7.92V/1.71A/峰2.28 补余=0.0 IO错=0 倾+0.0 自动1/3
[  154.261] EVT 相位 L2 lift→transfer
[  154.274] TLM t= 104.4 L1·A@-75 L2Tr@-- L3·A@-75 R1·A@-74 R2·A@-68 R3·A@-64 罐=无罐 泵=0 阀=101111 速=+0,+0,+0.00 电=7.90V/1.87A/峰2.28 补余=0.0 IO错=0 倾+0.0 自动1/3
[  154.787] TLM t= 104.4 L1·A@-75 L2Tr@-- L3·A@-75 R1·A@-74 R2·A@-68 R3·A@-64 罐=无罐 泵=0 阀=101111 速=+0,+0,+0.00 电=7.91V/1.87A/峰2.28 补余=0.0 IO错=0 倾+0.0 自动1/3
[  154.885] EVT 相位 L2 transfer→hover
[  155.294] TLM t= 104.4 L1·A@-75 L2Hr@-- L3·A@-75 R1·A@-74 R2·A@-67 R3·A@-63 罐=无罐 泵=0 阀=101111 速=+0,+0,+0.00 电=7.93V/1.55A/峰2.28 补余=0.0 IO错=0 倾+0.0 自动1/3
[  155.797] TLM t= 104.4 L1·A@-75 L2Hr@-- L3·A@-75 R1·A@-74 R2·A@-67 R3·A@-62 罐=无罐 泵=0 阀=101111 速=+0,+0,+0.00 电=7.93V/1.55A/峰2.28 补余=0.0 IO错=0 倾+0.0 自动1/3
[  155.887] EVT 落地：L2
[  155.909] EVT 相位 L2 hover→descend
[  156.317] TLM t= 104.4 L1·A@-75 L2Dr@-- L3·A@-75 R1·A@-74 R2·A@-67 R3·A@-62 罐=无罐 泵=0 阀=101111 速=+0,+0,+0.00 电=7.90V/1.71A/峰2.28 补余=0.0 IO错=0 倾+0.0 自动1/3
[  156.391] EVT 相位 L2 descend→press
[  156.821] TLM t= 104.4 L1·A@-75 L2Pr@-- L3·A@-75 R1·A@-74 R2·A@-66 R3·A@-61 罐=无罐 泵=0 阀=101111 速=+0,+0,+0.00 电=7.92V/1.79A/峰2.28 补余=0.0 IO错=0 倾+0.0 自动1/3
[  157.340] TLM t= 104.4 L1·A@-75 L2Pr@-- L3·A@-75 R1·A@-74 R2·A@-66 R3·A@-61 罐=无罐 泵=0 阀=101111 速=+0,+0,+0.00 电=7.91V/1.79A/峰2.28 补余=0.0 IO错=0 倾+0.0 自动1/3
[  157.596] EVT 吸附 L2 released→pressing 在态4.06s 0.3kPa
[  157.596] EVT 相位 L2 press→wait
[  157.846] TLM t= 104.4 L1·A@-75 L2Wp@-- L3·A@-75 R1·A@-74 R2·A@-65 R3·A@-60 罐=无罐 泵=0 阀=101111 速=+0,+0,+0.00 电=7.91V/1.87A/峰2.28 补余=0.0 IO错=0 倾+0.0 自动1/3
[  157.897] EVT 吸附 L2 pressing→sucking 在态0.30s 0.3kPa
[  157.897] EVT 阀 L2 →抽气位
[  157.912] EVT 泵 开 最差盘压-60.2
[  158.230] EVT 吸附 L2 sucking→attached 在态0.34s -57.2kPa
[  158.235] EVT 相位 L2 wait→stance
[  158.235] EVT 抬落完成，轮到 R3
[  158.235] EVT 自动轮换：第 1 轮完成
[  158.364] TLM t= 104.5 L1·A@-74 L2·A@-64 L3·A@-75 R1·A@-74 R2·A@-65 R3·A@-62 罐=无罐 泵=1 阀=111111 速=+0,+0,+0.00 电=7.91V/1.63A/峰2.28 补余=0.0 IO错=0 倾+0.0 自动2/3
[  158.868] TLM t= 105.0 L1·A@-75 L2·A@-75 L3·A@-75 R1·A@-74 R2·A@-75 R3·A@-75 罐=无罐 泵=1 阀=111111 速=+0,+0,+0.00 电=7.89V/1.71A/峰2.28 补余=0.0 IO错=0 倾+0.0 自动2/3
[  158.957] EVT 泵 停 最差盘压-75.2
[  159.387] TLM t= 105.5 L1·A@-76 L2·A@-76 L3·A@-76 R1·A@-76 R2·A@-76 R3·A@-76 罐=无罐 泵=0 阀=111111 速=+0,+0,+0.00 电=7.92V/1.71A/峰2.28 补余=0.0 IO错=0 倾+0.0 自动2/3
[  159.893] TLM t= 106.0 L1·A@-76 L2·A@-75 L3·A@-76 R1·A@-76 R2·A@-75 R3·A@-75 罐=无罐 泵=0 阀=111111 速=+0,+0,+0.00 电=7.93V/1.71A/峰2.28 补余=0.0 IO错=0 倾+0.0 自动2/3
[  160.411] TLM t= 106.6 L1·A@-76 L2·A@-75 L3·A@-76 R1·A@-75 R2·A@-75 R3·A@-74 罐=无罐 泵=0 阀=111111 速=+0,+0,+0.00 电=7.92V/1.79A/峰2.28 补余=0.0 IO错=0 倾+0.0 自动2/3
[  160.916] TLM t= 107.1 L1·A@-76 L2·A@-74 L3·A@-76 R1·A@-75 R2·A@-74 R3·A@-74 罐=无罐 泵=0 阀=111111 速=+0,+0,+0.00 电=7.94V/1.63A/峰2.28 补余=0.0 IO错=0 倾+0.0 自动2/3
[  161.435] TLM t= 107.6 L1·A@-76 L2·A@-74 L3·A@-76 R1·A@-75 R2·A@-74 R3·A@-73 罐=无罐 泵=0 阀=111111 速=+0,+0,+0.00 电=7.93V/1.63A/峰2.28 补余=0.0 IO错=0 倾+0.0 自动2/3
[  161.942] TLM t= 108.1 L1·A@-76 L2·A@-73 L3·A@-76 R1·A@-75 R2·A@-73 R3·A@-73 罐=无罐 泵=0 阀=111111 速=+0,+0,+0.00 电=7.92V/1.71A/峰2.28 补余=0.0 IO错=0 倾+0.0 自动2/3
[  162.457] TLM t= 108.6 L1·A@-76 L2·A@-73 L3·A@-76 R1·A@-75 R2·A@-73 R3·A@-72 罐=无罐 泵=0 阀=111111 速=+0,+0,+0.00 电=7.93V/1.71A/峰2.28 补余=0.0 IO错=0 倾+0.0 自动2/3
[  162.962] TLM t= 109.1 L1·A@-76 L2·A@-72 L3·A@-76 R1·A@-75 R2·A@-73 R3·A@-71 罐=无罐 泵=0 阀=111111 速=+0,+0,+0.00 电=7.92V/1.71A/峰2.28 补余=0.0 IO错=0 倾+0.0 自动2/3
[  163.485] TLM t= 109.6 L1·A@-75 L2·A@-72 L3·A@-76 R1·A@-75 R2·A@-72 R3·A@-71 罐=无罐 泵=0 阀=111111 速=+0,+0,+0.00 电=7.93V/1.71A/峰2.28 补余=0.0 IO错=0 倾+0.0 自动2/3
[  163.987] TLM t= 110.1 L1·A@-75 L2·A@-71 L3·A@-76 R1·A@-75 R2·A@-72 R3·A@-70 罐=无罐 泵=0 阀=111111 速=+0,+0,+0.00 电=7.92V/1.63A/峰2.28 补余=0.0 IO错=0 倾+0.0 自动2/3
[  164.508] TLM t= 110.6 L1·A@-75 L2·A@-71 L3·A@-76 R1·A@-75 R2·A@-71 R3·A@-70 罐=无罐 泵=0 阀=111111 速=+0,+0,+0.00 电=7.91V/1.63A/峰2.28 补余=0.0 IO错=0 倾+0.0 自动2/3
[  165.014] TLM t= 111.1 L1·A@-75 L2·A@-70 L3·A@-75 R1·A@-75 R2·A@-71 R3·A@-69 罐=无罐 泵=0 阀=111111 速=+0,+0,+0.00 电=7.93V/1.63A/峰2.28 补余=0.0 IO错=0 倾+0.0 自动2/3
[  165.530] TLM t= 111.7 L1·A@-75 L2·A@-70 L3·A@-75 R1·A@-75 R2·A@-71 R3·A@-68 罐=无罐 泵=0 阀=111111 速=+0,+0,+0.00 电=7.93V/1.71A/峰2.28 补余=0.0 IO错=0 倾+0.0 自动2/3
[  166.036] TLM t= 112.2 L1·A@-75 L2·A@-69 L3·A@-75 R1·A@-75 R2·A@-70 R3·A@-68 罐=无罐 泵=0 阀=111111 速=+0,+0,+0.00 电=7.93V/1.63A/峰2.28 补余=0.0 IO错=0 倾+0.0 自动2/3
[  166.557] TLM t= 112.7 L1·A@-75 L2·A@-69 L3·A@-75 R1·A@-75 R2·A@-70 R3·A@-67 罐=无罐 泵=0 阀=111111 速=+0,+0,+0.00 电=7.93V/1.71A/峰2.28 补余=0.0 IO错=0 倾+0.0 自动2/3
[  167.060] TLM t= 113.2 L1·A@-75 L2·A@-69 L3·A@-75 R1·A@-75 R2·A@-70 R3·A@-67 罐=无罐 泵=0 阀=111111 速=+0,+0,+0.00 电=7.93V/1.63A/峰2.28 补余=0.0 IO错=0 倾+0.0 自动2/3
[  167.579] TLM t= 113.7 L1·A@-75 L2·A@-68 L3·A@-75 R1·A@-75 R2·A@-69 R3·A@-66 罐=无罐 泵=0 阀=111111 速=+0,+0,+0.00 电=7.93V/1.71A/峰2.28 补余=0.0 IO错=0 倾+0.0 自动2/3
[  168.085] TLM t= 114.2 L1·A@-75 L2·A@-68 L3·A@-75 R1·A@-75 R2·A@-69 R3·A@-65 罐=无罐 泵=0 阀=111111 速=+0,+0,+0.00 电=7.93V/1.71A/峰2.28 补余=0.0 IO错=0 倾+0.0 自动2/3
[  168.605] TLM t= 114.7 L1·A@-75 L2·A@-67 L3·A@-75 R1·A@-75 R2·A@-68 R3·A@-65 罐=无罐 泵=0 阀=111111 速=+0,+0,+0.00 电=7.93V/1.71A/峰2.28 补余=0.0 IO错=0 倾+0.0 自动2/3
[  169.113] TLM t= 115.2 L1·A@-74 L2·A@-67 L3·A@-75 R1·A@-75 R2·A@-68 R3·A@-64 罐=无罐 泵=0 阀=111111 速=+0,+0,+0.00 电=7.93V/1.71A/峰2.28 补余=0.0 IO错=0 倾+0.0 自动2/3
[  169.628] TLM t= 115.7 L1·A@-74 L2·A@-66 L3·A@-75 R1·A@-75 R2·A@-68 R3·A@-64 罐=无罐 泵=0 阀=111111 速=+0,+0,+0.00 电=7.93V/1.63A/峰2.28 补余=0.0 IO错=0 倾+0.0 自动2/3
[  170.131] TLM t= 116.2 L1·A@-74 L2·A@-66 L3·A@-75 R1·A@-75 R2·A@-67 R3·A@-63 罐=无罐 泵=0 阀=111111 速=+0,+0,+0.00 电=7.93V/1.71A/峰2.28 补余=0.0 IO错=0 倾+0.0 自动2/3
[  170.653] TLM t= 116.8 L1·A@-74 L2·A@-65 L3·A@-75 R1·A@-75 R2·A@-67 R3·A@-63 罐=无罐 泵=0 阀=111111 速=+0,+0,+0.00 电=7.92V/1.71A/峰2.28 补余=0.0 IO错=0 倾+0.0 自动2/3
[  171.156] TLM t= 117.3 L1·A@-74 L2·A@-65 L3·A@-75 R1·A@-75 R2·A@-67 R3·A@-62 罐=无罐 泵=0 阀=111111 速=+0,+0,+0.00 电=7.92V/1.71A/峰2.28 补余=0.0 IO错=0 倾+0.0 自动2/3
[  171.676] TLM t= 117.8 L1·A@-74 L2·A@-65 L3·A@-75 R1·A@-74 R2·A@-66 R3·A@-61 罐=无罐 泵=0 阀=111111 速=+0,+0,+0.00 电=7.94V/1.63A/峰2.28 补余=0.0 IO错=0 倾+0.0 自动2/3
[  172.180] TLM t= 118.3 L1·A@-74 L2·A@-64 L3·A@-75 R1·A@-74 R2·A@-66 R3·A@-61 罐=无罐 泵=0 阀=111111 速=+0,+0,+0.00 电=7.93V/1.71A/峰2.28 补余=0.0 IO错=0 倾+0.0 自动2/3
[  172.702] TLM t= 118.8 L1·A@-74 L2·A@-64 L3·A@-75 R1·A@-74 R2·A@-65 R3·A@-60 罐=无罐 泵=0 阀=111111 速=+0,+0,+0.00 电=7.93V/1.71A/峰2.28 补余=0.0 IO错=0 倾+0.0 自动2/3
[  173.016] EVT 泵 开 最差盘压-59.9
[  173.206] TLM t= 119.3 L1·A@-74 L2·A@-63 L3·A@-75 R1·A@-74 R2·A@-65 R3·A@-60 罐=无罐 泵=1 阀=111111 速=+0,+0,+0.00 电=7.88V/1.71A/峰2.28 补余=0.0 IO错=0 倾+0.0 自动2/3
[  173.257] EVT 自动轮换：第 2 轮开始
[  173.272] EVT 原地抬起受理：R3
[  173.294] EVT 吸附 R3 attached→venting 在态90.50s -60.7kPa
[  173.294] EVT 相位 R3 stance→vent 落点Δ(+0.0,+0.0)
[  173.314] EVT 阀 R3 →排气位
[  173.595] EVT 相位 R3 vent→lift
[  173.695] EVT 吸附 R3 venting→released 在态0.40s 0.2kPa
[  173.726] TLM t= 122.8 L1·A@-74 L2·A@-74 L3·A@-75 R1·A@-74 R2·A@-74 R3Lr@-- 罐=无罐 泵=1 阀=111110 速=+0,+0,+0.00 电=7.84V/1.63A/峰2.28 补余=0.0 IO错=0 倾+0.0 自动2/3
[  173.900] EVT 泵 停 最差盘压-75.3
[  174.231] TLM t= 123.0 L1·A@-76 L2·A@-76 L3·A@-76 R1·A@-76 R2·A@-76 R3Lr@-- 罐=无罐 泵=0 阀=111110 速=+0,+0,+0.00 电=7.93V/1.63A/峰2.28 补余=0.0 IO错=0 倾+0.0 自动2/3
[  174.441] EVT 相位 R3 lift→transfer
[  174.751] TLM t= 123.0 L1·A@-76 L2·A@-76 L3·A@-76 R1·A@-76 R2·A@-75 R3Tr@-- 罐=无罐 泵=0 阀=111110 速=+0,+0,+0.00 电=7.92V/1.47A/峰2.28 补余=0.0 IO错=0 倾+0.0 自动2/3
[  175.066] EVT 相位 R3 transfer→hover
[  175.256] TLM t= 123.0 L1·A@-76 L2·A@-75 L3·A@-76 R1·A@-76 R2·A@-75 R3Hr@-- 罐=无罐 泵=0 阀=111110 速=+0,+0,+0.00 电=7.93V/1.38A/峰2.28 补余=0.0 IO错=0 倾+0.0 自动2/3
[  175.777] TLM t= 123.0 L1·A@-76 L2·A@-75 L3·A@-76 R1·A@-76 R2·A@-75 R3Hr@-- 罐=无罐 泵=0 阀=111110 速=+0,+0,+0.00 电=7.94V/1.47A/峰2.28 补余=0.0 IO错=0 倾+0.0 自动2/3
[  176.069] EVT 落地：R3
[  176.089] EVT 相位 R3 hover→descend
[  176.280] TLM t= 123.0 L1·A@-76 L2·A@-74 L3·A@-76 R1·A@-76 R2·A@-74 R3Dr@-- 罐=无罐 泵=0 阀=111110 速=+0,+0,+0.00 电=7.93V/1.47A/峰2.28 补余=0.0 IO错=0 倾+0.0 自动2/3
[  176.571] EVT 相位 R3 descend→press
[  176.801] TLM t= 123.0 L1·A@-76 L2·A@-74 L3·A@-76 R1·A@-76 R2·A@-74 R3Pr@-- 罐=无罐 泵=0 阀=111110 速=+0,+0,+0.00 电=7.93V/1.38A/峰2.28 补余=0.0 IO错=0 倾+0.0 自动2/3
[  177.304] TLM t= 123.0 L1·A@-76 L2·A@-73 L3·A@-76 R1·A@-76 R2·A@-73 R3Pr@-- 罐=无罐 泵=0 阀=111110 速=+0,+0,+0.00 电=7.93V/1.38A/峰2.28 补余=0.0 IO错=0 倾+0.0 自动2/3
[  177.774] EVT 吸附 R3 released→pressing 在态4.06s 0.2kPa
[  177.774] EVT 相位 R3 press→wait
[  177.825] TLM t= 123.0 L1·A@-76 L2·A@-73 L3·A@-76 R1·A@-76 R2·A@-73 R3Wp@-- 罐=无罐 泵=0 阀=111110 速=+0,+0,+0.00 电=7.92V/1.47A/峰2.28 补余=0.0 IO错=0 倾+0.0 自动2/3
[  178.076] EVT 吸附 R3 pressing→sucking 在态0.30s 0.2kPa
[  178.077] EVT 阀 R3 →抽气位
[  178.097] EVT 泵 开 最差盘压-72.6
[  178.329] TLM t= 123.0 L1·A@-76 L2·A@-72 L3·A@-76 R1·A@-76 R2·A@-72 R3Ws@-59 罐=无罐 泵=1 阀=111111 速=+0,+0,+0.00 电=7.84V/1.38A/峰2.28 补余=0.0 IO错=0 倾+0.0 自动2/3
[  178.357] EVT 吸附 R3 sucking→attached 在态0.28s -63.2kPa
[  178.357] EVT 相位 R3 wait→stance
[  178.357] EVT 抬落完成，轮到 L1
[  178.799] EVT 泵 停 最差盘压-75.1
[  178.827] TLM t= 123.5 L1·A@-76 L2·A@-76 L3·A@-76 R1·A@-75 R2·A@-75 R3·A@-76 罐=无罐 泵=0 阀=111111 速=+0,+0,+0.00 电=7.93V/1.38A/峰2.28 补余=0.0 IO错=0 倾+0.0 自动2/3
[  179.331] TLM t= 124.0 L1·A@-76 L2·A@-76 L3·A@-76 R1·A@-75 R2·A@-75 R3·A@-75 罐=无罐 泵=0 阀=111111 速=+0,+0,+0.00 电=7.92V/1.47A/峰2.28 补余=0.0 IO错=0 倾+0.0 自动2/3
[  179.831] TLM t= 124.5 L1·A@-76 L2·A@-75 L3·A@-76 R1·A@-75 R2·A@-75 R3·A@-75 罐=无罐 泵=0 阀=111111 速=+0,+0,+0.00 电=7.94V/1.47A/峰2.28 补余=0.0 IO错=0 倾+0.0 自动2/3
[  180.335] TLM t= 125.0 L1·A@-76 L2·A@-75 L3·A@-76 R1·A@-75 R2·A@-74 R3·A@-74 罐=无罐 泵=0 阀=111111 速=+0,+0,+0.00 电=7.93V/1.38A/峰2.28 补余=0.0 IO错=0 倾+0.0 自动2/3
[  180.837] TLM t= 125.5 L1·A@-76 L2·A@-74 L3·A@-76 R1·A@-75 R2·A@-74 R3·A@-73 罐=无罐 泵=0 阀=111111 速=+0,+0,+0.00 电=7.94V/1.47A/峰2.28 补余=0.0 IO错=0 倾+0.0 自动2/3
[  181.342] TLM t= 126.0 L1·A@-76 L2·A@-74 L3·A@-76 R1·A@-75 R2·A@-74 R3·A@-73 罐=无罐 泵=0 阀=111111 速=+0,+0,+0.00 电=7.93V/1.55A/峰2.28 补余=0.0 IO错=0 倾+0.0 自动2/3
[  181.839] TLM t= 126.5 L1·A@-75 L2·A@-73 L3·A@-76 R1·A@-75 R2·A@-73 R3·A@-72 罐=无罐 泵=0 阀=111111 速=+0,+0,+0.00 电=7.93V/1.55A/峰2.28 补余=0.0 IO错=0 倾+0.0 自动2/3
[  182.342] TLM t= 127.0 L1·A@-75 L2·A@-73 L3·A@-75 R1·A@-75 R2·A@-73 R3·A@-71 罐=无罐 泵=0 阀=111111 速=+0,+0,+0.00 电=7.93V/1.55A/峰2.28 补余=0.0 IO错=0 倾+0.0 自动2/3
[  182.843] TLM t= 127.5 L1·A@-75 L2·A@-73 L3·A@-75 R1·A@-75 R2·A@-72 R3·A@-71 罐=无罐 泵=0 阀=111111 速=+0,+0,+0.00 电=7.93V/1.55A/峰2.28 补余=0.0 IO错=0 倾+0.0 自动2/3
[  183.346] TLM t= 128.0 L1·A@-75 L2·A@-72 L3·A@-75 R1·A@-75 R2·A@-72 R3·A@-70 罐=无罐 泵=0 阀=111111 速=+0,+0,+0.00 电=7.94V/1.63A/峰2.28 补余=0.0 IO错=0 倾+0.0 自动2/3
[  183.844] TLM t= 128.5 L1·A@-75 L2·A@-72 L3·A@-75 R1·A@-75 R2·A@-72 R3·A@-70 罐=无罐 泵=0 阀=111111 速=+0,+0,+0.00 电=7.93V/1.55A/峰2.28 补余=0.0 IO错=0 倾+0.0 自动2/3
[  184.346] TLM t= 129.0 L1·A@-75 L2·A@-71 L3·A@-75 R1·A@-75 R2·A@-71 R3·A@-69 罐=无罐 泵=0 阀=111111 速=+0,+0,+0.00 电=7.94V/1.47A/峰2.28 补余=0.0 IO错=0 倾+0.0 自动2/3
[  184.850] TLM t= 129.5 L1·A@-75 L2·A@-71 L3·A@-75 R1·A@-75 R2·A@-71 R3·A@-68 罐=无罐 泵=0 阀=111111 速=+0,+0,+0.00 电=7.93V/1.47A/峰2.28 补余=0.0 IO错=0 倾+0.0 自动2/3
[  185.349] TLM t= 130.0 L1·A@-75 L2·A@-70 L3·A@-75 R1·A@-75 R2·A@-71 R3·A@-68 罐=无罐 泵=0 阀=111111 速=+0,+0,+0.00 电=7.93V/1.47A/峰2.28 补余=0.0 IO错=0 倾+0.0 自动2/3
[  185.854] TLM t= 130.5 L1·A@-75 L2·A@-70 L3·A@-75 R1·A@-75 R2·A@-70 R3·A@-67 罐=无罐 泵=0 阀=111111 速=+0,+0,+0.00 电=7.94V/1.47A/峰2.28 补余=0.0 IO错=0 倾+0.0 自动2/3
[  186.355] TLM t= 131.0 L1·A@-75 L2·A@-69 L3·A@-75 R1·A@-75 R2·A@-70 R3·A@-66 罐=无罐 泵=0 阀=111111 速=+0,+0,+0.00 电=7.92V/1.47A/峰2.28 补余=0.0 IO错=0 倾+0.0 自动2/3
[  186.856] TLM t= 131.5 L1·A@-75 L2·A@-69 L3·A@-75 R1·A@-75 R2·A@-69 R3·A@-66 罐=无罐 泵=0 阀=111111 速=+0,+0,+0.00 电=7.93V/1.38A/峰2.28 补余=0.0 IO错=0 倾+0.0 自动2/3
[  187.358] TLM t= 132.0 L1·A@-74 L2·A@-69 L3·A@-75 R1·A@-75 R2·A@-69 R3·A@-65 罐=无罐 泵=0 阀=111111 速=+0,+0,+0.00 电=7.94V/1.47A/峰2.28 补余=0.0 IO错=0 倾+0.0 自动2/3
[  187.857] TLM t= 132.5 L1·A@-74 L2·A@-68 L3·A@-75 R1·A@-75 R2·A@-69 R3·A@-65 罐=无罐 泵=0 阀=111111 速=+0,+0,+0.00 电=7.93V/1.55A/峰2.28 补余=0.0 IO错=0 倾+0.0 自动2/3
[  188.364] TLM t= 133.0 L1·A@-74 L2·A@-68 L3·A@-75 R1·A@-75 R2·A@-68 R3·A@-64 罐=无罐 泵=0 阀=111111 速=+0,+0,+0.00 电=7.92V/1.63A/峰2.28 补余=0.0 IO错=0 倾+0.0 自动2/3
[  188.392] EVT 原地抬起受理：L1
[  188.411] EVT 吸附 L1 attached→venting 在态90.40s -74.3kPa
[  188.412] EVT 相位 L1 stance→vent 落点Δ(+0.0,+0.0)
[  188.429] EVT 阀 L1 →排气位
[  188.712] EVT 相位 L1 vent→lift
[  188.815] EVT 吸附 L1 venting→released 在态0.40s 0.1kPa
[  188.886] TLM t= 134.3 L1Lr@-- L2·A@-67 L3·A@-75 R1·A@-74 R2·A@-68 R3·A@-63 罐=无罐 泵=0 阀=011111 速=+0,+0,+0.00 电=7.89V/2.28A/峰2.28 补余=0.0 IO错=0 倾+0.0 自动2/3
[  189.390] TLM t= 134.4 L1Lr@-- L2·A@-67 L3·A@-75 R1·A@-74 R2·A@-67 R3·A@-62 罐=无罐 泵=0 阀=011111 速=+0,+0,+0.00 电=7.90V/2.20A/峰2.28 补余=0.0 IO错=0 倾+0.0 自动2/3
[  189.564] EVT 相位 L1 lift→transfer
[  189.913] TLM t= 134.4 L1Tr@-- L2·A@-66 L3·A@-75 R1·A@-74 R2·A@-67 R3·A@-62 罐=无罐 泵=0 阀=011111 速=+0,+0,+0.00 电=7.89V/2.12A/峰2.28 补余=0.0 IO错=0 倾+0.0 自动2/3
[  190.179] EVT 相位 L1 transfer→hover
[  190.418] TLM t= 134.4 L1Hr@-- L2·A@-66 L3·A@-75 R1·A@-74 R2·A@-67 R3·A@-61 罐=无罐 泵=0 阀=011111 速=+0,+0,+0.00 电=7.88V/1.95A/峰2.28 补余=0.0 IO错=0 倾+0.0 自动2/3
[  190.932] TLM t= 134.4 L1Hr@-- L2·A@-66 L3·A@-74 R1·A@-74 R2·A@-66 R3·A@-61 罐=无罐 泵=0 阀=011111 速=+0,+0,+0.00 电=7.89V/1.95A/峰2.28 补余=0.0 IO错=0 倾+0.0 自动2/3
[  191.190] EVT 落地：L1
[  191.202] EVT 相位 L1 hover→descend
[  191.438] TLM t= 134.4 L1Dr@-- L2·A@-65 L3·A@-74 R1·A@-74 R2·A@-66 R3·A@-60 罐=无罐 泵=0 阀=011111 速=+0,+0,+0.00 电=7.90V/2.04A/峰2.28 补余=0.0 IO错=0 倾+0.0 自动2/3
[  191.588] EVT 泵 开 最差盘压-60.0
[  191.683] EVT 相位 L1 descend→press
[  191.963] TLM t= 134.4 L1Pr@-- L2·A@-68 L3·A@-74 R1·A@-74 R2·A@-66 R3·A@-67 罐=无罐 泵=1 阀=011111 速=+0,+0,+0.00 电=7.83V/2.20A/峰2.28 补余=0.0 IO错=0 倾+0.0 自动2/3
[  192.458] EVT 泵 停 最差盘压-75.1
[  192.466] TLM t= 134.4 L1Pr@-- L2·A@-76 L3·A@-76 R1·A@-75 R2·A@-76 R3·A@-76 罐=无罐 泵=0 阀=011111 速=+0,+0,+0.00 电=7.87V/2.20A/峰2.28 补余=0.0 IO错=0 倾+0.0 自动2/3
[  192.891] EVT 吸附 L1 released→pressing 在态4.06s 0.1kPa
[  192.891] EVT 相位 L1 press→wait
[  192.985] TLM t= 134.4 L1Wp@-- L2·A@-76 L3·A@-76 R1·A@-76 R2·A@-76 R3·A@-76 罐=无罐 泵=0 阀=011111 速=+0,+0,+0.00 电=7.90V/1.95A/峰2.28 补余=0.0 IO错=0 倾+0.0 自动2/3
[  193.192] EVT 吸附 L1 pressing→sucking 在态0.30s 0.1kPa
[  193.192] EVT 阀 L1 →抽气位
[  193.220] EVT 泵 开 最差盘压-75.3
[  193.490] TLM t= 134.4 L1Ws@-62 L2·A@-76 L3·A@-76 R1·A@-76 R2·A@-75 R3·A@-75 罐=无罐 泵=1 阀=111111 速=+0,+0,+0.00 电=7.88V/2.12A/峰2.28 补余=0.0 IO错=0 倾+0.0 自动2/3
[  193.533] EVT 吸附 L1 sucking→attached 在态0.34s -65.4kPa
[  193.541] EVT 相位 L1 wait→stance
[  193.541] EVT 抬落完成，轮到 R2
[  193.882] EVT 泵 停 最差盘压-75.1
[  194.009] TLM t= 134.9 L1·A@-76 L2·A@-76 L3·A@-76 R1·A@-76 R2·A@-76 R3·A@-76 罐=无罐 泵=0 阀=111111 速=+0,+0,+0.00 电=7.91V/2.04A/峰2.28 补余=0.0 IO错=0 倾+0.0 自动2/3
[  194.511] TLM t= 135.4 L1·A@-76 L2·A@-76 L3·A@-76 R1·A@-76 R2·A@-75 R3·A@-75 罐=无罐 泵=0 阀=111111 速=+0,+0,+0.00 电=7.90V/1.87A/峰2.28 补余=0.0 IO错=0 倾+0.0 自动2/3
[  195.034] TLM t= 135.9 L1·A@-76 L2·A@-75 L3·A@-76 R1·A@-76 R2·A@-75 R3·A@-75 罐=无罐 泵=0 阀=111111 速=+0,+0,+0.00 电=7.90V/2.04A/峰2.28 补余=0.0 IO错=0 倾+0.0 自动2/3
[  195.538] TLM t= 136.4 L1·A@-75 L2·A@-75 L3·A@-76 R1·A@-75 R2·A@-74 R3·A@-74 罐=无罐 泵=0 阀=111111 速=+0,+0,+0.00 电=7.90V/2.04A/峰2.28 补余=0.0 IO错=0 倾+0.0 自动2/3
[  196.060] TLM t= 136.9 L1·A@-75 L2·A@-74 L3·A@-76 R1·A@-75 R2·A@-74 R3·A@-73 罐=无罐 泵=0 阀=111111 速=+0,+0,+0.00 电=7.90V/2.04A/峰2.28 补余=0.0 IO错=0 倾+0.0 自动2/3
[  196.564] TLM t= 137.4 L1·A@-75 L2·A@-74 L3·A@-76 R1·A@-75 R2·A@-74 R3·A@-73 罐=无罐 泵=0 阀=111111 速=+0,+0,+0.00 电=7.89V/1.95A/峰2.28 补余=0.0 IO错=0 倾+0.0 自动2/3
[  197.083] TLM t= 137.9 L1·A@-75 L2·A@-73 L3·A@-76 R1·A@-75 R2·A@-73 R3·A@-72 罐=无罐 泵=0 阀=111111 速=+0,+0,+0.00 电=7.89V/1.87A/峰2.28 补余=0.0 IO错=0 倾+0.0 自动2/3
[  197.588] TLM t= 138.4 L1·A@-75 L2·A@-73 L3·A@-76 R1·A@-75 R2·A@-73 R3·A@-72 罐=无罐 泵=0 阀=111111 速=+0,+0,+0.00 电=7.91V/2.04A/峰2.28 补余=0.0 IO错=0 倾+0.0 自动2/3
[  198.107] TLM t= 138.9 L1·A@-75 L2·A@-72 L3·A@-76 R1·A@-75 R2·A@-72 R3·A@-71 罐=无罐 泵=0 阀=111111 速=+0,+0,+0.00 电=7.91V/1.95A/峰2.28 补余=0.0 IO错=0 倾+0.0 自动2/3
[  198.613] TLM t= 139.4 L1·A@-75 L2·A@-72 L3·A@-76 R1·A@-75 R2·A@-72 R3·A@-70 罐=无罐 泵=0 阀=111111 速=+0,+0,+0.00 电=7.91V/1.95A/峰2.28 补余=0.0 IO错=0 倾+0.0 自动2/3
[  199.130] TLM t= 140.0 L1·A@-74 L2·A@-72 L3·A@-76 R1·A@-75 R2·A@-72 R3·A@-70 罐=无罐 泵=0 阀=111111 速=+0,+0,+0.00 电=7.91V/2.04A/峰2.28 补余=0.0 IO错=0 倾+0.0 自动2/3
[  199.633] TLM t= 140.5 L1·A@-74 L2·A@-71 L3·A@-75 R1·A@-75 R2·A@-71 R3·A@-69 罐=无罐 泵=0 阀=111111 速=+0,+0,+0.00 电=7.91V/2.04A/峰2.28 补余=0.0 IO错=0 倾+0.0 自动2/3
[  200.153] TLM t= 141.0 L1·A@-74 L2·A@-71 L3·A@-75 R1·A@-75 R2·A@-71 R3·A@-69 罐=无罐 泵=0 阀=111111 速=+0,+0,+0.00 电=7.90V/2.52A/峰2.52 补余=0.0 IO错=0 倾+0.0 自动2/3
[  200.657] TLM t= 141.4 L1·A@-74 L2·A@-70 L3·A@-75 R1·A@-75 R2·A@-71 R3·A@-68 罐=无罐 泵=0 阀=111111 速=+0,+0,+0.00 电=7.89V/2.04A/峰2.52 补余=0.0 IO错=0 倾+0.0 自动2/3
[  201.160] TLM t= 141.9 L1·A@-74 L2·A@-70 L3·A@-75 R1·A@-75 R2·A@-70 R3·A@-67 罐=无罐 泵=0 阀=111111 速=+0,+0,+0.00 电=7.90V/1.95A/峰2.52 补余=0.0 IO错=0 倾+0.0 自动2/3
[  201.347] EVT ⚠ 主环卡顿 205ms（目标 20ms）
[  201.663] TLM t= 142.2 L1·A@-74 L2·A@-69 L3·A@-75 R1·A@-75 R2·A@-70 R3·A@-67 罐=无罐 泵=0 阀=111111 速=+0,+0,+0.00 电=7.90V/2.12A/峰2.52 补余=0.0 IO错=0 倾+0.0 自动2/3
[  202.165] TLM t= 142.7 L1·A@-74 L2·A@-69 L3·A@-75 R1·A@-75 R2·A@-69 R3·A@-66 罐=无罐 泵=0 阀=111111 速=+0,+0,+0.00 电=7.89V/2.04A/峰2.52 补余=0.0 IO错=0 倾+0.0 自动2/3
[  202.690] TLM t= 143.3 L1·A@-74 L2·A@-69 L3·A@-75 R1·A@-75 R2·A@-69 R3·A@-66 罐=无罐 泵=0 阀=111111 速=+0,+0,+0.00 电=7.91V/2.04A/峰2.52 补余=0.0 IO错=0 倾+0.0 自动2/3
[  203.190] TLM t= 143.8 L1·A@-74 L2·A@-68 L3·A@-75 R1·A@-75 R2·A@-69 R3·A@-65 罐=无罐 泵=0 阀=111111 速=+0,+0,+0.00 电=7.88V/1.95A/峰2.52 补余=0.0 IO错=0 倾+0.0 自动2/3
[  203.556] EVT 原地抬起受理：R2
[  203.584] EVT 吸附 R2 attached→venting 在态90.18s -68.4kPa
[  203.584] EVT 相位 R2 stance→vent 落点Δ(+0.0,+0.0)
[  203.601] EVT 阀 R2 →排气位
[  203.713] TLM t= 145.3 L1·A@-74 L2·A@-68 L3·A@-75 R1·A@-75 R2Vv@-68 R3·A@-64 罐=无罐 泵=0 阀=111101 速=+0,+0,+0.00 电=7.89V/2.04A/峰2.52 补余=0.0 IO错=0 倾+0.0 自动2/3
[  203.884] EVT 相位 R2 vent→lift
[  203.980] EVT 吸附 R2 venting→released 在态0.40s -0.0kPa
[  204.227] TLM t= 145.8 L1·A@-74 L2·A@-67 L3·A@-75 R1·A@-75 R2Lr@-- R3·A@-64 罐=无罐 泵=0 阀=111101 速=+0,+0,+0.00 电=7.88V/1.87A/峰2.52 补余=0.0 IO错=0 倾+0.0 自动2/3
[  204.728] EVT 相位 R2 lift→transfer
[  204.739] TLM t= 145.8 L1·A@-73 L2·A@-67 L3·A@-75 R1·A@-75 R2Tr@-- R3·A@-64 罐=无罐 泵=0 阀=111101 速=+0,+0,+0.00 电=7.87V/2.12A/峰2.52 补余=0.0 IO错=0 倾+0.0 自动2/3
[  205.251] TLM t= 145.8 L1·A@-73 L2·A@-66 L3·A@-75 R1·A@-75 R2Tr@-- R3·A@-63 罐=无罐 泵=0 阀=111101 速=+0,+0,+0.00 电=7.87V/2.28A/峰2.52 补余=0.0 IO错=0 倾+0.0 自动2/3
[  205.347] EVT 相位 R2 transfer→hover
[  205.758] TLM t= 145.8 L1·A@-73 L2·A@-66 L3·A@-75 R1·A@-75 R2Hr@-- R3·A@-62 罐=无罐 泵=0 阀=111101 速=+0,+0,+0.00 电=7.89V/1.87A/峰2.52 补余=0.0 IO错=0 倾+0.0 自动2/3
[  206.271] TLM t= 145.8 L1·A@-73 L2·A@-66 L3·A@-75 R1·A@-75 R2Hr@-- R3·A@-62 罐=无罐 泵=0 阀=111101 速=+0,+0,+0.00 电=7.89V/1.87A/峰2.52 补余=0.0 IO错=0 倾+0.0 自动2/3
[  206.352] EVT 落地：R2
[  206.370] EVT 相位 R2 hover→descend
[  206.784] TLM t= 145.8 L1·A@-73 L2·A@-65 L3·A@-75 R1·A@-74 R2Dr@-- R3·A@-61 罐=无罐 泵=0 阀=111101 速=+0,+0,+0.00 电=7.88V/2.04A/峰2.52 补余=0.0 IO错=0 倾+0.0 自动2/3
[  206.851] EVT 相位 R2 descend→press
[  207.297] TLM t= 145.8 L1·A@-72 L2·A@-65 L3·A@-75 R1·A@-74 R2Pr@-- R3·A@-61 罐=无罐 泵=0 阀=111101 速=+0,+0,+0.00 电=7.89V/1.95A/峰2.52 补余=0.0 IO错=0 倾+0.0 自动2/3
[  207.806] TLM t= 145.8 L1·A@-72 L2·A@-64 L3·A@-75 R1·A@-74 R2Pr@-- R3·A@-60 罐=无罐 泵=0 阀=111101 速=+0,+0,+0.00 电=7.88V/2.04A/峰2.52 补余=0.0 IO错=0 倾+0.0 自动2/3
[  207.934] EVT 泵 开 最差盘压-60.0
[  208.054] EVT 吸附 R2 released→pressing 在态4.06s -0.0kPa
[  208.054] EVT 相位 R2 press→wait
[  208.321] TLM t= 145.8 L1·A@-72 L2·A@-66 L3·A@-75 R1·A@-74 R2Wp@-- R3·A@-66 罐=无罐 泵=1 阀=111101 速=+0,+0,+0.00 电=7.84V/2.04A/峰2.52 补余=0.0 IO错=0 倾+0.0 自动2/3
[  208.355] EVT 吸附 R2 pressing→sucking 在态0.30s -0.0kPa
[  208.355] EVT 阀 R2 →抽气位
[  208.638] EVT 吸附 R2 sucking→attached 在态0.28s -67.0kPa
[  208.639] EVT 相位 R2 wait→stance
[  208.639] EVT 抬落完成，轮到 L3
[  208.828] TLM t= 146.0 L1·A@-72 L2·A@-71 L3·A@-75 R1·A@-74 R2·A@-70 R3·A@-70 罐=无罐 泵=1 阀=111111 速=+0,+0,+0.00 电=7.89V/1.95A/峰2.52 补余=0.0 IO错=0 倾+0.0 自动2/3
[  209.318] EVT 泵 停 最差盘压-75.3
[  209.348] TLM t= 146.5 L1·A@-76 L2·A@-76 L3·A@-76 R1·A@-75 R2·A@-76 R3·A@-76 罐=无罐 泵=0 阀=111111 速=+0,+0,+0.00 电=7.91V/2.04A/峰2.52 补余=0.0 IO错=0 倾+0.0 自动2/3
[  209.850] TLM t= 147.0 L1·A@-76 L2·A@-76 L3·A@-76 R1·A@-76 R2·A@-75 R3·A@-76 罐=无罐 泵=0 阀=111111 速=+0,+0,+0.00 电=7.90V/2.04A/峰2.52 补余=0.0 IO错=0 倾+0.0 自动2/3
[  210.368] TLM t= 147.5 L1·A@-76 L2·A@-76 L3·A@-76 R1·A@-76 R2·A@-75 R3·A@-75 罐=无罐 泵=0 阀=111111 速=+0,+0,+0.00 电=7.91V/1.87A/峰2.52 补余=0.0 IO错=0 倾+0.0 自动2/3
[  210.873] TLM t= 148.0 L1·A@-76 L2·A@-75 L3·A@-76 R1·A@-76 R2·A@-74 R3·A@-75 罐=无罐 泵=0 阀=111111 速=+0,+0,+0.00 电=7.89V/1.95A/峰2.52 补余=0.0 IO错=0 倾+0.0 自动2/3
[  211.389] TLM t= 148.5 L1·A@-76 L2·A@-75 L3·A@-76 R1·A@-76 R2·A@-74 R3·A@-74 罐=无罐 泵=0 阀=111111 速=+0,+0,+0.00 电=7.91V/2.04A/峰2.52 补余=0.0 IO错=0 倾+0.0 自动2/3
[  211.894] TLM t= 149.0 L1·A@-76 L2·A@-74 L3·A@-76 R1·A@-76 R2·A@-73 R3·A@-73 罐=无罐 泵=0 阀=111111 速=+0,+0,+0.00 电=7.90V/2.04A/峰2.52 补余=0.0 IO错=0 倾+0.0 自动2/3
[  212.415] TLM t= 149.6 L1·A@-76 L2·A@-74 L3·A@-76 R1·A@-75 R2·A@-73 R3·A@-73 罐=无罐 泵=0 阀=111111 速=+0,+0,+0.00 电=7.90V/1.95A/峰2.52 补余=0.0 IO错=0 倾+0.0 自动2/3
[  212.920] TLM t= 150.1 L1·A@-76 L2·A@-73 L3·A@-76 R1·A@-75 R2·A@-72 R3·A@-72 罐=无罐 泵=0 阀=111111 速=+0,+0,+0.00 电=7.89V/1.95A/峰2.52 补余=0.0 IO错=0 倾+0.0 自动2/3
[  213.437] TLM t= 150.6 L1·A@-76 L2·A@-73 L3·A@-76 R1·A@-75 R2·A@-72 R3·A@-71 罐=无罐 泵=0 阀=111111 速=+0,+0,+0.00 电=7.89V/1.95A/峰2.52 补余=0.0 IO错=0 倾+0.0 自动2/3
[  213.945] TLM t= 151.1 L1·A@-76 L2·A@-72 L3·A@-76 R1·A@-75 R2·A@-72 R3·A@-71 罐=无罐 泵=0 阀=111111 速=+0,+0,+0.00 电=7.89V/2.04A/峰2.52 补余=0.0 IO错=0 倾+0.0 自动2/3
[  214.461] TLM t= 151.6 L1·A@-75 L2·A@-72 L3·A@-76 R1·A@-75 R2·A@-71 R3·A@-70 罐=无罐 泵=0 阀=111111 速=+0,+0,+0.00 电=7.90V/2.04A/峰2.52 补余=0.0 IO错=0 倾+0.0 自动2/3
[  214.963] TLM t= 152.1 L1·A@-75 L2·A@-71 L3·A@-76 R1·A@-75 R2·A@-71 R3·A@-70 罐=无罐 泵=0 阀=111111 速=+0,+0,+0.00 电=7.91V/1.95A/峰2.52 补余=0.0 IO错=0 倾+0.0 自动2/3
[  215.485] TLM t= 152.6 L1·A@-75 L2·A@-71 L3·A@-76 R1·A@-75 R2·A@-70 R3·A@-69 罐=无罐 泵=0 阀=111111 速=+0,+0,+0.00 电=7.90V/2.04A/峰2.52 补余=0.0 IO错=0 倾+0.0 自动2/3
[  215.989] TLM t= 153.1 L1·A@-75 L2·A@-71 L3·A@-76 R1·A@-75 R2·A@-70 R3·A@-68 罐=无罐 泵=0 阀=111111 速=+0,+0,+0.00 电=7.90V/1.95A/峰2.52 补余=0.0 IO错=0 倾+0.0 自动2/3
[  216.506] TLM t= 153.6 L1·A@-75 L2·A@-70 L3·A@-76 R1·A@-75 R2·A@-69 R3·A@-68 罐=无罐 泵=0 阀=111111 速=+0,+0,+0.00 电=7.90V/2.04A/峰2.52 补余=0.0 IO错=0 倾+0.0 自动2/3
[  217.014] TLM t= 154.1 L1·A@-75 L2·A@-70 L3·A@-76 R1·A@-75 R2·A@-69 R3·A@-67 罐=无罐 泵=0 阀=111111 速=+0,+0,+0.00 电=7.91V/2.04A/峰2.52 补余=0.0 IO错=0 倾+0.0 自动2/3
[  217.531] TLM t= 154.7 L1·A@-75 L2·A@-69 L3·A@-75 R1·A@-75 R2·A@-69 R3·A@-67 罐=无罐 泵=0 阀=111111 速=+0,+0,+0.00 电=7.88V/1.95A/峰2.52 补余=0.0 IO错=0 倾+0.0 自动2/3
[  218.034] TLM t= 155.2 L1·A@-75 L2·A@-69 L3·A@-75 R1·A@-75 R2·A@-68 R3·A@-66 罐=无罐 泵=0 阀=111111 速=+0,+0,+0.00 电=7.89V/1.87A/峰2.52 补余=0.0 IO错=0 倾+0.0 自动2/3
[  218.555] TLM t= 155.7 L1·A@-75 L2·A@-68 L3·A@-75 R1·A@-75 R2·A@-68 R3·A@-65 罐=无罐 泵=0 阀=111111 速=+0,+0,+0.00 电=7.89V/1.95A/峰2.52 补余=0.0 IO错=0 倾+0.0 自动2/3
[  218.663] EVT 原地抬起受理：L3
[  218.688] EVT 吸附 L3 attached→venting 在态90.18s -75.3kPa
[  218.688] EVT 相位 L3 stance→vent 落点Δ(+0.0,+0.0)
[  218.706] EVT 阀 L3 →排气位
[  218.987] EVT 相位 L3 vent→lift
[  219.056] TLM t= 157.0 L1·A@-75 L2·A@-68 L3Lv@-75 R1·A@-75 R2·A@-68 R3·A@-65 罐=无罐 泵=0 阀=110111 速=+0,+0,+0.00 电=7.90V/1.87A/峰2.52 补余=0.0 IO错=0 倾+0.0 自动2/3
[  219.087] EVT 吸附 L3 venting→released 在态0.40s 0.1kPa
[  219.558] TLM t= 157.2 L1·A@-75 L2·A@-68 L3Lr@-- R1·A@-74 R2·A@-67 R3·A@-64 罐=无罐 泵=0 阀=110111 速=+0,+0,+0.00 电=7.91V/1.55A/峰2.52 补余=0.0 IO错=0 倾+0.0 自动2/3
[  219.829] EVT 相位 L3 lift→transfer
[  220.056] TLM t= 157.2 L1·A@-75 L2·A@-67 L3Tr@-- R1·A@-74 R2·A@-67 R3·A@-64 罐=无罐 泵=0 阀=110111 速=+0,+0,+0.00 电=7.90V/1.87A/峰2.52 补余=0.0 IO错=0 倾+0.0 自动2/3
[  220.451] EVT 相位 L3 transfer→hover
[  220.563] TLM t= 157.2 L1·A@-75 L2·A@-67 L3Hr@-- R1·A@-74 R2·A@-66 R3·A@-63 罐=无罐 泵=0 阀=110111 速=+0,+0,+0.00 电=7.92V/1.55A/峰2.52 补余=0.0 IO错=0 倾+0.0 自动2/3
[  221.064] TLM t= 157.2 L1·A@-75 L2·A@-66 L3Hr@-- R1·A@-74 R2·A@-66 R3·A@-62 罐=无罐 泵=0 阀=110111 速=+0,+0,+0.00 电=7.91V/1.47A/峰2.52 补余=0.0 IO错=0 倾+0.0 自动2/3
[  221.455] EVT 落地：L3
[  221.475] EVT 相位 L3 hover→descend
[  221.584] TLM t= 157.2 L1·A@-74 L2·A@-66 L3Dr@-- R1·A@-73 R2·A@-66 R3·A@-62 罐=无罐 泵=0 阀=110111 速=+0,+0,+0.00 电=7.91V/1.55A/峰2.52 补余=0.0 IO错=0 倾+0.0 自动2/3
[  221.959] EVT 相位 L3 descend→press
[  222.088] TLM t= 157.2 L1·A@-74 L2·A@-65 L3Pr@-- R1·A@-73 R2·A@-65 R3·A@-61 罐=无罐 泵=0 阀=110111 速=+0,+0,+0.00 电=7.92V/1.55A/峰2.52 补余=0.0 IO错=0 倾+0.0 自动2/3
[  222.609] TLM t= 157.2 L1·A@-74 L2·A@-65 L3Pr@-- R1·A@-73 R2·A@-65 R3·A@-61 罐=无罐 泵=0 阀=110111 速=+0,+0,+0.00 电=7.91V/1.47A/峰2.52 补余=0.0 IO错=0 倾+0.0 自动2/3
[  223.114] TLM t= 157.2 L1·A@-74 L2·A@-65 L3Pr@-- R1·A@-72 R2·A@-65 R3·A@-60 罐=无罐 泵=0 阀=110111 速=+0,+0,+0.00 电=7.92V/1.47A/峰2.52 补余=0.0 IO错=0 倾+0.0 自动2/3
[  223.162] EVT 吸附 L3 released→pressing 在态4.06s 0.1kPa
[  223.162] EVT 相位 L3 press→wait
[  223.282] EVT 泵 开 最差盘压-59.9
[  223.463] EVT 吸附 L3 pressing→sucking 在态0.30s 0.1kPa
[  223.463] EVT 阀 L3 →抽气位
[  223.613] TLM t= 157.2 L1·A@-74 L2·A@-64 L3Ws@-47 R1·A@-72 R2·A@-64 R3·A@-60 罐=无罐 泵=1 阀=111111 速=+0,+0,+0.00 电=7.89V/1.38A/峰2.52 补余=0.0 IO错=0 倾+0.0 自动2/3
[  223.744] EVT 吸附 L3 sucking→attached 在态0.28s -53.6kPa
[  223.744] EVT 相位 L3 wait→stance
[  223.745] EVT 抬落完成，轮到 R1
[  224.118] TLM t= 157.6 L1·A@-74 L2·A@-70 L3·A@-69 R1·A@-72 R2·A@-69 R3·A@-69 罐=无罐 泵=1 阀=111111 速=+0,+0,+0.00 电=7.89V/1.47A/峰2.52 补余=0.0 IO错=0 倾+0.0 自动2/3
[  224.607] EVT 泵 停 最差盘压-75.3
[  224.618] TLM t= 158.1 L1·A@-76 L2·A@-76 L3·A@-76 R1·A@-75 R2·A@-76 R3·A@-76 罐=无罐 泵=0 阀=111111 速=+0,+0,+0.00 电=7.92V/1.47A/峰2.52 补余=0.0 IO错=0 倾+0.0 自动2/3
[  225.118] TLM t= 158.6 L1·A@-76 L2·A@-76 L3·A@-76 R1·A@-76 R2·A@-76 R3·A@-76 罐=无罐 泵=0 阀=111111 速=+0,+0,+0.00 电=7.92V/1.55A/峰2.52 补余=0.0 IO错=0 倾+0.0 自动2/3
[  225.619] TLM t= 159.1 L1·A@-76 L2·A@-76 L3·A@-76 R1·A@-75 R2·A@-75 R3·A@-75 罐=无罐 泵=0 阀=111111 速=+0,+0,+0.00 电=7.92V/1.47A/峰2.52 补余=0.0 IO错=0 倾+0.0 自动2/3
[  226.121] TLM t= 159.6 L1·A@-76 L2·A@-75 L3·A@-76 R1·A@-75 R2·A@-75 R3·A@-74 罐=无罐 泵=0 阀=111111 速=+0,+0,+0.00 电=7.92V/1.47A/峰2.52 补余=0.0 IO错=0 倾+0.0 自动2/3
[  226.627] TLM t= 160.1 L1·A@-76 L2·A@-75 L3·A@-76 R1·A@-75 R2·A@-74 R3·A@-74 罐=无罐 泵=0 阀=111111 速=+0,+0,+0.00 电=7.93V/1.55A/峰2.52 补余=0.0 IO错=0 倾+0.0 自动2/3
[  227.133] TLM t= 160.6 L1·A@-76 L2·A@-74 L3·A@-76 R1·A@-75 R2·A@-74 R3·A@-73 罐=无罐 泵=0 阀=111111 速=+0,+0,+0.00 电=7.92V/1.55A/峰2.52 补余=0.0 IO错=0 倾+0.0 自动2/3
[  227.652] TLM t= 161.1 L1·A@-76 L2·A@-74 L3·A@-75 R1·A@-75 R2·A@-73 R3·A@-73 罐=无罐 泵=0 阀=111111 速=+0,+0,+0.00 电=7.93V/1.47A/峰2.52 补余=0.0 IO错=0 倾+0.0 自动2/3
[  228.156] TLM t= 161.6 L1·A@-76 L2·A@-73 L3·A@-75 R1·A@-74 R2·A@-73 R3·A@-72 罐=无罐 泵=0 阀=111111 速=+0,+0,+0.00 电=7.91V/1.63A/峰2.52 补余=0.0 IO错=0 倾+0.0 自动2/3
[  228.674] TLM t= 162.1 L1·A@-76 L2·A@-73 L3·A@-75 R1·A@-74 R2·A@-73 R3·A@-71 罐=无罐 泵=0 阀=111111 速=+0,+0,+0.00 电=7.92V/1.47A/峰2.52 补余=0.0 IO错=0 倾+0.0 自动2/3
[  229.179] TLM t= 162.6 L1·A@-76 L2·A@-72 L3·A@-75 R1·A@-74 R2·A@-72 R3·A@-71 罐=无罐 泵=0 阀=111111 速=+0,+0,+0.00 电=7.92V/1.47A/峰2.52 补余=0.0 IO错=0 倾+0.0 自动2/3
[  229.700] TLM t= 163.1 L1·A@-75 L2·A@-72 L3·A@-75 R1·A@-74 R2·A@-72 R3·A@-70 罐=无罐 泵=0 阀=111111 速=+0,+0,+0.00 电=7.92V/1.47A/峰2.52 补余=0.0 IO错=0 倾+0.0 自动2/3
[  230.200] TLM t= 163.6 L1·A@-75 L2·A@-71 L3·A@-75 R1·A@-74 R2·A@-71 R3·A@-70 罐=无罐 泵=0 阀=111111 速=+0,+0,+0.00 电=7.90V/1.47A/峰2.52 补余=0.0 IO错=0 倾+0.0 自动2/3
[  230.720] TLM t= 164.1 L1·A@-75 L2·A@-71 L3·A@-75 R1·A@-73 R2·A@-71 R3·A@-69 罐=无罐 泵=0 阀=111111 速=+0,+0,+0.00 电=7.91V/1.47A/峰2.52 补余=0.0 IO错=0 倾+0.0 自动2/3
[  231.227] TLM t= 164.6 L1·A@-75 L2·A@-71 L3·A@-75 R1·A@-73 R2·A@-71 R3·A@-68 罐=无罐 泵=0 阀=111111 速=+0,+0,+0.00 电=7.91V/1.47A/峰2.52 补余=0.0 IO错=0 倾+0.0 自动2/3
[  231.742] TLM t= 165.2 L1·A@-75 L2·A@-70 L3·A@-75 R1·A@-73 R2·A@-70 R3·A@-68 罐=无罐 泵=0 阀=111111 速=+0,+0,+0.00 电=7.92V/1.47A/峰2.52 补余=0.0 IO错=0 倾+0.0 自动2/3
[  232.250] TLM t= 165.7 L1·A@-75 L2·A@-70 L3·A@-75 R1·A@-73 R2·A@-70 R3·A@-67 罐=无罐 泵=0 阀=111111 速=+0,+0,+0.00 电=7.92V/1.47A/峰2.52 补余=0.0 IO错=0 倾+0.0 自动2/3
[  232.769] TLM t= 166.2 L1·A@-75 L2·A@-69 L3·A@-75 R1·A@-73 R2·A@-70 R3·A@-67 罐=无罐 泵=0 阀=111111 速=+0,+0,+0.00 电=7.92V/1.47A/峰2.52 补余=0.0 IO错=0 倾+0.0 自动2/3
[  233.273] TLM t= 166.7 L1·A@-75 L2·A@-69 L3·A@-75 R1·A@-72 R2·A@-69 R3·A@-66 罐=无罐 泵=0 阀=111111 速=+0,+0,+0.00 电=7.92V/1.38A/峰2.52 补余=0.0 IO错=0 倾+0.0 自动2/3
[  233.763] EVT 原地抬起受理：R1
[  233.785] EVT 吸附 R1 attached→venting 在态90.10s -72.2kPa
[  233.790] EVT 相位 R1 stance→vent 落点Δ(+0.0,+0.0)
[  233.798] TLM t= 168.0 L1·A@-75 L2·A@-68 L3·A@-75 R1Vv@-72 R2·A@-69 R3·A@-65 罐=无罐 泵=0 阀=111111 速=+0,+0,+0.00 电=7.92V/1.38A/峰2.52 补余=0.0 IO错=0 倾+0.0 自动2/3
[  233.805] EVT 阀 R1 →排气位
[  234.086] EVT 相位 R1 vent→lift
[  234.186] EVT 吸附 R1 venting→released 在态0.40s -0.1kPa
[  234.314] TLM t= 168.5 L1·A@-75 L2·A@-68 L3·A@-74 R1Lr@-- R2·A@-68 R3·A@-65 罐=无罐 泵=0 阀=111011 速=+0,+0,+0.00 电=7.88V/1.95A/峰2.52 补余=0.0 IO错=0 倾+0.0 自动2/3
[  234.815] TLM t= 168.6 L1·A@-74 L2·A@-67 L3·A@-74 R1Lr@-- R2·A@-68 R3·A@-64 罐=无罐 泵=0 阀=111011 速=+0,+0,+0.00 电=7.89V/1.79A/峰2.52 补余=0.0 IO错=0 倾+0.0 自动2/3
[  234.928] EVT 相位 R1 lift→transfer
[  235.317] TLM t= 168.6 L1·A@-74 L2·A@-67 L3·A@-74 R1Tr@-- R2·A@-68 R3·A@-64 罐=无罐 泵=0 阀=111011 速=+0,+0,+0.00 电=7.90V/1.79A/峰2.52 补余=0.0 IO错=0 倾+0.0 自动2/3
[  235.550] EVT 相位 R1 transfer→hover
[  235.839] TLM t= 168.6 L1·A@-74 L2·A@-67 L3·A@-74 R1Hr@-- R2·A@-67 R3·A@-63 罐=无罐 泵=0 阀=111011 速=+0,+0,+0.00 电=7.89V/1.79A/峰2.52 补余=0.0 IO错=0 倾+0.0 自动2/3
[  236.340] TLM t= 168.6 L1·A@-74 L2·A@-66 L3·A@-74 R1Hr@-- R2·A@-67 R3·A@-63 罐=无罐 泵=0 阀=111011 速=+0,+0,+0.00 电=7.89V/1.71A/峰2.52 补余=0.0 IO错=0 倾+0.0 自动2/3
[  236.553] EVT 落地：R1
[  236.573] EVT 相位 R1 hover→descend
[  236.862] TLM t= 168.6 L1·A@-74 L2·A@-66 L3·A@-74 R1Dr@-- R2·A@-66 R3·A@-62 罐=无罐 泵=0 阀=111011 速=+0,+0,+0.00 电=7.89V/1.79A/峰2.52 补余=0.0 IO错=0 倾+0.0 自动2/3
[  237.054] EVT 相位 R1 descend→press
[  237.365] TLM t= 168.6 L1·A@-74 L2·A@-65 L3·A@-74 R1Pr@-- R2·A@-66 R3·A@-62 罐=无罐 泵=0 阀=111011 速=+0,+0,+0.00 电=7.87V/1.71A/峰2.52 补余=0.0 IO错=0 倾+0.0 自动2/3
[  237.886] TLM t= 168.6 L1·A@-74 L2·A@-65 L3·A@-74 R1Pr@-- R2·A@-66 R3·A@-61 罐=无罐 泵=0 阀=111011 速=+0,+0,+0.00 电=7.90V/1.79A/峰2.52 补余=0.0 IO错=0 倾+0.0 自动2/3
[  238.260] EVT 吸附 R1 released→pressing 在态4.06s -0.1kPa
[  238.260] EVT 相位 R1 press→wait
[  238.389] TLM t= 168.6 L1·A@-74 L2·A@-65 L3·A@-74 R1Wp@-- R2·A@-65 R3·A@-61 罐=无罐 泵=0 阀=111011 速=+0,+0,+0.00 电=7.89V/1.87A/峰2.52 补余=0.0 IO错=0 倾+0.0 自动2/3
[  238.561] EVT 吸附 R1 pressing→sucking 在态0.30s -0.1kPa
[  238.561] EVT 阀 R1 →抽气位
[  238.581] EVT 泵 开 最差盘压-60.4
[  238.890] TLM t= 168.6 L1·A@-74 L2·A@-64 L3·A@-74 R1Ws@-57 R2·A@-65 R3·A@-60 罐=无罐 泵=1 阀=111111 速=+0,+0,+0.00 电=7.87V/1.71A/峰2.52 补余=0.0 IO错=0 倾+0.0 自动2/3
[  238.899] EVT 吸附 R1 sucking→attached 在态0.34s -56.5kPa
[  238.902] EVT 相位 R1 wait→stance
[  238.902] EVT 抬落完成，轮到 L2
[  239.393] TLM t= 169.1 L1·A@-74 L2·A@-72 L3·A@-74 R1·A@-72 R2·A@-73 R3·A@-72 罐=无罐 泵=1 阀=111111 速=+0,+0,+0.00 电=7.82V/1.95A/峰2.52 补余=0.0 IO错=0 倾+0.0 自动2/3
[  239.664] EVT 泵 停 最差盘压-75.1
[  239.893] TLM t= 169.6 L1·A@-76 L2·A@-76 L3·A@-76 R1·A@-76 R2·A@-76 R3·A@-76 罐=无罐 泵=0 阀=111111 速=+0,+0,+0.00 电=7.91V/1.71A/峰2.52 补余=0.0 IO错=0 倾+0.0 自动2/3
[  240.396] TLM t= 170.1 L1·A@-76 L2·A@-76 L3·A@-76 R1·A@-75 R2·A@-75 R3·A@-75 罐=无罐 泵=0 阀=111111 速=+0,+0,+0.00 电=7.90V/1.71A/峰2.52 补余=0.0 IO错=0 倾+0.0 自动2/3
[  240.897] TLM t= 170.6 L1·A@-76 L2·A@-75 L3·A@-76 R1·A@-75 R2·A@-75 R3·A@-75 罐=无罐 泵=0 阀=111111 速=+0,+0,+0.00 电=7.90V/1.63A/峰2.52 补余=0.0 IO错=0 倾+0.0 自动2/3
[  241.398] TLM t= 171.1 L1·A@-76 L2·A@-75 L3·A@-76 R1·A@-75 R2·A@-74 R3·A@-74 罐=无罐 泵=0 阀=111111 速=+0,+0,+0.00 电=7.90V/1.79A/峰2.52 补余=0.0 IO错=0 倾+0.0 自动2/3
[  241.902] TLM t= 171.6 L1·A@-76 L2·A@-74 L3·A@-76 R1·A@-75 R2·A@-74 R3·A@-73 罐=无罐 泵=0 阀=111111 速=+0,+0,+0.00 电=7.90V/1.71A/峰2.52 补余=0.0 IO错=0 倾+0.0 自动2/3
[  242.403] TLM t= 172.1 L1·A@-76 L2·A@-74 L3·A@-76 R1·A@-75 R2·A@-74 R3·A@-73 罐=无罐 泵=0 阀=111111 速=+0,+0,+0.00 电=7.90V/1.79A/峰2.52 补余=0.0 IO错=0 倾+0.0 自动2/3
[  242.904] TLM t= 172.6 L1·A@-76 L2·A@-73 L3·A@-76 R1·A@-75 R2·A@-73 R3·A@-72 罐=无罐 泵=0 阀=111111 速=+0,+0,+0.00 电=7.89V/1.79A/峰2.52 补余=0.0 IO错=0 倾+0.0 自动2/3
[  243.405] TLM t= 173.1 L1·A@-76 L2·A@-73 L3·A@-76 R1·A@-75 R2·A@-73 R3·A@-72 罐=无罐 泵=0 阀=111111 速=+0,+0,+0.00 电=7.90V/1.71A/峰2.52 补余=0.0 IO错=0 倾+0.0 自动2/3
[  243.909] TLM t= 173.6 L1·A@-75 L2·A@-72 L3·A@-76 R1·A@-75 R2·A@-72 R3·A@-71 罐=无罐 泵=0 阀=111111 速=+0,+0,+0.00 电=7.90V/1.79A/峰2.52 补余=0.0 IO错=0 倾+0.0 自动2/3
[  244.408] TLM t= 174.1 L1·A@-75 L2·A@-72 L3·A@-76 R1·A@-75 R2·A@-72 R3·A@-70 罐=无罐 泵=0 阀=111111 速=+0,+0,+0.00 电=7.90V/1.79A/峰2.52 补余=0.0 IO错=0 倾+0.0 自动2/3
[  244.910] TLM t= 174.6 L1·A@-75 L2·A@-72 L3·A@-76 R1·A@-75 R2·A@-72 R3·A@-70 罐=无罐 泵=0 阀=111111 速=+0,+0,+0.00 电=7.90V/1.79A/峰2.52 补余=0.0 IO错=0 倾+0.0 自动2/3
[  245.414] TLM t= 175.1 L1·A@-75 L2·A@-71 L3·A@-75 R1·A@-75 R2·A@-71 R3·A@-69 罐=无罐 泵=0 阀=111111 速=+0,+0,+0.00 电=7.89V/1.71A/峰2.52 补余=0.0 IO错=0 倾+0.0 自动2/3
[  245.916] TLM t= 175.6 L1·A@-75 L2·A@-71 L3·A@-75 R1·A@-74 R2·A@-71 R3·A@-69 罐=无罐 泵=0 阀=111111 速=+0,+0,+0.00 电=7.91V/1.79A/峰2.52 补余=0.0 IO错=0 倾+0.0 自动2/3
[  246.419] TLM t= 176.1 L1·A@-75 L2·A@-70 L3·A@-75 R1·A@-74 R2·A@-70 R3·A@-68 罐=无罐 泵=0 阀=111111 速=+0,+0,+0.00 电=7.90V/1.71A/峰2.52 补余=0.0 IO错=0 倾+0.0 自动2/3
[  246.918] TLM t= 176.6 L1·A@-75 L2·A@-70 L3·A@-75 R1·A@-74 R2·A@-70 R3·A@-68 罐=无罐 泵=0 阀=111111 速=+0,+0,+0.00 电=7.90V/1.79A/峰2.52 补余=0.0 IO错=0 倾+0.0 自动2/3
[  247.420] TLM t= 177.1 L1·A@-75 L2·A@-69 L3·A@-75 R1·A@-74 R2·A@-70 R3·A@-67 罐=无罐 泵=0 阀=111111 速=+0,+0,+0.00 电=7.90V/1.71A/峰2.52 补余=0.0 IO错=0 倾+0.0 自动2/3
[  247.923] TLM t= 177.6 L1·A@-75 L2·A@-69 L3·A@-75 R1·A@-74 R2·A@-69 R3·A@-66 罐=无罐 泵=0 阀=111111 速=+0,+0,+0.00 电=7.89V/1.79A/峰2.52 补余=0.0 IO错=0 倾+0.0 自动2/3
[  248.425] TLM t= 178.1 L1·A@-75 L2·A@-69 L3·A@-75 R1·A@-74 R2·A@-69 R3·A@-66 罐=无罐 泵=0 阀=111111 速=+0,+0,+0.00 电=7.89V/1.87A/峰2.52 补余=0.0 IO错=0 倾+0.0 自动2/3
[  248.930] TLM t= 178.6 L1·A@-75 L2·A@-68 L3·A@-75 R1·A@-74 R2·A@-69 R3·A@-65 罐=无罐 泵=0 阀=111111 速=+0,+0,+0.00 电=7.89V/1.71A/峰2.52 补余=0.0 IO错=0 倾+0.0 自动2/3
[  248.941] EVT 原地抬起受理：L2
[  248.960] EVT 吸附 L2 attached→venting 在态90.14s -68.2kPa
[  248.961] EVT 相位 L2 stance→vent 落点Δ(+0.0,+0.0)
[  248.978] EVT 阀 L2 →排气位
[  249.262] EVT 相位 L2 vent→lift
[  249.364] EVT 吸附 L2 venting→released 在态0.40s 0.4kPa
[  249.433] TLM t= 179.9 L1·A@-75 L2Lr@-- L3·A@-75 R1·A@-74 R2·A@-68 R3·A@-65 罐=无罐 泵=0 阀=101111 速=+0,+0,+0.00 电=7.89V/1.71A/峰2.52 补余=0.0 IO错=0 倾+0.0 自动2/3
[  249.932] TLM t= 180.0 L1·A@-75 L2Lr@-- L3·A@-75 R1·A@-74 R2·A@-68 R3·A@-64 罐=无罐 泵=0 阀=101111 速=+0,+0,+0.00 电=7.89V/1.63A/峰2.52 补余=0.0 IO错=0 倾+0.0 自动2/3
[  250.104] EVT 相位 L2 lift→transfer
[  250.455] TLM t= 180.0 L1·A@-75 L2Tr@-- L3·A@-75 R1·A@-74 R2·A@-68 R3·A@-64 罐=无罐 泵=0 阀=101111 速=+0,+0,+0.00 电=7.90V/1.71A/峰2.52 补余=0.0 IO错=0 倾+0.0 自动2/3
[  250.723] EVT 相位 L2 transfer→hover
[  250.954] TLM t= 180.0 L1·A@-74 L2Hr@-- L3·A@-75 R1·A@-74 R2·A@-67 R3·A@-63 罐=无罐 泵=0 阀=101111 速=+0,+0,+0.00 电=7.90V/1.55A/峰2.52 补余=0.0 IO错=0 倾+0.0 自动2/3
[  251.479] TLM t= 180.0 L1·A@-74 L2Hr@-- L3·A@-75 R1·A@-74 R2·A@-67 R3·A@-62 罐=无罐 泵=0 阀=101111 速=+0,+0,+0.00 电=7.90V/1.63A/峰2.52 补余=0.0 IO错=0 倾+0.0 自动2/3
[  251.729] EVT 落地：L2
[  251.746] EVT 相位 L2 hover→descend
[  251.978] TLM t= 180.0 L1·A@-74 L2Dr@-- L3·A@-75 R1·A@-74 R2·A@-66 R3·A@-62 罐=无罐 泵=0 阀=101111 速=+0,+0,+0.00 电=7.88V/1.55A/峰2.52 补余=0.0 IO错=0 倾+0.0 自动2/3
[  252.227] EVT 相位 L2 descend→press
[  252.501] TLM t= 180.0 L1·A@-74 L2Pr@-- L3·A@-75 R1·A@-74 R2·A@-66 R3·A@-61 罐=无罐 泵=0 阀=101111 速=+0,+0,+0.00 电=7.89V/1.63A/峰2.52 补余=0.0 IO错=0 倾+0.0 自动2/3
[  252.999] TLM t= 180.0 L1·A@-74 L2Pr@-- L3·A@-75 R1·A@-74 R2·A@-66 R3·A@-61 罐=无罐 泵=0 阀=101111 速=+0,+0,+0.00 电=7.89V/1.71A/峰2.52 补余=0.0 IO错=0 倾+0.0 自动2/3
[  253.430] EVT 吸附 L2 released→pressing 在态4.06s 0.4kPa
[  253.431] EVT 相位 L2 press→wait
[  253.521] TLM t= 180.0 L1·A@-74 L2Wp@-- L3·A@-75 R1·A@-74 R2·A@-65 R3·A@-60 罐=无罐 泵=0 阀=101111 速=+0,+0,+0.00 电=7.90V/1.71A/峰2.52 补余=0.0 IO错=0 倾+0.0 自动2/3
[  253.731] EVT 吸附 L2 pressing→sucking 在态0.30s 0.4kPa
[  253.732] EVT 阀 L2 →抽气位
[  253.757] EVT 泵 开 最差盘压-60.0
[  254.021] TLM t= 180.0 L1·A@-74 L2Ws@-53 L3·A@-75 R1·A@-73 R2·A@-65 R3·A@-60 罐=无罐 泵=1 阀=111111 速=+0,+0,+0.00 电=7.87V/1.71A/峰2.52 补余=0.0 IO错=0 倾+0.0 自动2/3
[  254.070] EVT 吸附 L2 sucking→attached 在态0.34s -57.6kPa
[  254.075] EVT 相位 L2 wait→stance
[  254.075] EVT 抬落完成，轮到 R3
[  254.075] EVT 自动轮换：第 2 轮完成
[  254.547] TLM t= 180.5 L1·A@-74 L2·A@-73 L3·A@-75 R1·A@-73 R2·A@-72 R3·A@-73 罐=无罐 泵=1 阀=111111 速=+0,+0,+0.00 电=7.82V/1.55A/峰2.52 补余=0.0 IO错=0 倾+0.0 自动3/3
[  254.840] EVT 泵 停 最差盘压-75.4
[  255.063] TLM t= 181.0 L1·A@-77 L2·A@-77 L3·A@-77 R1·A@-76 R2·A@-76 R3·A@-76 罐=无罐 泵=0 阀=111111 速=+0,+0,+0.00 电=7.91V/1.63A/峰2.52 补余=0.0 IO错=0 倾+0.0 自动3/3
[  255.573] TLM t= 181.5 L1·A@-76 L2·A@-76 L3·A@-76 R1·A@-76 R2·A@-76 R3·A@-76 罐=无罐 泵=0 阀=111111 速=+0,+0,+0.00 电=7.91V/1.63A/峰2.52 补余=0.0 IO错=0 倾+0.0 自动3/3
[  256.085] TLM t= 182.0 L1·A@-76 L2·A@-75 L3·A@-76 R1·A@-76 R2·A@-75 R3·A@-75 罐=无罐 泵=0 阀=111111 速=+0,+0,+0.00 电=7.89V/1.63A/峰2.52 补余=0.0 IO错=0 倾+0.0 自动3/3
[  256.595] TLM t= 182.5 L1·A@-76 L2·A@-75 L3·A@-76 R1·A@-76 R2·A@-75 R3·A@-74 罐=无罐 泵=0 阀=111111 速=+0,+0,+0.00 电=7.91V/1.63A/峰2.52 补余=0.0 IO错=0 倾+0.0 自动3/3
[  257.109] TLM t= 183.0 L1·A@-76 L2·A@-74 L3·A@-76 R1·A@-76 R2·A@-74 R3·A@-74 罐=无罐 泵=0 阀=111111 速=+0,+0,+0.00 电=7.90V/1.79A/峰2.52 补余=0.0 IO错=0 倾+0.0 自动3/3
[  257.615] TLM t= 183.5 L1·A@-76 L2·A@-74 L3·A@-76 R1·A@-76 R2·A@-74 R3·A@-73 罐=无罐 泵=0 阀=111111 速=+0,+0,+0.00 电=7.90V/1.55A/峰2.52 补余=0.0 IO错=0 倾+0.0 自动3/3
[  258.134] TLM t= 184.0 L1·A@-76 L2·A@-73 L3·A@-76 R1·A@-76 R2·A@-73 R3·A@-72 罐=无罐 泵=0 阀=111111 速=+0,+0,+0.00 电=7.89V/1.63A/峰2.52 补余=0.0 IO错=0 倾+0.0 自动3/3
[  258.640] TLM t= 184.5 L1·A@-76 L2·A@-73 L3·A@-76 R1·A@-76 R2·A@-73 R3·A@-72 罐=无罐 泵=0 阀=111111 速=+0,+0,+0.00 电=7.89V/1.63A/峰2.52 补余=0.0 IO错=0 倾+0.0 自动3/3
[  259.155] TLM t= 185.1 L1·A@-76 L2·A@-72 L3·A@-76 R1·A@-76 R2·A@-73 R3·A@-71 罐=无罐 泵=0 阀=111111 速=+0,+0,+0.00 电=7.90V/1.71A/峰2.52 补余=0.0 IO错=0 倾+0.0 自动3/3
[  259.663] TLM t= 185.6 L1·A@-76 L2·A@-72 L3·A@-76 R1·A@-75 R2·A@-72 R3·A@-71 罐=无罐 泵=0 阀=111111 速=+0,+0,+0.00 电=7.90V/1.63A/峰2.52 补余=0.0 IO错=0 倾+0.0 自动3/3
[  260.179] TLM t= 186.1 L1·A@-76 L2·A@-71 L3·A@-76 R1·A@-75 R2·A@-72 R3·A@-70 罐=无罐 泵=0 阀=111111 速=+0,+0,+0.00 电=7.90V/1.63A/峰2.52 补余=0.0 IO错=0 倾+0.0 自动3/3
[  260.686] TLM t= 186.6 L1·A@-75 L2·A@-71 L3·A@-76 R1·A@-75 R2·A@-71 R3·A@-69 罐=无罐 泵=0 阀=111111 速=+0,+0,+0.00 电=7.91V/1.55A/峰2.52 补余=0.0 IO错=0 倾+0.0 自动3/3
[  261.203] TLM t= 187.1 L1·A@-75 L2·A@-70 L3·A@-76 R1·A@-75 R2·A@-71 R3·A@-69 罐=无罐 泵=0 阀=111111 速=+0,+0,+0.00 电=7.90V/1.63A/峰2.52 补余=0.0 IO错=0 倾+0.0 自动3/3
[  261.708] TLM t= 187.6 L1·A@-75 L2·A@-70 L3·A@-76 R1·A@-75 R2·A@-71 R3·A@-68 罐=无罐 泵=0 阀=111111 速=+0,+0,+0.00 电=7.90V/1.71A/峰2.52 补余=0.0 IO错=0 倾+0.0 自动3/3
[  262.225] TLM t= 188.1 L1·A@-75 L2·A@-69 L3·A@-76 R1·A@-75 R2·A@-70 R3·A@-68 罐=无罐 泵=0 阀=111111 速=+0,+0,+0.00 电=7.90V/1.63A/峰2.52 补余=0.0 IO错=0 倾+0.0 自动3/3
[  262.735] TLM t= 188.6 L1·A@-75 L2·A@-69 L3·A@-76 R1·A@-75 R2·A@-70 R3·A@-67 罐=无罐 泵=0 阀=111111 速=+0,+0,+0.00 电=7.91V/1.63A/峰2.52 补余=0.0 IO错=0 倾+0.0 自动3/3
[  263.250] TLM t= 189.1 L1·A@-75 L2·A@-69 L3·A@-76 R1·A@-75 R2·A@-70 R3·A@-67 罐=无罐 泵=0 阀=111111 速=+0,+0,+0.00 电=7.89V/1.55A/峰2.52 补余=0.0 IO错=0 倾+0.0 自动3/3
[  263.756] TLM t= 189.6 L1·A@-75 L2·A@-68 L3·A@-76 R1·A@-75 R2·A@-69 R3·A@-66 罐=无罐 泵=0 阀=111111 速=+0,+0,+0.00 电=7.90V/1.55A/峰2.52 补余=0.0 IO错=0 倾+0.0 自动3/3
[  264.270] TLM t= 190.2 L1·A@-75 L2·A@-68 L3·A@-75 R1·A@-75 R2·A@-69 R3·A@-65 罐=无罐 泵=0 阀=111111 速=+0,+0,+0.00 电=7.91V/1.55A/峰2.52 补余=0.0 IO错=0 倾+0.0 自动3/3
[  264.777] TLM t= 190.7 L1·A@-75 L2·A@-67 L3·A@-75 R1·A@-75 R2·A@-68 R3·A@-65 罐=无罐 泵=0 阀=111111 速=+0,+0,+0.00 电=7.91V/1.63A/峰2.52 补余=0.0 IO错=0 倾+0.0 自动3/3
[  265.295] TLM t= 191.2 L1·A@-75 L2·A@-67 L3·A@-75 R1·A@-75 R2·A@-68 R3·A@-64 罐=无罐 泵=0 阀=111111 速=+0,+0,+0.00 电=7.89V/1.63A/峰2.52 补余=0.0 IO错=0 倾+0.0 自动3/3
[  265.801] TLM t= 191.7 L1·A@-74 L2·A@-66 L3·A@-75 R1·A@-75 R2·A@-68 R3·A@-64 罐=无罐 泵=0 阀=111111 速=+0,+0,+0.00 电=7.90V/1.63A/峰2.52 补余=0.0 IO错=0 倾+0.0 自动3/3
[  266.318] TLM t= 192.2 L1·A@-74 L2·A@-66 L3·A@-75 R1·A@-75 R2·A@-67 R3·A@-63 罐=无罐 泵=0 阀=111111 速=+0,+0,+0.00 电=7.90V/1.71A/峰2.52 补余=0.0 IO错=0 倾+0.0 自动3/3
[  266.824] TLM t= 192.7 L1·A@-74 L2·A@-65 L3·A@-75 R1·A@-75 R2·A@-67 R3·A@-63 罐=无罐 泵=0 阀=111111 速=+0,+0,+0.00 电=7.89V/1.55A/峰2.52 补余=0.0 IO错=0 倾+0.0 自动3/3
[  267.340] TLM t= 193.2 L1·A@-74 L2·A@-65 L3·A@-75 R1·A@-75 R2·A@-67 R3·A@-62 罐=无罐 泵=0 阀=111111 速=+0,+0,+0.00 电=7.90V/1.63A/峰2.52 补余=0.0 IO错=0 倾+0.0 自动3/3
[  267.846] TLM t= 193.7 L1·A@-74 L2·A@-65 L3·A@-75 R1·A@-75 R2·A@-66 R3·A@-61 罐=无罐 泵=0 阀=111111 速=+0,+0,+0.00 电=7.90V/1.63A/峰2.52 补余=0.0 IO错=0 倾+0.0 自动3/3
[  268.364] TLM t= 194.2 L1·A@-74 L2·A@-64 L3·A@-75 R1·A@-75 R2·A@-66 R3·A@-61 罐=无罐 泵=0 阀=111111 速=+0,+0,+0.00 电=7.90V/1.63A/峰2.52 补余=0.0 IO错=0 倾+0.0 自动3/3
[  268.868] TLM t= 194.7 L1·A@-74 L2·A@-64 L3·A@-75 R1·A@-75 R2·A@-66 R3·A@-60 罐=无罐 泵=0 阀=111111 速=+0,+0,+0.00 电=7.90V/1.63A/峰2.52 补余=0.0 IO错=0 倾+0.0 自动3/3
[  269.077] EVT 自动轮换：第 3 轮开始
[  269.102] EVT 原地抬起受理：R3
[  269.119] EVT 吸附 R3 attached→venting 在态90.20s -60.1kPa
[  269.120] EVT 相位 R3 stance→vent 落点Δ(+0.0,+0.0)
[  269.137] EVT 阀 R3 →排气位
[  269.385] TLM t= 198.3 L1·A@-74 L2·A@-64 L3·A@-75 R1·A@-75 R2·A@-65 R3Vv@-60 罐=无罐 泵=0 阀=111110 速=+0,+0,+0.00 电=7.90V/1.47A/峰2.52 补余=0.0 IO错=0 倾+0.0 自动3/3
[  269.420] EVT 相位 R3 vent→lift
[  269.523] EVT 吸附 R3 venting→released 在态0.40s 0.2kPa
[  269.892] TLM t= 198.6 L1·A@-74 L2·A@-63 L3·A@-75 R1·A@-75 R2·A@-65 R3Lr@-- 罐=无罐 泵=0 阀=111110 速=+0,+0,+0.00 电=7.89V/1.47A/峰2.52 补余=0.0 IO错=0 倾+0.0 自动3/3
[  270.263] EVT 相位 R3 lift→transfer
[  270.393] TLM t= 198.6 L1·A@-74 L2·A@-63 L3·A@-75 R1·A@-75 R2·A@-64 R3Tr@-- 罐=无罐 泵=0 阀=111110 速=+0,+0,+0.00 电=7.88V/1.71A/峰2.52 补余=0.0 IO错=0 倾+0.0 自动3/3
[  270.885] EVT 相位 R3 transfer→hover
[  270.893] TLM t= 198.6 L1·A@-74 L2·A@-62 L3·A@-75 R1·A@-75 R2·A@-64 R3Hr@-- 罐=无罐 泵=0 阀=111110 速=+0,+0,+0.00 电=7.88V/1.95A/峰2.52 补余=0.0 IO错=0 倾+0.0 自动3/3
[  271.397] TLM t= 198.6 L1·A@-74 L2·A@-62 L3·A@-75 R1·A@-75 R2·A@-64 R3Hr@-- 罐=无罐 泵=0 阀=111110 速=+0,+0,+0.00 电=7.89V/1.47A/峰2.52 补余=0.0 IO错=0 倾+0.0 自动3/3
[  271.890] EVT 落地：R3
[  271.896] TLM t= 198.6 L1·A@-73 L2·A@-61 L3·A@-75 R1·A@-74 R2·A@-63 R3Dr@-- 罐=无罐 泵=0 阀=111110 速=+0,+0,+0.00 电=7.90V/1.47A/峰2.52 补余=0.0 IO错=0 倾+0.0 自动3/3
[  271.908] EVT 相位 R3 hover→descend
[  272.389] EVT 相位 R3 descend→press
[  272.422] TLM t= 198.6 L1·A@-73 L2·A@-61 L3·A@-75 R1·A@-74 R2·A@-63 R3Pr@-- 罐=无罐 泵=0 阀=111110 速=+0,+0,+0.00 电=7.90V/1.47A/峰2.52 补余=0.0 IO错=0 倾+0.0 自动3/3
[  272.920] TLM t= 198.6 L1·A@-73 L2·A@-61 L3·A@-74 R1·A@-74 R2·A@-63 R3Pr@-- 罐=无罐 泵=0 阀=111110 速=+0,+0,+0.00 电=7.90V/1.47A/峰2.52 补余=0.0 IO错=0 倾+0.0 自动3/3
[  273.441] TLM t= 198.6 L1·A@-73 L2·A@-60 L3·A@-74 R1·A@-74 R2·A@-62 R3Pr@-- 罐=无罐 泵=0 阀=111110 速=+0,+0,+0.00 电=7.89V/1.55A/峰2.52 补余=0.0 IO错=0 倾+0.0 自动3/3
[  273.592] EVT 吸附 R3 released→pressing 在态4.06s 0.2kPa
[  273.593] EVT 相位 R3 press→wait
[  273.796] EVT 泵 开 最差盘压-59.9
[  273.893] EVT 吸附 R3 pressing→sucking 在态0.30s 0.2kPa
[  273.894] EVT 阀 R3 →抽气位
[  273.944] TLM t= 198.6 L1·A@-73 L2·A@-60 L3·A@-74 R1·A@-74 R2·A@-62 R3Ws@-9 罐=无罐 泵=1 阀=111111 速=+0,+0,+0.00 电=7.86V/1.38A/峰2.52 补余=0.0 IO错=0 倾+0.0 自动3/3
[  274.237] EVT 吸附 R3 sucking→attached 在态0.34s -60.3kPa
[  274.237] EVT 相位 R3 wait→stance
[  274.237] EVT 抬落完成，轮到 L1
[  274.468] TLM t= 198.8 L1·A@-73 L2·A@-69 L3·A@-74 R1·A@-74 R2·A@-68 R3·A@-69 罐=无罐 泵=1 阀=111111 速=+0,+0,+0.00 电=7.87V/1.47A/峰2.52 补余=0.0 IO错=0 倾+0.0 自动3/3
[  274.945] EVT 泵 停 最差盘压-75.2
[  274.972] TLM t= 199.3 L1·A@-76 L2·A@-76 L3·A@-76 R1·A@-75 R2·A@-76 R3·A@-76 罐=无罐 泵=0 阀=111111 速=+0,+0,+0.00 电=7.91V/1.47A/峰2.52 补余=0.0 IO错=0 倾+0.0 自动3/3
[  275.495] TLM t= 199.8 L1·A@-76 L2·A@-76 L3·A@-76 R1·A@-76 R2·A@-76 R3·A@-76 罐=无罐 泵=0 阀=111111 速=+0,+0,+0.00 电=7.90V/1.47A/峰2.52 补余=0.0 IO错=0 倾+0.0 自动3/3
[  276.013] TLM t= 200.4 L1·A@-76 L2·A@-76 L3·A@-76 R1·A@-76 R2·A@-75 R3·A@-75 罐=无罐 泵=0 阀=111111 速=+0,+0,+0.00 电=7.89V/1.38A/峰2.52 补余=0.0 IO错=0 倾+0.0 自动3/3
[  276.517] TLM t= 200.9 L1·A@-76 L2·A@-75 L3·A@-76 R1·A@-76 R2·A@-75 R3·A@-74 罐=无罐 泵=0 阀=111111 速=+0,+0,+0.00 电=7.90V/1.30A/峰2.52 补余=0.0 IO错=0 倾+0.0 自动3/3
[  277.042] TLM t= 201.4 L1·A@-76 L2·A@-74 L3·A@-76 R1·A@-76 R2·A@-74 R3·A@-74 罐=无罐 泵=0 阀=111111 速=+0,+0,+0.00 电=7.90V/1.38A/峰2.52 补余=0.0 IO错=0 倾+0.0 自动3/3
[  277.544] TLM t= 201.9 L1·A@-76 L2·A@-74 L3·A@-76 R1·A@-76 R2·A@-74 R3·A@-73 罐=无罐 泵=0 阀=111111 速=+0,+0,+0.00 电=7.91V/1.38A/峰2.52 补余=0.0 IO错=0 倾+0.0 自动3/3
[  278.044] TLM t= 202.4 L1·A@-76 L2·A@-74 L3·A@-76 R1·A@-75 R2·A@-73 R3·A@-72 罐=无罐 泵=0 阀=111111 速=+0,+0,+0.00 电=7.90V/1.47A/峰2.52 补余=0.0 IO错=0 倾+0.0 自动3/3
[  278.574] TLM t= 202.9 L1·A@-76 L2·A@-73 L3·A@-76 R1·A@-75 R2·A@-73 R3·A@-72 罐=无罐 泵=0 阀=111111 速=+0,+0,+0.00 电=7.91V/1.47A/峰2.52 补余=0.0 IO错=0 倾+0.0 自动3/3
[  279.077] TLM t= 203.4 L1·A@-75 L2·A@-73 L3·A@-76 R1·A@-75 R2·A@-72 R3·A@-71 罐=无罐 泵=0 阀=111111 速=+0,+0,+0.00 电=7.91V/1.30A/峰2.52 补余=0.0 IO错=0 倾+0.0 自动3/3
[  279.598] TLM t= 203.9 L1·A@-75 L2·A@-72 L3·A@-76 R1·A@-75 R2·A@-72 R3·A@-70 罐=无罐 泵=0 阀=111111 速=+0,+0,+0.00 电=7.90V/1.38A/峰2.52 补余=0.0 IO错=0 倾+0.0 自动3/3
[  280.107] TLM t= 204.4 L1·A@-75 L2·A@-72 L3·A@-76 R1·A@-75 R2·A@-72 R3·A@-70 罐=无罐 泵=0 阀=111111 速=+0,+0,+0.00 电=7.90V/1.30A/峰2.52 补余=0.0 IO错=0 倾+0.0 自动3/3
[  280.623] TLM t= 204.9 L1·A@-75 L2·A@-71 L3·A@-76 R1·A@-75 R2·A@-71 R3·A@-69 罐=无罐 泵=0 阀=111111 速=+0,+0,+0.00 电=7.90V/1.47A/峰2.52 补余=0.0 IO错=0 倾+0.0 自动3/3
[  281.126] TLM t= 205.4 L1·A@-75 L2·A@-71 L3·A@-76 R1·A@-75 R2·A@-71 R3·A@-69 罐=无罐 泵=0 阀=111111 速=+0,+0,+0.00 电=7.91V/1.38A/峰2.52 补余=0.0 IO错=0 倾+0.0 自动3/3
[  281.648] TLM t= 206.0 L1·A@-75 L2·A@-70 L3·A@-76 R1·A@-75 R2·A@-71 R3·A@-68 罐=无罐 泵=0 阀=111111 速=+0,+0,+0.00 电=7.90V/1.47A/峰2.52 补余=0.0 IO错=0 倾+0.0 自动3/3
[  282.151] TLM t= 206.5 L1·A@-75 L2·A@-70 L3·A@-75 R1·A@-75 R2·A@-70 R3·A@-67 罐=无罐 泵=0 阀=111111 速=+0,+0,+0.00 电=7.91V/1.47A/峰2.52 补余=0.0 IO错=0 倾+0.0 自动3/3
[  282.672] TLM t= 207.0 L1·A@-75 L2·A@-69 L3·A@-75 R1·A@-75 R2·A@-70 R3·A@-67 罐=无罐 泵=0 阀=111111 速=+0,+0,+0.00 电=7.91V/1.47A/峰2.52 补余=0.0 IO错=0 倾+0.0 自动3/3
[  283.179] TLM t= 207.5 L1·A@-75 L2·A@-69 L3·A@-75 R1·A@-75 R2·A@-69 R3·A@-66 罐=无罐 泵=0 阀=111111 速=+0,+0,+0.00 电=7.91V/1.47A/峰2.52 补余=0.0 IO错=0 倾+0.0 自动3/3
[  283.698] TLM t= 208.0 L1·A@-74 L2·A@-69 L3·A@-75 R1·A@-75 R2·A@-69 R3·A@-65 罐=无罐 泵=0 阀=111111 速=+0,+0,+0.00 电=7.91V/1.47A/峰2.52 补余=0.0 IO错=0 倾+0.0 自动3/3
[  284.200] TLM t= 208.5 L1·A@-74 L2·A@-68 L3·A@-75 R1·A@-75 R2·A@-69 R3·A@-65 罐=无罐 泵=0 阀=111111 速=+0,+0,+0.00 电=7.91V/1.47A/峰2.52 补余=0.0 IO错=0 倾+0.0 自动3/3
[  284.265] EVT 原地抬起受理：L1
[  284.292] EVT 吸附 L1 attached→venting 在态90.18s -74.4kPa
[  284.293] EVT 相位 L1 stance→vent 落点Δ(+0.0,+0.0)
[  284.310] EVT 阀 L1 →排气位
[  284.593] EVT 相位 L1 vent→lift
[  284.725] TLM t= 209.8 L1Lv@-74 L2·A@-68 L3·A@-75 R1·A@-75 R2·A@-68 R3·A@-64 罐=无罐 泵=0 阀=011111 速=+0,+0,+0.00 电=7.84V/2.28A/峰2.52 补余=0.0 IO错=0 倾+0.0 自动3/3
[  284.740] EVT 吸附 L1 venting→released 在态0.44s 0.1kPa
[  285.232] TLM t= 210.0 L1Lr@-- L2·A@-67 L3·A@-75 R1·A@-75 R2·A@-68 R3·A@-63 罐=无罐 泵=0 阀=011111 速=+0,+0,+0.00 电=7.85V/2.04A/峰2.52 补余=0.0 IO错=0 倾+0.0 自动3/3
[  285.443] EVT 相位 L1 lift→transfer
[  285.753] TLM t= 210.0 L1Tr@-- L2·A@-67 L3·A@-75 R1·A@-75 R2·A@-67 R3·A@-62 罐=无罐 泵=0 阀=011111 速=+0,+0,+0.00 电=7.87V/2.04A/峰2.52 补余=0.0 IO错=0 倾+0.0 自动3/3
[  286.064] EVT 相位 L1 transfer→hover
[  286.255] TLM t= 210.0 L1Hr@-- L2·A@-66 L3·A@-75 R1·A@-74 R2·A@-67 R3·A@-62 罐=无罐 泵=0 阀=011111 速=+0,+0,+0.00 电=7.86V/1.95A/峰2.52 补余=0.0 IO错=0 倾+0.0 自动3/3
[  286.778] TLM t= 210.0 L1Hr@-- L2·A@-66 L3·A@-75 R1·A@-74 R2·A@-67 R3·A@-61 罐=无罐 泵=0 阀=011111 速=+0,+0,+0.00 电=7.86V/2.12A/峰2.52 补余=0.0 IO错=0 倾+0.0 自动3/3
[  287.071] EVT 落地：L1
[  287.089] EVT 相位 L1 hover→descend
[  287.277] TLM t= 210.0 L1Dr@-- L2·A@-66 L3·A@-75 R1·A@-74 R2·A@-66 R3·A@-61 罐=无罐 泵=0 阀=011111 速=+0,+0,+0.00 电=7.85V/2.12A/峰2.52 补余=0.0 IO错=0 倾+0.0 自动3/3
[  287.570] EVT 相位 L1 descend→press
[  287.802] TLM t= 210.0 L1Pr@-- L2·A@-65 L3·A@-75 R1·A@-74 R2·A@-66 R3·A@-60 罐=无罐 泵=0 阀=011111 速=+0,+0,+0.00 电=7.86V/1.95A/峰2.52 补余=0.0 IO错=0 倾+0.0 自动3/3
[  287.975] EVT 泵 开 最差盘压-60.0
[  288.301] TLM t= 210.0 L1Pr@-- L2·A@-66 L3·A@-75 R1·A@-74 R2·A@-66 R3·A@-65 罐=无罐 泵=1 阀=011111 速=+0,+0,+0.00 电=7.82V/1.87A/峰2.52 补余=0.0 IO错=0 倾+0.0 自动3/3
[  288.775] EVT 吸附 L1 released→pressing 在态4.02s 0.1kPa
[  288.775] EVT 相位 L1 press→wait
[  288.826] TLM t= 210.0 L1Wp@-- L2·A@-76 L3·A@-75 R1·A@-75 R2·A@-75 R3·A@-76 罐=无罐 泵=1 阀=011111 速=+0,+0,+0.00 电=7.85V/1.95A/峰2.52 补余=0.0 IO错=0 倾+0.0 自动3/3
[  288.879] EVT 泵 停 最差盘压-75.4
[  289.092] EVT 吸附 L1 pressing→sucking 在态0.32s 0.1kPa
[  289.092] EVT 阀 L1 →抽气位
[  289.120] EVT 泵 开 最差盘压-76.0
[  289.330] TLM t= 210.0 L1Ws@-54 L2·A@-76 L3·A@-76 R1·A@-76 R2·A@-76 R3·A@-76 罐=无罐 泵=1 阀=111111 速=+0,+0,+0.00 电=7.78V/1.95A/峰2.52 补余=0.0 IO错=0 倾+0.0 自动3/3
[  289.453] EVT 吸附 L1 sucking→attached 在态0.36s -66.2kPa
[  289.453] EVT 相位 L1 wait→stance
[  289.453] EVT 抬落完成，轮到 R2
[  289.782] EVT 泵 停 最差盘压-75.4
[  289.849] TLM t= 210.4 L1·A@-76 L2·A@-77 L3·A@-76 R1·A@-76 R2·A@-76 R3·A@-76 罐=无罐 泵=0 阀=111111 速=+0,+0,+0.00 电=7.86V/1.79A/峰2.52 补余=0.0 IO错=0 倾+0.0 自动3/3
[  290.352] TLM t= 210.9 L1·A@-76 L2·A@-76 L3·A@-76 R1·A@-76 R2·A@-76 R3·A@-76 罐=无罐 泵=0 阀=111111 速=+0,+0,+0.00 电=7.87V/1.95A/峰2.52 补余=0.0 IO错=0 倾+0.0 自动3/3
[  290.877] TLM t= 211.4 L1·A@-76 L2·A@-76 L3·A@-76 R1·A@-76 R2·A@-75 R3·A@-75 罐=无罐 泵=0 阀=111111 速=+0,+0,+0.00 电=7.86V/1.87A/峰2.52 补余=0.0 IO错=0 倾+0.0 自动3/3
[  291.380] TLM t= 211.9 L1·A@-76 L2·A@-75 L3·A@-76 R1·A@-76 R2·A@-75 R3·A@-75 罐=无罐 泵=0 阀=111111 速=+0,+0,+0.00 电=7.85V/2.04A/峰2.52 补余=0.0 IO错=0 倾+0.0 自动3/3
[  291.903] TLM t= 212.4 L1·A@-76 L2·A@-75 L3·A@-76 R1·A@-76 R2·A@-75 R3·A@-74 罐=无罐 泵=0 阀=111111 速=+0,+0,+0.00 电=7.88V/1.95A/峰2.52 补余=0.0 IO错=0 倾+0.0 自动3/3
[  292.407] TLM t= 212.9 L1·A@-75 L2·A@-74 L3·A@-76 R1·A@-76 R2·A@-74 R3·A@-73 罐=无罐 泵=0 阀=111111 速=+0,+0,+0.00 电=7.87V/1.87A/峰2.52 补余=0.0 IO错=0 倾+0.0 自动3/3
[  292.925] TLM t= 213.4 L1·A@-75 L2·A@-74 L3·A@-76 R1·A@-76 R2·A@-74 R3·A@-73 罐=无罐 泵=0 阀=111111 速=+0,+0,+0.00 电=7.86V/1.87A/峰2.52 补余=0.0 IO错=0 倾+0.0 自动3/3
[  293.433] TLM t= 213.9 L1·A@-75 L2·A@-73 L3·A@-76 R1·A@-76 R2·A@-73 R3·A@-72 罐=无罐 泵=0 阀=111111 速=+0,+0,+0.00 电=7.88V/1.95A/峰2.52 补余=0.0 IO错=0 倾+0.0 自动3/3
[  293.952] TLM t= 214.5 L1·A@-75 L2·A@-73 L3·A@-76 R1·A@-76 R2·A@-73 R3·A@-71 罐=无罐 泵=0 阀=111111 速=+0,+0,+0.00 电=7.86V/1.95A/峰2.52 补余=0.0 IO错=0 倾+0.0 自动3/3
[  294.456] TLM t= 215.0 L1·A@-75 L2·A@-72 L3·A@-76 R1·A@-76 R2·A@-72 R3·A@-71 罐=无罐 泵=0 阀=111111 速=+0,+0,+0.00 电=7.87V/2.12A/峰2.52 补余=0.0 IO错=0 倾+0.0 自动3/3
[  294.981] TLM t= 215.5 L1·A@-75 L2·A@-72 L3·A@-76 R1·A@-75 R2·A@-72 R3·A@-70 罐=无罐 泵=0 阀=111111 速=+0,+0,+0.00 电=7.88V/1.95A/峰2.52 补余=0.0 IO错=0 倾+0.0 自动3/3
[  295.483] TLM t= 216.0 L1·A@-75 L2·A@-72 L3·A@-76 R1·A@-75 R2·A@-72 R3·A@-70 罐=无罐 泵=0 阀=111111 速=+0,+0,+0.00 电=7.86V/1.95A/峰2.52 补余=0.0 IO错=0 倾+0.0 自动3/3
[  296.007] TLM t= 216.5 L1·A@-75 L2·A@-71 L3·A@-76 R1·A@-75 R2·A@-71 R3·A@-69 罐=无罐 泵=0 阀=111111 速=+0,+0,+0.00 电=7.87V/1.95A/峰2.52 补余=0.0 IO错=0 倾+0.0 自动3/3
[  296.516] TLM t= 217.0 L1·A@-75 L2·A@-71 L3·A@-76 R1·A@-75 R2·A@-71 R3·A@-68 罐=无罐 泵=0 阀=111111 速=+0,+0,+0.00 电=7.86V/1.95A/峰2.52 补余=0.0 IO错=0 倾+0.0 自动3/3
[  297.036] TLM t= 217.5 L1·A@-74 L2·A@-70 L3·A@-76 R1·A@-75 R2·A@-70 R3·A@-68 罐=无罐 泵=0 阀=111111 速=+0,+0,+0.00 电=7.88V/1.95A/峰2.52 补余=0.0 IO错=0 倾+0.0 自动3/3
[  297.541] TLM t= 218.0 L1·A@-74 L2·A@-70 L3·A@-76 R1·A@-75 R2·A@-70 R3·A@-67 罐=无罐 泵=0 阀=111111 速=+0,+0,+0.00 电=7.86V/2.04A/峰2.52 补余=0.0 IO错=0 倾+0.0 自动3/3
[  298.061] TLM t= 218.5 L1·A@-74 L2·A@-69 L3·A@-76 R1·A@-75 R2·A@-70 R3·A@-67 罐=无罐 泵=0 阀=111111 速=+0,+0,+0.00 电=7.87V/2.04A/峰2.52 补余=0.0 IO错=0 倾+0.0 自动3/3
[  298.564] TLM t= 219.0 L1·A@-74 L2·A@-69 L3·A@-75 R1·A@-75 R2·A@-69 R3·A@-66 罐=无罐 泵=0 阀=111111 速=+0,+0,+0.00 电=7.86V/1.87A/峰2.52 补余=0.0 IO错=0 倾+0.0 自动3/3
[  299.084] TLM t= 219.6 L1·A@-74 L2·A@-68 L3·A@-75 R1·A@-75 R2·A@-69 R3·A@-65 罐=无罐 泵=0 阀=111111 速=+0,+0,+0.00 电=7.87V/1.87A/峰2.52 补余=0.0 IO错=0 倾+0.0 自动3/3
[  299.470] EVT 原地抬起受理：R2
[  299.498] EVT 吸附 R2 attached→venting 在态90.50s -68.7kPa
[  299.498] EVT 相位 R2 stance→vent 落点Δ(+0.0,+0.0)
[  299.516] EVT 阀 R2 →排气位
[  299.600] TLM t= 220.9 L1·A@-74 L2·A@-68 L3·A@-75 R1·A@-75 R2Vv@-69 R3·A@-65 罐=无罐 泵=0 阀=111101 速=+0,+0,+0.00 电=7.85V/1.95A/峰2.52 补余=0.0 IO错=0 倾+0.0 自动3/3
[  299.799] EVT 相位 R2 vent→lift
[  299.939] EVT 吸附 R2 venting→released 在态0.44s -0.0kPa
[  300.107] TLM t= 221.4 L1·A@-74 L2·A@-68 L3·A@-75 R1·A@-75 R2Lr@-- R3·A@-64 罐=无罐 泵=0 阀=111101 速=+0,+0,+0.00 电=7.87V/1.87A/峰2.52 补余=0.0 IO错=0 倾+0.0 自动3/3
[  300.625] TLM t= 221.4 L1·A@-73 L2·A@-67 L3·A@-75 R1·A@-75 R2Lr@-- R3·A@-64 罐=无罐 泵=0 阀=111101 速=+0,+0,+0.00 电=7.86V/2.12A/峰2.52 补余=0.0 IO错=0 倾+0.0 自动3/3
[  300.642] EVT 相位 R2 lift→transfer
[  301.134] TLM t= 221.4 L1·A@-73 L2·A@-67 L3·A@-75 R1·A@-75 R2Tr@-- R3·A@-63 罐=无罐 泵=0 阀=111101 速=+0,+0,+0.00 电=7.84V/1.95A/峰2.52 补余=0.0 IO错=0 倾+0.0 自动3/3
[  301.265] EVT 相位 R2 transfer→hover
[  301.635] TLM t= 221.4 L1·A@-73 L2·A@-66 L3·A@-75 R1·A@-75 R2Hr@-- R3·A@-63 罐=无罐 泵=0 阀=111101 速=+0,+0,+0.00 电=7.86V/1.95A/峰2.52 补余=0.0 IO错=0 倾+0.0 自动3/3
[  302.162] TLM t= 221.4 L1·A@-73 L2·A@-66 L3·A@-75 R1·A@-75 R2Hr@-- R3·A@-62 罐=无罐 泵=0 阀=111101 速=+0,+0,+0.00 电=7.86V/1.87A/峰2.52 补余=0.0 IO错=0 倾+0.0 自动3/3
[  302.278] EVT 落地：R2
[  302.295] EVT 相位 R2 hover→descend
[  302.671] TLM t= 221.4 L1·A@-73 L2·A@-65 L3·A@-75 R1·A@-75 R2Dr@-- R3·A@-62 罐=无罐 泵=0 阀=111101 速=+0,+0,+0.00 电=7.85V/2.04A/峰2.52 补余=0.0 IO错=0 倾+0.0 自动3/3
[  302.778] EVT 相位 R2 descend→press
[  303.187] TLM t= 221.4 L1·A@-73 L2·A@-65 L3·A@-75 R1·A@-75 R2Pr@-- R3·A@-61 罐=无罐 泵=0 阀=111101 速=+0,+0,+0.00 电=7.85V/1.95A/峰2.52 补余=0.0 IO错=0 倾+0.0 自动3/3
[  303.703] TLM t= 221.4 L1·A@-73 L2·A@-65 L3·A@-75 R1·A@-75 R2Pr@-- R3·A@-61 罐=无罐 泵=0 阀=111101 速=+0,+0,+0.00 电=7.85V/1.95A/峰2.52 补余=0.0 IO错=0 倾+0.0 自动3/3
[  303.980] EVT 吸附 R2 released→pressing 在态4.02s -0.0kPa
[  303.981] EVT 相位 R2 press→wait
[  304.216] TLM t= 221.4 L1·A@-73 L2·A@-64 L3·A@-75 R1·A@-75 R2Wp@-- R3·A@-60 罐=无罐 泵=0 阀=111101 速=+0,+0,+0.00 电=7.84V/2.04A/峰2.52 补余=0.0 IO错=0 倾+0.0 自动3/3
[  304.286] EVT 泵 开 最差盘压-60.0
[  304.301] EVT 吸附 R2 pressing→sucking 在态0.32s -0.0kPa
[  304.301] EVT 阀 R2 →抽气位
[  304.569] EVT 吸附 R2 sucking→attached 在态0.26s -55.1kPa
[  304.570] EVT 相位 R2 wait→stance
[  304.570] EVT 抬落完成，轮到 L3
[  304.718] TLM t= 221.5 L1·A@-73 L2·A@-64 L3·A@-75 R1·A@-75 R2·A@-63 R3·A@-63 罐=无罐 泵=1 阀=111111 速=+0,+0,+0.00 电=7.80V/2.04A/峰2.52 补余=0.0 IO错=0 倾+0.0 自动3/3
[  305.240] TLM t= 222.1 L1·A@-74 L2·A@-74 L3·A@-75 R1·A@-75 R2·A@-73 R3·A@-73 罐=无罐 泵=1 阀=111111 速=+0,+0,+0.00 电=7.79V/1.79A/峰2.52 补余=0.0 IO错=0 倾+0.0 自动3/3
[  305.474] EVT 泵 停 最差盘压-75.5
[  305.744] TLM t= 222.6 L1·A@-77 L2·A@-77 L3·A@-77 R1·A@-76 R2·A@-76 R3·A@-76 罐=无罐 泵=0 阀=111111 速=+0,+0,+0.00 电=7.86V/1.87A/峰2.52 补余=0.0 IO错=0 倾+0.0 自动3/3
[  306.263] TLM t= 223.1 L1·A@-76 L2·A@-76 L3·A@-76 R1·A@-76 R2·A@-75 R3·A@-76 罐=无罐 泵=0 阀=111111 速=+0,+0,+0.00 电=7.86V/1.95A/峰2.52 补余=0.0 IO错=0 倾+0.0 自动3/3
[  306.765] TLM t= 223.6 L1·A@-76 L2·A@-76 L3·A@-76 R1·A@-76 R2·A@-75 R3·A@-75 罐=无罐 泵=0 阀=111111 速=+0,+0,+0.00 电=7.86V/1.87A/峰2.52 补余=0.0 IO错=0 倾+0.0 自动3/3
[  307.290] TLM t= 224.1 L1·A@-76 L2·A@-75 L3·A@-76 R1·A@-76 R2·A@-74 R3·A@-74 罐=无罐 泵=0 阀=111111 速=+0,+0,+0.00 电=7.85V/1.87A/峰2.52 补余=0.0 IO错=0 倾+0.0 自动3/3
[  307.796] TLM t= 224.6 L1·A@-76 L2·A@-75 L3·A@-76 R1·A@-76 R2·A@-74 R3·A@-74 罐=无罐 泵=0 阀=111111 速=+0,+0,+0.00 电=7.86V/1.87A/峰2.52 补余=0.0 IO错=0 倾+0.0 自动3/3
[  308.318] TLM t= 225.1 L1·A@-76 L2·A@-74 L3·A@-76 R1·A@-76 R2·A@-73 R3·A@-73 罐=无罐 泵=0 阀=111111 速=+0,+0,+0.00 电=7.86V/1.87A/峰2.52 补余=0.0 IO错=0 倾+0.0 自动3/3
[  308.825] TLM t= 225.6 L1·A@-76 L2·A@-74 L3·A@-76 R1·A@-76 R2·A@-73 R3·A@-72 罐=无罐 泵=0 阀=111111 速=+0,+0,+0.00 电=7.86V/1.95A/峰2.52 补余=0.0 IO错=0 倾+0.0 自动3/3
[  309.349] TLM t= 226.1 L1·A@-76 L2·A@-73 L3·A@-76 R1·A@-76 R2·A@-73 R3·A@-72 罐=无罐 泵=0 阀=111111 速=+0,+0,+0.00 电=7.87V/1.95A/峰2.52 补余=0.0 IO错=0 倾+0.0 自动3/3
[  309.854] TLM t= 226.6 L1·A@-76 L2·A@-73 L3·A@-76 R1·A@-75 R2·A@-72 R3·A@-71 罐=无罐 泵=0 阀=111111 速=+0,+0,+0.00 电=7.86V/1.87A/峰2.52 补余=0.0 IO错=0 倾+0.0 自动3/3
[  310.376] TLM t= 227.2 L1·A@-76 L2·A@-72 L3·A@-76 R1·A@-75 R2·A@-72 R3·A@-71 罐=无罐 泵=0 阀=111111 速=+0,+0,+0.00 电=7.87V/1.95A/峰2.52 补余=0.0 IO错=0 倾+0.0 自动3/3
[  310.881] TLM t= 227.7 L1·A@-76 L2·A@-72 L3·A@-76 R1·A@-75 R2·A@-71 R3·A@-70 罐=无罐 泵=0 阀=111111 速=+0,+0,+0.00 电=7.87V/1.95A/峰2.52 补余=0.0 IO错=0 倾+0.0 自动3/3
[  311.399] TLM t= 228.2 L1·A@-76 L2·A@-71 L3·A@-76 R1·A@-75 R2·A@-71 R3·A@-69 罐=无罐 泵=0 阀=111111 速=+0,+0,+0.00 电=7.87V/1.95A/峰2.52 补余=0.0 IO错=0 倾+0.0 自动3/3
[  311.903] TLM t= 228.7 L1·A@-75 L2·A@-71 L3·A@-76 R1·A@-75 R2·A@-71 R3·A@-69 罐=无罐 泵=0 阀=111111 速=+0,+0,+0.00 电=7.86V/1.87A/峰2.52 补余=0.0 IO错=0 倾+0.0 自动3/3
[  312.422] TLM t= 229.2 L1·A@-75 L2·A@-70 L3·A@-76 R1·A@-75 R2·A@-70 R3·A@-68 罐=无罐 泵=0 阀=111111 速=+0,+0,+0.00 电=7.86V/1.95A/峰2.52 补余=0.0 IO错=0 倾+0.0 自动3/3
[  312.929] TLM t= 229.7 L1·A@-75 L2·A@-70 L3·A@-76 R1·A@-75 R2·A@-70 R3·A@-68 罐=无罐 泵=0 阀=111111 速=+0,+0,+0.00 电=7.87V/1.95A/峰2.52 补余=0.0 IO错=0 倾+0.0 自动3/3
[  313.450] TLM t= 230.2 L1·A@-75 L2·A@-70 L3·A@-76 R1·A@-75 R2·A@-70 R3·A@-67 罐=无罐 泵=0 阀=111111 速=+0,+0,+0.00 电=7.85V/1.87A/峰2.52 补余=0.0 IO错=0 倾+0.0 自动3/3
[  313.953] TLM t= 230.7 L1·A@-75 L2·A@-69 L3·A@-76 R1·A@-75 R2·A@-69 R3·A@-66 罐=无罐 泵=0 阀=111111 速=+0,+0,+0.00 电=7.86V/1.87A/峰2.52 补余=0.0 IO错=0 倾+0.0 自动3/3
[  314.474] TLM t= 231.2 L1·A@-75 L2·A@-69 L3·A@-76 R1·A@-75 R2·A@-69 R3·A@-66 罐=无罐 泵=0 阀=111111 速=+0,+0,+0.00 电=7.86V/1.87A/峰2.52 补余=0.0 IO错=0 倾+0.0 自动3/3
[  314.607] EVT 原地抬起受理：L3
[  314.620] EVT 吸附 L3 attached→venting 在态90.48s -75.5kPa
[  314.620] EVT 相位 L3 stance→vent 落点Δ(+0.0,+0.0)
[  314.647] EVT 阀 L3 →排气位
[  314.921] EVT 相位 L3 vent→lift
[  314.974] TLM t= 232.6 L1·A@-75 L2·A@-68 L3Lv@-76 R1·A@-75 R2·A@-68 R3·A@-65 罐=无罐 泵=0 阀=110111 速=+0,+0,+0.00 电=7.86V/1.63A/峰2.52 补余=0.0 IO错=0 倾+0.0 自动3/3
[  315.043] EVT 吸附 L3 venting→released 在态0.42s 0.1kPa
[  315.499] TLM t= 232.8 L1·A@-75 L2·A@-68 L3Lr@-- R1·A@-75 R2·A@-68 R3·A@-65 罐=无罐 泵=0 阀=110111 速=+0,+0,+0.00 电=7.86V/1.47A/峰2.52 补余=0.0 IO错=0 倾+0.0 自动3/3
[  315.765] EVT 相位 L3 lift→transfer
[  316.001] TLM t= 232.8 L1·A@-75 L2·A@-67 L3Tr@-- R1·A@-75 R2·A@-68 R3·A@-64 罐=无罐 泵=0 阀=110111 速=+0,+0,+0.00 电=7.85V/1.79A/峰2.52 补余=0.0 IO错=0 倾+0.0 自动3/3
[  316.394] EVT 相位 L3 transfer→hover
[  316.525] TLM t= 232.8 L1·A@-75 L2·A@-67 L3Hr@-- R1·A@-74 R2·A@-67 R3·A@-63 罐=无罐 泵=0 阀=110111 速=+0,+0,+0.00 电=7.88V/1.55A/峰2.52 补余=0.0 IO错=0 倾+0.0 自动3/3
[  317.025] TLM t= 232.8 L1·A@-75 L2·A@-66 L3Hr@-- R1·A@-73 R2·A@-67 R3·A@-63 罐=无罐 泵=0 阀=110111 速=+0,+0,+0.00 电=7.87V/1.47A/峰2.52 补余=0.0 IO错=0 倾+0.0 自动3/3
[  317.420] EVT 落地：L3
[  317.438] EVT 相位 L3 hover→descend
[  317.549] TLM t= 232.8 L1·A@-75 L2·A@-66 L3Dr@-- R1·A@-73 R2·A@-67 R3·A@-62 罐=无罐 泵=0 阀=110111 速=+0,+0,+0.00 电=7.88V/1.55A/峰2.52 补余=0.0 IO错=0 倾+0.0 自动3/3
[  317.923] EVT 相位 L3 descend→press
[  318.058] TLM t= 232.8 L1·A@-75 L2·A@-66 L3Pr@-- R1·A@-72 R2·A@-66 R3·A@-62 罐=无罐 泵=0 阀=110111 速=+0,+0,+0.00 电=7.88V/1.38A/峰2.52 补余=0.0 IO错=0 倾+0.0 自动3/3
[  318.575] TLM t= 232.8 L1·A@-74 L2·A@-65 L3Pr@-- R1·A@-72 R2·A@-66 R3·A@-61 罐=无罐 泵=0 阀=110111 速=+0,+0,+0.00 电=7.87V/1.55A/峰2.52 补余=0.0 IO错=0 倾+0.0 自动3/3
[  319.091] TLM t= 232.8 L1·A@-74 L2·A@-65 L3Pr@-- R1·A@-72 R2·A@-65 R3·A@-61 罐=无罐 泵=0 阀=110111 速=+0,+0,+0.00 电=7.86V/1.47A/峰2.52 补余=0.0 IO错=0 倾+0.0 自动3/3
[  319.127] EVT 吸附 L3 released→pressing 在态4.06s 0.1kPa
[  319.127] EVT 相位 L3 press→wait
[  319.443] EVT 吸附 L3 pressing→sucking 在态0.32s 0.1kPa
[  319.443] EVT 阀 L3 →抽气位
[  319.471] EVT 泵 开 最差盘压-60.2
[  319.601] TLM t= 232.8 L1·A@-74 L2·A@-64 L3Ws@-37 R1·A@-71 R2·A@-65 R3·A@-60 罐=无罐 泵=1 阀=111111 速=+0,+0,+0.00 电=7.83V/1.47A/峰2.52 补余=0.0 IO错=0 倾+0.0 自动3/3
[  319.747] EVT 吸附 L3 sucking→attached 在态0.30s -46.0kPa
[  319.747] EVT 相位 L3 wait→stance
[  319.747] EVT 抬落完成，轮到 R1
[  320.102] TLM t= 233.1 L1·A@-74 L2·A@-67 L3·A@-67 R1·A@-71 R2·A@-67 R3·A@-67 罐=无罐 泵=1 阀=111111 速=+0,+0,+0.00 电=7.81V/1.30A/峰2.52 补余=0.0 IO错=0 倾+0.0 自动3/3
[  320.631] TLM t= 233.7 L1·A@-75 L2·A@-76 L3·A@-75 R1·A@-74 R2·A@-75 R3·A@-75 罐=无罐 泵=1 阀=111111 速=+0,+0,+0.00 电=7.83V/1.47A/峰2.52 补余=0.0 IO错=0 倾+0.0 自动3/3
[  320.705] EVT 泵 停 最差盘压-75.3
[  321.135] TLM t= 234.2 L1·A@-76 L2·A@-76 L3·A@-76 R1·A@-76 R2·A@-76 R3·A@-76 罐=无罐 泵=0 阀=111111 速=+0,+0,+0.00 电=7.89V/1.55A/峰2.52 补余=0.0 IO错=0 倾+0.0 自动3/3
[  321.658] TLM t= 234.7 L1·A@-76 L2·A@-76 L3·A@-76 R1·A@-75 R2·A@-75 R3·A@-75 罐=无罐 泵=0 阀=111111 速=+0,+0,+0.00 电=7.87V/1.38A/峰2.52 补余=0.0 IO错=0 倾+0.0 自动3/3
[  322.161] TLM t= 235.2 L1·A@-76 L2·A@-75 L3·A@-76 R1·A@-75 R2·A@-75 R3·A@-75 罐=无罐 泵=0 阀=111111 速=+0,+0,+0.00 电=7.89V/1.47A/峰2.52 补余=0.0 IO错=0 倾+0.0 自动3/3
[  322.681] TLM t= 235.7 L1·A@-76 L2·A@-75 L3·A@-76 R1·A@-75 R2·A@-74 R3·A@-74 罐=无罐 泵=0 阀=111111 速=+0,+0,+0.00 电=7.88V/1.55A/峰2.52 补余=0.0 IO错=0 倾+0.0 自动3/3
[  323.186] TLM t= 236.2 L1·A@-76 L2·A@-74 L3·A@-76 R1·A@-75 R2·A@-74 R3·A@-73 罐=无罐 泵=0 阀=111111 速=+0,+0,+0.00 电=7.89V/1.47A/峰2.52 补余=0.0 IO错=0 倾+0.0 自动3/3
[  323.709] TLM t= 236.7 L1·A@-76 L2·A@-74 L3·A@-76 R1·A@-74 R2·A@-74 R3·A@-73 罐=无罐 泵=0 阀=111111 速=+0,+0,+0.00 电=7.88V/1.38A/峰2.52 补余=0.0 IO错=0 倾+0.0 自动3/3
[  324.210] TLM t= 237.2 L1·A@-76 L2·A@-73 L3·A@-75 R1·A@-74 R2·A@-73 R3·A@-72 罐=无罐 泵=0 阀=111111 速=+0,+0,+0.00 电=7.89V/1.47A/峰2.52 补余=0.0 IO错=0 倾+0.0 自动3/3
[  324.731] TLM t= 237.7 L1·A@-76 L2·A@-73 L3·A@-75 R1·A@-74 R2·A@-73 R3·A@-71 罐=无罐 泵=0 阀=111111 速=+0,+0,+0.00 电=7.87V/1.47A/峰2.52 补余=0.0 IO错=0 倾+0.0 自动3/3
[  325.237] TLM t= 238.2 L1·A@-76 L2·A@-72 L3·A@-75 R1·A@-74 R2·A@-72 R3·A@-71 罐=无罐 泵=0 阀=111111 速=+0,+0,+0.00 电=7.88V/1.38A/峰2.52 补余=0.0 IO错=0 倾+0.0 自动3/3
[  325.756] TLM t= 238.8 L1·A@-76 L2·A@-72 L3·A@-75 R1·A@-73 R2·A@-72 R3·A@-70 罐=无罐 泵=0 阀=111111 速=+0,+0,+0.00 电=7.89V/1.47A/峰2.52 补余=0.0 IO错=0 倾+0.0 自动3/3
[  326.259] TLM t= 239.3 L1·A@-75 L2·A@-71 L3·A@-75 R1·A@-73 R2·A@-72 R3·A@-70 罐=无罐 泵=0 阀=111111 速=+0,+0,+0.00 电=7.88V/1.47A/峰2.52 补余=0.0 IO错=0 倾+0.0 自动3/3
[  326.783] TLM t= 239.8 L1·A@-75 L2·A@-71 L3·A@-75 R1·A@-73 R2·A@-71 R3·A@-69 罐=无罐 泵=0 阀=111111 速=+0,+0,+0.00 电=7.87V/1.38A/峰2.52 补余=0.0 IO错=0 倾+0.0 自动3/3
[  327.283] TLM t= 240.3 L1·A@-75 L2·A@-71 L3·A@-75 R1·A@-73 R2·A@-71 R3·A@-68 罐=无罐 泵=0 阀=111111 速=+0,+0,+0.00 电=7.89V/1.55A/峰2.52 补余=0.0 IO错=0 倾+0.0 自动3/3
[  327.808] TLM t= 240.8 L1·A@-75 L2·A@-70 L3·A@-75 R1·A@-73 R2·A@-71 R3·A@-68 罐=无罐 泵=0 阀=111111 速=+0,+0,+0.00 电=7.88V/1.47A/峰2.52 补余=0.0 IO错=0 倾+0.0 自动3/3
[  328.312] TLM t= 241.3 L1·A@-75 L2·A@-70 L3·A@-75 R1·A@-72 R2·A@-70 R3·A@-67 罐=无罐 泵=0 阀=111111 速=+0,+0,+0.00 电=7.88V/1.38A/峰2.52 补余=0.0 IO错=0 倾+0.0 自动3/3
[  328.830] TLM t= 241.8 L1·A@-75 L2·A@-69 L3·A@-75 R1·A@-72 R2·A@-70 R3·A@-67 罐=无罐 泵=0 阀=111111 速=+0,+0,+0.00 电=7.87V/1.55A/峰2.52 补余=0.0 IO错=0 倾+0.0 自动3/3
[  329.336] TLM t= 242.3 L1·A@-75 L2·A@-69 L3·A@-75 R1·A@-72 R2·A@-69 R3·A@-66 罐=无罐 泵=0 阀=111111 速=+0,+0,+0.00 电=7.88V/1.38A/峰2.52 补余=0.0 IO错=0 倾+0.0 自动3/3
[  329.761] EVT 原地抬起受理：R1
[  329.788] EVT 吸附 R1 attached→venting 在态90.46s -71.7kPa
[  329.788] EVT 相位 R1 stance→vent 落点Δ(+0.0,+0.0)
[  329.806] EVT 阀 R1 →排气位
[  329.857] TLM t= 243.7 L1·A@-75 L2·A@-68 L3·A@-75 R1Vv@-72 R2·A@-69 R3·A@-65 罐=无罐 泵=0 阀=111011 速=+0,+0,+0.00 电=7.88V/1.47A/峰2.52 补余=0.0 IO错=0 倾+0.0 自动3/3
[  330.091] EVT 相位 R1 vent→lift
[  330.231] EVT 吸附 R1 venting→released 在态0.44s -0.0kPa
[  330.358] TLM t= 244.2 L1·A@-75 L2·A@-68 L3·A@-74 R1Lr@-- R2·A@-69 R3·A@-65 罐=无罐 泵=0 阀=111011 速=+0,+0,+0.00 电=7.84V/1.87A/峰2.52 补余=0.0 IO错=0 倾+0.0 自动3/3
[  330.880] TLM t= 244.2 L1·A@-75 L2·A@-67 L3·A@-74 R1Lr@-- R2·A@-68 R3·A@-65 罐=无罐 泵=0 阀=111011 速=+0,+0,+0.00 电=7.85V/1.79A/峰2.52 补余=0.0 IO错=0 倾+0.0 自动3/3
[  330.934] EVT 相位 R1 lift→transfer
[  331.397] TLM t= 244.2 L1·A@-75 L2·A@-67 L3·A@-74 R1Tr@-- R2·A@-68 R3·A@-64 罐=无罐 泵=0 阀=111011 速=+0,+0,+0.00 电=7.83V/2.20A/峰2.52 补余=0.0 IO错=0 倾+0.0 自动3/3
[  331.553] EVT 相位 R1 transfer→hover
[  331.902] TLM t= 244.2 L1·A@-75 L2·A@-67 L3·A@-74 R1Hr@-- R2·A@-68 R3·A@-63 罐=无罐 泵=0 阀=111011 速=+0,+0,+0.00 电=7.84V/1.87A/峰2.52 补余=0.0 IO错=0 倾+0.0 自动3/3
[  332.417] TLM t= 244.2 L1·A@-74 L2·A@-66 L3·A@-74 R1Hr@-- R2·A@-67 R3·A@-63 罐=无罐 泵=0 阀=111011 速=+0,+0,+0.00 电=7.84V/1.71A/峰2.52 补余=0.0 IO错=0 倾+0.0 自动3/3
[  332.558] EVT 落地：R1
[  332.576] EVT 相位 R1 hover→descend
[  332.930] TLM t= 244.2 L1·A@-74 L2·A@-66 L3·A@-74 R1Dr@-- R2·A@-67 R3·A@-62 罐=无罐 泵=0 阀=111011 速=+0,+0,+0.00 电=7.84V/1.87A/峰2.52 补余=0.0 IO错=0 倾+0.0 自动3/3
[  333.061] EVT 相位 R1 descend→press
[  333.431] TLM t= 244.2 L1·A@-74 L2·A@-65 L3·A@-74 R1Pr@-- R2·A@-66 R3·A@-62 罐=无罐 泵=0 阀=111011 速=+0,+0,+0.00 电=7.86V/1.87A/峰2.52 补余=0.0 IO错=0 倾+0.0 自动3/3
[  333.958] TLM t= 244.2 L1·A@-74 L2·A@-65 L3·A@-74 R1Pr@-- R2·A@-66 R3·A@-61 罐=无罐 泵=0 阀=111011 速=+0,+0,+0.00 电=7.82V/1.87A/峰2.52 补余=0.0 IO错=0 倾+0.0 自动3/3
[  334.271] EVT 吸附 R1 released→pressing 在态4.02s -0.0kPa
[  334.272] EVT 相位 R1 press→wait
[  334.460] TLM t= 244.2 L1·A@-74 L2·A@-65 L3·A@-74 R1Wp@-- R2·A@-66 R3·A@-61 罐=无罐 泵=0 阀=111011 速=+0,+0,+0.00 电=7.83V/1.95A/峰2.52 补余=0.0 IO错=0 倾+0.0 自动3/3
[  334.587] EVT 吸附 R1 pressing→sucking 在态0.32s -0.0kPa
[  334.588] EVT 阀 R1 →抽气位
[  334.615] EVT 泵 开 最差盘压-60.5
[  334.976] EVT 吸附 R1 sucking→attached 在态0.38s -58.0kPa
[  334.981] EVT 相位 R1 wait→stance
[  334.981] EVT 抬落完成，轮到 L2
[  334.988] TLM t= 244.2 L1·A@-74 L2·A@-64 L3·A@-74 R1·A@-58 R2·A@-65 R3·A@-60 罐=无罐 泵=1 阀=111111 速=+0,+0,+0.00 电=7.82V/1.63A/峰2.52 补余=0.0 IO错=0 倾+0.0 自动3/3
[  335.502] TLM t= 244.7 L1·A@-74 L2·A@-74 L3·A@-74 R1·A@-73 R2·A@-74 R3·A@-74 罐=无罐 泵=1 阀=111111 速=+0,+0,+0.00 电=7.83V/1.79A/峰2.52 补余=0.0 IO错=0 倾+0.0 自动3/3
[  335.718] EVT 泵 停 最差盘压-75.3
[  336.008] TLM t= 245.2 L1·A@-76 L2·A@-76 L3·A@-76 R1·A@-76 R2·A@-76 R3·A@-76 罐=无罐 泵=0 阀=111111 速=+0,+0,+0.00 电=7.85V/1.79A/峰2.52 补余=0.0 IO错=0 倾+0.0 自动3/3
[  336.508] TLM t= 245.7 L1·A@-76 L2·A@-76 L3·A@-76 R1·A@-76 R2·A@-75 R3·A@-75 罐=无罐 泵=0 阀=111111 速=+0,+0,+0.00 电=7.85V/1.79A/峰2.52 补余=0.0 IO错=0 倾+0.0 自动3/3
[  337.033] TLM t= 246.2 L1·A@-76 L2·A@-75 L3·A@-76 R1·A@-75 R2·A@-75 R3·A@-75 罐=无罐 泵=0 阀=111111 速=+0,+0,+0.00 电=7.86V/1.79A/峰2.52 补余=0.0 IO错=0 倾+0.0 自动3/3
[  337.541] TLM t= 246.7 L1·A@-76 L2·A@-75 L3·A@-76 R1·A@-75 R2·A@-75 R3·A@-74 罐=无罐 泵=0 阀=111111 速=+0,+0,+0.00 电=7.85V/1.87A/峰2.52 补余=0.0 IO错=0 倾+0.0 自动3/3
[  338.061] TLM t= 247.3 L1·A@-76 L2·A@-74 L3·A@-76 R1·A@-75 R2·A@-74 R3·A@-74 罐=无罐 泵=0 阀=111111 速=+0,+0,+0.00 电=7.86V/1.71A/峰2.52 补余=0.0 IO错=0 倾+0.0 自动3/3
[  338.565] TLM t= 247.8 L1·A@-76 L2·A@-74 L3·A@-76 R1·A@-75 R2·A@-74 R3·A@-73 罐=无罐 泵=0 阀=111111 速=+0,+0,+0.00 电=7.86V/1.79A/峰2.52 补余=0.0 IO错=0 倾+0.0 自动3/3
[  339.088] TLM t= 248.3 L1·A@-76 L2·A@-73 L3·A@-76 R1·A@-75 R2·A@-73 R3·A@-72 罐=无罐 泵=0 阀=111111 速=+0,+0,+0.00 电=7.86V/1.71A/峰2.52 补余=0.0 IO错=0 倾+0.0 自动3/3
[  339.592] TLM t= 248.8 L1·A@-76 L2·A@-73 L3·A@-76 R1·A@-75 R2·A@-73 R3·A@-72 罐=无罐 泵=0 阀=111111 速=+0,+0,+0.00 电=7.86V/1.71A/峰2.52 补余=0.0 IO错=0 倾+0.0 自动3/3
[  340.115] TLM t= 249.3 L1·A@-76 L2·A@-73 L3·A@-76 R1·A@-75 R2·A@-73 R3·A@-71 罐=无罐 泵=0 阀=111111 速=+0,+0,+0.00 电=7.86V/1.79A/峰2.52 补余=0.0 IO错=0 倾+0.0 自动3/3
[  340.621] TLM t= 249.8 L1·A@-76 L2·A@-72 L3·A@-76 R1·A@-75 R2·A@-72 R3·A@-70 罐=无罐 泵=0 阀=111111 速=+0,+0,+0.00 电=7.86V/1.79A/峰2.52 补余=0.0 IO错=0 倾+0.0 自动3/3
[  341.139] TLM t= 250.3 L1·A@-76 L2·A@-72 L3·A@-76 R1·A@-75 R2·A@-72 R3·A@-70 罐=无罐 泵=0 阀=111111 速=+0,+0,+0.00 电=7.84V/1.71A/峰2.52 补余=0.0 IO错=0 倾+0.0 自动3/3
[  341.642] TLM t= 250.8 L1·A@-75 L2·A@-71 L3·A@-76 R1·A@-75 R2·A@-71 R3·A@-69 罐=无罐 泵=0 阀=111111 速=+0,+0,+0.00 电=7.86V/1.79A/峰2.52 补余=0.0 IO错=0 倾+0.0 自动3/3
[  342.164] TLM t= 251.3 L1·A@-75 L2·A@-71 L3·A@-76 R1·A@-75 R2·A@-71 R3·A@-69 罐=无罐 泵=0 阀=111111 速=+0,+0,+0.00 电=7.85V/1.71A/峰2.52 补余=0.0 IO错=0 倾+0.0 自动3/3
[  342.668] TLM t= 251.8 L1·A@-75 L2·A@-70 L3·A@-76 R1·A@-75 R2·A@-71 R3·A@-68 罐=无罐 泵=0 阀=111111 速=+0,+0,+0.00 电=7.86V/1.71A/峰2.52 补余=0.0 IO错=0 倾+0.0 自动3/3
[  343.195] TLM t= 252.4 L1·A@-75 L2·A@-70 L3·A@-76 R1·A@-75 R2·A@-70 R3·A@-68 罐=无罐 泵=0 阀=111111 速=+0,+0,+0.00 电=7.86V/1.79A/峰2.52 补余=0.0 IO错=0 倾+0.0 自动3/3
[  343.697] TLM t= 252.9 L1·A@-75 L2·A@-69 L3·A@-75 R1·A@-75 R2·A@-70 R3·A@-67 罐=无罐 泵=0 阀=111111 速=+0,+0,+0.00 电=7.86V/1.71A/峰2.52 补余=0.0 IO错=0 倾+0.0 自动3/3
[  344.221] TLM t= 253.4 L1·A@-75 L2·A@-69 L3·A@-75 R1·A@-74 R2·A@-70 R3·A@-66 罐=无罐 泵=0 阀=111111 速=+0,+0,+0.00 电=7.86V/1.79A/峰2.52 补余=0.0 IO错=0 倾+0.0 自动3/3
[  344.727] TLM t= 253.9 L1·A@-75 L2·A@-69 L3·A@-75 R1·A@-74 R2·A@-69 R3·A@-66 罐=无罐 泵=0 阀=111111 速=+0,+0,+0.00 电=7.86V/1.79A/峰2.52 补余=0.0 IO错=0 倾+0.0 自动3/3
[  345.019] EVT 原地抬起受理：L2
[  345.031] EVT 吸附 L2 attached→venting 在态90.50s -68.3kPa
[  345.032] EVT 相位 L2 stance→vent 落点Δ(+0.0,+0.0)
[  345.057] EVT 阀 L2 →排气位
[  345.245] TLM t= 255.2 L1·A@-75 L2Vv@-68 L3·A@-75 R1·A@-74 R2·A@-69 R3·A@-65 罐=无罐 泵=0 阀=101111 速=+0,+0,+0.00 电=7.83V/1.55A/峰2.52 补余=0.0 IO错=0 倾+0.0 自动3/3
[  345.332] EVT 相位 L2 vent→lift
[  345.454] EVT 吸附 L2 venting→released 在态0.42s 0.4kPa
[  345.750] TLM t= 255.6 L1·A@-75 L2Lr@-- L3·A@-75 R1·A@-74 R2·A@-69 R3·A@-65 罐=无罐 泵=0 阀=101111 速=+0,+0,+0.00 电=7.84V/1.71A/峰2.52 补余=0.0 IO错=0 倾+0.0 自动3/3
[  346.175] EVT 相位 L2 lift→transfer
[  346.269] TLM t= 255.6 L1·A@-75 L2Tr@-- L3·A@-75 R1·A@-74 R2·A@-68 R3·A@-64 罐=无罐 泵=0 阀=101111 速=+0,+0,+0.00 电=7.82V/2.04A/峰2.52 补余=0.0 IO错=0 倾+0.0 自动3/3
[  346.773] TLM t= 255.6 L1·A@-75 L2Tr@-- L3·A@-75 R1·A@-74 R2·A@-68 R3·A@-64 罐=无罐 泵=0 阀=101111 速=+0,+0,+0.00 电=7.82V/2.12A/峰2.52 补余=0.0 IO错=0 倾+0.0 自动3/3
[  346.802] EVT 相位 L2 transfer→hover
[  347.289] TLM t= 255.6 L1·A@-75 L2Hr@-- L3·A@-75 R1·A@-74 R2·A@-68 R3·A@-63 罐=无罐 泵=0 阀=101111 速=+0,+0,+0.00 电=7.86V/1.63A/峰2.52 补余=0.0 IO错=0 倾+0.0 自动3/3
[  347.798] TLM t= 255.6 L1·A@-75 L2Hr@-- L3·A@-75 R1·A@-74 R2·A@-67 R3·A@-62 罐=无罐 泵=0 阀=101111 速=+0,+0,+0.00 电=7.86V/1.63A/峰2.52 补余=0.0 IO错=0 倾+0.0 自动3/3
[  347.825] EVT 落地：L2
[  347.847] EVT 相位 L2 hover→descend
[  348.315] TLM t= 255.6 L1·A@-74 L2Dr@-- L3·A@-75 R1·A@-74 R2·A@-67 R3·A@-62 罐=无罐 泵=0 阀=101111 速=+0,+0,+0.00 电=7.85V/1.71A/峰2.52 补余=0.0 IO错=0 倾+0.0 自动3/3
[  348.329] EVT 相位 L2 descend→press
[  348.817] TLM t= 255.6 L1·A@-74 L2Pr@-- L3·A@-75 R1·A@-74 R2·A@-66 R3·A@-61 罐=无罐 泵=0 阀=101111 速=+0,+0,+0.00 电=7.85V/1.55A/峰2.52 补余=0.0 IO错=0 倾+0.0 自动3/3
[  349.341] TLM t= 255.6 L1·A@-74 L2Pr@-- L3·A@-75 R1·A@-74 R2·A@-66 R3·A@-61 罐=无罐 泵=0 阀=101111 速=+0,+0,+0.00 电=7.84V/1.79A/峰2.52 补余=0.0 IO错=0 倾+0.0 自动3/3
[  349.534] EVT 吸附 L2 released→pressing 在态4.06s 0.4kPa
[  349.535] EVT 相位 L2 press→wait
[  349.843] TLM t= 255.6 L1·A@-74 L2Wp@-- L3·A@-75 R1·A@-74 R2·A@-66 R3·A@-60 罐=无罐 泵=0 阀=101111 速=+0,+0,+0.00 电=7.83V/1.71A/峰2.52 补余=0.0 IO错=0 倾+0.0 自动3/3
[  349.848] EVT 吸附 L2 pressing→sucking 在态0.32s 0.4kPa
[  349.848] EVT 阀 L2 →抽气位
[  349.876] EVT 泵 开 最差盘压-60.3
[  350.209] EVT 吸附 L2 sucking→attached 在态0.36s -57.7kPa
[  350.209] EVT 相位 L2 wait→stance
[  350.209] EVT 抬落完成，轮到 R3
[  350.209] EVT 自动轮换：第 3 轮完成
[  350.365] TLM t= 255.7 L1·A@-74 L2·A@-66 L3·A@-75 R1·A@-74 R2·A@-65 R3·A@-64 罐=无罐 泵=1 阀=111111 速=+0,+0,+0.00 电=7.80V/1.55A/峰2.52 补余=0.0 IO错=0 倾+0.0 自动3/3
[  350.875] TLM t= 256.2 L1·A@-75 L2·A@-76 L3·A@-75 R1·A@-75 R2·A@-75 R3·A@-75 罐=无罐 泵=1 阀=111111 速=+0,+0,+0.00 电=7.81V/1.55A/峰2.52 补余=0.0 IO错=0 倾+0.0 自动3/3
[  350.923] EVT 泵 停 最差盘压-75.3
[  351.395] TLM t= 256.8 L1·A@-76 L2·A@-76 L3·A@-76 R1·A@-76 R2·A@-76 R3·A@-76 罐=无罐 泵=0 阀=111111 速=+0,+0,+0.00 电=7.86V/1.63A/峰2.52 补余=0.0 IO错=0 倾+0.0 自动3/3
[  351.903] TLM t= 257.3 L1·A@-76 L2·A@-75 L3·A@-76 R1·A@-76 R2·A@-75 R3·A@-75 罐=无罐 泵=0 阀=111111 速=+0,+0,+0.00 电=7.85V/1.63A/峰2.52 补余=0.0 IO错=0 倾+0.0 自动3/3
[  352.423] TLM t= 257.8 L1·A@-76 L2·A@-75 L3·A@-76 R1·A@-76 R2·A@-75 R3·A@-75 罐=无罐 泵=0 阀=111111 速=+0,+0,+0.00 电=7.86V/1.63A/峰2.52 补余=0.0 IO错=0 倾+0.0 自动3/3
[  352.924] TLM t= 258.3 L1·A@-76 L2·A@-74 L3·A@-76 R1·A@-76 R2·A@-74 R3·A@-74 罐=无罐 泵=0 阀=111111 速=+0,+0,+0.00 电=7.85V/1.63A/峰2.52 补余=0.0 IO错=0 倾+0.0 自动3/3
[  353.448] TLM t= 258.8 L1·A@-76 L2·A@-74 L3·A@-76 R1·A@-76 R2·A@-74 R3·A@-73 罐=无罐 泵=0 阀=111111 速=+0,+0,+0.00 电=7.86V/1.63A/峰2.52 补余=0.0 IO错=0 倾+0.0 自动3/3
[  353.952] TLM t= 259.3 L1·A@-76 L2·A@-73 L3·A@-76 R1·A@-75 R2·A@-74 R3·A@-73 罐=无罐 泵=0 阀=111111 速=+0,+0,+0.00 电=7.85V/1.63A/峰2.52 补余=0.0 IO错=0 倾+0.0 自动3/3
[  354.474] TLM t= 259.8 L1·A@-76 L2·A@-73 L3·A@-76 R1·A@-75 R2·A@-73 R3·A@-72 罐=无罐 泵=0 阀=111111 速=+0,+0,+0.00 电=7.85V/1.63A/峰2.52 补余=0.0 IO错=0 倾+0.0 自动3/3
[  354.975] TLM t= 260.3 L1·A@-76 L2·A@-72 L3·A@-76 R1·A@-75 R2·A@-73 R3·A@-71 罐=无罐 泵=0 阀=111111 速=+0,+0,+0.00 电=7.85V/1.55A/峰2.52 补余=0.0 IO错=0 倾+0.0 自动3/3
[  355.500] TLM t= 260.8 L1·A@-75 L2·A@-72 L3·A@-76 R1·A@-75 R2·A@-72 R3·A@-71 罐=无罐 泵=0 阀=111111 速=+0,+0,+0.00 电=7.85V/1.63A/峰2.52 补余=0.0 IO错=0 倾+0.0 自动3/3
[  356.004] TLM t= 261.3 L1·A@-75 L2·A@-71 L3·A@-76 R1·A@-75 R2·A@-72 R3·A@-70 罐=无罐 泵=0 阀=111111 速=+0,+0,+0.00 电=7.86V/1.63A/峰2.52 补余=0.0 IO错=0 倾+0.0 自动3/3
[  356.524] TLM t= 261.9 L1·A@-75 L2·A@-71 L3·A@-76 R1·A@-75 R2·A@-72 R3·A@-70 罐=无罐 泵=0 阀=111111 速=+0,+0,+0.00 电=7.87V/1.55A/峰2.52 补余=0.0 IO错=0 倾+0.0 自动3/3
[  357.031] TLM t= 262.4 L1·A@-75 L2·A@-71 L3·A@-76 R1·A@-75 R2·A@-71 R3·A@-69 罐=无罐 泵=0 阀=111111 速=+0,+0,+0.00 电=7.86V/1.55A/峰2.52 补余=0.0 IO错=0 倾+0.0 自动3/3
[  357.550] TLM t= 262.9 L1·A@-75 L2·A@-70 L3·A@-76 R1·A@-75 R2·A@-71 R3·A@-68 罐=无罐 泵=0 阀=111111 速=+0,+0,+0.00 电=7.85V/1.63A/峰2.52 补余=0.0 IO错=0 倾+0.0 自动3/3
[  358.052] TLM t= 263.4 L1·A@-75 L2·A@-70 L3·A@-76 R1·A@-75 R2·A@-71 R3·A@-68 罐=无罐 泵=0 阀=111111 速=+0,+0,+0.00 电=7.86V/1.55A/峰2.52 补余=0.0 IO错=0 倾+0.0 自动3/3
[  358.576] TLM t= 263.9 L1·A@-75 L2·A@-69 L3·A@-76 R1·A@-75 R2·A@-70 R3·A@-67 罐=无罐 泵=0 阀=111111 速=+0,+0,+0.00 电=7.86V/1.63A/峰2.52 补余=0.0 IO错=0 倾+0.0 自动3/3
[  359.079] TLM t= 264.4 L1·A@-75 L2·A@-69 L3·A@-75 R1·A@-75 R2·A@-70 R3·A@-67 罐=无罐 泵=0 阀=111111 速=+0,+0,+0.00 电=7.86V/1.47A/峰2.52 补余=0.0 IO错=0 倾+0.0 自动3/3
[  359.601] TLM t= 264.9 L1·A@-75 L2·A@-68 L3·A@-75 R1·A@-75 R2·A@-69 R3·A@-66 罐=无罐 泵=0 阀=111111 速=+0,+0,+0.00 电=7.85V/1.55A/峰2.52 补余=0.0 IO错=0 倾+0.0 自动3/3
[  360.105] TLM t= 265.4 L1·A@-75 L2·A@-68 L3·A@-75 R1·A@-75 R2·A@-69 R3·A@-65 罐=无罐 泵=0 阀=111111 速=+0,+0,+0.00 电=7.86V/1.63A/峰2.52 补余=0.0 IO错=0 倾+0.0 自动3/3
[  360.627] TLM t= 265.9 L1·A@-74 L2·A@-67 L3·A@-75 R1·A@-75 R2·A@-69 R3·A@-65 罐=无罐 泵=0 阀=111111 速=+0,+0,+0.00 电=7.85V/1.63A/峰2.52 补余=0.0 IO错=0 倾+0.0 自动3/3
[  361.134] TLM t= 266.4 L1·A@-74 L2·A@-67 L3·A@-75 R1·A@-75 R2·A@-68 R3·A@-64 罐=无罐 泵=0 阀=111111 速=+0,+0,+0.00 电=7.85V/1.55A/峰2.52 补余=0.0 IO错=0 倾+0.0 自动3/3
[  361.657] TLM t= 267.0 L1·A@-74 L2·A@-67 L3·A@-75 R1·A@-75 R2·A@-68 R3·A@-64 罐=无罐 泵=0 阀=111111 速=+0,+0,+0.00 电=7.86V/1.63A/峰2.52 补余=0.0 IO错=0 倾+0.0 自动3/3
[  362.161] TLM t= 267.5 L1·A@-74 L2·A@-66 L3·A@-75 R1·A@-75 R2·A@-68 R3·A@-63 罐=无罐 泵=0 阀=111111 速=+0,+0,+0.00 电=7.86V/1.63A/峰2.52 补余=0.0 IO错=0 倾+0.0 自动3/3
[  362.680] TLM t= 268.0 L1·A@-74 L2·A@-66 L3·A@-75 R1·A@-75 R2·A@-67 R3·A@-63 罐=无罐 泵=0 阀=111111 速=+0,+0,+0.00 电=7.85V/1.55A/峰2.52 补余=0.0 IO错=0 倾+0.0 自动3/3
[  363.184] TLM t= 268.5 L1·A@-74 L2·A@-65 L3·A@-75 R1·A@-75 R2·A@-67 R3·A@-62 罐=无罐 泵=0 阀=111111 速=+0,+0,+0.00 电=7.85V/1.63A/峰2.52 补余=0.0 IO错=0 倾+0.0 自动3/3
[  363.706] TLM t= 269.0 L1·A@-74 L2·A@-65 L3·A@-75 R1·A@-75 R2·A@-67 R3·A@-62 罐=无罐 泵=0 阀=111111 速=+0,+0,+0.00 电=7.85V/1.63A/峰2.52 补余=0.0 IO错=0 倾+0.0 自动3/3
[  364.210] TLM t= 269.5 L1·A@-74 L2·A@-64 L3·A@-75 R1·A@-75 R2·A@-66 R3·A@-61 罐=无罐 泵=0 阀=111111 速=+0,+0,+0.00 电=7.85V/1.63A/峰2.52 补余=0.0 IO错=0 倾+0.0 自动3/3
[  364.730] TLM t= 270.0 L1·A@-74 L2·A@-64 L3·A@-75 R1·A@-75 R2·A@-66 R3·A@-60 罐=无罐 泵=0 阀=111111 速=+0,+0,+0.00 电=7.86V/1.55A/峰2.52 补余=0.0 IO错=0 倾+0.0 自动3/3
[  365.167] EVT 泵 开 最差盘压-59.9
[  365.234] TLM t= 270.5 L1·A@-74 L2·A@-64 L3·A@-75 R1·A@-74 R2·A@-66 R3·A@-60 罐=无罐 泵=1 阀=111111 速=+0,+0,+0.00 电=7.79V/1.71A/峰2.52 补余=0.0 IO错=0 倾+0.0 自动3/3
[  365.755] TLM t= 271.0 L1·A@-74 L2·A@-72 L3·A@-75 R1·A@-74 R2·A@-71 R3·A@-71 罐=无罐 泵=1 阀=111111 速=+0,+0,+0.00 电=7.84V/1.55A/峰2.52 补余=0.0 IO错=0 倾+0.0 自动3/3
[  366.071] EVT 泵 停 最差盘压-75.1
[  366.261] TLM t= 271.5 L1·A@-76 L2·A@-76 L3·A@-76 R1·A@-76 R2·A@-76 R3·A@-76 罐=无罐 泵=0 阀=111111 速=+0,+0,+0.00 电=7.84V/1.63A/峰2.52 补余=0.0 IO错=0 倾+0.0 自动3/3
[  366.780] TLM t= 272.1 L1·A@-76 L2·A@-76 L3·A@-76 R1·A@-76 R2·A@-75 R3·A@-75 罐=无罐 泵=0 阀=111111 速=+0,+0,+0.00 电=7.84V/1.63A/峰2.52 补余=0.0 IO错=0 倾+0.0 自动3/3
[  367.283] TLM t= 272.6 L1·A@-76 L2·A@-75 L3·A@-76 R1·A@-76 R2·A@-75 R3·A@-75 罐=无罐 泵=0 阀=111111 速=+0,+0,+0.00 电=7.86V/1.63A/峰2.52 补余=0.0 IO错=0 倾+0.0 自动3/3
[  367.803] TLM t= 273.1 L1·A@-76 L2·A@-75 L3·A@-76 R1·A@-76 R2·A@-75 R3·A@-74 罐=无罐 泵=0 阀=111111 速=+0,+0,+0.00 电=7.86V/1.71A/峰2.52 补余=0.0 IO错=0 倾+0.0 自动3/3
[  368.307] TLM t= 273.6 L1·A@-76 L2·A@-74 L3·A@-76 R1·A@-76 R2·A@-74 R3·A@-74 罐=无罐 泵=0 阀=111111 速=+0,+0,+0.00 电=7.85V/1.71A/峰2.52 补余=0.0 IO错=0 倾+0.0 自动3/3
[  368.828] TLM t= 274.1 L1·A@-76 L2·A@-74 L3·A@-76 R1·A@-76 R2·A@-74 R3·A@-73 罐=无罐 泵=0 阀=111111 速=+0,+0,+0.00 电=7.86V/1.63A/峰2.52 补余=0.0 IO错=0 倾+0.0 自动3/3
[  369.331] TLM t= 274.6 L1·A@-76 L2·A@-73 L3·A@-76 R1·A@-75 R2·A@-73 R3·A@-72 罐=无罐 泵=0 阀=111111 速=+0,+0,+0.00 电=7.85V/1.63A/峰2.52 补余=0.0 IO错=0 倾+0.0 自动3/3
[  369.851] TLM t= 275.1 L1·A@-76 L2·A@-73 L3·A@-76 R1·A@-75 R2·A@-73 R3·A@-72 罐=无罐 泵=0 阀=111111 速=+0,+0,+0.00 电=7.85V/1.47A/峰2.52 补余=0.0 IO错=0 倾+0.0 自动3/3
[  370.357] TLM t= 275.6 L1·A@-75 L2·A@-73 L3·A@-76 R1·A@-75 R2·A@-73 R3·A@-71 罐=无罐 泵=0 阀=111111 速=+0,+0,+0.00 电=7.85V/1.63A/峰2.52 补余=0.0 IO错=0 倾+0.0 自动3/3
[  370.876] TLM t= 276.1 L1·A@-75 L2·A@-72 L3·A@-76 R1·A@-75 R2·A@-72 R3·A@-70 罐=无罐 泵=0 阀=111111 速=+0,+0,+0.00 电=7.86V/1.63A/峰2.52 补余=0.0 IO错=0 倾+0.0 自动3/3
[  371.379] TLM t= 276.6 L1·A@-75 L2·A@-72 L3·A@-76 R1·A@-75 R2·A@-72 R3·A@-70 罐=无罐 泵=0 阀=111111 速=+0,+0,+0.00 电=7.86V/1.55A/峰2.52 补余=0.0 IO错=0 倾+0.0 自动3/3
[  371.904] TLM t= 277.2 L1·A@-75 L2·A@-71 L3·A@-76 R1·A@-75 R2·A@-71 R3·A@-69 罐=无罐 泵=0 阀=111111 速=+0,+0,+0.00 电=7.85V/1.63A/峰2.52 补余=0.0 IO错=0 倾+0.0 自动3/3
[  372.405] TLM t= 277.7 L1·A@-75 L2·A@-71 L3·A@-76 R1·A@-75 R2·A@-71 R3·A@-69 罐=无罐 泵=0 阀=111111 速=+0,+0,+0.00 电=7.86V/1.55A/峰2.52 补余=0.0 IO错=0 倾+0.0 自动3/3
[  372.929] TLM t= 278.2 L1·A@-75 L2·A@-70 L3·A@-76 R1·A@-75 R2·A@-71 R3·A@-68 罐=无罐 泵=0 阀=111111 速=+0,+0,+0.00 电=7.86V/1.63A/峰2.52 补余=0.0 IO错=0 倾+0.0 自动3/3
[  373.432] TLM t= 278.7 L1·A@-75 L2·A@-70 L3·A@-75 R1·A@-75 R2·A@-70 R3·A@-68 罐=无罐 泵=0 阀=111111 速=+0,+0,+0.00 电=7.85V/1.63A/峰2.52 补余=0.0 IO错=0 倾+0.0 自动3/3
[  373.954] TLM t= 279.2 L1·A@-75 L2·A@-69 L3·A@-75 R1·A@-75 R2·A@-70 R3·A@-67 罐=无罐 泵=0 阀=111111 速=+0,+0,+0.00 电=7.85V/1.63A/峰2.52 补余=0.0 IO错=0 倾+0.0 自动3/3
[  374.455] TLM t= 279.7 L1·A@-75 L2·A@-69 L3·A@-75 R1·A@-75 R2·A@-70 R3·A@-66 罐=无罐 泵=0 阀=111111 速=+0,+0,+0.00 电=7.84V/1.55A/峰2.52 补余=0.0 IO错=0 倾+0.0 自动3/3
[  374.979] TLM t= 280.2 L1·A@-75 L2·A@-69 L3·A@-75 R1·A@-75 R2·A@-69 R3·A@-66 罐=无罐 泵=0 阀=111111 速=+0,+0,+0.00 电=7.85V/1.63A/峰2.52 补余=0.0 IO错=0 倾+0.0 自动3/3
[  375.481] TLM t= 280.7 L1·A@-74 L2·A@-68 L3·A@-75 R1·A@-75 R2·A@-69 R3·A@-65 罐=无罐 泵=0 阀=111111 速=+0,+0,+0.00 电=7.85V/1.71A/峰2.52 补余=0.0 IO错=0 倾+0.0 自动3/3
[  376.006] TLM t= 281.2 L1·A@-74 L2·A@-68 L3·A@-75 R1·A@-75 R2·A@-69 R3·A@-65 罐=无罐 泵=0 阀=111111 速=+0,+0,+0.00 电=7.85V/1.55A/峰2.52 补余=0.0 IO错=0 倾+0.0 自动3/3
[  376.508] TLM t= 281.7 L1·A@-74 L2·A@-67 L3·A@-75 R1·A@-75 R2·A@-68 R3·A@-64 罐=无罐 泵=0 阀=111111 速=+0,+0,+0.00 电=7.85V/1.63A/峰2.52 补余=0.0 IO错=0 倾+0.0 自动3/3
[  377.031] TLM t= 282.3 L1·A@-74 L2·A@-67 L3·A@-75 R1·A@-75 R2·A@-68 R3·A@-64 罐=无罐 泵=0 阀=111111 速=+0,+0,+0.00 电=7.84V/1.71A/峰2.52 补余=0.0 IO错=0 倾+0.0 自动3/3
[  377.535] TLM t= 282.8 L1·A@-74 L2·A@-66 L3·A@-75 R1·A@-75 R2·A@-67 R3·A@-63 罐=无罐 泵=0 阀=111111 速=+0,+0,+0.00 电=7.85V/1.71A/峰2.52 补余=0.0 IO错=0 倾+0.0 自动3/3
[  378.063] TLM t= 283.3 L1·A@-74 L2·A@-66 L3·A@-75 R1·A@-75 R2·A@-67 R3·A@-62 罐=无罐 泵=0 阀=111111 速=+0,+0,+0.00 电=7.85V/1.55A/峰2.52 补余=0.0 IO错=0 倾+0.0 自动3/3
[  378.565] TLM t= 283.8 L1·A@-74 L2·A@-66 L3·A@-75 R1·A@-75 R2·A@-67 R3·A@-62 罐=无罐 泵=0 阀=111111 速=+0,+0,+0.00 电=7.85V/1.55A/峰2.52 补余=0.0 IO错=0 倾+0.0 自动3/3
[  379.087] TLM t= 284.3 L1·A@-74 L2·A@-65 L3·A@-75 R1·A@-75 R2·A@-66 R3·A@-61 罐=无罐 泵=0 阀=111111 速=+0,+0,+0.00 电=7.86V/1.63A/峰2.52 补余=0.0 IO错=0 倾+0.0 自动3/3
[  379.590] TLM t= 284.8 L1·A@-74 L2·A@-65 L3·A@-75 R1·A@-75 R2·A@-66 R3·A@-61 罐=无罐 泵=0 阀=111111 速=+0,+0,+0.00 电=7.85V/1.63A/峰2.52 补余=0.0 IO错=0 倾+0.0 自动3/3
[  380.110] TLM t= 285.3 L1·A@-74 L2·A@-64 L3·A@-75 R1·A@-75 R2·A@-66 R3·A@-60 罐=无罐 泵=0 阀=111111 速=+0,+0,+0.00 电=7.85V/1.55A/峰2.52 补余=0.0 IO错=0 倾+0.0 自动3/3
[  380.224] EVT 实验序列完成
[  380.304] EVT 泵 开 最差盘压-59.9
[  380.617] TLM t= 285.8 L1·A@-74 L2·A@-64 L3·A@-75 R1·A@-75 R2·A@-65 R3·A@-64 罐=无罐 泵=1 阀=111111 速=+0,+0,+0.00 电=7.83V/1.55A/峰2.52 补余=0.0 IO错=0 倾+0.0
[  381.135] TLM t= 286.3 L1·A@-75 L2·A@-76 L3·A@-75 R1·A@-75 R2·A@-75 R3·A@-75 罐=无罐 泵=1 阀=111111 速=+0,+0,+0.00 电=7.81V/1.55A/峰2.52 补余=0.0 IO错=0 倾+0.0
[  381.208] EVT 泵 停 最差盘压-75.1
[  381.636] TLM t= 286.8 L1·A@-76 L2·A@-76 L3·A@-76 R1·A@-76 R2·A@-76 R3·A@-76 罐=无罐 泵=0 阀=111111 速=+0,+0,+0.00 电=7.84V/1.55A/峰2.52 补余=0.0 IO错=0 倾+0.0
[  382.164] TLM t= 287.4 L1·A@-76 L2·A@-76 L3·A@-76 R1·A@-76 R2·A@-75 R3·A@-75 罐=无罐 泵=0 阀=111111 速=+0,+0,+0.00 电=7.85V/1.55A/峰2.52 补余=0.0 IO错=0 倾+0.0
[  382.670] TLM t= 287.9 L1·A@-76 L2·A@-75 L3·A@-76 R1·A@-76 R2·A@-75 R3·A@-74 罐=无罐 泵=0 阀=111111 速=+0,+0,+0.00 电=7.84V/1.55A/峰2.52 补余=0.0 IO错=0 倾+0.0
[  383.193] TLM t= 288.4 L1·A@-76 L2·A@-75 L3·A@-76 R1·A@-76 R2·A@-74 R3·A@-74 罐=无罐 泵=0 阀=111111 速=+0,+0,+0.00 电=7.86V/1.63A/峰2.52 补余=0.0 IO错=0 倾+0.0
[  383.697] TLM t= 288.9 L1·A@-76 L2·A@-74 L3·A@-76 R1·A@-76 R2·A@-74 R3·A@-73 罐=无罐 泵=0 阀=111111 速=+0,+0,+0.00 电=7.84V/1.63A/峰2.52 补余=0.0 IO错=0 倾+0.0
[  384.218] TLM t= 289.4 L1·A@-76 L2·A@-74 L3·A@-76 R1·A@-76 R2·A@-74 R3·A@-73 罐=无罐 泵=0 阀=111111 速=+0,+0,+0.00 电=7.84V/1.55A/峰2.52 补余=0.0 IO错=0 倾+0.0
[  384.721] TLM t= 289.9 L1·A@-76 L2·A@-73 L3·A@-76 R1·A@-75 R2·A@-73 R3·A@-72 罐=无罐 泵=0 阀=111111 速=+0,+0,+0.00 电=7.84V/1.63A/峰2.52 补余=0.0 IO错=0 倾+0.0
[  385.245] TLM t= 290.4 L1·A@-76 L2·A@-73 L3·A@-76 R1·A@-75 R2·A@-73 R3·A@-71 罐=无罐 泵=0 阀=111111 速=+0,+0,+0.00 电=7.85V/1.63A/峰2.52 补余=0.0 IO错=0 倾+0.0
[  385.747] TLM t= 290.9 L1·A@-75 L2·A@-72 L3·A@-76 R1·A@-75 R2·A@-72 R3·A@-71 罐=无罐 泵=0 阀=111111 速=+0,+0,+0.00 电=7.84V/1.63A/峰2.52 补余=0.0 IO错=0 倾+0.0
[  386.268] TLM t= 291.4 L1·A@-75 L2·A@-72 L3·A@-76 R1·A@-75 R2·A@-72 R3·A@-70 罐=无罐 泵=0 阀=111111 速=+0,+0,+0.00 电=7.85V/1.55A/峰2.52 补余=0.0 IO错=0 倾+0.0
[  386.774] TLM t= 291.9 L1·A@-75 L2·A@-71 L3·A@-76 R1·A@-75 R2·A@-72 R3·A@-70 罐=无罐 泵=0 阀=111111 速=+0,+0,+0.00 电=7.82V/1.55A/峰2.52 补余=0.0 IO错=0 倾+0.0
[  387.293] TLM t= 292.5 L1·A@-75 L2·A@-71 L3·A@-76 R1·A@-75 R2·A@-71 R3·A@-69 罐=无罐 泵=0 阀=111111 速=+0,+0,+0.00 电=7.84V/1.63A/峰2.52 补余=0.0 IO错=0 倾+0.0
[  387.797] TLM t= 293.0 L1·A@-75 L2·A@-71 L3·A@-76 R1·A@-75 R2·A@-71 R3·A@-68 罐=无罐 泵=0 阀=111111 速=+0,+0,+0.00 电=7.85V/1.63A/峰2.52 补余=0.0 IO错=0 倾+0.0
[  388.320] TLM t= 293.5 L1·A@-75 L2·A@-70 L3·A@-76 R1·A@-75 R2·A@-71 R3·A@-68 罐=无罐 泵=0 阀=111111 速=+0,+0,+0.00 电=7.84V/1.55A/峰2.52 补余=0.0 IO错=0 倾+0.0
[  388.826] TLM t= 294.0 L1·A@-75 L2·A@-70 L3·A@-76 R1·A@-75 R2·A@-70 R3·A@-67 罐=无罐 泵=0 阀=111111 速=+0,+0,+0.00 电=7.84V/1.63A/峰2.52 补余=0.0 IO错=0 倾+0.0
[  389.345] TLM t= 294.5 L1·A@-75 L2·A@-69 L3·A@-75 R1·A@-75 R2·A@-70 R3·A@-67 罐=无罐 泵=0 阀=111111 速=+0,+0,+0.00 电=7.85V/1.55A/峰2.52 补余=0.0 IO错=0 倾+0.0
[  389.848] TLM t= 295.0 L1·A@-75 L2·A@-69 L3·A@-75 R1·A@-75 R2·A@-69 R3·A@-66 罐=无罐 泵=0 阀=111111 速=+0,+0,+0.00 电=7.85V/1.55A/峰2.52 补余=0.0 IO错=0 倾+0.0
[  390.371] TLM t= 295.5 L1·A@-75 L2·A@-68 L3·A@-75 R1·A@-75 R2·A@-69 R3·A@-66 罐=无罐 泵=0 阀=111111 速=+0,+0,+0.00 电=7.86V/1.63A/峰2.52 补余=0.0 IO错=0 倾+0.0
[  390.875] TLM t= 296.0 L1·A@-74 L2·A@-68 L3·A@-75 R1·A@-75 R2·A@-69 R3·A@-65 罐=无罐 泵=0 阀=111111 速=+0,+0,+0.00 电=7.85V/1.63A/峰2.52 补余=0.0 IO错=0 倾+0.0
[  391.395] TLM t= 296.5 L1·A@-74 L2·A@-68 L3·A@-75 R1·A@-75 R2·A@-68 R3·A@-64 罐=无罐 泵=0 阀=111111 速=+0,+0,+0.00 电=7.85V/1.55A/峰2.52 补余=0.0 IO错=0 倾+0.0
[  391.896] TLM t= 297.0 L1·A@-74 L2·A@-67 L3·A@-75 R1·A@-75 R2·A@-68 R3·A@-64 罐=无罐 泵=0 阀=111111 速=+0,+0,+0.00 电=7.85V/1.63A/峰2.52 补余=0.0 IO错=0 倾+0.0
[  392.423] TLM t= 297.6 L1·A@-74 L2·A@-67 L3·A@-75 R1·A@-75 R2·A@-68 R3·A@-63 罐=无罐 泵=0 阀=111111 速=+0,+0,+0.00 电=7.83V/1.63A/峰2.52 补余=0.0 IO错=0 倾+0.0
[  392.928] TLM t= 298.1 L1·A@-74 L2·A@-66 L3·A@-75 R1·A@-75 R2·A@-67 R3·A@-63 罐=无罐 泵=0 阀=111111 速=+0,+0,+0.00 电=7.85V/1.71A/峰2.52 补余=0.0 IO错=0 倾+0.0
[  393.448] TLM t= 298.6 L1·A@-74 L2·A@-66 L3·A@-75 R1·A@-75 R2·A@-67 R3·A@-62 罐=无罐 泵=0 阀=111111 速=+0,+0,+0.00 电=7.85V/1.63A/峰2.52 补余=0.0 IO错=0 倾+0.0
[  393.956] TLM t= 299.1 L1·A@-74 L2·A@-66 L3·A@-75 R1·A@-75 R2·A@-67 R3·A@-62 罐=无罐 泵=0 阀=111111 速=+0,+0,+0.00 电=7.84V/1.63A/峰2.52 补余=0.0 IO错=0 倾+0.0
[  394.479] TLM t= 299.6 L1·A@-74 L2·A@-65 L3·A@-75 R1·A@-75 R2·A@-66 R3·A@-61 罐=无罐 泵=0 阀=111111 速=+0,+0,+0.00 电=7.85V/1.63A/峰2.52 补余=0.0 IO错=0 倾+0.0
[  394.980] TLM t= 300.1 L1·A@-74 L2·A@-65 L3·A@-75 R1·A@-75 R2·A@-66 R3·A@-60 罐=无罐 泵=0 阀=111111 速=+0,+0,+0.00 电=7.85V/1.63A/峰2.52 补余=0.0 IO错=0 倾+0.0
[  395.395] EVT 泵 开 最差盘压-60.0
[  395.506] TLM t= 300.6 L1·A@-74 L2·A@-64 L3·A@-75 R1·A@-75 R2·A@-66 R3·A@-60 罐=无罐 泵=1 阀=111111 速=+0,+0,+0.00 电=7.81V/1.55A/峰2.52 补余=0.0 IO错=0 倾+0.0
[  396.009] TLM t= 301.1 L1·A@-74 L2·A@-72 L3·A@-75 R1·A@-75 R2·A@-72 R3·A@-72 罐=无罐 泵=1 阀=111111 速=+0,+0,+0.00 电=7.82V/1.71A/峰2.52 补余=0.0 IO错=0 倾+0.0
[  396.301] EVT 泵 停 最差盘压-75.2
[  396.530] TLM t= 301.6 L1·A@-76 L2·A@-76 L3·A@-76 R1·A@-76 R2·A@-76 R3·A@-76 罐=无罐 泵=0 阀=111111 速=+0,+0,+0.00 电=7.85V/1.55A/峰2.52 补余=0.0 IO错=0 倾+0.0
[  397.035] TLM t= 302.1 L1·A@-76 L2·A@-76 L3·A@-76 R1·A@-76 R2·A@-75 R3·A@-75 罐=无罐 泵=0 阀=111111 速=+0,+0,+0.00 电=7.84V/1.63A/峰2.52 补余=0.0 IO错=0 倾+0.0
[  397.556] TLM t= 302.7 L1·A@-76 L2·A@-75 L3·A@-76 R1·A@-76 R2·A@-75 R3·A@-75 罐=无罐 泵=0 阀=111111 速=+0,+0,+0.00 电=7.84V/1.55A/峰2.52 补余=0.0 IO错=0 倾+0.0
[  397.802] EVT 键 'o' 倾=+0.0待=+0.0
[  398.043] EVT 取机窗口：停泵 → 逐足串行排气（0.2s 间隔）→ 六足舵机撑住（泵禁开）
[  398.057] TLM t= 303.1 L1·A@-76 L2·A@-75 L3·A@-76 R1·A@-76 R2·A@-75 R3·A@-74 罐=无罐 泵=0 阀=111111 速=+0,+0,+0.00 电=7.85V/1.38A/峰2.52 补余=0.0 IO错=0 取机放气
[  398.465] EVT 吸附 L1 attached→venting 在态108.26s -75.8kPa
[  398.471] EVT 阀 L1 →排气位
[  398.557] TLM t= 303.1 L1·v@-76 L2·A@-74 L3·A@-76 R1·A@-76 R2·A@-74 R3·A@-73 罐=无罐 泵=0 阀=011111 速=+0,+0,+0.00 电=7.85V/1.22A/峰2.52 补余=0.0 IO错=0 取机放气
[  398.743] EVT 吸附 L2 attached→venting 在态48.04s -74.2kPa
[  398.746] EVT 阀 L2 →排气位
[  398.995] EVT 吸附 L3 attached→venting 在态78.54s -76.0kPa
[  398.997] EVT 吸附 L1 venting→released 在态0.42s 0.1kPa
[  398.997] EVT 阀 L3 →排气位
[  399.069] TLM t= 303.1 L1·r@-- L2·v@-74 L3·v@-76 R1·A@-76 R2·A@-74 R3·A@-73 罐=无罐 泵=0 阀=000111 速=+0,+0,+0.00 电=7.82V/1.14A/峰2.52 补余=0.0 IO错=0 取机放气
[  399.225] EVT 吸附 R1 attached→venting 在态63.60s -75.7kPa
[  399.228] EVT 吸附 L2 venting→released 在态0.42s 0.3kPa
[  399.233] EVT 阀 R1 →排气位
[  399.449] EVT 吸附 R2 attached→venting 在态94.04s -73.4kPa
[  399.452] EVT 吸附 L3 venting→released 在态0.42s 0.1kPa
[  399.452] EVT 阀 R2 →排气位
[  399.582] TLM t= 303.1 L1·r@-- L2·r@-- L3·r@-- R1·v@-76 R2·v@-73 R3·A@-72 罐=无罐 泵=0 阀=000001 速=+0,+0,+0.00 电=7.81V/0.98A/峰2.52 补余=0.0 IO错=0 取机放气
[  399.670] EVT 吸附 R3 attached→venting 在态124.40s -72.1kPa
[  399.673] EVT 吸附 R1 venting→released 在态0.42s -0.1kPa
[  399.673] EVT 阀 R3 →排气位
[  399.873] EVT 键 'o' 倾=+0.0待=+0.0（已放开）
[  399.876] EVT 吸附 R2 venting→released 在态0.42s -0.0kPa
[  399.876] EVT ⚠ 主环卡顿 1833ms（目标 20ms）
[  400.060] EVT 吸附 R3 venting→released 在态0.42s 0.2kPa
[  400.086] TLM t= 303.4 L1·r@-- L2·r@-- L3·r@-- R1·r@-- R2·r@-- R3·r@-- 罐=无罐 泵=0 阀=000000 速=+0,+0,+0.00 电=7.80V/0.98A/峰2.52 补余=0.0 IO错=0 倾+0.0 已放开
[  400.589] TLM t= 303.9 L1·r@-- L2·r@-- L3·r@-- R1·r@-- R2·r@-- R3·r@-- 罐=无罐 泵=0 阀=000000 速=+0,+0,+0.00 电=7.81V/0.73A/峰2.52 补余=0.0 IO错=0 倾+0.0 已放开
[  401.087] TLM t= 304.4 L1·r@-- L2·r@-- L3·r@-- R1·r@-- R2·r@-- R3·r@-- 罐=无罐 泵=0 阀=000000 速=+0,+0,+0.00 电=7.82V/0.73A/峰2.52 补余=0.0 IO错=0 倾+0.0 已放开
[  401.591] TLM t= 304.9 L1·r@-- L2·r@-- L3·r@-- R1·r@-- R2·r@-- R3·r@-- 罐=无罐 泵=0 阀=000000 速=+0,+0,+0.00 电=7.81V/0.73A/峰2.52 补余=0.0 IO错=0 倾+0.0 已放开
[  402.093] TLM t= 305.4 L1·r@-- L2·r@-- L3·r@-- R1·r@-- R2·r@-- R3·r@-- 罐=无罐 泵=0 阀=000000 速=+0,+0,+0.00 电=7.81V/0.73A/峰2.52 补余=0.0 IO错=0 倾+0.0 已放开
[  402.595] TLM t= 305.9 L1·r@-- L2·r@-- L3·r@-- R1·r@-- R2·r@-- R3·r@-- 罐=无罐 泵=0 阀=000000 速=+0,+0,+0.00 电=7.81V/0.73A/峰2.52 补余=0.0 IO错=0 倾+0.0 已放开
[  403.094] TLM t= 306.4 L1·r@-- L2·r@-- L3·r@-- R1·r@-- R2·r@-- R3·r@-- 罐=无罐 泵=0 阀=000000 速=+0,+0,+0.00 电=7.81V/0.73A/峰2.52 补余=0.0 IO错=0 倾+0.0 已放开
[  403.596] TLM t= 306.9 L1·r@-- L2·r@-- L3·r@-- R1·r@-- R2·r@-- R3·r@-- 罐=无罐 泵=0 阀=000000 速=+0,+0,+0.00 电=7.81V/0.81A/峰2.52 补余=0.0 IO错=0 倾+0.0 已放开
[  404.095] TLM t= 307.4 L1·r@-- L2·r@-- L3·r@-- R1·r@-- R2·r@-- R3·r@-- 罐=无罐 泵=0 阀=000000 速=+0,+0,+0.00 电=7.81V/0.73A/峰2.52 补余=0.0 IO错=0 倾+0.0 已放开
[  404.603] TLM t= 307.9 L1·r@-- L2·r@-- L3·r@-- R1·r@-- R2·r@-- R3·r@-- 罐=无罐 泵=0 阀=000000 速=+0,+0,+0.00 电=7.81V/0.73A/峰2.52 补余=0.0 IO错=0 倾+0.0 已放开
[  405.105] TLM t= 308.4 L1·r@-- L2·r@-- L3·r@-- R1·r@-- R2·r@-- R3·r@-- 罐=无罐 泵=0 阀=000000 速=+0,+0,+0.00 电=7.81V/0.73A/峰2.52 补余=0.0 IO错=0 倾+0.0 已放开
[  405.602] TLM t= 308.9 L1·r@-- L2·r@-- L3·r@-- R1·r@-- R2·r@-- R3·r@-- 罐=无罐 泵=0 阀=000000 速=+0,+0,+0.00 电=7.81V/0.73A/峰2.52 补余=0.0 IO错=0 倾+0.0 已放开
[  406.104] TLM t= 309.4 L1·r@-- L2·r@-- L3·r@-- R1·r@-- R2·r@-- R3·r@-- 罐=无罐 泵=0 阀=000000 速=+0,+0,+0.00 电=7.81V/0.73A/峰2.52 补余=0.0 IO错=0 倾+0.0 已放开
[  406.603] TLM t= 309.9 L1·r@-- L2·r@-- L3·r@-- R1·r@-- R2·r@-- R3·r@-- 罐=无罐 泵=0 阀=000000 速=+0,+0,+0.00 电=7.80V/0.81A/峰2.52 补余=0.0 IO错=0 倾+0.0 已放开
[  407.106] TLM t= 310.4 L1·r@-- L2·r@-- L3·r@-- R1·r@-- R2·r@-- R3·r@-- 罐=无罐 泵=0 阀=000000 速=+0,+0,+0.00 电=7.80V/0.81A/峰2.52 补余=0.0 IO错=0 倾+0.0 已放开
[  407.610] TLM t= 310.9 L1·r@-- L2·r@-- L3·r@-- R1·r@-- R2·r@-- R3·r@-- 罐=无罐 泵=0 阀=000000 速=+0,+0,+0.00 电=7.80V/0.73A/峰2.52 补余=0.0 IO错=0 倾+0.0 已放开
[  408.109] TLM t= 311.4 L1·r@-- L2·r@-- L3·r@-- R1·r@-- R2·r@-- R3·r@-- 罐=无罐 泵=0 阀=000000 速=+0,+0,+0.00 电=7.81V/0.73A/峰2.52 补余=0.0 IO错=0 倾+0.0 已放开
[  408.610] TLM t= 311.9 L1·r@-- L2·r@-- L3·r@-- R1·r@-- R2·r@-- R3·r@-- 罐=无罐 泵=0 阀=000000 速=+0,+0,+0.00 电=7.80V/0.81A/峰2.52 补余=0.0 IO错=0 倾+0.0 已放开
[  409.112] TLM t= 312.4 L1·r@-- L2·r@-- L3·r@-- R1·r@-- R2·r@-- R3·r@-- 罐=无罐 泵=0 阀=000000 速=+0,+0,+0.00 电=7.81V/0.73A/峰2.52 补余=0.0 IO错=0 倾+0.0 已放开
[  409.612] TLM t= 312.9 L1·r@-- L2·r@-- L3·r@-- R1·r@-- R2·r@-- R3·r@-- 罐=无罐 泵=0 阀=000000 速=+0,+0,+0.00 电=7.80V/0.73A/峰2.52 补余=0.0 IO错=0 倾+0.0 已放开
[  410.115] TLM t= 313.4 L1·r@-- L2·r@-- L3·r@-- R1·r@-- R2·r@-- R3·r@-- 罐=无罐 泵=0 阀=000000 速=+0,+0,+0.00 电=7.81V/0.65A/峰2.52 补余=0.0 IO错=0 倾+0.0 已放开
[  410.613] TLM t= 313.9 L1·r@-- L2·r@-- L3·r@-- R1·r@-- R2·r@-- R3·r@-- 罐=无罐 泵=0 阀=000000 速=+0,+0,+0.00 电=7.81V/0.49A/峰2.52 补余=0.0 IO错=0 倾+0.0 已放开
[  411.118] TLM t= 314.4 L1·r@-- L2·r@-- L3·r@-- R1·r@-- R2·r@-- R3·r@-- 罐=无罐 泵=0 阀=000000 速=+0,+0,+0.00 电=7.80V/0.57A/峰2.52 补余=0.0 IO错=0 倾+0.0 已放开
[  411.619] TLM t= 314.9 L1·r@-- L2·r@-- L3·r@-- R1·r@-- R2·r@-- R3·r@-- 罐=无罐 泵=0 阀=000000 速=+0,+0,+0.00 电=7.81V/0.49A/峰2.52 补余=0.0 IO错=0 倾+0.0 已放开
[  412.119] TLM t= 315.4 L1·r@-- L2·r@-- L3·r@-- R1·r@-- R2·r@-- R3·r@-- 罐=无罐 泵=0 阀=000000 速=+0,+0,+0.00 电=7.80V/0.73A/峰2.52 补余=0.0 IO错=0 倾+0.0 已放开
[  412.621] TLM t= 315.9 L1·r@-- L2·r@-- L3·r@-- R1·r@-- R2·r@-- R3·r@-- 罐=无罐 泵=0 阀=000000 速=+0,+0,+0.00 电=7.80V/0.73A/峰2.52 补余=0.0 IO错=0 倾+0.0 已放开
[  413.123] TLM t= 316.4 L1·r@-- L2·r@-- L3·r@-- R1·r@-- R2·r@-- R3·r@-- 罐=无罐 泵=0 阀=000000 速=+0,+0,+0.00 电=7.80V/0.81A/峰2.52 补余=0.0 IO错=0 倾+0.0 已放开
[  413.626] TLM t= 316.9 L1·r@-- L2·r@-- L3·r@-- R1·r@-- R2·r@-- R3·r@-- 罐=无罐 泵=0 阀=000000 速=+0,+0,+0.00 电=7.80V/0.81A/峰2.52 补余=0.0 IO错=0 倾+0.0 已放开
[  414.126] TLM t= 317.4 L1·r@-- L2·r@-- L3·r@-- R1·r@-- R2·r@-- R3·r@-- 罐=无罐 泵=0 阀=000000 速=+0,+0,+0.00 电=7.79V/0.90A/峰2.52 补余=0.0 IO错=0 倾+0.0 已放开
[  414.628] TLM t= 317.9 L1·r@-- L2·r@-- L3·r@-- R1·r@-- R2·r@-- R3·r@-- 罐=无罐 泵=0 阀=000000 速=+0,+0,+0.00 电=7.79V/0.90A/峰2.52 补余=0.0 IO错=0 倾+0.0 已放开
[  415.129] TLM t= 318.4 L1·r@-- L2·r@-- L3·r@-- R1·r@-- R2·r@-- R3·r@-- 罐=无罐 泵=0 阀=000000 速=+0,+0,+0.00 电=7.80V/0.90A/峰2.52 补余=0.0 IO错=0 倾+0.0 已放开
[  415.632] TLM t= 318.9 L1·r@-- L2·r@-- L3·r@-- R1·r@-- R2·r@-- R3·r@-- 罐=无罐 泵=0 阀=000000 速=+0,+0,+0.00 电=7.80V/0.65A/峰2.52 补余=0.0 IO错=0 倾+0.0 已放开
[  416.131] TLM t= 319.4 L1·r@-- L2·r@-- L3·r@-- R1·r@-- R2·r@-- R3·r@-- 罐=无罐 泵=0 阀=000000 速=+0,+0,+0.00 电=7.79V/0.73A/峰2.52 补余=0.0 IO错=0 倾+0.0 已放开
[  416.633] TLM t= 319.9 L1·r@-- L2·r@-- L3·r@-- R1·r@-- R2·r@-- R3·r@-- 罐=无罐 泵=0 阀=000000 速=+0,+0,+0.00 电=7.79V/0.81A/峰2.52 补余=0.0 IO错=0 倾+0.0 已放开
[  417.134] TLM t= 320.4 L1·r@-- L2·r@-- L3·r@-- R1·r@-- R2·r@-- R3·r@-- 罐=无罐 泵=0 阀=000000 速=+0,+0,+0.00 电=7.80V/0.81A/峰2.52 补余=0.0 IO错=0 倾+0.0 已放开
[  417.587] EVT 键 '\x1b' 倾=+0.0待=+0.0（已放开）
[  417.636] TLM t= 320.9 L1·r@-- L2·r@-- L3·r@-- R1·r@-- R2·r@-- R3·r@-- 罐=无罐 泵=0 阀=000000 速=+0,+0,+0.00 电=7.79V/0.73A/峰2.52 补余=0.0 IO错=0 倾+0.0 已放开
[  417.748] EVT 退出序列：停泵 → 逐足串行放气（通→断，0.2s 间隔） → 舵机断电（不回站姿）
[  418.052] TLM t= 321.0 L1·r@-- L2·r@-- L3·r@-- R1·r@-- R2·r@-- R3·r@-- 罐=无罐 泵=0 阀=000000 速=+0,+0,+0.00 电=7.80V/0.73A/峰2.52 补余=0.0 IO错=0 退出放气
[  418.072] EVT 阀 L1 →抽气位
[  418.293] EVT 阀 L2 →抽气位
[  418.519] EVT 阀 L3 →抽气位
[  418.564] TLM t= 321.0 L1·r@-- L2·r@-- L3·r@-- R1·r@-- R2·r@-- R3·r@-- 罐=无罐 泵=0 阀=111000 速=+0,+0,+0.00 电=7.83V/0.81A/峰2.52 补余=0.0 IO错=0 退出放气
[  418.745] EVT 阀 R1 →抽气位
[  418.966] EVT 阀 R2 →抽气位
[  419.074] TLM t= 321.0 L1·r@-- L2·r@-- L3·r@-- R1·r@-- R2·r@-- R3·r@-- 罐=无罐 泵=0 阀=111110 速=+0,+0,+0.00 电=7.85V/0.73A/峰2.52 补余=0.0 IO错=0 退出放气
[  419.195] EVT 阀 R3 →抽气位
[  419.395] EVT 退出：阀线圈已断电（coils_off）
[  419.504] EVT 退出序列完成（舵机断电）
[  419.504] EVT END 正常退出
