# 开跑 2026-08-25 10:50:00  argv: scripts/body_lean.py --no-tank --stand-height 62 --tilt-trim 6 --handover L1:31,R1:33,L3:29,R3:22,R2:22,L2:24
# git: 8319d50
# 模式=no-tank port=/dev/ttyACM0
# 参数: lean_step=5mm lean_speed=10mm/s press_delta=18mm stand=62 tilt_trim=6° handover=L1:31,L2:24,L3:29,R1:33,R2:22,R3:22 dual=0
# 阈值: ATTACH=-30.0 PUMP_ON=-60.0 PUMP_OFF=-75.0 comp_tail=72.3mm suck_timeout=2.5s
[    2.233] EVT 缓慢站起（竖直升至爬墙站位）
[    6.341] EVT 爬墙站位就位，进入就位暂停
[    6.456] TLM t=   0.0 L1·r@-- L2·r@-- L3·r@-- R1·r@-- R2·r@-- R3·r@-- 罐=无罐 泵=0 阀=000000 速=+0,+0,+0.00 电=7.69V/1.63A/峰1.63 补余=0.0 IO错=0 就位暂停
[    6.962] TLM t=   0.0 L1·r@-- L2·r@-- L3·r@-- R1·r@-- R2·r@-- R3·r@-- 罐=无罐 泵=0 阀=000000 速=+0,+0,+0.00 电=7.67V/1.55A/峰1.63 补余=0.0 IO错=0 就位暂停
[    7.469] TLM t=   0.0 L1·r@-- L2·r@-- L3·r@-- R1·r@-- R2·r@-- R3·r@-- 罐=无罐 泵=0 阀=000000 速=+0,+0,+0.00 电=7.68V/1.47A/峰1.63 补余=0.0 IO错=0 就位暂停
[    7.980] TLM t=   0.0 L1·r@-- L2·r@-- L3·r@-- R1·r@-- R2·r@-- R3·r@-- 罐=无罐 泵=0 阀=000000 速=+0,+0,+0.00 电=7.68V/1.55A/峰1.63 补余=0.0 IO错=0 就位暂停
[    8.485] TLM t=   0.0 L1·r@-- L2·r@-- L3·r@-- R1·r@-- R2·r@-- R3·r@-- 罐=无罐 泵=0 阀=000000 速=+0,+0,+0.00 电=7.66V/1.63A/峰1.63 补余=0.0 IO错=0 就位暂停
[    8.998] TLM t=   0.0 L1·r@-- L2·r@-- L3·r@-- R1·r@-- R2·r@-- R3·r@-- 罐=无罐 泵=0 阀=000000 速=+0,+0,+0.00 电=7.68V/1.47A/峰1.63 补余=0.0 IO错=0 就位暂停
[    9.505] TLM t=   0.0 L1·r@-- L2·r@-- L3·r@-- R1·r@-- R2·r@-- R3·r@-- 罐=无罐 泵=0 阀=000000 速=+0,+0,+0.00 电=7.68V/1.47A/峰1.63 补余=0.0 IO错=0 就位暂停
[   10.014] TLM t=   0.0 L1·r@-- L2·r@-- L3·r@-- R1·r@-- R2·r@-- R3·r@-- 罐=无罐 泵=0 阀=000000 速=+0,+0,+0.00 电=7.68V/1.55A/峰1.63 补余=0.0 IO错=0 就位暂停
[   10.519] TLM t=   0.0 L1·r@-- L2·r@-- L3·r@-- R1·r@-- R2·r@-- R3·r@-- 罐=无罐 泵=0 阀=000000 速=+0,+0,+0.00 电=7.68V/1.55A/峰1.63 补余=0.0 IO错=0 就位暂停
[   11.031] TLM t=   0.0 L1·r@-- L2·r@-- L3·r@-- R1·r@-- R2·r@-- R3·r@-- 罐=无罐 泵=0 阀=000000 速=+0,+0,+0.00 电=7.68V/1.47A/峰1.63 补余=0.0 IO错=0 就位暂停
[   11.535] TLM t=   0.0 L1·r@-- L2·r@-- L3·r@-- R1·r@-- R2·r@-- R3·r@-- 罐=无罐 泵=0 阀=000000 速=+0,+0,+0.00 电=7.71V/1.14A/峰1.63 补余=0.0 IO错=0 就位暂停
[   12.045] TLM t=   0.0 L1·r@-- L2·r@-- L3·r@-- R1·r@-- R2·r@-- R3·r@-- 罐=无罐 泵=0 阀=000000 速=+0,+0,+0.00 电=7.71V/0.90A/峰1.63 补余=0.0 IO错=0 就位暂停
[   12.551] TLM t=   0.0 L1·r@-- L2·r@-- L3·r@-- R1·r@-- R2·r@-- R3·r@-- 罐=无罐 泵=0 阀=000000 速=+0,+0,+0.00 电=7.70V/1.06A/峰1.63 补余=0.0 IO错=0 就位暂停
[   13.063] TLM t=   0.0 L1·r@-- L2·r@-- L3·r@-- R1·r@-- R2·r@-- R3·r@-- 罐=无罐 泵=0 阀=000000 速=+0,+0,+0.00 电=7.70V/0.90A/峰1.63 补余=0.0 IO错=0 就位暂停
[   13.566] TLM t=   0.0 L1·r@-- L2·r@-- L3·r@-- R1·r@-- R2·r@-- R3·r@-- 罐=无罐 泵=0 阀=000000 速=+0,+0,+0.00 电=7.72V/0.65A/峰1.63 补余=0.0 IO错=0 就位暂停
[   14.078] TLM t=   0.0 L1·r@-- L2·r@-- L3·r@-- R1·r@-- R2·r@-- R3·r@-- 罐=无罐 泵=0 阀=000000 速=+0,+0,+0.00 电=7.72V/0.57A/峰1.63 补余=0.0 IO错=0 就位暂停
[   14.581] TLM t=   0.0 L1·r@-- L2·r@-- L3·r@-- R1·r@-- R2·r@-- R3·r@-- 罐=无罐 泵=0 阀=000000 速=+0,+0,+0.00 电=7.72V/0.65A/峰1.63 补余=0.0 IO错=0 就位暂停
[   15.100] TLM t=   0.0 L1·r@-- L2·r@-- L3·r@-- R1·r@-- R2·r@-- R3·r@-- 罐=无罐 泵=0 阀=000000 速=+0,+0,+0.00 电=7.73V/0.57A/峰1.63 补余=0.0 IO错=0 就位暂停
[   15.603] TLM t=   0.0 L1·r@-- L2·r@-- L3·r@-- R1·r@-- R2·r@-- R3·r@-- 罐=无罐 泵=0 阀=000000 速=+0,+0,+0.00 电=7.72V/0.65A/峰1.63 补余=0.0 IO错=0 就位暂停
[   16.113] TLM t=   0.0 L1·r@-- L2·r@-- L3·r@-- R1·r@-- R2·r@-- R3·r@-- 罐=无罐 泵=0 阀=000000 速=+0,+0,+0.00 电=7.72V/0.65A/峰1.63 补余=0.0 IO错=0 就位暂停
[   16.617] TLM t=   0.0 L1·r@-- L2·r@-- L3·r@-- R1·r@-- R2·r@-- R3·r@-- 罐=无罐 泵=0 阀=000000 速=+0,+0,+0.00 电=7.72V/0.57A/峰1.63 补余=0.0 IO错=0 就位暂停
[   17.130] TLM t=   0.0 L1·r@-- L2·r@-- L3·r@-- R1·r@-- R2·r@-- R3·r@-- 罐=无罐 泵=0 阀=000000 速=+0,+0,+0.00 电=7.72V/0.57A/峰1.63 补余=0.0 IO错=0 就位暂停
[   17.633] TLM t=   0.0 L1·r@-- L2·r@-- L3·r@-- R1·r@-- R2·r@-- R3·r@-- 罐=无罐 泵=0 阀=000000 速=+0,+0,+0.00 电=7.72V/0.57A/峰1.63 补余=0.0 IO错=0 就位暂停
[   18.146] TLM t=   0.0 L1·r@-- L2·r@-- L3·r@-- R1·r@-- R2·r@-- R3·r@-- 罐=无罐 泵=0 阀=000000 速=+0,+0,+0.00 电=7.72V/0.65A/峰1.63 补余=0.0 IO错=0 就位暂停
[   18.651] TLM t=   0.0 L1·r@-- L2·r@-- L3·r@-- R1·r@-- R2·r@-- R3·r@-- 罐=无罐 泵=0 阀=000000 速=+0,+0,+0.00 电=7.72V/0.57A/峰1.63 补余=0.0 IO错=0 就位暂停
[   18.833] EVT 按 p：开始全吸附启动序列
[   18.833] EVT 相位 R3 stance→press
[   18.853] EVT 泵 开
[   19.166] TLM t=   0.0 L1·r@-- L2·r@-- L3·r@-- R1·r@-- R2·r@-- R3Pr@-- 罐=无罐 泵=1 阀=000000 速=+0,+0,+0.00 电=7.64V/0.73A/峰1.63 补余=0.0 IO错=0 倾+0.0
[   19.664] TLM t=   0.0 L1·r@-- L2·r@-- L3·r@-- R1·r@-- R2·r@-- R3Pr@-- 罐=无罐 泵=1 阀=000000 速=+0,+0,+0.00 电=7.69V/0.65A/峰1.63 补余=0.0 IO错=0 倾+0.0
[   20.167] TLM t=   0.0 L1·r@-- L2·r@-- L3·r@-- R1·r@-- R2·r@-- R3Pr@-- 罐=无罐 泵=1 阀=000000 速=+0,+0,+0.00 电=7.71V/0.65A/峰1.63 补余=0.0 IO错=0 倾+0.0
[   20.667] TLM t=   0.0 L1·r@-- L2·r@-- L3·r@-- R1·r@-- R2·r@-- R3Pr@-- 罐=无罐 泵=1 阀=000000 速=+0,+0,+0.00 电=7.69V/0.49A/峰1.63 补余=0.0 IO错=0 倾+0.0
[   21.167] TLM t=   0.0 L1·r@-- L2·r@-- L3·r@-- R1·r@-- R2·r@-- R3Pr@-- 罐=无罐 泵=1 阀=000000 速=+0,+0,+0.00 电=7.72V/0.57A/峰1.63 补余=0.0 IO错=0 倾+0.0
[   21.672] TLM t=   0.0 L1·r@-- L2·r@-- L3·r@-- R1·r@-- R2·r@-- R3Pr@-- 罐=无罐 泵=1 阀=000000 速=+0,+0,+0.00 电=7.67V/0.65A/峰1.63 补余=0.0 IO错=0 倾+0.0
[   21.822] EVT 吸附 R3 released→pressing 在态3.00s
[   21.823] EVT 相位 R3 press→wait
[   21.843] EVT 泵 停
[   22.122] EVT 吸附 R3 pressing→sucking 在态0.30s
[   22.123] EVT 阀 R3 →抽气位
[   22.146] EVT 泵 开
[   22.172] TLM t=   0.0 L1·r@-- L2·r@-- L3·r@-- R1·r@-- R2·r@-- R3Ws@-5 罐=无罐 泵=1 阀=000001 速=+0,+0,+0.00 电=7.56V/0.65A/峰1.63 补余=0.0 IO错=0 倾+0.0
[   22.463] EVT 吸附 R3 sucking→attached 在态0.34s -71.6kPa
[   22.464] EVT 相位 R3 wait→stance
[   22.484] EVT 相位 L1 stance→press
[   22.627] EVT 泵 停 最差盘压-75.5
[   22.673] TLM t=   0.0 L1Pr@-- L2·r@-- L3·r@-- R1·r@-- R2·r@-- R3·A@-76 罐=无罐 泵=0 阀=000001 速=+0,+0,+0.00 电=7.72V/0.73A/峰1.63 补余=0.0 IO错=0 倾+0.0
[   23.177] TLM t=   0.0 L1Pr@-- L2·r@-- L3·r@-- R1·r@-- R2·r@-- R3·A@-76 罐=无罐 泵=0 阀=000001 速=+0,+0,+0.00 电=7.71V/0.81A/峰1.63 补余=0.0 IO错=0 倾+0.0
[   23.667] EVT 吸附 L1 released→pressing 在态4.84s
[   23.668] EVT 相位 L1 press→wait
[   23.696] TLM t=   0.0 L1Wp@-- L2·r@-- L3·r@-- R1·r@-- R2·r@-- R3·A@-75 罐=无罐 泵=0 阀=000001 速=+0,+0,+0.00 电=7.71V/0.81A/峰1.63 补余=0.0 IO错=0 倾+0.0
[   23.988] EVT 吸附 L1 pressing→sucking 在态0.32s
[   23.989] EVT 阀 L1 →抽气位
[   24.014] EVT 泵 开 最差盘压-74.2
[   24.202] TLM t=   0.0 L1Ws@-58 L2·r@-- L3·r@-- R1·r@-- R2·r@-- R3·A@-74 罐=无罐 泵=1 阀=100001 速=+0,+0,+0.00 电=7.71V/0.65A/峰1.63 补余=0.0 IO错=0 倾+0.0
[   24.349] EVT 吸附 L1 sucking→attached 在态0.36s -67.7kPa
[   24.350] EVT 相位 L1 wait→stance
[   24.375] EVT 相位 R2 stance→press
[   24.615] EVT 泵 停 最差盘压-75.2
[   24.724] TLM t=   0.0 L1·A@-76 L2·r@-- L3·r@-- R1·r@-- R2Pr@-- R3·A@-76 罐=无罐 泵=0 阀=100001 速=+0,+0,+0.00 电=7.74V/0.65A/峰1.63 补余=0.0 IO错=0 倾+0.0
[   25.226] TLM t=   0.0 L1·A@-76 L2·r@-- L3·r@-- R1·r@-- R2Pr@-- R3·A@-76 罐=无罐 泵=0 阀=100001 速=+0,+0,+0.00 电=7.73V/0.81A/峰1.63 补余=0.0 IO错=0 倾+0.0
[   25.552] EVT 吸附 R2 released→pressing 在态6.72s
[   25.553] EVT 相位 R2 press→wait
[   25.743] TLM t=   0.0 L1·A@-75 L2·r@-- L3·r@-- R1·r@-- R2Wp@-- R3·A@-75 罐=无罐 泵=0 阀=100001 速=+0,+0,+0.00 电=7.74V/0.73A/峰1.63 补余=0.0 IO错=0 倾+0.0
[   25.878] EVT 吸附 R2 pressing→sucking 在态0.32s
[   25.879] EVT 阀 R2 →抽气位
[   25.896] EVT 泵 开 最差盘压-74.6
[   26.177] EVT 吸附 R2 sucking→attached 在态0.30s -66.4kPa
[   26.180] EVT 相位 R2 wait→stance
[   26.197] EVT 相位 L3 stance→press
[   26.251] TLM t=   0.0 L1·A@-75 L2·r@-- L3Pr@-- R1·r@-- R2·A@-68 R3·A@-74 罐=无罐 泵=1 阀=100011 速=+0,+0,+0.00 电=7.68V/0.73A/峰1.63 补余=0.0 IO错=0 倾+0.0
[   26.558] EVT 泵 停 最差盘压-75.2
[   26.763] TLM t=   0.0 L1·A@-76 L2·r@-- L3Pr@-- R1·r@-- R2·A@-76 R3·A@-76 罐=无罐 泵=0 阀=100011 速=+0,+0,+0.00 电=7.75V/0.65A/峰1.63 补余=0.0 IO错=0 倾+0.0
[   27.270] TLM t=   0.0 L1·A@-76 L2·r@-- L3Pr@-- R1·r@-- R2·A@-75 R3·A@-75 罐=无罐 泵=0 阀=100011 速=+0,+0,+0.00 电=7.76V/0.65A/峰1.63 补余=0.0 IO错=0 倾+0.0
[   27.383] EVT 吸附 L3 released→pressing 在态8.54s
[   27.383] EVT 相位 L3 press→wait
[   27.701] EVT 吸附 L3 pressing→sucking 在态0.32s
[   27.702] EVT 阀 L3 →抽气位
[   27.722] EVT 泵 开 最差盘压-74.7
[   27.790] TLM t=   0.0 L1·A@-76 L2·r@-- L3Ws@-52 R1·r@-- R2·A@-75 R3·A@-75 罐=无罐 泵=1 阀=101011 速=+0,+0,+0.00 电=7.70V/0.57A/峰1.63 补余=0.0 IO错=0 倾+0.0
[   27.999] EVT 吸附 L3 sucking→attached 在态0.30s -63.6kPa
[   28.002] EVT 相位 L3 wait→stance
[   28.022] EVT 相位 R1 stance→press
[   28.296] TLM t=   0.0 L1·A@-76 L2·r@-- L3·A@-73 R1Pr@-- R2·A@-74 R3·A@-74 罐=无罐 泵=1 阀=101011 速=+0,+0,+0.00 电=7.76V/0.57A/峰1.63 补余=0.0 IO错=0 倾+0.0
[   28.406] EVT 泵 停 最差盘压-75.1
[   28.814] TLM t=   0.0 L1·A@-76 L2·r@-- L3·A@-76 R1Pr@-- R2·A@-76 R3·A@-76 罐=无罐 泵=0 阀=101011 速=+0,+0,+0.00 电=7.76V/0.65A/峰1.63 补余=0.0 IO错=0 倾+0.0
[   29.205] EVT 吸附 R1 released→pressing 在态10.36s
[   29.206] EVT 相位 R1 press→wait
[   29.323] TLM t=   0.0 L1·A@-76 L2·r@-- L3·A@-76 R1Wp@-- R2·A@-75 R3·A@-75 罐=无罐 泵=0 阀=101011 速=+0,+0,+0.00 电=7.76V/0.73A/峰1.63 补余=0.0 IO错=0 倾+0.0
[   29.526] EVT 吸附 R1 pressing→sucking 在态0.32s
[   29.527] EVT 阀 R1 →抽气位
[   29.552] EVT 泵 开 最差盘压-74.7
[   29.836] TLM t=   0.0 L1·A@-76 L2·r@-- L3·A@-75 R1Ws@-67 R2·A@-74 R3·A@-74 罐=无罐 泵=1 阀=101111 速=+0,+0,+0.00 电=7.75V/0.49A/峰1.63 补余=0.0 IO错=0 倾+0.0
[   29.887] EVT 吸附 R1 sucking→attached 在态0.36s -69.0kPa
[   29.888] EVT 相位 R1 wait→stance
[   29.913] EVT 相位 L2 stance→press
[   30.154] EVT 泵 停 最差盘压-75.3
[   30.345] TLM t=   0.0 L1·A@-76 L2Pr@-- L3·A@-76 R1·A@-76 R2·A@-76 R3·A@-76 罐=无罐 泵=0 阀=101111 速=+0,+0,+0.00 电=7.78V/0.57A/峰1.63 补余=0.0 IO错=0 倾+0.0
[   30.858] TLM t=   0.0 L1·A@-76 L2Pr@-- L3·A@-76 R1·A@-76 R2·A@-76 R3·A@-76 罐=无罐 泵=0 阀=101111 速=+0,+0,+0.00 电=7.78V/0.65A/峰1.63 补余=0.0 IO错=0 倾+0.0
[   31.091] EVT 吸附 L2 released→pressing 在态12.24s
[   31.091] EVT 相位 L2 press→wait
[   31.367] TLM t=   0.0 L1·A@-76 L2Wp@-- L3·A@-76 R1·A@-75 R2·A@-75 R3·A@-75 罐=无罐 泵=0 阀=101111 速=+0,+0,+0.00 电=7.77V/0.65A/峰1.63 补余=0.0 IO错=0 倾+0.0
[   31.417] EVT 吸附 L2 pressing→sucking 在态0.32s
[   31.417] EVT 阀 L2 →抽气位
[   31.435] EVT 泵 开 最差盘压-74.8
[   31.712] EVT 吸附 L2 sucking→attached 在态0.30s -66.8kPa
[   31.718] EVT 相位 L2 wait→stance
[   31.718] EVT ✓ 六足全吸附，启动序列完成，相位钟开始
[   31.883] TLM t=   0.2 L1·A@-76 L2·A@-73 L3·A@-76 R1·A@-75 R2·A@-75 R3·A@-74 罐=无罐 泵=1 阀=111111 速=+0,+0,+0.00 电=7.78V/0.65A/峰1.63 补余=0.0 IO错=0 倾+0.0
[   32.036] EVT 泵 停 最差盘压-75.1
[   32.392] TLM t=   0.7 L1·A@-76 L2·A@-76 L3·A@-76 R1·A@-75 R2·A@-76 R3·A@-76 罐=无罐 泵=0 阀=111111 速=+0,+0,+0.00 电=7.79V/0.57A/峰1.63 补余=0.0 IO错=0 倾+0.0
[   32.905] TLM t=   1.2 L1·A@-76 L2·A@-75 L3·A@-76 R1·A@-75 R2·A@-75 R3·A@-75 罐=无罐 泵=0 阀=111111 速=+0,+0,+0.00 电=7.79V/0.57A/峰1.63 补余=0.0 IO错=0 倾+0.0
[   33.414] TLM t=   1.7 L1·A@-76 L2·A@-75 L3·A@-76 R1·A@-75 R2·A@-75 R3·A@-74 罐=无罐 泵=0 阀=111111 速=+0,+0,+0.00 电=7.79V/0.57A/峰1.63 补余=0.0 IO错=0 倾+0.0
[   33.929] TLM t=   2.2 L1·A@-75 L2·A@-74 L3·A@-76 R1·A@-75 R2·A@-74 R3·A@-74 罐=无罐 泵=0 阀=111111 速=+0,+0,+0.00 电=7.79V/0.73A/峰1.63 补余=0.0 IO错=0 倾+0.0
[   34.434] TLM t=   2.7 L1·A@-75 L2·A@-73 L3·A@-75 R1·A@-75 R2·A@-74 R3·A@-73 罐=无罐 泵=0 阀=111111 速=+0,+0,+0.00 电=7.78V/0.65A/峰1.63 补余=0.0 IO错=0 倾+0.0
[   34.954] TLM t=   3.2 L1·A@-75 L2·A@-73 L3·A@-75 R1·A@-75 R2·A@-73 R3·A@-73 罐=无罐 泵=0 阀=111111 速=+0,+0,+0.00 电=7.79V/0.65A/峰1.63 补余=0.0 IO错=0 倾+0.0
[   35.458] TLM t=   3.7 L1·A@-75 L2·A@-72 L3·A@-75 R1·A@-75 R2·A@-73 R3·A@-72 罐=无罐 泵=0 阀=111111 速=+0,+0,+0.00 电=7.78V/0.65A/峰1.63 补余=0.0 IO错=0 倾+0.0
[   35.971] TLM t=   4.2 L1·A@-74 L2·A@-72 L3·A@-75 R1·A@-74 R2·A@-72 R3·A@-71 罐=无罐 泵=0 阀=111111 速=+0,+0,+0.00 电=7.78V/0.65A/峰1.63 补余=0.0 IO错=0 倾+0.0
[   36.482] TLM t=   4.7 L1·A@-74 L2·A@-71 L3·A@-75 R1·A@-74 R2·A@-72 R3·A@-70 罐=无罐 泵=0 阀=111111 速=+0,+0,+0.00 电=7.79V/0.73A/峰1.63 补余=0.0 IO错=0 倾+0.0
[   36.996] TLM t=   5.3 L1·A@-74 L2·A@-71 L3·A@-75 R1·A@-74 R2·A@-72 R3·A@-70 罐=无罐 泵=0 阀=111111 速=+0,+0,+0.00 电=7.79V/0.73A/峰1.63 补余=0.0 IO错=0 倾+0.0
[   37.504] TLM t=   5.8 L1·A@-74 L2·A@-70 L3·A@-75 R1·A@-74 R2·A@-71 R3·A@-69 罐=无罐 泵=0 阀=111111 速=+0,+0,+0.00 电=7.79V/0.65A/峰1.63 补余=0.0 IO错=0 倾+0.0
[   38.020] TLM t=   6.3 L1·A@-74 L2·A@-70 L3·A@-75 R1·A@-74 R2·A@-71 R3·A@-68 罐=无罐 泵=0 阀=111111 速=+0,+0,+0.00 电=7.78V/0.65A/峰1.63 补余=0.0 IO错=0 倾+0.0
[   38.524] TLM t=   6.8 L1·A@-74 L2·A@-69 L3·A@-75 R1·A@-74 R2·A@-70 R3·A@-68 罐=无罐 泵=0 阀=111111 速=+0,+0,+0.00 电=7.78V/0.81A/峰1.63 补余=0.0 IO错=0 倾+0.0
[   39.043] TLM t=   7.3 L1·A@-73 L2·A@-69 L3·A@-75 R1·A@-74 R2·A@-70 R3·A@-67 罐=无罐 泵=0 阀=111111 速=+0,+0,+0.00 电=7.79V/0.65A/峰1.63 补余=0.0 IO错=0 倾+0.0
[   39.551] TLM t=   7.8 L1·A@-73 L2·A@-68 L3·A@-75 R1·A@-74 R2·A@-70 R3·A@-66 罐=无罐 泵=0 阀=111111 速=+0,+0,+0.00 电=7.78V/0.73A/峰1.63 补余=0.0 IO错=0 倾+0.0
[   40.070] TLM t=   8.3 L1·A@-73 L2·A@-68 L3·A@-74 R1·A@-74 R2·A@-69 R3·A@-66 罐=无罐 泵=0 阀=111111 速=+0,+0,+0.00 电=7.78V/0.73A/峰1.63 补余=0.0 IO错=0 倾+0.0
[   40.574] TLM t=   8.8 L1·A@-73 L2·A@-67 L3·A@-74 R1·A@-74 R2·A@-69 R3·A@-65 罐=无罐 泵=0 阀=111111 速=+0,+0,+0.00 电=7.79V/0.65A/峰1.63 补余=0.0 IO错=0 倾+0.0
[   41.091] TLM t=   9.3 L1·A@-73 L2·A@-67 L3·A@-74 R1·A@-74 R2·A@-68 R3·A@-65 罐=无罐 泵=0 阀=111111 速=+0,+0,+0.00 电=7.79V/0.73A/峰1.63 补余=0.0 IO错=0 倾+0.0
[   41.594] TLM t=   9.8 L1·A@-73 L2·A@-67 L3·A@-74 R1·A@-74 R2·A@-68 R3·A@-64 罐=无罐 泵=0 阀=111111 速=+0,+0,+0.00 电=7.78V/0.65A/峰1.63 补余=0.0 IO错=0 倾+0.0
[   42.113] TLM t=  10.4 L1·A@-73 L2·A@-66 L3·A@-74 R1·A@-73 R2·A@-68 R3·A@-63 罐=无罐 泵=0 阀=111111 速=+0,+0,+0.00 电=7.79V/0.73A/峰1.63 补余=0.0 IO错=0 倾+0.0
[   42.621] TLM t=  10.9 L1·A@-72 L2·A@-66 L3·A@-74 R1·A@-73 R2·A@-67 R3·A@-63 罐=无罐 泵=0 阀=111111 速=+0,+0,+0.00 电=7.79V/0.73A/峰1.63 补余=0.0 IO错=0 倾+0.0
[   43.134] TLM t=  11.4 L1·A@-72 L2·A@-65 L3·A@-74 R1·A@-73 R2·A@-67 R3·A@-62 罐=无罐 泵=0 阀=111111 速=+0,+0,+0.00 电=7.79V/0.73A/峰1.63 补余=0.0 IO错=0 倾+0.0
[   43.642] TLM t=  11.9 L1·A@-72 L2·A@-65 L3·A@-74 R1·A@-73 R2·A@-67 R3·A@-61 罐=无罐 泵=0 阀=111111 速=+0,+0,+0.00 电=7.79V/0.65A/峰1.63 补余=0.0 IO错=0 倾+0.0
[   44.160] TLM t=  12.4 L1·A@-72 L2·A@-64 L3·A@-74 R1·A@-73 R2·A@-66 R3·A@-61 罐=无罐 泵=0 阀=111111 速=+0,+0,+0.00 电=7.79V/0.65A/峰1.63 补余=0.0 IO错=0 倾+0.0
[   44.665] TLM t=  12.9 L1·A@-72 L2·A@-64 L3·A@-74 R1·A@-73 R2·A@-66 R3·A@-60 罐=无罐 泵=0 阀=111111 速=+0,+0,+0.00 电=7.79V/0.73A/峰1.63 补余=0.0 IO错=0 倾+0.0
[   44.897] EVT 泵 开 最差盘压-59.9
[   45.181] TLM t=  13.4 L1·A@-72 L2·A@-64 L3·A@-74 R1·A@-73 R2·A@-65 R3·A@-62 罐=无罐 泵=1 阀=111111 速=+0,+0,+0.00 电=7.71V/0.81A/峰1.63 补余=0.0 IO错=0 倾+0.0
[   45.689] TLM t=  13.9 L1·A@-75 L2·A@-75 L3·A@-74 R1·A@-74 R2·A@-74 R3·A@-75 罐=无罐 泵=1 阀=111111 速=+0,+0,+0.00 电=7.73V/0.73A/峰1.63 补余=0.0 IO错=0 倾+0.0
[   45.800] EVT 泵 停 最差盘压-75.1
[   46.207] TLM t=  14.4 L1·A@-76 L2·A@-76 L3·A@-76 R1·A@-76 R2·A@-76 R3·A@-76 罐=无罐 泵=0 阀=111111 速=+0,+0,+0.00 电=7.79V/0.73A/峰1.63 补余=0.0 IO错=0 倾+0.0
[   46.713] TLM t=  14.9 L1·A@-76 L2·A@-75 L3·A@-76 R1·A@-75 R2·A@-75 R3·A@-75 罐=无罐 泵=0 阀=111111 速=+0,+0,+0.00 电=7.79V/0.65A/峰1.63 补余=0.0 IO错=0 倾+0.0
[   47.231] TLM t=  15.5 L1·A@-76 L2·A@-75 L3·A@-76 R1·A@-75 R2·A@-75 R3·A@-74 罐=无罐 泵=0 阀=111111 速=+0,+0,+0.00 电=7.79V/0.65A/峰1.63 补余=0.0 IO错=0 倾+0.0
[   47.738] TLM t=  16.0 L1·A@-76 L2·A@-74 L3·A@-76 R1·A@-75 R2·A@-74 R3·A@-74 罐=无罐 泵=0 阀=111111 速=+0,+0,+0.00 电=7.79V/0.73A/峰1.63 补余=0.0 IO错=0 倾+0.0
[   48.252] TLM t=  16.5 L1·A@-75 L2·A@-74 L3·A@-76 R1·A@-75 R2·A@-74 R3·A@-73 罐=无罐 泵=0 阀=111111 速=+0,+0,+0.00 电=7.79V/0.73A/峰1.63 补余=0.0 IO错=0 倾+0.0
[   48.764] TLM t=  17.0 L1·A@-75 L2·A@-73 L3·A@-76 R1·A@-75 R2·A@-74 R3·A@-72 罐=无罐 泵=0 阀=111111 速=+0,+0,+0.00 电=7.79V/0.73A/峰1.63 补余=0.0 IO错=0 倾+0.0
[   49.257] TLM t=  17.5 L1·A@-75 L2·A@-73 L3·A@-76 R1·A@-75 R2·A@-73 R3·A@-72 罐=无罐 泵=0 阀=111111 速=+0,+0,+0.00 电=7.78V/0.73A/峰1.63 补余=0.0 IO错=0 倾+0.0
[   49.782] TLM t=  18.0 L1·A@-75 L2·A@-72 L3·A@-75 R1·A@-75 R2·A@-73 R3·A@-71 罐=无罐 泵=0 阀=111111 速=+0,+0,+0.00 电=7.78V/0.73A/峰1.63 补余=0.0 IO错=0 倾+0.0
[   50.301] TLM t=  18.5 L1·A@-75 L2·A@-72 L3·A@-75 R1·A@-75 R2·A@-72 R3·A@-70 罐=无罐 泵=0 阀=111111 速=+0,+0,+0.00 电=7.78V/0.73A/峰1.63 补余=0.0 IO错=0 倾+0.0
[   50.807] TLM t=  19.0 L1·A@-75 L2·A@-72 L3·A@-75 R1·A@-75 R2·A@-72 R3·A@-70 罐=无罐 泵=0 阀=111111 速=+0,+0,+0.00 电=7.79V/0.81A/峰1.63 补余=0.0 IO错=0 倾+0.0
[   51.321] TLM t=  19.5 L1·A@-75 L2·A@-71 L3·A@-75 R1·A@-75 R2·A@-72 R3·A@-69 罐=无罐 泵=0 阀=111111 速=+0,+0,+0.00 电=7.78V/0.81A/峰1.63 补余=0.0 IO错=0 倾+0.0
[   51.829] TLM t=  20.0 L1·A@-74 L2·A@-71 L3·A@-75 R1·A@-75 R2·A@-71 R3·A@-68 罐=无罐 泵=0 阀=111111 速=+0,+0,+0.00 电=7.79V/0.73A/峰1.63 补余=0.0 IO错=0 倾+0.0
[   52.346] TLM t=  20.6 L1·A@-74 L2·A@-70 L3·A@-75 R1·A@-75 R2·A@-71 R3·A@-68 罐=无罐 泵=0 阀=111111 速=+0,+0,+0.00 电=7.79V/0.73A/峰1.63 补余=0.0 IO错=0 倾+0.0
[   52.854] TLM t=  21.1 L1·A@-74 L2·A@-70 L3·A@-75 R1·A@-75 R2·A@-70 R3·A@-67 罐=无罐 泵=0 阀=111111 速=+0,+0,+0.00 电=7.79V/0.73A/峰1.63 补余=0.0 IO错=0 倾+0.0
[   53.369] TLM t=  21.6 L1·A@-74 L2·A@-69 L3·A@-75 R1·A@-75 R2·A@-70 R3·A@-66 罐=无罐 泵=0 阀=111111 速=+0,+0,+0.00 电=7.79V/0.73A/峰1.63 补余=0.0 IO错=0 倾+0.0
[   53.873] TLM t=  22.1 L1·A@-74 L2·A@-69 L3·A@-75 R1·A@-75 R2·A@-70 R3·A@-66 罐=无罐 泵=0 阀=111111 速=+0,+0,+0.00 电=7.79V/0.73A/峰1.63 补余=0.0 IO错=0 倾+0.0
[   54.395] TLM t=  22.6 L1·A@-74 L2·A@-68 L3·A@-75 R1·A@-75 R2·A@-69 R3·A@-65 罐=无罐 泵=0 阀=111111 速=+0,+0,+0.00 电=7.79V/0.73A/峰1.63 补余=0.0 IO错=0 倾+0.0
[   54.898] TLM t=  23.1 L1·A@-74 L2·A@-68 L3·A@-75 R1·A@-74 R2·A@-69 R3·A@-65 罐=无罐 泵=0 阀=111111 速=+0,+0,+0.00 电=7.78V/0.73A/峰1.63 补余=0.0 IO错=0 倾+0.0
[   55.414] TLM t=  23.6 L1·A@-73 L2·A@-67 L3·A@-75 R1·A@-74 R2·A@-68 R3·A@-64 罐=无罐 泵=0 阀=111111 速=+0,+0,+0.00 电=7.79V/0.73A/峰1.63 补余=0.0 IO错=0 倾+0.0
[   55.925] TLM t=  24.1 L1·A@-73 L2·A@-67 L3·A@-75 R1·A@-74 R2·A@-68 R3·A@-63 罐=无罐 泵=0 阀=111111 速=+0,+0,+0.00 电=7.79V/0.73A/峰1.63 补余=0.0 IO错=0 倾+0.0
[   56.437] TLM t=  24.6 L1·A@-73 L2·A@-67 L3·A@-75 R1·A@-74 R2·A@-68 R3·A@-63 罐=无罐 泵=0 阀=111111 速=+0,+0,+0.00 电=7.79V/0.81A/峰1.63 补余=0.0 IO错=0 倾+0.0
[   56.943] TLM t=  25.1 L1·A@-73 L2·A@-66 L3·A@-75 R1·A@-74 R2·A@-67 R3·A@-62 罐=无罐 泵=0 阀=111111 速=+0,+0,+0.00 电=7.79V/0.73A/峰1.63 补余=0.0 IO错=0 倾+0.0
[   57.465] TLM t=  25.7 L1·A@-73 L2·A@-66 L3·A@-74 R1·A@-74 R2·A@-67 R3·A@-62 罐=无罐 泵=0 阀=111111 速=+0,+0,+0.00 电=7.79V/0.81A/峰1.63 补余=0.0 IO错=0 倾+0.0
[   57.967] TLM t=  26.2 L1·A@-73 L2·A@-65 L3·A@-74 R1·A@-74 R2·A@-67 R3·A@-61 罐=无罐 泵=0 阀=111111 速=+0,+0,+0.00 电=7.79V/0.73A/峰1.63 补余=0.0 IO错=0 倾+0.0
[   58.484] TLM t=  26.7 L1·A@-73 L2·A@-65 L3·A@-74 R1·A@-74 R2·A@-66 R3·A@-60 罐=无罐 泵=0 阀=111111 速=+0,+0,+0.00 电=7.78V/0.81A/峰1.63 补余=0.0 IO错=0 倾+0.0
[   58.741] EVT 泵 开 最差盘压-60.0
[   58.991] TLM t=  27.2 L1·A@-73 L2·A@-64 L3·A@-74 R1·A@-74 R2·A@-66 R3·A@-62 罐=无罐 泵=1 阀=111111 速=+0,+0,+0.00 电=7.71V/0.90A/峰1.63 补余=0.0 IO错=0 倾+0.0
[   59.505] TLM t=  27.7 L1·A@-74 L2·A@-75 L3·A@-75 R1·A@-74 R2·A@-75 R3·A@-74 罐=无罐 泵=1 阀=111111 速=+0,+0,+0.00 电=7.77V/0.73A/峰1.63 补余=0.0 IO错=0 倾+0.0
[   59.644] EVT 泵 停 最差盘压-75.3
[   60.019] TLM t=  28.2 L1·A@-76 L2·A@-76 L3·A@-76 R1·A@-76 R2·A@-76 R3·A@-76 罐=无罐 泵=0 阀=111111 速=+0,+0,+0.00 电=7.79V/0.73A/峰1.63 补余=0.0 IO错=0 倾+0.0
[   60.517] TLM t=  28.7 L1·A@-76 L2·A@-76 L3·A@-76 R1·A@-76 R2·A@-75 R3·A@-75 罐=无罐 泵=0 阀=111111 速=+0,+0,+0.00 电=7.78V/0.73A/峰1.63 补余=0.0 IO错=0 倾+0.0
[   61.016] TLM t=  29.2 L1·A@-76 L2·A@-75 L3·A@-76 R1·A@-76 R2·A@-75 R3·A@-75 罐=无罐 泵=0 阀=111111 速=+0,+0,+0.00 电=7.79V/0.73A/峰1.63 补余=0.0 IO错=0 倾+0.0
[   61.525] TLM t=  29.7 L1·A@-76 L2·A@-75 L3·A@-76 R1·A@-76 R2·A@-75 R3·A@-74 罐=无罐 泵=0 阀=111111 速=+0,+0,+0.00 电=7.79V/0.73A/峰1.63 补余=0.0 IO错=0 倾+0.0
[   62.026] TLM t=  30.2 L1·A@-76 L2·A@-74 L3·A@-76 R1·A@-76 R2·A@-74 R3·A@-73 罐=无罐 泵=0 阀=111111 速=+0,+0,+0.00 电=7.79V/0.81A/峰1.63 补余=0.0 IO错=0 倾+0.0
[   62.550] TLM t=  30.7 L1·A@-76 L2·A@-74 L3·A@-76 R1·A@-75 R2·A@-74 R3·A@-73 罐=无罐 泵=0 阀=111111 速=+0,+0,+0.00 电=7.79V/0.73A/峰1.63 补余=0.0 IO错=0 倾+0.0
[   63.054] TLM t=  31.2 L1·A@-75 L2·A@-73 L3·A@-76 R1·A@-75 R2·A@-73 R3·A@-72 罐=无罐 泵=0 阀=111111 速=+0,+0,+0.00 电=7.78V/0.73A/峰1.63 补余=0.0 IO错=0 倾+0.0
[   63.573] TLM t=  31.7 L1·A@-75 L2·A@-73 L3·A@-76 R1·A@-75 R2·A@-73 R3·A@-71 罐=无罐 泵=0 阀=111111 速=+0,+0,+0.00 电=7.78V/0.73A/峰1.63 补余=0.0 IO错=0 倾+0.0
[   64.075] TLM t=  32.2 L1·A@-75 L2·A@-72 L3·A@-76 R1·A@-75 R2·A@-73 R3·A@-71 罐=无罐 泵=0 阀=111111 速=+0,+0,+0.00 电=7.79V/0.73A/峰1.63 补余=0.0 IO错=0 倾+0.0
[   64.598] TLM t=  32.8 L1·A@-75 L2·A@-72 L3·A@-76 R1·A@-75 R2·A@-72 R3·A@-70 罐=无罐 泵=0 阀=111111 速=+0,+0,+0.00 电=7.79V/0.73A/峰1.63 补余=0.0 IO错=0 倾+0.0
[   65.104] TLM t=  33.3 L1·A@-75 L2·A@-71 L3·A@-76 R1·A@-75 R2·A@-72 R3·A@-69 罐=无罐 泵=0 阀=111111 速=+0,+0,+0.00 电=7.79V/0.73A/峰1.63 补余=0.0 IO错=0 倾+0.0
[   65.625] TLM t=  33.8 L1·A@-75 L2·A@-71 L3·A@-75 R1·A@-75 R2·A@-71 R3·A@-69 罐=无罐 泵=0 阀=111111 速=+0,+0,+0.00 电=7.79V/0.73A/峰1.63 补余=0.0 IO错=0 倾+0.0
[   66.128] TLM t=  34.3 L1·A@-75 L2·A@-70 L3·A@-75 R1·A@-75 R2·A@-71 R3·A@-68 罐=无罐 泵=0 阀=111111 速=+0,+0,+0.00 电=7.78V/0.81A/峰1.63 补余=0.0 IO错=0 倾+0.0
[   66.212] EVT 倾身 +10mm（对时标记 去程）
[   66.212] EVT 实验序列开跑：标记+自动轮换 3 轮
[   66.212] EVT 键 't' 倾=+0.0待=+10.0
[   66.648] TLM t=  34.8 L1·A@-74 L2·A@-70 L3·A@-75 R1·A@-75 R2·A@-71 R3·A@-67 罐=无罐 泵=0 阀=111111 速=+0,+0,+0.00 电=7.72V/2.04A/峰2.04 补余=0.0 IO错=0 倾+4.4→+10 对时标记
[   67.150] TLM t=  35.3 L1·A@-74 L2·A@-70 L3·A@-75 R1·A@-75 R2·A@-70 R3·A@-67 罐=无罐 泵=0 阀=111111 速=+0,+0,+0.00 电=7.70V/2.36A/峰2.36 补余=0.0 IO错=0 倾+9.4→+10 对时标记
[   67.675] TLM t=  35.8 L1·A@-74 L2·A@-69 L3·A@-75 R1·A@-75 R2·A@-70 R3·A@-66 罐=无罐 泵=0 阀=111111 速=+0,+0,+0.00 电=7.69V/2.28A/峰2.36 补余=0.0 IO错=0 倾+10.0 对时标记
[   68.178] TLM t=  36.3 L1·A@-74 L2·A@-69 L3·A@-75 R1·A@-75 R2·A@-70 R3·A@-66 罐=无罐 泵=0 阀=111111 速=+0,+0,+0.00 电=7.69V/2.28A/峰2.36 补余=0.0 IO错=0 倾+10.0 对时标记
[   68.698] TLM t=  36.8 L1·A@-74 L2·A@-68 L3·A@-75 R1·A@-75 R2·A@-69 R3·A@-65 罐=无罐 泵=0 阀=111111 速=+0,+0,+0.00 电=7.72V/2.20A/峰2.36 补余=0.0 IO错=0 倾+10.0 对时标记
[   69.201] TLM t=  37.3 L1·A@-74 L2·A@-68 L3·A@-75 R1·A@-75 R2·A@-69 R3·A@-64 罐=无罐 泵=0 阀=111111 速=+0,+0,+0.00 电=7.71V/2.20A/峰2.36 补余=0.0 IO错=0 倾+10.0 对时标记
[   69.205] EVT 倾身 -10mm（对时标记 回程）
[   69.724] TLM t=  37.9 L1·A@-74 L2·A@-67 L3·A@-75 R1·A@-75 R2·A@-68 R3·A@-64 罐=无罐 泵=0 阀=111111 速=+0,+0,+0.00 电=7.77V/0.90A/峰2.36 补余=0.0 IO错=0 倾+5.0→+0 对时标记
[   70.231] TLM t=  38.4 L1·A@-74 L2·A@-67 L3·A@-75 R1·A@-75 R2·A@-68 R3·A@-63 罐=无罐 泵=0 阀=111111 速=+0,+0,+0.00 电=7.79V/0.57A/峰2.36 补余=0.0 IO错=0 倾+0.0 对时标记
[   70.751] TLM t=  38.9 L1·A@-74 L2·A@-66 L3·A@-75 R1·A@-75 R2·A@-68 R3·A@-63 罐=无罐 泵=0 阀=111111 速=+0,+0,+0.00 电=7.79V/0.73A/峰2.36 补余=0.0 IO错=0 倾+0.0 对时标记
[   71.256] TLM t=  39.4 L1·A@-73 L2·A@-66 L3·A@-75 R1·A@-75 R2·A@-67 R3·A@-62 罐=无罐 泵=0 阀=111111 速=+0,+0,+0.00 电=7.79V/0.65A/峰2.36 补余=0.0 IO错=0 倾+0.0 对时标记
[   71.777] TLM t=  39.9 L1·A@-73 L2·A@-66 L3·A@-75 R1·A@-75 R2·A@-67 R3·A@-61 罐=无罐 泵=0 阀=111111 速=+0,+0,+0.00 电=7.79V/0.65A/峰2.36 补余=0.0 IO错=0 倾+0.0 对时标记
[   72.284] TLM t=  40.4 L1·A@-73 L2·A@-65 L3·A@-75 R1·A@-74 R2·A@-66 R3·A@-61 罐=无罐 泵=0 阀=111111 速=+0,+0,+0.00 电=7.79V/0.73A/峰2.36 补余=0.0 IO错=0 倾+0.0 对时标记
[   72.803] TLM t=  40.9 L1·A@-73 L2·A@-65 L3·A@-75 R1·A@-74 R2·A@-66 R3·A@-60 罐=无罐 泵=0 阀=111111 速=+0,+0,+0.00 电=7.79V/0.65A/峰2.36 补余=0.0 IO错=0 倾+0.0 对时标记
[   72.976] EVT 泵 开 最差盘压-59.9
[   73.306] TLM t=  41.4 L1·A@-73 L2·A@-66 L3·A@-75 R1·A@-74 R2·A@-66 R3·A@-65 罐=无罐 泵=1 阀=111111 速=+0,+0,+0.00 电=7.77V/0.73A/峰2.36 补余=0.0 IO错=0 倾+0.0 对时标记
[   73.827] TLM t=  41.9 L1·A@-75 L2·A@-75 L3·A@-75 R1·A@-74 R2·A@-75 R3·A@-76 罐=无罐 泵=1 阀=111111 速=+0,+0,+0.00 电=7.77V/0.73A/峰2.36 补余=0.0 IO错=0 倾+0.0 对时标记
[   73.880] EVT 泵 停 最差盘压-75.2
[   74.331] TLM t=  42.4 L1·A@-76 L2·A@-76 L3·A@-76 R1·A@-76 R2·A@-76 R3·A@-76 罐=无罐 泵=0 阀=111111 速=+0,+0,+0.00 电=7.79V/0.73A/峰2.36 补余=0.0 IO错=0 倾+0.0 对时标记
[   74.850] TLM t=  43.0 L1·A@-76 L2·A@-76 L3·A@-76 R1·A@-76 R2·A@-75 R3·A@-75 罐=无罐 泵=0 阀=111111 速=+0,+0,+0.00 电=7.78V/0.65A/峰2.36 补余=0.0 IO错=0 倾+0.0 对时标记
[   75.354] TLM t=  43.5 L1·A@-76 L2·A@-75 L3·A@-76 R1·A@-76 R2·A@-75 R3·A@-74 罐=无罐 泵=0 阀=111111 速=+0,+0,+0.00 电=7.79V/0.65A/峰2.36 补余=0.0 IO错=0 倾+0.0 对时标记
[   75.873] TLM t=  44.0 L1·A@-76 L2·A@-75 L3·A@-76 R1·A@-76 R2·A@-75 R3·A@-74 罐=无罐 泵=0 阀=111111 速=+0,+0,+0.00 电=7.79V/0.73A/峰2.36 补余=0.0 IO错=0 倾+0.0 对时标记
[   76.377] TLM t=  44.5 L1·A@-76 L2·A@-74 L3·A@-76 R1·A@-76 R2·A@-74 R3·A@-73 罐=无罐 泵=0 阀=111111 速=+0,+0,+0.00 电=7.79V/0.65A/峰2.36 补余=0.0 IO错=0 倾+0.0 对时标记
[   76.900] TLM t=  45.0 L1·A@-76 L2·A@-74 L3·A@-76 R1·A@-76 R2·A@-74 R3·A@-72 罐=无罐 泵=0 阀=111111 速=+0,+0,+0.00 电=7.79V/0.65A/峰2.36 补余=0.0 IO错=0 倾+0.0 对时标记
[   77.407] TLM t=  45.5 L1·A@-75 L2·A@-73 L3·A@-76 R1·A@-75 R2·A@-73 R3·A@-72 罐=无罐 泵=0 阀=111111 速=+0,+0,+0.00 电=7.79V/0.65A/峰2.36 补余=0.0 IO错=0 倾+0.0 对时标记
[   77.927] TLM t=  46.0 L1·A@-75 L2·A@-73 L3·A@-76 R1·A@-75 R2·A@-73 R3·A@-71 罐=无罐 泵=0 阀=111111 速=+0,+0,+0.00 电=7.79V/0.65A/峰2.36 补余=0.0 IO错=0 倾+0.0 对时标记
[   78.431] TLM t=  46.5 L1·A@-75 L2·A@-72 L3·A@-76 R1·A@-75 R2·A@-73 R3·A@-71 罐=无罐 泵=0 阀=111111 速=+0,+0,+0.00 电=7.79V/0.65A/峰2.36 补余=0.0 IO错=0 倾+0.0 对时标记
[   78.952] TLM t=  47.0 L1·A@-75 L2·A@-72 L3·A@-76 R1·A@-75 R2·A@-72 R3·A@-70 罐=无罐 泵=0 阀=111111 速=+0,+0,+0.00 电=7.79V/0.73A/峰2.36 补余=0.0 IO错=0 倾+0.0 对时标记
[   79.456] TLM t=  47.5 L1·A@-75 L2·A@-71 L3·A@-76 R1·A@-75 R2·A@-72 R3·A@-69 罐=无罐 泵=0 阀=111111 速=+0,+0,+0.00 电=7.79V/0.65A/峰2.36 补余=0.0 IO错=0 倾+0.0 对时标记
[   79.982] TLM t=  48.1 L1·A@-75 L2·A@-71 L3·A@-76 R1·A@-75 R2·A@-71 R3·A@-69 罐=无罐 泵=0 阀=111111 速=+0,+0,+0.00 电=7.79V/0.57A/峰2.36 补余=0.0 IO错=0 倾+0.0 对时标记
[   80.485] TLM t=  48.6 L1·A@-75 L2·A@-70 L3·A@-75 R1·A@-75 R2·A@-71 R3·A@-68 罐=无罐 泵=0 阀=111111 速=+0,+0,+0.00 电=7.79V/0.65A/峰2.36 补余=0.0 IO错=0 倾+0.0 对时标记
[   81.005] TLM t=  49.1 L1·A@-74 L2·A@-70 L3·A@-75 R1·A@-75 R2·A@-71 R3·A@-67 罐=无罐 泵=0 阀=111111 速=+0,+0,+0.00 电=7.78V/0.65A/峰2.36 补余=0.0 IO错=0 倾+0.0 对时标记
[   81.511] TLM t=  49.6 L1·A@-74 L2·A@-70 L3·A@-75 R1·A@-75 R2·A@-70 R3·A@-67 罐=无罐 泵=0 阀=111111 速=+0,+0,+0.00 电=7.79V/0.65A/峰2.36 补余=0.0 IO错=0 倾+0.0 对时标记
[   82.030] TLM t=  50.1 L1·A@-74 L2·A@-69 L3·A@-75 R1·A@-75 R2·A@-70 R3·A@-66 罐=无罐 泵=0 阀=111111 速=+0,+0,+0.00 电=7.79V/0.65A/峰2.36 补余=0.0 IO错=0 倾+0.0 对时标记
[   82.534] TLM t=  50.6 L1·A@-74 L2·A@-69 L3·A@-75 R1·A@-75 R2·A@-70 R3·A@-65 罐=无罐 泵=0 阀=111111 速=+0,+0,+0.00 电=7.79V/0.65A/峰2.36 补余=0.0 IO错=0 倾+0.0 对时标记
[   83.058] TLM t=  51.1 L1·A@-74 L2·A@-68 L3·A@-75 R1·A@-75 R2·A@-69 R3·A@-65 罐=无罐 泵=0 阀=111111 速=+0,+0,+0.00 电=7.79V/0.65A/峰2.36 补余=0.0 IO错=0 倾+0.0 对时标记
[   83.562] TLM t=  51.6 L1·A@-74 L2·A@-68 L3·A@-75 R1·A@-75 R2·A@-69 R3·A@-64 罐=无罐 泵=0 阀=111111 速=+0,+0,+0.00 电=7.79V/0.73A/峰2.36 补余=0.0 IO错=0 倾+0.0 对时标记
[   84.084] TLM t=  52.1 L1·A@-74 L2·A@-67 L3·A@-75 R1·A@-75 R2·A@-68 R3·A@-64 罐=无罐 泵=0 阀=111111 速=+0,+0,+0.00 电=7.79V/0.65A/峰2.36 补余=0.0 IO错=0 倾+0.0 对时标记
[   84.587] TLM t=  52.6 L1·A@-74 L2·A@-67 L3·A@-75 R1·A@-75 R2·A@-68 R3·A@-63 罐=无罐 泵=0 阀=111111 速=+0,+0,+0.00 电=7.79V/0.65A/峰2.36 补余=0.0 IO错=0 倾+0.0 对时标记
[   85.107] TLM t=  53.2 L1·A@-73 L2·A@-67 L3·A@-75 R1·A@-75 R2·A@-68 R3·A@-62 罐=无罐 泵=0 阀=111111 速=+0,+0,+0.00 电=7.79V/0.65A/峰2.36 补余=0.0 IO错=0 倾+0.0 对时标记
[   85.614] TLM t=  53.7 L1·A@-73 L2·A@-66 L3·A@-75 R1·A@-75 R2·A@-67 R3·A@-62 罐=无罐 泵=0 阀=111111 速=+0,+0,+0.00 电=7.79V/0.65A/峰2.36 补余=0.0 IO错=0 倾+0.0 对时标记
[   86.133] TLM t=  54.2 L1·A@-73 L2·A@-66 L3·A@-75 R1·A@-75 R2·A@-67 R3·A@-61 罐=无罐 泵=0 阀=111111 速=+0,+0,+0.00 电=7.79V/0.65A/峰2.36 补余=0.0 IO错=0 倾+0.0 对时标记
[   86.633] TLM t=  54.7 L1·A@-73 L2·A@-65 L3·A@-75 R1·A@-75 R2·A@-67 R3·A@-61 罐=无罐 泵=0 阀=111111 速=+0,+0,+0.00 电=7.79V/0.65A/峰2.36 补余=0.0 IO错=0 倾+0.0 对时标记
[   87.162] TLM t=  55.2 L1·A@-73 L2·A@-65 L3·A@-75 R1·A@-75 R2·A@-66 R3·A@-60 罐=无罐 泵=0 阀=111111 速=+0,+0,+0.00 电=7.79V/0.65A/峰2.36 补余=0.0 IO错=0 倾+0.0 对时标记
[   87.218] EVT 泵 开 最差盘压-59.9
[   87.670] TLM t=  55.7 L1·A@-73 L2·A@-69 L3·A@-75 R1·A@-75 R2·A@-69 R3·A@-69 罐=无罐 泵=1 阀=111111 速=+0,+0,+0.00 电=7.77V/0.57A/峰2.36 补余=0.0 IO错=0 倾+0.0 对时标记
[   88.120] EVT 泵 停 最差盘压-75.3
[   88.188] TLM t=  56.2 L1·A@-76 L2·A@-76 L3·A@-76 R1·A@-76 R2·A@-76 R3·A@-76 罐=无罐 泵=0 阀=111111 速=+0,+0,+0.00 电=7.79V/0.65A/峰2.36 补余=0.0 IO错=0 倾+0.0 对时标记
[   88.697] TLM t=  56.7 L1·A@-76 L2·A@-76 L3·A@-76 R1·A@-76 R2·A@-76 R3·A@-76 罐=无罐 泵=0 阀=111111 速=+0,+0,+0.00 电=7.80V/0.65A/峰2.36 补余=0.0 IO错=0 倾+0.0 对时标记
[   89.217] TLM t=  57.2 L1·A@-76 L2·A@-76 L3·A@-76 R1·A@-76 R2·A@-75 R3·A@-75 罐=无罐 泵=0 阀=111111 速=+0,+0,+0.00 电=7.78V/0.65A/峰2.36 补余=0.0 IO错=0 倾+0.0 对时标记
[   89.719] TLM t=  57.7 L1·A@-76 L2·A@-75 L3·A@-76 R1·A@-76 R2·A@-75 R3·A@-74 罐=无罐 泵=0 阀=111111 速=+0,+0,+0.00 电=7.79V/0.65A/峰2.36 补余=0.0 IO错=0 倾+0.0 对时标记
[   90.233] EVT 对时标记完成
[   90.238] EVT 自动轮换：第 1 轮开始
[   90.245] TLM t=  58.3 L1·A@-76 L2·A@-75 L3·A@-76 R1·A@-76 R2·A@-75 R3·A@-74 罐=无罐 泵=0 阀=111111 速=+0,+0,+0.00 电=7.79V/0.65A/峰2.36 补余=0.0 IO错=0 倾+0.0 自动1/3
[   90.253] EVT 原地抬起受理：R3
[   90.266] EVT 相位 R3 stance→handover
[   90.755] TLM t=  61.7 L1·A@-76 L2·A@-74 L3·A@-76 R1·A@-76 R2·A@-74 R3ZA@-73 罐=无罐 泵=0 阀=111111 速=+0,+0,+0.00 电=7.77V/0.90A/峰2.36 补余=0.0 IO错=0 倾+0.0 自动1/3
[   91.263] TLM t=  61.8 L1·A@-76 L2·A@-74 L3·A@-76 R1·A@-76 R2·A@-74 R3ZA@-72 罐=无罐 泵=0 阀=111111 速=+0,+0,+0.00 电=7.76V/1.14A/峰2.36 补余=0.0 IO错=0 倾+0.0 自动1/3
[   91.765] TLM t=  61.8 L1·A@-75 L2·A@-73 L3·A@-76 R1·A@-76 R2·A@-73 R3ZA@-72 罐=无罐 泵=0 阀=111111 速=+0,+0,+0.00 电=7.74V/1.47A/峰2.36 补余=0.0 IO错=0 倾+0.0 自动1/3
[   92.286] TLM t=  61.8 L1·A@-75 L2·A@-73 L3·A@-76 R1·A@-75 R2·A@-73 R3ZA@-71 罐=无罐 泵=0 阀=111111 速=+0,+0,+0.00 电=7.72V/1.63A/峰2.36 补余=0.0 IO错=0 倾+0.0 自动1/3
[   92.461] EVT 吸附 R3 attached→venting 在态69.70s -70.8kPa
[   92.462] EVT 相位 R3 handover→vent 落点Δ(+0.0,+0.0)
[   92.482] EVT 阀 R3 →排气位
[   92.760] EVT 相位 R3 vent→lift
[   92.792] TLM t=  61.8 L1·A@-75 L2·A@-72 L3·A@-76 R1·A@-75 R2·A@-72 R3Lv@-71 罐=无罐 泵=0 阀=111110 速=+0,+0,+0.00 电=7.72V/1.79A/峰2.36 补余=0.0 IO错=0 倾+0.0 自动1/3
[   92.882] EVT 吸附 R3 venting→released 在态0.42s 0.2kPa
[   93.312] TLM t=  61.8 L1·A@-75 L2·A@-72 L3·A@-76 R1·A@-75 R2·A@-72 R3Lr@-- 罐=无罐 泵=0 阀=111110 速=+0,+0,+0.00 电=7.71V/2.04A/峰2.36 补余=0.0 IO错=0 倾+0.0 自动1/3
[   93.603] EVT 相位 R3 lift→transfer
[   93.813] TLM t=  61.8 L1·A@-75 L2·A@-71 L3·A@-76 R1·A@-75 R2·A@-72 R3Tr@-- 罐=无罐 泵=0 阀=111110 速=+0,+0,+0.00 电=7.70V/1.95A/峰2.36 补余=0.0 IO错=0 倾+0.0 自动1/3
[   94.227] EVT 相位 R3 transfer→hover
[   94.332] TLM t=  61.8 L1·A@-74 L2·A@-71 L3·A@-76 R1·A@-75 R2·A@-71 R3Hr@-- 罐=无罐 泵=0 阀=111110 速=+0,+0,+0.00 电=7.72V/1.79A/峰2.36 补余=0.0 IO错=0 倾+0.0 自动1/3
[   94.837] TLM t=  61.8 L1·A@-74 L2·A@-70 L3·A@-75 R1·A@-75 R2·A@-71 R3Hr@-- 罐=无罐 泵=0 阀=111110 速=+0,+0,+0.00 电=7.71V/1.87A/峰2.36 补余=0.0 IO错=0 倾+0.0 自动1/3
[   95.228] EVT 落地：R3
[   95.250] EVT 相位 R3 hover→descend
[   95.355] TLM t=  61.8 L1·A@-74 L2·A@-70 L3·A@-75 R1·A@-75 R2·A@-71 R3Dr@-- 罐=无罐 泵=0 阀=111110 速=+0,+0,+0.00 电=7.72V/1.95A/峰2.36 补余=0.0 IO错=0 倾+0.0 自动1/3
[   95.732] EVT 相位 R3 descend→press
[   95.860] TLM t=  61.8 L1·A@-73 L2·A@-70 L3·A@-75 R1·A@-75 R2·A@-70 R3Pr@-- 罐=无罐 泵=0 阀=111110 速=+0,+0,+0.00 电=7.71V/1.79A/峰2.36 补余=0.0 IO错=0 倾+0.0 自动1/3
[   96.383] TLM t=  61.8 L1·A@-73 L2·A@-69 L3·A@-75 R1·A@-75 R2·A@-70 R3Pr@-- 罐=无罐 泵=0 阀=111110 速=+0,+0,+0.00 电=7.72V/1.79A/峰2.36 补余=0.0 IO错=0 倾+0.0 自动1/3
[   96.886] TLM t=  61.8 L1·A@-73 L2·A@-69 L3·A@-75 R1·A@-75 R2·A@-69 R3Pr@-- 罐=无罐 泵=0 阀=111110 速=+0,+0,+0.00 电=7.70V/1.87A/峰2.36 补余=0.0 IO错=0 倾+0.0 自动1/3
[   96.937] EVT 吸附 R3 released→pressing 在态4.04s 0.2kPa
[   96.938] EVT 相位 R3 press→wait
[   97.250] EVT 吸附 R3 pressing→sucking 在态0.32s 0.2kPa
[   97.251] EVT 阀 R3 →抽气位
[   97.278] EVT 泵 开 最差盘压-68.3
[   97.411] TLM t=  61.8 L1·A@-73 L2·A@-68 L3·A@-75 R1·A@-75 R2·A@-69 R3Ws@-46 罐=无罐 泵=1 阀=111111 速=+0,+0,+0.00 电=7.69V/1.95A/峰2.36 补余=0.0 IO错=0 倾+0.0 自动1/3
[   97.621] EVT 吸附 R3 sucking→attached 在态0.36s -62.6kPa
[   97.621] EVT 相位 R3 wait→stance
[   97.621] EVT 抬落完成，轮到 L1
[   97.917] TLM t=  62.1 L1·A@-73 L2·A@-73 L3·A@-75 R1·A@-75 R2·A@-73 R3·A@-72 罐=无罐 泵=1 阀=111111 速=+0,+0,+0.00 电=7.70V/1.79A/峰2.36 补余=0.0 IO错=0 倾+0.0 自动1/3
[   98.250] EVT 泵 停 最差盘压-75.6
[   98.441] TLM t=  62.6 L1·A@-77 L2·A@-77 L3·A@-77 R1·A@-76 R2·A@-77 R3·A@-77 罐=无罐 泵=0 阀=111111 速=+0,+0,+0.00 电=7.71V/1.79A/峰2.36 补余=0.0 IO错=0 倾+0.0 自动1/3
[   98.944] TLM t=  63.1 L1·A@-76 L2·A@-76 L3·A@-77 R1·A@-76 R2·A@-76 R3·A@-76 罐=无罐 泵=0 阀=111111 速=+0,+0,+0.00 电=7.71V/1.95A/峰2.36 补余=0.0 IO错=0 倾+0.0 自动1/3
[   99.465] TLM t=  63.6 L1·A@-76 L2·A@-76 L3·A@-76 R1·A@-76 R2·A@-76 R3·A@-75 罐=无罐 泵=0 阀=111111 速=+0,+0,+0.00 电=7.71V/1.87A/峰2.36 补余=0.0 IO错=0 倾+0.0 自动1/3
[   99.970] TLM t=  64.1 L1·A@-76 L2·A@-75 L3·A@-76 R1·A@-76 R2·A@-75 R3·A@-74 罐=无罐 泵=0 阀=111111 速=+0,+0,+0.00 电=7.72V/1.87A/峰2.36 补余=0.0 IO错=0 倾+0.0 自动1/3
[  100.489] TLM t=  64.6 L1·A@-76 L2·A@-75 L3·A@-76 R1·A@-76 R2·A@-75 R3·A@-74 罐=无罐 泵=0 阀=111111 速=+0,+0,+0.00 电=7.72V/1.87A/峰2.36 补余=0.0 IO错=0 倾+0.0 自动1/3
[  100.995] TLM t=  65.1 L1·A@-75 L2·A@-74 L3·A@-76 R1·A@-76 R2·A@-74 R3·A@-73 罐=无罐 泵=0 阀=111111 速=+0,+0,+0.00 电=7.72V/1.95A/峰2.36 补余=0.0 IO错=0 倾+0.0 自动1/3
[  101.513] TLM t=  65.7 L1·A@-75 L2·A@-74 L3·A@-76 R1·A@-76 R2·A@-74 R3·A@-72 罐=无罐 泵=0 阀=111111 速=+0,+0,+0.00 电=7.72V/1.87A/峰2.36 补余=0.0 IO错=0 倾+0.0 自动1/3
[  102.018] TLM t=  66.2 L1·A@-75 L2·A@-73 L3·A@-76 R1·A@-76 R2·A@-74 R3·A@-72 罐=无罐 泵=0 阀=111111 速=+0,+0,+0.00 电=7.70V/1.87A/峰2.36 补余=0.0 IO错=0 倾+0.0 自动1/3
[  102.537] TLM t=  66.7 L1·A@-75 L2·A@-73 L3·A@-76 R1·A@-76 R2·A@-73 R3·A@-71 罐=无罐 泵=0 阀=111111 速=+0,+0,+0.00 电=7.72V/1.87A/峰2.36 补余=0.0 IO错=0 倾+0.0 自动1/3
[  103.045] TLM t=  67.2 L1·A@-75 L2·A@-72 L3·A@-76 R1·A@-76 R2·A@-73 R3·A@-71 罐=无罐 泵=0 阀=111111 速=+0,+0,+0.00 电=7.72V/1.87A/峰2.36 补余=0.0 IO错=0 倾+0.0 自动1/3
[  103.565] TLM t=  67.7 L1·A@-74 L2·A@-72 L3·A@-76 R1·A@-76 R2·A@-72 R3·A@-70 罐=无罐 泵=0 阀=111111 速=+0,+0,+0.00 电=7.72V/1.87A/峰2.36 补余=0.0 IO错=0 倾+0.0 自动1/3
[  104.070] TLM t=  68.2 L1·A@-74 L2·A@-72 L3·A@-76 R1·A@-76 R2·A@-72 R3·A@-69 罐=无罐 泵=0 阀=111111 速=+0,+0,+0.00 电=7.71V/1.87A/峰2.36 补余=0.0 IO错=0 倾+0.0 自动1/3
[  104.588] TLM t=  68.7 L1·A@-74 L2·A@-71 L3·A@-76 R1·A@-76 R2·A@-72 R3·A@-69 罐=无罐 泵=0 阀=111111 速=+0,+0,+0.00 电=7.73V/1.71A/峰2.36 补余=0.0 IO错=0 倾+0.0 自动1/3
[  105.091] TLM t=  69.2 L1·A@-74 L2·A@-71 L3·A@-76 R1·A@-76 R2·A@-71 R3·A@-68 罐=无罐 泵=0 阀=111111 速=+0,+0,+0.00 电=7.71V/1.87A/峰2.36 补余=0.0 IO错=0 倾+0.0 自动1/3
[  105.613] TLM t=  69.7 L1·A@-73 L2·A@-70 L3·A@-76 R1·A@-75 R2·A@-71 R3·A@-67 罐=无罐 泵=0 阀=111111 速=+0,+0,+0.00 电=7.71V/1.79A/峰2.36 补余=0.0 IO错=0 倾+0.0 自动1/3
[  106.116] TLM t=  70.2 L1·A@-73 L2·A@-70 L3·A@-76 R1·A@-75 R2·A@-71 R3·A@-67 罐=无罐 泵=0 阀=111111 速=+0,+0,+0.00 电=7.71V/1.87A/峰2.36 补余=0.0 IO错=0 倾+0.0 自动1/3
[  106.640] TLM t=  70.8 L1·A@-73 L2·A@-69 L3·A@-76 R1·A@-75 R2·A@-70 R3·A@-66 罐=无罐 泵=0 阀=111111 速=+0,+0,+0.00 电=7.70V/1.79A/峰2.36 补余=0.0 IO错=0 倾+0.0 自动1/3
[  107.143] TLM t=  71.3 L1·A@-73 L2·A@-69 L3·A@-76 R1·A@-75 R2·A@-70 R3·A@-66 罐=无罐 泵=0 阀=111111 速=+0,+0,+0.00 电=7.72V/1.87A/峰2.36 补余=0.0 IO错=0 倾+0.0 自动1/3
[  107.656] EVT 原地抬起受理：L1
[  107.669] TLM t=  71.8 L1·A@-73 L2·A@-68 L3·A@-76 R1·A@-75 R2·A@-69 R3·A@-65 罐=无罐 泵=0 阀=111111 速=+0,+0,+0.00 电=7.72V/1.87A/峰2.36 补余=0.0 IO错=0 倾+0.0 自动1/3
[  107.678] EVT 相位 L1 stance→handover
[  108.181] TLM t=  73.1 L1ZA@-72 L2·A@-68 L3·A@-76 R1·A@-75 R2·A@-69 R3·A@-64 罐=无罐 泵=0 阀=111111 速=+0,+0,+0.00 电=7.74V/1.63A/峰2.36 补余=0.0 IO错=0 倾+0.0 自动1/3
[  108.689] TLM t=  73.2 L1ZA@-72 L2·A@-68 L3·A@-75 R1·A@-75 R2·A@-69 R3·A@-64 罐=无罐 泵=0 阀=111111 速=+0,+0,+0.00 电=7.73V/1.47A/峰2.36 补余=0.0 IO错=0 倾+0.0 自动1/3
[  109.192] TLM t=  73.2 L1ZA@-72 L2·A@-67 L3·A@-75 R1·A@-75 R2·A@-68 R3·A@-63 罐=无罐 泵=0 阀=111111 速=+0,+0,+0.00 电=7.73V/1.47A/峰2.36 补余=0.0 IO错=0 倾+0.0 自动1/3
[  109.718] TLM t=  73.2 L1ZA@-72 L2·A@-67 L3·A@-75 R1·A@-75 R2·A@-68 R3·A@-63 罐=无罐 泵=0 阀=111111 速=+0,+0,+0.00 电=7.70V/1.95A/峰2.36 补余=0.0 IO错=0 倾+0.0 自动1/3
[  110.218] TLM t=  73.2 L1ZA@-72 L2·A@-66 L3·A@-75 R1·A@-75 R2·A@-67 R3·A@-62 罐=无罐 泵=0 阀=111111 速=+0,+0,+0.00 电=7.70V/2.12A/峰2.36 补余=0.0 IO错=0 倾+0.0 自动1/3
[  110.741] TLM t=  73.2 L1ZA@-72 L2·A@-66 L3·A@-75 R1·A@-75 R2·A@-67 R3·A@-61 罐=无罐 泵=0 阀=111111 速=+0,+0,+0.00 电=7.68V/2.52A/峰2.52 补余=0.0 IO错=0 倾+0.0 自动1/3
[  110.766] EVT 吸附 L1 attached→venting 在态86.04s -71.6kPa
[  110.766] EVT 相位 L1 handover→vent 落点Δ(+0.0,+0.0)
[  110.792] EVT 阀 L1 →排气位
[  111.067] EVT 相位 L1 vent→lift
[  111.189] EVT 吸附 L1 venting→released 在态0.42s 0.0kPa
[  111.244] TLM t=  73.2 L1Lr@-- L2·A@-66 L3·A@-75 R1·A@-75 R2·A@-67 R3·A@-61 罐=无罐 泵=0 阀=011111 速=+0,+0,+0.00 电=7.67V/2.52A/峰2.52 补余=0.0 IO错=0 倾+0.0 自动1/3
[  111.761] TLM t=  73.2 L1Lr@-- L2·A@-65 L3·A@-75 R1·A@-75 R2·A@-66 R3·A@-60 罐=无罐 泵=0 阀=011111 速=+0,+0,+0.00 电=7.67V/2.52A/峰2.52 补余=0.0 IO错=0 倾+0.0 自动1/3
[  111.910] EVT 相位 L1 lift→transfer
[  111.995] EVT 泵 开 最差盘压-59.9
[  112.266] TLM t=  73.2 L1Tr@-- L2·A@-65 L3·A@-75 R1·A@-75 R2·A@-66 R3·A@-62 罐=无罐 泵=1 阀=011111 速=+0,+0,+0.00 电=7.63V/2.44A/峰2.52 补余=0.0 IO错=0 倾+0.0 自动1/3
[  112.536] EVT 相位 L1 transfer→hover
[  112.787] TLM t=  73.2 L1Hr@-- L2·A@-75 L3·A@-75 R1·A@-75 R2·A@-75 R3·A@-75 罐=无罐 泵=1 阀=011111 速=+0,+0,+0.00 电=7.65V/2.44A/峰2.52 补余=0.0 IO错=0 倾+0.0 自动1/3
[  112.898] EVT 泵 停 最差盘压-75.4
[  113.288] TLM t=  73.2 L1Hr@-- L2·A@-76 L3·A@-76 R1·A@-76 R2·A@-76 R3·A@-76 罐=无罐 泵=0 阀=011111 速=+0,+0,+0.00 电=7.66V/2.36A/峰2.52 补余=0.0 IO错=0 倾+0.0 自动1/3
[  113.560] EVT 落地：L1
[  113.582] EVT 相位 L1 hover→descend
[  113.808] TLM t=  73.2 L1Dr@-- L2·A@-76 L3·A@-76 R1·A@-76 R2·A@-76 R3·A@-75 罐=无罐 泵=0 阀=011111 速=+0,+0,+0.00 电=7.67V/2.28A/峰2.52 补余=0.0 IO错=0 倾+0.0 自动1/3
[  114.064] EVT 相位 L1 descend→press
[  114.315] TLM t=  73.2 L1Pr@-- L2·A@-75 L3·A@-76 R1·A@-76 R2·A@-75 R3·A@-75 罐=无罐 泵=0 阀=011111 速=+0,+0,+0.00 电=7.69V/2.52A/峰2.52 补余=0.0 IO错=0 倾+0.0 自动1/3
[  114.831] TLM t=  73.2 L1Pr@-- L2·A@-75 L3·A@-76 R1·A@-76 R2·A@-75 R3·A@-74 罐=无罐 泵=0 阀=011111 速=+0,+0,+0.00 电=7.67V/2.44A/峰2.52 补余=0.0 IO错=0 倾+0.0 自动1/3
[  115.267] EVT 吸附 L1 released→pressing 在态4.06s 0.0kPa
[  115.268] EVT 相位 L1 press→wait
[  115.335] TLM t=  73.2 L1Wp@-- L2·A@-74 L3·A@-76 R1·A@-76 R2·A@-74 R3·A@-73 罐=无罐 泵=0 阀=011111 速=+0,+0,+0.00 电=7.68V/2.28A/峰2.52 补余=0.0 IO错=0 倾+0.0 自动1/3
[  115.580] EVT 吸附 L1 pressing→sucking 在态0.32s 0.0kPa
[  115.581] EVT 阀 L1 →抽气位
[  115.609] EVT 泵 开 最差盘压-73.1
[  115.858] TLM t=  73.2 L1Ws@-55 L2·A@-74 L3·A@-76 R1·A@-75 R2·A@-74 R3·A@-73 罐=无罐 泵=1 阀=111111 速=+0,+0,+0.00 电=7.62V/2.12A/峰2.52 补余=0.0 IO错=0 倾+0.0 自动1/3
[  116.004] EVT 吸附 L1 sucking→attached 在态0.42s -66.0kPa
[  116.005] EVT 相位 L1 wait→stance
[  116.005] EVT 抬落完成，轮到 R2
[  116.362] TLM t=  73.5 L1·A@-75 L2·A@-76 L3·A@-76 R1·A@-75 R2·A@-76 R3·A@-76 罐=无罐 泵=1 阀=111111 速=+0,+0,+0.00 电=7.63V/2.36A/峰2.52 补余=0.0 IO错=0 倾+0.0 自动1/3
[  116.393] EVT 泵 停 最差盘压-75.4
[  116.883] TLM t=  74.1 L1·A@-76 L2·A@-76 L3·A@-76 R1·A@-76 R2·A@-76 R3·A@-76 罐=无罐 泵=0 阀=111111 速=+0,+0,+0.00 电=7.67V/2.20A/峰2.52 补余=0.0 IO错=0 倾+0.0 自动1/3
[  117.387] TLM t=  74.6 L1·A@-76 L2·A@-76 L3·A@-76 R1·A@-76 R2·A@-76 R3·A@-75 罐=无罐 泵=0 阀=111111 速=+0,+0,+0.00 电=7.69V/2.36A/峰2.52 补余=0.0 IO错=0 倾+0.0 自动1/3
[  117.909] TLM t=  75.1 L1·A@-76 L2·A@-75 L3·A@-76 R1·A@-76 R2·A@-75 R3·A@-75 罐=无罐 泵=0 阀=111111 速=+0,+0,+0.00 电=7.66V/2.44A/峰2.52 补余=0.0 IO错=0 倾+0.0 自动1/3
[  118.414] TLM t=  75.6 L1·A@-76 L2·A@-75 L3·A@-76 R1·A@-76 R2·A@-75 R3·A@-74 罐=无罐 泵=0 阀=111111 速=+0,+0,+0.00 电=7.68V/2.28A/峰2.52 补余=0.0 IO错=0 倾+0.0 自动1/3
[  118.935] TLM t=  76.1 L1·A@-75 L2·A@-74 L3·A@-76 R1·A@-76 R2·A@-74 R3·A@-73 罐=无罐 泵=0 阀=111111 速=+0,+0,+0.00 电=7.69V/2.28A/峰2.52 补余=0.0 IO错=0 倾+0.0 自动1/3
[  119.442] TLM t=  76.6 L1·A@-75 L2·A@-74 L3·A@-76 R1·A@-75 R2·A@-74 R3·A@-73 罐=无罐 泵=0 阀=111111 速=+0,+0,+0.00 电=7.68V/2.28A/峰2.52 补余=0.0 IO错=0 倾+0.0 自动1/3
[  119.964] TLM t=  77.1 L1·A@-75 L2·A@-74 L3·A@-76 R1·A@-75 R2·A@-74 R3·A@-72 罐=无罐 泵=0 阀=111111 速=+0,+0,+0.00 电=7.70V/2.36A/峰2.52 补余=0.0 IO错=0 倾+0.0 自动1/3
[  120.470] TLM t=  77.6 L1·A@-75 L2·A@-73 L3·A@-76 R1·A@-75 R2·A@-73 R3·A@-72 罐=无罐 泵=0 阀=111111 速=+0,+0,+0.00 电=7.69V/2.36A/峰2.52 补余=0.0 IO错=0 倾+0.0 自动1/3
[  120.988] TLM t=  78.1 L1·A@-75 L2·A@-73 L3·A@-76 R1·A@-75 R2·A@-73 R3·A@-71 罐=无罐 泵=0 阀=111111 速=+0,+0,+0.00 电=7.70V/2.28A/峰2.52 补余=0.0 IO错=0 倾+0.0 自动1/3
[  121.493] TLM t=  78.6 L1·A@-75 L2·A@-72 L3·A@-76 R1·A@-75 R2·A@-72 R3·A@-70 罐=无罐 泵=0 阀=111111 速=+0,+0,+0.00 电=7.68V/2.28A/峰2.52 补余=0.0 IO错=0 倾+0.0 自动1/3
[  122.012] TLM t=  79.2 L1·A@-75 L2·A@-72 L3·A@-76 R1·A@-75 R2·A@-72 R3·A@-70 罐=无罐 泵=0 阀=111111 速=+0,+0,+0.00 电=7.69V/2.12A/峰2.52 补余=0.0 IO错=0 倾+0.0 自动1/3
[  122.515] TLM t=  79.7 L1·A@-74 L2·A@-71 L3·A@-76 R1·A@-75 R2·A@-72 R3·A@-69 罐=无罐 泵=0 阀=111111 速=+0,+0,+0.00 电=7.68V/2.28A/峰2.52 补余=0.0 IO错=0 倾+0.0 自动1/3
[  123.036] TLM t=  80.2 L1·A@-74 L2·A@-71 L3·A@-76 R1·A@-75 R2·A@-71 R3·A@-68 罐=无罐 泵=0 阀=111111 速=+0,+0,+0.00 电=7.68V/2.20A/峰2.52 补余=0.0 IO错=0 倾+0.0 自动1/3
[  123.540] TLM t=  80.7 L1·A@-74 L2·A@-70 L3·A@-76 R1·A@-75 R2·A@-71 R3·A@-68 罐=无罐 泵=0 阀=111111 速=+0,+0,+0.00 电=7.67V/2.12A/峰2.52 补余=0.0 IO错=0 倾+0.0 自动1/3
[  124.060] TLM t=  81.2 L1·A@-74 L2·A@-70 L3·A@-76 R1·A@-75 R2·A@-71 R3·A@-67 罐=无罐 泵=0 阀=111111 速=+0,+0,+0.00 电=7.68V/2.28A/峰2.52 补余=0.0 IO错=0 倾+0.0 自动1/3
[  124.566] TLM t=  81.7 L1·A@-74 L2·A@-69 L3·A@-76 R1·A@-75 R2·A@-70 R3·A@-67 罐=无罐 泵=0 阀=111111 速=+0,+0,+0.00 电=7.69V/2.36A/峰2.52 补余=0.0 IO错=0 倾+0.0 自动1/3
[  125.089] TLM t=  82.2 L1·A@-74 L2·A@-69 L3·A@-76 R1·A@-75 R2·A@-70 R3·A@-66 罐=无罐 泵=0 阀=111111 速=+0,+0,+0.00 电=7.69V/2.28A/峰2.52 补余=0.0 IO错=0 倾+0.0 自动1/3
[  125.592] TLM t=  82.7 L1·A@-74 L2·A@-69 L3·A@-75 R1·A@-75 R2·A@-69 R3·A@-65 罐=无罐 泵=0 阀=111111 速=+0,+0,+0.00 电=7.69V/2.12A/峰2.52 补余=0.0 IO错=0 倾+0.0 自动1/3
[  126.017] EVT 原地抬起受理：R2
[  126.045] EVT 相位 R2 stance→handover
[  126.114] TLM t=  84.1 L1·A@-74 L2·A@-68 L3·A@-75 R1·A@-75 R2ZA@-69 R3·A@-65 罐=无罐 泵=0 阀=111111 速=+0,+0,+0.00 电=7.68V/2.28A/峰2.52 补余=0.0 IO错=0 倾+0.0 自动1/3
[  126.616] TLM t=  84.6 L1·A@-74 L2·A@-68 L3·A@-75 R1·A@-75 R2ZA@-69 R3·A@-64 罐=无罐 泵=0 阀=111111 速=+0,+0,+0.00 电=7.66V/2.20A/峰2.52 补余=0.0 IO错=0 倾+0.0 自动1/3
[  127.139] TLM t=  84.6 L1·A@-73 L2·A@-67 L3·A@-75 R1·A@-74 R2ZA@-68 R3·A@-64 罐=无罐 泵=0 阀=111111 速=+0,+0,+0.00 电=7.66V/2.77A/峰2.77 补余=0.0 IO错=0 倾+0.0 自动1/3
[  127.643] TLM t=  84.6 L1·A@-73 L2·A@-67 L3·A@-75 R1·A@-74 R2ZA@-68 R3·A@-63 罐=无罐 泵=0 阀=111111 速=+0,+0,+0.00 电=7.63V/3.09A/峰3.09 补余=0.0 IO错=0 倾+0.0 自动1/3
[  128.167] TLM t=  84.6 L1·A@-73 L2·A@-66 L3·A@-75 R1·A@-74 R2ZA@-67 R3·A@-62 罐=无罐 泵=0 阀=111111 速=+0,+0,+0.00 电=7.65V/2.77A/峰3.09 补余=0.0 IO错=0 倾+0.0 自动1/3
[  128.240] EVT 吸附 R2 attached→venting 在态101.60s -67.3kPa
[  128.240] EVT 相位 R2 handover→vent 落点Δ(+0.0,+0.0)
[  128.253] EVT 阀 R2 →排气位
[  128.539] EVT 相位 R2 vent→lift
[  128.661] EVT 吸附 R2 venting→released 在态0.42s -0.0kPa
[  128.671] TLM t=  84.6 L1·A@-73 L2·A@-66 L3·A@-75 R1·A@-74 R2Lr@-- R3·A@-62 罐=无罐 泵=0 阀=111101 速=+0,+0,+0.00 电=7.65V/2.93A/峰3.09 补余=0.0 IO错=0 倾+0.0 自动1/3
[  129.195] TLM t=  84.6 L1·A@-73 L2·A@-66 L3·A@-75 R1·A@-74 R2Lr@-- R3·A@-61 罐=无罐 泵=0 阀=111101 速=+0,+0,+0.00 电=7.62V/3.09A/峰3.09 补余=0.0 IO错=0 倾+0.0 自动1/3
[  129.388] EVT 相位 R2 lift→transfer
[  129.697] TLM t=  84.6 L1·A@-73 L2·A@-65 L3·A@-75 R1·A@-74 R2Tr@-- R3·A@-61 罐=无罐 泵=0 阀=111101 速=+0,+0,+0.00 电=7.62V/2.77A/峰3.09 补余=0.0 IO错=0 倾+0.0 自动1/3
[  130.005] EVT 相位 R2 transfer→hover
[  130.219] TLM t=  84.6 L1·A@-73 L2·A@-65 L3·A@-75 R1·A@-74 R2Hr@-- R3·A@-60 罐=无罐 泵=0 阀=111101 速=+0,+0,+0.00 电=7.64V/2.77A/峰3.09 补余=0.0 IO错=0 倾+0.0 自动1/3
[  130.333] EVT 泵 开 最差盘压-59.9
[  130.735] TLM t=  84.6 L1·A@-73 L2·A@-67 L3·A@-75 R1·A@-74 R2Hr@-- R3·A@-66 罐=无罐 泵=1 阀=111101 速=+0,+0,+0.00 电=7.62V/2.77A/峰3.09 补余=0.0 IO错=0 倾+0.0 自动1/3
[  131.013] EVT 落地：R2
[  131.027] EVT 相位 R2 hover→descend
[  131.236] EVT 泵 停 最差盘压-75.5
[  131.246] TLM t=  84.6 L1·A@-76 L2·A@-76 L3·A@-76 R1·A@-76 R2Dr@-- R3·A@-76 罐=无罐 泵=0 阀=111101 速=+0,+0,+0.00 电=7.65V/2.85A/峰3.09 补余=0.0 IO错=0 倾+0.0 自动1/3
[  131.509] EVT 相位 R2 descend→press
[  131.757] TLM t=  84.6 L1·A@-76 L2·A@-76 L3·A@-76 R1·A@-76 R2Pr@-- R3·A@-76 罐=无罐 泵=0 阀=111101 速=+0,+0,+0.00 电=7.65V/2.93A/峰3.09 补余=0.0 IO错=0 倾+0.0 自动1/3
[  132.267] TLM t=  84.6 L1·A@-76 L2·A@-76 L3·A@-76 R1·A@-76 R2Pr@-- R3·A@-75 罐=无罐 泵=0 阀=111101 速=+0,+0,+0.00 电=7.62V/2.85A/峰3.09 补余=0.0 IO错=0 倾+0.0 自动1/3
[  132.713] EVT 吸附 R2 released→pressing 在态4.04s -0.0kPa
[  132.714] EVT 相位 R2 press→wait
[  132.767] TLM t=  84.6 L1·A@-76 L2·A@-75 L3·A@-76 R1·A@-76 R2Wp@-- R3·A@-75 罐=无罐 泵=0 阀=111101 速=+0,+0,+0.00 电=7.63V/3.01A/峰3.09 补余=0.0 IO错=0 倾+0.0 自动1/3
[  133.042] EVT 吸附 R2 pressing→sucking 在态0.32s -0.0kPa
[  133.043] EVT 阀 R2 →抽气位
[  133.063] EVT 泵 开 最差盘压-74.3
[  133.294] TLM t=  84.6 L1·A@-76 L2·A@-75 L3·A@-76 R1·A@-75 R2Ws@-65 R3·A@-74 罐=无罐 泵=1 阀=111111 速=+0,+0,+0.00 电=7.57V/2.85A/峰3.09 补余=0.0 IO错=0 倾+0.0 自动1/3
[  133.344] EVT 吸附 R2 sucking→attached 在态0.30s -66.3kPa
[  133.347] EVT 相位 R2 wait→stance
[  133.347] EVT 抬落完成，轮到 L3
[  133.708] EVT 泵 停 最差盘压-75.0
[  133.799] TLM t=  85.0 L1·A@-76 L2·A@-76 L3·A@-76 R1·A@-75 R2·A@-76 R3·A@-76 罐=无罐 泵=0 阀=111111 速=+0,+0,+0.00 电=7.65V/2.85A/峰3.09 补余=0.0 IO错=0 倾+0.0 自动1/3
[  134.319] TLM t=  85.6 L1·A@-76 L2·A@-76 L3·A@-76 R1·A@-75 R2·A@-75 R3·A@-75 罐=无罐 泵=0 阀=111111 速=+0,+0,+0.00 电=7.65V/2.69A/峰3.09 补余=0.0 IO错=0 倾+0.0 自动1/3
[  134.823] TLM t=  86.1 L1·A@-76 L2·A@-75 L3·A@-76 R1·A@-75 R2·A@-75 R3·A@-75 罐=无罐 泵=0 阀=111111 速=+0,+0,+0.00 电=7.65V/2.85A/峰3.09 补余=0.0 IO错=0 倾+0.0 自动1/3
[  135.347] TLM t=  86.6 L1·A@-76 L2·A@-75 L3·A@-76 R1·A@-75 R2·A@-74 R3·A@-74 罐=无罐 泵=0 阀=111111 速=+0,+0,+0.00 电=7.66V/3.09A/峰3.09 补余=0.0 IO错=0 倾+0.0 自动1/3
[  135.849] TLM t=  87.1 L1·A@-76 L2·A@-74 L3·A@-76 R1·A@-74 R2·A@-74 R3·A@-73 罐=无罐 泵=0 阀=111111 速=+0,+0,+0.00 电=7.64V/2.85A/峰3.09 补余=0.0 IO错=0 倾+0.0 自动1/3
[  136.370] TLM t=  87.6 L1·A@-75 L2·A@-74 L3·A@-76 R1·A@-74 R2·A@-73 R3·A@-73 罐=无罐 泵=0 阀=111111 速=+0,+0,+0.00 电=7.66V/3.01A/峰3.09 补余=0.0 IO错=0 倾+0.0 自动1/3
[  136.875] TLM t=  88.1 L1·A@-75 L2·A@-73 L3·A@-76 R1·A@-74 R2·A@-73 R3·A@-72 罐=无罐 泵=0 阀=111111 速=+0,+0,+0.00 电=7.64V/2.93A/峰3.09 补余=0.0 IO错=0 倾+0.0 自动1/3
[  137.396] TLM t=  88.6 L1·A@-75 L2·A@-73 L3·A@-76 R1·A@-74 R2·A@-72 R3·A@-72 罐=无罐 泵=0 阀=111111 速=+0,+0,+0.00 电=7.64V/2.77A/峰3.09 补余=0.0 IO错=0 倾+0.0 自动1/3
[  137.897] TLM t=  89.1 L1·A@-75 L2·A@-72 L3·A@-76 R1·A@-73 R2·A@-72 R3·A@-71 罐=无罐 泵=0 阀=111111 速=+0,+0,+0.00 电=7.62V/3.01A/峰3.09 补余=0.0 IO错=0 倾+0.0 自动1/3
[  138.420] TLM t=  89.6 L1·A@-75 L2·A@-72 L3·A@-76 R1·A@-73 R2·A@-71 R3·A@-70 罐=无罐 泵=0 阀=111111 速=+0,+0,+0.00 电=7.62V/3.01A/峰3.09 补余=0.0 IO错=0 倾+0.0 自动1/3
[  138.921] TLM t=  90.1 L1·A@-75 L2·A@-72 L3·A@-76 R1·A@-73 R2·A@-71 R3·A@-70 罐=无罐 泵=0 阀=111111 速=+0,+0,+0.00 电=7.63V/2.93A/峰3.09 补余=0.0 IO错=0 倾+0.0 自动1/3
[  139.442] TLM t=  90.7 L1·A@-75 L2·A@-71 L3·A@-76 R1·A@-73 R2·A@-71 R3·A@-69 罐=无罐 泵=0 阀=111111 速=+0,+0,+0.00 电=7.65V/2.85A/峰3.09 补余=0.0 IO错=0 倾+0.0 自动1/3
[  139.947] TLM t=  91.2 L1·A@-75 L2·A@-71 L3·A@-75 R1·A@-73 R2·A@-70 R3·A@-68 罐=无罐 泵=0 阀=111111 速=+0,+0,+0.00 电=7.66V/2.69A/峰3.09 补余=0.0 IO错=0 倾+0.0 自动1/3
[  140.469] TLM t=  91.7 L1·A@-75 L2·A@-70 L3·A@-75 R1·A@-72 R2·A@-70 R3·A@-68 罐=无罐 泵=0 阀=111111 速=+0,+0,+0.00 电=7.64V/2.85A/峰3.09 补余=0.0 IO错=0 倾+0.0 自动1/3
[  140.973] TLM t=  92.2 L1·A@-75 L2·A@-70 L3·A@-75 R1·A@-72 R2·A@-69 R3·A@-67 罐=无罐 泵=0 阀=111111 速=+0,+0,+0.00 电=7.65V/2.69A/峰3.09 补余=0.0 IO错=0 倾+0.0 自动1/3
[  141.495] TLM t=  92.7 L1·A@-74 L2·A@-69 L3·A@-75 R1·A@-72 R2·A@-69 R3·A@-66 罐=无罐 泵=0 阀=111111 速=+0,+0,+0.00 电=7.63V/2.77A/峰3.09 补余=0.0 IO错=0 倾+0.0 自动1/3
[  141.997] TLM t=  93.2 L1·A@-74 L2·A@-69 L3·A@-75 R1·A@-72 R2·A@-69 R3·A@-66 罐=无罐 泵=0 阀=111111 速=+0,+0,+0.00 电=7.64V/2.77A/峰3.09 补余=0.0 IO错=0 倾+0.0 自动1/3
[  142.519] TLM t=  93.7 L1·A@-74 L2·A@-69 L3·A@-75 R1·A@-72 R2·A@-68 R3·A@-65 罐=无罐 泵=0 阀=111111 速=+0,+0,+0.00 电=7.67V/2.85A/峰3.09 补余=0.0 IO错=0 倾+0.0 自动1/3
[  143.024] TLM t=  94.2 L1·A@-74 L2·A@-68 L3·A@-75 R1·A@-71 R2·A@-68 R3·A@-65 罐=无罐 泵=0 阀=111111 速=+0,+0,+0.00 电=7.63V/2.77A/峰3.09 补余=0.0 IO错=0 倾+0.0 自动1/3
[  143.374] EVT 原地抬起受理：L3
[  143.387] EVT 相位 L3 stance→handover
[  143.546] TLM t=  95.6 L1·A@-74 L2·A@-68 L3ZA@-75 R1·A@-71 R2·A@-67 R3·A@-64 罐=无罐 泵=0 阀=111111 速=+0,+0,+0.00 电=7.66V/2.77A/峰3.09 补余=0.0 IO错=0 倾+0.0 自动1/3
[  144.054] TLM t=  96.0 L1·A@-74 L2·A@-67 L3ZA@-75 R1·A@-71 R2·A@-67 R3·A@-64 罐=无罐 泵=0 阀=111111 速=+0,+0,+0.00 电=7.64V/2.77A/峰3.09 补余=0.0 IO错=0 倾+0.0 自动1/3
[  144.572] TLM t=  96.0 L1·A@-74 L2·A@-67 L3ZA@-75 R1·A@-71 R2·A@-67 R3·A@-63 罐=无罐 泵=0 阀=111111 速=+0,+0,+0.00 电=7.63V/3.01A/峰3.09 补余=0.0 IO错=0 倾+0.0 自动1/3
[  145.073] TLM t=  96.0 L1·A@-74 L2·A@-66 L3ZA@-75 R1·A@-71 R2·A@-66 R3·A@-62 罐=无罐 泵=0 阀=111111 速=+0,+0,+0.00 电=7.61V/2.93A/峰3.09 补余=0.0 IO错=0 倾+0.0 自动1/3
[  145.597] TLM t=  96.0 L1·A@-74 L2·A@-66 L3ZA@-75 R1·A@-70 R2·A@-66 R3·A@-62 罐=无罐 泵=0 阀=111111 速=+0,+0,+0.00 电=7.63V/3.34A/峰3.34 补余=0.0 IO错=0 倾+0.0 自动1/3
[  146.107] TLM t=  96.0 L1·A@-74 L2·A@-66 L3ZA@-75 R1·A@-70 R2·A@-65 R3·A@-61 罐=无罐 泵=0 阀=111111 速=+0,+0,+0.00 电=7.59V/3.34A/峰3.34 补余=0.0 IO错=0 倾+0.0 自动1/3
[  146.291] EVT 吸附 L3 attached→venting 在态117.74s -74.8kPa
[  146.291] EVT 相位 L3 handover→vent 落点Δ(+0.0,+0.0)
[  146.319] EVT 阀 L3 →排气位
[  146.592] EVT 相位 L3 vent→lift
[  146.627] TLM t=  96.0 L1·A@-74 L2·A@-65 L3Lv@-75 R1·A@-70 R2·A@-65 R3·A@-60 罐=无罐 泵=0 阀=110111 速=+0,+0,+0.00 电=7.58V/3.17A/峰3.34 补余=0.0 IO错=0 倾+0.0 自动1/3
[  146.716] EVT 吸附 L3 venting→released 在态0.42s 0.1kPa
[  147.128] TLM t=  96.0 L1·A@-73 L2·A@-65 L3Lr@-- R1·A@-69 R2·A@-65 R3·A@-60 罐=无罐 泵=0 阀=110111 速=+0,+0,+0.00 电=7.58V/3.66A/峰3.66 补余=0.0 IO错=0 倾+0.0 自动1/3
[  147.162] EVT 泵 开 最差盘压-59.8
[  147.436] EVT 相位 L3 lift→transfer
[  147.656] TLM t=  96.0 L1·A@-73 L2·A@-69 L3Tr@-- R1·A@-69 R2·A@-69 R3·A@-70 罐=无罐 泵=1 阀=110111 速=+0,+0,+0.00 电=7.55V/3.34A/峰3.66 补余=0.0 IO错=0 倾+0.0 自动1/3
[  148.070] EVT 相位 L3 transfer→hover
[  148.130] EVT 泵 停 最差盘压-75.6
[  148.156] TLM t=  96.0 L1·A@-76 L2·A@-77 L3Hr@-- R1·A@-76 R2·A@-76 R3·A@-76 罐=无罐 泵=0 阀=110111 速=+0,+0,+0.00 电=7.60V/3.50A/峰3.66 补余=0.0 IO错=0 倾+0.0 自动1/3
[  148.682] TLM t=  96.0 L1·A@-76 L2·A@-76 L3Hr@-- R1·A@-76 R2·A@-76 R3·A@-76 罐=无罐 泵=0 阀=110111 速=+0,+0,+0.00 电=7.60V/3.58A/峰3.66 补余=0.0 IO错=0 倾+0.0 自动1/3
[  149.096] EVT 落地：L3
[  149.114] EVT 相位 L3 hover→descend
[  149.183] TLM t=  96.0 L1·A@-76 L2·A@-76 L3Dr@-- R1·A@-75 R2·A@-76 R3·A@-75 罐=无罐 泵=0 阀=110111 速=+0,+0,+0.00 电=7.59V/3.50A/峰3.66 补余=0.0 IO错=0 倾+0.0 自动1/3
[  149.595] EVT 相位 L3 descend→press
[  149.705] TLM t=  96.0 L1·A@-76 L2·A@-75 L3Pr@-- R1·A@-75 R2·A@-75 R3·A@-75 罐=无罐 泵=0 阀=110111 速=+0,+0,+0.00 电=7.57V/3.42A/峰3.66 补余=0.0 IO错=0 倾+0.0 自动1/3
[  150.219] TLM t=  96.0 L1·A@-76 L2·A@-75 L3Pr@-- R1·A@-75 R2·A@-75 R3·A@-74 罐=无罐 泵=0 阀=110111 速=+0,+0,+0.00 电=7.60V/3.34A/峰3.66 补余=0.0 IO错=0 倾+0.0 自动1/3
[  150.733] TLM t=  96.0 L1·A@-76 L2·A@-74 L3Pr@-- R1·A@-74 R2·A@-74 R3·A@-73 罐=无罐 泵=0 阀=110111 速=+0,+0,+0.00 电=7.57V/3.26A/峰3.66 补余=0.0 IO错=0 倾+0.0 自动1/3
[  150.803] EVT 吸附 L3 released→pressing 在态4.06s 0.1kPa
[  150.804] EVT 相位 L3 press→wait
[  151.104] EVT 吸附 L3 pressing→sucking 在态0.30s 0.1kPa
[  151.105] EVT 阀 L3 →抽气位
[  151.122] EVT 泵 开 最差盘压-72.9
[  151.234] TLM t=  96.0 L1·A@-76 L2·A@-74 L3Ws@-49 R1·A@-74 R2·A@-74 R3·A@-73 罐=无罐 泵=1 阀=111111 速=+0,+0,+0.00 电=7.53V/3.09A/峰3.66 补余=0.0 IO错=0 倾+0.0 自动1/3
[  151.382] EVT 吸附 L3 sucking→attached 在态0.28s -58.6kPa
[  151.388] EVT 相位 L3 wait→stance
[  151.388] EVT 抬落完成，轮到 R1
[  151.759] TLM t=  96.4 L1·A@-76 L2·A@-73 L3·A@-73 R1·A@-73 R2·A@-74 R3·A@-73 罐=无罐 泵=1 阀=111111 速=+0,+0,+0.00 电=7.57V/3.26A/峰3.66 补余=0.0 IO错=0 倾+0.0 自动1/3
[  151.995] EVT 泵 停 最差盘压-75.2
[  152.264] TLM t=  96.9 L1·A@-76 L2·A@-76 L3·A@-76 R1·A@-76 R2·A@-76 R3·A@-76 罐=无罐 泵=0 阀=111111 速=+0,+0,+0.00 电=7.60V/3.34A/峰3.66 补余=0.0 IO错=0 倾+0.0 自动1/3
[  152.785] TLM t=  97.4 L1·A@-76 L2·A@-76 L3·A@-76 R1·A@-75 R2·A@-76 R3·A@-75 罐=无罐 泵=0 阀=111111 速=+0,+0,+0.00 电=7.60V/3.42A/峰3.66 补余=0.0 IO错=0 倾+0.0 自动1/3
[  153.289] TLM t=  97.9 L1·A@-76 L2·A@-75 L3·A@-76 R1·A@-75 R2·A@-75 R3·A@-75 罐=无罐 泵=0 阀=111111 速=+0,+0,+0.00 电=7.59V/3.58A/峰3.66 补余=0.0 IO错=0 倾+0.0 自动1/3
[  153.809] TLM t=  98.4 L1·A@-76 L2·A@-75 L3·A@-76 R1·A@-74 R2·A@-75 R3·A@-74 罐=无罐 泵=0 阀=111111 速=+0,+0,+0.00 电=7.62V/3.26A/峰3.66 补余=0.0 IO错=0 倾+0.0 自动1/3
[  154.312] TLM t=  98.9 L1·A@-76 L2·A@-74 L3·A@-76 R1·A@-74 R2·A@-74 R3·A@-74 罐=无罐 泵=0 阀=111111 速=+0,+0,+0.00 电=7.60V/3.50A/峰3.66 补余=0.0 IO错=0 倾+0.0 自动1/3
[  154.835] TLM t=  99.4 L1·A@-76 L2·A@-74 L3·A@-75 R1·A@-73 R2·A@-74 R3·A@-73 罐=无罐 泵=0 阀=111111 速=+0,+0,+0.00 电=7.62V/3.58A/峰3.66 补余=0.0 IO错=0 倾+0.0 自动1/3
[  155.337] TLM t=  99.9 L1·A@-76 L2·A@-73 L3·A@-75 R1·A@-73 R2·A@-73 R3·A@-72 罐=无罐 泵=0 阀=111111 速=+0,+0,+0.00 电=7.60V/3.58A/峰3.66 补余=0.0 IO错=0 倾+0.0 自动1/3
[  155.858] TLM t= 100.4 L1·A@-75 L2·A@-73 L3·A@-75 R1·A@-73 R2·A@-73 R3·A@-72 罐=无罐 泵=0 阀=111111 速=+0,+0,+0.00 电=7.60V/3.34A/峰3.66 补余=0.0 IO错=0 倾+0.0 自动1/3
[  156.365] TLM t= 100.9 L1·A@-75 L2·A@-73 L3·A@-75 R1·A@-72 R2·A@-73 R3·A@-71 罐=无罐 泵=0 阀=111111 速=+0,+0,+0.00 电=7.58V/3.34A/峰3.66 补余=0.0 IO错=0 倾+0.0 自动1/3
[  156.884] TLM t= 101.5 L1·A@-75 L2·A@-72 L3·A@-75 R1·A@-72 R2·A@-72 R3·A@-70 罐=无罐 泵=0 阀=111111 速=+0,+0,+0.00 电=7.62V/3.42A/峰3.66 补余=0.0 IO错=0 倾+0.0 自动1/3
[  157.390] TLM t= 102.0 L1·A@-75 L2·A@-72 L3·A@-75 R1·A@-71 R2·A@-72 R3·A@-70 罐=无罐 泵=0 阀=111111 速=+0,+0,+0.00 电=7.60V/3.42A/峰3.66 补余=0.0 IO错=0 倾+0.0 自动1/3
[  157.909] TLM t= 102.5 L1·A@-75 L2·A@-71 L3·A@-75 R1·A@-71 R2·A@-71 R3·A@-69 罐=无罐 泵=0 阀=111111 速=+0,+0,+0.00 电=7.61V/3.42A/峰3.66 补余=0.0 IO错=0 倾+0.0 自动1/3
[  158.413] TLM t= 103.0 L1·A@-75 L2·A@-71 L3·A@-75 R1·A@-70 R2·A@-71 R3·A@-69 罐=无罐 泵=0 阀=111111 速=+0,+0,+0.00 电=7.59V/3.26A/峰3.66 补余=0.0 IO错=0 倾+0.0 自动1/3
[  158.935] TLM t= 103.5 L1·A@-75 L2·A@-70 L3·A@-75 R1·A@-70 R2·A@-71 R3·A@-68 罐=无罐 泵=0 阀=111111 速=+0,+0,+0.00 电=7.58V/3.34A/峰3.66 补余=0.0 IO错=0 倾+0.0 自动1/3
[  159.438] TLM t= 104.0 L1·A@-75 L2·A@-70 L3·A@-75 R1·A@-69 R2·A@-70 R3·A@-67 罐=无罐 泵=0 阀=111111 速=+0,+0,+0.00 电=7.58V/3.26A/峰3.66 补余=0.0 IO错=0 倾+0.0 自动1/3
[  159.959] TLM t= 104.5 L1·A@-75 L2·A@-69 L3·A@-75 R1·A@-69 R2·A@-70 R3·A@-67 罐=无罐 泵=0 阀=111111 速=+0,+0,+0.00 电=7.62V/3.74A/峰3.74 补余=0.0 IO错=0 倾+0.0 自动1/3
[  160.459] TLM t= 105.0 L1·A@-75 L2·A@-69 L3·A@-75 R1·A@-68 R2·A@-69 R3·A@-66 罐=无罐 泵=0 阀=111111 速=+0,+0,+0.00 电=7.62V/3.42A/峰3.74 补余=0.0 IO错=0 倾+0.0 自动1/3
[  160.984] TLM t= 105.5 L1·A@-75 L2·A@-69 L3·A@-74 R1·A@-68 R2·A@-69 R3·A@-65 罐=无罐 泵=0 阀=111111 速=+0,+0,+0.00 电=7.59V/3.50A/峰3.74 补余=0.0 IO错=0 倾+0.0 自动1/3
[  161.418] EVT 原地抬起受理：R1
[  161.431] EVT 相位 R1 stance→handover
[  161.486] TLM t= 106.9 L1·A@-74 L2·A@-68 L3·A@-74 R1ZA@-67 R2·A@-69 R3·A@-65 罐=无罐 泵=0 阀=111111 速=+0,+0,+0.00 电=7.58V/3.34A/峰3.74 补余=0.0 IO错=0 倾+0.0 自动1/3
[  162.013] TLM t= 107.4 L1·A@-74 L2·A@-68 L3·A@-74 R1ZA@-67 R2·A@-68 R3·A@-64 罐=无罐 泵=0 阀=111111 速=+0,+0,+0.00 电=7.61V/2.69A/峰3.74 补余=0.0 IO错=0 倾+0.0 自动1/3
[  162.520] TLM t= 107.4 L1·A@-74 L2·A@-67 L3·A@-74 R1ZA@-66 R2·A@-68 R3·A@-64 罐=无罐 泵=0 阀=111111 速=+0,+0,+0.00 电=7.67V/2.20A/峰3.74 补余=0.0 IO错=0 倾+0.0 自动1/3
[  163.023] TLM t= 107.4 L1·A@-74 L2·A@-67 L3·A@-74 R1ZA@-66 R2·A@-67 R3·A@-63 罐=无罐 泵=0 阀=111111 速=+0,+0,+0.00 电=7.66V/2.20A/峰3.74 补余=0.0 IO错=0 倾+0.0 自动1/3
[  163.546] TLM t= 107.4 L1·A@-74 L2·A@-66 L3·A@-74 R1ZA@-66 R2·A@-67 R3·A@-63 罐=无罐 泵=0 阀=111111 速=+0,+0,+0.00 电=7.67V/1.95A/峰3.74 补余=0.0 IO错=0 倾+0.0 自动1/3
[  164.047] TLM t= 107.4 L1·A@-74 L2·A@-66 L3·A@-74 R1ZA@-66 R2·A@-67 R3·A@-62 罐=无罐 泵=0 阀=111111 速=+0,+0,+0.00 电=7.68V/2.12A/峰3.74 补余=0.0 IO错=0 倾+0.0 自动1/3
[  164.572] TLM t= 107.4 L1·A@-74 L2·A@-66 L3·A@-74 R1ZA@-66 R2·A@-66 R3·A@-62 罐=无罐 泵=0 阀=111111 速=+0,+0,+0.00 电=7.65V/2.28A/峰3.74 补余=0.0 IO错=0 倾+0.0 自动1/3
[  164.743] EVT 吸附 R1 attached→venting 在态134.20s -65.5kPa
[  164.743] EVT 相位 R1 handover→vent 落点Δ(+0.0,+0.0)
[  164.761] EVT 阀 R1 →排气位
[  165.044] EVT 相位 R1 vent→lift
[  165.086] TLM t= 107.4 L1·A@-74 L2·A@-65 L3·A@-74 R1Lv@-66 R2·A@-66 R3·A@-61 罐=无罐 泵=0 阀=111011 速=+0,+0,+0.00 电=7.63V/2.52A/峰3.74 补余=0.0 IO错=0 倾+0.0 自动1/3
[  165.139] EVT 吸附 R1 venting→released 在态0.40s -0.2kPa
[  165.596] TLM t= 107.4 L1·A@-74 L2·A@-65 L3·A@-74 R1Lr@-- R2·A@-66 R3·A@-60 罐=无罐 泵=0 阀=111011 速=+0,+0,+0.00 电=7.63V/2.85A/峰3.74 补余=0.0 IO错=0 倾+0.0 自动1/3
[  165.887] EVT 相位 R1 lift→transfer
[  165.904] EVT 泵 开 最差盘压-59.9
[  166.111] TLM t= 107.4 L1·A@-74 L2·A@-64 L3·A@-74 R1Tr@-- R2·A@-65 R3·A@-60 罐=无罐 泵=1 阀=111011 速=+0,+0,+0.00 电=7.60V/2.85A/峰3.74 补余=0.0 IO错=0 倾+0.0 自动1/3
[  166.506] EVT 相位 R1 transfer→hover
[  166.621] TLM t= 107.4 L1·A@-74 L2·A@-74 L3·A@-74 R1Hr@-- R2·A@-74 R3·A@-73 罐=无罐 泵=1 阀=111011 速=+0,+0,+0.00 电=7.63V/2.44A/峰3.74 补余=0.0 IO错=0 倾+0.0 自动1/3
[  166.807] EVT 泵 停 最差盘压-75.4
[  167.130] TLM t= 107.4 L1·A@-76 L2·A@-76 L3·A@-76 R1Hr@-- R2·A@-76 R3·A@-76 罐=无罐 泵=0 阀=111011 速=+0,+0,+0.00 电=7.65V/2.44A/峰3.74 补余=0.0 IO错=0 倾+0.0 自动1/3
[  167.511] EVT 落地：R1
[  167.529] EVT 相位 R1 hover→descend
[  167.639] TLM t= 107.4 L1·A@-76 L2·A@-75 L3·A@-76 R1Dr@-- R2·A@-75 R3·A@-75 罐=无罐 泵=0 阀=111011 速=+0,+0,+0.00 电=7.62V/2.52A/峰3.74 补余=0.0 IO错=0 倾+0.0 自动1/3
[  168.010] EVT 相位 R1 descend→press
[  168.153] TLM t= 107.4 L1·A@-76 L2·A@-75 L3·A@-76 R1Pr@-- R2·A@-75 R3·A@-74 罐=无罐 泵=0 阀=111011 速=+0,+0,+0.00 电=7.64V/2.69A/峰3.74 补余=0.0 IO错=0 倾+0.0 自动1/3
[  168.663] TLM t= 107.4 L1·A@-76 L2·A@-75 L3·A@-76 R1Pr@-- R2·A@-74 R3·A@-74 罐=无罐 泵=0 阀=111011 速=+0,+0,+0.00 电=7.61V/2.77A/峰3.74 补余=0.0 IO错=0 倾+0.0 自动1/3
[  169.178] TLM t= 107.4 L1·A@-76 L2·A@-74 L3·A@-76 R1Pr@-- R2·A@-74 R3·A@-73 罐=无罐 泵=0 阀=111011 速=+0,+0,+0.00 电=7.62V/2.60A/峰3.74 补余=0.0 IO错=0 倾+0.0 自动1/3
[  169.213] EVT 吸附 R1 released→pressing 在态4.06s -0.2kPa
[  169.214] EVT 相位 R1 press→wait
[  169.514] EVT 吸附 R1 pressing→sucking 在态0.30s -0.2kPa
[  169.514] EVT 阀 R1 →抽气位
[  169.532] EVT 泵 开 最差盘压-72.5
[  169.686] TLM t= 107.4 L1·A@-75 L2·A@-74 L3·A@-76 R1Ws@-37 R2·A@-74 R3·A@-72 罐=无罐 泵=1 阀=111111 速=+0,+0,+0.00 电=7.63V/2.36A/峰3.74 补余=0.0 IO错=0 倾+0.0 自动1/3
[  169.855] EVT 吸附 R1 sucking→attached 在态0.34s -65.8kPa
[  169.858] EVT 相位 R1 wait→stance
[  169.859] EVT 抬落完成，轮到 L2
[  170.203] TLM t= 107.7 L1·A@-75 L2·A@-75 L3·A@-76 R1·A@-74 R2·A@-75 R3·A@-75 罐=无罐 泵=1 阀=111111 速=+0,+0,+0.00 电=7.58V/2.44A/峰3.74 补余=0.0 IO错=0 倾+0.0 自动1/3
[  170.255] EVT 泵 停 最差盘压-75.1
[  170.712] TLM t= 108.2 L1·A@-76 L2·A@-76 L3·A@-76 R1·A@-76 R2·A@-76 R3·A@-76 罐=无罐 泵=0 阀=111111 速=+0,+0,+0.00 电=7.64V/2.52A/峰3.74 补余=0.0 IO错=0 倾+0.0 自动1/3
[  171.228] TLM t= 108.8 L1·A@-76 L2·A@-76 L3·A@-76 R1·A@-75 R2·A@-75 R3·A@-75 罐=无罐 泵=0 阀=111111 速=+0,+0,+0.00 电=7.65V/2.60A/峰3.74 补余=0.0 IO错=0 倾+0.0 自动1/3
[  171.733] TLM t= 109.3 L1·A@-76 L2·A@-75 L3·A@-76 R1·A@-75 R2·A@-75 R3·A@-74 罐=无罐 泵=0 阀=111111 速=+0,+0,+0.00 电=7.65V/2.52A/峰3.74 补余=0.0 IO错=0 倾+0.0 自动1/3
[  172.246] TLM t= 109.8 L1·A@-76 L2·A@-75 L3·A@-76 R1·A@-75 R2·A@-74 R3·A@-74 罐=无罐 泵=0 阀=111111 速=+0,+0,+0.00 电=7.64V/2.36A/峰3.74 补余=0.0 IO错=0 倾+0.0 自动1/3
[  172.757] TLM t= 110.3 L1·A@-76 L2·A@-74 L3·A@-76 R1·A@-75 R2·A@-74 R3·A@-73 罐=无罐 泵=0 阀=111111 速=+0,+0,+0.00 电=7.65V/2.60A/峰3.74 补余=0.0 IO错=0 倾+0.0 自动1/3
[  173.274] TLM t= 110.8 L1·A@-76 L2·A@-74 L3·A@-76 R1·A@-75 R2·A@-74 R3·A@-72 罐=无罐 泵=0 阀=111111 速=+0,+0,+0.00 电=7.63V/2.44A/峰3.74 补余=0.0 IO错=0 倾+0.0 自动1/3
[  173.778] TLM t= 111.3 L1·A@-76 L2·A@-73 L3·A@-76 R1·A@-75 R2·A@-73 R3·A@-72 罐=无罐 泵=0 阀=111111 速=+0,+0,+0.00 电=7.66V/2.44A/峰3.74 补余=0.0 IO错=0 倾+0.0 自动1/3
[  174.297] TLM t= 111.8 L1·A@-75 L2·A@-73 L3·A@-76 R1·A@-75 R2·A@-73 R3·A@-71 罐=无罐 泵=0 阀=111111 速=+0,+0,+0.00 电=7.66V/2.52A/峰3.74 补余=0.0 IO错=0 倾+0.0 自动1/3
[  174.801] TLM t= 112.3 L1·A@-75 L2·A@-72 L3·A@-76 R1·A@-75 R2·A@-72 R3·A@-71 罐=无罐 泵=0 阀=111111 速=+0,+0,+0.00 电=7.64V/2.44A/峰3.74 补余=0.0 IO错=0 倾+0.0 自动1/3
[  175.319] TLM t= 112.8 L1·A@-75 L2·A@-72 L3·A@-76 R1·A@-75 R2·A@-72 R3·A@-70 罐=无罐 泵=0 阀=111111 速=+0,+0,+0.00 电=7.65V/2.52A/峰3.74 补余=0.0 IO错=0 倾+0.0 自动1/3
[  175.826] TLM t= 113.3 L1·A@-75 L2·A@-71 L3·A@-76 R1·A@-75 R2·A@-72 R3·A@-69 罐=无罐 泵=0 阀=111111 速=+0,+0,+0.00 电=7.66V/2.44A/峰3.74 补余=0.0 IO错=0 倾+0.0 自动1/3
[  176.343] TLM t= 113.9 L1·A@-75 L2·A@-71 L3·A@-75 R1·A@-75 R2·A@-71 R3·A@-69 罐=无罐 泵=0 阀=111111 速=+0,+0,+0.00 电=7.63V/2.44A/峰3.74 补余=0.0 IO错=0 倾+0.0 自动1/3
[  176.847] TLM t= 114.4 L1·A@-75 L2·A@-71 L3·A@-75 R1·A@-75 R2·A@-71 R3·A@-68 罐=无罐 泵=0 阀=111111 速=+0,+0,+0.00 电=7.65V/2.60A/峰3.74 补余=0.0 IO错=0 倾+0.0 自动1/3
[  177.367] TLM t= 114.9 L1·A@-75 L2·A@-70 L3·A@-75 R1·A@-75 R2·A@-70 R3·A@-67 罐=无罐 泵=0 阀=111111 速=+0,+0,+0.00 电=7.65V/2.52A/峰3.74 补余=0.0 IO错=0 倾+0.0 自动1/3
[  177.874] TLM t= 115.4 L1·A@-75 L2·A@-70 L3·A@-75 R1·A@-74 R2·A@-70 R3·A@-67 罐=无罐 泵=0 阀=111111 速=+0,+0,+0.00 电=7.64V/2.60A/峰3.74 补余=0.0 IO错=0 倾+0.0 自动1/3
[  178.390] TLM t= 115.9 L1·A@-75 L2·A@-69 L3·A@-75 R1·A@-74 R2·A@-70 R3·A@-66 罐=无罐 泵=0 阀=111111 速=+0,+0,+0.00 电=7.66V/2.60A/峰3.74 补余=0.0 IO错=0 倾+0.0 自动1/3
[  178.898] TLM t= 116.4 L1·A@-75 L2·A@-69 L3·A@-75 R1·A@-74 R2·A@-69 R3·A@-65 罐=无罐 泵=0 阀=111111 速=+0,+0,+0.00 电=7.65V/2.52A/峰3.74 补余=0.0 IO错=0 倾+0.0 自动1/3
[  179.410] TLM t= 116.9 L1·A@-74 L2·A@-68 L3·A@-75 R1·A@-74 R2·A@-69 R3·A@-65 罐=无罐 泵=0 阀=111111 速=+0,+0,+0.00 电=7.63V/2.52A/峰3.74 补余=0.0 IO错=0 倾+0.0 自动1/3
[  179.884] EVT 原地抬起受理：L2
[  179.910] EVT 相位 L2 stance→handover
[  179.921] TLM t= 118.2 L1·A@-74 L2ZA@-68 L3·A@-75 R1·A@-74 R2·A@-69 R3·A@-64 罐=无罐 泵=0 阀=111111 速=+0,+0,+0.00 电=7.63V/2.52A/峰3.74 补余=0.0 IO错=0 倾+0.0 自动1/3
[  180.437] TLM t= 118.7 L1·A@-74 L2ZA@-68 L3·A@-75 R1·A@-74 R2·A@-68 R3·A@-64 罐=无罐 泵=0 阀=111111 速=+0,+0,+0.00 电=7.65V/2.36A/峰3.74 补余=0.0 IO错=0 倾+0.0 自动1/3
[  180.941] TLM t= 118.8 L1·A@-74 L2ZA@-67 L3·A@-75 R1·A@-74 R2·A@-68 R3·A@-63 罐=无罐 泵=0 阀=111111 速=+0,+0,+0.00 电=7.65V/2.28A/峰3.74 补余=0.0 IO错=0 倾+0.0 自动1/3
[  181.457] TLM t= 118.8 L1·A@-74 L2ZA@-67 L3·A@-75 R1·A@-74 R2·A@-67 R3·A@-62 罐=无罐 泵=0 阀=111111 速=+0,+0,+0.00 电=7.64V/2.52A/峰3.74 补余=0.0 IO错=0 倾+0.0 自动1/3
[  181.967] TLM t= 118.8 L1·A@-74 L2ZA@-66 L3·A@-75 R1·A@-74 R2·A@-67 R3·A@-62 罐=无罐 泵=0 阀=111111 速=+0,+0,+0.00 电=7.62V/2.60A/峰3.74 补余=0.0 IO错=0 倾+0.0 自动1/3
[  182.291] EVT 吸附 L2 attached→venting 在态149.88s -65.8kPa
[  182.291] EVT 相位 L2 handover→vent 落点Δ(+0.0,+0.0)
[  182.314] EVT 阀 L2 →排气位
[  182.479] TLM t= 118.8 L1·A@-74 L2Vv@-66 L3·A@-75 R1·A@-74 R2·A@-67 R3·A@-61 罐=无罐 泵=0 阀=101111 速=+0,+0,+0.00 电=7.63V/2.60A/峰3.74 补余=0.0 IO错=0 倾+0.0 自动1/3
[  182.592] EVT 相位 L2 vent→lift
[  182.697] EVT 吸附 L2 venting→released 在态0.40s 0.3kPa
[  182.987] TLM t= 118.8 L1·A@-74 L2Lr@-- L3·A@-75 R1·A@-74 R2·A@-66 R3·A@-61 罐=无罐 泵=0 阀=101111 速=+0,+0,+0.00 电=7.62V/2.44A/峰3.74 补余=0.0 IO错=0 倾+0.0 自动1/3
[  183.435] EVT 相位 L2 lift→transfer
[  183.477] EVT 泵 开 最差盘压-59.9
[  183.485] TLM t= 118.8 L1·A@-74 L2Tr@-- L3·A@-75 R1·A@-74 R2·A@-66 R3·A@-60 罐=无罐 泵=1 阀=101111 速=+0,+0,+0.00 电=7.47V/2.69A/峰3.74 补余=0.0 IO错=0 倾+0.0 自动1/3
[  184.006] TLM t= 118.8 L1·A@-74 L2Tr@-- L3·A@-75 R1·A@-74 R2·A@-72 R3·A@-70 罐=无罐 泵=1 阀=101111 速=+0,+0,+0.00 电=7.52V/2.69A/峰3.74 补余=0.0 IO错=0 倾+0.0 自动1/3
[  184.060] EVT 相位 L2 transfer→hover
[  184.338] EVT 泵 停 最差盘压-75.5
[  184.509] TLM t= 118.8 L1·A@-77 L2Hr@-- L3·A@-77 R1·A@-76 R2·A@-76 R3·A@-76 罐=无罐 泵=0 阀=101111 速=+0,+0,+0.00 电=7.63V/2.28A/峰3.74 补余=0.0 IO错=0 倾+0.0 自动1/3
[  185.031] TLM t= 118.8 L1·A@-76 L2Hr@-- L3·A@-76 R1·A@-76 R2·A@-76 R3·A@-76 罐=无罐 泵=0 阀=101111 速=+0,+0,+0.00 电=7.63V/2.36A/峰3.74 补余=0.0 IO错=0 倾+0.0 自动1/3
[  185.060] EVT 落地：L2
[  185.083] EVT 相位 L2 hover→descend
[  185.533] TLM t= 118.8 L1·A@-76 L2Dr@-- L3·A@-76 R1·A@-76 R2·A@-75 R3·A@-75 罐=无罐 泵=0 阀=101111 速=+0,+0,+0.00 电=7.63V/2.36A/峰3.74 补余=0.0 IO错=0 倾+0.0 自动1/3
[  185.564] EVT 相位 L2 descend→press
[  186.055] TLM t= 118.8 L1·A@-76 L2Pr@-- L3·A@-76 R1·A@-76 R2·A@-75 R3·A@-74 罐=无罐 泵=0 阀=101111 速=+0,+0,+0.00 电=7.63V/2.52A/峰3.74 补余=0.0 IO错=0 倾+0.0 自动1/3
[  186.555] TLM t= 118.8 L1·A@-76 L2Pr@-- L3·A@-76 R1·A@-76 R2·A@-75 R3·A@-74 罐=无罐 泵=0 阀=101111 速=+0,+0,+0.00 电=7.64V/2.36A/峰3.74 补余=0.0 IO错=0 倾+0.0 自动1/3
[  186.767] EVT 吸附 L2 released→pressing 在态4.06s 0.3kPa
[  186.768] EVT 相位 L2 press→wait
[  187.068] EVT 吸附 L2 pressing→sucking 在态0.30s 0.3kPa
[  187.068] EVT 阀 L2 →抽气位
[  187.078] TLM t= 118.8 L1·A@-76 L2Ws@0 L3·A@-76 R1·A@-76 R2·A@-74 R3·A@-73 罐=无罐 泵=0 阀=111111 速=+0,+0,+0.00 电=7.64V/2.60A/峰3.74 补余=0.0 IO错=0 倾+0.0 自动1/3
[  187.091] EVT 泵 开 最差盘压-72.7
[  187.344] EVT 吸附 L2 sucking→attached 在态0.28s -64.9kPa
[  187.347] EVT 相位 L2 wait→stance
[  187.347] EVT 抬落完成，轮到 R3
[  187.347] EVT 自动轮换：第 1 轮完成
[  187.583] TLM t= 119.0 L1·A@-76 L2·A@-73 L3·A@-76 R1·A@-76 R2·A@-74 R3·A@-72 罐=无罐 泵=1 阀=111111 速=+0,+0,+0.00 电=7.54V/2.60A/峰3.74 补余=0.0 IO错=0 倾+0.0 自动2/3
[  187.757] EVT 泵 停 最差盘压-75.2
[  188.080] TLM t= 119.5 L1·A@-76 L2·A@-76 L3·A@-76 R1·A@-76 R2·A@-76 R3·A@-76 罐=无罐 泵=0 阀=111111 速=+0,+0,+0.00 电=7.66V/2.60A/峰3.74 补余=0.0 IO错=0 倾+0.0 自动2/3
[  188.588] TLM t= 120.0 L1·A@-76 L2·A@-75 L3·A@-76 R1·A@-76 R2·A@-75 R3·A@-75 罐=无罐 泵=0 阀=111111 速=+0,+0,+0.00 电=7.65V/2.36A/峰3.74 补余=0.0 IO错=0 倾+0.0 自动2/3
[  189.096] TLM t= 120.5 L1·A@-76 L2·A@-75 L3·A@-76 R1·A@-76 R2·A@-75 R3·A@-74 罐=无罐 泵=0 阀=111111 速=+0,+0,+0.00 电=7.65V/2.44A/峰3.74 补余=0.0 IO错=0 倾+0.0 自动2/3
[  189.614] TLM t= 121.0 L1·A@-76 L2·A@-74 L3·A@-76 R1·A@-76 R2·A@-74 R3·A@-74 罐=无罐 泵=0 阀=111111 速=+0,+0,+0.00 电=7.66V/2.44A/峰3.74 补余=0.0 IO错=0 倾+0.0 自动2/3
[  190.121] TLM t= 121.5 L1·A@-76 L2·A@-74 L3·A@-76 R1·A@-76 R2·A@-74 R3·A@-73 罐=无罐 泵=0 阀=111111 速=+0,+0,+0.00 电=7.64V/2.52A/峰3.74 补余=0.0 IO错=0 倾+0.0 自动2/3
[  190.637] TLM t= 122.1 L1·A@-76 L2·A@-73 L3·A@-76 R1·A@-75 R2·A@-74 R3·A@-72 罐=无罐 泵=0 阀=111111 速=+0,+0,+0.00 电=7.65V/2.52A/峰3.74 补余=0.0 IO错=0 倾+0.0 自动2/3
[  191.141] TLM t= 122.6 L1·A@-75 L2·A@-73 L3·A@-76 R1·A@-75 R2·A@-73 R3·A@-72 罐=无罐 泵=0 阀=111111 速=+0,+0,+0.00 电=7.65V/2.44A/峰3.74 补余=0.0 IO错=0 倾+0.0 自动2/3
[  191.660] TLM t= 123.1 L1·A@-75 L2·A@-72 L3·A@-76 R1·A@-75 R2·A@-73 R3·A@-71 罐=无罐 泵=0 阀=111111 速=+0,+0,+0.00 电=7.64V/2.44A/峰3.74 补余=0.0 IO错=0 倾+0.0 自动2/3
[  192.165] TLM t= 123.6 L1·A@-75 L2·A@-72 L3·A@-76 R1·A@-75 R2·A@-72 R3·A@-70 罐=无罐 泵=0 阀=111111 速=+0,+0,+0.00 电=7.65V/2.36A/峰3.74 补余=0.0 IO错=0 倾+0.0 自动2/3
[  192.681] TLM t= 124.1 L1·A@-75 L2·A@-71 L3·A@-76 R1·A@-75 R2·A@-72 R3·A@-70 罐=无罐 泵=0 阀=111111 速=+0,+0,+0.00 电=7.65V/2.52A/峰3.74 补余=0.0 IO错=0 倾+0.0 自动2/3
[  193.185] TLM t= 124.6 L1·A@-75 L2·A@-71 L3·A@-76 R1·A@-75 R2·A@-72 R3·A@-69 罐=无罐 泵=0 阀=111111 速=+0,+0,+0.00 电=7.63V/2.52A/峰3.74 补余=0.0 IO错=0 倾+0.0 自动2/3
[  193.705] TLM t= 125.1 L1·A@-75 L2·A@-70 L3·A@-75 R1·A@-75 R2·A@-71 R3·A@-68 罐=无罐 泵=0 阀=111111 速=+0,+0,+0.00 电=7.62V/2.69A/峰3.74 补余=0.0 IO错=0 倾+0.0 自动2/3
[  194.212] TLM t= 125.6 L1·A@-75 L2·A@-70 L3·A@-75 R1·A@-75 R2·A@-71 R3·A@-68 罐=无罐 泵=0 阀=111111 速=+0,+0,+0.00 电=7.65V/2.36A/峰3.74 补余=0.0 IO错=0 倾+0.0 自动2/3
[  194.733] TLM t= 126.1 L1·A@-75 L2·A@-69 L3·A@-75 R1·A@-75 R2·A@-70 R3·A@-67 罐=无罐 泵=0 阀=111111 速=+0,+0,+0.00 电=7.62V/2.69A/峰3.74 补余=0.0 IO错=0 倾+0.0 自动2/3
[  195.236] TLM t= 126.6 L1·A@-75 L2·A@-69 L3·A@-75 R1·A@-75 R2·A@-70 R3·A@-66 罐=无罐 泵=0 阀=111111 速=+0,+0,+0.00 电=7.65V/2.60A/峰3.74 补余=0.0 IO错=0 倾+0.0 自动2/3
[  195.753] TLM t= 127.2 L1·A@-75 L2·A@-68 L3·A@-75 R1·A@-75 R2·A@-70 R3·A@-66 罐=无罐 泵=0 阀=111111 速=+0,+0,+0.00 电=7.62V/2.44A/峰3.74 补余=0.0 IO错=0 倾+0.0 自动2/3
[  196.260] TLM t= 127.7 L1·A@-74 L2·A@-68 L3·A@-75 R1·A@-75 R2·A@-69 R3·A@-65 罐=无罐 泵=0 阀=111111 速=+0,+0,+0.00 电=7.64V/2.36A/峰3.74 补余=0.0 IO错=0 倾+0.0 自动2/3
[  196.777] TLM t= 128.2 L1·A@-74 L2·A@-68 L3·A@-75 R1·A@-75 R2·A@-69 R3·A@-64 罐=无罐 泵=0 阀=111111 速=+0,+0,+0.00 电=7.63V/2.44A/峰3.74 补余=0.0 IO错=0 倾+0.0 自动2/3
[  197.279] TLM t= 128.7 L1·A@-74 L2·A@-67 L3·A@-75 R1·A@-75 R2·A@-69 R3·A@-64 罐=无罐 泵=0 阀=111111 速=+0,+0,+0.00 电=7.64V/2.60A/峰3.74 补余=0.0 IO错=0 倾+0.0 自动2/3
[  197.800] TLM t= 129.2 L1·A@-74 L2·A@-67 L3·A@-75 R1·A@-75 R2·A@-68 R3·A@-63 罐=无罐 泵=0 阀=111111 速=+0,+0,+0.00 电=7.63V/2.69A/峰3.74 补余=0.0 IO错=0 倾+0.0 自动2/3
[  198.307] TLM t= 129.7 L1·A@-74 L2·A@-66 L3·A@-75 R1·A@-75 R2·A@-68 R3·A@-62 罐=无罐 泵=0 阀=111111 速=+0,+0,+0.00 电=7.64V/2.52A/峰3.74 补余=0.0 IO错=0 倾+0.0 自动2/3
[  198.824] TLM t= 130.2 L1·A@-74 L2·A@-66 L3·A@-75 R1·A@-75 R2·A@-67 R3·A@-62 罐=无罐 泵=0 阀=111111 速=+0,+0,+0.00 电=7.64V/2.36A/峰3.74 补余=0.0 IO错=0 倾+0.0 自动2/3
[  199.329] TLM t= 130.7 L1·A@-74 L2·A@-65 L3·A@-75 R1·A@-75 R2·A@-67 R3·A@-61 罐=无罐 泵=0 阀=111111 速=+0,+0,+0.00 电=7.62V/2.60A/峰3.74 补余=0.0 IO错=0 倾+0.0 自动2/3
[  199.849] TLM t= 131.2 L1·A@-74 L2·A@-65 L3·A@-75 R1·A@-75 R2·A@-67 R3·A@-61 罐=无罐 泵=0 阀=111111 速=+0,+0,+0.00 电=7.62V/2.60A/峰3.74 补余=0.0 IO错=0 倾+0.0 自动2/3
[  200.300] EVT 泵 开 最差盘压-59.9
[  200.356] TLM t= 131.7 L1·A@-74 L2·A@-64 L3·A@-75 R1·A@-75 R2·A@-66 R3·A@-60 罐=无罐 泵=1 阀=111111 速=+0,+0,+0.00 电=7.59V/2.69A/峰3.74 补余=0.0 IO错=0 倾+0.0 自动2/3
[  200.872] TLM t= 132.3 L1·A@-74 L2·A@-72 L3·A@-75 R1·A@-75 R2·A@-72 R3·A@-71 罐=无罐 泵=1 阀=111111 速=+0,+0,+0.00 电=7.62V/2.36A/峰3.74 补余=0.0 IO错=0 倾+0.0 自动2/3
[  201.188] EVT 泵 停 最差盘压-75.3
[  201.380] TLM t= 132.8 L1·A@-76 L2·A@-76 L3·A@-76 R1·A@-76 R2·A@-76 R3·A@-76 罐=无罐 泵=0 阀=111111 速=+0,+0,+0.00 电=7.63V/2.60A/峰3.74 补余=0.0 IO错=0 倾+0.0 自动2/3
[  201.893] TLM t= 133.3 L1·A@-76 L2·A@-76 L3·A@-76 R1·A@-76 R2·A@-76 R3·A@-76 罐=无罐 泵=0 阀=111111 速=+0,+0,+0.00 电=7.65V/2.52A/峰3.74 补余=0.0 IO错=0 倾+0.0 自动2/3
[  202.369] EVT 自动轮换：第 2 轮开始
[  202.391] EVT 原地抬起受理：R3
[  202.401] TLM t= 133.8 L1·A@-76 L2·A@-75 L3·A@-76 R1·A@-76 R2·A@-75 R3·A@-75 罐=无罐 泵=0 阀=111111 速=+0,+0,+0.00 电=7.62V/2.60A/峰3.74 补余=0.0 IO错=0 倾+0.0 自动2/3
[  202.406] EVT 相位 R3 stance→handover
[  202.918] TLM t= 137.3 L1·A@-76 L2·A@-75 L3·A@-76 R1·A@-76 R2·A@-75 R3ZA@-74 罐=无罐 泵=0 阀=111111 速=+0,+0,+0.00 电=7.64V/2.28A/峰3.74 补余=0.0 IO错=0 倾+0.0 自动2/3
[  203.423] TLM t= 137.4 L1·A@-76 L2·A@-74 L3·A@-76 R1·A@-76 R2·A@-74 R3ZA@-73 罐=无罐 泵=0 阀=111111 速=+0,+0,+0.00 电=7.63V/2.20A/峰3.74 补余=0.0 IO错=0 倾+0.0 自动2/3
[  203.943] TLM t= 137.4 L1·A@-76 L2·A@-74 L3·A@-76 R1·A@-76 R2·A@-74 R3ZA@-73 罐=无罐 泵=0 阀=111111 速=+0,+0,+0.00 电=7.64V/2.44A/峰3.74 补余=0.0 IO错=0 倾+0.0 自动2/3
[  204.450] TLM t= 137.4 L1·A@-76 L2·A@-73 L3·A@-76 R1·A@-76 R2·A@-74 R3ZA@-72 罐=无罐 泵=0 阀=111111 速=+0,+0,+0.00 电=7.63V/2.44A/峰3.74 补余=0.0 IO错=0 倾+0.0 自动2/3
[  204.596] EVT 吸附 R3 attached→venting 在态106.48s -71.8kPa
[  204.596] EVT 相位 R3 handover→vent 落点Δ(+0.0,+0.0)
[  204.619] EVT 阀 R3 →排气位
[  204.897] EVT 相位 R3 vent→lift
[  204.965] TLM t= 137.4 L1·A@-76 L2·A@-73 L3·A@-76 R1·A@-76 R2·A@-73 R3Lv@-72 罐=无罐 泵=0 阀=111110 速=+0,+0,+0.00 电=7.64V/2.52A/峰3.74 补余=0.0 IO错=0 倾+0.0 自动2/3
[  204.995] EVT 吸附 R3 venting→released 在态0.40s 0.2kPa
[  205.471] TLM t= 137.4 L1·A@-75 L2·A@-73 L3·A@-76 R1·A@-76 R2·A@-73 R3Lr@-- 罐=无罐 泵=0 阀=111110 速=+0,+0,+0.00 电=7.62V/2.52A/峰3.74 补余=0.0 IO错=0 倾+0.0 自动2/3
[  205.740] EVT 相位 R3 lift→transfer
[  205.992] TLM t= 137.4 L1·A@-75 L2·A@-72 L3·A@-76 R1·A@-75 R2·A@-72 R3Tr@-- 罐=无罐 泵=0 阀=111110 速=+0,+0,+0.00 电=7.62V/2.69A/峰3.74 补余=0.0 IO错=0 倾+0.0 自动2/3
[  206.366] EVT 相位 R3 transfer→hover
[  206.494] TLM t= 137.4 L1·A@-75 L2·A@-72 L3·A@-76 R1·A@-75 R2·A@-72 R3Hr@-- 罐=无罐 泵=0 阀=111110 速=+0,+0,+0.00 电=7.62V/2.69A/峰3.74 补余=0.0 IO错=0 倾+0.0 自动2/3
[  207.015] TLM t= 137.4 L1·A@-75 L2·A@-71 L3·A@-76 R1·A@-75 R2·A@-72 R3Hr@-- 罐=无罐 泵=0 阀=111110 速=+0,+0,+0.00 电=7.62V/2.44A/峰3.74 补余=0.0 IO错=0 倾+0.0 自动2/3
[  207.366] EVT 落地：R3
[  207.389] EVT 相位 R3 hover→descend
[  207.519] TLM t= 137.4 L1·A@-75 L2·A@-71 L3·A@-76 R1·A@-75 R2·A@-71 R3Dr@-- 罐=无罐 泵=0 阀=111110 速=+0,+0,+0.00 电=7.62V/2.52A/峰3.74 补余=0.0 IO错=0 倾+0.0 自动2/3
[  207.870] EVT 相位 R3 descend→press
[  208.035] TLM t= 137.4 L1·A@-75 L2·A@-70 L3·A@-76 R1·A@-75 R2·A@-71 R3Pr@-- 罐=无罐 泵=0 阀=111110 速=+0,+0,+0.00 电=7.62V/2.44A/峰3.74 补余=0.0 IO错=0 倾+0.0 自动2/3
[  208.541] TLM t= 137.4 L1·A@-75 L2·A@-70 L3·A@-76 R1·A@-75 R2·A@-70 R3Pr@-- 罐=无罐 泵=0 阀=111110 速=+0,+0,+0.00 电=7.62V/2.60A/峰3.74 补余=0.0 IO错=0 倾+0.0 自动2/3
[  209.060] TLM t= 137.4 L1·A@-75 L2·A@-69 L3·A@-75 R1·A@-75 R2·A@-70 R3Pr@-- 罐=无罐 泵=0 阀=111110 速=+0,+0,+0.00 电=7.62V/2.60A/峰3.74 补余=0.0 IO错=0 倾+0.0 自动2/3
[  209.073] EVT 吸附 R3 released→pressing 在态4.06s 0.2kPa
[  209.074] EVT 相位 R3 press→wait
[  209.374] EVT 吸附 R3 pressing→sucking 在态0.30s 0.2kPa
[  209.375] EVT 阀 R3 →抽气位
[  209.389] EVT 泵 开 最差盘压-69.0
[  209.564] TLM t= 137.4 L1·A@-75 L2·A@-69 L3·A@-75 R1·A@-75 R2·A@-70 R3Ws@-43 罐=无罐 泵=1 阀=111111 速=+0,+0,+0.00 电=7.58V/2.52A/峰3.74 补余=0.0 IO错=0 倾+0.0 自动2/3
[  209.713] EVT 吸附 R3 sucking→attached 在态0.34s -61.9kPa
[  209.713] EVT 相位 R3 wait→stance
[  209.713] EVT 抬落完成，轮到 L1
[  210.083] TLM t= 137.8 L1·A@-74 L2·A@-73 L3·A@-75 R1·A@-75 R2·A@-74 R3·A@-73 罐=无罐 泵=1 阀=111111 速=+0,+0,+0.00 电=7.56V/2.52A/峰3.74 补余=0.0 IO错=0 倾+0.0 自动2/3
[  210.232] EVT 泵 停 最差盘压-75.1
[  210.586] TLM t= 138.3 L1·A@-76 L2·A@-76 L3·A@-76 R1·A@-75 R2·A@-76 R3·A@-76 罐=无罐 泵=0 阀=111111 速=+0,+0,+0.00 电=7.63V/2.52A/峰3.74 补余=0.0 IO错=0 倾+0.0 自动2/3
[  211.108] TLM t= 138.8 L1·A@-76 L2·A@-75 L3·A@-76 R1·A@-75 R2·A@-75 R3·A@-75 罐=无罐 泵=0 阀=111111 速=+0,+0,+0.00 电=7.61V/2.60A/峰3.74 补余=0.0 IO错=0 倾+0.0 自动2/3
[  211.614] TLM t= 139.3 L1·A@-76 L2·A@-75 L3·A@-76 R1·A@-75 R2·A@-75 R3·A@-74 罐=无罐 泵=0 阀=111111 速=+0,+0,+0.00 电=7.63V/2.60A/峰3.74 补余=0.0 IO错=0 倾+0.0 自动2/3
[  212.131] TLM t= 139.8 L1·A@-75 L2·A@-74 L3·A@-76 R1·A@-75 R2·A@-74 R3·A@-73 罐=无罐 泵=0 阀=111111 速=+0,+0,+0.00 电=7.64V/2.52A/峰3.74 补余=0.0 IO错=0 倾+0.0 自动2/3
[  212.638] TLM t= 140.3 L1·A@-75 L2·A@-74 L3·A@-76 R1·A@-75 R2·A@-74 R3·A@-73 罐=无罐 泵=0 阀=111111 速=+0,+0,+0.00 电=7.62V/2.69A/峰3.74 补余=0.0 IO错=0 倾+0.0 自动2/3
[  213.155] TLM t= 140.8 L1·A@-75 L2·A@-73 L3·A@-76 R1·A@-75 R2·A@-73 R3·A@-72 罐=无罐 泵=0 阀=111111 速=+0,+0,+0.00 电=7.63V/2.52A/峰3.74 补余=0.0 IO错=0 倾+0.0 自动2/3
[  213.657] TLM t= 141.3 L1·A@-75 L2·A@-73 L3·A@-76 R1·A@-75 R2·A@-73 R3·A@-72 罐=无罐 泵=0 阀=111111 速=+0,+0,+0.00 电=7.62V/2.60A/峰3.74 补余=0.0 IO错=0 倾+0.0 自动2/3
[  214.179] TLM t= 141.8 L1·A@-75 L2·A@-72 L3·A@-75 R1·A@-75 R2·A@-73 R3·A@-71 罐=无罐 泵=0 阀=111111 速=+0,+0,+0.00 电=7.63V/2.60A/峰3.74 补余=0.0 IO错=0 倾+0.0 自动2/3
[  214.684] TLM t= 142.3 L1·A@-75 L2·A@-72 L3·A@-75 R1·A@-75 R2·A@-72 R3·A@-70 罐=无罐 泵=0 阀=111111 速=+0,+0,+0.00 电=7.63V/2.60A/峰3.74 补余=0.0 IO错=0 倾+0.0 自动2/3
[  215.200] TLM t= 142.9 L1·A@-75 L2·A@-72 L3·A@-75 R1·A@-75 R2·A@-72 R3·A@-70 罐=无罐 泵=0 阀=111111 速=+0,+0,+0.00 电=7.62V/2.44A/峰3.74 补余=0.0 IO错=0 倾+0.0 自动2/3
[  215.707] TLM t= 143.4 L1·A@-75 L2·A@-71 L3·A@-75 R1·A@-75 R2·A@-71 R3·A@-69 罐=无罐 泵=0 阀=111111 速=+0,+0,+0.00 电=7.62V/2.52A/峰3.74 补余=0.0 IO错=0 倾+0.0 自动2/3
[  216.224] TLM t= 143.9 L1·A@-74 L2·A@-71 L3·A@-75 R1·A@-75 R2·A@-71 R3·A@-68 罐=无罐 泵=0 阀=111111 速=+0,+0,+0.00 电=7.64V/2.52A/峰3.74 补余=0.0 IO错=0 倾+0.0 自动2/3
[  216.729] TLM t= 144.4 L1·A@-74 L2·A@-70 L3·A@-75 R1·A@-75 R2·A@-71 R3·A@-68 罐=无罐 泵=0 阀=111111 速=+0,+0,+0.00 电=7.64V/2.44A/峰3.74 补余=0.0 IO错=0 倾+0.0 自动2/3
[  217.248] TLM t= 144.9 L1·A@-74 L2·A@-70 L3·A@-75 R1·A@-75 R2·A@-70 R3·A@-67 罐=无罐 泵=0 阀=111111 速=+0,+0,+0.00 电=7.62V/2.52A/峰3.74 补余=0.0 IO错=0 倾+0.0 自动2/3
[  217.750] TLM t= 145.4 L1·A@-74 L2·A@-69 L3·A@-75 R1·A@-75 R2·A@-70 R3·A@-67 罐=无罐 泵=0 阀=111111 速=+0,+0,+0.00 电=7.63V/2.52A/峰3.74 补余=0.0 IO错=0 倾+0.0 自动2/3
[  218.269] TLM t= 145.9 L1·A@-74 L2·A@-69 L3·A@-75 R1·A@-75 R2·A@-69 R3·A@-66 罐=无罐 泵=0 阀=111111 速=+0,+0,+0.00 电=7.64V/2.52A/峰3.74 补余=0.0 IO错=0 倾+0.0 自动2/3
[  218.774] TLM t= 146.4 L1·A@-74 L2·A@-68 L3·A@-75 R1·A@-75 R2·A@-69 R3·A@-65 罐=无罐 泵=0 阀=111111 速=+0,+0,+0.00 电=7.62V/2.52A/峰3.74 补余=0.0 IO错=0 倾+0.0 自动2/3
[  219.292] TLM t= 146.9 L1·A@-74 L2·A@-68 L3·A@-75 R1·A@-75 R2·A@-69 R3·A@-65 罐=无罐 泵=0 阀=111111 速=+0,+0,+0.00 电=7.64V/2.52A/峰3.74 补余=0.0 IO错=0 倾+0.0 自动2/3
[  219.743] EVT 原地抬起受理：L1
[  219.766] EVT 相位 L1 stance→handover
[  219.796] TLM t= 148.2 L1ZA@-74 L2·A@-67 L3·A@-75 R1·A@-75 R2·A@-68 R3·A@-64 罐=无罐 泵=0 阀=111111 速=+0,+0,+0.00 电=7.62V/2.52A/峰3.74 补余=0.0 IO错=0 倾+0.0 自动2/3
[  220.317] TLM t= 148.8 L1ZA@-74 L2·A@-67 L3·A@-75 R1·A@-75 R2·A@-68 R3·A@-64 罐=无罐 泵=0 阀=111111 速=+0,+0,+0.00 电=7.67V/2.04A/峰3.74 补余=0.0 IO错=0 倾+0.0 自动2/3
[  220.823] TLM t= 148.8 L1ZA@-74 L2·A@-67 L3·A@-75 R1·A@-74 R2·A@-68 R3·A@-63 罐=无罐 泵=0 阀=111111 速=+0,+0,+0.00 电=7.67V/2.12A/峰3.74 补余=0.0 IO错=0 倾+0.0 自动2/3
[  221.338] TLM t= 148.8 L1ZA@-73 L2·A@-66 L3·A@-75 R1·A@-74 R2·A@-67 R3·A@-62 罐=无罐 泵=0 阀=111111 速=+0,+0,+0.00 电=7.65V/1.95A/峰3.74 补余=0.0 IO错=0 倾+0.0 自动2/3
[  221.843] TLM t= 148.8 L1ZA@-73 L2·A@-66 L3·A@-75 R1·A@-74 R2·A@-67 R3·A@-62 罐=无罐 泵=0 阀=111111 速=+0,+0,+0.00 电=7.66V/2.12A/峰3.74 补余=0.0 IO错=0 倾+0.0 自动2/3
[  222.362] TLM t= 148.8 L1ZA@-73 L2·A@-65 L3·A@-75 R1·A@-74 R2·A@-66 R3·A@-61 罐=无罐 泵=0 阀=111111 速=+0,+0,+0.00 电=7.66V/2.04A/峰3.74 补余=0.0 IO错=0 倾+0.0 自动2/3
[  222.857] EVT 吸附 L1 attached→venting 在态106.38s -73.2kPa
[  222.858] EVT 相位 L1 handover→vent 落点Δ(+0.0,+0.0)
[  222.868] TLM t= 148.8 L1Vv@-73 L2·A@-65 L3·A@-75 R1·A@-74 R2·A@-66 R3·A@-61 罐=无罐 泵=0 阀=111111 速=+0,+0,+0.00 电=7.63V/2.36A/峰3.74 补余=0.0 IO错=0 倾+0.0 自动2/3
[  222.873] EVT 阀 L1 →排气位
[  223.156] EVT 相位 L1 vent→lift
[  223.234] EVT 泵 开 最差盘压-60.0
[  223.259] EVT 吸附 L1 venting→released 在态0.40s 0.1kPa
[  223.387] TLM t= 148.8 L1Lr@-- L2·A@-64 L3·A@-74 R1·A@-74 R2·A@-66 R3·A@-60 罐=无罐 泵=1 阀=011111 速=+0,+0,+0.00 电=7.57V/2.77A/峰3.74 补余=0.0 IO错=0 倾+0.0 自动2/3
[  223.887] TLM t= 148.8 L1Lr@-- L2·A@-73 L3·A@-74 R1·A@-74 R2·A@-73 R3·A@-72 罐=无罐 泵=1 阀=011111 速=+0,+0,+0.00 电=7.54V/2.85A/峰3.74 补余=0.0 IO错=0 倾+0.0 自动2/3
[  223.999] EVT 相位 L1 lift→transfer
[  224.119] EVT 泵 停 最差盘压-75.2
[  224.408] TLM t= 148.8 L1Tr@-- L2·A@-76 L3·A@-76 R1·A@-76 R2·A@-76 R3·A@-76 罐=无罐 泵=0 阀=011111 速=+0,+0,+0.00 电=7.61V/2.69A/峰3.74 补余=0.0 IO错=0 倾+0.0 自动2/3
[  224.618] EVT 相位 L1 transfer→hover
[  224.910] TLM t= 148.8 L1Hr@-- L2·A@-76 L3·A@-76 R1·A@-76 R2·A@-76 R3·A@-75 罐=无罐 泵=0 阀=011111 速=+0,+0,+0.00 电=7.60V/2.85A/峰3.74 补余=0.0 IO错=0 倾+0.0 自动2/3
[  225.430] TLM t= 148.8 L1Hr@-- L2·A@-75 L3·A@-76 R1·A@-76 R2·A@-75 R3·A@-75 罐=无罐 泵=0 阀=011111 速=+0,+0,+0.00 电=7.60V/2.69A/峰3.74 补余=0.0 IO错=0 倾+0.0 自动2/3
[  225.624] EVT 落地：L1
[  225.641] EVT 相位 L1 hover→descend
[  225.936] TLM t= 148.8 L1Dr@-- L2·A@-75 L3·A@-76 R1·A@-76 R2·A@-75 R3·A@-74 罐=无罐 泵=0 阀=011111 速=+0,+0,+0.00 电=7.62V/2.93A/峰3.74 补余=0.0 IO错=0 倾+0.0 自动2/3
[  226.122] EVT 相位 L1 descend→press
[  226.455] TLM t= 148.8 L1Pr@-- L2·A@-74 L3·A@-76 R1·A@-76 R2·A@-74 R3·A@-73 罐=无罐 泵=0 阀=011111 速=+0,+0,+0.00 电=7.59V/2.93A/峰3.74 补余=0.0 IO错=0 倾+0.0 自动2/3
[  226.958] TLM t= 148.8 L1Pr@-- L2·A@-74 L3·A@-76 R1·A@-76 R2·A@-74 R3·A@-73 罐=无罐 泵=0 阀=011111 速=+0,+0,+0.00 电=7.61V/2.60A/峰3.74 补余=0.0 IO错=0 倾+0.0 自动2/3
[  227.327] EVT 吸附 L1 released→pressing 在态4.06s 0.1kPa
[  227.328] EVT 相位 L1 press→wait
[  227.482] TLM t= 148.8 L1Wp@-- L2·A@-73 L3·A@-76 R1·A@-75 R2·A@-73 R3·A@-72 罐=无罐 泵=0 阀=011111 速=+0,+0,+0.00 电=7.60V/2.85A/峰3.74 补余=0.0 IO错=0 倾+0.0 自动2/3
[  227.630] EVT 吸附 L1 pressing→sucking 在态0.30s 0.1kPa
[  227.630] EVT 阀 L1 →抽气位
[  227.655] EVT 泵 开 最差盘压-71.9
[  227.982] TLM t= 148.8 L1Ws@-61 L2·A@-73 L3·A@-76 R1·A@-75 R2·A@-73 R3·A@-71 罐=无罐 泵=1 阀=111111 速=+0,+0,+0.00 电=7.58V/2.60A/峰3.74 补余=0.0 IO错=0 倾+0.0 自动2/3
[  228.029] EVT 吸附 L1 sucking→attached 在态0.40s -64.8kPa
[  228.034] EVT 相位 L1 wait→stance
[  228.034] EVT 抬落完成，轮到 R2
[  228.438] EVT 泵 停 最差盘压-75.0
[  228.506] TLM t= 149.3 L1·A@-76 L2·A@-76 L3·A@-76 R1·A@-75 R2·A@-76 R3·A@-76 罐=无罐 泵=0 阀=111111 速=+0,+0,+0.00 电=7.60V/2.52A/峰3.74 补余=0.0 IO错=0 倾+0.0 自动2/3
[  229.007] TLM t= 149.8 L1·A@-76 L2·A@-76 L3·A@-76 R1·A@-75 R2·A@-75 R3·A@-75 罐=无罐 泵=0 阀=111111 速=+0,+0,+0.00 电=7.63V/2.52A/峰3.74 补余=0.0 IO错=0 倾+0.0 自动2/3
[  229.535] TLM t= 150.3 L1·A@-75 L2·A@-75 L3·A@-76 R1·A@-75 R2·A@-75 R3·A@-75 罐=无罐 泵=0 阀=111111 速=+0,+0,+0.00 电=7.63V/2.77A/峰3.74 补余=0.0 IO错=0 倾+0.0 自动2/3
[  230.038] TLM t= 150.8 L1·A@-75 L2·A@-75 L3·A@-76 R1·A@-75 R2·A@-74 R3·A@-74 罐=无罐 泵=0 阀=111111 速=+0,+0,+0.00 电=7.62V/2.52A/峰3.74 补余=0.0 IO错=0 倾+0.0 自动2/3
[  230.560] TLM t= 151.3 L1·A@-75 L2·A@-74 L3·A@-76 R1·A@-75 R2·A@-74 R3·A@-73 罐=无罐 泵=0 阀=111111 速=+0,+0,+0.00 电=7.61V/2.52A/峰3.74 补余=0.0 IO错=0 倾+0.0 自动2/3
[  231.063] TLM t= 151.8 L1·A@-75 L2·A@-74 L3·A@-76 R1·A@-75 R2·A@-74 R3·A@-73 罐=无罐 泵=0 阀=111111 速=+0,+0,+0.00 电=7.61V/2.85A/峰3.74 补余=0.0 IO错=0 倾+0.0 自动2/3
[  231.586] TLM t= 152.3 L1·A@-75 L2·A@-73 L3·A@-76 R1·A@-75 R2·A@-73 R3·A@-72 罐=无罐 泵=0 阀=111111 速=+0,+0,+0.00 电=7.63V/2.69A/峰3.74 补余=0.0 IO错=0 倾+0.0 自动2/3
[  232.092] TLM t= 152.8 L1·A@-75 L2·A@-73 L3·A@-76 R1·A@-75 R2·A@-73 R3·A@-72 罐=无罐 泵=0 阀=111111 速=+0,+0,+0.00 电=7.64V/2.85A/峰3.74 补余=0.0 IO错=0 倾+0.0 自动2/3
[  232.612] TLM t= 153.3 L1·A@-74 L2·A@-72 L3·A@-75 R1·A@-75 R2·A@-72 R3·A@-71 罐=无罐 泵=0 阀=111111 速=+0,+0,+0.00 电=7.63V/2.69A/峰3.74 补余=0.0 IO错=0 倾+0.0 自动2/3
[  233.116] TLM t= 153.8 L1·A@-74 L2·A@-72 L3·A@-75 R1·A@-75 R2·A@-72 R3·A@-70 罐=无罐 泵=0 阀=111111 速=+0,+0,+0.00 电=7.62V/2.52A/峰3.74 补余=0.0 IO错=0 倾+0.0 自动2/3
[  233.637] TLM t= 154.4 L1·A@-74 L2·A@-71 L3·A@-75 R1·A@-75 R2·A@-72 R3·A@-70 罐=无罐 泵=0 阀=111111 速=+0,+0,+0.00 电=7.62V/2.77A/峰3.74 补余=0.0 IO错=0 倾+0.0 自动2/3
[  234.138] TLM t= 154.9 L1·A@-74 L2·A@-71 L3·A@-75 R1·A@-75 R2·A@-71 R3·A@-69 罐=无罐 泵=0 阀=111111 速=+0,+0,+0.00 电=7.64V/2.77A/峰3.74 补余=0.0 IO错=0 倾+0.0 自动2/3
[  234.662] TLM t= 155.4 L1·A@-74 L2·A@-71 L3·A@-75 R1·A@-75 R2·A@-71 R3·A@-68 罐=无罐 泵=0 阀=111111 速=+0,+0,+0.00 电=7.61V/2.69A/峰3.74 补余=0.0 IO错=0 倾+0.0 自动2/3
[  235.166] TLM t= 155.9 L1·A@-74 L2·A@-70 L3·A@-75 R1·A@-75 R2·A@-71 R3·A@-68 罐=无罐 泵=0 阀=111111 速=+0,+0,+0.00 电=7.62V/2.77A/峰3.74 补余=0.0 IO错=0 倾+0.0 自动2/3
[  235.688] TLM t= 156.4 L1·A@-74 L2·A@-70 L3·A@-75 R1·A@-75 R2·A@-70 R3·A@-67 罐=无罐 泵=0 阀=111111 速=+0,+0,+0.00 电=7.64V/2.44A/峰3.74 补余=0.0 IO错=0 倾+0.0 自动2/3
[  236.190] TLM t= 156.9 L1·A@-74 L2·A@-69 L3·A@-75 R1·A@-75 R2·A@-70 R3·A@-67 罐=无罐 泵=0 阀=111111 速=+0,+0,+0.00 电=7.62V/2.60A/峰3.74 补余=0.0 IO错=0 倾+0.0 自动2/3
[  236.715] TLM t= 157.4 L1·A@-73 L2·A@-69 L3·A@-75 R1·A@-75 R2·A@-69 R3·A@-66 罐=无罐 泵=0 阀=111111 速=+0,+0,+0.00 电=7.63V/2.52A/峰3.74 补余=0.0 IO错=0 倾+0.0 自动2/3
[  237.216] TLM t= 157.9 L1·A@-73 L2·A@-68 L3·A@-75 R1·A@-75 R2·A@-69 R3·A@-65 罐=无罐 泵=0 阀=111111 速=+0,+0,+0.00 电=7.63V/2.69A/峰3.74 补余=0.0 IO错=0 倾+0.0 自动2/3
[  237.740] TLM t= 158.4 L1·A@-73 L2·A@-68 L3·A@-75 R1·A@-75 R2·A@-69 R3·A@-65 罐=无罐 泵=0 阀=111111 速=+0,+0,+0.00 电=7.60V/2.69A/峰3.74 补余=0.0 IO错=0 倾+0.0 自动2/3
[  238.056] EVT 原地抬起受理：R2
[  238.069] EVT 相位 R2 stance→handover
[  238.247] TLM t= 159.8 L1·A@-73 L2·A@-67 L3·A@-75 R1·A@-74 R2ZA@-68 R3·A@-64 罐=无罐 泵=0 阀=111111 速=+0,+0,+0.00 电=7.62V/2.60A/峰3.74 补余=0.0 IO错=0 倾+0.0 自动2/3
[  238.768] TLM t= 160.2 L1·A@-73 L2·A@-67 L3·A@-75 R1·A@-74 R2ZA@-68 R3·A@-64 罐=无罐 泵=0 阀=111111 速=+0,+0,+0.00 电=7.62V/2.77A/峰3.74 补余=0.0 IO错=0 倾+0.0 自动2/3
[  239.272] TLM t= 160.2 L1·A@-73 L2·A@-67 L3·A@-75 R1·A@-74 R2ZA@-67 R3·A@-63 罐=无罐 泵=0 阀=111111 速=+0,+0,+0.00 电=7.61V/2.60A/峰3.74 补余=0.0 IO错=0 倾+0.0 自动2/3
[  239.796] TLM t= 160.2 L1·A@-73 L2·A@-66 L3·A@-75 R1·A@-74 R2ZA@-67 R3·A@-62 罐=无罐 泵=0 阀=111111 速=+0,+0,+0.00 电=7.61V/2.93A/峰3.74 补余=0.0 IO错=0 倾+0.0 自动2/3
[  240.270] EVT 吸附 R2 attached→venting 在态106.46s -66.5kPa
[  240.270] EVT 相位 R2 handover→vent 落点Δ(+0.0,+0.0)
[  240.290] EVT 阀 R2 →排气位
[  240.299] TLM t= 160.2 L1·A@-73 L2·A@-66 L3·A@-75 R1·A@-74 R2Vv@-67 R3·A@-62 罐=无罐 泵=0 阀=111101 速=+0,+0,+0.00 电=7.61V/2.85A/峰3.74 补余=0.0 IO错=0 倾+0.0 自动2/3
[  240.569] EVT 相位 R2 vent→lift
[  240.666] EVT 吸附 R2 venting→released 在态0.40s 0.0kPa
[  240.817] TLM t= 160.2 L1·A@-73 L2·A@-65 L3·A@-74 R1·A@-74 R2Lr@-- R3·A@-61 罐=无罐 泵=0 阀=111101 速=+0,+0,+0.00 电=7.55V/3.26A/峰3.74 补余=0.0 IO错=0 倾+0.0 自动2/3
[  241.323] TLM t= 160.2 L1·A@-72 L2·A@-65 L3·A@-74 R1·A@-74 R2Lr@-- R3·A@-61 罐=无罐 泵=0 阀=111101 速=+0,+0,+0.00 电=7.55V/2.85A/峰3.74 补余=0.0 IO错=0 倾+0.0 自动2/3
[  241.411] EVT 相位 R2 lift→transfer
[  241.841] TLM t= 160.2 L1·A@-72 L2·A@-64 L3·A@-74 R1·A@-74 R2Tr@-- R3·A@-60 罐=无罐 泵=0 阀=111101 速=+0,+0,+0.00 电=7.59V/3.09A/峰3.74 补余=0.0 IO错=0 倾+0.0 自动2/3
[  241.915] EVT 泵 开 最差盘压-60.0
[  242.035] EVT 相位 R2 transfer→hover
[  242.346] TLM t= 160.2 L1·A@-72 L2·A@-69 L3·A@-74 R1·A@-74 R2Hr@-- R3·A@-68 罐=无罐 泵=1 阀=111101 速=+0,+0,+0.00 电=7.52V/3.01A/峰3.74 补余=0.0 IO错=0 倾+0.0 自动2/3
[  242.817] EVT 泵 停 最差盘压-75.3
[  242.869] TLM t= 160.2 L1·A@-76 L2·A@-76 L3·A@-76 R1·A@-75 R2Hr@-- R3·A@-76 罐=无罐 泵=0 阀=111101 速=+0,+0,+0.00 电=7.59V/2.85A/峰3.74 补余=0.0 IO错=0 倾+0.0 自动2/3
[  243.045] EVT 落地：R2
[  243.067] EVT 相位 R2 hover→descend
[  243.380] TLM t= 160.2 L1·A@-76 L2·A@-76 L3·A@-76 R1·A@-76 R2Dr@-- R3·A@-76 罐=无罐 泵=0 阀=111101 速=+0,+0,+0.00 电=7.57V/3.01A/峰3.74 补余=0.0 IO错=0 倾+0.0 自动2/3
[  243.549] EVT 相位 R2 descend→press
[  243.897] TLM t= 160.2 L1·A@-76 L2·A@-76 L3·A@-76 R1·A@-76 R2Pr@-- R3·A@-75 罐=无罐 泵=0 阀=111101 速=+0,+0,+0.00 电=7.57V/3.01A/峰3.74 补余=0.0 IO错=0 倾+0.0 自动2/3
[  244.400] TLM t= 160.2 L1·A@-76 L2·A@-75 L3·A@-76 R1·A@-76 R2Pr@-- R3·A@-75 罐=无罐 泵=0 阀=111101 速=+0,+0,+0.00 电=7.57V/2.93A/峰3.74 补余=0.0 IO错=0 倾+0.0 自动2/3
[  244.752] EVT 吸附 R2 released→pressing 在态4.06s 0.0kPa
[  244.753] EVT 相位 R2 press→wait
[  244.919] TLM t= 160.2 L1·A@-76 L2·A@-75 L3·A@-76 R1·A@-76 R2Wp@-- R3·A@-74 罐=无罐 泵=0 阀=111101 速=+0,+0,+0.00 电=7.57V/2.93A/峰3.74 补余=0.0 IO错=0 倾+0.0 自动2/3
[  245.053] EVT 吸附 R2 pressing→sucking 在态0.30s 0.0kPa
[  245.054] EVT 阀 R2 →抽气位
[  245.069] EVT 泵 开 最差盘压-73.8
[  245.332] EVT 吸附 R2 sucking→attached 在态0.28s -65.3kPa
[  245.332] EVT 相位 R2 wait→stance
[  245.332] EVT 抬落完成，轮到 L3
[  245.423] TLM t= 160.3 L1·A@-76 L2·A@-74 L3·A@-76 R1·A@-76 R2·A@-67 R3·A@-73 罐=无罐 泵=1 阀=111111 速=+0,+0,+0.00 电=7.54V/2.93A/峰3.74 补余=0.0 IO错=0 倾+0.0 自动2/3
[  245.776] EVT 泵 停 最差盘压-75.2
[  245.944] TLM t= 160.8 L1·A@-76 L2·A@-76 L3·A@-76 R1·A@-76 R2·A@-76 R3·A@-76 罐=无罐 泵=0 阀=111111 速=+0,+0,+0.00 电=7.61V/2.85A/峰3.74 补余=0.0 IO错=0 倾+0.0 自动2/3
[  246.446] TLM t= 161.3 L1·A@-76 L2·A@-76 L3·A@-76 R1·A@-76 R2·A@-75 R3·A@-75 罐=无罐 泵=0 阀=111111 速=+0,+0,+0.00 电=7.59V/2.93A/峰3.74 补余=0.0 IO错=0 倾+0.0 自动2/3
[  246.965] TLM t= 161.8 L1·A@-76 L2·A@-75 L3·A@-76 R1·A@-75 R2·A@-75 R3·A@-75 罐=无罐 泵=0 阀=111111 速=+0,+0,+0.00 电=7.61V/2.85A/峰3.74 补余=0.0 IO错=0 倾+0.0 自动2/3
[  247.471] TLM t= 162.3 L1·A@-76 L2·A@-75 L3·A@-76 R1·A@-75 R2·A@-74 R3·A@-74 罐=无罐 泵=0 阀=111111 速=+0,+0,+0.00 电=7.62V/2.77A/峰3.74 补余=0.0 IO错=0 倾+0.0 自动2/3
[  247.990] TLM t= 162.8 L1·A@-76 L2·A@-74 L3·A@-76 R1·A@-75 R2·A@-74 R3·A@-74 罐=无罐 泵=0 阀=111111 速=+0,+0,+0.00 电=7.59V/3.01A/峰3.74 补余=0.0 IO错=0 倾+0.0 自动2/3
[  248.497] TLM t= 163.3 L1·A@-76 L2·A@-74 L3·A@-76 R1·A@-75 R2·A@-73 R3·A@-73 罐=无罐 泵=0 阀=111111 速=+0,+0,+0.00 电=7.60V/2.93A/峰3.74 补余=0.0 IO错=0 倾+0.0 自动2/3
[  249.014] TLM t= 163.9 L1·A@-76 L2·A@-73 L3·A@-76 R1·A@-75 R2·A@-73 R3·A@-72 罐=无罐 泵=0 阀=111111 速=+0,+0,+0.00 电=7.58V/2.85A/峰3.74 补余=0.0 IO错=0 倾+0.0 自动2/3
[  249.517] TLM t= 164.4 L1·A@-75 L2·A@-73 L3·A@-76 R1·A@-75 R2·A@-73 R3·A@-72 罐=无罐 泵=0 阀=111111 速=+0,+0,+0.00 电=7.57V/3.17A/峰3.74 补余=0.0 IO错=0 倾+0.0 自动2/3
[  250.037] TLM t= 164.9 L1·A@-75 L2·A@-73 L3·A@-76 R1·A@-75 R2·A@-72 R3·A@-71 罐=无罐 泵=0 阀=111111 速=+0,+0,+0.00 电=7.62V/2.85A/峰3.74 补余=0.0 IO错=0 倾+0.0 自动2/3
[  250.541] TLM t= 165.4 L1·A@-75 L2·A@-72 L3·A@-75 R1·A@-75 R2·A@-72 R3·A@-70 罐=无罐 泵=0 阀=111111 速=+0,+0,+0.00 电=7.61V/2.93A/峰3.74 补余=0.0 IO错=0 倾+0.0 自动2/3
[  251.061] TLM t= 165.9 L1·A@-75 L2·A@-72 L3·A@-75 R1·A@-75 R2·A@-71 R3·A@-70 罐=无罐 泵=0 阀=111111 速=+0,+0,+0.00 电=7.62V/2.93A/峰3.74 补余=0.0 IO错=0 倾+0.0 自动2/3
[  251.566] TLM t= 166.4 L1·A@-75 L2·A@-71 L3·A@-75 R1·A@-75 R2·A@-71 R3·A@-69 罐=无罐 泵=0 阀=111111 速=+0,+0,+0.00 电=7.59V/2.93A/峰3.74 补余=0.0 IO错=0 倾+0.0 自动2/3
[  252.084] TLM t= 166.9 L1·A@-75 L2·A@-71 L3·A@-75 R1·A@-75 R2·A@-70 R3·A@-69 罐=无罐 泵=0 阀=111111 速=+0,+0,+0.00 电=7.61V/2.93A/峰3.74 补余=0.0 IO错=0 倾+0.0 自动2/3
[  252.590] TLM t= 167.4 L1·A@-75 L2·A@-70 L3·A@-75 R1·A@-75 R2·A@-70 R3·A@-68 罐=无罐 泵=0 阀=111111 速=+0,+0,+0.00 电=7.58V/2.85A/峰3.74 补余=0.0 IO错=0 倾+0.0 自动2/3
[  253.108] TLM t= 167.9 L1·A@-75 L2·A@-70 L3·A@-75 R1·A@-75 R2·A@-70 R3·A@-68 罐=无罐 泵=0 阀=111111 速=+0,+0,+0.00 电=7.60V/3.09A/峰3.74 补余=0.0 IO错=0 倾+0.0 自动2/3
[  253.615] TLM t= 168.4 L1·A@-75 L2·A@-69 L3·A@-75 R1·A@-75 R2·A@-69 R3·A@-67 罐=无罐 泵=0 阀=111111 速=+0,+0,+0.00 电=7.59V/3.01A/峰3.74 补余=0.0 IO错=0 倾+0.0 自动2/3
[  254.130] TLM t= 169.0 L1·A@-75 L2·A@-69 L3·A@-75 R1·A@-75 R2·A@-69 R3·A@-66 罐=无罐 泵=0 阀=111111 速=+0,+0,+0.00 电=7.59V/2.93A/峰3.74 补余=0.0 IO错=0 倾+0.0 自动2/3
[  254.637] TLM t= 169.5 L1·A@-74 L2·A@-68 L3·A@-75 R1·A@-75 R2·A@-69 R3·A@-66 罐=无罐 泵=0 阀=111111 速=+0,+0,+0.00 电=7.62V/2.77A/峰3.74 补余=0.0 IO错=0 倾+0.0 自动2/3
[  255.153] TLM t= 170.0 L1·A@-74 L2·A@-68 L3·A@-75 R1·A@-75 R2·A@-68 R3·A@-65 罐=无罐 泵=0 阀=111111 速=+0,+0,+0.00 电=7.60V/2.77A/峰3.74 补余=0.0 IO错=0 倾+0.0 自动2/3
[  255.365] EVT 原地抬起受理：L3
[  255.387] EVT 相位 L3 stance→handover
[  255.660] TLM t= 171.3 L1·A@-74 L2·A@-68 L3ZA@-75 R1·A@-75 R2·A@-68 R3·A@-65 罐=无罐 泵=0 阀=111111 速=+0,+0,+0.00 电=7.61V/2.52A/峰3.74 补余=0.0 IO错=0 倾+0.0 自动2/3
[  256.179] TLM t= 171.6 L1·A@-74 L2·A@-67 L3ZA@-75 R1·A@-75 R2·A@-67 R3·A@-64 罐=无罐 泵=0 阀=111111 速=+0,+0,+0.00 电=7.63V/2.36A/峰3.74 补余=0.0 IO错=0 倾+0.0 自动2/3
[  256.681] TLM t= 171.6 L1·A@-74 L2·A@-67 L3ZA@-75 R1·A@-75 R2·A@-67 R3·A@-63 罐=无罐 泵=0 阀=111111 速=+0,+0,+0.00 电=7.61V/2.52A/峰3.74 补余=0.0 IO错=0 倾+0.0 自动2/3
[  257.200] TLM t= 171.6 L1·A@-74 L2·A@-66 L3ZA@-75 R1·A@-75 R2·A@-67 R3·A@-63 罐=无罐 泵=0 阀=111111 速=+0,+0,+0.00 电=7.62V/2.52A/峰3.74 补余=0.0 IO错=0 倾+0.0 自动2/3
[  257.708] TLM t= 171.6 L1·A@-74 L2·A@-66 L3ZA@-75 R1·A@-74 R2·A@-66 R3·A@-62 罐=无罐 泵=0 阀=111111 速=+0,+0,+0.00 电=7.62V/2.77A/峰3.74 补余=0.0 IO错=0 倾+0.0 自动2/3
[  258.222] TLM t= 171.6 L1·A@-74 L2·A@-65 L3ZA@-74 R1·A@-75 R2·A@-66 R3·A@-62 罐=无罐 泵=0 阀=111111 速=+0,+0,+0.00 电=7.62V/2.85A/峰3.74 补余=0.0 IO错=0 倾+0.0 自动2/3
[  258.275] EVT 吸附 L3 attached→venting 在态106.46s -74.5kPa
[  258.275] EVT 相位 L3 handover→vent 落点Δ(+0.0,+0.0)
[  258.298] EVT 阀 L3 →排气位
[  258.574] EVT 相位 L3 vent→lift
[  258.676] EVT 吸附 L3 venting→released 在态0.40s 0.2kPa
[  258.730] TLM t= 171.6 L1·A@-74 L2·A@-65 L3Lr@-- R1·A@-74 R2·A@-66 R3·A@-61 罐=无罐 泵=0 阀=110111 速=+0,+0,+0.00 电=7.60V/2.85A/峰3.74 补余=0.0 IO错=0 倾+0.0 自动2/3
[  259.244] TLM t= 171.6 L1·A@-74 L2·A@-65 L3Lr@-- R1·A@-74 R2·A@-65 R3·A@-61 罐=无罐 泵=0 阀=110111 速=+0,+0,+0.00 电=7.59V/2.93A/峰3.74 补余=0.0 IO错=0 倾+0.0 自动2/3
[  259.416] EVT 相位 L3 lift→transfer
[  259.682] EVT 泵 开 最差盘压-60.0
[  259.751] TLM t= 171.6 L1·A@-74 L2·A@-64 L3Tr@-- R1·A@-74 R2·A@-65 R3·A@-60 罐=无罐 泵=1 阀=110111 速=+0,+0,+0.00 电=7.52V/3.01A/峰3.74 补余=0.0 IO错=0 倾+0.0 自动2/3
[  260.043] EVT 相位 L3 transfer→hover
[  260.267] TLM t= 171.6 L1·A@-74 L2·A@-71 L3Hr@-- R1·A@-74 R2·A@-72 R3·A@-71 罐=无罐 泵=1 阀=110111 速=+0,+0,+0.00 电=7.50V/2.77A/峰3.74 补余=0.0 IO错=0 倾+0.0 自动2/3
[  260.584] EVT 泵 停 最差盘压-75.2
[  260.775] TLM t= 171.6 L1·A@-76 L2·A@-76 L3Hr@-- R1·A@-76 R2·A@-76 R3·A@-76 罐=无罐 泵=0 阀=110111 速=+0,+0,+0.00 电=7.60V/2.85A/峰3.74 补余=0.0 IO错=0 倾+0.0 自动2/3
[  261.066] EVT 落地：L3
[  261.081] EVT 相位 L3 hover→descend
[  261.288] TLM t= 171.6 L1·A@-76 L2·A@-76 L3Dr@-- R1·A@-76 R2·A@-76 R3·A@-75 罐=无罐 泵=0 阀=110111 速=+0,+0,+0.00 电=7.59V/2.85A/峰3.74 补余=0.0 IO错=0 倾+0.0 自动2/3
[  261.562] EVT 相位 L3 descend→press
[  261.797] TLM t= 171.6 L1·A@-76 L2·A@-75 L3Pr@-- R1·A@-76 R2·A@-75 R3·A@-75 罐=无罐 泵=0 阀=110111 速=+0,+0,+0.00 电=7.56V/2.52A/峰3.74 补余=0.0 IO错=0 倾+0.0 自动2/3
[  262.313] TLM t= 171.6 L1·A@-76 L2·A@-75 L3Pr@-- R1·A@-76 R2·A@-75 R3·A@-74 罐=无罐 泵=0 阀=110111 速=+0,+0,+0.00 电=7.61V/2.69A/峰3.74 补余=0.0 IO错=0 倾+0.0 自动2/3
[  262.765] EVT 吸附 L3 released→pressing 在态4.08s 0.2kPa
[  262.765] EVT 相位 L3 press→wait
[  262.818] TLM t= 171.6 L1·A@-76 L2·A@-74 L3Wp@-- R1·A@-75 R2·A@-74 R3·A@-74 罐=无罐 泵=0 阀=110111 速=+0,+0,+0.00 电=7.59V/2.69A/峰3.74 补余=0.0 IO错=0 倾+0.0 自动2/3
[  263.066] EVT 吸附 L3 pressing→sucking 在态0.30s 0.2kPa
[  263.066] EVT 阀 L3 →抽气位
[  263.089] EVT 泵 开 最差盘压-73.2
[  263.338] TLM t= 171.6 L1·A@-76 L2·A@-74 L3Ws@-57 R1·A@-75 R2·A@-74 R3·A@-73 罐=无罐 泵=1 阀=111111 速=+0,+0,+0.00 电=7.48V/3.01A/峰3.74 补余=0.0 IO错=0 倾+0.0 自动2/3
[  263.348] EVT 吸附 L3 sucking→attached 在态0.28s -57.4kPa
[  263.354] EVT 相位 L3 wait→stance
[  263.354] EVT 抬落完成，轮到 R1
[  263.842] TLM t= 172.1 L1·A@-76 L2·A@-75 L3·A@-74 R1·A@-75 R2·A@-74 R3·A@-75 罐=无罐 泵=1 阀=111111 速=+0,+0,+0.00 电=7.56V/2.69A/峰3.74 补余=0.0 IO错=0 倾+0.0 自动2/3
[  263.910] EVT 泵 停 最差盘压-75.1
[  264.361] TLM t= 172.6 L1·A@-76 L2·A@-76 L3·A@-76 R1·A@-75 R2·A@-76 R3·A@-76 罐=无罐 泵=0 阀=111111 速=+0,+0,+0.00 电=7.59V/2.77A/峰3.74 补余=0.0 IO错=0 倾+0.0 自动2/3
[  264.868] TLM t= 173.1 L1·A@-76 L2·A@-75 L3·A@-76 R1·A@-75 R2·A@-75 R3·A@-75 罐=无罐 泵=0 阀=111111 速=+0,+0,+0.00 电=7.59V/2.77A/峰3.74 补余=0.0 IO错=0 倾+0.0 自动2/3
[  265.386] TLM t= 173.6 L1·A@-76 L2·A@-75 L3·A@-75 R1·A@-75 R2·A@-75 R3·A@-74 罐=无罐 泵=0 阀=111111 速=+0,+0,+0.00 电=7.58V/2.69A/峰3.74 补余=0.0 IO错=0 倾+0.0 自动2/3
[  265.890] TLM t= 174.1 L1·A@-76 L2·A@-74 L3·A@-75 R1·A@-75 R2·A@-74 R3·A@-74 罐=无罐 泵=0 阀=111111 速=+0,+0,+0.00 电=7.60V/2.69A/峰3.74 补余=0.0 IO错=0 倾+0.0 自动2/3
[  266.410] TLM t= 174.6 L1·A@-75 L2·A@-74 L3·A@-75 R1·A@-75 R2·A@-74 R3·A@-73 罐=无罐 泵=0 阀=111111 速=+0,+0,+0.00 电=7.62V/2.77A/峰3.74 补余=0.0 IO错=0 倾+0.0 自动2/3
[  266.913] TLM t= 175.1 L1·A@-75 L2·A@-73 L3·A@-75 R1·A@-75 R2·A@-73 R3·A@-72 罐=无罐 泵=0 阀=111111 速=+0,+0,+0.00 电=7.59V/2.85A/峰3.74 补余=0.0 IO错=0 倾+0.0 自动2/3
[  267.430] TLM t= 175.7 L1·A@-75 L2·A@-73 L3·A@-75 R1·A@-75 R2·A@-73 R3·A@-72 罐=无罐 泵=0 阀=111111 速=+0,+0,+0.00 电=7.59V/2.93A/峰3.74 补余=0.0 IO错=0 倾+0.0 自动2/3
[  267.938] TLM t= 176.2 L1·A@-75 L2·A@-72 L3·A@-75 R1·A@-75 R2·A@-73 R3·A@-71 罐=无罐 泵=0 阀=111111 速=+0,+0,+0.00 电=7.61V/2.69A/峰3.74 补余=0.0 IO错=0 倾+0.0 自动2/3
[  268.453] TLM t= 176.7 L1·A@-75 L2·A@-72 L3·A@-75 R1·A@-75 R2·A@-72 R3·A@-70 罐=无罐 泵=0 阀=111111 速=+0,+0,+0.00 电=7.60V/2.93A/峰3.74 补余=0.0 IO错=0 倾+0.0 自动2/3
[  268.960] TLM t= 177.2 L1·A@-75 L2·A@-72 L3·A@-75 R1·A@-75 R2·A@-72 R3·A@-70 罐=无罐 泵=0 阀=111111 速=+0,+0,+0.00 电=7.61V/2.52A/峰3.74 补余=0.0 IO错=0 倾+0.0 自动2/3
[  269.480] TLM t= 177.7 L1·A@-75 L2·A@-71 L3·A@-75 R1·A@-74 R2·A@-71 R3·A@-69 罐=无罐 泵=0 阀=111111 速=+0,+0,+0.00 电=7.60V/2.77A/峰3.74 补余=0.0 IO错=0 倾+0.0 自动2/3
[  269.992] TLM t= 178.2 L1·A@-75 L2·A@-71 L3·A@-74 R1·A@-74 R2·A@-71 R3·A@-69 罐=无罐 泵=0 阀=111111 速=+0,+0,+0.00 电=7.61V/2.77A/峰3.74 补余=0.0 IO错=0 倾+0.0 自动2/3
[  270.490] TLM t= 178.7 L1·A@-75 L2·A@-70 L3·A@-74 R1·A@-74 R2·A@-71 R3·A@-68 罐=无罐 泵=0 阀=111111 速=+0,+0,+0.00 电=7.59V/2.69A/峰3.74 补余=0.0 IO错=0 倾+0.0 自动2/3
[  271.018] TLM t= 179.2 L1·A@-75 L2·A@-70 L3·A@-74 R1·A@-74 R2·A@-70 R3·A@-67 罐=无罐 泵=0 阀=111111 速=+0,+0,+0.00 电=7.60V/2.85A/峰3.74 补余=0.0 IO错=0 倾+0.0 自动2/3
[  271.519] TLM t= 179.7 L1·A@-74 L2·A@-69 L3·A@-74 R1·A@-74 R2·A@-70 R3·A@-67 罐=无罐 泵=0 阀=111111 速=+0,+0,+0.00 电=7.60V/3.42A/峰3.74 补余=0.0 IO错=0 倾+0.0 自动2/3
[  272.044] TLM t= 180.2 L1·A@-74 L2·A@-69 L3·A@-74 R1·A@-74 R2·A@-70 R3·A@-66 罐=无罐 泵=0 阀=111111 速=+0,+0,+0.00 电=7.58V/2.77A/峰3.74 补余=0.0 IO错=0 倾+0.0 自动2/3
[  272.544] TLM t= 180.7 L1·A@-74 L2·A@-68 L3·A@-74 R1·A@-74 R2·A@-69 R3·A@-65 罐=无罐 泵=0 阀=111111 速=+0,+0,+0.00 电=7.59V/2.77A/峰3.74 补余=0.0 IO错=0 倾+0.0 自动2/3
[  273.067] TLM t= 181.3 L1·A@-74 L2·A@-68 L3·A@-74 R1·A@-74 R2·A@-69 R3·A@-65 罐=无罐 泵=0 阀=111111 速=+0,+0,+0.00 电=7.60V/2.93A/峰3.74 补余=0.0 IO错=0 倾+0.0 自动2/3
[  273.379] EVT 原地抬起受理：R1
[  273.392] EVT 相位 R1 stance→handover
[  273.567] TLM t= 182.6 L1·A@-74 L2·A@-68 L3·A@-74 R1ZA@-74 R2·A@-68 R3·A@-64 罐=无罐 泵=0 阀=111111 速=+0,+0,+0.00 电=7.61V/2.60A/峰3.74 补余=0.0 IO错=0 倾+0.0 自动2/3
[  274.091] TLM t= 183.0 L1·A@-74 L2·A@-67 L3·A@-74 R1ZA@-74 R2·A@-68 R3·A@-64 罐=无罐 泵=0 阀=111111 速=+0,+0,+0.00 电=7.64V/1.95A/峰3.74 补余=0.0 IO错=0 倾+0.0 自动2/3
[  274.590] TLM t= 183.0 L1·A@-74 L2·A@-67 L3·A@-74 R1ZA@-74 R2·A@-68 R3·A@-63 罐=无罐 泵=0 阀=111111 速=+0,+0,+0.00 电=7.64V/1.95A/峰3.74 补余=0.0 IO错=0 倾+0.0 自动2/3
[  275.116] TLM t= 183.0 L1·A@-74 L2·A@-66 L3·A@-74 R1ZA@-74 R2·A@-67 R3·A@-63 罐=无罐 泵=0 阀=111111 速=+0,+0,+0.00 电=7.62V/2.04A/峰3.74 补余=0.0 IO错=0 倾+0.0 自动2/3
[  275.619] TLM t= 183.0 L1·A@-74 L2·A@-66 L3·A@-74 R1ZA@-74 R2·A@-67 R3·A@-62 罐=无罐 泵=0 阀=111111 速=+0,+0,+0.00 电=7.60V/2.28A/峰3.74 补余=0.0 IO错=0 倾+0.0 自动2/3
[  276.143] TLM t= 183.0 L1·A@-74 L2·A@-65 L3·A@-74 R1ZA@-74 R2·A@-67 R3·A@-61 罐=无罐 泵=0 阀=111111 速=+0,+0,+0.00 电=7.63V/2.12A/峰3.74 补余=0.0 IO错=0 倾+0.0 自动2/3
[  276.645] TLM t= 183.0 L1·A@-74 L2·A@-65 L3·A@-73 R1ZA@-74 R2·A@-66 R3·A@-61 罐=无罐 泵=0 阀=111111 速=+0,+0,+0.00 电=7.63V/2.28A/峰3.74 补余=0.0 IO错=0 倾+0.0 自动2/3
[  276.697] EVT 吸附 R1 attached→venting 在态106.42s -73.6kPa
[  276.698] EVT 相位 R1 handover→vent 落点Δ(+0.0,+0.0)
[  276.710] EVT 阀 R1 →排气位
[  276.999] EVT 相位 R1 vent→lift
[  277.133] EVT 吸附 R1 venting→released 在态0.44s -0.1kPa
[  277.166] TLM t= 183.0 L1·A@-74 L2·A@-65 L3·A@-73 R1Lr@-- R2·A@-66 R3·A@-60 罐=无罐 泵=0 阀=111011 速=+0,+0,+0.00 电=7.60V/2.85A/峰3.74 补余=0.0 IO错=0 倾+0.0 自动2/3
[  277.360] EVT 泵 开 最差盘压-59.9
[  277.670] TLM t= 183.0 L1·A@-74 L2·A@-64 L3·A@-73 R1Lr@-- R2·A@-65 R3·A@-64 罐=无罐 泵=1 阀=111011 速=+0,+0,+0.00 电=7.57V/2.44A/峰3.74 补余=0.0 IO错=0 倾+0.0 自动2/3
[  277.844] EVT 相位 R1 lift→transfer
[  278.194] TLM t= 183.0 L1·A@-74 L2·A@-75 L3·A@-75 R1Tr@-- R2·A@-75 R3·A@-75 罐=无罐 泵=1 阀=111011 速=+0,+0,+0.00 电=7.54V/2.60A/峰3.74 补余=0.0 IO错=0 倾+0.0 自动2/3
[  278.205] EVT 泵 停 最差盘压-75.1
[  278.458] EVT 相位 R1 transfer→hover
[  278.694] TLM t= 183.0 L1·A@-76 L2·A@-76 L3·A@-76 R1Hr@-- R2·A@-75 R3·A@-75 罐=无罐 泵=0 阀=111011 速=+0,+0,+0.00 电=7.62V/2.60A/峰3.74 补余=0.0 IO错=0 倾+0.0 自动2/3
[  279.220] TLM t= 183.0 L1·A@-76 L2·A@-75 L3·A@-76 R1Hr@-- R2·A@-75 R3·A@-74 罐=无罐 泵=0 阀=111011 速=+0,+0,+0.00 电=7.59V/2.69A/峰3.74 补余=0.0 IO错=0 倾+0.0 自动2/3
[  279.472] EVT 落地：R1
[  279.484] EVT 相位 R1 hover→descend
[  279.721] TLM t= 183.0 L1·A@-75 L2·A@-74 L3·A@-76 R1Dr@-- R2·A@-74 R3·A@-74 罐=无罐 泵=0 阀=111011 速=+0,+0,+0.00 电=7.59V/2.69A/峰3.74 补余=0.0 IO错=0 倾+0.0 自动2/3
[  279.967] EVT 相位 R1 descend→press
[  280.244] TLM t= 183.0 L1·A@-75 L2·A@-74 L3·A@-75 R1Pr@-- R2·A@-74 R3·A@-73 罐=无罐 泵=0 阀=111011 速=+0,+0,+0.00 电=7.59V/2.52A/峰3.74 补余=0.0 IO错=0 倾+0.0 自动2/3
[  280.746] TLM t= 183.0 L1·A@-75 L2·A@-74 L3·A@-75 R1Pr@-- R2·A@-74 R3·A@-72 罐=无罐 泵=0 阀=111011 速=+0,+0,+0.00 电=7.60V/2.69A/峰3.74 补余=0.0 IO错=0 倾+0.0 自动2/3
[  281.172] EVT 吸附 R1 released→pressing 在态4.02s -0.1kPa
[  281.173] EVT 相位 R1 press→wait
[  281.266] TLM t= 183.0 L1·A@-75 L2·A@-73 L3·A@-75 R1Wp@-- R2·A@-73 R3·A@-72 罐=无罐 泵=0 阀=111011 速=+0,+0,+0.00 电=7.60V/2.69A/峰3.74 补余=0.0 IO错=0 倾+0.0 自动2/3
[  281.498] EVT 吸附 R1 pressing→sucking 在态0.32s -0.1kPa
[  281.499] EVT 阀 R1 →抽气位
[  281.521] EVT 泵 开 最差盘压-71.3
[  281.771] TLM t= 183.0 L1·A@-75 L2·A@-73 L3·A@-75 R1Ws@-63 R2·A@-73 R3·A@-71 罐=无罐 泵=1 阀=111111 速=+0,+0,+0.00 电=7.53V/2.69A/峰3.74 补余=0.0 IO错=0 倾+0.0 自动2/3
[  281.859] EVT 吸附 R1 sucking→attached 在态0.36s -65.6kPa
[  281.862] EVT 相位 R1 wait→stance
[  281.862] EVT 抬落完成，轮到 L2
[  282.293] TLM t= 183.4 L1·A@-75 L2·A@-76 L3·A@-75 R1·A@-75 R2·A@-76 R3·A@-76 罐=无罐 泵=1 阀=111111 速=+0,+0,+0.00 电=7.52V/2.69A/峰3.74 补余=0.0 IO错=0 倾+0.0 自动2/3
[  282.306] EVT 泵 停 最差盘压-75.3
[  282.797] TLM t= 183.9 L1·A@-76 L2·A@-76 L3·A@-76 R1·A@-76 R2·A@-76 R3·A@-76 罐=无罐 泵=0 阀=111111 速=+0,+0,+0.00 电=7.59V/2.36A/峰3.74 补余=0.0 IO错=0 倾+0.0 自动2/3
[  283.317] TLM t= 184.4 L1·A@-76 L2·A@-76 L3·A@-76 R1·A@-76 R2·A@-75 R3·A@-75 罐=无罐 泵=0 阀=111111 速=+0,+0,+0.00 电=7.60V/2.60A/峰3.74 补余=0.0 IO错=0 倾+0.0 自动2/3
[  283.820] TLM t= 184.9 L1·A@-76 L2·A@-75 L3·A@-76 R1·A@-75 R2·A@-75 R3·A@-75 罐=无罐 泵=0 阀=111111 速=+0,+0,+0.00 电=7.61V/2.44A/峰3.74 补余=0.0 IO错=0 倾+0.0 自动2/3
[  284.345] TLM t= 185.5 L1·A@-76 L2·A@-75 L3·A@-76 R1·A@-75 R2·A@-75 R3·A@-74 罐=无罐 泵=0 阀=111111 速=+0,+0,+0.00 电=7.60V/2.77A/峰3.74 补余=0.0 IO错=0 倾+0.0 自动2/3
[  284.847] TLM t= 186.0 L1·A@-76 L2·A@-74 L3·A@-76 R1·A@-75 R2·A@-74 R3·A@-73 罐=无罐 泵=0 阀=111111 速=+0,+0,+0.00 电=7.60V/2.44A/峰3.74 补余=0.0 IO错=0 倾+0.0 自动2/3
[  285.350] TLM t= 186.5 L1·A@-76 L2·A@-74 L3·A@-76 R1·A@-75 R2·A@-74 R3·A@-72 罐=无罐 泵=0 阀=111111 速=+0,+0,+0.00 电=7.60V/2.44A/峰3.74 补余=0.0 IO错=0 倾+0.0 自动2/3
[  285.855] TLM t= 187.0 L1·A@-76 L2·A@-73 L3·A@-76 R1·A@-75 R2·A@-73 R3·A@-72 罐=无罐 泵=0 阀=111111 速=+0,+0,+0.00 电=7.62V/2.60A/峰3.74 补余=0.0 IO错=0 倾+0.0 自动2/3
[  286.355] TLM t= 187.5 L1·A@-76 L2·A@-73 L3·A@-76 R1·A@-75 R2·A@-73 R3·A@-71 罐=无罐 泵=0 阀=111111 速=+0,+0,+0.00 电=7.61V/2.44A/峰3.74 补余=0.0 IO错=0 倾+0.0 自动2/3
[  286.883] TLM t= 188.0 L1·A@-76 L2·A@-72 L3·A@-76 R1·A@-75 R2·A@-73 R3·A@-70 罐=无罐 泵=0 阀=111111 速=+0,+0,+0.00 电=7.62V/2.52A/峰3.74 补余=0.0 IO错=0 倾+0.0 自动2/3
[  287.386] TLM t= 188.5 L1·A@-75 L2·A@-72 L3·A@-76 R1·A@-75 R2·A@-72 R3·A@-70 罐=无罐 泵=0 阀=111111 速=+0,+0,+0.00 电=7.61V/2.60A/峰3.74 补余=0.0 IO错=0 倾+0.0 自动2/3
[  287.910] TLM t= 189.0 L1·A@-75 L2·A@-72 L3·A@-76 R1·A@-75 R2·A@-72 R3·A@-69 罐=无罐 泵=0 阀=111111 速=+0,+0,+0.00 电=7.61V/2.60A/峰3.74 补余=0.0 IO错=0 倾+0.0 自动2/3
[  288.412] TLM t= 189.5 L1·A@-75 L2·A@-71 L3·A@-76 R1·A@-75 R2·A@-71 R3·A@-68 罐=无罐 泵=0 阀=111111 速=+0,+0,+0.00 电=7.61V/2.52A/峰3.74 补余=0.0 IO错=0 倾+0.0 自动2/3
[  288.936] TLM t= 190.0 L1·A@-75 L2·A@-71 L3·A@-76 R1·A@-75 R2·A@-71 R3·A@-68 罐=无罐 泵=0 阀=111111 速=+0,+0,+0.00 电=7.59V/2.69A/峰3.74 补余=0.0 IO错=0 倾+0.0 自动2/3
[  289.437] TLM t= 190.5 L1·A@-75 L2·A@-70 L3·A@-76 R1·A@-75 R2·A@-71 R3·A@-67 罐=无罐 泵=0 阀=111111 速=+0,+0,+0.00 电=7.59V/2.60A/峰3.74 补余=0.0 IO错=0 倾+0.0 自动2/3
[  289.959] TLM t= 191.0 L1·A@-75 L2·A@-70 L3·A@-76 R1·A@-75 R2·A@-70 R3·A@-66 罐=无罐 泵=0 阀=111111 速=+0,+0,+0.00 电=7.61V/2.52A/峰3.74 补余=0.0 IO错=0 倾+0.0 自动2/3
[  290.466] TLM t= 191.5 L1·A@-75 L2·A@-69 L3·A@-75 R1·A@-75 R2·A@-70 R3·A@-66 罐=无罐 泵=0 阀=111111 速=+0,+0,+0.00 电=7.61V/2.52A/峰3.74 补余=0.0 IO错=0 倾+0.0 自动2/3
[  290.986] TLM t= 192.1 L1·A@-75 L2·A@-69 L3·A@-75 R1·A@-75 R2·A@-70 R3·A@-65 罐=无罐 泵=0 阀=111111 速=+0,+0,+0.00 电=7.59V/2.69A/峰3.74 补余=0.0 IO错=0 倾+0.0 自动2/3
[  291.491] TLM t= 192.6 L1·A@-75 L2·A@-68 L3·A@-75 R1·A@-75 R2·A@-69 R3·A@-65 罐=无罐 泵=0 阀=111111 速=+0,+0,+0.00 电=7.61V/2.44A/峰3.74 补余=0.0 IO错=0 倾+0.0 自动2/3
[  291.902] EVT 原地抬起受理：L2
[  291.914] EVT 相位 L2 stance→handover
[  292.014] TLM t= 193.9 L1·A@-75 L2ZA@-68 L3·A@-75 R1·A@-74 R2·A@-69 R3·A@-64 罐=无罐 泵=0 阀=111111 速=+0,+0,+0.00 电=7.60V/2.52A/峰3.74 补余=0.0 IO错=0 倾+0.0 自动2/3
[  292.518] TLM t= 194.4 L1·A@-75 L2ZA@-68 L3·A@-75 R1·A@-74 R2·A@-68 R3·A@-63 罐=无罐 泵=0 阀=111111 速=+0,+0,+0.00 电=7.60V/2.36A/峰3.74 补余=0.0 IO错=0 倾+0.0 自动2/3
[  293.039] TLM t= 194.4 L1·A@-74 L2ZA@-67 L3·A@-75 R1·A@-74 R2·A@-68 R3·A@-63 罐=无罐 泵=0 阀=111111 速=+0,+0,+0.00 电=7.61V/2.60A/峰3.74 补余=0.0 IO错=0 倾+0.0 自动2/3
[  293.542] TLM t= 194.4 L1·A@-74 L2ZA@-67 L3·A@-75 R1·A@-74 R2·A@-68 R3·A@-62 罐=无罐 泵=0 阀=111111 速=+0,+0,+0.00 电=7.58V/2.85A/峰3.74 补余=0.0 IO错=0 倾+0.0 自动2/3
[  294.063] TLM t= 194.4 L1·A@-74 L2ZA@-66 L3·A@-75 R1·A@-74 R2·A@-67 R3·A@-61 罐=无罐 泵=0 阀=111111 速=+0,+0,+0.00 电=7.59V/3.09A/峰3.74 补余=0.0 IO错=0 倾+0.0 自动2/3
[  294.316] EVT 吸附 L2 attached→venting 在态106.50s -65.8kPa
[  294.316] EVT 相位 L2 handover→vent 落点Δ(+0.0,+0.0)
[  294.328] EVT 阀 L2 →排气位
[  294.567] TLM t= 194.4 L1·A@-74 L2Vv@-66 L3·A@-75 R1·A@-74 R2·A@-67 R3·A@-61 罐=无罐 泵=0 阀=101111 速=+0,+0,+0.00 电=7.57V/3.26A/峰3.74 补余=0.0 IO错=0 倾+0.0 自动2/3
[  294.617] EVT 相位 L2 vent→lift
[  294.752] EVT 吸附 L2 venting→released 在态0.44s 0.4kPa
[  295.084] TLM t= 194.4 L1·A@-74 L2Lr@-- L3·A@-75 R1·A@-74 R2·A@-67 R3·A@-60 罐=无罐 泵=0 阀=101111 速=+0,+0,+0.00 电=7.57V/3.17A/峰3.74 补余=0.0 IO错=0 倾+0.0 自动2/3
[  295.158] EVT 泵 开 最差盘压-59.9
[  295.459] EVT 相位 L2 lift→transfer
[  295.588] TLM t= 194.4 L1·A@-74 L2Tr@-- L3·A@-75 R1·A@-74 R2·A@-69 R3·A@-69 罐=无罐 泵=1 阀=101111 速=+0,+0,+0.00 电=7.49V/3.50A/峰3.74 补余=0.0 IO错=0 倾+0.0 自动2/3
[  296.001] EVT 泵 停 最差盘压-75.5
[  296.073] EVT 相位 L2 transfer→hover
[  296.108] TLM t= 194.4 L1·A@-77 L2Hr@-- L3·A@-77 R1·A@-76 R2·A@-76 R3·A@-77 罐=无罐 泵=0 阀=101111 速=+0,+0,+0.00 电=7.55V/3.26A/峰3.74 补余=0.0 IO错=0 倾+0.0 自动2/3
[  296.618] TLM t= 194.4 L1·A@-76 L2Hr@-- L3·A@-76 R1·A@-76 R2·A@-76 R3·A@-76 罐=无罐 泵=0 阀=101111 速=+0,+0,+0.00 电=7.56V/2.93A/峰3.74 补余=0.0 IO错=0 倾+0.0 自动2/3
[  297.091] EVT 落地：L2
[  297.103] EVT 相位 L2 hover→descend
[  297.136] TLM t= 194.4 L1·A@-76 L2Dr@-- L3·A@-76 R1·A@-76 R2·A@-76 R3·A@-75 罐=无罐 泵=0 阀=101111 速=+0,+0,+0.00 电=7.56V/3.01A/峰3.74 补余=0.0 IO错=0 倾+0.0 自动2/3
[  297.585] EVT 相位 L2 descend→press
[  297.646] TLM t= 194.4 L1·A@-76 L2Pr@-- L3·A@-76 R1·A@-76 R2·A@-75 R3·A@-74 罐=无罐 泵=0 阀=101111 速=+0,+0,+0.00 电=7.56V/3.17A/峰3.74 补余=0.0 IO错=0 倾+0.0 自动2/3
[  298.161] TLM t= 194.4 L1·A@-76 L2Pr@-- L3·A@-76 R1·A@-76 R2·A@-75 R3·A@-74 罐=无罐 泵=0 阀=101111 速=+0,+0,+0.00 电=7.57V/3.26A/峰3.74 补余=0.0 IO错=0 倾+0.0 自动2/3
[  298.665] TLM t= 194.4 L1·A@-76 L2Pr@-- L3·A@-76 R1·A@-76 R2·A@-74 R3·A@-73 罐=无罐 泵=0 阀=101111 速=+0,+0,+0.00 电=7.53V/3.34A/峰3.74 补余=0.0 IO错=0 倾+0.0 自动2/3
[  298.789] EVT 吸附 L2 released→pressing 在态4.02s 0.4kPa
[  298.790] EVT 相位 L2 press→wait
[  299.115] EVT 吸附 L2 pressing→sucking 在态0.32s 0.4kPa
[  299.116] EVT 阀 L2 →抽气位
[  299.138] EVT 泵 开 最差盘压-72.4
[  299.188] TLM t= 194.4 L1·A@-76 L2Ws@0 L3·A@-76 R1·A@-76 R2·A@-74 R3·A@-72 罐=无罐 泵=1 阀=111111 速=+0,+0,+0.00 电=7.47V/3.17A/峰3.74 补余=0.0 IO错=0 倾+0.0 自动2/3
[  299.416] EVT 吸附 L2 sucking→attached 在态0.30s -64.8kPa
[  299.419] EVT 相位 L2 wait→stance
[  299.419] EVT 抬落完成，轮到 R3
[  299.419] EVT 自动轮换：第 2 轮完成
[  299.691] TLM t= 194.7 L1·A@-76 L2·A@-74 L3·A@-76 R1·A@-76 R2·A@-73 R3·A@-73 罐=无罐 泵=1 阀=111111 速=+0,+0,+0.00 电=7.57V/3.09A/峰3.74 补余=0.0 IO错=0 倾+0.0 自动3/3
[  299.818] EVT 泵 停 最差盘压-75.2
[  300.209] TLM t= 195.2 L1·A@-76 L2·A@-76 L3·A@-76 R1·A@-76 R2·A@-76 R3·A@-76 罐=无罐 泵=0 阀=111111 速=+0,+0,+0.00 电=7.55V/3.17A/峰3.74 补余=0.0 IO错=0 倾+0.0 自动3/3
[  300.714] TLM t= 195.7 L1·A@-76 L2·A@-75 L3·A@-76 R1·A@-76 R2·A@-75 R3·A@-75 罐=无罐 泵=0 阀=111111 速=+0,+0,+0.00 电=7.58V/3.01A/峰3.74 补余=0.0 IO错=0 倾+0.0 自动3/3
[  301.232] TLM t= 196.2 L1·A@-76 L2·A@-75 L3·A@-76 R1·A@-76 R2·A@-75 R3·A@-74 罐=无罐 泵=0 阀=111111 速=+0,+0,+0.00 电=7.57V/3.09A/峰3.74 补余=0.0 IO错=0 倾+0.0 自动3/3
[  301.738] TLM t= 196.7 L1·A@-76 L2·A@-74 L3·A@-76 R1·A@-76 R2·A@-74 R3·A@-74 罐=无罐 泵=0 阀=111111 速=+0,+0,+0.00 电=7.58V/3.01A/峰3.74 补余=0.0 IO错=0 倾+0.0 自动3/3
[  302.256] TLM t= 197.2 L1·A@-76 L2·A@-74 L3·A@-76 R1·A@-75 R2·A@-74 R3·A@-73 罐=无罐 泵=0 阀=111111 速=+0,+0,+0.00 电=7.56V/3.26A/峰3.74 补余=0.0 IO错=0 倾+0.0 自动3/3
[  302.759] TLM t= 197.7 L1·A@-76 L2·A@-73 L3·A@-76 R1·A@-75 R2·A@-74 R3·A@-72 罐=无罐 泵=0 阀=111111 速=+0,+0,+0.00 电=7.59V/3.26A/峰3.74 补余=0.0 IO错=0 倾+0.0 自动3/3
[  303.280] TLM t= 198.2 L1·A@-75 L2·A@-73 L3·A@-76 R1·A@-75 R2·A@-73 R3·A@-72 罐=无罐 泵=0 阀=111111 速=+0,+0,+0.00 电=7.56V/3.09A/峰3.74 补余=0.0 IO错=0 倾+0.0 自动3/3
[  303.784] TLM t= 198.7 L1·A@-75 L2·A@-72 L3·A@-76 R1·A@-75 R2·A@-73 R3·A@-71 罐=无罐 泵=0 阀=111111 速=+0,+0,+0.00 电=7.58V/3.26A/峰3.74 补余=0.0 IO错=0 倾+0.0 自动3/3
[  304.303] TLM t= 199.3 L1·A@-75 L2·A@-72 L3·A@-76 R1·A@-75 R2·A@-72 R3·A@-70 罐=无罐 泵=0 阀=111111 速=+0,+0,+0.00 电=7.56V/3.09A/峰3.74 补余=0.0 IO错=0 倾+0.0 自动3/3
[  304.808] TLM t= 199.8 L1·A@-75 L2·A@-71 L3·A@-76 R1·A@-75 R2·A@-72 R3·A@-70 罐=无罐 泵=0 阀=111111 速=+0,+0,+0.00 电=7.57V/3.17A/峰3.74 补余=0.0 IO错=0 倾+0.0 自动3/3
[  305.326] TLM t= 200.3 L1·A@-75 L2·A@-71 L3·A@-75 R1·A@-75 R2·A@-72 R3·A@-69 罐=无罐 泵=0 阀=111111 速=+0,+0,+0.00 电=7.56V/3.17A/峰3.74 补余=0.0 IO错=0 倾+0.0 自动3/3
[  305.828] TLM t= 200.8 L1·A@-75 L2·A@-70 L3·A@-75 R1·A@-75 R2·A@-71 R3·A@-68 罐=无罐 泵=0 阀=111111 速=+0,+0,+0.00 电=7.57V/3.01A/峰3.74 补余=0.0 IO错=0 倾+0.0 自动3/3
[  306.347] TLM t= 201.3 L1·A@-75 L2·A@-70 L3·A@-75 R1·A@-75 R2·A@-71 R3·A@-68 罐=无罐 泵=0 阀=111111 速=+0,+0,+0.00 电=7.56V/3.26A/峰3.74 补余=0.0 IO错=0 倾+0.0 自动3/3
[  306.855] TLM t= 201.8 L1·A@-75 L2·A@-69 L3·A@-75 R1·A@-75 R2·A@-71 R3·A@-67 罐=无罐 泵=0 阀=111111 速=+0,+0,+0.00 电=7.57V/3.01A/峰3.74 补余=0.0 IO错=0 倾+0.0 自动3/3
[  307.371] TLM t= 202.3 L1·A@-75 L2·A@-69 L3·A@-75 R1·A@-75 R2·A@-70 R3·A@-66 罐=无罐 泵=0 阀=111111 速=+0,+0,+0.00 电=7.55V/2.93A/峰3.74 补余=0.0 IO错=0 倾+0.0 自动3/3
[  307.880] TLM t= 202.8 L1·A@-75 L2·A@-68 L3·A@-75 R1·A@-75 R2·A@-70 R3·A@-65 罐=无罐 泵=0 阀=111111 速=+0,+0,+0.00 电=7.56V/3.09A/峰3.74 补余=0.0 IO错=0 倾+0.0 自动3/3
[  308.397] TLM t= 203.3 L1·A@-74 L2·A@-68 L3·A@-75 R1·A@-75 R2·A@-69 R3·A@-65 罐=无罐 泵=0 阀=111111 速=+0,+0,+0.00 电=7.57V/3.09A/峰3.74 补余=0.0 IO错=0 倾+0.0 自动3/3
[  308.901] TLM t= 203.8 L1·A@-74 L2·A@-67 L3·A@-75 R1·A@-75 R2·A@-69 R3·A@-64 罐=无罐 泵=0 阀=111111 速=+0,+0,+0.00 电=7.57V/3.09A/峰3.74 补余=0.0 IO错=0 倾+0.0 自动3/3
[  309.421] TLM t= 204.4 L1·A@-74 L2·A@-67 L3·A@-75 R1·A@-75 R2·A@-69 R3·A@-63 罐=无罐 泵=0 阀=111111 速=+0,+0,+0.00 电=7.57V/3.01A/峰3.74 补余=0.0 IO错=0 倾+0.0 自动3/3
[  309.925] TLM t= 204.9 L1·A@-74 L2·A@-66 L3·A@-75 R1·A@-75 R2·A@-68 R3·A@-62 罐=无罐 泵=0 阀=111111 速=+0,+0,+0.00 电=7.55V/3.17A/峰3.74 补余=0.0 IO错=0 倾+0.0 自动3/3
[  310.440] TLM t= 205.4 L1·A@-74 L2·A@-66 L3·A@-75 R1·A@-75 R2·A@-68 R3·A@-62 罐=无罐 泵=0 阀=111111 速=+0,+0,+0.00 电=7.56V/2.93A/峰3.74 补余=0.0 IO错=0 倾+0.0 自动3/3
[  310.946] TLM t= 205.9 L1·A@-74 L2·A@-66 L3·A@-75 R1·A@-75 R2·A@-68 R3·A@-61 罐=无罐 泵=0 阀=111111 速=+0,+0,+0.00 电=7.55V/3.09A/峰3.74 补余=0.0 IO错=0 倾+0.0 自动3/3
[  311.467] TLM t= 206.4 L1·A@-74 L2·A@-65 L3·A@-75 R1·A@-75 R2·A@-67 R3·A@-60 罐=无罐 泵=0 阀=111111 速=+0,+0,+0.00 电=7.59V/3.01A/峰3.74 补余=0.0 IO错=0 倾+0.0 自动3/3
[  311.678] EVT 泵 开 最差盘压-59.9
[  311.971] TLM t= 206.9 L1·A@-74 L2·A@-66 L3·A@-75 R1·A@-75 R2·A@-67 R3·A@-63 罐=无罐 泵=1 阀=111111 速=+0,+0,+0.00 电=7.54V/3.09A/峰3.74 补余=0.0 IO错=0 倾+0.0 自动3/3
[  312.496] TLM t= 207.4 L1·A@-75 L2·A@-75 L3·A@-75 R1·A@-75 R2·A@-76 R3·A@-75 罐=无罐 泵=1 阀=111111 速=+0,+0,+0.00 电=7.52V/3.01A/峰3.74 补余=0.0 IO错=0 倾+0.0 自动3/3
[  312.569] EVT 泵 停 最差盘压-75.6
[  312.999] TLM t= 207.9 L1·A@-77 L2·A@-77 L3·A@-77 R1·A@-76 R2·A@-76 R3·A@-76 罐=无罐 泵=0 阀=111111 速=+0,+0,+0.00 电=7.56V/3.01A/峰3.74 补余=0.0 IO错=0 倾+0.0 自动3/3
[  313.517] TLM t= 208.4 L1·A@-76 L2·A@-76 L3·A@-77 R1·A@-76 R2·A@-76 R3·A@-75 罐=无罐 泵=0 阀=111111 速=+0,+0,+0.00 电=7.57V/3.17A/峰3.74 补余=0.0 IO错=0 倾+0.0 自动3/3
[  314.023] TLM t= 208.9 L1·A@-76 L2·A@-75 L3·A@-76 R1·A@-76 R2·A@-75 R3·A@-75 罐=无罐 泵=0 阀=111111 速=+0,+0,+0.00 电=7.57V/3.17A/峰3.74 补余=0.0 IO错=0 倾+0.0 自动3/3
[  314.434] EVT 自动轮换：第 3 轮开始
[  314.449] EVT 原地抬起受理：R3
[  314.472] EVT 相位 R3 stance→handover
[  314.539] TLM t= 212.5 L1·A@-76 L2·A@-75 L3·A@-76 R1·A@-76 R2·A@-75 R3ZA@-74 罐=无罐 泵=0 阀=111111 速=+0,+0,+0.00 电=7.58V/3.26A/峰3.74 补余=0.0 IO错=0 倾+0.0 自动3/3
[  315.047] TLM t= 213.0 L1·A@-76 L2·A@-74 L3·A@-76 R1·A@-76 R2·A@-75 R3ZA@-73 罐=无罐 泵=0 阀=111111 速=+0,+0,+0.00 电=7.58V/2.52A/峰3.74 补余=0.0 IO错=0 倾+0.0 自动3/3
[  315.565] TLM t= 213.0 L1·A@-76 L2·A@-74 L3·A@-76 R1·A@-76 R2·A@-74 R3ZA@-73 罐=无罐 泵=0 阀=111111 速=+0,+0,+0.00 电=7.60V/2.60A/峰3.74 补余=0.0 IO错=0 倾+0.0 自动3/3
[  316.069] TLM t= 213.0 L1·A@-76 L2·A@-73 L3·A@-76 R1·A@-76 R2·A@-74 R3ZA@-72 罐=无罐 泵=0 阀=111111 速=+0,+0,+0.00 电=7.59V/2.69A/峰3.74 补余=0.0 IO错=0 倾+0.0 自动3/3
[  316.587] TLM t= 213.0 L1·A@-76 L2·A@-73 L3·A@-76 R1·A@-76 R2·A@-73 R3ZA@-71 罐=无罐 泵=0 阀=111111 速=+0,+0,+0.00 电=7.58V/2.60A/峰3.74 补余=0.0 IO错=0 倾+0.0 自动3/3
[  316.661] EVT 吸附 R3 attached→venting 在态106.48s -71.2kPa
[  316.662] EVT 相位 R3 handover→vent 落点Δ(+0.0,+0.0)
[  316.674] EVT 阀 R3 →排气位
[  316.962] EVT 相位 R3 vent→lift
[  317.094] TLM t= 213.0 L1·A@-76 L2·A@-73 L3·A@-76 R1·A@-76 R2·A@-73 R3Lv@-71 罐=无罐 泵=0 阀=111110 速=+0,+0,+0.00 电=7.57V/2.52A/峰3.74 补余=0.0 IO错=0 倾+0.0 自动3/3
[  317.098] EVT 吸附 R3 venting→released 在态0.44s 0.2kPa
[  317.612] TLM t= 213.0 L1·A@-75 L2·A@-72 L3·A@-76 R1·A@-76 R2·A@-72 R3Lr@-- 罐=无罐 泵=0 阀=111110 速=+0,+0,+0.00 电=7.55V/2.77A/峰3.74 补余=0.0 IO错=0 倾+0.0 自动3/3
[  317.808] EVT 相位 R3 lift→transfer
[  318.118] TLM t= 213.0 L1·A@-75 L2·A@-72 L3·A@-76 R1·A@-76 R2·A@-72 R3Tr@-- 罐=无罐 泵=0 阀=111110 速=+0,+0,+0.00 电=7.55V/2.77A/峰3.74 补余=0.0 IO错=0 倾+0.0 自动3/3
[  318.423] EVT 相位 R3 transfer→hover
[  318.639] TLM t= 213.0 L1·A@-75 L2·A@-71 L3·A@-76 R1·A@-76 R2·A@-72 R3Hr@-- 罐=无罐 泵=0 阀=111110 速=+0,+0,+0.00 电=7.57V/2.77A/峰3.74 补余=0.0 IO错=0 倾+0.0 自动3/3
[  319.141] TLM t= 213.0 L1·A@-75 L2·A@-71 L3·A@-76 R1·A@-76 R2·A@-71 R3Hr@-- 罐=无罐 泵=0 阀=111110 速=+0,+0,+0.00 电=7.58V/2.69A/峰3.74 补余=0.0 IO错=0 倾+0.0 自动3/3
[  319.435] EVT 落地：R3
[  319.447] EVT 相位 R3 hover→descend
[  319.664] TLM t= 213.0 L1·A@-75 L2·A@-70 L3·A@-76 R1·A@-76 R2·A@-71 R3Dr@-- 罐=无罐 泵=0 阀=111110 速=+0,+0,+0.00 电=7.58V/2.69A/峰3.74 补余=0.0 IO错=0 倾+0.0 自动3/3
[  319.930] EVT 相位 R3 descend→press
[  320.167] TLM t= 213.0 L1·A@-75 L2·A@-70 L3·A@-76 R1·A@-75 R2·A@-71 R3Pr@-- 罐=无罐 泵=0 阀=111110 速=+0,+0,+0.00 电=7.57V/2.85A/峰3.74 补余=0.0 IO错=0 倾+0.0 自动3/3
[  320.685] TLM t= 213.0 L1·A@-75 L2·A@-69 L3·A@-76 R1·A@-75 R2·A@-70 R3Pr@-- 罐=无罐 泵=0 阀=111110 速=+0,+0,+0.00 电=7.55V/2.60A/峰3.74 补余=0.0 IO错=0 倾+0.0 自动3/3
[  321.133] EVT 吸附 R3 released→pressing 在态4.02s 0.2kPa
[  321.134] EVT 相位 R3 press→wait
[  321.188] TLM t= 213.0 L1·A@-75 L2·A@-69 L3·A@-76 R1·A@-75 R2·A@-70 R3Wp@-- 罐=无罐 泵=0 阀=111110 速=+0,+0,+0.00 电=7.58V/2.69A/峰3.74 补余=0.0 IO错=0 倾+0.0 自动3/3
[  321.459] EVT 吸附 R3 pressing→sucking 在态0.32s 0.2kPa
[  321.460] EVT 阀 R3 →抽气位
[  321.482] EVT 泵 开 最差盘压-68.6
[  321.710] TLM t= 213.0 L1·A@-74 L2·A@-68 L3·A@-76 R1·A@-75 R2·A@-69 R3Ws@-54 罐=无罐 泵=1 阀=111111 速=+0,+0,+0.00 电=7.50V/2.60A/峰3.74 补余=0.0 IO错=0 倾+0.0 自动3/3
[  321.848] EVT 吸附 R3 sucking→attached 在态0.38s -62.7kPa
[  321.849] EVT 相位 R3 wait→stance
[  321.849] EVT 抬落完成，轮到 L1
[  322.218] TLM t= 213.4 L1·A@-74 L2·A@-74 L3·A@-75 R1·A@-75 R2·A@-74 R3·A@-73 罐=无罐 泵=1 阀=111111 速=+0,+0,+0.00 电=7.49V/2.69A/峰3.74 补余=0.0 IO错=0 倾+0.0 自动3/3
[  322.308] EVT 泵 停 最差盘压-75.0
[  322.740] TLM t= 213.9 L1·A@-76 L2·A@-76 L3·A@-76 R1·A@-75 R2·A@-75 R3·A@-75 罐=无罐 泵=0 阀=111111 速=+0,+0,+0.00 电=7.57V/2.77A/峰3.74 补余=0.0 IO错=0 倾+0.0 自动3/3
[  323.250] TLM t= 214.4 L1·A@-75 L2·A@-75 L3·A@-76 R1·A@-75 R2·A@-75 R3·A@-75 罐=无罐 泵=0 阀=111111 速=+0,+0,+0.00 电=7.56V/2.52A/峰3.74 补余=0.0 IO错=0 倾+0.0 自动3/3
[  323.751] TLM t= 214.9 L1·A@-75 L2·A@-75 L3·A@-76 R1·A@-75 R2·A@-74 R3·A@-74 罐=无罐 泵=0 阀=111111 速=+0,+0,+0.00 电=7.59V/2.93A/峰3.74 补余=0.0 IO错=0 倾+0.0 自动3/3
[  324.274] TLM t= 215.4 L1·A@-75 L2·A@-74 L3·A@-75 R1·A@-75 R2·A@-74 R3·A@-73 罐=无罐 泵=0 阀=111111 速=+0,+0,+0.00 电=7.57V/2.77A/峰3.74 补余=0.0 IO错=0 倾+0.0 自动3/3
[  324.777] TLM t= 215.9 L1·A@-75 L2·A@-74 L3·A@-75 R1·A@-75 R2·A@-74 R3·A@-73 罐=无罐 泵=0 阀=111111 速=+0,+0,+0.00 电=7.59V/2.52A/峰3.74 补余=0.0 IO错=0 倾+0.0 自动3/3
[  325.298] TLM t= 216.4 L1·A@-75 L2·A@-73 L3·A@-75 R1·A@-75 R2·A@-73 R3·A@-72 罐=无罐 泵=0 阀=111111 速=+0,+0,+0.00 电=7.58V/2.69A/峰3.74 补余=0.0 IO错=0 倾+0.0 自动3/3
[  325.803] TLM t= 216.9 L1·A@-75 L2·A@-73 L3·A@-75 R1·A@-75 R2·A@-73 R3·A@-71 罐=无罐 泵=0 阀=111111 速=+0,+0,+0.00 电=7.58V/2.77A/峰3.74 补余=0.0 IO错=0 倾+0.0 自动3/3
[  326.330] TLM t= 217.4 L1·A@-75 L2·A@-72 L3·A@-75 R1·A@-75 R2·A@-72 R3·A@-71 罐=无罐 泵=0 阀=111111 速=+0,+0,+0.00 电=7.58V/2.69A/峰3.74 补余=0.0 IO错=0 倾+0.0 自动3/3
[  326.829] TLM t= 217.9 L1·A@-74 L2·A@-72 L3·A@-75 R1·A@-75 R2·A@-72 R3·A@-70 罐=无罐 泵=0 阀=111111 速=+0,+0,+0.00 电=7.58V/2.52A/峰3.74 补余=0.0 IO错=0 倾+0.0 自动3/3
[  327.354] TLM t= 218.5 L1·A@-74 L2·A@-71 L3·A@-75 R1·A@-75 R2·A@-72 R3·A@-70 罐=无罐 泵=0 阀=111111 速=+0,+0,+0.00 电=7.59V/2.60A/峰3.74 补余=0.0 IO错=0 倾+0.0 自动3/3
[  327.853] TLM t= 219.0 L1·A@-74 L2·A@-71 L3·A@-75 R1·A@-75 R2·A@-71 R3·A@-69 罐=无罐 泵=0 阀=111111 速=+0,+0,+0.00 电=7.58V/2.85A/峰3.74 补余=0.0 IO错=0 倾+0.0 自动3/3
[  328.379] TLM t= 219.5 L1·A@-74 L2·A@-70 L3·A@-75 R1·A@-75 R2·A@-71 R3·A@-68 罐=无罐 泵=0 阀=111111 速=+0,+0,+0.00 电=7.58V/2.60A/峰3.74 补余=0.0 IO错=0 倾+0.0 自动3/3
[  328.883] TLM t= 220.0 L1·A@-74 L2·A@-70 L3·A@-75 R1·A@-75 R2·A@-70 R3·A@-68 罐=无罐 泵=0 阀=111111 速=+0,+0,+0.00 电=7.59V/2.69A/峰3.74 补余=0.0 IO错=0 倾+0.0 自动3/3
[  329.405] TLM t= 220.5 L1·A@-74 L2·A@-69 L3·A@-75 R1·A@-75 R2·A@-70 R3·A@-67 罐=无罐 泵=0 阀=111111 速=+0,+0,+0.00 电=7.59V/2.60A/峰3.74 补余=0.0 IO错=0 倾+0.0 自动3/3
[  329.910] TLM t= 221.0 L1·A@-74 L2·A@-69 L3·A@-75 R1·A@-75 R2·A@-70 R3·A@-66 罐=无罐 泵=0 阀=111111 速=+0,+0,+0.00 电=7.58V/2.60A/峰3.74 补余=0.0 IO错=0 倾+0.0 自动3/3
[  330.435] TLM t= 221.5 L1·A@-74 L2·A@-69 L3·A@-75 R1·A@-75 R2·A@-69 R3·A@-66 罐=无罐 泵=0 阀=111111 速=+0,+0,+0.00 电=7.60V/2.85A/峰3.74 补余=0.0 IO错=0 倾+0.0 自动3/3
[  330.932] TLM t= 222.0 L1·A@-73 L2·A@-68 L3·A@-75 R1·A@-75 R2·A@-69 R3·A@-65 罐=无罐 泵=0 阀=111111 速=+0,+0,+0.00 电=7.57V/2.60A/峰3.74 补余=0.0 IO错=0 倾+0.0 自动3/3
[  331.455] TLM t= 222.5 L1·A@-73 L2·A@-68 L3·A@-75 R1·A@-75 R2·A@-68 R3·A@-65 罐=无罐 泵=0 阀=111111 速=+0,+0,+0.00 电=7.57V/2.69A/峰3.74 补余=0.0 IO错=0 倾+0.0 自动3/3
[  331.889] EVT 原地抬起受理：L1
[  331.901] EVT 相位 L1 stance→handover
[  331.957] TLM t= 223.9 L1ZA@-73 L2·A@-67 L3·A@-75 R1·A@-75 R2·A@-68 R3·A@-64 罐=无罐 泵=0 阀=111111 速=+0,+0,+0.00 电=7.58V/2.77A/峰3.74 补余=0.0 IO错=0 倾+0.0 自动3/3
[  332.479] TLM t= 224.4 L1ZA@-73 L2·A@-67 L3·A@-75 R1·A@-75 R2·A@-68 R3·A@-63 罐=无罐 泵=0 阀=111111 速=+0,+0,+0.00 电=7.61V/1.95A/峰3.74 补余=0.0 IO错=0 倾+0.0 自动3/3
[  332.980] TLM t= 224.4 L1ZA@-73 L2·A@-66 L3·A@-75 R1·A@-75 R2·A@-67 R3·A@-63 罐=无罐 泵=0 阀=111111 速=+0,+0,+0.00 电=7.62V/1.95A/峰3.74 补余=0.0 IO错=0 倾+0.0 自动3/3
[  333.506] TLM t= 224.4 L1ZA@-73 L2·A@-66 L3·A@-75 R1·A@-75 R2·A@-67 R3·A@-62 罐=无罐 泵=0 阀=111111 速=+0,+0,+0.00 电=7.62V/1.87A/峰3.74 补余=0.0 IO错=0 倾+0.0 自动3/3
[  334.003] TLM t= 224.4 L1ZA@-73 L2·A@-65 L3·A@-74 R1·A@-75 R2·A@-67 R3·A@-62 罐=无罐 泵=0 阀=111111 速=+0,+0,+0.00 电=7.61V/2.04A/峰3.74 补余=0.0 IO错=0 倾+0.0 自动3/3
[  334.527] TLM t= 224.4 L1ZA@-73 L2·A@-65 L3·A@-74 R1·A@-75 R2·A@-66 R3·A@-61 罐=无罐 泵=0 阀=111111 速=+0,+0,+0.00 电=7.60V/2.20A/峰3.74 补余=0.0 IO错=0 倾+0.0 自动3/3
[  335.001] EVT 吸附 L1 attached→venting 在态106.46s -72.5kPa
[  335.001] EVT 相位 L1 handover→vent 落点Δ(+0.0,+0.0)
[  335.019] EVT 阀 L1 →排气位
[  335.032] TLM t= 224.4 L1Vv@-73 L2·A@-65 L3·A@-74 R1·A@-74 R2·A@-66 R3·A@-61 罐=无罐 泵=0 阀=011111 速=+0,+0,+0.00 电=7.58V/2.28A/峰3.74 补余=0.0 IO错=0 倾+0.0 自动3/3
[  335.302] EVT 相位 L1 vent→lift
[  335.380] EVT 泵 开 最差盘压-59.9
[  335.442] EVT 吸附 L1 venting→released 在态0.44s 0.1kPa
[  335.553] TLM t= 224.4 L1Lr@-- L2·A@-64 L3·A@-74 R1·A@-74 R2·A@-66 R3·A@-60 罐=无罐 泵=1 阀=011111 速=+0,+0,+0.00 电=7.50V/2.77A/峰3.74 补余=0.0 IO错=0 倾+0.0 自动3/3
[  336.066] TLM t= 224.4 L1Lr@-- L2·A@-73 L3·A@-74 R1·A@-74 R2·A@-73 R3·A@-73 罐=无罐 泵=1 阀=011111 速=+0,+0,+0.00 电=7.50V/2.69A/峰3.74 补余=0.0 IO错=0 倾+0.0 自动3/3
[  336.145] EVT 相位 L1 lift→transfer
[  336.265] EVT 泵 停 最差盘压-75.2
[  336.575] TLM t= 224.4 L1Tr@-- L2·A@-76 L3·A@-76 R1·A@-76 R2·A@-76 R3·A@-76 罐=无罐 泵=0 阀=011111 速=+0,+0,+0.00 电=7.56V/2.85A/峰3.74 补余=0.0 IO错=0 倾+0.0 自动3/3
[  336.764] EVT 相位 L1 transfer→hover
[  337.087] TLM t= 224.4 L1Hr@-- L2·A@-76 L3·A@-76 R1·A@-76 R2·A@-75 R3·A@-75 罐=无罐 泵=0 阀=011111 速=+0,+0,+0.00 电=7.56V/2.60A/峰3.74 补余=0.0 IO错=0 倾+0.0 自动3/3
[  337.597] TLM t= 224.4 L1Hr@-- L2·A@-75 L3·A@-76 R1·A@-76 R2·A@-75 R3·A@-75 罐=无罐 泵=0 阀=011111 速=+0,+0,+0.00 电=7.58V/2.69A/峰3.74 补余=0.0 IO错=0 倾+0.0 自动3/3
[  337.769] EVT 落地：L1
[  337.787] EVT 相位 L1 hover→descend
[  338.112] TLM t= 224.4 L1Dr@-- L2·A@-75 L3·A@-76 R1·A@-76 R2·A@-75 R3·A@-74 罐=无罐 泵=0 阀=011111 速=+0,+0,+0.00 电=7.56V/2.77A/峰3.74 补余=0.0 IO错=0 倾+0.0 自动3/3
[  338.268] EVT 相位 L1 descend→press
[  338.620] TLM t= 224.4 L1Pr@-- L2·A@-74 L3·A@-76 R1·A@-76 R2·A@-74 R3·A@-73 罐=无罐 泵=0 阀=011111 速=+0,+0,+0.00 电=7.57V/2.60A/峰3.74 补余=0.0 IO错=0 倾+0.0 自动3/3
[  339.133] TLM t= 224.4 L1Pr@-- L2·A@-74 L3·A@-76 R1·A@-76 R2·A@-74 R3·A@-73 罐=无罐 泵=0 阀=011111 速=+0,+0,+0.00 电=7.56V/2.85A/峰3.74 补余=0.0 IO错=0 倾+0.0 自动3/3
[  339.471] EVT 吸附 L1 released→pressing 在态4.02s 0.1kPa
[  339.472] EVT 相位 L1 press→wait
[  339.643] TLM t= 224.4 L1Wp@-- L2·A@-73 L3·A@-76 R1·A@-75 R2·A@-73 R3·A@-72 罐=无罐 泵=0 阀=011111 速=+0,+0,+0.00 电=7.58V/2.60A/峰3.74 补余=0.0 IO错=0 倾+0.0 自动3/3
[  339.787] EVT 吸附 L1 pressing→sucking 在态0.32s 0.1kPa
[  339.788] EVT 阀 L1 →抽气位
[  339.816] EVT 泵 开 最差盘压-71.9
[  340.144] TLM t= 224.4 L1Ws@-61 L2·A@-73 L3·A@-76 R1·A@-75 R2·A@-73 R3·A@-71 罐=无罐 泵=1 阀=111111 速=+0,+0,+0.00 电=7.55V/2.60A/峰3.74 补余=0.0 IO错=0 倾+0.0 自动3/3
[  340.209] EVT 吸附 L1 sucking→attached 在态0.42s -65.2kPa
[  340.210] EVT 相位 L1 wait→stance
[  340.210] EVT 抬落完成，轮到 R2
[  340.598] EVT 泵 停 最差盘压-75.1
[  340.670] TLM t= 224.8 L1·A@-76 L2·A@-76 L3·A@-76 R1·A@-75 R2·A@-76 R3·A@-76 罐=无罐 泵=0 阀=111111 速=+0,+0,+0.00 电=7.60V/2.60A/峰3.74 补余=0.0 IO错=0 倾+0.0 自动3/3
[  341.172] TLM t= 225.3 L1·A@-76 L2·A@-76 L3·A@-76 R1·A@-75 R2·A@-76 R3·A@-75 罐=无罐 泵=0 阀=111111 速=+0,+0,+0.00 电=7.57V/2.85A/峰3.74 补余=0.0 IO错=0 倾+0.0 自动3/3
[  341.693] TLM t= 225.9 L1·A@-75 L2·A@-75 L3·A@-76 R1·A@-75 R2·A@-75 R3·A@-75 罐=无罐 泵=0 阀=111111 速=+0,+0,+0.00 电=7.58V/2.60A/峰3.74 补余=0.0 IO错=0 倾+0.0 自动3/3
[  342.198] TLM t= 226.4 L1·A@-75 L2·A@-75 L3·A@-76 R1·A@-75 R2·A@-75 R3·A@-74 罐=无罐 泵=0 阀=111111 速=+0,+0,+0.00 电=7.59V/2.69A/峰3.74 补余=0.0 IO错=0 倾+0.0 自动3/3
[  342.724] TLM t= 226.9 L1·A@-75 L2·A@-74 L3·A@-76 R1·A@-75 R2·A@-74 R3·A@-74 罐=无罐 泵=0 阀=111111 速=+0,+0,+0.00 电=7.58V/2.52A/峰3.74 补余=0.0 IO错=0 倾+0.0 自动3/3
[  343.222] TLM t= 227.4 L1·A@-75 L2·A@-74 L3·A@-76 R1·A@-75 R2·A@-74 R3·A@-73 罐=无罐 泵=0 阀=111111 速=+0,+0,+0.00 电=7.60V/2.44A/峰3.74 补余=0.0 IO错=0 倾+0.0 自动3/3
[  343.746] TLM t= 227.9 L1·A@-75 L2·A@-73 L3·A@-76 R1·A@-75 R2·A@-73 R3·A@-72 罐=无罐 泵=0 阀=111111 速=+0,+0,+0.00 电=7.59V/2.69A/峰3.74 补余=0.0 IO错=0 倾+0.0 自动3/3
[  344.247] TLM t= 228.4 L1·A@-75 L2·A@-73 L3·A@-76 R1·A@-75 R2·A@-73 R3·A@-72 罐=无罐 泵=0 阀=111111 速=+0,+0,+0.00 电=7.57V/2.77A/峰3.74 补余=0.0 IO错=0 倾+0.0 自动3/3
[  344.770] TLM t= 228.9 L1·A@-74 L2·A@-72 L3·A@-75 R1·A@-75 R2·A@-73 R3·A@-71 罐=无罐 泵=0 阀=111111 速=+0,+0,+0.00 电=7.57V/2.69A/峰3.74 补余=0.0 IO错=0 倾+0.0 自动3/3
[  345.276] TLM t= 229.4 L1·A@-74 L2·A@-72 L3·A@-75 R1·A@-75 R2·A@-72 R3·A@-70 罐=无罐 泵=0 阀=111111 速=+0,+0,+0.00 电=7.58V/2.69A/峰3.74 补余=0.0 IO错=0 倾+0.0 自动3/3
[  345.801] TLM t= 229.9 L1·A@-74 L2·A@-71 L3·A@-75 R1·A@-75 R2·A@-72 R3·A@-70 罐=无罐 泵=0 阀=111111 速=+0,+0,+0.00 电=7.59V/2.60A/峰3.74 补余=0.0 IO错=0 倾+0.0 自动3/3
[  346.301] TLM t= 230.4 L1·A@-74 L2·A@-71 L3·A@-75 R1·A@-75 R2·A@-72 R3·A@-69 罐=无罐 泵=0 阀=111111 速=+0,+0,+0.00 电=7.60V/2.44A/峰3.74 补余=0.0 IO错=0 倾+0.0 自动3/3
[  346.827] TLM t= 231.0 L1·A@-74 L2·A@-71 L3·A@-75 R1·A@-75 R2·A@-71 R3·A@-69 罐=无罐 泵=0 阀=111111 速=+0,+0,+0.00 电=7.59V/2.69A/峰3.74 补余=0.0 IO错=0 倾+0.0 自动3/3
[  347.329] TLM t= 231.5 L1·A@-74 L2·A@-70 L3·A@-75 R1·A@-75 R2·A@-71 R3·A@-68 罐=无罐 泵=0 阀=111111 速=+0,+0,+0.00 电=7.58V/2.77A/峰3.74 补余=0.0 IO错=0 倾+0.0 自动3/3
[  347.852] TLM t= 232.0 L1·A@-74 L2·A@-70 L3·A@-75 R1·A@-75 R2·A@-70 R3·A@-67 罐=无罐 泵=0 阀=111111 速=+0,+0,+0.00 电=7.56V/2.52A/峰3.74 补余=0.0 IO错=0 倾+0.0 自动3/3
[  348.355] TLM t= 232.5 L1·A@-74 L2·A@-69 L3·A@-75 R1·A@-75 R2·A@-70 R3·A@-67 罐=无罐 泵=0 阀=111111 速=+0,+0,+0.00 电=7.58V/2.52A/峰3.74 补余=0.0 IO错=0 倾+0.0 自动3/3
[  348.880] TLM t= 233.0 L1·A@-74 L2·A@-69 L3·A@-75 R1·A@-75 R2·A@-70 R3·A@-66 罐=无罐 泵=0 阀=111111 速=+0,+0,+0.00 电=7.57V/2.77A/峰3.74 补余=0.0 IO错=0 倾+0.0 自动3/3
[  349.380] TLM t= 233.5 L1·A@-74 L2·A@-68 L3·A@-75 R1·A@-75 R2·A@-69 R3·A@-65 罐=无罐 泵=0 阀=111111 速=+0,+0,+0.00 电=7.58V/2.52A/峰3.74 补余=0.0 IO错=0 倾+0.0 自动3/3
[  349.883] TLM t= 234.0 L1·A@-73 L2·A@-68 L3·A@-75 R1·A@-75 R2·A@-69 R3·A@-65 罐=无罐 泵=0 阀=111111 速=+0,+0,+0.00 电=7.58V/2.60A/峰3.74 补余=0.0 IO错=0 倾+0.0 自动3/3
[  350.234] EVT 原地抬起受理：R2
[  350.262] EVT 相位 R2 stance→handover
[  350.390] TLM t= 235.3 L1·A@-73 L2·A@-67 L3·A@-75 R1·A@-74 R2ZA@-69 R3·A@-64 罐=无罐 泵=0 阀=111111 速=+0,+0,+0.00 电=7.58V/2.44A/峰3.74 补余=0.0 IO错=0 倾+0.0 自动3/3
[  350.892] TLM t= 235.8 L1·A@-73 L2·A@-67 L3·A@-75 R1·A@-74 R2ZA@-68 R3·A@-64 罐=无罐 泵=0 阀=111111 速=+0,+0,+0.00 电=7.57V/2.36A/峰3.74 补余=0.0 IO错=0 倾+0.0 自动3/3
[  351.418] TLM t= 235.8 L1·A@-73 L2·A@-67 L3·A@-75 R1·A@-74 R2ZA@-68 R3·A@-63 罐=无罐 泵=0 阀=111111 速=+0,+0,+0.00 电=7.56V/2.77A/峰3.74 补余=0.0 IO错=0 倾+0.0 自动3/3
[  351.923] TLM t= 235.8 L1·A@-73 L2·A@-66 L3·A@-75 R1·A@-74 R2ZA@-67 R3·A@-62 罐=无罐 泵=0 阀=111111 速=+0,+0,+0.00 电=7.54V/3.09A/峰3.74 补余=0.0 IO错=0 倾+0.0 自动3/3
[  352.444] TLM t= 235.8 L1·A@-73 L2·A@-66 L3·A@-75 R1·A@-74 R2ZA@-67 R3·A@-62 罐=无罐 泵=0 阀=111111 速=+0,+0,+0.00 电=7.56V/3.01A/峰3.74 补余=0.0 IO错=0 倾+0.0 自动3/3
[  352.457] EVT 吸附 R2 attached→venting 在态106.62s -66.9kPa
[  352.457] EVT 相位 R2 handover→vent 落点Δ(+0.0,+0.0)
[  352.470] EVT 阀 R2 →排气位
[  352.756] EVT 相位 R2 vent→lift
[  352.878] EVT 吸附 R2 venting→released 在态0.42s 0.1kPa
[  352.945] TLM t= 235.8 L1·A@-73 L2·A@-65 L3·A@-75 R1·A@-74 R2Lr@-- R3·A@-61 罐=无罐 泵=0 阀=111101 速=+0,+0,+0.00 电=7.53V/3.17A/峰3.74 补余=0.0 IO错=0 倾+0.0 自动3/3
[  353.468] TLM t= 235.8 L1·A@-72 L2·A@-65 L3·A@-75 R1·A@-74 R2Lr@-- R3·A@-61 罐=无罐 泵=0 阀=111101 速=+0,+0,+0.00 电=7.55V/3.09A/峰3.74 补余=0.0 IO错=0 倾+0.0 自动3/3
[  353.599] EVT 相位 R2 lift→transfer
[  353.968] TLM t= 235.8 L1·A@-72 L2·A@-64 L3·A@-74 R1·A@-74 R2Tr@-- R3·A@-60 罐=无罐 泵=0 阀=111101 速=+0,+0,+0.00 电=7.53V/3.17A/峰3.74 补余=0.0 IO错=0 倾+0.0 自动3/3
[  354.141] EVT 泵 开 最差盘压-60.0
[  354.216] EVT 相位 R2 transfer→hover
[  354.492] TLM t= 235.8 L1·A@-72 L2·A@-66 L3·A@-74 R1·A@-74 R2Hr@-- R3·A@-65 罐=无罐 泵=1 阀=111101 速=+0,+0,+0.00 电=7.50V/3.09A/峰3.74 补余=0.0 IO错=0 倾+0.0 自动3/3
[  354.994] TLM t= 235.8 L1·A@-75 L2·A@-76 L3·A@-75 R1·A@-75 R2Hr@-- R3·A@-76 罐=无罐 泵=1 阀=111101 速=+0,+0,+0.00 电=7.54V/3.09A/峰3.74 补余=0.0 IO错=0 倾+0.0 自动3/3
[  355.044] EVT 泵 停 最差盘压-75.5
[  355.225] EVT 落地：R2
[  355.239] EVT 相位 R2 hover→descend
[  355.517] TLM t= 235.8 L1·A@-76 L2·A@-76 L3·A@-76 R1·A@-76 R2Dr@-- R3·A@-76 罐=无罐 泵=0 阀=111101 速=+0,+0,+0.00 电=7.55V/3.17A/峰3.74 补余=0.0 IO错=0 倾+0.0 自动3/3
[  355.726] EVT 相位 R2 descend→press
[  356.023] TLM t= 235.8 L1·A@-76 L2·A@-76 L3·A@-76 R1·A@-76 R2Pr@-- R3·A@-75 罐=无罐 泵=0 阀=111101 速=+0,+0,+0.00 电=7.54V/3.09A/峰3.74 补余=0.0 IO错=0 倾+0.0 自动3/3
[  356.546] TLM t= 235.8 L1·A@-76 L2·A@-75 L3·A@-76 R1·A@-76 R2Pr@-- R3·A@-75 罐=无罐 泵=0 阀=111101 速=+0,+0,+0.00 电=7.54V/3.17A/峰3.74 补余=0.0 IO错=0 倾+0.0 自动3/3
[  356.932] EVT 吸附 R2 released→pressing 在态4.04s 0.1kPa
[  356.932] EVT 相位 R2 press→wait
[  357.047] TLM t= 235.8 L1·A@-76 L2·A@-75 L3·A@-76 R1·A@-76 R2Wp@-- R3·A@-74 罐=无罐 泵=0 阀=111101 速=+0,+0,+0.00 电=7.53V/3.26A/峰3.74 补余=0.0 IO错=0 倾+0.0 自动3/3
[  357.261] EVT 吸附 R2 pressing→sucking 在态0.32s 0.1kPa
[  357.261] EVT 阀 R2 →抽气位
[  357.281] EVT 泵 开 最差盘压-73.8
[  357.562] EVT 吸附 R2 sucking→attached 在态0.30s -65.5kPa
[  357.567] EVT 相位 R2 wait→stance
[  357.567] EVT 抬落完成，轮到 L3
[  357.578] TLM t= 235.8 L1·A@-76 L2·A@-74 L3·A@-76 R1·A@-76 R2·A@-65 R3·A@-73 罐=无罐 泵=1 阀=111111 速=+0,+0,+0.00 电=7.50V/2.93A/峰3.74 补余=0.0 IO错=0 倾+0.0 自动3/3
[  357.947] EVT 泵 停 最差盘压-75.3
[  358.077] TLM t= 236.3 L1·A@-76 L2·A@-76 L3·A@-76 R1·A@-76 R2·A@-76 R3·A@-76 罐=无罐 泵=0 阀=111111 速=+0,+0,+0.00 电=7.55V/3.17A/峰3.74 补余=0.0 IO错=0 倾+0.0 自动3/3
[  358.597] TLM t= 236.8 L1·A@-76 L2·A@-76 L3·A@-76 R1·A@-76 R2·A@-75 R3·A@-75 罐=无罐 泵=0 阀=111111 速=+0,+0,+0.00 电=7.55V/3.09A/峰3.74 补余=0.0 IO错=0 倾+0.0 自动3/3
[  359.099] TLM t= 237.3 L1·A@-76 L2·A@-75 L3·A@-76 R1·A@-76 R2·A@-74 R3·A@-75 罐=无罐 泵=0 阀=111111 速=+0,+0,+0.00 电=7.56V/3.01A/峰3.74 补余=0.0 IO错=0 倾+0.0 自动3/3
[  359.621] TLM t= 237.8 L1·A@-76 L2·A@-75 L3·A@-76 R1·A@-76 R2·A@-74 R3·A@-74 罐=无罐 泵=0 阀=111111 速=+0,+0,+0.00 电=7.55V/2.85A/峰3.74 补余=0.0 IO错=0 倾+0.0 自动3/3
[  360.124] TLM t= 238.3 L1·A@-75 L2·A@-74 L3·A@-76 R1·A@-75 R2·A@-74 R3·A@-73 罐=无罐 泵=0 阀=111111 速=+0,+0,+0.00 电=7.54V/3.01A/峰3.74 补余=0.0 IO错=0 倾+0.0 自动3/3
[  360.646] TLM t= 238.9 L1·A@-75 L2·A@-74 L3·A@-76 R1·A@-75 R2·A@-73 R3·A@-73 罐=无罐 泵=0 阀=111111 速=+0,+0,+0.00 电=7.55V/3.09A/峰3.74 补余=0.0 IO错=0 倾+0.0 自动3/3
[  361.150] TLM t= 239.4 L1·A@-75 L2·A@-73 L3·A@-76 R1·A@-75 R2·A@-73 R3·A@-72 罐=无罐 泵=0 阀=111111 速=+0,+0,+0.00 电=7.54V/3.17A/峰3.74 补余=0.0 IO错=0 倾+0.0 自动3/3
[  361.677] TLM t= 239.9 L1·A@-75 L2·A@-73 L3·A@-76 R1·A@-75 R2·A@-72 R3·A@-71 罐=无罐 泵=0 阀=111111 速=+0,+0,+0.00 电=7.53V/3.26A/峰3.74 补余=0.0 IO错=0 倾+0.0 自动3/3
[  362.181] TLM t= 240.4 L1·A@-75 L2·A@-72 L3·A@-76 R1·A@-75 R2·A@-72 R3·A@-71 罐=无罐 泵=0 阀=111111 速=+0,+0,+0.00 电=7.56V/2.93A/峰3.74 补余=0.0 IO错=0 倾+0.0 自动3/3
[  362.701] TLM t= 240.9 L1·A@-75 L2·A@-72 L3·A@-75 R1·A@-75 R2·A@-71 R3·A@-70 罐=无罐 泵=0 阀=111111 速=+0,+0,+0.00 电=7.56V/3.09A/峰3.74 补余=0.0 IO错=0 倾+0.0 自动3/3
[  363.206] TLM t= 241.4 L1·A@-75 L2·A@-71 L3·A@-75 R1·A@-75 R2·A@-71 R3·A@-70 罐=无罐 泵=0 阀=111111 速=+0,+0,+0.00 电=7.54V/3.26A/峰3.74 补余=0.0 IO错=0 倾+0.0 自动3/3
[  363.725] TLM t= 241.9 L1·A@-75 L2·A@-71 L3·A@-75 R1·A@-75 R2·A@-71 R3·A@-69 罐=无罐 泵=0 阀=111111 速=+0,+0,+0.00 电=7.54V/3.01A/峰3.74 补余=0.0 IO错=0 倾+0.0 自动3/3
[  364.227] TLM t= 242.4 L1·A@-75 L2·A@-70 L3·A@-75 R1·A@-75 R2·A@-70 R3·A@-68 罐=无罐 泵=0 阀=111111 速=+0,+0,+0.00 电=7.55V/3.01A/峰3.74 补余=0.0 IO错=0 倾+0.0 自动3/3
[  364.749] TLM t= 242.9 L1·A@-75 L2·A@-70 L3·A@-75 R1·A@-75 R2·A@-70 R3·A@-68 罐=无罐 泵=0 阀=111111 速=+0,+0,+0.00 电=7.54V/3.26A/峰3.74 补余=0.0 IO错=0 倾+0.0 自动3/3
[  365.253] TLM t= 243.4 L1·A@-74 L2·A@-69 L3·A@-75 R1·A@-75 R2·A@-69 R3·A@-67 罐=无罐 泵=0 阀=111111 速=+0,+0,+0.00 电=7.52V/3.17A/峰3.74 补余=0.0 IO错=0 倾+0.0 自动3/3
[  365.774] TLM t= 244.0 L1·A@-74 L2·A@-69 L3·A@-75 R1·A@-75 R2·A@-69 R3·A@-67 罐=无罐 泵=0 阀=111111 速=+0,+0,+0.00 电=7.54V/3.09A/峰3.74 补余=0.0 IO错=0 倾+0.0 自动3/3
[  366.282] TLM t= 244.5 L1·A@-74 L2·A@-69 L3·A@-75 R1·A@-75 R2·A@-69 R3·A@-66 罐=无罐 泵=0 阀=111111 速=+0,+0,+0.00 电=7.54V/3.09A/峰3.74 补余=0.0 IO错=0 倾+0.0 自动3/3
[  366.798] TLM t= 245.0 L1·A@-74 L2·A@-68 L3·A@-75 R1·A@-75 R2·A@-68 R3·A@-66 罐=无罐 泵=0 阀=111111 速=+0,+0,+0.00 电=7.54V/3.01A/峰3.74 补余=0.0 IO错=0 倾+0.0 自动3/3
[  367.302] TLM t= 245.5 L1·A@-74 L2·A@-68 L3·A@-75 R1·A@-75 R2·A@-68 R3·A@-65 罐=无罐 泵=0 阀=111111 速=+0,+0,+0.00 电=7.53V/3.01A/峰3.74 补余=0.0 IO错=0 倾+0.0 自动3/3
[  367.594] EVT 原地抬起受理：L3
[  367.607] EVT 相位 L3 stance→handover
[  367.826] TLM t= 246.8 L1·A@-74 L2·A@-67 L3ZA@-75 R1·A@-75 R2·A@-68 R3·A@-64 罐=无罐 泵=0 阀=111111 速=+0,+0,+0.00 电=7.56V/2.85A/峰3.74 补余=0.0 IO错=0 倾+0.0 自动3/3
[  368.333] TLM t= 247.2 L1·A@-74 L2·A@-67 L3ZA@-75 R1·A@-75 R2·A@-67 R3·A@-64 罐=无罐 泵=0 阀=111111 速=+0,+0,+0.00 电=7.57V/2.77A/峰3.74 补余=0.0 IO错=0 倾+0.0 自动3/3
[  368.850] TLM t= 247.2 L1·A@-74 L2·A@-66 L3ZA@-75 R1·A@-75 R2·A@-67 R3·A@-63 罐=无罐 泵=0 阀=111111 速=+0,+0,+0.00 电=7.58V/2.85A/峰3.74 补余=0.0 IO错=0 倾+0.0 自动3/3
[  369.357] TLM t= 247.2 L1·A@-74 L2·A@-66 L3ZA@-75 R1·A@-75 R2·A@-66 R3·A@-63 罐=无罐 泵=0 阀=111111 速=+0,+0,+0.00 电=7.56V/2.69A/峰3.74 补余=0.0 IO错=0 倾+0.0 自动3/3
[  369.876] TLM t= 247.2 L1·A@-74 L2·A@-65 L3ZA@-75 R1·A@-75 R2·A@-66 R3·A@-62 罐=无罐 泵=0 阀=111111 速=+0,+0,+0.00 电=7.57V/2.85A/峰3.74 补余=0.0 IO错=0 倾+0.0 自动3/3
[  370.381] TLM t= 247.2 L1·A@-74 L2·A@-65 L3ZA@-74 R1·A@-75 R2·A@-66 R3·A@-61 罐=无罐 泵=0 阀=111111 速=+0,+0,+0.00 电=7.56V/2.93A/峰3.74 补余=0.0 IO错=0 倾+0.0 自动3/3
[  370.505] EVT 吸附 L3 attached→venting 在态106.62s -74.5kPa
[  370.506] EVT 相位 L3 handover→vent 落点Δ(+0.0,+0.0)
[  370.531] EVT 阀 L3 →排气位
[  370.806] EVT 相位 L3 vent→lift
[  370.906] TLM t= 247.2 L1·A@-73 L2·A@-65 L3Lv@-74 R1·A@-74 R2·A@-65 R3·A@-61 罐=无罐 泵=0 阀=110111 速=+0,+0,+0.00 电=7.55V/2.85A/峰3.74 补余=0.0 IO错=0 倾+0.0 自动3/3
[  370.934] EVT 吸附 L3 venting→released 在态0.42s 0.1kPa
[  371.407] TLM t= 247.2 L1·A@-73 L2·A@-64 L3Lr@-- R1·A@-74 R2·A@-65 R3·A@-60 罐=无罐 泵=0 阀=110111 速=+0,+0,+0.00 电=7.51V/3.17A/峰3.74 补余=0.0 IO错=0 倾+0.0 自动3/3
[  371.581] EVT 泵 开 最差盘压-60.0
[  371.654] EVT 相位 L3 lift→transfer
[  371.929] TLM t= 247.2 L1·A@-73 L2·A@-66 L3Tr@-- R1·A@-74 R2·A@-65 R3·A@-64 罐=无罐 泵=1 阀=110111 速=+0,+0,+0.00 电=7.51V/3.17A/峰3.74 补余=0.0 IO错=0 倾+0.0 自动3/3
[  372.281] EVT 相位 L3 transfer→hover
[  372.434] TLM t= 247.2 L1·A@-75 L2·A@-75 L3Hr@-- R1·A@-74 R2·A@-75 R3·A@-75 罐=无罐 泵=1 阀=110111 速=+0,+0,+0.00 电=7.51V/2.93A/峰3.74 补余=0.0 IO错=0 倾+0.0 自动3/3
[  372.484] EVT 泵 停 最差盘压-75.2
[  372.951] TLM t= 247.2 L1·A@-76 L2·A@-76 L3Hr@-- R1·A@-76 R2·A@-76 R3·A@-76 罐=无罐 泵=0 阀=110111 速=+0,+0,+0.00 电=7.55V/3.01A/峰3.74 补余=0.0 IO错=0 倾+0.0 自动3/3
[  373.304] EVT 落地：L3
[  373.327] EVT 相位 L3 hover→descend
[  373.455] TLM t= 247.2 L1·A@-76 L2·A@-76 L3Dr@-- R1·A@-76 R2·A@-75 R3·A@-75 罐=无罐 泵=0 阀=110111 速=+0,+0,+0.00 电=7.52V/2.93A/峰3.74 补余=0.0 IO错=0 倾+0.0 自动3/3
[  373.808] EVT 相位 L3 descend→press
[  373.977] TLM t= 247.2 L1·A@-76 L2·A@-75 L3Pr@-- R1·A@-76 R2·A@-75 R3·A@-74 罐=无罐 泵=0 阀=110111 速=+0,+0,+0.00 电=7.54V/3.09A/峰3.74 补余=0.0 IO错=0 倾+0.0 自动3/3
[  374.483] TLM t= 247.2 L1·A@-76 L2·A@-75 L3Pr@-- R1·A@-76 R2·A@-75 R3·A@-74 罐=无罐 泵=0 阀=110111 速=+0,+0,+0.00 电=7.56V/2.77A/峰3.74 补余=0.0 IO错=0 倾+0.0 自动3/3
[  375.001] TLM t= 247.2 L1·A@-76 L2·A@-74 L3Pr@-- R1·A@-75 R2·A@-74 R3·A@-73 罐=无罐 泵=0 阀=110111 速=+0,+0,+0.00 电=7.54V/2.77A/峰3.74 补余=0.0 IO错=0 倾+0.0 自动3/3
[  375.016] EVT 吸附 L3 released→pressing 在态4.06s 0.1kPa
[  375.016] EVT 相位 L3 press→wait
[  375.329] EVT 吸附 L3 pressing→sucking 在态0.32s 0.1kPa
[  375.329] EVT 阀 L3 →抽气位
[  375.357] EVT 泵 开 最差盘压-72.7
[  375.505] TLM t= 247.2 L1·A@-76 L2·A@-74 L3Ws@-54 R1·A@-75 R2·A@-74 R3·A@-72 罐=无罐 泵=1 阀=111111 速=+0,+0,+0.00 电=7.51V/3.01A/峰3.74 补余=0.0 IO错=0 倾+0.0 自动3/3
[  375.630] EVT 吸附 L3 sucking→attached 在态0.30s -57.0kPa
[  375.630] EVT 相位 L3 wait→stance
[  375.630] EVT 抬落完成，轮到 R1
[  376.027] TLM t= 247.6 L1·A@-76 L2·A@-74 L3·A@-73 R1·A@-75 R2·A@-73 R3·A@-73 罐=无罐 泵=1 阀=111111 速=+0,+0,+0.00 电=7.48V/3.01A/峰3.74 补余=0.0 IO错=0 倾+0.0 自动3/3
[  376.202] EVT 泵 停 最差盘压-75.1
[  376.531] TLM t= 248.1 L1·A@-76 L2·A@-76 L3·A@-76 R1·A@-75 R2·A@-76 R3·A@-76 罐=无罐 泵=0 阀=111111 速=+0,+0,+0.00 电=7.55V/3.09A/峰3.74 补余=0.0 IO错=0 倾+0.0 自动3/3
[  377.054] TLM t= 248.6 L1·A@-76 L2·A@-75 L3·A@-76 R1·A@-75 R2·A@-75 R3·A@-75 罐=无罐 泵=0 阀=111111 速=+0,+0,+0.00 电=7.55V/2.85A/峰3.74 补余=0.0 IO错=0 倾+0.0 自动3/3
[  377.555] TLM t= 249.1 L1·A@-76 L2·A@-75 L3·A@-76 R1·A@-75 R2·A@-75 R3·A@-74 罐=无罐 泵=0 阀=111111 速=+0,+0,+0.00 电=7.54V/2.93A/峰3.74 补余=0.0 IO错=0 倾+0.0 自动3/3
[  378.079] TLM t= 249.6 L1·A@-76 L2·A@-74 L3·A@-75 R1·A@-75 R2·A@-74 R3·A@-74 罐=无罐 泵=0 阀=111111 速=+0,+0,+0.00 电=7.55V/3.01A/峰3.74 补余=0.0 IO错=0 倾+0.0 自动3/3
[  378.581] TLM t= 250.1 L1·A@-76 L2·A@-74 L3·A@-75 R1·A@-75 R2·A@-74 R3·A@-73 罐=无罐 泵=0 阀=111111 速=+0,+0,+0.00 电=7.55V/3.09A/峰3.74 补余=0.0 IO错=0 倾+0.0 自动3/3
[  379.106] TLM t= 250.6 L1·A@-75 L2·A@-74 L3·A@-75 R1·A@-75 R2·A@-74 R3·A@-73 罐=无罐 泵=0 阀=111111 速=+0,+0,+0.00 电=7.54V/2.93A/峰3.74 补余=0.0 IO错=0 倾+0.0 自动3/3
[  379.609] TLM t= 251.1 L1·A@-75 L2·A@-73 L3·A@-75 R1·A@-75 R2·A@-73 R3·A@-72 罐=无罐 泵=0 阀=111111 速=+0,+0,+0.00 电=7.57V/2.93A/峰3.74 补余=0.0 IO错=0 倾+0.0 自动3/3
[  380.132] TLM t= 251.7 L1·A@-75 L2·A@-73 L3·A@-75 R1·A@-75 R2·A@-73 R3·A@-71 罐=无罐 泵=0 阀=111111 速=+0,+0,+0.00 电=7.54V/2.93A/峰3.74 补余=0.0 IO错=0 倾+0.0 自动3/3
[  380.633] TLM t= 252.2 L1·A@-75 L2·A@-72 L3·A@-75 R1·A@-74 R2·A@-72 R3·A@-71 罐=无罐 泵=0 阀=111111 速=+0,+0,+0.00 电=7.55V/2.93A/峰3.74 补余=0.0 IO错=0 倾+0.0 自动3/3
[  381.159] TLM t= 252.7 L1·A@-75 L2·A@-72 L3·A@-75 R1·A@-74 R2·A@-72 R3·A@-70 罐=无罐 泵=0 阀=111111 速=+0,+0,+0.00 电=7.56V/3.01A/峰3.74 补余=0.0 IO错=0 倾+0.0 自动3/3
[  381.663] TLM t= 253.2 L1·A@-75 L2·A@-71 L3·A@-75 R1·A@-74 R2·A@-72 R3·A@-69 罐=无罐 泵=0 阀=111111 速=+0,+0,+0.00 电=7.54V/3.01A/峰3.74 补余=0.0 IO错=0 倾+0.0 自动3/3
[  382.185] TLM t= 253.7 L1·A@-75 L2·A@-71 L3·A@-75 R1·A@-74 R2·A@-71 R3·A@-69 罐=无罐 泵=0 阀=111111 速=+0,+0,+0.00 电=7.56V/3.01A/峰3.74 补余=0.0 IO错=0 倾+0.0 自动3/3
[  382.689] TLM t= 254.2 L1·A@-75 L2·A@-70 L3·A@-75 R1·A@-74 R2·A@-71 R3·A@-68 罐=无罐 泵=0 阀=111111 速=+0,+0,+0.00 电=7.56V/2.85A/峰3.74 补余=0.0 IO错=0 倾+0.0 自动3/3
[  383.209] TLM t= 254.7 L1·A@-75 L2·A@-70 L3·A@-74 R1·A@-74 R2·A@-70 R3·A@-68 罐=无罐 泵=0 阀=111111 速=+0,+0,+0.00 电=7.54V/2.93A/峰3.74 补余=0.0 IO错=0 倾+0.0 自动3/3
[  383.712] TLM t= 255.2 L1·A@-75 L2·A@-69 L3·A@-74 R1·A@-74 R2·A@-70 R3·A@-67 罐=无罐 泵=0 阀=111111 速=+0,+0,+0.00 电=7.53V/2.69A/峰3.74 补余=0.0 IO错=0 倾+0.0 自动3/3
[  384.234] TLM t= 255.7 L1·A@-74 L2·A@-69 L3·A@-74 R1·A@-74 R2·A@-70 R3·A@-66 罐=无罐 泵=0 阀=111111 速=+0,+0,+0.00 电=7.54V/2.85A/峰3.74 补余=0.0 IO错=0 倾+0.0 自动3/3
[  384.738] TLM t= 256.2 L1·A@-74 L2·A@-69 L3·A@-74 R1·A@-74 R2·A@-69 R3·A@-66 罐=无罐 泵=0 阀=111111 速=+0,+0,+0.00 电=7.55V/2.85A/峰3.74 补余=0.0 IO错=0 倾+0.0 自动3/3
[  385.256] TLM t= 256.8 L1·A@-74 L2·A@-68 L3·A@-74 R1·A@-74 R2·A@-69 R3·A@-65 罐=无罐 泵=0 阀=111111 速=+0,+0,+0.00 电=7.55V/2.93A/峰3.74 补余=0.0 IO错=0 倾+0.0 自动3/3
[  385.644] EVT 原地抬起受理：R1
[  385.671] EVT 相位 R1 stance→handover
[  385.763] TLM t= 258.1 L1·A@-74 L2·A@-68 L3·A@-74 R1ZA@-74 R2·A@-68 R3·A@-64 罐=无罐 泵=0 阀=111111 速=+0,+0,+0.00 电=7.53V/2.85A/峰3.74 补余=0.0 IO错=0 倾+0.0 自动3/3
[  386.282] TLM t= 258.6 L1·A@-74 L2·A@-67 L3·A@-74 R1ZA@-74 R2·A@-68 R3·A@-64 罐=无罐 泵=0 阀=111111 速=+0,+0,+0.00 电=7.59V/2.28A/峰3.74 补余=0.0 IO错=0 倾+0.0 自动3/3
[  386.788] TLM t= 258.6 L1·A@-74 L2·A@-67 L3·A@-74 R1ZA@-74 R2·A@-68 R3·A@-63 罐=无罐 泵=0 阀=111111 速=+0,+0,+0.00 电=7.61V/2.12A/峰3.74 补余=0.0 IO错=0 倾+0.0 自动3/3
[  387.313] TLM t= 258.6 L1·A@-74 L2·A@-66 L3·A@-74 R1ZA@-74 R2·A@-67 R3·A@-63 罐=无罐 泵=0 阀=111111 速=+0,+0,+0.00 电=7.58V/2.12A/峰3.74 补余=0.0 IO错=0 倾+0.0 自动3/3
[  387.813] TLM t= 258.6 L1·A@-74 L2·A@-66 L3·A@-74 R1ZA@-73 R2·A@-67 R3·A@-62 罐=无罐 泵=0 阀=111111 速=+0,+0,+0.00 电=7.58V/2.28A/峰3.74 补余=0.0 IO错=0 倾+0.0 自动3/3
[  388.340] TLM t= 258.6 L1·A@-74 L2·A@-65 L3·A@-74 R1ZA@-73 R2·A@-67 R3·A@-62 罐=无罐 泵=0 阀=111111 速=+0,+0,+0.00 电=7.58V/2.12A/峰3.74 补余=0.0 IO错=0 倾+0.0 自动3/3
[  388.842] TLM t= 258.6 L1·A@-74 L2·A@-65 L3·A@-74 R1ZA@-73 R2·A@-66 R3·A@-61 罐=无罐 泵=0 阀=111111 速=+0,+0,+0.00 电=7.59V/2.44A/峰3.74 补余=0.0 IO错=0 倾+0.0 自动3/3
[  388.967] EVT 吸附 R1 attached→venting 在态106.56s -73.4kPa
[  388.967] EVT 相位 R1 handover→vent 落点Δ(+0.0,+0.0)
[  388.995] EVT 阀 R1 →排气位
[  389.268] EVT 相位 R1 vent→lift
[  389.365] TLM t= 258.6 L1·A@-74 L2·A@-65 L3·A@-73 R1Lv@-73 R2·A@-66 R3·A@-61 罐=无罐 泵=0 阀=111011 速=+0,+0,+0.00 电=7.54V/2.60A/峰3.74 补余=0.0 IO错=0 倾+0.0 自动3/3
[  389.393] EVT 吸附 R1 venting→released 在态0.42s -0.1kPa
[  389.737] EVT 泵 开 最差盘压-60.0
[  389.865] TLM t= 258.6 L1·A@-74 L2·A@-64 L3·A@-73 R1Lr@-- R2·A@-66 R3·A@-60 罐=无罐 泵=1 阀=111011 速=+0,+0,+0.00 电=7.52V/2.52A/峰3.74 补余=0.0 IO错=0 倾+0.0 自动3/3
[  390.113] EVT 相位 R1 lift→transfer
[  390.393] TLM t= 258.6 L1·A@-74 L2·A@-73 L3·A@-73 R1Tr@-- R2·A@-72 R3·A@-72 罐=无罐 泵=1 阀=111011 速=+0,+0,+0.00 电=7.48V/2.60A/峰3.74 补余=0.0 IO错=0 倾+0.0 自动3/3
[  390.627] EVT 泵 停 最差盘压-75.2
[  390.747] EVT 相位 R1 transfer→hover
[  390.892] TLM t= 258.6 L1·A@-76 L2·A@-76 L3·A@-76 R1Hr@-- R2·A@-76 R3·A@-76 罐=无罐 泵=0 阀=111011 速=+0,+0,+0.00 电=7.56V/2.52A/峰3.74 补余=0.0 IO错=0 倾+0.0 自动3/3
[  391.420] TLM t= 258.6 L1·A@-76 L2·A@-76 L3·A@-76 R1Hr@-- R2·A@-75 R3·A@-75 罐=无罐 泵=0 阀=111011 速=+0,+0,+0.00 电=7.56V/2.36A/峰3.74 补余=0.0 IO错=0 倾+0.0 自动3/3
[  391.774] EVT 落地：R1
[  391.791] EVT 相位 R1 hover→descend
[  391.924] TLM t= 258.6 L1·A@-76 L2·A@-75 L3·A@-76 R1Dr@-- R2·A@-75 R3·A@-74 罐=无罐 泵=0 阀=111011 速=+0,+0,+0.00 电=7.57V/2.60A/峰3.74 补余=0.0 IO错=0 倾+0.0 自动3/3
[  392.273] EVT 相位 R1 descend→press
[  392.444] TLM t= 258.6 L1·A@-76 L2·A@-75 L3·A@-76 R1Pr@-- R2·A@-75 R3·A@-74 罐=无罐 泵=0 阀=111011 速=+0,+0,+0.00 电=7.54V/2.52A/峰3.74 补余=0.0 IO错=0 倾+0.0 自动3/3
[  392.947] TLM t= 258.6 L1·A@-76 L2·A@-74 L3·A@-76 R1Pr@-- R2·A@-74 R3·A@-73 罐=无罐 泵=0 阀=111011 速=+0,+0,+0.00 电=7.55V/2.52A/峰3.74 补余=0.0 IO错=0 倾+0.0 自动3/3
[  393.473] TLM t= 258.6 L1·A@-75 L2·A@-74 L3·A@-76 R1Pr@-- R2·A@-74 R3·A@-72 罐=无罐 泵=0 阀=111011 速=+0,+0,+0.00 电=7.55V/2.60A/峰3.74 补余=0.0 IO错=0 倾+0.0 自动3/3
[  393.487] EVT 吸附 R1 released→pressing 在态4.06s -0.1kPa
[  393.488] EVT 相位 R1 press→wait
[  393.803] EVT 吸附 R1 pressing→sucking 在态0.32s -0.1kPa
[  393.803] EVT 阀 R1 →抽气位
[  393.831] EVT 泵 开 最差盘压-71.8
[  393.977] TLM t= 258.6 L1·A@-75 L2·A@-73 L3·A@-76 R1Ws@-51 R2·A@-73 R3·A@-72 罐=无罐 泵=1 阀=111111 速=+0,+0,+0.00 电=7.52V/2.36A/峰3.74 补余=0.0 IO错=0 倾+0.0 自动3/3
[  394.192] EVT 吸附 R1 sucking→attached 在态0.38s -66.7kPa
[  394.192] EVT 相位 R1 wait→stance
[  394.192] EVT 抬落完成，轮到 L2
[  394.504] TLM t= 258.9 L1·A@-75 L2·A@-75 L3·A@-76 R1·A@-74 R2·A@-75 R3·A@-74 罐=无罐 泵=1 阀=111111 速=+0,+0,+0.00 电=7.56V/2.52A/峰3.74 补余=0.0 IO错=0 倾+0.0 自动3/3
[  394.577] EVT 泵 停 最差盘压-75.2
[  395.008] TLM t= 259.4 L1·A@-76 L2·A@-76 L3·A@-76 R1·A@-76 R2·A@-76 R3·A@-76 罐=无罐 泵=0 阀=111111 速=+0,+0,+0.00 电=7.58V/2.44A/峰3.74 补余=0.0 IO错=0 倾+0.0 自动3/3
[  395.529] TLM t= 259.9 L1·A@-76 L2·A@-76 L3·A@-76 R1·A@-75 R2·A@-75 R3·A@-75 罐=无罐 泵=0 阀=111111 速=+0,+0,+0.00 电=7.57V/2.36A/峰3.74 补余=0.0 IO错=0 倾+0.0 自动3/3
[  396.032] TLM t= 260.4 L1·A@-76 L2·A@-75 L3·A@-76 R1·A@-75 R2·A@-75 R3·A@-74 罐=无罐 泵=0 阀=111111 速=+0,+0,+0.00 电=7.56V/2.52A/峰3.74 补余=0.0 IO错=0 倾+0.0 自动3/3
[  396.554] TLM t= 260.9 L1·A@-76 L2·A@-75 L3·A@-76 R1·A@-75 R2·A@-75 R3·A@-74 罐=无罐 泵=0 阀=111111 速=+0,+0,+0.00 电=7.58V/2.44A/峰3.74 补余=0.0 IO错=0 倾+0.0 自动3/3
[  397.058] TLM t= 261.4 L1·A@-76 L2·A@-74 L3·A@-76 R1·A@-75 R2·A@-74 R3·A@-73 罐=无罐 泵=0 阀=111111 速=+0,+0,+0.00 电=7.56V/2.44A/峰3.74 补余=0.0 IO错=0 倾+0.0 自动3/3
[  397.580] TLM t= 262.0 L1·A@-76 L2·A@-74 L3·A@-76 R1·A@-75 R2·A@-74 R3·A@-72 罐=无罐 泵=0 阀=111111 速=+0,+0,+0.00 电=7.58V/2.44A/峰3.74 补余=0.0 IO错=0 倾+0.0 自动3/3
[  398.088] TLM t= 262.5 L1·A@-76 L2·A@-73 L3·A@-76 R1·A@-75 R2·A@-73 R3·A@-72 罐=无罐 泵=0 阀=111111 速=+0,+0,+0.00 电=7.58V/2.36A/峰3.74 补余=0.0 IO错=0 倾+0.0 自动3/3
[  398.607] TLM t= 263.0 L1·A@-75 L2·A@-73 L3·A@-76 R1·A@-75 R2·A@-73 R3·A@-71 罐=无罐 泵=0 阀=111111 速=+0,+0,+0.00 电=7.58V/2.44A/峰3.74 补余=0.0 IO错=0 倾+0.0 自动3/3
[  399.112] TLM t= 263.5 L1·A@-75 L2·A@-72 L3·A@-76 R1·A@-75 R2·A@-73 R3·A@-70 罐=无罐 泵=0 阀=111111 速=+0,+0,+0.00 电=7.57V/2.44A/峰3.74 补余=0.0 IO错=0 倾+0.0 自动3/3
[  399.635] TLM t= 264.0 L1·A@-75 L2·A@-72 L3·A@-76 R1·A@-75 R2·A@-72 R3·A@-70 罐=无罐 泵=0 阀=111111 速=+0,+0,+0.00 电=7.57V/2.52A/峰3.74 补余=0.0 IO错=0 倾+0.0 自动3/3
[  400.137] TLM t= 264.5 L1·A@-75 L2·A@-71 L3·A@-76 R1·A@-75 R2·A@-72 R3·A@-69 罐=无罐 泵=0 阀=111111 速=+0,+0,+0.00 电=7.56V/2.36A/峰3.74 补余=0.0 IO错=0 倾+0.0 自动3/3
[  400.660] TLM t= 265.0 L1·A@-75 L2·A@-71 L3·A@-76 R1·A@-75 R2·A@-71 R3·A@-68 罐=无罐 泵=0 阀=111111 速=+0,+0,+0.00 电=7.57V/2.52A/峰3.74 补余=0.0 IO错=0 倾+0.0 自动3/3
[  401.164] TLM t= 265.5 L1·A@-75 L2·A@-70 L3·A@-76 R1·A@-75 R2·A@-71 R3·A@-68 罐=无罐 泵=0 阀=111111 速=+0,+0,+0.00 电=7.57V/2.52A/峰3.74 补余=0.0 IO错=0 倾+0.0 自动3/3
[  401.689] TLM t= 266.0 L1·A@-75 L2·A@-70 L3·A@-75 R1·A@-75 R2·A@-71 R3·A@-67 罐=无罐 泵=0 阀=111111 速=+0,+0,+0.00 电=7.55V/2.69A/峰3.74 补余=0.0 IO错=0 倾+0.0 自动3/3
[  402.193] TLM t= 266.5 L1·A@-75 L2·A@-70 L3·A@-75 R1·A@-75 R2·A@-70 R3·A@-66 罐=无罐 泵=0 阀=111111 速=+0,+0,+0.00 电=7.57V/2.52A/峰3.74 补余=0.0 IO错=0 倾+0.0 自动3/3
[  402.713] TLM t= 267.1 L1·A@-75 L2·A@-69 L3·A@-75 R1·A@-75 R2·A@-70 R3·A@-66 罐=无罐 泵=0 阀=111111 速=+0,+0,+0.00 电=7.56V/2.52A/峰3.74 补余=0.0 IO错=0 倾+0.0 自动3/3
[  403.218] TLM t= 267.6 L1·A@-75 L2·A@-69 L3·A@-75 R1·A@-74 R2·A@-70 R3·A@-65 罐=无罐 泵=0 阀=111111 速=+0,+0,+0.00 电=7.58V/2.44A/峰3.74 补余=0.0 IO错=0 倾+0.0 自动3/3
[  403.739] TLM t= 268.1 L1·A@-74 L2·A@-68 L3·A@-75 R1·A@-74 R2·A@-69 R3·A@-64 罐=无罐 泵=0 阀=111111 速=+0,+0,+0.00 电=7.55V/2.52A/峰3.74 补余=0.0 IO错=0 倾+0.0 自动3/3
[  404.238] EVT 原地抬起受理：L2
[  404.251] TLM t= 268.6 L1·A@-74 L2·A@-68 L3·A@-75 R1·A@-74 R2·A@-69 R3·A@-64 罐=无罐 泵=0 阀=111111 速=+0,+0,+0.00 电=7.58V/2.44A/峰3.74 补余=0.0 IO错=0 倾+0.0 自动3/3
[  404.252] EVT 相位 L2 stance→handover
[  404.769] TLM t= 269.9 L1·A@-74 L2ZA@-67 L3·A@-75 R1·A@-74 R2·A@-68 R3·A@-63 罐=无罐 泵=0 阀=111111 速=+0,+0,+0.00 电=7.58V/2.36A/峰3.74 补余=0.0 IO错=0 倾+0.0 自动3/3
[  405.276] TLM t= 270.0 L1·A@-74 L2ZA@-67 L3·A@-75 R1·A@-74 R2·A@-68 R3·A@-62 罐=无罐 泵=0 阀=111111 速=+0,+0,+0.00 电=7.55V/2.60A/峰3.74 补余=0.0 IO错=0 倾+0.0 自动3/3
[  405.795] TLM t= 270.0 L1·A@-74 L2ZA@-66 L3·A@-75 R1·A@-74 R2·A@-68 R3·A@-62 罐=无罐 泵=0 阀=111111 速=+0,+0,+0.00 电=7.53V/2.85A/峰3.74 补余=0.0 IO错=0 倾+0.0 自动3/3
[  406.295] TLM t= 270.0 L1·A@-74 L2ZA@-66 L3·A@-75 R1·A@-74 R2·A@-67 R3·A@-61 罐=无罐 泵=0 阀=111111 速=+0,+0,+0.00 电=7.54V/3.01A/峰3.74 补余=0.0 IO错=0 倾+0.0 自动3/3
[  406.650] EVT 吸附 L2 attached→venting 在态106.66s -65.5kPa
[  406.650] EVT 相位 L2 handover→vent 落点Δ(+0.0,+0.0)
[  406.663] EVT 阀 L2 →排气位
[  406.819] TLM t= 270.0 L1·A@-74 L2Vv@-66 L3·A@-75 R1·A@-74 R2·A@-67 R3·A@-60 罐=无罐 泵=0 阀=101111 速=+0,+0,+0.00 电=7.51V/3.17A/峰3.74 补余=0.0 IO错=0 倾+0.0 自动3/3
[  406.952] EVT 相位 L2 vent→lift
[  407.087] EVT 吸附 L2 venting→released 在态0.44s 0.4kPa
[  407.133] EVT 泵 开 最差盘压-59.9
[  407.320] TLM t= 270.0 L1·A@-74 L2Lr@-- L3·A@-75 R1·A@-74 R2·A@-67 R3·A@-60 罐=无罐 泵=1 阀=101111 速=+0,+0,+0.00 电=7.49V/3.26A/峰3.74 补余=0.0 IO错=0 倾+0.0 自动3/3
[  407.795] EVT 相位 L2 lift→transfer
[  407.841] TLM t= 270.0 L1·A@-75 L2Tr@-- L3·A@-75 R1·A@-74 R2·A@-74 R3·A@-74 罐=无罐 泵=1 阀=101111 速=+0,+0,+0.00 电=7.45V/3.34A/峰3.74 补余=0.0 IO错=0 倾+0.0 自动3/3
[  407.977] EVT 泵 停 最差盘压-75.5
[  408.351] TLM t= 270.0 L1·A@-76 L2Tr@-- L3·A@-77 R1·A@-76 R2·A@-76 R3·A@-76 罐=无罐 泵=0 阀=101111 速=+0,+0,+0.00 电=7.48V/3.66A/峰3.74 补余=0.0 IO错=0 倾+0.0 自动3/3
[  408.412] EVT 相位 L2 transfer→hover
[  408.868] TLM t= 270.0 L1·A@-76 L2Hr@-- L3·A@-76 R1·A@-76 R2·A@-76 R3·A@-75 罐=无罐 泵=0 阀=101111 速=+0,+0,+0.00 电=7.52V/3.01A/峰3.74 补余=0.0 IO错=0 倾+0.0 自动3/3
[  409.370] TLM t= 270.0 L1·A@-76 L2Hr@-- L3·A@-76 R1·A@-76 R2·A@-75 R3·A@-75 罐=无罐 泵=0 阀=101111 速=+0,+0,+0.00 电=7.52V/3.17A/峰3.74 补余=0.0 IO错=0 倾+0.0 自动3/3
[  409.423] EVT 落地：L2
[  409.435] EVT 相位 L2 hover→descend
[  409.891] TLM t= 270.0 L1·A@-76 L2Dr@-- L3·A@-76 R1·A@-76 R2·A@-75 R3·A@-74 罐=无罐 泵=0 阀=101111 速=+0,+0,+0.00 电=7.50V/3.26A/峰3.74 补余=0.0 IO错=0 倾+0.0 自动3/3
[  409.917] EVT 相位 L2 descend→press
[  410.392] TLM t= 270.0 L1·A@-76 L2Pr@-- L3·A@-76 R1·A@-76 R2·A@-74 R3·A@-73 罐=无罐 泵=0 阀=101111 速=+0,+0,+0.00 电=7.51V/3.17A/峰3.74 补余=0.0 IO错=0 倾+0.0 自动3/3
[  410.915] TLM t= 270.0 L1·A@-76 L2Pr@-- L3·A@-76 R1·A@-76 R2·A@-74 R3·A@-73 罐=无罐 泵=0 阀=101111 速=+0,+0,+0.00 电=7.52V/3.17A/峰3.74 补余=0.0 IO错=0 倾+0.0 自动3/3
[  411.121] EVT 吸附 L2 released→pressing 在态4.02s 0.4kPa
[  411.121] EVT 相位 L2 press→wait
[  411.420] TLM t= 270.0 L1·A@-76 L2Wp@-- L3·A@-76 R1·A@-76 R2·A@-74 R3·A@-72 罐=无罐 泵=0 阀=101111 速=+0,+0,+0.00 电=7.52V/3.09A/峰3.74 补余=0.0 IO错=0 倾+0.0 自动3/3
[  411.447] EVT 吸附 L2 pressing→sucking 在态0.32s 0.4kPa
[  411.447] EVT 阀 L2 →抽气位
[  411.469] EVT 泵 开 最差盘压-71.9
[  411.745] EVT 吸附 L2 sucking→attached 在态0.30s -64.1kPa
[  411.748] EVT 相位 L2 wait→stance
[  411.748] EVT 抬落完成，轮到 R3
[  411.748] EVT 自动轮换：第 3 轮完成
[  411.934] TLM t= 270.2 L1·A@-76 L2·A@-71 L3·A@-76 R1·A@-76 R2·A@-73 R3·A@-71 罐=无罐 泵=1 阀=111111 速=+0,+0,+0.00 电=7.52V/2.85A/峰3.74 补余=0.0 IO错=0 倾+0.0 自动3/3
[  412.146] EVT 泵 停 最差盘压-75.0
[  412.440] TLM t= 270.7 L1·A@-76 L2·A@-76 L3·A@-76 R1·A@-76 R2·A@-76 R3·A@-76 罐=无罐 泵=0 阀=111111 速=+0,+0,+0.00 电=7.54V/3.17A/峰3.74 补余=0.0 IO错=0 倾+0.0 自动3/3
[  412.960] TLM t= 271.2 L1·A@-76 L2·A@-75 L3·A@-76 R1·A@-76 R2·A@-75 R3·A@-75 罐=无罐 泵=0 阀=111111 速=+0,+0,+0.00 电=7.53V/3.26A/峰3.74 补余=0.0 IO错=0 倾+0.0 自动3/3
[  413.463] TLM t= 271.7 L1·A@-76 L2·A@-75 L3·A@-76 R1·A@-76 R2·A@-75 R3·A@-74 罐=无罐 泵=0 阀=111111 速=+0,+0,+0.00 电=7.53V/3.26A/峰3.74 补余=0.0 IO错=0 倾+0.0 自动3/3
[  413.987] TLM t= 272.2 L1·A@-75 L2·A@-74 L3·A@-76 R1·A@-75 R2·A@-74 R3·A@-73 罐=无罐 泵=0 阀=111111 速=+0,+0,+0.00 电=7.53V/3.26A/峰3.74 补余=0.0 IO错=0 倾+0.0 自动3/3
[  414.490] TLM t= 272.7 L1·A@-75 L2·A@-73 L3·A@-76 R1·A@-75 R2·A@-74 R3·A@-73 罐=无罐 泵=0 阀=111111 速=+0,+0,+0.00 电=7.54V/3.01A/峰3.74 补余=0.0 IO错=0 倾+0.0 自动3/3
[  415.013] TLM t= 273.2 L1·A@-75 L2·A@-73 L3·A@-76 R1·A@-75 R2·A@-74 R3·A@-72 罐=无罐 泵=0 阀=111111 速=+0,+0,+0.00 电=7.53V/3.26A/峰3.74 补余=0.0 IO错=0 倾+0.0 自动3/3
[  415.517] TLM t= 273.7 L1·A@-75 L2·A@-72 L3·A@-76 R1·A@-75 R2·A@-73 R3·A@-71 罐=无罐 泵=0 阀=111111 速=+0,+0,+0.00 电=7.51V/3.17A/峰3.74 补余=0.0 IO错=0 倾+0.0 自动3/3
[  416.035] TLM t= 274.3 L1·A@-75 L2·A@-72 L3·A@-76 R1·A@-75 R2·A@-73 R3·A@-71 罐=无罐 泵=0 阀=111111 速=+0,+0,+0.00 电=7.53V/3.09A/峰3.74 补余=0.0 IO错=0 倾+0.0 自动3/3
[  416.537] TLM t= 274.8 L1·A@-75 L2·A@-71 L3·A@-76 R1·A@-75 R2·A@-72 R3·A@-70 罐=无罐 泵=0 阀=111111 速=+0,+0,+0.00 电=7.52V/3.17A/峰3.74 补余=0.0 IO错=0 倾+0.0 自动3/3
[  417.057] TLM t= 275.3 L1·A@-75 L2·A@-71 L3·A@-76 R1·A@-75 R2·A@-72 R3·A@-69 罐=无罐 泵=0 阀=111111 速=+0,+0,+0.00 电=7.51V/3.17A/峰3.74 补余=0.0 IO错=0 倾+0.0 自动3/3
[  417.563] TLM t= 275.8 L1·A@-75 L2·A@-70 L3·A@-75 R1·A@-75 R2·A@-72 R3·A@-68 罐=无罐 泵=0 阀=111111 速=+0,+0,+0.00 电=7.53V/3.26A/峰3.74 补余=0.0 IO错=0 倾+0.0 自动3/3
[  418.082] TLM t= 276.3 L1·A@-75 L2·A@-70 L3·A@-75 R1·A@-75 R2·A@-71 R3·A@-68 罐=无罐 泵=0 阀=111111 速=+0,+0,+0.00 电=7.53V/3.01A/峰3.74 补余=0.0 IO错=0 倾+0.0 自动3/3
[  418.584] TLM t= 276.8 L1·A@-75 L2·A@-69 L3·A@-75 R1·A@-75 R2·A@-71 R3·A@-67 罐=无罐 泵=0 阀=111111 速=+0,+0,+0.00 电=7.51V/3.09A/峰3.74 补余=0.0 IO错=0 倾+0.0 自动3/3
[  419.105] TLM t= 277.3 L1·A@-74 L2·A@-69 L3·A@-75 R1·A@-75 R2·A@-71 R3·A@-66 罐=无罐 泵=0 阀=111111 速=+0,+0,+0.00 电=7.52V/3.01A/峰3.74 补余=0.0 IO错=0 倾+0.0 自动3/3
[  419.610] TLM t= 277.8 L1·A@-74 L2·A@-68 L3·A@-75 R1·A@-75 R2·A@-70 R3·A@-65 罐=无罐 泵=0 阀=111111 速=+0,+0,+0.00 电=7.53V/3.34A/峰3.74 补余=0.0 IO错=0 倾+0.0 自动3/3
[  420.131] TLM t= 278.3 L1·A@-74 L2·A@-68 L3·A@-75 R1·A@-75 R2·A@-70 R3·A@-65 罐=无罐 泵=0 阀=111111 速=+0,+0,+0.00 电=7.53V/3.17A/峰3.74 补余=0.0 IO错=0 倾+0.0 自动3/3
[  420.635] TLM t= 278.8 L1·A@-74 L2·A@-67 L3·A@-75 R1·A@-75 R2·A@-69 R3·A@-64 罐=无罐 泵=0 阀=111111 速=+0,+0,+0.00 电=7.51V/3.09A/峰3.74 补余=0.0 IO错=0 倾+0.0 自动3/3
[  421.154] TLM t= 279.4 L1·A@-74 L2·A@-67 L3·A@-75 R1·A@-75 R2·A@-69 R3·A@-63 罐=无罐 泵=0 阀=111111 速=+0,+0,+0.00 电=7.53V/3.26A/峰3.74 补余=0.0 IO错=0 倾+0.0 自动3/3
[  421.660] TLM t= 279.9 L1·A@-74 L2·A@-67 L3·A@-75 R1·A@-75 R2·A@-69 R3·A@-62 罐=无罐 泵=0 阀=111111 速=+0,+0,+0.00 电=7.52V/3.26A/峰3.74 补余=0.0 IO错=0 倾+0.0 自动3/3
[  422.178] TLM t= 280.4 L1·A@-74 L2·A@-66 L3·A@-75 R1·A@-75 R2·A@-68 R3·A@-62 罐=无罐 泵=0 阀=111111 速=+0,+0,+0.00 电=7.52V/3.09A/峰3.74 补余=0.0 IO错=0 倾+0.0 自动3/3
[  422.681] TLM t= 280.9 L1·A@-74 L2·A@-66 L3·A@-75 R1·A@-75 R2·A@-68 R3·A@-61 罐=无罐 泵=0 阀=111111 速=+0,+0,+0.00 电=7.55V/3.01A/峰3.74 补余=0.0 IO错=0 倾+0.0 自动3/3
[  423.203] TLM t= 281.4 L1·A@-74 L2·A@-65 L3·A@-75 R1·A@-75 R2·A@-68 R3·A@-60 罐=无罐 泵=0 阀=111111 速=+0,+0,+0.00 电=7.51V/3.01A/峰3.74 补余=0.0 IO错=0 倾+0.0 自动3/3
[  423.292] EVT 泵 开 最差盘压-60.0
[  423.707] TLM t= 281.9 L1·A@-74 L2·A@-70 L3·A@-75 R1·A@-75 R2·A@-70 R3·A@-68 罐=无罐 泵=1 阀=111111 速=+0,+0,+0.00 电=7.49V/3.09A/峰3.74 补余=0.0 IO错=0 倾+0.0 自动3/3
[  424.179] EVT 泵 停 最差盘压-75.6
[  424.223] TLM t= 282.4 L1·A@-76 L2·A@-77 L3·A@-77 R1·A@-76 R2·A@-76 R3·A@-76 罐=无罐 泵=0 阀=111111 速=+0,+0,+0.00 电=7.51V/3.26A/峰3.74 补余=0.0 IO错=0 倾+0.0 自动3/3
[  424.731] TLM t= 282.9 L1·A@-77 L2·A@-76 L3·A@-77 R1·A@-76 R2·A@-76 R3·A@-76 罐=无罐 泵=0 阀=111111 速=+0,+0,+0.00 电=7.53V/3.09A/峰3.74 补余=0.0 IO错=0 倾+0.0 自动3/3
[  425.248] TLM t= 283.4 L1·A@-76 L2·A@-76 L3·A@-77 R1·A@-76 R2·A@-76 R3·A@-75 罐=无罐 泵=0 阀=111111 速=+0,+0,+0.00 电=7.54V/3.34A/峰3.74 补余=0.0 IO错=0 倾+0.0 自动3/3
[  425.751] TLM t= 283.9 L1·A@-76 L2·A@-75 L3·A@-76 R1·A@-76 R2·A@-75 R3·A@-75 罐=无罐 泵=0 阀=111111 速=+0,+0,+0.00 电=7.53V/3.34A/峰3.74 补余=0.0 IO错=0 倾+0.0 自动3/3
[  426.274] TLM t= 284.5 L1·A@-76 L2·A@-75 L3·A@-76 R1·A@-76 R2·A@-75 R3·A@-74 罐=无罐 泵=0 阀=111111 速=+0,+0,+0.00 电=7.53V/3.26A/峰3.74 补余=0.0 IO错=0 倾+0.0 自动3/3
[  426.777] TLM t= 285.0 L1·A@-76 L2·A@-74 L3·A@-76 R1·A@-76 R2·A@-74 R3·A@-73 罐=无罐 泵=0 阀=111111 速=+0,+0,+0.00 电=7.49V/3.17A/峰3.74 补余=0.0 IO错=0 倾+0.0 自动3/3
[  427.297] TLM t= 285.5 L1·A@-76 L2·A@-74 L3·A@-76 R1·A@-76 R2·A@-74 R3·A@-72 罐=无罐 泵=0 阀=111111 速=+0,+0,+0.00 电=7.51V/3.09A/峰3.74 补余=0.0 IO错=0 倾+0.0 自动3/3
[  427.801] TLM t= 286.0 L1·A@-76 L2·A@-73 L3·A@-76 R1·A@-76 R2·A@-74 R3·A@-72 罐=无罐 泵=0 阀=111111 速=+0,+0,+0.00 电=7.53V/3.17A/峰3.74 补余=0.0 IO错=0 倾+0.0 自动3/3
[  428.318] TLM t= 286.5 L1·A@-76 L2·A@-73 L3·A@-76 R1·A@-76 R2·A@-73 R3·A@-71 罐=无罐 泵=0 阀=111111 速=+0,+0,+0.00 电=7.50V/3.34A/峰3.74 补余=0.0 IO错=0 倾+0.0 自动3/3
[  428.824] TLM t= 287.0 L1·A@-76 L2·A@-72 L3·A@-76 R1·A@-76 R2·A@-73 R3·A@-70 罐=无罐 泵=0 阀=111111 速=+0,+0,+0.00 电=7.53V/3.01A/峰3.74 补余=0.0 IO错=0 倾+0.0 自动3/3
[  429.343] TLM t= 287.5 L1·A@-76 L2·A@-72 L3·A@-76 R1·A@-76 R2·A@-72 R3·A@-70 罐=无罐 泵=0 阀=111111 速=+0,+0,+0.00 电=7.52V/3.34A/峰3.74 补余=0.0 IO错=0 倾+0.0 自动3/3
[  429.847] TLM t= 288.0 L1·A@-75 L2·A@-71 L3·A@-76 R1·A@-76 R2·A@-72 R3·A@-69 罐=无罐 泵=0 阀=111111 速=+0,+0,+0.00 电=7.52V/3.09A/峰3.74 补余=0.0 IO错=0 倾+0.0 自动3/3
[  430.365] TLM t= 288.5 L1·A@-75 L2·A@-71 L3·A@-76 R1·A@-76 R2·A@-72 R3·A@-68 罐=无罐 泵=0 阀=111111 速=+0,+0,+0.00 电=7.52V/2.93A/峰3.74 补余=0.0 IO错=0 倾+0.0 自动3/3
[  430.872] TLM t= 289.0 L1·A@-75 L2·A@-70 L3·A@-76 R1·A@-76 R2·A@-71 R3·A@-68 罐=无罐 泵=0 阀=111111 速=+0,+0,+0.00 电=7.51V/3.34A/峰3.74 补余=0.0 IO错=0 倾+0.0 自动3/3
[  431.389] TLM t= 289.6 L1·A@-75 L2·A@-70 L3·A@-76 R1·A@-76 R2·A@-71 R3·A@-67 罐=无罐 泵=0 阀=111111 速=+0,+0,+0.00 电=7.52V/3.09A/峰3.74 补余=0.0 IO错=0 倾+0.0 自动3/3
[  431.894] TLM t= 290.1 L1·A@-75 L2·A@-69 L3·A@-76 R1·A@-76 R2·A@-71 R3·A@-66 罐=无罐 泵=0 阀=111111 速=+0,+0,+0.00 电=7.52V/3.17A/峰3.74 补余=0.0 IO错=0 倾+0.0 自动3/3
[  432.413] TLM t= 290.6 L1·A@-75 L2·A@-69 L3·A@-76 R1·A@-75 R2·A@-70 R3·A@-66 罐=无罐 泵=0 阀=111111 速=+0,+0,+0.00 电=7.52V/3.09A/峰3.74 补余=0.0 IO错=0 倾+0.0 自动3/3
[  432.918] TLM t= 291.1 L1·A@-75 L2·A@-69 L3·A@-76 R1·A@-75 R2·A@-70 R3·A@-65 罐=无罐 泵=0 阀=111111 速=+0,+0,+0.00 电=7.51V/3.26A/峰3.74 补余=0.0 IO错=0 倾+0.0 自动3/3
[  433.435] TLM t= 291.6 L1·A@-75 L2·A@-68 L3·A@-76 R1·A@-75 R2·A@-69 R3·A@-64 罐=无罐 泵=0 阀=111111 速=+0,+0,+0.00 电=7.51V/2.93A/峰3.74 补余=0.0 IO错=0 倾+0.0 自动3/3
[  433.941] TLM t= 292.1 L1·A@-75 L2·A@-68 L3·A@-76 R1·A@-75 R2·A@-69 R3·A@-63 罐=无罐 泵=0 阀=111111 速=+0,+0,+0.00 电=7.53V/3.17A/峰3.74 补余=0.0 IO错=0 倾+0.0 自动3/3
[  434.457] TLM t= 292.6 L1·A@-75 L2·A@-67 L3·A@-75 R1·A@-75 R2·A@-69 R3·A@-63 罐=无罐 泵=0 阀=111111 速=+0,+0,+0.00 电=7.51V/3.09A/峰3.74 补余=0.0 IO错=0 倾+0.0 自动3/3
[  434.963] TLM t= 293.1 L1·A@-75 L2·A@-67 L3·A@-75 R1·A@-75 R2·A@-68 R3·A@-62 罐=无罐 泵=0 阀=111111 速=+0,+0,+0.00 电=7.52V/3.17A/峰3.74 补余=0.0 IO错=0 倾+0.0 自动3/3
[  435.487] TLM t= 293.6 L1·A@-74 L2·A@-66 L3·A@-75 R1·A@-75 R2·A@-68 R3·A@-61 罐=无罐 泵=0 阀=111111 速=+0,+0,+0.00 电=7.52V/3.09A/峰3.74 补余=0.0 IO错=0 倾+0.0 自动3/3
[  435.989] TLM t= 294.1 L1·A@-74 L2·A@-66 L3·A@-75 R1·A@-75 R2·A@-68 R3·A@-61 罐=无罐 泵=0 阀=111111 速=+0,+0,+0.00 电=7.52V/3.01A/峰3.74 补余=0.0 IO错=0 倾+0.0 自动3/3
[  436.357] EVT 泵 开 最差盘压-59.9
[  436.509] TLM t= 294.7 L1·A@-74 L2·A@-65 L3·A@-75 R1·A@-75 R2·A@-67 R3·A@-60 罐=无罐 泵=1 阀=111111 速=+0,+0,+0.00 电=7.46V/3.17A/峰3.74 补余=0.0 IO错=0 倾+0.0 自动3/3
[  437.013] TLM t= 295.2 L1·A@-74 L2·A@-74 L3·A@-75 R1·A@-75 R2·A@-74 R3·A@-73 罐=无罐 泵=1 阀=111111 速=+0,+0,+0.00 电=7.47V/3.17A/峰3.74 补余=0.0 IO错=0 倾+0.0 自动3/3
[  437.162] EVT 泵 停 最差盘压-75.1
[  437.532] TLM t= 295.7 L1·A@-76 L2·A@-76 L3·A@-76 R1·A@-75 R2·A@-76 R3·A@-76 罐=无罐 泵=0 阀=111111 速=+0,+0,+0.00 电=7.50V/3.26A/峰3.74 补余=0.0 IO错=0 倾+0.0 自动3/3
[  438.037] TLM t= 296.2 L1·A@-76 L2·A@-76 L3·A@-76 R1·A@-75 R2·A@-75 R3·A@-75 罐=无罐 泵=0 阀=111111 速=+0,+0,+0.00 电=7.52V/3.17A/峰3.74 补余=0.0 IO错=0 倾+0.0 自动3/3
[  438.555] TLM t= 296.7 L1·A@-76 L2·A@-75 L3·A@-76 R1·A@-75 R2·A@-75 R3·A@-74 罐=无罐 泵=0 阀=111111 速=+0,+0,+0.00 电=7.52V/3.17A/峰3.74 补余=0.0 IO错=0 倾+0.0 自动3/3
[  439.059] TLM t= 297.2 L1·A@-76 L2·A@-75 L3·A@-76 R1·A@-75 R2·A@-74 R3·A@-74 罐=无罐 泵=0 阀=111111 速=+0,+0,+0.00 电=7.53V/3.01A/峰3.74 补余=0.0 IO错=0 倾+0.0 自动3/3
[  439.582] TLM t= 297.7 L1·A@-76 L2·A@-74 L3·A@-76 R1·A@-75 R2·A@-74 R3·A@-73 罐=无罐 泵=0 阀=111111 速=+0,+0,+0.00 电=7.51V/3.26A/峰3.74 补余=0.0 IO错=0 倾+0.0 自动3/3
[  440.085] TLM t= 298.2 L1·A@-76 L2·A@-73 L3·A@-76 R1·A@-75 R2·A@-74 R3·A@-72 罐=无罐 泵=0 阀=111111 速=+0,+0,+0.00 电=7.52V/3.09A/峰3.74 补余=0.0 IO错=0 倾+0.0 自动3/3
[  440.602] TLM t= 298.7 L1·A@-75 L2·A@-73 L3·A@-76 R1·A@-75 R2·A@-73 R3·A@-72 罐=无罐 泵=0 阀=111111 速=+0,+0,+0.00 电=7.53V/3.01A/峰3.74 补余=0.0 IO错=0 倾+0.0 自动3/3
[  441.109] TLM t= 299.2 L1·A@-75 L2·A@-73 L3·A@-76 R1·A@-75 R2·A@-73 R3·A@-71 罐=无罐 泵=0 阀=111111 速=+0,+0,+0.00 电=7.53V/3.01A/峰3.74 补余=0.0 IO错=0 倾+0.0 自动3/3
[  441.625] TLM t= 299.8 L1·A@-75 L2·A@-72 L3·A@-76 R1·A@-75 R2·A@-73 R3·A@-70 罐=无罐 泵=0 阀=111111 速=+0,+0,+0.00 电=7.53V/3.34A/峰3.74 补余=0.0 IO错=0 倾+0.0 自动3/3
[  441.761] EVT 实验序列完成
[  442.128] TLM t= 300.3 L1·A@-75 L2·A@-72 L3·A@-76 R1·A@-75 R2·A@-72 R3·A@-70 罐=无罐 泵=0 阀=111111 速=+0,+0,+0.00 电=7.52V/3.01A/峰3.74 补余=0.0 IO错=0 倾+0.0
[  442.650] TLM t= 300.8 L1·A@-75 L2·A@-71 L3·A@-75 R1·A@-75 R2·A@-72 R3·A@-69 罐=无罐 泵=0 阀=111111 速=+0,+0,+0.00 电=7.51V/3.01A/峰3.74 补余=0.0 IO错=0 倾+0.0
[  443.151] TLM t= 301.3 L1·A@-75 L2·A@-71 L3·A@-75 R1·A@-75 R2·A@-71 R3·A@-68 罐=无罐 泵=0 阀=111111 速=+0,+0,+0.00 电=7.51V/2.93A/峰3.74 补余=0.0 IO错=0 倾+0.0
[  443.671] TLM t= 301.8 L1·A@-75 L2·A@-70 L3·A@-75 R1·A@-75 R2·A@-71 R3·A@-68 罐=无罐 泵=0 阀=111111 速=+0,+0,+0.00 电=7.51V/2.93A/峰3.74 补余=0.0 IO错=0 倾+0.0
[  444.176] TLM t= 302.3 L1·A@-75 L2·A@-70 L3·A@-75 R1·A@-75 R2·A@-71 R3·A@-67 罐=无罐 泵=0 阀=111111 速=+0,+0,+0.00 电=7.53V/3.17A/峰3.74 补余=0.0 IO错=0 倾+0.0
[  444.698] TLM t= 302.8 L1·A@-75 L2·A@-69 L3·A@-75 R1·A@-75 R2·A@-70 R3·A@-66 罐=无罐 泵=0 阀=111111 速=+0,+0,+0.00 电=7.52V/3.09A/峰3.74 补余=0.0 IO错=0 倾+0.0
[  445.200] TLM t= 303.3 L1·A@-75 L2·A@-69 L3·A@-75 R1·A@-75 R2·A@-70 R3·A@-65 罐=无罐 泵=0 阀=111111 速=+0,+0,+0.00 电=7.53V/3.01A/峰3.74 补余=0.0 IO错=0 倾+0.0
[  445.722] TLM t= 303.8 L1·A@-74 L2·A@-68 L3·A@-75 R1·A@-75 R2·A@-69 R3·A@-65 罐=无罐 泵=0 阀=111111 速=+0,+0,+0.00 电=7.52V/3.09A/峰3.74 补余=0.0 IO错=0 倾+0.0
[  446.226] TLM t= 304.3 L1·A@-74 L2·A@-68 L3·A@-75 R1·A@-75 R2·A@-69 R3·A@-64 罐=无罐 泵=0 阀=111111 速=+0,+0,+0.00 电=7.52V/3.17A/峰3.74 补余=0.0 IO错=0 倾+0.0
[  446.746] TLM t= 304.9 L1·A@-74 L2·A@-67 L3·A@-75 R1·A@-75 R2·A@-69 R3·A@-63 罐=无罐 泵=0 阀=111111 速=+0,+0,+0.00 电=7.52V/2.93A/峰3.74 补余=0.0 IO错=0 倾+0.0
[  447.255] TLM t= 305.4 L1·A@-74 L2·A@-67 L3·A@-75 R1·A@-75 R2·A@-68 R3·A@-63 罐=无罐 泵=0 阀=111111 速=+0,+0,+0.00 电=7.52V/3.09A/峰3.74 补余=0.0 IO错=0 倾+0.0
[  447.772] TLM t= 305.9 L1·A@-74 L2·A@-67 L3·A@-75 R1·A@-75 R2·A@-68 R3·A@-62 罐=无罐 泵=0 阀=111111 速=+0,+0,+0.00 电=7.53V/3.17A/峰3.74 补余=0.0 IO错=0 倾+0.0
[  448.283] TLM t= 306.4 L1·A@-74 L2·A@-66 L3·A@-75 R1·A@-75 R2·A@-68 R3·A@-61 罐=无罐 泵=0 阀=111111 速=+0,+0,+0.00 电=7.52V/3.17A/峰3.74 补余=0.0 IO错=0 倾+0.0
[  448.798] TLM t= 306.9 L1·A@-74 L2·A@-66 L3·A@-75 R1·A@-75 R2·A@-67 R3·A@-61 罐=无罐 泵=0 阀=111111 速=+0,+0,+0.00 电=7.52V/3.17A/峰3.74 补余=0.0 IO错=0 倾+0.0
[  449.189] EVT 泵 开 最差盘压-60.0
[  449.301] TLM t= 307.4 L1·A@-74 L2·A@-65 L3·A@-75 R1·A@-75 R2·A@-67 R3·A@-60 罐=无罐 泵=1 阀=111111 速=+0,+0,+0.00 电=7.49V/3.01A/峰3.74 补余=0.0 IO错=0 倾+0.0
[  449.820] TLM t= 307.9 L1·A@-74 L2·A@-73 L3·A@-75 R1·A@-75 R2·A@-73 R3·A@-73 罐=无罐 泵=1 阀=111111 速=+0,+0,+0.00 电=7.47V/3.01A/峰3.74 补余=0.0 IO错=0 倾+0.0
[  450.076] EVT 泵 停 最差盘压-75.4
[  450.327] TLM t= 308.4 L1·A@-76 L2·A@-77 L3·A@-77 R1·A@-76 R2·A@-76 R3·A@-76 罐=无罐 泵=0 阀=111111 速=+0,+0,+0.00 电=7.52V/3.26A/峰3.74 补余=0.0 IO错=0 倾+0.0
[  450.846] TLM t= 308.9 L1·A@-76 L2·A@-76 L3·A@-76 R1·A@-76 R2·A@-76 R3·A@-76 罐=无罐 泵=0 阀=111111 速=+0,+0,+0.00 电=7.50V/3.01A/峰3.74 补余=0.0 IO错=0 倾+0.0
[  451.352] TLM t= 309.4 L1·A@-76 L2·A@-76 L3·A@-76 R1·A@-76 R2·A@-75 R3·A@-75 罐=无罐 泵=0 阀=111111 速=+0,+0,+0.00 电=7.51V/3.09A/峰3.74 补余=0.0 IO错=0 倾+0.0
[  451.868] TLM t= 310.0 L1·A@-76 L2·A@-75 L3·A@-76 R1·A@-76 R2·A@-75 R3·A@-74 罐=无罐 泵=0 阀=111111 速=+0,+0,+0.00 电=7.50V/2.93A/峰3.74 补余=0.0 IO错=0 倾+0.0
[  452.373] TLM t= 310.5 L1·A@-76 L2·A@-74 L3·A@-76 R1·A@-76 R2·A@-75 R3·A@-74 罐=无罐 泵=0 阀=111111 速=+0,+0,+0.00 电=7.52V/3.09A/峰3.74 补余=0.0 IO错=0 倾+0.0
[  452.892] TLM t= 311.0 L1·A@-76 L2·A@-74 L3·A@-76 R1·A@-76 R2·A@-74 R3·A@-73 罐=无罐 泵=0 阀=111111 速=+0,+0,+0.00 电=7.51V/3.09A/峰3.74 补余=0.0 IO错=0 倾+0.0
[  453.399] TLM t= 311.5 L1·A@-76 L2·A@-74 L3·A@-76 R1·A@-76 R2·A@-74 R3·A@-72 罐=无罐 泵=0 阀=111111 速=+0,+0,+0.00 电=7.50V/3.01A/峰3.74 补余=0.0 IO错=0 倾+0.0
[  453.917] TLM t= 312.0 L1·A@-76 L2·A@-73 L3·A@-76 R1·A@-76 R2·A@-73 R3·A@-71 罐=无罐 泵=0 阀=111111 速=+0,+0,+0.00 电=7.53V/3.26A/峰3.74 补余=0.0 IO错=0 倾+0.0
[  454.425] TLM t= 312.5 L1·A@-76 L2·A@-73 L3·A@-76 R1·A@-76 R2·A@-73 R3·A@-71 罐=无罐 泵=0 阀=111111 速=+0,+0,+0.00 电=7.52V/3.01A/峰3.74 补余=0.0 IO错=0 倾+0.0
[  454.940] TLM t= 313.0 L1·A@-76 L2·A@-72 L3·A@-76 R1·A@-76 R2·A@-73 R3·A@-70 罐=无罐 泵=0 阀=111111 速=+0,+0,+0.00 电=7.52V/3.26A/峰3.74 补余=0.0 IO错=0 倾+0.0
[  455.448] TLM t= 313.5 L1·A@-75 L2·A@-72 L3·A@-76 R1·A@-76 R2·A@-72 R3·A@-70 罐=无罐 泵=0 阀=111111 速=+0,+0,+0.00 电=7.50V/3.01A/峰3.74 补余=0.0 IO错=0 倾+0.0
[  455.966] TLM t= 314.0 L1·A@-75 L2·A@-71 L3·A@-76 R1·A@-76 R2·A@-72 R3·A@-69 罐=无罐 泵=0 阀=111111 速=+0,+0,+0.00 电=7.50V/3.09A/峰3.74 补余=0.0 IO错=0 倾+0.0
[  456.355] EVT 键 'o' 倾=+0.0待=+0.0
[  456.470] TLM t= 314.5 L1·A@-75 L2·A@-71 L3·A@-76 R1·A@-76 R2·A@-71 R3·A@-68 罐=无罐 泵=0 阀=111111 速=+0,+0,+0.00 电=7.52V/2.85A/峰3.74 补余=0.0 IO错=0 倾+0.0
[  456.555] EVT 取机窗口：停泵 → 逐足串行排气（0.2s 间隔）→ 六足舵机撑住（泵禁开）
[  456.968] EVT 吸附 L1 attached→venting 在态116.04s -75.1kPa
[  456.981] EVT 阀 L1 →排气位
[  456.986] TLM t= 314.6 L1·v@-75 L2·A@-70 L3·A@-76 R1·A@-75 R2·A@-71 R3·A@-67 罐=无罐 泵=0 阀=011111 速=+0,+0,+0.00 电=7.52V/2.69A/峰3.74 补余=0.0 IO错=0 取机放气
[  457.243] EVT 吸附 L2 attached→venting 在态45.12s -70.0kPa
[  457.248] EVT 阀 L2 →排气位
[  457.495] EVT 吸附 L3 attached→venting 在态81.22s -75.8kPa
[  457.497] EVT 吸附 L1 venting→released 在态0.42s 0.1kPa
[  457.502] EVT 阀 L3 →排气位
[  457.509] TLM t= 314.6 L1·r@-- L2·v@-70 L3·v@-76 R1·A@-76 R2·A@-71 R3·A@-67 罐=无罐 泵=0 阀=000111 速=+0,+0,+0.00 电=7.56V/1.63A/峰3.74 补余=0.0 IO错=0 取机放气
[  457.733] EVT 吸附 R1 attached→venting 在态62.98s -75.6kPa
[  457.736] EVT 吸附 L2 venting→released 在态0.42s 0.3kPa
[  457.738] EVT 阀 R1 →排气位
[  457.954] EVT 吸附 R2 attached→venting 在态99.60s -70.3kPa
[  457.957] EVT 吸附 L3 venting→released 在态0.42s 0.1kPa
[  457.957] EVT 阀 R2 →排气位
[  458.024] TLM t= 314.6 L1·r@-- L2·r@-- L3·r@-- R1·v@-76 R2·v@-70 R3·A@-66 罐=无罐 泵=0 阀=000001 速=+0,+0,+0.00 电=7.56V/1.14A/峰3.74 补余=0.0 IO错=0 取机放气
[  458.174] EVT 吸附 R3 attached→venting 在态135.32s -65.6kPa
[  458.177] EVT 吸附 R1 venting→released 在态0.42s -0.1kPa
[  458.177] EVT 阀 R3 →排气位
[  458.377] EVT 键 'o' 倾=+0.0待=+0.0（已放开）
[  458.380] EVT 吸附 R2 venting→released 在态0.42s 0.0kPa
[  458.380] EVT ⚠ 主环卡顿 1825ms（目标 20ms）
[  458.529] TLM t= 314.8 L1·r@-- L2·r@-- L3·r@-- R1·r@-- R2·r@-- R3·v@-66 罐=无罐 泵=0 阀=000000 速=+0,+0,+0.00 电=7.54V/1.06A/峰3.74 补余=0.0 IO错=0 倾+0.0 已放开
[  458.564] EVT 吸附 R3 venting→released 在态0.42s 0.2kPa
[  459.029] TLM t= 315.3 L1·r@-- L2·r@-- L3·r@-- R1·r@-- R2·r@-- R3·r@-- 罐=无罐 泵=0 阀=000000 速=+0,+0,+0.00 电=7.55V/0.81A/峰3.74 补余=0.0 IO错=0 倾+0.0 已放开
[  459.532] TLM t= 315.8 L1·r@-- L2·r@-- L3·r@-- R1·r@-- R2·r@-- R3·r@-- 罐=无罐 泵=0 阀=000000 速=+0,+0,+0.00 电=7.55V/0.90A/峰3.74 补余=0.0 IO错=0 倾+0.0 已放开
[  460.032] TLM t= 316.3 L1·r@-- L2·r@-- L3·r@-- R1·r@-- R2·r@-- R3·r@-- 罐=无罐 泵=0 阀=000000 速=+0,+0,+0.00 电=7.55V/0.81A/峰3.74 补余=0.0 IO错=0 倾+0.0 已放开
[  460.536] TLM t= 316.8 L1·r@-- L2·r@-- L3·r@-- R1·r@-- R2·r@-- R3·r@-- 罐=无罐 泵=0 阀=000000 速=+0,+0,+0.00 电=7.56V/0.90A/峰3.74 补余=0.0 IO错=0 倾+0.0 已放开
[  461.040] TLM t= 317.3 L1·r@-- L2·r@-- L3·r@-- R1·r@-- R2·r@-- R3·r@-- 罐=无罐 泵=0 阀=000000 速=+0,+0,+0.00 电=7.55V/0.98A/峰3.74 补余=0.0 IO错=0 倾+0.0 已放开
[  461.542] TLM t= 317.8 L1·r@-- L2·r@-- L3·r@-- R1·r@-- R2·r@-- R3·r@-- 罐=无罐 泵=0 阀=000000 速=+0,+0,+0.00 电=7.55V/0.73A/峰3.74 补余=0.0 IO错=0 倾+0.0 已放开
[  462.043] TLM t= 318.3 L1·r@-- L2·r@-- L3·r@-- R1·r@-- R2·r@-- R3·r@-- 罐=无罐 泵=0 阀=000000 速=+0,+0,+0.00 电=7.57V/0.49A/峰3.74 补余=0.0 IO错=0 倾+0.0 已放开
[  462.543] TLM t= 318.8 L1·r@-- L2·r@-- L3·r@-- R1·r@-- R2·r@-- R3·r@-- 罐=无罐 泵=0 阀=000000 速=+0,+0,+0.00 电=7.57V/0.41A/峰3.74 补余=0.0 IO错=0 倾+0.0 已放开
[  463.044] TLM t= 319.3 L1·r@-- L2·r@-- L3·r@-- R1·r@-- R2·r@-- R3·r@-- 罐=无罐 泵=0 阀=000000 速=+0,+0,+0.00 电=7.54V/0.73A/峰3.74 补余=0.0 IO错=0 倾+0.0 已放开
[  463.546] TLM t= 319.8 L1·r@-- L2·r@-- L3·r@-- R1·r@-- R2·r@-- R3·r@-- 罐=无罐 泵=0 阀=000000 速=+0,+0,+0.00 电=7.56V/0.73A/峰3.74 补余=0.0 IO错=0 倾+0.0 已放开
[  464.045] TLM t= 320.3 L1·r@-- L2·r@-- L3·r@-- R1·r@-- R2·r@-- R3·r@-- 罐=无罐 泵=0 阀=000000 速=+0,+0,+0.00 电=7.55V/0.73A/峰3.74 补余=0.0 IO错=0 倾+0.0 已放开
[  464.549] TLM t= 320.8 L1·r@-- L2·r@-- L3·r@-- R1·r@-- R2·r@-- R3·r@-- 罐=无罐 泵=0 阀=000000 速=+0,+0,+0.00 电=7.55V/0.73A/峰3.74 补余=0.0 IO错=0 倾+0.0 已放开
[  465.050] TLM t= 321.3 L1·r@-- L2·r@-- L3·r@-- R1·r@-- R2·r@-- R3·r@-- 罐=无罐 泵=0 阀=000000 速=+0,+0,+0.00 电=7.56V/0.81A/峰3.74 补余=0.0 IO错=0 倾+0.0 已放开
[  465.551] TLM t= 321.8 L1·r@-- L2·r@-- L3·r@-- R1·r@-- R2·r@-- R3·r@-- 罐=无罐 泵=0 阀=000000 速=+0,+0,+0.00 电=7.55V/0.73A/峰3.74 补余=0.0 IO错=0 倾+0.0 已放开
[  466.051] TLM t= 322.3 L1·r@-- L2·r@-- L3·r@-- R1·r@-- R2·r@-- R3·r@-- 罐=无罐 泵=0 阀=000000 速=+0,+0,+0.00 电=7.55V/0.81A/峰3.74 补余=0.0 IO错=0 倾+0.0 已放开
[  466.551] TLM t= 322.8 L1·r@-- L2·r@-- L3·r@-- R1·r@-- R2·r@-- R3·r@-- 罐=无罐 泵=0 阀=000000 速=+0,+0,+0.00 电=7.55V/0.81A/峰3.74 补余=0.0 IO错=0 倾+0.0 已放开
[  467.054] TLM t= 323.3 L1·r@-- L2·r@-- L3·r@-- R1·r@-- R2·r@-- R3·r@-- 罐=无罐 泵=0 阀=000000 速=+0,+0,+0.00 电=7.55V/0.73A/峰3.74 补余=0.0 IO错=0 倾+0.0 已放开
[  467.556] TLM t= 323.8 L1·r@-- L2·r@-- L3·r@-- R1·r@-- R2·r@-- R3·r@-- 罐=无罐 泵=0 阀=000000 速=+0,+0,+0.00 电=7.55V/0.81A/峰3.74 补余=0.0 IO错=0 倾+0.0 已放开
[  468.056] TLM t= 324.3 L1·r@-- L2·r@-- L3·r@-- R1·r@-- R2·r@-- R3·r@-- 罐=无罐 泵=0 阀=000000 速=+0,+0,+0.00 电=7.55V/0.81A/峰3.74 补余=0.0 IO错=0 倾+0.0 已放开
[  468.559] TLM t= 324.8 L1·r@-- L2·r@-- L3·r@-- R1·r@-- R2·r@-- R3·r@-- 罐=无罐 泵=0 阀=000000 速=+0,+0,+0.00 电=7.55V/0.73A/峰3.74 补余=0.0 IO错=0 倾+0.0 已放开
[  469.059] TLM t= 325.3 L1·r@-- L2·r@-- L3·r@-- R1·r@-- R2·r@-- R3·r@-- 罐=无罐 泵=0 阀=000000 速=+0,+0,+0.00 电=7.55V/0.81A/峰3.74 补余=0.0 IO错=0 倾+0.0 已放开
[  469.562] TLM t= 325.8 L1·r@-- L2·r@-- L3·r@-- R1·r@-- R2·r@-- R3·r@-- 罐=无罐 泵=0 阀=000000 速=+0,+0,+0.00 电=7.55V/0.81A/峰3.74 补余=0.0 IO错=0 倾+0.0 已放开
[  469.793] EVT 键 '\x1b' 倾=+0.0待=+0.0（已放开）
[  469.934] EVT 退出序列：停泵 → 逐足串行放气（通→断，0.2s 间隔） → 舵机断电（不回站姿）
[  470.243] TLM t= 326.1 L1·r@-- L2·r@-- L3·r@-- R1·r@-- R2·r@-- R3·r@-- 罐=无罐 泵=0 阀=000000 速=+0,+0,+0.00 电=7.55V/0.81A/峰3.74 补余=0.0 IO错=0 退出放气
[  470.268] EVT 阀 L1 →抽气位
[  470.489] EVT 阀 L2 →抽气位
[  470.710] EVT 阀 L3 →抽气位
[  470.756] TLM t= 326.1 L1·r@-- L2·r@-- L3·r@-- R1·r@-- R2·r@-- R3·r@-- 罐=无罐 泵=0 阀=111000 速=+0,+0,+0.00 电=7.59V/0.81A/峰3.74 补余=0.0 IO错=0 退出放气
[  470.937] EVT 阀 R1 →抽气位
[  471.157] EVT 阀 R2 →抽气位
[  471.263] TLM t= 326.1 L1·r@-- L2·r@-- L3·r@-- R1·r@-- R2·r@-- R3·r@-- 罐=无罐 泵=0 阀=111110 速=+0,+0,+0.00 电=7.62V/0.81A/峰3.74 补余=0.0 IO错=0 退出放气
[  471.388] EVT 阀 R3 →抽气位
[  471.589] EVT 退出：阀线圈已断电（coils_off）
[  471.693] EVT 退出序列完成（舵机断电）
[  471.693] EVT END 正常退出
