# 开跑 2026-08-25 15:49:21  argv: scripts/body_lean.py --no-tank --stand-height 62 --tilt-trim 6 --handover L1:31,R1:33,L3:29,R3:22,R2:22,L2:24
# git: bdacb7e
# 模式=no-tank port=/dev/ttyACM0
# 参数: lean_step=5mm lean_speed=10mm/s press_delta=18mm stand=62 tilt_trim=6° handover=L1:31,L2:24,L3:29,R1:33,R2:22,R3:22 dual=0
# 阈值: ATTACH=-30.0 PUMP_ON=-60.0 PUMP_OFF=-75.0 comp_tail=72.3mm suck_timeout=2.5s
[    2.238] EVT 缓慢站起（竖直升至爬墙站位）
[    6.346] EVT 爬墙站位就位，进入就位暂停
[    6.459] TLM t=   0.0 L1·r@-- L2·r@-- L3·r@-- R1·r@-- R2·r@-- R3·r@-- 罐=无罐 泵=0 阀=000000 速=+0,+0,+0.00 电=8.07V/1.30A/峰1.30 补余=0.0 IO错=0 就位暂停
[    6.967] TLM t=   0.0 L1·r@-- L2·r@-- L3·r@-- R1·r@-- R2·r@-- R3·r@-- 罐=无罐 泵=0 阀=000000 速=+0,+0,+0.00 电=8.07V/1.38A/峰1.38 补余=0.0 IO错=0 就位暂停
[    7.472] TLM t=   0.0 L1·r@-- L2·r@-- L3·r@-- R1·r@-- R2·r@-- R3·r@-- 罐=无罐 泵=0 阀=000000 速=+0,+0,+0.00 电=8.10V/0.90A/峰1.38 补余=0.0 IO错=0 就位暂停
[    7.982] TLM t=   0.0 L1·r@-- L2·r@-- L3·r@-- R1·r@-- R2·r@-- R3·r@-- 罐=无罐 泵=0 阀=000000 速=+0,+0,+0.00 电=8.11V/0.81A/峰1.38 补余=0.0 IO错=0 就位暂停
[    8.486] TLM t=   0.0 L1·r@-- L2·r@-- L3·r@-- R1·r@-- R2·r@-- R3·r@-- 罐=无罐 泵=0 阀=000000 速=+0,+0,+0.00 电=8.11V/0.65A/峰1.38 补余=0.0 IO错=0 就位暂停
[    8.999] TLM t=   0.0 L1·r@-- L2·r@-- L3·r@-- R1·r@-- R2·r@-- R3·r@-- 罐=无罐 泵=0 阀=000000 速=+0,+0,+0.00 电=8.12V/0.65A/峰1.38 补余=0.0 IO错=0 就位暂停
[    9.504] TLM t=   0.0 L1·r@-- L2·r@-- L3·r@-- R1·r@-- R2·r@-- R3·r@-- 罐=无罐 泵=0 阀=000000 速=+0,+0,+0.00 电=8.13V/0.49A/峰1.38 补余=0.0 IO错=0 就位暂停
[   10.014] TLM t=   0.0 L1·r@-- L2·r@-- L3·r@-- R1·r@-- R2·r@-- R3·r@-- 罐=无罐 泵=0 阀=000000 速=+0,+0,+0.00 电=8.12V/0.65A/峰1.38 补余=0.0 IO错=0 就位暂停
[   10.520] TLM t=   0.0 L1·r@-- L2·r@-- L3·r@-- R1·r@-- R2·r@-- R3·r@-- 罐=无罐 泵=0 阀=000000 速=+0,+0,+0.00 电=8.11V/0.57A/峰1.38 补余=0.0 IO错=0 就位暂停
[   11.030] TLM t=   0.0 L1·r@-- L2·r@-- L3·r@-- R1·r@-- R2·r@-- R3·r@-- 罐=无罐 泵=0 阀=000000 速=+0,+0,+0.00 电=8.12V/0.57A/峰1.38 补余=0.0 IO错=0 就位暂停
[   11.538] TLM t=   0.0 L1·r@-- L2·r@-- L3·r@-- R1·r@-- R2·r@-- R3·r@-- 罐=无罐 泵=0 阀=000000 速=+0,+0,+0.00 电=8.12V/0.41A/峰1.38 补余=0.0 IO错=0 就位暂停
[   12.052] TLM t=   0.0 L1·r@-- L2·r@-- L3·r@-- R1·r@-- R2·r@-- R3·r@-- 罐=无罐 泵=0 阀=000000 速=+0,+0,+0.00 电=8.12V/0.49A/峰1.38 补余=0.0 IO错=0 就位暂停
[   12.559] TLM t=   0.0 L1·r@-- L2·r@-- L3·r@-- R1·r@-- R2·r@-- R3·r@-- 罐=无罐 泵=0 阀=000000 速=+0,+0,+0.00 电=8.12V/0.49A/峰1.38 补余=0.0 IO错=0 就位暂停
[   13.069] TLM t=   0.0 L1·r@-- L2·r@-- L3·r@-- R1·r@-- R2·r@-- R3·r@-- 罐=无罐 泵=0 阀=000000 速=+0,+0,+0.00 电=8.11V/0.57A/峰1.38 补余=0.0 IO错=0 就位暂停
[   13.574] TLM t=   0.0 L1·r@-- L2·r@-- L3·r@-- R1·r@-- R2·r@-- R3·r@-- 罐=无罐 泵=0 阀=000000 速=+0,+0,+0.00 电=8.11V/0.65A/峰1.38 补余=0.0 IO错=0 就位暂停
[   14.086] TLM t=   0.0 L1·r@-- L2·r@-- L3·r@-- R1·r@-- R2·r@-- R3·r@-- 罐=无罐 泵=0 阀=000000 速=+0,+0,+0.00 电=8.11V/0.73A/峰1.38 补余=0.0 IO错=0 就位暂停
[   14.592] TLM t=   0.0 L1·r@-- L2·r@-- L3·r@-- R1·r@-- R2·r@-- R3·r@-- 罐=无罐 泵=0 阀=000000 速=+0,+0,+0.00 电=8.12V/0.57A/峰1.38 补余=0.0 IO错=0 就位暂停
[   15.103] TLM t=   0.0 L1·r@-- L2·r@-- L3·r@-- R1·r@-- R2·r@-- R3·r@-- 罐=无罐 泵=0 阀=000000 速=+0,+0,+0.00 电=8.12V/0.57A/峰1.38 补余=0.0 IO错=0 就位暂停
[   15.608] TLM t=   0.0 L1·r@-- L2·r@-- L3·r@-- R1·r@-- R2·r@-- R3·r@-- 罐=无罐 泵=0 阀=000000 速=+0,+0,+0.00 电=8.11V/0.73A/峰1.38 补余=0.0 IO错=0 就位暂停
[   16.120] TLM t=   0.0 L1·r@-- L2·r@-- L3·r@-- R1·r@-- R2·r@-- R3·r@-- 罐=无罐 泵=0 阀=000000 速=+0,+0,+0.00 电=8.12V/0.65A/峰1.38 补余=0.0 IO错=0 就位暂停
[   16.625] TLM t=   0.0 L1·r@-- L2·r@-- L3·r@-- R1·r@-- R2·r@-- R3·r@-- 罐=无罐 泵=0 阀=000000 速=+0,+0,+0.00 电=8.11V/0.65A/峰1.38 补余=0.0 IO错=0 就位暂停
[   17.137] TLM t=   0.0 L1·r@-- L2·r@-- L3·r@-- R1·r@-- R2·r@-- R3·r@-- 罐=无罐 泵=0 阀=000000 速=+0,+0,+0.00 电=8.11V/0.57A/峰1.38 补余=0.0 IO错=0 就位暂停
[   17.644] TLM t=   0.0 L1·r@-- L2·r@-- L3·r@-- R1·r@-- R2·r@-- R3·r@-- 罐=无罐 泵=0 阀=000000 速=+0,+0,+0.00 电=8.11V/0.65A/峰1.38 补余=0.0 IO错=0 就位暂停
[   18.071] EVT 按 p：开始全吸附启动序列
[   18.071] EVT 相位 R3 stance→press
[   18.091] EVT 泵 开
[   18.162] TLM t=   0.0 L1·r@-- L2·r@-- L3·r@-- R1·r@-- R2·r@-- R3Pr@-- 罐=无罐 泵=1 阀=000000 速=+0,+0,+0.00 电=8.07V/0.57A/峰1.38 补余=0.0 IO错=0 倾+0.0
[   18.662] TLM t=   0.0 L1·r@-- L2·r@-- L3·r@-- R1·r@-- R2·r@-- R3Pr@-- 罐=无罐 泵=1 阀=000000 速=+0,+0,+0.00 电=8.09V/0.65A/峰1.38 补余=0.0 IO错=0 倾+0.0
[   19.162] TLM t=   0.0 L1·r@-- L2·r@-- L3·r@-- R1·r@-- R2·r@-- R3Pr@-- 罐=无罐 泵=1 阀=000000 速=+0,+0,+0.00 电=8.07V/0.65A/峰1.38 补余=0.0 IO错=0 倾+0.0
[   19.665] TLM t=   0.0 L1·r@-- L2·r@-- L3·r@-- R1·r@-- R2·r@-- R3Pr@-- 罐=无罐 泵=1 阀=000000 速=+0,+0,+0.00 电=8.04V/0.81A/峰1.38 补余=0.0 IO错=0 倾+0.0
[   20.164] TLM t=   0.0 L1·r@-- L2·r@-- L3·r@-- R1·r@-- R2·r@-- R3Pr@-- 罐=无罐 泵=1 阀=000000 速=+0,+0,+0.00 电=8.10V/0.57A/峰1.38 补余=0.0 IO错=0 倾+0.0
[   20.668] TLM t=   0.0 L1·r@-- L2·r@-- L3·r@-- R1·r@-- R2·r@-- R3Pr@-- 罐=无罐 泵=1 阀=000000 速=+0,+0,+0.00 电=8.10V/0.49A/峰1.38 补余=0.0 IO错=0 倾+0.0
[   21.060] EVT 吸附 R3 released→pressing 在态3.00s
[   21.060] EVT 相位 R3 press→wait
[   21.080] EVT 泵 停
[   21.168] TLM t=   0.0 L1·r@-- L2·r@-- L3·r@-- R1·r@-- R2·r@-- R3Wp@-- 罐=无罐 泵=0 阀=000000 速=+0,+0,+0.00 电=8.11V/0.65A/峰1.38 补余=0.0 IO错=0 倾+0.0
[   21.361] EVT 吸附 R3 pressing→sucking 在态0.30s
[   21.361] EVT 阀 R3 →抽气位
[   21.383] EVT 泵 开
[   21.641] EVT 吸附 R3 sucking→attached 在态0.28s -69.9kPa
[   21.642] EVT 相位 R3 wait→stance
[   21.662] EVT 相位 L1 stance→press
[   21.672] TLM t=   0.0 L1Pr@-- L2·r@-- L3·r@-- R1·r@-- R2·r@-- R3·A@-70 罐=无罐 泵=1 阀=000001 速=+0,+0,+0.00 电=8.11V/0.65A/峰1.38 补余=0.0 IO错=0 倾+0.0
[   21.865] EVT 泵 停 最差盘压-75.6
[   22.176] TLM t=   0.0 L1Pr@-- L2·r@-- L3·r@-- R1·r@-- R2·r@-- R3·A@-76 罐=无罐 泵=0 阀=000001 速=+0,+0,+0.00 电=8.12V/0.81A/峰1.38 补余=0.0 IO错=0 倾+0.0
[   22.695] TLM t=   0.0 L1Pr@-- L2·r@-- L3·r@-- R1·r@-- R2·r@-- R3·A@-75 罐=无罐 泵=0 阀=000001 速=+0,+0,+0.00 电=8.11V/0.90A/峰1.38 补余=0.0 IO错=0 倾+0.0
[   22.845] EVT 吸附 L1 released→pressing 在态4.78s
[   22.846] EVT 相位 L1 press→wait
[   23.166] EVT 吸附 L1 pressing→sucking 在态0.32s
[   23.167] EVT 阀 L1 →抽气位
[   23.192] EVT 泵 开 最差盘压-74.1
[   23.198] TLM t=   0.0 L1Ws@-2 L2·r@-- L3·r@-- R1·r@-- R2·r@-- R3·A@-74 罐=无罐 泵=1 阀=100001 速=+0,+0,+0.00 电=7.96V/0.73A/峰1.38 补余=0.0 IO错=0 倾+0.0
[   23.527] EVT 吸附 L1 sucking→attached 在态0.36s -68.2kPa
[   23.528] EVT 相位 L1 wait→stance
[   23.553] EVT 相位 R2 stance→press
[   23.717] TLM t=   0.0 L1·A@-73 L2·r@-- L3·r@-- R1·r@-- R2Pr@-- R3·A@-74 罐=无罐 泵=1 阀=100001 速=+0,+0,+0.00 电=8.06V/0.81A/峰1.38 补余=0.0 IO错=0 倾+0.0
[   23.793] EVT 泵 停 最差盘压-75.3
[   24.223] TLM t=   0.0 L1·A@-76 L2·r@-- L3·r@-- R1·r@-- R2Pr@-- R3·A@-76 罐=无罐 泵=0 阀=100001 速=+0,+0,+0.00 电=8.12V/0.90A/峰1.38 补余=0.0 IO错=0 倾+0.0
[   24.730] EVT 吸附 R2 released→pressing 在态6.66s
[   24.736] EVT 相位 R2 press→wait
[   24.744] TLM t=   0.0 L1·A@-76 L2·r@-- L3·r@-- R1·r@-- R2Wp@-- R3·A@-75 罐=无罐 泵=0 阀=100001 速=+0,+0,+0.00 电=8.11V/0.90A/峰1.38 补余=0.0 IO错=0 倾+0.0
[   25.056] EVT 吸附 R2 pressing→sucking 在态0.32s
[   25.057] EVT 阀 R2 →抽气位
[   25.074] EVT 泵 开 最差盘压-74.4
[   25.245] TLM t=   0.0 L1·A@-75 L2·r@-- L3·r@-- R1·r@-- R2Ws@-66 R3·A@-74 罐=无罐 泵=1 阀=100011 速=+0,+0,+0.00 电=8.09V/0.73A/峰1.38 补余=0.0 IO错=0 倾+0.0
[   25.354] EVT 吸附 R2 sucking→attached 在态0.30s -67.9kPa
[   25.358] EVT 相位 R2 wait→stance
[   25.375] EVT 相位 L3 stance→press
[   25.761] TLM t=   0.0 L1·A@-75 L2·r@-- L3Pr@-- R1·r@-- R2·A@-75 R3·A@-75 罐=无罐 泵=1 阀=100011 速=+0,+0,+0.00 电=8.13V/0.73A/峰1.38 补余=0.0 IO错=0 倾+0.0
[   25.796] EVT 泵 停 最差盘压-75.3
[   26.269] TLM t=   0.0 L1·A@-76 L2·r@-- L3Pr@-- R1·r@-- R2·A@-75 R3·A@-76 罐=无罐 泵=0 阀=100011 速=+0,+0,+0.00 电=8.13V/0.73A/峰1.38 补余=0.0 IO错=0 倾+0.0
[   26.560] EVT 吸附 L3 released→pressing 在态8.48s
[   26.561] EVT 相位 L3 press→wait
[   26.790] TLM t=   0.0 L1·A@-76 L2·r@-- L3Wp@-- R1·r@-- R2·A@-74 R3·A@-75 罐=无罐 泵=0 阀=100011 速=+0,+0,+0.00 电=8.14V/0.65A/峰1.38 补余=0.0 IO错=0 倾+0.0
[   26.879] EVT 吸附 L3 pressing→sucking 在态0.32s
[   26.879] EVT 阀 L3 →抽气位
[   26.899] EVT 泵 开 最差盘压-73.9
[   27.177] EVT 吸附 L3 sucking→attached 在态0.30s -62.7kPa
[   27.180] EVT 相位 L3 wait→stance
[   27.200] EVT 相位 R1 stance→press
[   27.292] TLM t=   0.0 L1·A@-75 L2·r@-- L3·A@-68 R1Pr@-- R2·A@-74 R3·A@-74 罐=无罐 泵=1 阀=101011 速=+0,+0,+0.00 电=8.11V/0.65A/峰1.38 补余=0.0 IO错=0 倾+0.0
[   27.621] EVT 泵 停 最差盘压-75.2
[   27.812] TLM t=   0.0 L1·A@-76 L2·r@-- L3·A@-76 R1Pr@-- R2·A@-76 R3·A@-76 罐=无罐 泵=0 阀=101011 速=+0,+0,+0.00 电=8.15V/0.81A/峰1.38 补余=0.0 IO错=0 倾+0.0
[   28.315] TLM t=   0.0 L1·A@-76 L2·r@-- L3·A@-76 R1Pr@-- R2·A@-75 R3·A@-75 罐=无罐 泵=0 阀=101011 速=+0,+0,+0.00 电=8.14V/0.81A/峰1.38 补余=0.0 IO错=0 倾+0.0
[   28.383] EVT 吸附 R1 released→pressing 在态10.30s
[   28.384] EVT 相位 R1 press→wait
[   28.704] EVT 吸附 R1 pressing→sucking 在态0.32s
[   28.705] EVT 阀 R1 →抽气位
[   28.730] EVT 泵 开 最差盘压-74.6
[   28.835] TLM t=   0.0 L1·A@-76 L2·r@-- L3·A@-75 R1Ws@-15 R2·A@-75 R3·A@-74 罐=无罐 泵=1 阀=101111 速=+0,+0,+0.00 电=8.12V/0.65A/峰1.38 补余=0.0 IO错=0 倾+0.0
[   29.065] EVT 吸附 R1 sucking→attached 在态0.36s -69.0kPa
[   29.066] EVT 相位 R1 wait→stance
[   29.091] EVT 相位 L2 stance→press
[   29.332] EVT 泵 停 最差盘压-75.2
[   29.340] TLM t=   0.0 L1·A@-76 L2Pr@-- L3·A@-76 R1·A@-75 R2·A@-76 R3·A@-76 罐=无罐 泵=0 阀=101111 速=+0,+0,+0.00 电=8.17V/0.73A/峰1.38 补余=0.0 IO错=0 倾+0.0
[   29.859] TLM t=   0.0 L1·A@-76 L2Pr@-- L3·A@-76 R1·A@-76 R2·A@-76 R3·A@-76 罐=无罐 泵=0 阀=101111 速=+0,+0,+0.00 电=8.16V/0.65A/峰1.38 补余=0.0 IO错=0 倾+0.0
[   30.269] EVT 吸附 L2 released→pressing 在态12.18s
[   30.269] EVT 相位 L2 press→wait
[   30.361] TLM t=   0.0 L1·A@-76 L2Wp@-- L3·A@-76 R1·A@-75 R2·A@-75 R3·A@-75 罐=无罐 泵=0 阀=101111 速=+0,+0,+0.00 电=8.16V/0.81A/峰1.38 补余=0.0 IO错=0 倾+0.0
[   30.595] EVT 吸附 L2 pressing→sucking 在态0.32s
[   30.595] EVT 阀 L2 →抽气位
[   30.613] EVT 泵 开 最差盘压-74.7
[   30.882] TLM t=   0.0 L1·A@-76 L2Ws@-67 L3·A@-76 R1·A@-75 R2·A@-75 R3·A@-74 罐=无罐 泵=1 阀=111111 速=+0,+0,+0.00 电=8.15V/0.57A/峰1.38 补余=0.0 IO错=0 倾+0.0
[   30.890] EVT 吸附 L2 sucking→attached 在态0.30s -66.8kPa
[   30.896] EVT 相位 L2 wait→stance
[   30.896] EVT ✓ 六足全吸附，启动序列完成，相位钟开始
[   31.214] EVT 泵 停 最差盘压-75.0
[   31.387] TLM t=   0.5 L1·A@-76 L2·A@-76 L3·A@-76 R1·A@-75 R2·A@-76 R3·A@-76 罐=无罐 泵=0 阀=111111 速=+0,+0,+0.00 电=8.18V/0.57A/峰1.38 补余=0.0 IO错=0 倾+0.0
[   31.903] TLM t=   1.0 L1·A@-76 L2·A@-75 L3·A@-76 R1·A@-75 R2·A@-75 R3·A@-75 罐=无罐 泵=0 阀=111111 速=+0,+0,+0.00 电=8.18V/0.57A/峰1.38 补余=0.0 IO错=0 倾+0.0
[   32.407] TLM t=   1.5 L1·A@-76 L2·A@-74 L3·A@-76 R1·A@-75 R2·A@-75 R3·A@-74 罐=无罐 泵=0 阀=111111 速=+0,+0,+0.00 电=8.18V/0.49A/峰1.38 补余=0.0 IO错=0 倾+0.0
[   32.924] TLM t=   2.0 L1·A@-76 L2·A@-74 L3·A@-75 R1·A@-75 R2·A@-74 R3·A@-74 罐=无罐 泵=0 阀=111111 速=+0,+0,+0.00 电=8.19V/0.49A/峰1.38 补余=0.0 IO错=0 倾+0.0
[   33.433] TLM t=   2.5 L1·A@-75 L2·A@-73 L3·A@-75 R1·A@-75 R2·A@-74 R3·A@-73 罐=无罐 泵=0 阀=111111 速=+0,+0,+0.00 电=8.18V/0.65A/峰1.38 补余=0.0 IO错=0 倾+0.0
[   33.948] TLM t=   3.0 L1·A@-75 L2·A@-73 L3·A@-75 R1·A@-75 R2·A@-73 R3·A@-72 罐=无罐 泵=0 阀=111111 速=+0,+0,+0.00 电=8.17V/0.57A/峰1.38 补余=0.0 IO错=0 倾+0.0
[   34.456] TLM t=   3.5 L1·A@-75 L2·A@-72 L3·A@-75 R1·A@-75 R2·A@-73 R3·A@-71 罐=无罐 泵=0 阀=111111 速=+0,+0,+0.00 电=8.18V/0.65A/峰1.38 补余=0.0 IO错=0 倾+0.0
[   34.969] TLM t=   4.1 L1·A@-75 L2·A@-72 L3·A@-75 R1·A@-74 R2·A@-73 R3·A@-71 罐=无罐 泵=0 阀=111111 速=+0,+0,+0.00 电=8.18V/0.65A/峰1.38 补余=0.0 IO错=0 倾+0.0
[   35.476] TLM t=   4.6 L1·A@-75 L2·A@-71 L3·A@-75 R1·A@-74 R2·A@-72 R3·A@-70 罐=无罐 泵=0 阀=111111 速=+0,+0,+0.00 电=8.17V/0.65A/峰1.38 补余=0.0 IO错=0 倾+0.0
[   35.995] TLM t=   5.1 L1·A@-75 L2·A@-71 L3·A@-75 R1·A@-74 R2·A@-72 R3·A@-69 罐=无罐 泵=0 阀=111111 速=+0,+0,+0.00 电=8.18V/0.65A/峰1.38 补余=0.0 IO错=0 倾+0.0
[   36.500] TLM t=   5.6 L1·A@-75 L2·A@-70 L3·A@-75 R1·A@-74 R2·A@-71 R3·A@-69 罐=无罐 泵=0 阀=111111 速=+0,+0,+0.00 电=8.18V/0.65A/峰1.38 补余=0.0 IO错=0 倾+0.0
[   37.018] TLM t=   6.1 L1·A@-75 L2·A@-70 L3·A@-75 R1·A@-74 R2·A@-71 R3·A@-68 罐=无罐 泵=0 阀=111111 速=+0,+0,+0.00 电=8.17V/0.57A/峰1.38 补余=0.0 IO错=0 倾+0.0
[   37.523] TLM t=   6.6 L1·A@-74 L2·A@-69 L3·A@-75 R1·A@-74 R2·A@-70 R3·A@-67 罐=无罐 泵=0 阀=111111 速=+0,+0,+0.00 电=8.18V/0.65A/峰1.38 补余=0.0 IO错=0 倾+0.0
[   38.041] TLM t=   7.1 L1·A@-74 L2·A@-69 L3·A@-75 R1·A@-74 R2·A@-70 R3·A@-66 罐=无罐 泵=0 阀=111111 速=+0,+0,+0.00 电=8.17V/0.65A/峰1.38 补余=0.0 IO错=0 倾+0.0
[   38.548] TLM t=   7.6 L1·A@-74 L2·A@-68 L3·A@-74 R1·A@-74 R2·A@-70 R3·A@-66 罐=无罐 泵=0 阀=111111 速=+0,+0,+0.00 电=8.17V/0.65A/峰1.38 补余=0.0 IO错=0 倾+0.0
[   39.063] TLM t=   8.1 L1·A@-74 L2·A@-68 L3·A@-74 R1·A@-74 R2·A@-69 R3·A@-65 罐=无罐 泵=0 阀=111111 速=+0,+0,+0.00 电=8.18V/0.65A/峰1.38 补余=0.0 IO错=0 倾+0.0
[   39.569] TLM t=   8.6 L1·A@-74 L2·A@-67 L3·A@-74 R1·A@-74 R2·A@-69 R3·A@-64 罐=无罐 泵=0 阀=111111 速=+0,+0,+0.00 电=8.17V/0.65A/峰1.38 补余=0.0 IO错=0 倾+0.0
[   40.087] TLM t=   9.2 L1·A@-74 L2·A@-67 L3·A@-74 R1·A@-74 R2·A@-68 R3·A@-64 罐=无罐 泵=0 阀=111111 速=+0,+0,+0.00 电=8.18V/0.65A/峰1.38 补余=0.0 IO错=0 倾+0.0
[   40.595] TLM t=   9.7 L1·A@-74 L2·A@-66 L3·A@-74 R1·A@-73 R2·A@-68 R3·A@-63 罐=无罐 泵=0 阀=111111 速=+0,+0,+0.00 电=8.18V/0.65A/峰1.38 补余=0.0 IO错=0 倾+0.0
[   41.106] TLM t=  10.2 L1·A@-74 L2·A@-66 L3·A@-74 R1·A@-73 R2·A@-68 R3·A@-63 罐=无罐 泵=0 阀=111111 速=+0,+0,+0.00 电=8.18V/0.57A/峰1.38 补余=0.0 IO错=0 倾+0.0
[   41.619] TLM t=  10.7 L1·A@-74 L2·A@-65 L3·A@-74 R1·A@-73 R2·A@-67 R3·A@-62 罐=无罐 泵=0 阀=111111 速=+0,+0,+0.00 电=8.18V/0.65A/峰1.38 补余=0.0 IO错=0 倾+0.0
[   42.134] TLM t=  11.2 L1·A@-74 L2·A@-65 L3·A@-74 R1·A@-73 R2·A@-67 R3·A@-61 罐=无罐 泵=0 阀=111111 速=+0,+0,+0.00 电=8.18V/0.65A/峰1.38 补余=0.0 IO错=0 倾+0.0
[   42.639] TLM t=  11.7 L1·A@-73 L2·A@-65 L3·A@-74 R1·A@-73 R2·A@-67 R3·A@-61 罐=无罐 泵=0 阀=111111 速=+0,+0,+0.00 电=8.18V/0.65A/峰1.38 补余=0.0 IO错=0 倾+0.0
[   43.157] TLM t=  12.2 L1·A@-73 L2·A@-64 L3·A@-74 R1·A@-73 R2·A@-66 R3·A@-60 罐=无罐 泵=0 阀=111111 速=+0,+0,+0.00 电=8.18V/0.65A/峰1.38 补余=0.0 IO错=0 倾+0.0
[   43.172] EVT 泵 开 最差盘压-60.0
[   43.660] TLM t=  12.7 L1·A@-73 L2·A@-70 L3·A@-74 R1·A@-73 R2·A@-70 R3·A@-71 罐=无罐 泵=1 阀=111111 速=+0,+0,+0.00 电=8.13V/0.57A/峰1.38 补余=0.0 IO错=0 倾+0.0
[   44.074] EVT 泵 停 最差盘压-75.2
[   44.176] TLM t=  13.2 L1·A@-76 L2·A@-76 L3·A@-76 R1·A@-76 R2·A@-76 R3·A@-76 罐=无罐 泵=0 阀=111111 速=+0,+0,+0.00 电=8.18V/0.65A/峰1.38 补余=0.0 IO错=0 倾+0.0
[   44.684] TLM t=  13.7 L1·A@-76 L2·A@-76 L3·A@-76 R1·A@-76 R2·A@-76 R3·A@-76 罐=无罐 泵=0 阀=111111 速=+0,+0,+0.00 电=8.17V/0.65A/峰1.38 补余=0.0 IO错=0 倾+0.0
[   45.200] TLM t=  14.3 L1·A@-76 L2·A@-75 L3·A@-76 R1·A@-76 R2·A@-75 R3·A@-75 罐=无罐 泵=0 阀=111111 速=+0,+0,+0.00 电=8.17V/0.73A/峰1.38 补余=0.0 IO错=0 倾+0.0
[   45.709] TLM t=  14.8 L1·A@-76 L2·A@-75 L3·A@-76 R1·A@-76 R2·A@-75 R3·A@-74 罐=无罐 泵=0 阀=111111 速=+0,+0,+0.00 电=8.18V/0.65A/峰1.38 补余=0.0 IO错=0 倾+0.0
[   46.225] TLM t=  15.3 L1·A@-76 L2·A@-74 L3·A@-76 R1·A@-75 R2·A@-74 R3·A@-73 罐=无罐 泵=0 阀=111111 速=+0,+0,+0.00 电=8.18V/0.65A/峰1.38 补余=0.0 IO错=0 倾+0.0
[   46.730] TLM t=  15.8 L1·A@-76 L2·A@-74 L3·A@-76 R1·A@-75 R2·A@-74 R3·A@-73 罐=无罐 泵=0 阀=111111 速=+0,+0,+0.00 电=8.17V/0.65A/峰1.38 补余=0.0 IO错=0 倾+0.0
[   47.247] TLM t=  16.3 L1·A@-76 L2·A@-73 L3·A@-76 R1·A@-75 R2·A@-73 R3·A@-72 罐=无罐 泵=0 阀=111111 速=+0,+0,+0.00 电=8.17V/0.65A/峰1.38 补余=0.0 IO错=0 倾+0.0
[   47.755] TLM t=  16.8 L1·A@-76 L2·A@-73 L3·A@-76 R1·A@-75 R2·A@-73 R3·A@-71 罐=无罐 泵=0 阀=111111 速=+0,+0,+0.00 电=8.17V/0.65A/峰1.38 补余=0.0 IO错=0 倾+0.0
[   48.270] TLM t=  17.3 L1·A@-75 L2·A@-72 L3·A@-76 R1·A@-75 R2·A@-73 R3·A@-71 罐=无罐 泵=0 阀=111111 速=+0,+0,+0.00 电=8.17V/0.65A/峰1.38 补余=0.0 IO错=0 倾+0.0
[   48.774] TLM t=  17.8 L1·A@-75 L2·A@-72 L3·A@-75 R1·A@-75 R2·A@-72 R3·A@-70 罐=无罐 泵=0 阀=111111 速=+0,+0,+0.00 电=8.17V/0.65A/峰1.38 补余=0.0 IO错=0 倾+0.0
[   49.297] TLM t=  18.3 L1·A@-75 L2·A@-71 L3·A@-75 R1·A@-75 R2·A@-72 R3·A@-69 罐=无罐 泵=0 阀=111111 速=+0,+0,+0.00 电=8.18V/0.65A/峰1.38 补余=0.0 IO错=0 倾+0.0
[   49.800] TLM t=  18.8 L1·A@-75 L2·A@-71 L3·A@-75 R1·A@-75 R2·A@-71 R3·A@-69 罐=无罐 泵=0 阀=111111 速=+0,+0,+0.00 电=8.17V/0.65A/峰1.38 补余=0.0 IO错=0 倾+0.0
[   50.321] TLM t=  19.4 L1·A@-75 L2·A@-70 L3·A@-75 R1·A@-75 R2·A@-71 R3·A@-68 罐=无罐 泵=0 阀=111111 速=+0,+0,+0.00 电=8.17V/0.65A/峰1.38 补余=0.0 IO错=0 倾+0.0
[   50.827] TLM t=  19.9 L1·A@-75 L2·A@-70 L3·A@-75 R1·A@-75 R2·A@-71 R3·A@-67 罐=无罐 泵=0 阀=111111 速=+0,+0,+0.00 电=8.18V/0.73A/峰1.38 补余=0.0 IO错=0 倾+0.0
[   51.342] TLM t=  20.4 L1·A@-75 L2·A@-70 L3·A@-75 R1·A@-75 R2·A@-70 R3·A@-66 罐=无罐 泵=0 阀=111111 速=+0,+0,+0.00 电=8.16V/0.65A/峰1.38 补余=0.0 IO错=0 倾+0.0
[   51.849] TLM t=  20.9 L1·A@-75 L2·A@-69 L3·A@-75 R1·A@-75 R2·A@-70 R3·A@-66 罐=无罐 泵=0 阀=111111 速=+0,+0,+0.00 电=8.18V/0.65A/峰1.38 补余=0.0 IO错=0 倾+0.0
[   52.367] TLM t=  21.4 L1·A@-75 L2·A@-69 L3·A@-75 R1·A@-75 R2·A@-69 R3·A@-65 罐=无罐 泵=0 阀=111111 速=+0,+0,+0.00 电=8.18V/0.73A/峰1.38 补余=0.0 IO错=0 倾+0.0
[   52.871] TLM t=  21.9 L1·A@-74 L2·A@-68 L3·A@-75 R1·A@-75 R2·A@-69 R3·A@-65 罐=无罐 泵=0 阀=111111 速=+0,+0,+0.00 电=8.17V/0.65A/峰1.38 补余=0.0 IO错=0 倾+0.0
[   53.389] TLM t=  22.4 L1·A@-74 L2·A@-68 L3·A@-75 R1·A@-75 R2·A@-69 R3·A@-64 罐=无罐 泵=0 阀=111111 速=+0,+0,+0.00 电=8.18V/0.65A/峰1.38 补余=0.0 IO错=0 倾+0.0
[   53.895] TLM t=  22.9 L1·A@-74 L2·A@-67 L3·A@-75 R1·A@-74 R2·A@-68 R3·A@-63 罐=无罐 泵=0 阀=111111 速=+0,+0,+0.00 电=8.17V/0.65A/峰1.38 补余=0.0 IO错=0 倾+0.0
[   54.411] TLM t=  23.4 L1·A@-74 L2·A@-67 L3·A@-75 R1·A@-74 R2·A@-68 R3·A@-63 罐=无罐 泵=0 阀=111111 速=+0,+0,+0.00 电=8.17V/0.65A/峰1.38 补余=0.0 IO错=0 倾+0.0
[   54.919] TLM t=  23.9 L1·A@-74 L2·A@-66 L3·A@-75 R1·A@-74 R2·A@-68 R3·A@-62 罐=无罐 泵=0 阀=111111 速=+0,+0,+0.00 电=8.17V/0.73A/峰1.38 补余=0.0 IO错=0 倾+0.0
[   55.438] TLM t=  24.5 L1·A@-74 L2·A@-66 L3·A@-75 R1·A@-74 R2·A@-67 R3·A@-61 罐=无罐 泵=0 阀=111111 速=+0,+0,+0.00 电=8.18V/0.65A/峰1.38 补余=0.0 IO错=0 倾+0.0
[   55.943] TLM t=  25.0 L1·A@-74 L2·A@-66 L3·A@-75 R1·A@-74 R2·A@-67 R3·A@-61 罐=无罐 泵=0 阀=111111 速=+0,+0,+0.00 电=8.18V/0.65A/峰1.38 补余=0.0 IO错=0 倾+0.0
[   56.461] TLM t=  25.5 L1·A@-74 L2·A@-65 L3·A@-74 R1·A@-74 R2·A@-66 R3·A@-60 罐=无罐 泵=0 阀=111111 速=+0,+0,+0.00 电=8.18V/0.65A/峰1.38 补余=0.0 IO错=0 倾+0.0
[   56.658] EVT 泵 开 最差盘压-59.9
[   56.969] TLM t=  26.0 L1·A@-74 L2·A@-65 L3·A@-74 R1·A@-74 R2·A@-66 R3·A@-66 罐=无罐 泵=1 阀=111111 速=+0,+0,+0.00 电=8.15V/0.65A/峰1.38 补余=0.0 IO错=0 倾+0.0
[   57.483] TLM t=  26.5 L1·A@-75 L2·A@-75 L3·A@-75 R1·A@-74 R2·A@-75 R3·A@-75 罐=无罐 泵=1 阀=111111 速=+0,+0,+0.00 电=8.12V/0.65A/峰1.38 补余=0.0 IO错=0 倾+0.0
[   57.561] EVT 泵 停 最差盘压-75.4
[   57.993] TLM t=  27.0 L1·A@-76 L2·A@-76 L3·A@-76 R1·A@-76 R2·A@-76 R3·A@-76 罐=无罐 泵=0 阀=111111 速=+0,+0,+0.00 电=8.17V/0.65A/峰1.38 补余=0.0 IO错=0 倾+0.0
[   58.510] TLM t=  27.5 L1·A@-76 L2·A@-76 L3·A@-76 R1·A@-76 R2·A@-75 R3·A@-75 罐=无罐 泵=0 阀=111111 速=+0,+0,+0.00 电=8.17V/0.65A/峰1.38 补余=0.0 IO错=0 倾+0.0
[   59.013] TLM t=  28.0 L1·A@-76 L2·A@-75 L3·A@-76 R1·A@-76 R2·A@-75 R3·A@-74 罐=无罐 泵=0 阀=111111 速=+0,+0,+0.00 电=8.18V/0.65A/峰1.38 补余=0.0 IO错=0 倾+0.0
[   59.534] TLM t=  28.5 L1·A@-76 L2·A@-75 L3·A@-76 R1·A@-76 R2·A@-74 R3·A@-74 罐=无罐 泵=0 阀=111111 速=+0,+0,+0.00 电=8.17V/0.65A/峰1.38 补余=0.0 IO错=0 倾+0.0
[   59.781] EVT 倾身 +10mm（对时标记 去程）
[   59.781] EVT 实验序列开跑：标记+自动轮换 3 轮
[   59.781] EVT 键 't' 倾=+0.0待=+10.0
[   60.036] TLM t=  29.0 L1·A@-76 L2·A@-74 L3·A@-76 R1·A@-76 R2·A@-74 R3·A@-73 罐=无罐 泵=0 阀=111111 速=+0,+0,+0.00 电=8.12V/1.47A/峰1.47 补余=0.0 IO错=0 倾+2.6→+10 对时标记
[   60.554] TLM t=  29.6 L1·A@-76 L2·A@-74 L3·A@-76 R1·A@-75 R2·A@-74 R3·A@-72 罐=无罐 泵=0 阀=111111 速=+0,+0,+0.00 电=8.11V/2.04A/峰2.04 补余=0.0 IO错=0 倾+7.8→+10 对时标记
[   61.062] TLM t=  30.1 L1·A@-76 L2·A@-73 L3·A@-76 R1·A@-75 R2·A@-73 R3·A@-72 罐=无罐 泵=0 阀=111111 速=+0,+0,+0.00 电=8.11V/2.04A/峰2.04 补余=0.0 IO错=0 倾+10.0 对时标记
[   61.579] TLM t=  30.6 L1·A@-76 L2·A@-73 L3·A@-76 R1·A@-75 R2·A@-73 R3·A@-71 罐=无罐 泵=0 阀=111111 速=+0,+0,+0.00 电=8.11V/1.87A/峰2.04 补余=0.0 IO错=0 倾+10.0 对时标记
[   62.083] TLM t=  31.1 L1·A@-75 L2·A@-72 L3·A@-76 R1·A@-75 R2·A@-72 R3·A@-70 罐=无罐 泵=0 阀=111111 速=+0,+0,+0.00 电=8.11V/1.87A/峰2.04 补余=0.0 IO错=0 倾+10.0 对时标记
[   62.604] TLM t=  31.6 L1·A@-75 L2·A@-72 L3·A@-76 R1·A@-75 R2·A@-72 R3·A@-70 罐=无罐 泵=0 阀=111111 速=+0,+0,+0.00 电=8.11V/1.95A/峰2.04 补余=0.0 IO错=0 倾+10.0 对时标记
[   62.774] EVT 倾身 -10mm（对时标记 回程）
[   63.106] TLM t=  32.1 L1·A@-75 L2·A@-71 L3·A@-76 R1·A@-75 R2·A@-72 R3·A@-69 罐=无罐 泵=0 阀=111111 速=+0,+0,+0.00 电=8.16V/1.14A/峰2.04 补余=0.0 IO错=0 倾+6.8→+0 对时标记
[   63.625] TLM t=  32.6 L1·A@-75 L2·A@-71 L3·A@-76 R1·A@-75 R2·A@-71 R3·A@-68 罐=无罐 泵=0 阀=111111 速=+0,+0,+0.00 电=8.17V/0.73A/峰2.04 补余=0.0 IO错=0 倾+1.6→+0 对时标记
[   64.131] TLM t=  33.1 L1·A@-75 L2·A@-70 L3·A@-75 R1·A@-75 R2·A@-71 R3·A@-68 罐=无罐 泵=0 阀=111111 速=+0,+0,+0.00 电=8.18V/0.65A/峰2.04 补余=0.0 IO错=0 倾+0.0 对时标记
[   64.646] TLM t=  33.6 L1·A@-75 L2·A@-70 L3·A@-75 R1·A@-75 R2·A@-70 R3·A@-67 罐=无罐 泵=0 阀=111111 速=+0,+0,+0.00 电=8.17V/0.65A/峰2.04 补余=0.0 IO错=0 倾+0.0 对时标记
[   65.152] TLM t=  34.1 L1·A@-75 L2·A@-70 L3·A@-75 R1·A@-75 R2·A@-70 R3·A@-66 罐=无罐 泵=0 阀=111111 速=+0,+0,+0.00 电=8.17V/0.65A/峰2.04 补余=0.0 IO错=0 倾+0.0 对时标记
[   65.671] TLM t=  34.7 L1·A@-75 L2·A@-69 L3·A@-75 R1·A@-75 R2·A@-70 R3·A@-66 罐=无罐 泵=0 阀=111111 速=+0,+0,+0.00 电=8.18V/0.65A/峰2.04 补余=0.0 IO错=0 倾+0.0 对时标记
[   66.176] TLM t=  35.2 L1·A@-75 L2·A@-69 L3·A@-75 R1·A@-75 R2·A@-69 R3·A@-65 罐=无罐 泵=0 阀=111111 速=+0,+0,+0.00 电=8.17V/0.65A/峰2.04 补余=0.0 IO错=0 倾+0.0 对时标记
[   66.691] TLM t=  35.7 L1·A@-75 L2·A@-68 L3·A@-75 R1·A@-75 R2·A@-69 R3·A@-64 罐=无罐 泵=0 阀=111111 速=+0,+0,+0.00 电=8.17V/0.65A/峰2.04 补余=0.0 IO错=0 倾+0.0 对时标记
[   67.198] TLM t=  36.2 L1·A@-75 L2·A@-68 L3·A@-75 R1·A@-75 R2·A@-69 R3·A@-64 罐=无罐 泵=0 阀=111111 速=+0,+0,+0.00 电=8.18V/0.65A/峰2.04 补余=0.0 IO错=0 倾+0.0 对时标记
[   67.718] TLM t=  36.7 L1·A@-75 L2·A@-67 L3·A@-75 R1·A@-75 R2·A@-68 R3·A@-63 罐=无罐 泵=0 阀=111111 速=+0,+0,+0.00 电=8.17V/0.65A/峰2.04 补余=0.0 IO错=0 倾+0.0 对时标记
[   68.222] TLM t=  37.2 L1·A@-74 L2·A@-67 L3·A@-75 R1·A@-75 R2·A@-68 R3·A@-62 罐=无罐 泵=0 阀=111111 速=+0,+0,+0.00 电=8.17V/0.65A/峰2.04 补余=0.0 IO错=0 倾+0.0 对时标记
[   68.738] TLM t=  37.7 L1·A@-74 L2·A@-66 L3·A@-75 R1·A@-75 R2·A@-67 R3·A@-62 罐=无罐 泵=0 阀=111111 速=+0,+0,+0.00 电=8.17V/0.65A/峰2.04 补余=0.0 IO错=0 倾+0.0 对时标记
[   69.246] TLM t=  38.2 L1·A@-74 L2·A@-66 L3·A@-75 R1·A@-75 R2·A@-67 R3·A@-61 罐=无罐 泵=0 阀=111111 速=+0,+0,+0.00 电=8.17V/0.73A/峰2.04 补余=0.0 IO错=0 倾+0.0 对时标记
[   69.760] TLM t=  38.7 L1·A@-74 L2·A@-66 L3·A@-75 R1·A@-75 R2·A@-67 R3·A@-61 罐=无罐 泵=0 阀=111111 速=+0,+0,+0.00 电=8.18V/0.65A/峰2.04 补余=0.0 IO错=0 倾+0.0 对时标记
[   70.267] TLM t=  39.2 L1·A@-74 L2·A@-65 L3·A@-75 R1·A@-75 R2·A@-66 R3·A@-60 罐=无罐 泵=0 阀=111111 速=+0,+0,+0.00 电=8.17V/0.65A/峰2.04 补余=0.0 IO错=0 倾+0.0 对时标记
[   70.319] EVT 泵 开 最差盘压-60.0
[   70.783] TLM t=  39.8 L1·A@-74 L2·A@-70 L3·A@-75 R1·A@-74 R2·A@-70 R3·A@-69 罐=无罐 泵=1 阀=111111 速=+0,+0,+0.00 电=8.15V/0.65A/峰2.04 补余=0.0 IO错=0 倾+0.0 对时标记
[   71.221] EVT 泵 停 最差盘压-75.4
[   71.292] TLM t=  40.3 L1·A@-76 L2·A@-76 L3·A@-76 R1·A@-76 R2·A@-76 R3·A@-76 罐=无罐 泵=0 阀=111111 速=+0,+0,+0.00 电=8.17V/0.73A/峰2.04 补余=0.0 IO错=0 倾+0.0 对时标记
[   71.807] TLM t=  40.8 L1·A@-76 L2·A@-76 L3·A@-76 R1·A@-76 R2·A@-76 R3·A@-76 罐=无罐 泵=0 阀=111111 速=+0,+0,+0.00 电=8.17V/0.65A/峰2.04 补余=0.0 IO错=0 倾+0.0 对时标记
[   72.316] TLM t=  41.3 L1·A@-76 L2·A@-76 L3·A@-76 R1·A@-76 R2·A@-75 R3·A@-75 罐=无罐 泵=0 阀=111111 速=+0,+0,+0.00 电=8.17V/0.65A/峰2.04 补余=0.0 IO错=0 倾+0.0 对时标记
[   72.830] TLM t=  41.8 L1·A@-76 L2·A@-75 L3·A@-76 R1·A@-76 R2·A@-75 R3·A@-74 罐=无罐 泵=0 阀=111111 速=+0,+0,+0.00 电=8.17V/0.65A/峰2.04 补余=0.0 IO错=0 倾+0.0 对时标记
[   73.336] TLM t=  42.3 L1·A@-76 L2·A@-75 L3·A@-76 R1·A@-76 R2·A@-74 R3·A@-74 罐=无罐 泵=0 阀=111111 速=+0,+0,+0.00 电=8.17V/0.73A/峰2.04 补余=0.0 IO错=0 倾+0.0 对时标记
[   73.855] TLM t=  42.8 L1·A@-76 L2·A@-74 L3·A@-76 R1·A@-76 R2·A@-74 R3·A@-73 罐=无罐 泵=0 阀=111111 速=+0,+0,+0.00 电=8.17V/0.73A/峰2.04 补余=0.0 IO错=0 倾+0.0 对时标记
[   74.363] TLM t=  43.3 L1·A@-76 L2·A@-74 L3·A@-76 R1·A@-76 R2·A@-74 R3·A@-72 罐=无罐 泵=0 阀=111111 速=+0,+0,+0.00 电=8.17V/0.65A/峰2.04 补余=0.0 IO错=0 倾+0.0 对时标记
[   74.876] TLM t=  43.8 L1·A@-76 L2·A@-73 L3·A@-76 R1·A@-76 R2·A@-73 R3·A@-72 罐=无罐 泵=0 阀=111111 速=+0,+0,+0.00 电=8.17V/0.73A/峰2.04 补余=0.0 IO错=0 倾+0.0 对时标记
[   75.381] TLM t=  44.3 L1·A@-76 L2·A@-73 L3·A@-76 R1·A@-75 R2·A@-73 R3·A@-71 罐=无罐 泵=0 阀=111111 速=+0,+0,+0.00 电=8.17V/0.65A/峰2.04 补余=0.0 IO错=0 倾+0.0 对时标记
[   75.902] TLM t=  44.9 L1·A@-76 L2·A@-72 L3·A@-76 R1·A@-75 R2·A@-72 R3·A@-70 罐=无罐 泵=0 阀=111111 速=+0,+0,+0.00 电=8.17V/0.73A/峰2.04 补余=0.0 IO错=0 倾+0.0 对时标记
[   76.406] TLM t=  45.4 L1·A@-76 L2·A@-72 L3·A@-76 R1·A@-75 R2·A@-72 R3·A@-69 罐=无罐 泵=0 阀=111111 速=+0,+0,+0.00 电=8.17V/0.65A/峰2.04 补余=0.0 IO错=0 倾+0.0 对时标记
[   76.922] TLM t=  45.9 L1·A@-75 L2·A@-71 L3·A@-76 R1·A@-75 R2·A@-72 R3·A@-69 罐=无罐 泵=0 阀=111111 速=+0,+0,+0.00 电=8.17V/0.65A/峰2.04 补余=0.0 IO错=0 倾+0.0 对时标记
[   77.433] TLM t=  46.4 L1·A@-75 L2·A@-71 L3·A@-76 R1·A@-75 R2·A@-71 R3·A@-68 罐=无罐 泵=0 阀=111111 速=+0,+0,+0.00 电=8.17V/0.73A/峰2.04 补余=0.0 IO错=0 倾+0.0 对时标记
[   77.928] TLM t=  46.9 L1·A@-75 L2·A@-70 L3·A@-76 R1·A@-75 R2·A@-71 R3·A@-67 罐=无罐 泵=0 阀=111111 速=+0,+0,+0.00 电=8.17V/0.73A/峰2.04 补余=0.0 IO错=0 倾+0.0 对时标记
[   78.427] TLM t=  47.4 L1·A@-75 L2·A@-70 L3·A@-75 R1·A@-75 R2·A@-70 R3·A@-67 罐=无罐 泵=0 阀=111111 速=+0,+0,+0.00 电=8.17V/0.73A/峰2.04 补余=0.0 IO错=0 倾+0.0 对时标记
[   78.934] TLM t=  47.9 L1·A@-75 L2·A@-70 L3·A@-75 R1·A@-75 R2·A@-70 R3·A@-66 罐=无罐 泵=0 阀=111111 速=+0,+0,+0.00 电=8.16V/0.65A/峰2.04 补余=0.0 IO错=0 倾+0.0 对时标记
[   79.453] TLM t=  48.4 L1·A@-75 L2·A@-69 L3·A@-75 R1·A@-75 R2·A@-70 R3·A@-66 罐=无罐 泵=0 阀=111111 速=+0,+0,+0.00 电=8.16V/0.73A/峰2.04 补余=0.0 IO错=0 倾+0.0 对时标记
[   79.961] TLM t=  48.9 L1·A@-75 L2·A@-69 L3·A@-75 R1·A@-75 R2·A@-69 R3·A@-65 罐=无罐 泵=0 阀=111111 速=+0,+0,+0.00 电=8.17V/0.65A/峰2.04 补余=0.0 IO错=0 倾+0.0 对时标记
[   80.462] TLM t=  49.4 L1·A@-75 L2·A@-68 L3·A@-75 R1·A@-75 R2·A@-69 R3·A@-64 罐=无罐 泵=0 阀=111111 速=+0,+0,+0.00 电=8.17V/0.73A/峰2.04 补余=0.0 IO错=0 倾+0.0 对时标记
[   80.984] TLM t=  49.9 L1·A@-75 L2·A@-68 L3·A@-75 R1·A@-75 R2·A@-69 R3·A@-64 罐=无罐 泵=0 阀=111111 速=+0,+0,+0.00 电=8.17V/0.65A/峰2.04 补余=0.0 IO错=0 倾+0.0 对时标记
[   81.505] TLM t=  50.4 L1·A@-75 L2·A@-67 L3·A@-75 R1·A@-75 R2·A@-68 R3·A@-63 罐=无罐 泵=0 阀=111111 速=+0,+0,+0.00 电=8.17V/0.73A/峰2.04 补余=0.0 IO错=0 倾+0.0 对时标记
[   82.008] TLM t=  50.9 L1·A@-75 L2·A@-67 L3·A@-75 R1·A@-75 R2·A@-68 R3·A@-62 罐=无罐 泵=0 阀=111111 速=+0,+0,+0.00 电=8.17V/0.65A/峰2.04 补余=0.0 IO错=0 倾+0.0 对时标记
[   82.507] TLM t=  51.4 L1·A@-74 L2·A@-66 L3·A@-75 R1·A@-75 R2·A@-68 R3·A@-62 罐=无罐 泵=0 阀=111111 速=+0,+0,+0.00 电=8.17V/0.65A/峰2.04 补余=0.0 IO错=0 倾+0.0 对时标记
[   83.033] TLM t=  52.0 L1·A@-74 L2·A@-66 L3·A@-75 R1·A@-75 R2·A@-67 R3·A@-61 罐=无罐 泵=0 阀=111111 速=+0,+0,+0.00 电=8.17V/0.65A/峰2.04 补余=0.0 IO错=0 倾+0.0 对时标记
[   83.536] TLM t=  52.5 L1·A@-74 L2·A@-66 L3·A@-75 R1·A@-75 R2·A@-67 R3·A@-61 罐=无罐 泵=0 阀=111111 速=+0,+0,+0.00 电=8.17V/0.73A/峰2.04 补余=0.0 IO错=0 倾+0.0 对时标记
[   83.785] EVT 对时标记完成
[   83.785] EVT 自动轮换：第 1 轮开始
[   83.810] EVT 原地抬起受理：R3
[   83.828] EVT 相位 R3 stance→handover
[   84.051] EVT 泵 开 最差盘压-60.0
[   84.060] TLM t=  54.2 L1·A@-74 L2·A@-65 L3·A@-75 R1·A@-75 R2·A@-66 R3ZA@-60 罐=无罐 泵=1 阀=111111 速=+0,+0,+0.00 电=8.01V/0.65A/峰2.04 补余=0.0 IO错=0 倾+0.0 自动1/3
[   84.577] TLM t=  54.6 L1·A@-74 L2·A@-71 L3·A@-75 R1·A@-75 R2·A@-71 R3ZA@-70 罐=无罐 泵=1 阀=111111 速=+0,+0,+0.00 电=8.11V/0.81A/峰2.04 补余=0.0 IO错=0 倾+0.0 自动1/3
[   84.954] EVT 泵 停 最差盘压-75.4
[   85.084] TLM t=  54.6 L1·A@-76 L2·A@-77 L3·A@-77 R1·A@-76 R2·A@-76 R3ZA@-76 罐=无罐 泵=0 阀=111111 速=+0,+0,+0.00 电=8.12V/1.38A/峰2.04 补余=0.0 IO错=0 倾+0.0 自动1/3
[   85.586] TLM t=  54.6 L1·A@-76 L2·A@-76 L3·A@-76 R1·A@-76 R2·A@-76 R3ZA@-76 罐=无罐 泵=0 阀=111111 速=+0,+0,+0.00 电=8.11V/1.63A/峰2.04 补余=0.0 IO错=0 倾+0.0 自动1/3
[   86.014] EVT 吸附 R3 attached→venting 在态64.16s -75.1kPa
[   86.015] EVT 相位 R3 handover→vent 落点Δ(+0.0,+0.0)
[   86.037] EVT 阀 R3 →排气位
[   86.109] TLM t=  54.6 L1·A@-76 L2·A@-76 L3·A@-76 R1·A@-76 R2·A@-75 R3Vv@-75 罐=无罐 泵=0 阀=111110 速=+0,+0,+0.00 电=8.10V/1.79A/峰2.04 补余=0.0 IO错=0 倾+0.0 自动1/3
[   86.318] EVT 相位 R3 vent→lift
[   86.441] EVT 吸附 R3 venting→released 在态0.42s 0.3kPa
[   86.607] TLM t=  54.6 L1·A@-76 L2·A@-75 L3·A@-76 R1·A@-76 R2·A@-75 R3Lr@-- 罐=无罐 泵=0 阀=111110 速=+0,+0,+0.00 电=8.11V/1.87A/峰2.04 补余=0.0 IO错=0 倾+0.0 自动1/3
[   87.132] TLM t=  54.6 L1·A@-76 L2·A@-75 L3·A@-76 R1·A@-76 R2·A@-74 R3Lr@-- 罐=无罐 泵=0 阀=111110 速=+0,+0,+0.00 电=8.08V/1.87A/峰2.04 补余=0.0 IO错=0 倾+0.0 自动1/3
[   87.160] EVT 相位 R3 lift→transfer
[   87.633] TLM t=  54.6 L1·A@-76 L2·A@-74 L3·A@-76 R1·A@-76 R2·A@-74 R3Tr@-- 罐=无罐 泵=0 阀=111110 速=+0,+0,+0.00 电=8.10V/1.71A/峰2.04 补余=0.0 IO错=0 倾+0.0 自动1/3
[   87.785] EVT 相位 R3 transfer→hover
[   88.155] TLM t=  54.6 L1·A@-76 L2·A@-74 L3·A@-76 R1·A@-76 R2·A@-74 R3Hr@-- 罐=无罐 泵=0 阀=111110 速=+0,+0,+0.00 电=8.10V/1.63A/峰2.04 补余=0.0 IO错=0 倾+0.0 自动1/3
[   88.658] TLM t=  54.6 L1·A@-76 L2·A@-73 L3·A@-76 R1·A@-76 R2·A@-73 R3Hr@-- 罐=无罐 泵=0 阀=111110 速=+0,+0,+0.00 电=8.11V/1.55A/峰2.04 补余=0.0 IO错=0 倾+0.0 自动1/3
[   88.787] EVT 落地：R3
[   88.810] EVT 相位 R3 hover→descend
[   89.183] TLM t=  54.6 L1·A@-76 L2·A@-73 L3·A@-76 R1·A@-76 R2·A@-73 R3Dr@-- 罐=无罐 泵=0 阀=111110 速=+0,+0,+0.00 电=8.10V/1.47A/峰2.04 补余=0.0 IO错=0 倾+0.0 自动1/3
[   89.293] EVT 相位 R3 descend→press
[   89.683] TLM t=  54.6 L1·A@-76 L2·A@-72 L3·A@-76 R1·A@-76 R2·A@-72 R3Pr@-- 罐=无罐 泵=0 阀=111110 速=+0,+0,+0.00 电=8.11V/1.63A/峰2.04 补余=0.0 IO错=0 倾+0.0 自动1/3
[   90.204] TLM t=  54.6 L1·A@-75 L2·A@-72 L3·A@-76 R1·A@-76 R2·A@-72 R3Pr@-- 罐=无罐 泵=0 阀=111110 速=+0,+0,+0.00 电=8.11V/1.71A/峰2.04 补余=0.0 IO错=0 倾+0.0 自动1/3
[   90.496] EVT 吸附 R3 released→pressing 在态4.04s 0.3kPa
[   90.497] EVT 相位 R3 press→wait
[   90.711] TLM t=  54.6 L1·A@-75 L2·A@-71 L3·A@-76 R1·A@-75 R2·A@-72 R3Wp@-- 罐=无罐 泵=0 阀=111110 速=+0,+0,+0.00 电=8.10V/1.79A/峰2.04 补余=0.0 IO错=0 倾+0.0 自动1/3
[   90.817] EVT 吸附 R3 pressing→sucking 在态0.32s 0.3kPa
[   90.818] EVT 阀 R3 →抽气位
[   90.838] EVT 泵 开 最差盘压-71.2
[   91.118] EVT 吸附 R3 sucking→attached 在态0.30s -61.9kPa
[   91.119] EVT 相位 R3 wait→stance
[   91.119] EVT 抬落完成，轮到 L1
[   91.206] TLM t=  54.7 L1·A@-75 L2·A@-71 L3·A@-76 R1·A@-75 R2·A@-71 R3·A@-67 罐=无罐 泵=1 阀=111111 速=+0,+0,+0.00 电=8.02V/1.63A/峰2.04 补余=0.0 IO错=0 倾+0.0 自动1/3
[   91.600] EVT 泵 停 最差盘压-75.1
[   91.713] TLM t=  55.2 L1·A@-76 L2·A@-76 L3·A@-76 R1·A@-75 R2·A@-76 R3·A@-76 罐=无罐 泵=0 阀=111111 速=+0,+0,+0.00 电=8.12V/1.63A/峰2.04 补余=0.0 IO错=0 倾+0.0 自动1/3
[   92.212] TLM t=  55.7 L1·A@-76 L2·A@-76 L3·A@-76 R1·A@-75 R2·A@-75 R3·A@-75 罐=无罐 泵=0 阀=111111 速=+0,+0,+0.00 电=8.12V/1.55A/峰2.04 补余=0.0 IO错=0 倾+0.0 自动1/3
[   92.713] TLM t=  56.2 L1·A@-76 L2·A@-75 L3·A@-76 R1·A@-75 R2·A@-75 R3·A@-74 罐=无罐 泵=0 阀=111111 速=+0,+0,+0.00 电=8.12V/1.55A/峰2.04 补余=0.0 IO错=0 倾+0.0 自动1/3
[   93.216] TLM t=  56.7 L1·A@-76 L2·A@-75 L3·A@-76 R1·A@-75 R2·A@-74 R3·A@-74 罐=无罐 泵=0 阀=111111 速=+0,+0,+0.00 电=8.11V/1.71A/峰2.04 补余=0.0 IO错=0 倾+0.0 自动1/3
[   93.717] TLM t=  57.2 L1·A@-76 L2·A@-74 L3·A@-76 R1·A@-75 R2·A@-74 R3·A@-73 罐=无罐 泵=0 阀=111111 速=+0,+0,+0.00 电=8.11V/1.71A/峰2.04 补余=0.0 IO错=0 倾+0.0 自动1/3
[   94.223] TLM t=  57.7 L1·A@-76 L2·A@-74 L3·A@-76 R1·A@-75 R2·A@-74 R3·A@-72 罐=无罐 泵=0 阀=111111 速=+0,+0,+0.00 电=8.11V/1.55A/峰2.04 补余=0.0 IO错=0 倾+0.0 自动1/3
[   94.729] TLM t=  58.2 L1·A@-75 L2·A@-73 L3·A@-76 R1·A@-75 R2·A@-73 R3·A@-72 罐=无罐 泵=0 阀=111111 速=+0,+0,+0.00 电=8.11V/1.63A/峰2.04 补余=0.0 IO错=0 倾+0.0 自动1/3
[   95.246] TLM t=  58.7 L1·A@-75 L2·A@-73 L3·A@-76 R1·A@-75 R2·A@-73 R3·A@-71 罐=无罐 泵=0 阀=111111 速=+0,+0,+0.00 电=8.10V/1.63A/峰2.04 补余=0.0 IO错=0 倾+0.0 自动1/3
[   95.754] TLM t=  59.2 L1·A@-75 L2·A@-72 L3·A@-75 R1·A@-75 R2·A@-72 R3·A@-70 罐=无罐 泵=0 阀=111111 速=+0,+0,+0.00 电=8.12V/1.71A/峰2.04 补余=0.0 IO错=0 倾+0.0 自动1/3
[   96.271] TLM t=  59.7 L1·A@-75 L2·A@-72 L3·A@-75 R1·A@-75 R2·A@-72 R3·A@-69 罐=无罐 泵=0 阀=111111 速=+0,+0,+0.00 电=8.12V/1.63A/峰2.04 补余=0.0 IO错=0 倾+0.0 自动1/3
[   96.776] TLM t=  60.2 L1·A@-75 L2·A@-71 L3·A@-75 R1·A@-75 R2·A@-72 R3·A@-69 罐=无罐 泵=0 阀=111111 速=+0,+0,+0.00 电=8.12V/1.55A/峰2.04 补余=0.0 IO错=0 倾+0.0 自动1/3
[   97.294] TLM t=  60.7 L1·A@-75 L2·A@-71 L3·A@-75 R1·A@-75 R2·A@-71 R3·A@-68 罐=无罐 泵=0 阀=111111 速=+0,+0,+0.00 电=8.11V/1.63A/峰2.04 补余=0.0 IO错=0 倾+0.0 自动1/3
[   97.801] TLM t=  61.2 L1·A@-75 L2·A@-71 L3·A@-75 R1·A@-75 R2·A@-71 R3·A@-67 罐=无罐 泵=0 阀=111111 速=+0,+0,+0.00 电=8.12V/1.71A/峰2.04 补余=0.0 IO错=0 倾+0.0 自动1/3
[   98.314] TLM t=  61.8 L1·A@-75 L2·A@-70 L3·A@-75 R1·A@-75 R2·A@-71 R3·A@-67 罐=无罐 泵=0 阀=111111 速=+0,+0,+0.00 电=8.12V/1.55A/峰2.04 补余=0.0 IO错=0 倾+0.0 自动1/3
[   98.824] TLM t=  62.3 L1·A@-75 L2·A@-70 L3·A@-75 R1·A@-75 R2·A@-70 R3·A@-66 罐=无罐 泵=0 阀=111111 速=+0,+0,+0.00 电=8.12V/1.63A/峰2.04 补余=0.0 IO错=0 倾+0.0 自动1/3
[   99.341] TLM t=  62.8 L1·A@-75 L2·A@-69 L3·A@-75 R1·A@-75 R2·A@-70 R3·A@-65 罐=无罐 泵=0 阀=111111 速=+0,+0,+0.00 电=8.11V/1.63A/峰2.04 补余=0.0 IO错=0 倾+0.0 自动1/3
[   99.846] TLM t=  63.3 L1·A@-75 L2·A@-69 L3·A@-75 R1·A@-75 R2·A@-69 R3·A@-65 罐=无罐 泵=0 阀=111111 速=+0,+0,+0.00 电=8.11V/1.63A/峰2.04 补余=0.0 IO错=0 倾+0.0 自动1/3
[  100.368] TLM t=  63.8 L1·A@-75 L2·A@-68 L3·A@-75 R1·A@-75 R2·A@-69 R3·A@-64 罐=无罐 泵=0 阀=111111 速=+0,+0,+0.00 电=8.12V/1.55A/峰2.04 补余=0.0 IO错=0 倾+0.0 自动1/3
[  100.872] TLM t=  64.3 L1·A@-74 L2·A@-68 L3·A@-75 R1·A@-75 R2·A@-69 R3·A@-63 罐=无罐 泵=0 阀=111111 速=+0,+0,+0.00 电=8.10V/1.71A/峰2.04 补余=0.0 IO错=0 倾+0.0 自动1/3
[  101.163] EVT 原地抬起受理：L1
[  101.178] EVT 相位 L1 stance→handover
[  101.390] TLM t=  65.6 L1ZA@-74 L2·A@-68 L3·A@-75 R1·A@-74 R2·A@-68 R3·A@-63 罐=无罐 泵=0 阀=111111 速=+0,+0,+0.00 电=8.11V/1.47A/峰2.04 补余=0.0 IO错=0 倾+0.0 自动1/3
[  101.894] TLM t=  66.0 L1ZA@-74 L2·A@-67 L3·A@-75 R1·A@-75 R2·A@-68 R3·A@-62 罐=无罐 泵=0 阀=111111 速=+0,+0,+0.00 电=8.11V/1.47A/峰2.04 补余=0.0 IO错=0 倾+0.0 自动1/3
[  102.414] TLM t=  66.0 L1ZA@-74 L2·A@-67 L3·A@-75 R1·A@-74 R2·A@-68 R3·A@-61 罐=无罐 泵=0 阀=111111 速=+0,+0,+0.00 电=8.11V/1.63A/峰2.04 补余=0.0 IO错=0 倾+0.0 自动1/3
[  102.916] TLM t=  66.0 L1ZA@-74 L2·A@-66 L3·A@-75 R1·A@-74 R2·A@-67 R3·A@-61 罐=无罐 泵=0 阀=111111 速=+0,+0,+0.00 电=8.11V/1.71A/峰2.04 补余=0.0 IO错=0 倾+0.0 自动1/3
[  103.436] TLM t=  66.0 L1ZA@-74 L2·A@-66 L3·A@-75 R1·A@-74 R2·A@-67 R3·A@-60 罐=无罐 泵=0 阀=111111 速=+0,+0,+0.00 电=8.10V/1.87A/峰2.04 补余=0.0 IO错=0 倾+0.0 自动1/3
[  103.608] EVT 泵 开 最差盘压-59.9
[  103.939] TLM t=  66.0 L1ZA@-74 L2·A@-67 L3·A@-75 R1·A@-74 R2·A@-66 R3·A@-66 罐=无罐 泵=1 阀=111111 速=+0,+0,+0.00 电=8.03V/2.20A/峰2.20 补余=0.0 IO错=0 倾+0.0 自动1/3
[  104.269] EVT 吸附 L1 attached→venting 在态80.46s -73.9kPa
[  104.270] EVT 相位 L1 handover→vent 落点Δ(+0.0,+0.0)
[  104.290] EVT 阀 L1 →排气位
[  104.459] TLM t=  66.0 L1Vv@-74 L2·A@-76 L3·A@-76 R1·A@-75 R2·A@-76 R3·A@-76 罐=无罐 泵=1 阀=011111 速=+0,+0,+0.00 电=8.05V/2.36A/峰2.36 补余=0.0 IO错=0 倾+0.0 自动1/3
[  104.472] EVT 泵 停 最差盘压-75.2
[  104.572] EVT 相位 L1 vent→lift
[  104.695] EVT 吸附 L1 venting→released 在态0.42s 0.1kPa
[  104.966] TLM t=  66.0 L1Lr@-- L2·A@-76 L3·A@-76 R1·A@-76 R2·A@-76 R3·A@-76 罐=无罐 泵=0 阀=011111 速=+0,+0,+0.00 电=8.05V/2.44A/峰2.44 补余=0.0 IO错=0 倾+0.0 自动1/3
[  105.415] EVT 相位 L1 lift→transfer
[  105.481] TLM t=  66.0 L1Tr@-- L2·A@-75 L3·A@-76 R1·A@-76 R2·A@-75 R3·A@-75 罐=无罐 泵=0 阀=011111 速=+0,+0,+0.00 电=8.06V/2.52A/峰2.52 补余=0.0 IO错=0 倾+0.0 自动1/3
[  105.987] TLM t=  66.0 L1Tr@-- L2·A@-75 L3·A@-76 R1·A@-75 R2·A@-75 R3·A@-74 罐=无罐 泵=0 阀=011111 速=+0,+0,+0.00 电=8.07V/2.44A/峰2.52 补余=0.0 IO错=0 倾+0.0 自动1/3
[  106.036] EVT 相位 L1 transfer→hover
[  106.507] TLM t=  66.0 L1Hr@-- L2·A@-74 L3·A@-76 R1·A@-75 R2·A@-74 R3·A@-73 罐=无罐 泵=0 阀=011111 速=+0,+0,+0.00 电=8.06V/2.20A/峰2.52 补余=0.0 IO错=0 倾+0.0 自动1/3
[  107.006] TLM t=  66.0 L1Hr@-- L2·A@-74 L3·A@-76 R1·A@-75 R2·A@-74 R3·A@-73 罐=无罐 泵=0 阀=011111 速=+0,+0,+0.00 电=8.06V/2.04A/峰2.52 补余=0.0 IO错=0 倾+0.0 自动1/3
[  107.039] EVT 落地：L1
[  107.059] EVT 相位 L1 hover→descend
[  107.530] TLM t=  66.0 L1Dr@-- L2·A@-73 L3·A@-76 R1·A@-75 R2·A@-73 R3·A@-72 罐=无罐 泵=0 阀=011111 速=+0,+0,+0.00 电=8.06V/2.44A/峰2.52 补余=0.0 IO错=0 倾+0.0 自动1/3
[  107.541] EVT 相位 L1 descend→press
[  108.032] TLM t=  66.0 L1Pr@-- L2·A@-73 L3·A@-76 R1·A@-75 R2·A@-73 R3·A@-71 罐=无罐 泵=0 阀=011111 速=+0,+0,+0.00 电=8.06V/2.20A/峰2.52 补余=0.0 IO错=0 倾+0.0 自动1/3
[  108.552] TLM t=  66.0 L1Pr@-- L2·A@-73 L3·A@-76 R1·A@-75 R2·A@-73 R3·A@-71 罐=无罐 泵=0 阀=011111 速=+0,+0,+0.00 电=8.05V/2.52A/峰2.52 补余=0.0 IO错=0 倾+0.0 自动1/3
[  108.744] EVT 吸附 L1 released→pressing 在态4.04s 0.1kPa
[  108.744] EVT 相位 L1 press→wait
[  109.055] TLM t=  66.0 L1Wp@-- L2·A@-72 L3·A@-76 R1·A@-75 R2·A@-72 R3·A@-70 罐=无罐 泵=0 阀=011111 速=+0,+0,+0.00 电=8.05V/2.28A/峰2.52 补余=0.0 IO错=0 倾+0.0 自动1/3
[  109.062] EVT 吸附 L1 pressing→sucking 在态0.32s 0.1kPa
[  109.062] EVT 阀 L1 →抽气位
[  109.088] EVT 泵 开 最差盘压-69.8
[  109.481] EVT 吸附 L1 sucking→attached 在态0.42s -65.6kPa
[  109.484] EVT 相位 L1 wait→stance
[  109.484] EVT 抬落完成，轮到 R2
[  109.577] TLM t=  66.1 L1·A@-70 L2·A@-72 L3·A@-76 R1·A@-75 R2·A@-72 R3·A@-71 罐=无罐 泵=1 阀=111111 速=+0,+0,+0.00 电=7.99V/2.28A/峰2.52 补余=0.0 IO错=0 倾+0.0 自动1/3
[  109.951] EVT 泵 停 最差盘压-75.2
[  110.080] TLM t=  66.6 L1·A@-76 L2·A@-76 L3·A@-76 R1·A@-76 R2·A@-76 R3·A@-76 罐=无罐 泵=0 阀=111111 速=+0,+0,+0.00 电=8.06V/2.28A/峰2.52 补余=0.0 IO错=0 倾+0.0 自动1/3
[  110.608] TLM t=  67.1 L1·A@-76 L2·A@-76 L3·A@-76 R1·A@-76 R2·A@-76 R3·A@-76 罐=无罐 泵=0 阀=111111 速=+0,+0,+0.00 电=8.08V/2.12A/峰2.52 补余=0.0 IO错=0 倾+0.0 自动1/3
[  111.111] TLM t=  67.6 L1·A@-76 L2·A@-75 L3·A@-76 R1·A@-76 R2·A@-75 R3·A@-75 罐=无罐 泵=0 阀=111111 速=+0,+0,+0.00 电=8.07V/2.28A/峰2.52 补余=0.0 IO错=0 倾+0.0 自动1/3
[  111.634] TLM t=  68.1 L1·A@-75 L2·A@-75 L3·A@-76 R1·A@-76 R2·A@-75 R3·A@-74 罐=无罐 泵=0 阀=111111 速=+0,+0,+0.00 电=8.08V/2.28A/峰2.52 补余=0.0 IO错=0 倾+0.0 自动1/3
[  112.136] TLM t=  68.6 L1·A@-75 L2·A@-74 L3·A@-76 R1·A@-75 R2·A@-74 R3·A@-73 罐=无罐 泵=0 阀=111111 速=+0,+0,+0.00 电=8.08V/2.12A/峰2.52 补余=0.0 IO错=0 倾+0.0 自动1/3
[  112.658] TLM t=  69.1 L1·A@-75 L2·A@-74 L3·A@-76 R1·A@-75 R2·A@-74 R3·A@-73 罐=无罐 泵=0 阀=111111 速=+0,+0,+0.00 电=8.07V/2.28A/峰2.52 补余=0.0 IO错=0 倾+0.0 自动1/3
[  113.162] TLM t=  69.6 L1·A@-75 L2·A@-73 L3·A@-76 R1·A@-75 R2·A@-73 R3·A@-72 罐=无罐 泵=0 阀=111111 速=+0,+0,+0.00 电=8.07V/2.28A/峰2.52 补余=0.0 IO错=0 倾+0.0 自动1/3
[  113.683] TLM t=  70.2 L1·A@-75 L2·A@-73 L3·A@-76 R1·A@-75 R2·A@-73 R3·A@-71 罐=无罐 泵=0 阀=111111 速=+0,+0,+0.00 电=8.06V/2.28A/峰2.52 补余=0.0 IO错=0 倾+0.0 自动1/3
[  114.191] TLM t=  70.7 L1·A@-75 L2·A@-73 L3·A@-76 R1·A@-75 R2·A@-73 R3·A@-71 罐=无罐 泵=0 阀=111111 速=+0,+0,+0.00 电=8.06V/2.20A/峰2.52 补余=0.0 IO错=0 倾+0.0 自动1/3
[  114.713] TLM t=  71.2 L1·A@-75 L2·A@-72 L3·A@-76 R1·A@-75 R2·A@-72 R3·A@-70 罐=无罐 泵=0 阀=111111 速=+0,+0,+0.00 电=8.08V/2.28A/峰2.52 补余=0.0 IO错=0 倾+0.0 自动1/3
[  115.220] TLM t=  71.7 L1·A@-74 L2·A@-72 L3·A@-76 R1·A@-75 R2·A@-72 R3·A@-69 罐=无罐 泵=0 阀=111111 速=+0,+0,+0.00 电=8.07V/2.12A/峰2.52 补余=0.0 IO错=0 倾+0.0 自动1/3
[  115.741] TLM t=  72.2 L1·A@-74 L2·A@-71 L3·A@-76 R1·A@-75 R2·A@-72 R3·A@-69 罐=无罐 泵=0 阀=111111 速=+0,+0,+0.00 电=8.09V/2.12A/峰2.52 补余=0.0 IO错=0 倾+0.0 自动1/3
[  116.244] TLM t=  72.7 L1·A@-74 L2·A@-71 L3·A@-76 R1·A@-75 R2·A@-71 R3·A@-68 罐=无罐 泵=0 阀=111111 速=+0,+0,+0.00 电=8.08V/2.20A/峰2.52 补余=0.0 IO错=0 倾+0.0 自动1/3
[  116.770] TLM t=  73.2 L1·A@-74 L2·A@-70 L3·A@-75 R1·A@-75 R2·A@-71 R3·A@-67 罐=无罐 泵=0 阀=111111 速=+0,+0,+0.00 电=8.08V/2.12A/峰2.52 补余=0.0 IO错=0 倾+0.0 自动1/3
[  117.272] TLM t=  73.7 L1·A@-74 L2·A@-70 L3·A@-75 R1·A@-75 R2·A@-70 R3·A@-67 罐=无罐 泵=0 阀=111111 速=+0,+0,+0.00 电=8.08V/2.12A/峰2.52 补余=0.0 IO错=0 倾+0.0 自动1/3
[  117.794] TLM t=  74.2 L1·A@-74 L2·A@-69 L3·A@-75 R1·A@-75 R2·A@-70 R3·A@-66 罐=无罐 泵=0 阀=111111 速=+0,+0,+0.00 电=8.07V/2.28A/峰2.52 补余=0.0 IO错=0 倾+0.0 自动1/3
[  118.299] TLM t=  74.7 L1·A@-74 L2·A@-69 L3·A@-75 R1·A@-75 R2·A@-70 R3·A@-65 罐=无罐 泵=0 阀=111111 速=+0,+0,+0.00 电=8.06V/2.20A/峰2.52 补余=0.0 IO错=0 倾+0.0 自动1/3
[  118.818] TLM t=  75.3 L1·A@-74 L2·A@-69 L3·A@-75 R1·A@-74 R2·A@-69 R3·A@-65 罐=无罐 泵=0 阀=111111 速=+0,+0,+0.00 电=8.07V/2.28A/峰2.52 补余=0.0 IO错=0 倾+0.0 自动1/3
[  119.323] TLM t=  75.8 L1·A@-74 L2·A@-68 L3·A@-75 R1·A@-74 R2·A@-69 R3·A@-64 罐=无罐 泵=0 阀=111111 速=+0,+0,+0.00 电=8.07V/2.20A/峰2.52 补余=0.0 IO错=0 倾+0.0 自动1/3
[  119.505] EVT 原地抬起受理：R2
[  119.533] EVT 相位 R2 stance→handover
[  119.843] TLM t=  77.1 L1·A@-73 L2·A@-68 L3·A@-75 R1·A@-74 R2ZA@-69 R3·A@-63 罐=无罐 泵=0 阀=111111 速=+0,+0,+0.00 电=8.07V/2.52A/峰2.52 补余=0.0 IO错=0 倾+0.0 自动1/3
[  120.349] TLM t=  77.4 L1·A@-73 L2·A@-67 L3·A@-75 R1·A@-74 R2ZA@-68 R3·A@-63 罐=无罐 泵=0 阀=111111 速=+0,+0,+0.00 电=8.04V/2.44A/峰2.52 补余=0.0 IO错=0 倾+0.0 自动1/3
[  120.870] TLM t=  77.4 L1·A@-73 L2·A@-67 L3·A@-75 R1·A@-74 R2ZA@-68 R3·A@-62 罐=无罐 泵=0 阀=111111 速=+0,+0,+0.00 电=8.03V/2.85A/峰2.85 补余=0.0 IO错=0 倾+0.0 自动1/3
[  121.372] TLM t=  77.4 L1·A@-73 L2·A@-66 L3·A@-75 R1·A@-74 R2ZA@-67 R3·A@-61 罐=无罐 泵=0 阀=111111 速=+0,+0,+0.00 电=8.05V/2.77A/峰2.85 补余=0.0 IO错=0 倾+0.0 自动1/3
[  121.725] EVT 吸附 R2 attached→venting 在态96.00s -67.2kPa
[  121.726] EVT 相位 R2 handover→vent 落点Δ(+0.0,+0.0)
[  121.738] EVT 阀 R2 →排气位
[  121.898] TLM t=  77.4 L1·A@-73 L2·A@-66 L3·A@-75 R1·A@-74 R2Vv@-67 R3·A@-61 罐=无罐 泵=0 阀=111101 速=+0,+0,+0.00 电=8.03V/3.01A/峰3.01 补余=0.0 IO错=0 倾+0.0 自动1/3
[  122.029] EVT 相位 R2 vent→lift
[  122.151] EVT 吸附 R2 venting→released 在态0.42s 0.0kPa
[  122.397] TLM t=  77.4 L1·A@-73 L2·A@-66 L3·A@-75 R1·A@-74 R2Lr@-- R3·A@-60 罐=无罐 泵=0 阀=111101 速=+0,+0,+0.00 电=8.04V/3.01A/峰3.01 补余=0.0 IO错=0 倾+0.0 自动1/3
[  122.553] EVT 泵 开 最差盘压-60.0
[  122.871] EVT 相位 R2 lift→transfer
[  122.929] TLM t=  77.4 L1·A@-73 L2·A@-66 L3·A@-75 R1·A@-74 R2Tr@-- R3·A@-68 罐=无罐 泵=1 阀=111101 速=+0,+0,+0.00 电=7.92V/3.09A/峰3.09 补余=0.0 IO错=0 倾+0.0 自动1/3
[  123.421] EVT 泵 停 最差盘压-75.3
[  123.431] TLM t=  77.4 L1·A@-76 L2·A@-76 L3·A@-76 R1·A@-75 R2Tr@-- R3·A@-76 罐=无罐 泵=0 阀=111101 速=+0,+0,+0.00 电=8.02V/3.01A/峰3.09 补余=0.0 IO错=0 倾+0.0 自动1/3
[  123.496] EVT 相位 R2 transfer→hover
[  123.953] TLM t=  77.4 L1·A@-76 L2·A@-76 L3·A@-76 R1·A@-76 R2Hr@-- R3·A@-76 罐=无罐 泵=0 阀=111101 速=+0,+0,+0.00 电=8.04V/2.69A/峰3.09 补余=0.0 IO错=0 倾+0.0 自动1/3
[  124.454] TLM t=  77.4 L1·A@-76 L2·A@-76 L3·A@-76 R1·A@-76 R2Hr@-- R3·A@-75 罐=无罐 泵=0 阀=111101 速=+0,+0,+0.00 电=8.03V/2.60A/峰3.09 补余=0.0 IO错=0 倾+0.0 自动1/3
[  124.506] EVT 落地：R2
[  124.521] EVT 相位 R2 hover→descend
[  124.981] TLM t=  77.4 L1·A@-76 L2·A@-75 L3·A@-76 R1·A@-76 R2Dr@-- R3·A@-74 罐=无罐 泵=0 阀=111101 速=+0,+0,+0.00 电=8.02V/2.77A/峰3.09 补余=0.0 IO错=0 倾+0.0 自动1/3
[  125.009] EVT 相位 R2 descend→press
[  125.483] TLM t=  77.4 L1·A@-76 L2·A@-75 L3·A@-76 R1·A@-76 R2Pr@-- R3·A@-74 罐=无罐 泵=0 阀=111101 速=+0,+0,+0.00 电=8.04V/3.01A/峰3.09 补余=0.0 IO错=0 倾+0.0 自动1/3
[  126.010] TLM t=  77.4 L1·A@-76 L2·A@-74 L3·A@-76 R1·A@-75 R2Pr@-- R3·A@-73 罐=无罐 泵=0 阀=111101 速=+0,+0,+0.00 电=8.00V/2.93A/峰3.09 补余=0.0 IO错=0 倾+0.0 自动1/3
[  126.217] EVT 吸附 R2 released→pressing 在态4.04s 0.0kPa
[  126.218] EVT 相位 R2 press→wait
[  126.511] TLM t=  77.4 L1·A@-76 L2·A@-74 L3·A@-76 R1·A@-75 R2Wp@-- R3·A@-72 罐=无罐 泵=0 阀=111101 速=+0,+0,+0.00 电=8.04V/3.17A/峰3.17 补余=0.0 IO错=0 倾+0.0 自动1/3
[  126.546] EVT 吸附 R2 pressing→sucking 在态0.32s 0.0kPa
[  126.547] EVT 阀 R2 →抽气位
[  126.567] EVT 泵 开 最差盘压-72.2
[  126.844] EVT 吸附 R2 sucking→attached 在态0.30s -66.1kPa
[  126.848] EVT 相位 R2 wait→stance
[  126.848] EVT 抬落完成，轮到 L3
[  127.037] TLM t=  77.6 L1·A@-76 L2·A@-73 L3·A@-76 R1·A@-75 R2·A@-70 R3·A@-72 罐=无罐 泵=1 阀=111111 速=+0,+0,+0.00 电=7.97V/2.93A/峰3.17 补余=0.0 IO错=0 倾+0.0 自动1/3
[  127.331] EVT 泵 停 最差盘压-75.0
[  127.542] TLM t=  78.1 L1·A@-76 L2·A@-76 L3·A@-76 R1·A@-75 R2·A@-75 R3·A@-76 罐=无罐 泵=0 阀=111111 速=+0,+0,+0.00 电=8.02V/2.77A/峰3.17 补余=0.0 IO错=0 倾+0.0 自动1/3
[  128.062] TLM t=  78.6 L1·A@-76 L2·A@-76 L3·A@-76 R1·A@-75 R2·A@-75 R3·A@-75 罐=无罐 泵=0 阀=111111 速=+0,+0,+0.00 电=8.05V/3.01A/峰3.17 补余=0.0 IO错=0 倾+0.0 自动1/3
[  128.566] TLM t=  79.1 L1·A@-76 L2·A@-75 L3·A@-76 R1·A@-75 R2·A@-74 R3·A@-74 罐=无罐 泵=0 阀=111111 速=+0,+0,+0.00 电=8.04V/2.77A/峰3.17 补余=0.0 IO错=0 倾+0.0 自动1/3
[  129.086] TLM t=  79.6 L1·A@-76 L2·A@-75 L3·A@-76 R1·A@-75 R2·A@-73 R3·A@-74 罐=无罐 泵=0 阀=111111 速=+0,+0,+0.00 电=8.03V/2.85A/峰3.17 补余=0.0 IO错=0 倾+0.0 自动1/3
[  129.588] TLM t=  80.1 L1·A@-76 L2·A@-74 L3·A@-76 R1·A@-75 R2·A@-73 R3·A@-73 罐=无罐 泵=0 阀=111111 速=+0,+0,+0.00 电=8.03V/3.01A/峰3.17 补余=0.0 IO错=0 倾+0.0 自动1/3
[  130.114] TLM t=  80.6 L1·A@-75 L2·A@-74 L3·A@-76 R1·A@-75 R2·A@-72 R3·A@-72 罐=无罐 泵=0 阀=111111 速=+0,+0,+0.00 电=8.05V/2.85A/峰3.17 补余=0.0 IO错=0 倾+0.0 自动1/3
[  130.618] TLM t=  81.1 L1·A@-75 L2·A@-73 L3·A@-75 R1·A@-75 R2·A@-72 R3·A@-72 罐=无罐 泵=0 阀=111111 速=+0,+0,+0.00 电=8.02V/2.77A/峰3.17 补余=0.0 IO错=0 倾+0.0 自动1/3
[  131.138] TLM t=  81.7 L1·A@-75 L2·A@-73 L3·A@-75 R1·A@-75 R2·A@-72 R3·A@-71 罐=无罐 泵=0 阀=111111 速=+0,+0,+0.00 电=8.05V/2.85A/峰3.17 补余=0.0 IO错=0 倾+0.0 自动1/3
[  131.647] TLM t=  82.1 L1·A@-75 L2·A@-72 L3·A@-75 R1·A@-75 R2·A@-71 R3·A@-70 罐=无罐 泵=0 阀=111111 速=+0,+0,+0.00 电=8.04V/2.93A/峰3.17 补余=0.0 IO错=0 倾+0.0 自动1/3
[  132.146] TLM t=  82.6 L1·A@-75 L2·A@-72 L3·A@-75 R1·A@-75 R2·A@-71 R3·A@-70 罐=无罐 泵=0 阀=111111 速=+0,+0,+0.00 电=8.03V/2.93A/峰3.17 补余=0.0 IO错=0 倾+0.0 自动1/3
[  132.279] EVT ⚠ 主环卡顿 150ms（目标 20ms）
[  132.658] TLM t=  83.0 L1·A@-75 L2·A@-71 L3·A@-75 R1·A@-75 R2·A@-70 R3·A@-69 罐=无罐 泵=0 阀=111111 速=+0,+0,+0.00 电=8.03V/2.93A/峰3.17 补余=0.0 IO错=0 倾+0.0 自动1/3
[  133.160] TLM t=  83.5 L1·A@-75 L2·A@-71 L3·A@-75 R1·A@-75 R2·A@-70 R3·A@-68 罐=无罐 泵=0 阀=111111 速=+0,+0,+0.00 电=8.01V/2.85A/峰3.17 补余=0.0 IO错=0 倾+0.0 自动1/3
[  133.684] TLM t=  84.0 L1·A@-75 L2·A@-70 L3·A@-75 R1·A@-74 R2·A@-70 R3·A@-68 罐=无罐 泵=0 阀=111111 速=+0,+0,+0.00 电=8.02V/2.77A/峰3.17 补余=0.0 IO错=0 倾+0.0 自动1/3
[  134.184] TLM t=  84.5 L1·A@-75 L2·A@-70 L3·A@-75 R1·A@-74 R2·A@-69 R3·A@-67 罐=无罐 泵=0 阀=111111 速=+0,+0,+0.00 电=8.04V/2.69A/峰3.17 补余=0.0 IO错=0 倾+0.0 自动1/3
[  134.711] TLM t=  85.0 L1·A@-75 L2·A@-70 L3·A@-75 R1·A@-74 R2·A@-69 R3·A@-66 罐=无罐 泵=0 阀=111111 速=+0,+0,+0.00 电=8.01V/2.77A/峰3.17 补余=0.0 IO错=0 倾+0.0 自动1/3
[  135.210] TLM t=  85.5 L1·A@-75 L2·A@-69 L3·A@-75 R1·A@-74 R2·A@-68 R3·A@-66 罐=无罐 泵=0 阀=111111 速=+0,+0,+0.00 电=8.03V/2.85A/峰3.17 补余=0.0 IO错=0 倾+0.0 自动1/3
[  135.732] TLM t=  86.0 L1·A@-74 L2·A@-69 L3·A@-75 R1·A@-74 R2·A@-68 R3·A@-65 罐=无罐 泵=0 阀=111111 速=+0,+0,+0.00 电=8.04V/2.85A/峰3.17 补余=0.0 IO错=0 倾+0.0 自动1/3
[  136.236] TLM t=  86.5 L1·A@-74 L2·A@-68 L3·A@-75 R1·A@-74 R2·A@-68 R3·A@-64 罐=无罐 泵=0 阀=111111 速=+0,+0,+0.00 电=8.01V/3.01A/峰3.17 补余=0.0 IO错=0 倾+0.0 自动1/3
[  136.762] TLM t=  87.1 L1·A@-74 L2·A@-68 L3·A@-75 R1·A@-74 R2·A@-67 R3·A@-64 罐=无罐 泵=0 阀=111111 速=+0,+0,+0.00 电=8.01V/2.77A/峰3.17 补余=0.0 IO错=0 倾+0.0 自动1/3
[  136.893] EVT 原地抬起受理：L3
[  136.906] EVT 相位 L3 stance→handover
[  137.261] TLM t=  88.6 L1·A@-74 L2·A@-67 L3ZA@-75 R1·A@-74 R2·A@-67 R3·A@-63 罐=无罐 泵=0 阀=111111 速=+0,+0,+0.00 电=8.05V/2.60A/峰3.17 补余=0.0 IO错=0 倾+0.0 自动1/3
[  137.788] TLM t=  88.8 L1·A@-74 L2·A@-67 L3ZA@-75 R1·A@-74 R2·A@-66 R3·A@-62 罐=无罐 泵=0 阀=111111 速=+0,+0,+0.00 电=8.04V/2.60A/峰3.17 补余=0.0 IO错=0 倾+0.0 自动1/3
[  138.290] TLM t=  88.8 L1·A@-74 L2·A@-67 L3ZA@-75 R1·A@-74 R2·A@-66 R3·A@-62 罐=无罐 泵=0 阀=111111 速=+0,+0,+0.00 电=8.05V/2.93A/峰3.17 补余=0.0 IO错=0 倾+0.0 自动1/3
[  138.815] TLM t=  88.8 L1·A@-74 L2·A@-66 L3ZA@-75 R1·A@-74 R2·A@-66 R3·A@-61 罐=无罐 泵=0 阀=111111 速=+0,+0,+0.00 电=8.03V/3.01A/峰3.17 补余=0.0 IO错=0 倾+0.0 自动1/3
[  139.315] TLM t=  88.8 L1·A@-74 L2·A@-66 L3ZA@-75 R1·A@-74 R2·A@-65 R3·A@-61 罐=无罐 泵=0 阀=111111 速=+0,+0,+0.00 电=8.01V/3.09A/峰3.17 补余=0.0 IO错=0 倾+0.0 自动1/3
[  139.789] EVT 泵 开 最差盘压-59.9
[  139.801] EVT 吸附 L3 attached→venting 在态111.96s -74.5kPa
[  139.802] EVT 相位 L3 handover→vent 落点Δ(+0.0,+0.0)
[  139.827] EVT 阀 L3 →排气位
[  139.837] TLM t=  88.8 L1·A@-74 L2·A@-65 L3Vv@-74 R1·A@-74 R2·A@-65 R3·A@-60 罐=无罐 泵=1 阀=110111 速=+0,+0,+0.00 电=7.87V/3.58A/峰3.58 补余=0.0 IO错=0 倾+0.0 自动1/3
[  140.102] EVT 相位 L3 vent→lift
[  140.225] EVT 吸附 L3 venting→released 在态0.42s 0.1kPa
[  140.343] TLM t=  88.8 L1·A@-74 L2·A@-71 L3Lr@-- R1·A@-74 R2·A@-72 R3·A@-72 罐=无罐 泵=1 阀=110111 速=+0,+0,+0.00 电=7.95V/3.09A/峰3.58 补余=0.0 IO错=0 倾+0.0 自动1/3
[  140.677] EVT 泵 停 最差盘压-75.3
[  140.869] TLM t=  88.8 L1·A@-76 L2·A@-76 L3Lr@-- R1·A@-76 R2·A@-76 R3·A@-76 罐=无罐 泵=0 阀=110111 速=+0,+0,+0.00 电=7.97V/3.09A/峰3.58 补余=0.0 IO错=0 倾+0.0 自动1/3
[  140.950] EVT 相位 L3 lift→transfer
[  141.381] TLM t=  88.8 L1·A@-76 L2·A@-76 L3Tr@-- R1·A@-76 R2·A@-75 R3·A@-75 罐=无罐 泵=0 阀=110111 速=+0,+0,+0.00 电=8.01V/3.17A/峰3.58 补余=0.0 IO错=0 倾+0.0 自动1/3
[  141.580] EVT 相位 L3 transfer→hover
[  141.891] TLM t=  88.8 L1·A@-76 L2·A@-75 L3Hr@-- R1·A@-76 R2·A@-75 R3·A@-75 罐=无罐 泵=0 阀=110111 速=+0,+0,+0.00 电=8.00V/3.09A/峰3.58 补余=0.0 IO错=0 倾+0.0 自动1/3
[  142.406] TLM t=  88.8 L1·A@-76 L2·A@-75 L3Hr@-- R1·A@-75 R2·A@-75 R3·A@-74 罐=无罐 泵=0 阀=110111 速=+0,+0,+0.00 电=7.98V/3.26A/峰3.58 补余=0.0 IO错=0 倾+0.0 自动1/3
[  142.602] EVT 落地：L3
[  142.620] EVT 相位 L3 hover→descend
[  142.911] TLM t=  88.8 L1·A@-76 L2·A@-74 L3Dr@-- R1·A@-75 R2·A@-74 R3·A@-73 罐=无罐 泵=0 阀=110111 速=+0,+0,+0.00 电=8.00V/3.26A/峰3.58 补余=0.0 IO错=0 倾+0.0 自动1/3
[  143.101] EVT 相位 L3 descend→press
[  143.425] TLM t=  88.8 L1·A@-76 L2·A@-74 L3Pr@-- R1·A@-75 R2·A@-74 R3·A@-73 罐=无罐 泵=0 阀=110111 速=+0,+0,+0.00 电=8.01V/3.09A/峰3.58 补余=0.0 IO错=0 倾+0.0 自动1/3
[  143.936] TLM t=  88.8 L1·A@-76 L2·A@-73 L3Pr@-- R1·A@-75 R2·A@-73 R3·A@-72 罐=无罐 泵=0 阀=110111 速=+0,+0,+0.00 电=8.01V/3.17A/峰3.58 补余=0.0 IO错=0 倾+0.0 自动1/3
[  144.304] EVT 吸附 L3 released→pressing 在态4.06s 0.1kPa
[  144.305] EVT 相位 L3 press→wait
[  144.449] TLM t=  88.8 L1·A@-76 L2·A@-73 L3Wp@-- R1·A@-75 R2·A@-73 R3·A@-71 罐=无罐 泵=0 阀=110111 速=+0,+0,+0.00 电=7.99V/3.09A/峰3.58 补余=0.0 IO错=0 倾+0.0 自动1/3
[  144.620] EVT 吸附 L3 pressing→sucking 在态0.32s 0.1kPa
[  144.621] EVT 阀 L3 →抽气位
[  144.648] EVT 泵 开 最差盘压-71.1
[  144.921] EVT 吸附 L3 sucking→attached 在态0.30s -57.1kPa
[  144.921] EVT 相位 L3 wait→stance
[  144.921] EVT 抬落完成，轮到 R1
[  144.959] TLM t=  88.8 L1·A@-76 L2·A@-73 L3·A@-61 R1·A@-75 R2·A@-73 R3·A@-71 罐=无罐 泵=1 阀=111111 速=+0,+0,+0.00 电=7.97V/3.09A/峰3.58 补余=0.0 IO错=0 倾+0.0 自动1/3
[  145.461] TLM t=  89.3 L1·A@-75 L2·A@-75 L3·A@-75 R1·A@-75 R2·A@-75 R3·A@-75 罐=无罐 泵=1 阀=111111 速=+0,+0,+0.00 电=8.01V/3.17A/峰3.58 补余=0.0 IO错=0 倾+0.0 自动1/3
[  145.515] EVT 泵 停 最差盘压-75.0
[  145.989] TLM t=  89.8 L1·A@-76 L2·A@-76 L3·A@-76 R1·A@-75 R2·A@-75 R3·A@-75 罐=无罐 泵=0 阀=111111 速=+0,+0,+0.00 电=8.02V/2.93A/峰3.58 补余=0.0 IO错=0 倾+0.0 自动1/3
[  146.490] TLM t=  90.3 L1·A@-76 L2·A@-75 L3·A@-75 R1·A@-75 R2·A@-75 R3·A@-75 罐=无罐 泵=0 阀=111111 速=+0,+0,+0.00 电=7.99V/2.93A/峰3.58 补余=0.0 IO错=0 倾+0.0 自动1/3
[  147.013] TLM t=  90.9 L1·A@-76 L2·A@-75 L3·A@-75 R1·A@-75 R2·A@-74 R3·A@-74 罐=无罐 泵=0 阀=111111 速=+0,+0,+0.00 电=8.00V/3.17A/峰3.58 补余=0.0 IO错=0 倾+0.0 自动1/3
[  147.511] TLM t=  91.4 L1·A@-76 L2·A@-74 L3·A@-75 R1·A@-75 R2·A@-74 R3·A@-73 罐=无罐 泵=0 阀=111111 速=+0,+0,+0.00 电=8.02V/3.17A/峰3.58 补余=0.0 IO错=0 倾+0.0 自动1/3
[  148.036] TLM t=  91.9 L1·A@-75 L2·A@-74 L3·A@-75 R1·A@-75 R2·A@-74 R3·A@-73 罐=无罐 泵=0 阀=111111 速=+0,+0,+0.00 电=8.02V/3.34A/峰3.58 补余=0.0 IO错=0 倾+0.0 自动1/3
[  148.538] TLM t=  92.4 L1·A@-75 L2·A@-73 L3·A@-75 R1·A@-75 R2·A@-73 R3·A@-72 罐=无罐 泵=0 阀=111111 速=+0,+0,+0.00 电=7.99V/3.09A/峰3.58 补余=0.0 IO错=0 倾+0.0 自动1/3
[  149.063] TLM t=  92.9 L1·A@-75 L2·A@-73 L3·A@-75 R1·A@-75 R2·A@-73 R3·A@-71 罐=无罐 泵=0 阀=111111 速=+0,+0,+0.00 电=7.99V/3.17A/峰3.58 补余=0.0 IO错=0 倾+0.0 自动1/3
[  149.561] TLM t=  93.4 L1·A@-75 L2·A@-72 L3·A@-75 R1·A@-75 R2·A@-72 R3·A@-71 罐=无罐 泵=0 阀=111111 速=+0,+0,+0.00 电=8.00V/3.26A/峰3.58 补余=0.0 IO错=0 倾+0.0 自动1/3
[  150.085] TLM t=  93.9 L1·A@-75 L2·A@-72 L3·A@-75 R1·A@-74 R2·A@-72 R3·A@-70 罐=无罐 泵=0 阀=111111 速=+0,+0,+0.00 电=8.02V/3.26A/峰3.58 补余=0.0 IO错=0 倾+0.0 自动1/3
[  150.585] TLM t=  94.4 L1·A@-75 L2·A@-72 L3·A@-74 R1·A@-74 R2·A@-72 R3·A@-69 罐=无罐 泵=0 阀=111111 速=+0,+0,+0.00 电=8.01V/3.01A/峰3.58 补余=0.0 IO错=0 倾+0.0 自动1/3
[  151.109] TLM t=  94.9 L1·A@-75 L2·A@-71 L3·A@-74 R1·A@-74 R2·A@-71 R3·A@-69 罐=无罐 泵=0 阀=111111 速=+0,+0,+0.00 电=8.01V/3.09A/峰3.58 补余=0.0 IO错=0 倾+0.0 自动1/3
[  151.609] TLM t=  95.4 L1·A@-75 L2·A@-71 L3·A@-74 R1·A@-74 R2·A@-71 R3·A@-68 罐=无罐 泵=0 阀=111111 速=+0,+0,+0.00 电=8.02V/3.26A/峰3.58 补余=0.0 IO错=0 倾+0.0 自动1/3
[  152.132] TLM t=  96.0 L1·A@-75 L2·A@-70 L3·A@-74 R1·A@-74 R2·A@-71 R3·A@-67 罐=无罐 泵=0 阀=111111 速=+0,+0,+0.00 电=8.02V/3.09A/峰3.58 补余=0.0 IO错=0 倾+0.0 自动1/3
[  152.636] TLM t=  96.5 L1·A@-75 L2·A@-70 L3·A@-74 R1·A@-74 R2·A@-70 R3·A@-67 罐=无罐 泵=0 阀=111111 速=+0,+0,+0.00 电=8.02V/3.34A/峰3.58 补余=0.0 IO错=0 倾+0.0 自动1/3
[  153.135] TLM t=  97.0 L1·A@-75 L2·A@-69 L3·A@-74 R1·A@-74 R2·A@-70 R3·A@-66 罐=无罐 泵=0 阀=111111 速=+0,+0,+0.00 电=8.01V/3.09A/峰3.58 补余=0.0 IO错=0 倾+0.0 自动1/3
[  153.644] TLM t=  97.5 L1·A@-74 L2·A@-69 L3·A@-74 R1·A@-74 R2·A@-69 R3·A@-65 罐=无罐 泵=0 阀=111111 速=+0,+0,+0.00 电=8.01V/3.26A/峰3.58 补余=0.0 IO错=0 倾+0.0 自动1/3
[  154.146] TLM t=  98.0 L1·A@-74 L2·A@-69 L3·A@-74 R1·A@-74 R2·A@-69 R3·A@-65 罐=无罐 泵=0 阀=111111 速=+0,+0,+0.00 电=8.02V/3.01A/峰3.58 补余=0.0 IO错=0 倾+0.0 自动1/3
[  154.673] TLM t=  98.5 L1·A@-74 L2·A@-68 L3·A@-74 R1·A@-74 R2·A@-69 R3·A@-64 罐=无罐 泵=0 阀=111111 速=+0,+0,+0.00 电=7.97V/3.01A/峰3.58 补余=0.0 IO错=0 倾+0.0 自动1/3
[  154.939] EVT 原地抬起受理：R1
[  154.967] EVT 相位 R1 stance→handover
[  155.174] TLM t=  99.8 L1·A@-74 L2·A@-68 L3·A@-74 R1ZA@-74 R2·A@-68 R3·A@-63 罐=无罐 泵=0 阀=111111 速=+0,+0,+0.00 电=8.03V/2.69A/峰3.58 补余=0.0 IO错=0 倾+0.0 自动1/3
[  155.697] TLM t= 100.2 L1·A@-74 L2·A@-67 L3·A@-74 R1ZA@-74 R2·A@-68 R3·A@-63 罐=无罐 泵=0 阀=111111 速=+0,+0,+0.00 电=8.02V/2.28A/峰3.58 补余=0.0 IO错=0 倾+0.0 自动1/3
[  156.199] TLM t= 100.2 L1·A@-74 L2·A@-67 L3·A@-74 R1ZA@-74 R2·A@-67 R3·A@-62 罐=无罐 泵=0 阀=111111 速=+0,+0,+0.00 电=8.06V/2.04A/峰3.58 补余=0.0 IO错=0 倾+0.0 自动1/3
[  156.720] TLM t= 100.2 L1·A@-74 L2·A@-66 L3·A@-74 R1ZA@-74 R2·A@-67 R3·A@-62 罐=无罐 泵=0 阀=111111 速=+0,+0,+0.00 电=8.05V/1.95A/峰3.58 补余=0.0 IO错=0 倾+0.0 自动1/3
[  157.226] TLM t= 100.2 L1·A@-74 L2·A@-66 L3·A@-73 R1ZA@-73 R2·A@-67 R3·A@-61 罐=无罐 泵=0 阀=111111 速=+0,+0,+0.00 电=8.06V/2.12A/峰3.58 补余=0.0 IO错=0 倾+0.0 自动1/3
[  157.751] TLM t= 100.2 L1·A@-74 L2·A@-66 L3·A@-73 R1ZA@-73 R2·A@-66 R3·A@-61 罐=无罐 泵=0 阀=111111 速=+0,+0,+0.00 电=8.07V/2.04A/峰3.58 补余=0.0 IO错=0 倾+0.0 自动1/3
[  158.256] TLM t= 100.2 L1·A@-74 L2·A@-65 L3·A@-73 R1ZA@-73 R2·A@-66 R3·A@-60 罐=无罐 泵=0 阀=111111 速=+0,+0,+0.00 电=8.06V/2.20A/峰3.58 补余=0.0 IO错=0 倾+0.0 自动1/3
[  158.259] EVT 吸附 R1 attached→venting 在态128.44s -73.4kPa
[  158.260] EVT 相位 R1 handover→vent 落点Δ(+0.0,+0.0)
[  158.288] EVT 阀 R1 →排气位
[  158.305] EVT 泵 开 最差盘压-60.0
[  158.561] EVT 相位 R1 vent→lift
[  158.668] EVT 吸附 R1 venting→released 在态0.40s -0.1kPa
[  158.776] TLM t= 100.2 L1·A@-74 L2·A@-70 L3·A@-73 R1Lr@-- R2·A@-69 R3·A@-69 罐=无罐 泵=1 阀=111011 速=+0,+0,+0.00 电=7.98V/2.69A/峰3.58 补余=0.0 IO错=0 倾+0.0 自动1/3
[  159.148] EVT 泵 停 最差盘压-75.1
[  159.294] TLM t= 100.2 L1·A@-76 L2·A@-76 L3·A@-76 R1Lr@-- R2·A@-76 R3·A@-76 罐=无罐 泵=0 阀=111011 速=+0,+0,+0.00 电=8.01V/2.52A/峰3.58 补余=0.0 IO错=0 倾+0.0 自动1/3
[  159.403] EVT 相位 R1 lift→transfer
[  159.798] TLM t= 100.2 L1·A@-76 L2·A@-75 L3·A@-76 R1Tr@-- R2·A@-75 R3·A@-75 罐=无罐 泵=0 阀=111011 速=+0,+0,+0.00 电=8.04V/2.52A/峰3.58 补余=0.0 IO错=0 倾+0.0 自动1/3
[  160.032] EVT 相位 R1 transfer→hover
[  160.317] TLM t= 100.2 L1·A@-76 L2·A@-75 L3·A@-76 R1Hr@-- R2·A@-75 R3·A@-74 罐=无罐 泵=0 阀=111011 速=+0,+0,+0.00 电=8.03V/2.52A/峰3.58 补余=0.0 IO错=0 倾+0.0 自动1/3
[  160.822] TLM t= 100.2 L1·A@-75 L2·A@-74 L3·A@-75 R1Hr@-- R2·A@-74 R3·A@-74 罐=无罐 泵=0 阀=111011 速=+0,+0,+0.00 电=8.03V/2.44A/峰3.58 补余=0.0 IO错=0 倾+0.0 自动1/3
[  161.056] EVT 落地：R1
[  161.074] EVT 相位 R1 hover→descend
[  161.337] TLM t= 100.2 L1·A@-75 L2·A@-74 L3·A@-75 R1Dr@-- R2·A@-74 R3·A@-73 罐=无罐 泵=0 阀=111011 速=+0,+0,+0.00 电=8.02V/2.60A/峰3.58 补余=0.0 IO错=0 倾+0.0 自动1/3
[  161.555] EVT 相位 R1 descend→press
[  161.847] TLM t= 100.2 L1·A@-75 L2·A@-73 L3·A@-75 R1Pr@-- R2·A@-73 R3·A@-72 罐=无罐 泵=0 阀=111011 速=+0,+0,+0.00 电=8.01V/2.52A/峰3.58 补余=0.0 IO错=0 倾+0.0 自动1/3
[  162.347] TLM t= 100.2 L1·A@-75 L2·A@-73 L3·A@-75 R1Pr@-- R2·A@-73 R3·A@-71 罐=无罐 泵=0 阀=111011 速=+0,+0,+0.00 电=8.03V/2.44A/峰3.58 补余=0.0 IO错=0 倾+0.0 自动1/3
[  162.759] EVT 吸附 R1 released→pressing 在态4.08s -0.1kPa
[  162.760] EVT 相位 R1 press→wait
[  162.873] TLM t= 100.2 L1·A@-75 L2·A@-72 L3·A@-75 R1Wp@-- R2·A@-73 R3·A@-71 罐=无罐 泵=0 阀=111011 速=+0,+0,+0.00 电=8.04V/2.60A/峰3.58 补余=0.0 IO错=0 倾+0.0 自动1/3
[  163.067] EVT 吸附 R1 pressing→sucking 在态0.30s -0.1kPa
[  163.068] EVT 阀 R1 →抽气位
[  163.086] EVT 泵 开 最差盘压-70.5
[  163.377] TLM t= 100.2 L1·A@-75 L2·A@-72 L3·A@-75 R1Ws@-61 R2·A@-72 R3·A@-70 罐=无罐 泵=1 阀=111111 速=+0,+0,+0.00 电=8.01V/2.36A/峰3.58 补余=0.0 IO错=0 倾+0.0 自动1/3
[  163.411] EVT 吸附 R1 sucking→attached 在态0.34s -64.6kPa
[  163.412] EVT 相位 R1 wait→stance
[  163.412] EVT 抬落完成，轮到 L2
[  163.902] TLM t= 100.7 L1·A@-76 L2·A@-76 L3·A@-76 R1·A@-75 R2·A@-75 R3·A@-76 罐=无罐 泵=1 阀=111111 速=+0,+0,+0.00 电=8.01V/2.44A/峰3.58 补余=0.0 IO错=0 倾+0.0 自动1/3
[  163.930] EVT 泵 停 最差盘压-75.4
[  164.402] TLM t= 101.2 L1·A@-76 L2·A@-76 L3·A@-76 R1·A@-76 R2·A@-76 R3·A@-76 罐=无罐 泵=0 阀=111111 速=+0,+0,+0.00 电=8.05V/2.52A/峰3.58 补余=0.0 IO错=0 倾+0.0 自动1/3
[  164.928] TLM t= 101.7 L1·A@-76 L2·A@-76 L3·A@-76 R1·A@-76 R2·A@-75 R3·A@-75 罐=无罐 泵=0 阀=111111 速=+0,+0,+0.00 电=8.05V/2.69A/峰3.58 补余=0.0 IO错=0 倾+0.0 自动1/3
[  165.430] TLM t= 102.2 L1·A@-76 L2·A@-75 L3·A@-76 R1·A@-75 R2·A@-75 R3·A@-75 罐=无罐 泵=0 阀=111111 速=+0,+0,+0.00 电=8.02V/2.28A/峰3.58 补余=0.0 IO错=0 倾+0.0 自动1/3
[  165.951] TLM t= 102.7 L1·A@-76 L2·A@-75 L3·A@-76 R1·A@-75 R2·A@-75 R3·A@-74 罐=无罐 泵=0 阀=111111 速=+0,+0,+0.00 电=8.03V/2.36A/峰3.58 补余=0.0 IO错=0 倾+0.0 自动1/3
[  166.470] TLM t= 103.2 L1·A@-76 L2·A@-74 L3·A@-76 R1·A@-75 R2·A@-74 R3·A@-73 罐=无罐 泵=0 阀=111111 速=+0,+0,+0.00 电=8.03V/2.44A/峰3.58 补余=0.0 IO错=0 倾+0.0 自动1/3
[  166.977] TLM t= 103.7 L1·A@-76 L2·A@-74 L3·A@-76 R1·A@-75 R2·A@-74 R3·A@-73 罐=无罐 泵=0 阀=111111 速=+0,+0,+0.00 电=8.03V/2.36A/峰3.58 补余=0.0 IO错=0 倾+0.0 自动1/3
[  167.475] TLM t= 104.2 L1·A@-76 L2·A@-73 L3·A@-76 R1·A@-75 R2·A@-73 R3·A@-72 罐=无罐 泵=0 阀=111111 速=+0,+0,+0.00 电=8.02V/2.36A/峰3.58 补余=0.0 IO错=0 倾+0.0 自动1/3
[  168.005] TLM t= 104.8 L1·A@-76 L2·A@-73 L3·A@-76 R1·A@-75 R2·A@-73 R3·A@-71 罐=无罐 泵=0 阀=111111 速=+0,+0,+0.00 电=8.05V/2.36A/峰3.58 补余=0.0 IO错=0 倾+0.0 自动1/3
[  168.507] TLM t= 105.3 L1·A@-76 L2·A@-72 L3·A@-76 R1·A@-75 R2·A@-73 R3·A@-70 罐=无罐 泵=0 阀=111111 速=+0,+0,+0.00 电=8.02V/2.36A/峰3.58 补余=0.0 IO错=0 倾+0.0 自动1/3
[  169.028] TLM t= 105.8 L1·A@-76 L2·A@-72 L3·A@-76 R1·A@-75 R2·A@-72 R3·A@-70 罐=无罐 泵=0 阀=111111 速=+0,+0,+0.00 电=8.02V/2.44A/峰3.58 补余=0.0 IO错=0 倾+0.0 自动1/3
[  169.534] TLM t= 106.3 L1·A@-75 L2·A@-72 L3·A@-76 R1·A@-75 R2·A@-72 R3·A@-69 罐=无罐 泵=0 阀=111111 速=+0,+0,+0.00 电=8.04V/2.60A/峰3.58 补余=0.0 IO错=0 倾+0.0 自动1/3
[  170.053] TLM t= 106.8 L1·A@-75 L2·A@-71 L3·A@-76 R1·A@-75 R2·A@-71 R3·A@-68 罐=无罐 泵=0 阀=111111 速=+0,+0,+0.00 电=8.03V/2.36A/峰3.58 补余=0.0 IO错=0 倾+0.0 自动1/3
[  170.557] TLM t= 107.3 L1·A@-75 L2·A@-71 L3·A@-76 R1·A@-75 R2·A@-71 R3·A@-68 罐=无罐 泵=0 阀=111111 速=+0,+0,+0.00 电=8.04V/2.44A/峰3.58 补余=0.0 IO错=0 倾+0.0 自动1/3
[  171.079] TLM t= 107.8 L1·A@-75 L2·A@-70 L3·A@-76 R1·A@-75 R2·A@-71 R3·A@-67 罐=无罐 泵=0 阀=111111 速=+0,+0,+0.00 电=8.04V/2.36A/峰3.58 补余=0.0 IO错=0 倾+0.0 自动1/3
[  171.582] TLM t= 108.3 L1·A@-75 L2·A@-70 L3·A@-75 R1·A@-74 R2·A@-70 R3·A@-66 罐=无罐 泵=0 阀=111111 速=+0,+0,+0.00 电=8.02V/2.44A/峰3.58 补余=0.0 IO错=0 倾+0.0 自动1/3
[  172.105] TLM t= 108.8 L1·A@-75 L2·A@-69 L3·A@-75 R1·A@-74 R2·A@-70 R3·A@-66 罐=无罐 泵=0 阀=111111 速=+0,+0,+0.00 电=8.04V/2.36A/峰3.58 补余=0.0 IO错=0 倾+0.0 自动1/3
[  172.609] TLM t= 109.3 L1·A@-75 L2·A@-69 L3·A@-75 R1·A@-74 R2·A@-70 R3·A@-65 罐=无罐 泵=0 阀=111111 速=+0,+0,+0.00 电=8.02V/2.28A/峰3.58 补余=0.0 IO错=0 倾+0.0 自动1/3
[  173.130] TLM t= 109.9 L1·A@-75 L2·A@-69 L3·A@-75 R1·A@-74 R2·A@-69 R3·A@-65 罐=无罐 泵=0 阀=111111 速=+0,+0,+0.00 电=8.03V/2.44A/峰3.58 补余=0.0 IO错=0 倾+0.0 自动1/3
[  173.444] EVT 原地抬起受理：L2
[  173.456] EVT 相位 L2 stance→handover
[  173.636] TLM t= 111.2 L1·A@-75 L2ZA@-68 L3·A@-75 R1·A@-74 R2·A@-69 R3·A@-64 罐=无罐 泵=0 阀=111111 速=+0,+0,+0.00 电=8.03V/2.44A/峰3.58 补余=0.0 IO错=0 倾+0.0 自动1/3
[  174.157] TLM t= 111.6 L1·A@-75 L2ZA@-68 L3·A@-75 R1·A@-74 R2·A@-68 R3·A@-63 罐=无罐 泵=0 阀=111111 速=+0,+0,+0.00 电=8.04V/2.28A/峰3.58 补余=0.0 IO错=0 倾+0.0 自动1/3
[  174.662] TLM t= 111.6 L1·A@-75 L2ZA@-67 L3·A@-75 R1·A@-74 R2·A@-68 R3·A@-63 罐=无罐 泵=0 阀=111111 速=+0,+0,+0.00 电=8.04V/2.36A/峰3.58 补余=0.0 IO错=0 倾+0.0 自动1/3
[  175.184] TLM t= 111.6 L1·A@-75 L2ZA@-67 L3·A@-75 R1·A@-74 R2·A@-68 R3·A@-62 罐=无罐 泵=0 阀=111111 速=+0,+0,+0.00 电=8.02V/2.44A/峰3.58 补余=0.0 IO错=0 倾+0.0 自动1/3
[  175.690] TLM t= 111.6 L1·A@-74 L2ZA@-66 L3·A@-75 R1·A@-74 R2·A@-67 R3·A@-61 罐=无罐 泵=0 阀=111111 速=+0,+0,+0.00 电=8.04V/2.69A/峰3.58 补余=0.0 IO错=0 倾+0.0 自动1/3
[  175.859] EVT 吸附 L2 attached→venting 在态144.12s -66.1kPa
[  175.859] EVT 相位 L2 handover→vent 落点Δ(+0.0,+0.0)
[  175.872] EVT 阀 L2 →排气位
[  176.160] EVT 相位 L2 vent→lift
[  176.204] TLM t= 111.6 L1·A@-74 L2Lv@-66 L3·A@-75 R1·A@-74 R2·A@-67 R3·A@-61 罐=无罐 泵=0 阀=101111 速=+0,+0,+0.00 电=8.01V/2.60A/峰3.58 补余=0.0 IO错=0 倾+0.0 自动1/3
[  176.260] EVT 吸附 L2 venting→released 在态0.40s 0.4kPa
[  176.710] TLM t= 111.6 L1·A@-74 L2Lr@-- L3·A@-75 R1·A@-74 R2·A@-67 R3·A@-60 罐=无罐 泵=0 阀=101111 速=+0,+0,+0.00 电=8.00V/2.69A/峰3.58 补余=0.0 IO错=0 倾+0.0 自动1/3
[  176.882] EVT 泵 开 最差盘压-59.9
[  177.003] EVT 相位 L2 lift→transfer
[  177.231] TLM t= 111.6 L1·A@-74 L2Tr@-- L3·A@-75 R1·A@-74 R2·A@-66 R3·A@-65 罐=无罐 泵=1 阀=101111 速=+0,+0,+0.00 电=7.96V/2.44A/峰3.58 补余=0.0 IO错=0 倾+0.0 自动1/3
[  177.617] EVT 相位 L2 transfer→hover
[  177.725] EVT 泵 停 最差盘压-75.4
[  177.736] TLM t= 111.6 L1·A@-76 L2Hr@-- L3·A@-76 R1·A@-75 R2·A@-76 R3·A@-76 罐=无罐 泵=0 阀=101111 速=+0,+0,+0.00 电=8.01V/2.60A/峰3.58 补余=0.0 IO错=0 倾+0.0 自动1/3
[  178.254] TLM t= 111.6 L1·A@-76 L2Hr@-- L3·A@-76 R1·A@-76 R2·A@-76 R3·A@-76 罐=无罐 泵=0 阀=101111 速=+0,+0,+0.00 电=7.99V/2.69A/峰3.58 补余=0.0 IO错=0 倾+0.0 自动1/3
[  178.628] EVT 落地：L2
[  178.640] EVT 相位 L2 hover→descend
[  178.758] TLM t= 111.6 L1·A@-76 L2Dr@-- L3·A@-76 R1·A@-76 R2·A@-75 R3·A@-75 罐=无罐 泵=0 阀=101111 速=+0,+0,+0.00 电=8.00V/2.69A/峰3.58 补余=0.0 IO错=0 倾+0.0 自动1/3
[  179.122] EVT 相位 L2 descend→press
[  179.277] TLM t= 111.6 L1·A@-76 L2Pr@-- L3·A@-76 R1·A@-76 R2·A@-75 R3·A@-74 罐=无罐 泵=0 阀=101111 速=+0,+0,+0.00 电=8.00V/2.77A/峰3.58 补余=0.0 IO错=0 倾+0.0 自动1/3
[  179.781] TLM t= 111.6 L1·A@-76 L2Pr@-- L3·A@-76 R1·A@-76 R2·A@-74 R3·A@-74 罐=无罐 泵=0 阀=101111 速=+0,+0,+0.00 电=8.00V/2.69A/峰3.58 补余=0.0 IO错=0 倾+0.0 自动1/3
[  180.300] TLM t= 111.6 L1·A@-76 L2Pr@-- L3·A@-76 R1·A@-76 R2·A@-74 R3·A@-73 罐=无罐 泵=0 阀=101111 速=+0,+0,+0.00 电=7.99V/2.69A/峰3.58 补余=0.0 IO错=0 倾+0.0 自动1/3
[  180.335] EVT 吸附 L2 released→pressing 在态4.06s 0.4kPa
[  180.335] EVT 相位 L2 press→wait
[  180.636] EVT 吸附 L2 pressing→sucking 在态0.30s 0.4kPa
[  180.636] EVT 阀 L2 →抽气位
[  180.663] EVT 泵 开 最差盘压-72.6
[  180.811] TLM t= 111.6 L1·A@-76 L2Ws@-57 L3·A@-76 R1·A@-76 R2·A@-74 R3·A@-72 罐=无罐 泵=1 阀=111111 速=+0,+0,+0.00 电=8.00V/2.60A/峰3.58 补余=0.0 IO错=0 倾+0.0 自动1/3
[  180.916] EVT 吸附 L2 sucking→attached 在态0.28s -64.9kPa
[  180.924] EVT 相位 L2 wait→stance
[  180.924] EVT 抬落完成，轮到 R3
[  180.924] EVT 自动轮换：第 1 轮完成
[  181.333] TLM t= 112.0 L1·A@-76 L2·A@-76 L3·A@-76 R1·A@-76 R2·A@-75 R3·A@-75 罐=无罐 泵=1 阀=111111 速=+0,+0,+0.00 电=8.02V/2.52A/峰3.58 补余=0.0 IO错=0 倾+0.0 自动2/3
[  181.347] EVT 泵 停 最差盘压-75.5
[  181.837] TLM t= 112.5 L1·A@-76 L2·A@-76 L3·A@-76 R1·A@-76 R2·A@-75 R3·A@-76 罐=无罐 泵=0 阀=111111 速=+0,+0,+0.00 电=8.01V/2.77A/峰3.58 补余=0.0 IO错=0 倾+0.0 自动2/3
[  182.359] TLM t= 113.0 L1·A@-76 L2·A@-75 L3·A@-76 R1·A@-75 R2·A@-75 R3·A@-75 罐=无罐 泵=0 阀=111111 速=+0,+0,+0.00 电=8.01V/2.44A/峰3.58 补余=0.0 IO错=0 倾+0.0 自动2/3
[  182.863] TLM t= 113.5 L1·A@-76 L2·A@-74 L3·A@-76 R1·A@-75 R2·A@-75 R3·A@-74 罐=无罐 泵=0 阀=111111 速=+0,+0,+0.00 电=8.02V/2.44A/峰3.58 补余=0.0 IO错=0 倾+0.0 自动2/3
[  183.385] TLM t= 114.0 L1·A@-76 L2·A@-74 L3·A@-76 R1·A@-75 R2·A@-74 R3·A@-74 罐=无罐 泵=0 阀=111111 速=+0,+0,+0.00 电=8.02V/2.52A/峰3.58 补余=0.0 IO错=0 倾+0.0 自动2/3
[  183.887] TLM t= 114.5 L1·A@-76 L2·A@-73 L3·A@-76 R1·A@-75 R2·A@-74 R3·A@-73 罐=无罐 泵=0 阀=111111 速=+0,+0,+0.00 电=8.02V/2.52A/峰3.58 补余=0.0 IO错=0 倾+0.0 自动2/3
[  184.412] TLM t= 115.1 L1·A@-76 L2·A@-73 L3·A@-76 R1·A@-75 R2·A@-73 R3·A@-72 罐=无罐 泵=0 阀=111111 速=+0,+0,+0.00 电=8.03V/2.52A/峰3.58 补余=0.0 IO错=0 倾+0.0 自动2/3
[  184.916] TLM t= 115.6 L1·A@-76 L2·A@-72 L3·A@-76 R1·A@-75 R2·A@-73 R3·A@-71 罐=无罐 泵=0 阀=111111 速=+0,+0,+0.00 电=8.02V/2.69A/峰3.58 补余=0.0 IO错=0 倾+0.0 自动2/3
[  185.435] TLM t= 116.1 L1·A@-75 L2·A@-72 L3·A@-75 R1·A@-75 R2·A@-73 R3·A@-71 罐=无罐 泵=0 阀=111111 速=+0,+0,+0.00 电=8.03V/2.36A/峰3.58 补余=0.0 IO错=0 倾+0.0 自动2/3
[  185.943] TLM t= 116.6 L1·A@-75 L2·A@-71 L3·A@-75 R1·A@-75 R2·A@-72 R3·A@-70 罐=无罐 泵=0 阀=111111 速=+0,+0,+0.00 电=8.02V/2.60A/峰3.58 补余=0.0 IO错=0 倾+0.0 自动2/3
[  186.462] TLM t= 117.1 L1·A@-75 L2·A@-71 L3·A@-75 R1·A@-75 R2·A@-72 R3·A@-69 罐=无罐 泵=0 阀=111111 速=+0,+0,+0.00 电=8.04V/2.60A/峰3.58 补余=0.0 IO错=0 倾+0.0 自动2/3
[  186.964] TLM t= 117.6 L1·A@-75 L2·A@-71 L3·A@-75 R1·A@-75 R2·A@-72 R3·A@-69 罐=无罐 泵=0 阀=111111 速=+0,+0,+0.00 电=8.01V/2.44A/峰3.58 补余=0.0 IO错=0 倾+0.0 自动2/3
[  187.487] TLM t= 118.1 L1·A@-75 L2·A@-70 L3·A@-75 R1·A@-75 R2·A@-71 R3·A@-68 罐=无罐 泵=0 阀=111111 速=+0,+0,+0.00 电=8.03V/2.52A/峰3.58 补余=0.0 IO错=0 倾+0.0 自动2/3
[  187.988] TLM t= 118.6 L1·A@-75 L2·A@-70 L3·A@-75 R1·A@-75 R2·A@-71 R3·A@-67 罐=无罐 泵=0 阀=111111 速=+0,+0,+0.00 电=8.02V/2.77A/峰3.58 补余=0.0 IO错=0 倾+0.0 自动2/3
[  188.514] TLM t= 119.1 L1·A@-75 L2·A@-69 L3·A@-75 R1·A@-75 R2·A@-70 R3·A@-67 罐=无罐 泵=0 阀=111111 速=+0,+0,+0.00 电=8.02V/2.44A/峰3.58 补余=0.0 IO错=0 倾+0.0 自动2/3
[  189.021] TLM t= 119.6 L1·A@-75 L2·A@-69 L3·A@-75 R1·A@-75 R2·A@-70 R3·A@-66 罐=无罐 泵=0 阀=111111 速=+0,+0,+0.00 电=8.04V/2.44A/峰3.58 补余=0.0 IO错=0 倾+0.0 自动2/3
[  189.538] TLM t= 120.2 L1·A@-75 L2·A@-68 L3·A@-75 R1·A@-75 R2·A@-70 R3·A@-65 罐=无罐 泵=0 阀=111111 速=+0,+0,+0.00 电=8.01V/2.69A/峰3.58 补余=0.0 IO错=0 倾+0.0 自动2/3
[  190.044] TLM t= 120.7 L1·A@-75 L2·A@-68 L3·A@-75 R1·A@-75 R2·A@-69 R3·A@-65 罐=无罐 泵=0 阀=111111 速=+0,+0,+0.00 电=8.02V/2.44A/峰3.58 补余=0.0 IO错=0 倾+0.0 自动2/3
[  190.562] TLM t= 121.2 L1·A@-75 L2·A@-67 L3·A@-75 R1·A@-75 R2·A@-69 R3·A@-64 罐=无罐 泵=0 阀=111111 速=+0,+0,+0.00 电=8.02V/2.60A/峰3.58 补余=0.0 IO错=0 倾+0.0 自动2/3
[  191.068] TLM t= 121.7 L1·A@-74 L2·A@-67 L3·A@-75 R1·A@-75 R2·A@-69 R3·A@-64 罐=无罐 泵=0 阀=111111 速=+0,+0,+0.00 电=8.01V/2.60A/峰3.58 补余=0.0 IO错=0 倾+0.0 自动2/3
[  191.592] TLM t= 122.2 L1·A@-74 L2·A@-67 L3·A@-75 R1·A@-75 R2·A@-68 R3·A@-63 罐=无罐 泵=0 阀=111111 速=+0,+0,+0.00 电=8.00V/2.85A/峰3.58 补余=0.0 IO错=0 倾+0.0 自动2/3
[  192.095] TLM t= 122.7 L1·A@-74 L2·A@-66 L3·A@-75 R1·A@-75 R2·A@-68 R3·A@-62 罐=无罐 泵=0 阀=111111 速=+0,+0,+0.00 电=8.04V/2.44A/峰3.58 补余=0.0 IO错=0 倾+0.0 自动2/3
[  192.618] TLM t= 123.2 L1·A@-74 L2·A@-66 L3·A@-75 R1·A@-75 R2·A@-68 R3·A@-62 罐=无罐 泵=0 阀=111111 速=+0,+0,+0.00 电=8.02V/2.44A/峰3.58 补余=0.0 IO错=0 倾+0.0 自动2/3
[  193.119] TLM t= 123.7 L1·A@-74 L2·A@-65 L3·A@-75 R1·A@-75 R2·A@-67 R3·A@-61 罐=无罐 泵=0 阀=111111 速=+0,+0,+0.00 电=8.02V/2.60A/峰3.58 补余=0.0 IO错=0 倾+0.0 自动2/3
[  193.644] TLM t= 124.2 L1·A@-74 L2·A@-65 L3·A@-75 R1·A@-75 R2·A@-67 R3·A@-61 罐=无罐 泵=0 阀=111111 速=+0,+0,+0.00 电=8.03V/2.60A/峰3.58 补余=0.0 IO错=0 倾+0.0 自动2/3
[  194.139] EVT 泵 开 最差盘压-59.9
[  194.148] TLM t= 124.7 L1·A@-74 L2·A@-64 L3·A@-75 R1·A@-75 R2·A@-66 R3·A@-60 罐=无罐 泵=1 阀=111111 速=+0,+0,+0.00 电=7.86V/2.44A/峰3.58 补余=0.0 IO错=0 倾+0.0 自动2/3
[  194.669] TLM t= 125.3 L1·A@-74 L2·A@-71 L3·A@-74 R1·A@-74 R2·A@-70 R3·A@-70 罐=无罐 泵=1 阀=111111 速=+0,+0,+0.00 电=7.95V/2.52A/峰3.58 补余=0.0 IO错=0 倾+0.0 自动2/3
[  195.043] EVT 泵 停 最差盘压-75.4
[  195.171] TLM t= 125.8 L1·A@-76 L2·A@-77 L3·A@-76 R1·A@-76 R2·A@-76 R3·A@-76 罐=无罐 泵=0 阀=111111 速=+0,+0,+0.00 电=8.01V/2.69A/峰3.58 补余=0.0 IO错=0 倾+0.0 自动2/3
[  195.694] TLM t= 126.3 L1·A@-76 L2·A@-76 L3·A@-76 R1·A@-76 R2·A@-76 R3·A@-76 罐=无罐 泵=0 阀=111111 速=+0,+0,+0.00 电=8.01V/2.52A/峰3.58 补余=0.0 IO错=0 倾+0.0 自动2/3
[  195.930] EVT 自动轮换：第 2 轮开始
[  195.950] EVT 原地抬起受理：R3
[  195.962] EVT 相位 R3 stance→handover
[  196.199] TLM t= 129.8 L1·A@-76 L2·A@-76 L3·A@-76 R1·A@-76 R2·A@-75 R3ZA@-75 罐=无罐 泵=0 阀=111111 速=+0,+0,+0.00 电=8.02V/2.44A/峰3.58 补余=0.0 IO错=0 倾+0.0 自动2/3
[  196.723] TLM t= 130.2 L1·A@-76 L2·A@-75 L3·A@-76 R1·A@-76 R2·A@-75 R3ZA@-74 罐=无罐 泵=0 阀=111111 速=+0,+0,+0.00 电=8.04V/2.20A/峰3.58 补余=0.0 IO错=0 倾+0.0 自动2/3
[  197.226] TLM t= 130.2 L1·A@-76 L2·A@-75 L3·A@-76 R1·A@-76 R2·A@-74 R3ZA@-74 罐=无罐 泵=0 阀=111111 速=+0,+0,+0.00 电=8.03V/2.36A/峰3.58 补余=0.0 IO错=0 倾+0.0 自动2/3
[  197.750] TLM t= 130.2 L1·A@-76 L2·A@-74 L3·A@-76 R1·A@-76 R2·A@-74 R3ZA@-73 罐=无罐 泵=0 阀=111111 速=+0,+0,+0.00 电=8.01V/2.69A/峰3.58 补余=0.0 IO错=0 倾+0.0 自动2/3
[  198.164] EVT 吸附 R3 attached→venting 在态106.28s -72.3kPa
[  198.165] EVT 相位 R3 handover→vent 落点Δ(+0.0,+0.0)
[  198.182] EVT 阀 R3 →排气位
[  198.250] TLM t= 130.2 L1·A@-76 L2·A@-74 L3·A@-76 R1·A@-76 R2·A@-74 R3Vv@-72 罐=无罐 泵=0 阀=111110 速=+0,+0,+0.00 电=8.01V/2.44A/峰3.58 补余=0.0 IO错=0 倾+0.0 自动2/3
[  198.465] EVT 相位 R3 vent→lift
[  198.560] EVT 吸附 R3 venting→released 在态0.40s 0.3kPa
[  198.772] TLM t= 130.2 L1·A@-76 L2·A@-73 L3·A@-76 R1·A@-76 R2·A@-73 R3Lr@-- 罐=无罐 泵=0 阀=111110 速=+0,+0,+0.00 电=8.03V/2.52A/峰3.58 补余=0.0 IO错=0 倾+0.0 自动2/3
[  199.288] TLM t= 130.2 L1·A@-76 L2·A@-73 L3·A@-76 R1·A@-76 R2·A@-73 R3Lr@-- 罐=无罐 泵=0 阀=111110 速=+0,+0,+0.00 电=8.03V/2.28A/峰3.58 补余=0.0 IO错=0 倾+0.0 自动2/3
[  199.308] EVT 相位 R3 lift→transfer
[  199.797] TLM t= 130.2 L1·A@-76 L2·A@-72 L3·A@-76 R1·A@-76 R2·A@-72 R3Tr@-- 罐=无罐 泵=0 阀=111110 速=+0,+0,+0.00 电=8.02V/2.60A/峰3.58 补余=0.0 IO错=0 倾+0.0 自动2/3
[  199.928] EVT 相位 R3 transfer→hover
[  200.296] TLM t= 130.2 L1·A@-75 L2·A@-72 L3·A@-76 R1·A@-75 R2·A@-72 R3Hr@-- 罐=无罐 泵=0 阀=111110 速=+0,+0,+0.00 电=8.00V/2.52A/峰3.58 补余=0.0 IO错=0 倾+0.0 自动2/3
[  200.821] TLM t= 130.2 L1·A@-75 L2·A@-71 L3·A@-76 R1·A@-75 R2·A@-72 R3Hr@-- 罐=无罐 泵=0 阀=111110 速=+0,+0,+0.00 电=8.00V/2.52A/峰3.58 补余=0.0 IO错=0 倾+0.0 自动2/3
[  200.937] EVT 落地：R3
[  200.955] EVT 相位 R3 hover→descend
[  201.324] TLM t= 130.2 L1·A@-75 L2·A@-71 L3·A@-76 R1·A@-75 R2·A@-71 R3Dr@-- 罐=无罐 泵=0 阀=111110 速=+0,+0,+0.00 电=7.97V/2.52A/峰3.58 补余=0.0 IO错=0 倾+0.0 自动2/3
[  201.436] EVT 相位 R3 descend→press
[  201.847] TLM t= 130.2 L1·A@-75 L2·A@-70 L3·A@-76 R1·A@-75 R2·A@-71 R3Pr@-- 罐=无罐 泵=0 阀=111110 速=+0,+0,+0.00 电=8.01V/2.28A/峰3.58 补余=0.0 IO错=0 倾+0.0 自动2/3
[  202.364] TLM t= 130.2 L1·A@-75 L2·A@-70 L3·A@-76 R1·A@-75 R2·A@-70 R3Pr@-- 罐=无罐 泵=0 阀=111110 速=+0,+0,+0.00 电=8.02V/2.44A/峰3.58 补余=0.0 IO错=0 倾+0.0 自动2/3
[  202.639] EVT 吸附 R3 released→pressing 在态4.06s 0.3kPa
[  202.640] EVT 相位 R3 press→wait
[  202.873] TLM t= 130.2 L1·A@-75 L2·A@-70 L3·A@-75 R1·A@-75 R2·A@-70 R3Wp@-- 罐=无罐 泵=0 阀=111110 速=+0,+0,+0.00 电=8.00V/2.52A/峰3.58 补余=0.0 IO错=0 倾+0.0 自动2/3
[  202.943] EVT 吸附 R3 pressing→sucking 在态0.30s 0.3kPa
[  202.943] EVT 阀 R3 →抽气位
[  202.961] EVT 泵 开 最差盘压-69.5
[  203.287] EVT 吸附 R3 sucking→attached 在态0.34s -62.5kPa
[  203.287] EVT 相位 R3 wait→stance
[  203.287] EVT 抬落完成，轮到 L1
[  203.374] TLM t= 130.3 L1·A@-75 L2·A@-69 L3·A@-75 R1·A@-75 R2·A@-70 R3·A@-65 罐=无罐 泵=1 阀=111111 速=+0,+0,+0.00 电=7.98V/2.44A/峰3.58 补余=0.0 IO错=0 倾+0.0 自动2/3
[  203.786] EVT 泵 停 最差盘压-75.0
[  203.899] TLM t= 130.8 L1·A@-76 L2·A@-76 L3·A@-76 R1·A@-75 R2·A@-76 R3·A@-76 罐=无罐 泵=0 阀=111111 速=+0,+0,+0.00 电=8.02V/2.60A/峰3.58 补余=0.0 IO错=0 倾+0.0 自动2/3
[  204.397] TLM t= 131.3 L1·A@-76 L2·A@-76 L3·A@-76 R1·A@-75 R2·A@-75 R3·A@-75 罐=无罐 泵=0 阀=111111 速=+0,+0,+0.00 电=8.02V/2.52A/峰3.58 补余=0.0 IO错=0 倾+0.0 自动2/3
[  204.922] TLM t= 131.8 L1·A@-76 L2·A@-75 L3·A@-76 R1·A@-75 R2·A@-75 R3·A@-74 罐=无罐 泵=0 阀=111111 速=+0,+0,+0.00 电=8.02V/2.52A/峰3.58 补余=0.0 IO错=0 倾+0.0 自动2/3
[  205.443] TLM t= 132.3 L1·A@-76 L2·A@-75 L3·A@-76 R1·A@-75 R2·A@-74 R3·A@-73 罐=无罐 泵=0 阀=111111 速=+0,+0,+0.00 电=8.02V/2.52A/峰3.58 补余=0.0 IO错=0 倾+0.0 自动2/3
[  205.948] TLM t= 132.8 L1·A@-76 L2·A@-74 L3·A@-76 R1·A@-75 R2·A@-74 R3·A@-73 罐=无罐 泵=0 阀=111111 速=+0,+0,+0.00 电=8.00V/2.52A/峰3.58 补余=0.0 IO错=0 倾+0.0 自动2/3
[  206.449] TLM t= 133.3 L1·A@-75 L2·A@-74 L3·A@-76 R1·A@-75 R2·A@-73 R3·A@-72 罐=无罐 泵=0 阀=111111 速=+0,+0,+0.00 电=8.02V/2.44A/峰3.58 补余=0.0 IO错=0 倾+0.0 自动2/3
[  206.979] TLM t= 133.9 L1·A@-75 L2·A@-73 L3·A@-76 R1·A@-75 R2·A@-73 R3·A@-71 罐=无罐 泵=0 阀=111111 速=+0,+0,+0.00 电=8.00V/2.52A/峰3.58 补余=0.0 IO错=0 倾+0.0 自动2/3
[  207.493] TLM t= 134.4 L1·A@-75 L2·A@-73 L3·A@-75 R1·A@-75 R2·A@-73 R3·A@-71 罐=无罐 泵=0 阀=111111 速=+0,+0,+0.00 电=8.01V/2.60A/峰3.58 补余=0.0 IO错=0 倾+0.0 自动2/3
[  207.995] TLM t= 134.9 L1·A@-75 L2·A@-72 L3·A@-75 R1·A@-75 R2·A@-72 R3·A@-70 罐=无罐 泵=0 阀=111111 速=+0,+0,+0.00 电=8.01V/2.52A/峰3.58 补余=0.0 IO错=0 倾+0.0 自动2/3
[  208.519] TLM t= 135.4 L1·A@-75 L2·A@-72 L3·A@-75 R1·A@-75 R2·A@-72 R3·A@-69 罐=无罐 泵=0 阀=111111 速=+0,+0,+0.00 电=8.00V/2.60A/峰3.58 补余=0.0 IO错=0 倾+0.0 自动2/3
[  209.017] TLM t= 135.9 L1·A@-75 L2·A@-71 L3·A@-75 R1·A@-75 R2·A@-72 R3·A@-69 罐=无罐 泵=0 阀=111111 速=+0,+0,+0.00 电=8.02V/2.60A/峰3.58 补余=0.0 IO错=0 倾+0.0 自动2/3
[  209.541] TLM t= 136.4 L1·A@-75 L2·A@-71 L3·A@-75 R1·A@-75 R2·A@-71 R3·A@-68 罐=无罐 泵=0 阀=111111 速=+0,+0,+0.00 电=8.00V/2.60A/峰3.58 补余=0.0 IO错=0 倾+0.0 自动2/3
[  210.045] TLM t= 136.9 L1·A@-75 L2·A@-70 L3·A@-75 R1·A@-75 R2·A@-71 R3·A@-67 罐=无罐 泵=0 阀=111111 速=+0,+0,+0.00 电=8.01V/2.52A/峰3.58 补余=0.0 IO错=0 倾+0.0 自动2/3
[  210.567] TLM t= 137.4 L1·A@-75 L2·A@-70 L3·A@-75 R1·A@-75 R2·A@-70 R3·A@-66 罐=无罐 泵=0 阀=111111 速=+0,+0,+0.00 电=8.01V/2.69A/峰3.58 补余=0.0 IO错=0 倾+0.0 自动2/3
[  211.070] TLM t= 137.9 L1·A@-75 L2·A@-70 L3·A@-75 R1·A@-75 R2·A@-70 R3·A@-66 罐=无罐 泵=0 阀=111111 速=+0,+0,+0.00 电=8.00V/2.52A/峰3.58 补余=0.0 IO错=0 倾+0.0 自动2/3
[  211.595] TLM t= 138.4 L1·A@-75 L2·A@-69 L3·A@-75 R1·A@-75 R2·A@-70 R3·A@-65 罐=无罐 泵=0 阀=111111 速=+0,+0,+0.00 电=8.00V/2.60A/峰3.58 补余=0.0 IO错=0 倾+0.0 自动2/3
[  212.096] TLM t= 138.9 L1·A@-75 L2·A@-69 L3·A@-75 R1·A@-75 R2·A@-69 R3·A@-65 罐=无罐 泵=0 阀=111111 速=+0,+0,+0.00 电=8.02V/2.60A/峰3.58 补余=0.0 IO错=0 倾+0.0 自动2/3
[  212.625] TLM t= 139.5 L1·A@-74 L2·A@-68 L3·A@-75 R1·A@-75 R2·A@-69 R3·A@-64 罐=无罐 泵=0 阀=111111 速=+0,+0,+0.00 电=8.01V/2.60A/峰3.58 补余=0.0 IO错=0 倾+0.0 自动2/3
[  213.128] TLM t= 140.0 L1·A@-74 L2·A@-68 L3·A@-75 R1·A@-75 R2·A@-69 R3·A@-63 罐=无罐 泵=0 阀=111111 速=+0,+0,+0.00 电=8.01V/2.69A/峰3.58 补余=0.0 IO错=0 倾+0.0 自动2/3
[  213.314] EVT 原地抬起受理：L1
[  213.342] EVT 相位 L1 stance→handover
[  213.623] TLM t= 141.3 L1ZA@-74 L2·A@-67 L3·A@-75 R1·A@-74 R2·A@-68 R3·A@-63 罐=无罐 泵=0 阀=111111 速=+0,+0,+0.00 电=8.04V/2.44A/峰3.58 补余=0.0 IO错=0 倾+0.0 自动2/3
[  214.132] TLM t= 141.6 L1ZA@-74 L2·A@-67 L3·A@-75 R1·A@-74 R2·A@-68 R3·A@-62 罐=无罐 泵=0 阀=111111 速=+0,+0,+0.00 电=8.05V/1.87A/峰3.58 补余=0.0 IO错=0 倾+0.0 自动2/3
[  214.633] TLM t= 141.6 L1ZA@-74 L2·A@-67 L3·A@-75 R1·A@-74 R2·A@-68 R3·A@-61 罐=无罐 泵=0 阀=111111 速=+0,+0,+0.00 电=8.05V/1.87A/峰3.58 补余=0.0 IO错=0 倾+0.0 自动2/3
[  215.156] TLM t= 141.6 L1ZA@-74 L2·A@-66 L3·A@-75 R1·A@-74 R2·A@-67 R3·A@-61 罐=无罐 泵=0 阀=111111 速=+0,+0,+0.00 电=8.05V/2.04A/峰3.58 补余=0.0 IO错=0 倾+0.0 自动2/3
[  215.659] TLM t= 141.6 L1ZA@-74 L2·A@-66 L3·A@-75 R1·A@-74 R2·A@-67 R3·A@-60 罐=无罐 泵=0 阀=111111 速=+0,+0,+0.00 电=8.02V/2.28A/峰3.58 补余=0.0 IO错=0 倾+0.0 自动2/3
[  215.811] EVT 泵 开 最差盘压-60.0
[  216.186] TLM t= 141.6 L1ZA@-74 L2·A@-67 L3·A@-75 R1·A@-74 R2·A@-68 R3·A@-68 罐=无罐 泵=1 阀=111111 速=+0,+0,+0.00 电=7.93V/2.52A/峰3.58 补余=0.0 IO错=0 倾+0.0 自动2/3
[  216.439] EVT 吸附 L1 attached→venting 在态106.14s -73.8kPa
[  216.440] EVT 相位 L1 handover→vent 落点Δ(+0.0,+0.0)
[  216.453] EVT 阀 L1 →排气位
[  216.661] EVT 泵 停 最差盘压-75.1
[  216.685] TLM t= 141.6 L1Vv@-74 L2·A@-76 L3·A@-76 R1·A@-75 R2·A@-76 R3·A@-76 罐=无罐 泵=0 阀=011111 速=+0,+0,+0.00 电=8.00V/2.93A/峰3.58 补余=0.0 IO错=0 倾+0.0 自动2/3
[  216.738] EVT 相位 L1 vent→lift
[  216.860] EVT 吸附 L1 venting→released 在态0.42s 0.1kPa
[  217.212] TLM t= 141.6 L1Lr@-- L2·A@-76 L3·A@-76 R1·A@-76 R2·A@-75 R3·A@-76 罐=无罐 泵=0 阀=011111 速=+0,+0,+0.00 电=8.00V/2.85A/峰3.58 补余=0.0 IO错=0 倾+0.0 自动2/3
[  217.584] EVT 相位 L1 lift→transfer
[  217.712] TLM t= 141.6 L1Tr@-- L2·A@-75 L3·A@-76 R1·A@-76 R2·A@-75 R3·A@-75 罐=无罐 泵=0 阀=011111 速=+0,+0,+0.00 电=7.97V/3.01A/峰3.58 补余=0.0 IO错=0 倾+0.0 自动2/3
[  218.200] EVT 相位 L1 transfer→hover
[  218.236] TLM t= 141.6 L1Hr@-- L2·A@-75 L3·A@-76 R1·A@-75 R2·A@-75 R3·A@-74 罐=无罐 泵=0 阀=011111 速=+0,+0,+0.00 电=7.95V/3.01A/峰3.58 补余=0.0 IO错=0 倾+0.0 自动2/3
[  218.738] TLM t= 141.6 L1Hr@-- L2·A@-74 L3·A@-76 R1·A@-75 R2·A@-74 R3·A@-73 罐=无罐 泵=0 阀=011111 速=+0,+0,+0.00 电=8.00V/2.60A/峰3.58 补余=0.0 IO错=0 倾+0.0 自动2/3
[  219.212] EVT 落地：L1
[  219.227] EVT 相位 L1 hover→descend
[  219.262] TLM t= 141.6 L1Dr@-- L2·A@-74 L3·A@-76 R1·A@-75 R2·A@-74 R3·A@-73 罐=无罐 泵=0 阀=011111 速=+0,+0,+0.00 电=8.00V/2.93A/峰3.58 补余=0.0 IO错=0 倾+0.0 自动2/3
[  219.709] EVT 相位 L1 descend→press
[  219.760] TLM t= 141.6 L1Pr@-- L2·A@-73 L3·A@-76 R1·A@-75 R2·A@-73 R3·A@-72 罐=无罐 泵=0 阀=011111 速=+0,+0,+0.00 电=8.00V/2.60A/峰3.58 补余=0.0 IO错=0 倾+0.0 自动2/3
[  220.288] TLM t= 141.6 L1Pr@-- L2·A@-73 L3·A@-76 R1·A@-75 R2·A@-73 R3·A@-71 罐=无罐 泵=0 阀=011111 速=+0,+0,+0.00 电=7.96V/2.77A/峰3.58 补余=0.0 IO错=0 倾+0.0 自动2/3
[  220.787] TLM t= 141.6 L1Pr@-- L2·A@-73 L3·A@-76 R1·A@-75 R2·A@-73 R3·A@-71 罐=无罐 泵=0 阀=011111 速=+0,+0,+0.00 电=8.01V/2.77A/峰3.58 补余=0.0 IO错=0 倾+0.0 自动2/3
[  220.915] EVT 吸附 L1 released→pressing 在态4.04s 0.1kPa
[  220.915] EVT 相位 L1 press→wait
[  221.216] EVT 吸附 L1 pressing→sucking 在态0.30s 0.1kPa
[  221.216] EVT 阀 L1 →抽气位
[  221.244] EVT 泵 开 最差盘压-70.1
[  221.311] TLM t= 141.6 L1Ws@-13 L2·A@-72 L3·A@-75 R1·A@-75 R2·A@-72 R3·A@-70 罐=无罐 泵=1 阀=111111 速=+0,+0,+0.00 电=7.99V/2.60A/峰3.58 补余=0.0 IO错=0 倾+0.0 自动2/3
[  221.617] EVT 吸附 L1 sucking→attached 在态0.40s -65.1kPa
[  221.625] EVT 相位 L1 wait→stance
[  221.625] EVT 抬落完成，轮到 R2
[  221.818] TLM t= 141.8 L1·A@-71 L2·A@-72 L3·A@-75 R1·A@-75 R2·A@-72 R3·A@-72 罐=无罐 泵=1 阀=111111 速=+0,+0,+0.00 电=7.98V/2.44A/峰3.58 补余=0.0 IO错=0 倾+0.0 自动2/3
[  222.087] EVT 泵 停 最差盘压-75.1
[  222.335] TLM t= 142.3 L1·A@-76 L2·A@-76 L3·A@-76 R1·A@-75 R2·A@-76 R3·A@-76 罐=无罐 泵=0 阀=111111 速=+0,+0,+0.00 电=8.01V/2.60A/峰3.58 补余=0.0 IO错=0 倾+0.0 自动2/3
[  222.843] TLM t= 142.8 L1·A@-76 L2·A@-76 L3·A@-76 R1·A@-75 R2·A@-75 R3·A@-75 罐=无罐 泵=0 阀=111111 速=+0,+0,+0.00 电=8.01V/2.60A/峰3.58 补余=0.0 IO错=0 倾+0.0 自动2/3
[  223.365] TLM t= 143.3 L1·A@-75 L2·A@-75 L3·A@-76 R1·A@-75 R2·A@-75 R3·A@-74 罐=无罐 泵=0 阀=111111 速=+0,+0,+0.00 电=8.01V/2.69A/峰3.58 补余=0.0 IO错=0 倾+0.0 自动2/3
[  223.870] TLM t= 143.8 L1·A@-75 L2·A@-75 L3·A@-76 R1·A@-75 R2·A@-74 R3·A@-74 罐=无罐 泵=0 阀=111111 速=+0,+0,+0.00 电=8.01V/2.60A/峰3.58 补余=0.0 IO错=0 倾+0.0 自动2/3
[  224.388] TLM t= 144.3 L1·A@-75 L2·A@-74 L3·A@-76 R1·A@-75 R2·A@-74 R3·A@-73 罐=无罐 泵=0 阀=111111 速=+0,+0,+0.00 电=7.98V/2.44A/峰3.58 补余=0.0 IO错=0 倾+0.0 自动2/3
[  224.893] TLM t= 144.8 L1·A@-75 L2·A@-74 L3·A@-76 R1·A@-75 R2·A@-74 R3·A@-72 罐=无罐 泵=0 阀=111111 速=+0,+0,+0.00 电=8.00V/2.69A/峰3.58 补余=0.0 IO错=0 倾+0.0 自动2/3
[  225.414] TLM t= 145.4 L1·A@-75 L2·A@-73 L3·A@-76 R1·A@-75 R2·A@-73 R3·A@-72 罐=无罐 泵=0 阀=111111 速=+0,+0,+0.00 电=7.99V/2.69A/峰3.58 补余=0.0 IO错=0 倾+0.0 自动2/3
[  225.919] TLM t= 145.9 L1·A@-75 L2·A@-73 L3·A@-76 R1·A@-75 R2·A@-73 R3·A@-71 罐=无罐 泵=0 阀=111111 速=+0,+0,+0.00 电=7.99V/2.69A/峰3.58 补余=0.0 IO错=0 倾+0.0 自动2/3
[  226.439] TLM t= 146.4 L1·A@-75 L2·A@-72 L3·A@-76 R1·A@-75 R2·A@-72 R3·A@-70 罐=无罐 泵=0 阀=111111 速=+0,+0,+0.00 电=8.00V/2.60A/峰3.58 补余=0.0 IO错=0 倾+0.0 自动2/3
[  226.941] TLM t= 146.9 L1·A@-74 L2·A@-72 L3·A@-75 R1·A@-75 R2·A@-72 R3·A@-70 罐=无罐 泵=0 阀=111111 速=+0,+0,+0.00 电=7.98V/2.60A/峰3.58 补余=0.0 IO错=0 倾+0.0 自动2/3
[  227.465] TLM t= 147.4 L1·A@-74 L2·A@-71 L3·A@-75 R1·A@-75 R2·A@-72 R3·A@-69 罐=无罐 泵=0 阀=111111 速=+0,+0,+0.00 电=8.00V/2.77A/峰3.58 补余=0.0 IO错=0 倾+0.0 自动2/3
[  227.971] TLM t= 147.9 L1·A@-74 L2·A@-71 L3·A@-75 R1·A@-75 R2·A@-71 R3·A@-68 罐=无罐 泵=0 阀=111111 速=+0,+0,+0.00 电=7.99V/2.69A/峰3.58 补余=0.0 IO错=0 倾+0.0 自动2/3
[  228.493] TLM t= 148.4 L1·A@-74 L2·A@-71 L3·A@-75 R1·A@-75 R2·A@-71 R3·A@-68 罐=无罐 泵=0 阀=111111 速=+0,+0,+0.00 电=8.02V/2.60A/峰3.58 补余=0.0 IO错=0 倾+0.0 自动2/3
[  228.999] TLM t= 148.9 L1·A@-74 L2·A@-70 L3·A@-75 R1·A@-75 R2·A@-71 R3·A@-67 罐=无罐 泵=0 阀=111111 速=+0,+0,+0.00 电=8.00V/2.52A/峰3.58 补余=0.0 IO错=0 倾+0.0 自动2/3
[  229.523] TLM t= 149.4 L1·A@-74 L2·A@-70 L3·A@-75 R1·A@-75 R2·A@-70 R3·A@-66 罐=无罐 泵=0 阀=111111 速=+0,+0,+0.00 电=8.01V/2.52A/峰3.58 补余=0.0 IO错=0 倾+0.0 自动2/3
[  230.028] TLM t= 149.9 L1·A@-74 L2·A@-69 L3·A@-75 R1·A@-75 R2·A@-70 R3·A@-66 罐=无罐 泵=0 阀=111111 速=+0,+0,+0.00 电=7.99V/2.60A/峰3.58 补余=0.0 IO错=0 倾+0.0 自动2/3
[  230.550] TLM t= 150.5 L1·A@-74 L2·A@-69 L3·A@-75 R1·A@-75 R2·A@-69 R3·A@-65 罐=无罐 泵=0 阀=111111 速=+0,+0,+0.00 电=8.00V/2.69A/峰3.58 补余=0.0 IO错=0 倾+0.0 自动2/3
[  231.052] TLM t= 151.0 L1·A@-74 L2·A@-68 L3·A@-75 R1·A@-75 R2·A@-69 R3·A@-64 罐=无罐 泵=0 阀=111111 速=+0,+0,+0.00 电=8.02V/2.36A/峰3.58 补余=0.0 IO错=0 倾+0.0 自动2/3
[  231.574] TLM t= 151.5 L1·A@-73 L2·A@-68 L3·A@-75 R1·A@-75 R2·A@-69 R3·A@-64 罐=无罐 泵=0 阀=111111 速=+0,+0,+0.00 电=8.00V/2.52A/峰3.58 补余=0.0 IO错=0 倾+0.0 自动2/3
[  231.647] EVT 原地抬起受理：R2
[  231.660] EVT 相位 R2 stance→handover
[  232.078] TLM t= 152.8 L1·A@-73 L2·A@-68 L3·A@-75 R1·A@-75 R2ZA@-68 R3·A@-63 罐=无罐 泵=0 阀=111111 速=+0,+0,+0.00 电=7.99V/2.36A/峰3.58 补余=0.0 IO错=0 倾+0.0 自动2/3
[  232.597] TLM t= 153.0 L1·A@-73 L2·A@-67 L3·A@-75 R1·A@-74 R2ZA@-68 R3·A@-63 罐=无罐 泵=0 阀=111111 速=+0,+0,+0.00 电=8.01V/2.77A/峰3.58 补余=0.0 IO错=0 倾+0.0 自动2/3
[  233.099] TLM t= 153.0 L1·A@-73 L2·A@-67 L3·A@-75 R1·A@-74 R2ZA@-68 R3·A@-62 罐=无罐 泵=0 阀=111111 速=+0,+0,+0.00 电=8.00V/2.77A/峰3.58 补余=0.0 IO错=0 倾+0.0 自动2/3
[  233.621] TLM t= 153.0 L1·A@-73 L2·A@-66 L3·A@-75 R1·A@-74 R2ZA@-67 R3·A@-61 罐=无罐 泵=0 阀=111111 速=+0,+0,+0.00 电=7.99V/2.85A/峰3.58 补余=0.0 IO错=0 倾+0.0 自动2/3
[  233.865] EVT 吸附 R2 attached→venting 在态106.22s -66.9kPa
[  233.865] EVT 相位 R2 handover→vent 落点Δ(+0.0,+0.0)
[  233.892] EVT 阀 R2 →排气位
[  234.140] TLM t= 153.0 L1·A@-73 L2·A@-66 L3·A@-75 R1·A@-74 R2Vv@-67 R3·A@-61 罐=无罐 泵=0 阀=111101 速=+0,+0,+0.00 电=7.99V/2.85A/峰3.58 补余=0.0 IO错=0 倾+0.0 自动2/3
[  234.166] EVT 相位 R2 vent→lift
[  234.273] EVT 吸附 R2 venting→released 在态0.40s 0.1kPa
[  234.658] TLM t= 153.0 L1·A@-73 L2·A@-66 L3·A@-75 R1·A@-74 R2Lr@-- R3·A@-60 罐=无罐 泵=0 阀=111101 速=+0,+0,+0.00 电=7.95V/2.69A/峰3.58 补余=0.0 IO错=0 倾+0.0 自动2/3
[  234.855] EVT 泵 开 最差盘压-59.9
[  235.008] EVT 相位 R2 lift→transfer
[  235.167] TLM t= 153.0 L1·A@-73 L2·A@-65 L3·A@-75 R1·A@-74 R2Tr@-- R3·A@-65 罐=无罐 泵=1 阀=111101 速=+0,+0,+0.00 电=7.92V/3.34A/峰3.58 补余=0.0 IO错=0 倾+0.0 自动2/3
[  235.637] EVT 相位 R2 transfer→hover
[  235.680] TLM t= 153.0 L1·A@-75 L2·A@-75 L3·A@-75 R1·A@-75 R2Hr@-- R3·A@-75 罐=无罐 泵=1 阀=111101 速=+0,+0,+0.00 电=7.87V/3.01A/峰3.58 补余=0.0 IO错=0 倾+0.0 自动2/3
[  235.715] EVT 泵 停 最差盘压-75.2
[  236.188] TLM t= 153.0 L1·A@-76 L2·A@-76 L3·A@-76 R1·A@-76 R2Hr@-- R3·A@-76 罐=无罐 泵=0 阀=111101 速=+0,+0,+0.00 电=7.97V/2.77A/峰3.58 补余=0.0 IO错=0 倾+0.0 自动2/3
[  236.660] EVT 落地：R2
[  236.678] EVT 相位 R2 hover→descend
[  236.707] TLM t= 153.0 L1·A@-76 L2·A@-76 L3·A@-76 R1·A@-76 R2Dr@-- R3·A@-75 罐=无罐 泵=0 阀=111101 速=+0,+0,+0.00 电=7.97V/2.85A/峰3.58 补余=0.0 IO错=0 倾+0.0 自动2/3
[  237.159] EVT 相位 R2 descend→press
[  237.211] TLM t= 153.0 L1·A@-76 L2·A@-75 L3·A@-76 R1·A@-76 R2Pr@-- R3·A@-74 罐=无罐 泵=0 阀=111101 速=+0,+0,+0.00 电=7.97V/2.93A/峰3.58 补余=0.0 IO错=0 倾+0.0 自动2/3
[  237.726] TLM t= 153.0 L1·A@-76 L2·A@-75 L3·A@-76 R1·A@-76 R2Pr@-- R3·A@-74 罐=无罐 泵=0 阀=111101 速=+0,+0,+0.00 电=7.97V/2.93A/峰3.58 补余=0.0 IO错=0 倾+0.0 自动2/3
[  238.238] TLM t= 153.0 L1·A@-76 L2·A@-74 L3·A@-76 R1·A@-75 R2Pr@-- R3·A@-73 罐=无罐 泵=0 阀=111101 速=+0,+0,+0.00 电=7.97V/3.09A/峰3.58 补余=0.0 IO错=0 倾+0.0 自动2/3
[  238.363] EVT 吸附 R2 released→pressing 在态4.08s 0.1kPa
[  238.364] EVT 相位 R2 press→wait
[  238.664] EVT 吸附 R2 pressing→sucking 在态0.30s 0.1kPa
[  238.665] EVT 阀 R2 →抽气位
[  238.682] EVT 泵 开 最差盘压-72.4
[  238.750] TLM t= 153.0 L1·A@-76 L2·A@-74 L3·A@-76 R1·A@-75 R2Ws@-62 R3·A@-72 罐=无罐 泵=1 阀=111111 速=+0,+0,+0.00 电=7.89V/2.93A/峰3.58 补余=0.0 IO错=0 倾+0.0 自动2/3
[  238.945] EVT 吸附 R2 sucking→attached 在态0.28s -66.1kPa
[  238.948] EVT 相位 R2 wait→stance
[  238.948] EVT 抬落完成，轮到 L3
[  239.257] TLM t= 153.3 L1·A@-76 L2·A@-73 L3·A@-76 R1·A@-75 R2·A@-72 R3·A@-73 罐=无罐 泵=1 阀=111111 速=+0,+0,+0.00 电=7.96V/2.69A/峰3.58 补余=0.0 IO错=0 倾+0.0 自动2/3
[  239.465] EVT 泵 停 最差盘压-75.2
[  239.775] TLM t= 153.8 L1·A@-76 L2·A@-76 L3·A@-76 R1·A@-75 R2·A@-75 R3·A@-76 罐=无罐 泵=0 阀=111111 速=+0,+0,+0.00 电=7.98V/3.01A/峰3.58 补余=0.0 IO错=0 倾+0.0 自动2/3
[  240.283] TLM t= 154.3 L1·A@-76 L2·A@-75 L3·A@-76 R1·A@-75 R2·A@-74 R3·A@-75 罐=无罐 泵=0 阀=111111 速=+0,+0,+0.00 电=7.98V/2.93A/峰3.58 补余=0.0 IO错=0 倾+0.0 自动2/3
[  240.798] TLM t= 154.8 L1·A@-76 L2·A@-75 L3·A@-76 R1·A@-75 R2·A@-74 R3·A@-74 罐=无罐 泵=0 阀=111111 速=+0,+0,+0.00 电=7.98V/2.77A/峰3.58 补余=0.0 IO错=0 倾+0.0 自动2/3
[  241.306] TLM t= 155.3 L1·A@-76 L2·A@-75 L3·A@-76 R1·A@-75 R2·A@-73 R3·A@-74 罐=无罐 泵=0 阀=111111 速=+0,+0,+0.00 电=7.99V/2.85A/峰3.58 补余=0.0 IO错=0 倾+0.0 自动2/3
[  241.818] TLM t= 155.9 L1·A@-76 L2·A@-74 L3·A@-76 R1·A@-75 R2·A@-73 R3·A@-73 罐=无罐 泵=0 阀=111111 速=+0,+0,+0.00 电=7.94V/3.01A/峰3.58 补余=0.0 IO错=0 倾+0.0 自动2/3
[  242.326] TLM t= 156.4 L1·A@-76 L2·A@-74 L3·A@-76 R1·A@-75 R2·A@-73 R3·A@-72 罐=无罐 泵=0 阀=111111 速=+0,+0,+0.00 电=7.96V/2.77A/峰3.58 补余=0.0 IO错=0 倾+0.0 自动2/3
[  242.845] TLM t= 156.9 L1·A@-75 L2·A@-73 L3·A@-76 R1·A@-75 R2·A@-72 R3·A@-72 罐=无罐 泵=0 阀=111111 速=+0,+0,+0.00 电=7.97V/2.93A/峰3.58 补余=0.0 IO错=0 倾+0.0 自动2/3
[  243.347] TLM t= 157.4 L1·A@-75 L2·A@-73 L3·A@-75 R1·A@-75 R2·A@-72 R3·A@-71 罐=无罐 泵=0 阀=111111 速=+0,+0,+0.00 电=7.98V/2.85A/峰3.58 补余=0.0 IO错=0 倾+0.0 自动2/3
[  243.866] TLM t= 157.9 L1·A@-75 L2·A@-72 L3·A@-75 R1·A@-75 R2·A@-71 R3·A@-70 罐=无罐 泵=0 阀=111111 速=+0,+0,+0.00 电=7.98V/3.01A/峰3.58 补余=0.0 IO错=0 倾+0.0 自动2/3
[  244.372] TLM t= 158.4 L1·A@-75 L2·A@-72 L3·A@-75 R1·A@-75 R2·A@-71 R3·A@-70 罐=无罐 泵=0 阀=111111 速=+0,+0,+0.00 电=7.96V/3.09A/峰3.58 补余=0.0 IO错=0 倾+0.0 自动2/3
[  244.889] TLM t= 158.9 L1·A@-75 L2·A@-71 L3·A@-75 R1·A@-75 R2·A@-70 R3·A@-69 罐=无罐 泵=0 阀=111111 速=+0,+0,+0.00 电=7.99V/2.93A/峰3.58 补余=0.0 IO错=0 倾+0.0 自动2/3
[  245.395] TLM t= 159.4 L1·A@-75 L2·A@-71 L3·A@-75 R1·A@-75 R2·A@-70 R3·A@-68 罐=无罐 泵=0 阀=111111 速=+0,+0,+0.00 电=7.98V/2.93A/峰3.58 补余=0.0 IO错=0 倾+0.0 自动2/3
[  245.911] TLM t= 159.9 L1·A@-75 L2·A@-71 L3·A@-75 R1·A@-75 R2·A@-70 R3·A@-68 罐=无罐 泵=0 阀=111111 速=+0,+0,+0.00 电=7.97V/3.01A/峰3.58 补余=0.0 IO错=0 倾+0.0 自动2/3
[  246.415] TLM t= 160.4 L1·A@-75 L2·A@-70 L3·A@-75 R1·A@-75 R2·A@-69 R3·A@-67 罐=无罐 泵=0 阀=111111 速=+0,+0,+0.00 电=7.98V/2.77A/峰3.58 补余=0.0 IO错=0 倾+0.0 自动2/3
[  246.933] TLM t= 161.0 L1·A@-75 L2·A@-70 L3·A@-75 R1·A@-75 R2·A@-69 R3·A@-66 罐=无罐 泵=0 阀=111111 速=+0,+0,+0.00 电=7.98V/2.85A/峰3.58 补余=0.0 IO错=0 倾+0.0 自动2/3
[  247.442] TLM t= 161.5 L1·A@-75 L2·A@-69 L3·A@-75 R1·A@-75 R2·A@-69 R3·A@-66 罐=无罐 泵=0 阀=111111 速=+0,+0,+0.00 电=7.95V/2.77A/峰3.58 补余=0.0 IO错=0 倾+0.0 自动2/3
[  247.958] TLM t= 162.0 L1·A@-75 L2·A@-69 L3·A@-75 R1·A@-75 R2·A@-68 R3·A@-65 罐=无罐 泵=0 阀=111111 速=+0,+0,+0.00 电=7.96V/3.01A/峰3.58 补余=0.0 IO错=0 倾+0.0 自动2/3
[  248.463] TLM t= 162.5 L1·A@-74 L2·A@-68 L3·A@-75 R1·A@-75 R2·A@-68 R3·A@-64 罐=无罐 泵=0 阀=111111 速=+0,+0,+0.00 电=7.97V/3.01A/峰3.58 补余=0.0 IO错=0 倾+0.0 自动2/3
[  248.971] EVT 原地抬起受理：L3
[  248.983] TLM t= 163.0 L1·A@-74 L2·A@-68 L3·A@-75 R1·A@-74 R2·A@-67 R3·A@-64 罐=无罐 泵=0 阀=111111 速=+0,+0,+0.00 电=7.96V/3.09A/峰3.58 补余=0.0 IO错=0 倾+0.0 自动2/3
[  248.996] EVT 相位 L3 stance→handover
[  249.486] TLM t= 164.3 L1·A@-74 L2·A@-68 L3ZA@-75 R1·A@-74 R2·A@-67 R3·A@-63 罐=无罐 泵=0 阀=111111 速=+0,+0,+0.00 电=8.00V/2.44A/峰3.58 补余=0.0 IO错=0 倾+0.0 自动2/3
[  250.005] TLM t= 164.4 L1·A@-74 L2·A@-67 L3ZA@-75 R1·A@-74 R2·A@-67 R3·A@-63 罐=无罐 泵=0 阀=111111 速=+0,+0,+0.00 电=8.01V/2.60A/峰3.58 补余=0.0 IO错=0 倾+0.0 自动2/3
[  250.516] TLM t= 164.4 L1·A@-74 L2·A@-67 L3ZA@-75 R1·A@-74 R2·A@-66 R3·A@-62 罐=无罐 泵=0 阀=111111 速=+0,+0,+0.00 电=8.01V/2.36A/峰3.58 补余=0.0 IO错=0 倾+0.0 自动2/3
[  251.010] TLM t= 164.4 L1·A@-74 L2·A@-66 L3ZA@-75 R1·A@-74 R2·A@-66 R3·A@-61 罐=无罐 泵=0 阀=111111 速=+0,+0,+0.00 电=7.99V/2.60A/峰3.58 补余=0.0 IO错=0 倾+0.0 自动2/3
[  251.537] TLM t= 164.4 L1·A@-74 L2·A@-66 L3ZA@-75 R1·A@-74 R2·A@-66 R3·A@-61 罐=无罐 泵=0 阀=111111 速=+0,+0,+0.00 电=7.96V/2.85A/峰3.58 补余=0.0 IO错=0 倾+0.0 自动2/3
[  251.888] EVT 吸附 L3 attached→venting 在态106.38s -74.5kPa
[  251.888] EVT 相位 L3 handover→vent 落点Δ(+0.0,+0.0)
[  251.906] EVT 阀 L3 →排气位
[  252.055] TLM t= 164.4 L1·A@-74 L2·A@-65 L3Vv@-75 R1·A@-74 R2·A@-65 R3·A@-60 罐=无罐 泵=0 阀=110111 速=+0,+0,+0.00 电=7.97V/2.85A/峰3.58 补余=0.0 IO错=0 倾+0.0 自动2/3
[  252.186] EVT 相位 L3 vent→lift
[  252.186] EVT 泵 开 最差盘压-59.9
[  252.286] EVT 吸附 L3 venting→released 在态0.40s 0.1kPa
[  252.555] TLM t= 164.4 L1·A@-74 L2·A@-67 L3Lr@-- R1·A@-74 R2·A@-67 R3·A@-67 罐=无罐 泵=1 阀=110111 速=+0,+0,+0.00 电=7.90V/2.93A/峰3.58 补余=0.0 IO错=0 倾+0.0 自动2/3
[  253.029] EVT 相位 L3 lift→transfer
[  253.058] TLM t= 164.4 L1·A@-76 L2·A@-76 L3Tr@-- R1·A@-75 R2·A@-75 R3·A@-76 罐=无罐 泵=1 阀=110111 速=+0,+0,+0.00 电=7.94V/2.69A/峰3.58 补余=0.0 IO错=0 倾+0.0 自动2/3
[  253.109] EVT 泵 停 最差盘压-75.6
[  253.578] TLM t= 164.4 L1·A@-77 L2·A@-76 L3Tr@-- R1·A@-76 R2·A@-76 R3·A@-76 罐=无罐 泵=0 阀=110111 速=+0,+0,+0.00 电=7.97V/3.17A/峰3.58 补余=0.0 IO错=0 倾+0.0 自动2/3
[  253.651] EVT 相位 L3 transfer→hover
[  254.081] TLM t= 164.4 L1·A@-76 L2·A@-76 L3Hr@-- R1·A@-76 R2·A@-76 R3·A@-75 罐=无罐 泵=0 阀=110111 速=+0,+0,+0.00 电=7.96V/2.69A/峰3.58 补余=0.0 IO错=0 倾+0.0 自动2/3
[  254.606] TLM t= 164.4 L1·A@-76 L2·A@-75 L3Hr@-- R1·A@-76 R2·A@-75 R3·A@-75 罐=无罐 泵=0 阀=110111 速=+0,+0,+0.00 电=7.96V/2.85A/峰3.58 补余=0.0 IO错=0 倾+0.0 自动2/3
[  254.653] EVT 落地：L3
[  254.673] EVT 相位 L3 hover→descend
[  255.105] TLM t= 164.4 L1·A@-76 L2·A@-75 L3Dr@-- R1·A@-76 R2·A@-75 R3·A@-74 罐=无罐 泵=0 阀=110111 速=+0,+0,+0.00 电=7.98V/2.69A/峰3.58 补余=0.0 IO错=0 倾+0.0 自动2/3
[  255.158] EVT 相位 L3 descend→press
[  255.608] TLM t= 164.4 L1·A@-76 L2·A@-74 L3Pr@-- R1·A@-76 R2·A@-74 R3·A@-73 罐=无罐 泵=0 阀=110111 速=+0,+0,+0.00 电=7.99V/2.69A/峰3.58 补余=0.0 IO错=0 倾+0.0 自动2/3
[  256.112] TLM t= 164.4 L1·A@-76 L2·A@-74 L3Pr@-- R1·A@-76 R2·A@-74 R3·A@-73 罐=无罐 泵=0 阀=110111 速=+0,+0,+0.00 电=7.97V/2.69A/峰3.58 补余=0.0 IO错=0 倾+0.0 自动2/3
[  256.363] EVT 吸附 L3 released→pressing 在态4.06s 0.1kPa
[  256.363] EVT 相位 L3 press→wait
[  256.613] TLM t= 164.4 L1·A@-76 L2·A@-74 L3Wp@-- R1·A@-75 R2·A@-73 R3·A@-72 罐=无罐 泵=0 阀=110111 速=+0,+0,+0.00 电=7.99V/2.60A/峰3.58 补余=0.0 IO错=0 倾+0.0 自动2/3
[  256.664] EVT 吸附 L3 pressing→sucking 在态0.30s 0.1kPa
[  256.664] EVT 阀 L3 →抽气位
[  256.684] EVT 泵 开 最差盘压-71.9
[  256.942] EVT 吸附 L3 sucking→attached 在态0.28s -55.8kPa
[  256.945] EVT 相位 L3 wait→stance
[  256.945] EVT 抬落完成，轮到 R1
[  257.112] TLM t= 164.6 L1·A@-76 L2·A@-73 L3·A@-66 R1·A@-75 R2·A@-73 R3·A@-71 罐=无罐 泵=1 阀=111111 速=+0,+0,+0.00 电=7.98V/2.69A/峰3.58 补余=0.0 IO错=0 倾+0.0 自动2/3
[  257.547] EVT 泵 停 最差盘压-75.2
[  257.621] TLM t= 165.1 L1·A@-76 L2·A@-76 L3·A@-76 R1·A@-75 R2·A@-76 R3·A@-76 罐=无罐 泵=0 阀=111111 速=+0,+0,+0.00 电=7.99V/2.77A/峰3.58 补余=0.0 IO错=0 倾+0.0 自动2/3
[  258.117] TLM t= 165.6 L1·A@-76 L2·A@-76 L3·A@-76 R1·A@-75 R2·A@-75 R3·A@-75 罐=无罐 泵=0 阀=111111 速=+0,+0,+0.00 电=8.00V/2.60A/峰3.58 补余=0.0 IO错=0 倾+0.0 自动2/3
[  258.625] TLM t= 166.1 L1·A@-76 L2·A@-75 L3·A@-75 R1·A@-75 R2·A@-75 R3·A@-75 罐=无罐 泵=0 阀=111111 速=+0,+0,+0.00 电=7.96V/2.60A/峰3.58 补余=0.0 IO错=0 倾+0.0 自动2/3
[  259.123] TLM t= 166.6 L1·A@-76 L2·A@-75 L3·A@-75 R1·A@-75 R2·A@-74 R3·A@-74 罐=无罐 泵=0 阀=111111 速=+0,+0,+0.00 电=7.99V/2.77A/峰3.58 补余=0.0 IO错=0 倾+0.0 自动2/3
[  259.623] TLM t= 167.1 L1·A@-76 L2·A@-74 L3·A@-75 R1·A@-75 R2·A@-74 R3·A@-73 罐=无罐 泵=0 阀=111111 速=+0,+0,+0.00 电=7.98V/2.69A/峰3.58 补余=0.0 IO错=0 倾+0.0 自动2/3
[  260.126] TLM t= 167.6 L1·A@-75 L2·A@-74 L3·A@-75 R1·A@-75 R2·A@-74 R3·A@-73 罐=无罐 泵=0 阀=111111 速=+0,+0,+0.00 电=7.97V/2.85A/峰3.58 补余=0.0 IO错=0 倾+0.0 自动2/3
[  260.629] TLM t= 168.1 L1·A@-75 L2·A@-73 L3·A@-75 R1·A@-75 R2·A@-73 R3·A@-72 罐=无罐 泵=0 阀=111111 速=+0,+0,+0.00 电=7.97V/2.69A/峰3.58 补余=0.0 IO错=0 倾+0.0 自动2/3
[  261.134] TLM t= 168.6 L1·A@-75 L2·A@-73 L3·A@-75 R1·A@-75 R2·A@-73 R3·A@-71 罐=无罐 泵=0 阀=111111 速=+0,+0,+0.00 电=7.99V/2.77A/峰3.58 补余=0.0 IO错=0 倾+0.0 自动2/3
[  261.643] TLM t= 169.1 L1·A@-75 L2·A@-72 L3·A@-75 R1·A@-75 R2·A@-72 R3·A@-71 罐=无罐 泵=0 阀=111111 速=+0,+0,+0.00 电=7.98V/2.52A/峰3.58 补余=0.0 IO错=0 倾+0.0 自动2/3
[  262.146] TLM t= 169.6 L1·A@-75 L2·A@-72 L3·A@-75 R1·A@-75 R2·A@-72 R3·A@-70 罐=无罐 泵=0 阀=111111 速=+0,+0,+0.00 电=7.99V/2.69A/峰3.58 补余=0.0 IO错=0 倾+0.0 自动2/3
[  262.669] TLM t= 170.1 L1·A@-75 L2·A@-72 L3·A@-75 R1·A@-75 R2·A@-72 R3·A@-69 罐=无罐 泵=0 阀=111111 速=+0,+0,+0.00 电=7.97V/2.69A/峰3.58 补余=0.0 IO错=0 倾+0.0 自动2/3
[  263.173] TLM t= 170.6 L1·A@-75 L2·A@-71 L3·A@-74 R1·A@-75 R2·A@-71 R3·A@-69 罐=无罐 泵=0 阀=111111 速=+0,+0,+0.00 电=7.99V/2.69A/峰3.58 补余=0.0 IO错=0 倾+0.0 自动2/3
[  263.697] TLM t= 171.1 L1·A@-75 L2·A@-71 L3·A@-74 R1·A@-74 R2·A@-71 R3·A@-68 罐=无罐 泵=0 阀=111111 速=+0,+0,+0.00 电=7.98V/2.77A/峰3.58 补余=0.0 IO错=0 倾+0.0 自动2/3
[  264.200] TLM t= 171.6 L1·A@-75 L2·A@-70 L3·A@-74 R1·A@-74 R2·A@-71 R3·A@-67 罐=无罐 泵=0 阀=111111 速=+0,+0,+0.00 电=7.99V/2.77A/峰3.58 补余=0.0 IO错=0 倾+0.0 自动2/3
[  264.722] TLM t= 172.1 L1·A@-75 L2·A@-70 L3·A@-74 R1·A@-74 R2·A@-70 R3·A@-67 罐=无罐 泵=0 阀=111111 速=+0,+0,+0.00 电=7.98V/2.77A/峰3.58 补余=0.0 IO错=0 倾+0.0 自动2/3
[  265.227] TLM t= 172.6 L1·A@-75 L2·A@-69 L3·A@-74 R1·A@-74 R2·A@-70 R3·A@-66 罐=无罐 泵=0 阀=111111 速=+0,+0,+0.00 电=7.98V/2.69A/峰3.58 补余=0.0 IO错=0 倾+0.0 自动2/3
[  265.752] TLM t= 173.1 L1·A@-75 L2·A@-69 L3·A@-74 R1·A@-74 R2·A@-69 R3·A@-65 罐=无罐 泵=0 阀=111111 速=+0,+0,+0.00 电=7.98V/2.77A/峰3.58 补余=0.0 IO错=0 倾+0.0 自动2/3
[  266.251] TLM t= 173.6 L1·A@-75 L2·A@-69 L3·A@-74 R1·A@-74 R2·A@-69 R3·A@-65 罐=无罐 泵=0 阀=111111 速=+0,+0,+0.00 电=7.97V/2.69A/峰3.58 补余=0.0 IO错=0 倾+0.0 自动2/3
[  266.780] TLM t= 174.2 L1·A@-74 L2·A@-68 L3·A@-74 R1·A@-74 R2·A@-69 R3·A@-64 罐=无罐 泵=0 阀=111111 速=+0,+0,+0.00 电=7.98V/2.69A/峰3.58 补余=0.0 IO错=0 倾+0.0 自动2/3
[  266.969] EVT 原地抬起受理：R1
[  266.981] EVT 相位 R1 stance→handover
[  267.283] TLM t= 175.5 L1·A@-74 L2·A@-68 L3·A@-74 R1ZA@-74 R2·A@-68 R3·A@-63 罐=无罐 泵=0 阀=111111 速=+0,+0,+0.00 电=7.99V/2.44A/峰3.58 补余=0.0 IO错=0 倾+0.0 自动2/3
[  267.777] TLM t= 175.8 L1·A@-74 L2·A@-67 L3·A@-74 R1ZA@-74 R2·A@-68 R3·A@-63 罐=无罐 泵=0 阀=111111 速=+0,+0,+0.00 电=8.01V/2.04A/峰3.58 补余=0.0 IO错=0 倾+0.0 自动2/3
[  268.289] TLM t= 175.8 L1·A@-74 L2·A@-67 L3·A@-74 R1ZA@-74 R2·A@-68 R3·A@-62 罐=无罐 泵=0 阀=111111 速=+0,+0,+0.00 电=8.02V/2.12A/峰3.58 补余=0.0 IO错=0 倾+0.0 自动2/3
[  268.794] TLM t= 175.8 L1·A@-74 L2·A@-66 L3·A@-74 R1ZA@-74 R2·A@-67 R3·A@-62 罐=无罐 泵=0 阀=111111 速=+0,+0,+0.00 电=8.01V/2.04A/峰3.58 补余=0.0 IO错=0 倾+0.0 自动2/3
[  269.315] TLM t= 175.8 L1·A@-74 L2·A@-66 L3·A@-74 R1ZA@-74 R2·A@-67 R3·A@-61 罐=无罐 泵=0 阀=111111 速=+0,+0,+0.00 电=8.01V/2.04A/峰3.58 补余=0.0 IO错=0 倾+0.0 自动2/3
[  269.818] TLM t= 175.8 L1·A@-74 L2·A@-66 L3·A@-73 R1ZA@-74 R2·A@-67 R3·A@-61 罐=无罐 泵=0 阀=111111 速=+0,+0,+0.00 电=8.00V/2.20A/峰3.58 补余=0.0 IO错=0 倾+0.0 自动2/3
[  270.290] EVT 吸附 R1 attached→venting 在态106.30s -73.8kPa
[  270.291] EVT 相位 R1 handover→vent 落点Δ(+0.0,+0.0)
[  270.303] EVT 阀 R1 →排气位
[  270.343] TLM t= 175.8 L1·A@-74 L2·A@-65 L3·A@-73 R1Vv@-74 R2·A@-66 R3·A@-60 罐=无罐 泵=0 阀=111011 速=+0,+0,+0.00 电=7.99V/2.36A/峰3.58 补余=0.0 IO错=0 倾+0.0 自动2/3
[  270.534] EVT 泵 开 最差盘压-59.9
[  270.594] EVT 相位 R1 vent→lift
[  270.717] EVT 吸附 R1 venting→released 在态0.42s -0.1kPa
[  270.842] TLM t= 175.8 L1·A@-74 L2·A@-65 L3·A@-73 R1Lr@-- R2·A@-66 R3·A@-65 罐=无罐 泵=1 阀=111011 速=+0,+0,+0.00 电=7.95V/2.60A/峰3.58 补余=0.0 IO错=0 倾+0.0 自动2/3
[  271.366] TLM t= 175.8 L1·A@-75 L2·A@-75 L3·A@-75 R1Lr@-- R2·A@-75 R3·A@-75 罐=无罐 泵=1 阀=111011 速=+0,+0,+0.00 电=7.97V/2.44A/峰3.58 补余=0.0 IO错=0 倾+0.0 自动2/3
[  271.379] EVT 泵 停 最差盘压-75.2
[  271.439] EVT 相位 R1 lift→transfer
[  271.873] TLM t= 175.8 L1·A@-76 L2·A@-76 L3·A@-76 R1Tr@-- R2·A@-75 R3·A@-75 罐=无罐 泵=0 阀=111011 速=+0,+0,+0.00 电=7.98V/2.44A/峰3.58 补余=0.0 IO错=0 倾+0.0 自动2/3
[  272.056] EVT 相位 R1 transfer→hover
[  272.395] TLM t= 175.8 L1·A@-76 L2·A@-75 L3·A@-76 R1Hr@-- R2·A@-75 R3·A@-74 罐=无罐 泵=0 阀=111011 速=+0,+0,+0.00 电=8.00V/2.36A/峰3.58 补余=0.0 IO错=0 倾+0.0 自动2/3
[  272.894] TLM t= 175.8 L1·A@-75 L2·A@-75 L3·A@-76 R1Hr@-- R2·A@-74 R3·A@-74 罐=无罐 泵=0 阀=111011 速=+0,+0,+0.00 电=8.00V/2.28A/峰3.58 补余=0.0 IO错=0 倾+0.0 自动2/3
[  273.067] EVT 落地：R1
[  273.082] EVT 相位 R1 hover→descend
[  273.423] TLM t= 175.8 L1·A@-75 L2·A@-74 L3·A@-75 R1Dr@-- R2·A@-74 R3·A@-73 罐=无罐 泵=0 阀=111011 速=+0,+0,+0.00 电=7.99V/2.60A/峰3.58 补余=0.0 IO错=0 倾+0.0 自动2/3
[  273.569] EVT 相位 R1 descend→press
[  273.924] TLM t= 175.8 L1·A@-75 L2·A@-74 L3·A@-75 R1Pr@-- R2·A@-73 R3·A@-72 罐=无罐 泵=0 阀=111011 速=+0,+0,+0.00 电=7.97V/2.52A/峰3.58 补余=0.0 IO错=0 倾+0.0 自动2/3
[  274.446] TLM t= 175.8 L1·A@-75 L2·A@-73 L3·A@-75 R1Pr@-- R2·A@-73 R3·A@-72 罐=无罐 泵=0 阀=111011 速=+0,+0,+0.00 电=7.98V/2.69A/峰3.58 补余=0.0 IO错=0 倾+0.0 自动2/3
[  274.772] EVT 吸附 R1 released→pressing 在态4.04s -0.1kPa
[  274.772] EVT 相位 R1 press→wait
[  274.963] TLM t= 175.8 L1·A@-75 L2·A@-73 L3·A@-75 R1Wp@-- R2·A@-73 R3·A@-71 罐=无罐 泵=0 阀=111011 速=+0,+0,+0.00 电=7.99V/2.52A/峰3.58 补余=0.0 IO错=0 倾+0.0 自动2/3
[  275.073] EVT 吸附 R1 pressing→sucking 在态0.30s -0.1kPa
[  275.073] EVT 阀 R1 →抽气位
[  275.101] EVT 泵 开 最差盘压-70.8
[  275.416] EVT 吸附 R1 sucking→attached 在态0.34s -65.4kPa
[  275.422] EVT 相位 R1 wait→stance
[  275.422] EVT 抬落完成，轮到 L2
[  275.468] TLM t= 175.8 L1·A@-75 L2·A@-72 L3·A@-75 R1·A@-68 R2·A@-72 R3·A@-70 罐=无罐 泵=1 阀=111111 速=+0,+0,+0.00 电=7.92V/2.52A/峰3.58 补余=0.0 IO错=0 倾+0.0 自动2/3
[  275.883] EVT 泵 停 最差盘压-75.2
[  275.976] TLM t= 176.3 L1·A@-76 L2·A@-76 L3·A@-76 R1·A@-76 R2·A@-76 R3·A@-76 罐=无罐 泵=0 阀=111111 速=+0,+0,+0.00 电=7.99V/2.44A/峰3.58 补余=0.0 IO错=0 倾+0.0 自动2/3
[  276.495] TLM t= 176.9 L1·A@-76 L2·A@-76 L3·A@-76 R1·A@-75 R2·A@-76 R3·A@-76 罐=无罐 泵=0 阀=111111 速=+0,+0,+0.00 电=7.99V/2.52A/峰3.58 补余=0.0 IO错=0 倾+0.0 自动2/3
[  277.001] TLM t= 177.4 L1·A@-76 L2·A@-75 L3·A@-76 R1·A@-75 R2·A@-75 R3·A@-75 罐=无罐 泵=0 阀=111111 速=+0,+0,+0.00 电=7.98V/2.36A/峰3.58 补余=0.0 IO错=0 倾+0.0 自动2/3
[  277.523] TLM t= 177.9 L1·A@-76 L2·A@-75 L3·A@-76 R1·A@-75 R2·A@-75 R3·A@-74 罐=无罐 泵=0 阀=111111 速=+0,+0,+0.00 电=7.98V/2.44A/峰3.58 补余=0.0 IO错=0 倾+0.0 自动2/3
[  278.026] TLM t= 178.4 L1·A@-76 L2·A@-74 L3·A@-76 R1·A@-75 R2·A@-74 R3·A@-73 罐=无罐 泵=0 阀=111111 速=+0,+0,+0.00 电=7.98V/2.52A/峰3.58 补余=0.0 IO错=0 倾+0.0 自动2/3
[  278.548] TLM t= 178.9 L1·A@-76 L2·A@-74 L3·A@-76 R1·A@-75 R2·A@-74 R3·A@-73 罐=无罐 泵=0 阀=111111 速=+0,+0,+0.00 电=7.98V/2.44A/峰3.58 补余=0.0 IO错=0 倾+0.0 自动2/3
[  279.053] TLM t= 179.4 L1·A@-76 L2·A@-74 L3·A@-76 R1·A@-75 R2·A@-73 R3·A@-72 罐=无罐 泵=0 阀=111111 速=+0,+0,+0.00 电=7.98V/2.60A/峰3.58 补余=0.0 IO错=0 倾+0.0 自动2/3
[  279.574] TLM t= 179.9 L1·A@-76 L2·A@-73 L3·A@-76 R1·A@-75 R2·A@-73 R3·A@-72 罐=无罐 泵=0 阀=111111 速=+0,+0,+0.00 电=7.98V/2.52A/峰3.58 补余=0.0 IO错=0 倾+0.0 自动2/3
[  280.078] TLM t= 180.4 L1·A@-76 L2·A@-73 L3·A@-76 R1·A@-75 R2·A@-73 R3·A@-71 罐=无罐 泵=0 阀=111111 速=+0,+0,+0.00 电=8.00V/2.44A/峰3.58 补余=0.0 IO错=0 倾+0.0 自动2/3
[  280.602] TLM t= 180.9 L1·A@-75 L2·A@-72 L3·A@-76 R1·A@-75 R2·A@-72 R3·A@-70 罐=无罐 泵=0 阀=111111 速=+0,+0,+0.00 电=7.98V/2.44A/峰3.58 补余=0.0 IO错=0 倾+0.0 自动2/3
[  281.105] TLM t= 181.4 L1·A@-75 L2·A@-72 L3·A@-76 R1·A@-75 R2·A@-72 R3·A@-69 罐=无罐 泵=0 阀=111111 速=+0,+0,+0.00 电=7.98V/2.52A/峰3.58 补余=0.0 IO错=0 倾+0.0 自动2/3
[  281.627] TLM t= 182.0 L1·A@-75 L2·A@-71 L3·A@-75 R1·A@-74 R2·A@-72 R3·A@-69 罐=无罐 泵=0 阀=111111 速=+0,+0,+0.00 电=7.98V/2.52A/峰3.58 补余=0.0 IO错=0 倾+0.0 自动2/3
[  282.131] TLM t= 182.5 L1·A@-75 L2·A@-71 L3·A@-75 R1·A@-74 R2·A@-71 R3·A@-68 罐=无罐 泵=0 阀=111111 速=+0,+0,+0.00 电=7.99V/2.36A/峰3.58 补余=0.0 IO错=0 倾+0.0 自动2/3
[  282.656] TLM t= 183.0 L1·A@-75 L2·A@-70 L3·A@-75 R1·A@-74 R2·A@-71 R3·A@-67 罐=无罐 泵=0 阀=111111 速=+0,+0,+0.00 电=7.99V/2.52A/峰3.58 补余=0.0 IO错=0 倾+0.0 自动2/3
[  283.160] TLM t= 183.5 L1·A@-75 L2·A@-70 L3·A@-75 R1·A@-74 R2·A@-70 R3·A@-67 罐=无罐 泵=0 阀=111111 速=+0,+0,+0.00 电=7.98V/2.52A/峰3.58 补余=0.0 IO错=0 倾+0.0 自动2/3
[  283.682] TLM t= 184.0 L1·A@-75 L2·A@-70 L3·A@-75 R1·A@-74 R2·A@-70 R3·A@-66 罐=无罐 泵=0 阀=111111 速=+0,+0,+0.00 电=8.00V/2.36A/峰3.58 补余=0.0 IO错=0 倾+0.0 自动2/3
[  284.187] TLM t= 184.5 L1·A@-75 L2·A@-69 L3·A@-75 R1·A@-74 R2·A@-70 R3·A@-65 罐=无罐 泵=0 阀=111111 速=+0,+0,+0.00 电=7.99V/2.44A/峰3.58 补余=0.0 IO错=0 倾+0.0 自动2/3
[  284.707] TLM t= 185.0 L1·A@-75 L2·A@-69 L3·A@-75 R1·A@-74 R2·A@-69 R3·A@-65 罐=无罐 泵=0 阀=111111 速=+0,+0,+0.00 电=7.99V/2.36A/峰3.58 补余=0.0 IO错=0 倾+0.0 自动2/3
[  285.212] TLM t= 185.5 L1·A@-75 L2·A@-68 L3·A@-75 R1·A@-74 R2·A@-69 R3·A@-64 罐=无罐 泵=0 阀=111111 速=+0,+0,+0.00 电=8.00V/2.52A/峰3.58 补余=0.0 IO错=0 倾+0.0 自动2/3
[  285.455] EVT 原地抬起受理：L2
[  285.482] EVT 相位 L2 stance→handover
[  285.732] TLM t= 186.9 L1·A@-75 L2ZA@-68 L3·A@-75 R1·A@-74 R2·A@-69 R3·A@-63 罐=无罐 泵=0 阀=111111 速=+0,+0,+0.00 电=7.99V/2.36A/峰3.58 补余=0.0 IO错=0 倾+0.0 自动2/3
[  286.233] TLM t= 187.2 L1·A@-75 L2ZA@-67 L3·A@-75 R1·A@-74 R2·A@-68 R3·A@-63 罐=无罐 泵=0 阀=111111 速=+0,+0,+0.00 电=7.99V/2.44A/峰3.58 补余=0.0 IO错=0 倾+0.0 自动2/3
[  286.761] TLM t= 187.2 L1·A@-75 L2ZA@-67 L3·A@-75 R1·A@-74 R2·A@-68 R3·A@-62 罐=无罐 泵=0 阀=111111 速=+0,+0,+0.00 电=7.97V/2.77A/峰3.58 补余=0.0 IO错=0 倾+0.0 自动2/3
[  287.263] TLM t= 187.2 L1·A@-74 L2ZA@-66 L3·A@-75 R1·A@-74 R2·A@-68 R3·A@-62 罐=无罐 泵=0 阀=111111 速=+0,+0,+0.00 电=7.96V/2.93A/峰3.58 补余=0.0 IO错=0 倾+0.0 自动2/3
[  287.784] TLM t= 187.2 L1·A@-74 L2ZA@-66 L3·A@-75 R1·A@-74 R2·A@-67 R3·A@-61 罐=无罐 泵=0 阀=111111 速=+0,+0,+0.00 电=7.94V/3.01A/峰3.58 补余=0.0 IO错=0 倾+0.0 自动2/3
[  287.872] EVT 吸附 L2 attached→venting 在态106.36s -66.0kPa
[  287.873] EVT 相位 L2 handover→vent 落点Δ(+0.0,+0.0)
[  287.898] EVT 阀 L2 →排气位
[  288.174] EVT 相位 L2 vent→lift
[  288.290] TLM t= 187.2 L1·A@-74 L2Lv@-66 L3·A@-75 R1·A@-74 R2·A@-67 R3·A@-60 罐=无罐 泵=0 阀=101111 速=+0,+0,+0.00 电=7.93V/3.17A/峰3.58 补余=0.0 IO错=0 倾+0.0 自动2/3
[  288.296] EVT 吸附 L2 venting→released 在态0.42s 0.4kPa
[  288.703] EVT 泵 开 最差盘压-59.8
[  288.806] TLM t= 187.2 L1·A@-74 L2Lr@-- L3·A@-75 R1·A@-74 R2·A@-67 R3·A@-60 罐=无罐 泵=1 阀=101111 速=+0,+0,+0.00 电=7.88V/3.01A/峰3.58 补余=0.0 IO错=0 倾+0.0 自动2/3
[  289.033] EVT 相位 L2 lift→transfer
[  289.324] TLM t= 187.2 L1·A@-74 L2Tr@-- L3·A@-75 R1·A@-74 R2·A@-74 R3·A@-74 罐=无罐 泵=1 阀=101111 速=+0,+0,+0.00 电=7.93V/3.01A/峰3.58 补余=0.0 IO错=0 倾+0.0 自动2/3
[  289.514] EVT 泵 停 最差盘压-75.1
[  289.649] EVT 相位 L2 transfer→hover
[  289.840] TLM t= 187.2 L1·A@-76 L2Hr@-- L3·A@-76 R1·A@-76 R2·A@-76 R3·A@-76 罐=无罐 泵=0 阀=101111 速=+0,+0,+0.00 电=7.95V/2.93A/峰3.58 补余=0.0 IO错=0 倾+0.0 自动2/3
[  290.347] TLM t= 187.2 L1·A@-76 L2Hr@-- L3·A@-76 R1·A@-76 R2·A@-75 R3·A@-75 罐=无罐 泵=0 阀=101111 速=+0,+0,+0.00 电=7.92V/3.09A/峰3.58 补余=0.0 IO错=0 倾+0.0 自动2/3
[  290.657] EVT 落地：L2
[  290.672] EVT 相位 L2 hover→descend
[  290.862] TLM t= 187.2 L1·A@-76 L2Dr@-- L3·A@-76 R1·A@-76 R2·A@-75 R3·A@-74 罐=无罐 泵=0 阀=101111 速=+0,+0,+0.00 电=7.93V/3.09A/峰3.58 补余=0.0 IO错=0 倾+0.0 自动2/3
[  291.153] EVT 相位 L2 descend→press
[  291.373] TLM t= 187.2 L1·A@-76 L2Pr@-- L3·A@-76 R1·A@-76 R2·A@-74 R3·A@-74 罐=无罐 泵=0 阀=101111 速=+0,+0,+0.00 电=7.94V/2.93A/峰3.58 补余=0.0 IO错=0 倾+0.0 自动2/3
[  291.883] TLM t= 187.2 L1·A@-76 L2Pr@-- L3·A@-76 R1·A@-75 R2·A@-74 R3·A@-73 罐=无罐 泵=0 阀=101111 速=+0,+0,+0.00 电=7.95V/2.85A/峰3.58 补余=0.0 IO错=0 倾+0.0 自动2/3
[  292.356] EVT 吸附 L2 released→pressing 在态4.04s 0.4kPa
[  292.357] EVT 相位 L2 press→wait
[  292.394] TLM t= 187.2 L1·A@-76 L2Wp@-- L3·A@-76 R1·A@-75 R2·A@-74 R3·A@-72 罐=无罐 泵=0 阀=101111 速=+0,+0,+0.00 电=7.95V/3.17A/峰3.58 补余=0.0 IO错=0 倾+0.0 自动2/3
[  292.685] EVT 吸附 L2 pressing→sucking 在态0.32s 0.4kPa
[  292.685] EVT 阀 L2 →抽气位
[  292.705] EVT 泵 开 最差盘压-71.9
[  292.898] TLM t= 187.2 L1·A@-76 L2Ws@-61 L3·A@-76 R1·A@-75 R2·A@-73 R3·A@-72 罐=无罐 泵=1 阀=111111 速=+0,+0,+0.00 电=7.88V/3.01A/峰3.58 补余=0.0 IO错=0 倾+0.0 自动2/3
[  292.988] EVT 吸附 L2 sucking→attached 在态0.30s -64.6kPa
[  292.993] EVT 相位 L2 wait→stance
[  292.993] EVT 抬落完成，轮到 R3
[  292.993] EVT 自动轮换：第 2 轮完成
[  293.395] TLM t= 187.6 L1·A@-76 L2·A@-75 L3·A@-76 R1·A@-75 R2·A@-75 R3·A@-75 罐=无罐 泵=1 阀=111111 速=+0,+0,+0.00 电=7.95V/2.93A/峰3.58 补余=0.0 IO错=0 倾+0.0 自动3/3
[  293.414] EVT 泵 停 最差盘压-75.3
[  293.907] TLM t= 188.1 L1·A@-76 L2·A@-76 L3·A@-76 R1·A@-76 R2·A@-76 R3·A@-76 罐=无罐 泵=0 阀=111111 速=+0,+0,+0.00 电=7.94V/3.09A/峰3.58 补余=0.0 IO错=0 倾+0.0 自动3/3
[  294.410] TLM t= 188.6 L1·A@-76 L2·A@-75 L3·A@-76 R1·A@-75 R2·A@-75 R3·A@-75 罐=无罐 泵=0 阀=111111 速=+0,+0,+0.00 电=7.95V/3.01A/峰3.58 补余=0.0 IO错=0 倾+0.0 自动3/3
[  294.930] TLM t= 189.1 L1·A@-76 L2·A@-75 L3·A@-76 R1·A@-75 R2·A@-75 R3·A@-74 罐=无罐 泵=0 阀=111111 速=+0,+0,+0.00 电=7.96V/2.93A/峰3.58 补余=0.0 IO错=0 倾+0.0 自动3/3
[  295.435] TLM t= 189.6 L1·A@-76 L2·A@-74 L3·A@-76 R1·A@-75 R2·A@-74 R3·A@-74 罐=无罐 泵=0 阀=111111 速=+0,+0,+0.00 电=7.95V/2.93A/峰3.58 补余=0.0 IO错=0 倾+0.0 自动3/3
[  295.953] TLM t= 190.1 L1·A@-76 L2·A@-73 L3·A@-76 R1·A@-75 R2·A@-74 R3·A@-73 罐=无罐 泵=0 阀=111111 速=+0,+0,+0.00 电=7.97V/2.85A/峰3.58 补余=0.0 IO错=0 倾+0.0 自动3/3
[  296.456] TLM t= 190.6 L1·A@-76 L2·A@-73 L3·A@-76 R1·A@-75 R2·A@-74 R3·A@-72 罐=无罐 泵=0 阀=111111 速=+0,+0,+0.00 电=7.96V/2.85A/峰3.58 补余=0.0 IO错=0 倾+0.0 自动3/3
[  296.981] TLM t= 191.2 L1·A@-76 L2·A@-72 L3·A@-76 R1·A@-75 R2·A@-73 R3·A@-72 罐=无罐 泵=0 阀=111111 速=+0,+0,+0.00 电=7.97V/3.01A/峰3.58 补余=0.0 IO错=0 倾+0.0 自动3/3
[  297.485] TLM t= 191.7 L1·A@-76 L2·A@-72 L3·A@-76 R1·A@-75 R2·A@-73 R3·A@-71 罐=无罐 泵=0 阀=111111 速=+0,+0,+0.00 电=7.95V/2.85A/峰3.58 补余=0.0 IO错=0 倾+0.0 自动3/3
[  298.008] TLM t= 192.2 L1·A@-75 L2·A@-71 L3·A@-76 R1·A@-75 R2·A@-72 R3·A@-70 罐=无罐 泵=0 阀=111111 速=+0,+0,+0.00 电=7.96V/2.85A/峰3.58 补余=0.0 IO错=0 倾+0.0 自动3/3
[  298.516] TLM t= 192.7 L1·A@-75 L2·A@-71 L3·A@-76 R1·A@-75 R2·A@-72 R3·A@-70 罐=无罐 泵=0 阀=111111 速=+0,+0,+0.00 电=7.94V/2.93A/峰3.58 补余=0.0 IO错=0 倾+0.0 自动3/3
[  299.036] TLM t= 193.2 L1·A@-75 L2·A@-70 L3·A@-76 R1·A@-75 R2·A@-72 R3·A@-69 罐=无罐 泵=0 阀=111111 速=+0,+0,+0.00 电=7.95V/2.93A/峰3.58 补余=0.0 IO错=0 倾+0.0 自动3/3
[  299.537] TLM t= 193.7 L1·A@-75 L2·A@-70 L3·A@-75 R1·A@-75 R2·A@-71 R3·A@-68 罐=无罐 泵=0 阀=111111 速=+0,+0,+0.00 电=7.96V/2.93A/峰3.58 补余=0.0 IO错=0 倾+0.0 自动3/3
[  300.060] TLM t= 194.2 L1·A@-75 L2·A@-70 L3·A@-75 R1·A@-75 R2·A@-71 R3·A@-68 罐=无罐 泵=0 阀=111111 速=+0,+0,+0.00 电=7.95V/2.85A/峰3.58 补余=0.0 IO错=0 倾+0.0 自动3/3
[  300.564] TLM t= 194.7 L1·A@-75 L2·A@-69 L3·A@-75 R1·A@-75 R2·A@-71 R3·A@-67 罐=无罐 泵=0 阀=111111 速=+0,+0,+0.00 电=7.94V/2.93A/峰3.58 补余=0.0 IO错=0 倾+0.0 自动3/3
[  301.086] TLM t= 195.2 L1·A@-75 L2·A@-69 L3·A@-75 R1·A@-75 R2·A@-70 R3·A@-66 罐=无罐 泵=0 阀=111111 速=+0,+0,+0.00 电=7.97V/2.93A/峰3.58 补余=0.0 IO错=0 倾+0.0 自动3/3
[  301.588] TLM t= 195.7 L1·A@-75 L2·A@-68 L3·A@-75 R1·A@-75 R2·A@-70 R3·A@-65 罐=无罐 泵=0 阀=111111 速=+0,+0,+0.00 电=7.96V/3.01A/峰3.58 补余=0.0 IO错=0 倾+0.0 自动3/3
[  302.112] TLM t= 196.3 L1·A@-75 L2·A@-68 L3·A@-75 R1·A@-75 R2·A@-69 R3·A@-65 罐=无罐 泵=0 阀=111111 速=+0,+0,+0.00 电=7.94V/3.09A/峰3.58 补余=0.0 IO错=0 倾+0.0 自动3/3
[  302.616] TLM t= 196.8 L1·A@-75 L2·A@-67 L3·A@-75 R1·A@-75 R2·A@-69 R3·A@-64 罐=无罐 泵=0 阀=111111 速=+0,+0,+0.00 电=7.97V/2.85A/峰3.58 补余=0.0 IO错=0 倾+0.0 自动3/3
[  303.139] TLM t= 197.3 L1·A@-75 L2·A@-67 L3·A@-75 R1·A@-75 R2·A@-69 R3·A@-64 罐=无罐 泵=0 阀=111111 速=+0,+0,+0.00 电=7.94V/2.93A/峰3.58 补余=0.0 IO错=0 倾+0.0 自动3/3
[  303.641] TLM t= 197.8 L1·A@-75 L2·A@-66 L3·A@-75 R1·A@-75 R2·A@-68 R3·A@-63 罐=无罐 泵=0 阀=111111 速=+0,+0,+0.00 电=7.95V/3.01A/峰3.58 补余=0.0 IO错=0 倾+0.0 自动3/3
[  304.167] TLM t= 198.3 L1·A@-74 L2·A@-66 L3·A@-75 R1·A@-75 R2·A@-68 R3·A@-62 罐=无罐 泵=0 阀=111111 速=+0,+0,+0.00 电=7.96V/3.01A/峰3.58 补余=0.0 IO错=0 倾+0.0 自动3/3
[  304.674] TLM t= 198.8 L1·A@-74 L2·A@-65 L3·A@-75 R1·A@-75 R2·A@-68 R3·A@-62 罐=无罐 泵=0 阀=111111 速=+0,+0,+0.00 电=7.93V/2.93A/峰3.58 补余=0.0 IO错=0 倾+0.0 自动3/3
[  305.192] TLM t= 199.3 L1·A@-74 L2·A@-65 L3·A@-75 R1·A@-75 R2·A@-67 R3·A@-61 罐=无罐 泵=0 阀=111111 速=+0,+0,+0.00 电=7.93V/2.93A/峰3.58 补余=0.0 IO错=0 倾+0.0 自动3/3
[  305.697] TLM t= 199.8 L1·A@-74 L2·A@-65 L3·A@-75 R1·A@-74 R2·A@-67 R3·A@-61 罐=无罐 泵=0 阀=111111 速=+0,+0,+0.00 电=7.96V/2.93A/峰3.58 补余=0.0 IO错=0 倾+0.0 自动3/3
[  306.149] EVT 泵 开 最差盘压-59.9
[  306.221] TLM t= 200.3 L1·A@-74 L2·A@-64 L3·A@-75 R1·A@-74 R2·A@-66 R3·A@-60 罐=无罐 泵=1 阀=111111 速=+0,+0,+0.00 电=7.87V/2.93A/峰3.58 补余=0.0 IO错=0 倾+0.0 自动3/3
[  306.723] TLM t= 200.8 L1·A@-74 L2·A@-72 L3·A@-75 R1·A@-74 R2·A@-72 R3·A@-72 罐=无罐 泵=1 阀=111111 速=+0,+0,+0.00 电=7.94V/2.93A/峰3.58 补余=0.0 IO错=0 倾+0.0 自动3/3
[  307.017] EVT 泵 停 最差盘压-75.2
[  307.247] TLM t= 201.4 L1·A@-76 L2·A@-76 L3·A@-76 R1·A@-76 R2·A@-76 R3·A@-76 罐=无罐 泵=0 阀=111111 速=+0,+0,+0.00 电=7.95V/3.01A/峰3.58 补余=0.0 IO错=0 倾+0.0 自动3/3
[  307.752] TLM t= 201.9 L1·A@-76 L2·A@-76 L3·A@-76 R1·A@-76 R2·A@-75 R3·A@-75 罐=无罐 泵=0 阀=111111 速=+0,+0,+0.00 电=7.94V/3.01A/峰3.58 补余=0.0 IO错=0 倾+0.0 自动3/3
[  307.995] EVT 自动轮换：第 3 轮开始
[  308.022] EVT 原地抬起受理：R3
[  308.042] EVT 相位 R3 stance→handover
[  308.271] TLM t= 205.4 L1·A@-76 L2·A@-75 L3·A@-76 R1·A@-76 R2·A@-75 R3ZA@-75 罐=无罐 泵=0 阀=111111 速=+0,+0,+0.00 电=7.96V/2.69A/峰3.58 补余=0.0 IO错=0 倾+0.0 自动3/3
[  308.775] TLM t= 205.8 L1·A@-76 L2·A@-75 L3·A@-76 R1·A@-76 R2·A@-75 R3ZA@-74 罐=无罐 泵=0 阀=111111 速=+0,+0,+0.00 电=7.98V/2.44A/峰3.58 补余=0.0 IO错=0 倾+0.0 自动3/3
[  309.294] TLM t= 205.8 L1·A@-76 L2·A@-74 L3·A@-76 R1·A@-76 R2·A@-74 R3ZA@-73 罐=无罐 泵=0 阀=111111 速=+0,+0,+0.00 电=7.98V/2.28A/峰3.58 补余=0.0 IO错=0 倾+0.0 自动3/3
[  309.802] TLM t= 205.8 L1·A@-76 L2·A@-74 L3·A@-76 R1·A@-75 R2·A@-74 R3ZA@-73 罐=无罐 泵=0 阀=111111 速=+0,+0,+0.00 电=7.98V/2.52A/峰3.58 补余=0.0 IO错=0 倾+0.0 自动3/3
[  310.223] EVT 吸附 R3 attached→venting 在态106.34s -72.0kPa
[  310.224] EVT 相位 R3 handover→vent 落点Δ(+0.0,+0.0)
[  310.249] EVT 阀 R3 →排气位
[  310.317] TLM t= 205.8 L1·A@-76 L2·A@-73 L3·A@-76 R1·A@-75 R2·A@-73 R3Vv@-72 罐=无罐 泵=0 阀=111110 速=+0,+0,+0.00 电=7.96V/2.69A/峰3.58 补余=0.0 IO错=0 倾+0.0 自动3/3
[  310.525] EVT 相位 R3 vent→lift
[  310.647] EVT 吸附 R3 venting→released 在态0.42s 0.2kPa
[  310.819] TLM t= 205.8 L1·A@-76 L2·A@-73 L3·A@-76 R1·A@-75 R2·A@-73 R3Lr@-- 罐=无罐 泵=0 阀=111110 速=+0,+0,+0.00 电=7.97V/2.52A/峰3.58 补余=0.0 IO错=0 倾+0.0 自动3/3
[  311.341] TLM t= 205.8 L1·A@-75 L2·A@-72 L3·A@-76 R1·A@-75 R2·A@-72 R3Lr@-- 罐=无罐 泵=0 阀=111110 速=+0,+0,+0.00 电=7.94V/2.77A/峰3.58 补余=0.0 IO错=0 倾+0.0 自动3/3
[  311.367] EVT 相位 R3 lift→transfer
[  311.846] TLM t= 205.8 L1·A@-75 L2·A@-72 L3·A@-76 R1·A@-75 R2·A@-72 R3Tr@-- 罐=无罐 泵=0 阀=111110 速=+0,+0,+0.00 电=7.97V/2.77A/峰3.58 补余=0.0 IO错=0 倾+0.0 自动3/3
[  311.994] EVT 相位 R3 transfer→hover
[  312.370] TLM t= 205.8 L1·A@-75 L2·A@-71 L3·A@-76 R1·A@-75 R2·A@-72 R3Hr@-- 罐=无罐 泵=0 阀=111110 速=+0,+0,+0.00 电=7.96V/2.69A/峰3.58 补余=0.0 IO错=0 倾+0.0 自动3/3
[  312.873] TLM t= 205.8 L1·A@-75 L2·A@-71 L3·A@-75 R1·A@-75 R2·A@-71 R3Hr@-- 罐=无罐 泵=0 阀=111110 速=+0,+0,+0.00 电=7.95V/2.69A/峰3.58 补余=0.0 IO错=0 倾+0.0 自动3/3
[  312.998] EVT 落地：R3
[  313.023] EVT 相位 R3 hover→descend
[  313.396] TLM t= 205.8 L1·A@-75 L2·A@-70 L3·A@-75 R1·A@-75 R2·A@-71 R3Dr@-- 罐=无罐 泵=0 阀=111110 速=+0,+0,+0.00 电=7.96V/2.77A/峰3.58 补余=0.0 IO错=0 倾+0.0 自动3/3
[  313.507] EVT 相位 R3 descend→press
[  313.901] TLM t= 205.8 L1·A@-75 L2·A@-70 L3·A@-75 R1·A@-75 R2·A@-71 R3Pr@-- 罐=无罐 泵=0 阀=111110 速=+0,+0,+0.00 电=7.97V/2.85A/峰3.58 补余=0.0 IO错=0 倾+0.0 自动3/3
[  314.419] TLM t= 205.8 L1·A@-75 L2·A@-70 L3·A@-75 R1·A@-75 R2·A@-70 R3Pr@-- 罐=无罐 泵=0 阀=111110 速=+0,+0,+0.00 电=7.95V/2.77A/峰3.58 补余=0.0 IO错=0 倾+0.0 自动3/3
[  314.712] EVT 吸附 R3 released→pressing 在态4.04s 0.2kPa
[  314.713] EVT 相位 R3 press→wait
[  314.927] TLM t= 205.8 L1·A@-75 L2·A@-69 L3·A@-75 R1·A@-75 R2·A@-70 R3Wp@-- 罐=无罐 泵=0 阀=111110 速=+0,+0,+0.00 电=7.96V/2.69A/峰3.58 补余=0.0 IO错=0 倾+0.0 自动3/3
[  315.036] EVT 吸附 R3 pressing→sucking 在态0.32s 0.2kPa
[  315.036] EVT 阀 R3 →抽气位
[  315.051] EVT 泵 开 最差盘压-69.0
[  315.397] EVT 吸附 R3 sucking→attached 在态0.36s -62.1kPa
[  315.397] EVT 相位 R3 wait→stance
[  315.397] EVT 抬落完成，轮到 L1
[  315.443] TLM t= 205.8 L1·A@-75 L2·A@-69 L3·A@-75 R1·A@-75 R2·A@-69 R3·A@-65 罐=无罐 泵=1 阀=111111 速=+0,+0,+0.00 电=7.90V/2.77A/峰3.58 补余=0.0 IO错=0 倾+0.0 自动3/3
[  315.953] EVT 泵 停 最差盘压-75.1
[  315.964] TLM t= 206.3 L1·A@-76 L2·A@-76 L3·A@-76 R1·A@-75 R2·A@-76 R3·A@-76 罐=无罐 泵=0 阀=111111 速=+0,+0,+0.00 电=7.96V/2.69A/峰3.58 补余=0.0 IO错=0 倾+0.0 自动3/3
[  316.464] TLM t= 206.8 L1·A@-76 L2·A@-76 L3·A@-76 R1·A@-76 R2·A@-76 R3·A@-76 罐=无罐 泵=0 阀=111111 速=+0,+0,+0.00 电=7.96V/2.69A/峰3.58 补余=0.0 IO错=0 倾+0.0 自动3/3
[  316.986] TLM t= 207.4 L1·A@-76 L2·A@-75 L3·A@-76 R1·A@-76 R2·A@-75 R3·A@-75 罐=无罐 泵=0 阀=111111 速=+0,+0,+0.00 电=7.96V/2.77A/峰3.58 补余=0.0 IO错=0 倾+0.0 自动3/3
[  317.490] TLM t= 207.9 L1·A@-76 L2·A@-75 L3·A@-76 R1·A@-76 R2·A@-75 R3·A@-74 罐=无罐 泵=0 阀=111111 速=+0,+0,+0.00 电=7.95V/2.69A/峰3.58 补余=0.0 IO错=0 倾+0.0 自动3/3
[  318.015] TLM t= 208.4 L1·A@-76 L2·A@-74 L3·A@-76 R1·A@-76 R2·A@-74 R3·A@-73 罐=无罐 泵=0 阀=111111 速=+0,+0,+0.00 电=7.96V/2.60A/峰3.58 补余=0.0 IO错=0 倾+0.0 自动3/3
[  318.512] TLM t= 208.9 L1·A@-76 L2·A@-74 L3·A@-76 R1·A@-76 R2·A@-74 R3·A@-73 罐=无罐 泵=0 阀=111111 速=+0,+0,+0.00 电=7.96V/2.60A/峰3.58 补余=0.0 IO错=0 倾+0.0 自动3/3
[  319.035] TLM t= 209.4 L1·A@-76 L2·A@-73 L3·A@-76 R1·A@-76 R2·A@-74 R3·A@-72 罐=无罐 泵=0 阀=111111 速=+0,+0,+0.00 电=7.96V/2.69A/峰3.58 补余=0.0 IO错=0 倾+0.0 自动3/3
[  319.539] TLM t= 209.9 L1·A@-76 L2·A@-73 L3·A@-76 R1·A@-76 R2·A@-73 R3·A@-71 罐=无罐 泵=0 阀=111111 速=+0,+0,+0.00 电=7.96V/2.69A/峰3.58 补余=0.0 IO错=0 倾+0.0 自动3/3
[  320.068] TLM t= 210.4 L1·A@-76 L2·A@-73 L3·A@-76 R1·A@-75 R2·A@-73 R3·A@-71 罐=无罐 泵=0 阀=111111 速=+0,+0,+0.00 电=7.95V/2.69A/峰3.58 补余=0.0 IO错=0 倾+0.0 自动3/3
[  320.567] TLM t= 210.9 L1·A@-76 L2·A@-72 L3·A@-76 R1·A@-75 R2·A@-72 R3·A@-70 罐=无罐 泵=0 阀=111111 速=+0,+0,+0.00 电=7.95V/2.77A/峰3.58 补余=0.0 IO错=0 倾+0.0 自动3/3
[  321.089] TLM t= 211.4 L1·A@-75 L2·A@-72 L3·A@-76 R1·A@-75 R2·A@-72 R3·A@-69 罐=无罐 泵=0 阀=111111 速=+0,+0,+0.00 电=7.96V/2.77A/峰3.58 补余=0.0 IO错=0 倾+0.0 自动3/3
[  321.589] TLM t= 211.9 L1·A@-75 L2·A@-71 L3·A@-76 R1·A@-75 R2·A@-72 R3·A@-69 罐=无罐 泵=0 阀=111111 速=+0,+0,+0.00 电=7.96V/2.69A/峰3.58 补余=0.0 IO错=0 倾+0.0 自动3/3
[  322.113] TLM t= 212.5 L1·A@-75 L2·A@-71 L3·A@-76 R1·A@-75 R2·A@-71 R3·A@-68 罐=无罐 泵=0 阀=111111 速=+0,+0,+0.00 电=7.96V/2.60A/峰3.58 补余=0.0 IO错=0 倾+0.0 自动3/3
[  322.614] TLM t= 213.0 L1·A@-75 L2·A@-70 L3·A@-76 R1·A@-75 R2·A@-71 R3·A@-67 罐=无罐 泵=0 阀=111111 速=+0,+0,+0.00 电=7.96V/2.69A/峰3.58 补余=0.0 IO错=0 倾+0.0 自动3/3
[  323.136] TLM t= 213.5 L1·A@-75 L2·A@-70 L3·A@-75 R1·A@-75 R2·A@-71 R3·A@-67 罐=无罐 泵=0 阀=111111 速=+0,+0,+0.00 电=7.96V/2.69A/峰3.58 补余=0.0 IO错=0 倾+0.0 自动3/3
[  323.639] TLM t= 214.0 L1·A@-75 L2·A@-69 L3·A@-75 R1·A@-75 R2·A@-70 R3·A@-66 罐=无罐 泵=0 阀=111111 速=+0,+0,+0.00 电=7.97V/2.77A/峰3.58 补余=0.0 IO错=0 倾+0.0 自动3/3
[  324.165] TLM t= 214.5 L1·A@-75 L2·A@-69 L3·A@-75 R1·A@-75 R2·A@-70 R3·A@-65 罐=无罐 泵=0 阀=111111 速=+0,+0,+0.00 电=7.94V/2.69A/峰3.58 补余=0.0 IO错=0 倾+0.0 自动3/3
[  324.663] TLM t= 215.0 L1·A@-75 L2·A@-69 L3·A@-75 R1·A@-75 R2·A@-69 R3·A@-65 罐=无罐 泵=0 阀=111111 速=+0,+0,+0.00 电=7.94V/2.77A/峰3.58 补余=0.0 IO错=0 倾+0.0 自动3/3
[  325.189] TLM t= 215.5 L1·A@-75 L2·A@-68 L3·A@-75 R1·A@-75 R2·A@-69 R3·A@-64 罐=无罐 泵=0 阀=111111 速=+0,+0,+0.00 电=7.96V/2.69A/峰3.58 补余=0.0 IO错=0 倾+0.0 自动3/3
[  325.438] EVT 原地抬起受理：L1
[  325.450] EVT 相位 L1 stance→handover
[  325.688] TLM t= 216.8 L1ZA@-75 L2·A@-68 L3·A@-75 R1·A@-75 R2·A@-69 R3·A@-63 罐=无罐 泵=0 阀=111111 速=+0,+0,+0.00 电=7.96V/2.44A/峰3.58 补余=0.0 IO错=0 倾+0.0 自动3/3
[  326.213] TLM t= 217.2 L1ZA@-75 L2·A@-67 L3·A@-75 R1·A@-75 R2·A@-68 R3·A@-63 罐=无罐 泵=0 阀=111111 速=+0,+0,+0.00 电=8.00V/1.87A/峰3.58 补余=0.0 IO错=0 倾+0.0 自动3/3
[  326.720] TLM t= 217.2 L1ZA@-75 L2·A@-67 L3·A@-75 R1·A@-75 R2·A@-68 R3·A@-62 罐=无罐 泵=0 阀=111111 速=+0,+0,+0.00 电=7.99V/2.12A/峰3.58 补余=0.0 IO错=0 倾+0.0 自动3/3
[  327.218] TLM t= 217.2 L1ZA@-74 L2·A@-66 L3·A@-75 R1·A@-75 R2·A@-68 R3·A@-61 罐=无罐 泵=0 阀=111111 速=+0,+0,+0.00 电=7.99V/1.87A/峰3.58 补余=0.0 IO错=0 倾+0.0 自动3/3
[  327.724] TLM t= 217.2 L1ZA@-74 L2·A@-66 L3·A@-75 R1·A@-75 R2·A@-67 R3·A@-61 罐=无罐 泵=0 阀=111111 速=+0,+0,+0.00 电=7.99V/2.12A/峰3.58 补余=0.0 IO错=0 倾+0.0 自动3/3
[  328.227] TLM t= 217.2 L1ZA@-74 L2·A@-66 L3·A@-75 R1·A@-75 R2·A@-67 R3·A@-60 罐=无罐 泵=0 阀=111111 速=+0,+0,+0.00 电=7.97V/2.28A/峰3.58 补余=0.0 IO错=0 倾+0.0 自动3/3
[  328.520] EVT 泵 开 最差盘压-59.9
[  328.559] EVT 吸附 L1 attached→venting 在态106.34s -74.2kPa
[  328.560] EVT 相位 L1 handover→vent 落点Δ(+0.0,+0.0)
[  328.577] EVT 阀 L1 →排气位
[  328.747] TLM t= 217.2 L1Vv@-74 L2·A@-65 L3·A@-75 R1·A@-75 R2·A@-67 R3·A@-60 罐=无罐 泵=1 阀=011111 速=+0,+0,+0.00 电=7.85V/2.77A/峰3.58 补余=0.0 IO错=0 倾+0.0 自动3/3
[  328.860] EVT 相位 L1 vent→lift
[  329.000] EVT 吸附 L1 venting→released 在态0.44s 0.1kPa
[  329.261] TLM t= 217.2 L1Lr@-- L2·A@-74 L3·A@-75 R1·A@-75 R2·A@-75 R3·A@-75 罐=无罐 泵=1 阀=011111 速=+0,+0,+0.00 电=7.93V/2.60A/峰3.58 补余=0.0 IO错=0 倾+0.0 自动3/3
[  329.402] EVT 泵 停 最差盘压-75.4
[  329.703] EVT 相位 L1 lift→transfer
[  329.771] TLM t= 217.2 L1Tr@-- L2·A@-76 L3·A@-76 R1·A@-76 R2·A@-76 R3·A@-76 罐=无罐 泵=0 阀=011111 速=+0,+0,+0.00 电=7.94V/3.01A/峰3.58 补余=0.0 IO错=0 倾+0.0 自动3/3
[  330.270] TLM t= 217.2 L1Tr@-- L2·A@-76 L3·A@-76 R1·A@-76 R2·A@-75 R3·A@-75 罐=无罐 泵=0 阀=011111 速=+0,+0,+0.00 电=7.92V/3.01A/峰3.58 补余=0.0 IO错=0 倾+0.0 自动3/3
[  330.323] EVT 相位 L1 transfer→hover
[  330.795] TLM t= 217.2 L1Hr@-- L2·A@-75 L3·A@-76 R1·A@-76 R2·A@-75 R3·A@-75 罐=无罐 泵=0 阀=011111 速=+0,+0,+0.00 电=7.96V/2.69A/峰3.58 补余=0.0 IO错=0 倾+0.0 自动3/3
[  331.299] TLM t= 217.2 L1Hr@-- L2·A@-75 L3·A@-76 R1·A@-76 R2·A@-75 R3·A@-74 罐=无罐 泵=0 阀=011111 速=+0,+0,+0.00 电=7.94V/2.60A/峰3.58 补余=0.0 IO错=0 倾+0.0 自动3/3
[  331.332] EVT 落地：L1
[  331.350] EVT 相位 L1 hover→descend
[  331.822] TLM t= 217.2 L1Dr@-- L2·A@-74 L3·A@-76 R1·A@-76 R2·A@-74 R3·A@-73 罐=无罐 泵=0 阀=011111 速=+0,+0,+0.00 电=7.94V/2.85A/峰3.58 补余=0.0 IO错=0 倾+0.0 自动3/3
[  331.832] EVT 相位 L1 descend→press
[  332.321] TLM t= 217.2 L1Pr@-- L2·A@-74 L3·A@-76 R1·A@-76 R2·A@-74 R3·A@-73 罐=无罐 泵=0 阀=011111 速=+0,+0,+0.00 电=7.94V/2.60A/峰3.58 补余=0.0 IO错=0 倾+0.0 自动3/3
[  332.848] TLM t= 217.2 L1Pr@-- L2·A@-73 L3·A@-76 R1·A@-76 R2·A@-73 R3·A@-72 罐=无罐 泵=0 阀=011111 速=+0,+0,+0.00 电=7.93V/2.77A/峰3.58 补余=0.0 IO错=0 倾+0.0 自动3/3
[  333.038] EVT 吸附 L1 released→pressing 在态4.02s 0.1kPa
[  333.039] EVT 相位 L1 press→wait
[  333.348] TLM t= 217.2 L1Wp@-- L2·A@-73 L3·A@-76 R1·A@-76 R2·A@-73 R3·A@-71 罐=无罐 泵=0 阀=011111 速=+0,+0,+0.00 电=7.94V/2.69A/峰3.58 补余=0.0 IO错=0 倾+0.0 自动3/3
[  333.354] EVT 吸附 L1 pressing→sucking 在态0.32s 0.1kPa
[  333.355] EVT 阀 L1 →抽气位
[  333.382] EVT 泵 开 最差盘压-71.2
[  333.775] EVT 吸附 L1 sucking→attached 在态0.42s -65.8kPa
[  333.776] EVT 相位 L1 wait→stance
[  333.776] EVT 抬落完成，轮到 R2
[  333.875] TLM t= 217.3 L1·A@-70 L2·A@-72 L3·A@-76 R1·A@-75 R2·A@-73 R3·A@-71 罐=无罐 泵=1 阀=111111 速=+0,+0,+0.00 电=7.86V/2.69A/峰3.58 补余=0.0 IO错=0 倾+0.0 自动3/3
[  334.169] EVT 泵 停 最差盘压-75.1
[  334.382] TLM t= 217.8 L1·A@-76 L2·A@-76 L3·A@-76 R1·A@-75 R2·A@-76 R3·A@-76 罐=无罐 泵=0 阀=111111 速=+0,+0,+0.00 电=7.95V/2.60A/峰3.58 补余=0.0 IO错=0 倾+0.0 自动3/3
[  334.899] TLM t= 218.3 L1·A@-75 L2·A@-75 L3·A@-76 R1·A@-75 R2·A@-75 R3·A@-75 罐=无罐 泵=0 阀=111111 速=+0,+0,+0.00 电=7.96V/2.69A/峰3.58 补余=0.0 IO错=0 倾+0.0 自动3/3
[  335.405] TLM t= 218.8 L1·A@-75 L2·A@-75 L3·A@-76 R1·A@-75 R2·A@-75 R3·A@-74 罐=无罐 泵=0 阀=111111 速=+0,+0,+0.00 电=7.94V/2.77A/峰3.58 补余=0.0 IO错=0 倾+0.0 自动3/3
[  335.923] TLM t= 219.3 L1·A@-75 L2·A@-74 L3·A@-76 R1·A@-75 R2·A@-74 R3·A@-74 罐=无罐 泵=0 阀=111111 速=+0,+0,+0.00 电=7.97V/2.60A/峰3.58 补余=0.0 IO错=0 倾+0.0 自动3/3
[  336.428] TLM t= 219.8 L1·A@-75 L2·A@-74 L3·A@-76 R1·A@-75 R2·A@-74 R3·A@-73 罐=无罐 泵=0 阀=111111 速=+0,+0,+0.00 电=7.96V/2.60A/峰3.58 补余=0.0 IO错=0 倾+0.0 自动3/3
[  336.949] TLM t= 220.3 L1·A@-75 L2·A@-73 L3·A@-76 R1·A@-75 R2·A@-74 R3·A@-72 罐=无罐 泵=0 阀=111111 速=+0,+0,+0.00 电=7.97V/2.69A/峰3.58 补余=0.0 IO错=0 倾+0.0 自动3/3
[  337.453] TLM t= 220.8 L1·A@-75 L2·A@-73 L3·A@-76 R1·A@-75 R2·A@-73 R3·A@-72 罐=无罐 泵=0 阀=111111 速=+0,+0,+0.00 电=7.95V/2.44A/峰3.58 补余=0.0 IO错=0 倾+0.0 自动3/3
[  337.973] TLM t= 221.4 L1·A@-75 L2·A@-73 L3·A@-75 R1·A@-75 R2·A@-73 R3·A@-71 罐=无罐 泵=0 阀=111111 速=+0,+0,+0.00 电=7.96V/2.60A/峰3.58 补余=0.0 IO错=0 倾+0.0 自动3/3
[  338.480] TLM t= 221.9 L1·A@-74 L2·A@-72 L3·A@-75 R1·A@-75 R2·A@-72 R3·A@-70 罐=无罐 泵=0 阀=111111 速=+0,+0,+0.00 电=7.96V/2.52A/峰3.58 补余=0.0 IO错=0 倾+0.0 自动3/3
[  339.000] TLM t= 222.4 L1·A@-74 L2·A@-72 L3·A@-75 R1·A@-75 R2·A@-72 R3·A@-70 罐=无罐 泵=0 阀=111111 速=+0,+0,+0.00 电=7.97V/2.44A/峰3.58 补余=0.0 IO错=0 倾+0.0 自动3/3
[  339.501] TLM t= 222.9 L1·A@-74 L2·A@-71 L3·A@-75 R1·A@-75 R2·A@-72 R3·A@-69 罐=无罐 泵=0 阀=111111 速=+0,+0,+0.00 电=7.97V/2.52A/峰3.58 补余=0.0 IO错=0 倾+0.0 自动3/3
[  340.024] TLM t= 223.4 L1·A@-74 L2·A@-71 L3·A@-75 R1·A@-75 R2·A@-71 R3·A@-68 罐=无罐 泵=0 阀=111111 速=+0,+0,+0.00 电=7.95V/2.60A/峰3.58 补余=0.0 IO错=0 倾+0.0 自动3/3
[  340.525] TLM t= 223.9 L1·A@-74 L2·A@-70 L3·A@-75 R1·A@-75 R2·A@-71 R3·A@-68 罐=无罐 泵=0 阀=111111 速=+0,+0,+0.00 电=7.95V/2.60A/峰3.58 补余=0.0 IO错=0 倾+0.0 自动3/3
[  341.047] TLM t= 224.4 L1·A@-74 L2·A@-70 L3·A@-75 R1·A@-75 R2·A@-71 R3·A@-67 罐=无罐 泵=0 阀=111111 速=+0,+0,+0.00 电=7.95V/2.69A/峰3.58 补余=0.0 IO错=0 倾+0.0 自动3/3
[  341.550] TLM t= 224.9 L1·A@-74 L2·A@-69 L3·A@-75 R1·A@-75 R2·A@-70 R3·A@-66 罐=无罐 泵=0 阀=111111 速=+0,+0,+0.00 电=7.97V/2.77A/峰3.58 补余=0.0 IO错=0 倾+0.0 自动3/3
[  342.074] TLM t= 225.4 L1·A@-74 L2·A@-69 L3·A@-75 R1·A@-75 R2·A@-70 R3·A@-66 罐=无罐 泵=0 阀=111111 速=+0,+0,+0.00 电=7.95V/2.69A/峰3.58 补余=0.0 IO错=0 倾+0.0 自动3/3
[  342.578] TLM t= 225.9 L1·A@-74 L2·A@-69 L3·A@-75 R1·A@-75 R2·A@-69 R3·A@-65 罐=无罐 泵=0 阀=111111 速=+0,+0,+0.00 电=7.94V/2.60A/峰3.58 补余=0.0 IO错=0 倾+0.0 自动3/3
[  343.103] TLM t= 226.5 L1·A@-73 L2·A@-68 L3·A@-75 R1·A@-75 R2·A@-69 R3·A@-65 罐=无罐 泵=0 阀=111111 速=+0,+0,+0.00 电=7.94V/2.52A/峰3.58 补余=0.0 IO错=0 倾+0.0 自动3/3
[  343.621] TLM t= 227.0 L1·A@-73 L2·A@-68 L3·A@-75 R1·A@-75 R2·A@-69 R3·A@-64 罐=无罐 泵=0 阀=111111 速=+0,+0,+0.00 电=7.95V/2.52A/峰3.58 补余=0.0 IO错=0 倾+0.0 自动3/3
[  343.813] EVT 原地抬起受理：R2
[  343.826] EVT 相位 R2 stance→handover
[  344.124] TLM t= 228.3 L1·A@-73 L2·A@-67 L3·A@-75 R1·A@-75 R2ZA@-68 R3·A@-63 罐=无罐 泵=0 阀=111111 速=+0,+0,+0.00 电=7.95V/2.60A/峰3.58 补余=0.0 IO错=0 倾+0.0 自动3/3
[  344.647] TLM t= 228.6 L1·A@-73 L2·A@-67 L3·A@-75 R1·A@-74 R2ZA@-68 R3·A@-63 罐=无罐 泵=0 阀=111111 速=+0,+0,+0.00 电=7.96V/2.69A/峰3.58 补余=0.0 IO错=0 倾+0.0 自动3/3
[  345.148] TLM t= 228.6 L1·A@-73 L2·A@-66 L3·A@-75 R1·A@-74 R2ZA@-68 R3·A@-62 罐=无罐 泵=0 阀=111111 速=+0,+0,+0.00 电=7.91V/3.01A/峰3.58 补余=0.0 IO错=0 倾+0.0 自动3/3
[  345.672] TLM t= 228.6 L1·A@-73 L2·A@-66 L3·A@-75 R1·A@-74 R2ZA@-67 R3·A@-61 罐=无罐 泵=0 阀=111111 速=+0,+0,+0.00 电=7.94V/2.85A/峰3.58 补余=0.0 IO错=0 倾+0.0 自动3/3
[  346.024] EVT 吸附 R2 attached→venting 在态106.48s -66.8kPa
[  346.024] EVT 相位 R2 handover→vent 落点Δ(+0.0,+0.0)
[  346.044] EVT 阀 R2 →排气位
[  346.177] TLM t= 228.6 L1·A@-73 L2·A@-66 L3·A@-75 R1·A@-74 R2Vv@-67 R3·A@-61 罐=无罐 泵=0 阀=111101 速=+0,+0,+0.00 电=7.91V/2.85A/峰3.58 补余=0.0 IO错=0 倾+0.0 自动3/3
[  346.327] EVT 相位 R2 vent→lift
[  346.450] EVT 吸附 R2 venting→released 在态0.42s 0.0kPa
[  346.699] TLM t= 228.6 L1·A@-73 L2·A@-65 L3·A@-75 R1·A@-74 R2Lr@-- R3·A@-60 罐=无罐 泵=0 阀=111101 速=+0,+0,+0.00 电=7.89V/3.26A/峰3.58 补余=0.0 IO错=0 倾+0.0 自动3/3
[  346.989] EVT 泵 开 最差盘压-59.9
[  347.170] EVT 相位 R2 lift→transfer
[  347.202] TLM t= 228.6 L1·A@-72 L2·A@-65 L3·A@-74 R1·A@-74 R2Tr@-- R3·A@-60 罐=无罐 泵=1 阀=111101 速=+0,+0,+0.00 电=7.82V/3.42A/峰3.58 补余=0.0 IO错=0 倾+0.0 自动3/3
[  347.704] TLM t= 228.6 L1·A@-74 L2·A@-74 L3·A@-74 R1·A@-74 R2Tr@-- R3·A@-74 罐=无罐 泵=1 阀=111101 速=+0,+0,+0.00 电=7.86V/3.50A/峰3.58 补余=0.0 IO错=0 倾+0.0 自动3/3
[  347.799] EVT 相位 R2 transfer→hover
[  347.841] EVT 泵 停 最差盘压-75.1
[  348.209] TLM t= 228.6 L1·A@-76 L2·A@-76 L3·A@-76 R1·A@-76 R2Hr@-- R3·A@-76 罐=无罐 泵=0 阀=111101 速=+0,+0,+0.00 电=7.93V/2.85A/峰3.58 补余=0.0 IO错=0 倾+0.0 自动3/3
[  348.725] TLM t= 228.6 L1·A@-76 L2·A@-76 L3·A@-76 R1·A@-76 R2Hr@-- R3·A@-75 罐=无罐 泵=0 阀=111101 速=+0,+0,+0.00 电=7.91V/2.93A/峰3.58 补余=0.0 IO错=0 倾+0.0 自动3/3
[  348.804] EVT 落地：R2
[  348.822] EVT 相位 R2 hover→descend
[  349.234] TLM t= 228.6 L1·A@-76 L2·A@-75 L3·A@-76 R1·A@-76 R2Dr@-- R3·A@-74 罐=无罐 泵=0 阀=111101 速=+0,+0,+0.00 电=7.91V/3.26A/峰3.58 补余=0.0 IO错=0 倾+0.0 自动3/3
[  349.305] EVT 相位 R2 descend→press
[  349.737] TLM t= 228.6 L1·A@-76 L2·A@-75 L3·A@-76 R1·A@-75 R2Pr@-- R3·A@-74 罐=无罐 泵=0 阀=111101 速=+0,+0,+0.00 电=7.92V/3.01A/峰3.58 补余=0.0 IO错=0 倾+0.0 自动3/3
[  350.257] TLM t= 228.6 L1·A@-76 L2·A@-74 L3·A@-76 R1·A@-75 R2Pr@-- R3·A@-73 罐=无罐 泵=0 阀=111101 速=+0,+0,+0.00 电=7.90V/3.17A/峰3.58 补余=0.0 IO错=0 倾+0.0 自动3/3
[  350.508] EVT 吸附 R2 released→pressing 在态4.04s 0.0kPa
[  350.508] EVT 相位 R2 press→wait
[  350.775] TLM t= 228.6 L1·A@-76 L2·A@-74 L3·A@-76 R1·A@-75 R2Wp@-- R3·A@-72 罐=无罐 泵=0 阀=111101 速=+0,+0,+0.00 电=7.91V/3.17A/峰3.58 补余=0.0 IO错=0 倾+0.0 自动3/3
[  350.824] EVT 吸附 R2 pressing→sucking 在态0.32s 0.0kPa
[  350.824] EVT 阀 R2 →抽气位
[  350.852] EVT 泵 开 最差盘压-72.4
[  351.124] EVT 吸附 R2 sucking→attached 在态0.30s -65.9kPa
[  351.125] EVT 相位 R2 wait→stance
[  351.125] EVT 抬落完成，轮到 L3
[  351.279] TLM t= 228.7 L1·A@-75 L2·A@-73 L3·A@-76 R1·A@-75 R2·A@-70 R3·A@-72 罐=无罐 泵=1 阀=111111 速=+0,+0,+0.00 电=7.90V/3.17A/峰3.58 补余=0.0 IO错=0 倾+0.0 自动3/3
[  351.634] EVT 泵 停 最差盘压-75.1
[  351.785] TLM t= 229.2 L1·A@-76 L2·A@-76 L3·A@-76 R1·A@-75 R2·A@-76 R3·A@-76 罐=无罐 泵=0 阀=111111 速=+0,+0,+0.00 电=7.93V/3.09A/峰3.58 补余=0.0 IO错=0 倾+0.0 自动3/3
[  352.305] TLM t= 229.8 L1·A@-76 L2·A@-76 L3·A@-76 R1·A@-75 R2·A@-75 R3·A@-75 罐=无罐 泵=0 阀=111111 速=+0,+0,+0.00 电=7.92V/3.01A/峰3.58 补余=0.0 IO错=0 倾+0.0 自动3/3
[  352.806] TLM t= 230.3 L1·A@-76 L2·A@-75 L3·A@-76 R1·A@-75 R2·A@-74 R3·A@-74 罐=无罐 泵=0 阀=111111 速=+0,+0,+0.00 电=7.93V/3.09A/峰3.58 补余=0.0 IO错=0 倾+0.0 自动3/3
[  353.330] TLM t= 230.8 L1·A@-76 L2·A@-75 L3·A@-76 R1·A@-75 R2·A@-74 R3·A@-74 罐=无罐 泵=0 阀=111111 速=+0,+0,+0.00 电=7.93V/2.85A/峰3.58 补余=0.0 IO错=0 倾+0.0 自动3/3
[  353.834] TLM t= 231.3 L1·A@-76 L2·A@-74 L3·A@-76 R1·A@-75 R2·A@-73 R3·A@-73 罐=无罐 泵=0 阀=111111 速=+0,+0,+0.00 电=7.92V/3.34A/峰3.58 补余=0.0 IO错=0 倾+0.0 自动3/3
[  354.355] TLM t= 231.8 L1·A@-75 L2·A@-74 L3·A@-76 R1·A@-75 R2·A@-73 R3·A@-73 罐=无罐 泵=0 阀=111111 速=+0,+0,+0.00 电=7.90V/3.26A/峰3.58 补余=0.0 IO错=0 倾+0.0 自动3/3
[  354.862] TLM t= 232.3 L1·A@-75 L2·A@-73 L3·A@-76 R1·A@-75 R2·A@-72 R3·A@-72 罐=无罐 泵=0 阀=111111 速=+0,+0,+0.00 电=7.91V/2.85A/峰3.58 补余=0.0 IO错=0 倾+0.0 自动3/3
[  355.379] TLM t= 232.8 L1·A@-75 L2·A@-73 L3·A@-76 R1·A@-75 R2·A@-72 R3·A@-71 罐=无罐 泵=0 阀=111111 速=+0,+0,+0.00 电=7.94V/3.01A/峰3.58 补余=0.0 IO错=0 倾+0.0 自动3/3
[  355.881] TLM t= 233.3 L1·A@-75 L2·A@-72 L3·A@-75 R1·A@-75 R2·A@-71 R3·A@-71 罐=无罐 泵=0 阀=111111 速=+0,+0,+0.00 电=7.91V/3.01A/峰3.58 补余=0.0 IO错=0 倾+0.0 自动3/3
[  356.404] TLM t= 233.8 L1·A@-75 L2·A@-72 L3·A@-75 R1·A@-75 R2·A@-71 R3·A@-70 罐=无罐 泵=0 阀=111111 速=+0,+0,+0.00 电=7.93V/3.01A/峰3.58 补余=0.0 IO错=0 倾+0.0 自动3/3
[  356.908] TLM t= 234.3 L1·A@-75 L2·A@-71 L3·A@-75 R1·A@-75 R2·A@-71 R3·A@-69 罐=无罐 泵=0 阀=111111 速=+0,+0,+0.00 电=7.91V/3.09A/峰3.58 补余=0.0 IO错=0 倾+0.0 自动3/3
[  357.427] TLM t= 234.9 L1·A@-75 L2·A@-71 L3·A@-75 R1·A@-75 R2·A@-70 R3·A@-69 罐=无罐 泵=0 阀=111111 速=+0,+0,+0.00 电=7.92V/2.93A/峰3.58 补余=0.0 IO错=0 倾+0.0 自动3/3
[  357.934] TLM t= 235.4 L1·A@-75 L2·A@-70 L3·A@-75 R1·A@-75 R2·A@-70 R3·A@-68 罐=无罐 泵=0 阀=111111 速=+0,+0,+0.00 电=7.89V/2.85A/峰3.58 补余=0.0 IO错=0 倾+0.0 自动3/3
[  358.451] TLM t= 235.9 L1·A@-75 L2·A@-70 L3·A@-75 R1·A@-75 R2·A@-69 R3·A@-67 罐=无罐 泵=0 阀=111111 速=+0,+0,+0.00 电=7.93V/2.93A/峰3.58 补余=0.0 IO错=0 倾+0.0 自动3/3
[  358.954] TLM t= 236.4 L1·A@-75 L2·A@-70 L3·A@-75 R1·A@-75 R2·A@-69 R3·A@-67 罐=无罐 泵=0 阀=111111 速=+0,+0,+0.00 电=7.93V/2.85A/峰3.58 补余=0.0 IO错=0 倾+0.0 自动3/3
[  359.480] TLM t= 236.9 L1·A@-75 L2·A@-69 L3·A@-75 R1·A@-75 R2·A@-69 R3·A@-66 罐=无罐 泵=0 阀=111111 速=+0,+0,+0.00 电=7.91V/3.09A/峰3.58 补余=0.0 IO错=0 倾+0.0 自动3/3
[  359.983] TLM t= 237.4 L1·A@-75 L2·A@-69 L3·A@-75 R1·A@-74 R2·A@-68 R3·A@-65 罐=无罐 泵=0 阀=111111 速=+0,+0,+0.00 电=7.94V/3.01A/峰3.58 补余=0.0 IO错=0 倾+0.0 自动3/3
[  360.506] TLM t= 237.9 L1·A@-74 L2·A@-68 L3·A@-75 R1·A@-74 R2·A@-68 R3·A@-65 罐=无罐 泵=0 阀=111111 速=+0,+0,+0.00 电=7.94V/2.93A/峰3.58 补余=0.0 IO错=0 倾+0.0 自动3/3
[  361.009] TLM t= 238.4 L1·A@-74 L2·A@-68 L3·A@-75 R1·A@-74 R2·A@-67 R3·A@-64 罐=无罐 泵=0 阀=111111 速=+0,+0,+0.00 电=7.92V/3.01A/峰3.58 补余=0.0 IO错=0 倾+0.0 自动3/3
[  361.161] EVT 原地抬起受理：L3
[  361.181] EVT 相位 L3 stance→handover
[  361.529] TLM t= 239.8 L1·A@-74 L2·A@-67 L3ZA@-75 R1·A@-74 R2·A@-67 R3·A@-63 罐=无罐 泵=0 阀=111111 速=+0,+0,+0.00 电=7.93V/2.85A/峰3.58 补余=0.0 IO错=0 倾+0.0 自动3/3
[  362.032] TLM t= 240.0 L1·A@-74 L2·A@-67 L3ZA@-75 R1·A@-74 R2·A@-67 R3·A@-63 罐=无罐 泵=0 阀=111111 速=+0,+0,+0.00 电=7.96V/2.52A/峰3.58 补余=0.0 IO错=0 倾+0.0 自动3/3
[  362.557] TLM t= 240.0 L1·A@-74 L2·A@-67 L3ZA@-75 R1·A@-74 R2·A@-66 R3·A@-62 罐=无罐 泵=0 阀=111111 速=+0,+0,+0.00 电=7.96V/2.52A/峰3.58 补余=0.0 IO错=0 倾+0.0 自动3/3
[  363.057] TLM t= 240.0 L1·A@-74 L2·A@-66 L3ZA@-75 R1·A@-74 R2·A@-66 R3·A@-62 罐=无罐 泵=0 阀=111111 速=+0,+0,+0.00 电=7.94V/2.60A/峰3.58 补余=0.0 IO错=0 倾+0.0 自动3/3
[  363.584] TLM t= 240.0 L1·A@-74 L2·A@-66 L3ZA@-75 R1·A@-74 R2·A@-66 R3·A@-61 罐=无罐 泵=0 阀=111111 速=+0,+0,+0.00 电=7.93V/2.69A/峰3.58 补余=0.0 IO错=0 倾+0.0 自动3/3
[  364.078] EVT 吸附 L3 attached→venting 在态106.50s -74.5kPa
[  364.078] EVT 相位 L3 handover→vent 落点Δ(+0.0,+0.0)
[  364.089] TLM t= 240.0 L1·A@-74 L2·A@-65 L3Vv@-75 R1·A@-74 R2·A@-65 R3·A@-60 罐=无罐 泵=0 阀=111111 速=+0,+0,+0.00 电=7.92V/2.85A/峰3.58 补余=0.0 IO错=0 倾+0.0 自动3/3
[  364.090] EVT 阀 L3 →排气位
[  364.376] EVT 相位 L3 vent→lift
[  364.376] EVT 泵 开 最差盘压-59.9
[  364.499] EVT 吸附 L3 venting→released 在态0.42s 0.1kPa
[  364.606] TLM t= 240.0 L1·A@-74 L2·A@-65 L3Lr@-- R1·A@-74 R2·A@-65 R3·A@-60 罐=无罐 泵=1 阀=110111 速=+0,+0,+0.00 电=7.83V/3.09A/峰3.58 补余=0.0 IO错=0 倾+0.0 自动3/3
[  365.108] TLM t= 240.0 L1·A@-74 L2·A@-75 L3Lr@-- R1·A@-74 R2·A@-74 R3·A@-74 罐=无罐 泵=1 阀=110111 速=+0,+0,+0.00 电=7.85V/2.77A/峰3.58 补余=0.0 IO错=0 倾+0.0 自动3/3
[  365.221] EVT 相位 L3 lift→transfer
[  365.264] EVT 泵 停 最差盘压-75.2
[  365.636] TLM t= 240.0 L1·A@-76 L2·A@-76 L3Tr@-- R1·A@-76 R2·A@-76 R3·A@-76 罐=无罐 泵=0 阀=110111 速=+0,+0,+0.00 电=7.93V/2.85A/峰3.58 补余=0.0 IO错=0 倾+0.0 自动3/3
[  365.842] EVT 相位 L3 transfer→hover
[  366.138] TLM t= 240.0 L1·A@-76 L2·A@-76 L3Hr@-- R1·A@-76 R2·A@-75 R3·A@-75 罐=无罐 泵=0 阀=110111 速=+0,+0,+0.00 电=7.91V/3.01A/峰3.58 补余=0.0 IO错=0 倾+0.0 自动3/3
[  366.661] TLM t= 240.0 L1·A@-76 L2·A@-75 L3Hr@-- R1·A@-76 R2·A@-75 R3·A@-75 罐=无罐 泵=0 阀=110111 速=+0,+0,+0.00 电=7.91V/3.01A/峰3.58 补余=0.0 IO错=0 倾+0.0 自动3/3
[  366.857] EVT 落地：L3
[  366.871] EVT 相位 L3 hover→descend
[  367.167] TLM t= 240.0 L1·A@-76 L2·A@-75 L3Dr@-- R1·A@-75 R2·A@-74 R3·A@-74 罐=无罐 泵=0 阀=110111 速=+0,+0,+0.00 电=7.91V/2.85A/峰3.58 补余=0.0 IO错=0 倾+0.0 自动3/3
[  367.353] EVT 相位 L3 descend→press
[  367.690] TLM t= 240.0 L1·A@-76 L2·A@-74 L3Pr@-- R1·A@-75 R2·A@-74 R3·A@-73 罐=无罐 泵=0 阀=110111 速=+0,+0,+0.00 电=7.93V/2.85A/峰3.58 补余=0.0 IO错=0 倾+0.0 自动3/3
[  368.190] TLM t= 240.0 L1·A@-76 L2·A@-74 L3Pr@-- R1·A@-75 R2·A@-74 R3·A@-73 罐=无罐 泵=0 阀=110111 速=+0,+0,+0.00 电=7.93V/2.77A/峰3.58 补余=0.0 IO错=0 倾+0.0 自动3/3
[  368.557] EVT 吸附 L3 released→pressing 在态4.04s 0.1kPa
[  368.558] EVT 相位 L3 press→wait
[  368.714] TLM t= 240.0 L1·A@-76 L2·A@-73 L3Wp@-- R1·A@-75 R2·A@-73 R3·A@-72 罐=无罐 泵=0 阀=110111 速=+0,+0,+0.00 电=7.92V/2.69A/峰3.58 补余=0.0 IO错=0 倾+0.0 自动3/3
[  368.886] EVT 吸附 L3 pressing→sucking 在态0.32s 0.1kPa
[  368.887] EVT 阀 L3 →抽气位
[  368.907] EVT 泵 开 最差盘压-71.5
[  369.182] EVT 吸附 L3 sucking→attached 在态0.30s -55.7kPa
[  369.188] EVT 相位 L3 wait→stance
[  369.188] EVT 抬落完成，轮到 R1
[  369.216] TLM t= 240.0 L1·A@-76 L2·A@-73 L3·A@-59 R1·A@-75 R2·A@-73 R3·A@-71 罐=无罐 泵=1 阀=111111 速=+0,+0,+0.00 电=7.87V/2.85A/峰3.58 补余=0.0 IO错=0 倾+0.0 自动3/3
[  369.742] TLM t= 240.5 L1·A@-76 L2·A@-75 L3·A@-74 R1·A@-75 R2·A@-75 R3·A@-74 罐=无罐 泵=1 阀=111111 速=+0,+0,+0.00 电=7.91V/2.85A/峰3.58 补余=0.0 IO错=0 倾+0.0 自动3/3
[  369.786] EVT 泵 停 最差盘压-75.1
[  370.255] TLM t= 241.0 L1·A@-76 L2·A@-76 L3·A@-76 R1·A@-75 R2·A@-75 R3·A@-75 罐=无罐 泵=0 阀=111111 速=+0,+0,+0.00 电=7.91V/2.85A/峰3.58 补余=0.0 IO错=0 倾+0.0 自动3/3
[  370.760] TLM t= 241.5 L1·A@-76 L2·A@-75 L3·A@-75 R1·A@-75 R2·A@-75 R3·A@-75 罐=无罐 泵=0 阀=111111 速=+0,+0,+0.00 电=7.93V/3.01A/峰3.58 补余=0.0 IO错=0 倾+0.0 自动3/3
[  371.282] TLM t= 242.1 L1·A@-76 L2·A@-75 L3·A@-75 R1·A@-75 R2·A@-75 R3·A@-74 罐=无罐 泵=0 阀=111111 速=+0,+0,+0.00 电=7.90V/2.93A/峰3.58 补余=0.0 IO错=0 倾+0.0 自动3/3
[  371.785] TLM t= 242.6 L1·A@-76 L2·A@-74 L3·A@-75 R1·A@-75 R2·A@-74 R3·A@-73 罐=无罐 泵=0 阀=111111 速=+0,+0,+0.00 电=7.91V/3.09A/峰3.58 补余=0.0 IO错=0 倾+0.0 自动3/3
[  372.307] TLM t= 243.1 L1·A@-75 L2·A@-74 L3·A@-75 R1·A@-75 R2·A@-74 R3·A@-73 罐=无罐 泵=0 阀=111111 速=+0,+0,+0.00 电=7.92V/3.01A/峰3.58 补余=0.0 IO错=0 倾+0.0 自动3/3
[  372.811] TLM t= 243.6 L1·A@-75 L2·A@-73 L3·A@-75 R1·A@-75 R2·A@-73 R3·A@-72 罐=无罐 泵=0 阀=111111 速=+0,+0,+0.00 电=7.92V/2.93A/峰3.58 补余=0.0 IO错=0 倾+0.0 自动3/3
[  373.335] TLM t= 244.1 L1·A@-75 L2·A@-73 L3·A@-75 R1·A@-75 R2·A@-73 R3·A@-71 罐=无罐 泵=0 阀=111111 速=+0,+0,+0.00 电=7.93V/3.01A/峰3.58 补余=0.0 IO错=0 倾+0.0 自动3/3
[  373.833] TLM t= 244.6 L1·A@-75 L2·A@-72 L3·A@-75 R1·A@-74 R2·A@-72 R3·A@-71 罐=无罐 泵=0 阀=111111 速=+0,+0,+0.00 电=7.94V/2.85A/峰3.58 补余=0.0 IO错=0 倾+0.0 自动3/3
[  374.359] TLM t= 245.1 L1·A@-75 L2·A@-72 L3·A@-75 R1·A@-74 R2·A@-72 R3·A@-70 罐=无罐 泵=0 阀=111111 速=+0,+0,+0.00 电=7.93V/3.09A/峰3.58 补余=0.0 IO错=0 倾+0.0 自动3/3
[  374.861] TLM t= 245.6 L1·A@-75 L2·A@-71 L3·A@-75 R1·A@-74 R2·A@-72 R3·A@-69 罐=无罐 泵=0 阀=111111 速=+0,+0,+0.00 电=7.91V/2.93A/峰3.58 补余=0.0 IO错=0 倾+0.0 自动3/3
[  375.383] TLM t= 246.1 L1·A@-75 L2·A@-71 L3·A@-74 R1·A@-74 R2·A@-71 R3·A@-69 罐=无罐 泵=0 阀=111111 速=+0,+0,+0.00 电=7.92V/2.93A/峰3.58 补余=0.0 IO错=0 倾+0.0 自动3/3
[  375.885] TLM t= 246.6 L1·A@-75 L2·A@-71 L3·A@-74 R1·A@-74 R2·A@-71 R3·A@-68 罐=无罐 泵=0 阀=111111 速=+0,+0,+0.00 电=7.91V/3.01A/峰3.58 补余=0.0 IO错=0 倾+0.0 自动3/3
[  376.411] TLM t= 247.2 L1·A@-75 L2·A@-70 L3·A@-74 R1·A@-74 R2·A@-71 R3·A@-67 罐=无罐 泵=0 阀=111111 速=+0,+0,+0.00 电=7.92V/2.93A/峰3.58 补余=0.0 IO错=0 倾+0.0 自动3/3
[  376.910] TLM t= 247.7 L1·A@-75 L2·A@-70 L3·A@-74 R1·A@-74 R2·A@-70 R3·A@-67 罐=无罐 泵=0 阀=111111 速=+0,+0,+0.00 电=7.93V/2.85A/峰3.58 补余=0.0 IO错=0 倾+0.0 自动3/3
[  377.434] TLM t= 248.2 L1·A@-75 L2·A@-69 L3·A@-74 R1·A@-74 R2·A@-70 R3·A@-66 罐=无罐 泵=0 阀=111111 速=+0,+0,+0.00 电=7.93V/2.93A/峰3.58 补余=0.0 IO错=0 倾+0.0 自动3/3
[  377.936] TLM t= 248.7 L1·A@-75 L2·A@-69 L3·A@-74 R1·A@-74 R2·A@-69 R3·A@-65 罐=无罐 泵=0 阀=111111 速=+0,+0,+0.00 电=7.93V/2.85A/峰3.58 补余=0.0 IO错=0 倾+0.0 自动3/3
[  378.459] TLM t= 249.2 L1·A@-75 L2·A@-68 L3·A@-74 R1·A@-74 R2·A@-69 R3·A@-65 罐=无罐 泵=0 阀=111111 速=+0,+0,+0.00 电=7.93V/2.77A/峰3.58 补余=0.0 IO错=0 倾+0.0 自动3/3
[  378.961] TLM t= 249.7 L1·A@-74 L2·A@-68 L3·A@-74 R1·A@-74 R2·A@-69 R3·A@-64 罐=无罐 泵=0 阀=111111 速=+0,+0,+0.00 电=7.92V/2.93A/峰3.58 补余=0.0 IO错=0 倾+0.0 自动3/3
[  379.207] EVT 原地抬起受理：R1
[  379.235] EVT 相位 R1 stance→handover
[  379.487] TLM t= 251.1 L1·A@-74 L2·A@-67 L3·A@-74 R1ZA@-74 R2·A@-68 R3·A@-63 罐=无罐 泵=0 阀=111111 速=+0,+0,+0.00 电=7.93V/2.52A/峰3.58 补余=0.0 IO错=0 倾+0.0 自动3/3
[  379.985] TLM t= 251.4 L1·A@-74 L2·A@-67 L3·A@-74 R1ZA@-74 R2·A@-68 R3·A@-63 罐=无罐 泵=0 阀=111111 速=+0,+0,+0.00 电=7.97V/2.12A/峰3.58 补余=0.0 IO错=0 倾+0.0 自动3/3
[  380.513] TLM t= 251.4 L1·A@-74 L2·A@-67 L3·A@-74 R1ZA@-74 R2·A@-68 R3·A@-62 罐=无罐 泵=0 阀=111111 速=+0,+0,+0.00 电=7.97V/2.04A/峰3.58 补余=0.0 IO错=0 倾+0.0 自动3/3
[  381.012] TLM t= 251.4 L1·A@-74 L2·A@-66 L3·A@-74 R1ZA@-74 R2·A@-67 R3·A@-62 罐=无罐 泵=0 阀=111111 速=+0,+0,+0.00 电=7.95V/2.12A/峰3.58 补余=0.0 IO错=0 倾+0.0 自动3/3
[  381.534] TLM t= 251.4 L1·A@-74 L2·A@-66 L3·A@-74 R1ZA@-74 R2·A@-67 R3·A@-61 罐=无罐 泵=0 阀=111111 速=+0,+0,+0.00 电=7.96V/2.04A/峰3.58 补余=0.0 IO错=0 倾+0.0 自动3/3
[  382.041] TLM t= 251.4 L1·A@-74 L2·A@-65 L3·A@-73 R1ZA@-73 R2·A@-67 R3·A@-61 罐=无罐 泵=0 阀=111111 速=+0,+0,+0.00 电=7.97V/2.20A/峰3.58 补余=0.0 IO错=0 倾+0.0 自动3/3
[  382.528] EVT 吸附 R1 attached→venting 在态106.48s -73.4kPa
[  382.528] EVT 相位 R1 handover→vent 落点Δ(+0.0,+0.0)
[  382.537] TLM t= 251.4 L1·A@-74 L2·A@-65 L3·A@-73 R1Vv@-73 R2·A@-66 R3·A@-60 罐=无罐 泵=0 阀=111111 速=+0,+0,+0.00 电=7.93V/2.36A/峰3.58 补余=0.0 IO错=0 倾+0.0 自动3/3
[  382.556] EVT 阀 R1 →排气位
[  382.829] EVT 相位 R1 vent→lift
[  382.917] EVT 泵 开 最差盘压-59.9
[  382.951] EVT 吸附 R1 venting→released 在态0.42s -0.1kPa
[  383.048] TLM t= 251.4 L1·A@-74 L2·A@-65 L3·A@-73 R1Lr@-- R2·A@-66 R3·A@-60 罐=无罐 泵=1 阀=111011 速=+0,+0,+0.00 电=7.89V/2.60A/峰3.58 补余=0.0 IO错=0 倾+0.0 自动3/3
[  383.551] TLM t= 251.4 L1·A@-74 L2·A@-73 L3·A@-73 R1Lr@-- R2·A@-73 R3·A@-73 罐=无罐 泵=1 阀=111011 速=+0,+0,+0.00 电=7.86V/2.77A/峰3.58 补余=0.0 IO错=0 倾+0.0 自动3/3
[  383.675] EVT 相位 R1 lift→transfer
[  383.780] EVT 泵 停 最差盘压-75.3
[  384.070] TLM t= 251.4 L1·A@-76 L2·A@-76 L3·A@-76 R1Tr@-- R2·A@-76 R3·A@-76 罐=无罐 泵=0 阀=111011 速=+0,+0,+0.00 电=7.92V/2.52A/峰3.58 补余=0.0 IO错=0 倾+0.0 自动3/3
[  384.304] EVT 相位 R1 transfer→hover
[  384.588] TLM t= 251.4 L1·A@-76 L2·A@-75 L3·A@-76 R1Hr@-- R2·A@-75 R3·A@-75 罐=无罐 泵=0 阀=111011 速=+0,+0,+0.00 电=7.91V/2.52A/峰3.58 补余=0.0 IO错=0 倾+0.0 自动3/3
[  385.098] TLM t= 251.4 L1·A@-76 L2·A@-75 L3·A@-76 R1Hr@-- R2·A@-75 R3·A@-74 罐=无罐 泵=0 阀=111011 速=+0,+0,+0.00 电=7.94V/2.69A/峰3.58 补余=0.0 IO错=0 倾+0.0 自动3/3
[  385.306] EVT 落地：R1
[  385.334] EVT 相位 R1 hover→descend
[  385.605] TLM t= 251.4 L1·A@-76 L2·A@-74 L3·A@-76 R1Dr@-- R2·A@-74 R3·A@-73 罐=无罐 泵=0 阀=111011 速=+0,+0,+0.00 电=7.92V/2.60A/峰3.58 补余=0.0 IO错=0 倾+0.0 自动3/3
[  385.815] EVT 相位 R1 descend→press
[  386.127] TLM t= 251.4 L1·A@-75 L2·A@-74 L3·A@-75 R1Pr@-- R2·A@-74 R3·A@-73 罐=无罐 泵=0 阀=111011 速=+0,+0,+0.00 电=7.92V/2.44A/峰3.58 补余=0.0 IO错=0 倾+0.0 自动3/3
[  386.628] TLM t= 251.4 L1·A@-75 L2·A@-73 L3·A@-75 R1Pr@-- R2·A@-73 R3·A@-72 罐=无罐 泵=0 阀=111011 速=+0,+0,+0.00 电=7.94V/2.60A/峰3.58 补余=0.0 IO错=0 倾+0.0 自动3/3
[  387.022] EVT 吸附 R1 released→pressing 在态4.04s -0.1kPa
[  387.023] EVT 相位 R1 press→wait
[  387.153] TLM t= 251.4 L1·A@-75 L2·A@-73 L3·A@-75 R1Wp@-- R2·A@-73 R3·A@-71 罐=无罐 泵=0 阀=111011 速=+0,+0,+0.00 电=7.93V/2.60A/峰3.58 补余=0.0 IO错=0 倾+0.0 自动3/3
[  387.343] EVT 吸附 R1 pressing→sucking 在态0.32s -0.1kPa
[  387.344] EVT 阀 R1 →抽气位
[  387.361] EVT 泵 开 最差盘压-71.1
[  387.653] TLM t= 251.4 L1·A@-75 L2·A@-72 L3·A@-75 R1Ws@-62 R2·A@-73 R3·A@-71 罐=无罐 泵=1 阀=111111 速=+0,+0,+0.00 电=7.92V/2.52A/峰3.58 补余=0.0 IO错=0 倾+0.0 自动3/3
[  387.701] EVT 吸附 R1 sucking→attached 在态0.36s -65.1kPa
[  387.705] EVT 相位 R1 wait→stance
[  387.705] EVT 抬落完成，轮到 L2
[  388.144] EVT 泵 停 最差盘压-75.2
[  388.178] TLM t= 251.9 L1·A@-76 L2·A@-76 L3·A@-76 R1·A@-75 R2·A@-76 R3·A@-76 罐=无罐 泵=0 阀=111111 速=+0,+0,+0.00 电=7.95V/2.28A/峰3.58 补余=0.0 IO错=0 倾+0.0 自动3/3
[  388.679] TLM t= 252.4 L1·A@-76 L2·A@-76 L3·A@-76 R1·A@-76 R2·A@-76 R3·A@-76 罐=无罐 泵=0 阀=111111 速=+0,+0,+0.00 电=7.94V/2.28A/峰3.58 补余=0.0 IO错=0 倾+0.0 自动3/3
[  389.202] TLM t= 252.9 L1·A@-76 L2·A@-75 L3·A@-76 R1·A@-75 R2·A@-75 R3·A@-75 罐=无罐 泵=0 阀=111111 速=+0,+0,+0.00 电=7.95V/2.44A/峰3.58 补余=0.0 IO错=0 倾+0.0 自动3/3
[  389.703] TLM t= 253.4 L1·A@-76 L2·A@-75 L3·A@-76 R1·A@-75 R2·A@-75 R3·A@-74 罐=无罐 泵=0 阀=111111 速=+0,+0,+0.00 电=7.96V/2.52A/峰3.58 补余=0.0 IO错=0 倾+0.0 自动3/3
[  390.227] TLM t= 253.9 L1·A@-76 L2·A@-74 L3·A@-76 R1·A@-75 R2·A@-74 R3·A@-74 罐=无罐 泵=0 阀=111111 速=+0,+0,+0.00 电=7.96V/2.52A/峰3.58 补余=0.0 IO错=0 倾+0.0 自动3/3
[  390.729] TLM t= 254.4 L1·A@-76 L2·A@-74 L3·A@-76 R1·A@-75 R2·A@-74 R3·A@-73 罐=无罐 泵=0 阀=111111 速=+0,+0,+0.00 电=7.94V/2.60A/峰3.58 补余=0.0 IO错=0 倾+0.0 自动3/3
[  391.253] TLM t= 254.9 L1·A@-76 L2·A@-74 L3·A@-76 R1·A@-75 R2·A@-74 R3·A@-72 罐=无罐 泵=0 阀=111111 速=+0,+0,+0.00 电=7.95V/2.52A/峰3.58 补余=0.0 IO错=0 倾+0.0 自动3/3
[  391.756] TLM t= 255.4 L1·A@-76 L2·A@-73 L3·A@-76 R1·A@-75 R2·A@-73 R3·A@-72 罐=无罐 泵=0 阀=111111 速=+0,+0,+0.00 电=7.94V/2.44A/峰3.58 补余=0.0 IO错=0 倾+0.0 自动3/3
[  392.279] TLM t= 255.9 L1·A@-76 L2·A@-73 L3·A@-76 R1·A@-75 R2·A@-73 R3·A@-71 罐=无罐 泵=0 阀=111111 速=+0,+0,+0.00 电=7.94V/2.44A/峰3.58 补余=0.0 IO错=0 倾+0.0 自动3/3
[  392.781] TLM t= 256.4 L1·A@-75 L2·A@-72 L3·A@-76 R1·A@-75 R2·A@-72 R3·A@-70 罐=无罐 泵=0 阀=111111 速=+0,+0,+0.00 电=7.95V/2.44A/峰3.58 补余=0.0 IO错=0 倾+0.0 自动3/3
[  393.307] TLM t= 257.0 L1·A@-75 L2·A@-72 L3·A@-76 R1·A@-75 R2·A@-72 R3·A@-70 罐=无罐 泵=0 阀=111111 速=+0,+0,+0.00 电=7.94V/2.36A/峰3.58 补余=0.0 IO错=0 倾+0.0 自动3/3
[  393.810] TLM t= 257.5 L1·A@-75 L2·A@-71 L3·A@-76 R1·A@-75 R2·A@-72 R3·A@-69 罐=无罐 泵=0 阀=111111 速=+0,+0,+0.00 电=7.93V/2.52A/峰3.58 补余=0.0 IO错=0 倾+0.0 自动3/3
[  394.332] TLM t= 258.0 L1·A@-75 L2·A@-71 L3·A@-75 R1·A@-74 R2·A@-71 R3·A@-68 罐=无罐 泵=0 阀=111111 速=+0,+0,+0.00 电=7.94V/2.44A/峰3.58 补余=0.0 IO错=0 倾+0.0 自动3/3
[  394.831] TLM t= 258.5 L1·A@-75 L2·A@-70 L3·A@-75 R1·A@-74 R2·A@-71 R3·A@-67 罐=无罐 泵=0 阀=111111 速=+0,+0,+0.00 电=7.94V/2.44A/峰3.58 补余=0.0 IO错=0 倾+0.0 自动3/3
[  395.356] TLM t= 259.0 L1·A@-75 L2·A@-70 L3·A@-75 R1·A@-74 R2·A@-70 R3·A@-67 罐=无罐 泵=0 阀=111111 速=+0,+0,+0.00 电=7.93V/2.52A/峰3.58 补余=0.0 IO错=0 倾+0.0 自动3/3
[  395.874] TLM t= 259.5 L1·A@-75 L2·A@-69 L3·A@-75 R1·A@-74 R2·A@-70 R3·A@-66 罐=无罐 泵=0 阀=111111 速=+0,+0,+0.00 电=7.92V/2.52A/峰3.58 补余=0.0 IO错=0 倾+0.0 自动3/3
[  396.379] TLM t= 260.0 L1·A@-75 L2·A@-69 L3·A@-75 R1·A@-74 R2·A@-70 R3·A@-65 罐=无罐 泵=0 阀=111111 速=+0,+0,+0.00 电=7.93V/2.52A/峰3.58 补余=0.0 IO错=0 倾+0.0 自动3/3
[  396.899] TLM t= 260.5 L1·A@-75 L2·A@-69 L3·A@-75 R1·A@-74 R2·A@-69 R3·A@-65 罐=无罐 泵=0 阀=111111 速=+0,+0,+0.00 电=7.94V/2.44A/峰3.58 补余=0.0 IO错=0 倾+0.0 自动3/3
[  397.397] TLM t= 261.0 L1·A@-75 L2·A@-68 L3·A@-75 R1·A@-74 R2·A@-69 R3·A@-64 罐=无罐 泵=0 阀=111111 速=+0,+0,+0.00 电=7.93V/2.44A/峰3.58 补余=0.0 IO错=0 倾+0.0 自动3/3
[  397.752] EVT 原地抬起受理：L2
[  397.764] EVT 相位 L2 stance→handover
[  397.924] TLM t= 262.4 L1·A@-75 L2ZA@-68 L3·A@-75 R1·A@-74 R2·A@-69 R3·A@-64 罐=无罐 泵=0 阀=111111 速=+0,+0,+0.00 电=7.93V/2.60A/峰3.58 补余=0.0 IO错=0 倾+0.0 自动3/3
[  398.424] TLM t= 262.8 L1·A@-75 L2ZA@-67 L3·A@-75 R1·A@-74 R2·A@-68 R3·A@-63 罐=无罐 泵=0 阀=111111 速=+0,+0,+0.00 电=7.94V/2.60A/峰3.58 补余=0.0 IO错=0 倾+0.0 自动3/3
[  398.947] TLM t= 262.8 L1·A@-75 L2ZA@-67 L3·A@-75 R1·A@-74 R2·A@-68 R3·A@-62 罐=无罐 泵=0 阀=111111 速=+0,+0,+0.00 电=7.93V/2.52A/峰3.58 补余=0.0 IO错=0 倾+0.0 自动3/3
[  399.449] TLM t= 262.8 L1·A@-74 L2ZA@-66 L3·A@-75 R1·A@-74 R2·A@-68 R3·A@-62 罐=无罐 泵=0 阀=111111 速=+0,+0,+0.00 电=7.92V/2.77A/峰3.58 补余=0.0 IO错=0 倾+0.0 自动3/3
[  399.974] TLM t= 262.8 L1·A@-74 L2ZA@-66 L3·A@-75 R1·A@-74 R2·A@-67 R3·A@-61 罐=无罐 泵=0 阀=111111 速=+0,+0,+0.00 电=7.92V/3.09A/峰3.58 补余=0.0 IO错=0 倾+0.0 自动3/3
[  400.164] EVT 吸附 L2 attached→venting 在态106.54s -65.7kPa
[  400.164] EVT 相位 L2 handover→vent 落点Δ(+0.0,+0.0)
[  400.177] EVT 阀 L2 →排气位
[  400.462] EVT 相位 L2 vent→lift
[  400.475] TLM t= 262.8 L1·A@-74 L2Lv@-66 L3·A@-75 R1·A@-74 R2·A@-67 R3·A@-60 罐=无罐 泵=0 阀=101111 速=+0,+0,+0.00 电=7.88V/3.09A/峰3.58 补余=0.0 IO错=0 倾+0.0 自动3/3
[  400.585] EVT 吸附 L2 venting→released 在态0.42s 0.4kPa
[  400.823] EVT 泵 开 最差盘压-59.9
[  400.994] TLM t= 262.8 L1·A@-74 L2Lr@-- L3·A@-75 R1·A@-74 R2·A@-67 R3·A@-60 罐=无罐 泵=1 阀=101111 速=+0,+0,+0.00 电=7.84V/2.85A/峰3.58 补余=0.0 IO错=0 倾+0.0 自动3/3
[  401.305] EVT 相位 L2 lift→transfer
[  401.510] TLM t= 262.8 L1·A@-74 L2Tr@-- L3·A@-75 R1·A@-74 R2·A@-74 R3·A@-74 罐=无罐 泵=1 阀=101111 速=+0,+0,+0.00 电=7.82V/3.50A/峰3.58 补余=0.0 IO错=0 倾+0.0 自动3/3
[  401.648] EVT 泵 停 最差盘压-75.3
[  401.922] EVT 相位 L2 transfer→hover
[  402.018] TLM t= 262.8 L1·A@-76 L2Hr@-- L3·A@-76 R1·A@-76 R2·A@-76 R3·A@-76 罐=无罐 泵=0 阀=101111 速=+0,+0,+0.00 电=7.90V/2.93A/峰3.58 补余=0.0 IO错=0 倾+0.0 自动3/3
[  402.531] TLM t= 262.8 L1·A@-76 L2Hr@-- L3·A@-76 R1·A@-76 R2·A@-75 R3·A@-75 罐=无罐 泵=0 阀=101111 速=+0,+0,+0.00 电=7.91V/3.17A/峰3.58 补余=0.0 IO错=0 倾+0.0 自动3/3
[  402.929] EVT 落地：L2
[  402.944] EVT 相位 L2 hover→descend
[  403.040] TLM t= 262.8 L1·A@-76 L2Dr@-- L3·A@-76 R1·A@-76 R2·A@-75 R3·A@-75 罐=无罐 泵=0 阀=101111 速=+0,+0,+0.00 电=7.88V/3.34A/峰3.58 补余=0.0 IO错=0 倾+0.0 自动3/3
[  403.426] EVT 相位 L2 descend→press
[  403.555] TLM t= 262.8 L1·A@-76 L2Pr@-- L3·A@-76 R1·A@-76 R2·A@-75 R3·A@-74 罐=无罐 泵=0 阀=101111 速=+0,+0,+0.00 电=7.89V/2.93A/峰3.58 补余=0.0 IO错=0 倾+0.0 自动3/3
[  404.065] TLM t= 262.8 L1·A@-76 L2Pr@-- L3·A@-76 R1·A@-76 R2·A@-74 R3·A@-73 罐=无罐 泵=0 阀=101111 速=+0,+0,+0.00 电=7.87V/3.26A/峰3.58 补余=0.0 IO错=0 倾+0.0 自动3/3
[  404.583] TLM t= 262.8 L1·A@-76 L2Pr@-- L3·A@-76 R1·A@-75 R2·A@-74 R3·A@-72 罐=无罐 泵=0 阀=101111 速=+0,+0,+0.00 电=7.88V/3.34A/峰3.58 补余=0.0 IO错=0 倾+0.0 自动3/3
[  404.629] EVT 吸附 L2 released→pressing 在态4.04s 0.4kPa
[  404.629] EVT 相位 L2 press→wait
[  404.958] EVT 吸附 L2 pressing→sucking 在态0.32s 0.4kPa
[  404.958] EVT 阀 L2 →抽气位
[  404.978] EVT 泵 开 最差盘压-71.9
[  405.089] TLM t= 262.8 L1·A@-76 L2Ws@-37 L3·A@-76 R1·A@-75 R2·A@-73 R3·A@-72 罐=无罐 泵=1 阀=111111 速=+0,+0,+0.00 电=7.87V/3.09A/峰3.58 补余=0.0 IO错=0 倾+0.0 自动3/3
[  405.253] EVT 吸附 L2 sucking→attached 在态0.30s -64.3kPa
[  405.259] EVT 相位 L2 wait→stance
[  405.260] EVT 抬落完成，轮到 R3
[  405.260] EVT 自动轮换：第 3 轮完成
[  405.588] TLM t= 263.1 L1·A@-76 L2·A@-74 L3·A@-76 R1·A@-75 R2·A@-74 R3·A@-74 罐=无罐 泵=1 阀=111111 速=+0,+0,+0.00 电=7.83V/3.17A/峰3.58 补余=0.0 IO错=0 倾+0.0 自动3/3
[  405.681] EVT 泵 停 最差盘压-75.1
[  406.110] TLM t= 263.6 L1·A@-76 L2·A@-76 L3·A@-76 R1·A@-75 R2·A@-75 R3·A@-76 罐=无罐 泵=0 阀=111111 速=+0,+0,+0.00 电=7.90V/3.09A/峰3.58 补余=0.0 IO错=0 倾+0.0 自动3/3
[  406.611] TLM t= 264.1 L1·A@-76 L2·A@-75 L3·A@-76 R1·A@-75 R2·A@-75 R3·A@-75 罐=无罐 泵=0 阀=111111 速=+0,+0,+0.00 电=7.91V/3.17A/峰3.58 补余=0.0 IO错=0 倾+0.0 自动3/3
[  407.143] TLM t= 264.7 L1·A@-76 L2·A@-75 L3·A@-76 R1·A@-75 R2·A@-75 R3·A@-74 罐=无罐 泵=0 阀=111111 速=+0,+0,+0.00 电=7.90V/3.09A/峰3.58 补余=0.0 IO错=0 倾+0.0 自动3/3
[  407.644] TLM t= 265.2 L1·A@-76 L2·A@-74 L3·A@-76 R1·A@-75 R2·A@-74 R3·A@-74 罐=无罐 泵=0 阀=111111 速=+0,+0,+0.00 电=7.90V/3.09A/峰3.58 补余=0.0 IO错=0 倾+0.0 自动3/3
[  408.168] TLM t= 265.7 L1·A@-76 L2·A@-73 L3·A@-76 R1·A@-75 R2·A@-74 R3·A@-73 罐=无罐 泵=0 阀=111111 速=+0,+0,+0.00 电=7.89V/3.09A/峰3.58 补余=0.0 IO错=0 倾+0.0 自动3/3
[  408.669] TLM t= 266.2 L1·A@-76 L2·A@-73 L3·A@-76 R1·A@-75 R2·A@-73 R3·A@-72 罐=无罐 泵=0 阀=111111 速=+0,+0,+0.00 电=7.90V/3.01A/峰3.58 补余=0.0 IO错=0 倾+0.0 自动3/3
[  409.193] TLM t= 266.7 L1·A@-76 L2·A@-72 L3·A@-76 R1·A@-75 R2·A@-73 R3·A@-72 罐=无罐 泵=0 阀=111111 速=+0,+0,+0.00 电=7.89V/3.17A/峰3.58 补余=0.0 IO错=0 倾+0.0 自动3/3
[  409.691] TLM t= 267.2 L1·A@-75 L2·A@-72 L3·A@-76 R1·A@-75 R2·A@-73 R3·A@-71 罐=无罐 泵=0 阀=111111 速=+0,+0,+0.00 电=7.90V/3.09A/峰3.58 补余=0.0 IO错=0 倾+0.0 自动3/3
[  410.216] TLM t= 267.7 L1·A@-75 L2·A@-71 L3·A@-76 R1·A@-75 R2·A@-72 R3·A@-70 罐=无罐 泵=0 阀=111111 速=+0,+0,+0.00 电=7.89V/3.17A/峰3.58 补余=0.0 IO错=0 倾+0.0 自动3/3
[  410.720] TLM t= 268.2 L1·A@-75 L2·A@-71 L3·A@-76 R1·A@-75 R2·A@-72 R3·A@-70 罐=无罐 泵=0 阀=111111 速=+0,+0,+0.00 电=7.89V/3.01A/峰3.58 补余=0.0 IO错=0 倾+0.0 自动3/3
[  411.218] TLM t= 268.7 L1·A@-75 L2·A@-70 L3·A@-75 R1·A@-75 R2·A@-72 R3·A@-69 罐=无罐 泵=0 阀=111111 速=+0,+0,+0.00 电=7.86V/3.26A/峰3.58 补余=0.0 IO错=0 倾+0.0 自动3/3
[  411.740] TLM t= 269.2 L1·A@-75 L2·A@-70 L3·A@-75 R1·A@-75 R2·A@-71 R3·A@-68 罐=无罐 泵=0 阀=111111 速=+0,+0,+0.00 电=7.89V/3.17A/峰3.58 补余=0.0 IO错=0 倾+0.0 自动3/3
[  412.248] TLM t= 269.7 L1·A@-75 L2·A@-69 L3·A@-75 R1·A@-75 R2·A@-71 R3·A@-68 罐=无罐 泵=0 阀=111111 速=+0,+0,+0.00 电=7.89V/3.01A/峰3.58 补余=0.0 IO错=0 倾+0.0 自动3/3
[  412.767] TLM t= 270.2 L1·A@-75 L2·A@-69 L3·A@-75 R1·A@-75 R2·A@-70 R3·A@-67 罐=无罐 泵=0 阀=111111 速=+0,+0,+0.00 电=7.91V/3.09A/峰3.58 补余=0.0 IO错=0 倾+0.0 自动3/3
[  413.270] TLM t= 270.7 L1·A@-75 L2·A@-69 L3·A@-75 R1·A@-75 R2·A@-70 R3·A@-66 罐=无罐 泵=0 阀=111111 速=+0,+0,+0.00 电=7.88V/3.01A/峰3.58 补余=0.0 IO错=0 倾+0.0 自动3/3
[  413.792] TLM t= 271.2 L1·A@-75 L2·A@-68 L3·A@-75 R1·A@-75 R2·A@-70 R3·A@-66 罐=无罐 泵=0 阀=111111 速=+0,+0,+0.00 电=7.91V/2.93A/峰3.58 补余=0.0 IO错=0 倾+0.0 自动3/3
[  414.293] TLM t= 271.7 L1·A@-75 L2·A@-68 L3·A@-75 R1·A@-75 R2·A@-69 R3·A@-65 罐=无罐 泵=0 阀=111111 速=+0,+0,+0.00 电=7.90V/3.09A/峰3.58 补余=0.0 IO错=0 倾+0.0 自动3/3
[  414.817] TLM t= 272.3 L1·A@-75 L2·A@-67 L3·A@-75 R1·A@-75 R2·A@-69 R3·A@-64 罐=无罐 泵=0 阀=111111 速=+0,+0,+0.00 电=7.90V/2.85A/峰3.58 补余=0.0 IO错=0 倾+0.0 自动3/3
[  415.319] TLM t= 272.8 L1·A@-75 L2·A@-67 L3·A@-75 R1·A@-75 R2·A@-69 R3·A@-64 罐=无罐 泵=0 阀=111111 速=+0,+0,+0.00 电=7.91V/3.01A/峰3.58 补余=0.0 IO错=0 倾+0.0 自动3/3
[  415.840] TLM t= 273.3 L1·A@-74 L2·A@-66 L3·A@-75 R1·A@-74 R2·A@-68 R3·A@-63 罐=无罐 泵=0 阀=111111 速=+0,+0,+0.00 电=7.90V/2.93A/峰3.58 补余=0.0 IO错=0 倾+0.0 自动3/3
[  416.347] TLM t= 273.8 L1·A@-74 L2·A@-66 L3·A@-75 R1·A@-74 R2·A@-68 R3·A@-62 罐=无罐 泵=0 阀=111111 速=+0,+0,+0.00 电=7.90V/3.17A/峰3.58 补余=0.0 IO错=0 倾+0.0 自动3/3
[  416.865] TLM t= 274.3 L1·A@-74 L2·A@-65 L3·A@-75 R1·A@-74 R2·A@-68 R3·A@-62 罐=无罐 泵=0 阀=111111 速=+0,+0,+0.00 电=7.90V/2.93A/峰3.58 补余=0.0 IO错=0 倾+0.0 自动3/3
[  417.371] TLM t= 274.8 L1·A@-74 L2·A@-65 L3·A@-75 R1·A@-74 R2·A@-67 R3·A@-61 罐=无罐 泵=0 阀=111111 速=+0,+0,+0.00 电=7.90V/3.17A/峰3.58 补余=0.0 IO错=0 倾+0.0 自动3/3
[  417.891] TLM t= 275.3 L1·A@-74 L2·A@-65 L3·A@-75 R1·A@-74 R2·A@-67 R3·A@-60 罐=无罐 泵=0 阀=111111 速=+0,+0,+0.00 电=7.90V/3.09A/峰3.58 补余=0.0 IO错=0 倾+0.0 自动3/3
[  418.084] EVT 泵 开 最差盘压-60.0
[  418.397] TLM t= 275.8 L1·A@-74 L2·A@-65 L3·A@-75 R1·A@-74 R2·A@-66 R3·A@-66 罐=无罐 泵=1 阀=111111 速=+0,+0,+0.00 电=7.86V/2.93A/峰3.58 补余=0.0 IO错=0 倾+0.0 自动3/3
[  418.916] TLM t= 276.3 L1·A@-75 L2·A@-76 L3·A@-76 R1·A@-74 R2·A@-75 R3·A@-75 罐=无罐 泵=1 阀=111111 速=+0,+0,+0.00 电=7.89V/3.17A/峰3.58 补余=0.0 IO错=0 倾+0.0 自动3/3
[  418.929] EVT 泵 停 最差盘压-75.0
[  419.418] TLM t= 276.8 L1·A@-76 L2·A@-76 L3·A@-76 R1·A@-76 R2·A@-75 R3·A@-76 罐=无罐 泵=0 阀=111111 速=+0,+0,+0.00 电=7.89V/3.09A/峰3.58 补余=0.0 IO错=0 倾+0.0 自动3/3
[  419.943] TLM t= 277.4 L1·A@-76 L2·A@-75 L3·A@-76 R1·A@-75 R2·A@-75 R3·A@-75 罐=无罐 泵=0 阀=111111 速=+0,+0,+0.00 电=7.90V/3.17A/峰3.58 补余=0.0 IO错=0 倾+0.0 自动3/3
[  420.444] TLM t= 277.9 L1·A@-76 L2·A@-75 L3·A@-76 R1·A@-75 R2·A@-75 R3·A@-74 罐=无罐 泵=0 阀=111111 速=+0,+0,+0.00 电=7.88V/3.09A/峰3.58 补余=0.0 IO错=0 倾+0.0 自动3/3
[  420.968] TLM t= 278.4 L1·A@-76 L2·A@-74 L3·A@-76 R1·A@-75 R2·A@-74 R3·A@-73 罐=无罐 泵=0 阀=111111 速=+0,+0,+0.00 电=7.89V/3.17A/峰3.58 补余=0.0 IO错=0 倾+0.0 自动3/3
[  421.474] TLM t= 278.9 L1·A@-76 L2·A@-74 L3·A@-76 R1·A@-75 R2·A@-74 R3·A@-73 罐=无罐 泵=0 阀=111111 速=+0,+0,+0.00 电=7.89V/3.09A/峰3.58 补余=0.0 IO错=0 倾+0.0 自动3/3
[  421.994] TLM t= 279.4 L1·A@-76 L2·A@-73 L3·A@-76 R1·A@-75 R2·A@-73 R3·A@-72 罐=无罐 泵=0 阀=111111 速=+0,+0,+0.00 电=7.88V/3.01A/峰3.58 补余=0.0 IO错=0 倾+0.0 自动3/3
[  422.501] TLM t= 279.9 L1·A@-75 L2·A@-73 L3·A@-76 R1·A@-75 R2·A@-73 R3·A@-71 罐=无罐 泵=0 阀=111111 速=+0,+0,+0.00 电=7.89V/2.93A/峰3.58 补余=0.0 IO错=0 倾+0.0 自动3/3
[  423.020] TLM t= 280.4 L1·A@-75 L2·A@-72 L3·A@-76 R1·A@-75 R2·A@-73 R3·A@-71 罐=无罐 泵=0 阀=111111 速=+0,+0,+0.00 电=7.90V/3.17A/峰3.58 补余=0.0 IO错=0 倾+0.0 自动3/3
[  423.528] TLM t= 280.9 L1·A@-75 L2·A@-72 L3·A@-76 R1·A@-75 R2·A@-72 R3·A@-70 罐=无罐 泵=0 阀=111111 速=+0,+0,+0.00 电=7.91V/2.85A/峰3.58 补余=0.0 IO错=0 倾+0.0 自动3/3
[  424.051] TLM t= 281.4 L1·A@-75 L2·A@-71 L3·A@-75 R1·A@-75 R2·A@-72 R3·A@-69 罐=无罐 泵=0 阀=111111 速=+0,+0,+0.00 电=7.91V/2.85A/峰3.58 补余=0.0 IO错=0 倾+0.0 自动3/3
[  424.556] TLM t= 281.9 L1·A@-75 L2·A@-71 L3·A@-75 R1·A@-75 R2·A@-71 R3·A@-69 罐=无罐 泵=0 阀=111111 速=+0,+0,+0.00 电=7.89V/3.01A/峰3.58 补余=0.0 IO错=0 倾+0.0 自动3/3
[  425.077] TLM t= 282.5 L1·A@-75 L2·A@-70 L3·A@-75 R1·A@-75 R2·A@-71 R3·A@-68 罐=无罐 泵=0 阀=111111 速=+0,+0,+0.00 电=7.89V/2.93A/峰3.58 补余=0.0 IO错=0 倾+0.0 自动3/3
[  425.580] TLM t= 283.0 L1·A@-75 L2·A@-70 L3·A@-75 R1·A@-75 R2·A@-71 R3·A@-67 罐=无罐 泵=0 阀=111111 速=+0,+0,+0.00 电=7.88V/3.17A/峰3.58 补余=0.0 IO错=0 倾+0.0 自动3/3
[  426.103] TLM t= 283.5 L1·A@-75 L2·A@-69 L3·A@-75 R1·A@-75 R2·A@-70 R3·A@-67 罐=无罐 泵=0 阀=111111 速=+0,+0,+0.00 电=7.90V/3.09A/峰3.58 补余=0.0 IO错=0 倾+0.0 自动3/3
[  426.606] TLM t= 284.0 L1·A@-75 L2·A@-69 L3·A@-75 R1·A@-75 R2·A@-70 R3·A@-66 罐=无罐 泵=0 阀=111111 速=+0,+0,+0.00 电=7.89V/3.09A/峰3.58 补余=0.0 IO错=0 倾+0.0 自动3/3
[  427.129] TLM t= 284.5 L1·A@-75 L2·A@-69 L3·A@-75 R1·A@-75 R2·A@-70 R3·A@-65 罐=无罐 泵=0 阀=111111 速=+0,+0,+0.00 电=7.91V/3.01A/峰3.58 补余=0.0 IO错=0 倾+0.0 自动3/3
[  427.630] TLM t= 285.0 L1·A@-75 L2·A@-68 L3·A@-75 R1·A@-75 R2·A@-69 R3·A@-65 罐=无罐 泵=0 阀=111111 速=+0,+0,+0.00 电=7.89V/3.17A/峰3.58 补余=0.0 IO错=0 倾+0.0 自动3/3
[  428.152] TLM t= 285.5 L1·A@-75 L2·A@-68 L3·A@-75 R1·A@-75 R2·A@-69 R3·A@-64 罐=无罐 泵=0 阀=111111 速=+0,+0,+0.00 电=7.90V/3.01A/峰3.58 补余=0.0 IO错=0 倾+0.0 自动3/3
[  428.660] TLM t= 286.0 L1·A@-75 L2·A@-67 L3·A@-75 R1·A@-75 R2·A@-68 R3·A@-64 罐=无罐 泵=0 阀=111111 速=+0,+0,+0.00 电=7.91V/2.93A/峰3.58 补余=0.0 IO错=0 倾+0.0 自动3/3
[  429.181] TLM t= 286.5 L1·A@-74 L2·A@-67 L3·A@-75 R1·A@-75 R2·A@-68 R3·A@-63 罐=无罐 泵=0 阀=111111 速=+0,+0,+0.00 电=7.90V/3.01A/峰3.58 补余=0.0 IO错=0 倾+0.0 自动3/3
[  429.685] TLM t= 287.0 L1·A@-74 L2·A@-66 L3·A@-75 R1·A@-75 R2·A@-68 R3·A@-62 罐=无罐 泵=0 阀=111111 速=+0,+0,+0.00 电=7.89V/3.01A/峰3.58 补余=0.0 IO错=0 倾+0.0 自动3/3
[  430.206] TLM t= 287.6 L1·A@-74 L2·A@-66 L3·A@-75 R1·A@-75 R2·A@-67 R3·A@-62 罐=无罐 泵=0 阀=111111 速=+0,+0,+0.00 电=7.88V/3.17A/峰3.58 补余=0.0 IO错=0 倾+0.0 自动3/3
[  430.706] TLM t= 288.1 L1·A@-74 L2·A@-66 L3·A@-75 R1·A@-75 R2·A@-67 R3·A@-61 罐=无罐 泵=0 阀=111111 速=+0,+0,+0.00 电=7.88V/3.17A/峰3.58 补余=0.0 IO错=0 倾+0.0 自动3/3
[  431.234] TLM t= 288.6 L1·A@-74 L2·A@-65 L3·A@-75 R1·A@-75 R2·A@-67 R3·A@-60 罐=无罐 泵=0 阀=111111 速=+0,+0,+0.00 电=7.89V/3.01A/峰3.58 补余=0.0 IO错=0 倾+0.0 自动3/3
[  431.548] EVT 泵 开 最差盘压-60.0
[  431.735] TLM t= 289.1 L1·A@-74 L2·A@-65 L3·A@-75 R1·A@-75 R2·A@-66 R3·A@-60 罐=无罐 泵=1 阀=111111 速=+0,+0,+0.00 电=7.87V/3.09A/峰3.58 补余=0.0 IO错=0 倾+0.0 自动3/3
[  432.258] TLM t= 289.6 L1·A@-74 L2·A@-75 L3·A@-75 R1·A@-74 R2·A@-74 R3·A@-74 罐=无罐 泵=1 阀=111111 速=+0,+0,+0.00 电=7.86V/3.01A/峰3.58 补余=0.0 IO错=0 倾+0.0 自动3/3
[  432.452] EVT 泵 停 最差盘压-75.5
[  432.763] TLM t= 290.1 L1·A@-76 L2·A@-76 L3·A@-76 R1·A@-76 R2·A@-76 R3·A@-76 罐=无罐 泵=0 阀=111111 速=+0,+0,+0.00 电=7.91V/2.93A/峰3.58 补余=0.0 IO错=0 倾+0.0 自动3/3
[  433.283] TLM t= 290.6 L1·A@-76 L2·A@-76 L3·A@-76 R1·A@-76 R2·A@-76 R3·A@-76 罐=无罐 泵=0 阀=111111 速=+0,+0,+0.00 电=7.91V/2.93A/峰3.58 补余=0.0 IO错=0 倾+0.0 自动3/3
[  433.786] TLM t= 291.1 L1·A@-76 L2·A@-75 L3·A@-76 R1·A@-76 R2·A@-75 R3·A@-75 罐=无罐 泵=0 阀=111111 速=+0,+0,+0.00 电=7.88V/2.77A/峰3.58 补余=0.0 IO错=0 倾+0.0 自动3/3
[  434.313] TLM t= 291.6 L1·A@-76 L2·A@-75 L3·A@-76 R1·A@-76 R2·A@-75 R3·A@-74 罐=无罐 泵=0 阀=111111 速=+0,+0,+0.00 电=7.90V/3.01A/峰3.58 补余=0.0 IO错=0 倾+0.0 自动3/3
[  434.814] TLM t= 292.1 L1·A@-76 L2·A@-74 L3·A@-76 R1·A@-76 R2·A@-74 R3·A@-73 罐=无罐 泵=0 阀=111111 速=+0,+0,+0.00 电=7.90V/3.17A/峰3.58 补余=0.0 IO错=0 倾+0.0 自动3/3
[  435.269] EVT 实验序列完成
[  435.336] TLM t= 292.7 L1·A@-76 L2·A@-74 L3·A@-76 R1·A@-76 R2·A@-74 R3·A@-73 罐=无罐 泵=0 阀=111111 速=+0,+0,+0.00 电=7.89V/2.93A/峰3.58 补余=0.0 IO错=0 倾+0.0
[  435.841] TLM t= 293.2 L1·A@-76 L2·A@-73 L3·A@-76 R1·A@-76 R2·A@-74 R3·A@-72 罐=无罐 泵=0 阀=111111 速=+0,+0,+0.00 电=7.88V/2.93A/峰3.58 补余=0.0 IO错=0 倾+0.0
[  436.362] TLM t= 293.7 L1·A@-76 L2·A@-73 L3·A@-76 R1·A@-76 R2·A@-73 R3·A@-72 罐=无罐 泵=0 阀=111111 速=+0,+0,+0.00 电=7.89V/3.01A/峰3.58 补余=0.0 IO错=0 倾+0.0
[  436.862] TLM t= 294.2 L1·A@-76 L2·A@-73 L3·A@-76 R1·A@-76 R2·A@-73 R3·A@-71 罐=无罐 泵=0 阀=111111 速=+0,+0,+0.00 电=7.91V/2.93A/峰3.58 补余=0.0 IO错=0 倾+0.0
[  437.387] TLM t= 294.7 L1·A@-76 L2·A@-72 L3·A@-76 R1·A@-76 R2·A@-72 R3·A@-70 罐=无罐 泵=0 阀=111111 速=+0,+0,+0.00 电=7.90V/3.09A/峰3.58 补余=0.0 IO错=0 倾+0.0
[  437.891] TLM t= 295.2 L1·A@-76 L2·A@-72 L3·A@-76 R1·A@-76 R2·A@-72 R3·A@-69 罐=无罐 泵=0 阀=111111 速=+0,+0,+0.00 电=7.89V/3.17A/峰3.58 补余=0.0 IO错=0 倾+0.0
[  438.414] TLM t= 295.7 L1·A@-76 L2·A@-71 L3·A@-76 R1·A@-76 R2·A@-72 R3·A@-69 罐=无罐 泵=0 阀=111111 速=+0,+0,+0.00 电=7.88V/3.26A/峰3.58 补余=0.0 IO错=0 倾+0.0
[  438.919] TLM t= 296.2 L1·A@-75 L2·A@-71 L3·A@-76 R1·A@-75 R2·A@-71 R3·A@-68 罐=无罐 泵=0 阀=111111 速=+0,+0,+0.00 电=7.88V/3.09A/峰3.58 补余=0.0 IO错=0 倾+0.0
[  439.441] TLM t= 296.7 L1·A@-75 L2·A@-70 L3·A@-76 R1·A@-75 R2·A@-71 R3·A@-67 罐=无罐 泵=0 阀=111111 速=+0,+0,+0.00 电=7.88V/2.93A/峰3.58 补余=0.0 IO错=0 倾+0.0
[  439.943] TLM t= 297.2 L1·A@-75 L2·A@-70 L3·A@-76 R1·A@-75 R2·A@-70 R3·A@-67 罐=无罐 泵=0 阀=111111 速=+0,+0,+0.00 电=7.90V/3.17A/峰3.58 补余=0.0 IO错=0 倾+0.0
[  440.465] TLM t= 297.8 L1·A@-75 L2·A@-69 L3·A@-76 R1·A@-75 R2·A@-70 R3·A@-66 罐=无罐 泵=0 阀=111111 速=+0,+0,+0.00 电=7.90V/3.26A/峰3.58 补余=0.0 IO错=0 倾+0.0
[  440.967] TLM t= 298.3 L1·A@-75 L2·A@-69 L3·A@-76 R1·A@-75 R2·A@-70 R3·A@-66 罐=无罐 泵=0 阀=111111 速=+0,+0,+0.00 电=7.87V/3.09A/峰3.58 补余=0.0 IO错=0 倾+0.0
[  441.493] TLM t= 298.8 L1·A@-75 L2·A@-68 L3·A@-75 R1·A@-75 R2·A@-69 R3·A@-65 罐=无罐 泵=0 阀=111111 速=+0,+0,+0.00 电=7.87V/3.09A/峰3.58 补余=0.0 IO错=0 倾+0.0
[  441.996] TLM t= 299.3 L1·A@-75 L2·A@-68 L3·A@-75 R1·A@-75 R2·A@-69 R3·A@-64 罐=无罐 泵=0 阀=111111 速=+0,+0,+0.00 电=7.87V/2.93A/峰3.58 补余=0.0 IO错=0 倾+0.0
[  442.517] TLM t= 299.8 L1·A@-75 L2·A@-67 L3·A@-75 R1·A@-75 R2·A@-69 R3·A@-64 罐=无罐 泵=0 阀=111111 速=+0,+0,+0.00 电=7.87V/3.17A/峰3.58 补余=0.0 IO错=0 倾+0.0
[  443.021] TLM t= 300.3 L1·A@-75 L2·A@-67 L3·A@-75 R1·A@-75 R2·A@-68 R3·A@-63 罐=无罐 泵=0 阀=111111 速=+0,+0,+0.00 电=7.88V/2.85A/峰3.58 补余=0.0 IO错=0 倾+0.0
[  443.544] TLM t= 300.8 L1·A@-75 L2·A@-67 L3·A@-75 R1·A@-75 R2·A@-68 R3·A@-62 罐=无罐 泵=0 阀=111111 速=+0,+0,+0.00 电=7.89V/3.09A/峰3.58 补余=0.0 IO错=0 倾+0.0
[  444.046] TLM t= 301.3 L1·A@-75 L2·A@-66 L3·A@-75 R1·A@-75 R2·A@-68 R3·A@-62 罐=无罐 泵=0 阀=111111 速=+0,+0,+0.00 电=7.89V/3.17A/峰3.58 补余=0.0 IO错=0 倾+0.0
[  444.570] TLM t= 301.8 L1·A@-75 L2·A@-66 L3·A@-75 R1·A@-75 R2·A@-67 R3·A@-61 罐=无罐 泵=0 阀=111111 速=+0,+0,+0.00 电=7.89V/3.01A/峰3.58 补余=0.0 IO错=0 倾+0.0
[  445.080] TLM t= 302.3 L1·A@-75 L2·A@-65 L3·A@-75 R1·A@-75 R2·A@-67 R3·A@-61 罐=无罐 泵=0 阀=111111 速=+0,+0,+0.00 电=7.90V/3.01A/峰3.58 补余=0.0 IO错=0 倾+0.0
[  445.550] EVT 泵 开 最差盘压-60.0
[  445.599] TLM t= 302.9 L1·A@-74 L2·A@-65 L3·A@-75 R1·A@-75 R2·A@-67 R3·A@-60 罐=无罐 泵=1 阀=111111 速=+0,+0,+0.00 电=7.81V/3.09A/峰3.58 补余=0.0 IO错=0 倾+0.0
[  446.100] TLM t= 303.4 L1·A@-74 L2·A@-72 L3·A@-75 R1·A@-75 R2·A@-72 R3·A@-72 罐=无罐 泵=1 阀=111111 速=+0,+0,+0.00 电=7.86V/3.09A/峰3.58 补余=0.0 IO错=0 倾+0.0
[  446.454] EVT 泵 停 最差盘压-75.5
[  446.628] TLM t= 303.9 L1·A@-77 L2·A@-77 L3·A@-77 R1·A@-76 R2·A@-76 R3·A@-77 罐=无罐 泵=0 阀=111111 速=+0,+0,+0.00 电=7.90V/3.09A/峰3.58 补余=0.0 IO错=0 倾+0.0
[  447.135] TLM t= 304.4 L1·A@-76 L2·A@-76 L3·A@-76 R1·A@-76 R2·A@-76 R3·A@-76 罐=无罐 泵=0 阀=111111 速=+0,+0,+0.00 电=7.89V/3.17A/峰3.58 补余=0.0 IO错=0 倾+0.0
[  447.655] TLM t= 304.9 L1·A@-76 L2·A@-76 L3·A@-76 R1·A@-76 R2·A@-75 R3·A@-75 罐=无罐 泵=0 阀=111111 速=+0,+0,+0.00 电=7.87V/3.17A/峰3.58 补余=0.0 IO错=0 倾+0.0
[  448.167] TLM t= 305.4 L1·A@-76 L2·A@-75 L3·A@-76 R1·A@-76 R2·A@-75 R3·A@-74 罐=无罐 泵=0 阀=111111 速=+0,+0,+0.00 电=7.88V/3.09A/峰3.58 补余=0.0 IO错=0 倾+0.0
[  448.657] TLM t= 305.9 L1·A@-76 L2·A@-75 L3·A@-76 R1·A@-76 R2·A@-75 R3·A@-74 罐=无罐 泵=0 阀=111111 速=+0,+0,+0.00 电=7.88V/2.85A/峰3.58 补余=0.0 IO错=0 倾+0.0
[  449.169] TLM t= 306.4 L1·A@-76 L2·A@-74 L3·A@-76 R1·A@-76 R2·A@-74 R3·A@-73 罐=无罐 泵=0 阀=111111 速=+0,+0,+0.00 电=7.92V/2.44A/峰3.58 补余=0.0 IO错=0 倾+0.0
[  449.666] TLM t= 306.9 L1·A@-76 L2·A@-74 L3·A@-76 R1·A@-76 R2·A@-74 R3·A@-72 罐=无罐 泵=0 阀=111111 速=+0,+0,+0.00 电=7.94V/2.04A/峰3.58 补余=0.0 IO错=0 倾+0.0
[  450.192] TLM t= 307.4 L1·A@-76 L2·A@-73 L3·A@-76 R1·A@-76 R2·A@-73 R3·A@-72 罐=无罐 泵=0 阀=111111 速=+0,+0,+0.00 电=7.94V/1.95A/峰3.58 补余=0.0 IO错=0 倾+0.0
[  450.235] EVT 键 'o' 倾=+0.0待=+0.0
[  450.556] EVT 取机窗口：停泵 → 逐足串行排气（0.2s 间隔）→ 六足舵机撑住（泵禁开）
[  450.700] TLM t= 307.8 L1·A@-76 L2·A@-73 L3·A@-76 R1·A@-76 R2·A@-73 R3·A@-71 罐=无罐 泵=0 阀=111111 速=+0,+0,+0.00 电=7.95V/1.95A/峰3.58 补余=0.0 IO错=0 取机放气
[  450.993] EVT 吸附 L1 attached→venting 在态116.34s -75.6kPa
[  451.001] EVT 阀 L1 →排气位
[  451.217] TLM t= 307.8 L1·v@-76 L2·A@-72 L3·A@-76 R1·A@-76 R2·A@-73 R3·A@-70 罐=无罐 泵=0 阀=011111 速=+0,+0,+0.00 电=7.95V/1.63A/峰3.58 补余=0.0 IO错=0 取机放气
[  451.262] EVT 吸附 L2 attached→venting 在态45.48s -72.2kPa
[  451.270] EVT 阀 L2 →排气位
[  451.514] EVT 吸附 L3 attached→venting 在态81.54s -76.1kPa
[  451.516] EVT 吸附 L1 venting→released 在态0.42s 0.1kPa
[  451.521] EVT 阀 L3 →排气位
[  451.731] TLM t= 307.8 L1·r@-- L2·v@-72 L3·v@-76 R1·A@-76 R2·A@-72 R3·A@-69 罐=无罐 泵=0 阀=000111 速=+0,+0,+0.00 电=7.93V/1.55A/峰3.58 补余=0.0 IO错=0 取机放气
[  451.756] EVT 吸附 R1 attached→venting 在态63.34s -75.7kPa
[  451.758] EVT 吸附 L2 venting→released 在态0.42s 0.4kPa
[  451.761] EVT 阀 R1 →排气位
[  451.977] EVT 吸附 R2 attached→venting 在态99.90s -72.0kPa
[  451.979] EVT 吸附 L3 venting→released 在态0.42s 0.1kPa
[  451.979] EVT 阀 R2 →排气位
[  452.188] EVT 吸附 R3 attached→venting 在态135.62s -68.8kPa
[  452.190] EVT 吸附 R1 venting→released 在态0.42s -0.1kPa
[  452.190] EVT 阀 R3 →排气位
[  452.236] TLM t= 307.8 L1·r@-- L2·r@-- L3·r@-- R1·r@-- R2·v@-72 R3·v@-69 罐=无罐 泵=0 阀=000000 速=+0,+0,+0.00 电=7.92V/1.06A/峰3.58 补余=0.0 IO错=0 取机放气
[  452.397] EVT 键 'o' 倾=+0.0待=+0.0（已放开）
[  452.399] EVT 吸附 R2 venting→released 在态0.42s 0.0kPa
[  452.400] EVT ⚠ 主环卡顿 1844ms（目标 20ms）
[  452.583] EVT 吸附 R3 venting→released 在态0.42s 0.3kPa
[  452.749] TLM t= 308.2 L1·r@-- L2·r@-- L3·r@-- R1·r@-- R2·r@-- R3·r@-- 罐=无罐 泵=0 阀=000000 速=+0,+0,+0.00 电=7.93V/0.98A/峰3.58 补余=0.0 IO错=0 倾+0.0 已放开
[  453.252] TLM t= 308.7 L1·r@-- L2·r@-- L3·r@-- R1·r@-- R2·r@-- R3·r@-- 罐=无罐 泵=0 阀=000000 速=+0,+0,+0.00 电=7.93V/0.81A/峰3.58 补余=0.0 IO错=0 倾+0.0 已放开
[  453.754] TLM t= 309.2 L1·r@-- L2·r@-- L3·r@-- R1·r@-- R2·r@-- R3·r@-- 罐=无罐 泵=0 阀=000000 速=+0,+0,+0.00 电=7.93V/0.90A/峰3.58 补余=0.0 IO错=0 倾+0.0 已放开
[  454.257] TLM t= 309.7 L1·r@-- L2·r@-- L3·r@-- R1·r@-- R2·r@-- R3·r@-- 罐=无罐 泵=0 阀=000000 速=+0,+0,+0.00 电=7.93V/0.81A/峰3.58 补余=0.0 IO错=0 倾+0.0 已放开
[  454.754] TLM t= 310.2 L1·r@-- L2·r@-- L3·r@-- R1·r@-- R2·r@-- R3·r@-- 罐=无罐 泵=0 阀=000000 速=+0,+0,+0.00 电=7.94V/0.81A/峰3.58 补余=0.0 IO错=0 倾+0.0 已放开
[  455.256] TLM t= 310.7 L1·r@-- L2·r@-- L3·r@-- R1·r@-- R2·r@-- R3·r@-- 罐=无罐 泵=0 阀=000000 速=+0,+0,+0.00 电=7.93V/0.73A/峰3.58 补余=0.0 IO错=0 倾+0.0 已放开
[  455.759] TLM t= 311.2 L1·r@-- L2·r@-- L3·r@-- R1·r@-- R2·r@-- R3·r@-- 罐=无罐 泵=0 阀=000000 速=+0,+0,+0.00 电=7.92V/0.90A/峰3.58 补余=0.0 IO错=0 倾+0.0 已放开
[  456.258] TLM t= 311.7 L1·r@-- L2·r@-- L3·r@-- R1·r@-- R2·r@-- R3·r@-- 罐=无罐 泵=0 阀=000000 速=+0,+0,+0.00 电=7.93V/0.90A/峰3.58 补余=0.0 IO错=0 倾+0.0 已放开
[  456.760] TLM t= 312.2 L1·r@-- L2·r@-- L3·r@-- R1·r@-- R2·r@-- R3·r@-- 罐=无罐 泵=0 阀=000000 速=+0,+0,+0.00 电=7.93V/0.81A/峰3.58 补余=0.0 IO错=0 倾+0.0 已放开
[  457.262] TLM t= 312.7 L1·r@-- L2·r@-- L3·r@-- R1·r@-- R2·r@-- R3·r@-- 罐=无罐 泵=0 阀=000000 速=+0,+0,+0.00 电=7.93V/0.73A/峰3.58 补余=0.0 IO错=0 倾+0.0 已放开
[  457.766] TLM t= 313.2 L1·r@-- L2·r@-- L3·r@-- R1·r@-- R2·r@-- R3·r@-- 罐=无罐 泵=0 阀=000000 速=+0,+0,+0.00 电=7.94V/0.49A/峰3.58 补余=0.0 IO错=0 倾+0.0 已放开
[  458.265] TLM t= 313.7 L1·r@-- L2·r@-- L3·r@-- R1·r@-- R2·r@-- R3·r@-- 罐=无罐 泵=0 阀=000000 速=+0,+0,+0.00 电=7.95V/0.49A/峰3.58 补余=0.0 IO错=0 倾+0.0 已放开
[  458.765] TLM t= 314.2 L1·r@-- L2·r@-- L3·r@-- R1·r@-- R2·r@-- R3·r@-- 罐=无罐 泵=0 阀=000000 速=+0,+0,+0.00 电=7.94V/0.57A/峰3.58 补余=0.0 IO错=0 倾+0.0 已放开
[  459.267] TLM t= 314.7 L1·r@-- L2·r@-- L3·r@-- R1·r@-- R2·r@-- R3·r@-- 罐=无罐 泵=0 阀=000000 速=+0,+0,+0.00 电=7.95V/0.49A/峰3.58 补余=0.0 IO错=0 倾+0.0 已放开
[  459.769] TLM t= 315.2 L1·r@-- L2·r@-- L3·r@-- R1·r@-- R2·r@-- R3·r@-- 罐=无罐 泵=0 阀=000000 速=+0,+0,+0.00 电=7.93V/0.90A/峰3.58 补余=0.0 IO错=0 倾+0.0 已放开
[  460.273] TLM t= 315.7 L1·r@-- L2·r@-- L3·r@-- R1·r@-- R2·r@-- R3·r@-- 罐=无罐 泵=0 阀=000000 速=+0,+0,+0.00 电=7.93V/0.81A/峰3.58 补余=0.0 IO错=0 倾+0.0 已放开
[  460.777] TLM t= 316.2 L1·r@-- L2·r@-- L3·r@-- R1·r@-- R2·r@-- R3·r@-- 罐=无罐 泵=0 阀=000000 速=+0,+0,+0.00 电=7.93V/0.81A/峰3.58 补余=0.0 IO错=0 倾+0.0 已放开
[  461.280] TLM t= 316.7 L1·r@-- L2·r@-- L3·r@-- R1·r@-- R2·r@-- R3·r@-- 罐=无罐 泵=0 阀=000000 速=+0,+0,+0.00 电=7.93V/0.81A/峰3.58 补余=0.0 IO错=0 倾+0.0 已放开
[  461.778] TLM t= 317.2 L1·r@-- L2·r@-- L3·r@-- R1·r@-- R2·r@-- R3·r@-- 罐=无罐 泵=0 阀=000000 速=+0,+0,+0.00 电=7.93V/0.81A/峰3.58 补余=0.0 IO错=0 倾+0.0 已放开
[  462.279] TLM t= 317.7 L1·r@-- L2·r@-- L3·r@-- R1·r@-- R2·r@-- R3·r@-- 罐=无罐 泵=0 阀=000000 速=+0,+0,+0.00 电=7.93V/0.81A/峰3.58 补余=0.0 IO错=0 倾+0.0 已放开
[  462.781] TLM t= 318.2 L1·r@-- L2·r@-- L3·r@-- R1·r@-- R2·r@-- R3·r@-- 罐=无罐 泵=0 阀=000000 速=+0,+0,+0.00 电=7.93V/0.81A/峰3.58 补余=0.0 IO错=0 倾+0.0 已放开
[  463.282] TLM t= 318.7 L1·r@-- L2·r@-- L3·r@-- R1·r@-- R2·r@-- R3·r@-- 罐=无罐 泵=0 阀=000000 速=+0,+0,+0.00 电=7.93V/0.81A/峰3.58 补余=0.0 IO错=0 倾+0.0 已放开
[  463.786] TLM t= 319.2 L1·r@-- L2·r@-- L3·r@-- R1·r@-- R2·r@-- R3·r@-- 罐=无罐 泵=0 阀=000000 速=+0,+0,+0.00 电=7.93V/0.81A/峰3.58 补余=0.0 IO错=0 倾+0.0 已放开
[  464.287] TLM t= 319.7 L1·r@-- L2·r@-- L3·r@-- R1·r@-- R2·r@-- R3·r@-- 罐=无罐 泵=0 阀=000000 速=+0,+0,+0.00 电=7.93V/0.81A/峰3.58 补余=0.0 IO错=0 倾+0.0 已放开
[  464.786] TLM t= 320.2 L1·r@-- L2·r@-- L3·r@-- R1·r@-- R2·r@-- R3·r@-- 罐=无罐 泵=0 阀=000000 速=+0,+0,+0.00 电=7.93V/0.81A/峰3.58 补余=0.0 IO错=0 倾+0.0 已放开
[  465.290] TLM t= 320.7 L1·r@-- L2·r@-- L3·r@-- R1·r@-- R2·r@-- R3·r@-- 罐=无罐 泵=0 阀=000000 速=+0,+0,+0.00 电=7.93V/0.81A/峰3.58 补余=0.0 IO错=0 倾+0.0 已放开
[  465.789] TLM t= 321.2 L1·r@-- L2·r@-- L3·r@-- R1·r@-- R2·r@-- R3·r@-- 罐=无罐 泵=0 阀=000000 速=+0,+0,+0.00 电=7.93V/0.81A/峰3.58 补余=0.0 IO错=0 倾+0.0 已放开
[  466.296] TLM t= 321.7 L1·r@-- L2·r@-- L3·r@-- R1·r@-- R2·r@-- R3·r@-- 罐=无罐 泵=0 阀=000000 速=+0,+0,+0.00 电=7.94V/0.81A/峰3.58 补余=0.0 IO错=0 倾+0.0 已放开
[  466.793] TLM t= 322.2 L1·r@-- L2·r@-- L3·r@-- R1·r@-- R2·r@-- R3·r@-- 罐=无罐 泵=0 阀=000000 速=+0,+0,+0.00 电=7.93V/0.81A/峰3.58 补余=0.0 IO错=0 倾+0.0 已放开
[  467.293] TLM t= 322.7 L1·r@-- L2·r@-- L3·r@-- R1·r@-- R2·r@-- R3·r@-- 罐=无罐 泵=0 阀=000000 速=+0,+0,+0.00 电=7.93V/0.81A/峰3.58 补余=0.0 IO错=0 倾+0.0 已放开
[  467.796] TLM t= 323.2 L1·r@-- L2·r@-- L3·r@-- R1·r@-- R2·r@-- R3·r@-- 罐=无罐 泵=0 阀=000000 速=+0,+0,+0.00 电=7.93V/0.81A/峰3.58 补余=0.0 IO错=0 倾+0.0 已放开
[  468.295] TLM t= 323.7 L1·r@-- L2·r@-- L3·r@-- R1·r@-- R2·r@-- R3·r@-- 罐=无罐 泵=0 阀=000000 速=+0,+0,+0.00 电=7.93V/0.81A/峰3.58 补余=0.0 IO错=0 倾+0.0 已放开
[  468.798] TLM t= 324.2 L1·r@-- L2·r@-- L3·r@-- R1·r@-- R2·r@-- R3·r@-- 罐=无罐 泵=0 阀=000000 速=+0,+0,+0.00 电=7.93V/0.81A/峰3.58 补余=0.0 IO错=0 倾+0.0 已放开
[  469.299] TLM t= 324.7 L1·r@-- L2·r@-- L3·r@-- R1·r@-- R2·r@-- R3·r@-- 罐=无罐 泵=0 阀=000000 速=+0,+0,+0.00 电=7.93V/0.81A/峰3.58 补余=0.0 IO错=0 倾+0.0 已放开
[  469.803] TLM t= 325.2 L1·r@-- L2·r@-- L3·r@-- R1·r@-- R2·r@-- R3·r@-- 罐=无罐 泵=0 阀=000000 速=+0,+0,+0.00 电=7.93V/0.73A/峰3.58 补余=0.0 IO错=0 倾+0.0 已放开
[  470.306] TLM t= 325.7 L1·r@-- L2·r@-- L3·r@-- R1·r@-- R2·r@-- R3·r@-- 罐=无罐 泵=0 阀=000000 速=+0,+0,+0.00 电=7.93V/0.81A/峰3.58 补余=0.0 IO错=0 倾+0.0 已放开
[  470.805] TLM t= 326.2 L1·r@-- L2·r@-- L3·r@-- R1·r@-- R2·r@-- R3·r@-- 罐=无罐 泵=0 阀=000000 速=+0,+0,+0.00 电=7.93V/0.81A/峰3.58 补余=0.0 IO错=0 倾+0.0 已放开
[  471.308] TLM t= 326.7 L1·r@-- L2·r@-- L3·r@-- R1·r@-- R2·r@-- R3·r@-- 罐=无罐 泵=0 阀=000000 速=+0,+0,+0.00 电=7.93V/0.73A/峰3.58 补余=0.0 IO错=0 倾+0.0 已放开
[  471.810] TLM t= 327.2 L1·r@-- L2·r@-- L3·r@-- R1·r@-- R2·r@-- R3·r@-- 罐=无罐 泵=0 阀=000000 速=+0,+0,+0.00 电=7.93V/0.81A/峰3.58 补余=0.0 IO错=0 倾+0.0 已放开
[  471.898] EVT 键 '\x1b' 倾=+0.0待=+0.0（已放开）
[  472.059] EVT 退出序列：停泵 → 逐足串行放气（通→断，0.2s 间隔） → 舵机断电（不回站姿）
[  472.365] TLM t= 327.4 L1·r@-- L2·r@-- L3·r@-- R1·r@-- R2·r@-- R3·r@-- 罐=无罐 泵=0 阀=000000 速=+0,+0,+0.00 电=7.93V/0.81A/峰3.58 补余=0.0 IO错=0 退出放气
[  472.385] EVT 阀 L1 →抽气位
[  472.606] EVT 阀 L2 →抽气位
[  472.827] EVT 阀 L3 →抽气位
[  472.878] TLM t= 327.4 L1·r@-- L2·r@-- L3·r@-- R1·r@-- R2·r@-- R3·r@-- 罐=无罐 泵=0 阀=111000 速=+0,+0,+0.00 电=7.96V/0.81A/峰3.58 补余=0.0 IO错=0 退出放气
[  473.059] EVT 阀 R1 →抽气位
[  473.279] EVT 阀 R2 →抽气位
[  473.385] TLM t= 327.4 L1·r@-- L2·r@-- L3·r@-- R1·r@-- R2·r@-- R3·r@-- 罐=无罐 泵=0 阀=111110 速=+0,+0,+0.00 电=7.99V/0.81A/峰3.58 补余=0.0 IO错=0 退出放气
[  473.505] EVT 阀 R3 →抽气位
[  473.706] EVT 退出：阀线圈已断电（coils_off）
[  473.812] EVT 退出序列完成（舵机断电）
[  473.812] EVT END 正常退出
