# 开跑 2026-08-25 10:39:42  argv: scripts/body_lean.py --no-tank --stand-height 62 --tilt-trim 6
# git: 8319d50
# 模式=no-tank port=/dev/ttyACM0
# 参数: lean_step=5mm lean_speed=10mm/s press_delta=18mm stand=62 tilt_trim=6° handover=关 dual=0
# 阈值: ATTACH=-30.0 PUMP_ON=-60.0 PUMP_OFF=-75.0 comp_tail=72.3mm suck_timeout=2.5s
[    2.355] EVT 缓慢站起（竖直升至爬墙站位）
[    6.462] EVT 爬墙站位就位，进入就位暂停
[    6.576] TLM t=   0.0 L1·r@-- L2·r@-- L3·r@-- R1·r@-- R2·r@-- R3·r@-- 罐=无罐 泵=0 阀=000000 速=+0,+0,+0.00 电=7.88V/1.55A/峰1.55 补余=0.0 IO错=0 就位暂停
[    7.081] TLM t=   0.0 L1·r@-- L2·r@-- L3·r@-- R1·r@-- R2·r@-- R3·r@-- 罐=无罐 泵=0 阀=000000 速=+0,+0,+0.00 电=7.88V/1.47A/峰1.55 补余=0.0 IO错=0 就位暂停
[    7.586] TLM t=   0.0 L1·r@-- L2·r@-- L3·r@-- R1·r@-- R2·r@-- R3·r@-- 罐=无罐 泵=0 阀=000000 速=+0,+0,+0.00 电=7.88V/1.55A/峰1.55 补余=0.0 IO错=0 就位暂停
[    8.096] TLM t=   0.0 L1·r@-- L2·r@-- L3·r@-- R1·r@-- R2·r@-- R3·r@-- 罐=无罐 泵=0 阀=000000 速=+0,+0,+0.00 电=7.87V/1.47A/峰1.55 补余=0.0 IO错=0 就位暂停
[    8.601] TLM t=   0.0 L1·r@-- L2·r@-- L3·r@-- R1·r@-- R2·r@-- R3·r@-- 罐=无罐 泵=0 阀=000000 速=+0,+0,+0.00 电=7.87V/1.47A/峰1.55 补余=0.0 IO错=0 就位暂停
[    9.114] TLM t=   0.0 L1·r@-- L2·r@-- L3·r@-- R1·r@-- R2·r@-- R3·r@-- 罐=无罐 泵=0 阀=000000 速=+0,+0,+0.00 电=7.87V/1.47A/峰1.55 补余=0.0 IO错=0 就位暂停
[    9.621] TLM t=   0.0 L1·r@-- L2·r@-- L3·r@-- R1·r@-- R2·r@-- R3·r@-- 罐=无罐 泵=0 阀=000000 速=+0,+0,+0.00 电=7.88V/1.55A/峰1.55 补余=0.0 IO错=0 就位暂停
[   10.129] TLM t=   0.0 L1·r@-- L2·r@-- L3·r@-- R1·r@-- R2·r@-- R3·r@-- 罐=无罐 泵=0 阀=000000 速=+0,+0,+0.00 电=7.87V/1.55A/峰1.55 补余=0.0 IO错=0 就位暂停
[   10.634] TLM t=   0.0 L1·r@-- L2·r@-- L3·r@-- R1·r@-- R2·r@-- R3·r@-- 罐=无罐 泵=0 阀=000000 速=+0,+0,+0.00 电=7.86V/1.55A/峰1.55 补余=0.0 IO错=0 就位暂停
[   11.142] TLM t=   0.0 L1·r@-- L2·r@-- L3·r@-- R1·r@-- R2·r@-- R3·r@-- 罐=无罐 泵=0 阀=000000 速=+0,+0,+0.00 电=7.85V/1.47A/峰1.55 补余=0.0 IO错=0 就位暂停
[   11.648] TLM t=   0.0 L1·r@-- L2·r@-- L3·r@-- R1·r@-- R2·r@-- R3·r@-- 罐=无罐 泵=0 阀=000000 速=+0,+0,+0.00 电=7.85V/1.47A/峰1.55 补余=0.0 IO错=0 就位暂停
[   12.159] TLM t=   0.0 L1·r@-- L2·r@-- L3·r@-- R1·r@-- R2·r@-- R3·r@-- 罐=无罐 泵=0 阀=000000 速=+0,+0,+0.00 电=7.86V/1.30A/峰1.55 补余=0.0 IO错=0 就位暂停
[   12.666] TLM t=   0.0 L1·r@-- L2·r@-- L3·r@-- R1·r@-- R2·r@-- R3·r@-- 罐=无罐 泵=0 阀=000000 速=+0,+0,+0.00 电=7.85V/1.38A/峰1.55 补余=0.0 IO错=0 就位暂停
[   13.177] TLM t=   0.0 L1·r@-- L2·r@-- L3·r@-- R1·r@-- R2·r@-- R3·r@-- 罐=无罐 泵=0 阀=000000 速=+0,+0,+0.00 电=7.85V/1.30A/峰1.55 补余=0.0 IO错=0 就位暂停
[   13.685] TLM t=   0.0 L1·r@-- L2·r@-- L3·r@-- R1·r@-- R2·r@-- R3·r@-- 罐=无罐 泵=0 阀=000000 速=+0,+0,+0.00 电=7.87V/1.38A/峰1.55 补余=0.0 IO错=0 就位暂停
[   14.193] TLM t=   0.0 L1·r@-- L2·r@-- L3·r@-- R1·r@-- R2·r@-- R3·r@-- 罐=无罐 泵=0 阀=000000 速=+0,+0,+0.00 电=7.86V/1.30A/峰1.55 补余=0.0 IO错=0 就位暂停
[   14.698] TLM t=   0.0 L1·r@-- L2·r@-- L3·r@-- R1·r@-- R2·r@-- R3·r@-- 罐=无罐 泵=0 阀=000000 速=+0,+0,+0.00 电=7.87V/1.38A/峰1.55 补余=0.0 IO错=0 就位暂停
[   15.211] TLM t=   0.0 L1·r@-- L2·r@-- L3·r@-- R1·r@-- R2·r@-- R3·r@-- 罐=无罐 泵=0 阀=000000 速=+0,+0,+0.00 电=7.85V/1.30A/峰1.55 补余=0.0 IO错=0 就位暂停
[   15.716] TLM t=   0.0 L1·r@-- L2·r@-- L3·r@-- R1·r@-- R2·r@-- R3·r@-- 罐=无罐 泵=0 阀=000000 速=+0,+0,+0.00 电=7.87V/1.38A/峰1.55 补余=0.0 IO错=0 就位暂停
[   16.224] TLM t=   0.0 L1·r@-- L2·r@-- L3·r@-- R1·r@-- R2·r@-- R3·r@-- 罐=无罐 泵=0 阀=000000 速=+0,+0,+0.00 电=7.86V/1.38A/峰1.55 补余=0.0 IO错=0 就位暂停
[   16.735] TLM t=   0.0 L1·r@-- L2·r@-- L3·r@-- R1·r@-- R2·r@-- R3·r@-- 罐=无罐 泵=0 阀=000000 速=+0,+0,+0.00 电=7.86V/1.30A/峰1.55 补余=0.0 IO错=0 就位暂停
[   17.246] TLM t=   0.0 L1·r@-- L2·r@-- L3·r@-- R1·r@-- R2·r@-- R3·r@-- 罐=无罐 泵=0 阀=000000 速=+0,+0,+0.00 电=7.86V/1.38A/峰1.55 补余=0.0 IO错=0 就位暂停
[   17.756] TLM t=   0.0 L1·r@-- L2·r@-- L3·r@-- R1·r@-- R2·r@-- R3·r@-- 罐=无罐 泵=0 阀=000000 速=+0,+0,+0.00 电=7.86V/1.30A/峰1.55 补余=0.0 IO错=0 就位暂停
[   18.266] TLM t=   0.0 L1·r@-- L2·r@-- L3·r@-- R1·r@-- R2·r@-- R3·r@-- 罐=无罐 泵=0 阀=000000 速=+0,+0,+0.00 电=7.86V/1.30A/峰1.55 补余=0.0 IO错=0 就位暂停
[   18.773] TLM t=   0.0 L1·r@-- L2·r@-- L3·r@-- R1·r@-- R2·r@-- R3·r@-- 罐=无罐 泵=0 阀=000000 速=+0,+0,+0.00 电=7.87V/1.30A/峰1.55 补余=0.0 IO错=0 就位暂停
[   19.284] TLM t=   0.0 L1·r@-- L2·r@-- L3·r@-- R1·r@-- R2·r@-- R3·r@-- 罐=无罐 泵=0 阀=000000 速=+0,+0,+0.00 电=7.86V/1.30A/峰1.55 补余=0.0 IO错=0 就位暂停
[   19.790] TLM t=   0.0 L1·r@-- L2·r@-- L3·r@-- R1·r@-- R2·r@-- R3·r@-- 罐=无罐 泵=0 阀=000000 速=+0,+0,+0.00 电=7.85V/1.30A/峰1.55 补余=0.0 IO错=0 就位暂停
[   20.303] TLM t=   0.0 L1·r@-- L2·r@-- L3·r@-- R1·r@-- R2·r@-- R3·r@-- 罐=无罐 泵=0 阀=000000 速=+0,+0,+0.00 电=7.85V/1.38A/峰1.55 补余=0.0 IO错=0 就位暂停
[   20.810] TLM t=   0.0 L1·r@-- L2·r@-- L3·r@-- R1·r@-- R2·r@-- R3·r@-- 罐=无罐 泵=0 阀=000000 速=+0,+0,+0.00 电=7.86V/1.38A/峰1.55 补余=0.0 IO错=0 就位暂停
[   21.323] TLM t=   0.0 L1·r@-- L2·r@-- L3·r@-- R1·r@-- R2·r@-- R3·r@-- 罐=无罐 泵=0 阀=000000 速=+0,+0,+0.00 电=7.85V/1.30A/峰1.55 补余=0.0 IO错=0 就位暂停
[   21.833] TLM t=   0.0 L1·r@-- L2·r@-- L3·r@-- R1·r@-- R2·r@-- R3·r@-- 罐=无罐 泵=0 阀=000000 速=+0,+0,+0.00 电=7.87V/1.38A/峰1.55 补余=0.0 IO错=0 就位暂停
[   22.344] TLM t=   0.0 L1·r@-- L2·r@-- L3·r@-- R1·r@-- R2·r@-- R3·r@-- 罐=无罐 泵=0 阀=000000 速=+0,+0,+0.00 电=7.86V/1.30A/峰1.55 补余=0.0 IO错=0 就位暂停
[   22.852] TLM t=   0.0 L1·r@-- L2·r@-- L3·r@-- R1·r@-- R2·r@-- R3·r@-- 罐=无罐 泵=0 阀=000000 速=+0,+0,+0.00 电=7.87V/1.30A/峰1.55 补余=0.0 IO错=0 就位暂停
[   23.363] TLM t=   0.0 L1·r@-- L2·r@-- L3·r@-- R1·r@-- R2·r@-- R3·r@-- 罐=无罐 泵=0 阀=000000 速=+0,+0,+0.00 电=7.87V/1.30A/峰1.55 补余=0.0 IO错=0 就位暂停
[   23.868] TLM t=   0.0 L1·r@-- L2·r@-- L3·r@-- R1·r@-- R2·r@-- R3·r@-- 罐=无罐 泵=0 阀=000000 速=+0,+0,+0.00 电=7.86V/1.22A/峰1.55 补余=0.0 IO错=0 就位暂停
[   24.382] TLM t=   0.0 L1·r@-- L2·r@-- L3·r@-- R1·r@-- R2·r@-- R3·r@-- 罐=无罐 泵=0 阀=000000 速=+0,+0,+0.00 电=7.87V/1.30A/峰1.55 补余=0.0 IO错=0 就位暂停
[   24.889] TLM t=   0.0 L1·r@-- L2·r@-- L3·r@-- R1·r@-- R2·r@-- R3·r@-- 罐=无罐 泵=0 阀=000000 速=+0,+0,+0.00 电=7.86V/1.30A/峰1.55 补余=0.0 IO错=0 就位暂停
[   25.400] TLM t=   0.0 L1·r@-- L2·r@-- L3·r@-- R1·r@-- R2·r@-- R3·r@-- 罐=无罐 泵=0 阀=000000 速=+0,+0,+0.00 电=7.87V/1.14A/峰1.55 补余=0.0 IO错=0 就位暂停
[   25.906] TLM t=   0.0 L1·r@-- L2·r@-- L3·r@-- R1·r@-- R2·r@-- R3·r@-- 罐=无罐 泵=0 阀=000000 速=+0,+0,+0.00 电=7.86V/1.22A/峰1.55 补余=0.0 IO错=0 就位暂停
[   26.418] TLM t=   0.0 L1·r@-- L2·r@-- L3·r@-- R1·r@-- R2·r@-- R3·r@-- 罐=无罐 泵=0 阀=000000 速=+0,+0,+0.00 电=7.86V/1.22A/峰1.55 补余=0.0 IO错=0 就位暂停
[   26.924] TLM t=   0.0 L1·r@-- L2·r@-- L3·r@-- R1·r@-- R2·r@-- R3·r@-- 罐=无罐 泵=0 阀=000000 速=+0,+0,+0.00 电=7.85V/1.22A/峰1.55 补余=0.0 IO错=0 就位暂停
[   27.434] TLM t=   0.0 L1·r@-- L2·r@-- L3·r@-- R1·r@-- R2·r@-- R3·r@-- 罐=无罐 泵=0 阀=000000 速=+0,+0,+0.00 电=7.86V/1.30A/峰1.55 补余=0.0 IO错=0 就位暂停
[   27.938] TLM t=   0.0 L1·r@-- L2·r@-- L3·r@-- R1·r@-- R2·r@-- R3·r@-- 罐=无罐 泵=0 阀=000000 速=+0,+0,+0.00 电=7.86V/1.14A/峰1.55 补余=0.0 IO错=0 就位暂停
[   28.449] TLM t=   0.0 L1·r@-- L2·r@-- L3·r@-- R1·r@-- R2·r@-- R3·r@-- 罐=无罐 泵=0 阀=000000 速=+0,+0,+0.00 电=7.86V/1.30A/峰1.55 补余=0.0 IO错=0 就位暂停
[   28.954] TLM t=   0.0 L1·r@-- L2·r@-- L3·r@-- R1·r@-- R2·r@-- R3·r@-- 罐=无罐 泵=0 阀=000000 速=+0,+0,+0.00 电=7.86V/1.30A/峰1.55 补余=0.0 IO错=0 就位暂停
[   29.484] TLM t=   0.0 L1·r@-- L2·r@-- L3·r@-- R1·r@-- R2·r@-- R3·r@-- 罐=无罐 泵=0 阀=000000 速=+0,+0,+0.00 电=7.87V/1.22A/峰1.55 补余=0.0 IO错=0 就位暂停
[   29.989] TLM t=   0.0 L1·r@-- L2·r@-- L3·r@-- R1·r@-- R2·r@-- R3·r@-- 罐=无罐 泵=0 阀=000000 速=+0,+0,+0.00 电=7.86V/1.06A/峰1.55 补余=0.0 IO错=0 就位暂停
[   30.511] TLM t=   0.0 L1·r@-- L2·r@-- L3·r@-- R1·r@-- R2·r@-- R3·r@-- 罐=无罐 泵=0 阀=000000 速=+0,+0,+0.00 电=7.86V/1.14A/峰1.55 补余=0.0 IO错=0 就位暂停
[   31.017] TLM t=   0.0 L1·r@-- L2·r@-- L3·r@-- R1·r@-- R2·r@-- R3·r@-- 罐=无罐 泵=0 阀=000000 速=+0,+0,+0.00 电=7.87V/1.06A/峰1.55 补余=0.0 IO错=0 就位暂停
[   31.531] TLM t=   0.0 L1·r@-- L2·r@-- L3·r@-- R1·r@-- R2·r@-- R3·r@-- 罐=无罐 泵=0 阀=000000 速=+0,+0,+0.00 电=7.87V/1.22A/峰1.55 补余=0.0 IO错=0 就位暂停
[   32.037] TLM t=   0.0 L1·r@-- L2·r@-- L3·r@-- R1·r@-- R2·r@-- R3·r@-- 罐=无罐 泵=0 阀=000000 速=+0,+0,+0.00 电=7.86V/1.06A/峰1.55 补余=0.0 IO错=0 就位暂停
[   32.548] TLM t=   0.0 L1·r@-- L2·r@-- L3·r@-- R1·r@-- R2·r@-- R3·r@-- 罐=无罐 泵=0 阀=000000 速=+0,+0,+0.00 电=7.89V/0.65A/峰1.55 补余=0.0 IO错=0 就位暂停
[   33.052] TLM t=   0.0 L1·r@-- L2·r@-- L3·r@-- R1·r@-- R2·r@-- R3·r@-- 罐=无罐 泵=0 阀=000000 速=+0,+0,+0.00 电=7.89V/0.65A/峰1.55 补余=0.0 IO错=0 就位暂停
[   33.562] TLM t=   0.0 L1·r@-- L2·r@-- L3·r@-- R1·r@-- R2·r@-- R3·r@-- 罐=无罐 泵=0 阀=000000 速=+0,+0,+0.00 电=7.88V/0.73A/峰1.55 补余=0.0 IO错=0 就位暂停
[   34.067] TLM t=   0.0 L1·r@-- L2·r@-- L3·r@-- R1·r@-- R2·r@-- R3·r@-- 罐=无罐 泵=0 阀=000000 速=+0,+0,+0.00 电=7.87V/0.73A/峰1.55 补余=0.0 IO错=0 就位暂停
[   34.578] TLM t=   0.0 L1·r@-- L2·r@-- L3·r@-- R1·r@-- R2·r@-- R3·r@-- 罐=无罐 泵=0 阀=000000 速=+0,+0,+0.00 电=7.88V/0.73A/峰1.55 补余=0.0 IO错=0 就位暂停
[   35.081] TLM t=   0.0 L1·r@-- L2·r@-- L3·r@-- R1·r@-- R2·r@-- R3·r@-- 罐=无罐 泵=0 阀=000000 速=+0,+0,+0.00 电=7.88V/0.73A/峰1.55 补余=0.0 IO错=0 就位暂停
[   35.596] TLM t=   0.0 L1·r@-- L2·r@-- L3·r@-- R1·r@-- R2·r@-- R3·r@-- 罐=无罐 泵=0 阀=000000 速=+0,+0,+0.00 电=7.88V/0.73A/峰1.55 补余=0.0 IO错=0 就位暂停
[   36.099] TLM t=   0.0 L1·r@-- L2·r@-- L3·r@-- R1·r@-- R2·r@-- R3·r@-- 罐=无罐 泵=0 阀=000000 速=+0,+0,+0.00 电=7.89V/0.65A/峰1.55 补余=0.0 IO错=0 就位暂停
[   36.613] TLM t=   0.0 L1·r@-- L2·r@-- L3·r@-- R1·r@-- R2·r@-- R3·r@-- 罐=无罐 泵=0 阀=000000 速=+0,+0,+0.00 电=7.87V/0.73A/峰1.55 补余=0.0 IO错=0 就位暂停
[   37.118] TLM t=   0.0 L1·r@-- L2·r@-- L3·r@-- R1·r@-- R2·r@-- R3·r@-- 罐=无罐 泵=0 阀=000000 速=+0,+0,+0.00 电=7.87V/0.65A/峰1.55 补余=0.0 IO错=0 就位暂停
[   37.628] TLM t=   0.0 L1·r@-- L2·r@-- L3·r@-- R1·r@-- R2·r@-- R3·r@-- 罐=无罐 泵=0 阀=000000 速=+0,+0,+0.00 电=7.88V/0.73A/峰1.55 补余=0.0 IO错=0 就位暂停
[   38.132] TLM t=   0.0 L1·r@-- L2·r@-- L3·r@-- R1·r@-- R2·r@-- R3·r@-- 罐=无罐 泵=0 阀=000000 速=+0,+0,+0.00 电=7.88V/0.73A/峰1.55 补余=0.0 IO错=0 就位暂停
[   38.642] TLM t=   0.0 L1·r@-- L2·r@-- L3·r@-- R1·r@-- R2·r@-- R3·r@-- 罐=无罐 泵=0 阀=000000 速=+0,+0,+0.00 电=7.88V/0.73A/峰1.55 补余=0.0 IO错=0 就位暂停
[   39.148] TLM t=   0.0 L1·r@-- L2·r@-- L3·r@-- R1·r@-- R2·r@-- R3·r@-- 罐=无罐 泵=0 阀=000000 速=+0,+0,+0.00 电=7.88V/0.73A/峰1.55 补余=0.0 IO错=0 就位暂停
[   39.661] TLM t=   0.0 L1·r@-- L2·r@-- L3·r@-- R1·r@-- R2·r@-- R3·r@-- 罐=无罐 泵=0 阀=000000 速=+0,+0,+0.00 电=7.88V/0.73A/峰1.55 补余=0.0 IO错=0 就位暂停
[   40.167] TLM t=   0.0 L1·r@-- L2·r@-- L3·r@-- R1·r@-- R2·r@-- R3·r@-- 罐=无罐 泵=0 阀=000000 速=+0,+0,+0.00 电=7.88V/0.73A/峰1.55 补余=0.0 IO错=0 就位暂停
[   40.680] TLM t=   0.0 L1·r@-- L2·r@-- L3·r@-- R1·r@-- R2·r@-- R3·r@-- 罐=无罐 泵=0 阀=000000 速=+0,+0,+0.00 电=7.88V/0.73A/峰1.55 补余=0.0 IO错=0 就位暂停
[   41.185] TLM t=   0.0 L1·r@-- L2·r@-- L3·r@-- R1·r@-- R2·r@-- R3·r@-- 罐=无罐 泵=0 阀=000000 速=+0,+0,+0.00 电=7.87V/0.73A/峰1.55 补余=0.0 IO错=0 就位暂停
[   41.696] TLM t=   0.0 L1·r@-- L2·r@-- L3·r@-- R1·r@-- R2·r@-- R3·r@-- 罐=无罐 泵=0 阀=000000 速=+0,+0,+0.00 电=7.88V/0.73A/峰1.55 补余=0.0 IO错=0 就位暂停
[   42.205] TLM t=   0.0 L1·r@-- L2·r@-- L3·r@-- R1·r@-- R2·r@-- R3·r@-- 罐=无罐 泵=0 阀=000000 速=+0,+0,+0.00 电=7.88V/0.73A/峰1.55 补余=0.0 IO错=0 就位暂停
[   42.717] TLM t=   0.0 L1·r@-- L2·r@-- L3·r@-- R1·r@-- R2·r@-- R3·r@-- 罐=无罐 泵=0 阀=000000 速=+0,+0,+0.00 电=7.88V/0.73A/峰1.55 补余=0.0 IO错=0 就位暂停
[   43.223] TLM t=   0.0 L1·r@-- L2·r@-- L3·r@-- R1·r@-- R2·r@-- R3·r@-- 罐=无罐 泵=0 阀=000000 速=+0,+0,+0.00 电=7.88V/0.73A/峰1.55 补余=0.0 IO错=0 就位暂停
[   43.733] TLM t=   0.0 L1·r@-- L2·r@-- L3·r@-- R1·r@-- R2·r@-- R3·r@-- 罐=无罐 泵=0 阀=000000 速=+0,+0,+0.00 电=7.88V/0.73A/峰1.55 补余=0.0 IO错=0 就位暂停
[   44.238] TLM t=   0.0 L1·r@-- L2·r@-- L3·r@-- R1·r@-- R2·r@-- R3·r@-- 罐=无罐 泵=0 阀=000000 速=+0,+0,+0.00 电=7.88V/0.73A/峰1.55 补余=0.0 IO错=0 就位暂停
[   44.748] TLM t=   0.0 L1·r@-- L2·r@-- L3·r@-- R1·r@-- R2·r@-- R3·r@-- 罐=无罐 泵=0 阀=000000 速=+0,+0,+0.00 电=7.88V/0.65A/峰1.55 补余=0.0 IO错=0 就位暂停
[   45.254] TLM t=   0.0 L1·r@-- L2·r@-- L3·r@-- R1·r@-- R2·r@-- R3·r@-- 罐=无罐 泵=0 阀=000000 速=+0,+0,+0.00 电=7.88V/0.65A/峰1.55 补余=0.0 IO错=0 就位暂停
[   45.766] TLM t=   0.0 L1·r@-- L2·r@-- L3·r@-- R1·r@-- R2·r@-- R3·r@-- 罐=无罐 泵=0 阀=000000 速=+0,+0,+0.00 电=7.89V/0.73A/峰1.55 补余=0.0 IO错=0 就位暂停
[   46.273] TLM t=   0.0 L1·r@-- L2·r@-- L3·r@-- R1·r@-- R2·r@-- R3·r@-- 罐=无罐 泵=0 阀=000000 速=+0,+0,+0.00 电=7.88V/0.73A/峰1.55 补余=0.0 IO错=0 就位暂停
[   46.785] TLM t=   0.0 L1·r@-- L2·r@-- L3·r@-- R1·r@-- R2·r@-- R3·r@-- 罐=无罐 泵=0 阀=000000 速=+0,+0,+0.00 电=7.88V/0.73A/峰1.55 补余=0.0 IO错=0 就位暂停
[   47.295] TLM t=   0.0 L1·r@-- L2·r@-- L3·r@-- R1·r@-- R2·r@-- R3·r@-- 罐=无罐 泵=0 阀=000000 速=+0,+0,+0.00 电=7.89V/0.73A/峰1.55 补余=0.0 IO错=0 就位暂停
[   47.807] TLM t=   0.0 L1·r@-- L2·r@-- L3·r@-- R1·r@-- R2·r@-- R3·r@-- 罐=无罐 泵=0 阀=000000 速=+0,+0,+0.00 电=7.87V/0.73A/峰1.55 补余=0.0 IO错=0 就位暂停
[   48.313] TLM t=   0.0 L1·r@-- L2·r@-- L3·r@-- R1·r@-- R2·r@-- R3·r@-- 罐=无罐 泵=0 阀=000000 速=+0,+0,+0.00 电=7.88V/0.73A/峰1.55 补余=0.0 IO错=0 就位暂停
[   48.823] TLM t=   0.0 L1·r@-- L2·r@-- L3·r@-- R1·r@-- R2·r@-- R3·r@-- 罐=无罐 泵=0 阀=000000 速=+0,+0,+0.00 电=7.88V/0.73A/峰1.55 补余=0.0 IO错=0 就位暂停
[   49.329] TLM t=   0.0 L1·r@-- L2·r@-- L3·r@-- R1·r@-- R2·r@-- R3·r@-- 罐=无罐 泵=0 阀=000000 速=+0,+0,+0.00 电=7.88V/0.65A/峰1.55 补余=0.0 IO错=0 就位暂停
[   49.841] TLM t=   0.0 L1·r@-- L2·r@-- L3·r@-- R1·r@-- R2·r@-- R3·r@-- 罐=无罐 泵=0 阀=000000 速=+0,+0,+0.00 电=7.88V/0.65A/峰1.55 补余=0.0 IO错=0 就位暂停
[   50.348] TLM t=   0.0 L1·r@-- L2·r@-- L3·r@-- R1·r@-- R2·r@-- R3·r@-- 罐=无罐 泵=0 阀=000000 速=+0,+0,+0.00 电=7.88V/0.73A/峰1.55 补余=0.0 IO错=0 就位暂停
[   50.858] TLM t=   0.0 L1·r@-- L2·r@-- L3·r@-- R1·r@-- R2·r@-- R3·r@-- 罐=无罐 泵=0 阀=000000 速=+0,+0,+0.00 电=7.88V/0.73A/峰1.55 补余=0.0 IO错=0 就位暂停
[   51.364] TLM t=   0.0 L1·r@-- L2·r@-- L3·r@-- R1·r@-- R2·r@-- R3·r@-- 罐=无罐 泵=0 阀=000000 速=+0,+0,+0.00 电=7.86V/0.73A/峰1.55 补余=0.0 IO错=0 就位暂停
[   51.873] TLM t=   0.0 L1·r@-- L2·r@-- L3·r@-- R1·r@-- R2·r@-- R3·r@-- 罐=无罐 泵=0 阀=000000 速=+0,+0,+0.00 电=7.87V/0.73A/峰1.55 补余=0.0 IO错=0 就位暂停
[   52.378] TLM t=   0.0 L1·r@-- L2·r@-- L3·r@-- R1·r@-- R2·r@-- R3·r@-- 罐=无罐 泵=0 阀=000000 速=+0,+0,+0.00 电=7.88V/0.57A/峰1.55 补余=0.0 IO错=0 就位暂停
[   52.889] TLM t=   0.0 L1·r@-- L2·r@-- L3·r@-- R1·r@-- R2·r@-- R3·r@-- 罐=无罐 泵=0 阀=000000 速=+0,+0,+0.00 电=7.88V/0.49A/峰1.55 补余=0.0 IO错=0 就位暂停
[   53.394] TLM t=   0.0 L1·r@-- L2·r@-- L3·r@-- R1·r@-- R2·r@-- R3·r@-- 罐=无罐 泵=0 阀=000000 速=+0,+0,+0.00 电=7.88V/0.57A/峰1.55 补余=0.0 IO错=0 就位暂停
[   53.902] TLM t=   0.0 L1·r@-- L2·r@-- L3·r@-- R1·r@-- R2·r@-- R3·r@-- 罐=无罐 泵=0 阀=000000 速=+0,+0,+0.00 电=7.88V/0.57A/峰1.55 补余=0.0 IO错=0 就位暂停
[   54.412] TLM t=   0.0 L1·r@-- L2·r@-- L3·r@-- R1·r@-- R2·r@-- R3·r@-- 罐=无罐 泵=0 阀=000000 速=+0,+0,+0.00 电=7.89V/0.57A/峰1.55 补余=0.0 IO错=0 就位暂停
[   54.922] TLM t=   0.0 L1·r@-- L2·r@-- L3·r@-- R1·r@-- R2·r@-- R3·r@-- 罐=无罐 泵=0 阀=000000 速=+0,+0,+0.00 电=7.87V/0.65A/峰1.55 补余=0.0 IO错=0 就位暂停
[   55.428] TLM t=   0.0 L1·r@-- L2·r@-- L3·r@-- R1·r@-- R2·r@-- R3·r@-- 罐=无罐 泵=0 阀=000000 速=+0,+0,+0.00 电=7.88V/0.73A/峰1.55 补余=0.0 IO错=0 就位暂停
[   55.935] TLM t=   0.0 L1·r@-- L2·r@-- L3·r@-- R1·r@-- R2·r@-- R3·r@-- 罐=无罐 泵=0 阀=000000 速=+0,+0,+0.00 电=7.87V/0.73A/峰1.55 补余=0.0 IO错=0 就位暂停
[   56.442] TLM t=   0.0 L1·r@-- L2·r@-- L3·r@-- R1·r@-- R2·r@-- R3·r@-- 罐=无罐 泵=0 阀=000000 速=+0,+0,+0.00 电=7.87V/0.65A/峰1.55 补余=0.0 IO错=0 就位暂停
[   56.950] TLM t=   0.0 L1·r@-- L2·r@-- L3·r@-- R1·r@-- R2·r@-- R3·r@-- 罐=无罐 泵=0 阀=000000 速=+0,+0,+0.00 电=7.88V/0.57A/峰1.55 补余=0.0 IO错=0 就位暂停
[   57.456] TLM t=   0.0 L1·r@-- L2·r@-- L3·r@-- R1·r@-- R2·r@-- R3·r@-- 罐=无罐 泵=0 阀=000000 速=+0,+0,+0.00 电=7.87V/0.73A/峰1.55 补余=0.0 IO错=0 就位暂停
[   57.967] TLM t=   0.0 L1·r@-- L2·r@-- L3·r@-- R1·r@-- R2·r@-- R3·r@-- 罐=无罐 泵=0 阀=000000 速=+0,+0,+0.00 电=7.87V/0.65A/峰1.55 补余=0.0 IO错=0 就位暂停
[   58.472] TLM t=   0.0 L1·r@-- L2·r@-- L3·r@-- R1·r@-- R2·r@-- R3·r@-- 罐=无罐 泵=0 阀=000000 速=+0,+0,+0.00 电=7.87V/0.73A/峰1.55 补余=0.0 IO错=0 就位暂停
[   58.980] TLM t=   0.0 L1·r@-- L2·r@-- L3·r@-- R1·r@-- R2·r@-- R3·r@-- 罐=无罐 泵=0 阀=000000 速=+0,+0,+0.00 电=7.88V/0.73A/峰1.55 补余=0.0 IO错=0 就位暂停
[   59.043] EVT 按 p：开始全吸附启动序列
[   59.044] EVT 相位 R3 stance→press
[   59.063] EVT 泵 开
[   59.495] TLM t=   0.0 L1·r@-- L2·r@-- L3·r@-- R1·r@-- R2·r@-- R3Pr@-- 罐=无罐 泵=1 阀=000000 速=+0,+0,+0.00 电=7.82V/0.73A/峰1.55 补余=0.0 IO错=0 倾+0.0
[   59.993] TLM t=   0.0 L1·r@-- L2·r@-- L3·r@-- R1·r@-- R2·r@-- R3Pr@-- 罐=无罐 泵=1 阀=000000 速=+0,+0,+0.00 电=7.82V/0.73A/峰1.55 补余=0.0 IO错=0 倾+0.0
[   60.499] TLM t=   0.0 L1·r@-- L2·r@-- L3·r@-- R1·r@-- R2·r@-- R3Pr@-- 罐=无罐 泵=1 阀=000000 速=+0,+0,+0.00 电=7.86V/0.65A/峰1.55 补余=0.0 IO错=0 倾+0.0
[   60.997] TLM t=   0.0 L1·r@-- L2·r@-- L3·r@-- R1·r@-- R2·r@-- R3Pr@-- 罐=无罐 泵=1 阀=000000 速=+0,+0,+0.00 电=7.82V/0.73A/峰1.55 补余=0.0 IO错=0 倾+0.0
[   61.499] TLM t=   0.0 L1·r@-- L2·r@-- L3·r@-- R1·r@-- R2·r@-- R3Pr@-- 罐=无罐 泵=1 阀=000000 速=+0,+0,+0.00 电=7.86V/0.73A/峰1.55 补余=0.0 IO错=0 倾+0.0
[   62.001] TLM t=   0.0 L1·r@-- L2·r@-- L3·r@-- R1·r@-- R2·r@-- R3Pr@-- 罐=无罐 泵=1 阀=000000 速=+0,+0,+0.00 电=7.80V/0.73A/峰1.55 补余=0.0 IO错=0 倾+0.0
[   62.031] EVT 吸附 R3 released→pressing 在态3.00s
[   62.032] EVT 相位 R3 press→wait
[   62.052] EVT 泵 停
[   62.332] EVT 吸附 R3 pressing→sucking 在态0.30s
[   62.333] EVT 阀 R3 →抽气位
[   62.356] EVT 泵 开
[   62.503] TLM t=   0.0 L1·r@-- L2·r@-- L3·r@-- R1·r@-- R2·r@-- R3Ws@-54 罐=无罐 泵=1 阀=000001 速=+0,+0,+0.00 电=7.82V/0.73A/峰1.55 补余=0.0 IO错=0 倾+0.0
[   62.673] EVT 吸附 R3 sucking→attached 在态0.34s -71.4kPa
[   62.674] EVT 相位 R3 wait→stance
[   62.694] EVT 相位 L1 stance→press
[   62.836] EVT 泵 停 最差盘压-75.4
[   63.005] TLM t=   0.0 L1Pr@-- L2·r@-- L3·r@-- R1·r@-- R2·r@-- R3·A@-76 罐=无罐 泵=0 阀=000001 速=+0,+0,+0.00 电=7.88V/0.73A/峰1.55 补余=0.0 IO错=0 倾+0.0
[   63.508] TLM t=   0.0 L1Pr@-- L2·r@-- L3·r@-- R1·r@-- R2·r@-- R3·A@-75 罐=无罐 泵=0 阀=000001 速=+0,+0,+0.00 电=7.88V/0.81A/峰1.55 补余=0.0 IO错=0 倾+0.0
[   63.879] EVT 吸附 L1 released→pressing 在态4.84s
[   63.880] EVT 相位 L1 press→wait
[   64.010] TLM t=   0.0 L1Wp@-- L2·r@-- L3·r@-- R1·r@-- R2·r@-- R3·A@-74 罐=无罐 泵=0 阀=000001 速=+0,+0,+0.00 电=7.88V/0.81A/峰1.55 补余=0.0 IO错=0 倾+0.0
[   64.200] EVT 吸附 L1 pressing→sucking 在态0.32s
[   64.201] EVT 阀 L1 →抽气位
[   64.226] EVT 泵 开 最差盘压-73.9
[   64.511] TLM t=   0.0 L1Ws@-63 L2·r@-- L3·r@-- R1·r@-- R2·r@-- R3·A@-74 罐=无罐 泵=1 阀=100001 速=+0,+0,+0.00 电=7.81V/0.73A/峰1.55 补余=0.0 IO错=0 倾+0.0
[   64.561] EVT 吸附 L1 sucking→attached 在态0.36s -67.1kPa
[   64.562] EVT 相位 L1 wait→stance
[   64.587] EVT 相位 R2 stance→press
[   64.888] EVT 泵 停 最差盘压-75.8
[   65.016] TLM t=   0.0 L1·A@-77 L2·r@-- L3·r@-- R1·r@-- R2Pr@-- R3·A@-77 罐=无罐 泵=0 阀=100001 速=+0,+0,+0.00 电=7.89V/0.73A/峰1.55 补余=0.0 IO错=0 倾+0.0
[   65.531] TLM t=   0.0 L1·A@-76 L2·r@-- L3·r@-- R1·r@-- R2Pr@-- R3·A@-76 罐=无罐 泵=0 阀=100001 速=+0,+0,+0.00 电=7.88V/0.90A/峰1.55 补余=0.0 IO错=0 倾+0.0
[   65.765] EVT 吸附 R2 released→pressing 在态6.72s
[   65.765] EVT 相位 R2 press→wait
[   66.042] TLM t=   0.0 L1·A@-76 L2·r@-- L3·r@-- R1·r@-- R2Wp@-- R3·A@-75 罐=无罐 泵=0 阀=100001 速=+0,+0,+0.00 电=7.89V/0.81A/峰1.55 补余=0.0 IO错=0 倾+0.0
[   66.091] EVT 吸附 R2 pressing→sucking 在态0.32s
[   66.091] EVT 阀 R2 →抽气位
[   66.109] EVT 泵 开 最差盘压-75.2
[   66.389] EVT 吸附 R2 sucking→attached 在态0.30s -66.8kPa
[   66.392] EVT 相位 R2 wait→stance
[   66.410] EVT 相位 L3 stance→press
[   66.555] TLM t=   0.0 L1·A@-76 L2·r@-- L3Pr@-- R1·r@-- R2·A@-71 R3·A@-75 罐=无罐 泵=1 阀=100011 速=+0,+0,+0.00 电=7.86V/0.73A/峰1.55 补余=0.0 IO错=0 倾+0.0
[   66.771] EVT 泵 停 最差盘压-75.5
[   67.064] TLM t=   0.0 L1·A@-76 L2·r@-- L3Pr@-- R1·r@-- R2·A@-76 R3·A@-76 罐=无罐 泵=0 阀=100011 速=+0,+0,+0.00 电=7.91V/0.73A/峰1.55 补余=0.0 IO错=0 倾+0.0
[   67.580] TLM t=   0.0 L1·A@-76 L2·r@-- L3Pr@-- R1·r@-- R2·A@-75 R3·A@-75 罐=无罐 泵=0 阀=100011 速=+0,+0,+0.00 电=7.91V/0.81A/峰1.55 补余=0.0 IO错=0 倾+0.0
[   67.595] EVT 吸附 L3 released→pressing 在态8.54s
[   67.595] EVT 相位 L3 press→wait
[   67.914] EVT 吸附 L3 pressing→sucking 在态0.32s
[   67.914] EVT 阀 L3 →抽气位
[   67.934] EVT 泵 开 最差盘压-74.7
[   68.084] TLM t=   0.0 L1·A@-76 L2·r@-- L3Ws@-57 R1·r@-- R2·A@-75 R3·A@-75 罐=无罐 泵=1 阀=101011 速=+0,+0,+0.00 电=7.89V/0.73A/峰1.55 补余=0.0 IO错=0 倾+0.0
[   68.212] EVT 吸附 L3 sucking→attached 在态0.30s -62.9kPa
[   68.215] EVT 相位 L3 wait→stance
[   68.235] EVT 相位 R1 stance→press
[   68.602] TLM t=   0.0 L1·A@-76 L2·r@-- L3·A@-75 R1Pr@-- R2·A@-75 R3·A@-75 罐=无罐 泵=1 阀=101011 速=+0,+0,+0.00 电=7.86V/0.57A/峰1.55 补余=0.0 IO错=0 倾+0.0
[   68.636] EVT 泵 停 最差盘压-75.1
[   69.110] TLM t=   0.0 L1·A@-76 L2·r@-- L3·A@-76 R1Pr@-- R2·A@-76 R3·A@-76 罐=无罐 泵=0 阀=101011 速=+0,+0,+0.00 电=7.91V/0.73A/峰1.55 补余=0.0 IO错=0 倾+0.0
[   69.418] EVT 吸附 R1 released→pressing 在态10.36s
[   69.418] EVT 相位 R1 press→wait
[   69.626] TLM t=   0.0 L1·A@-76 L2·r@-- L3·A@-75 R1Wp@-- R2·A@-75 R3·A@-75 罐=无罐 泵=0 阀=101011 速=+0,+0,+0.00 电=7.92V/0.81A/峰1.55 补余=0.0 IO错=0 倾+0.0
[   69.739] EVT 吸附 R1 pressing→sucking 在态0.32s
[   69.739] EVT 阀 R1 →抽气位
[   69.764] EVT 泵 开 最差盘压-74.7
[   70.100] EVT 吸附 R1 sucking→attached 在态0.36s -69.1kPa
[   70.100] EVT 相位 R1 wait→stance
[   70.125] EVT 相位 L2 stance→press
[   70.134] TLM t=   0.0 L1·A@-75 L2Pr@-- L3·A@-75 R1·A@-71 R2·A@-75 R3·A@-74 罐=无罐 泵=1 阀=101111 速=+0,+0,+0.00 电=7.87V/0.65A/峰1.55 补余=0.0 IO错=0 倾+0.0
[   70.366] EVT 泵 停 最差盘压-75.3
[   70.652] TLM t=   0.0 L1·A@-76 L2Pr@-- L3·A@-76 R1·A@-76 R2·A@-76 R3·A@-76 罐=无罐 泵=0 阀=101111 速=+0,+0,+0.00 电=7.93V/0.73A/峰1.55 补余=0.0 IO错=0 倾+0.0
[   71.155] TLM t=   0.0 L1·A@-76 L2Pr@-- L3·A@-76 R1·A@-75 R2·A@-76 R3·A@-75 罐=无罐 泵=0 阀=101111 速=+0,+0,+0.00 电=7.92V/0.81A/峰1.55 补余=0.0 IO错=0 倾+0.0
[   71.303] EVT 吸附 L2 released→pressing 在态12.24s
[   71.303] EVT 相位 L2 press→wait
[   71.629] EVT 吸附 L2 pressing→sucking 在态0.32s
[   71.629] EVT 阀 L2 →抽气位
[   71.647] EVT 泵 开 最差盘压-74.8
[   71.671] TLM t=   0.0 L1·A@-76 L2Ws@0 L3·A@-76 R1·A@-75 R2·A@-75 R3·A@-75 罐=无罐 泵=1 阀=111111 速=+0,+0,+0.00 电=7.79V/0.57A/峰1.55 补余=0.0 IO错=0 倾+0.0
[   71.925] EVT 吸附 L2 sucking→attached 在态0.30s -66.8kPa
[   71.930] EVT 相位 L2 wait→stance
[   71.930] EVT ✓ 六足全吸附，启动序列完成，相位钟开始
[   72.180] TLM t=   0.2 L1·A@-76 L2·A@-74 L3·A@-76 R1·A@-75 R2·A@-75 R3·A@-74 罐=无罐 泵=1 阀=111111 速=+0,+0,+0.00 电=7.91V/0.57A/峰1.55 补余=0.0 IO错=0 倾+0.0
[   72.249] EVT 泵 停 最差盘压-75.1
[   72.696] TLM t=   0.8 L1·A@-76 L2·A@-76 L3·A@-76 R1·A@-75 R2·A@-76 R3·A@-76 罐=无罐 泵=0 阀=111111 速=+0,+0,+0.00 电=7.94V/0.65A/峰1.55 补余=0.0 IO错=0 倾+0.0
[   73.203] TLM t=   1.3 L1·A@-76 L2·A@-75 L3·A@-76 R1·A@-75 R2·A@-75 R3·A@-75 罐=无罐 泵=0 阀=111111 速=+0,+0,+0.00 电=7.94V/0.49A/峰1.55 补余=0.0 IO错=0 倾+0.0
[   73.720] TLM t=   1.8 L1·A@-76 L2·A@-74 L3·A@-76 R1·A@-75 R2·A@-75 R3·A@-74 罐=无罐 泵=0 阀=111111 速=+0,+0,+0.00 电=7.95V/0.57A/峰1.55 补余=0.0 IO错=0 倾+0.0
[   74.225] TLM t=   2.3 L1·A@-75 L2·A@-74 L3·A@-75 R1·A@-75 R2·A@-74 R3·A@-74 罐=无罐 泵=0 阀=111111 速=+0,+0,+0.00 电=7.95V/0.57A/峰1.55 补余=0.0 IO错=0 倾+0.0
[   74.742] TLM t=   2.8 L1·A@-75 L2·A@-73 L3·A@-75 R1·A@-75 R2·A@-74 R3·A@-73 罐=无罐 泵=0 阀=111111 速=+0,+0,+0.00 电=7.94V/0.49A/峰1.55 补余=0.0 IO错=0 倾+0.0
[   75.250] TLM t=   3.3 L1·A@-75 L2·A@-73 L3·A@-75 R1·A@-75 R2·A@-73 R3·A@-72 罐=无罐 泵=0 阀=111111 速=+0,+0,+0.00 电=7.94V/0.57A/峰1.55 补余=0.0 IO错=0 倾+0.0
[   75.764] TLM t=   3.8 L1·A@-75 L2·A@-72 L3·A@-75 R1·A@-74 R2·A@-73 R3·A@-72 罐=无罐 泵=0 阀=111111 速=+0,+0,+0.00 电=7.94V/0.65A/峰1.55 补余=0.0 IO错=0 倾+0.0
[   76.274] TLM t=   4.3 L1·A@-75 L2·A@-72 L3·A@-75 R1·A@-74 R2·A@-72 R3·A@-71 罐=无罐 泵=0 阀=111111 速=+0,+0,+0.00 电=7.95V/0.73A/峰1.55 补余=0.0 IO错=0 倾+0.0
[   76.787] TLM t=   4.8 L1·A@-74 L2·A@-71 L3·A@-75 R1·A@-74 R2·A@-72 R3·A@-70 罐=无罐 泵=0 阀=111111 速=+0,+0,+0.00 电=7.94V/0.73A/峰1.55 补余=0.0 IO错=0 倾+0.0
[   77.294] TLM t=   5.3 L1·A@-74 L2·A@-71 L3·A@-75 R1·A@-74 R2·A@-72 R3·A@-70 罐=无罐 泵=0 阀=111111 速=+0,+0,+0.00 电=7.94V/0.73A/峰1.55 补余=0.0 IO错=0 倾+0.0
[   77.811] TLM t=   5.9 L1·A@-74 L2·A@-70 L3·A@-75 R1·A@-74 R2·A@-71 R3·A@-69 罐=无罐 泵=0 阀=111111 速=+0,+0,+0.00 电=7.94V/0.65A/峰1.55 补余=0.0 IO错=0 倾+0.0
[   78.317] TLM t=   6.4 L1·A@-74 L2·A@-70 L3·A@-75 R1·A@-74 R2·A@-71 R3·A@-68 罐=无罐 泵=0 阀=111111 速=+0,+0,+0.00 电=7.93V/0.73A/峰1.55 补余=0.0 IO错=0 倾+0.0
[   78.832] TLM t=   6.9 L1·A@-74 L2·A@-69 L3·A@-75 R1·A@-74 R2·A@-70 R3·A@-68 罐=无罐 泵=0 阀=111111 速=+0,+0,+0.00 电=7.94V/0.65A/峰1.55 补余=0.0 IO错=0 倾+0.0
[   79.340] TLM t=   7.4 L1·A@-74 L2·A@-69 L3·A@-74 R1·A@-74 R2·A@-70 R3·A@-67 罐=无罐 泵=0 阀=111111 速=+0,+0,+0.00 电=7.94V/0.65A/峰1.55 补余=0.0 IO错=0 倾+0.0
[   79.857] TLM t=   7.9 L1·A@-73 L2·A@-68 L3·A@-74 R1·A@-74 R2·A@-70 R3·A@-66 罐=无罐 泵=0 阀=111111 速=+0,+0,+0.00 电=7.94V/0.81A/峰1.55 补余=0.0 IO错=0 倾+0.0
[   80.363] TLM t=   8.4 L1·A@-73 L2·A@-68 L3·A@-74 R1·A@-74 R2·A@-69 R3·A@-66 罐=无罐 泵=0 阀=111111 速=+0,+0,+0.00 电=7.94V/0.73A/峰1.55 补余=0.0 IO错=0 倾+0.0
[   80.881] TLM t=   8.9 L1·A@-73 L2·A@-67 L3·A@-74 R1·A@-74 R2·A@-69 R3·A@-65 罐=无罐 泵=0 阀=111111 速=+0,+0,+0.00 电=7.94V/0.65A/峰1.55 补余=0.0 IO错=0 倾+0.0
[   81.386] TLM t=   9.4 L1·A@-73 L2·A@-67 L3·A@-74 R1·A@-73 R2·A@-68 R3·A@-65 罐=无罐 泵=0 阀=111111 速=+0,+0,+0.00 电=7.93V/0.73A/峰1.55 补余=0.0 IO错=0 倾+0.0
[   81.902] TLM t=   9.9 L1·A@-73 L2·A@-66 L3·A@-74 R1·A@-73 R2·A@-68 R3·A@-64 罐=无罐 泵=0 阀=111111 速=+0,+0,+0.00 电=7.94V/0.65A/峰1.55 补余=0.0 IO错=0 倾+0.0
[   82.412] TLM t=  10.4 L1·A@-73 L2·A@-66 L3·A@-74 R1·A@-73 R2·A@-68 R3·A@-63 罐=无罐 泵=0 阀=111111 速=+0,+0,+0.00 电=7.94V/0.73A/峰1.55 补余=0.0 IO错=0 倾+0.0
[   82.925] TLM t=  11.0 L1·A@-73 L2·A@-65 L3·A@-74 R1·A@-73 R2·A@-67 R3·A@-63 罐=无罐 泵=0 阀=111111 速=+0,+0,+0.00 电=7.94V/0.65A/峰1.55 补余=0.0 IO错=0 倾+0.0
[   83.431] TLM t=  11.5 L1·A@-72 L2·A@-65 L3·A@-74 R1·A@-73 R2·A@-67 R3·A@-62 罐=无罐 泵=0 阀=111111 速=+0,+0,+0.00 电=7.94V/0.65A/峰1.55 补余=0.0 IO错=0 倾+0.0
[   83.949] TLM t=  12.0 L1·A@-72 L2·A@-64 L3·A@-74 R1·A@-73 R2·A@-66 R3·A@-62 罐=无罐 泵=0 阀=111111 速=+0,+0,+0.00 电=7.94V/0.73A/峰1.55 补余=0.0 IO错=0 倾+0.0
[   84.455] TLM t=  12.5 L1·A@-72 L2·A@-64 L3·A@-74 R1·A@-73 R2·A@-66 R3·A@-61 罐=无罐 泵=0 阀=111111 速=+0,+0,+0.00 电=7.94V/0.73A/峰1.55 补余=0.0 IO错=0 倾+0.0
[   84.969] TLM t=  13.0 L1·A@-72 L2·A@-64 L3·A@-74 R1·A@-73 R2·A@-66 R3·A@-60 罐=无罐 泵=0 阀=111111 速=+0,+0,+0.00 电=7.95V/0.65A/峰1.55 补余=0.0 IO错=0 倾+0.0
[   85.289] EVT 泵 开 最差盘压-60.0
[   85.478] TLM t=  13.5 L1·A@-72 L2·A@-63 L3·A@-74 R1·A@-73 R2·A@-65 R3·A@-60 罐=无罐 泵=1 阀=111111 速=+0,+0,+0.00 电=7.91V/0.65A/峰1.55 补余=0.0 IO错=0 倾+0.0
[   85.993] TLM t=  14.0 L1·A@-73 L2·A@-74 L3·A@-73 R1·A@-73 R2·A@-74 R3·A@-73 罐=无罐 泵=1 阀=111111 速=+0,+0,+0.00 电=7.90V/0.73A/峰1.55 补余=0.0 IO错=0 倾+0.0
[   86.251] EVT 泵 停 最差盘压-75.5
[   86.501] TLM t=  14.5 L1·A@-76 L2·A@-76 L3·A@-76 R1·A@-76 R2·A@-76 R3·A@-76 罐=无罐 泵=0 阀=111111 速=+0,+0,+0.00 电=7.94V/0.65A/峰1.55 补余=0.0 IO错=0 倾+0.0
[   87.019] TLM t=  15.0 L1·A@-76 L2·A@-76 L3·A@-76 R1·A@-76 R2·A@-76 R3·A@-76 罐=无罐 泵=0 阀=111111 速=+0,+0,+0.00 电=7.94V/0.73A/峰1.55 补余=0.0 IO错=0 倾+0.0
[   87.525] TLM t=  15.5 L1·A@-76 L2·A@-75 L3·A@-76 R1·A@-76 R2·A@-75 R3·A@-75 罐=无罐 泵=0 阀=111111 速=+0,+0,+0.00 电=7.93V/0.73A/峰1.55 补余=0.0 IO错=0 倾+0.0
[   88.041] TLM t=  16.1 L1·A@-76 L2·A@-75 L3·A@-76 R1·A@-76 R2·A@-75 R3·A@-74 罐=无罐 泵=0 阀=111111 速=+0,+0,+0.00 电=7.93V/0.73A/峰1.55 补余=0.0 IO错=0 倾+0.0
[   88.548] TLM t=  16.6 L1·A@-76 L2·A@-74 L3·A@-76 R1·A@-76 R2·A@-74 R3·A@-73 罐=无罐 泵=0 阀=111111 速=+0,+0,+0.00 电=7.94V/0.73A/峰1.55 补余=0.0 IO错=0 倾+0.0
[   89.065] TLM t=  17.1 L1·A@-76 L2·A@-74 L3·A@-76 R1·A@-76 R2·A@-74 R3·A@-73 罐=无罐 泵=0 阀=111111 速=+0,+0,+0.00 电=7.94V/0.73A/峰1.55 补余=0.0 IO错=0 倾+0.0
[   89.568] TLM t=  17.6 L1·A@-76 L2·A@-73 L3·A@-76 R1·A@-75 R2·A@-74 R3·A@-72 罐=无罐 泵=0 阀=111111 速=+0,+0,+0.00 电=7.94V/0.73A/峰1.55 补余=0.0 IO错=0 倾+0.0
[   90.090] TLM t=  18.1 L1·A@-75 L2·A@-73 L3·A@-76 R1·A@-75 R2·A@-73 R3·A@-72 罐=无罐 泵=0 阀=111111 速=+0,+0,+0.00 电=7.93V/0.65A/峰1.55 补余=0.0 IO错=0 倾+0.0
[   90.596] TLM t=  18.6 L1·A@-75 L2·A@-72 L3·A@-76 R1·A@-75 R2·A@-73 R3·A@-71 罐=无罐 泵=0 阀=111111 速=+0,+0,+0.00 电=7.94V/0.65A/峰1.55 补余=0.0 IO错=0 倾+0.0
[   91.103] TLM t=  19.1 L1·A@-75 L2·A@-72 L3·A@-76 R1·A@-75 R2·A@-72 R3·A@-70 罐=无罐 泵=0 阀=111111 速=+0,+0,+0.00 电=7.94V/0.65A/峰1.55 补余=0.0 IO错=0 倾+0.0
[   91.599] TLM t=  19.6 L1·A@-75 L2·A@-71 L3·A@-76 R1·A@-75 R2·A@-72 R3·A@-70 罐=无罐 泵=0 阀=111111 速=+0,+0,+0.00 电=7.95V/0.65A/峰1.55 补余=0.0 IO错=0 倾+0.0
[   92.109] TLM t=  20.1 L1·A@-75 L2·A@-71 L3·A@-76 R1·A@-75 R2·A@-72 R3·A@-69 罐=无罐 泵=0 阀=111111 速=+0,+0,+0.00 电=7.94V/0.73A/峰1.55 补余=0.0 IO错=0 倾+0.0
[   92.614] TLM t=  20.6 L1·A@-75 L2·A@-71 L3·A@-75 R1·A@-75 R2·A@-71 R3·A@-68 罐=无罐 泵=0 阀=111111 速=+0,+0,+0.00 电=7.93V/0.73A/峰1.55 补余=0.0 IO错=0 倾+0.0
[   93.132] TLM t=  21.1 L1·A@-75 L2·A@-70 L3·A@-75 R1·A@-75 R2·A@-71 R3·A@-68 罐=无罐 泵=0 阀=111111 速=+0,+0,+0.00 电=7.94V/0.73A/峰1.55 补余=0.0 IO错=0 倾+0.0
[   93.637] TLM t=  21.6 L1·A@-75 L2·A@-70 L3·A@-75 R1·A@-75 R2·A@-70 R3·A@-67 罐=无罐 泵=0 阀=111111 速=+0,+0,+0.00 电=7.94V/0.65A/峰1.55 补余=0.0 IO错=0 倾+0.0
[   94.156] TLM t=  22.1 L1·A@-74 L2·A@-69 L3·A@-75 R1·A@-75 R2·A@-70 R3·A@-67 罐=无罐 泵=0 阀=111111 速=+0,+0,+0.00 电=7.93V/0.65A/峰1.55 补余=0.0 IO错=0 倾+0.0
[   94.659] TLM t=  22.6 L1·A@-74 L2·A@-69 L3·A@-75 R1·A@-75 R2·A@-70 R3·A@-66 罐=无罐 泵=0 阀=111111 速=+0,+0,+0.00 电=7.93V/0.73A/峰1.55 补余=0.0 IO错=0 倾+0.0
[   95.184] TLM t=  23.2 L1·A@-74 L2·A@-68 L3·A@-75 R1·A@-75 R2·A@-69 R3·A@-65 罐=无罐 泵=0 阀=111111 速=+0,+0,+0.00 电=7.94V/0.65A/峰1.55 补余=0.0 IO错=0 倾+0.0
[   95.690] TLM t=  23.7 L1·A@-74 L2·A@-68 L3·A@-75 R1·A@-75 R2·A@-69 R3·A@-65 罐=无罐 泵=0 阀=111111 速=+0,+0,+0.00 电=7.94V/0.73A/峰1.55 补余=0.0 IO错=0 倾+0.0
[   96.211] TLM t=  24.2 L1·A@-74 L2·A@-67 L3·A@-75 R1·A@-75 R2·A@-68 R3·A@-64 罐=无罐 泵=0 阀=111111 速=+0,+0,+0.00 电=7.94V/0.65A/峰1.55 补余=0.0 IO错=0 倾+0.0
[   96.714] TLM t=  24.7 L1·A@-74 L2·A@-67 L3·A@-75 R1·A@-75 R2·A@-68 R3·A@-63 罐=无罐 泵=0 阀=111111 速=+0,+0,+0.00 电=7.93V/0.65A/峰1.55 补余=0.0 IO错=0 倾+0.0
[   97.235] TLM t=  25.2 L1·A@-74 L2·A@-66 L3·A@-75 R1·A@-75 R2·A@-68 R3·A@-63 罐=无罐 泵=0 阀=111111 速=+0,+0,+0.00 电=7.94V/0.73A/峰1.55 补余=0.0 IO错=0 倾+0.0
[   97.735] TLM t=  25.7 L1·A@-74 L2·A@-66 L3·A@-75 R1·A@-75 R2·A@-67 R3·A@-62 罐=无罐 泵=0 阀=111111 速=+0,+0,+0.00 电=7.94V/0.73A/峰1.55 补余=0.0 IO错=0 倾+0.0
[   98.259] TLM t=  26.2 L1·A@-73 L2·A@-66 L3·A@-75 R1·A@-74 R2·A@-67 R3·A@-62 罐=无罐 泵=0 阀=111111 速=+0,+0,+0.00 电=7.93V/0.65A/峰1.55 补余=0.0 IO错=0 倾+0.0
[   98.763] TLM t=  26.7 L1·A@-73 L2·A@-65 L3·A@-75 R1·A@-74 R2·A@-67 R3·A@-61 罐=无罐 泵=0 阀=111111 速=+0,+0,+0.00 电=7.94V/0.73A/峰1.55 补余=0.0 IO错=0 倾+0.0
[   99.283] TLM t=  27.2 L1·A@-73 L2·A@-65 L3·A@-75 R1·A@-74 R2·A@-66 R3·A@-61 罐=无罐 泵=0 阀=111111 速=+0,+0,+0.00 电=7.94V/0.73A/峰1.55 补余=0.0 IO错=0 倾+0.0
[   99.777] EVT 泵 开 最差盘压-59.9
[   99.784] TLM t=  27.7 L1·A@-73 L2·A@-64 L3·A@-74 R1·A@-74 R2·A@-66 R3·A@-60 罐=无罐 泵=1 阀=111111 速=+0,+0,+0.00 电=7.78V/0.65A/峰1.55 补余=0.0 IO错=0 倾+0.0
[  100.307] TLM t=  28.3 L1·A@-73 L2·A@-71 L3·A@-74 R1·A@-74 R2·A@-70 R3·A@-70 罐=无罐 泵=1 阀=111111 速=+0,+0,+0.00 电=7.90V/0.65A/峰1.55 补余=0.0 IO错=0 倾+0.0
[  100.681] EVT 泵 停 最差盘压-75.1
[  100.809] TLM t=  28.8 L1·A@-76 L2·A@-76 L3·A@-76 R1·A@-76 R2·A@-76 R3·A@-76 罐=无罐 泵=0 阀=111111 速=+0,+0,+0.00 电=7.94V/0.81A/峰1.55 补余=0.0 IO错=0 倾+0.0
[  101.332] TLM t=  29.3 L1·A@-76 L2·A@-76 L3·A@-76 R1·A@-76 R2·A@-76 R3·A@-76 罐=无罐 泵=0 阀=111111 速=+0,+0,+0.00 电=7.94V/0.73A/峰1.55 补余=0.0 IO错=0 倾+0.0
[  101.838] TLM t=  29.8 L1·A@-76 L2·A@-75 L3·A@-76 R1·A@-76 R2·A@-75 R3·A@-75 罐=无罐 泵=0 阀=111111 速=+0,+0,+0.00 电=7.94V/0.73A/峰1.55 补余=0.0 IO错=0 倾+0.0
[  102.361] TLM t=  30.3 L1·A@-76 L2·A@-75 L3·A@-76 R1·A@-76 R2·A@-75 R3·A@-74 罐=无罐 泵=0 阀=111111 速=+0,+0,+0.00 电=7.94V/0.73A/峰1.55 补余=0.0 IO错=0 倾+0.0
[  102.869] TLM t=  30.8 L1·A@-76 L2·A@-74 L3·A@-76 R1·A@-75 R2·A@-74 R3·A@-73 罐=无罐 泵=0 阀=111111 速=+0,+0,+0.00 电=7.93V/0.73A/峰1.55 补余=0.0 IO错=0 倾+0.0
[  103.389] TLM t=  31.3 L1·A@-76 L2·A@-74 L3·A@-76 R1·A@-75 R2·A@-74 R3·A@-73 罐=无罐 泵=0 阀=111111 速=+0,+0,+0.00 电=7.94V/0.73A/峰1.55 补余=0.0 IO错=0 倾+0.0
[  103.890] TLM t=  31.8 L1·A@-75 L2·A@-73 L3·A@-76 R1·A@-75 R2·A@-74 R3·A@-72 罐=无罐 泵=0 阀=111111 速=+0,+0,+0.00 电=7.93V/0.73A/峰1.55 补余=0.0 IO错=0 倾+0.0
[  104.415] TLM t=  32.3 L1·A@-75 L2·A@-73 L3·A@-76 R1·A@-75 R2·A@-73 R3·A@-72 罐=无罐 泵=0 阀=111111 速=+0,+0,+0.00 电=7.93V/0.65A/峰1.55 补余=0.0 IO错=0 倾+0.0
[  104.920] TLM t=  32.8 L1·A@-75 L2·A@-72 L3·A@-76 R1·A@-75 R2·A@-73 R3·A@-71 罐=无罐 泵=0 阀=111111 速=+0,+0,+0.00 电=7.93V/0.73A/峰1.55 补余=0.0 IO错=0 倾+0.0
[  105.441] TLM t=  33.4 L1·A@-75 L2·A@-72 L3·A@-76 R1·A@-75 R2·A@-72 R3·A@-70 罐=无罐 泵=0 阀=111111 速=+0,+0,+0.00 电=7.93V/0.73A/峰1.55 补余=0.0 IO错=0 倾+0.0
[  105.944] TLM t=  33.9 L1·A@-75 L2·A@-71 L3·A@-76 R1·A@-75 R2·A@-72 R3·A@-70 罐=无罐 泵=0 阀=111111 速=+0,+0,+0.00 电=7.94V/0.73A/峰1.55 补余=0.0 IO错=0 倾+0.0
[  106.469] TLM t=  34.4 L1·A@-75 L2·A@-71 L3·A@-75 R1·A@-75 R2·A@-72 R3·A@-69 罐=无罐 泵=0 阀=111111 速=+0,+0,+0.00 电=7.94V/0.73A/峰1.55 补余=0.0 IO错=0 倾+0.0
[  106.971] TLM t=  34.9 L1·A@-75 L2·A@-71 L3·A@-75 R1·A@-75 R2·A@-71 R3·A@-68 罐=无罐 泵=0 阀=111111 速=+0,+0,+0.00 电=7.93V/0.73A/峰1.55 补余=0.0 IO错=0 倾+0.0
[  107.495] TLM t=  35.4 L1·A@-75 L2·A@-70 L3·A@-75 R1·A@-75 R2·A@-71 R3·A@-68 罐=无罐 泵=0 阀=111111 速=+0,+0,+0.00 电=7.94V/0.73A/峰1.55 补余=0.0 IO错=0 倾+0.0
[  107.998] TLM t=  35.9 L1·A@-74 L2·A@-70 L3·A@-75 R1·A@-75 R2·A@-70 R3·A@-67 罐=无罐 泵=0 阀=111111 速=+0,+0,+0.00 电=7.93V/0.73A/峰1.55 补余=0.0 IO错=0 倾+0.0
[  108.517] TLM t=  36.4 L1·A@-74 L2·A@-69 L3·A@-75 R1·A@-75 R2·A@-70 R3·A@-67 罐=无罐 泵=0 阀=111111 速=+0,+0,+0.00 电=7.94V/0.73A/峰1.55 补余=0.0 IO错=0 倾+0.0
[  109.020] TLM t=  36.9 L1·A@-74 L2·A@-69 L3·A@-75 R1·A@-75 R2·A@-70 R3·A@-66 罐=无罐 泵=0 阀=111111 速=+0,+0,+0.00 电=7.93V/0.73A/峰1.55 补余=0.0 IO错=0 倾+0.0
[  109.541] TLM t=  37.4 L1·A@-74 L2·A@-68 L3·A@-75 R1·A@-75 R2·A@-69 R3·A@-65 罐=无罐 泵=0 阀=111111 速=+0,+0,+0.00 电=7.93V/0.73A/峰1.55 补余=0.0 IO错=0 倾+0.0
[  110.045] TLM t=  37.9 L1·A@-74 L2·A@-68 L3·A@-75 R1·A@-75 R2·A@-69 R3·A@-65 罐=无罐 泵=0 阀=111111 速=+0,+0,+0.00 电=7.94V/0.73A/峰1.55 补余=0.0 IO错=0 倾+0.0
[  110.566] TLM t=  38.5 L1·A@-74 L2·A@-67 L3·A@-75 R1·A@-75 R2·A@-68 R3·A@-64 罐=无罐 泵=0 阀=111111 速=+0,+0,+0.00 电=7.94V/0.73A/峰1.55 补余=0.0 IO错=0 倾+0.0
[  111.069] TLM t=  39.0 L1·A@-74 L2·A@-67 L3·A@-75 R1·A@-75 R2·A@-68 R3·A@-63 罐=无罐 泵=0 阀=111111 速=+0,+0,+0.00 电=7.93V/0.73A/峰1.55 补余=0.0 IO错=0 倾+0.0
[  111.589] TLM t=  39.5 L1·A@-74 L2·A@-67 L3·A@-75 R1·A@-75 R2·A@-68 R3·A@-63 罐=无罐 泵=0 阀=111111 速=+0,+0,+0.00 电=7.94V/0.73A/峰1.55 补余=0.0 IO错=0 倾+0.0
[  112.092] TLM t=  40.0 L1·A@-74 L2·A@-66 L3·A@-75 R1·A@-75 R2·A@-67 R3·A@-62 罐=无罐 泵=0 阀=111111 速=+0,+0,+0.00 电=7.94V/0.73A/峰1.55 补余=0.0 IO错=0 倾+0.0
[  112.616] TLM t=  40.5 L1·A@-73 L2·A@-66 L3·A@-75 R1·A@-75 R2·A@-67 R3·A@-62 罐=无罐 泵=0 阀=111111 速=+0,+0,+0.00 电=7.93V/0.73A/峰1.55 补余=0.0 IO错=0 倾+0.0
[  113.122] TLM t=  41.0 L1·A@-73 L2·A@-65 L3·A@-75 R1·A@-74 R2·A@-67 R3·A@-61 罐=无罐 泵=0 阀=111111 速=+0,+0,+0.00 电=7.94V/0.73A/峰1.55 补余=0.0 IO错=0 倾+0.0
[  113.649] TLM t=  41.5 L1·A@-73 L2·A@-65 L3·A@-75 R1·A@-74 R2·A@-66 R3·A@-61 罐=无罐 泵=0 阀=111111 速=+0,+0,+0.00 电=7.93V/0.73A/峰1.55 补余=0.0 IO错=0 倾+0.0
[  114.145] EVT 泵 开 最差盘压-59.9
[  114.152] TLM t=  42.0 L1·A@-73 L2·A@-64 L3·A@-74 R1·A@-74 R2·A@-66 R3·A@-60 罐=无罐 泵=1 阀=111111 速=+0,+0,+0.00 电=7.77V/0.73A/峰1.55 补余=0.0 IO错=0 倾+0.0
[  114.674] TLM t=  42.5 L1·A@-73 L2·A@-71 L3·A@-74 R1·A@-74 R2·A@-70 R3·A@-70 罐=无罐 泵=1 阀=111111 速=+0,+0,+0.00 电=7.89V/0.57A/峰1.55 补余=0.0 IO错=0 倾+0.0
[  115.047] EVT 泵 停 最差盘压-75.2
[  115.176] TLM t=  43.0 L1·A@-76 L2·A@-76 L3·A@-76 R1·A@-76 R2·A@-76 R3·A@-76 罐=无罐 泵=0 阀=111111 速=+0,+0,+0.00 电=7.93V/0.65A/峰1.55 补余=0.0 IO错=0 倾+0.0
[  115.696] TLM t=  43.6 L1·A@-76 L2·A@-76 L3·A@-76 R1·A@-76 R2·A@-76 R3·A@-76 罐=无罐 泵=0 阀=111111 速=+0,+0,+0.00 电=7.93V/0.73A/峰1.55 补余=0.0 IO错=0 倾+0.0
[  116.200] TLM t=  44.1 L1·A@-76 L2·A@-75 L3·A@-76 R1·A@-76 R2·A@-75 R3·A@-75 罐=无罐 泵=0 阀=111111 速=+0,+0,+0.00 电=7.93V/0.73A/峰1.55 补余=0.0 IO错=0 倾+0.0
[  116.721] TLM t=  44.6 L1·A@-76 L2·A@-75 L3·A@-76 R1·A@-76 R2·A@-75 R3·A@-74 罐=无罐 泵=0 阀=111111 速=+0,+0,+0.00 电=7.93V/0.73A/峰1.55 补余=0.0 IO错=0 倾+0.0
[  117.230] TLM t=  45.1 L1·A@-76 L2·A@-74 L3·A@-76 R1·A@-76 R2·A@-74 R3·A@-73 罐=无罐 泵=0 阀=111111 速=+0,+0,+0.00 电=7.94V/0.73A/峰1.55 补余=0.0 IO错=0 倾+0.0
[  117.752] TLM t=  45.6 L1·A@-76 L2·A@-74 L3·A@-76 R1·A@-75 R2·A@-74 R3·A@-73 罐=无罐 泵=0 阀=111111 速=+0,+0,+0.00 电=7.93V/0.73A/峰1.55 补余=0.0 IO错=0 倾+0.0
[  118.257] TLM t=  46.1 L1·A@-75 L2·A@-73 L3·A@-76 R1·A@-75 R2·A@-74 R3·A@-72 罐=无罐 泵=0 阀=111111 速=+0,+0,+0.00 电=7.93V/0.73A/峰1.55 补余=0.0 IO错=0 倾+0.0
[  118.775] TLM t=  46.6 L1·A@-75 L2·A@-73 L3·A@-76 R1·A@-75 R2·A@-73 R3·A@-72 罐=无罐 泵=0 阀=111111 速=+0,+0,+0.00 电=7.94V/0.73A/峰1.55 补余=0.0 IO错=0 倾+0.0
[  119.278] TLM t=  47.1 L1·A@-75 L2·A@-72 L3·A@-76 R1·A@-75 R2·A@-73 R3·A@-71 罐=无罐 泵=0 阀=111111 速=+0,+0,+0.00 电=7.94V/0.73A/峰1.55 补余=0.0 IO错=0 倾+0.0
[  119.799] TLM t=  47.6 L1·A@-75 L2·A@-72 L3·A@-76 R1·A@-75 R2·A@-72 R3·A@-70 罐=无罐 泵=0 阀=111111 速=+0,+0,+0.00 电=7.94V/0.73A/峰1.55 补余=0.0 IO错=0 倾+0.0
[  120.305] TLM t=  48.1 L1·A@-75 L2·A@-72 L3·A@-76 R1·A@-75 R2·A@-72 R3·A@-70 罐=无罐 泵=0 阀=111111 速=+0,+0,+0.00 电=7.93V/0.73A/峰1.55 补余=0.0 IO错=0 倾+0.0
[  120.823] TLM t=  48.7 L1·A@-75 L2·A@-71 L3·A@-76 R1·A@-75 R2·A@-72 R3·A@-69 罐=无罐 泵=0 阀=111111 速=+0,+0,+0.00 电=7.94V/0.73A/峰1.55 补余=0.0 IO错=0 倾+0.0
[  121.325] TLM t=  49.2 L1·A@-75 L2·A@-71 L3·A@-75 R1·A@-75 R2·A@-71 R3·A@-68 罐=无罐 泵=0 阀=111111 速=+0,+0,+0.00 电=7.93V/0.73A/峰1.55 补余=0.0 IO错=0 倾+0.0
[  121.848] TLM t=  49.7 L1·A@-75 L2·A@-70 L3·A@-75 R1·A@-75 R2·A@-71 R3·A@-68 罐=无罐 泵=0 阀=111111 速=+0,+0,+0.00 电=7.94V/0.73A/峰1.55 补余=0.0 IO错=0 倾+0.0
[  122.351] TLM t=  50.2 L1·A@-75 L2·A@-70 L3·A@-75 R1·A@-75 R2·A@-70 R3·A@-67 罐=无罐 泵=0 阀=111111 速=+0,+0,+0.00 电=7.93V/0.73A/峰1.55 补余=0.0 IO错=0 倾+0.0
[  122.875] TLM t=  50.7 L1·A@-74 L2·A@-69 L3·A@-75 R1·A@-75 R2·A@-70 R3·A@-67 罐=无罐 泵=0 阀=111111 速=+0,+0,+0.00 电=7.93V/0.73A/峰1.55 补余=0.0 IO错=0 倾+0.0
[  123.375] TLM t=  51.2 L1·A@-74 L2·A@-69 L3·A@-75 R1·A@-75 R2·A@-70 R3·A@-66 罐=无罐 泵=0 阀=111111 速=+0,+0,+0.00 电=7.94V/0.73A/峰1.55 补余=0.0 IO错=0 倾+0.0
[  123.899] TLM t=  51.7 L1·A@-74 L2·A@-68 L3·A@-75 R1·A@-75 R2·A@-69 R3·A@-65 罐=无罐 泵=0 阀=111111 速=+0,+0,+0.00 电=7.93V/0.65A/峰1.55 补余=0.0 IO错=0 倾+0.0
[  124.403] TLM t=  52.2 L1·A@-74 L2·A@-68 L3·A@-75 R1·A@-75 R2·A@-69 R3·A@-65 罐=无罐 泵=0 阀=111111 速=+0,+0,+0.00 电=7.93V/0.81A/峰1.55 补余=0.0 IO错=0 倾+0.0
[  124.923] TLM t=  52.7 L1·A@-74 L2·A@-67 L3·A@-75 R1·A@-75 R2·A@-69 R3·A@-64 罐=无罐 泵=0 阀=111111 速=+0,+0,+0.00 电=7.94V/0.90A/峰1.55 补余=0.0 IO错=0 倾+0.0
[  125.428] TLM t=  53.2 L1·A@-74 L2·A@-67 L3·A@-75 R1·A@-75 R2·A@-68 R3·A@-64 罐=无罐 泵=0 阀=111111 速=+0,+0,+0.00 电=7.94V/0.73A/峰1.55 补余=0.0 IO错=0 倾+0.0
[  125.952] TLM t=  53.8 L1·A@-74 L2·A@-67 L3·A@-75 R1·A@-75 R2·A@-68 R3·A@-63 罐=无罐 泵=0 阀=111111 速=+0,+0,+0.00 电=7.93V/0.73A/峰1.55 补余=0.0 IO错=0 倾+0.0
[  126.453] TLM t=  54.3 L1·A@-74 L2·A@-66 L3·A@-75 R1·A@-75 R2·A@-67 R3·A@-62 罐=无罐 泵=0 阀=111111 速=+0,+0,+0.00 电=7.93V/0.65A/峰1.55 补余=0.0 IO错=0 倾+0.0
[  126.976] TLM t=  54.8 L1·A@-74 L2·A@-66 L3·A@-75 R1·A@-75 R2·A@-67 R3·A@-62 罐=无罐 泵=0 阀=111111 速=+0,+0,+0.00 电=7.93V/0.73A/峰1.55 补余=0.0 IO错=0 倾+0.0
[  127.481] TLM t=  55.3 L1·A@-73 L2·A@-65 L3·A@-75 R1·A@-75 R2·A@-67 R3·A@-61 罐=无罐 泵=0 阀=111111 速=+0,+0,+0.00 电=7.93V/0.73A/峰1.55 补余=0.0 IO错=0 倾+0.0
[  128.003] TLM t=  55.8 L1·A@-73 L2·A@-65 L3·A@-75 R1·A@-75 R2·A@-66 R3·A@-61 罐=无罐 泵=0 阀=111111 速=+0,+0,+0.00 电=7.94V/0.65A/峰1.55 补余=0.0 IO错=0 倾+0.0
[  128.505] TLM t=  56.3 L1·A@-73 L2·A@-64 L3·A@-75 R1·A@-75 R2·A@-66 R3·A@-60 罐=无罐 泵=0 阀=111111 速=+0,+0,+0.00 电=7.93V/0.73A/峰1.55 补余=0.0 IO错=0 倾+0.0
[  128.557] EVT 泵 开 最差盘压-60.0
[  129.030] TLM t=  56.8 L1·A@-73 L2·A@-70 L3·A@-75 R1·A@-74 R2·A@-69 R3·A@-68 罐=无罐 泵=1 阀=111111 速=+0,+0,+0.00 电=7.91V/0.73A/峰1.55 补余=0.0 IO错=0 倾+0.0
[  129.464] EVT 泵 停 最差盘压-75.2
[  129.538] TLM t=  57.3 L1·A@-76 L2·A@-77 L3·A@-76 R1·A@-76 R2·A@-76 R3·A@-76 罐=无罐 泵=0 阀=111111 速=+0,+0,+0.00 电=7.93V/0.73A/峰1.55 补余=0.0 IO错=0 倾+0.0
[  130.056] TLM t=  57.8 L1·A@-76 L2·A@-76 L3·A@-76 R1·A@-76 R2·A@-76 R3·A@-76 罐=无罐 泵=0 阀=111111 速=+0,+0,+0.00 电=7.93V/0.73A/峰1.55 补余=0.0 IO错=0 倾+0.0
[  130.342] EVT 倾身 +10mm（对时标记 去程）
[  130.342] EVT 实验序列开跑：标记+自动轮换 3 轮
[  130.342] EVT 键 't' 倾=+0.0待=+10.0
[  130.562] TLM t=  58.3 L1·A@-76 L2·A@-75 L3·A@-76 R1·A@-76 R2·A@-75 R3·A@-75 罐=无罐 泵=0 阀=111111 速=+0,+0,+0.00 电=7.90V/1.38A/峰1.55 补余=0.0 IO错=0 倾+2.2→+10 对时标记
[  131.079] TLM t=  58.9 L1·A@-76 L2·A@-75 L3·A@-76 R1·A@-76 R2·A@-75 R3·A@-74 罐=无罐 泵=0 阀=111111 速=+0,+0,+0.00 电=7.85V/2.28A/峰2.28 补余=0.0 IO错=0 倾+7.4→+10 对时标记
[  131.582] TLM t=  59.4 L1·A@-76 L2·A@-74 L3·A@-76 R1·A@-76 R2·A@-74 R3·A@-74 罐=无罐 泵=0 阀=111111 速=+0,+0,+0.00 电=7.86V/1.95A/峰2.28 补余=0.0 IO错=0 倾+10.0 对时标记
[  132.108] TLM t=  59.9 L1·A@-76 L2·A@-74 L3·A@-76 R1·A@-75 R2·A@-74 R3·A@-73 罐=无罐 泵=0 阀=111111 速=+0,+0,+0.00 电=7.87V/1.87A/峰2.28 补余=0.0 IO错=0 倾+10.0 对时标记
[  132.611] TLM t=  60.4 L1·A@-75 L2·A@-74 L3·A@-76 R1·A@-75 R2·A@-74 R3·A@-72 罐=无罐 泵=0 阀=111111 速=+0,+0,+0.00 电=7.88V/1.87A/峰2.28 补余=0.0 IO错=0 倾+10.0 对时标记
[  133.132] TLM t=  60.9 L1·A@-75 L2·A@-73 L3·A@-76 R1·A@-75 R2·A@-73 R3·A@-72 罐=无罐 泵=0 阀=111111 速=+0,+0,+0.00 电=7.85V/2.04A/峰2.28 补余=0.0 IO错=0 倾+10.0 对时标记
[  133.341] EVT 倾身 -10mm（对时标记 回程）
[  133.636] TLM t=  61.4 L1·A@-75 L2·A@-73 L3·A@-76 R1·A@-75 R2·A@-73 R3·A@-71 罐=无罐 泵=0 阀=111111 速=+0,+0,+0.00 电=7.89V/1.22A/峰2.28 补余=0.0 IO错=0 倾+7.2→+0 对时标记
[  134.160] TLM t=  61.9 L1·A@-75 L2·A@-72 L3·A@-76 R1·A@-75 R2·A@-73 R3·A@-70 罐=无罐 泵=0 阀=111111 速=+0,+0,+0.00 电=7.93V/0.65A/峰2.28 补余=0.0 IO错=0 倾+2.0→+0 对时标记
[  134.661] TLM t=  62.4 L1·A@-75 L2·A@-72 L3·A@-76 R1·A@-75 R2·A@-72 R3·A@-70 罐=无罐 泵=0 阀=111111 速=+0,+0,+0.00 电=7.93V/0.65A/峰2.28 补余=0.0 IO错=0 倾+0.0 对时标记
[  135.187] TLM t=  62.9 L1·A@-75 L2·A@-71 L3·A@-76 R1·A@-75 R2·A@-72 R3·A@-69 罐=无罐 泵=0 阀=111111 速=+0,+0,+0.00 电=7.93V/0.73A/峰2.28 补余=0.0 IO错=0 倾+0.0 对时标记
[  135.690] TLM t=  63.4 L1·A@-75 L2·A@-71 L3·A@-76 R1·A@-75 R2·A@-71 R3·A@-69 罐=无罐 泵=0 阀=111111 速=+0,+0,+0.00 电=7.93V/0.65A/峰2.28 补余=0.0 IO错=0 倾+0.0 对时标记
[  136.213] TLM t=  64.0 L1·A@-75 L2·A@-70 L3·A@-75 R1·A@-75 R2·A@-71 R3·A@-68 罐=无罐 泵=0 阀=111111 速=+0,+0,+0.00 电=7.93V/0.73A/峰2.28 补余=0.0 IO错=0 倾+0.0 对时标记
[  136.718] TLM t=  64.5 L1·A@-75 L2·A@-70 L3·A@-75 R1·A@-75 R2·A@-71 R3·A@-67 罐=无罐 泵=0 阀=111111 速=+0,+0,+0.00 电=7.93V/0.73A/峰2.28 补余=0.0 IO错=0 倾+0.0 对时标记
[  137.237] TLM t=  65.0 L1·A@-75 L2·A@-69 L3·A@-75 R1·A@-75 R2·A@-70 R3·A@-67 罐=无罐 泵=0 阀=111111 速=+0,+0,+0.00 电=7.93V/0.65A/峰2.28 补余=0.0 IO错=0 倾+0.0 对时标记
[  137.743] TLM t=  65.5 L1·A@-74 L2·A@-69 L3·A@-75 R1·A@-75 R2·A@-70 R3·A@-66 罐=无罐 泵=0 阀=111111 速=+0,+0,+0.00 电=7.93V/0.73A/峰2.28 补余=0.0 IO错=0 倾+0.0 对时标记
[  138.261] TLM t=  66.0 L1·A@-74 L2·A@-69 L3·A@-75 R1·A@-75 R2·A@-69 R3·A@-66 罐=无罐 泵=0 阀=111111 速=+0,+0,+0.00 电=7.92V/0.73A/峰2.28 补余=0.0 IO错=0 倾+0.0 对时标记
[  138.766] TLM t=  66.5 L1·A@-74 L2·A@-68 L3·A@-75 R1·A@-75 R2·A@-69 R3·A@-65 罐=无罐 泵=0 阀=111111 速=+0,+0,+0.00 电=7.93V/0.73A/峰2.28 补余=0.0 IO错=0 倾+0.0 对时标记
[  139.288] TLM t=  67.0 L1·A@-74 L2·A@-68 L3·A@-75 R1·A@-75 R2·A@-69 R3·A@-64 罐=无罐 泵=0 阀=111111 速=+0,+0,+0.00 电=7.93V/0.65A/峰2.28 补余=0.0 IO错=0 倾+0.0 对时标记
[  139.791] TLM t=  67.5 L1·A@-74 L2·A@-67 L3·A@-75 R1·A@-75 R2·A@-68 R3·A@-64 罐=无罐 泵=0 阀=111111 速=+0,+0,+0.00 电=7.93V/0.65A/峰2.28 补余=0.0 IO错=0 倾+0.0 对时标记
[  140.312] TLM t=  68.0 L1·A@-74 L2·A@-67 L3·A@-75 R1·A@-75 R2·A@-68 R3·A@-63 罐=无罐 泵=0 阀=111111 速=+0,+0,+0.00 电=7.93V/0.65A/峰2.28 补余=0.0 IO错=0 倾+0.0 对时标记
[  140.815] TLM t=  68.5 L1·A@-74 L2·A@-66 L3·A@-75 R1·A@-75 R2·A@-68 R3·A@-63 罐=无罐 泵=0 阀=111111 速=+0,+0,+0.00 电=7.93V/0.65A/峰2.28 补余=0.0 IO错=0 倾+0.0 对时标记
[  141.338] TLM t=  69.1 L1·A@-74 L2·A@-66 L3·A@-75 R1·A@-75 R2·A@-67 R3·A@-62 罐=无罐 泵=0 阀=111111 速=+0,+0,+0.00 电=7.93V/0.73A/峰2.28 补余=0.0 IO错=0 倾+0.0 对时标记
[  141.838] TLM t=  69.6 L1·A@-74 L2·A@-66 L3·A@-75 R1·A@-75 R2·A@-67 R3·A@-61 罐=无罐 泵=0 阀=111111 速=+0,+0,+0.00 电=7.93V/0.65A/峰2.28 补余=0.0 IO错=0 倾+0.0 对时标记
[  142.364] TLM t=  70.1 L1·A@-73 L2·A@-65 L3·A@-75 R1·A@-75 R2·A@-66 R3·A@-61 罐=无罐 泵=0 阀=111111 速=+0,+0,+0.00 电=7.93V/0.65A/峰2.28 补余=0.0 IO错=0 倾+0.0 对时标记
[  142.866] TLM t=  70.6 L1·A@-73 L2·A@-65 L3·A@-75 R1·A@-75 R2·A@-66 R3·A@-60 罐=无罐 泵=0 阀=111111 速=+0,+0,+0.00 电=7.92V/0.73A/峰2.28 补余=0.0 IO错=0 倾+0.0 对时标记
[  143.099] EVT 泵 开 最差盘压-60.0
[  143.393] TLM t=  71.1 L1·A@-73 L2·A@-64 L3·A@-75 R1·A@-75 R2·A@-66 R3·A@-61 罐=无罐 泵=1 阀=111111 速=+0,+0,+0.00 电=7.90V/0.65A/峰2.28 补余=0.0 IO错=0 倾+0.0 对时标记
[  143.896] TLM t=  71.6 L1·A@-75 L2·A@-75 L3·A@-75 R1·A@-75 R2·A@-75 R3·A@-75 罐=无罐 泵=1 阀=111111 速=+0,+0,+0.00 电=7.86V/0.81A/峰2.28 补余=0.0 IO错=0 倾+0.0 对时标记
[  144.007] EVT 泵 停 最差盘压-75.2
[  144.417] TLM t=  72.1 L1·A@-76 L2·A@-76 L3·A@-76 R1·A@-76 R2·A@-76 R3·A@-76 罐=无罐 泵=0 阀=111111 速=+0,+0,+0.00 电=7.93V/0.73A/峰2.28 补余=0.0 IO错=0 倾+0.0 对时标记
[  144.923] TLM t=  72.6 L1·A@-76 L2·A@-76 L3·A@-76 R1·A@-76 R2·A@-76 R3·A@-75 罐=无罐 泵=0 阀=111111 速=+0,+0,+0.00 电=7.93V/0.65A/峰2.28 补余=0.0 IO错=0 倾+0.0 对时标记
[  145.448] TLM t=  73.1 L1·A@-76 L2·A@-75 L3·A@-76 R1·A@-76 R2·A@-75 R3·A@-75 罐=无罐 泵=0 阀=111111 速=+0,+0,+0.00 电=7.93V/0.73A/峰2.28 补余=0.0 IO错=0 倾+0.0 对时标记
[  145.952] TLM t=  73.6 L1·A@-76 L2·A@-75 L3·A@-76 R1·A@-76 R2·A@-75 R3·A@-74 罐=无罐 泵=0 阀=111111 速=+0,+0,+0.00 电=7.93V/0.65A/峰2.28 补余=0.0 IO错=0 倾+0.0 对时标记
[  146.476] TLM t=  74.2 L1·A@-76 L2·A@-74 L3·A@-76 R1·A@-76 R2·A@-74 R3·A@-73 罐=无罐 泵=0 阀=111111 速=+0,+0,+0.00 电=7.93V/0.65A/峰2.28 补余=0.0 IO错=0 倾+0.0 对时标记
[  146.980] TLM t=  74.7 L1·A@-76 L2·A@-74 L3·A@-76 R1·A@-76 R2·A@-74 R3·A@-73 罐=无罐 泵=0 阀=111111 速=+0,+0,+0.00 电=7.93V/0.73A/峰2.28 补余=0.0 IO错=0 倾+0.0 对时标记
[  147.499] TLM t=  75.2 L1·A@-75 L2·A@-73 L3·A@-76 R1·A@-76 R2·A@-73 R3·A@-72 罐=无罐 泵=0 阀=111111 速=+0,+0,+0.00 电=7.93V/0.65A/峰2.28 补余=0.0 IO错=0 倾+0.0 对时标记
[  148.003] TLM t=  75.7 L1·A@-75 L2·A@-73 L3·A@-76 R1·A@-75 R2·A@-73 R3·A@-71 罐=无罐 泵=0 阀=111111 速=+0,+0,+0.00 电=7.93V/0.65A/峰2.28 补余=0.0 IO错=0 倾+0.0 对时标记
[  148.525] TLM t=  76.2 L1·A@-75 L2·A@-72 L3·A@-76 R1·A@-75 R2·A@-73 R3·A@-71 罐=无罐 泵=0 阀=111111 速=+0,+0,+0.00 电=7.92V/0.65A/峰2.28 补余=0.0 IO错=0 倾+0.0 对时标记
[  149.025] TLM t=  76.7 L1·A@-75 L2·A@-72 L3·A@-76 R1·A@-75 R2·A@-72 R3·A@-70 罐=无罐 泵=0 阀=111111 速=+0,+0,+0.00 电=7.92V/0.65A/峰2.28 补余=0.0 IO错=0 倾+0.0 对时标记
[  149.552] TLM t=  77.2 L1·A@-75 L2·A@-71 L3·A@-76 R1·A@-75 R2·A@-72 R3·A@-70 罐=无罐 泵=0 阀=111111 速=+0,+0,+0.00 电=7.93V/0.65A/峰2.28 补余=0.0 IO错=0 倾+0.0 对时标记
[  150.059] TLM t=  77.7 L1·A@-75 L2·A@-71 L3·A@-76 R1·A@-75 R2·A@-71 R3·A@-69 罐=无罐 泵=0 阀=111111 速=+0,+0,+0.00 电=7.93V/0.65A/峰2.28 补余=0.0 IO错=0 倾+0.0 对时标记
[  150.577] TLM t=  78.2 L1·A@-75 L2·A@-70 L3·A@-76 R1·A@-75 R2·A@-71 R3·A@-68 罐=无罐 泵=0 阀=111111 速=+0,+0,+0.00 电=7.92V/0.65A/峰2.28 补余=0.0 IO错=0 倾+0.0 对时标记
[  151.082] TLM t=  78.7 L1·A@-75 L2·A@-70 L3·A@-76 R1·A@-75 R2·A@-71 R3·A@-68 罐=无罐 泵=0 阀=111111 速=+0,+0,+0.00 电=7.93V/0.65A/峰2.28 补余=0.0 IO错=0 倾+0.0 对时标记
[  151.602] TLM t=  79.3 L1·A@-75 L2·A@-70 L3·A@-75 R1·A@-75 R2·A@-70 R3·A@-67 罐=无罐 泵=0 阀=111111 速=+0,+0,+0.00 电=7.93V/0.73A/峰2.28 补余=0.0 IO错=0 倾+0.0 对时标记
[  152.105] TLM t=  79.8 L1·A@-74 L2·A@-69 L3·A@-75 R1·A@-75 R2·A@-70 R3·A@-66 罐=无罐 泵=0 阀=111111 速=+0,+0,+0.00 电=7.93V/0.65A/峰2.28 补余=0.0 IO错=0 倾+0.0 对时标记
[  152.628] TLM t=  80.3 L1·A@-74 L2·A@-69 L3·A@-75 R1·A@-75 R2·A@-70 R3·A@-66 罐=无罐 泵=0 阀=111111 速=+0,+0,+0.00 电=7.93V/0.65A/峰2.28 补余=0.0 IO错=0 倾+0.0 对时标记
[  153.130] TLM t=  80.8 L1·A@-74 L2·A@-68 L3·A@-75 R1·A@-75 R2·A@-69 R3·A@-65 罐=无罐 泵=0 阀=111111 速=+0,+0,+0.00 电=7.93V/0.73A/峰2.28 补余=0.0 IO错=0 倾+0.0 对时标记
[  153.654] TLM t=  81.3 L1·A@-74 L2·A@-68 L3·A@-75 R1·A@-75 R2·A@-69 R3·A@-65 罐=无罐 泵=0 阀=111111 速=+0,+0,+0.00 电=7.92V/0.73A/峰2.28 补余=0.0 IO错=0 倾+0.0 对时标记
[  154.159] TLM t=  81.8 L1·A@-74 L2·A@-67 L3·A@-75 R1·A@-75 R2·A@-68 R3·A@-64 罐=无罐 泵=0 阀=111111 速=+0,+0,+0.00 电=7.93V/0.65A/峰2.28 补余=0.0 IO错=0 倾+0.0 对时标记
[  154.369] EVT 对时标记完成
[  154.369] EVT 自动轮换：第 1 轮开始
[  154.389] EVT 原地抬起受理：R3
[  154.402] EVT 吸附 R3 attached→venting 在态91.28s -63.6kPa
[  154.402] EVT 相位 R3 stance→vent 落点Δ(+0.0,+0.0)
[  154.429] EVT 阀 R3 →排气位
[  154.678] TLM t=  83.1 L1·A@-74 L2·A@-67 L3·A@-75 R1·A@-75 R2·A@-68 R3Vv@-64 罐=无罐 泵=0 阀=111110 速=+0,+0,+0.00 电=7.92V/0.73A/峰2.28 补余=0.0 IO错=0 倾+0.0 自动1/3
[  154.705] EVT 相位 R3 vent→lift
[  154.828] EVT 吸附 R3 venting→released 在态0.42s 0.2kPa
[  155.180] TLM t=  83.4 L1·A@-74 L2·A@-67 L3·A@-75 R1·A@-75 R2·A@-68 R3Lr@-- 罐=无罐 泵=0 阀=111110 速=+0,+0,+0.00 电=7.90V/0.98A/峰2.28 补余=0.0 IO错=0 倾+0.0 自动1/3
[  155.548] EVT 相位 R3 lift→transfer
[  155.706] TLM t=  83.4 L1·A@-73 L2·A@-66 L3·A@-75 R1·A@-75 R2·A@-67 R3Tr@-- 罐=无罐 泵=0 阀=111110 速=+0,+0,+0.00 电=7.88V/1.30A/峰2.28 补余=0.0 IO错=0 倾+0.0 自动1/3
[  156.181] EVT 相位 R3 transfer→hover
[  156.206] TLM t=  83.4 L1·A@-73 L2·A@-66 L3·A@-75 R1·A@-75 R2·A@-67 R3Hr@-- 罐=无罐 泵=0 阀=111110 速=+0,+0,+0.00 电=7.90V/0.90A/峰2.28 补余=0.0 IO错=0 倾+0.0 自动1/3
[  156.733] TLM t=  83.4 L1·A@-73 L2·A@-65 L3·A@-75 R1·A@-75 R2·A@-67 R3Hr@-- 罐=无罐 泵=0 阀=111110 速=+0,+0,+0.00 电=7.91V/0.81A/峰2.28 补余=0.0 IO错=0 倾+0.0 自动1/3
[  157.207] EVT 落地：R3
[  157.224] EVT 相位 R3 hover→descend
[  157.235] TLM t=  83.4 L1·A@-73 L2·A@-65 L3·A@-75 R1·A@-75 R2·A@-66 R3Dr@-- 罐=无罐 泵=0 阀=111110 速=+0,+0,+0.00 电=7.91V/0.81A/峰2.28 补余=0.0 IO错=0 倾+0.0 自动1/3
[  157.706] EVT 相位 R3 descend→press
[  157.756] TLM t=  83.4 L1·A@-72 L2·A@-64 L3·A@-75 R1·A@-75 R2·A@-66 R3Pr@-- 罐=无罐 泵=0 阀=111110 速=+0,+0,+0.00 电=7.91V/0.90A/峰2.28 补余=0.0 IO错=0 倾+0.0 自动1/3
[  158.256] TLM t=  83.4 L1·A@-72 L2·A@-64 L3·A@-75 R1·A@-75 R2·A@-66 R3Pr@-- 罐=无罐 泵=0 阀=111110 速=+0,+0,+0.00 电=7.90V/0.98A/峰2.28 补余=0.0 IO错=0 倾+0.0 自动1/3
[  158.783] TLM t=  83.4 L1·A@-72 L2·A@-64 L3·A@-75 R1·A@-75 R2·A@-65 R3Pr@-- 罐=无罐 泵=0 阀=111110 速=+0,+0,+0.00 电=7.90V/1.06A/峰2.28 补余=0.0 IO错=0 倾+0.0 自动1/3
[  158.913] EVT 吸附 R3 released→pressing 在态4.06s 0.2kPa
[  158.913] EVT 相位 R3 press→wait
[  159.228] EVT 吸附 R3 pressing→sucking 在态0.32s 0.2kPa
[  159.229] EVT 阀 R3 →抽气位
[  159.256] EVT 泵 开 最差盘压-63.2
[  159.286] TLM t=  83.4 L1·A@-72 L2·A@-63 L3·A@-75 R1·A@-75 R2·A@-65 R3Ws@-15 罐=无罐 泵=1 阀=111111 速=+0,+0,+0.00 电=7.84V/1.06A/峰2.28 补余=0.0 IO错=0 倾+0.0 自动1/3
[  159.617] EVT 吸附 R3 sucking→attached 在态0.38s -58.4kPa
[  159.617] EVT 相位 R3 wait→stance
[  159.618] EVT 抬落完成，轮到 L1
[  159.807] TLM t=  83.6 L1·A@-72 L2·A@-68 L3·A@-74 R1·A@-74 R2·A@-67 R3·A@-67 罐=无罐 泵=1 阀=111111 速=+0,+0,+0.00 电=7.86V/0.81A/峰2.28 补余=0.0 IO错=0 倾+0.0 自动1/3
[  160.312] TLM t=  84.1 L1·A@-76 L2·A@-76 L3·A@-76 R1·A@-75 R2·A@-76 R3·A@-76 罐=无罐 泵=1 阀=111111 速=+0,+0,+0.00 电=7.84V/0.98A/峰2.28 补余=0.0 IO错=0 倾+0.0 自动1/3
[  160.364] EVT 泵 停 最差盘压-75.5
[  160.833] TLM t=  84.6 L1·A@-76 L2·A@-76 L3·A@-77 R1·A@-76 R2·A@-76 R3·A@-76 罐=无罐 泵=0 阀=111111 速=+0,+0,+0.00 电=7.91V/0.98A/峰2.28 补余=0.0 IO错=0 倾+0.0 自动1/3
[  161.335] TLM t=  85.1 L1·A@-76 L2·A@-76 L3·A@-76 R1·A@-76 R2·A@-76 R3·A@-75 罐=无罐 泵=0 阀=111111 速=+0,+0,+0.00 电=7.91V/0.81A/峰2.28 补余=0.0 IO错=0 倾+0.0 自动1/3
[  161.858] TLM t=  85.6 L1·A@-76 L2·A@-75 L3·A@-76 R1·A@-76 R2·A@-75 R3·A@-75 罐=无罐 泵=0 阀=111111 速=+0,+0,+0.00 电=7.90V/0.98A/峰2.28 补余=0.0 IO错=0 倾+0.0 自动1/3
[  162.361] TLM t=  86.1 L1·A@-76 L2·A@-75 L3·A@-76 R1·A@-76 R2·A@-75 R3·A@-74 罐=无罐 泵=0 阀=111111 速=+0,+0,+0.00 电=7.91V/0.98A/峰2.28 补余=0.0 IO错=0 倾+0.0 自动1/3
[  162.881] TLM t=  86.6 L1·A@-75 L2·A@-74 L3·A@-76 R1·A@-76 R2·A@-74 R3·A@-73 罐=无罐 泵=0 阀=111111 速=+0,+0,+0.00 电=7.91V/0.90A/峰2.28 补余=0.0 IO错=0 倾+0.0 自动1/3
[  163.386] TLM t=  87.1 L1·A@-75 L2·A@-74 L3·A@-76 R1·A@-76 R2·A@-74 R3·A@-73 罐=无罐 泵=0 阀=111111 速=+0,+0,+0.00 电=7.91V/0.90A/峰2.28 补余=0.0 IO错=0 倾+0.0 自动1/3
[  163.905] TLM t=  87.7 L1·A@-75 L2·A@-73 L3·A@-76 R1·A@-76 R2·A@-74 R3·A@-72 罐=无罐 泵=0 阀=111111 速=+0,+0,+0.00 电=7.91V/0.98A/峰2.28 补余=0.0 IO错=0 倾+0.0 自动1/3
[  164.406] TLM t=  88.2 L1·A@-75 L2·A@-73 L3·A@-76 R1·A@-76 R2·A@-73 R3·A@-71 罐=无罐 泵=0 阀=111111 速=+0,+0,+0.00 电=7.91V/0.98A/峰2.28 补余=0.0 IO错=0 倾+0.0 自动1/3
[  164.929] TLM t=  88.7 L1·A@-75 L2·A@-73 L3·A@-76 R1·A@-76 R2·A@-73 R3·A@-71 罐=无罐 泵=0 阀=111111 速=+0,+0,+0.00 电=7.91V/0.98A/峰2.28 补余=0.0 IO错=0 倾+0.0 自动1/3
[  165.434] TLM t=  89.2 L1·A@-74 L2·A@-72 L3·A@-76 R1·A@-76 R2·A@-72 R3·A@-70 罐=无罐 泵=0 阀=111111 速=+0,+0,+0.00 电=7.91V/0.98A/峰2.28 补余=0.0 IO错=0 倾+0.0 自动1/3
[  165.957] TLM t=  89.7 L1·A@-74 L2·A@-72 L3·A@-76 R1·A@-76 R2·A@-72 R3·A@-70 罐=无罐 泵=0 阀=111111 速=+0,+0,+0.00 电=7.91V/0.90A/峰2.28 补余=0.0 IO错=0 倾+0.0 自动1/3
[  166.464] TLM t=  90.2 L1·A@-74 L2·A@-71 L3·A@-76 R1·A@-76 R2·A@-72 R3·A@-69 罐=无罐 泵=0 阀=111111 速=+0,+0,+0.00 电=7.91V/0.98A/峰2.28 补余=0.0 IO错=0 倾+0.0 自动1/3
[  166.987] TLM t=  90.7 L1·A@-74 L2·A@-71 L3·A@-76 R1·A@-75 R2·A@-71 R3·A@-68 罐=无罐 泵=0 阀=111111 速=+0,+0,+0.00 电=7.91V/0.98A/峰2.28 补余=0.0 IO错=0 倾+0.0 自动1/3
[  167.490] TLM t=  91.2 L1·A@-73 L2·A@-70 L3·A@-76 R1·A@-75 R2·A@-71 R3·A@-68 罐=无罐 泵=0 阀=111111 速=+0,+0,+0.00 电=7.91V/0.98A/峰2.28 补余=0.0 IO错=0 倾+0.0 自动1/3
[  168.012] TLM t=  91.7 L1·A@-73 L2·A@-70 L3·A@-76 R1·A@-75 R2·A@-71 R3·A@-67 罐=无罐 泵=0 阀=111111 速=+0,+0,+0.00 电=7.90V/0.98A/峰2.28 补余=0.0 IO错=0 倾+0.0 自动1/3
[  168.518] TLM t=  92.2 L1·A@-73 L2·A@-69 L3·A@-76 R1·A@-75 R2·A@-70 R3·A@-66 罐=无罐 泵=0 阀=111111 速=+0,+0,+0.00 电=7.91V/0.98A/峰2.28 补余=0.0 IO错=0 倾+0.0 自动1/3
[  169.040] TLM t=  92.8 L1·A@-73 L2·A@-69 L3·A@-76 R1·A@-75 R2·A@-70 R3·A@-66 罐=无罐 泵=0 阀=111111 速=+0,+0,+0.00 电=7.91V/0.90A/峰2.28 补余=0.0 IO错=0 倾+0.0 自动1/3
[  169.545] TLM t=  93.3 L1·A@-73 L2·A@-69 L3·A@-76 R1·A@-75 R2·A@-69 R3·A@-65 罐=无罐 泵=0 阀=111111 速=+0,+0,+0.00 电=7.91V/0.90A/峰2.28 补余=0.0 IO错=0 倾+0.0 自动1/3
[  169.654] EVT 原地抬起受理：L1
[  169.666] EVT 吸附 L1 attached→venting 在态104.58s -72.6kPa
[  169.667] EVT 相位 L1 stance→vent 落点Δ(+0.0,+0.0)
[  169.692] EVT 阀 L1 →排气位
[  169.968] EVT 相位 L1 vent→lift
[  170.060] TLM t=  94.6 L1Lv@-73 L2·A@-68 L3·A@-75 R1·A@-75 R2·A@-69 R3·A@-64 罐=无罐 泵=0 阀=011111 速=+0,+0,+0.00 电=7.85V/1.71A/峰2.28 补余=0.0 IO错=0 倾+0.0 自动1/3
[  170.090] EVT 吸附 L1 venting→released 在态0.42s 0.0kPa
[  170.566] TLM t=  94.8 L1Lr@-- L2·A@-68 L3·A@-75 R1·A@-75 R2·A@-69 R3·A@-64 罐=无罐 泵=0 阀=011111 速=+0,+0,+0.00 电=7.86V/1.71A/峰2.28 补余=0.0 IO错=0 倾+0.0 自动1/3
[  170.810] EVT 相位 L1 lift→transfer
[  171.085] TLM t=  94.8 L1Tr@-- L2·A@-67 L3·A@-75 R1·A@-75 R2·A@-68 R3·A@-63 罐=无罐 泵=0 阀=011111 速=+0,+0,+0.00 电=7.86V/1.71A/峰2.28 补余=0.0 IO错=0 倾+0.0 自动1/3
[  171.439] EVT 相位 L1 transfer→hover
[  171.588] TLM t=  94.8 L1Hr@-- L2·A@-67 L3·A@-75 R1·A@-75 R2·A@-68 R3·A@-62 罐=无罐 泵=0 阀=011111 速=+0,+0,+0.00 电=7.87V/1.55A/峰2.28 补余=0.0 IO错=0 倾+0.0 自动1/3
[  172.109] TLM t=  94.8 L1Hr@-- L2·A@-66 L3·A@-75 R1·A@-74 R2·A@-67 R3·A@-62 罐=无罐 泵=0 阀=011111 速=+0,+0,+0.00 电=7.87V/1.55A/峰2.28 补余=0.0 IO错=0 倾+0.0 自动1/3
[  172.440] EVT 落地：L1
[  172.465] EVT 相位 L1 hover→descend
[  172.616] TLM t=  94.8 L1Dr@-- L2·A@-66 L3·A@-75 R1·A@-74 R2·A@-67 R3·A@-61 罐=无罐 泵=0 阀=011111 速=+0,+0,+0.00 电=7.85V/1.63A/峰2.28 补余=0.0 IO错=0 倾+0.0 自动1/3
[  172.947] EVT 相位 L1 descend→press
[  173.135] TLM t=  94.8 L1Pr@-- L2·A@-65 L3·A@-75 R1·A@-74 R2·A@-67 R3·A@-61 罐=无罐 泵=0 阀=011111 速=+0,+0,+0.00 电=7.86V/1.71A/峰2.28 补余=0.0 IO错=0 倾+0.0 自动1/3
[  173.644] TLM t=  94.8 L1Pr@-- L2·A@-65 L3·A@-75 R1·A@-74 R2·A@-66 R3·A@-60 罐=无罐 泵=0 阀=011111 速=+0,+0,+0.00 电=7.86V/1.63A/峰2.28 补余=0.0 IO错=0 倾+0.0 自动1/3
[  173.692] EVT 泵 开 最差盘压-59.9
[  174.151] EVT 吸附 L1 released→pressing 在态4.04s 0.0kPa
[  174.156] EVT 相位 L1 press→wait
[  174.169] TLM t=  94.8 L1Wp@-- L2·A@-70 L3·A@-75 R1·A@-74 R2·A@-69 R3·A@-69 罐=无罐 泵=1 阀=011111 速=+0,+0,+0.00 电=7.84V/1.71A/峰2.28 补余=0.0 IO错=0 倾+0.0 自动1/3
[  174.478] EVT 吸附 L1 pressing→sucking 在态0.32s 0.0kPa
[  174.478] EVT 阀 L1 →抽气位
[  174.666] TLM t=  94.8 L1Ws@-18 L2·A@-75 L3·A@-75 R1·A@-74 R2·A@-75 R3·A@-75 罐=无罐 泵=1 阀=111111 速=+0,+0,+0.00 电=7.83V/1.47A/峰2.28 补余=0.0 IO错=0 倾+0.0 自动1/3
[  174.891] EVT 吸附 L1 sucking→attached 在态0.42s -65.5kPa
[  174.899] EVT 相位 L1 wait→stance
[  174.899] EVT 抬落完成，轮到 R2
[  175.188] TLM t=  95.1 L1·A@-75 L2·A@-76 L3·A@-76 R1·A@-74 R2·A@-76 R3·A@-75 罐=无罐 泵=1 阀=111111 速=+0,+0,+0.00 电=7.82V/1.47A/峰2.28 补余=0.0 IO错=0 倾+0.0 自动1/3
[  175.217] EVT 泵 停 最差盘压-75.1
[  175.694] TLM t=  95.6 L1·A@-76 L2·A@-76 L3·A@-76 R1·A@-76 R2·A@-76 R3·A@-76 罐=无罐 泵=0 阀=111111 速=+0,+0,+0.00 电=7.87V/1.63A/峰2.28 补余=0.0 IO错=0 倾+0.0 自动1/3
[  176.213] TLM t=  96.1 L1·A@-76 L2·A@-76 L3·A@-76 R1·A@-76 R2·A@-75 R3·A@-75 罐=无罐 泵=0 阀=111111 速=+0,+0,+0.00 电=7.87V/1.55A/峰2.28 补余=0.0 IO错=0 倾+0.0 自动1/3
[  176.719] TLM t=  96.6 L1·A@-75 L2·A@-75 L3·A@-76 R1·A@-76 R2·A@-75 R3·A@-74 罐=无罐 泵=0 阀=111111 速=+0,+0,+0.00 电=7.87V/1.55A/峰2.28 补余=0.0 IO错=0 倾+0.0 自动1/3
[  177.236] TLM t=  97.1 L1·A@-75 L2·A@-75 L3·A@-76 R1·A@-76 R2·A@-75 R3·A@-74 罐=无罐 泵=0 阀=111111 速=+0,+0,+0.00 电=7.87V/1.55A/峰2.28 补余=0.0 IO错=0 倾+0.0 自动1/3
[  177.743] TLM t=  97.6 L1·A@-75 L2·A@-74 L3·A@-76 R1·A@-76 R2·A@-74 R3·A@-73 罐=无罐 泵=0 阀=111111 速=+0,+0,+0.00 电=7.87V/1.63A/峰2.28 补余=0.0 IO错=0 倾+0.0 自动1/3
[  178.260] TLM t=  98.1 L1·A@-75 L2·A@-74 L3·A@-76 R1·A@-75 R2·A@-74 R3·A@-73 罐=无罐 泵=0 阀=111111 速=+0,+0,+0.00 电=7.87V/1.47A/峰2.28 补余=0.0 IO错=0 倾+0.0 自动1/3
[  178.763] TLM t=  98.6 L1·A@-75 L2·A@-73 L3·A@-76 R1·A@-75 R2·A@-73 R3·A@-72 罐=无罐 泵=0 阀=111111 速=+0,+0,+0.00 电=7.87V/1.47A/峰2.28 补余=0.0 IO错=0 倾+0.0 自动1/3
[  179.282] TLM t=  99.2 L1·A@-75 L2·A@-73 L3·A@-76 R1·A@-75 R2·A@-73 R3·A@-71 罐=无罐 泵=0 阀=111111 速=+0,+0,+0.00 电=7.86V/1.47A/峰2.28 补余=0.0 IO错=0 倾+0.0 自动1/3
[  179.785] TLM t=  99.7 L1·A@-75 L2·A@-72 L3·A@-76 R1·A@-75 R2·A@-73 R3·A@-71 罐=无罐 泵=0 阀=111111 速=+0,+0,+0.00 电=7.86V/1.55A/峰2.28 补余=0.0 IO错=0 倾+0.0 自动1/3
[  180.310] TLM t= 100.2 L1·A@-74 L2·A@-72 L3·A@-76 R1·A@-75 R2·A@-72 R3·A@-70 罐=无罐 泵=0 阀=111111 速=+0,+0,+0.00 电=7.86V/1.55A/峰2.28 补余=0.0 IO错=0 倾+0.0 自动1/3
[  180.812] TLM t= 100.7 L1·A@-74 L2·A@-71 L3·A@-76 R1·A@-75 R2·A@-72 R3·A@-69 罐=无罐 泵=0 阀=111111 速=+0,+0,+0.00 电=7.87V/1.55A/峰2.28 补余=0.0 IO错=0 倾+0.0 自动1/3
[  181.334] TLM t= 101.2 L1·A@-74 L2·A@-71 L3·A@-75 R1·A@-75 R2·A@-71 R3·A@-69 罐=无罐 泵=0 阀=111111 速=+0,+0,+0.00 电=7.87V/1.55A/峰2.28 补余=0.0 IO错=0 倾+0.0 自动1/3
[  181.837] TLM t= 101.7 L1·A@-74 L2·A@-70 L3·A@-75 R1·A@-75 R2·A@-71 R3·A@-68 罐=无罐 泵=0 阀=111111 速=+0,+0,+0.00 电=7.87V/1.63A/峰2.28 补余=0.0 IO错=0 倾+0.0 自动1/3
[  182.357] TLM t= 102.2 L1·A@-74 L2·A@-70 L3·A@-75 R1·A@-75 R2·A@-71 R3·A@-68 罐=无罐 泵=0 阀=111111 速=+0,+0,+0.00 电=7.86V/1.55A/峰2.28 补余=0.0 IO错=0 倾+0.0 自动1/3
[  182.863] TLM t= 102.7 L1·A@-74 L2·A@-70 L3·A@-75 R1·A@-75 R2·A@-70 R3·A@-67 罐=无罐 泵=0 阀=111111 速=+0,+0,+0.00 电=7.86V/1.55A/峰2.28 补余=0.0 IO错=0 倾+0.0 自动1/3
[  183.379] TLM t= 103.2 L1·A@-74 L2·A@-69 L3·A@-75 R1·A@-75 R2·A@-70 R3·A@-66 罐=无罐 泵=0 阀=111111 速=+0,+0,+0.00 电=7.86V/1.47A/峰2.28 补余=0.0 IO错=0 倾+0.0 自动1/3
[  183.885] TLM t= 103.7 L1·A@-74 L2·A@-69 L3·A@-75 R1·A@-75 R2·A@-70 R3·A@-66 罐=无罐 泵=0 阀=111111 速=+0,+0,+0.00 电=7.87V/1.55A/峰2.28 补余=0.0 IO错=0 倾+0.0 自动1/3
[  184.406] TLM t= 104.3 L1·A@-73 L2·A@-68 L3·A@-75 R1·A@-75 R2·A@-69 R3·A@-65 罐=无罐 泵=0 阀=111111 速=+0,+0,+0.00 电=7.87V/1.47A/峰2.28 补余=0.0 IO错=0 倾+0.0 自动1/3
[  184.907] TLM t= 104.8 L1·A@-73 L2·A@-68 L3·A@-75 R1·A@-75 R2·A@-69 R3·A@-65 罐=无罐 泵=0 阀=111111 速=+0,+0,+0.00 电=7.87V/1.55A/峰2.28 补余=0.0 IO错=0 倾+0.0 自动1/3
[  184.915] EVT 原地抬起受理：R2
[  184.937] EVT 吸附 R2 attached→venting 在态117.96s -68.8kPa
[  184.938] EVT 相位 R2 stance→vent 落点Δ(+0.0,+0.0)
[  184.958] EVT 阀 R2 →排气位
[  185.239] EVT 相位 R2 vent→lift
[  185.361] EVT 吸附 R2 venting→released 在态0.42s -0.1kPa
[  185.430] TLM t= 106.1 L1·A@-73 L2·A@-67 L3·A@-75 R1·A@-75 R2Lr@-- R3·A@-64 罐=无罐 泵=0 阀=111101 速=+0,+0,+0.00 电=7.86V/1.63A/峰2.28 补余=0.0 IO错=0 倾+0.0 自动1/3
[  185.934] TLM t= 106.2 L1·A@-73 L2·A@-67 L3·A@-75 R1·A@-75 R2Lr@-- R3·A@-63 罐=无罐 泵=0 阀=111101 速=+0,+0,+0.00 电=7.84V/1.71A/峰2.28 补余=0.0 IO错=0 倾+0.0 自动1/3
[  186.083] EVT 相位 R2 lift→transfer
[  186.455] TLM t= 106.2 L1·A@-73 L2·A@-67 L3·A@-75 R1·A@-75 R2Tr@-- R3·A@-63 罐=无罐 泵=0 阀=111101 速=+0,+0,+0.00 电=7.86V/1.63A/峰2.28 补余=0.0 IO错=0 倾+0.0 自动1/3
[  186.708] EVT 相位 R2 transfer→hover
[  186.957] TLM t= 106.2 L1·A@-73 L2·A@-66 L3·A@-75 R1·A@-74 R2Hr@-- R3·A@-62 罐=无罐 泵=0 阀=111101 速=+0,+0,+0.00 电=7.86V/1.55A/峰2.28 补余=0.0 IO错=0 倾+0.0 自动1/3
[  187.481] TLM t= 106.2 L1·A@-73 L2·A@-66 L3·A@-75 R1·A@-74 R2Hr@-- R3·A@-62 罐=无罐 泵=0 阀=111101 速=+0,+0,+0.00 电=7.86V/1.55A/峰2.28 补余=0.0 IO错=0 倾+0.0 自动1/3
[  187.712] EVT 落地：R2
[  187.732] EVT 相位 R2 hover→descend
[  187.980] TLM t= 106.2 L1·A@-73 L2·A@-65 L3·A@-75 R1·A@-74 R2Dr@-- R3·A@-61 罐=无罐 泵=0 阀=111101 速=+0,+0,+0.00 电=7.85V/1.55A/峰2.28 补余=0.0 IO错=0 倾+0.0 自动1/3
[  188.213] EVT 相位 R2 descend→press
[  188.501] TLM t= 106.2 L1·A@-73 L2·A@-65 L3·A@-75 R1·A@-74 R2Pr@-- R3·A@-61 罐=无罐 泵=0 阀=111101 速=+0,+0,+0.00 电=7.85V/1.63A/峰2.28 补余=0.0 IO错=0 倾+0.0 自动1/3
[  188.995] EVT 泵 开 最差盘压-60.0
[  189.003] TLM t= 106.2 L1·A@-72 L2·A@-65 L3·A@-75 R1·A@-74 R2Pr@-- R3·A@-60 罐=无罐 泵=1 阀=111101 速=+0,+0,+0.00 电=7.68V/1.71A/峰2.28 补余=0.0 IO错=0 倾+0.0 自动1/3
[  189.416] EVT 吸附 R2 released→pressing 在态4.04s -0.1kPa
[  189.417] EVT 相位 R2 press→wait
[  189.523] TLM t= 106.2 L1·A@-72 L2·A@-71 L3·A@-75 R1·A@-74 R2Wp@-- R3·A@-70 罐=无罐 泵=1 阀=111101 速=+0,+0,+0.00 电=7.80V/1.71A/峰2.28 补余=0.0 IO错=0 倾+0.0 自动1/3
[  189.717] EVT 吸附 R2 pressing→sucking 在态0.30s -0.1kPa
[  189.717] EVT 阀 R2 →抽气位
[  189.998] EVT 吸附 R2 sucking→attached 在态0.28s -67.8kPa
[  189.998] EVT 相位 R2 wait→stance
[  189.998] EVT 抬落完成，轮到 L3
[  190.027] TLM t= 106.2 L1·A@-74 L2·A@-75 L3·A@-74 R1·A@-74 R2·A@-68 R3·A@-74 罐=无罐 泵=1 阀=111111 速=+0,+0,+0.00 电=7.85V/1.71A/峰2.28 补余=0.0 IO错=0 倾+0.0 自动1/3
[  190.439] EVT 泵 停 最差盘压-75.1
[  190.530] TLM t= 106.7 L1·A@-76 L2·A@-76 L3·A@-76 R1·A@-76 R2·A@-76 R3·A@-76 罐=无罐 泵=0 阀=111111 速=+0,+0,+0.00 电=7.86V/1.79A/峰2.28 补余=0.0 IO错=0 倾+0.0 自动1/3
[  191.030] TLM t= 107.2 L1·A@-76 L2·A@-76 L3·A@-76 R1·A@-75 R2·A@-75 R3·A@-76 罐=无罐 泵=0 阀=111111 速=+0,+0,+0.00 电=7.86V/1.47A/峰2.28 补余=0.0 IO错=0 倾+0.0 自动1/3
[  191.535] TLM t= 107.7 L1·A@-76 L2·A@-75 L3·A@-76 R1·A@-75 R2·A@-75 R3·A@-75 罐=无罐 泵=0 阀=111111 速=+0,+0,+0.00 电=7.86V/1.71A/峰2.28 补余=0.0 IO错=0 倾+0.0 自动1/3
[  192.034] TLM t= 108.2 L1·A@-76 L2·A@-75 L3·A@-76 R1·A@-75 R2·A@-74 R3·A@-74 罐=无罐 泵=0 阀=111111 速=+0,+0,+0.00 电=7.87V/1.63A/峰2.28 补余=0.0 IO错=0 倾+0.0 自动1/3
[  192.535] TLM t= 108.7 L1·A@-76 L2·A@-74 L3·A@-76 R1·A@-75 R2·A@-74 R3·A@-74 罐=无罐 泵=0 阀=111111 速=+0,+0,+0.00 电=7.86V/1.63A/峰2.28 补余=0.0 IO错=0 倾+0.0 自动1/3
[  193.037] TLM t= 109.2 L1·A@-76 L2·A@-74 L3·A@-76 R1·A@-75 R2·A@-73 R3·A@-73 罐=无罐 泵=0 阀=111111 速=+0,+0,+0.00 电=7.86V/1.55A/峰2.28 补余=0.0 IO错=0 倾+0.0 自动1/3
[  193.538] TLM t= 109.7 L1·A@-75 L2·A@-74 L3·A@-76 R1·A@-74 R2·A@-73 R3·A@-72 罐=无罐 泵=0 阀=111111 速=+0,+0,+0.00 电=7.85V/1.55A/峰2.28 补余=0.0 IO错=0 倾+0.0 自动1/3
[  194.040] TLM t= 110.2 L1·A@-75 L2·A@-73 L3·A@-76 R1·A@-74 R2·A@-72 R3·A@-72 罐=无罐 泵=0 阀=111111 速=+0,+0,+0.00 电=7.86V/1.55A/峰2.28 补余=0.0 IO错=0 倾+0.0 自动1/3
[  194.542] TLM t= 110.7 L1·A@-75 L2·A@-73 L3·A@-76 R1·A@-74 R2·A@-72 R3·A@-71 罐=无罐 泵=0 阀=111111 速=+0,+0,+0.00 电=7.86V/1.63A/峰2.28 补余=0.0 IO错=0 倾+0.0 自动1/3
[  195.042] TLM t= 111.2 L1·A@-75 L2·A@-72 L3·A@-76 R1·A@-74 R2·A@-72 R3·A@-70 罐=无罐 泵=0 阀=111111 速=+0,+0,+0.00 电=7.86V/1.71A/峰2.28 补余=0.0 IO错=0 倾+0.0 自动1/3
[  195.547] TLM t= 111.7 L1·A@-75 L2·A@-72 L3·A@-76 R1·A@-74 R2·A@-71 R3·A@-70 罐=无罐 泵=0 阀=111111 速=+0,+0,+0.00 电=7.86V/1.63A/峰2.28 补余=0.0 IO错=0 倾+0.0 自动1/3
[  196.047] TLM t= 112.2 L1·A@-75 L2·A@-71 L3·A@-75 R1·A@-73 R2·A@-71 R3·A@-69 罐=无罐 泵=0 阀=111111 速=+0,+0,+0.00 电=7.86V/1.63A/峰2.28 补余=0.0 IO错=0 倾+0.0 自动1/3
[  196.549] TLM t= 112.7 L1·A@-75 L2·A@-71 L3·A@-75 R1·A@-73 R2·A@-70 R3·A@-69 罐=无罐 泵=0 阀=111111 速=+0,+0,+0.00 电=7.86V/1.55A/峰2.28 补余=0.0 IO错=0 倾+0.0 自动1/3
[  197.049] TLM t= 113.2 L1·A@-75 L2·A@-70 L3·A@-75 R1·A@-73 R2·A@-70 R3·A@-68 罐=无罐 泵=0 阀=111111 速=+0,+0,+0.00 电=7.84V/1.63A/峰2.28 补余=0.0 IO错=0 倾+0.0 自动1/3
[  197.551] TLM t= 113.7 L1·A@-75 L2·A@-70 L3·A@-75 R1·A@-73 R2·A@-70 R3·A@-67 罐=无罐 泵=0 阀=111111 速=+0,+0,+0.00 电=7.84V/1.63A/峰2.28 补余=0.0 IO错=0 倾+0.0 自动1/3
[  198.056] TLM t= 114.2 L1·A@-75 L2·A@-70 L3·A@-75 R1·A@-73 R2·A@-69 R3·A@-67 罐=无罐 泵=0 阀=111111 速=+0,+0,+0.00 电=7.84V/1.63A/峰2.28 补余=0.0 IO错=0 倾+0.0 自动1/3
[  198.555] TLM t= 114.7 L1·A@-74 L2·A@-69 L3·A@-75 R1·A@-73 R2·A@-69 R3·A@-66 罐=无罐 泵=0 阀=111111 速=+0,+0,+0.00 电=7.85V/1.63A/峰2.28 补余=0.0 IO错=0 倾+0.0 自动1/3
[  199.060] TLM t= 115.2 L1·A@-74 L2·A@-69 L3·A@-75 R1·A@-72 R2·A@-69 R3·A@-66 罐=无罐 泵=0 阀=111111 速=+0,+0,+0.00 电=7.85V/1.63A/峰2.28 补余=0.0 IO错=0 倾+0.0 自动1/3
[  199.561] TLM t= 115.7 L1·A@-74 L2·A@-68 L3·A@-75 R1·A@-72 R2·A@-68 R3·A@-65 罐=无罐 泵=0 阀=111111 速=+0,+0,+0.00 电=7.86V/1.55A/峰2.28 补余=0.0 IO错=0 倾+0.0 自动1/3
[  200.033] EVT 原地抬起受理：L3
[  200.053] EVT 吸附 L3 attached→venting 在态131.20s -75.0kPa
[  200.053] EVT 相位 L3 stance→vent 落点Δ(+0.0,+0.0)
[  200.060] TLM t= 117.0 L1·A@-74 L2·A@-68 L3Vv@-75 R1·A@-72 R2·A@-68 R3·A@-64 罐=无罐 泵=0 阀=111111 速=+0,+0,+0.00 电=7.85V/1.63A/峰2.28 补余=0.0 IO错=0 倾+0.0 自动1/3
[  200.073] EVT 阀 L3 →排气位
[  200.351] EVT 相位 L3 vent→lift
[  200.456] EVT 吸附 L3 venting→released 在态0.40s 0.1kPa
[  200.566] TLM t= 117.5 L1·A@-74 L2·A@-68 L3Lr@-- R1·A@-72 R2·A@-68 R3·A@-64 罐=无罐 泵=0 阀=110111 速=+0,+0,+0.00 电=7.85V/1.63A/峰2.28 补余=0.0 IO错=0 倾+0.0 自动1/3
[  201.066] TLM t= 117.6 L1·A@-74 L2·A@-67 L3Lr@-- R1·A@-71 R2·A@-67 R3·A@-63 罐=无罐 泵=0 阀=110111 速=+0,+0,+0.00 电=7.85V/1.47A/峰2.28 补余=0.0 IO错=0 倾+0.0 自动1/3
[  201.196] EVT 相位 L3 lift→transfer
[  201.587] TLM t= 117.6 L1·A@-74 L2·A@-67 L3Tr@-- R1·A@-71 R2·A@-67 R3·A@-63 罐=无罐 泵=0 阀=110111 速=+0,+0,+0.00 电=7.86V/1.38A/峰2.28 补余=0.0 IO错=0 倾+0.0 自动1/3
[  201.820] EVT 相位 L3 transfer→hover
[  202.094] TLM t= 117.6 L1·A@-74 L2·A@-66 L3Hr@-- R1·A@-71 R2·A@-66 R3·A@-62 罐=无罐 泵=0 阀=110111 速=+0,+0,+0.00 电=7.84V/1.30A/峰2.28 补余=0.0 IO错=0 倾+0.0 自动1/3
[  202.612] TLM t= 117.6 L1·A@-74 L2·A@-66 L3Hr@-- R1·A@-71 R2·A@-66 R3·A@-61 罐=无罐 泵=0 阀=110111 速=+0,+0,+0.00 电=7.85V/1.38A/峰2.28 补余=0.0 IO错=0 倾+0.0 自动1/3
[  202.821] EVT 落地：L3
[  202.844] EVT 相位 L3 hover→descend
[  203.112] TLM t= 117.6 L1·A@-74 L2·A@-65 L3Dr@-- R1·A@-70 R2·A@-66 R3·A@-61 罐=无罐 泵=0 阀=110111 速=+0,+0,+0.00 电=7.86V/1.30A/峰2.28 补余=0.0 IO错=0 倾+0.0 自动1/3
[  203.325] EVT 相位 L3 descend→press
[  203.639] TLM t= 117.6 L1·A@-73 L2·A@-65 L3Pr@-- R1·A@-70 R2·A@-65 R3·A@-60 罐=无罐 泵=0 阀=110111 速=+0,+0,+0.00 电=7.85V/1.38A/峰2.28 补余=0.0 IO错=0 倾+0.0 自动1/3
[  203.994] EVT 泵 开 最差盘压-59.9
[  204.143] TLM t= 117.6 L1·A@-73 L2·A@-64 L3Pr@-- R1·A@-70 R2·A@-65 R3·A@-60 罐=无罐 泵=1 阀=110111 速=+0,+0,+0.00 电=7.83V/1.38A/峰2.28 补余=0.0 IO错=0 倾+0.0 自动1/3
[  204.534] EVT 吸附 L3 released→pressing 在态4.06s 0.1kPa
[  204.535] EVT 相位 L3 press→wait
[  204.662] TLM t= 117.6 L1·A@-73 L2·A@-73 L3Wp@-- R1·A@-72 R2·A@-73 R3·A@-73 罐=无罐 泵=1 阀=110111 速=+0,+0,+0.00 电=7.81V/1.22A/峰2.28 补余=0.0 IO错=0 倾+0.0 自动1/3
[  204.835] EVT 吸附 L3 pressing→sucking 在态0.30s 0.1kPa
[  204.836] EVT 阀 L3 →抽气位
[  205.111] EVT 吸附 L3 sucking→attached 在态0.28s -61.9kPa
[  205.114] EVT 相位 L3 wait→stance
[  205.114] EVT 抬落完成，轮到 R1
[  205.169] TLM t= 117.6 L1·A@-75 L2·A@-75 L3·A@-65 R1·A@-75 R2·A@-75 R3·A@-75 罐=无罐 泵=1 阀=111111 速=+0,+0,+0.00 电=7.83V/1.38A/峰2.28 补余=0.0 IO错=0 倾+0.0 自动1/3
[  205.618] EVT 泵 停 最差盘压-75.1
[  205.687] TLM t= 118.2 L1·A@-76 L2·A@-76 L3·A@-76 R1·A@-76 R2·A@-76 R3·A@-76 罐=无罐 泵=0 阀=111111 速=+0,+0,+0.00 电=7.87V/1.38A/峰2.28 补余=0.0 IO错=0 倾+0.0 自动1/3
[  206.189] TLM t= 118.7 L1·A@-76 L2·A@-76 L3·A@-76 R1·A@-75 R2·A@-76 R3·A@-76 罐=无罐 泵=0 阀=111111 速=+0,+0,+0.00 电=7.86V/1.38A/峰2.28 补余=0.0 IO错=0 倾+0.0 自动1/3
[  206.712] TLM t= 119.2 L1·A@-76 L2·A@-75 L3·A@-76 R1·A@-75 R2·A@-75 R3·A@-75 罐=无罐 泵=0 阀=111111 速=+0,+0,+0.00 电=7.85V/1.47A/峰2.28 补余=0.0 IO错=0 倾+0.0 自动1/3
[  207.212] TLM t= 119.7 L1·A@-76 L2·A@-75 L3·A@-76 R1·A@-75 R2·A@-75 R3·A@-74 罐=无罐 泵=0 阀=111111 速=+0,+0,+0.00 电=7.86V/1.47A/峰2.28 补余=0.0 IO错=0 倾+0.0 自动1/3
[  207.735] TLM t= 120.2 L1·A@-76 L2·A@-74 L3·A@-75 R1·A@-75 R2·A@-74 R3·A@-74 罐=无罐 泵=0 阀=111111 速=+0,+0,+0.00 电=7.85V/1.30A/峰2.28 补余=0.0 IO错=0 倾+0.0 自动1/3
[  208.244] TLM t= 120.7 L1·A@-76 L2·A@-74 L3·A@-75 R1·A@-74 R2·A@-74 R3·A@-73 罐=无罐 泵=0 阀=111111 速=+0,+0,+0.00 电=7.86V/1.38A/峰2.28 补余=0.0 IO错=0 倾+0.0 自动1/3
[  208.759] TLM t= 121.2 L1·A@-75 L2·A@-74 L3·A@-75 R1·A@-74 R2·A@-74 R3·A@-72 罐=无罐 泵=0 阀=111111 速=+0,+0,+0.00 电=7.87V/1.47A/峰2.28 补余=0.0 IO错=0 倾+0.0 自动1/3
[  209.265] TLM t= 121.7 L1·A@-75 L2·A@-73 L3·A@-75 R1·A@-74 R2·A@-73 R3·A@-72 罐=无罐 泵=0 阀=111111 速=+0,+0,+0.00 电=7.87V/1.30A/峰2.28 补余=0.0 IO错=0 倾+0.0 自动1/3
[  209.784] TLM t= 122.2 L1·A@-75 L2·A@-73 L3·A@-75 R1·A@-74 R2·A@-73 R3·A@-71 罐=无罐 泵=0 阀=111111 速=+0,+0,+0.00 电=7.86V/1.30A/峰2.28 补余=0.0 IO错=0 倾+0.0 自动1/3
[  210.287] TLM t= 122.7 L1·A@-75 L2·A@-72 L3·A@-75 R1·A@-73 R2·A@-72 R3·A@-70 罐=无罐 泵=0 阀=111111 速=+0,+0,+0.00 电=7.87V/1.38A/峰2.28 补余=0.0 IO错=0 倾+0.0 自动1/3
[  210.804] TLM t= 123.3 L1·A@-75 L2·A@-72 L3·A@-75 R1·A@-73 R2·A@-72 R3·A@-70 罐=无罐 泵=0 阀=111111 速=+0,+0,+0.00 电=7.87V/1.47A/峰2.28 补余=0.0 IO错=0 倾+0.0 自动1/3
[  211.310] TLM t= 123.8 L1·A@-75 L2·A@-71 L3·A@-75 R1·A@-73 R2·A@-72 R3·A@-69 罐=无罐 泵=0 阀=111111 速=+0,+0,+0.00 电=7.86V/1.38A/峰2.28 补余=0.0 IO错=0 倾+0.0 自动1/3
[  211.827] TLM t= 124.3 L1·A@-75 L2·A@-71 L3·A@-75 R1·A@-73 R2·A@-71 R3·A@-68 罐=无罐 泵=0 阀=111111 速=+0,+0,+0.00 电=7.85V/1.38A/峰2.28 补余=0.0 IO错=0 倾+0.0 自动1/3
[  212.334] TLM t= 124.8 L1·A@-75 L2·A@-70 L3·A@-75 R1·A@-72 R2·A@-71 R3·A@-68 罐=无罐 泵=0 阀=111111 速=+0,+0,+0.00 电=7.87V/1.47A/峰2.28 补余=0.0 IO错=0 倾+0.0 自动1/3
[  212.854] TLM t= 125.3 L1·A@-75 L2·A@-70 L3·A@-74 R1·A@-72 R2·A@-70 R3·A@-67 罐=无罐 泵=0 阀=111111 速=+0,+0,+0.00 电=7.86V/1.38A/峰2.28 补余=0.0 IO错=0 倾+0.0 自动1/3
[  213.357] TLM t= 125.8 L1·A@-75 L2·A@-70 L3·A@-74 R1·A@-72 R2·A@-70 R3·A@-67 罐=无罐 泵=0 阀=111111 速=+0,+0,+0.00 电=7.86V/1.38A/峰2.28 补余=0.0 IO错=0 倾+0.0 自动1/3
[  213.880] TLM t= 126.3 L1·A@-75 L2·A@-69 L3·A@-74 R1·A@-72 R2·A@-70 R3·A@-66 罐=无罐 泵=0 阀=111111 速=+0,+0,+0.00 电=7.86V/1.47A/峰2.28 补余=0.0 IO错=0 倾+0.0 自动1/3
[  214.385] TLM t= 126.8 L1·A@-74 L2·A@-69 L3·A@-74 R1·A@-71 R2·A@-69 R3·A@-65 罐=无罐 泵=0 阀=111111 速=+0,+0,+0.00 电=7.85V/1.55A/峰2.28 补余=0.0 IO错=0 倾+0.0 自动1/3
[  214.900] TLM t= 127.3 L1·A@-74 L2·A@-68 L3·A@-74 R1·A@-71 R2·A@-69 R3·A@-65 罐=无罐 泵=0 阀=111111 速=+0,+0,+0.00 电=7.86V/1.55A/峰2.28 补余=0.0 IO错=0 倾+0.0 自动1/3
[  215.156] EVT 原地抬起受理：R1
[  215.171] EVT 吸附 R1 attached→venting 在态144.38s -70.9kPa
[  215.171] EVT 相位 R1 stance→vent 落点Δ(+0.0,+0.0)
[  215.191] EVT 阀 R1 →排气位
[  215.405] TLM t= 128.6 L1·A@-74 L2·A@-68 L3·A@-74 R1Vv@-71 R2·A@-69 R3·A@-65 罐=无罐 泵=0 阀=111011 速=+0,+0,+0.00 电=7.79V/2.20A/峰2.28 补余=0.0 IO错=0 倾+0.0 自动1/3
[  215.472] EVT 相位 R1 vent→lift
[  215.595] EVT 吸附 R1 venting→released 在态0.42s -0.1kPa
[  215.921] TLM t= 129.0 L1·A@-74 L2·A@-67 L3·A@-74 R1Lr@-- R2·A@-68 R3·A@-64 罐=无罐 泵=0 阀=111011 速=+0,+0,+0.00 电=7.80V/1.95A/峰2.28 补余=0.0 IO错=0 倾+0.0 自动1/3
[  216.314] EVT 相位 R1 lift→transfer
[  216.428] TLM t= 129.0 L1·A@-74 L2·A@-67 L3·A@-74 R1Tr@-- R2·A@-68 R3·A@-63 罐=无罐 泵=0 阀=111011 速=+0,+0,+0.00 电=7.81V/2.36A/峰2.36 补余=0.0 IO错=0 倾+0.0 自动1/3
[  216.936] EVT 相位 R1 transfer→hover
[  216.947] TLM t= 129.0 L1·A@-74 L2·A@-66 L3·A@-74 R1Hr@-- R2·A@-67 R3·A@-62 罐=无罐 泵=0 阀=111011 速=+0,+0,+0.00 电=7.80V/2.20A/峰2.36 补余=0.0 IO错=0 倾+0.0 自动1/3
[  217.453] TLM t= 129.0 L1·A@-74 L2·A@-66 L3·A@-74 R1Hr@-- R2·A@-67 R3·A@-62 罐=无罐 泵=0 阀=111011 速=+0,+0,+0.00 电=7.80V/1.87A/峰2.36 补余=0.0 IO错=0 倾+0.0 自动1/3
[  217.959] EVT 落地：R1
[  217.969] TLM t= 129.0 L1·A@-73 L2·A@-66 L3·A@-74 R1Dr@-- R2·A@-67 R3·A@-61 罐=无罐 泵=0 阀=111011 速=+0,+0,+0.00 电=7.83V/1.79A/峰2.36 补余=0.0 IO错=0 倾+0.0 自动1/3
[  217.984] EVT 相位 R1 hover→descend
[  218.465] EVT 相位 R1 descend→press
[  218.475] TLM t= 129.0 L1·A@-73 L2·A@-65 L3·A@-74 R1Pr@-- R2·A@-66 R3·A@-61 罐=无罐 泵=0 阀=111011 速=+0,+0,+0.00 电=7.80V/1.95A/峰2.36 补余=0.0 IO错=0 倾+0.0 自动1/3
[  218.989] TLM t= 129.0 L1·A@-73 L2·A@-65 L3·A@-74 R1Pr@-- R2·A@-66 R3·A@-60 罐=无罐 泵=0 阀=111011 速=+0,+0,+0.00 电=7.81V/1.95A/峰2.36 补余=0.0 IO错=0 倾+0.0 自动1/3
[  219.042] EVT 泵 开 最差盘压-60.0
[  219.496] TLM t= 129.0 L1·A@-73 L2·A@-69 L3·A@-73 R1Pr@-- R2·A@-68 R3·A@-68 罐=无罐 泵=1 阀=111011 速=+0,+0,+0.00 电=7.79V/2.04A/峰2.36 补余=0.0 IO错=0 倾+0.0 自动1/3
[  219.669] EVT 吸附 R1 released→pressing 在态4.06s -0.1kPa
[  219.669] EVT 相位 R1 press→wait
[  219.945] EVT 泵 停 最差盘压-75.4
[  219.970] EVT 吸附 R1 pressing→sucking 在态0.30s -0.1kPa
[  219.970] EVT 阀 R1 →抽气位
[  219.987] EVT 泵 开 最差盘压-75.5
[  220.017] TLM t= 129.0 L1·A@-76 L2·A@-76 L3·A@-76 R1Ws@-0 R2·A@-76 R3·A@-76 罐=无罐 泵=1 阀=111111 速=+0,+0,+0.00 电=7.79V/1.95A/峰2.36 补余=0.0 IO错=0 倾+0.0 自动1/3
[  220.308] EVT 吸附 R1 sucking→attached 在态0.34s -69.1kPa
[  220.311] EVT 相位 R1 wait→stance
[  220.311] EVT 抬落完成，轮到 L2
[  220.523] TLM t= 129.2 L1·A@-76 L2·A@-76 L3·A@-76 R1·A@-74 R2·A@-75 R3·A@-75 罐=无罐 泵=1 阀=111111 速=+0,+0,+0.00 电=7.83V/2.04A/峰2.36 补余=0.0 IO错=0 倾+0.0 自动1/3
[  220.594] EVT 泵 停 最差盘压-75.5
[  221.042] TLM t= 129.7 L1·A@-76 L2·A@-76 L3·A@-76 R1·A@-76 R2·A@-76 R3·A@-76 罐=无罐 泵=0 阀=111111 速=+0,+0,+0.00 电=7.83V/1.87A/峰2.36 补余=0.0 IO错=0 倾+0.0 自动1/3
[  221.548] TLM t= 130.2 L1·A@-76 L2·A@-76 L3·A@-76 R1·A@-76 R2·A@-76 R3·A@-75 罐=无罐 泵=0 阀=111111 速=+0,+0,+0.00 电=7.82V/1.87A/峰2.36 补余=0.0 IO错=0 倾+0.0 自动1/3
[  222.064] TLM t= 130.7 L1·A@-76 L2·A@-75 L3·A@-76 R1·A@-75 R2·A@-75 R3·A@-75 罐=无罐 泵=0 阀=111111 速=+0,+0,+0.00 电=7.83V/1.87A/峰2.36 补余=0.0 IO错=0 倾+0.0 自动1/3
[  222.571] TLM t= 131.2 L1·A@-76 L2·A@-75 L3·A@-76 R1·A@-75 R2·A@-75 R3·A@-74 罐=无罐 泵=0 阀=111111 速=+0,+0,+0.00 电=7.82V/1.95A/峰2.36 补余=0.0 IO错=0 倾+0.0 自动1/3
[  223.089] TLM t= 131.8 L1·A@-76 L2·A@-74 L3·A@-76 R1·A@-75 R2·A@-74 R3·A@-73 罐=无罐 泵=0 阀=111111 速=+0,+0,+0.00 电=7.83V/1.87A/峰2.36 补余=0.0 IO错=0 倾+0.0 自动1/3
[  223.593] TLM t= 132.3 L1·A@-76 L2·A@-74 L3·A@-76 R1·A@-75 R2·A@-74 R3·A@-73 罐=无罐 泵=0 阀=111111 速=+0,+0,+0.00 电=7.83V/2.04A/峰2.36 补余=0.0 IO错=0 倾+0.0 自动1/3
[  224.110] TLM t= 132.8 L1·A@-76 L2·A@-73 L3·A@-76 R1·A@-75 R2·A@-74 R3·A@-72 罐=无罐 泵=0 阀=111111 速=+0,+0,+0.00 电=7.82V/1.79A/峰2.36 补余=0.0 IO错=0 倾+0.0 自动1/3
[  224.621] TLM t= 133.3 L1·A@-76 L2·A@-73 L3·A@-76 R1·A@-75 R2·A@-73 R3·A@-71 罐=无罐 泵=0 阀=111111 速=+0,+0,+0.00 电=7.84V/1.95A/峰2.36 补余=0.0 IO错=0 倾+0.0 自动1/3
[  225.133] TLM t= 133.8 L1·A@-76 L2·A@-73 L3·A@-76 R1·A@-75 R2·A@-73 R3·A@-71 罐=无罐 泵=0 阀=111111 速=+0,+0,+0.00 电=7.84V/1.95A/峰2.36 补余=0.0 IO错=0 倾+0.0 自动1/3
[  225.640] TLM t= 134.3 L1·A@-76 L2·A@-72 L3·A@-76 R1·A@-75 R2·A@-72 R3·A@-70 罐=无罐 泵=0 阀=111111 速=+0,+0,+0.00 电=7.83V/1.87A/峰2.36 补余=0.0 IO错=0 倾+0.0 自动1/3
[  226.158] TLM t= 134.8 L1·A@-75 L2·A@-72 L3·A@-76 R1·A@-75 R2·A@-72 R3·A@-70 罐=无罐 泵=0 阀=111111 速=+0,+0,+0.00 电=7.84V/1.87A/峰2.36 补余=0.0 IO错=0 倾+0.0 自动1/3
[  226.666] TLM t= 135.3 L1·A@-75 L2·A@-71 L3·A@-76 R1·A@-75 R2·A@-72 R3·A@-69 罐=无罐 泵=0 阀=111111 速=+0,+0,+0.00 电=7.82V/1.95A/峰2.36 补余=0.0 IO错=0 倾+0.0 自动1/3
[  227.180] TLM t= 135.8 L1·A@-75 L2·A@-71 L3·A@-76 R1·A@-75 R2·A@-71 R3·A@-68 罐=无罐 泵=0 阀=111111 速=+0,+0,+0.00 电=7.82V/1.79A/峰2.36 补余=0.0 IO错=0 倾+0.0 自动1/3
[  227.686] TLM t= 136.3 L1·A@-75 L2·A@-70 L3·A@-76 R1·A@-75 R2·A@-71 R3·A@-68 罐=无罐 泵=0 阀=111111 速=+0,+0,+0.00 电=7.83V/1.79A/峰2.36 补余=0.0 IO错=0 倾+0.0 自动1/3
[  228.202] TLM t= 136.9 L1·A@-75 L2·A@-70 L3·A@-76 R1·A@-74 R2·A@-71 R3·A@-67 罐=无罐 泵=0 阀=111111 速=+0,+0,+0.00 电=7.82V/1.87A/峰2.36 补余=0.0 IO错=0 倾+0.0 自动1/3
[  228.708] TLM t= 137.4 L1·A@-75 L2·A@-69 L3·A@-76 R1·A@-74 R2·A@-70 R3·A@-67 罐=无罐 泵=0 阀=111111 速=+0,+0,+0.00 电=7.82V/1.87A/峰2.36 补余=0.0 IO错=0 倾+0.0 自动1/3
[  229.227] TLM t= 137.9 L1·A@-75 L2·A@-69 L3·A@-75 R1·A@-74 R2·A@-70 R3·A@-66 罐=无罐 泵=0 阀=111111 速=+0,+0,+0.00 电=7.82V/1.87A/峰2.36 补余=0.0 IO错=0 倾+0.0 自动1/3
[  229.733] TLM t= 138.4 L1·A@-75 L2·A@-69 L3·A@-75 R1·A@-74 R2·A@-69 R3·A@-65 罐=无罐 泵=0 阀=111111 速=+0,+0,+0.00 电=7.83V/1.87A/峰2.36 补余=0.0 IO错=0 倾+0.0 自动1/3
[  230.248] TLM t= 138.9 L1·A@-75 L2·A@-68 L3·A@-75 R1·A@-74 R2·A@-69 R3·A@-65 罐=无罐 泵=0 阀=111111 速=+0,+0,+0.00 电=7.83V/1.87A/峰2.36 补余=0.0 IO错=0 倾+0.0 自动1/3
[  230.343] EVT 原地抬起受理：L2
[  230.360] EVT 吸附 L2 attached→venting 在态157.70s -68.1kPa
[  230.360] EVT 相位 L2 stance→vent 落点Δ(+0.0,+0.0)
[  230.383] EVT 阀 L2 →排气位
[  230.661] EVT 相位 L2 vent→lift
[  230.753] TLM t= 140.2 L1·A@-75 L2Lv@-68 L3·A@-75 R1·A@-74 R2·A@-69 R3·A@-64 罐=无罐 泵=0 阀=101111 速=+0,+0,+0.00 电=7.82V/1.79A/峰2.36 补余=0.0 IO错=0 倾+0.0 自动1/3
[  230.766] EVT 吸附 L2 venting→released 在态0.40s 0.3kPa
[  231.253] TLM t= 140.4 L1·A@-75 L2Lr@-- L3·A@-75 R1·A@-74 R2·A@-68 R3·A@-64 罐=无罐 泵=0 阀=101111 速=+0,+0,+0.00 电=7.81V/1.71A/峰2.36 补余=0.0 IO错=0 倾+0.0 自动1/3
[  231.503] EVT 相位 L2 lift→transfer
[  231.779] TLM t= 140.4 L1·A@-75 L2Tr@-- L3·A@-75 R1·A@-74 R2·A@-68 R3·A@-63 罐=无罐 泵=0 阀=101111 速=+0,+0,+0.00 电=7.81V/1.87A/峰2.36 补余=0.0 IO错=0 倾+0.0 自动1/3
[  232.128] EVT 相位 L2 transfer→hover
[  232.277] TLM t= 140.4 L1·A@-75 L2Hr@-- L3·A@-75 R1·A@-74 R2·A@-68 R3·A@-62 罐=无罐 泵=0 阀=101111 速=+0,+0,+0.00 电=7.82V/1.63A/峰2.36 补余=0.0 IO错=0 倾+0.0 自动1/3
[  232.800] TLM t= 140.4 L1·A@-74 L2Hr@-- L3·A@-75 R1·A@-74 R2·A@-67 R3·A@-62 罐=无罐 泵=0 阀=101111 速=+0,+0,+0.00 电=7.83V/1.55A/峰2.36 补余=0.0 IO错=0 倾+0.0 自动1/3
[  233.128] EVT 落地：L2
[  233.151] EVT 相位 L2 hover→descend
[  233.301] TLM t= 140.4 L1·A@-74 L2Dr@-- L3·A@-75 R1·A@-74 R2·A@-67 R3·A@-61 罐=无罐 泵=0 阀=101111 速=+0,+0,+0.00 电=7.82V/1.71A/峰2.36 补余=0.0 IO错=0 倾+0.0 自动1/3
[  233.632] EVT 相位 L2 descend→press
[  233.820] TLM t= 140.4 L1·A@-74 L2Pr@-- L3·A@-75 R1·A@-74 R2·A@-67 R3·A@-60 罐=无罐 泵=0 阀=101111 速=+0,+0,+0.00 电=7.82V/1.55A/峰2.36 补余=0.0 IO错=0 倾+0.0 自动1/3
[  234.151] EVT 泵 开 最差盘压-59.9
[  234.321] TLM t= 140.4 L1·A@-74 L2Pr@-- L3·A@-75 R1·A@-74 R2·A@-66 R3·A@-60 罐=无罐 泵=1 阀=101111 速=+0,+0,+0.00 电=7.79V/1.71A/峰2.36 补余=0.0 IO错=0 倾+0.0 自动1/3
[  234.835] EVT 吸附 L2 released→pressing 在态4.06s 0.3kPa
[  234.836] EVT 相位 L2 press→wait
[  234.849] TLM t= 140.4 L1·A@-74 L2Wp@-- L3·A@-75 R1·A@-74 R2·A@-74 R3·A@-74 罐=无罐 泵=1 阀=101111 速=+0,+0,+0.00 电=7.79V/1.79A/峰2.36 补余=0.0 IO错=0 倾+0.0 自动1/3
[  234.976] EVT 泵 停 最差盘压-75.2
[  235.136] EVT 吸附 L2 pressing→sucking 在态0.30s 0.3kPa
[  235.137] EVT 阀 L2 →抽气位
[  235.159] EVT 泵 开 最差盘压-75.8
[  235.349] TLM t= 140.4 L1·A@-76 L2Ws@-64 L3·A@-76 R1·A@-76 R2·A@-76 R3·A@-76 罐=无罐 泵=1 阀=111111 速=+0,+0,+0.00 电=7.76V/1.47A/峰2.36 补余=0.0 IO错=0 倾+0.0 自动1/3
[  235.416] EVT 吸附 L2 sucking→attached 在态0.28s -68.0kPa
[  235.419] EVT 相位 L2 wait→stance
[  235.419] EVT 抬落完成，轮到 R3
[  235.419] EVT 自动轮换：第 1 轮完成
[  235.705] EVT 泵 停 最差盘压-75.2
[  235.851] TLM t= 140.8 L1·A@-76 L2·A@-76 L3·A@-76 R1·A@-76 R2·A@-76 R3·A@-76 罐=无罐 泵=0 阀=111111 速=+0,+0,+0.00 电=7.84V/1.55A/峰2.36 补余=0.0 IO错=0 倾+0.0 自动2/3
[  236.356] TLM t= 141.3 L1·A@-76 L2·A@-75 L3·A@-76 R1·A@-76 R2·A@-75 R3·A@-75 罐=无罐 泵=0 阀=111111 速=+0,+0,+0.00 电=7.84V/1.55A/峰2.36 补余=0.0 IO错=0 倾+0.0 自动2/3
[  236.859] TLM t= 141.8 L1·A@-76 L2·A@-75 L3·A@-76 R1·A@-76 R2·A@-75 R3·A@-74 罐=无罐 泵=0 阀=111111 速=+0,+0,+0.00 电=7.83V/1.63A/峰2.36 补余=0.0 IO错=0 倾+0.0 自动2/3
[  237.380] TLM t= 142.3 L1·A@-76 L2·A@-74 L3·A@-76 R1·A@-76 R2·A@-75 R3·A@-74 罐=无罐 泵=0 阀=111111 速=+0,+0,+0.00 电=7.83V/1.55A/峰2.36 补余=0.0 IO错=0 倾+0.0 自动2/3
[  237.885] TLM t= 142.8 L1·A@-76 L2·A@-74 L3·A@-76 R1·A@-75 R2·A@-74 R3·A@-73 罐=无罐 泵=0 阀=111111 速=+0,+0,+0.00 电=7.84V/1.71A/峰2.36 补余=0.0 IO错=0 倾+0.0 自动2/3
[  238.403] TLM t= 143.4 L1·A@-76 L2·A@-73 L3·A@-76 R1·A@-75 R2·A@-74 R3·A@-72 罐=无罐 泵=0 阀=111111 速=+0,+0,+0.00 电=7.83V/1.63A/峰2.36 补余=0.0 IO错=0 倾+0.0 自动2/3
[  238.907] TLM t= 143.9 L1·A@-75 L2·A@-73 L3·A@-76 R1·A@-75 R2·A@-73 R3·A@-72 罐=无罐 泵=0 阀=111111 速=+0,+0,+0.00 电=7.83V/1.63A/峰2.36 补余=0.0 IO错=0 倾+0.0 自动2/3
[  239.426] TLM t= 144.4 L1·A@-75 L2·A@-72 L3·A@-76 R1·A@-75 R2·A@-73 R3·A@-71 罐=无罐 泵=0 阀=111111 速=+0,+0,+0.00 电=7.82V/1.71A/峰2.36 补余=0.0 IO错=0 倾+0.0 自动2/3
[  239.931] TLM t= 144.9 L1·A@-75 L2·A@-71 L3·A@-76 R1·A@-75 R2·A@-73 R3·A@-70 罐=无罐 泵=0 阀=111111 速=+0,+0,+0.00 电=7.83V/1.71A/峰2.36 补余=0.0 IO错=0 倾+0.0 自动2/3
[  240.448] TLM t= 145.4 L1·A@-75 L2·A@-71 L3·A@-76 R1·A@-75 R2·A@-72 R3·A@-69 罐=无罐 泵=0 阀=111111 速=+0,+0,+0.00 电=7.85V/1.63A/峰2.36 补余=0.0 IO错=0 倾+0.0 自动2/3
[  240.954] TLM t= 145.9 L1·A@-75 L2·A@-71 L3·A@-75 R1·A@-75 R2·A@-72 R3·A@-69 罐=无罐 泵=0 阀=111111 速=+0,+0,+0.00 电=7.82V/1.71A/峰2.36 补余=0.0 IO错=0 倾+0.0 自动2/3
[  241.476] TLM t= 146.4 L1·A@-75 L2·A@-70 L3·A@-75 R1·A@-75 R2·A@-71 R3·A@-68 罐=无罐 泵=0 阀=111111 速=+0,+0,+0.00 电=7.83V/1.63A/峰2.36 补余=0.0 IO错=0 倾+0.0 自动2/3
[  241.979] TLM t= 146.9 L1·A@-75 L2·A@-70 L3·A@-75 R1·A@-75 R2·A@-71 R3·A@-67 罐=无罐 泵=0 阀=111111 速=+0,+0,+0.00 电=7.84V/1.71A/峰2.36 补余=0.0 IO错=0 倾+0.0 自动2/3
[  242.499] TLM t= 147.4 L1·A@-75 L2·A@-69 L3·A@-75 R1·A@-75 R2·A@-71 R3·A@-67 罐=无罐 泵=0 阀=111111 速=+0,+0,+0.00 电=7.83V/1.63A/峰2.36 补余=0.0 IO错=0 倾+0.0 自动2/3
[  243.002] TLM t= 147.9 L1·A@-75 L2·A@-69 L3·A@-75 R1·A@-75 R2·A@-70 R3·A@-66 罐=无罐 泵=0 阀=111111 速=+0,+0,+0.00 电=7.83V/1.63A/峰2.36 补余=0.0 IO错=0 倾+0.0 自动2/3
[  243.521] TLM t= 148.5 L1·A@-75 L2·A@-68 L3·A@-75 R1·A@-75 R2·A@-70 R3·A@-65 罐=无罐 泵=0 阀=111111 速=+0,+0,+0.00 电=7.83V/1.55A/峰2.36 补余=0.0 IO错=0 倾+0.0 自动2/3
[  244.027] TLM t= 149.0 L1·A@-75 L2·A@-68 L3·A@-75 R1·A@-75 R2·A@-70 R3·A@-64 罐=无罐 泵=0 阀=111111 速=+0,+0,+0.00 电=7.82V/1.63A/峰2.36 补余=0.0 IO错=0 倾+0.0 自动2/3
[  244.546] TLM t= 149.5 L1·A@-74 L2·A@-67 L3·A@-75 R1·A@-75 R2·A@-69 R3·A@-64 罐=无罐 泵=0 阀=111111 速=+0,+0,+0.00 电=7.83V/1.63A/峰2.36 补余=0.0 IO错=0 倾+0.0 自动2/3
[  245.051] TLM t= 150.0 L1·A@-74 L2·A@-67 L3·A@-75 R1·A@-75 R2·A@-69 R3·A@-63 罐=无罐 泵=0 阀=111111 速=+0,+0,+0.00 电=7.82V/1.71A/峰2.36 补余=0.0 IO错=0 倾+0.0 自动2/3
[  245.567] TLM t= 150.5 L1·A@-74 L2·A@-66 L3·A@-75 R1·A@-75 R2·A@-68 R3·A@-62 罐=无罐 泵=0 阀=111111 速=+0,+0,+0.00 电=7.84V/1.71A/峰2.36 补余=0.0 IO错=0 倾+0.0 自动2/3
[  246.072] TLM t= 151.0 L1·A@-74 L2·A@-66 L3·A@-75 R1·A@-75 R2·A@-68 R3·A@-62 罐=无罐 泵=0 阀=111111 速=+0,+0,+0.00 电=7.82V/1.63A/峰2.36 补余=0.0 IO错=0 倾+0.0 自动2/3
[  246.591] TLM t= 151.5 L1·A@-74 L2·A@-65 L3·A@-75 R1·A@-75 R2·A@-68 R3·A@-61 罐=无罐 泵=0 阀=111111 速=+0,+0,+0.00 电=7.82V/1.71A/峰2.36 补余=0.0 IO错=0 倾+0.0 自动2/3
[  247.094] TLM t= 152.0 L1·A@-74 L2·A@-65 L3·A@-75 R1·A@-75 R2·A@-67 R3·A@-60 罐=无罐 泵=0 阀=111111 速=+0,+0,+0.00 电=7.82V/1.63A/峰2.36 补余=0.0 IO错=0 倾+0.0 自动2/3
[  247.222] EVT 泵 开 最差盘压-59.9
[  247.613] TLM t= 152.5 L1·A@-74 L2·A@-68 L3·A@-75 R1·A@-75 R2·A@-67 R3·A@-67 罐=无罐 泵=1 阀=111111 速=+0,+0,+0.00 电=7.76V/1.71A/峰2.36 补余=0.0 IO错=0 倾+0.0 自动2/3
[  248.109] EVT 泵 停 最差盘压-75.4
[  248.117] TLM t= 153.0 L1·A@-76 L2·A@-76 L3·A@-76 R1·A@-75 R2·A@-76 R3·A@-76 罐=无罐 泵=0 阀=111111 速=+0,+0,+0.00 电=7.83V/1.71A/峰2.36 补余=0.0 IO错=0 倾+0.0 自动2/3
[  248.637] TLM t= 153.6 L1·A@-76 L2·A@-76 L3·A@-76 R1·A@-76 R2·A@-76 R3·A@-76 罐=无罐 泵=0 阀=111111 速=+0,+0,+0.00 电=7.83V/1.63A/峰2.36 补余=0.0 IO错=0 倾+0.0 自动2/3
[  249.139] TLM t= 154.1 L1·A@-76 L2·A@-76 L3·A@-76 R1·A@-76 R2·A@-76 R3·A@-75 罐=无罐 泵=0 阀=111111 速=+0,+0,+0.00 电=7.83V/1.63A/峰2.36 补余=0.0 IO错=0 倾+0.0 自动2/3
[  249.659] TLM t= 154.6 L1·A@-76 L2·A@-75 L3·A@-76 R1·A@-76 R2·A@-75 R3·A@-74 罐=无罐 泵=0 阀=111111 速=+0,+0,+0.00 电=7.84V/1.63A/峰2.36 补余=0.0 IO错=0 倾+0.0 自动2/3
[  250.165] TLM t= 155.1 L1·A@-76 L2·A@-75 L3·A@-76 R1·A@-76 R2·A@-75 R3·A@-74 罐=无罐 泵=0 阀=111111 速=+0,+0,+0.00 电=7.83V/1.55A/峰2.36 补余=0.0 IO错=0 倾+0.0 自动2/3
[  250.433] EVT 自动轮换：第 2 轮开始
[  250.456] EVT 原地抬起受理：R3
[  250.470] EVT 吸附 R3 attached→venting 在态90.50s -73.2kPa
[  250.471] EVT 相位 R3 stance→vent 落点Δ(+0.0,+0.0)
[  250.494] EVT 阀 R3 →排气位
[  250.683] TLM t= 158.6 L1·A@-76 L2·A@-74 L3·A@-76 R1·A@-76 R2·A@-74 R3Vv@-73 罐=无罐 泵=0 阀=111110 速=+0,+0,+0.00 电=7.82V/1.47A/峰2.36 补余=0.0 IO错=0 倾+0.0 自动2/3
[  250.771] EVT 相位 R3 vent→lift
[  250.893] EVT 吸附 R3 venting→released 在态0.42s 0.2kPa
[  251.188] TLM t= 159.0 L1·A@-76 L2·A@-74 L3·A@-76 R1·A@-76 R2·A@-74 R3Lr@-- 罐=无罐 泵=0 阀=111110 速=+0,+0,+0.00 电=7.83V/1.47A/峰2.36 补余=0.0 IO错=0 倾+0.0 自动2/3
[  251.613] EVT 相位 R3 lift→transfer
[  251.705] TLM t= 159.0 L1·A@-75 L2·A@-73 L3·A@-76 R1·A@-76 R2·A@-74 R3Tr@-- 罐=无罐 泵=0 阀=111110 速=+0,+0,+0.00 电=7.81V/1.79A/峰2.36 补余=0.0 IO错=0 倾+0.0 自动2/3
[  252.213] TLM t= 159.0 L1·A@-75 L2·A@-73 L3·A@-76 R1·A@-76 R2·A@-73 R3Tr@-- 罐=无罐 泵=0 阀=111110 速=+0,+0,+0.00 电=7.82V/1.38A/峰2.36 补余=0.0 IO错=0 倾+0.0 自动2/3
[  252.240] EVT 相位 R3 transfer→hover
[  252.732] TLM t= 159.0 L1·A@-75 L2·A@-72 L3·A@-76 R1·A@-76 R2·A@-73 R3Hr@-- 罐=无罐 泵=0 阀=111110 速=+0,+0,+0.00 电=7.84V/1.30A/峰2.36 补余=0.0 IO错=0 倾+0.0 自动2/3
[  253.235] TLM t= 159.0 L1·A@-75 L2·A@-72 L3·A@-76 R1·A@-76 R2·A@-72 R3Hr@-- 罐=无罐 泵=0 阀=111110 速=+0,+0,+0.00 电=7.84V/1.38A/峰2.36 补余=0.0 IO错=0 倾+0.0 自动2/3
[  253.264] EVT 落地：R3
[  253.286] EVT 相位 R3 hover→descend
[  253.755] TLM t= 159.0 L1·A@-75 L2·A@-71 L3·A@-76 R1·A@-75 R2·A@-72 R3Dr@-- 罐=无罐 泵=0 阀=111110 速=+0,+0,+0.00 电=7.83V/1.47A/峰2.36 补余=0.0 IO错=0 倾+0.0 自动2/3
[  253.768] EVT 相位 R3 descend→press
[  254.260] TLM t= 159.0 L1·A@-74 L2·A@-71 L3·A@-76 R1·A@-75 R2·A@-72 R3Pr@-- 罐=无罐 泵=0 阀=111110 速=+0,+0,+0.00 电=7.84V/1.30A/峰2.36 补余=0.0 IO错=0 倾+0.0 自动2/3
[  254.777] TLM t= 159.0 L1·A@-74 L2·A@-70 L3·A@-76 R1·A@-75 R2·A@-71 R3Pr@-- 罐=无罐 泵=0 阀=111110 速=+0,+0,+0.00 电=7.83V/1.47A/峰2.36 补余=0.0 IO错=0 倾+0.0 自动2/3
[  254.971] EVT 吸附 R3 released→pressing 在态4.06s 0.2kPa
[  254.972] EVT 相位 R3 press→wait
[  255.272] EVT 吸附 R3 pressing→sucking 在态0.30s 0.2kPa
[  255.272] EVT 阀 R3 →抽气位
[  255.280] TLM t= 159.0 L1·A@-74 L2·A@-70 L3·A@-76 R1·A@-75 R2·A@-71 R3Ws@0 罐=无罐 泵=0 阀=111111 速=+0,+0,+0.00 电=7.85V/1.38A/峰2.36 补余=0.0 IO错=0 倾+0.0 自动2/3
[  255.287] EVT 泵 开 最差盘压-69.8
[  255.610] EVT 吸附 R3 sucking→attached 在态0.34s -62.8kPa
[  255.611] EVT 相位 R3 wait→stance
[  255.611] EVT 抬落完成，轮到 L1
[  255.801] TLM t= 159.2 L1·A@-74 L2·A@-69 L3·A@-75 R1·A@-75 R2·A@-70 R3·A@-70 罐=无罐 泵=1 阀=111111 速=+0,+0,+0.00 电=7.80V/1.30A/峰2.36 补余=0.0 IO错=0 倾+0.0 自动2/3
[  256.115] EVT 泵 停 最差盘压-75.1
[  256.302] TLM t= 159.7 L1·A@-76 L2·A@-76 L3·A@-76 R1·A@-75 R2·A@-76 R3·A@-76 罐=无罐 泵=0 阀=111111 速=+0,+0,+0.00 电=7.85V/1.38A/峰2.36 补余=0.0 IO错=0 倾+0.0 自动2/3
[  256.822] TLM t= 160.2 L1·A@-76 L2·A@-76 L3·A@-76 R1·A@-75 R2·A@-75 R3·A@-75 罐=无罐 泵=0 阀=111111 速=+0,+0,+0.00 电=7.84V/1.30A/峰2.36 补余=0.0 IO错=0 倾+0.0 自动2/3
[  257.327] TLM t= 160.7 L1·A@-76 L2·A@-75 L3·A@-76 R1·A@-75 R2·A@-75 R3·A@-75 罐=无罐 泵=0 阀=111111 速=+0,+0,+0.00 电=7.84V/1.38A/峰2.36 补余=0.0 IO错=0 倾+0.0 自动2/3
[  257.847] TLM t= 161.2 L1·A@-75 L2·A@-75 L3·A@-76 R1·A@-75 R2·A@-75 R3·A@-74 罐=无罐 泵=0 阀=111111 速=+0,+0,+0.00 电=7.84V/1.30A/峰2.36 补余=0.0 IO错=0 倾+0.0 自动2/3
[  258.350] TLM t= 161.7 L1·A@-75 L2·A@-74 L3·A@-76 R1·A@-75 R2·A@-74 R3·A@-73 罐=无罐 泵=0 阀=111111 速=+0,+0,+0.00 电=7.85V/1.30A/峰2.36 补余=0.0 IO错=0 倾+0.0 自动2/3
[  258.870] TLM t= 162.2 L1·A@-75 L2·A@-74 L3·A@-76 R1·A@-75 R2·A@-74 R3·A@-72 罐=无罐 泵=0 阀=111111 速=+0,+0,+0.00 电=7.83V/1.38A/峰2.36 补余=0.0 IO错=0 倾+0.0 自动2/3
[  259.372] TLM t= 162.7 L1·A@-75 L2·A@-73 L3·A@-76 R1·A@-75 R2·A@-73 R3·A@-72 罐=无罐 泵=0 阀=111111 速=+0,+0,+0.00 电=7.84V/1.30A/峰2.36 补余=0.0 IO错=0 倾+0.0 自动2/3
[  259.893] TLM t= 163.3 L1·A@-74 L2·A@-73 L3·A@-76 R1·A@-75 R2·A@-73 R3·A@-71 罐=无罐 泵=0 阀=111111 速=+0,+0,+0.00 电=7.84V/1.30A/峰2.36 补余=0.0 IO错=0 倾+0.0 自动2/3
[  260.398] TLM t= 163.8 L1·A@-74 L2·A@-72 L3·A@-76 R1·A@-75 R2·A@-73 R3·A@-71 罐=无罐 泵=0 阀=111111 速=+0,+0,+0.00 电=7.83V/1.38A/峰2.36 补余=0.0 IO错=0 倾+0.0 自动2/3
[  260.916] TLM t= 164.3 L1·A@-74 L2·A@-72 L3·A@-75 R1·A@-75 R2·A@-72 R3·A@-70 罐=无罐 泵=0 阀=111111 速=+0,+0,+0.00 电=7.85V/1.38A/峰2.36 补余=0.0 IO错=0 倾+0.0 自动2/3
[  261.421] TLM t= 164.8 L1·A@-74 L2·A@-71 L3·A@-75 R1·A@-75 R2·A@-72 R3·A@-69 罐=无罐 泵=0 阀=111111 速=+0,+0,+0.00 电=7.85V/1.30A/峰2.36 补余=0.0 IO错=0 倾+0.0 自动2/3
[  261.938] TLM t= 165.3 L1·A@-74 L2·A@-71 L3·A@-75 R1·A@-75 R2·A@-71 R3·A@-69 罐=无罐 泵=0 阀=111111 速=+0,+0,+0.00 电=7.85V/1.30A/峰2.36 补余=0.0 IO错=0 倾+0.0 自动2/3
[  262.443] TLM t= 165.8 L1·A@-73 L2·A@-70 L3·A@-75 R1·A@-75 R2·A@-71 R3·A@-68 罐=无罐 泵=0 阀=111111 速=+0,+0,+0.00 电=7.85V/1.38A/峰2.36 补余=0.0 IO错=0 倾+0.0 自动2/3
[  262.962] TLM t= 166.3 L1·A@-73 L2·A@-70 L3·A@-75 R1·A@-75 R2·A@-71 R3·A@-67 罐=无罐 泵=0 阀=111111 速=+0,+0,+0.00 电=7.83V/1.30A/峰2.36 补余=0.0 IO错=0 倾+0.0 自动2/3
[  263.466] TLM t= 166.8 L1·A@-73 L2·A@-69 L3·A@-75 R1·A@-75 R2·A@-70 R3·A@-67 罐=无罐 泵=0 阀=111111 速=+0,+0,+0.00 电=7.84V/1.22A/峰2.36 补余=0.0 IO错=0 倾+0.0 自动2/3
[  263.986] TLM t= 167.3 L1·A@-73 L2·A@-69 L3·A@-75 R1·A@-75 R2·A@-70 R3·A@-66 罐=无罐 泵=0 阀=111111 速=+0,+0,+0.00 电=7.84V/1.30A/峰2.36 补余=0.0 IO错=0 倾+0.0 自动2/3
[  264.494] TLM t= 167.8 L1·A@-72 L2·A@-68 L3·A@-75 R1·A@-75 R2·A@-70 R3·A@-66 罐=无罐 泵=0 阀=111111 速=+0,+0,+0.00 电=7.84V/1.38A/峰2.36 补余=0.0 IO错=0 倾+0.0 自动2/3
[  265.011] TLM t= 168.4 L1·A@-72 L2·A@-68 L3·A@-75 R1·A@-75 R2·A@-69 R3·A@-65 罐=无罐 泵=0 阀=111111 速=+0,+0,+0.00 电=7.84V/1.30A/峰2.36 补余=0.0 IO错=0 倾+0.0 自动2/3
[  265.515] TLM t= 168.9 L1·A@-72 L2·A@-67 L3·A@-75 R1·A@-75 R2·A@-69 R3·A@-64 罐=无罐 泵=0 阀=111111 速=+0,+0,+0.00 电=7.84V/1.30A/峰2.36 补余=0.0 IO错=0 倾+0.0 自动2/3
[  265.642] EVT 原地抬起受理：L1
[  265.664] EVT 吸附 L1 attached→venting 在态90.44s -71.9kPa
[  265.664] EVT 相位 L1 stance→vent 落点Δ(+0.0,+0.0)
[  265.686] EVT 阀 L1 →排气位
[  265.962] EVT 相位 L1 vent→lift
[  266.036] TLM t= 170.2 L1Lv@-72 L2·A@-67 L3·A@-75 R1·A@-74 R2·A@-68 R3·A@-63 罐=无罐 泵=0 阀=011111 速=+0,+0,+0.00 电=7.78V/2.20A/峰2.36 补余=0.0 IO错=0 倾+0.0 自动2/3
[  266.065] EVT 吸附 L1 venting→released 在态0.40s 0.1kPa
[  266.539] TLM t= 170.4 L1Lr@-- L2·A@-67 L3·A@-75 R1·A@-74 R2·A@-68 R3·A@-63 罐=无罐 泵=0 阀=011111 速=+0,+0,+0.00 电=7.79V/1.87A/峰2.36 补余=0.0 IO错=0 倾+0.0 自动2/3
[  266.806] EVT 相位 L1 lift→transfer
[  267.054] TLM t= 170.4 L1Tr@-- L2·A@-66 L3·A@-75 R1·A@-74 R2·A@-68 R3·A@-62 罐=无罐 泵=0 阀=011111 速=+0,+0,+0.00 电=7.80V/1.95A/峰2.36 补余=0.0 IO错=0 倾+0.0 自动2/3
[  267.433] EVT 相位 L1 transfer→hover
[  267.562] TLM t= 170.4 L1Hr@-- L2·A@-66 L3·A@-74 R1·A@-74 R2·A@-67 R3·A@-62 罐=无罐 泵=0 阀=011111 速=+0,+0,+0.00 电=7.80V/1.79A/峰2.36 补余=0.0 IO错=0 倾+0.0 自动2/3
[  268.078] TLM t= 170.4 L1Hr@-- L2·A@-65 L3·A@-74 R1·A@-74 R2·A@-67 R3·A@-61 罐=无罐 泵=0 阀=011111 速=+0,+0,+0.00 电=7.81V/1.79A/峰2.36 补余=0.0 IO错=0 倾+0.0 自动2/3
[  268.456] EVT 落地：L1
[  268.471] EVT 相位 L1 hover→descend
[  268.584] TLM t= 170.4 L1Dr@-- L2·A@-65 L3·A@-74 R1·A@-74 R2·A@-67 R3·A@-60 罐=无罐 泵=0 阀=011111 速=+0,+0,+0.00 电=7.80V/1.95A/峰2.36 补余=0.0 IO错=0 倾+0.0 自动2/3
[  268.832] EVT 泵 开 最差盘压-60.0
[  268.952] EVT 相位 L1 descend→press
[  269.103] TLM t= 170.4 L1Pr@-- L2·A@-64 L3·A@-74 R1·A@-74 R2·A@-66 R3·A@-62 罐=无罐 泵=1 阀=011111 速=+0,+0,+0.00 电=7.73V/1.87A/峰2.36 补余=0.0 IO错=0 倾+0.0 自动2/3
[  269.608] TLM t= 170.4 L1Pr@-- L2·A@-75 L3·A@-74 R1·A@-74 R2·A@-75 R3·A@-74 罐=无罐 泵=1 阀=011111 速=+0,+0,+0.00 电=7.74V/1.95A/峰2.36 补余=0.0 IO错=0 倾+0.0 自动2/3
[  269.719] EVT 泵 停 最差盘压-75.3
[  270.125] TLM t= 170.4 L1Pr@-- L2·A@-76 L3·A@-76 R1·A@-76 R2·A@-76 R3·A@-76 罐=无罐 泵=0 阀=011111 速=+0,+0,+0.00 电=7.81V/1.95A/峰2.36 补余=0.0 IO错=0 倾+0.0 自动2/3
[  270.155] EVT 吸附 L1 released→pressing 在态4.08s 0.1kPa
[  270.155] EVT 相位 L1 press→wait
[  270.455] EVT 吸附 L1 pressing→sucking 在态0.30s 0.1kPa
[  270.456] EVT 阀 L1 →抽气位
[  270.479] EVT 泵 开 最差盘压-75.4
[  270.633] TLM t= 170.4 L1Ws@-18 L2·A@-76 L3·A@-76 R1·A@-76 R2·A@-75 R3·A@-75 罐=无罐 泵=1 阀=111111 速=+0,+0,+0.00 电=7.80V/1.71A/峰2.36 补余=0.0 IO错=0 倾+0.0 自动2/3
[  270.854] EVT 吸附 L1 sucking→attached 在态0.40s -65.3kPa
[  270.862] EVT 相位 L1 wait→stance
[  270.862] EVT 抬落完成，轮到 R2
[  271.149] TLM t= 170.7 L1·A@-75 L2·A@-75 L3·A@-76 R1·A@-76 R2·A@-75 R3·A@-75 罐=无罐 泵=1 阀=111111 速=+0,+0,+0.00 电=7.73V/1.71A/峰2.36 补余=0.0 IO错=0 倾+0.0 自动2/3
[  271.201] EVT 泵 停 最差盘压-75.5
[  271.651] TLM t= 171.2 L1·A@-76 L2·A@-76 L3·A@-76 R1·A@-76 R2·A@-76 R3·A@-76 罐=无罐 泵=0 阀=111111 速=+0,+0,+0.00 电=7.82V/1.87A/峰2.36 补余=0.0 IO错=0 倾+0.0 自动2/3
[  272.171] TLM t= 171.7 L1·A@-76 L2·A@-76 L3·A@-76 R1·A@-76 R2·A@-76 R3·A@-75 罐=无罐 泵=0 阀=111111 速=+0,+0,+0.00 电=7.81V/1.79A/峰2.36 补余=0.0 IO错=0 倾+0.0 自动2/3
[  272.677] TLM t= 172.2 L1·A@-76 L2·A@-75 L3·A@-76 R1·A@-76 R2·A@-75 R3·A@-75 罐=无罐 泵=0 阀=111111 速=+0,+0,+0.00 电=7.82V/1.87A/峰2.36 补余=0.0 IO错=0 倾+0.0 自动2/3
[  273.193] TLM t= 172.7 L1·A@-75 L2·A@-75 L3·A@-76 R1·A@-75 R2·A@-75 R3·A@-74 罐=无罐 泵=0 阀=111111 速=+0,+0,+0.00 电=7.82V/1.95A/峰2.36 补余=0.0 IO错=0 倾+0.0 自动2/3
[  273.700] TLM t= 173.2 L1·A@-75 L2·A@-74 L3·A@-76 R1·A@-75 R2·A@-74 R3·A@-73 罐=无罐 泵=0 阀=111111 速=+0,+0,+0.00 电=7.80V/1.87A/峰2.36 补余=0.0 IO错=0 倾+0.0 自动2/3
[  274.217] TLM t= 173.7 L1·A@-75 L2·A@-74 L3·A@-76 R1·A@-75 R2·A@-74 R3·A@-73 罐=无罐 泵=0 阀=111111 速=+0,+0,+0.00 电=7.81V/1.79A/峰2.36 补余=0.0 IO错=0 倾+0.0 自动2/3
[  274.723] TLM t= 174.2 L1·A@-75 L2·A@-73 L3·A@-76 R1·A@-75 R2·A@-74 R3·A@-72 罐=无罐 泵=0 阀=111111 速=+0,+0,+0.00 电=7.82V/1.87A/峰2.36 补余=0.0 IO错=0 倾+0.0 自动2/3
[  275.241] TLM t= 174.8 L1·A@-75 L2·A@-73 L3·A@-76 R1·A@-75 R2·A@-73 R3·A@-72 罐=无罐 泵=0 阀=111111 速=+0,+0,+0.00 电=7.82V/1.87A/峰2.36 补余=0.0 IO错=0 倾+0.0 自动2/3
[  275.744] TLM t= 175.3 L1·A@-75 L2·A@-72 L3·A@-76 R1·A@-75 R2·A@-73 R3·A@-71 罐=无罐 泵=0 阀=111111 速=+0,+0,+0.00 电=7.81V/1.79A/峰2.36 补余=0.0 IO错=0 倾+0.0 自动2/3
[  276.266] TLM t= 175.8 L1·A@-75 L2·A@-72 L3·A@-76 R1·A@-75 R2·A@-72 R3·A@-70 罐=无罐 泵=0 阀=111111 速=+0,+0,+0.00 电=7.81V/1.87A/峰2.36 补余=0.0 IO错=0 倾+0.0 自动2/3
[  276.770] TLM t= 176.3 L1·A@-75 L2·A@-71 L3·A@-76 R1·A@-75 R2·A@-72 R3·A@-70 罐=无罐 泵=0 阀=111111 速=+0,+0,+0.00 电=7.81V/1.79A/峰2.36 补余=0.0 IO错=0 倾+0.0 自动2/3
[  277.288] TLM t= 176.8 L1·A@-74 L2·A@-71 L3·A@-76 R1·A@-75 R2·A@-72 R3·A@-69 罐=无罐 泵=0 阀=111111 速=+0,+0,+0.00 电=7.81V/1.87A/峰2.36 补余=0.0 IO错=0 倾+0.0 自动2/3
[  277.791] TLM t= 177.3 L1·A@-74 L2·A@-70 L3·A@-76 R1·A@-75 R2·A@-71 R3·A@-68 罐=无罐 泵=0 阀=111111 速=+0,+0,+0.00 电=7.82V/1.87A/峰2.36 补余=0.0 IO错=0 倾+0.0 自动2/3
[  278.311] TLM t= 177.8 L1·A@-74 L2·A@-70 L3·A@-76 R1·A@-75 R2·A@-71 R3·A@-68 罐=无罐 泵=0 阀=111111 速=+0,+0,+0.00 电=7.80V/1.79A/峰2.36 补余=0.0 IO错=0 倾+0.0 自动2/3
[  278.820] TLM t= 178.3 L1·A@-74 L2·A@-70 L3·A@-75 R1·A@-75 R2·A@-70 R3·A@-67 罐=无罐 泵=0 阀=111111 速=+0,+0,+0.00 电=7.80V/1.95A/峰2.36 补余=0.0 IO错=0 倾+0.0 自动2/3
[  279.338] TLM t= 178.8 L1·A@-74 L2·A@-69 L3·A@-75 R1·A@-75 R2·A@-70 R3·A@-66 罐=无罐 泵=0 阀=111111 速=+0,+0,+0.00 电=7.81V/1.87A/峰2.36 补余=0.0 IO错=0 倾+0.0 自动2/3
[  279.842] TLM t= 179.3 L1·A@-74 L2·A@-69 L3·A@-75 R1·A@-75 R2·A@-70 R3·A@-66 罐=无罐 泵=0 阀=111111 速=+0,+0,+0.00 电=7.81V/1.87A/峰2.36 补余=0.0 IO错=0 倾+0.0 自动2/3
[  280.363] TLM t= 179.9 L1·A@-74 L2·A@-68 L3·A@-75 R1·A@-75 R2·A@-69 R3·A@-65 罐=无罐 泵=0 阀=111111 速=+0,+0,+0.00 电=7.80V/1.95A/峰2.36 补余=0.0 IO错=0 倾+0.0 自动2/3
[  280.868] TLM t= 180.4 L1·A@-74 L2·A@-68 L3·A@-75 R1·A@-75 R2·A@-69 R3·A@-65 罐=无罐 泵=0 阀=111111 速=+0,+0,+0.00 电=7.80V/1.87A/峰2.36 补余=0.0 IO错=0 倾+0.0 自动2/3
[  280.895] EVT 原地抬起受理：R2
[  280.918] EVT 吸附 R2 attached→venting 在态90.60s -68.9kPa
[  280.918] EVT 相位 R2 stance→vent 落点Δ(+0.0,+0.0)
[  280.933] EVT 阀 R2 →排气位
[  281.216] EVT 相位 R2 vent→lift
[  281.319] EVT 吸附 R2 venting→released 在态0.40s 0.0kPa
[  281.384] TLM t= 181.7 L1·A@-74 L2·A@-67 L3·A@-75 R1·A@-75 R2Lr@-- R3·A@-64 罐=无罐 泵=0 阀=111101 速=+0,+0,+0.00 电=7.80V/1.79A/峰2.36 补余=0.0 IO错=0 倾+0.0 自动2/3
[  281.889] TLM t= 181.8 L1·A@-73 L2·A@-67 L3·A@-75 R1·A@-75 R2Lr@-- R3·A@-64 罐=无罐 泵=0 阀=111101 速=+0,+0,+0.00 电=7.76V/1.79A/峰2.36 补余=0.0 IO错=0 倾+0.0 自动2/3
[  282.058] EVT 相位 R2 lift→transfer
[  282.411] TLM t= 181.8 L1·A@-73 L2·A@-66 L3·A@-75 R1·A@-75 R2Tr@-- R3·A@-63 罐=无罐 泵=0 阀=111101 速=+0,+0,+0.00 电=7.79V/1.87A/峰2.36 补余=0.0 IO错=0 倾+0.0 自动2/3
[  282.680] EVT 相位 R2 transfer→hover
[  282.912] TLM t= 181.8 L1·A@-73 L2·A@-66 L3·A@-75 R1·A@-75 R2Hr@-- R3·A@-62 罐=无罐 泵=0 阀=111101 速=+0,+0,+0.00 电=7.78V/1.79A/峰2.36 补余=0.0 IO错=0 倾+0.0 自动2/3
[  283.432] TLM t= 181.8 L1·A@-73 L2·A@-66 L3·A@-75 R1·A@-75 R2Hr@-- R3·A@-62 罐=无罐 泵=0 阀=111101 速=+0,+0,+0.00 电=7.80V/1.79A/峰2.36 补余=0.0 IO错=0 倾+0.0 自动2/3
[  283.685] EVT 落地：R2
[  283.703] EVT 相位 R2 hover→descend
[  283.937] TLM t= 181.8 L1·A@-73 L2·A@-65 L3·A@-75 R1·A@-75 R2Dr@-- R3·A@-61 罐=无罐 泵=0 阀=111101 速=+0,+0,+0.00 电=7.79V/1.87A/峰2.36 补余=0.0 IO错=0 倾+0.0 自动2/3
[  284.184] EVT 相位 R2 descend→press
[  284.458] TLM t= 181.8 L1·A@-73 L2·A@-65 L3·A@-75 R1·A@-75 R2Pr@-- R3·A@-61 罐=无罐 泵=0 阀=111101 速=+0,+0,+0.00 电=7.77V/1.87A/峰2.36 补余=0.0 IO错=0 倾+0.0 自动2/3
[  284.959] TLM t= 181.8 L1·A@-73 L2·A@-64 L3·A@-75 R1·A@-75 R2Pr@-- R3·A@-60 罐=无罐 泵=0 阀=111101 速=+0,+0,+0.00 电=7.80V/1.79A/峰2.36 补余=0.0 IO错=0 倾+0.0 自动2/3
[  285.028] EVT 泵 开 最差盘压-60.0
[  285.388] EVT 吸附 R2 released→pressing 在态4.06s 0.0kPa
[  285.389] EVT 相位 R2 press→wait
[  285.481] TLM t= 181.8 L1·A@-73 L2·A@-68 L3·A@-75 R1·A@-75 R2Wp@-- R3·A@-68 罐=无罐 泵=1 阀=111101 速=+0,+0,+0.00 电=7.77V/1.79A/峰2.36 补余=0.0 IO错=0 倾+0.0 自动2/3
[  285.689] EVT 吸附 R2 pressing→sucking 在态0.30s 0.0kPa
[  285.690] EVT 阀 R2 →抽气位
[  285.973] EVT 吸附 R2 sucking→attached 在态0.28s -67.0kPa
[  285.973] EVT 相位 R2 wait→stance
[  285.973] EVT 抬落完成，轮到 L3
[  285.984] TLM t= 181.8 L1·A@-74 L2·A@-74 L3·A@-75 R1·A@-74 R2·A@-67 R3·A@-73 罐=无罐 泵=1 阀=111111 速=+0,+0,+0.00 电=7.73V/1.79A/峰2.36 补余=0.0 IO错=0 倾+0.0 自动2/3
[  286.507] TLM t= 182.3 L1·A@-76 L2·A@-76 L3·A@-76 R1·A@-75 R2·A@-76 R3·A@-76 罐=无罐 泵=1 阀=111111 速=+0,+0,+0.00 电=7.72V/1.87A/峰2.36 补余=0.0 IO错=0 倾+0.0 自动2/3
[  286.518] EVT 泵 停 最差盘压-75.6
[  287.008] TLM t= 182.8 L1·A@-76 L2·A@-76 L3·A@-76 R1·A@-76 R2·A@-76 R3·A@-76 罐=无罐 泵=0 阀=111111 速=+0,+0,+0.00 电=7.82V/1.79A/峰2.36 补余=0.0 IO错=0 倾+0.0 自动2/3
[  287.532] TLM t= 183.3 L1·A@-76 L2·A@-76 L3·A@-76 R1·A@-76 R2·A@-75 R3·A@-75 罐=无罐 泵=0 阀=111111 速=+0,+0,+0.00 电=7.81V/1.71A/峰2.36 补余=0.0 IO错=0 倾+0.0 自动2/3
[  288.035] TLM t= 183.8 L1·A@-76 L2·A@-75 L3·A@-76 R1·A@-76 R2·A@-75 R3·A@-75 罐=无罐 泵=0 阀=111111 速=+0,+0,+0.00 电=7.81V/1.71A/峰2.36 补余=0.0 IO错=0 倾+0.0 自动2/3
[  288.556] TLM t= 184.4 L1·A@-76 L2·A@-75 L3·A@-76 R1·A@-76 R2·A@-74 R3·A@-74 罐=无罐 泵=0 阀=111111 速=+0,+0,+0.00 电=7.81V/1.79A/峰2.36 补余=0.0 IO错=0 倾+0.0 自动2/3
[  289.058] TLM t= 184.9 L1·A@-76 L2·A@-74 L3·A@-76 R1·A@-76 R2·A@-74 R3·A@-73 罐=无罐 泵=0 阀=111111 速=+0,+0,+0.00 电=7.81V/1.71A/峰2.36 补余=0.0 IO错=0 倾+0.0 自动2/3
[  289.584] TLM t= 185.4 L1·A@-76 L2·A@-74 L3·A@-76 R1·A@-76 R2·A@-73 R3·A@-73 罐=无罐 泵=0 阀=111111 速=+0,+0,+0.00 电=7.81V/1.79A/峰2.36 补余=0.0 IO错=0 倾+0.0 自动2/3
[  290.086] TLM t= 185.9 L1·A@-76 L2·A@-73 L3·A@-76 R1·A@-76 R2·A@-73 R3·A@-72 罐=无罐 泵=0 阀=111111 速=+0,+0,+0.00 电=7.80V/1.79A/峰2.36 补余=0.0 IO错=0 倾+0.0 自动2/3
[  290.611] TLM t= 186.4 L1·A@-76 L2·A@-73 L3·A@-76 R1·A@-76 R2·A@-72 R3·A@-72 罐=无罐 泵=0 阀=111111 速=+0,+0,+0.00 电=7.82V/1.71A/峰2.36 补余=0.0 IO错=0 倾+0.0 自动2/3
[  291.112] TLM t= 186.9 L1·A@-76 L2·A@-72 L3·A@-76 R1·A@-76 R2·A@-72 R3·A@-71 罐=无罐 泵=0 阀=111111 速=+0,+0,+0.00 电=7.82V/1.71A/峰2.36 补余=0.0 IO错=0 倾+0.0 自动2/3
[  291.634] TLM t= 187.4 L1·A@-76 L2·A@-72 L3·A@-76 R1·A@-75 R2·A@-72 R3·A@-70 罐=无罐 泵=0 阀=111111 速=+0,+0,+0.00 电=7.79V/1.87A/峰2.36 补余=0.0 IO错=0 倾+0.0 自动2/3
[  292.151] TLM t= 187.9 L1·A@-75 L2·A@-71 L3·A@-76 R1·A@-75 R2·A@-71 R3·A@-70 罐=无罐 泵=0 阀=111111 速=+0,+0,+0.00 电=7.81V/1.79A/峰2.36 补余=0.0 IO错=0 倾+0.0 自动2/3
[  292.658] TLM t= 188.4 L1·A@-75 L2·A@-71 L3·A@-76 R1·A@-75 R2·A@-71 R3·A@-69 罐=无罐 泵=0 阀=111111 速=+0,+0,+0.00 电=7.82V/1.71A/峰2.36 补余=0.0 IO错=0 倾+0.0 自动2/3
[  293.160] TLM t= 188.9 L1·A@-75 L2·A@-70 L3·A@-76 R1·A@-75 R2·A@-70 R3·A@-68 罐=无罐 泵=0 阀=111111 速=+0,+0,+0.00 电=7.80V/1.71A/峰2.36 补余=0.0 IO错=0 倾+0.0 自动2/3
[  293.683] TLM t= 189.5 L1·A@-75 L2·A@-70 L3·A@-76 R1·A@-75 R2·A@-70 R3·A@-68 罐=无罐 泵=0 阀=111111 速=+0,+0,+0.00 电=7.81V/1.71A/峰2.36 补余=0.0 IO错=0 倾+0.0 自动2/3
[  294.188] TLM t= 190.0 L1·A@-75 L2·A@-70 L3·A@-75 R1·A@-75 R2·A@-70 R3·A@-67 罐=无罐 泵=0 阀=111111 速=+0,+0,+0.00 电=7.80V/2.04A/峰2.36 补余=0.0 IO错=0 倾+0.0 自动2/3
[  294.706] TLM t= 190.5 L1·A@-75 L2·A@-69 L3·A@-75 R1·A@-75 R2·A@-69 R3·A@-67 罐=无罐 泵=0 阀=111111 速=+0,+0,+0.00 电=7.81V/1.79A/峰2.36 补余=0.0 IO错=0 倾+0.0 自动2/3
[  295.207] TLM t= 191.0 L1·A@-75 L2·A@-69 L3·A@-75 R1·A@-75 R2·A@-69 R3·A@-66 罐=无罐 泵=0 阀=111111 速=+0,+0,+0.00 电=7.81V/1.79A/峰2.36 补余=0.0 IO错=0 倾+0.0 自动2/3
[  295.733] TLM t= 191.5 L1·A@-75 L2·A@-68 L3·A@-75 R1·A@-75 R2·A@-68 R3·A@-65 罐=无罐 泵=0 阀=111111 速=+0,+0,+0.00 电=7.81V/1.79A/峰2.36 补余=0.0 IO错=0 倾+0.0 自动2/3
[  296.002] EVT 原地抬起受理：L3
[  296.027] EVT 吸附 L3 attached→venting 在态90.58s -75.2kPa
[  296.027] EVT 相位 L3 stance→vent 落点Δ(+0.0,+0.0)
[  296.045] EVT 阀 L3 →排气位
[  296.234] TLM t= 192.8 L1·A@-75 L2·A@-68 L3Vv@-75 R1·A@-75 R2·A@-68 R3·A@-65 罐=无罐 泵=0 阀=110111 速=+0,+0,+0.00 电=7.79V/1.87A/峰2.36 补余=0.0 IO错=0 倾+0.0 自动2/3
[  296.325] EVT 相位 L3 vent→lift
[  296.425] EVT 吸附 L3 venting→released 在态0.40s 0.1kPa
[  296.755] TLM t= 193.2 L1·A@-75 L2·A@-67 L3Lr@-- R1·A@-74 R2·A@-68 R3·A@-64 罐=无罐 泵=0 阀=110111 速=+0,+0,+0.00 电=7.79V/1.63A/峰2.36 补余=0.0 IO错=0 倾+0.0 自动2/3
[  297.168] EVT 相位 L3 lift→transfer
[  297.261] TLM t= 193.2 L1·A@-74 L2·A@-67 L3Tr@-- R1·A@-74 R2·A@-67 R3·A@-63 罐=无罐 泵=0 阀=110111 速=+0,+0,+0.00 电=7.80V/2.04A/峰2.36 补余=0.0 IO错=0 倾+0.0 自动2/3
[  297.779] TLM t= 193.2 L1·A@-74 L2·A@-66 L3Tr@-- R1·A@-74 R2·A@-67 R3·A@-63 罐=无罐 泵=0 阀=110111 速=+0,+0,+0.00 电=7.80V/2.04A/峰2.36 补余=0.0 IO错=0 倾+0.0 自动2/3
[  297.790] EVT 相位 L3 transfer→hover
[  298.283] TLM t= 193.2 L1·A@-74 L2·A@-66 L3Hr@-- R1·A@-73 R2·A@-67 R3·A@-62 罐=无罐 泵=0 阀=110111 速=+0,+0,+0.00 电=7.81V/1.63A/峰2.36 补余=0.0 IO错=0 倾+0.0 自动2/3
[  298.793] EVT 落地：L3
[  298.803] TLM t= 193.2 L1·A@-74 L2·A@-65 L3Dr@-- R1·A@-73 R2·A@-66 R3·A@-62 罐=无罐 泵=0 阀=110111 速=+0,+0,+0.00 电=7.79V/1.55A/峰2.36 补余=0.0 IO错=0 倾+0.0 自动2/3
[  298.813] EVT 相位 L3 hover→descend
[  299.294] EVT 相位 L3 descend→press
[  299.320] TLM t= 193.2 L1·A@-74 L2·A@-65 L3Pr@-- R1·A@-72 R2·A@-66 R3·A@-61 罐=无罐 泵=0 阀=110111 速=+0,+0,+0.00 电=7.78V/1.63A/峰2.36 补余=0.0 IO错=0 倾+0.0 自动2/3
[  299.824] TLM t= 193.2 L1·A@-74 L2·A@-64 L3Pr@-- R1·A@-72 R2·A@-65 R3·A@-60 罐=无罐 泵=0 阀=110111 速=+0,+0,+0.00 电=7.80V/1.63A/峰2.36 补余=0.0 IO错=0 倾+0.0 自动2/3
[  300.155] EVT 泵 开 最差盘压-60.0
[  300.329] TLM t= 193.2 L1·A@-74 L2·A@-64 L3Pr@-- R1·A@-71 R2·A@-65 R3·A@-60 罐=无罐 泵=1 阀=110111 速=+0,+0,+0.00 电=7.76V/1.63A/峰2.36 补余=0.0 IO错=0 倾+0.0 自动2/3
[  300.498] EVT 吸附 L3 released→pressing 在态4.06s 0.1kPa
[  300.499] EVT 相位 L3 press→wait
[  300.799] EVT 吸附 L3 pressing→sucking 在态0.30s 0.1kPa
[  300.800] EVT 阀 L3 →抽气位
[  300.826] TLM t= 193.2 L1·A@-74 L2·A@-73 L3Ws@-1 R1·A@-72 R2·A@-73 R3·A@-73 罐=无罐 泵=1 阀=111111 速=+0,+0,+0.00 电=7.73V/1.55A/峰2.36 补余=0.0 IO错=0 倾+0.0 自动2/3
[  301.077] EVT 吸附 L3 sucking→attached 在态0.28s -60.4kPa
[  301.080] EVT 相位 L3 wait→stance
[  301.080] EVT 抬落完成，轮到 R1
[  301.331] TLM t= 193.4 L1·A@-74 L2·A@-73 L3·A@-71 R1·A@-72 R2·A@-73 R3·A@-72 罐=无罐 泵=1 阀=111111 速=+0,+0,+0.00 电=7.78V/1.55A/峰2.36 补余=0.0 IO错=0 倾+0.0 自动2/3
[  301.702] EVT 泵 停 最差盘压-75.3
[  301.831] TLM t= 193.9 L1·A@-76 L2·A@-76 L3·A@-76 R1·A@-76 R2·A@-76 R3·A@-76 罐=无罐 泵=0 阀=111111 速=+0,+0,+0.00 电=7.81V/1.55A/峰2.36 补余=0.0 IO错=0 倾+0.0 自动2/3
[  302.334] TLM t= 194.4 L1·A@-76 L2·A@-76 L3·A@-76 R1·A@-76 R2·A@-76 R3·A@-76 罐=无罐 泵=0 阀=111111 速=+0,+0,+0.00 电=7.82V/1.63A/峰2.36 补余=0.0 IO错=0 倾+0.0 自动2/3
[  302.836] TLM t= 194.9 L1·A@-76 L2·A@-75 L3·A@-76 R1·A@-75 R2·A@-75 R3·A@-75 罐=无罐 泵=0 阀=111111 速=+0,+0,+0.00 电=7.81V/1.47A/峰2.36 补余=0.0 IO错=0 倾+0.0 自动2/3
[  303.337] TLM t= 195.4 L1·A@-76 L2·A@-75 L3·A@-76 R1·A@-75 R2·A@-75 R3·A@-74 罐=无罐 泵=0 阀=111111 速=+0,+0,+0.00 电=7.82V/1.55A/峰2.36 补余=0.0 IO错=0 倾+0.0 自动2/3
[  303.838] TLM t= 195.9 L1·A@-76 L2·A@-74 L3·A@-76 R1·A@-75 R2·A@-74 R3·A@-74 罐=无罐 泵=0 阀=111111 速=+0,+0,+0.00 电=7.82V/1.63A/峰2.36 补余=0.0 IO错=0 倾+0.0 自动2/3
[  304.339] TLM t= 196.4 L1·A@-76 L2·A@-74 L3·A@-75 R1·A@-74 R2·A@-74 R3·A@-73 罐=无罐 泵=0 阀=111111 速=+0,+0,+0.00 电=7.82V/1.79A/峰2.36 补余=0.0 IO错=0 倾+0.0 自动2/3
[  304.839] TLM t= 196.9 L1·A@-76 L2·A@-73 L3·A@-75 R1·A@-74 R2·A@-74 R3·A@-72 罐=无罐 泵=0 阀=111111 速=+0,+0,+0.00 电=7.82V/1.63A/峰2.36 补余=0.0 IO错=0 倾+0.0 自动2/3
[  305.341] TLM t= 197.4 L1·A@-76 L2·A@-73 L3·A@-75 R1·A@-74 R2·A@-73 R3·A@-72 罐=无罐 泵=0 阀=111111 速=+0,+0,+0.00 电=7.82V/1.63A/峰2.36 补余=0.0 IO错=0 倾+0.0 自动2/3
[  305.844] TLM t= 197.9 L1·A@-76 L2·A@-73 L3·A@-75 R1·A@-74 R2·A@-73 R3·A@-71 罐=无罐 泵=0 阀=111111 速=+0,+0,+0.00 电=7.79V/1.63A/峰2.36 补余=0.0 IO错=0 倾+0.0 自动2/3
[  306.351] TLM t= 198.4 L1·A@-76 L2·A@-72 L3·A@-75 R1·A@-73 R2·A@-72 R3·A@-71 罐=无罐 泵=0 阀=111111 速=+0,+0,+0.00 电=7.81V/1.55A/峰2.36 补余=0.0 IO错=0 倾+0.0 自动2/3
[  306.852] TLM t= 198.9 L1·A@-75 L2·A@-72 L3·A@-75 R1·A@-73 R2·A@-72 R3·A@-70 罐=无罐 泵=0 阀=111111 速=+0,+0,+0.00 电=7.80V/1.55A/峰2.36 补余=0.0 IO错=0 倾+0.0 自动2/3
[  307.354] TLM t= 199.4 L1·A@-75 L2·A@-71 L3·A@-75 R1·A@-73 R2·A@-72 R3·A@-69 罐=无罐 泵=0 阀=111111 速=+0,+0,+0.00 电=7.81V/1.55A/峰2.36 补余=0.0 IO错=0 倾+0.0 自动2/3
[  307.856] TLM t= 199.9 L1·A@-75 L2·A@-71 L3·A@-75 R1·A@-73 R2·A@-71 R3·A@-69 罐=无罐 泵=0 阀=111111 速=+0,+0,+0.00 电=7.82V/1.55A/峰2.36 补余=0.0 IO错=0 倾+0.0 自动2/3
[  308.356] TLM t= 200.4 L1·A@-75 L2·A@-70 L3·A@-75 R1·A@-72 R2·A@-71 R3·A@-68 罐=无罐 泵=0 阀=111111 速=+0,+0,+0.00 电=7.80V/1.63A/峰2.36 补余=0.0 IO错=0 倾+0.0 自动2/3
[  308.856] TLM t= 200.9 L1·A@-75 L2·A@-70 L3·A@-75 R1·A@-72 R2·A@-70 R3·A@-68 罐=无罐 泵=0 阀=111111 速=+0,+0,+0.00 电=7.81V/1.55A/峰2.36 补余=0.0 IO错=0 倾+0.0 自动2/3
[  309.364] TLM t= 201.4 L1·A@-75 L2·A@-69 L3·A@-75 R1·A@-72 R2·A@-70 R3·A@-67 罐=无罐 泵=0 阀=111111 速=+0,+0,+0.00 电=7.81V/1.55A/峰2.36 补余=0.0 IO错=0 倾+0.0 自动2/3
[  309.863] TLM t= 201.9 L1·A@-75 L2·A@-69 L3·A@-75 R1·A@-72 R2·A@-70 R3·A@-66 罐=无罐 泵=0 阀=111111 速=+0,+0,+0.00 电=7.81V/1.63A/峰2.36 补余=0.0 IO错=0 倾+0.0 自动2/3
[  310.363] TLM t= 202.4 L1·A@-75 L2·A@-68 L3·A@-74 R1·A@-72 R2·A@-69 R3·A@-66 罐=无罐 泵=0 阀=111111 速=+0,+0,+0.00 电=7.81V/1.63A/峰2.36 补余=0.0 IO错=0 倾+0.0 自动2/3
[  310.870] TLM t= 202.9 L1·A@-75 L2·A@-68 L3·A@-74 R1·A@-71 R2·A@-69 R3·A@-65 罐=无罐 泵=0 阀=111111 速=+0,+0,+0.00 电=7.80V/1.63A/峰2.36 补余=0.0 IO错=0 倾+0.0 自动2/3
[  311.101] EVT 原地抬起受理：R1
[  311.120] EVT 吸附 R1 attached→venting 在态90.48s -71.2kPa
[  311.121] EVT 相位 R1 stance→vent 落点Δ(+0.0,+0.0)
[  311.141] EVT 阀 R1 →排气位
[  311.373] TLM t= 204.3 L1·A@-75 L2·A@-68 L3·A@-74 R1Vv@-71 R2·A@-69 R3·A@-65 罐=无罐 泵=0 阀=111011 速=+0,+0,+0.00 电=7.77V/1.87A/峰2.36 补余=0.0 IO错=0 倾+0.0 自动2/3
[  311.422] EVT 相位 R1 vent→lift
[  311.521] EVT 吸附 R1 venting→released 在态0.40s -0.3kPa
[  311.871] TLM t= 204.6 L1·A@-74 L2·A@-67 L3·A@-74 R1Lr@-- R2·A@-68 R3·A@-64 罐=无罐 泵=0 阀=111011 速=+0,+0,+0.00 电=7.77V/1.87A/峰2.36 补余=0.0 IO错=0 倾+0.0 自动2/3
[  312.264] EVT 相位 R1 lift→transfer
[  312.395] TLM t= 204.6 L1·A@-74 L2·A@-67 L3·A@-74 R1Tr@-- R2·A@-68 R3·A@-64 罐=无罐 泵=0 阀=111011 速=+0,+0,+0.00 电=7.77V/2.12A/峰2.36 补余=0.0 IO错=0 倾+0.0 自动2/3
[  312.886] EVT 相位 R1 transfer→hover
[  312.896] TLM t= 204.6 L1·A@-74 L2·A@-66 L3·A@-74 R1Hr@-- R2·A@-67 R3·A@-63 罐=无罐 泵=0 阀=111011 速=+0,+0,+0.00 电=7.78V/1.95A/峰2.36 补余=0.0 IO错=0 倾+0.0 自动2/3
[  313.415] TLM t= 204.6 L1·A@-74 L2·A@-66 L3·A@-74 R1Hr@-- R2·A@-67 R3·A@-62 罐=无罐 泵=0 阀=111011 速=+0,+0,+0.00 电=7.78V/1.79A/峰2.36 补余=0.0 IO错=0 倾+0.0 自动2/3
[  313.909] EVT 落地：R1
[  313.919] TLM t= 204.6 L1·A@-74 L2·A@-65 L3·A@-74 R1Dr@-- R2·A@-67 R3·A@-62 罐=无罐 泵=0 阀=111011 速=+0,+0,+0.00 电=7.80V/1.79A/峰2.36 补余=0.0 IO错=0 倾+0.0 自动2/3
[  313.927] EVT 相位 R1 hover→descend
[  314.408] EVT 相位 R1 descend→press
[  314.438] TLM t= 204.6 L1·A@-74 L2·A@-65 L3·A@-74 R1Pr@-- R2·A@-66 R3·A@-61 罐=无罐 泵=0 阀=111011 速=+0,+0,+0.00 电=7.79V/1.87A/峰2.36 补余=0.0 IO错=0 倾+0.0 自动2/3
[  314.941] TLM t= 204.6 L1·A@-74 L2·A@-64 L3·A@-74 R1Pr@-- R2·A@-66 R3·A@-60 罐=无罐 泵=0 阀=111011 速=+0,+0,+0.00 电=7.79V/1.79A/峰2.36 补余=0.0 IO错=0 倾+0.0 自动2/3
[  315.273] EVT 泵 开 最差盘压-59.9
[  315.464] TLM t= 204.6 L1·A@-74 L2·A@-64 L3·A@-74 R1Pr@-- R2·A@-66 R3·A@-60 罐=无罐 泵=1 阀=111011 速=+0,+0,+0.00 电=7.75V/1.79A/峰2.36 补余=0.0 IO错=0 倾+0.0 自动2/3
[  315.611] EVT 吸附 R1 released→pressing 在态4.08s -0.3kPa
[  315.611] EVT 相位 R1 press→wait
[  315.911] EVT 吸附 R1 pressing→sucking 在态0.30s -0.3kPa
[  315.912] EVT 阀 R1 →抽气位
[  315.961] TLM t= 204.6 L1·A@-74 L2·A@-73 L3·A@-74 R1Ws@-2 R2·A@-73 R3·A@-73 罐=无罐 泵=1 阀=111111 速=+0,+0,+0.00 电=7.70V/1.87A/峰2.36 补余=0.0 IO错=0 倾+0.0 自动2/3
[  316.272] EVT 吸附 R1 sucking→attached 在态0.36s -68.3kPa
[  316.273] EVT 相位 R1 wait→stance
[  316.273] EVT 抬落完成，轮到 L2
[  316.489] TLM t= 204.8 L1·A@-74 L2·A@-74 L3·A@-74 R1·A@-74 R2·A@-74 R3·A@-74 罐=无罐 泵=1 阀=111111 速=+0,+0,+0.00 电=7.73V/1.79A/峰2.36 补余=0.0 IO错=0 倾+0.0 自动2/3
[  316.659] EVT 泵 停 最差盘压-75.2
[  317.006] TLM t= 205.3 L1·A@-76 L2·A@-76 L3·A@-76 R1·A@-76 R2·A@-76 R3·A@-76 罐=无罐 泵=0 阀=111111 速=+0,+0,+0.00 电=7.80V/1.79A/峰2.36 补余=0.0 IO错=0 倾+0.0 自动2/3
[  317.508] TLM t= 205.8 L1·A@-76 L2·A@-76 L3·A@-76 R1·A@-75 R2·A@-76 R3·A@-75 罐=无罐 泵=0 阀=111111 速=+0,+0,+0.00 电=7.79V/1.71A/峰2.36 补余=0.0 IO错=0 倾+0.0 自动2/3
[  318.031] TLM t= 206.3 L1·A@-76 L2·A@-75 L3·A@-76 R1·A@-75 R2·A@-75 R3·A@-75 罐=无罐 泵=0 阀=111111 速=+0,+0,+0.00 电=7.81V/1.71A/峰2.36 补余=0.0 IO错=0 倾+0.0 自动2/3
[  318.532] TLM t= 206.8 L1·A@-76 L2·A@-75 L3·A@-76 R1·A@-75 R2·A@-75 R3·A@-74 罐=无罐 泵=0 阀=111111 速=+0,+0,+0.00 电=7.80V/1.71A/峰2.36 补余=0.0 IO错=0 倾+0.0 自动2/3
[  319.050] TLM t= 207.4 L1·A@-76 L2·A@-74 L3·A@-76 R1·A@-75 R2·A@-74 R3·A@-73 罐=无罐 泵=0 阀=111111 速=+0,+0,+0.00 电=7.80V/1.71A/峰2.36 补余=0.0 IO错=0 倾+0.0 自动2/3
[  319.558] TLM t= 207.9 L1·A@-76 L2·A@-74 L3·A@-76 R1·A@-75 R2·A@-74 R3·A@-73 罐=无罐 泵=0 阀=111111 速=+0,+0,+0.00 电=7.80V/1.71A/峰2.36 补余=0.0 IO错=0 倾+0.0 自动2/3
[  320.074] TLM t= 208.4 L1·A@-76 L2·A@-73 L3·A@-76 R1·A@-75 R2·A@-73 R3·A@-72 罐=无罐 泵=0 阀=111111 速=+0,+0,+0.00 电=7.80V/1.79A/峰2.36 补余=0.0 IO错=0 倾+0.0 自动2/3
[  320.580] TLM t= 208.9 L1·A@-76 L2·A@-73 L3·A@-76 R1·A@-75 R2·A@-73 R3·A@-71 罐=无罐 泵=0 阀=111111 速=+0,+0,+0.00 电=7.80V/1.71A/峰2.36 补余=0.0 IO错=0 倾+0.0 自动2/3
[  321.098] TLM t= 209.4 L1·A@-76 L2·A@-72 L3·A@-76 R1·A@-75 R2·A@-73 R3·A@-71 罐=无罐 泵=0 阀=111111 速=+0,+0,+0.00 电=7.80V/1.79A/峰2.36 补余=0.0 IO错=0 倾+0.0 自动2/3
[  321.602] TLM t= 209.9 L1·A@-75 L2·A@-72 L3·A@-76 R1·A@-75 R2·A@-72 R3·A@-70 罐=无罐 泵=0 阀=111111 速=+0,+0,+0.00 电=7.79V/1.79A/峰2.36 补余=0.0 IO错=0 倾+0.0 自动2/3
[  322.119] TLM t= 210.4 L1·A@-75 L2·A@-71 L3·A@-76 R1·A@-75 R2·A@-72 R3·A@-69 罐=无罐 泵=0 阀=111111 速=+0,+0,+0.00 电=7.80V/1.79A/峰2.36 补余=0.0 IO错=0 倾+0.0 自动2/3
[  322.628] TLM t= 210.9 L1·A@-75 L2·A@-71 L3·A@-76 R1·A@-75 R2·A@-71 R3·A@-69 罐=无罐 泵=0 阀=111111 速=+0,+0,+0.00 电=7.80V/1.79A/峰2.36 补余=0.0 IO错=0 倾+0.0 自动2/3
[  323.142] TLM t= 211.4 L1·A@-75 L2·A@-70 L3·A@-75 R1·A@-75 R2·A@-71 R3·A@-68 罐=无罐 泵=0 阀=111111 速=+0,+0,+0.00 电=7.80V/1.79A/峰2.36 补余=0.0 IO错=0 倾+0.0 自动2/3
[  323.650] TLM t= 211.9 L1·A@-75 L2·A@-70 L3·A@-75 R1·A@-75 R2·A@-71 R3·A@-67 罐=无罐 泵=0 阀=111111 速=+0,+0,+0.00 电=7.79V/1.79A/峰2.36 补余=0.0 IO错=0 倾+0.0 自动2/3
[  324.165] TLM t= 212.5 L1·A@-75 L2·A@-69 L3·A@-75 R1·A@-74 R2·A@-70 R3·A@-67 罐=无罐 泵=0 阀=111111 速=+0,+0,+0.00 电=7.80V/1.79A/峰2.36 补余=0.0 IO错=0 倾+0.0 自动2/3
[  324.672] TLM t= 213.0 L1·A@-75 L2·A@-69 L3·A@-75 R1·A@-74 R2·A@-70 R3·A@-66 罐=无罐 泵=0 阀=111111 速=+0,+0,+0.00 电=7.80V/1.79A/峰2.36 补余=0.0 IO错=0 倾+0.0 自动2/3
[  325.189] TLM t= 213.5 L1·A@-75 L2·A@-69 L3·A@-75 R1·A@-74 R2·A@-70 R3·A@-66 罐=无罐 泵=0 阀=111111 速=+0,+0,+0.00 电=7.79V/1.71A/峰2.36 补余=0.0 IO错=0 倾+0.0 自动2/3
[  325.695] TLM t= 214.0 L1·A@-75 L2·A@-68 L3·A@-75 R1·A@-74 R2·A@-69 R3·A@-65 罐=无罐 泵=0 阀=111111 速=+0,+0,+0.00 电=7.80V/1.79A/峰2.36 补余=0.0 IO错=0 倾+0.0 自动2/3
[  326.210] TLM t= 214.5 L1·A@-75 L2·A@-68 L3·A@-75 R1·A@-74 R2·A@-69 R3·A@-64 罐=无罐 泵=0 阀=111111 速=+0,+0,+0.00 电=7.80V/1.79A/峰2.36 补余=0.0 IO错=0 倾+0.0 自动2/3
[  326.306] EVT 原地抬起受理：L2
[  326.323] EVT 吸附 L2 attached→venting 在态90.58s -67.5kPa
[  326.323] EVT 相位 L2 stance→vent 落点Δ(+0.0,+0.0)
[  326.348] EVT 阀 L2 →排气位
[  326.621] EVT 相位 L2 vent→lift
[  326.720] TLM t= 215.8 L1·A@-75 L2Lv@-68 L3·A@-75 R1·A@-74 R2·A@-68 R3·A@-64 罐=无罐 泵=0 阀=101111 速=+0,+0,+0.00 电=7.78V/1.71A/峰2.36 补余=0.0 IO错=0 倾+0.0 自动2/3
[  326.744] EVT 吸附 L2 venting→released 在态0.42s 0.3kPa
[  327.232] TLM t= 216.0 L1·A@-75 L2Lr@-- L3·A@-75 R1·A@-74 R2·A@-68 R3·A@-63 罐=无罐 泵=0 阀=101111 速=+0,+0,+0.00 电=7.80V/1.71A/峰2.36 补余=0.0 IO错=0 倾+0.0 自动2/3
[  327.464] EVT 相位 L2 lift→transfer
[  327.743] TLM t= 216.0 L1·A@-75 L2Tr@-- L3·A@-75 R1·A@-74 R2·A@-68 R3·A@-63 罐=无罐 泵=0 阀=101111 速=+0,+0,+0.00 电=7.77V/1.79A/峰2.36 补余=0.0 IO错=0 倾+0.0 自动2/3
[  328.093] EVT 相位 L2 transfer→hover
[  328.256] TLM t= 216.0 L1·A@-75 L2Hr@-- L3·A@-75 R1·A@-74 R2·A@-67 R3·A@-62 罐=无罐 泵=0 阀=101111 速=+0,+0,+0.00 电=7.80V/1.63A/峰2.36 补余=0.0 IO错=0 倾+0.0 自动2/3
[  328.766] TLM t= 216.0 L1·A@-74 L2Hr@-- L3·A@-75 R1·A@-74 R2·A@-67 R3·A@-61 罐=无罐 泵=0 阀=101111 速=+0,+0,+0.00 电=7.79V/1.63A/峰2.36 补余=0.0 IO错=0 倾+0.0 自动2/3
[  329.116] EVT 落地：L2
[  329.134] EVT 相位 L2 hover→descend
[  329.276] TLM t= 216.0 L1·A@-74 L2Dr@-- L3·A@-75 R1·A@-74 R2·A@-67 R3·A@-61 罐=无罐 泵=0 阀=101111 速=+0,+0,+0.00 电=7.80V/1.71A/峰2.36 补余=0.0 IO错=0 倾+0.0 自动2/3
[  329.615] EVT 相位 L2 descend→press
[  329.778] EVT 泵 开 最差盘压-59.9
[  329.792] TLM t= 216.0 L1·A@-74 L2Pr@-- L3·A@-75 R1·A@-74 R2·A@-66 R3·A@-60 罐=无罐 泵=1 阀=101111 速=+0,+0,+0.00 电=7.62V/1.63A/峰2.36 补余=0.0 IO错=0 倾+0.0 自动2/3
[  330.301] TLM t= 216.0 L1·A@-74 L2Pr@-- L3·A@-75 R1·A@-74 R2·A@-71 R3·A@-70 罐=无罐 泵=1 阀=101111 速=+0,+0,+0.00 电=7.75V/1.63A/峰2.36 补余=0.0 IO错=0 倾+0.0 自动2/3
[  330.623] EVT 泵 停 最差盘压-75.3
[  330.811] TLM t= 216.0 L1·A@-76 L2Pr@-- L3·A@-76 R1·A@-76 R2·A@-76 R3·A@-76 罐=无罐 泵=0 阀=101111 速=+0,+0,+0.00 电=7.79V/1.63A/峰2.36 补余=0.0 IO错=0 倾+0.0 自动2/3
[  330.820] EVT 吸附 L2 released→pressing 在态4.06s 0.3kPa
[  330.821] EVT 相位 L2 press→wait
[  331.135] EVT 吸附 L2 pressing→sucking 在态0.32s 0.3kPa
[  331.136] EVT 阀 L2 →抽气位
[  331.164] EVT 泵 开 最差盘压-75.7
[  331.315] TLM t= 216.0 L1·A@-76 L2Ws@-61 L3·A@-76 R1·A@-76 R2·A@-76 R3·A@-75 罐=无罐 泵=1 阀=111111 速=+0,+0,+0.00 电=7.78V/1.71A/峰2.36 补余=0.0 IO错=0 倾+0.0 自动2/3
[  331.445] EVT 吸附 L2 sucking→attached 在态0.30s -67.9kPa
[  331.445] EVT 相位 L2 wait→stance
[  331.445] EVT 抬落完成，轮到 R3
[  331.445] EVT 自动轮换：第 2 轮完成
[  331.734] EVT 泵 停 最差盘压-75.2
[  331.816] TLM t= 216.4 L1·A@-76 L2·A@-76 L3·A@-76 R1·A@-76 R2·A@-76 R3·A@-76 罐=无罐 泵=0 阀=111111 速=+0,+0,+0.00 电=7.80V/1.63A/峰2.36 补余=0.0 IO错=0 倾+0.0 自动3/3
[  332.321] TLM t= 216.9 L1·A@-76 L2·A@-76 L3·A@-76 R1·A@-76 R2·A@-76 R3·A@-75 罐=无罐 泵=0 阀=111111 速=+0,+0,+0.00 电=7.80V/1.55A/峰2.36 补余=0.0 IO错=0 倾+0.0 自动3/3
[  332.829] TLM t= 217.4 L1·A@-76 L2·A@-75 L3·A@-76 R1·A@-76 R2·A@-75 R3·A@-75 罐=无罐 泵=0 阀=111111 速=+0,+0,+0.00 电=7.80V/1.55A/峰2.36 补余=0.0 IO错=0 倾+0.0 自动3/3
[  333.351] TLM t= 217.9 L1·A@-76 L2·A@-74 L3·A@-76 R1·A@-76 R2·A@-75 R3·A@-74 罐=无罐 泵=0 阀=111111 速=+0,+0,+0.00 电=7.80V/1.63A/峰2.36 补余=0.0 IO错=0 倾+0.0 自动3/3
[  333.856] TLM t= 218.4 L1·A@-76 L2·A@-74 L3·A@-76 R1·A@-76 R2·A@-74 R3·A@-73 罐=无罐 泵=0 阀=111111 速=+0,+0,+0.00 电=7.80V/1.55A/峰2.36 补余=0.0 IO错=0 倾+0.0 自动3/3
[  334.378] TLM t= 218.9 L1·A@-76 L2·A@-73 L3·A@-76 R1·A@-76 R2·A@-74 R3·A@-72 罐=无罐 泵=0 阀=111111 速=+0,+0,+0.00 电=7.81V/1.55A/峰2.36 补余=0.0 IO错=0 倾+0.0 自动3/3
[  334.881] TLM t= 219.4 L1·A@-76 L2·A@-73 L3·A@-76 R1·A@-75 R2·A@-73 R3·A@-72 罐=无罐 泵=0 阀=111111 速=+0,+0,+0.00 电=7.79V/1.63A/峰2.36 补余=0.0 IO错=0 倾+0.0 自动3/3
[  335.405] TLM t= 219.9 L1·A@-76 L2·A@-72 L3·A@-76 R1·A@-75 R2·A@-73 R3·A@-71 罐=无罐 泵=0 阀=111111 速=+0,+0,+0.00 电=7.81V/1.55A/峰2.36 补余=0.0 IO错=0 倾+0.0 自动3/3
[  335.912] TLM t= 220.4 L1·A@-75 L2·A@-72 L3·A@-76 R1·A@-75 R2·A@-73 R3·A@-70 罐=无罐 泵=0 阀=111111 速=+0,+0,+0.00 电=7.78V/1.71A/峰2.36 补余=0.0 IO错=0 倾+0.0 自动3/3
[  336.431] TLM t= 220.9 L1·A@-75 L2·A@-71 L3·A@-76 R1·A@-75 R2·A@-72 R3·A@-70 罐=无罐 泵=0 阀=111111 速=+0,+0,+0.00 电=7.80V/1.63A/峰2.36 补余=0.0 IO错=0 倾+0.0 自动3/3
[  336.934] TLM t= 221.4 L1·A@-75 L2·A@-71 L3·A@-76 R1·A@-75 R2·A@-72 R3·A@-69 罐=无罐 泵=0 阀=111111 速=+0,+0,+0.00 电=7.80V/1.63A/峰2.36 补余=0.0 IO错=0 倾+0.0 自动3/3
[  337.458] TLM t= 222.0 L1·A@-75 L2·A@-71 L3·A@-76 R1·A@-75 R2·A@-72 R3·A@-68 罐=无罐 泵=0 阀=111111 速=+0,+0,+0.00 电=7.80V/1.55A/峰2.36 补余=0.0 IO错=0 倾+0.0 自动3/3
[  337.963] TLM t= 222.5 L1·A@-75 L2·A@-70 L3·A@-76 R1·A@-75 R2·A@-71 R3·A@-68 罐=无罐 泵=0 阀=111111 速=+0,+0,+0.00 电=7.79V/1.55A/峰2.36 补余=0.0 IO错=0 倾+0.0 自动3/3
[  338.486] TLM t= 223.0 L1·A@-75 L2·A@-70 L3·A@-76 R1·A@-75 R2·A@-71 R3·A@-67 罐=无罐 泵=0 阀=111111 速=+0,+0,+0.00 电=7.81V/1.63A/峰2.36 补余=0.0 IO错=0 倾+0.0 自动3/3
[  338.988] TLM t= 223.5 L1·A@-75 L2·A@-69 L3·A@-75 R1·A@-75 R2·A@-70 R3·A@-66 罐=无罐 泵=0 阀=111111 速=+0,+0,+0.00 电=7.80V/1.63A/峰2.36 补余=0.0 IO错=0 倾+0.0 自动3/3
[  339.509] TLM t= 224.0 L1·A@-75 L2·A@-69 L3·A@-75 R1·A@-75 R2·A@-70 R3·A@-65 罐=无罐 泵=0 阀=111111 速=+0,+0,+0.00 电=7.81V/1.71A/峰2.36 补余=0.0 IO错=0 倾+0.0 自动3/3
[  340.011] TLM t= 224.5 L1·A@-75 L2·A@-68 L3·A@-75 R1·A@-75 R2·A@-70 R3·A@-65 罐=无罐 泵=0 阀=111111 速=+0,+0,+0.00 电=7.81V/1.55A/峰2.36 补余=0.0 IO错=0 倾+0.0 自动3/3
[  340.536] TLM t= 225.0 L1·A@-75 L2·A@-68 L3·A@-75 R1·A@-75 R2·A@-69 R3·A@-64 罐=无罐 泵=0 阀=111111 速=+0,+0,+0.00 电=7.81V/1.71A/峰2.36 补余=0.0 IO错=0 倾+0.0 自动3/3
[  341.037] TLM t= 225.5 L1·A@-75 L2·A@-67 L3·A@-75 R1·A@-75 R2·A@-69 R3·A@-63 罐=无罐 泵=0 阀=111111 速=+0,+0,+0.00 电=7.79V/1.55A/峰2.36 补余=0.0 IO错=0 倾+0.0 自动3/3
[  341.563] TLM t= 226.0 L1·A@-75 L2·A@-67 L3·A@-75 R1·A@-75 R2·A@-68 R3·A@-63 罐=无罐 泵=0 阀=111111 速=+0,+0,+0.00 电=7.80V/1.63A/峰2.36 补余=0.0 IO错=0 倾+0.0 自动3/3
[  342.067] TLM t= 226.5 L1·A@-74 L2·A@-66 L3·A@-75 R1·A@-75 R2·A@-68 R3·A@-62 罐=无罐 泵=0 阀=111111 速=+0,+0,+0.00 电=7.81V/1.63A/峰2.36 补余=0.0 IO错=0 倾+0.0 自动3/3
[  342.585] TLM t= 227.1 L1·A@-74 L2·A@-66 L3·A@-75 R1·A@-75 R2·A@-68 R3·A@-61 罐=无罐 泵=0 阀=111111 速=+0,+0,+0.00 电=7.81V/1.55A/峰2.36 补余=0.0 IO错=0 倾+0.0 自动3/3
[  343.094] TLM t= 227.6 L1·A@-74 L2·A@-66 L3·A@-75 R1·A@-75 R2·A@-67 R3·A@-61 罐=无罐 泵=0 阀=111111 速=+0,+0,+0.00 电=7.81V/1.71A/峰2.36 补余=0.0 IO错=0 倾+0.0 自动3/3
[  343.613] TLM t= 228.1 L1·A@-74 L2·A@-65 L3·A@-75 R1·A@-75 R2·A@-67 R3·A@-60 罐=无罐 泵=0 阀=111111 速=+0,+0,+0.00 电=7.80V/1.63A/峰2.36 补余=0.0 IO错=0 倾+0.0 自动3/3
[  343.626] EVT 泵 开 最差盘压-59.9
[  344.117] TLM t= 228.6 L1·A@-74 L2·A@-71 L3·A@-75 R1·A@-75 R2·A@-71 R3·A@-70 罐=无罐 泵=1 阀=111111 速=+0,+0,+0.00 电=7.77V/1.55A/峰2.36 补余=0.0 IO错=0 倾+0.0 自动3/3
[  344.508] EVT 泵 停 最差盘压-75.4
[  344.638] TLM t= 229.1 L1·A@-77 L2·A@-77 L3·A@-77 R1·A@-76 R2·A@-76 R3·A@-76 罐=无罐 泵=0 阀=111111 速=+0,+0,+0.00 电=7.79V/1.63A/峰2.36 补余=0.0 IO错=0 倾+0.0 自动3/3
[  345.142] TLM t= 229.6 L1·A@-76 L2·A@-76 L3·A@-76 R1·A@-76 R2·A@-76 R3·A@-76 罐=无罐 泵=0 阀=111111 速=+0,+0,+0.00 电=7.80V/1.63A/峰2.36 补余=0.0 IO错=0 倾+0.0 自动3/3
[  345.661] TLM t= 230.1 L1·A@-76 L2·A@-76 L3·A@-76 R1·A@-76 R2·A@-75 R3·A@-75 罐=无罐 泵=0 阀=111111 速=+0,+0,+0.00 电=7.79V/1.71A/峰2.36 补余=0.0 IO错=0 倾+0.0 自动3/3
[  346.164] TLM t= 230.6 L1·A@-76 L2·A@-75 L3·A@-76 R1·A@-76 R2·A@-75 R3·A@-74 罐=无罐 泵=0 阀=111111 速=+0,+0,+0.00 电=7.80V/1.55A/峰2.36 补余=0.0 IO错=0 倾+0.0 自动3/3
[  346.457] EVT 自动轮换：第 3 轮开始
[  346.470] EVT 原地抬起受理：R3
[  346.497] EVT 吸附 R3 attached→venting 在态90.52s -73.7kPa
[  346.498] EVT 相位 R3 stance→vent 落点Δ(+0.0,+0.0)
[  346.515] EVT 阀 R3 →排气位
[  346.687] TLM t= 234.2 L1·A@-76 L2·A@-75 L3·A@-76 R1·A@-76 R2·A@-75 R3Vv@-74 罐=无罐 泵=0 阀=111110 速=+0,+0,+0.00 电=7.80V/1.30A/峰2.36 补余=0.0 IO错=0 倾+0.0 自动3/3
[  346.800] EVT 相位 R3 vent→lift
[  346.940] EVT 吸附 R3 venting→released 在态0.44s 0.3kPa
[  347.185] TLM t= 234.6 L1·A@-76 L2·A@-74 L3·A@-76 R1·A@-76 R2·A@-74 R3Lr@-- 罐=无罐 泵=0 阀=111110 速=+0,+0,+0.00 电=7.79V/1.55A/峰2.36 补余=0.0 IO错=0 倾+0.0 自动3/3
[  347.643] EVT 相位 R3 lift→transfer
[  347.712] TLM t= 234.6 L1·A@-76 L2·A@-74 L3·A@-76 R1·A@-76 R2·A@-74 R3Tr@-- 罐=无罐 泵=0 阀=111110 速=+0,+0,+0.00 电=7.79V/1.55A/峰2.36 补余=0.0 IO错=0 倾+0.0 自动3/3
[  348.215] TLM t= 234.6 L1·A@-75 L2·A@-73 L3·A@-76 R1·A@-76 R2·A@-73 R3Tr@-- 罐=无罐 泵=0 阀=111110 速=+0,+0,+0.00 电=7.80V/1.87A/峰2.36 补余=0.0 IO错=0 倾+0.0 自动3/3
[  348.266] EVT 相位 R3 transfer→hover
[  348.739] TLM t= 234.6 L1·A@-75 L2·A@-73 L3·A@-76 R1·A@-76 R2·A@-73 R3Hr@-- 罐=无罐 泵=0 阀=111110 速=+0,+0,+0.00 电=7.79V/1.38A/峰2.36 补余=0.0 IO错=0 倾+0.0 自动3/3
[  349.240] TLM t= 234.6 L1·A@-75 L2·A@-72 L3·A@-76 R1·A@-75 R2·A@-72 R3Hr@-- 罐=无罐 泵=0 阀=111110 速=+0,+0,+0.00 电=7.80V/1.38A/峰2.36 补余=0.0 IO错=0 倾+0.0 自动3/3
[  349.273] EVT 落地：R3
[  349.290] EVT 相位 R3 hover→descend
[  349.765] TLM t= 234.6 L1·A@-75 L2·A@-72 L3·A@-76 R1·A@-75 R2·A@-72 R3Dr@-- 罐=无罐 泵=0 阀=111110 速=+0,+0,+0.00 电=7.80V/1.38A/峰2.36 补余=0.0 IO错=0 倾+0.0 自动3/3
[  349.776] EVT 相位 R3 descend→press
[  350.268] TLM t= 234.6 L1·A@-75 L2·A@-71 L3·A@-76 R1·A@-75 R2·A@-72 R3Pr@-- 罐=无罐 泵=0 阀=111110 速=+0,+0,+0.00 电=7.79V/1.30A/峰2.36 补余=0.0 IO错=0 倾+0.0 自动3/3
[  350.792] TLM t= 234.6 L1·A@-74 L2·A@-71 L3·A@-76 R1·A@-75 R2·A@-71 R3Pr@-- 罐=无罐 泵=0 阀=111110 速=+0,+0,+0.00 电=7.79V/1.47A/峰2.36 补余=0.0 IO错=0 倾+0.0 自动3/3
[  350.982] EVT 吸附 R3 released→pressing 在态4.02s 0.3kPa
[  350.982] EVT 相位 R3 press→wait
[  351.291] TLM t= 234.6 L1·A@-74 L2·A@-70 L3·A@-76 R1·A@-75 R2·A@-71 R3Wp@-- 罐=无罐 泵=0 阀=111110 速=+0,+0,+0.00 电=7.80V/1.47A/峰2.36 补余=0.0 IO错=0 倾+0.0 自动3/3
[  351.298] EVT 吸附 R3 pressing→sucking 在态0.32s 0.3kPa
[  351.298] EVT 阀 R3 →抽气位
[  351.326] EVT 泵 开 最差盘压-70.4
[  351.626] EVT 吸附 R3 sucking→attached 在态0.32s -61.5kPa
[  351.627] EVT 相位 R3 wait→stance
[  351.627] EVT 抬落完成，轮到 L1
[  351.817] TLM t= 234.8 L1·A@-74 L2·A@-71 L3·A@-76 R1·A@-75 R2·A@-71 R3·A@-69 罐=无罐 泵=1 阀=111111 速=+0,+0,+0.00 电=7.72V/1.55A/峰2.36 补余=0.0 IO错=0 倾+0.0 自动3/3
[  352.131] EVT 泵 停 最差盘压-75.3
[  352.319] TLM t= 235.3 L1·A@-76 L2·A@-76 L3·A@-76 R1·A@-75 R2·A@-76 R3·A@-76 罐=无罐 泵=0 阀=111111 速=+0,+0,+0.00 电=7.80V/1.47A/峰2.36 补余=0.0 IO错=0 倾+0.0 自动3/3
[  352.842] TLM t= 235.8 L1·A@-76 L2·A@-76 L3·A@-76 R1·A@-75 R2·A@-75 R3·A@-75 罐=无罐 泵=0 阀=111111 速=+0,+0,+0.00 电=7.80V/1.38A/峰2.36 补余=0.0 IO错=0 倾+0.0 自动3/3
[  353.348] TLM t= 236.3 L1·A@-76 L2·A@-75 L3·A@-76 R1·A@-75 R2·A@-75 R3·A@-75 罐=无罐 泵=0 阀=111111 速=+0,+0,+0.00 电=7.81V/1.38A/峰2.36 补余=0.0 IO错=0 倾+0.0 自动3/3
[  353.866] TLM t= 236.8 L1·A@-75 L2·A@-75 L3·A@-76 R1·A@-75 R2·A@-75 R3·A@-74 罐=无罐 泵=0 阀=111111 速=+0,+0,+0.00 电=7.80V/1.38A/峰2.36 补余=0.0 IO错=0 倾+0.0 自动3/3
[  354.374] TLM t= 237.3 L1·A@-75 L2·A@-74 L3·A@-76 R1·A@-75 R2·A@-74 R3·A@-73 罐=无罐 泵=0 阀=111111 速=+0,+0,+0.00 电=7.80V/1.47A/峰2.36 补余=0.0 IO错=0 倾+0.0 自动3/3
[  354.893] TLM t= 237.8 L1·A@-75 L2·A@-74 L3·A@-76 R1·A@-75 R2·A@-74 R3·A@-73 罐=无罐 泵=0 阀=111111 速=+0,+0,+0.00 电=7.80V/1.47A/峰2.36 补余=0.0 IO错=0 倾+0.0 自动3/3
[  355.397] TLM t= 238.3 L1·A@-75 L2·A@-73 L3·A@-76 R1·A@-75 R2·A@-73 R3·A@-72 罐=无罐 泵=0 阀=111111 速=+0,+0,+0.00 电=7.79V/1.47A/峰2.36 补余=0.0 IO错=0 倾+0.0 自动3/3
[  355.918] TLM t= 238.9 L1·A@-74 L2·A@-73 L3·A@-76 R1·A@-75 R2·A@-73 R3·A@-71 罐=无罐 泵=0 阀=111111 速=+0,+0,+0.00 电=7.81V/1.38A/峰2.36 补余=0.0 IO错=0 倾+0.0 自动3/3
[  356.420] TLM t= 239.4 L1·A@-74 L2·A@-72 L3·A@-75 R1·A@-75 R2·A@-73 R3·A@-71 罐=无罐 泵=0 阀=111111 速=+0,+0,+0.00 电=7.80V/1.47A/峰2.36 补余=0.0 IO错=0 倾+0.0 自动3/3
[  356.945] TLM t= 239.9 L1·A@-74 L2·A@-72 L3·A@-75 R1·A@-75 R2·A@-72 R3·A@-70 罐=无罐 泵=0 阀=111111 速=+0,+0,+0.00 电=7.80V/1.38A/峰2.36 补余=0.0 IO错=0 倾+0.0 自动3/3
[  357.447] TLM t= 240.4 L1·A@-74 L2·A@-71 L3·A@-75 R1·A@-75 R2·A@-72 R3·A@-69 罐=无罐 泵=0 阀=111111 速=+0,+0,+0.00 电=7.80V/1.38A/峰2.36 补余=0.0 IO错=0 倾+0.0 自动3/3
[  357.970] TLM t= 240.9 L1·A@-73 L2·A@-71 L3·A@-75 R1·A@-75 R2·A@-71 R3·A@-69 罐=无罐 泵=0 阀=111111 速=+0,+0,+0.00 电=7.80V/1.47A/峰2.36 补余=0.0 IO错=0 倾+0.0 自动3/3
[  358.471] TLM t= 241.4 L1·A@-73 L2·A@-71 L3·A@-75 R1·A@-75 R2·A@-71 R3·A@-68 罐=无罐 泵=0 阀=111111 速=+0,+0,+0.00 电=7.81V/1.38A/峰2.36 补余=0.0 IO错=0 倾+0.0 自动3/3
[  358.998] TLM t= 241.9 L1·A@-73 L2·A@-70 L3·A@-75 R1·A@-75 R2·A@-71 R3·A@-67 罐=无罐 泵=0 阀=111111 速=+0,+0,+0.00 电=7.81V/1.38A/峰2.36 补余=0.0 IO错=0 倾+0.0 自动3/3
[  359.510] TLM t= 242.4 L1·A@-73 L2·A@-70 L3·A@-75 R1·A@-75 R2·A@-70 R3·A@-67 罐=无罐 泵=0 阀=111111 速=+0,+0,+0.00 电=7.80V/1.47A/峰2.36 补余=0.0 IO错=0 倾+0.0 自动3/3
[  360.012] TLM t= 242.9 L1·A@-73 L2·A@-69 L3·A@-75 R1·A@-75 R2·A@-70 R3·A@-66 罐=无罐 泵=0 阀=111111 速=+0,+0,+0.00 电=7.80V/1.38A/峰2.36 补余=0.0 IO错=0 倾+0.0 自动3/3
[  360.537] TLM t= 243.4 L1·A@-72 L2·A@-69 L3·A@-75 R1·A@-75 R2·A@-69 R3·A@-66 罐=无罐 泵=0 阀=111111 速=+0,+0,+0.00 电=7.80V/1.47A/峰2.36 补余=0.0 IO错=0 倾+0.0 自动3/3
[  361.039] TLM t= 243.9 L1·A@-72 L2·A@-68 L3·A@-75 R1·A@-75 R2·A@-69 R3·A@-65 罐=无罐 泵=0 阀=111111 速=+0,+0,+0.00 电=7.80V/1.47A/峰2.36 补余=0.0 IO错=0 倾+0.0 自动3/3
[  361.567] TLM t= 244.5 L1·A@-72 L2·A@-68 L3·A@-75 R1·A@-75 R2·A@-69 R3·A@-64 罐=无罐 泵=0 阀=111111 速=+0,+0,+0.00 电=7.80V/1.38A/峰2.36 补余=0.0 IO错=0 倾+0.0 自动3/3
[  361.648] EVT 原地抬起受理：L1
[  361.675] EVT 吸附 L1 attached→venting 在态90.40s -71.8kPa
[  361.676] EVT 相位 L1 stance→vent 落点Δ(+0.0,+0.0)
[  361.696] EVT 阀 L1 →排气位
[  361.974] EVT 相位 L1 vent→lift
[  362.064] TLM t= 245.8 L1Lv@-72 L2·A@-67 L3·A@-75 R1·A@-74 R2·A@-68 R3·A@-63 罐=无罐 泵=0 阀=011111 速=+0,+0,+0.00 电=7.75V/2.04A/峰2.36 补余=0.0 IO错=0 倾+0.0 自动3/3
[  362.096] EVT 吸附 L1 venting→released 在态0.42s 0.6kPa
[  362.584] TLM t= 246.0 L1Lr@-- L2·A@-67 L3·A@-75 R1·A@-74 R2·A@-68 R3·A@-63 罐=无罐 泵=0 阀=011111 速=+0,+0,+0.00 电=7.77V/2.04A/峰2.36 补余=0.0 IO错=0 倾+0.0 自动3/3
[  362.816] EVT 相位 L1 lift→transfer
[  363.090] TLM t= 246.0 L1Tr@-- L2·A@-67 L3·A@-74 R1·A@-74 R2·A@-68 R3·A@-62 罐=无罐 泵=0 阀=011111 速=+0,+0,+0.00 电=7.76V/2.04A/峰2.36 补余=0.0 IO错=0 倾+0.0 自动3/3
[  363.444] EVT 相位 L1 transfer→hover
[  363.609] TLM t= 246.0 L1Hr@-- L2·A@-66 L3·A@-74 R1·A@-74 R2·A@-67 R3·A@-61 罐=无罐 泵=0 阀=011111 速=+0,+0,+0.00 电=7.77V/1.87A/峰2.36 补余=0.0 IO错=0 倾+0.0 自动3/3
[  364.117] TLM t= 246.0 L1Hr@-- L2·A@-66 L3·A@-74 R1·A@-74 R2·A@-67 R3·A@-61 罐=无罐 泵=0 阀=011111 速=+0,+0,+0.00 电=7.77V/1.95A/峰2.36 补余=0.0 IO错=0 倾+0.0 自动3/3
[  364.454] EVT 落地：L1
[  364.472] EVT 相位 L1 hover→descend
[  364.614] TLM t= 246.0 L1Dr@-- L2·A@-65 L3·A@-74 R1·A@-74 R2·A@-66 R3·A@-60 罐=无罐 泵=0 阀=011111 速=+0,+0,+0.00 电=7.74V/2.12A/峰2.36 补余=0.0 IO错=0 倾+0.0 自动3/3
[  364.953] EVT 相位 L1 descend→press
[  364.996] EVT 泵 开 最差盘压-59.9
[  365.124] TLM t= 246.0 L1Pr@-- L2·A@-65 L3·A@-74 R1·A@-74 R2·A@-66 R3·A@-60 罐=无罐 泵=1 阀=011111 速=+0,+0,+0.00 电=7.74V/1.87A/峰2.36 补余=0.0 IO错=0 倾+0.0 自动3/3
[  365.629] TLM t= 246.0 L1Pr@-- L2·A@-73 L3·A@-74 R1·A@-74 R2·A@-73 R3·A@-72 罐=无罐 泵=1 阀=011111 速=+0,+0,+0.00 电=7.75V/1.87A/峰2.36 补余=0.0 IO错=0 倾+0.0 自动3/3
[  365.917] EVT 泵 停 最差盘压-75.6
[  366.146] TLM t= 246.0 L1Pr@-- L2·A@-77 L3·A@-77 R1·A@-76 R2·A@-76 R3·A@-76 罐=无罐 泵=0 阀=011111 速=+0,+0,+0.00 电=7.76V/2.12A/峰2.36 补余=0.0 IO错=0 倾+0.0 自动3/3
[  366.157] EVT 吸附 L1 released→pressing 在态4.04s 0.6kPa
[  366.157] EVT 相位 L1 press→wait
[  366.473] EVT 吸附 L1 pressing→sucking 在态0.32s 0.6kPa
[  366.473] EVT 阀 L1 →抽气位
[  366.501] EVT 泵 开 最差盘压-76.0
[  366.650] TLM t= 246.0 L1Ws@-20 L2·A@-76 L3·A@-76 R1·A@-76 R2·A@-76 R3·A@-76 罐=无罐 泵=1 阀=111111 速=+0,+0,+0.00 电=7.75V/1.95A/峰2.36 补余=0.0 IO错=0 倾+0.0 自动3/3
[  366.894] EVT 吸附 L1 sucking→attached 在态0.42s -66.3kPa
[  366.894] EVT 相位 L1 wait→stance
[  366.894] EVT 抬落完成，轮到 R2
[  367.163] EVT 泵 停 最差盘压-75.1
[  367.173] TLM t= 246.3 L1·A@-75 L2·A@-76 L3·A@-76 R1·A@-76 R2·A@-76 R3·A@-75 罐=无罐 泵=0 阀=111111 速=+0,+0,+0.00 电=7.77V/1.79A/峰2.36 补余=0.0 IO错=0 倾+0.0 自动3/3
[  367.685] TLM t= 246.8 L1·A@-76 L2·A@-76 L3·A@-76 R1·A@-76 R2·A@-76 R3·A@-76 罐=无罐 泵=0 阀=111111 速=+0,+0,+0.00 电=7.77V/1.87A/峰2.36 补余=0.0 IO错=0 倾+0.0 自动3/3
[  368.194] TLM t= 247.3 L1·A@-76 L2·A@-76 L3·A@-76 R1·A@-76 R2·A@-75 R3·A@-75 罐=无罐 泵=0 阀=111111 速=+0,+0,+0.00 电=7.76V/1.87A/峰2.36 补余=0.0 IO错=0 倾+0.0 自动3/3
[  368.697] TLM t= 247.8 L1·A@-75 L2·A@-75 L3·A@-76 R1·A@-76 R2·A@-75 R3·A@-74 罐=无罐 泵=0 阀=111111 速=+0,+0,+0.00 电=7.78V/2.04A/峰2.36 补余=0.0 IO错=0 倾+0.0 自动3/3
[  369.222] TLM t= 248.3 L1·A@-75 L2·A@-75 L3·A@-76 R1·A@-76 R2·A@-74 R3·A@-74 罐=无罐 泵=0 阀=111111 速=+0,+0,+0.00 电=7.77V/2.12A/峰2.36 补余=0.0 IO错=0 倾+0.0 自动3/3
[  369.725] TLM t= 248.8 L1·A@-75 L2·A@-74 L3·A@-76 R1·A@-76 R2·A@-74 R3·A@-73 罐=无罐 泵=0 阀=111111 速=+0,+0,+0.00 电=7.77V/1.79A/峰2.36 补余=0.0 IO错=0 倾+0.0 自动3/3
[  370.250] TLM t= 249.3 L1·A@-75 L2·A@-74 L3·A@-76 R1·A@-76 R2·A@-74 R3·A@-73 罐=无罐 泵=0 阀=111111 速=+0,+0,+0.00 电=7.78V/1.95A/峰2.36 补余=0.0 IO错=0 倾+0.0 自动3/3
[  370.758] TLM t= 249.8 L1·A@-75 L2·A@-73 L3·A@-76 R1·A@-76 R2·A@-73 R3·A@-72 罐=无罐 泵=0 阀=111111 速=+0,+0,+0.00 电=7.77V/1.95A/峰2.36 补余=0.0 IO错=0 倾+0.0 自动3/3
[  371.278] TLM t= 250.3 L1·A@-75 L2·A@-73 L3·A@-76 R1·A@-76 R2·A@-73 R3·A@-71 罐=无罐 泵=0 阀=111111 速=+0,+0,+0.00 电=7.77V/1.87A/峰2.36 补余=0.0 IO错=0 倾+0.0 自动3/3
[  371.781] TLM t= 250.8 L1·A@-75 L2·A@-72 L3·A@-76 R1·A@-76 R2·A@-72 R3·A@-71 罐=无罐 泵=0 阀=111111 速=+0,+0,+0.00 电=7.77V/1.87A/峰2.36 补余=0.0 IO错=0 倾+0.0 自动3/3
[  372.304] TLM t= 251.4 L1·A@-74 L2·A@-72 L3·A@-76 R1·A@-76 R2·A@-72 R3·A@-70 罐=无罐 泵=0 阀=111111 速=+0,+0,+0.00 电=7.78V/1.87A/峰2.36 补余=0.0 IO错=0 倾+0.0 自动3/3
[  372.807] TLM t= 251.9 L1·A@-74 L2·A@-71 L3·A@-76 R1·A@-76 R2·A@-72 R3·A@-69 罐=无罐 泵=0 阀=111111 速=+0,+0,+0.00 电=7.77V/1.95A/峰2.36 补余=0.0 IO错=0 倾+0.0 自动3/3
[  373.330] TLM t= 252.4 L1·A@-74 L2·A@-71 L3·A@-76 R1·A@-76 R2·A@-71 R3·A@-69 罐=无罐 泵=0 阀=111111 速=+0,+0,+0.00 电=7.78V/1.87A/峰2.36 补余=0.0 IO错=0 倾+0.0 自动3/3
[  373.832] TLM t= 252.9 L1·A@-74 L2·A@-71 L3·A@-76 R1·A@-75 R2·A@-71 R3·A@-68 罐=无罐 泵=0 阀=111111 速=+0,+0,+0.00 电=7.79V/1.95A/峰2.36 补余=0.0 IO错=0 倾+0.0 自动3/3
[  374.356] TLM t= 253.4 L1·A@-74 L2·A@-70 L3·A@-75 R1·A@-75 R2·A@-70 R3·A@-68 罐=无罐 泵=0 阀=111111 速=+0,+0,+0.00 电=7.78V/1.87A/峰2.36 补余=0.0 IO错=0 倾+0.0 自动3/3
[  374.860] TLM t= 253.9 L1·A@-74 L2·A@-70 L3·A@-75 R1·A@-75 R2·A@-70 R3·A@-67 罐=无罐 泵=0 阀=111111 速=+0,+0,+0.00 电=7.78V/1.95A/峰2.36 补余=0.0 IO错=0 倾+0.0 自动3/3
[  375.381] TLM t= 254.4 L1·A@-74 L2·A@-69 L3·A@-75 R1·A@-75 R2·A@-70 R3·A@-66 罐=无罐 泵=0 阀=111111 速=+0,+0,+0.00 电=7.76V/1.95A/峰2.36 补余=0.0 IO错=0 倾+0.0 自动3/3
[  375.888] TLM t= 254.9 L1·A@-74 L2·A@-69 L3·A@-75 R1·A@-75 R2·A@-69 R3·A@-66 罐=无罐 泵=0 阀=111111 速=+0,+0,+0.00 电=7.75V/1.95A/峰2.36 补余=0.0 IO错=0 倾+0.0 自动3/3
[  376.409] TLM t= 255.4 L1·A@-74 L2·A@-68 L3·A@-75 R1·A@-75 R2·A@-69 R3·A@-65 罐=无罐 泵=0 阀=111111 速=+0,+0,+0.00 电=7.77V/2.04A/峰2.36 补余=0.0 IO错=0 倾+0.0 自动3/3
[  376.913] TLM t= 255.9 L1·A@-73 L2·A@-68 L3·A@-75 R1·A@-75 R2·A@-69 R3·A@-65 罐=无罐 泵=0 阀=111111 速=+0,+0,+0.00 电=7.76V/1.87A/峰2.36 补余=0.0 IO错=0 倾+0.0 自动3/3
[  376.916] EVT 原地抬起受理：R2
[  376.943] EVT 吸附 R2 attached→venting 在态90.52s -68.4kPa
[  376.943] EVT 相位 R2 stance→vent 落点Δ(+0.0,+0.0)
[  376.963] EVT 阀 R2 →排气位
[  377.242] EVT 相位 R2 vent→lift
[  377.364] EVT 吸附 R2 venting→released 在态0.42s 0.0kPa
[  377.430] TLM t= 257.3 L1·A@-73 L2·A@-68 L3·A@-75 R1·A@-75 R2Lr@-- R3·A@-64 罐=无罐 泵=0 阀=111101 速=+0,+0,+0.00 电=7.77V/1.71A/峰2.36 补余=0.0 IO错=0 倾+0.0 自动3/3
[  377.934] TLM t= 257.4 L1·A@-73 L2·A@-67 L3·A@-75 R1·A@-75 R2Lr@-- R3·A@-64 罐=无罐 泵=0 阀=111101 速=+0,+0,+0.00 电=7.76V/1.79A/峰2.36 补余=0.0 IO错=0 倾+0.0 自动3/3
[  378.084] EVT 相位 R2 lift→transfer
[  378.451] TLM t= 257.4 L1·A@-73 L2·A@-67 L3·A@-75 R1·A@-75 R2Tr@-- R3·A@-63 罐=无罐 泵=0 阀=111101 速=+0,+0,+0.00 电=7.77V/1.63A/峰2.36 补余=0.0 IO错=0 倾+0.0 自动3/3
[  378.708] EVT 相位 R2 transfer→hover
[  378.961] TLM t= 257.4 L1·A@-73 L2·A@-66 L3·A@-75 R1·A@-75 R2Hr@-- R3·A@-62 罐=无罐 泵=0 阀=111101 速=+0,+0,+0.00 电=7.78V/1.55A/峰2.36 补余=0.0 IO错=0 倾+0.0 自动3/3
[  379.476] TLM t= 257.4 L1·A@-73 L2·A@-66 L3·A@-75 R1·A@-75 R2Hr@-- R3·A@-62 罐=无罐 泵=0 阀=111101 速=+0,+0,+0.00 电=7.78V/1.71A/峰2.36 补余=0.0 IO错=0 倾+0.0 自动3/3
[  379.709] EVT 落地：R2
[  379.731] EVT 相位 R2 hover→descend
[  379.981] TLM t= 257.4 L1·A@-73 L2·A@-65 L3·A@-75 R1·A@-75 R2Dr@-- R3·A@-61 罐=无罐 泵=0 阀=111101 速=+0,+0,+0.00 电=7.77V/1.79A/峰2.36 补余=0.0 IO错=0 倾+0.0 自动3/3
[  380.213] EVT 相位 R2 descend→press
[  380.503] TLM t= 257.4 L1·A@-72 L2·A@-65 L3·A@-75 R1·A@-75 R2Pr@-- R3·A@-61 罐=无罐 泵=0 阀=111101 速=+0,+0,+0.00 电=7.78V/1.71A/峰2.36 补余=0.0 IO错=0 倾+0.0 自动3/3
[  381.015] TLM t= 257.4 L1·A@-72 L2·A@-65 L3·A@-75 R1·A@-75 R2Pr@-- R3·A@-60 罐=无罐 泵=0 阀=111101 速=+0,+0,+0.00 电=7.77V/1.71A/峰2.36 补余=0.0 IO错=0 倾+0.0 自动3/3
[  381.068] EVT 泵 开 最差盘压-60.0
[  381.471] EVT 吸附 R2 released→pressing 在态4.04s 0.0kPa
[  381.472] EVT 相位 R2 press→wait
[  381.539] TLM t= 257.4 L1·A@-72 L2·A@-70 L3·A@-75 R1·A@-75 R2Wp@-- R3·A@-68 罐=无罐 泵=1 阀=111101 速=+0,+0,+0.00 电=7.75V/1.79A/峰2.36 补余=0.0 IO错=0 倾+0.0 自动3/3
[  381.807] EVT 吸附 R2 pressing→sucking 在态0.32s 0.0kPa
[  381.807] EVT 阀 R2 →抽气位
[  382.060] TLM t= 257.4 L1·A@-75 L2·A@-75 L3·A@-75 R1·A@-75 R2Ws@-67 R3·A@-74 罐=无罐 泵=1 阀=111111 速=+0,+0,+0.00 电=7.70V/1.63A/峰2.36 补余=0.0 IO错=0 倾+0.0 自动3/3
[  382.070] EVT 吸附 R2 sucking→attached 在态0.26s -66.6kPa
[  382.071] EVT 相位 R2 wait→stance
[  382.071] EVT 抬落完成，轮到 L3
[  382.561] TLM t= 257.9 L1·A@-76 L2·A@-76 L3·A@-76 R1·A@-75 R2·A@-76 R3·A@-76 罐=无罐 泵=1 阀=111111 速=+0,+0,+0.00 电=7.69V/1.55A/峰2.36 补余=0.0 IO错=0 倾+0.0 自动3/3
[  382.593] EVT 泵 停 最差盘压-75.5
[  383.061] TLM t= 258.4 L1·A@-77 L2·A@-76 L3·A@-77 R1·A@-76 R2·A@-76 R3·A@-76 罐=无罐 泵=0 阀=111111 速=+0,+0,+0.00 电=7.78V/1.71A/峰2.36 补余=0.0 IO错=0 倾+0.0 自动3/3
[  383.570] TLM t= 258.9 L1·A@-76 L2·A@-76 L3·A@-76 R1·A@-76 R2·A@-75 R3·A@-75 罐=无罐 泵=0 阀=111111 速=+0,+0,+0.00 电=7.77V/1.79A/峰2.36 补余=0.0 IO错=0 倾+0.0 自动3/3
[  384.071] TLM t= 259.4 L1·A@-76 L2·A@-75 L3·A@-76 R1·A@-76 R2·A@-75 R3·A@-75 罐=无罐 泵=0 阀=111111 速=+0,+0,+0.00 电=7.78V/1.63A/峰2.36 补余=0.0 IO错=0 倾+0.0 自动3/3
[  384.592] TLM t= 259.9 L1·A@-76 L2·A@-75 L3·A@-76 R1·A@-76 R2·A@-74 R3·A@-74 罐=无罐 泵=0 阀=111111 速=+0,+0,+0.00 电=7.79V/1.79A/峰2.36 补余=0.0 IO错=0 倾+0.0 自动3/3
[  385.098] TLM t= 260.4 L1·A@-76 L2·A@-74 L3·A@-76 R1·A@-76 R2·A@-74 R3·A@-74 罐=无罐 泵=0 阀=111111 速=+0,+0,+0.00 电=7.78V/1.79A/峰2.36 补余=0.0 IO错=0 倾+0.0 自动3/3
[  385.616] TLM t= 260.9 L1·A@-76 L2·A@-74 L3·A@-76 R1·A@-76 R2·A@-74 R3·A@-73 罐=无罐 泵=0 阀=111111 速=+0,+0,+0.00 电=7.77V/1.63A/峰2.36 补余=0.0 IO错=0 倾+0.0 自动3/3
[  386.123] TLM t= 261.4 L1·A@-76 L2·A@-74 L3·A@-76 R1·A@-76 R2·A@-73 R3·A@-72 罐=无罐 泵=0 阀=111111 速=+0,+0,+0.00 电=7.78V/1.71A/峰2.36 补余=0.0 IO错=0 倾+0.0 自动3/3
[  386.644] TLM t= 261.9 L1·A@-76 L2·A@-73 L3·A@-76 R1·A@-76 R2·A@-73 R3·A@-72 罐=无罐 泵=0 阀=111111 速=+0,+0,+0.00 电=7.78V/1.63A/峰2.36 补余=0.0 IO错=0 倾+0.0 自动3/3
[  387.147] TLM t= 262.4 L1·A@-76 L2·A@-73 L3·A@-76 R1·A@-76 R2·A@-72 R3·A@-71 罐=无罐 泵=0 阀=111111 速=+0,+0,+0.00 电=7.78V/1.79A/峰2.36 补余=0.0 IO错=0 倾+0.0 自动3/3
[  387.667] TLM t= 263.0 L1·A@-76 L2·A@-72 L3·A@-76 R1·A@-76 R2·A@-72 R3·A@-70 罐=无罐 泵=0 阀=111111 速=+0,+0,+0.00 电=7.79V/1.63A/峰2.36 补余=0.0 IO错=0 倾+0.0 自动3/3
[  388.172] TLM t= 263.5 L1·A@-75 L2·A@-72 L3·A@-76 R1·A@-75 R2·A@-71 R3·A@-70 罐=无罐 泵=0 阀=111111 速=+0,+0,+0.00 电=7.79V/1.55A/峰2.36 补余=0.0 IO错=0 倾+0.0 自动3/3
[  388.694] TLM t= 264.0 L1·A@-75 L2·A@-71 L3·A@-76 R1·A@-75 R2·A@-71 R3·A@-69 罐=无罐 泵=0 阀=111111 速=+0,+0,+0.00 电=7.78V/1.79A/峰2.36 补余=0.0 IO错=0 倾+0.0 自动3/3
[  389.198] TLM t= 264.5 L1·A@-75 L2·A@-71 L3·A@-76 R1·A@-75 R2·A@-71 R3·A@-69 罐=无罐 泵=0 阀=111111 速=+0,+0,+0.00 电=7.77V/1.71A/峰2.36 补余=0.0 IO错=0 倾+0.0 自动3/3
[  389.719] TLM t= 265.0 L1·A@-75 L2·A@-70 L3·A@-76 R1·A@-75 R2·A@-70 R3·A@-68 罐=无罐 泵=0 阀=111111 速=+0,+0,+0.00 电=7.77V/1.63A/峰2.36 补余=0.0 IO错=0 倾+0.0 自动3/3
[  390.223] TLM t= 265.5 L1·A@-75 L2·A@-70 L3·A@-76 R1·A@-75 R2·A@-70 R3·A@-67 罐=无罐 泵=0 阀=111111 速=+0,+0,+0.00 电=7.79V/1.79A/峰2.36 补余=0.0 IO错=0 倾+0.0 自动3/3
[  390.742] TLM t= 266.0 L1·A@-75 L2·A@-70 L3·A@-75 R1·A@-75 R2·A@-69 R3·A@-67 罐=无罐 泵=0 阀=111111 速=+0,+0,+0.00 电=7.77V/1.63A/峰2.36 补余=0.0 IO错=0 倾+0.0 自动3/3
[  391.248] TLM t= 266.5 L1·A@-75 L2·A@-69 L3·A@-75 R1·A@-75 R2·A@-69 R3·A@-66 罐=无罐 泵=0 阀=111111 速=+0,+0,+0.00 电=7.79V/1.71A/峰2.36 补余=0.0 IO错=0 倾+0.0 自动3/3
[  391.763] TLM t= 267.0 L1·A@-75 L2·A@-69 L3·A@-75 R1·A@-75 R2·A@-69 R3·A@-65 罐=无罐 泵=0 阀=111111 速=+0,+0,+0.00 电=7.77V/1.63A/峰2.36 补余=0.0 IO错=0 倾+0.0 自动3/3
[  392.094] EVT 原地抬起受理：L3
[  392.117] EVT 吸附 L3 attached→venting 在态90.52s -75.3kPa
[  392.117] EVT 相位 L3 stance→vent 落点Δ(+0.0,+0.0)
[  392.137] EVT 阀 L3 →排气位
[  392.269] TLM t= 268.4 L1·A@-75 L2·A@-68 L3Vv@-75 R1·A@-75 R2·A@-68 R3·A@-65 罐=无罐 泵=0 阀=110111 速=+0,+0,+0.00 电=7.77V/1.63A/峰2.36 补余=0.0 IO错=0 倾+0.0 自动3/3
[  392.418] EVT 相位 L3 vent→lift
[  392.541] EVT 吸附 L3 venting→released 在态0.42s 0.1kPa
[  392.789] TLM t= 268.8 L1·A@-74 L2·A@-68 L3Lr@-- R1·A@-75 R2·A@-68 R3·A@-64 罐=无罐 泵=0 阀=110111 速=+0,+0,+0.00 电=7.77V/1.71A/峰2.36 补余=0.0 IO错=0 倾+0.0 自动3/3
[  393.262] EVT 相位 L3 lift→transfer
[  393.292] TLM t= 268.8 L1·A@-74 L2·A@-67 L3Tr@-- R1·A@-74 R2·A@-68 R3·A@-64 罐=无罐 泵=0 阀=110111 速=+0,+0,+0.00 电=7.78V/1.47A/峰2.36 补余=0.0 IO错=0 倾+0.0 自动3/3
[  393.813] TLM t= 268.8 L1·A@-74 L2·A@-67 L3Tr@-- R1·A@-74 R2·A@-67 R3·A@-63 罐=无罐 泵=0 阀=110111 速=+0,+0,+0.00 电=7.77V/1.71A/峰2.36 补余=0.0 IO错=0 倾+0.0 自动3/3
[  393.883] EVT 相位 L3 transfer→hover
[  394.318] TLM t= 268.8 L1·A@-74 L2·A@-66 L3Hr@-- R1·A@-74 R2·A@-67 R3·A@-62 罐=无罐 泵=0 阀=110111 速=+0,+0,+0.00 电=7.77V/1.55A/峰2.36 补余=0.0 IO错=0 倾+0.0 自动3/3
[  394.833] TLM t= 268.8 L1·A@-74 L2·A@-66 L3Hr@-- R1·A@-73 R2·A@-66 R3·A@-62 罐=无罐 泵=0 阀=110111 速=+0,+0,+0.00 电=7.77V/1.55A/峰2.36 补余=0.0 IO错=0 倾+0.0 自动3/3
[  394.887] EVT 落地：L3
[  394.907] EVT 相位 L3 hover→descend
[  395.339] TLM t= 268.8 L1·A@-74 L2·A@-66 L3Dr@-- R1·A@-73 R2·A@-66 R3·A@-61 罐=无罐 泵=0 阀=110111 速=+0,+0,+0.00 电=7.78V/1.63A/峰2.36 补余=0.0 IO错=0 倾+0.0 自动3/3
[  395.388] EVT 相位 L3 descend→press
[  395.860] TLM t= 268.8 L1·A@-74 L2·A@-65 L3Pr@-- R1·A@-72 R2·A@-66 R3·A@-61 罐=无罐 泵=0 阀=110111 速=+0,+0,+0.00 电=7.77V/1.63A/峰2.36 补余=0.0 IO错=0 倾+0.0 自动3/3
[  396.332] EVT 泵 开 最差盘压-60.0
[  396.358] TLM t= 268.8 L1·A@-74 L2·A@-65 L3Pr@-- R1·A@-72 R2·A@-65 R3·A@-60 罐=无罐 泵=1 阀=110111 速=+0,+0,+0.00 电=7.63V/1.55A/峰2.36 补余=0.0 IO错=0 倾+0.0 自动3/3
[  396.592] EVT 吸附 L3 released→pressing 在态4.04s 0.1kPa
[  396.593] EVT 相位 L3 press→wait
[  396.883] TLM t= 268.8 L1·A@-74 L2·A@-71 L3Wp@-- R1·A@-71 R2·A@-71 R3·A@-71 罐=无罐 泵=1 阀=110111 速=+0,+0,+0.00 电=7.68V/1.63A/峰2.36 补余=0.0 IO错=0 倾+0.0 自动3/3
[  396.913] EVT 吸附 L3 pressing→sucking 在态0.32s 0.1kPa
[  396.914] EVT 阀 L3 →抽气位
[  397.211] EVT 吸附 L3 sucking→attached 在态0.30s -59.9kPa
[  397.215] EVT 相位 L3 wait→stance
[  397.215] EVT 抬落完成，轮到 R1
[  397.389] TLM t= 269.0 L1·A@-74 L2·A@-72 L3·A@-69 R1·A@-71 R2·A@-72 R3·A@-72 罐=无罐 泵=1 阀=111111 速=+0,+0,+0.00 电=7.76V/1.55A/峰2.36 补余=0.0 IO错=0 倾+0.0 自动3/3
[  397.841] EVT 泵 停 最差盘压-75.3
[  397.909] TLM t= 269.5 L1·A@-76 L2·A@-76 L3·A@-76 R1·A@-76 R2·A@-76 R3·A@-76 罐=无罐 泵=0 阀=111111 速=+0,+0,+0.00 电=7.79V/1.38A/峰2.36 补余=0.0 IO错=0 倾+0.0 自动3/3
[  398.428] TLM t= 270.0 L1·A@-76 L2·A@-76 L3·A@-76 R1·A@-76 R2·A@-76 R3·A@-76 罐=无罐 泵=0 阀=111111 速=+0,+0,+0.00 电=7.78V/1.55A/峰2.36 补余=0.0 IO错=0 倾+0.0 自动3/3
[  398.934] TLM t= 270.5 L1·A@-76 L2·A@-75 L3·A@-76 R1·A@-75 R2·A@-75 R3·A@-75 罐=无罐 泵=0 阀=111111 速=+0,+0,+0.00 电=7.77V/1.55A/峰2.36 补余=0.0 IO错=0 倾+0.0 自动3/3
[  399.434] TLM t= 271.0 L1·A@-76 L2·A@-75 L3·A@-76 R1·A@-75 R2·A@-75 R3·A@-74 罐=无罐 泵=0 阀=111111 速=+0,+0,+0.00 电=7.78V/1.55A/峰2.36 补余=0.0 IO错=0 倾+0.0 自动3/3
[  399.963] TLM t= 271.5 L1·A@-76 L2·A@-75 L3·A@-76 R1·A@-75 R2·A@-74 R3·A@-74 罐=无罐 泵=0 阀=111111 速=+0,+0,+0.00 电=7.77V/1.47A/峰2.36 补余=0.0 IO错=0 倾+0.0 自动3/3
[  400.466] TLM t= 272.0 L1·A@-76 L2·A@-74 L3·A@-75 R1·A@-74 R2·A@-74 R3·A@-73 罐=无罐 泵=0 阀=111111 速=+0,+0,+0.00 电=7.77V/1.47A/峰2.36 补余=0.0 IO错=0 倾+0.0 自动3/3
[  400.986] TLM t= 272.5 L1·A@-76 L2·A@-74 L3·A@-75 R1·A@-74 R2·A@-74 R3·A@-72 罐=无罐 泵=0 阀=111111 速=+0,+0,+0.00 电=7.79V/1.55A/峰2.36 补余=0.0 IO错=0 倾+0.0 自动3/3
[  401.491] TLM t= 273.0 L1·A@-76 L2·A@-73 L3·A@-75 R1·A@-74 R2·A@-73 R3·A@-72 罐=无罐 泵=0 阀=111111 速=+0,+0,+0.00 电=7.77V/1.55A/峰2.36 补余=0.0 IO错=0 倾+0.0 自动3/3
[  402.014] TLM t= 273.6 L1·A@-75 L2·A@-73 L3·A@-75 R1·A@-73 R2·A@-73 R3·A@-71 罐=无罐 泵=0 阀=111111 速=+0,+0,+0.00 电=7.79V/1.63A/峰2.36 补余=0.0 IO错=0 倾+0.0 自动3/3
[  402.518] TLM t= 274.1 L1·A@-75 L2·A@-72 L3·A@-75 R1·A@-73 R2·A@-72 R3·A@-70 罐=无罐 泵=0 阀=111111 速=+0,+0,+0.00 电=7.79V/1.47A/峰2.36 补余=0.0 IO错=0 倾+0.0 自动3/3
[  403.046] TLM t= 274.6 L1·A@-75 L2·A@-72 L3·A@-75 R1·A@-73 R2·A@-72 R3·A@-70 罐=无罐 泵=0 阀=111111 速=+0,+0,+0.00 电=7.78V/1.55A/峰2.36 补余=0.0 IO错=0 倾+0.0 自动3/3
[  403.549] TLM t= 275.1 L1·A@-75 L2·A@-71 L3·A@-75 R1·A@-73 R2·A@-72 R3·A@-69 罐=无罐 泵=0 阀=111111 速=+0,+0,+0.00 电=7.78V/1.55A/峰2.36 补余=0.0 IO错=0 倾+0.0 自动3/3
[  404.073] TLM t= 275.6 L1·A@-75 L2·A@-71 L3·A@-75 R1·A@-72 R2·A@-71 R3·A@-68 罐=无罐 泵=0 阀=111111 速=+0,+0,+0.00 电=7.79V/1.47A/峰2.36 补余=0.0 IO错=0 倾+0.0 自动3/3
[  404.575] TLM t= 276.1 L1·A@-75 L2·A@-70 L3·A@-75 R1·A@-72 R2·A@-71 R3·A@-68 罐=无罐 泵=0 阀=111111 速=+0,+0,+0.00 电=7.79V/1.47A/峰2.36 补余=0.0 IO错=0 倾+0.0 自动3/3
[  405.100] TLM t= 276.6 L1·A@-75 L2·A@-70 L3·A@-75 R1·A@-72 R2·A@-70 R3·A@-67 罐=无罐 泵=0 阀=111111 速=+0,+0,+0.00 电=7.78V/1.47A/峰2.36 补余=0.0 IO错=0 倾+0.0 自动3/3
[  405.603] TLM t= 277.1 L1·A@-75 L2·A@-70 L3·A@-75 R1·A@-71 R2·A@-70 R3·A@-66 罐=无罐 泵=0 阀=111111 速=+0,+0,+0.00 电=7.77V/1.47A/峰2.36 补余=0.0 IO错=0 倾+0.0 自动3/3
[  406.124] TLM t= 277.6 L1·A@-75 L2·A@-69 L3·A@-75 R1·A@-71 R2·A@-70 R3·A@-66 罐=无罐 泵=0 阀=111111 速=+0,+0,+0.00 电=7.78V/1.47A/峰2.36 补余=0.0 IO错=0 倾+0.0 自动3/3
[  406.624] TLM t= 278.1 L1·A@-75 L2·A@-69 L3·A@-74 R1·A@-71 R2·A@-69 R3·A@-65 罐=无罐 泵=0 阀=111111 速=+0,+0,+0.00 电=7.78V/1.47A/峰2.36 补余=0.0 IO错=0 倾+0.0 自动3/3
[  407.147] TLM t= 278.7 L1·A@-74 L2·A@-68 L3·A@-74 R1·A@-71 R2·A@-69 R3·A@-64 罐=无罐 泵=0 阀=111111 速=+0,+0,+0.00 电=7.79V/1.55A/峰2.36 补余=0.0 IO错=0 倾+0.0 自动3/3
[  407.235] EVT 原地抬起受理：R1
[  407.263] EVT 吸附 R1 attached→venting 在态90.44s -70.6kPa
[  407.263] EVT 相位 R1 stance→vent 落点Δ(+0.0,+0.0)
[  407.283] EVT 阀 R1 →排气位
[  407.561] EVT 相位 R1 vent→lift
[  407.654] TLM t= 280.0 L1·A@-74 L2·A@-68 L3·A@-74 R1Lv@-71 R2·A@-69 R3·A@-64 罐=无罐 泵=0 阀=111011 速=+0,+0,+0.00 电=7.73V/1.95A/峰2.36 补余=0.0 IO错=0 倾+0.0 自动3/3
[  407.684] EVT 吸附 R1 venting→released 在态0.42s -0.2kPa
[  408.169] TLM t= 280.2 L1·A@-74 L2·A@-67 L3·A@-74 R1Lr@-- R2·A@-68 R3·A@-63 罐=无罐 泵=0 阀=111011 速=+0,+0,+0.00 电=7.74V/1.95A/峰2.36 补余=0.0 IO错=0 倾+0.0 自动3/3
[  408.403] EVT 相位 R1 lift→transfer
[  408.677] TLM t= 280.2 L1·A@-74 L2·A@-67 L3·A@-74 R1Tr@-- R2·A@-68 R3·A@-63 罐=无罐 泵=0 阀=111011 速=+0,+0,+0.00 电=7.76V/1.87A/峰2.36 补余=0.0 IO错=0 倾+0.0 自动3/3
[  409.028] EVT 相位 R1 transfer→hover
[  409.194] TLM t= 280.2 L1·A@-74 L2·A@-67 L3·A@-74 R1Hr@-- R2·A@-67 R3·A@-62 罐=无罐 泵=0 阀=111011 速=+0,+0,+0.00 电=7.76V/1.79A/峰2.36 补余=0.0 IO错=0 倾+0.0 自动3/3
[  409.697] TLM t= 280.2 L1·A@-74 L2·A@-66 L3·A@-74 R1Hr@-- R2·A@-67 R3·A@-62 罐=无罐 泵=0 阀=111011 速=+0,+0,+0.00 电=7.75V/1.87A/峰2.36 补余=0.0 IO错=0 倾+0.0 自动3/3
[  410.028] EVT 落地：R1
[  410.051] EVT 相位 R1 hover→descend
[  410.216] TLM t= 280.2 L1·A@-74 L2·A@-66 L3·A@-74 R1Dr@-- R2·A@-67 R3·A@-61 罐=无罐 泵=0 阀=111011 速=+0,+0,+0.00 电=7.75V/1.95A/峰2.36 补余=0.0 IO错=0 倾+0.0 自动3/3
[  410.532] EVT 相位 R1 descend→press
[  410.720] TLM t= 280.2 L1·A@-74 L2·A@-65 L3·A@-74 R1Pr@-- R2·A@-66 R3·A@-60 罐=无罐 泵=0 阀=111011 速=+0,+0,+0.00 电=7.74V/1.87A/峰2.36 补余=0.0 IO错=0 倾+0.0 自动3/3
[  410.991] EVT 泵 开 最差盘压-60.0
[  411.238] TLM t= 280.2 L1·A@-74 L2·A@-65 L3·A@-74 R1Pr@-- R2·A@-66 R3·A@-62 罐=无罐 泵=1 阀=111011 速=+0,+0,+0.00 电=7.68V/1.95A/峰2.36 补余=0.0 IO错=0 倾+0.0 自动3/3
[  411.735] EVT 吸附 R1 released→pressing 在态4.04s -0.2kPa
[  411.735] EVT 相位 R1 press→wait
[  411.745] TLM t= 280.2 L1·A@-74 L2·A@-75 L3·A@-74 R1Wp@-- R2·A@-74 R3·A@-74 罐=无罐 泵=1 阀=111011 速=+0,+0,+0.00 电=7.73V/1.95A/峰2.36 补余=0.0 IO错=0 倾+0.0 自动3/3
[  411.856] EVT 泵 停 最差盘压-75.1
[  412.048] EVT 吸附 R1 pressing→sucking 在态0.32s -0.2kPa
[  412.049] EVT 阀 R1 →抽气位
[  412.076] EVT 泵 开 最差盘压-75.7
[  412.264] TLM t= 280.2 L1·A@-76 L2·A@-76 L3·A@-76 R1Ws@-62 R2·A@-76 R3·A@-75 罐=无罐 泵=1 阀=111111 速=+0,+0,+0.00 电=7.72V/1.79A/峰2.36 补余=0.0 IO错=0 倾+0.0 自动3/3
[  412.412] EVT 吸附 R1 sucking→attached 在态0.36s -68.9kPa
[  412.413] EVT 相位 R1 wait→stance
[  412.413] EVT 抬落完成，轮到 L2
[  412.681] EVT 泵 停 最差盘压-75.4
[  412.771] TLM t= 280.5 L1·A@-76 L2·A@-77 L3·A@-76 R1·A@-76 R2·A@-76 R3·A@-76 罐=无罐 泵=0 阀=111111 速=+0,+0,+0.00 电=7.76V/1.79A/峰2.36 补余=0.0 IO错=0 倾+0.0 自动3/3
[  413.294] TLM t= 281.1 L1·A@-76 L2·A@-76 L3·A@-76 R1·A@-76 R2·A@-76 R3·A@-76 罐=无罐 泵=0 阀=111111 速=+0,+0,+0.00 电=7.77V/1.71A/峰2.36 补余=0.0 IO错=0 倾+0.0 自动3/3
[  413.795] TLM t= 281.6 L1·A@-76 L2·A@-76 L3·A@-76 R1·A@-76 R2·A@-75 R3·A@-75 罐=无罐 泵=0 阀=111111 速=+0,+0,+0.00 电=7.77V/1.87A/峰2.36 补余=0.0 IO错=0 倾+0.0 自动3/3
[  414.319] TLM t= 282.1 L1·A@-76 L2·A@-75 L3·A@-76 R1·A@-75 R2·A@-75 R3·A@-74 罐=无罐 泵=0 阀=111111 速=+0,+0,+0.00 电=7.77V/1.79A/峰2.36 补余=0.0 IO错=0 倾+0.0 自动3/3
[  414.822] TLM t= 282.6 L1·A@-76 L2·A@-75 L3·A@-76 R1·A@-75 R2·A@-75 R3·A@-74 罐=无罐 泵=0 阀=111111 速=+0,+0,+0.00 电=7.77V/1.87A/峰2.36 补余=0.0 IO错=0 倾+0.0 自动3/3
[  415.342] TLM t= 283.1 L1·A@-76 L2·A@-74 L3·A@-76 R1·A@-75 R2·A@-74 R3·A@-73 罐=无罐 泵=0 阀=111111 速=+0,+0,+0.00 电=7.76V/1.71A/峰2.36 补余=0.0 IO错=0 倾+0.0 自动3/3
[  415.844] TLM t= 283.6 L1·A@-76 L2·A@-74 L3·A@-76 R1·A@-75 R2·A@-74 R3·A@-72 罐=无罐 泵=0 阀=111111 速=+0,+0,+0.00 电=7.76V/1.87A/峰2.36 补余=0.0 IO错=0 倾+0.0 自动3/3
[  416.368] TLM t= 284.1 L1·A@-76 L2·A@-73 L3·A@-76 R1·A@-75 R2·A@-73 R3·A@-72 罐=无罐 泵=0 阀=111111 速=+0,+0,+0.00 电=7.76V/1.87A/峰2.36 补余=0.0 IO错=0 倾+0.0 自动3/3
[  416.871] TLM t= 284.6 L1·A@-76 L2·A@-73 L3·A@-76 R1·A@-75 R2·A@-73 R3·A@-71 罐=无罐 泵=0 阀=111111 速=+0,+0,+0.00 电=7.76V/1.87A/峰2.36 补余=0.0 IO错=0 倾+0.0 自动3/3
[  417.397] TLM t= 285.1 L1·A@-76 L2·A@-72 L3·A@-76 R1·A@-75 R2·A@-73 R3·A@-70 罐=无罐 泵=0 阀=111111 速=+0,+0,+0.00 电=7.77V/1.79A/峰2.36 补余=0.0 IO错=0 倾+0.0 自动3/3
[  417.899] TLM t= 285.6 L1·A@-75 L2·A@-72 L3·A@-76 R1·A@-75 R2·A@-72 R3·A@-70 罐=无罐 泵=0 阀=111111 速=+0,+0,+0.00 电=7.77V/1.87A/峰2.36 补余=0.0 IO错=0 倾+0.0 自动3/3
[  418.423] TLM t= 286.2 L1·A@-75 L2·A@-72 L3·A@-76 R1·A@-75 R2·A@-72 R3·A@-69 罐=无罐 泵=0 阀=111111 速=+0,+0,+0.00 电=7.77V/1.87A/峰2.36 补余=0.0 IO错=0 倾+0.0 自动3/3
[  418.927] TLM t= 286.7 L1·A@-75 L2·A@-71 L3·A@-76 R1·A@-75 R2·A@-71 R3·A@-69 罐=无罐 泵=0 阀=111111 速=+0,+0,+0.00 电=7.75V/1.87A/峰2.36 补余=0.0 IO错=0 倾+0.0 自动3/3
[  419.449] TLM t= 287.2 L1·A@-75 L2·A@-71 L3·A@-76 R1·A@-75 R2·A@-71 R3·A@-68 罐=无罐 泵=0 阀=111111 速=+0,+0,+0.00 电=7.75V/1.87A/峰2.36 补余=0.0 IO错=0 倾+0.0 自动3/3
[  419.951] TLM t= 287.7 L1·A@-75 L2·A@-70 L3·A@-76 R1·A@-75 R2·A@-71 R3·A@-67 罐=无罐 泵=0 阀=111111 速=+0,+0,+0.00 电=7.75V/1.87A/峰2.36 补余=0.0 IO错=0 倾+0.0 自动3/3
[  420.473] TLM t= 288.2 L1·A@-75 L2·A@-70 L3·A@-75 R1·A@-75 R2·A@-70 R3·A@-67 罐=无罐 泵=0 阀=111111 速=+0,+0,+0.00 电=7.75V/1.79A/峰2.36 补余=0.0 IO错=0 倾+0.0 自动3/3
[  420.978] TLM t= 288.7 L1·A@-75 L2·A@-69 L3·A@-75 R1·A@-75 R2·A@-70 R3·A@-66 罐=无罐 泵=0 阀=111111 速=+0,+0,+0.00 电=7.76V/1.87A/峰2.36 补余=0.0 IO错=0 倾+0.0 自动3/3
[  421.496] TLM t= 289.2 L1·A@-75 L2·A@-69 L3·A@-75 R1·A@-75 R2·A@-70 R3·A@-65 罐=无罐 泵=0 阀=111111 速=+0,+0,+0.00 电=7.76V/1.87A/峰2.36 补余=0.0 IO错=0 倾+0.0 自动3/3
[  422.000] TLM t= 289.7 L1·A@-75 L2·A@-68 L3·A@-75 R1·A@-74 R2·A@-69 R3·A@-65 罐=无罐 泵=0 阀=111111 速=+0,+0,+0.00 电=7.76V/1.71A/峰2.36 补余=0.0 IO错=0 倾+0.0 自动3/3
[  422.452] EVT 原地抬起受理：L2
[  422.472] EVT 吸附 L2 attached→venting 在态90.46s -68.1kPa
[  422.472] EVT 相位 L2 stance→vent 落点Δ(+0.0,+0.0)
[  422.485] EVT 阀 L2 →排气位
[  422.522] TLM t= 291.1 L1·A@-75 L2Vv@-68 L3·A@-75 R1·A@-74 R2·A@-69 R3·A@-64 罐=无罐 泵=0 阀=101111 速=+0,+0,+0.00 电=7.74V/1.87A/峰2.36 补余=0.0 IO错=0 倾+0.0 自动3/3
[  422.773] EVT 相位 L2 vent→lift
[  422.895] EVT 吸附 L2 venting→released 在态0.42s 0.3kPa
[  423.021] TLM t= 291.6 L1·A@-75 L2Lr@-- L3·A@-75 R1·A@-74 R2·A@-68 R3·A@-64 罐=无罐 泵=0 阀=101111 速=+0,+0,+0.00 电=7.77V/1.79A/峰2.36 补余=0.0 IO错=0 倾+0.0 自动3/3
[  423.550] TLM t= 291.6 L1·A@-75 L2Lr@-- L3·A@-75 R1·A@-74 R2·A@-68 R3·A@-63 罐=无罐 泵=0 阀=101111 速=+0,+0,+0.00 电=7.76V/1.71A/峰2.36 补余=0.0 IO错=0 倾+0.0 自动3/3
[  423.623] EVT 相位 L2 lift→transfer
[  424.058] TLM t= 291.6 L1·A@-74 L2Tr@-- L3·A@-75 R1·A@-74 R2·A@-68 R3·A@-62 罐=无罐 泵=0 阀=101111 速=+0,+0,+0.00 电=7.76V/1.55A/峰2.36 补余=0.0 IO错=0 倾+0.0 自动3/3
[  424.240] EVT 相位 L2 transfer→hover
[  424.577] TLM t= 291.6 L1·A@-74 L2Hr@-- L3·A@-75 R1·A@-74 R2·A@-67 R3·A@-62 罐=无罐 泵=0 阀=101111 速=+0,+0,+0.00 电=7.77V/1.63A/峰2.36 补余=0.0 IO错=0 倾+0.0 自动3/3
[  425.077] TLM t= 291.6 L1·A@-74 L2Hr@-- L3·A@-75 R1·A@-74 R2·A@-67 R3·A@-61 罐=无罐 泵=0 阀=101111 速=+0,+0,+0.00 电=7.77V/1.55A/峰2.36 补余=0.0 IO错=0 倾+0.0 自动3/3
[  425.249] EVT 落地：L2
[  425.264] EVT 相位 L2 hover→descend
[  425.601] TLM t= 291.6 L1·A@-74 L2Dr@-- L3·A@-75 R1·A@-74 R2·A@-67 R3·A@-60 罐=无罐 泵=0 阀=101111 速=+0,+0,+0.00 电=7.76V/1.71A/峰2.36 补余=0.0 IO错=0 倾+0.0 自动3/3
[  425.747] EVT 相位 L2 descend→press
[  425.895] EVT 泵 开 最差盘压-59.9
[  426.103] TLM t= 291.6 L1·A@-74 L2Pr@-- L3·A@-75 R1·A@-74 R2·A@-66 R3·A@-60 罐=无罐 泵=1 阀=101111 速=+0,+0,+0.00 电=7.71V/1.79A/峰2.36 补余=0.0 IO错=0 倾+0.0 自动3/3
[  426.625] TLM t= 291.6 L1·A@-74 L2Pr@-- L3·A@-75 R1·A@-74 R2·A@-75 R3·A@-74 罐=无罐 泵=1 阀=101111 速=+0,+0,+0.00 电=7.74V/1.71A/峰2.36 补余=0.0 IO错=0 倾+0.0 自动3/3
[  426.739] EVT 泵 停 最差盘压-75.3
[  426.951] EVT 吸附 L2 released→pressing 在态4.04s 0.3kPa
[  426.952] EVT 相位 L2 press→wait
[  427.127] TLM t= 291.6 L1·A@-76 L2Wp@-- L3·A@-76 R1·A@-76 R2·A@-76 R3·A@-76 罐=无罐 泵=0 阀=101111 速=+0,+0,+0.00 电=7.76V/1.79A/峰2.36 补余=0.0 IO错=0 倾+0.0 自动3/3
[  427.280] EVT 吸附 L2 pressing→sucking 在态0.32s 0.3kPa
[  427.280] EVT 阀 L2 →抽气位
[  427.300] EVT 泵 开 最差盘压-75.7
[  427.573] EVT 吸附 L2 sucking→attached 在态0.30s -67.6kPa
[  427.581] EVT 相位 L2 wait→stance
[  427.581] EVT 抬落完成，轮到 R3
[  427.581] EVT 自动轮换：第 3 轮完成
[  427.648] TLM t= 291.7 L1·A@-76 L2·A@-70 L3·A@-76 R1·A@-76 R2·A@-76 R3·A@-75 罐=无罐 泵=1 阀=111111 速=+0,+0,+0.00 电=7.72V/1.55A/峰2.36 补余=0.0 IO错=0 倾+0.0 自动3/3
[  427.882] EVT 泵 停 最差盘压-75.3
[  428.154] TLM t= 292.2 L1·A@-76 L2·A@-76 L3·A@-76 R1·A@-76 R2·A@-76 R3·A@-76 罐=无罐 泵=0 阀=111111 速=+0,+0,+0.00 电=7.78V/1.63A/峰2.36 补余=0.0 IO错=0 倾+0.0 自动3/3
[  428.672] TLM t= 292.7 L1·A@-76 L2·A@-76 L3·A@-76 R1·A@-76 R2·A@-76 R3·A@-75 罐=无罐 泵=0 阀=111111 速=+0,+0,+0.00 电=7.77V/1.63A/峰2.36 补余=0.0 IO错=0 倾+0.0 自动3/3
[  429.174] TLM t= 293.2 L1·A@-76 L2·A@-75 L3·A@-76 R1·A@-76 R2·A@-75 R3·A@-74 罐=无罐 泵=0 阀=111111 速=+0,+0,+0.00 电=7.76V/1.71A/峰2.36 补余=0.0 IO错=0 倾+0.0 自动3/3
[  429.695] TLM t= 293.7 L1·A@-76 L2·A@-74 L3·A@-76 R1·A@-76 R2·A@-75 R3·A@-74 罐=无罐 泵=0 阀=111111 速=+0,+0,+0.00 电=7.77V/1.55A/峰2.36 补余=0.0 IO错=0 倾+0.0 自动3/3
[  430.203] TLM t= 294.2 L1·A@-76 L2·A@-74 L3·A@-76 R1·A@-76 R2·A@-74 R3·A@-73 罐=无罐 泵=0 阀=111111 速=+0,+0,+0.00 电=7.78V/1.63A/峰2.36 补余=0.0 IO错=0 倾+0.0 自动3/3
[  430.724] TLM t= 294.7 L1·A@-76 L2·A@-73 L3·A@-76 R1·A@-76 R2·A@-74 R3·A@-72 罐=无罐 泵=0 阀=111111 速=+0,+0,+0.00 电=7.76V/1.63A/峰2.36 补余=0.0 IO错=0 倾+0.0 自动3/3
[  431.229] TLM t= 295.2 L1·A@-76 L2·A@-73 L3·A@-76 R1·A@-75 R2·A@-73 R3·A@-72 罐=无罐 泵=0 阀=111111 速=+0,+0,+0.00 电=7.78V/1.63A/峰2.36 补余=0.0 IO错=0 倾+0.0 自动3/3
[  431.752] TLM t= 295.7 L1·A@-75 L2·A@-72 L3·A@-76 R1·A@-75 R2·A@-73 R3·A@-71 罐=无罐 泵=0 阀=111111 速=+0,+0,+0.00 电=7.77V/1.63A/峰2.36 补余=0.0 IO错=0 倾+0.0 自动3/3
[  432.254] TLM t= 296.2 L1·A@-75 L2·A@-72 L3·A@-76 R1·A@-75 R2·A@-73 R3·A@-70 罐=无罐 泵=0 阀=111111 速=+0,+0,+0.00 电=7.76V/1.63A/峰2.36 补余=0.0 IO错=0 倾+0.0 自动3/3
[  432.776] TLM t= 296.8 L1·A@-75 L2·A@-71 L3·A@-76 R1·A@-75 R2·A@-72 R3·A@-69 罐=无罐 泵=0 阀=111111 速=+0,+0,+0.00 电=7.75V/1.71A/峰2.36 补余=0.0 IO错=0 倾+0.0 自动3/3
[  433.278] TLM t= 297.3 L1·A@-75 L2·A@-71 L3·A@-76 R1·A@-75 R2·A@-72 R3·A@-69 罐=无罐 泵=0 阀=111111 速=+0,+0,+0.00 电=7.77V/1.71A/峰2.36 补余=0.0 IO错=0 倾+0.0 自动3/3
[  433.801] TLM t= 297.8 L1·A@-75 L2·A@-70 L3·A@-76 R1·A@-75 R2·A@-72 R3·A@-68 罐=无罐 泵=0 阀=111111 速=+0,+0,+0.00 电=7.76V/1.63A/峰2.36 补余=0.0 IO错=0 倾+0.0 自动3/3
[  434.308] TLM t= 298.3 L1·A@-75 L2·A@-70 L3·A@-76 R1·A@-75 R2·A@-71 R3·A@-67 罐=无罐 泵=0 阀=111111 速=+0,+0,+0.00 电=7.77V/1.55A/峰2.36 补余=0.0 IO错=0 倾+0.0 自动3/3
[  434.830] TLM t= 298.8 L1·A@-75 L2·A@-69 L3·A@-75 R1·A@-75 R2·A@-71 R3·A@-67 罐=无罐 泵=0 阀=111111 速=+0,+0,+0.00 电=7.77V/1.63A/峰2.36 补余=0.0 IO错=0 倾+0.0 自动3/3
[  435.338] TLM t= 299.3 L1·A@-75 L2·A@-69 L3·A@-75 R1·A@-75 R2·A@-70 R3·A@-66 罐=无罐 泵=0 阀=111111 速=+0,+0,+0.00 电=7.77V/1.71A/峰2.36 补余=0.0 IO错=0 倾+0.0 自动3/3
[  435.860] TLM t= 299.8 L1·A@-75 L2·A@-68 L3·A@-75 R1·A@-75 R2·A@-70 R3·A@-65 罐=无罐 泵=0 阀=111111 速=+0,+0,+0.00 电=7.76V/1.71A/峰2.36 补余=0.0 IO错=0 倾+0.0 自动3/3
[  436.365] TLM t= 300.3 L1·A@-74 L2·A@-68 L3·A@-75 R1·A@-75 R2·A@-70 R3·A@-65 罐=无罐 泵=0 阀=111111 速=+0,+0,+0.00 电=7.77V/1.63A/峰2.36 补余=0.0 IO错=0 倾+0.0 自动3/3
[  436.884] TLM t= 300.8 L1·A@-74 L2·A@-68 L3·A@-75 R1·A@-75 R2·A@-69 R3·A@-64 罐=无罐 泵=0 阀=111111 速=+0,+0,+0.00 电=7.78V/1.71A/峰2.36 补余=0.0 IO错=0 倾+0.0 自动3/3
[  437.388] TLM t= 301.3 L1·A@-74 L2·A@-67 L3·A@-75 R1·A@-75 R2·A@-69 R3·A@-63 罐=无罐 泵=0 阀=111111 速=+0,+0,+0.00 电=7.76V/1.63A/峰2.36 补余=0.0 IO错=0 倾+0.0 自动3/3
[  437.908] TLM t= 301.9 L1·A@-74 L2·A@-67 L3·A@-75 R1·A@-75 R2·A@-68 R3·A@-63 罐=无罐 泵=0 阀=111111 速=+0,+0,+0.00 电=7.76V/1.63A/峰2.36 补余=0.0 IO错=0 倾+0.0 自动3/3
[  438.409] TLM t= 302.4 L1·A@-74 L2·A@-66 L3·A@-75 R1·A@-75 R2·A@-68 R3·A@-62 罐=无罐 泵=0 阀=111111 速=+0,+0,+0.00 电=7.77V/1.63A/峰2.36 补余=0.0 IO错=0 倾+0.0 自动3/3
[  438.931] TLM t= 302.9 L1·A@-74 L2·A@-66 L3·A@-75 R1·A@-75 R2·A@-68 R3·A@-61 罐=无罐 泵=0 阀=111111 速=+0,+0,+0.00 电=7.76V/1.63A/峰2.36 补余=0.0 IO错=0 倾+0.0 自动3/3
[  439.437] TLM t= 303.4 L1·A@-74 L2·A@-65 L3·A@-75 R1·A@-75 R2·A@-67 R3·A@-61 罐=无罐 泵=0 阀=111111 速=+0,+0,+0.00 电=7.77V/1.63A/峰2.36 补余=0.0 IO错=0 倾+0.0 自动3/3
[  439.887] EVT 泵 开 最差盘压-59.9
[  439.954] TLM t= 303.9 L1·A@-74 L2·A@-65 L3·A@-75 R1·A@-75 R2·A@-67 R3·A@-60 罐=无罐 泵=1 阀=111111 速=+0,+0,+0.00 电=7.68V/1.63A/峰2.36 补余=0.0 IO错=0 倾+0.0 自动3/3
[  440.458] TLM t= 304.3 L1·A@-74 L2·A@-73 L3·A@-75 R1·A@-75 R2·A@-72 R3·A@-71 罐=无罐 泵=1 阀=111111 速=+0,+0,+0.00 电=7.73V/1.63A/峰2.36 补余=0.0 IO错=0 倾+0.0 自动3/3
[  440.771] EVT 泵 停 最差盘压-75.3
[  440.962] TLM t= 304.8 L1·A@-77 L2·A@-77 L3·A@-76 R1·A@-76 R2·A@-76 R3·A@-76 罐=无罐 泵=0 阀=111111 速=+0,+0,+0.00 电=7.77V/1.63A/峰2.36 补余=0.0 IO错=0 倾+0.0 自动3/3
[  441.094] EVT ⚠ 主环卡顿 151ms（目标 20ms）
[  441.473] TLM t= 305.2 L1·A@-76 L2·A@-76 L3·A@-76 R1·A@-76 R2·A@-76 R3·A@-76 罐=无罐 泵=0 阀=111111 速=+0,+0,+0.00 电=7.78V/1.71A/峰2.36 补余=0.0 IO错=0 倾+0.0 自动3/3
[  441.976] TLM t= 305.7 L1·A@-76 L2·A@-76 L3·A@-76 R1·A@-76 R2·A@-75 R3·A@-75 罐=无罐 泵=0 阀=111111 速=+0,+0,+0.00 电=7.78V/1.71A/峰2.36 补余=0.0 IO错=0 倾+0.0 自动3/3
[  442.501] TLM t= 306.2 L1·A@-76 L2·A@-75 L3·A@-76 R1·A@-76 R2·A@-75 R3·A@-74 罐=无罐 泵=0 阀=111111 速=+0,+0,+0.00 电=7.77V/1.63A/峰2.36 补余=0.0 IO错=0 倾+0.0 自动3/3
[  442.999] TLM t= 306.7 L1·A@-76 L2·A@-75 L3·A@-76 R1·A@-76 R2·A@-75 R3·A@-73 罐=无罐 泵=0 阀=111111 速=+0,+0,+0.00 电=7.77V/1.63A/峰2.36 补余=0.0 IO错=0 倾+0.0 自动3/3
[  443.525] TLM t= 307.3 L1·A@-76 L2·A@-74 L3·A@-76 R1·A@-76 R2·A@-74 R3·A@-73 罐=无罐 泵=0 阀=111111 速=+0,+0,+0.00 电=7.78V/1.95A/峰2.36 补余=0.0 IO错=0 倾+0.0 自动3/3
[  444.027] TLM t= 307.8 L1·A@-76 L2·A@-74 L3·A@-76 R1·A@-76 R2·A@-74 R3·A@-72 罐=无罐 泵=0 阀=111111 速=+0,+0,+0.00 电=7.77V/1.71A/峰2.36 补余=0.0 IO错=0 倾+0.0 自动3/3
[  444.550] TLM t= 308.3 L1·A@-76 L2·A@-73 L3·A@-76 R1·A@-76 R2·A@-73 R3·A@-71 罐=无罐 泵=0 阀=111111 速=+0,+0,+0.00 电=7.76V/1.63A/峰2.36 补余=0.0 IO错=0 倾+0.0 自动3/3
[  445.054] TLM t= 308.8 L1·A@-76 L2·A@-73 L3·A@-76 R1·A@-76 R2·A@-73 R3·A@-71 罐=无罐 泵=0 阀=111111 速=+0,+0,+0.00 电=7.76V/1.63A/峰2.36 补余=0.0 IO错=0 倾+0.0 自动3/3
[  445.552] TLM t= 309.3 L1·A@-76 L2·A@-72 L3·A@-76 R1·A@-76 R2·A@-73 R3·A@-70 罐=无罐 泵=0 阀=111111 速=+0,+0,+0.00 电=7.76V/1.71A/峰2.36 补余=0.0 IO错=0 倾+0.0 自动3/3
[  446.059] TLM t= 309.8 L1·A@-75 L2·A@-72 L3·A@-76 R1·A@-76 R2·A@-72 R3·A@-69 罐=无罐 泵=0 阀=111111 速=+0,+0,+0.00 电=7.76V/1.63A/峰2.36 补余=0.0 IO错=0 倾+0.0 自动3/3
[  446.563] TLM t= 310.3 L1·A@-75 L2·A@-71 L3·A@-76 R1·A@-76 R2·A@-72 R3·A@-69 罐=无罐 泵=0 阀=111111 速=+0,+0,+0.00 电=7.76V/1.71A/峰2.36 补余=0.0 IO错=0 倾+0.0 自动3/3
[  447.084] TLM t= 310.8 L1·A@-75 L2·A@-71 L3·A@-76 R1·A@-75 R2·A@-71 R3·A@-68 罐=无罐 泵=0 阀=111111 速=+0,+0,+0.00 电=7.78V/1.63A/峰2.36 补余=0.0 IO错=0 倾+0.0 自动3/3
[  447.590] TLM t= 311.3 L1·A@-75 L2·A@-70 L3·A@-76 R1·A@-75 R2·A@-71 R3·A@-67 罐=无罐 泵=0 阀=111111 速=+0,+0,+0.00 电=7.76V/1.63A/峰2.36 补余=0.0 IO错=0 倾+0.0 自动3/3
[  448.110] TLM t= 311.8 L1·A@-75 L2·A@-70 L3·A@-76 R1·A@-75 R2·A@-71 R3·A@-67 罐=无罐 泵=0 阀=111111 速=+0,+0,+0.00 电=7.77V/1.55A/峰2.36 补余=0.0 IO错=0 倾+0.0 自动3/3
[  448.612] TLM t= 312.3 L1·A@-75 L2·A@-69 L3·A@-76 R1·A@-75 R2·A@-70 R3·A@-66 罐=无罐 泵=0 阀=111111 速=+0,+0,+0.00 电=7.77V/1.63A/峰2.36 补余=0.0 IO错=0 倾+0.0 自动3/3
[  449.135] TLM t= 312.8 L1·A@-75 L2·A@-69 L3·A@-76 R1·A@-75 R2·A@-70 R3·A@-65 罐=无罐 泵=0 阀=111111 速=+0,+0,+0.00 电=7.76V/1.63A/峰2.36 补余=0.0 IO错=0 倾+0.0 自动3/3
[  449.637] TLM t= 313.3 L1·A@-75 L2·A@-69 L3·A@-75 R1·A@-75 R2·A@-70 R3·A@-64 罐=无罐 泵=0 阀=111111 速=+0,+0,+0.00 电=7.77V/1.63A/峰2.36 补余=0.0 IO错=0 倾+0.0 自动3/3
[  450.159] TLM t= 313.9 L1·A@-75 L2·A@-68 L3·A@-75 R1·A@-75 R2·A@-69 R3·A@-64 罐=无罐 泵=0 阀=111111 速=+0,+0,+0.00 电=7.77V/1.55A/峰2.36 补余=0.0 IO错=0 倾+0.0 自动3/3
[  450.662] TLM t= 314.4 L1·A@-75 L2·A@-68 L3·A@-75 R1·A@-75 R2·A@-69 R3·A@-63 罐=无罐 泵=0 阀=111111 速=+0,+0,+0.00 电=7.78V/1.63A/峰2.36 补余=0.0 IO错=0 倾+0.0 自动3/3
[  451.186] TLM t= 314.9 L1·A@-74 L2·A@-67 L3·A@-75 R1·A@-75 R2·A@-68 R3·A@-62 罐=无罐 泵=0 阀=111111 速=+0,+0,+0.00 电=7.77V/1.63A/峰2.36 补余=0.0 IO错=0 倾+0.0 自动3/3
[  451.696] TLM t= 315.4 L1·A@-74 L2·A@-67 L3·A@-75 R1·A@-75 R2·A@-68 R3·A@-62 罐=无罐 泵=0 阀=111111 速=+0,+0,+0.00 电=7.77V/1.71A/峰2.36 补余=0.0 IO错=0 倾+0.0 自动3/3
[  452.218] TLM t= 315.9 L1·A@-74 L2·A@-66 L3·A@-75 R1·A@-75 R2·A@-68 R3·A@-61 罐=无罐 泵=0 阀=111111 速=+0,+0,+0.00 电=7.77V/1.63A/峰2.36 补余=0.0 IO错=0 倾+0.0 自动3/3
[  452.720] TLM t= 316.4 L1·A@-74 L2·A@-66 L3·A@-75 R1·A@-75 R2·A@-67 R3·A@-60 罐=无罐 泵=0 阀=111111 速=+0,+0,+0.00 电=7.75V/1.63A/峰2.36 补余=0.0 IO错=0 倾+0.0 自动3/3
[  453.073] EVT 泵 开 最差盘压-59.9
[  453.243] TLM t= 316.9 L1·A@-74 L2·A@-65 L3·A@-75 R1·A@-75 R2·A@-67 R3·A@-60 罐=无罐 泵=1 阀=111111 速=+0,+0,+0.00 电=7.73V/1.71A/峰2.36 补余=0.0 IO错=0 倾+0.0 自动3/3
[  453.746] TLM t= 317.4 L1·A@-74 L2·A@-74 L3·A@-75 R1·A@-75 R2·A@-74 R3·A@-73 罐=无罐 泵=1 阀=111111 速=+0,+0,+0.00 电=7.69V/1.87A/峰2.36 补余=0.0 IO错=0 倾+0.0 自动3/3
[  453.917] EVT 泵 停 最差盘压-75.0
[  454.265] TLM t= 317.9 L1·A@-76 L2·A@-76 L3·A@-76 R1·A@-76 R2·A@-76 R3·A@-76 罐=无罐 泵=0 阀=111111 速=+0,+0,+0.00 电=7.77V/1.63A/峰2.36 补余=0.0 IO错=0 倾+0.0 自动3/3
[  454.767] TLM t= 318.4 L1·A@-76 L2·A@-76 L3·A@-76 R1·A@-76 R2·A@-76 R3·A@-75 罐=无罐 泵=0 阀=111111 速=+0,+0,+0.00 电=7.76V/1.71A/峰2.36 补余=0.0 IO错=0 倾+0.0 自动3/3
[  455.291] TLM t= 319.0 L1·A@-76 L2·A@-75 L3·A@-76 R1·A@-76 R2·A@-75 R3·A@-74 罐=无罐 泵=0 阀=111111 速=+0,+0,+0.00 电=7.77V/1.63A/峰2.36 补余=0.0 IO错=0 倾+0.0 自动3/3
[  455.791] TLM t= 319.5 L1·A@-76 L2·A@-75 L3·A@-76 R1·A@-76 R2·A@-75 R3·A@-74 罐=无罐 泵=0 阀=111111 速=+0,+0,+0.00 电=7.77V/1.71A/峰2.36 补余=0.0 IO错=0 倾+0.0 自动3/3
[  456.318] TLM t= 320.0 L1·A@-76 L2·A@-74 L3·A@-76 R1·A@-76 R2·A@-74 R3·A@-73 罐=无罐 泵=0 阀=111111 速=+0,+0,+0.00 电=7.76V/1.63A/峰2.36 补余=0.0 IO错=0 倾+0.0 自动3/3
[  456.823] TLM t= 320.5 L1·A@-76 L2·A@-74 L3·A@-76 R1·A@-75 R2·A@-74 R3·A@-72 罐=无罐 泵=0 阀=111111 速=+0,+0,+0.00 电=7.76V/1.63A/峰2.36 补余=0.0 IO错=0 倾+0.0 自动3/3
[  457.345] TLM t= 321.0 L1·A@-76 L2·A@-73 L3·A@-76 R1·A@-75 R2·A@-73 R3·A@-72 罐=无罐 泵=0 阀=111111 速=+0,+0,+0.00 电=7.76V/1.71A/峰2.36 补余=0.0 IO错=0 倾+0.0 自动3/3
[  457.599] EVT 实验序列完成
[  457.846] TLM t= 321.5 L1·A@-75 L2·A@-73 L3·A@-76 R1·A@-75 R2·A@-73 R3·A@-71 罐=无罐 泵=0 阀=111111 速=+0,+0,+0.00 电=7.77V/1.71A/峰2.36 补余=0.0 IO错=0 倾+0.0
[  458.374] TLM t= 322.0 L1·A@-75 L2·A@-72 L3·A@-76 R1·A@-75 R2·A@-73 R3·A@-70 罐=无罐 泵=0 阀=111111 速=+0,+0,+0.00 电=7.77V/1.63A/峰2.36 补余=0.0 IO错=0 倾+0.0
[  458.874] TLM t= 322.5 L1·A@-75 L2·A@-72 L3·A@-76 R1·A@-75 R2·A@-72 R3·A@-69 罐=无罐 泵=0 阀=111111 速=+0,+0,+0.00 电=7.76V/1.71A/峰2.36 补余=0.0 IO错=0 倾+0.0
[  459.398] TLM t= 323.0 L1·A@-75 L2·A@-71 L3·A@-76 R1·A@-75 R2·A@-72 R3·A@-69 罐=无罐 泵=0 阀=111111 速=+0,+0,+0.00 电=7.77V/1.71A/峰2.36 补余=0.0 IO错=0 倾+0.0
[  459.902] TLM t= 323.5 L1·A@-75 L2·A@-71 L3·A@-76 R1·A@-75 R2·A@-71 R3·A@-68 罐=无罐 泵=0 阀=111111 速=+0,+0,+0.00 电=7.77V/1.63A/峰2.36 补余=0.0 IO错=0 倾+0.0
[  460.421] TLM t= 324.1 L1·A@-75 L2·A@-70 L3·A@-76 R1·A@-75 R2·A@-71 R3·A@-68 罐=无罐 泵=0 阀=111111 速=+0,+0,+0.00 电=7.77V/1.71A/峰2.36 补余=0.0 IO错=0 倾+0.0
[  460.925] TLM t= 324.6 L1·A@-75 L2·A@-70 L3·A@-75 R1·A@-75 R2·A@-71 R3·A@-67 罐=无罐 泵=0 阀=111111 速=+0,+0,+0.00 电=7.76V/1.71A/峰2.36 补余=0.0 IO错=0 倾+0.0
[  461.445] TLM t= 325.1 L1·A@-75 L2·A@-70 L3·A@-75 R1·A@-75 R2·A@-70 R3·A@-66 罐=无罐 泵=0 阀=111111 速=+0,+0,+0.00 电=7.77V/1.63A/峰2.36 补余=0.0 IO错=0 倾+0.0
[  461.950] TLM t= 325.6 L1·A@-75 L2·A@-69 L3·A@-75 R1·A@-75 R2·A@-70 R3·A@-65 罐=无罐 泵=0 阀=111111 速=+0,+0,+0.00 电=7.77V/1.71A/峰2.36 补余=0.0 IO错=0 倾+0.0
[  462.475] TLM t= 326.1 L1·A@-75 L2·A@-69 L3·A@-75 R1·A@-75 R2·A@-70 R3·A@-65 罐=无罐 泵=0 阀=111111 速=+0,+0,+0.00 电=7.76V/1.63A/峰2.36 补余=0.0 IO错=0 倾+0.0
[  462.987] TLM t= 326.6 L1·A@-75 L2·A@-68 L3·A@-75 R1·A@-75 R2·A@-69 R3·A@-64 罐=无罐 泵=0 阀=111111 速=+0,+0,+0.00 电=7.76V/1.63A/峰2.36 补余=0.0 IO错=0 倾+0.0
[  463.486] TLM t= 327.1 L1·A@-74 L2·A@-68 L3·A@-75 R1·A@-75 R2·A@-69 R3·A@-63 罐=无罐 泵=0 阀=111111 速=+0,+0,+0.00 电=7.76V/1.63A/峰2.36 补余=0.0 IO错=0 倾+0.0
[  464.009] TLM t= 327.6 L1·A@-74 L2·A@-67 L3·A@-75 R1·A@-75 R2·A@-68 R3·A@-63 罐=无罐 泵=0 阀=111111 速=+0,+0,+0.00 电=7.77V/1.63A/峰2.36 补余=0.0 IO错=0 倾+0.0
[  464.511] TLM t= 328.1 L1·A@-74 L2·A@-67 L3·A@-75 R1·A@-75 R2·A@-68 R3·A@-62 罐=无罐 泵=0 阀=111111 速=+0,+0,+0.00 电=7.75V/1.71A/峰2.36 补余=0.0 IO错=0 倾+0.0
[  465.034] TLM t= 328.6 L1·A@-74 L2·A@-67 L3·A@-75 R1·A@-75 R2·A@-68 R3·A@-61 罐=无罐 泵=0 阀=111111 速=+0,+0,+0.00 电=7.76V/1.71A/峰2.36 补余=0.0 IO错=0 倾+0.0
[  465.536] TLM t= 329.1 L1·A@-74 L2·A@-66 L3·A@-75 R1·A@-75 R2·A@-67 R3·A@-61 罐=无罐 泵=0 阀=111111 速=+0,+0,+0.00 电=7.76V/1.63A/峰2.36 补余=0.0 IO错=0 倾+0.0
[  466.061] TLM t= 329.7 L1·A@-74 L2·A@-66 L3·A@-75 R1·A@-75 R2·A@-67 R3·A@-60 罐=无罐 泵=0 阀=111111 速=+0,+0,+0.00 电=7.76V/1.71A/峰2.36 补余=0.0 IO错=0 倾+0.0
[  466.110] EVT 泵 开 最差盘压-60.0
[  466.560] TLM t= 330.2 L1·A@-74 L2·A@-70 L3·A@-75 R1·A@-75 R2·A@-69 R3·A@-68 罐=无罐 泵=1 阀=111111 速=+0,+0,+0.00 电=7.73V/1.63A/峰2.36 补余=0.0 IO错=0 倾+0.0
[  467.017] EVT 泵 停 最差盘压-75.5
[  467.090] TLM t= 330.7 L1·A@-76 L2·A@-77 L3·A@-76 R1·A@-76 R2·A@-77 R3·A@-76 罐=无罐 泵=0 阀=111111 速=+0,+0,+0.00 电=7.76V/1.71A/峰2.36 补余=0.0 IO错=0 倾+0.0
[  467.591] TLM t= 331.2 L1·A@-77 L2·A@-76 L3·A@-77 R1·A@-76 R2·A@-76 R3·A@-76 罐=无罐 泵=0 阀=111111 速=+0,+0,+0.00 电=7.76V/1.63A/峰2.36 补余=0.0 IO错=0 倾+0.0
[  468.111] TLM t= 331.7 L1·A@-76 L2·A@-76 L3·A@-77 R1·A@-76 R2·A@-76 R3·A@-75 罐=无罐 泵=0 阀=111111 速=+0,+0,+0.00 电=7.76V/1.63A/峰2.36 补余=0.0 IO错=0 倾+0.0
[  468.615] TLM t= 332.2 L1·A@-76 L2·A@-75 L3·A@-76 R1·A@-76 R2·A@-75 R3·A@-74 罐=无罐 泵=0 阀=111111 速=+0,+0,+0.00 电=7.75V/1.63A/峰2.36 补余=0.0 IO错=0 倾+0.0
[  469.139] TLM t= 332.7 L1·A@-76 L2·A@-75 L3·A@-76 R1·A@-76 R2·A@-75 R3·A@-74 罐=无罐 泵=0 阀=111111 速=+0,+0,+0.00 电=7.76V/1.63A/峰2.36 补余=0.0 IO错=0 倾+0.0
[  469.637] TLM t= 333.2 L1·A@-76 L2·A@-74 L3·A@-76 R1·A@-76 R2·A@-74 R3·A@-73 罐=无罐 泵=0 阀=111111 速=+0,+0,+0.00 电=7.74V/1.63A/峰2.36 补余=0.0 IO错=0 倾+0.0
[  470.163] TLM t= 333.7 L1·A@-76 L2·A@-74 L3·A@-76 R1·A@-76 R2·A@-74 R3·A@-72 罐=无罐 泵=0 阀=111111 速=+0,+0,+0.00 电=7.77V/1.63A/峰2.36 补余=0.0 IO错=0 倾+0.0
[  470.662] TLM t= 334.2 L1·A@-76 L2·A@-73 L3·A@-76 R1·A@-76 R2·A@-74 R3·A@-72 罐=无罐 泵=0 阀=111111 速=+0,+0,+0.00 电=7.76V/1.63A/峰2.36 补余=0.0 IO错=0 倾+0.0
[  471.185] TLM t= 334.8 L1·A@-76 L2·A@-73 L3·A@-76 R1·A@-76 R2·A@-73 R3·A@-71 罐=无罐 泵=0 阀=111111 速=+0,+0,+0.00 电=7.76V/1.63A/峰2.36 补余=0.0 IO错=0 倾+0.0
[  471.689] TLM t= 335.3 L1·A@-76 L2·A@-72 L3·A@-76 R1·A@-76 R2·A@-73 R3·A@-70 罐=无罐 泵=0 阀=111111 速=+0,+0,+0.00 电=7.76V/1.55A/峰2.36 补余=0.0 IO错=0 倾+0.0
[  472.210] TLM t= 335.8 L1·A@-76 L2·A@-72 L3·A@-76 R1·A@-76 R2·A@-72 R3·A@-70 罐=无罐 泵=0 阀=111111 速=+0,+0,+0.00 电=7.75V/1.63A/峰2.36 补余=0.0 IO错=0 倾+0.0
[  472.714] TLM t= 336.3 L1·A@-76 L2·A@-72 L3·A@-76 R1·A@-76 R2·A@-72 R3·A@-69 罐=无罐 泵=0 阀=111111 速=+0,+0,+0.00 电=7.75V/1.55A/峰2.36 补余=0.0 IO错=0 倾+0.0
[  473.240] TLM t= 336.8 L1·A@-75 L2·A@-71 L3·A@-76 R1·A@-76 R2·A@-72 R3·A@-68 罐=无罐 泵=0 阀=111111 速=+0,+0,+0.00 电=7.76V/1.63A/峰2.36 补余=0.0 IO错=0 倾+0.0
[  473.740] TLM t= 337.3 L1·A@-75 L2·A@-71 L3·A@-76 R1·A@-76 R2·A@-71 R3·A@-68 罐=无罐 泵=0 阀=111111 速=+0,+0,+0.00 电=7.76V/1.63A/峰2.36 补余=0.0 IO错=0 倾+0.0
[  474.262] TLM t= 337.8 L1·A@-75 L2·A@-70 L3·A@-76 R1·A@-76 R2·A@-71 R3·A@-67 罐=无罐 泵=0 阀=111111 速=+0,+0,+0.00 电=7.75V/1.71A/峰2.36 补余=0.0 IO错=0 倾+0.0
[  474.766] TLM t= 338.3 L1·A@-75 L2·A@-70 L3·A@-76 R1·A@-76 R2·A@-71 R3·A@-66 罐=无罐 泵=0 阀=111111 速=+0,+0,+0.00 电=7.76V/1.55A/峰2.36 补余=0.0 IO错=0 倾+0.0
[  475.289] TLM t= 338.8 L1·A@-75 L2·A@-69 L3·A@-76 R1·A@-76 R2·A@-70 R3·A@-66 罐=无罐 泵=0 阀=111111 速=+0,+0,+0.00 电=7.77V/1.47A/峰2.36 补余=0.0 IO错=0 倾+0.0
[  475.790] TLM t= 339.3 L1·A@-75 L2·A@-69 L3·A@-76 R1·A@-76 R2·A@-70 R3·A@-65 罐=无罐 泵=0 阀=111111 速=+0,+0,+0.00 电=7.77V/1.55A/峰2.36 补余=0.0 IO错=0 倾+0.0
[  476.313] TLM t= 339.9 L1·A@-75 L2·A@-68 L3·A@-76 R1·A@-75 R2·A@-69 R3·A@-64 罐=无罐 泵=0 阀=111111 速=+0,+0,+0.00 电=7.76V/1.47A/峰2.36 补余=0.0 IO错=0 倾+0.0
[  476.811] TLM t= 340.4 L1·A@-75 L2·A@-68 L3·A@-76 R1·A@-75 R2·A@-69 R3·A@-64 罐=无罐 泵=0 阀=111111 速=+0,+0,+0.00 电=7.76V/1.47A/峰2.36 补余=0.0 IO错=0 倾+0.0
[  477.118] EVT 键 'o' 倾=+0.0待=+0.0
[  477.335] TLM t= 340.9 L1·A@-75 L2·A@-68 L3·A@-75 R1·A@-75 R2·A@-69 R3·A@-63 罐=无罐 泵=0 阀=111111 速=+0,+0,+0.00 电=7.76V/1.38A/峰2.36 补余=0.0 IO错=0 倾+0.0
[  477.379] EVT 取机窗口：停泵 → 逐足串行排气（0.2s 间隔）→ 六足舵机撑住（泵禁开）
[  477.795] EVT 吸附 L1 attached→venting 在态109.92s -74.4kPa
[  477.800] EVT 阀 L1 →排气位
[  477.858] TLM t= 340.9 L1·v@-74 L2·A@-67 L3·A@-75 R1·A@-75 R2·A@-68 R3·A@-62 罐=无罐 泵=0 阀=011111 速=+0,+0,+0.00 电=7.76V/1.30A/峰2.36 补余=0.0 IO错=0 取机放气
[  478.072] EVT 吸附 L2 attached→venting 在态49.82s -66.9kPa
[  478.075] EVT 阀 L2 →排气位
[  478.324] EVT 吸附 L3 attached→venting 在态80.22s -75.4kPa
[  478.327] EVT 吸附 L1 venting→released 在态0.42s 0.1kPa
[  478.327] EVT 阀 L3 →排气位
[  478.357] TLM t= 340.9 L1·r@-- L2·v@-67 L3·v@-75 R1·A@-75 R2·A@-68 R3·A@-62 罐=无罐 泵=0 阀=000111 速=+0,+0,+0.00 电=7.75V/1.14A/峰2.36 补余=0.0 IO错=0 取机放气
[  478.560] EVT 吸附 R1 attached→venting 在态65.30s -75.5kPa
[  478.563] EVT 吸附 L2 venting→released 在态0.42s 0.3kPa
[  478.563] EVT 阀 R1 →排气位
[  478.779] EVT 吸附 R2 attached→venting 在态95.70s -67.5kPa
[  478.782] EVT 吸附 L3 venting→released 在态0.42s 0.1kPa
[  478.782] EVT 阀 R2 →排气位
[  478.874] TLM t= 340.9 L1·r@-- L2·r@-- L3·r@-- R1·v@-75 R2·v@-67 R3·A@-61 罐=无罐 泵=0 阀=000001 速=+0,+0,+0.00 电=7.74V/0.98A/峰2.36 补余=0.0 IO错=0 取机放气
[  479.005] EVT 吸附 R3 attached→venting 在态126.10s -61.1kPa
[  479.008] EVT 吸附 R1 venting→released 在态0.42s -0.1kPa
[  479.008] EVT 阀 R3 →排气位
[  479.208] EVT 键 'o' 倾=+0.0待=+0.0（已放开）
[  479.211] EVT 吸附 R2 venting→released 在态0.42s -0.0kPa
[  479.212] EVT ⚠ 主环卡顿 1833ms（目标 20ms）
[  479.379] TLM t= 341.1 L1·r@-- L2·r@-- L3·r@-- R1·r@-- R2·r@-- R3·v@-61 罐=无罐 泵=0 阀=000000 速=+0,+0,+0.00 电=7.73V/0.73A/峰2.36 补余=0.0 IO错=0 倾+0.0 已放开
[  479.395] EVT 吸附 R3 venting→released 在态0.42s 0.2kPa
[  479.883] TLM t= 341.6 L1·r@-- L2·r@-- L3·r@-- R1·r@-- R2·r@-- R3·r@-- 罐=无罐 泵=0 阀=000000 速=+0,+0,+0.00 电=7.73V/0.81A/峰2.36 补余=0.0 IO错=0 倾+0.0 已放开
[  480.382] TLM t= 342.1 L1·r@-- L2·r@-- L3·r@-- R1·r@-- R2·r@-- R3·r@-- 罐=无罐 泵=0 阀=000000 速=+0,+0,+0.00 电=7.73V/0.81A/峰2.36 补余=0.0 IO错=0 倾+0.0 已放开
[  480.887] TLM t= 342.6 L1·r@-- L2·r@-- L3·r@-- R1·r@-- R2·r@-- R3·r@-- 罐=无罐 泵=0 阀=000000 速=+0,+0,+0.00 电=7.72V/0.81A/峰2.36 补余=0.0 IO错=0 倾+0.0 已放开
[  481.390] TLM t= 343.1 L1·r@-- L2·r@-- L3·r@-- R1·r@-- R2·r@-- R3·r@-- 罐=无罐 泵=0 阀=000000 速=+0,+0,+0.00 电=7.73V/0.73A/峰2.36 补余=0.0 IO错=0 倾+0.0 已放开
[  481.886] TLM t= 343.6 L1·r@-- L2·r@-- L3·r@-- R1·r@-- R2·r@-- R3·r@-- 罐=无罐 泵=0 阀=000000 速=+0,+0,+0.00 电=7.72V/0.73A/峰2.36 补余=0.0 IO错=0 倾+0.0 已放开
[  482.393] TLM t= 344.1 L1·r@-- L2·r@-- L3·r@-- R1·r@-- R2·r@-- R3·r@-- 罐=无罐 泵=0 阀=000000 速=+0,+0,+0.00 电=7.72V/0.90A/峰2.36 补余=0.0 IO错=0 倾+0.0 已放开
[  482.891] TLM t= 344.6 L1·r@-- L2·r@-- L3·r@-- R1·r@-- R2·r@-- R3·r@-- 罐=无罐 泵=0 阀=000000 速=+0,+0,+0.00 电=7.72V/0.81A/峰2.36 补余=0.0 IO错=0 倾+0.0 已放开
[  483.394] TLM t= 345.1 L1·r@-- L2·r@-- L3·r@-- R1·r@-- R2·r@-- R3·r@-- 罐=无罐 泵=0 阀=000000 速=+0,+0,+0.00 电=7.71V/0.90A/峰2.36 补余=0.0 IO错=0 倾+0.0 已放开
[  483.905] TLM t= 345.6 L1·r@-- L2·r@-- L3·r@-- R1·r@-- R2·r@-- R3·r@-- 罐=无罐 泵=0 阀=000000 速=+0,+0,+0.00 电=7.72V/0.90A/峰2.36 补余=0.0 IO错=0 倾+0.0 已放开
[  484.401] TLM t= 346.1 L1·r@-- L2·r@-- L3·r@-- R1·r@-- R2·r@-- R3·r@-- 罐=无罐 泵=0 阀=000000 速=+0,+0,+0.00 电=7.71V/0.81A/峰2.36 补余=0.0 IO错=0 倾+0.0 已放开
[  484.903] TLM t= 346.6 L1·r@-- L2·r@-- L3·r@-- R1·r@-- R2·r@-- R3·r@-- 罐=无罐 泵=0 阀=000000 速=+0,+0,+0.00 电=7.72V/0.81A/峰2.36 补余=0.0 IO错=0 倾+0.0 已放开
[  485.407] TLM t= 347.1 L1·r@-- L2·r@-- L3·r@-- R1·r@-- R2·r@-- R3·r@-- 罐=无罐 泵=0 阀=000000 速=+0,+0,+0.00 电=7.73V/0.57A/峰2.36 补余=0.0 IO错=0 倾+0.0 已放开
[  485.907] TLM t= 347.6 L1·r@-- L2·r@-- L3·r@-- R1·r@-- R2·r@-- R3·r@-- 罐=无罐 泵=0 阀=000000 速=+0,+0,+0.00 电=7.73V/0.57A/峰2.36 补余=0.0 IO错=0 倾+0.0 已放开
[  486.409] TLM t= 348.1 L1·r@-- L2·r@-- L3·r@-- R1·r@-- R2·r@-- R3·r@-- 罐=无罐 泵=0 阀=000000 速=+0,+0,+0.00 电=7.73V/0.57A/峰2.36 补余=0.0 IO错=0 倾+0.0 已放开
[  486.908] TLM t= 348.6 L1·r@-- L2·r@-- L3·r@-- R1·r@-- R2·r@-- R3·r@-- 罐=无罐 泵=0 阀=000000 速=+0,+0,+0.00 电=7.72V/0.65A/峰2.36 补余=0.0 IO错=0 倾+0.0 已放开
[  487.410] TLM t= 349.1 L1·r@-- L2·r@-- L3·r@-- R1·r@-- R2·r@-- R3·r@-- 罐=无罐 泵=0 阀=000000 速=+0,+0,+0.00 电=7.73V/0.65A/峰2.36 补余=0.0 IO错=0 倾+0.0 已放开
[  487.912] TLM t= 349.6 L1·r@-- L2·r@-- L3·r@-- R1·r@-- R2·r@-- R3·r@-- 罐=无罐 泵=0 阀=000000 速=+0,+0,+0.00 电=7.73V/0.73A/峰2.36 补余=0.0 IO错=0 倾+0.0 已放开
[  488.413] TLM t= 350.1 L1·r@-- L2·r@-- L3·r@-- R1·r@-- R2·r@-- R3·r@-- 罐=无罐 泵=0 阀=000000 速=+0,+0,+0.00 电=7.72V/0.73A/峰2.36 补余=0.0 IO错=0 倾+0.0 已放开
[  488.915] TLM t= 350.6 L1·r@-- L2·r@-- L3·r@-- R1·r@-- R2·r@-- R3·r@-- 罐=无罐 泵=0 阀=000000 速=+0,+0,+0.00 电=7.72V/0.73A/峰2.36 补余=0.0 IO错=0 倾+0.0 已放开
[  489.419] TLM t= 351.1 L1·r@-- L2·r@-- L3·r@-- R1·r@-- R2·r@-- R3·r@-- 罐=无罐 泵=0 阀=000000 速=+0,+0,+0.00 电=7.72V/0.73A/峰2.36 补余=0.0 IO错=0 倾+0.0 已放开
[  489.919] TLM t= 351.6 L1·r@-- L2·r@-- L3·r@-- R1·r@-- R2·r@-- R3·r@-- 罐=无罐 泵=0 阀=000000 速=+0,+0,+0.00 电=7.72V/0.65A/峰2.36 补余=0.0 IO错=0 倾+0.0 已放开
[  490.421] TLM t= 352.1 L1·r@-- L2·r@-- L3·r@-- R1·r@-- R2·r@-- R3·r@-- 罐=无罐 泵=0 阀=000000 速=+0,+0,+0.00 电=7.72V/0.73A/峰2.36 补余=0.0 IO错=0 倾+0.0 已放开
[  490.918] TLM t= 352.6 L1·r@-- L2·r@-- L3·r@-- R1·r@-- R2·r@-- R3·r@-- 罐=无罐 泵=0 阀=000000 速=+0,+0,+0.00 电=7.72V/0.73A/峰2.36 补余=0.0 IO错=0 倾+0.0 已放开
[  491.421] TLM t= 353.1 L1·r@-- L2·r@-- L3·r@-- R1·r@-- R2·r@-- R3·r@-- 罐=无罐 泵=0 阀=000000 速=+0,+0,+0.00 电=7.72V/0.65A/峰2.36 补余=0.0 IO错=0 倾+0.0 已放开
[  491.931] TLM t= 353.6 L1·r@-- L2·r@-- L3·r@-- R1·r@-- R2·r@-- R3·r@-- 罐=无罐 泵=0 阀=000000 速=+0,+0,+0.00 电=7.72V/0.65A/峰2.36 补余=0.0 IO错=0 倾+0.0 已放开
[  492.426] TLM t= 354.1 L1·r@-- L2·r@-- L3·r@-- R1·r@-- R2·r@-- R3·r@-- 罐=无罐 泵=0 阀=000000 速=+0,+0,+0.00 电=7.72V/0.73A/峰2.36 补余=0.0 IO错=0 倾+0.0 已放开
[  492.930] TLM t= 354.6 L1·r@-- L2·r@-- L3·r@-- R1·r@-- R2·r@-- R3·r@-- 罐=无罐 泵=0 阀=000000 速=+0,+0,+0.00 电=7.71V/0.73A/峰2.36 补余=0.0 IO错=0 倾+0.0 已放开
[  493.432] TLM t= 355.1 L1·r@-- L2·r@-- L3·r@-- R1·r@-- R2·r@-- R3·r@-- 罐=无罐 泵=0 阀=000000 速=+0,+0,+0.00 电=7.72V/0.73A/峰2.36 补余=0.0 IO错=0 倾+0.0 已放开
[  493.927] TLM t= 355.6 L1·r@-- L2·r@-- L3·r@-- R1·r@-- R2·r@-- R3·r@-- 罐=无罐 泵=0 阀=000000 速=+0,+0,+0.00 电=7.72V/0.65A/峰2.36 补余=0.0 IO错=0 倾+0.0 已放开
[  494.430] TLM t= 356.1 L1·r@-- L2·r@-- L3·r@-- R1·r@-- R2·r@-- R3·r@-- 罐=无罐 泵=0 阀=000000 速=+0,+0,+0.00 电=7.72V/0.65A/峰2.36 补余=0.0 IO错=0 倾+0.0 已放开
[  494.931] TLM t= 356.6 L1·r@-- L2·r@-- L3·r@-- R1·r@-- R2·r@-- R3·r@-- 罐=无罐 泵=0 阀=000000 速=+0,+0,+0.00 电=7.72V/0.73A/峰2.36 补余=0.0 IO错=0 倾+0.0 已放开
[  495.433] TLM t= 357.1 L1·r@-- L2·r@-- L3·r@-- R1·r@-- R2·r@-- R3·r@-- 罐=无罐 泵=0 阀=000000 速=+0,+0,+0.00 电=7.72V/0.73A/峰2.36 补余=0.0 IO错=0 倾+0.0 已放开
[  495.934] TLM t= 357.6 L1·r@-- L2·r@-- L3·r@-- R1·r@-- R2·r@-- R3·r@-- 罐=无罐 泵=0 阀=000000 速=+0,+0,+0.00 电=7.72V/0.73A/峰2.36 补余=0.0 IO错=0 倾+0.0 已放开
[  496.436] TLM t= 358.1 L1·r@-- L2·r@-- L3·r@-- R1·r@-- R2·r@-- R3·r@-- 罐=无罐 泵=0 阀=000000 速=+0,+0,+0.00 电=7.72V/0.73A/峰2.36 补余=0.0 IO错=0 倾+0.0 已放开
[  496.939] TLM t= 358.6 L1·r@-- L2·r@-- L3·r@-- R1·r@-- R2·r@-- R3·r@-- 罐=无罐 泵=0 阀=000000 速=+0,+0,+0.00 电=7.72V/0.73A/峰2.36 补余=0.0 IO错=0 倾+0.0 已放开
[  497.439] TLM t= 359.1 L1·r@-- L2·r@-- L3·r@-- R1·r@-- R2·r@-- R3·r@-- 罐=无罐 泵=0 阀=000000 速=+0,+0,+0.00 电=7.72V/0.73A/峰2.36 补余=0.0 IO错=0 倾+0.0 已放开
[  497.945] TLM t= 359.6 L1·r@-- L2·r@-- L3·r@-- R1·r@-- R2·r@-- R3·r@-- 罐=无罐 泵=0 阀=000000 速=+0,+0,+0.00 电=7.72V/0.65A/峰2.36 补余=0.0 IO错=0 倾+0.0 已放开
[  498.443] TLM t= 360.1 L1·r@-- L2·r@-- L3·r@-- R1·r@-- R2·r@-- R3·r@-- 罐=无罐 泵=0 阀=000000 速=+0,+0,+0.00 电=7.72V/0.65A/峰2.36 补余=0.0 IO错=0 倾+0.0 已放开
[  498.945] TLM t= 360.6 L1·r@-- L2·r@-- L3·r@-- R1·r@-- R2·r@-- R3·r@-- 罐=无罐 泵=0 阀=000000 速=+0,+0,+0.00 电=7.72V/0.73A/峰2.36 补余=0.0 IO错=0 倾+0.0 已放开
[  499.155] EVT 键 '\x1b' 倾=+0.0待=+0.0（已放开）
[  499.316] EVT 退出序列：停泵 → 逐足串行放气（通→断，0.2s 间隔） → 舵机断电（不回站姿）
[  499.622] TLM t= 360.9 L1·r@-- L2·r@-- L3·r@-- R1·r@-- R2·r@-- R3·r@-- 罐=无罐 泵=0 阀=000000 速=+0,+0,+0.00 电=7.71V/0.73A/峰2.36 补余=0.0 IO错=0 退出放气
[  499.643] EVT 阀 L1 →抽气位
[  499.863] EVT 阀 L2 →抽气位
[  500.084] EVT 阀 L3 →抽气位
[  500.134] TLM t= 360.9 L1·r@-- L2·r@-- L3·r@-- R1·r@-- R2·r@-- R3·r@-- 罐=无罐 泵=0 阀=111000 速=+0,+0,+0.00 电=7.75V/0.73A/峰2.36 补余=0.0 IO错=0 退出放气
[  500.314] EVT 阀 R1 →抽气位
[  500.535] EVT 阀 R2 →抽气位
[  500.640] TLM t= 360.9 L1·r@-- L2·r@-- L3·r@-- R1·r@-- R2·r@-- R3·r@-- 罐=无罐 泵=0 阀=111110 速=+0,+0,+0.00 电=7.78V/0.65A/峰2.36 补余=0.0 IO错=0 退出放气
[  500.760] EVT 阀 R3 →抽气位
[  500.961] EVT 退出：阀线圈已断电（coils_off）
[  501.064] EVT 退出序列完成（舵机断电）
[  501.064] EVT END 正常退出
