# 开跑 2026-08-20 10:21:17  argv: scripts/body_lean.py --no-tank --stand-height 62 --tilt-trim 6
# git: 261c006
# 模式=no-tank port=/dev/ttyACM0
# 参数: lean_step=5mm lean_speed=10mm/s press_delta=18mm stand=62 tilt_trim=6°
# 阈值: ATTACH=-30.0 PUMP_ON=-60.0 PUMP_OFF=-75.0 comp_tail=72.3mm suck_timeout=2.5s
[    2.242] EVT 缓慢站起（竖直升至爬墙站位）
[    6.349] EVT 爬墙站位就位，进入就位暂停
[    6.460] TLM t=   0.0 L1·r@-- L2·r@-- L3·r@-- R1·r@-- R2·r@-- R3·r@-- 罐=无罐 泵=0 阀=000000 速=+0,+0,+0.00 电=8.03V/1.55A/峰1.55 补余=0.0 IO错=0 就位暂停
[    6.966] TLM t=   0.0 L1·r@-- L2·r@-- L3·r@-- R1·r@-- R2·r@-- R3·r@-- 罐=无罐 泵=0 阀=000000 速=+0,+0,+0.00 电=8.01V/1.47A/峰1.55 补余=0.0 IO错=0 就位暂停
[    7.472] TLM t=   0.0 L1·r@-- L2·r@-- L3·r@-- R1·r@-- R2·r@-- R3·r@-- 罐=无罐 泵=0 阀=000000 速=+0,+0,+0.00 电=8.03V/1.55A/峰1.55 补余=0.0 IO错=0 就位暂停
[    7.983] TLM t=   0.0 L1·r@-- L2·r@-- L3·r@-- R1·r@-- R2·r@-- R3·r@-- 罐=无罐 泵=0 阀=000000 速=+0,+0,+0.00 电=8.03V/1.55A/峰1.55 补余=0.0 IO错=0 就位暂停
[    8.489] TLM t=   0.0 L1·r@-- L2·r@-- L3·r@-- R1·r@-- R2·r@-- R3·r@-- 罐=无罐 泵=0 阀=000000 速=+0,+0,+0.00 电=8.03V/1.47A/峰1.55 补余=0.0 IO错=0 就位暂停
[    9.003] TLM t=   0.0 L1·r@-- L2·r@-- L3·r@-- R1·r@-- R2·r@-- R3·r@-- 罐=无罐 泵=0 阀=000000 速=+0,+0,+0.00 电=8.03V/1.55A/峰1.55 补余=0.0 IO错=0 就位暂停
[    9.507] TLM t=   0.0 L1·r@-- L2·r@-- L3·r@-- R1·r@-- R2·r@-- R3·r@-- 罐=无罐 泵=0 阀=000000 速=+0,+0,+0.00 电=8.02V/1.47A/峰1.55 补余=0.0 IO错=0 就位暂停
[   10.022] TLM t=   0.0 L1·r@-- L2·r@-- L3·r@-- R1·r@-- R2·r@-- R3·r@-- 罐=无罐 泵=0 阀=000000 速=+0,+0,+0.00 电=8.04V/1.47A/峰1.55 补余=0.0 IO错=0 就位暂停
[   10.524] TLM t=   0.0 L1·r@-- L2·r@-- L3·r@-- R1·r@-- R2·r@-- R3·r@-- 罐=无罐 泵=0 阀=000000 速=+0,+0,+0.00 电=8.03V/1.63A/峰1.63 补余=0.0 IO错=0 就位暂停
[   11.038] TLM t=   0.0 L1·r@-- L2·r@-- L3·r@-- R1·r@-- R2·r@-- R3·r@-- 罐=无罐 泵=0 阀=000000 速=+0,+0,+0.00 电=8.02V/1.55A/峰1.63 补余=0.0 IO错=0 就位暂停
[   11.543] TLM t=   0.0 L1·r@-- L2·r@-- L3·r@-- R1·r@-- R2·r@-- R3·r@-- 罐=无罐 泵=0 阀=000000 速=+0,+0,+0.00 电=8.01V/1.63A/峰1.63 补余=0.0 IO错=0 就位暂停
[   12.054] TLM t=   0.0 L1·r@-- L2·r@-- L3·r@-- R1·r@-- R2·r@-- R3·r@-- 罐=无罐 泵=0 阀=000000 速=+0,+0,+0.00 电=8.03V/1.55A/峰1.63 补余=0.0 IO错=0 就位暂停
[   12.557] TLM t=   0.0 L1·r@-- L2·r@-- L3·r@-- R1·r@-- R2·r@-- R3·r@-- 罐=无罐 泵=0 阀=000000 速=+0,+0,+0.00 电=8.03V/1.55A/峰1.63 补余=0.0 IO错=0 就位暂停
[   13.072] TLM t=   0.0 L1·r@-- L2·r@-- L3·r@-- R1·r@-- R2·r@-- R3·r@-- 罐=无罐 泵=0 阀=000000 速=+0,+0,+0.00 电=8.02V/1.47A/峰1.63 补余=0.0 IO错=0 就位暂停
[   13.577] TLM t=   0.0 L1·r@-- L2·r@-- L3·r@-- R1·r@-- R2·r@-- R3·r@-- 罐=无罐 泵=0 阀=000000 速=+0,+0,+0.00 电=8.02V/1.47A/峰1.63 补余=0.0 IO错=0 就位暂停
[   14.088] TLM t=   0.0 L1·r@-- L2·r@-- L3·r@-- R1·r@-- R2·r@-- R3·r@-- 罐=无罐 泵=0 阀=000000 速=+0,+0,+0.00 电=8.02V/1.63A/峰1.63 补余=0.0 IO错=0 就位暂停
[   14.592] TLM t=   0.0 L1·r@-- L2·r@-- L3·r@-- R1·r@-- R2·r@-- R3·r@-- 罐=无罐 泵=0 阀=000000 速=+0,+0,+0.00 电=8.03V/1.47A/峰1.63 补余=0.0 IO错=0 就位暂停
[   15.108] TLM t=   0.0 L1·r@-- L2·r@-- L3·r@-- R1·r@-- R2·r@-- R3·r@-- 罐=无罐 泵=0 阀=000000 速=+0,+0,+0.00 电=8.02V/1.47A/峰1.63 补余=0.0 IO错=0 就位暂停
[   15.612] TLM t=   0.0 L1·r@-- L2·r@-- L3·r@-- R1·r@-- R2·r@-- R3·r@-- 罐=无罐 泵=0 阀=000000 速=+0,+0,+0.00 电=8.02V/1.55A/峰1.63 补余=0.0 IO错=0 就位暂停
[   16.130] TLM t=   0.0 L1·r@-- L2·r@-- L3·r@-- R1·r@-- R2·r@-- R3·r@-- 罐=无罐 泵=0 阀=000000 速=+0,+0,+0.00 电=8.02V/1.47A/峰1.63 补余=0.0 IO错=0 就位暂停
[   16.634] TLM t=   0.0 L1·r@-- L2·r@-- L3·r@-- R1·r@-- R2·r@-- R3·r@-- 罐=无罐 泵=0 阀=000000 速=+0,+0,+0.00 电=8.03V/1.63A/峰1.63 补余=0.0 IO错=0 就位暂停
[   17.146] TLM t=   0.0 L1·r@-- L2·r@-- L3·r@-- R1·r@-- R2·r@-- R3·r@-- 罐=无罐 泵=0 阀=000000 速=+0,+0,+0.00 电=8.02V/1.30A/峰1.63 补余=0.0 IO错=0 就位暂停
[   17.652] TLM t=   0.0 L1·r@-- L2·r@-- L3·r@-- R1·r@-- R2·r@-- R3·r@-- 罐=无罐 泵=0 阀=000000 速=+0,+0,+0.00 电=8.04V/0.98A/峰1.63 补余=0.0 IO错=0 就位暂停
[   18.165] TLM t=   0.0 L1·r@-- L2·r@-- L3·r@-- R1·r@-- R2·r@-- R3·r@-- 罐=无罐 泵=0 阀=000000 速=+0,+0,+0.00 电=8.03V/1.06A/峰1.63 补余=0.0 IO错=0 就位暂停
[   18.670] TLM t=   0.0 L1·r@-- L2·r@-- L3·r@-- R1·r@-- R2·r@-- R3·r@-- 罐=无罐 泵=0 阀=000000 速=+0,+0,+0.00 电=8.05V/0.98A/峰1.63 补余=0.0 IO错=0 就位暂停
[   19.181] TLM t=   0.0 L1·r@-- L2·r@-- L3·r@-- R1·r@-- R2·r@-- R3·r@-- 罐=无罐 泵=0 阀=000000 速=+0,+0,+0.00 电=8.07V/0.57A/峰1.63 补余=0.0 IO错=0 就位暂停
[   19.687] TLM t=   0.0 L1·r@-- L2·r@-- L3·r@-- R1·r@-- R2·r@-- R3·r@-- 罐=无罐 泵=0 阀=000000 速=+0,+0,+0.00 电=8.07V/0.57A/峰1.63 补余=0.0 IO错=0 就位暂停
[   20.198] TLM t=   0.0 L1·r@-- L2·r@-- L3·r@-- R1·r@-- R2·r@-- R3·r@-- 罐=无罐 泵=0 阀=000000 速=+0,+0,+0.00 电=8.07V/0.49A/峰1.63 补余=0.0 IO错=0 就位暂停
[   20.705] TLM t=   0.0 L1·r@-- L2·r@-- L3·r@-- R1·r@-- R2·r@-- R3·r@-- 罐=无罐 泵=0 阀=000000 速=+0,+0,+0.00 电=8.07V/0.49A/峰1.63 补余=0.0 IO错=0 就位暂停
[   21.271] TLM t=   0.0 L1·r@-- L2·r@-- L3·r@-- R1·r@-- R2·r@-- R3·r@-- 罐=无罐 泵=0 阀=000000 速=+0,+0,+0.00 电=8.07V/0.49A/峰1.63 补余=0.0 IO错=0 就位暂停
[   21.776] TLM t=   0.0 L1·r@-- L2·r@-- L3·r@-- R1·r@-- R2·r@-- R3·r@-- 罐=无罐 泵=0 阀=000000 速=+0,+0,+0.00 电=8.07V/0.57A/峰1.63 补余=0.0 IO错=0 就位暂停
[   22.288] TLM t=   0.0 L1·r@-- L2·r@-- L3·r@-- R1·r@-- R2·r@-- R3·r@-- 罐=无罐 泵=0 阀=000000 速=+0,+0,+0.00 电=8.07V/0.49A/峰1.63 补余=0.0 IO错=0 就位暂停
[   22.793] TLM t=   0.0 L1·r@-- L2·r@-- L3·r@-- R1·r@-- R2·r@-- R3·r@-- 罐=无罐 泵=0 阀=000000 速=+0,+0,+0.00 电=8.07V/0.49A/峰1.63 补余=0.0 IO错=0 就位暂停
[   23.305] TLM t=   0.0 L1·r@-- L2·r@-- L3·r@-- R1·r@-- R2·r@-- R3·r@-- 罐=无罐 泵=0 阀=000000 速=+0,+0,+0.00 电=8.06V/0.49A/峰1.63 补余=0.0 IO错=0 就位暂停
[   23.810] TLM t=   0.0 L1·r@-- L2·r@-- L3·r@-- R1·r@-- R2·r@-- R3·r@-- 罐=无罐 泵=0 阀=000000 速=+0,+0,+0.00 电=8.07V/0.57A/峰1.63 补余=0.0 IO错=0 就位暂停
[   24.318] TLM t=   0.0 L1·r@-- L2·r@-- L3·r@-- R1·r@-- R2·r@-- R3·r@-- 罐=无罐 泵=0 阀=000000 速=+0,+0,+0.00 电=8.07V/0.57A/峰1.63 补余=0.0 IO错=0 就位暂停
[   24.826] TLM t=   0.0 L1·r@-- L2·r@-- L3·r@-- R1·r@-- R2·r@-- R3·r@-- 罐=无罐 泵=0 阀=000000 速=+0,+0,+0.00 电=8.07V/0.57A/峰1.63 补余=0.0 IO错=0 就位暂停
[   25.334] TLM t=   0.0 L1·r@-- L2·r@-- L3·r@-- R1·r@-- R2·r@-- R3·r@-- 罐=无罐 泵=0 阀=000000 速=+0,+0,+0.00 电=8.06V/0.57A/峰1.63 补余=0.0 IO错=0 就位暂停
[   25.840] TLM t=   0.0 L1·r@-- L2·r@-- L3·r@-- R1·r@-- R2·r@-- R3·r@-- 罐=无罐 泵=0 阀=000000 速=+0,+0,+0.00 电=8.07V/0.49A/峰1.63 补余=0.0 IO错=0 就位暂停
[   26.350] TLM t=   0.0 L1·r@-- L2·r@-- L3·r@-- R1·r@-- R2·r@-- R3·r@-- 罐=无罐 泵=0 阀=000000 速=+0,+0,+0.00 电=8.07V/0.57A/峰1.63 补余=0.0 IO错=0 就位暂停
[   26.858] TLM t=   0.0 L1·r@-- L2·r@-- L3·r@-- R1·r@-- R2·r@-- R3·r@-- 罐=无罐 泵=0 阀=000000 速=+0,+0,+0.00 电=8.07V/0.57A/峰1.63 补余=0.0 IO错=0 就位暂停
[   27.371] TLM t=   0.0 L1·r@-- L2·r@-- L3·r@-- R1·r@-- R2·r@-- R3·r@-- 罐=无罐 泵=0 阀=000000 速=+0,+0,+0.00 电=8.06V/0.65A/峰1.63 补余=0.0 IO错=0 就位暂停
[   27.877] TLM t=   0.0 L1·r@-- L2·r@-- L3·r@-- R1·r@-- R2·r@-- R3·r@-- 罐=无罐 泵=0 阀=000000 速=+0,+0,+0.00 电=8.04V/1.06A/峰1.63 补余=0.0 IO错=0 就位暂停
[   28.388] TLM t=   0.0 L1·r@-- L2·r@-- L3·r@-- R1·r@-- R2·r@-- R3·r@-- 罐=无罐 泵=0 阀=000000 速=+0,+0,+0.00 电=8.04V/1.06A/峰1.63 补余=0.0 IO错=0 就位暂停
[   28.894] TLM t=   0.0 L1·r@-- L2·r@-- L3·r@-- R1·r@-- R2·r@-- R3·r@-- 罐=无罐 泵=0 阀=000000 速=+0,+0,+0.00 电=8.04V/1.06A/峰1.63 补余=0.0 IO错=0 就位暂停
[   29.405] TLM t=   0.0 L1·r@-- L2·r@-- L3·r@-- R1·r@-- R2·r@-- R3·r@-- 罐=无罐 泵=0 阀=000000 速=+0,+0,+0.00 电=8.03V/1.06A/峰1.63 补余=0.0 IO错=0 就位暂停
[   29.910] TLM t=   0.0 L1·r@-- L2·r@-- L3·r@-- R1·r@-- R2·r@-- R3·r@-- 罐=无罐 泵=0 阀=000000 速=+0,+0,+0.00 电=8.03V/1.06A/峰1.63 补余=0.0 IO错=0 就位暂停
[   30.421] TLM t=   0.0 L1·r@-- L2·r@-- L3·r@-- R1·r@-- R2·r@-- R3·r@-- 罐=无罐 泵=0 阀=000000 速=+0,+0,+0.00 电=8.04V/0.98A/峰1.63 补余=0.0 IO错=0 就位暂停
[   30.927] TLM t=   0.0 L1·r@-- L2·r@-- L3·r@-- R1·r@-- R2·r@-- R3·r@-- 罐=无罐 泵=0 阀=000000 速=+0,+0,+0.00 电=8.05V/0.98A/峰1.63 补余=0.0 IO错=0 就位暂停
[   31.436] TLM t=   0.0 L1·r@-- L2·r@-- L3·r@-- R1·r@-- R2·r@-- R3·r@-- 罐=无罐 泵=0 阀=000000 速=+0,+0,+0.00 电=8.04V/0.98A/峰1.63 补余=0.0 IO错=0 就位暂停
[   31.943] TLM t=   0.0 L1·r@-- L2·r@-- L3·r@-- R1·r@-- R2·r@-- R3·r@-- 罐=无罐 泵=0 阀=000000 速=+0,+0,+0.00 电=8.04V/0.98A/峰1.63 补余=0.0 IO错=0 就位暂停
[   32.454] TLM t=   0.0 L1·r@-- L2·r@-- L3·r@-- R1·r@-- R2·r@-- R3·r@-- 罐=无罐 泵=0 阀=000000 速=+0,+0,+0.00 电=8.05V/0.98A/峰1.63 补余=0.0 IO错=0 就位暂停
[   32.963] TLM t=   0.0 L1·r@-- L2·r@-- L3·r@-- R1·r@-- R2·r@-- R3·r@-- 罐=无罐 泵=0 阀=000000 速=+0,+0,+0.00 电=8.04V/0.98A/峰1.63 补余=0.0 IO错=0 就位暂停
[   33.475] TLM t=   0.0 L1·r@-- L2·r@-- L3·r@-- R1·r@-- R2·r@-- R3·r@-- 罐=无罐 泵=0 阀=000000 速=+0,+0,+0.00 电=8.05V/0.98A/峰1.63 补余=0.0 IO错=0 就位暂停
[   33.980] TLM t=   0.0 L1·r@-- L2·r@-- L3·r@-- R1·r@-- R2·r@-- R3·r@-- 罐=无罐 泵=0 阀=000000 速=+0,+0,+0.00 电=8.05V/0.90A/峰1.63 补余=0.0 IO错=0 就位暂停
[   34.495] TLM t=   0.0 L1·r@-- L2·r@-- L3·r@-- R1·r@-- R2·r@-- R3·r@-- 罐=无罐 泵=0 阀=000000 速=+0,+0,+0.00 电=8.05V/0.98A/峰1.63 补余=0.0 IO错=0 就位暂停
[   35.003] TLM t=   0.0 L1·r@-- L2·r@-- L3·r@-- R1·r@-- R2·r@-- R3·r@-- 罐=无罐 泵=0 阀=000000 速=+0,+0,+0.00 电=8.04V/0.98A/峰1.63 补余=0.0 IO错=0 就位暂停
[   35.515] TLM t=   0.0 L1·r@-- L2·r@-- L3·r@-- R1·r@-- R2·r@-- R3·r@-- 罐=无罐 泵=0 阀=000000 速=+0,+0,+0.00 电=8.05V/0.98A/峰1.63 补余=0.0 IO错=0 就位暂停
[   36.021] TLM t=   0.0 L1·r@-- L2·r@-- L3·r@-- R1·r@-- R2·r@-- R3·r@-- 罐=无罐 泵=0 阀=000000 速=+0,+0,+0.00 电=8.04V/0.98A/峰1.63 补余=0.0 IO错=0 就位暂停
[   36.532] TLM t=   0.0 L1·r@-- L2·r@-- L3·r@-- R1·r@-- R2·r@-- R3·r@-- 罐=无罐 泵=0 阀=000000 速=+0,+0,+0.00 电=8.05V/0.90A/峰1.63 补余=0.0 IO错=0 就位暂停
[   37.041] TLM t=   0.0 L1·r@-- L2·r@-- L3·r@-- R1·r@-- R2·r@-- R3·r@-- 罐=无罐 泵=0 阀=000000 速=+0,+0,+0.00 电=8.03V/0.90A/峰1.63 补余=0.0 IO错=0 就位暂停
[   37.551] TLM t=   0.0 L1·r@-- L2·r@-- L3·r@-- R1·r@-- R2·r@-- R3·r@-- 罐=无罐 泵=0 阀=000000 速=+0,+0,+0.00 电=8.05V/0.90A/峰1.63 补余=0.0 IO错=0 就位暂停
[   38.056] TLM t=   0.0 L1·r@-- L2·r@-- L3·r@-- R1·r@-- R2·r@-- R3·r@-- 罐=无罐 泵=0 阀=000000 速=+0,+0,+0.00 电=8.05V/0.90A/峰1.63 补余=0.0 IO错=0 就位暂停
[   38.567] TLM t=   0.0 L1·r@-- L2·r@-- L3·r@-- R1·r@-- R2·r@-- R3·r@-- 罐=无罐 泵=0 阀=000000 速=+0,+0,+0.00 电=8.06V/0.81A/峰1.63 补余=0.0 IO错=0 就位暂停
[   39.072] TLM t=   0.0 L1·r@-- L2·r@-- L3·r@-- R1·r@-- R2·r@-- R3·r@-- 罐=无罐 泵=0 阀=000000 速=+0,+0,+0.00 电=8.05V/0.73A/峰1.63 补余=0.0 IO错=0 就位暂停
[   39.585] TLM t=   0.0 L1·r@-- L2·r@-- L3·r@-- R1·r@-- R2·r@-- R3·r@-- 罐=无罐 泵=0 阀=000000 速=+0,+0,+0.00 电=8.05V/0.73A/峰1.63 补余=0.0 IO错=0 就位暂停
[   40.090] TLM t=   0.0 L1·r@-- L2·r@-- L3·r@-- R1·r@-- R2·r@-- R3·r@-- 罐=无罐 泵=0 阀=000000 速=+0,+0,+0.00 电=8.05V/0.81A/峰1.63 补余=0.0 IO错=0 就位暂停
[   40.605] TLM t=   0.0 L1·r@-- L2·r@-- L3·r@-- R1·r@-- R2·r@-- R3·r@-- 罐=无罐 泵=0 阀=000000 速=+0,+0,+0.00 电=8.05V/0.73A/峰1.63 补余=0.0 IO错=0 就位暂停
[   41.109] TLM t=   0.0 L1·r@-- L2·r@-- L3·r@-- R1·r@-- R2·r@-- R3·r@-- 罐=无罐 泵=0 阀=000000 速=+0,+0,+0.00 电=8.05V/0.73A/峰1.63 补余=0.0 IO错=0 就位暂停
[   41.619] TLM t=   0.0 L1·r@-- L2·r@-- L3·r@-- R1·r@-- R2·r@-- R3·r@-- 罐=无罐 泵=0 阀=000000 速=+0,+0,+0.00 电=8.05V/0.73A/峰1.63 补余=0.0 IO错=0 就位暂停
[   42.124] TLM t=   0.0 L1·r@-- L2·r@-- L3·r@-- R1·r@-- R2·r@-- R3·r@-- 罐=无罐 泵=0 阀=000000 速=+0,+0,+0.00 电=8.05V/0.73A/峰1.63 补余=0.0 IO错=0 就位暂停
[   42.634] TLM t=   0.0 L1·r@-- L2·r@-- L3·r@-- R1·r@-- R2·r@-- R3·r@-- 罐=无罐 泵=0 阀=000000 速=+0,+0,+0.00 电=8.05V/0.73A/峰1.63 补余=0.0 IO错=0 就位暂停
[   43.140] TLM t=   0.0 L1·r@-- L2·r@-- L3·r@-- R1·r@-- R2·r@-- R3·r@-- 罐=无罐 泵=0 阀=000000 速=+0,+0,+0.00 电=8.06V/0.73A/峰1.63 补余=0.0 IO错=0 就位暂停
[   43.652] TLM t=   0.0 L1·r@-- L2·r@-- L3·r@-- R1·r@-- R2·r@-- R3·r@-- 罐=无罐 泵=0 阀=000000 速=+0,+0,+0.00 电=8.05V/0.73A/峰1.63 补余=0.0 IO错=0 就位暂停
[   44.156] TLM t=   0.0 L1·r@-- L2·r@-- L3·r@-- R1·r@-- R2·r@-- R3·r@-- 罐=无罐 泵=0 阀=000000 速=+0,+0,+0.00 电=8.05V/0.73A/峰1.63 补余=0.0 IO错=0 就位暂停
[   44.668] TLM t=   0.0 L1·r@-- L2·r@-- L3·r@-- R1·r@-- R2·r@-- R3·r@-- 罐=无罐 泵=0 阀=000000 速=+0,+0,+0.00 电=8.05V/0.73A/峰1.63 补余=0.0 IO错=0 就位暂停
[   45.171] TLM t=   0.0 L1·r@-- L2·r@-- L3·r@-- R1·r@-- R2·r@-- R3·r@-- 罐=无罐 泵=0 阀=000000 速=+0,+0,+0.00 电=8.05V/0.73A/峰1.63 补余=0.0 IO错=0 就位暂停
[   45.682] TLM t=   0.0 L1·r@-- L2·r@-- L3·r@-- R1·r@-- R2·r@-- R3·r@-- 罐=无罐 泵=0 阀=000000 速=+0,+0,+0.00 电=8.05V/0.73A/峰1.63 补余=0.0 IO错=0 就位暂停
[   46.186] TLM t=   0.0 L1·r@-- L2·r@-- L3·r@-- R1·r@-- R2·r@-- R3·r@-- 罐=无罐 泵=0 阀=000000 速=+0,+0,+0.00 电=8.05V/0.73A/峰1.63 补余=0.0 IO错=0 就位暂停
[   46.698] TLM t=   0.0 L1·r@-- L2·r@-- L3·r@-- R1·r@-- R2·r@-- R3·r@-- 罐=无罐 泵=0 阀=000000 速=+0,+0,+0.00 电=8.04V/0.73A/峰1.63 补余=0.0 IO错=0 就位暂停
[   47.201] TLM t=   0.0 L1·r@-- L2·r@-- L3·r@-- R1·r@-- R2·r@-- R3·r@-- 罐=无罐 泵=0 阀=000000 速=+0,+0,+0.00 电=8.04V/0.65A/峰1.63 补余=0.0 IO错=0 就位暂停
[   47.712] TLM t=   0.0 L1·r@-- L2·r@-- L3·r@-- R1·r@-- R2·r@-- R3·r@-- 罐=无罐 泵=0 阀=000000 速=+0,+0,+0.00 电=8.05V/0.73A/峰1.63 补余=0.0 IO错=0 就位暂停
[   48.042] EVT 按 p：开始全吸附启动序列
[   48.043] EVT 相位 L1 stance→press
[   48.063] EVT 泵 开
[   48.233] TLM t=   0.0 L1Pr@-- L2·r@-- L3·r@-- R1·r@-- R2·r@-- R3·r@-- 罐=无罐 泵=1 阀=000000 速=+0,+0,+0.00 电=8.00V/0.81A/峰1.63 补余=0.0 IO错=0 倾+0.0
[   48.735] TLM t=   0.0 L1Pr@-- L2·r@-- L3·r@-- R1·r@-- R2·r@-- R3·r@-- 罐=无罐 泵=1 阀=000000 速=+0,+0,+0.00 电=8.02V/0.90A/峰1.63 补余=0.0 IO错=0 倾+0.0
[   49.234] TLM t=   0.0 L1Pr@-- L2·r@-- L3·r@-- R1·r@-- R2·r@-- R3·r@-- 罐=无罐 泵=1 阀=000000 速=+0,+0,+0.00 电=7.96V/1.06A/峰1.63 补余=0.0 IO错=0 倾+0.0
[   49.737] TLM t=   0.0 L1Pr@-- L2·r@-- L3·r@-- R1·r@-- R2·r@-- R3·r@-- 罐=无罐 泵=1 阀=000000 速=+0,+0,+0.00 电=8.00V/0.81A/峰1.63 补余=0.0 IO错=0 倾+0.0
[   50.238] TLM t=   0.0 L1Pr@-- L2·r@-- L3·r@-- R1·r@-- R2·r@-- R3·r@-- 罐=无罐 泵=1 阀=000000 速=+0,+0,+0.00 电=8.02V/0.90A/峰1.63 补余=0.0 IO错=0 倾+0.0
[   50.738] TLM t=   0.0 L1Pr@-- L2·r@-- L3·r@-- R1·r@-- R2·r@-- R3·r@-- 罐=无罐 泵=1 阀=000000 速=+0,+0,+0.00 电=8.00V/0.98A/峰1.63 补余=0.0 IO错=0 倾+0.0
[   51.031] EVT 吸附 L1 released→pressing 在态3.00s
[   51.031] EVT 相位 L1 press→wait
[   51.051] EVT 泵 停
[   51.243] TLM t=   0.0 L1Wp@-- L2·r@-- L3·r@-- R1·r@-- R2·r@-- R3·r@-- 罐=无罐 泵=0 阀=000000 速=+0,+0,+0.00 电=8.04V/0.90A/峰1.63 补余=0.0 IO错=0 倾+0.0
[   51.332] EVT 吸附 L1 pressing→sucking 在态0.30s
[   51.332] EVT 阀 L1 →抽气位
[   51.355] EVT 泵 开
[   51.613] EVT 吸附 L1 sucking→attached 在态0.28s -70.1kPa
[   51.613] EVT 相位 L1 wait→stance
[   51.633] EVT 相位 L2 stance→press
[   51.742] TLM t=   0.0 L1·A@-73 L2Pr@-- L3·r@-- R1·r@-- R2·r@-- R3·r@-- 罐=无罐 泵=1 阀=100000 速=+0,+0,+0.00 电=7.98V/0.81A/峰1.63 补余=0.0 IO错=0 倾+0.0
[   51.836] EVT 泵 停 最差盘压-75.6
[   52.244] TLM t=   0.0 L1·A@-76 L2Pr@-- L3·r@-- R1·r@-- R2·r@-- R3·r@-- 罐=无罐 泵=0 阀=100000 速=+0,+0,+0.00 电=8.05V/0.90A/峰1.63 补余=0.0 IO错=0 倾+0.0
[   52.748] TLM t=   0.0 L1·A@-76 L2Pr@-- L3·r@-- R1·r@-- R2·r@-- R3·r@-- 罐=无罐 泵=0 阀=100000 速=+0,+0,+0.00 电=8.05V/0.81A/峰1.63 补余=0.0 IO错=0 倾+0.0
[   52.816] EVT 吸附 L2 released→pressing 在态4.78s
[   52.816] EVT 相位 L2 press→wait
[   53.137] EVT 吸附 L2 pressing→sucking 在态0.32s
[   53.137] EVT 阀 L2 →抽气位
[   53.162] EVT 泵 开 最差盘压-75.3
[   53.265] TLM t=   0.0 L1·A@-75 L2Ws@-54 L3·r@-- R1·r@-- R2·r@-- R3·r@-- 罐=无罐 泵=1 阀=110000 速=+0,+0,+0.00 电=8.00V/0.81A/峰1.63 补余=0.0 IO错=0 倾+0.0
[   53.438] EVT 吸附 L2 sucking→attached 在态0.30s -67.2kPa
[   53.438] EVT 相位 L2 wait→stance
[   53.463] EVT 相位 L3 stance→press
[   53.764] EVT 泵 停 最差盘压-75.6
[   53.773] TLM t=   0.0 L1·A@-76 L2·A@-76 L3Pr@-- R1·r@-- R2·r@-- R3·r@-- 罐=无罐 泵=0 阀=110000 速=+0,+0,+0.00 电=8.07V/0.65A/峰1.63 补余=0.0 IO错=0 倾+0.0
[   54.289] TLM t=   0.0 L1·A@-76 L2·A@-76 L3Pr@-- R1·r@-- R2·r@-- R3·r@-- 罐=无罐 泵=0 阀=110000 速=+0,+0,+0.00 电=8.06V/0.73A/峰1.63 补余=0.0 IO错=0 倾+0.0
[   54.641] EVT 吸附 L3 released→pressing 在态6.60s
[   54.642] EVT 相位 L3 press→wait
[   54.794] TLM t=   0.0 L1·A@-76 L2·A@-75 L3Wp@-- R1·r@-- R2·r@-- R3·r@-- 罐=无罐 泵=0 阀=110000 速=+0,+0,+0.00 电=8.07V/0.65A/峰1.63 补余=0.0 IO错=0 倾+0.0
[   54.967] EVT 吸附 L3 pressing→sucking 在态0.32s
[   54.968] EVT 阀 L3 →抽气位
[   54.985] EVT 泵 开 最差盘压-74.5
[   55.268] EVT 吸附 L3 sucking→attached 在态0.30s -65.4kPa
[   55.268] EVT 相位 L3 wait→stance
[   55.286] EVT 相位 R1 stance→press
[   55.310] TLM t=   0.0 L1·A@-76 L2·A@-74 L3·A@-68 R1Pr@-- R2·r@-- R3·r@-- 罐=无罐 泵=1 阀=111000 速=+0,+0,+0.00 电=8.06V/0.65A/峰1.63 补余=0.0 IO错=0 倾+0.0
[   55.647] EVT 泵 停 最差盘压-75.3
[   55.821] TLM t=   0.0 L1·A@-76 L2·A@-76 L3·A@-76 R1Pr@-- R2·r@-- R3·r@-- 罐=无罐 泵=0 阀=111000 速=+0,+0,+0.00 电=8.07V/0.81A/峰1.63 补余=0.0 IO错=0 倾+0.0
[   56.334] TLM t=   0.0 L1·A@-76 L2·A@-75 L3·A@-75 R1Pr@-- R2·r@-- R3·r@-- 罐=无罐 泵=0 阀=111000 速=+0,+0,+0.00 电=8.07V/1.06A/峰1.63 补余=0.0 IO错=0 倾+0.0
[   56.472] EVT 吸附 R1 released→pressing 在态8.42s
[   56.472] EVT 相位 R1 press→wait
[   56.790] EVT 吸附 R1 pressing→sucking 在态0.32s
[   56.790] EVT 阀 R1 →抽气位
[   56.810] EVT 泵 开 最差盘压-74.7
[   56.845] TLM t=   0.0 L1·A@-75 L2·A@-75 L3·A@-75 R1Ws@-2 R2·r@-- R3·r@-- 罐=无罐 泵=1 阀=111100 速=+0,+0,+0.00 电=7.98V/0.81A/峰1.63 补余=0.0 IO错=0 倾+0.0
[   57.091] EVT 吸附 R1 sucking→attached 在态0.30s -68.0kPa
[   57.091] EVT 相位 R1 wait→stance
[   57.111] EVT 相位 R2 stance→press
[   57.362] TLM t=   0.0 L1·A@-75 L2·A@-75 L3·A@-75 R1·A@-75 R2Pr@-- R3·r@-- 罐=无罐 泵=1 阀=111100 速=+0,+0,+0.00 电=8.07V/0.81A/峰1.63 补余=0.0 IO错=0 倾+0.0
[   57.413] EVT 泵 停 最差盘压-75.5
[   57.863] TLM t=   0.0 L1·A@-76 L2·A@-76 L3·A@-76 R1·A@-76 R2Pr@-- R3·r@-- 罐=无罐 泵=0 阀=111100 速=+0,+0,+0.00 电=8.08V/0.81A/峰1.63 补余=0.0 IO错=0 倾+0.0
[   58.295] EVT 吸附 R2 released→pressing 在态10.24s
[   58.295] EVT 相位 R2 press→wait
[   58.383] TLM t=   0.0 L1·A@-76 L2·A@-75 L3·A@-76 R1·A@-75 R2Wp@-- R3·r@-- 罐=无罐 泵=0 阀=111100 速=+0,+0,+0.00 电=8.09V/0.81A/峰1.63 补余=0.0 IO错=0 倾+0.0
[   58.616] EVT 吸附 R2 pressing→sucking 在态0.32s
[   58.616] EVT 阀 R2 →抽气位
[   58.641] EVT 泵 开 最差盘压-75.1
[   58.896] TLM t=   0.0 L1·A@-76 L2·A@-75 L3·A@-76 R1·A@-75 R2Ws@-66 R3·r@-- 罐=无罐 泵=1 阀=111110 速=+0,+0,+0.00 电=8.07V/0.65A/峰1.63 补余=0.0 IO错=0 倾+0.0
[   58.919] EVT 吸附 R2 sucking→attached 在态0.30s -66.4kPa
[   58.919] EVT 相位 R2 wait→stance
[   58.944] EVT 相位 R3 stance→press
[   59.245] EVT 泵 停 最差盘压-75.0
[   59.410] TLM t=   0.0 L1·A@-76 L2·A@-76 L3·A@-76 R1·A@-75 R2·A@-75 R3Pr@-- 罐=无罐 泵=0 阀=111110 速=+0,+0,+0.00 电=8.09V/0.65A/峰1.63 补余=0.0 IO错=0 倾+0.0
[   59.917] TLM t=   0.0 L1·A@-75 L2·A@-75 L3·A@-75 R1·A@-75 R2·A@-74 R3Pr@-- 罐=无罐 泵=0 阀=111110 速=+0,+0,+0.00 电=8.09V/0.73A/峰1.63 补余=0.0 IO错=0 倾+0.0
[   60.123] EVT 吸附 R3 released→pressing 在态12.06s
[   60.123] EVT 相位 R3 press→wait
[   60.432] TLM t=   0.0 L1·A@-75 L2·A@-74 L3·A@-75 R1·A@-75 R2·A@-74 R3Wp@-- 罐=无罐 泵=0 阀=111110 速=+0,+0,+0.00 电=8.10V/0.65A/峰1.63 补余=0.0 IO错=0 倾+0.0
[   60.449] EVT 吸附 R3 pressing→sucking 在态0.32s
[   60.450] EVT 阀 R3 →抽气位
[   60.467] EVT 泵 开 最差盘压-73.7
[   60.810] EVT 吸附 R3 sucking→attached 在态0.36s -68.7kPa
[   60.811] EVT 相位 R3 wait→stance
[   60.811] EVT ✓ 六足全吸附，启动序列完成，相位钟开始
[   60.940] TLM t=   0.1 L1·A@-75 L2·A@-74 L3·A@-75 R1·A@-74 R2·A@-73 R3·A@-72 罐=无罐 泵=1 阀=111111 速=+0,+0,+0.00 电=8.07V/0.65A/峰1.63 补余=0.0 IO错=0 倾+0.0
[   61.147] EVT 泵 停 最差盘压-75.3
[   61.454] TLM t=   0.6 L1·A@-76 L2·A@-76 L3·A@-76 R1·A@-76 R2·A@-76 R3·A@-76 罐=无罐 泵=0 阀=111111 速=+0,+0,+0.00 电=8.10V/0.57A/峰1.63 补余=0.0 IO错=0 倾+0.0
[   61.963] TLM t=   1.1 L1·A@-76 L2·A@-75 L3·A@-76 R1·A@-76 R2·A@-75 R3·A@-75 罐=无罐 泵=0 阀=111111 速=+0,+0,+0.00 电=8.10V/0.65A/峰1.63 补余=0.0 IO错=0 倾+0.0
[   62.477] TLM t=   1.7 L1·A@-76 L2·A@-75 L3·A@-76 R1·A@-75 R2·A@-75 R3·A@-75 罐=无罐 泵=0 阀=111111 速=+0,+0,+0.00 电=8.11V/0.73A/峰1.63 补余=0.0 IO错=0 倾+0.0
[   62.987] TLM t=   2.2 L1·A@-75 L2·A@-74 L3·A@-75 R1·A@-75 R2·A@-74 R3·A@-74 罐=无罐 泵=0 阀=111111 速=+0,+0,+0.00 电=8.11V/0.73A/峰1.63 补余=0.0 IO错=0 倾+0.0
[   63.504] TLM t=   2.7 L1·A@-75 L2·A@-73 L3·A@-75 R1·A@-74 R2·A@-73 R3·A@-73 罐=无罐 泵=0 阀=111111 速=+0,+0,+0.00 电=8.10V/0.73A/峰1.63 补余=0.0 IO错=0 倾+0.0
[   64.014] TLM t=   3.2 L1·A@-75 L2·A@-72 L3·A@-75 R1·A@-74 R2·A@-73 R3·A@-73 罐=无罐 泵=0 阀=111111 速=+0,+0,+0.00 电=8.10V/0.81A/峰1.63 补余=0.0 IO错=0 倾+0.0
[   64.529] TLM t=   3.7 L1·A@-75 L2·A@-72 L3·A@-75 R1·A@-74 R2·A@-72 R3·A@-72 罐=无罐 泵=0 阀=111111 速=+0,+0,+0.00 电=8.10V/0.81A/峰1.63 补余=0.0 IO错=0 倾+0.0
[   65.036] TLM t=   4.2 L1·A@-74 L2·A@-71 L3·A@-75 R1·A@-73 R2·A@-72 R3·A@-71 罐=无罐 泵=0 阀=111111 速=+0,+0,+0.00 电=8.10V/0.73A/峰1.63 补余=0.0 IO错=0 倾+0.0
[   65.552] TLM t=   4.7 L1·A@-74 L2·A@-70 L3·A@-75 R1·A@-73 R2·A@-71 R3·A@-71 罐=无罐 泵=0 阀=111111 速=+0,+0,+0.00 电=8.10V/0.73A/峰1.63 补余=0.0 IO错=0 倾+0.0
[   66.062] TLM t=   5.2 L1·A@-74 L2·A@-70 L3·A@-74 R1·A@-73 R2·A@-71 R3·A@-70 罐=无罐 泵=0 阀=111111 速=+0,+0,+0.00 电=8.10V/0.73A/峰1.63 补余=0.0 IO错=0 倾+0.0
[   66.579] TLM t=   5.7 L1·A@-74 L2·A@-69 L3·A@-74 R1·A@-72 R2·A@-71 R3·A@-70 罐=无罐 泵=0 阀=111111 速=+0,+0,+0.00 电=8.09V/0.81A/峰1.63 补余=0.0 IO错=0 倾+0.0
[   67.081] TLM t=   6.2 L1·A@-74 L2·A@-68 L3·A@-74 R1·A@-72 R2·A@-70 R3·A@-69 罐=无罐 泵=0 阀=111111 速=+0,+0,+0.00 电=8.10V/0.73A/峰1.63 补余=0.0 IO错=0 倾+0.0
[   67.599] TLM t=   6.8 L1·A@-73 L2·A@-68 L3·A@-74 R1·A@-72 R2·A@-70 R3·A@-69 罐=无罐 泵=0 阀=111111 速=+0,+0,+0.00 电=8.10V/0.81A/峰1.63 补余=0.0 IO错=0 倾+0.0
[   68.105] TLM t=   7.3 L1·A@-73 L2·A@-67 L3·A@-74 R1·A@-72 R2·A@-69 R3·A@-68 罐=无罐 泵=0 阀=111111 速=+0,+0,+0.00 电=8.10V/0.81A/峰1.63 补余=0.0 IO错=0 倾+0.0
[   68.623] TLM t=   7.8 L1·A@-73 L2·A@-67 L3·A@-74 R1·A@-71 R2·A@-69 R3·A@-68 罐=无罐 泵=0 阀=111111 速=+0,+0,+0.00 电=8.10V/0.81A/峰1.63 补余=0.0 IO错=0 倾+0.0
[   69.131] TLM t=   8.3 L1·A@-73 L2·A@-66 L3·A@-73 R1·A@-71 R2·A@-68 R3·A@-67 罐=无罐 泵=0 阀=111111 速=+0,+0,+0.00 电=8.09V/0.81A/峰1.63 补余=0.0 IO错=0 倾+0.0
[   69.644] TLM t=   8.8 L1·A@-73 L2·A@-65 L3·A@-73 R1·A@-71 R2·A@-68 R3·A@-67 罐=无罐 泵=0 阀=111111 速=+0,+0,+0.00 电=8.10V/0.81A/峰1.63 补余=0.0 IO错=0 倾+0.0
[   70.149] TLM t=   9.3 L1·A@-72 L2·A@-65 L3·A@-73 R1·A@-71 R2·A@-67 R3·A@-66 罐=无罐 泵=0 阀=111111 速=+0,+0,+0.00 电=8.09V/0.73A/峰1.63 补余=0.0 IO错=0 倾+0.0
[   70.670] TLM t=   9.8 L1·A@-72 L2·A@-64 L3·A@-73 R1·A@-70 R2·A@-67 R3·A@-65 罐=无罐 泵=0 阀=111111 速=+0,+0,+0.00 电=8.10V/0.81A/峰1.63 补余=0.0 IO错=0 倾+0.0
[   71.173] TLM t=  10.3 L1·A@-72 L2·A@-63 L3·A@-73 R1·A@-70 R2·A@-66 R3·A@-65 罐=无罐 泵=0 阀=111111 速=+0,+0,+0.00 电=8.10V/0.81A/峰1.63 补余=0.0 IO错=0 倾+0.0
[   71.689] TLM t=  10.8 L1·A@-72 L2·A@-63 L3·A@-73 R1·A@-70 R2·A@-66 R3·A@-64 罐=无罐 泵=0 阀=111111 速=+0,+0,+0.00 电=8.10V/0.81A/峰1.63 补余=0.0 IO错=0 倾+0.0
[   72.199] TLM t=  11.3 L1·A@-72 L2·A@-62 L3·A@-73 R1·A@-70 R2·A@-66 R3·A@-64 罐=无罐 泵=0 阀=111111 速=+0,+0,+0.00 电=8.10V/0.81A/峰1.63 补余=0.0 IO错=0 倾+0.0
[   72.718] TLM t=  11.9 L1·A@-72 L2·A@-62 L3·A@-72 R1·A@-70 R2·A@-65 R3·A@-63 罐=无罐 泵=0 阀=111111 速=+0,+0,+0.00 电=8.09V/0.81A/峰1.63 补余=0.0 IO错=0 倾+0.0
[   73.220] TLM t=  12.4 L1·A@-71 L2·A@-61 L3·A@-72 R1·A@-69 R2·A@-65 R3·A@-63 罐=无罐 泵=0 阀=111111 速=+0,+0,+0.00 电=8.09V/0.81A/峰1.63 补余=0.0 IO错=0 倾+0.0
[   73.739] TLM t=  12.9 L1·A@-71 L2·A@-60 L3·A@-72 R1·A@-69 R2·A@-64 R3·A@-62 罐=无罐 泵=0 阀=111111 速=+0,+0,+0.00 电=8.10V/0.81A/峰1.63 补余=0.0 IO错=0 倾+0.0
[   74.116] EVT 泵 开 最差盘压-60.0
[   74.245] TLM t=  13.4 L1·A@-71 L2·A@-60 L3·A@-72 R1·A@-69 R2·A@-64 R3·A@-62 罐=无罐 泵=1 阀=111111 速=+0,+0,+0.00 电=8.07V/0.81A/峰1.63 补余=0.0 IO错=0 倾+0.0
[   74.759] TLM t=  13.9 L1·A@-72 L2·A@-72 L3·A@-72 R1·A@-72 R2·A@-72 R3·A@-72 罐=无罐 泵=1 阀=111111 速=+0,+0,+0.00 电=8.08V/0.81A/峰1.63 补余=0.0 IO错=0 倾+0.0
[   75.113] EVT 泵 停 最差盘压-75.3
[   75.270] TLM t=  14.4 L1·A@-76 L2·A@-76 L3·A@-76 R1·A@-76 R2·A@-76 R3·A@-76 罐=无罐 泵=0 阀=111111 速=+0,+0,+0.00 电=8.09V/0.81A/峰1.63 补余=0.0 IO错=0 倾+0.0
[   75.785] TLM t=  14.9 L1·A@-76 L2·A@-76 L3·A@-76 R1·A@-76 R2·A@-75 R3·A@-76 罐=无罐 泵=0 阀=111111 速=+0,+0,+0.00 电=8.10V/0.81A/峰1.63 补余=0.0 IO错=0 倾+0.0
[   76.291] TLM t=  15.4 L1·A@-76 L2·A@-75 L3·A@-76 R1·A@-75 R2·A@-75 R3·A@-75 罐=无罐 泵=0 阀=111111 速=+0,+0,+0.00 电=8.10V/0.81A/峰1.63 补余=0.0 IO错=0 倾+0.0
[   76.813] TLM t=  15.9 L1·A@-76 L2·A@-74 L3·A@-76 R1·A@-75 R2·A@-74 R3·A@-75 罐=无罐 泵=0 阀=111111 速=+0,+0,+0.00 电=8.09V/0.81A/峰1.63 补余=0.0 IO错=0 倾+0.0
[   77.319] TLM t=  16.4 L1·A@-75 L2·A@-74 L3·A@-76 R1·A@-75 R2·A@-74 R3·A@-74 罐=无罐 泵=0 阀=111111 速=+0,+0,+0.00 电=8.09V/0.81A/峰1.63 补余=0.0 IO错=0 倾+0.0
[   77.832] TLM t=  17.0 L1·A@-75 L2·A@-73 L3·A@-75 R1·A@-75 R2·A@-74 R3·A@-73 罐=无罐 泵=0 阀=111111 速=+0,+0,+0.00 电=8.10V/0.81A/峰1.63 补余=0.0 IO错=0 倾+0.0
[   78.338] TLM t=  17.5 L1·A@-75 L2·A@-72 L3·A@-75 R1·A@-74 R2·A@-73 R3·A@-73 罐=无罐 泵=0 阀=111111 速=+0,+0,+0.00 电=8.10V/0.81A/峰1.63 补余=0.0 IO错=0 倾+0.0
[   78.855] TLM t=  18.0 L1·A@-75 L2·A@-72 L3·A@-75 R1·A@-74 R2·A@-73 R3·A@-72 罐=无罐 泵=0 阀=111111 速=+0,+0,+0.00 电=8.10V/0.73A/峰1.63 补余=0.0 IO错=0 倾+0.0
[   79.363] TLM t=  18.5 L1·A@-75 L2·A@-71 L3·A@-75 R1·A@-74 R2·A@-72 R3·A@-72 罐=无罐 泵=0 阀=111111 速=+0,+0,+0.00 电=8.09V/0.81A/峰1.63 补余=0.0 IO错=0 倾+0.0
[   79.879] TLM t=  19.0 L1·A@-74 L2·A@-70 L3·A@-75 R1·A@-74 R2·A@-72 R3·A@-71 罐=无罐 泵=0 阀=111111 速=+0,+0,+0.00 电=8.09V/0.90A/峰1.63 补余=0.0 IO错=0 倾+0.0
[   80.386] TLM t=  19.5 L1·A@-74 L2·A@-70 L3·A@-75 R1·A@-73 R2·A@-71 R3·A@-71 罐=无罐 泵=0 阀=111111 速=+0,+0,+0.00 电=8.09V/0.81A/峰1.63 补余=0.0 IO错=0 倾+0.0
[   80.902] TLM t=  20.0 L1·A@-74 L2·A@-69 L3·A@-74 R1·A@-73 R2·A@-71 R3·A@-70 罐=无罐 泵=0 阀=111111 速=+0,+0,+0.00 电=8.10V/0.81A/峰1.63 补余=0.0 IO错=0 倾+0.0
[   81.409] TLM t=  20.5 L1·A@-74 L2·A@-68 L3·A@-74 R1·A@-73 R2·A@-70 R3·A@-70 罐=无罐 泵=0 阀=111111 速=+0,+0,+0.00 电=8.10V/0.81A/峰1.63 补余=0.0 IO错=0 倾+0.0
[   81.925] TLM t=  21.0 L1·A@-74 L2·A@-68 L3·A@-74 R1·A@-73 R2·A@-70 R3·A@-69 罐=无罐 泵=0 阀=111111 速=+0,+0,+0.00 电=8.10V/0.81A/峰1.63 补余=0.0 IO错=0 倾+0.0
[   82.431] TLM t=  21.5 L1·A@-74 L2·A@-67 L3·A@-74 R1·A@-73 R2·A@-69 R3·A@-69 罐=无罐 泵=0 阀=111111 速=+0,+0,+0.00 电=8.09V/0.81A/峰1.63 补余=0.0 IO错=0 倾+0.0
[   82.947] TLM t=  22.1 L1·A@-73 L2·A@-67 L3·A@-74 R1·A@-72 R2·A@-69 R3·A@-68 罐=无罐 泵=0 阀=111111 速=+0,+0,+0.00 电=8.10V/0.81A/峰1.63 补余=0.0 IO错=0 倾+0.0
[   83.454] TLM t=  22.6 L1·A@-73 L2·A@-66 L3·A@-74 R1·A@-72 R2·A@-69 R3·A@-68 罐=无罐 泵=0 阀=111111 速=+0,+0,+0.00 电=8.10V/0.81A/峰1.63 补余=0.0 IO错=0 倾+0.0
[   83.972] TLM t=  23.1 L1·A@-73 L2·A@-65 L3·A@-74 R1·A@-72 R2·A@-68 R3·A@-67 罐=无罐 泵=0 阀=111111 速=+0,+0,+0.00 电=8.10V/0.81A/峰1.63 补余=0.0 IO错=0 倾+0.0
[   84.477] TLM t=  23.6 L1·A@-73 L2·A@-65 L3·A@-74 R1·A@-72 R2·A@-68 R3·A@-67 罐=无罐 泵=0 阀=111111 速=+0,+0,+0.00 电=8.10V/0.81A/峰1.63 补余=0.0 IO错=0 倾+0.0
[   84.992] TLM t=  24.1 L1·A@-73 L2·A@-64 L3·A@-73 R1·A@-72 R2·A@-67 R3·A@-66 罐=无罐 泵=0 阀=111111 速=+0,+0,+0.00 电=8.10V/0.81A/峰1.63 补余=0.0 IO错=0 倾+0.0
[   85.499] TLM t=  24.6 L1·A@-72 L2·A@-64 L3·A@-73 R1·A@-71 R2·A@-67 R3·A@-66 罐=无罐 泵=0 阀=111111 速=+0,+0,+0.00 电=8.10V/0.90A/峰1.63 补余=0.0 IO错=0 倾+0.0
[   86.017] TLM t=  25.1 L1·A@-72 L2·A@-63 L3·A@-73 R1·A@-71 R2·A@-66 R3·A@-65 罐=无罐 泵=0 阀=111111 速=+0,+0,+0.00 电=8.10V/0.81A/峰1.63 补余=0.0 IO错=0 倾+0.0
[   86.521] TLM t=  25.6 L1·A@-72 L2·A@-62 L3·A@-73 R1·A@-71 R2·A@-66 R3·A@-65 罐=无罐 泵=0 阀=111111 速=+0,+0,+0.00 电=8.10V/0.81A/峰1.63 补余=0.0 IO错=0 倾+0.0
[   87.039] TLM t=  26.1 L1·A@-72 L2·A@-62 L3·A@-73 R1·A@-71 R2·A@-66 R3·A@-64 罐=无罐 泵=0 阀=111111 速=+0,+0,+0.00 电=8.09V/0.81A/峰1.63 补余=0.0 IO错=0 倾+0.0
[   87.549] TLM t=  26.6 L1·A@-72 L2·A@-61 L3·A@-73 R1·A@-71 R2·A@-65 R3·A@-64 罐=无罐 泵=0 阀=111111 速=+0,+0,+0.00 电=8.09V/0.81A/峰1.63 补余=0.0 IO错=0 倾+0.0
[   88.062] TLM t=  27.2 L1·A@-72 L2·A@-61 L3·A@-73 R1·A@-70 R2·A@-65 R3·A@-63 罐=无罐 泵=0 阀=111111 速=+0,+0,+0.00 电=8.10V/0.81A/峰1.63 补余=0.0 IO错=0 倾+0.0
[   88.560] EVT 泵 开 最差盘压-60.0
[   88.569] TLM t=  27.7 L1·A@-71 L2·A@-60 L3·A@-72 R1·A@-70 R2·A@-64 R3·A@-63 罐=无罐 泵=1 阀=111111 速=+0,+0,+0.00 电=7.95V/0.81A/峰1.63 补余=0.0 IO错=0 倾+0.0
[   89.087] TLM t=  28.2 L1·A@-71 L2·A@-70 L3·A@-72 R1·A@-70 R2·A@-70 R3·A@-70 罐=无罐 泵=1 阀=111111 速=+0,+0,+0.00 电=8.07V/0.73A/峰1.63 补余=0.0 IO错=0 倾+0.0
[   89.558] EVT 泵 停 最差盘压-75.3
[   89.593] TLM t=  28.7 L1·A@-76 L2·A@-76 L3·A@-76 R1·A@-75 R2·A@-76 R3·A@-76 罐=无罐 泵=0 阀=111111 速=+0,+0,+0.00 电=8.09V/0.81A/峰1.63 补余=0.0 IO错=0 倾+0.0
[   90.107] TLM t=  29.2 L1·A@-76 L2·A@-76 L3·A@-76 R1·A@-76 R2·A@-76 R3·A@-76 罐=无罐 泵=0 阀=111111 速=+0,+0,+0.00 电=8.09V/0.90A/峰1.63 补余=0.0 IO错=0 倾+0.0
[   90.615] TLM t=  29.7 L1·A@-76 L2·A@-75 L3·A@-76 R1·A@-75 R2·A@-75 R3·A@-75 罐=无罐 泵=0 阀=111111 速=+0,+0,+0.00 电=8.09V/0.81A/峰1.63 补余=0.0 IO错=0 倾+0.0
[   91.131] TLM t=  30.2 L1·A@-76 L2·A@-74 L3·A@-76 R1·A@-75 R2·A@-75 R3·A@-75 罐=无罐 泵=0 阀=111111 速=+0,+0,+0.00 电=8.09V/0.81A/峰1.63 补余=0.0 IO错=0 倾+0.0
[   91.636] TLM t=  30.7 L1·A@-75 L2·A@-74 L3·A@-76 R1·A@-75 R2·A@-74 R3·A@-74 罐=无罐 泵=0 阀=111111 速=+0,+0,+0.00 电=8.09V/0.81A/峰1.63 补余=0.0 IO错=0 倾+0.0
[   92.153] TLM t=  31.2 L1·A@-75 L2·A@-73 L3·A@-76 R1·A@-75 R2·A@-74 R3·A@-74 罐=无罐 泵=0 阀=111111 速=+0,+0,+0.00 电=8.10V/0.81A/峰1.63 补余=0.0 IO错=0 倾+0.0
[   92.662] TLM t=  31.7 L1·A@-75 L2·A@-72 L3·A@-75 R1·A@-74 R2·A@-73 R3·A@-73 罐=无罐 泵=0 阀=111111 速=+0,+0,+0.00 电=8.10V/0.81A/峰1.63 补余=0.0 IO错=0 倾+0.0
[   93.176] TLM t=  32.3 L1·A@-75 L2·A@-72 L3·A@-75 R1·A@-74 R2·A@-73 R3·A@-73 罐=无罐 泵=0 阀=111111 速=+0,+0,+0.00 电=8.09V/0.81A/峰1.63 补余=0.0 IO错=0 倾+0.0
[   93.686] TLM t=  32.8 L1·A@-75 L2·A@-71 L3·A@-75 R1·A@-74 R2·A@-72 R3·A@-72 罐=无罐 泵=0 阀=111111 速=+0,+0,+0.00 电=8.09V/0.81A/峰1.63 补余=0.0 IO错=0 倾+0.0
[   94.204] TLM t=  33.3 L1·A@-75 L2·A@-71 L3·A@-75 R1·A@-74 R2·A@-72 R3·A@-72 罐=无罐 泵=0 阀=111111 速=+0,+0,+0.00 电=8.10V/0.81A/峰1.63 补余=0.0 IO错=0 倾+0.0
[   94.706] TLM t=  33.8 L1·A@-74 L2·A@-70 L3·A@-75 R1·A@-74 R2·A@-71 R3·A@-71 罐=无罐 泵=0 阀=111111 速=+0,+0,+0.00 电=8.09V/0.81A/峰1.63 补余=0.0 IO错=0 倾+0.0
[   95.226] TLM t=  34.3 L1·A@-74 L2·A@-69 L3·A@-75 R1·A@-73 R2·A@-71 R3·A@-71 罐=无罐 泵=0 阀=111111 速=+0,+0,+0.00 电=8.09V/0.81A/峰1.63 补余=0.0 IO错=0 倾+0.0
[   95.733] TLM t=  34.8 L1·A@-74 L2·A@-69 L3·A@-74 R1·A@-73 R2·A@-71 R3·A@-70 罐=无罐 泵=0 阀=111111 速=+0,+0,+0.00 电=8.09V/0.81A/峰1.63 补余=0.0 IO错=0 倾+0.0
[   96.249] TLM t=  35.3 L1·A@-74 L2·A@-68 L3·A@-74 R1·A@-73 R2·A@-70 R3·A@-70 罐=无罐 泵=0 阀=111111 速=+0,+0,+0.00 电=8.09V/0.81A/峰1.63 补余=0.0 IO错=0 倾+0.0
[   96.762] TLM t=  35.8 L1·A@-74 L2·A@-67 L3·A@-74 R1·A@-73 R2·A@-70 R3·A@-69 罐=无罐 泵=0 阀=111111 速=+0,+0,+0.00 电=8.09V/0.81A/峰1.63 补余=0.0 IO错=0 倾+0.0
[   97.258] TLM t=  36.3 L1·A@-74 L2·A@-67 L3·A@-74 R1·A@-73 R2·A@-69 R3·A@-69 罐=无罐 泵=0 阀=111111 速=+0,+0,+0.00 电=8.09V/0.81A/峰1.63 补余=0.0 IO错=0 倾+0.0
[   97.779] TLM t=  36.8 L1·A@-73 L2·A@-66 L3·A@-74 R1·A@-73 R2·A@-69 R3·A@-68 罐=无罐 泵=0 阀=111111 速=+0,+0,+0.00 电=8.10V/0.81A/峰1.63 补余=0.0 IO错=0 倾+0.0
[   98.301] TLM t=  37.4 L1·A@-73 L2·A@-66 L3·A@-74 R1·A@-72 R2·A@-68 R3·A@-68 罐=无罐 泵=0 阀=111111 速=+0,+0,+0.00 电=8.10V/0.81A/峰1.63 补余=0.0 IO错=0 倾+0.0
[   98.804] TLM t=  37.9 L1·A@-73 L2·A@-65 L3·A@-74 R1·A@-72 R2·A@-68 R3·A@-67 罐=无罐 泵=0 阀=111111 速=+0,+0,+0.00 电=8.10V/0.81A/峰1.63 补余=0.0 IO错=0 倾+0.0
[   99.321] TLM t=  38.4 L1·A@-73 L2·A@-64 L3·A@-74 R1·A@-72 R2·A@-68 R3·A@-67 罐=无罐 泵=0 阀=111111 速=+0,+0,+0.00 电=8.10V/0.81A/峰1.63 补余=0.0 IO错=0 倾+0.0
[   99.828] TLM t=  38.9 L1·A@-73 L2·A@-64 L3·A@-73 R1·A@-72 R2·A@-67 R3·A@-66 罐=无罐 泵=0 阀=111111 速=+0,+0,+0.00 电=8.09V/0.81A/峰1.63 补余=0.0 IO错=0 倾+0.0
[  100.343] TLM t=  39.4 L1·A@-72 L2·A@-63 L3·A@-73 R1·A@-72 R2·A@-67 R3·A@-66 罐=无罐 泵=0 阀=111111 速=+0,+0,+0.00 电=8.10V/0.81A/峰1.63 补余=0.0 IO错=0 倾+0.0
[  100.850] TLM t=  39.9 L1·A@-72 L2·A@-63 L3·A@-73 R1·A@-71 R2·A@-66 R3·A@-65 罐=无罐 泵=0 阀=111111 速=+0,+0,+0.00 电=8.09V/0.81A/峰1.63 补余=0.0 IO错=0 倾+0.0
[  101.367] TLM t=  40.4 L1·A@-72 L2·A@-62 L3·A@-73 R1·A@-71 R2·A@-66 R3·A@-65 罐=无罐 泵=0 阀=111111 速=+0,+0,+0.00 电=8.09V/0.81A/峰1.63 补余=0.0 IO错=0 倾+0.0
[  101.872] TLM t=  40.9 L1·A@-72 L2·A@-61 L3·A@-73 R1·A@-71 R2·A@-65 R3·A@-64 罐=无罐 泵=0 阀=111111 速=+0,+0,+0.00 电=8.10V/0.90A/峰1.63 补余=0.0 IO错=0 倾+0.0
[  102.394] TLM t=  41.4 L1·A@-72 L2·A@-61 L3·A@-73 R1·A@-71 R2·A@-65 R3·A@-64 罐=无罐 泵=0 阀=111111 速=+0,+0,+0.00 电=8.10V/0.73A/峰1.63 补余=0.0 IO错=0 倾+0.0
[  102.896] TLM t=  41.9 L1·A@-72 L2·A@-60 L3·A@-73 R1·A@-71 R2·A@-65 R3·A@-63 罐=无罐 泵=0 阀=111111 速=+0,+0,+0.00 电=8.10V/0.81A/峰1.63 补余=0.0 IO错=0 倾+0.0
[  103.190] EVT 泵 开 最差盘压-60.0
[  103.415] TLM t=  42.5 L1·A@-72 L2·A@-60 L3·A@-72 R1·A@-70 R2·A@-64 R3·A@-63 罐=无罐 泵=1 阀=111111 速=+0,+0,+0.00 电=8.05V/0.81A/峰1.63 补余=0.0 IO错=0 倾+0.0
[  103.921] TLM t=  43.0 L1·A@-73 L2·A@-74 L3·A@-73 R1·A@-72 R2·A@-73 R3·A@-73 罐=无罐 泵=1 阀=111111 速=+0,+0,+0.00 电=8.08V/0.90A/峰1.63 补余=0.0 IO错=0 倾+0.0
[  104.188] EVT 泵 停 最差盘压-75.3
[  104.436] TLM t=  43.5 L1·A@-76 L2·A@-76 L3·A@-76 R1·A@-76 R2·A@-76 R3·A@-76 罐=无罐 泵=0 阀=111111 速=+0,+0,+0.00 电=8.09V/0.81A/峰1.63 补余=0.0 IO错=0 倾+0.0
[  104.946] TLM t=  44.0 L1·A@-76 L2·A@-76 L3·A@-76 R1·A@-76 R2·A@-75 R3·A@-76 罐=无罐 泵=0 阀=111111 速=+0,+0,+0.00 电=8.09V/0.81A/峰1.63 补余=0.0 IO错=0 倾+0.0
[  105.460] TLM t=  44.5 L1·A@-76 L2·A@-75 L3·A@-76 R1·A@-75 R2·A@-75 R3·A@-75 罐=无罐 泵=0 阀=111111 速=+0,+0,+0.00 电=8.09V/0.81A/峰1.63 补余=0.0 IO错=0 倾+0.0
[  105.969] TLM t=  45.0 L1·A@-76 L2·A@-74 L3·A@-76 R1·A@-75 R2·A@-74 R3·A@-75 罐=无罐 泵=0 阀=111111 速=+0,+0,+0.00 电=8.09V/0.81A/峰1.63 补余=0.0 IO错=0 倾+0.0
[  106.483] TLM t=  45.5 L1·A@-75 L2·A@-74 L3·A@-76 R1·A@-75 R2·A@-74 R3·A@-74 罐=无罐 泵=0 阀=111111 速=+0,+0,+0.00 电=8.09V/0.81A/峰1.63 补余=0.0 IO错=0 倾+0.0
[  106.989] TLM t=  46.0 L1·A@-75 L2·A@-73 L3·A@-75 R1·A@-75 R2·A@-73 R3·A@-73 罐=无罐 泵=0 阀=111111 速=+0,+0,+0.00 电=8.10V/0.81A/峰1.63 补余=0.0 IO错=0 倾+0.0
[  107.508] TLM t=  46.5 L1·A@-75 L2·A@-72 L3·A@-75 R1·A@-74 R2·A@-73 R3·A@-73 罐=无罐 泵=0 阀=111111 速=+0,+0,+0.00 电=8.10V/0.81A/峰1.63 补余=0.0 IO错=0 倾+0.0
[  108.010] TLM t=  47.0 L1·A@-75 L2·A@-72 L3·A@-75 R1·A@-74 R2·A@-73 R3·A@-72 罐=无罐 泵=0 阀=111111 速=+0,+0,+0.00 电=8.09V/0.81A/峰1.63 补余=0.0 IO错=0 倾+0.0
[  108.528] TLM t=  47.6 L1·A@-75 L2·A@-71 L3·A@-75 R1·A@-74 R2·A@-72 R3·A@-72 罐=无罐 泵=0 阀=111111 速=+0,+0,+0.00 电=8.09V/0.81A/峰1.63 补余=0.0 IO错=0 倾+0.0
[  109.038] TLM t=  48.1 L1·A@-74 L2·A@-70 L3·A@-75 R1·A@-74 R2·A@-72 R3·A@-71 罐=无罐 泵=0 阀=111111 速=+0,+0,+0.00 电=8.10V/0.90A/峰1.63 补余=0.0 IO错=0 倾+0.0
[  109.552] TLM t=  48.6 L1·A@-74 L2·A@-70 L3·A@-75 R1·A@-74 R2·A@-71 R3·A@-71 罐=无罐 泵=0 阀=111111 速=+0,+0,+0.00 电=8.10V/0.90A/峰1.63 补余=0.0 IO错=0 倾+0.0
[  110.058] TLM t=  49.1 L1·A@-74 L2·A@-69 L3·A@-75 R1·A@-74 R2·A@-71 R3·A@-70 罐=无罐 泵=0 阀=111111 速=+0,+0,+0.00 电=8.09V/0.81A/峰1.63 补余=0.0 IO错=0 倾+0.0
[  110.576] TLM t=  49.6 L1·A@-74 L2·A@-68 L3·A@-74 R1·A@-73 R2·A@-70 R3·A@-70 罐=无罐 泵=0 阀=111111 速=+0,+0,+0.00 电=8.09V/0.81A/峰1.63 补余=0.0 IO错=0 倾+0.0
[  111.083] TLM t=  50.1 L1·A@-74 L2·A@-68 L3·A@-74 R1·A@-73 R2·A@-70 R3·A@-69 罐=无罐 泵=0 阀=111111 速=+0,+0,+0.00 电=8.09V/0.81A/峰1.63 补余=0.0 IO错=0 倾+0.0
[  111.599] TLM t=  50.6 L1·A@-74 L2·A@-67 L3·A@-74 R1·A@-73 R2·A@-70 R3·A@-69 罐=无罐 泵=0 阀=111111 速=+0,+0,+0.00 电=8.09V/0.81A/峰1.63 补余=0.0 IO错=0 倾+0.0
[  112.105] TLM t=  51.1 L1·A@-73 L2·A@-67 L3·A@-74 R1·A@-73 R2·A@-69 R3·A@-68 罐=无罐 泵=0 阀=111111 速=+0,+0,+0.00 电=8.10V/0.73A/峰1.63 补余=0.0 IO错=0 倾+0.0
[  112.619] TLM t=  51.6 L1·A@-73 L2·A@-66 L3·A@-74 R1·A@-73 R2·A@-69 R3·A@-68 罐=无罐 泵=0 阀=111111 速=+0,+0,+0.00 电=8.09V/0.81A/峰1.63 补余=0.0 IO错=0 倾+0.0
[  113.127] TLM t=  52.1 L1·A@-73 L2·A@-65 L3·A@-74 R1·A@-72 R2·A@-68 R3·A@-67 罐=无罐 泵=0 阀=111111 速=+0,+0,+0.00 电=8.09V/0.81A/峰1.63 补余=0.0 IO错=0 倾+0.0
[  113.643] TLM t=  52.7 L1·A@-73 L2·A@-65 L3·A@-74 R1·A@-72 R2·A@-68 R3·A@-67 罐=无罐 泵=0 阀=111111 速=+0,+0,+0.00 电=8.09V/0.81A/峰1.63 补余=0.0 IO错=0 倾+0.0
[  114.147] TLM t=  53.1 L1·A@-73 L2·A@-64 L3·A@-74 R1·A@-72 R2·A@-67 R3·A@-66 罐=无罐 泵=0 阀=111111 速=+0,+0,+0.00 电=8.09V/0.81A/峰1.63 补余=0.0 IO错=0 倾+0.0
[  114.654] TLM t=  53.6 L1·A@-73 L2·A@-64 L3·A@-73 R1·A@-72 R2·A@-67 R3·A@-66 罐=无罐 泵=0 阀=111111 速=+0,+0,+0.00 电=8.09V/0.81A/峰1.63 补余=0.0 IO错=0 倾+0.0
[  115.159] TLM t=  54.1 L1·A@-73 L2·A@-63 L3·A@-73 R1·A@-72 R2·A@-67 R3·A@-65 罐=无罐 泵=0 阀=111111 速=+0,+0,+0.00 电=8.09V/0.81A/峰1.63 补余=0.0 IO错=0 倾+0.0
[  115.678] TLM t=  54.7 L1·A@-72 L2·A@-62 L3·A@-73 R1·A@-72 R2·A@-66 R3·A@-65 罐=无罐 泵=0 阀=111111 速=+0,+0,+0.00 电=8.08V/0.90A/峰1.63 补余=0.0 IO错=0 倾+0.0
[  116.181] TLM t=  55.2 L1·A@-72 L2·A@-62 L3·A@-73 R1·A@-71 R2·A@-66 R3·A@-65 罐=无罐 泵=0 阀=111111 速=+0,+0,+0.00 电=8.09V/0.73A/峰1.63 补余=0.0 IO错=0 倾+0.0
[  116.704] TLM t=  55.7 L1·A@-72 L2·A@-61 L3·A@-73 R1·A@-71 R2·A@-65 R3·A@-64 罐=无罐 泵=0 阀=111111 速=+0,+0,+0.00 电=8.09V/0.81A/峰1.63 补余=0.0 IO错=0 倾+0.0
[  117.207] TLM t=  56.2 L1·A@-72 L2·A@-61 L3·A@-73 R1·A@-71 R2·A@-65 R3·A@-64 罐=无罐 泵=0 阀=111111 速=+0,+0,+0.00 电=8.09V/0.81A/峰1.63 补余=0.0 IO错=0 倾+0.0
[  117.727] TLM t=  56.7 L1·A@-72 L2·A@-60 L3·A@-73 R1·A@-71 R2·A@-65 R3·A@-63 罐=无罐 泵=0 阀=111111 速=+0,+0,+0.00 电=8.09V/0.81A/峰1.63 补余=0.0 IO错=0 倾+0.0
[  117.903] EVT 泵 开 最差盘压-60.0
[  118.235] TLM t=  57.2 L1·A@-72 L2·A@-65 L3·A@-73 R1·A@-71 R2·A@-65 R3·A@-65 罐=无罐 泵=1 阀=111111 速=+0,+0,+0.00 电=8.07V/0.73A/峰1.63 补余=0.0 IO错=0 倾+0.0
[  118.752] TLM t=  57.7 L1·A@-75 L2·A@-75 L3·A@-75 R1·A@-74 R2·A@-74 R3·A@-74 罐=无罐 泵=1 阀=111111 速=+0,+0,+0.00 电=8.04V/0.81A/峰1.63 补余=0.0 IO错=0 倾+0.0
[  118.886] EVT 泵 停 最差盘压-75.2
[  119.256] TLM t=  58.2 L1·A@-76 L2·A@-76 L3·A@-76 R1·A@-76 R2·A@-76 R3·A@-76 罐=无罐 泵=0 阀=111111 速=+0,+0,+0.00 电=8.08V/0.81A/峰1.63 补余=0.0 IO错=0 倾+0.0
[  119.777] TLM t=  58.7 L1·A@-76 L2·A@-75 L3·A@-76 R1·A@-75 R2·A@-75 R3·A@-75 罐=无罐 泵=0 阀=111111 速=+0,+0,+0.00 电=8.09V/0.81A/峰1.63 补余=0.0 IO错=0 倾+0.0
[  120.280] TLM t=  59.2 L1·A@-76 L2·A@-75 L3·A@-76 R1·A@-75 R2·A@-75 R3·A@-75 罐=无罐 泵=0 阀=111111 速=+0,+0,+0.00 电=8.09V/0.81A/峰1.63 补余=0.0 IO错=0 倾+0.0
[  120.803] TLM t=  59.8 L1·A@-75 L2·A@-74 L3·A@-76 R1·A@-75 R2·A@-74 R3·A@-74 罐=无罐 泵=0 阀=111111 速=+0,+0,+0.00 电=8.09V/0.81A/峰1.63 补余=0.0 IO错=0 倾+0.0
[  121.312] TLM t=  60.3 L1·A@-75 L2·A@-73 L3·A@-76 R1·A@-75 R2·A@-74 R3·A@-74 罐=无罐 泵=0 阀=111111 速=+0,+0,+0.00 电=8.10V/0.81A/峰1.63 补余=0.0 IO错=0 倾+0.0
[  121.834] TLM t=  60.8 L1·A@-75 L2·A@-73 L3·A@-75 R1·A@-75 R2·A@-73 R3·A@-73 罐=无罐 泵=0 阀=111111 速=+0,+0,+0.00 电=8.08V/0.90A/峰1.63 补余=0.0 IO错=0 倾+0.0
[  122.336] TLM t=  61.3 L1·A@-75 L2·A@-72 L3·A@-75 R1·A@-74 R2·A@-73 R3·A@-73 罐=无罐 泵=0 阀=111111 速=+0,+0,+0.00 电=8.09V/0.81A/峰1.63 补余=0.0 IO错=0 倾+0.0
[  122.858] TLM t=  61.8 L1·A@-75 L2·A@-71 L3·A@-75 R1·A@-74 R2·A@-72 R3·A@-72 罐=无罐 泵=0 阀=111111 速=+0,+0,+0.00 电=8.10V/0.81A/峰1.63 补余=0.0 IO错=0 倾+0.0
[  123.365] TLM t=  62.3 L1·A@-75 L2·A@-71 L3·A@-75 R1·A@-74 R2·A@-72 R3·A@-72 罐=无罐 泵=0 阀=111111 速=+0,+0,+0.00 电=8.10V/0.81A/峰1.63 补余=0.0 IO错=0 倾+0.0
[  123.881] TLM t=  62.8 L1·A@-74 L2·A@-70 L3·A@-75 R1·A@-74 R2·A@-72 R3·A@-71 罐=无罐 泵=0 阀=111111 速=+0,+0,+0.00 电=8.09V/0.81A/峰1.63 补余=0.0 IO错=0 倾+0.0
[  124.386] TLM t=  63.3 L1·A@-74 L2·A@-70 L3·A@-75 R1·A@-74 R2·A@-71 R3·A@-71 罐=无罐 泵=0 阀=111111 速=+0,+0,+0.00 电=8.09V/0.81A/峰1.63 补余=0.0 IO错=0 倾+0.0
[  124.907] TLM t=  63.8 L1·A@-74 L2·A@-69 L3·A@-75 R1·A@-73 R2·A@-71 R3·A@-70 罐=无罐 泵=0 阀=111111 速=+0,+0,+0.00 电=8.09V/0.65A/峰1.63 补余=0.0 IO错=0 倾+0.0
[  125.410] TLM t=  64.3 L1·A@-74 L2·A@-68 L3·A@-74 R1·A@-73 R2·A@-70 R3·A@-70 罐=无罐 泵=0 阀=111111 速=+0,+0,+0.00 电=8.09V/0.73A/峰1.63 补余=0.0 IO错=0 倾+0.0
[  125.931] TLM t=  64.9 L1·A@-74 L2·A@-68 L3·A@-74 R1·A@-73 R2·A@-70 R3·A@-69 罐=无罐 泵=0 阀=111111 速=+0,+0,+0.00 电=8.10V/0.81A/峰1.63 补余=0.0 IO错=0 倾+0.0
[  126.435] TLM t=  65.4 L1·A@-74 L2·A@-67 L3·A@-74 R1·A@-73 R2·A@-69 R3·A@-69 罐=无罐 泵=0 阀=111111 速=+0,+0,+0.00 电=8.09V/0.81A/峰1.63 补余=0.0 IO错=0 倾+0.0
[  126.957] TLM t=  65.9 L1·A@-73 L2·A@-66 L3·A@-74 R1·A@-73 R2·A@-69 R3·A@-68 罐=无罐 泵=0 阀=111111 速=+0,+0,+0.00 电=8.09V/0.81A/峰1.63 补余=0.0 IO错=0 倾+0.0
[  127.460] TLM t=  66.4 L1·A@-73 L2·A@-66 L3·A@-74 R1·A@-73 R2·A@-69 R3·A@-68 罐=无罐 泵=0 阀=111111 速=+0,+0,+0.00 电=8.08V/0.81A/峰1.63 补余=0.0 IO错=0 倾+0.0
[  127.982] TLM t=  66.9 L1·A@-73 L2·A@-65 L3·A@-74 R1·A@-72 R2·A@-68 R3·A@-67 罐=无罐 泵=0 阀=111111 速=+0,+0,+0.00 电=8.09V/0.81A/峰1.63 补余=0.0 IO错=0 倾+0.0
[  128.484] TLM t=  67.4 L1·A@-73 L2·A@-65 L3·A@-74 R1·A@-72 R2·A@-68 R3·A@-67 罐=无罐 泵=0 阀=111111 速=+0,+0,+0.00 电=8.08V/0.90A/峰1.63 补余=0.0 IO错=0 倾+0.0
[  129.007] TLM t=  67.9 L1·A@-73 L2·A@-64 L3·A@-73 R1·A@-72 R2·A@-67 R3·A@-66 罐=无罐 泵=0 阀=111111 速=+0,+0,+0.00 电=8.09V/0.81A/峰1.63 补余=0.0 IO错=0 倾+0.0
[  129.511] TLM t=  68.4 L1·A@-73 L2·A@-64 L3·A@-73 R1·A@-72 R2·A@-67 R3·A@-66 罐=无罐 泵=0 阀=111111 速=+0,+0,+0.00 电=8.09V/0.81A/峰1.63 补余=0.0 IO错=0 倾+0.0
[  130.033] TLM t=  68.9 L1·A@-73 L2·A@-63 L3·A@-73 R1·A@-72 R2·A@-67 R3·A@-65 罐=无罐 泵=0 阀=111111 速=+0,+0,+0.00 电=8.09V/0.81A/峰1.63 补余=0.0 IO错=0 倾+0.0
[  130.538] TLM t=  69.4 L1·A@-72 L2·A@-62 L3·A@-73 R1·A@-72 R2·A@-66 R3·A@-65 罐=无罐 泵=0 阀=111111 速=+0,+0,+0.00 电=8.09V/0.81A/峰1.63 补余=0.0 IO错=0 倾+0.0
[  131.056] TLM t=  70.0 L1·A@-72 L2·A@-62 L3·A@-73 R1·A@-71 R2·A@-66 R3·A@-64 罐=无罐 泵=0 阀=111111 速=+0,+0,+0.00 电=8.09V/0.81A/峰1.63 补余=0.0 IO错=0 倾+0.0
[  131.560] TLM t=  70.5 L1·A@-72 L2·A@-61 L3·A@-73 R1·A@-71 R2·A@-65 R3·A@-64 罐=无罐 泵=0 阀=111111 速=+0,+0,+0.00 电=8.09V/0.81A/峰1.63 补余=0.0 IO错=0 倾+0.0
[  132.082] TLM t=  71.0 L1·A@-72 L2·A@-61 L3·A@-73 R1·A@-71 R2·A@-65 R3·A@-63 罐=无罐 泵=0 阀=111111 速=+0,+0,+0.00 电=8.09V/0.81A/峰1.63 补余=0.0 IO错=0 倾+0.0
[  132.585] TLM t=  71.5 L1·A@-72 L2·A@-60 L3·A@-73 R1·A@-71 R2·A@-64 R3·A@-63 罐=无罐 泵=0 阀=111111 速=+0,+0,+0.00 电=8.09V/0.81A/峰1.63 补余=0.0 IO错=0 倾+0.0
[  132.676] EVT 泵 开 最差盘压-59.9
[  133.107] TLM t=  72.0 L1·A@-72 L2·A@-68 L3·A@-72 R1·A@-71 R2·A@-67 R3·A@-67 罐=无罐 泵=1 阀=111111 速=+0,+0,+0.00 电=8.04V/0.73A/峰1.63 补余=0.0 IO错=0 倾+0.0
[  133.612] TLM t=  72.5 L1·A@-75 L2·A@-75 L3·A@-75 R1·A@-75 R2·A@-75 R3·A@-75 罐=无罐 泵=1 阀=111111 速=+0,+0,+0.00 电=8.02V/0.73A/峰1.63 补余=0.0 IO错=0 倾+0.0
[  133.661] EVT 泵 停 最差盘压-75.2
[  134.131] TLM t=  73.0 L1·A@-76 L2·A@-76 L3·A@-76 R1·A@-76 R2·A@-76 R3·A@-76 罐=无罐 泵=0 阀=111111 速=+0,+0,+0.00 电=8.09V/0.81A/峰1.63 补余=0.0 IO错=0 倾+0.0
[  134.635] TLM t=  73.5 L1·A@-76 L2·A@-75 L3·A@-76 R1·A@-75 R2·A@-75 R3·A@-75 罐=无罐 泵=0 阀=111111 速=+0,+0,+0.00 电=8.09V/0.81A/峰1.63 补余=0.0 IO错=0 倾+0.0
[  135.161] TLM t=  74.0 L1·A@-76 L2·A@-74 L3·A@-76 R1·A@-75 R2·A@-75 R3·A@-75 罐=无罐 泵=0 阀=111111 速=+0,+0,+0.00 电=8.08V/0.81A/峰1.63 补余=0.0 IO错=0 倾+0.0
[  135.667] TLM t=  74.5 L1·A@-76 L2·A@-74 L3·A@-76 R1·A@-75 R2·A@-74 R3·A@-74 罐=无罐 泵=0 阀=111111 速=+0,+0,+0.00 电=8.09V/0.81A/峰1.63 补余=0.0 IO错=0 倾+0.0
[  136.188] TLM t=  75.1 L1·A@-75 L2·A@-73 L3·A@-76 R1·A@-75 R2·A@-74 R3·A@-74 罐=无罐 泵=0 阀=111111 速=+0,+0,+0.00 电=8.09V/0.81A/峰1.63 补余=0.0 IO错=0 倾+0.0
[  136.694] TLM t=  75.6 L1·A@-75 L2·A@-73 L3·A@-75 R1·A@-75 R2·A@-73 R3·A@-73 罐=无罐 泵=0 阀=111111 速=+0,+0,+0.00 电=8.09V/0.81A/峰1.63 补余=0.0 IO错=0 倾+0.0
[  137.213] TLM t=  76.1 L1·A@-75 L2·A@-72 L3·A@-75 R1·A@-74 R2·A@-73 R3·A@-73 罐=无罐 泵=0 阀=111111 速=+0,+0,+0.00 电=8.09V/0.73A/峰1.63 补余=0.0 IO错=0 倾+0.0
[  137.719] TLM t=  76.6 L1·A@-75 L2·A@-71 L3·A@-75 R1·A@-74 R2·A@-72 R3·A@-72 罐=无罐 泵=0 阀=111111 速=+0,+0,+0.00 电=8.09V/0.81A/峰1.63 补余=0.0 IO错=0 倾+0.0
[  138.243] TLM t=  77.1 L1·A@-75 L2·A@-71 L3·A@-75 R1·A@-74 R2·A@-72 R3·A@-72 罐=无罐 泵=0 阀=111111 速=+0,+0,+0.00 电=8.08V/0.73A/峰1.63 补余=0.0 IO错=0 倾+0.0
[  138.743] TLM t=  77.6 L1·A@-75 L2·A@-70 L3·A@-75 R1·A@-74 R2·A@-71 R3·A@-71 罐=无罐 泵=0 阀=111111 速=+0,+0,+0.00 电=8.09V/0.81A/峰1.63 补余=0.0 IO错=0 倾+0.0
[  139.268] TLM t=  78.1 L1·A@-74 L2·A@-69 L3·A@-75 R1·A@-74 R2·A@-71 R3·A@-71 罐=无罐 泵=0 阀=111111 速=+0,+0,+0.00 电=8.09V/0.81A/峰1.63 补余=0.0 IO错=0 倾+0.0
[  139.774] TLM t=  78.6 L1·A@-74 L2·A@-69 L3·A@-75 R1·A@-73 R2·A@-71 R3·A@-70 罐=无罐 泵=0 阀=111111 速=+0,+0,+0.00 电=8.09V/0.90A/峰1.63 补余=0.0 IO错=0 倾+0.0
[  140.294] TLM t=  79.1 L1·A@-74 L2·A@-68 L3·A@-74 R1·A@-73 R2·A@-70 R3·A@-70 罐=无罐 泵=0 阀=111111 速=+0,+0,+0.00 电=8.09V/0.73A/峰1.63 补余=0.0 IO错=0 倾+0.0
[  140.801] TLM t=  79.6 L1·A@-74 L2·A@-68 L3·A@-74 R1·A@-73 R2·A@-70 R3·A@-69 罐=无罐 泵=0 阀=111111 速=+0,+0,+0.00 电=8.09V/0.73A/峰1.63 补余=0.0 IO错=0 倾+0.0
[  141.319] TLM t=  80.2 L1·A@-74 L2·A@-67 L3·A@-74 R1·A@-73 R2·A@-69 R3·A@-69 罐=无罐 泵=0 阀=111111 速=+0,+0,+0.00 电=8.09V/0.81A/峰1.63 补余=0.0 IO错=0 倾+0.0
[  141.822] TLM t=  80.7 L1·A@-74 L2·A@-66 L3·A@-74 R1·A@-73 R2·A@-69 R3·A@-68 罐=无罐 泵=0 阀=111111 速=+0,+0,+0.00 电=8.08V/0.81A/峰1.63 补余=0.0 IO错=0 倾+0.0
[  142.346] TLM t=  81.2 L1·A@-73 L2·A@-66 L3·A@-74 R1·A@-73 R2·A@-69 R3·A@-68 罐=无罐 泵=0 阀=111111 速=+0,+0,+0.00 电=8.09V/0.81A/峰1.63 补余=0.0 IO错=0 倾+0.0
[  142.391] EVT 键 '6' 倾=+0.0待=+0.0
[  142.848] TLM t=  81.7 L1·A@-73 L2·A@-65 L3·A@-74 R1·A@-72 R2·A@-68 R3·A@-67 罐=无罐 泵=0 阀=111111 速=+0,+0,+0.00 电=8.09V/0.73A/峰1.63 补余=0.0 IO错=0 倾+0.0
[  143.369] TLM t=  82.2 L1·A@-73 L2·A@-65 L3·A@-74 R1·A@-72 R2·A@-68 R3·A@-67 罐=无罐 泵=0 阀=111111 速=+0,+0,+0.00 电=8.09V/0.73A/峰1.63 补余=0.0 IO错=0 倾+0.0
[  143.874] TLM t=  82.7 L1·A@-73 L2·A@-64 L3·A@-74 R1·A@-72 R2·A@-67 R3·A@-66 罐=无罐 泵=0 阀=111111 速=+0,+0,+0.00 电=8.08V/0.81A/峰1.63 补余=0.0 IO错=0 倾+0.0
[  144.277] EVT 原地抬起受理：R3
[  144.277] EVT 键 'i' 倾=+0.0待=+0.0
[  144.297] EVT 吸附 R3 attached→venting 在态83.14s -65.8kPa
[  144.297] EVT 相位 R3 stance→vent 落点Δ(+0.0,+0.0)
[  144.325] EVT 阀 R3 →排气位
[  144.395] TLM t=  86.5 L1·A@-73 L2·A@-63 L3·A@-73 R1·A@-72 R2·A@-67 R3Vv@-66 罐=无罐 泵=0 阀=111110 速=+0,+0,+0.00 电=8.08V/0.81A/峰1.63 补余=0.0 IO错=0 倾+0.0
[  144.601] EVT 相位 R3 vent→lift
[  144.724] EVT 吸附 R3 venting→released 在态0.42s 0.2kPa
[  144.898] TLM t=  87.0 L1·A@-73 L2·A@-63 L3·A@-73 R1·A@-72 R2·A@-66 R3Lr@-- 罐=无罐 泵=0 阀=111110 速=+0,+0,+0.00 电=8.08V/0.98A/峰1.63 补余=0.0 IO错=0 倾+0.0
[  145.421] TLM t=  87.0 L1·A@-73 L2·A@-62 L3·A@-73 R1·A@-72 R2·A@-66 R3Lr@-- 罐=无罐 泵=0 阀=111110 速=+0,+0,+0.00 电=8.06V/1.06A/峰1.63 补余=0.0 IO错=0 倾+0.0
[  145.447] EVT 相位 R3 lift→transfer
[  145.921] TLM t=  87.0 L1·A@-72 L2·A@-62 L3·A@-73 R1·A@-71 R2·A@-66 R3Tr@-- 罐=无罐 泵=0 阀=111110 速=+0,+0,+0.00 电=8.07V/1.22A/峰1.63 补余=0.0 IO错=0 倾+0.0
[  146.076] EVT 相位 R3 transfer→hover
[  146.444] TLM t=  87.0 L1·A@-72 L2·A@-61 L3·A@-73 R1·A@-71 R2·A@-65 R3Hr@-- 罐=无罐 泵=0 阀=111110 速=+0,+0,+0.00 电=8.07V/0.98A/峰1.63 补余=0.0 IO错=0 倾+0.0
[  146.949] TLM t=  87.0 L1·A@-72 L2·A@-60 L3·A@-73 R1·A@-71 R2·A@-65 R3Hr@-- 罐=无罐 泵=0 阀=111110 速=+0,+0,+0.00 电=8.08V/0.98A/峰1.63 补余=0.0 IO错=0 倾+0.0
[  147.283] EVT 泵 开 最差盘压-59.9
[  147.474] TLM t=  87.0 L1·A@-72 L2·A@-60 L3·A@-73 R1·A@-71 R2·A@-64 R3Hr@-- 罐=无罐 泵=1 阀=111110 速=+0,+0,+0.00 电=8.05V/0.98A/峰1.63 补余=0.0 IO错=0 倾+0.0
[  147.976] TLM t=  87.0 L1·A@-73 L2·A@-73 L3·A@-73 R1·A@-73 R2·A@-73 R3Hr@-- 罐=无罐 泵=1 阀=111110 速=+0,+0,+0.00 电=8.02V/0.98A/峰1.63 补余=0.0 IO错=0 倾+0.0
[  147.981] EVT 落地：R3
[  147.981] EVT 键 'i' 倾=+0.0待=+0.0
[  147.981] EVT 相位 R3 hover→descend
[  148.207] EVT 泵 停 最差盘压-75.1
[  148.462] EVT 相位 R3 descend→press
[  148.504] TLM t=  87.0 L1·A@-76 L2·A@-76 L3·A@-76 R1·A@-76 R2·A@-76 R3Pr@-- 罐=无罐 泵=0 阀=111110 速=+0,+0,+0.00 电=8.06V/1.06A/峰1.63 补余=0.0 IO错=0 倾+0.0
[  149.003] TLM t=  87.0 L1·A@-76 L2·A@-75 L3·A@-76 R1·A@-75 R2·A@-75 R3Pr@-- 罐=无罐 泵=0 阀=111110 速=+0,+0,+0.00 电=8.06V/0.98A/峰1.63 补余=0.0 IO错=0 倾+0.0
[  149.530] TLM t=  87.0 L1·A@-76 L2·A@-74 L3·A@-76 R1·A@-75 R2·A@-75 R3Pr@-- 罐=无罐 泵=0 阀=111110 速=+0,+0,+0.00 电=8.05V/1.06A/峰1.63 补余=0.0 IO错=0 倾+0.0
[  149.675] EVT 吸附 R3 released→pressing 在态4.92s 0.2kPa
[  149.675] EVT 相位 R3 press→wait
[  150.003] EVT 吸附 R3 pressing→sucking 在态0.32s 0.2kPa
[  150.003] EVT 阀 R3 →抽气位
[  150.023] EVT 泵 开 最差盘压-73.8
[  150.034] TLM t=  87.0 L1·A@-75 L2·A@-74 L3·A@-76 R1·A@-75 R2·A@-74 R3Ws@-2 罐=无罐 泵=1 阀=111111 速=+0,+0,+0.00 电=7.93V/0.98A/峰1.63 补余=0.0 IO错=0 倾+0.0
[  150.364] EVT 吸附 R3 sucking→attached 在态0.36s -68.5kPa
[  150.364] EVT 相位 R3 wait→stance
[  150.364] EVT 抬落完成，轮到 L1
[  150.553] TLM t=  87.2 L1·A@-75 L2·A@-74 L3·A@-75 R1·A@-75 R2·A@-74 R3·A@-74 罐=无罐 泵=1 阀=111111 速=+0,+0,+0.00 电=8.05V/0.98A/峰1.63 补余=0.0 IO错=0 倾+0.0
[  150.686] EVT 泵 停 最差盘压-75.1
[  151.059] TLM t=  87.7 L1·A@-76 L2·A@-76 L3·A@-76 R1·A@-76 R2·A@-76 R3·A@-76 罐=无罐 泵=0 阀=111111 速=+0,+0,+0.00 电=8.08V/0.98A/峰1.63 补余=0.0 IO错=0 倾+0.0
[  151.577] TLM t=  88.2 L1·A@-76 L2·A@-75 L3·A@-76 R1·A@-75 R2·A@-75 R3·A@-75 罐=无罐 泵=0 阀=111111 速=+0,+0,+0.00 电=8.07V/0.98A/峰1.63 补余=0.0 IO错=0 倾+0.0
[  152.084] TLM t=  88.7 L1·A@-76 L2·A@-75 L3·A@-76 R1·A@-75 R2·A@-75 R3·A@-75 罐=无罐 泵=0 阀=111111 速=+0,+0,+0.00 电=8.07V/1.06A/峰1.63 补余=0.0 IO错=0 倾+0.0
[  152.608] TLM t=  89.2 L1·A@-75 L2·A@-74 L3·A@-76 R1·A@-75 R2·A@-74 R3·A@-74 罐=无罐 泵=0 阀=111111 速=+0,+0,+0.00 电=8.08V/1.06A/峰1.63 补余=0.0 IO错=0 倾+0.0
[  153.112] TLM t=  89.7 L1·A@-75 L2·A@-73 L3·A@-76 R1·A@-75 R2·A@-74 R3·A@-74 罐=无罐 泵=0 阀=111111 速=+0,+0,+0.00 电=8.07V/0.98A/峰1.63 补余=0.0 IO错=0 倾+0.0
[  153.632] TLM t=  90.2 L1·A@-75 L2·A@-73 L3·A@-75 R1·A@-74 R2·A@-73 R3·A@-73 罐=无罐 泵=0 阀=111111 速=+0,+0,+0.00 电=8.08V/1.06A/峰1.63 补余=0.0 IO错=0 倾+0.0
[  154.133] TLM t=  90.7 L1·A@-75 L2·A@-72 L3·A@-75 R1·A@-74 R2·A@-73 R3·A@-72 罐=无罐 泵=0 阀=111111 速=+0,+0,+0.00 电=8.07V/0.98A/峰1.63 补余=0.0 IO错=0 倾+0.0
[  154.659] TLM t=  91.3 L1·A@-75 L2·A@-71 L3·A@-75 R1·A@-74 R2·A@-72 R3·A@-72 罐=无罐 泵=0 阀=111111 速=+0,+0,+0.00 电=8.08V/1.06A/峰1.63 补余=0.0 IO错=0 倾+0.0
[  155.163] TLM t=  91.8 L1·A@-75 L2·A@-71 L3·A@-75 R1·A@-74 R2·A@-72 R3·A@-71 罐=无罐 泵=0 阀=111111 速=+0,+0,+0.00 电=8.07V/0.98A/峰1.63 补余=0.0 IO错=0 倾+0.0
[  155.684] TLM t=  92.3 L1·A@-74 L2·A@-70 L3·A@-75 R1·A@-74 R2·A@-72 R3·A@-71 罐=无罐 泵=0 阀=111111 速=+0,+0,+0.00 电=8.08V/0.98A/峰1.63 补余=0.0 IO错=0 倾+0.0
[  156.187] TLM t=  92.8 L1·A@-74 L2·A@-69 L3·A@-75 R1·A@-73 R2·A@-71 R3·A@-70 罐=无罐 泵=0 阀=111111 速=+0,+0,+0.00 电=8.07V/0.98A/峰1.63 补余=0.0 IO错=0 倾+0.0
[  156.707] TLM t=  93.3 L1·A@-74 L2·A@-69 L3·A@-75 R1·A@-73 R2·A@-71 R3·A@-70 罐=无罐 泵=0 阀=111111 速=+0,+0,+0.00 电=8.08V/0.98A/峰1.63 补余=0.0 IO错=0 倾+0.0
[  157.217] TLM t=  93.8 L1·A@-74 L2·A@-68 L3·A@-75 R1·A@-73 R2·A@-70 R3·A@-69 罐=无罐 泵=0 阀=111111 速=+0,+0,+0.00 电=8.08V/0.98A/峰1.63 补余=0.0 IO错=0 倾+0.0
[  157.736] TLM t=  94.3 L1·A@-74 L2·A@-67 L3·A@-74 R1·A@-73 R2·A@-70 R3·A@-69 罐=无罐 泵=0 阀=111111 速=+0,+0,+0.00 电=8.08V/1.06A/峰1.63 补余=0.0 IO错=0 倾+0.0
[  158.239] TLM t=  94.8 L1·A@-74 L2·A@-67 L3·A@-74 R1·A@-73 R2·A@-69 R3·A@-69 罐=无罐 泵=0 阀=111111 速=+0,+0,+0.00 电=8.08V/0.98A/峰1.63 补余=0.0 IO错=0 倾+0.0
[  158.763] TLM t=  95.3 L1·A@-73 L2·A@-66 L3·A@-74 R1·A@-72 R2·A@-69 R3·A@-68 罐=无罐 泵=0 阀=111111 速=+0,+0,+0.00 电=8.07V/0.98A/峰1.63 补余=0.0 IO错=0 倾+0.0
[  159.266] TLM t=  95.8 L1·A@-73 L2·A@-66 L3·A@-74 R1·A@-72 R2·A@-69 R3·A@-68 罐=无罐 泵=0 阀=111111 速=+0,+0,+0.00 电=8.08V/0.98A/峰1.63 补余=0.0 IO错=0 倾+0.0
[  159.786] TLM t=  96.4 L1·A@-73 L2·A@-65 L3·A@-74 R1·A@-72 R2·A@-68 R3·A@-67 罐=无罐 泵=0 阀=111111 速=+0,+0,+0.00 电=8.07V/0.98A/峰1.63 补余=0.0 IO错=0 倾+0.0
[  160.292] TLM t=  96.9 L1·A@-73 L2·A@-64 L3·A@-74 R1·A@-72 R2·A@-68 R3·A@-67 罐=无罐 泵=0 阀=111111 速=+0,+0,+0.00 电=8.07V/0.98A/峰1.63 补余=0.0 IO错=0 倾+0.0
[  160.814] TLM t=  97.4 L1·A@-73 L2·A@-64 L3·A@-74 R1·A@-72 R2·A@-67 R3·A@-66 罐=无罐 泵=0 阀=111111 速=+0,+0,+0.00 电=8.08V/0.98A/峰1.63 补余=0.0 IO错=0 倾+0.0
[  161.315] TLM t=  97.9 L1·A@-73 L2·A@-63 L3·A@-73 R1·A@-71 R2·A@-67 R3·A@-66 罐=无罐 泵=0 阀=111111 速=+0,+0,+0.00 电=8.08V/0.98A/峰1.63 补余=0.0 IO错=0 倾+0.0
[  161.841] TLM t=  98.4 L1·A@-73 L2·A@-62 L3·A@-73 R1·A@-71 R2·A@-67 R3·A@-65 罐=无罐 泵=0 阀=111111 速=+0,+0,+0.00 电=8.07V/1.06A/峰1.63 补余=0.0 IO错=0 倾+0.0
[  162.066] EVT 键 '1' 倾=+0.0待=+0.0
[  162.345] TLM t=  98.9 L1·A@-72 L2·A@-62 L3·A@-73 R1·A@-71 R2·A@-66 R3·A@-65 罐=无罐 泵=0 阀=111111 速=+0,+0,+0.00 电=8.07V/0.98A/峰1.63 补余=0.0 IO错=0 倾+0.0
[  162.865] TLM t=  99.4 L1·A@-72 L2·A@-61 L3·A@-73 R1·A@-71 R2·A@-66 R3·A@-64 罐=无罐 泵=0 阀=111111 速=+0,+0,+0.00 电=8.08V/0.98A/峰1.63 补余=0.0 IO错=0 倾+0.0
[  163.370] TLM t=  99.9 L1·A@-72 L2·A@-61 L3·A@-73 R1·A@-71 R2·A@-65 R3·A@-64 罐=无罐 泵=0 阀=111111 速=+0,+0,+0.00 电=8.07V/1.06A/峰1.63 补余=0.0 IO错=0 倾+0.0
[  163.883] EVT 泵 开 最差盘压-59.9
[  163.896] TLM t= 100.4 L1·A@-72 L2·A@-60 L3·A@-73 R1·A@-70 R2·A@-65 R3·A@-63 罐=无罐 泵=1 阀=111111 速=+0,+0,+0.00 电=7.94V/0.98A/峰1.63 补余=0.0 IO错=0 倾+0.0
[  164.117] EVT 原地抬起受理：L1
[  164.117] EVT 键 'i' 倾=+0.0待=+0.0
[  164.124] EVT 吸附 L1 attached→venting 在态112.00s -71.9kPa
[  164.125] EVT 相位 L1 stance→vent 落点Δ(+0.0,+0.0)
[  164.145] EVT 阀 L1 →排气位
[  164.405] TLM t= 101.7 L1Vv@-72 L2·A@-70 L3·A@-73 R1·A@-70 R2·A@-70 R3·A@-70 罐=无罐 泵=1 阀=011111 速=+0,+0,+0.00 电=8.02V/1.47A/峰1.63 补余=0.0 IO错=0 倾+0.0
[  164.423] EVT 相位 L1 vent→lift
[  164.545] EVT 吸附 L1 venting→released 在态0.42s 0.1kPa
[  164.867] EVT 泵 停 最差盘压-75.4
[  164.917] TLM t= 102.0 L1Lr@-- L2·A@-77 L3·A@-76 R1·A@-75 R2·A@-76 R3·A@-76 罐=无罐 泵=0 阀=011111 速=+0,+0,+0.00 电=8.03V/1.47A/峰1.63 补余=0.0 IO错=0 倾+0.0
[  165.268] EVT 相位 L1 lift→transfer
[  165.419] TLM t= 102.0 L1Tr@-- L2·A@-76 L3·A@-76 R1·A@-76 R2·A@-76 R3·A@-76 罐=无罐 泵=0 阀=011111 速=+0,+0,+0.00 电=8.04V/1.71A/峰1.71 补余=0.0 IO错=0 倾+0.0
[  165.893] EVT 相位 L1 transfer→hover
[  165.939] TLM t= 102.0 L1Hr@-- L2·A@-75 L3·A@-76 R1·A@-76 R2·A@-75 R3·A@-75 罐=无罐 泵=0 阀=011111 速=+0,+0,+0.00 电=8.05V/1.55A/峰1.71 补余=0.0 IO错=0 倾+0.0
[  166.444] TLM t= 102.0 L1Hr@-- L2·A@-74 L3·A@-76 R1·A@-75 R2·A@-75 R3·A@-75 罐=无罐 泵=0 阀=011111 速=+0,+0,+0.00 电=8.05V/1.38A/峰1.71 补余=0.0 IO错=0 倾+0.0
[  166.747] EVT 落地：L1
[  166.747] EVT 键 'i' 倾=+0.0待=+0.0
[  166.747] EVT 相位 L1 hover→descend
[  166.960] TLM t= 102.0 L1Dr@-- L2·A@-73 L3·A@-76 R1·A@-75 R2·A@-74 R3·A@-74 罐=无罐 泵=0 阀=011111 速=+0,+0,+0.00 电=8.04V/1.63A/峰1.71 补余=0.0 IO错=0 倾+0.0
[  167.229] EVT 相位 L1 descend→press
[  167.469] TLM t= 102.0 L1Pr@-- L2·A@-73 L3·A@-76 R1·A@-75 R2·A@-74 R3·A@-74 罐=无罐 泵=0 阀=011111 速=+0,+0,+0.00 电=8.04V/1.38A/峰1.71 补余=0.0 IO错=0 倾+0.0
[  167.984] TLM t= 102.0 L1Pr@-- L2·A@-72 L3·A@-76 R1·A@-75 R2·A@-73 R3·A@-73 罐=无罐 泵=0 阀=011111 速=+0,+0,+0.00 电=8.03V/1.47A/峰1.71 补余=0.0 IO错=0 倾+0.0
[  168.433] EVT 吸附 L1 released→pressing 在态3.88s 0.1kPa
[  168.433] EVT 相位 L1 press→wait
[  168.490] TLM t= 102.0 L1Wp@-- L2·A@-71 L3·A@-75 R1·A@-75 R2·A@-73 R3·A@-73 罐=无罐 泵=0 阀=011111 速=+0,+0,+0.00 电=8.02V/1.55A/峰1.71 补余=0.0 IO错=0 倾+0.0
[  168.759] EVT 吸附 L1 pressing→sucking 在态0.32s 0.1kPa
[  168.759] EVT 阀 L1 →抽气位
[  168.782] EVT 泵 开 最差盘压-70.6
[  169.009] TLM t= 102.0 L1Ws@-59 L2·A@-70 L3·A@-75 R1·A@-75 R2·A@-73 R3·A@-72 罐=无罐 泵=1 阀=111111 速=+0,+0,+0.00 电=7.99V/1.38A/峰1.71 补余=0.0 IO错=0 倾+0.0
[  169.054] EVT 吸附 L1 sucking→attached 在态0.30s -62.6kPa
[  169.060] EVT 相位 L1 wait→stance
[  169.060] EVT 抬落完成，轮到 R2
[  169.515] TLM t= 102.4 L1·A@-75 L2·A@-75 L3·A@-75 R1·A@-75 R2·A@-75 R3·A@-74 罐=无罐 泵=1 阀=111111 速=+0,+0,+0.00 电=8.01V/1.47A/峰1.71 补余=0.0 IO错=0 倾+0.0
[  169.624] EVT 泵 停 最差盘压-75.4
[  170.030] TLM t= 103.0 L1·A@-76 L2·A@-76 L3·A@-76 R1·A@-76 R2·A@-76 R3·A@-76 罐=无罐 泵=0 阀=111111 速=+0,+0,+0.00 电=8.05V/1.38A/峰1.71 补余=0.0 IO错=0 倾+0.0
[  170.536] TLM t= 103.5 L1·A@-76 L2·A@-75 L3·A@-76 R1·A@-76 R2·A@-75 R3·A@-76 罐=无罐 泵=0 阀=111111 速=+0,+0,+0.00 电=8.05V/1.47A/峰1.71 补余=0.0 IO错=0 倾+0.0
[  171.054] TLM t= 104.0 L1·A@-76 L2·A@-75 L3·A@-76 R1·A@-76 R2·A@-75 R3·A@-75 罐=无罐 泵=0 阀=111111 速=+0,+0,+0.00 电=8.04V/1.47A/峰1.71 补余=0.0 IO错=0 倾+0.0
[  171.560] TLM t= 104.5 L1·A@-75 L2·A@-74 L3·A@-76 R1·A@-75 R2·A@-74 R3·A@-75 罐=无罐 泵=0 阀=111111 速=+0,+0,+0.00 电=8.06V/1.30A/峰1.71 补余=0.0 IO错=0 倾+0.0
[  172.083] TLM t= 105.0 L1·A@-75 L2·A@-73 L3·A@-76 R1·A@-75 R2·A@-74 R3·A@-74 罐=无罐 泵=0 阀=111111 速=+0,+0,+0.00 电=8.06V/1.38A/峰1.71 补余=0.0 IO错=0 倾+0.0
[  172.588] TLM t= 105.5 L1·A@-75 L2·A@-72 L3·A@-76 R1·A@-75 R2·A@-74 R3·A@-74 罐=无罐 泵=0 阀=111111 速=+0,+0,+0.00 电=8.05V/1.38A/峰1.71 补余=0.0 IO错=0 倾+0.0
[  173.104] TLM t= 106.0 L1·A@-75 L2·A@-72 L3·A@-76 R1·A@-75 R2·A@-73 R3·A@-73 罐=无罐 泵=0 阀=111111 速=+0,+0,+0.00 电=8.06V/1.47A/峰1.71 补余=0.0 IO错=0 倾+0.0
[  173.608] TLM t= 106.5 L1·A@-75 L2·A@-71 L3·A@-75 R1·A@-75 R2·A@-73 R3·A@-73 罐=无罐 泵=0 阀=111111 速=+0,+0,+0.00 电=8.04V/1.38A/峰1.71 补余=0.0 IO错=0 倾+0.0
[  174.128] TLM t= 107.0 L1·A@-74 L2·A@-70 L3·A@-75 R1·A@-75 R2·A@-72 R3·A@-72 罐=无罐 泵=0 阀=111111 速=+0,+0,+0.00 电=8.05V/1.55A/峰1.71 补余=0.0 IO错=0 倾+0.0
[  174.634] TLM t= 107.5 L1·A@-74 L2·A@-70 L3·A@-75 R1·A@-75 R2·A@-72 R3·A@-72 罐=无罐 泵=0 阀=111111 速=+0,+0,+0.00 电=8.05V/1.38A/峰1.71 补余=0.0 IO错=0 倾+0.0
[  175.154] TLM t= 108.1 L1·A@-74 L2·A@-69 L3·A@-75 R1·A@-74 R2·A@-71 R3·A@-71 罐=无罐 泵=0 阀=111111 速=+0,+0,+0.00 电=8.06V/1.47A/峰1.71 补余=0.0 IO错=0 倾+0.0
[  175.661] TLM t= 108.6 L1·A@-74 L2·A@-68 L3·A@-75 R1·A@-74 R2·A@-71 R3·A@-71 罐=无罐 泵=0 阀=111111 速=+0,+0,+0.00 电=8.05V/1.38A/峰1.71 补余=0.0 IO错=0 倾+0.0
[  176.177] TLM t= 109.1 L1·A@-74 L2·A@-68 L3·A@-75 R1·A@-74 R2·A@-70 R3·A@-70 罐=无罐 泵=0 阀=111111 速=+0,+0,+0.00 电=8.05V/1.38A/峰1.71 补余=0.0 IO错=0 倾+0.0
[  176.683] TLM t= 109.6 L1·A@-74 L2·A@-67 L3·A@-75 R1·A@-74 R2·A@-70 R3·A@-70 罐=无罐 泵=0 阀=111111 速=+0,+0,+0.00 电=8.05V/1.38A/峰1.71 补余=0.0 IO错=0 倾+0.0
[  177.204] TLM t= 110.1 L1·A@-73 L2·A@-66 L3·A@-74 R1·A@-74 R2·A@-70 R3·A@-69 罐=无罐 泵=0 阀=111111 速=+0,+0,+0.00 电=8.04V/1.47A/峰1.71 补余=0.0 IO错=0 倾+0.0
[  177.707] TLM t= 110.6 L1·A@-73 L2·A@-66 L3·A@-74 R1·A@-74 R2·A@-69 R3·A@-69 罐=无罐 泵=0 阀=111111 速=+0,+0,+0.00 电=8.05V/1.30A/峰1.71 补余=0.0 IO错=0 倾+0.0
[  178.227] TLM t= 111.1 L1·A@-73 L2·A@-65 L3·A@-74 R1·A@-74 R2·A@-69 R3·A@-68 罐=无罐 泵=0 阀=111111 速=+0,+0,+0.00 电=8.05V/1.38A/峰1.71 补余=0.0 IO错=0 倾+0.0
[  178.733] TLM t= 111.6 L1·A@-73 L2·A@-64 L3·A@-74 R1·A@-74 R2·A@-68 R3·A@-68 罐=无罐 泵=0 阀=111111 速=+0,+0,+0.00 电=8.04V/1.38A/峰1.71 补余=0.0 IO错=0 倾+0.0
[  179.250] TLM t= 112.1 L1·A@-73 L2·A@-64 L3·A@-74 R1·A@-74 R2·A@-68 R3·A@-67 罐=无罐 泵=0 阀=111111 速=+0,+0,+0.00 电=8.05V/1.38A/峰1.71 补余=0.0 IO错=0 倾+0.0
[  179.757] TLM t= 112.6 L1·A@-73 L2·A@-63 L3·A@-74 R1·A@-73 R2·A@-68 R3·A@-67 罐=无罐 泵=0 阀=111111 速=+0,+0,+0.00 电=8.06V/1.47A/峰1.71 补余=0.0 IO错=0 倾+0.0
[  179.880] EVT 键 '5' 倾=+0.0待=+0.0
[  180.275] TLM t= 113.2 L1·A@-73 L2·A@-62 L3·A@-74 R1·A@-73 R2·A@-67 R3·A@-66 罐=无罐 泵=0 阀=111111 速=+0,+0,+0.00 电=8.04V/1.38A/峰1.71 补余=0.0 IO错=0 倾+0.0
[  180.779] TLM t= 113.7 L1·A@-72 L2·A@-62 L3·A@-74 R1·A@-73 R2·A@-67 R3·A@-66 罐=无罐 泵=0 阀=111111 速=+0,+0,+0.00 电=8.05V/1.47A/峰1.71 补余=0.0 IO错=0 倾+0.0
[  181.297] TLM t= 114.2 L1·A@-72 L2·A@-61 L3·A@-74 R1·A@-73 R2·A@-66 R3·A@-65 罐=无罐 泵=0 阀=111111 速=+0,+0,+0.00 电=8.05V/1.38A/峰1.71 补余=0.0 IO错=0 倾+0.0
[  181.800] TLM t= 114.7 L1·A@-72 L2·A@-60 L3·A@-73 R1·A@-73 R2·A@-66 R3·A@-65 罐=无罐 泵=0 阀=111111 速=+0,+0,+0.00 电=8.05V/1.38A/峰1.71 补余=0.0 IO错=0 倾+0.0
[  181.951] EVT 泵 开 最差盘压-60.0
[  181.985] EVT 原地抬起受理：R2
[  181.985] EVT 键 'i' 倾=+0.0待=+0.0
[  181.988] EVT 吸附 R2 attached→venting 在态122.52s -65.8kPa
[  181.988] EVT 相位 R2 stance→vent 落点Δ(+0.0,+0.0)
[  182.011] EVT 阀 R2 →排气位
[  182.289] EVT 相位 R2 vent→lift
[  182.319] TLM t= 116.7 L1·A@-72 L2·A@-67 L3·A@-73 R1·A@-73 R2Lv@-66 R3·A@-66 罐=无罐 泵=1 阀=111101 速=+0,+0,+0.00 电=8.00V/1.22A/峰1.71 补余=0.0 IO错=0 倾+0.0
[  182.394] EVT 吸附 R2 venting→released 在态0.40s -0.0kPa
[  182.813] EVT 泵 停 最差盘压-75.0
[  182.821] TLM t= 117.0 L1·A@-76 L2·A@-76 L3·A@-75 R1·A@-75 R2Lr@-- R3·A@-75 罐=无罐 泵=0 阀=111101 速=+0,+0,+0.00 电=8.04V/1.63A/峰1.71 补余=0.0 IO错=0 倾+0.0
[  183.131] EVT 相位 R2 lift→transfer
[  183.345] TLM t= 117.0 L1·A@-76 L2·A@-76 L3·A@-76 R1·A@-75 R2Tr@-- R3·A@-76 罐=无罐 泵=0 阀=111101 速=+0,+0,+0.00 电=8.03V/1.79A/峰1.79 补余=0.0 IO错=0 倾+0.0
[  183.756] EVT 相位 R2 transfer→hover
[  183.845] TLM t= 117.0 L1·A@-76 L2·A@-75 L3·A@-76 R1·A@-75 R2Hr@-- R3·A@-75 罐=无罐 泵=0 阀=111101 速=+0,+0,+0.00 电=8.04V/1.47A/峰1.79 补余=0.0 IO错=0 倾+0.0
[  184.368] TLM t= 117.0 L1·A@-75 L2·A@-74 L3·A@-76 R1·A@-75 R2Hr@-- R3·A@-74 罐=无罐 泵=0 阀=111101 速=+0,+0,+0.00 电=8.04V/1.55A/峰1.79 补余=0.0 IO错=0 倾+0.0
[  184.817] EVT 落地：R2
[  184.817] EVT 键 'i' 倾=+0.0待=+0.0
[  184.820] EVT 相位 R2 hover→descend
[  184.872] TLM t= 117.0 L1·A@-75 L2·A@-73 L3·A@-76 R1·A@-75 R2Dr@-- R3·A@-74 罐=无罐 泵=0 阀=111101 速=+0,+0,+0.00 电=8.03V/1.63A/峰1.79 补余=0.0 IO错=0 倾+0.0
[  185.301] EVT 相位 R2 descend→press
[  185.392] TLM t= 117.0 L1·A@-75 L2·A@-73 L3·A@-75 R1·A@-75 R2Pr@-- R3·A@-73 罐=无罐 泵=0 阀=111101 速=+0,+0,+0.00 电=8.02V/1.55A/峰1.79 补余=0.0 IO错=0 倾+0.0
[  185.896] TLM t= 117.0 L1·A@-75 L2·A@-72 L3·A@-75 R1·A@-74 R2Pr@-- R3·A@-73 罐=无罐 泵=0 阀=111101 速=+0,+0,+0.00 电=8.02V/1.55A/峰1.79 补余=0.0 IO错=0 倾+0.0
[  186.414] TLM t= 117.0 L1·A@-75 L2·A@-71 L3·A@-75 R1·A@-74 R2Pr@-- R3·A@-72 罐=无罐 泵=0 阀=111101 速=+0,+0,+0.00 电=8.02V/1.63A/峰1.79 补余=0.0 IO错=0 倾+0.0
[  186.504] EVT 吸附 R2 released→pressing 在态4.10s -0.0kPa
[  186.504] EVT 相位 R2 press→wait
[  186.805] EVT 吸附 R2 pressing→sucking 在态0.30s -0.0kPa
[  186.805] EVT 阀 R2 →抽气位
[  186.830] EVT 泵 开 最差盘压-70.6
[  186.917] TLM t= 117.0 L1·A@-75 L2·A@-70 L3·A@-75 R1·A@-74 R2Ws@-57 R3·A@-72 罐=无罐 泵=1 阀=111111 速=+0,+0,+0.00 电=8.00V/1.63A/峰1.79 补余=0.0 IO错=0 倾+0.0
[  187.088] EVT 吸附 R2 sucking→attached 在态0.28s -63.7kPa
[  187.089] EVT 相位 R2 wait→stance
[  187.089] EVT 抬落完成，轮到 L3
[  187.441] TLM t= 117.3 L1·A@-74 L2·A@-74 L3·A@-75 R1·A@-74 R2·A@-73 R3·A@-73 罐=无罐 泵=1 阀=111111 速=+0,+0,+0.00 电=7.99V/1.63A/峰1.79 补余=0.0 IO错=0 倾+0.0
[  187.692] EVT 泵 停 最差盘压-75.4
[  187.940] TLM t= 117.8 L1·A@-76 L2·A@-76 L3·A@-76 R1·A@-76 R2·A@-76 R3·A@-76 罐=无罐 泵=0 阀=111111 速=+0,+0,+0.00 电=8.03V/1.63A/峰1.79 补余=0.0 IO错=0 倾+0.0
[  188.466] TLM t= 118.4 L1·A@-76 L2·A@-76 L3·A@-76 R1·A@-76 R2·A@-75 R3·A@-76 罐=无罐 泵=0 阀=111111 速=+0,+0,+0.00 电=8.04V/1.63A/峰1.79 补余=0.0 IO错=0 倾+0.0
[  188.971] TLM t= 118.9 L1·A@-76 L2·A@-75 L3·A@-76 R1·A@-75 R2·A@-75 R3·A@-75 罐=无罐 泵=0 阀=111111 速=+0,+0,+0.00 电=8.03V/1.47A/峰1.79 补余=0.0 IO错=0 倾+0.0
[  189.493] TLM t= 119.4 L1·A@-76 L2·A@-74 L3·A@-76 R1·A@-75 R2·A@-74 R3·A@-75 罐=无罐 泵=0 阀=111111 速=+0,+0,+0.00 电=8.03V/1.63A/峰1.79 补余=0.0 IO错=0 倾+0.0
[  189.997] TLM t= 119.9 L1·A@-76 L2·A@-73 L3·A@-76 R1·A@-75 R2·A@-74 R3·A@-74 罐=无罐 泵=0 阀=111111 速=+0,+0,+0.00 电=8.03V/1.55A/峰1.79 补余=0.0 IO错=0 倾+0.0
[  190.519] TLM t= 120.4 L1·A@-76 L2·A@-73 L3·A@-76 R1·A@-75 R2·A@-73 R3·A@-74 罐=无罐 泵=0 阀=111111 速=+0,+0,+0.00 电=8.03V/1.63A/峰1.79 补余=0.0 IO错=0 倾+0.0
[  191.019] TLM t= 120.9 L1·A@-75 L2·A@-72 L3·A@-76 R1·A@-75 R2·A@-73 R3·A@-73 罐=无罐 泵=0 阀=111111 速=+0,+0,+0.00 电=8.04V/1.71A/峰1.79 补余=0.0 IO错=0 倾+0.0
[  191.543] TLM t= 121.4 L1·A@-75 L2·A@-71 L3·A@-75 R1·A@-75 R2·A@-72 R3·A@-72 罐=无罐 泵=0 阀=111111 速=+0,+0,+0.00 电=8.03V/1.55A/峰1.79 补余=0.0 IO错=0 倾+0.0
[  192.045] TLM t= 121.9 L1·A@-75 L2·A@-71 L3·A@-75 R1·A@-75 R2·A@-72 R3·A@-72 罐=无罐 泵=0 阀=111111 速=+0,+0,+0.00 电=8.04V/1.71A/峰1.79 补余=0.0 IO错=0 倾+0.0
[  192.567] TLM t= 122.4 L1·A@-75 L2·A@-70 L3·A@-75 R1·A@-74 R2·A@-71 R3·A@-71 罐=无罐 泵=0 阀=111111 速=+0,+0,+0.00 电=8.03V/1.47A/峰1.79 补余=0.0 IO错=0 倾+0.0
[  192.953] EVT 键 '3' 倾=+0.0待=+0.0
[  193.087] TLM t= 123.0 L1·A@-75 L2·A@-69 L3·A@-75 R1·A@-74 R2·A@-71 R3·A@-71 罐=无罐 泵=0 阀=111111 速=+0,+0,+0.00 电=8.04V/1.63A/峰1.79 补余=0.0 IO错=0 倾+0.0
[  193.593] TLM t= 123.5 L1·A@-75 L2·A@-68 L3·A@-75 R1·A@-74 R2·A@-70 R3·A@-70 罐=无罐 泵=0 阀=111111 速=+0,+0,+0.00 电=8.02V/1.63A/峰1.79 补余=0.0 IO错=0 倾+0.0
[  194.094] TLM t= 124.0 L1·A@-74 L2·A@-68 L3·A@-75 R1·A@-74 R2·A@-70 R3·A@-70 罐=无罐 泵=0 阀=111111 速=+0,+0,+0.00 电=8.04V/1.55A/峰1.79 补余=0.0 IO错=0 倾+0.0
[  194.618] TLM t= 124.5 L1·A@-74 L2·A@-67 L3·A@-75 R1·A@-74 R2·A@-70 R3·A@-69 罐=无罐 泵=0 阀=111111 速=+0,+0,+0.00 电=8.03V/1.47A/峰1.79 补余=0.0 IO错=0 倾+0.0
[  194.805] EVT 原地抬起受理：L3
[  194.805] EVT 键 'i' 倾=+0.0待=+0.0
[  194.811] EVT 吸附 L3 attached→venting 在态138.92s -74.5kPa
[  194.811] EVT 相位 L3 stance→vent 落点Δ(+0.0,+0.0)
[  194.829] EVT 阀 L3 →排气位
[  195.112] EVT 相位 L3 vent→lift
[  195.119] TLM t= 128.1 L1·A@-74 L2·A@-66 L3Lv@-75 R1·A@-74 R2·A@-69 R3·A@-69 罐=无罐 泵=0 阀=110111 速=+0,+0,+0.00 电=8.02V/1.38A/峰1.79 补余=0.0 IO错=0 倾+0.0
[  195.214] EVT 吸附 L3 venting→released 在态0.40s 0.1kPa
[  195.643] TLM t= 128.4 L1·A@-74 L2·A@-66 L3Lr@-- R1·A@-73 R2·A@-69 R3·A@-68 罐=无罐 泵=0 阀=110111 速=+0,+0,+0.00 电=8.01V/1.79A/峰1.79 补余=0.0 IO错=0 倾+0.0
[  195.955] EVT 相位 L3 lift→transfer
[  196.145] TLM t= 128.4 L1·A@-74 L2·A@-65 L3Tr@-- R1·A@-72 R2·A@-68 R3·A@-68 罐=无罐 泵=0 阀=110111 速=+0,+0,+0.00 电=8.00V/1.87A/峰1.87 补余=0.0 IO错=0 倾+0.0
[  196.574] EVT 相位 L3 transfer→hover
[  196.668] TLM t= 128.4 L1·A@-74 L2·A@-64 L3Hr@-- R1·A@-71 R2·A@-68 R3·A@-67 罐=无罐 泵=0 阀=110111 速=+0,+0,+0.00 电=8.02V/1.47A/峰1.87 补余=0.0 IO错=0 倾+0.0
[  197.168] TLM t= 128.4 L1·A@-74 L2·A@-63 L3Hr@-- R1·A@-71 R2·A@-67 R3·A@-67 罐=无罐 泵=0 阀=110111 速=+0,+0,+0.00 电=8.03V/1.55A/峰1.87 补余=0.0 IO错=0 倾+0.0
[  197.676] EVT 落地：L3
[  197.680] EVT 键 'i' 倾=+0.0待=+0.0
[  197.686] EVT 相位 L3 hover→descend
[  197.695] TLM t= 128.4 L1·A@-73 L2·A@-63 L3Dr@-- R1·A@-70 R2·A@-67 R3·A@-67 罐=无罐 泵=0 阀=110111 速=+0,+0,+0.00 电=8.03V/1.63A/峰1.87 补余=0.0 IO错=0 倾+0.0
[  198.163] EVT 相位 L3 descend→press
[  198.209] TLM t= 128.4 L1·A@-73 L2·A@-62 L3Pr@-- R1·A@-69 R2·A@-67 R3·A@-66 罐=无罐 泵=0 阀=110111 速=+0,+0,+0.00 电=8.02V/1.63A/峰1.87 补余=0.0 IO错=0 倾+0.0
[  198.713] TLM t= 128.4 L1·A@-73 L2·A@-61 L3Pr@-- R1·A@-69 R2·A@-66 R3·A@-66 罐=无罐 泵=0 阀=110111 速=+0,+0,+0.00 电=8.02V/1.71A/峰1.87 补余=0.0 IO错=0 倾+0.0
[  199.219] TLM t= 128.4 L1·A@-73 L2·A@-60 L3Pr@-- R1·A@-68 R2·A@-66 R3·A@-65 罐=无罐 泵=0 阀=110111 速=+0,+0,+0.00 电=8.03V/1.55A/峰1.87 补余=0.0 IO错=0 倾+0.0
[  199.366] EVT 吸附 L3 released→pressing 在态4.14s 0.1kPa
[  199.366] EVT 相位 L3 press→wait
[  199.547] EVT 泵 开 最差盘压-60.0
[  199.666] EVT 吸附 L3 pressing→sucking 在态0.30s 0.1kPa
[  199.667] EVT 阀 L3 →抽气位
[  199.738] TLM t= 128.4 L1·A@-73 L2·A@-60 L3Ws@-6 R1·A@-68 R2·A@-65 R3·A@-65 罐=无罐 泵=1 阀=111111 速=+0,+0,+0.00 电=8.00V/1.47A/峰1.87 补余=0.0 IO错=0 倾+0.0
[  199.946] EVT 吸附 L3 sucking→attached 在态0.28s -60.0kPa
[  199.949] EVT 相位 L3 wait→stance
[  199.949] EVT 抬落完成，轮到 R1
[  200.243] TLM t= 128.7 L1·A@-73 L2·A@-69 L3·A@-69 R1·A@-69 R2·A@-69 R3·A@-68 罐=无罐 泵=1 阀=111111 速=+0,+0,+0.00 电=7.98V/1.71A/峰1.87 补余=0.0 IO错=0 倾+0.0
[  200.764] TLM t= 129.2 L1·A@-75 L2·A@-76 L3·A@-75 R1·A@-75 R2·A@-76 R3·A@-75 罐=无罐 泵=1 阀=111111 速=+0,+0,+0.00 电=8.00V/1.38A/峰1.87 补余=0.0 IO错=0 倾+0.0
[  200.777] EVT 泵 停 最差盘压-75.1
[  201.267] TLM t= 129.7 L1·A@-76 L2·A@-76 L3·A@-76 R1·A@-75 R2·A@-75 R3·A@-76 罐=无罐 泵=0 阀=111111 速=+0,+0,+0.00 电=8.04V/1.38A/峰1.87 补余=0.0 IO错=0 倾+0.0
[  201.789] TLM t= 130.2 L1·A@-76 L2·A@-75 L3·A@-75 R1·A@-75 R2·A@-75 R3·A@-75 罐=无罐 泵=0 阀=111111 速=+0,+0,+0.00 电=8.02V/1.47A/峰1.87 补余=0.0 IO错=0 倾+0.0
[  202.291] TLM t= 130.7 L1·A@-76 L2·A@-74 L3·A@-75 R1·A@-74 R2·A@-74 R3·A@-75 罐=无罐 泵=0 阀=111111 速=+0,+0,+0.00 电=8.05V/1.47A/峰1.87 补余=0.0 IO错=0 倾+0.0
[  202.810] TLM t= 131.2 L1·A@-75 L2·A@-73 L3·A@-75 R1·A@-74 R2·A@-74 R3·A@-74 罐=无罐 泵=0 阀=111111 速=+0,+0,+0.00 电=8.04V/1.47A/峰1.87 补余=0.0 IO错=0 倾+0.0
[  203.316] TLM t= 131.7 L1·A@-75 L2·A@-73 L3·A@-75 R1·A@-73 R2·A@-74 R3·A@-74 罐=无罐 泵=0 阀=111111 速=+0,+0,+0.00 电=8.04V/1.47A/峰1.87 补余=0.0 IO错=0 倾+0.0
[  203.839] TLM t= 132.3 L1·A@-75 L2·A@-72 L3·A@-74 R1·A@-73 R2·A@-73 R3·A@-73 罐=无罐 泵=0 阀=111111 速=+0,+0,+0.00 电=8.04V/1.47A/峰1.87 补余=0.0 IO错=0 倾+0.0
[  204.341] TLM t= 132.8 L1·A@-75 L2·A@-71 L3·A@-74 R1·A@-73 R2·A@-73 R3·A@-72 罐=无罐 泵=0 阀=111111 速=+0,+0,+0.00 电=8.04V/1.38A/峰1.87 补余=0.0 IO错=0 倾+0.0
[  204.860] TLM t= 133.3 L1·A@-75 L2·A@-70 L3·A@-74 R1·A@-72 R2·A@-72 R3·A@-72 罐=无罐 泵=0 阀=111111 速=+0,+0,+0.00 电=8.04V/1.47A/峰1.87 补余=0.0 IO错=0 倾+0.0
[  205.364] TLM t= 133.8 L1·A@-75 L2·A@-70 L3·A@-74 R1·A@-72 R2·A@-72 R3·A@-71 罐=无罐 泵=0 阀=111111 速=+0,+0,+0.00 电=8.03V/1.38A/峰1.87 补余=0.0 IO错=0 倾+0.0
[  205.883] TLM t= 134.3 L1·A@-75 L2·A@-69 L3·A@-73 R1·A@-72 R2·A@-71 R3·A@-71 罐=无罐 泵=0 阀=111111 速=+0,+0,+0.00 电=8.04V/1.38A/峰1.87 补余=0.0 IO错=0 倾+0.0
[  206.391] TLM t= 134.8 L1·A@-74 L2·A@-68 L3·A@-73 R1·A@-71 R2·A@-71 R3·A@-70 罐=无罐 泵=0 阀=111111 速=+0,+0,+0.00 电=8.04V/1.47A/峰1.87 补余=0.0 IO错=0 倾+0.0
[  206.907] TLM t= 135.3 L1·A@-74 L2·A@-67 L3·A@-73 R1·A@-71 R2·A@-71 R3·A@-70 罐=无罐 泵=0 阀=111111 速=+0,+0,+0.00 电=8.02V/1.47A/峰1.87 补余=0.0 IO错=0 倾+0.0
[  207.410] TLM t= 135.8 L1·A@-74 L2·A@-67 L3·A@-73 R1·A@-71 R2·A@-70 R3·A@-69 罐=无罐 泵=0 阀=111111 速=+0,+0,+0.00 电=8.03V/1.38A/峰1.87 补余=0.0 IO错=0 倾+0.0
[  207.934] TLM t= 136.3 L1·A@-74 L2·A@-66 L3·A@-73 R1·A@-71 R2·A@-70 R3·A@-69 罐=无罐 泵=0 阀=111111 速=+0,+0,+0.00 电=8.04V/1.38A/峰1.87 补余=0.0 IO错=0 倾+0.0
[  208.437] TLM t= 136.8 L1·A@-74 L2·A@-65 L3·A@-72 R1·A@-70 R2·A@-69 R3·A@-68 罐=无罐 泵=0 阀=111111 速=+0,+0,+0.00 电=8.04V/1.38A/峰1.87 补余=0.0 IO错=0 倾+0.0
[  208.958] TLM t= 137.4 L1·A@-74 L2·A@-65 L3·A@-72 R1·A@-70 R2·A@-69 R3·A@-68 罐=无罐 泵=0 阀=111111 速=+0,+0,+0.00 电=8.04V/1.38A/峰1.87 补余=0.0 IO错=0 倾+0.0
[  209.463] TLM t= 137.9 L1·A@-74 L2·A@-64 L3·A@-72 R1·A@-70 R2·A@-68 R3·A@-67 罐=无罐 泵=0 阀=111111 速=+0,+0,+0.00 电=8.04V/1.38A/峰1.87 补余=0.0 IO错=0 倾+0.0
[  209.979] TLM t= 138.4 L1·A@-73 L2·A@-63 L3·A@-72 R1·A@-70 R2·A@-68 R3·A@-67 罐=无罐 泵=0 阀=111111 速=+0,+0,+0.00 电=8.04V/1.55A/峰1.87 补余=0.0 IO错=0 倾+0.0
[  210.486] TLM t= 138.9 L1·A@-73 L2·A@-62 L3·A@-72 R1·A@-69 R2·A@-68 R3·A@-66 罐=无罐 泵=0 阀=111111 速=+0,+0,+0.00 电=8.01V/1.47A/峰1.87 补余=0.0 IO错=0 倾+0.0
[  211.005] TLM t= 139.4 L1·A@-73 L2·A@-62 L3·A@-71 R1·A@-69 R2·A@-67 R3·A@-66 罐=无罐 泵=0 阀=111111 速=+0,+0,+0.00 电=8.05V/1.63A/峰1.87 补余=0.0 IO错=0 倾+0.0
[  211.512] TLM t= 139.9 L1·A@-73 L2·A@-61 L3·A@-71 R1·A@-69 R2·A@-67 R3·A@-65 罐=无罐 泵=0 阀=111111 速=+0,+0,+0.00 电=8.05V/1.55A/峰1.87 补余=0.0 IO错=0 倾+0.0
[  211.955] EVT 键 '4' 倾=+0.0待=+0.0
[  212.028] TLM t= 140.4 L1·A@-73 L2·A@-60 L3·A@-71 R1·A@-69 R2·A@-66 R3·A@-65 罐=无罐 泵=0 阀=111111 速=+0,+0,+0.00 电=8.04V/1.55A/峰1.87 补余=0.0 IO错=0 倾+0.0
[  212.321] EVT 泵 开 最差盘压-59.9
[  212.536] TLM t= 140.9 L1·A@-73 L2·A@-60 L3·A@-71 R1·A@-69 R2·A@-66 R3·A@-64 罐=无罐 泵=1 阀=111111 速=+0,+0,+0.00 电=7.98V/1.30A/峰1.87 补余=0.0 IO错=0 倾+0.0
[  213.053] TLM t= 141.4 L1·A@-73 L2·A@-74 L3·A@-73 R1·A@-73 R2·A@-74 R3·A@-73 罐=无罐 泵=1 阀=111111 速=+0,+0,+0.00 电=8.03V/1.47A/峰1.87 补余=0.0 IO错=0 倾+0.0
[  213.307] EVT 泵 停 最差盘压-75.5
[  213.558] TLM t= 141.9 L1·A@-76 L2·A@-76 L3·A@-76 R1·A@-76 R2·A@-76 R3·A@-76 罐=无罐 泵=0 阀=111111 速=+0,+0,+0.00 电=8.04V/1.38A/峰1.87 补余=0.0 IO错=0 倾+0.0
[  214.077] TLM t= 142.5 L1·A@-76 L2·A@-76 L3·A@-76 R1·A@-76 R2·A@-76 R3·A@-76 罐=无罐 泵=0 阀=111111 速=+0,+0,+0.00 电=8.04V/1.38A/峰1.87 补余=0.0 IO错=0 倾+0.0
[  214.162] EVT 原地抬起受理：R1
[  214.162] EVT 键 'i' 倾=+0.0待=+0.0
[  214.165] EVT 吸附 R1 attached→venting 在态156.38s -75.6kPa
[  214.165] EVT 相位 R1 stance→vent 落点Δ(+0.0,+0.0)
[  214.188] EVT 阀 R1 →排气位
[  214.466] EVT 相位 R1 vent→lift
[  214.571] EVT 吸附 R1 venting→released 在态0.40s -0.1kPa
[  214.581] TLM t= 143.2 L1·A@-76 L2·A@-75 L3·A@-76 R1Lr@-- R2·A@-75 R3·A@-75 罐=无罐 泵=0 阀=111011 速=+0,+0,+0.00 电=8.01V/1.79A/峰1.87 补余=0.0 IO错=0 倾+0.0
[  215.101] TLM t= 143.4 L1·A@-76 L2·A@-74 L3·A@-76 R1Lr@-- R2·A@-74 R3·A@-73 罐=无罐 泵=0 阀=111011 速=+0,+0,+0.00 电=8.01V/1.63A/峰1.87 补余=0.0 IO错=0 倾+0.0
[  215.310] EVT 相位 R1 lift→transfer
[  215.602] TLM t= 143.4 L1·A@-75 L2·A@-73 L3·A@-75 R1Tr@-- R2·A@-74 R3·A@-72 罐=无罐 泵=0 阀=111011 速=+0,+0,+0.00 电=8.02V/1.63A/峰1.87 补余=0.0 IO错=0 倾+0.0
[  215.934] EVT 相位 R1 transfer→hover
[  216.123] TLM t= 143.4 L1·A@-75 L2·A@-73 L3·A@-75 R1Hr@-- R2·A@-74 R3·A@-70 罐=无罐 泵=0 阀=111011 速=+0,+0,+0.00 电=8.02V/1.63A/峰1.87 补余=0.0 IO错=0 倾+0.0
[  216.492] EVT 落地：R1
[  216.492] EVT 键 'i' 倾=+0.0待=+0.0
[  216.497] EVT 相位 R1 hover→descend
[  216.625] TLM t= 143.4 L1·A@-75 L2·A@-72 L3·A@-75 R1Dr@-- R2·A@-73 R3·A@-69 罐=无罐 泵=0 阀=111011 速=+0,+0,+0.00 电=8.02V/1.63A/峰1.87 补余=0.0 IO错=0 倾+0.0
[  216.978] EVT 相位 R1 descend→press
[  217.151] TLM t= 143.4 L1·A@-75 L2·A@-71 L3·A@-75 R1Pr@-- R2·A@-73 R3·A@-67 罐=无罐 泵=0 阀=111011 速=+0,+0,+0.00 电=8.01V/1.63A/峰1.87 补余=0.0 IO错=0 倾+0.0
[  217.653] TLM t= 143.4 L1·A@-75 L2·A@-70 L3·A@-75 R1Pr@-- R2·A@-72 R3·A@-66 罐=无罐 泵=0 阀=111011 速=+0,+0,+0.00 电=8.01V/1.63A/峰1.87 补余=0.0 IO错=0 倾+0.0
[  218.172] TLM t= 143.4 L1·A@-75 L2·A@-70 L3·A@-75 R1Pr@-- R2·A@-72 R3·A@-64 罐=无罐 泵=0 阀=111011 速=+0,+0,+0.00 电=8.01V/1.79A/峰1.87 补余=0.0 IO错=0 倾+0.0
[  218.184] EVT 吸附 R1 released→pressing 在态3.60s -0.1kPa
[  218.185] EVT 相位 R1 press→wait
[  218.485] EVT 吸附 R1 pressing→sucking 在态0.30s -0.1kPa
[  218.485] EVT 阀 R1 →抽气位
[  218.505] EVT 泵 开 最差盘压-63.4
[  218.677] TLM t= 143.4 L1·A@-75 L2·A@-69 L3·A@-74 R1Ws@-53 R2·A@-71 R3·A@-63 罐=无罐 泵=1 阀=111111 速=+0,+0,+0.00 电=8.00V/1.71A/峰1.87 补余=0.0 IO错=0 倾+0.0
[  218.763] EVT 吸附 R1 sucking→attached 在态0.28s -61.8kPa
[  218.766] EVT 相位 R1 wait→stance
[  218.766] EVT 抬落完成，轮到 L2
[  219.175] TLM t= 143.8 L1·A@-74 L2·A@-73 L3·A@-74 R1·A@-73 R2·A@-73 R3·A@-73 罐=无罐 泵=1 阀=111111 速=+0,+0,+0.00 电=7.97V/1.63A/峰1.87 补余=0.0 IO错=0 倾+0.0
[  219.408] EVT 泵 停 最差盘压-75.2
[  219.683] TLM t= 144.3 L1·A@-76 L2·A@-76 L3·A@-76 R1·A@-76 R2·A@-76 R3·A@-76 罐=无罐 泵=0 阀=111111 速=+0,+0,+0.00 电=8.03V/1.55A/峰1.87 补余=0.0 IO错=0 倾+0.0
[  220.177] TLM t= 144.8 L1·A@-76 L2·A@-75 L3·A@-76 R1·A@-75 R2·A@-75 R3·A@-74 罐=无罐 泵=0 阀=111111 速=+0,+0,+0.00 电=8.02V/1.55A/峰1.87 补余=0.0 IO错=0 倾+0.0
[  220.683] TLM t= 145.3 L1·A@-76 L2·A@-75 L3·A@-76 R1·A@-75 R2·A@-75 R3·A@-73 罐=无罐 泵=0 阀=111111 速=+0,+0,+0.00 电=8.02V/1.71A/峰1.87 补余=0.0 IO错=0 倾+0.0
[  221.181] TLM t= 145.8 L1·A@-76 L2·A@-74 L3·A@-76 R1·A@-75 R2·A@-74 R3·A@-71 罐=无罐 泵=0 阀=111111 速=+0,+0,+0.00 电=8.01V/1.63A/峰1.87 补余=0.0 IO错=0 倾+0.0
[  221.685] TLM t= 146.3 L1·A@-75 L2·A@-73 L3·A@-75 R1·A@-75 R2·A@-74 R3·A@-70 罐=无罐 泵=0 阀=111111 速=+0,+0,+0.00 电=8.03V/1.63A/峰1.87 补余=0.0 IO错=0 倾+0.0
[  222.189] TLM t= 146.8 L1·A@-75 L2·A@-73 L3·A@-75 R1·A@-75 R2·A@-73 R3·A@-68 罐=无罐 泵=0 阀=111111 速=+0,+0,+0.00 电=8.03V/1.63A/峰1.87 补余=0.0 IO错=0 倾+0.0
[  222.690] TLM t= 147.3 L1·A@-75 L2·A@-72 L3·A@-75 R1·A@-75 R2·A@-73 R3·A@-67 罐=无罐 泵=0 阀=111111 速=+0,+0,+0.00 电=8.03V/1.55A/峰1.87 补余=0.0 IO错=0 倾+0.0
[  223.192] TLM t= 147.8 L1·A@-75 L2·A@-71 L3·A@-75 R1·A@-75 R2·A@-73 R3·A@-66 罐=无罐 泵=0 阀=111111 速=+0,+0,+0.00 电=8.03V/1.47A/峰1.87 补余=0.0 IO错=0 倾+0.0
[  223.692] TLM t= 148.3 L1·A@-75 L2·A@-71 L3·A@-75 R1·A@-75 R2·A@-72 R3·A@-64 罐=无罐 泵=0 阀=111111 速=+0,+0,+0.00 电=8.03V/1.63A/峰1.87 补余=0.0 IO错=0 倾+0.0
[  224.196] TLM t= 148.8 L1·A@-75 L2·A@-70 L3·A@-75 R1·A@-74 R2·A@-72 R3·A@-63 罐=无罐 泵=0 阀=111111 速=+0,+0,+0.00 电=8.02V/1.63A/峰1.87 补余=0.0 IO错=0 倾+0.0
[  224.699] TLM t= 149.3 L1·A@-74 L2·A@-69 L3·A@-75 R1·A@-74 R2·A@-71 R3·A@-62 罐=无罐 泵=0 阀=111111 速=+0,+0,+0.00 电=8.04V/1.55A/峰1.87 补余=0.0 IO错=0 倾+0.0
[  225.199] TLM t= 149.8 L1·A@-74 L2·A@-69 L3·A@-74 R1·A@-74 R2·A@-71 R3·A@-60 罐=无罐 泵=0 阀=111111 速=+0,+0,+0.00 电=8.03V/1.55A/峰1.87 补余=0.0 IO错=0 倾+0.0
[  225.255] EVT 泵 开 最差盘压-60.0
[  225.708] TLM t= 150.3 L1·A@-74 L2·A@-74 L3·A@-74 R1·A@-74 R2·A@-73 R3·A@-73 罐=无罐 泵=1 阀=111111 速=+0,+0,+0.00 电=8.00V/1.55A/峰1.87 补余=0.0 IO错=0 倾+0.0
[  225.711] EVT 键 '2' 倾=+0.0待=+0.0
[  225.977] EVT 泵 停 最差盘压-75.5
[  226.231] TLM t= 150.8 L1·A@-76 L2·A@-76 L3·A@-76 R1·A@-76 R2·A@-76 R3·A@-76 罐=无罐 泵=0 阀=111111 速=+0,+0,+0.00 电=8.02V/1.55A/峰1.87 补余=0.0 IO错=0 倾+0.0
[  226.737] TLM t= 151.3 L1·A@-76 L2·A@-76 L3·A@-76 R1·A@-76 R2·A@-75 R3·A@-74 罐=无罐 泵=0 阀=111111 速=+0,+0,+0.00 电=8.03V/1.63A/峰1.87 补余=0.0 IO错=0 倾+0.0
[  227.061] EVT 原地抬起受理：L2
[  227.061] EVT 键 'i' 倾=+0.0待=+0.0
[  227.067] EVT 吸附 L2 attached→venting 在态172.86s -75.2kPa
[  227.067] EVT 相位 L2 stance→vent 落点Δ(+0.0,+0.0)
[  227.087] EVT 阀 L2 →排气位
[  227.259] TLM t= 154.4 L1·A@-76 L2Vv@-75 L3·A@-76 R1·A@-76 R2·A@-75 R3·A@-73 罐=无罐 泵=0 阀=101111 速=+0,+0,+0.00 电=8.03V/1.47A/峰1.87 补余=0.0 IO错=0 倾+0.0
[  227.370] EVT 相位 L2 vent→lift
[  227.469] EVT 吸附 L2 venting→released 在态0.40s 0.4kPa
[  227.759] TLM t= 154.8 L1·A@-76 L2Lr@-- L3·A@-76 R1·A@-75 R2·A@-75 R3·A@-71 罐=无罐 泵=0 阀=101111 速=+0,+0,+0.00 电=8.01V/1.55A/峰1.87 补余=0.0 IO错=0 倾+0.0
[  228.212] EVT 相位 L2 lift→transfer
[  228.284] TLM t= 154.8 L1·A@-76 L2Tr@-- L3·A@-76 R1·A@-75 R2·A@-74 R3·A@-70 罐=无罐 泵=0 阀=101111 速=+0,+0,+0.00 电=7.99V/1.87A/峰1.87 补余=0.0 IO错=0 倾+0.0
[  228.785] TLM t= 154.8 L1·A@-75 L2Tr@-- L3·A@-75 R1·A@-75 R2·A@-74 R3·A@-68 罐=无罐 泵=0 阀=101111 速=+0,+0,+0.00 电=8.01V/1.87A/峰1.87 补余=0.0 IO错=0 倾+0.0
[  228.836] EVT 相位 L2 transfer→hover
[  229.307] TLM t= 154.8 L1·A@-75 L2Hr@-- L3·A@-75 R1·A@-75 R2·A@-73 R3·A@-67 罐=无罐 泵=0 阀=101111 速=+0,+0,+0.00 电=8.02V/1.47A/峰1.87 补余=0.0 IO错=0 倾+0.0
[  229.552] EVT 落地：L2
[  229.552] EVT 键 'i' 倾=+0.0待=+0.0
[  229.558] EVT 相位 L2 hover→descend
[  229.807] TLM t= 154.8 L1·A@-75 L2Dr@-- L3·A@-75 R1·A@-75 R2·A@-73 R3·A@-65 罐=无罐 泵=0 阀=101111 速=+0,+0,+0.00 电=8.02V/1.47A/峰1.87 补余=0.0 IO错=0 倾+0.0
[  230.040] EVT 相位 L2 descend→press
[  230.331] TLM t= 154.8 L1·A@-75 L2Pr@-- L3·A@-75 R1·A@-75 R2·A@-72 R3·A@-63 罐=无罐 泵=0 阀=101111 速=+0,+0,+0.00 电=8.02V/1.55A/峰1.87 补余=0.0 IO错=0 倾+0.0
[  230.832] TLM t= 154.8 L1·A@-75 L2Pr@-- L3·A@-75 R1·A@-75 R2·A@-72 R3·A@-62 罐=无罐 泵=0 阀=101111 速=+0,+0,+0.00 电=8.01V/1.71A/峰1.87 补余=0.0 IO错=0 倾+0.0
[  231.244] EVT 吸附 L2 released→pressing 在态3.76s 0.4kPa
[  231.245] EVT 相位 L2 press→wait
[  231.353] TLM t= 154.8 L1·A@-75 L2Wp@-- L3·A@-75 R1·A@-74 R2·A@-71 R3·A@-61 罐=无罐 泵=0 阀=101111 速=+0,+0,+0.00 电=8.01V/1.71A/峰1.87 补余=0.0 IO错=0 倾+0.0
[  231.525] EVT 泵 开 最差盘压-60.0
[  231.545] EVT 吸附 L2 pressing→sucking 在态0.30s 0.4kPa
[  231.545] EVT 阀 L2 →抽气位
[  231.820] EVT 吸附 L2 sucking→attached 在态0.28s -62.6kPa
[  231.826] EVT 相位 L2 wait→stance
[  231.826] EVT 抬落完成，轮到 R3
[  231.853] TLM t= 154.8 L1·A@-74 L2·A@-63 L3·A@-74 R1·A@-74 R2·A@-71 R3·A@-62 罐=无罐 泵=1 阀=111111 速=+0,+0,+0.00 电=8.01V/1.55A/峰1.87 补余=0.0 IO错=0 倾+0.0
[  232.357] TLM t= 155.3 L1·A@-75 L2·A@-75 L3·A@-75 R1·A@-74 R2·A@-75 R3·A@-74 罐=无罐 泵=1 阀=111111 速=+0,+0,+0.00 电=7.96V/1.63A/峰1.87 补余=0.0 IO错=0 倾+0.0
[  232.430] EVT 泵 停 最差盘压-75.1
[  232.859] TLM t= 155.8 L1·A@-76 L2·A@-76 L3·A@-76 R1·A@-75 R2·A@-75 R3·A@-75 罐=无罐 泵=0 阀=111111 速=+0,+0,+0.00 电=8.02V/1.55A/峰1.87 补余=0.0 IO错=0 倾+0.0
[  233.363] TLM t= 156.3 L1·A@-76 L2·A@-75 L3·A@-76 R1·A@-75 R2·A@-75 R3·A@-73 罐=无罐 泵=0 阀=111111 速=+0,+0,+0.00 电=8.02V/1.95A/峰1.95 补余=0.0 IO错=0 倾+0.0
[  233.865] TLM t= 156.8 L1·A@-76 L2·A@-74 L3·A@-76 R1·A@-75 R2·A@-74 R3·A@-72 罐=无罐 泵=0 阀=111111 速=+0,+0,+0.00 电=8.02V/1.55A/峰1.95 补余=0.0 IO错=0 倾+0.0
[  234.364] TLM t= 157.3 L1·A@-75 L2·A@-74 L3·A@-75 R1·A@-75 R2·A@-74 R3·A@-70 罐=无罐 泵=0 阀=111111 速=+0,+0,+0.00 电=8.03V/1.47A/峰1.95 补余=0.0 IO错=0 倾+0.0
[  234.867] TLM t= 157.8 L1·A@-75 L2·A@-73 L3·A@-75 R1·A@-75 R2·A@-74 R3·A@-69 罐=无罐 泵=0 阀=111111 速=+0,+0,+0.00 电=8.03V/1.55A/峰1.95 补余=0.0 IO错=0 倾+0.0
[  235.367] TLM t= 158.3 L1·A@-75 L2·A@-72 L3·A@-75 R1·A@-75 R2·A@-73 R3·A@-67 罐=无罐 泵=0 阀=111111 速=+0,+0,+0.00 电=8.03V/1.55A/峰1.95 补余=0.0 IO错=0 倾+0.0
[  235.867] TLM t= 158.8 L1·A@-75 L2·A@-72 L3·A@-75 R1·A@-75 R2·A@-73 R3·A@-66 罐=无罐 泵=0 阀=111111 速=+0,+0,+0.00 电=8.03V/1.47A/峰1.95 补余=0.0 IO错=0 倾+0.0
[  236.372] TLM t= 159.3 L1·A@-75 L2·A@-71 L3·A@-75 R1·A@-75 R2·A@-72 R3·A@-64 罐=无罐 泵=0 阀=111111 速=+0,+0,+0.00 电=8.03V/1.63A/峰1.95 补余=0.0 IO错=0 倾+0.0
[  236.874] TLM t= 159.8 L1·A@-75 L2·A@-71 L3·A@-74 R1·A@-74 R2·A@-72 R3·A@-63 罐=无罐 泵=0 阀=111111 速=+0,+0,+0.00 电=8.03V/1.47A/峰1.95 补余=0.0 IO错=0 倾+0.0
[  237.373] TLM t= 160.3 L1·A@-74 L2·A@-70 L3·A@-74 R1·A@-74 R2·A@-71 R3·A@-62 罐=无罐 泵=0 阀=111111 速=+0,+0,+0.00 电=8.02V/1.55A/峰1.95 补余=0.0 IO错=0 倾+0.0
[  237.875] TLM t= 160.8 L1·A@-74 L2·A@-69 L3·A@-74 R1·A@-74 R2·A@-71 R3·A@-60 罐=无罐 泵=0 阀=111111 速=+0,+0,+0.00 电=8.01V/1.71A/峰1.95 补余=0.0 IO错=0 倾+0.0
[  237.968] EVT 泵 开 最差盘压-59.9
[  238.378] TLM t= 161.3 L1·A@-74 L2·A@-73 L3·A@-74 R1·A@-74 R2·A@-73 R3·A@-71 罐=无罐 泵=1 阀=111111 速=+0,+0,+0.00 电=8.00V/1.55A/峰1.95 补余=0.0 IO错=0 倾+0.0
[  238.630] EVT 泵 停 最差盘压-75.0
[  238.882] TLM t= 161.8 L1·A@-76 L2·A@-76 L3·A@-76 R1·A@-75 R2·A@-76 R3·A@-76 罐=无罐 泵=0 阀=111111 速=+0,+0,+0.00 电=8.02V/1.55A/峰1.95 补余=0.0 IO错=0 倾+0.0
[  239.380] TLM t= 162.3 L1·A@-76 L2·A@-75 L3·A@-76 R1·A@-75 R2·A@-75 R3·A@-74 罐=无罐 泵=0 阀=111111 速=+0,+0,+0.00 电=8.02V/1.55A/峰1.95 补余=0.0 IO错=0 倾+0.0
[  239.882] TLM t= 162.8 L1·A@-76 L2·A@-75 L3·A@-76 R1·A@-75 R2·A@-75 R3·A@-73 罐=无罐 泵=0 阀=111111 速=+0,+0,+0.00 电=8.03V/1.55A/峰1.95 补余=0.0 IO错=0 倾+0.0
[  240.385] TLM t= 163.3 L1·A@-75 L2·A@-74 L3·A@-75 R1·A@-75 R2·A@-74 R3·A@-71 罐=无罐 泵=0 阀=111111 速=+0,+0,+0.00 电=8.04V/1.63A/峰1.95 补余=0.0 IO错=0 倾+0.0
[  240.888] TLM t= 163.8 L1·A@-75 L2·A@-74 L3·A@-75 R1·A@-75 R2·A@-74 R3·A@-70 罐=无罐 泵=0 阀=111111 速=+0,+0,+0.00 电=8.03V/1.55A/峰1.95 补余=0.0 IO错=0 倾+0.0
[  241.387] TLM t= 164.3 L1·A@-75 L2·A@-73 L3·A@-75 R1·A@-75 R2·A@-73 R3·A@-68 罐=无罐 泵=0 阀=111111 速=+0,+0,+0.00 电=8.03V/1.47A/峰1.95 补余=0.0 IO错=0 倾+0.0
[  241.888] TLM t= 164.8 L1·A@-75 L2·A@-72 L3·A@-75 R1·A@-75 R2·A@-73 R3·A@-67 罐=无罐 泵=0 阀=111111 速=+0,+0,+0.00 电=8.02V/1.63A/峰1.95 补余=0.0 IO错=0 倾+0.0
[  242.387] TLM t= 165.3 L1·A@-75 L2·A@-72 L3·A@-75 R1·A@-75 R2·A@-72 R3·A@-65 罐=无罐 泵=0 阀=111111 速=+0,+0,+0.00 电=8.03V/1.55A/峰1.95 补余=0.0 IO错=0 倾+0.0
[  242.893] TLM t= 165.8 L1·A@-75 L2·A@-71 L3·A@-75 R1·A@-75 R2·A@-72 R3·A@-64 罐=无罐 泵=0 阀=111111 速=+0,+0,+0.00 电=8.03V/1.63A/峰1.95 补余=0.0 IO错=0 倾+0.0
[  243.392] TLM t= 166.3 L1·A@-74 L2·A@-70 L3·A@-74 R1·A@-74 R2·A@-72 R3·A@-62 罐=无罐 泵=0 阀=111111 速=+0,+0,+0.00 电=8.01V/1.63A/峰1.95 补余=0.0 IO错=0 倾+0.0
[  243.895] TLM t= 166.8 L1·A@-74 L2·A@-70 L3·A@-74 R1·A@-74 R2·A@-71 R3·A@-61 罐=无罐 泵=0 阀=111111 速=+0,+0,+0.00 电=8.02V/1.55A/峰1.95 补余=0.0 IO错=0 倾+0.0
[  244.347] EVT 泵 开 最差盘压-59.9
[  244.399] TLM t= 167.3 L1·A@-74 L2·A@-69 L3·A@-74 R1·A@-74 R2·A@-71 R3·A@-60 罐=无罐 泵=1 阀=111111 速=+0,+0,+0.00 电=7.94V/1.63A/峰1.95 补余=0.0 IO错=0 倾+0.0
[  244.901] TLM t= 167.8 L1·A@-74 L2·A@-75 L3·A@-74 R1·A@-74 R2·A@-74 R3·A@-74 罐=无罐 泵=1 阀=111111 速=+0,+0,+0.00 电=8.01V/1.55A/峰1.95 补余=0.0 IO错=0 倾+0.0
[  245.071] EVT 泵 停 最差盘压-75.5
[  245.400] TLM t= 168.3 L1·A@-76 L2·A@-76 L3·A@-76 R1·A@-76 R2·A@-76 R3·A@-76 罐=无罐 泵=0 阀=111111 速=+0,+0,+0.00 电=8.02V/1.55A/峰1.95 补余=0.0 IO错=0 倾+0.0
[  245.902] TLM t= 168.8 L1·A@-76 L2·A@-76 L3·A@-76 R1·A@-76 R2·A@-75 R3·A@-74 罐=无罐 泵=0 阀=111111 速=+0,+0,+0.00 电=8.03V/1.55A/峰1.95 补余=0.0 IO错=0 倾+0.0
[  246.401] TLM t= 169.3 L1·A@-76 L2·A@-75 L3·A@-76 R1·A@-76 R2·A@-75 R3·A@-73 罐=无罐 泵=0 阀=111111 速=+0,+0,+0.00 电=8.02V/1.55A/峰1.95 补余=0.0 IO错=0 倾+0.0
[  246.907] TLM t= 169.8 L1·A@-76 L2·A@-74 L3·A@-76 R1·A@-75 R2·A@-74 R3·A@-71 罐=无罐 泵=0 阀=111111 速=+0,+0,+0.00 电=8.02V/1.55A/峰1.95 补余=0.0 IO错=0 倾+0.0
[  247.405] TLM t= 170.3 L1·A@-76 L2·A@-74 L3·A@-76 R1·A@-75 R2·A@-74 R3·A@-70 罐=无罐 泵=0 阀=111111 速=+0,+0,+0.00 电=8.02V/1.55A/峰1.95 补余=0.0 IO错=0 倾+0.0
[  247.713] EVT 键 '6' 倾=+0.0待=+0.0
[  247.907] TLM t= 170.8 L1·A@-75 L2·A@-73 L3·A@-75 R1·A@-75 R2·A@-74 R3·A@-68 罐=无罐 泵=0 阀=111111 速=+0,+0,+0.00 电=8.02V/1.55A/峰1.95 补余=0.0 IO错=0 倾+0.0
[  248.412] TLM t= 171.3 L1·A@-75 L2·A@-73 L3·A@-75 R1·A@-75 R2·A@-73 R3·A@-67 罐=无罐 泵=0 阀=111111 速=+0,+0,+0.00 电=8.03V/1.47A/峰1.95 补余=0.0 IO错=0 倾+0.0
[  248.914] TLM t= 171.8 L1·A@-75 L2·A@-72 L3·A@-75 R1·A@-75 R2·A@-73 R3·A@-65 罐=无罐 泵=0 阀=111111 速=+0,+0,+0.00 电=8.03V/1.47A/峰1.95 补余=0.0 IO错=0 倾+0.0
[  249.302] EVT 原地抬起受理：R3
[  249.302] EVT 键 'i' 倾=+0.0待=+0.0
[  249.307] EVT 吸附 R3 attached→venting 在态98.52s -64.3kPa
[  249.308] EVT 相位 R3 stance→vent 落点Δ(+0.0,+0.0)
[  249.328] EVT 阀 R3 →排气位
[  249.435] TLM t= 172.9 L1·A@-75 L2·A@-71 L3·A@-75 R1·A@-75 R2·A@-72 R3Vv@-64 罐=无罐 泵=0 阀=111110 速=+0,+0,+0.00 电=8.01V/1.47A/峰1.95 补余=0.0 IO错=0 倾+0.0
[  249.608] EVT 相位 R3 vent→lift
[  249.708] EVT 吸附 R3 venting→released 在态0.40s 0.2kPa
[  249.940] TLM t= 173.4 L1·A@-75 L2·A@-71 L3·A@-75 R1·A@-75 R2·A@-72 R3Lr@-- 罐=无罐 泵=0 阀=111110 速=+0,+0,+0.00 电=8.02V/1.55A/峰1.95 补余=0.0 IO错=0 倾+0.0
[  250.451] EVT 相位 R3 lift→transfer
[  250.460] TLM t= 173.4 L1·A@-75 L2·A@-70 L3·A@-75 R1·A@-75 R2·A@-71 R3Tr@-- 罐=无罐 泵=0 阀=111110 速=+0,+0,+0.00 电=8.01V/1.55A/峰1.95 补余=0.0 IO错=0 倾+0.0
[  250.978] TLM t= 173.4 L1·A@-74 L2·A@-69 L3·A@-74 R1·A@-75 R2·A@-71 R3Tr@-- 罐=无罐 泵=0 阀=111110 速=+0,+0,+0.00 电=8.01V/1.63A/峰1.95 补余=0.0 IO错=0 倾+0.0
[  251.072] EVT 相位 R3 transfer→hover
[  251.483] TLM t= 173.4 L1·A@-74 L2·A@-69 L3·A@-74 R1·A@-75 R2·A@-71 R3Hr@-- 罐=无罐 泵=0 阀=111110 速=+0,+0,+0.00 电=8.02V/1.30A/峰1.95 补余=0.0 IO错=0 倾+0.0
[  251.749] EVT 落地：R3
[  251.749] EVT 键 'i' 倾=+0.0待=+0.0
[  251.752] EVT 相位 R3 hover→descend
[  251.987] TLM t= 173.4 L1·A@-74 L2·A@-68 L3·A@-74 R1·A@-74 R2·A@-70 R3Dr@-- 罐=无罐 泵=0 阀=111110 速=+0,+0,+0.00 电=8.02V/1.38A/峰1.95 补余=0.0 IO错=0 倾+0.0
[  252.233] EVT 相位 R3 descend→press
[  252.503] TLM t= 173.4 L1·A@-74 L2·A@-68 L3·A@-74 R1·A@-74 R2·A@-70 R3Pr@-- 罐=无罐 泵=0 阀=111110 速=+0,+0,+0.00 电=8.02V/1.38A/峰1.95 补余=0.0 IO错=0 倾+0.0
[  253.009] TLM t= 173.4 L1·A@-74 L2·A@-67 L3·A@-74 R1·A@-74 R2·A@-69 R3Pr@-- 罐=无罐 泵=0 阀=111110 速=+0,+0,+0.00 电=8.02V/1.38A/峰1.95 补余=0.0 IO错=0 倾+0.0
[  253.436] EVT 吸附 R3 released→pressing 在态3.72s 0.2kPa
[  253.437] EVT 相位 R3 press→wait
[  253.527] TLM t= 173.4 L1·A@-73 L2·A@-66 L3·A@-74 R1·A@-74 R2·A@-69 R3Wp@-- 罐=无罐 泵=0 阀=111110 速=+0,+0,+0.00 电=8.02V/1.38A/峰1.95 补余=0.0 IO错=0 倾+0.0
[  253.799] EVT 吸附 R3 pressing→sucking 在态0.30s 0.2kPa
[  253.800] EVT 阀 R3 →抽气位
[  253.817] EVT 泵 开 最差盘压-66.0
[  254.032] TLM t= 173.4 L1·A@-73 L2·A@-66 L3·A@-73 R1·A@-74 R2·A@-69 R3Ws@-52 罐=无罐 泵=1 阀=111111 速=+0,+0,+0.00 电=7.97V/1.30A/峰1.95 补余=0.0 IO错=0 倾+0.0
[  254.143] EVT 吸附 R3 sucking→attached 在态0.34s -61.0kPa
[  254.143] EVT 相位 R3 wait→stance
[  254.143] EVT 抬落完成，轮到 L1
[  254.548] TLM t= 173.8 L1·A@-73 L2·A@-73 L3·A@-73 R1·A@-74 R2·A@-73 R3·A@-74 罐=无罐 泵=1 阀=111111 速=+0,+0,+0.00 电=8.01V/1.30A/峰1.95 补余=0.0 IO错=0 倾+0.0
[  254.776] EVT 泵 停 最差盘压-75.1
[  255.068] TLM t= 174.2 L1·A@-76 L2·A@-76 L3·A@-76 R1·A@-76 R2·A@-76 R3·A@-76 罐=无罐 泵=0 阀=111111 速=+0,+0,+0.00 电=8.03V/1.38A/峰1.95 补余=0.0 IO错=0 倾+0.0
[  255.567] TLM t= 174.7 L1·A@-76 L2·A@-75 L3·A@-76 R1·A@-75 R2·A@-75 R3·A@-75 罐=无罐 泵=0 阀=111111 速=+0,+0,+0.00 电=8.03V/1.38A/峰1.95 补余=0.0 IO错=0 倾+0.0
[  256.090] TLM t= 175.3 L1·A@-75 L2·A@-75 L3·A@-76 R1·A@-75 R2·A@-75 R3·A@-75 罐=无罐 泵=0 阀=111111 速=+0,+0,+0.00 电=8.03V/1.38A/峰1.95 补余=0.0 IO错=0 倾+0.0
[  256.593] TLM t= 175.8 L1·A@-75 L2·A@-74 L3·A@-76 R1·A@-75 R2·A@-74 R3·A@-74 罐=无罐 泵=0 阀=111111 速=+0,+0,+0.00 电=8.02V/1.30A/峰1.95 补余=0.0 IO错=0 倾+0.0
[  257.114] TLM t= 176.3 L1·A@-75 L2·A@-73 L3·A@-75 R1·A@-75 R2·A@-74 R3·A@-74 罐=无罐 泵=0 阀=111111 速=+0,+0,+0.00 电=8.02V/1.38A/峰1.95 补余=0.0 IO错=0 倾+0.0
[  257.618] TLM t= 176.8 L1·A@-75 L2·A@-73 L3·A@-75 R1·A@-75 R2·A@-73 R3·A@-73 罐=无罐 泵=0 阀=111111 速=+0,+0,+0.00 电=8.03V/1.38A/峰1.95 补余=0.0 IO错=0 倾+0.0
[  258.140] TLM t= 177.3 L1·A@-75 L2·A@-72 L3·A@-75 R1·A@-75 R2·A@-73 R3·A@-73 罐=无罐 泵=0 阀=111111 速=+0,+0,+0.00 电=8.03V/1.30A/峰1.95 补余=0.0 IO错=0 倾+0.0
[  258.645] TLM t= 177.8 L1·A@-74 L2·A@-71 L3·A@-75 R1·A@-75 R2·A@-72 R3·A@-72 罐=无罐 泵=0 阀=111111 速=+0,+0,+0.00 电=8.04V/1.38A/峰1.95 补余=0.0 IO错=0 倾+0.0
[  259.171] TLM t= 178.3 L1·A@-74 L2·A@-71 L3·A@-75 R1·A@-75 R2·A@-72 R3·A@-72 罐=无罐 泵=0 阀=111111 速=+0,+0,+0.00 电=8.02V/1.38A/峰1.95 补余=0.0 IO错=0 倾+0.0
[  259.671] TLM t= 178.8 L1·A@-74 L2·A@-70 L3·A@-75 R1·A@-75 R2·A@-72 R3·A@-71 罐=无罐 泵=0 阀=111111 速=+0,+0,+0.00 电=8.03V/1.22A/峰1.95 补余=0.0 IO错=0 倾+0.0
[  260.195] TLM t= 179.3 L1·A@-74 L2·A@-69 L3·A@-75 R1·A@-75 R2·A@-71 R3·A@-71 罐=无罐 泵=0 阀=111111 速=+0,+0,+0.00 电=8.02V/1.47A/峰1.95 补余=0.0 IO错=0 倾+0.0
[  260.698] TLM t= 179.8 L1·A@-74 L2·A@-69 L3·A@-74 R1·A@-75 R2·A@-71 R3·A@-70 罐=无罐 泵=0 阀=111111 速=+0,+0,+0.00 电=8.04V/1.30A/峰1.95 补余=0.0 IO错=0 倾+0.0
[  261.219] TLM t= 180.4 L1·A@-73 L2·A@-68 L3·A@-74 R1·A@-75 R2·A@-70 R3·A@-70 罐=无罐 泵=0 阀=111111 速=+0,+0,+0.00 电=8.03V/1.30A/峰1.95 补余=0.0 IO错=0 倾+0.0
[  261.724] TLM t= 180.9 L1·A@-73 L2·A@-67 L3·A@-74 R1·A@-74 R2·A@-70 R3·A@-69 罐=无罐 泵=0 阀=111111 速=+0,+0,+0.00 电=8.03V/1.30A/峰1.95 补余=0.0 IO错=0 倾+0.0
[  262.246] TLM t= 181.4 L1·A@-73 L2·A@-67 L3·A@-74 R1·A@-74 R2·A@-70 R3·A@-69 罐=无罐 泵=0 阀=111111 速=+0,+0,+0.00 电=8.03V/1.30A/峰1.95 补余=0.0 IO错=0 倾+0.0
[  262.747] TLM t= 181.9 L1·A@-73 L2·A@-66 L3·A@-74 R1·A@-74 R2·A@-69 R3·A@-68 罐=无罐 泵=0 阀=111111 速=+0,+0,+0.00 电=8.03V/1.38A/峰1.95 补余=0.0 IO错=0 倾+0.0
[  262.992] EVT 键 '1' 倾=+0.0待=+0.0
[  263.269] TLM t= 182.4 L1·A@-73 L2·A@-66 L3·A@-74 R1·A@-74 R2·A@-69 R3·A@-68 罐=无罐 泵=0 阀=111111 速=+0,+0,+0.00 电=8.02V/1.38A/峰1.95 补余=0.0 IO错=0 倾+0.0
[  263.773] TLM t= 182.9 L1·A@-72 L2·A@-65 L3·A@-74 R1·A@-74 R2·A@-68 R3·A@-67 罐=无罐 泵=0 阀=111111 速=+0,+0,+0.00 电=8.03V/1.38A/峰1.95 补余=0.0 IO错=0 倾+0.0
[  263.798] EVT 原地抬起受理：L1
[  263.798] EVT 键 'i' 倾=+0.0待=+0.0
[  263.806] EVT 吸附 L1 attached→venting 在态94.22s -72.5kPa
[  263.807] EVT 相位 L1 stance→vent 落点Δ(+0.0,+0.0)
[  263.826] EVT 阀 L1 →排气位
[  264.105] EVT 相位 L1 vent→lift
[  264.202] EVT 吸附 L1 venting→released 在态0.40s 0.1kPa
[  264.293] TLM t= 184.7 L1Lr@-- L2·A@-64 L3·A@-73 R1·A@-74 R2·A@-68 R3·A@-66 罐=无罐 泵=0 阀=011111 速=+0,+0,+0.00 电=7.99V/1.95A/峰1.95 补余=0.0 IO错=0 倾+0.0
[  264.800] TLM t= 184.8 L1Lr@-- L2·A@-64 L3·A@-73 R1·A@-74 R2·A@-67 R3·A@-65 罐=无罐 泵=0 阀=011111 速=+0,+0,+0.00 电=8.00V/1.87A/峰1.95 补余=0.0 IO错=0 倾+0.0
[  264.957] EVT 相位 L1 lift→transfer
[  265.297] TLM t= 184.8 L1Tr@-- L2·A@-63 L3·A@-73 R1·A@-74 R2·A@-67 R3·A@-65 罐=无罐 泵=0 阀=011111 速=+0,+0,+0.00 电=8.00V/1.87A/峰1.95 补余=0.0 IO错=0 倾+0.0
[  265.576] EVT 相位 L1 transfer→hover
[  265.811] TLM t= 184.8 L1Hr@-- L2·A@-62 L3·A@-73 R1·A@-74 R2·A@-67 R3·A@-64 罐=无罐 泵=0 阀=011111 速=+0,+0,+0.00 电=8.00V/1.79A/峰1.95 补余=0.0 IO错=0 倾+0.0
[  266.312] TLM t= 184.8 L1Hr@-- L2·A@-62 L3·A@-72 R1·A@-74 R2·A@-66 R3·A@-63 罐=无罐 泵=0 阀=011111 速=+0,+0,+0.00 电=8.00V/1.87A/峰1.95 补余=0.0 IO错=0 倾+0.0
[  266.317] EVT 落地：L1
[  266.317] EVT 键 'i' 倾=+0.0待=+0.0
[  266.318] EVT 相位 L1 hover→descend
[  266.799] EVT 相位 L1 descend→press
[  266.839] TLM t= 184.8 L1Pr@-- L2·A@-61 L3·A@-72 R1·A@-74 R2·A@-66 R3·A@-63 罐=无罐 泵=0 阀=011111 速=+0,+0,+0.00 电=7.97V/2.04A/峰2.04 补余=0.0 IO错=0 倾+0.0
[  267.338] TLM t= 184.8 L1Pr@-- L2·A@-61 L3·A@-72 R1·A@-73 R2·A@-65 R3·A@-62 罐=无罐 泵=0 阀=011111 速=+0,+0,+0.00 电=8.00V/1.87A/峰2.04 补余=0.0 IO错=0 倾+0.0
[  267.864] TLM t= 184.8 L1Pr@-- L2·A@-60 L3·A@-72 R1·A@-73 R2·A@-65 R3·A@-61 罐=无罐 泵=0 阀=011111 速=+0,+0,+0.00 电=7.99V/1.95A/峰2.04 补余=0.0 IO错=0 倾+0.0
[  267.917] EVT 泵 开 最差盘压-60.0
[  268.009] EVT 吸附 L1 released→pressing 在态3.78s 0.1kPa
[  268.010] EVT 相位 L1 press→wait
[  268.310] EVT 吸附 L1 pressing→sucking 在态0.30s 0.1kPa
[  268.310] EVT 阀 L1 →抽气位
[  268.365] TLM t= 184.8 L1Ws@-3 L2·A@-68 L3·A@-72 R1·A@-73 R2·A@-68 R3·A@-68 罐=无罐 泵=1 阀=111111 速=+0,+0,+0.00 电=7.97V/1.87A/峰2.04 补余=0.0 IO错=0 倾+0.0
[  268.590] EVT 吸附 L1 sucking→attached 在态0.28s -63.7kPa
[  268.599] EVT 相位 L1 wait→stance
[  268.599] EVT 抬落完成，轮到 R2
[  268.889] TLM t= 185.1 L1·A@-72 L2·A@-72 L3·A@-72 R1·A@-73 R2·A@-71 R3·A@-71 罐=无罐 泵=1 阀=111111 速=+0,+0,+0.00 电=7.97V/1.63A/峰2.04 补余=0.0 IO错=0 倾+0.0
[  269.263] EVT 泵 停 最差盘压-75.3
[  269.394] TLM t= 185.6 L1·A@-76 L2·A@-76 L3·A@-76 R1·A@-76 R2·A@-76 R3·A@-76 罐=无罐 泵=0 阀=111111 速=+0,+0,+0.00 电=8.01V/1.95A/峰2.04 补余=0.0 IO错=0 倾+0.0
[  269.912] TLM t= 186.1 L1·A@-76 L2·A@-76 L3·A@-76 R1·A@-76 R2·A@-75 R3·A@-76 罐=无罐 泵=0 阀=111111 速=+0,+0,+0.00 电=8.00V/1.71A/峰2.04 补余=0.0 IO错=0 倾+0.0
[  270.420] TLM t= 186.6 L1·A@-76 L2·A@-75 L3·A@-76 R1·A@-76 R2·A@-75 R3·A@-75 罐=无罐 泵=0 阀=111111 速=+0,+0,+0.00 电=8.01V/1.79A/峰2.04 补余=0.0 IO错=0 倾+0.0
[  270.944] TLM t= 187.1 L1·A@-75 L2·A@-74 L3·A@-76 R1·A@-75 R2·A@-75 R3·A@-75 罐=无罐 泵=0 阀=111111 速=+0,+0,+0.00 电=7.99V/1.87A/峰2.04 补余=0.0 IO错=0 倾+0.0
[  271.449] TLM t= 187.6 L1·A@-75 L2·A@-74 L3·A@-76 R1·A@-75 R2·A@-74 R3·A@-74 罐=无罐 泵=0 阀=111111 速=+0,+0,+0.00 电=8.01V/1.63A/峰2.04 补余=0.0 IO错=0 倾+0.0
[  271.968] TLM t= 188.1 L1·A@-75 L2·A@-73 L3·A@-75 R1·A@-75 R2·A@-74 R3·A@-73 罐=无罐 泵=0 阀=111111 速=+0,+0,+0.00 电=8.00V/1.71A/峰2.04 补余=0.0 IO错=0 倾+0.0
[  272.471] TLM t= 188.6 L1·A@-75 L2·A@-72 L3·A@-75 R1·A@-75 R2·A@-73 R3·A@-73 罐=无罐 泵=0 阀=111111 速=+0,+0,+0.00 电=8.00V/1.87A/峰2.04 补余=0.0 IO错=0 倾+0.0
[  272.991] TLM t= 189.2 L1·A@-75 L2·A@-72 L3·A@-75 R1·A@-75 R2·A@-73 R3·A@-72 罐=无罐 泵=0 阀=111111 速=+0,+0,+0.00 电=7.98V/1.79A/峰2.04 补余=0.0 IO错=0 倾+0.0
[  273.495] TLM t= 189.7 L1·A@-74 L2·A@-71 L3·A@-75 R1·A@-75 R2·A@-72 R3·A@-72 罐=无罐 泵=0 阀=111111 速=+0,+0,+0.00 电=8.00V/1.71A/峰2.04 补余=0.0 IO错=0 倾+0.0
[  274.015] TLM t= 190.2 L1·A@-74 L2·A@-70 L3·A@-75 R1·A@-75 R2·A@-72 R3·A@-71 罐=无罐 泵=0 阀=111111 速=+0,+0,+0.00 电=8.01V/1.79A/峰2.04 补余=0.0 IO错=0 倾+0.0
[  274.519] TLM t= 190.7 L1·A@-74 L2·A@-70 L3·A@-74 R1·A@-75 R2·A@-71 R3·A@-71 罐=无罐 泵=0 阀=111111 速=+0,+0,+0.00 电=7.99V/1.87A/峰2.04 补余=0.0 IO错=0 倾+0.0
[  275.041] TLM t= 191.2 L1·A@-74 L2·A@-69 L3·A@-74 R1·A@-75 R2·A@-71 R3·A@-70 罐=无罐 泵=0 阀=111111 速=+0,+0,+0.00 电=8.00V/1.79A/峰2.04 补余=0.0 IO错=0 倾+0.0
[  275.545] TLM t= 191.7 L1·A@-74 L2·A@-69 L3·A@-74 R1·A@-75 R2·A@-71 R3·A@-70 罐=无罐 泵=0 阀=111111 速=+0,+0,+0.00 电=8.00V/1.87A/峰2.04 补余=0.0 IO错=0 倾+0.0
[  276.065] TLM t= 192.2 L1·A@-74 L2·A@-68 L3·A@-74 R1·A@-75 R2·A@-70 R3·A@-69 罐=无罐 泵=0 阀=111111 速=+0,+0,+0.00 电=7.98V/1.79A/峰2.04 补余=0.0 IO错=0 倾+0.0
[  276.570] TLM t= 192.7 L1·A@-73 L2·A@-67 L3·A@-74 R1·A@-74 R2·A@-70 R3·A@-69 罐=无罐 泵=0 阀=111111 速=+0,+0,+0.00 电=8.01V/1.87A/峰2.04 补余=0.0 IO错=0 倾+0.0
[  276.893] EVT 键 '5' 倾=+0.0待=+0.0
[  277.092] TLM t= 193.2 L1·A@-73 L2·A@-67 L3·A@-74 R1·A@-74 R2·A@-69 R3·A@-68 罐=无罐 泵=0 阀=111111 速=+0,+0,+0.00 电=8.00V/1.87A/峰2.04 补余=0.0 IO错=0 倾+0.0
[  277.594] TLM t= 193.7 L1·A@-73 L2·A@-66 L3·A@-73 R1·A@-74 R2·A@-69 R3·A@-68 罐=无罐 泵=0 阀=111111 速=+0,+0,+0.00 电=8.01V/1.87A/峰2.04 补余=0.0 IO错=0 倾+0.0
[  278.119] TLM t= 194.3 L1·A@-73 L2·A@-65 L3·A@-73 R1·A@-74 R2·A@-69 R3·A@-67 罐=无罐 泵=0 阀=111111 速=+0,+0,+0.00 电=8.00V/1.79A/峰2.04 补余=0.0 IO错=0 倾+0.0
[  278.624] TLM t= 194.8 L1·A@-73 L2·A@-65 L3·A@-73 R1·A@-74 R2·A@-68 R3·A@-66 罐=无罐 泵=0 阀=111111 速=+0,+0,+0.00 电=8.00V/1.87A/峰2.04 补余=0.0 IO错=0 倾+0.0
[  278.786] EVT 原地抬起受理：R2
[  278.786] EVT 键 'i' 倾=+0.0待=+0.0
[  278.794] EVT 吸附 R2 attached→venting 在态91.16s -68.0kPa
[  278.794] EVT 相位 R2 stance→vent 落点Δ(+0.0,+0.0)
[  278.807] EVT 阀 R2 →排气位
[  279.093] EVT 相位 R2 vent→lift
[  279.144] TLM t= 196.0 L1·A@-73 L2·A@-64 L3·A@-73 R1·A@-74 R2Lv@-68 R3·A@-66 罐=无罐 泵=0 阀=111101 速=+0,+0,+0.00 电=7.98V/1.87A/峰2.04 补余=0.0 IO错=0 倾+0.0
[  279.217] EVT 吸附 R2 venting→released 在态0.42s -0.0kPa
[  279.646] TLM t= 196.2 L1·A@-72 L2·A@-64 L3·A@-73 R1·A@-74 R2Lr@-- R3·A@-65 罐=无罐 泵=0 阀=111101 速=+0,+0,+0.00 电=7.98V/1.63A/峰2.04 补余=0.0 IO错=0 倾+0.0
[  279.937] EVT 相位 R2 lift→transfer
[  280.168] TLM t= 196.2 L1·A@-72 L2·A@-63 L3·A@-73 R1·A@-74 R2Tr@-- R3·A@-63 罐=无罐 泵=0 阀=111101 速=+0,+0,+0.00 电=7.99V/1.79A/峰2.04 补余=0.0 IO错=0 倾+0.0
[  280.557] EVT 相位 R2 transfer→hover
[  280.672] TLM t= 196.2 L1·A@-72 L2·A@-62 L3·A@-73 R1·A@-74 R2Hr@-- R3·A@-62 罐=无罐 泵=0 阀=111101 速=+0,+0,+0.00 电=8.01V/1.71A/峰2.04 补余=0.0 IO错=0 倾+0.0
[  281.194] TLM t= 196.2 L1·A@-72 L2·A@-62 L3·A@-72 R1·A@-74 R2Hr@-- R3·A@-61 罐=无罐 泵=0 阀=111101 速=+0,+0,+0.00 电=8.00V/1.63A/峰2.04 补余=0.0 IO错=0 倾+0.0
[  281.360] EVT 落地：R2
[  281.360] EVT 键 'i' 倾=+0.0待=+0.0
[  281.368] EVT 相位 R2 hover→descend
[  281.698] TLM t= 196.2 L1·A@-72 L2·A@-61 L3·A@-72 R1·A@-74 R2Dr@-- R3·A@-60 罐=无罐 泵=0 阀=111101 速=+0,+0,+0.00 电=7.98V/1.63A/峰2.04 补余=0.0 IO错=0 倾+0.0
[  281.849] EVT 相位 R2 descend→press
[  281.866] EVT 泵 开 最差盘压-59.9
[  282.222] TLM t= 196.2 L1·A@-72 L2·A@-66 L3·A@-72 R1·A@-74 R2Pr@-- R3·A@-64 罐=无罐 泵=1 阀=111101 速=+0,+0,+0.00 电=7.94V/1.71A/峰2.04 补余=0.0 IO错=0 倾+0.0
[  282.725] TLM t= 196.2 L1·A@-75 L2·A@-75 L3·A@-75 R1·A@-75 R2Pr@-- R3·A@-75 罐=无罐 泵=1 阀=111101 速=+0,+0,+0.00 电=7.98V/1.63A/峰2.04 补余=0.0 IO错=0 倾+0.0
[  282.774] EVT 泵 停 最差盘压-75.1
[  283.057] EVT 吸附 R2 released→pressing 在态3.82s -0.0kPa
[  283.058] EVT 相位 R2 press→wait
[  283.247] TLM t= 196.2 L1·A@-76 L2·A@-76 L3·A@-76 R1·A@-75 R2Wp@-- R3·A@-75 罐=无罐 泵=0 阀=111101 速=+0,+0,+0.00 电=7.99V/1.63A/峰2.04 补余=0.0 IO错=0 倾+0.0
[  283.360] EVT 吸附 R2 pressing→sucking 在态0.30s -0.0kPa
[  283.360] EVT 阀 R2 →抽气位
[  283.380] EVT 泵 开 最差盘压-75.0
[  283.633] EVT 吸附 R2 sucking→attached 在态0.28s -66.8kPa
[  283.634] EVT 相位 R2 wait→stance
[  283.634] EVT 抬落完成，轮到 L3
[  283.749] TLM t= 196.3 L1·A@-76 L2·A@-75 L3·A@-76 R1·A@-75 R2·A@-70 R3·A@-74 罐=无罐 泵=1 阀=111111 速=+0,+0,+0.00 电=7.94V/1.87A/峰2.04 补余=0.0 IO错=0 倾+0.0
[  284.042] EVT 泵 停 最差盘压-75.2
[  284.277] TLM t= 196.8 L1·A@-76 L2·A@-76 L3·A@-76 R1·A@-75 R2·A@-76 R3·A@-76 罐=无罐 泵=0 阀=111111 速=+0,+0,+0.00 电=8.01V/1.71A/峰2.04 补余=0.0 IO错=0 倾+0.0
[  284.779] TLM t= 197.3 L1·A@-76 L2·A@-75 L3·A@-76 R1·A@-75 R2·A@-75 R3·A@-75 罐=无罐 泵=0 阀=111111 速=+0,+0,+0.00 电=8.00V/1.71A/峰2.04 补余=0.0 IO错=0 倾+0.0
[  285.304] TLM t= 197.8 L1·A@-75 L2·A@-75 L3·A@-76 R1·A@-75 R2·A@-74 R3·A@-74 罐=无罐 泵=0 阀=111111 速=+0,+0,+0.00 电=8.02V/1.63A/峰2.04 补余=0.0 IO错=0 倾+0.0
[  285.808] TLM t= 198.3 L1·A@-75 L2·A@-74 L3·A@-75 R1·A@-75 R2·A@-73 R3·A@-73 罐=无罐 泵=0 阀=111111 速=+0,+0,+0.00 电=8.01V/1.55A/峰2.04 补余=0.0 IO错=0 倾+0.0
[  286.332] TLM t= 198.9 L1·A@-75 L2·A@-73 L3·A@-75 R1·A@-75 R2·A@-73 R3·A@-72 罐=无罐 泵=0 阀=111111 速=+0,+0,+0.00 电=8.00V/1.55A/峰2.04 补余=0.0 IO错=0 倾+0.0
[  286.833] TLM t= 199.4 L1·A@-75 L2·A@-72 L3·A@-75 R1·A@-74 R2·A@-72 R3·A@-71 罐=无罐 泵=0 阀=111111 速=+0,+0,+0.00 电=8.01V/1.55A/峰2.04 补余=0.0 IO错=0 倾+0.0
[  287.359] TLM t= 199.9 L1·A@-75 L2·A@-72 L3·A@-75 R1·A@-74 R2·A@-72 R3·A@-70 罐=无罐 泵=0 阀=111111 速=+0,+0,+0.00 电=8.00V/1.71A/峰2.04 补余=0.0 IO错=0 倾+0.0
[  287.863] TLM t= 200.4 L1·A@-75 L2·A@-71 L3·A@-75 R1·A@-74 R2·A@-72 R3·A@-69 罐=无罐 泵=0 阀=111111 速=+0,+0,+0.00 电=7.99V/1.71A/峰2.04 补余=0.0 IO错=0 倾+0.0
[  288.387] TLM t= 200.9 L1·A@-74 L2·A@-70 L3·A@-74 R1·A@-74 R2·A@-71 R3·A@-68 罐=无罐 泵=0 阀=111111 速=+0,+0,+0.00 电=8.02V/1.79A/峰2.04 补余=0.0 IO错=0 倾+0.0
[  288.889] TLM t= 201.4 L1·A@-74 L2·A@-70 L3·A@-74 R1·A@-74 R2·A@-71 R3·A@-67 罐=无罐 泵=0 阀=111111 速=+0,+0,+0.00 电=8.01V/1.87A/峰2.04 补余=0.0 IO错=0 倾+0.0
[  289.412] TLM t= 201.9 L1·A@-74 L2·A@-69 L3·A@-74 R1·A@-74 R2·A@-70 R3·A@-67 罐=无罐 泵=0 阀=111111 速=+0,+0,+0.00 电=8.01V/1.71A/峰2.04 补余=0.0 IO错=0 倾+0.0
[  289.916] TLM t= 202.4 L1·A@-74 L2·A@-68 L3·A@-74 R1·A@-74 R2·A@-70 R3·A@-66 罐=无罐 泵=0 阀=111111 速=+0,+0,+0.00 电=8.01V/1.71A/峰2.04 补余=0.0 IO错=0 倾+0.0
[  290.436] TLM t= 202.9 L1·A@-74 L2·A@-68 L3·A@-74 R1·A@-73 R2·A@-69 R3·A@-65 罐=无罐 泵=0 阀=111111 速=+0,+0,+0.00 电=8.01V/1.71A/峰2.04 补余=0.0 IO错=0 倾+0.0
[  290.939] TLM t= 203.4 L1·A@-74 L2·A@-67 L3·A@-74 R1·A@-73 R2·A@-69 R3·A@-64 罐=无罐 泵=0 阀=111111 速=+0,+0,+0.00 电=8.00V/1.79A/峰2.04 补余=0.0 IO错=0 倾+0.0
[  291.464] TLM t= 204.0 L1·A@-73 L2·A@-66 L3·A@-73 R1·A@-73 R2·A@-68 R3·A@-63 罐=无罐 泵=0 阀=111111 速=+0,+0,+0.00 电=8.02V/1.79A/峰2.04 补余=0.0 IO错=0 倾+0.0
[  291.972] TLM t= 204.5 L1·A@-73 L2·A@-66 L3·A@-73 R1·A@-73 R2·A@-68 R3·A@-62 罐=无罐 泵=0 阀=111111 速=+0,+0,+0.00 电=8.00V/1.79A/峰2.04 补余=0.0 IO错=0 倾+0.0
[  292.414] EVT 键 '3' 倾=+0.0待=+0.0
[  292.489] TLM t= 205.0 L1·A@-73 L2·A@-65 L3·A@-73 R1·A@-73 R2·A@-68 R3·A@-62 罐=无罐 泵=0 阀=111111 速=+0,+0,+0.00 电=8.01V/1.71A/峰2.04 补余=0.0 IO错=0 倾+0.0
[  292.992] TLM t= 205.5 L1·A@-73 L2·A@-65 L3·A@-73 R1·A@-73 R2·A@-67 R3·A@-61 罐=无罐 泵=0 阀=111111 速=+0,+0,+0.00 电=8.01V/1.63A/峰2.04 补余=0.0 IO错=0 倾+0.0
[  293.405] EVT 泵 开 最差盘压-60.0
[  293.515] TLM t= 206.0 L1·A@-73 L2·A@-64 L3·A@-73 R1·A@-73 R2·A@-67 R3·A@-60 罐=无罐 泵=1 阀=111111 速=+0,+0,+0.00 电=7.97V/1.63A/峰2.04 补余=0.0 IO错=0 倾+0.0
[  294.019] TLM t= 206.5 L1·A@-73 L2·A@-73 L3·A@-73 R1·A@-73 R2·A@-73 R3·A@-73 罐=无罐 泵=1 阀=111111 速=+0,+0,+0.00 电=7.96V/1.79A/峰2.04 补余=0.0 IO错=0 倾+0.0
[  294.310] EVT 泵 停 最差盘压-75.4
[  294.442] EVT 原地抬起受理：L3
[  294.442] EVT 键 'i' 倾=+0.0待=+0.0
[  294.443] EVT 吸附 L3 attached→venting 在态93.92s -76.5kPa
[  294.443] EVT 相位 L3 stance→vent 落点Δ(+0.0,+0.0)
[  294.468] EVT 阀 L3 →排气位
[  294.539] TLM t= 207.1 L1·A@-76 L2·A@-76 L3Vv@-76 R1·A@-76 R2·A@-76 R3·A@-76 罐=无罐 泵=0 阀=110111 速=+0,+0,+0.00 电=8.00V/1.63A/峰2.04 补余=0.0 IO错=0 倾+0.0
[  294.745] EVT 相位 L3 vent→lift
[  294.867] EVT 吸附 L3 venting→released 在态0.42s 0.1kPa
[  295.044] TLM t= 207.6 L1·A@-76 L2·A@-76 L3Lr@-- R1·A@-75 R2·A@-76 R3·A@-75 罐=无罐 泵=0 阀=110111 速=+0,+0,+0.00 电=7.98V/1.71A/峰2.04 补余=0.0 IO错=0 倾+0.0
[  295.559] TLM t= 207.6 L1·A@-76 L2·A@-75 L3Lr@-- R1·A@-75 R2·A@-75 R3·A@-74 罐=无罐 泵=0 阀=110111 速=+0,+0,+0.00 电=8.00V/1.71A/峰2.04 补余=0.0 IO错=0 倾+0.0
[  295.587] EVT 相位 L3 lift→transfer
[  296.066] TLM t= 207.6 L1·A@-76 L2·A@-74 L3Tr@-- R1·A@-74 R2·A@-75 R3·A@-73 罐=无罐 泵=0 阀=110111 速=+0,+0,+0.00 电=8.01V/1.79A/峰2.04 补余=0.0 IO错=0 倾+0.0
[  296.214] EVT 相位 L3 transfer→hover
[  296.582] TLM t= 207.6 L1·A@-76 L2·A@-73 L3Hr@-- R1·A@-74 R2·A@-74 R3·A@-72 罐=无罐 泵=0 阀=110111 速=+0,+0,+0.00 电=8.01V/1.63A/峰2.04 补余=0.0 IO错=0 倾+0.0
[  297.089] TLM t= 207.6 L1·A@-76 L2·A@-73 L3Hr@-- R1·A@-73 R2·A@-74 R3·A@-71 罐=无罐 泵=0 阀=110111 速=+0,+0,+0.00 电=8.01V/1.55A/峰2.04 补余=0.0 IO错=0 倾+0.0
[  297.171] EVT 落地：L3
[  297.171] EVT 键 'i' 倾=+0.0待=+0.0
[  297.177] EVT 相位 L3 hover→descend
[  297.610] TLM t= 207.6 L1·A@-75 L2·A@-72 L3Dr@-- R1·A@-73 R2·A@-73 R3·A@-70 罐=无罐 泵=0 阀=110111 速=+0,+0,+0.00 电=7.99V/1.63A/峰2.04 补余=0.0 IO错=0 倾+0.0
[  297.660] EVT 相位 L3 descend→press
[  298.113] TLM t= 207.6 L1·A@-75 L2·A@-71 L3Pr@-- R1·A@-72 R2·A@-73 R3·A@-69 罐=无罐 泵=0 阀=110111 速=+0,+0,+0.00 电=7.99V/1.63A/峰2.04 补余=0.0 IO错=0 倾+0.0
[  298.636] TLM t= 207.6 L1·A@-75 L2·A@-70 L3Pr@-- R1·A@-72 R2·A@-72 R3·A@-68 罐=无罐 泵=0 阀=110111 速=+0,+0,+0.00 电=7.99V/1.55A/峰2.04 补余=0.0 IO错=0 倾+0.0
[  298.867] EVT 吸附 L3 released→pressing 在态3.98s 0.1kPa
[  298.867] EVT 相位 L3 press→wait
[  299.141] TLM t= 207.6 L1·A@-75 L2·A@-70 L3Wp@-- R1·A@-72 R2·A@-72 R3·A@-67 罐=无罐 泵=0 阀=110111 速=+0,+0,+0.00 电=7.99V/1.63A/峰2.04 补余=0.0 IO错=0 倾+0.0
[  299.167] EVT 吸附 L3 pressing→sucking 在态0.30s 0.1kPa
[  299.168] EVT 阀 L3 →抽气位
[  299.191] EVT 泵 开 最差盘压-66.5
[  299.443] EVT 吸附 L3 sucking→attached 在态0.28s -60.7kPa
[  299.446] EVT 相位 L3 wait→stance
[  299.446] EVT 抬落完成，轮到 R1
[  299.660] TLM t= 207.8 L1·A@-75 L2·A@-69 L3·A@-68 R1·A@-71 R2·A@-72 R3·A@-68 罐=无罐 泵=1 阀=111111 速=+0,+0,+0.00 电=7.98V/1.55A/峰2.04 补余=0.0 IO错=0 倾+0.0
[  300.154] EVT 泵 停 最差盘压-75.2
[  300.162] TLM t= 208.3 L1·A@-76 L2·A@-76 L3·A@-76 R1·A@-75 R2·A@-76 R3·A@-75 罐=无罐 泵=0 阀=111111 速=+0,+0,+0.00 电=8.00V/1.47A/峰2.04 补余=0.0 IO错=0 倾+0.0
[  300.681] TLM t= 208.8 L1·A@-76 L2·A@-76 L3·A@-76 R1·A@-75 R2·A@-75 R3·A@-76 罐=无罐 泵=0 阀=111111 速=+0,+0,+0.00 电=8.01V/1.47A/峰2.04 补余=0.0 IO错=0 倾+0.0
[  301.183] TLM t= 209.3 L1·A@-76 L2·A@-75 L3·A@-76 R1·A@-75 R2·A@-75 R3·A@-75 罐=无罐 泵=0 阀=111111 速=+0,+0,+0.00 电=8.00V/1.47A/峰2.04 补余=0.0 IO错=0 倾+0.0
[  301.704] TLM t= 209.8 L1·A@-76 L2·A@-74 L3·A@-75 R1·A@-74 R2·A@-75 R3·A@-74 罐=无罐 泵=0 阀=111111 速=+0,+0,+0.00 电=8.01V/1.55A/峰2.04 补余=0.0 IO错=0 倾+0.0
[  302.212] TLM t= 210.3 L1·A@-76 L2·A@-73 L3·A@-75 R1·A@-74 R2·A@-74 R3·A@-73 罐=无罐 泵=0 阀=111111 速=+0,+0,+0.00 电=8.01V/1.55A/峰2.04 补余=0.0 IO错=0 倾+0.0
[  302.727] TLM t= 210.9 L1·A@-75 L2·A@-73 L3·A@-75 R1·A@-74 R2·A@-74 R3·A@-72 罐=无罐 泵=0 阀=111111 速=+0,+0,+0.00 电=8.00V/1.55A/峰2.04 补余=0.0 IO错=0 倾+0.0
[  303.234] TLM t= 211.4 L1·A@-75 L2·A@-72 L3·A@-74 R1·A@-73 R2·A@-73 R3·A@-72 罐=无罐 泵=0 阀=111111 速=+0,+0,+0.00 电=8.02V/1.47A/峰2.04 补余=0.0 IO错=0 倾+0.0
[  303.751] TLM t= 211.9 L1·A@-75 L2·A@-71 L3·A@-74 R1·A@-73 R2·A@-73 R3·A@-71 罐=无罐 泵=0 阀=111111 速=+0,+0,+0.00 电=8.00V/1.55A/峰2.04 补余=0.0 IO错=0 倾+0.0
[  304.255] TLM t= 212.4 L1·A@-75 L2·A@-71 L3·A@-74 R1·A@-73 R2·A@-72 R3·A@-70 罐=无罐 泵=0 阀=111111 速=+0,+0,+0.00 电=8.02V/1.47A/峰2.04 补余=0.0 IO错=0 倾+0.0
[  304.776] TLM t= 212.9 L1·A@-75 L2·A@-70 L3·A@-74 R1·A@-72 R2·A@-72 R3·A@-69 罐=无罐 泵=0 阀=111111 速=+0,+0,+0.00 电=8.01V/1.47A/峰2.04 补余=0.0 IO错=0 倾+0.0
[  305.278] TLM t= 213.4 L1·A@-75 L2·A@-69 L3·A@-73 R1·A@-72 R2·A@-71 R3·A@-68 罐=无罐 泵=0 阀=111111 速=+0,+0,+0.00 电=8.01V/1.55A/峰2.04 补余=0.0 IO错=0 倾+0.0
[  305.797] TLM t= 213.9 L1·A@-75 L2·A@-68 L3·A@-73 R1·A@-71 R2·A@-71 R3·A@-67 罐=无罐 泵=0 阀=111111 速=+0,+0,+0.00 电=8.01V/1.55A/峰2.04 补余=0.0 IO错=0 倾+0.0
[  306.265] EVT 键 '4' 倾=+0.0待=+0.0
[  306.304] TLM t= 214.4 L1·A@-74 L2·A@-68 L3·A@-73 R1·A@-71 R2·A@-71 R3·A@-66 罐=无罐 泵=0 阀=111111 速=+0,+0,+0.00 电=8.01V/1.47A/峰2.04 补余=0.0 IO错=0 倾+0.0
[  306.821] TLM t= 214.9 L1·A@-74 L2·A@-67 L3·A@-73 R1·A@-71 R2·A@-70 R3·A@-65 罐=无罐 泵=0 阀=111111 速=+0,+0,+0.00 电=8.02V/1.47A/峰2.04 补余=0.0 IO错=0 倾+0.0
[  307.325] TLM t= 215.4 L1·A@-74 L2·A@-66 L3·A@-73 R1·A@-70 R2·A@-70 R3·A@-64 罐=无罐 泵=0 阀=111111 速=+0,+0,+0.00 电=8.00V/1.55A/峰2.04 补余=0.0 IO错=0 倾+0.0
[  307.488] EVT 原地抬起受理：R1
[  307.488] EVT 键 'i' 倾=+0.0待=+0.0
[  307.496] EVT 吸附 R1 attached→venting 在态88.18s -70.3kPa
[  307.496] EVT 相位 R1 stance→vent 落点Δ(+0.0,+0.0)
[  307.511] EVT 阀 R1 →排气位
[  307.795] EVT 相位 R1 vent→lift
[  307.847] TLM t= 218.8 L1·A@-74 L2·A@-65 L3·A@-72 R1Lv@-70 R2·A@-69 R3·A@-63 罐=无罐 泵=0 阀=111011 速=+0,+0,+0.00 电=7.98V/1.79A/峰2.04 补余=0.0 IO错=0 倾+0.0
[  307.939] EVT 吸附 R1 venting→released 在态0.44s -0.1kPa
[  308.356] TLM t= 219.0 L1·A@-74 L2·A@-65 L3·A@-72 R1Lr@-- R2·A@-69 R3·A@-61 罐=无罐 泵=0 阀=111011 速=+0,+0,+0.00 电=7.98V/1.95A/峰2.04 补余=0.0 IO错=0 倾+0.0
[  308.646] EVT 相位 R1 lift→transfer
[  308.767] EVT 泵 开 最差盘压-60.0
[  308.872] TLM t= 219.0 L1·A@-74 L2·A@-64 L3·A@-72 R1Tr@-- R2·A@-69 R3·A@-60 罐=无罐 泵=1 阀=111011 速=+0,+0,+0.00 电=7.90V/2.20A/峰2.20 补余=0.0 IO错=0 倾+0.0
[  309.261] EVT 相位 R1 transfer→hover
[  309.376] TLM t= 219.0 L1·A@-73 L2·A@-73 L3·A@-73 R1Hr@-- R2·A@-73 R3·A@-73 罐=无罐 泵=1 阀=111011 速=+0,+0,+0.00 电=7.97V/1.79A/峰2.20 补余=0.0 IO错=0 倾+0.0
[  309.609] EVT 泵 停 最差盘压-75.4
[  309.897] TLM t= 219.0 L1·A@-76 L2·A@-76 L3·A@-76 R1Hr@-- R2·A@-76 R3·A@-76 罐=无罐 泵=0 阀=111011 速=+0,+0,+0.00 电=7.98V/1.79A/峰2.20 补余=0.0 IO错=0 倾+0.0
[  310.303] EVT 落地：R1
[  310.303] EVT 键 'i' 倾=+0.0待=+0.0
[  310.309] EVT 相位 R1 hover→descend
[  310.398] TLM t= 219.0 L1·A@-76 L2·A@-75 L3·A@-76 R1Dr@-- R2·A@-75 R3·A@-74 罐=无罐 泵=0 阀=111011 速=+0,+0,+0.00 电=7.98V/1.71A/峰2.20 补余=0.0 IO错=0 倾+0.0
[  310.790] EVT 相位 R1 descend→press
[  310.918] TLM t= 219.0 L1·A@-76 L2·A@-74 L3·A@-76 R1Pr@-- R2·A@-75 R3·A@-73 罐=无罐 泵=0 阀=111011 速=+0,+0,+0.00 电=7.98V/1.79A/峰2.20 补余=0.0 IO错=0 倾+0.0
[  311.421] TLM t= 219.0 L1·A@-76 L2·A@-74 L3·A@-76 R1Pr@-- R2·A@-74 R3·A@-71 罐=无罐 泵=0 阀=111011 速=+0,+0,+0.00 电=7.98V/1.87A/峰2.20 补余=0.0 IO错=0 倾+0.0
[  311.941] TLM t= 219.0 L1·A@-75 L2·A@-73 L3·A@-75 R1Pr@-- R2·A@-74 R3·A@-70 罐=无罐 泵=0 阀=111011 速=+0,+0,+0.00 电=7.98V/1.87A/峰2.20 补余=0.0 IO错=0 倾+0.0
[  311.994] EVT 吸附 R1 released→pressing 在态4.04s -0.1kPa
[  311.994] EVT 相位 R1 press→wait
[  312.317] EVT 吸附 R1 pressing→sucking 在态0.32s -0.1kPa
[  312.317] EVT 阀 R1 →抽气位
[  312.332] EVT 泵 开 最差盘压-68.6
[  312.446] TLM t= 219.0 L1·A@-75 L2·A@-72 L3·A@-75 R1Ws@-44 R2·A@-73 R3·A@-68 罐=无罐 泵=1 阀=111111 速=+0,+0,+0.00 电=7.95V/1.87A/峰2.20 补余=0.0 IO错=0 倾+0.0
[  312.613] EVT 吸附 R1 sucking→attached 在态0.30s -64.6kPa
[  312.618] EVT 相位 R1 wait→stance
[  312.618] EVT 抬落完成，轮到 L2
[  312.966] TLM t= 219.3 L1·A@-75 L2·A@-75 L3·A@-75 R1·A@-74 R2·A@-74 R3·A@-73 罐=无罐 泵=1 阀=111111 速=+0,+0,+0.00 电=7.93V/1.87A/峰2.20 补余=0.0 IO错=0 倾+0.0
[  313.115] EVT 泵 停 最差盘压-75.4
[  313.471] TLM t= 219.8 L1·A@-76 L2·A@-76 L3·A@-76 R1·A@-76 R2·A@-76 R3·A@-75 罐=无罐 泵=0 阀=111111 速=+0,+0,+0.00 电=7.99V/1.71A/峰2.20 补余=0.0 IO错=0 倾+0.0
[  313.987] TLM t= 220.4 L1·A@-76 L2·A@-75 L3·A@-76 R1·A@-75 R2·A@-75 R3·A@-74 罐=无罐 泵=0 阀=111111 速=+0,+0,+0.00 电=7.99V/1.87A/峰2.20 补余=0.0 IO错=0 倾+0.0
[  314.493] TLM t= 220.9 L1·A@-76 L2·A@-75 L3·A@-76 R1·A@-75 R2·A@-75 R3·A@-72 罐=无罐 泵=0 阀=111111 速=+0,+0,+0.00 电=7.98V/1.79A/峰2.20 补余=0.0 IO错=0 倾+0.0
[  315.010] TLM t= 221.4 L1·A@-76 L2·A@-74 L3·A@-76 R1·A@-75 R2·A@-74 R3·A@-71 罐=无罐 泵=0 阀=111111 速=+0,+0,+0.00 电=7.99V/1.79A/峰2.20 补余=0.0 IO错=0 倾+0.0
[  315.516] TLM t= 221.9 L1·A@-75 L2·A@-73 L3·A@-76 R1·A@-75 R2·A@-74 R3·A@-69 罐=无罐 泵=0 阀=111111 速=+0,+0,+0.00 电=7.99V/1.71A/峰2.20 补余=0.0 IO错=0 倾+0.0
[  316.033] TLM t= 222.4 L1·A@-75 L2·A@-72 L3·A@-75 R1·A@-75 R2·A@-73 R3·A@-68 罐=无罐 泵=0 阀=111111 速=+0,+0,+0.00 电=7.99V/1.79A/峰2.20 补余=0.0 IO错=0 倾+0.0
[  316.538] TLM t= 222.9 L1·A@-75 L2·A@-72 L3·A@-75 R1·A@-75 R2·A@-73 R3·A@-67 罐=无罐 泵=0 阀=111111 速=+0,+0,+0.00 电=7.99V/1.79A/峰2.20 补余=0.0 IO错=0 倾+0.0
[  317.057] TLM t= 223.4 L1·A@-75 L2·A@-71 L3·A@-75 R1·A@-75 R2·A@-73 R3·A@-65 罐=无罐 泵=0 阀=111111 速=+0,+0,+0.00 电=8.00V/1.71A/峰2.20 补余=0.0 IO错=0 倾+0.0
[  317.561] TLM t= 223.9 L1·A@-75 L2·A@-70 L3·A@-75 R1·A@-75 R2·A@-72 R3·A@-64 罐=无罐 泵=0 阀=111111 速=+0,+0,+0.00 电=7.99V/1.79A/峰2.20 补余=0.0 IO错=0 倾+0.0
[  318.046] EVT 键 '2' 倾=+0.0待=+0.0
[  318.080] TLM t= 224.4 L1·A@-75 L2·A@-70 L3·A@-75 R1·A@-75 R2·A@-72 R3·A@-63 罐=无罐 泵=0 阀=111111 速=+0,+0,+0.00 电=7.99V/1.79A/峰2.20 补余=0.0 IO错=0 倾+0.0
[  318.586] TLM t= 224.9 L1·A@-74 L2·A@-69 L3·A@-75 R1·A@-74 R2·A@-71 R3·A@-61 罐=无罐 泵=0 阀=111111 速=+0,+0,+0.00 电=8.00V/1.71A/峰2.20 补余=0.0 IO错=0 倾+0.0
[  319.107] TLM t= 225.5 L1·A@-74 L2·A@-68 L3·A@-74 R1·A@-74 R2·A@-71 R3·A@-60 罐=无罐 泵=0 阀=111111 速=+0,+0,+0.00 电=8.00V/1.79A/峰2.20 补余=0.0 IO错=0 倾+0.0
[  319.241] EVT 泵 开 最差盘压-59.9
[  319.553] EVT 原地抬起受理：L2
[  319.553] EVT 键 'i' 倾=+0.0待=+0.0
[  319.556] EVT 吸附 L2 attached→venting 在态87.20s -70.2kPa
[  319.557] EVT 相位 L2 stance→vent 落点Δ(+0.0,+0.0)
[  319.576] EVT 阀 L2 →排气位
[  319.613] TLM t= 226.3 L1·A@-74 L2Vv@-70 L3·A@-74 R1·A@-74 R2·A@-71 R3·A@-71 罐=无罐 泵=1 阀=101111 速=+0,+0,+0.00 电=7.92V/1.95A/峰2.20 补余=0.0 IO错=0 倾+0.0
[  319.857] EVT 相位 L2 vent→lift
[  319.917] EVT 泵 停 最差盘压-75.3
[  319.979] EVT 吸附 L2 venting→released 在态0.42s 0.4kPa
[  320.125] TLM t= 226.8 L1·A@-76 L2Lr@-- L3·A@-76 R1·A@-76 R2·A@-76 R3·A@-76 罐=无罐 泵=0 阀=101111 速=+0,+0,+0.00 电=8.00V/1.79A/峰2.20 补余=0.0 IO错=0 倾+0.0
[  320.633] TLM t= 226.8 L1·A@-76 L2Lr@-- L3·A@-76 R1·A@-76 R2·A@-75 R3·A@-74 罐=无罐 泵=0 阀=101111 速=+0,+0,+0.00 电=7.98V/1.63A/峰2.20 补余=0.0 IO错=0 倾+0.0
[  320.700] EVT 相位 L2 lift→transfer
[  321.152] TLM t= 226.8 L1·A@-76 L2Tr@-- L3·A@-76 R1·A@-75 R2·A@-75 R3·A@-73 罐=无罐 泵=0 阀=101111 速=+0,+0,+0.00 电=7.99V/1.63A/峰2.20 补余=0.0 IO错=0 倾+0.0
[  321.321] EVT 相位 L2 transfer→hover
[  321.655] TLM t= 226.8 L1·A@-76 L2Hr@-- L3·A@-76 R1·A@-75 R2·A@-74 R3·A@-71 罐=无罐 泵=0 阀=101111 速=+0,+0,+0.00 电=8.01V/1.55A/峰2.20 补余=0.0 IO错=0 倾+0.0
[  322.160] EVT 落地：L2
[  322.165] EVT 键 'i' 倾=+0.0待=+0.0
[  322.169] EVT 相位 L2 hover→descend
[  322.177] TLM t= 226.8 L1·A@-75 L2Dr@-- L3·A@-75 R1·A@-75 R2·A@-74 R3·A@-70 罐=无罐 泵=0 阀=101111 速=+0,+0,+0.00 电=7.99V/1.47A/峰2.20 补余=0.0 IO错=0 倾+0.0
[  322.645] EVT 相位 L2 descend→press
[  322.681] TLM t= 226.8 L1·A@-75 L2Pr@-- L3·A@-75 R1·A@-75 R2·A@-73 R3·A@-68 罐=无罐 泵=0 阀=101111 速=+0,+0,+0.00 电=7.99V/1.63A/峰2.20 补余=0.0 IO错=0 倾+0.0
[  323.193] TLM t= 226.8 L1·A@-75 L2Pr@-- L3·A@-75 R1·A@-75 R2·A@-73 R3·A@-67 罐=无罐 泵=0 阀=101111 速=+0,+0,+0.00 电=7.99V/1.63A/峰2.20 补余=0.0 IO错=0 倾+0.0
[  323.700] TLM t= 226.8 L1·A@-75 L2Pr@-- L3·A@-75 R1·A@-75 R2·A@-73 R3·A@-65 罐=无罐 泵=0 阀=101111 速=+0,+0,+0.00 电=7.98V/1.63A/峰2.20 补余=0.0 IO错=0 倾+0.0
[  323.848] EVT 吸附 L2 released→pressing 在态3.86s 0.4kPa
[  323.848] EVT 相位 L2 press→wait
[  324.174] EVT 吸附 L2 pressing→sucking 在态0.32s 0.4kPa
[  324.174] EVT 阀 L2 →抽气位
[  324.192] EVT 泵 开 最差盘压-64.0
[  324.219] TLM t= 226.8 L1·A@-75 L2Ws@0 L3·A@-75 R1·A@-75 R2·A@-72 R3·A@-64 罐=无罐 泵=1 阀=111111 速=+0,+0,+0.00 电=7.86V/1.71A/峰2.20 补余=0.0 IO错=0 倾+0.0
[  324.467] EVT 吸附 L2 sucking→attached 在态0.30s -62.9kPa
[  324.475] EVT 相位 L2 wait→stance
[  324.475] EVT 抬落完成，轮到 R3
[  324.723] TLM t= 227.0 L1·A@-74 L2·A@-71 L3·A@-75 R1·A@-75 R2·A@-72 R3·A@-71 罐=无罐 泵=1 阀=111111 速=+0,+0,+0.00 电=7.96V/1.63A/峰2.20 补余=0.0 IO错=0 倾+0.0
[  325.034] EVT 泵 停 最差盘压-75.2
[  325.242] TLM t= 227.6 L1·A@-76 L2·A@-76 L3·A@-76 R1·A@-76 R2·A@-76 R3·A@-76 罐=无罐 泵=0 阀=111111 速=+0,+0,+0.00 电=8.00V/1.63A/峰2.20 补余=0.0 IO错=0 倾+0.0
[  325.753] TLM t= 228.1 L1·A@-76 L2·A@-76 L3·A@-76 R1·A@-76 R2·A@-75 R3·A@-74 罐=无罐 泵=0 阀=111111 速=+0,+0,+0.00 电=8.00V/1.63A/峰2.20 补余=0.0 IO错=0 倾+0.0
[  326.252] TLM t= 228.6 L1·A@-76 L2·A@-75 L3·A@-76 R1·A@-75 R2·A@-75 R3·A@-73 罐=无罐 泵=0 阀=111111 速=+0,+0,+0.00 电=8.00V/1.55A/峰2.20 补余=0.0 IO错=0 倾+0.0
[  326.752] TLM t= 229.1 L1·A@-76 L2·A@-74 L3·A@-76 R1·A@-75 R2·A@-74 R3·A@-71 罐=无罐 泵=0 阀=111111 速=+0,+0,+0.00 电=8.00V/1.55A/峰2.20 补余=0.0 IO错=0 倾+0.0
[  327.256] TLM t= 229.6 L1·A@-75 L2·A@-73 L3·A@-75 R1·A@-75 R2·A@-74 R3·A@-70 罐=无罐 泵=0 阀=111111 速=+0,+0,+0.00 电=8.00V/1.55A/峰2.20 补余=0.0 IO错=0 倾+0.0
[  327.773] TLM t= 230.1 L1·A@-75 L2·A@-73 L3·A@-75 R1·A@-75 R2·A@-74 R3·A@-68 罐=无罐 泵=0 阀=111111 速=+0,+0,+0.00 电=8.00V/1.55A/峰2.20 补余=0.0 IO错=0 倾+0.0
[  328.281] TLM t= 230.6 L1·A@-75 L2·A@-72 L3·A@-75 R1·A@-75 R2·A@-73 R3·A@-67 罐=无罐 泵=0 阀=111111 速=+0,+0,+0.00 电=8.00V/1.55A/峰2.20 补余=0.0 IO错=0 倾+0.0
[  328.783] TLM t= 231.1 L1·A@-75 L2·A@-72 L3·A@-75 R1·A@-75 R2·A@-73 R3·A@-65 罐=无罐 泵=0 阀=111111 速=+0,+0,+0.00 电=7.99V/1.63A/峰2.20 补余=0.0 IO错=0 倾+0.0
[  329.303] TLM t= 231.6 L1·A@-75 L2·A@-71 L3·A@-75 R1·A@-75 R2·A@-72 R3·A@-64 罐=无罐 泵=0 阀=111111 速=+0,+0,+0.00 电=8.00V/1.55A/峰2.20 补余=0.0 IO错=0 倾+0.0
[  329.809] TLM t= 232.1 L1·A@-75 L2·A@-70 L3·A@-75 R1·A@-75 R2·A@-72 R3·A@-62 罐=无罐 泵=0 阀=111111 速=+0,+0,+0.00 电=8.01V/1.63A/峰2.20 补余=0.0 IO错=0 倾+0.0
[  330.330] TLM t= 232.6 L1·A@-74 L2·A@-70 L3·A@-74 R1·A@-75 R2·A@-71 R3·A@-61 罐=无罐 泵=0 阀=111111 速=+0,+0,+0.00 电=7.99V/1.55A/峰2.20 补余=0.0 IO错=0 倾+0.0
[  330.684] EVT 泵 开 最差盘压-59.9
[  330.831] TLM t= 233.1 L1·A@-74 L2·A@-69 L3·A@-74 R1·A@-75 R2·A@-71 R3·A@-63 罐=无罐 泵=1 阀=111111 速=+0,+0,+0.00 电=7.98V/1.63A/峰2.20 补余=0.0 IO错=0 倾+0.0
[  331.356] TLM t= 233.6 L1·A@-75 L2·A@-76 L3·A@-76 R1·A@-75 R2·A@-76 R3·A@-75 罐=无罐 泵=1 阀=111111 速=+0,+0,+0.00 电=7.96V/1.63A/峰2.20 补余=0.0 IO错=0 倾+0.0
[  331.366] EVT 泵 停 最差盘压-75.1
[  331.857] TLM t= 234.1 L1·A@-76 L2·A@-76 L3·A@-76 R1·A@-76 R2·A@-76 R3·A@-75 罐=无罐 泵=0 阀=111111 速=+0,+0,+0.00 电=8.00V/1.55A/峰2.20 补余=0.0 IO错=0 倾+0.0
[  332.381] TLM t= 234.7 L1·A@-76 L2·A@-75 L3·A@-76 R1·A@-76 R2·A@-75 R3·A@-73 罐=无罐 泵=0 阀=111111 速=+0,+0,+0.00 电=8.00V/1.47A/峰2.20 补余=0.0 IO错=0 倾+0.0
[  332.884] TLM t= 235.2 L1·A@-76 L2·A@-75 L3·A@-76 R1·A@-75 R2·A@-75 R3·A@-72 罐=无罐 泵=0 阀=111111 速=+0,+0,+0.00 电=8.01V/1.55A/峰2.20 补余=0.0 IO错=0 倾+0.0
[  333.409] TLM t= 235.7 L1·A@-76 L2·A@-74 L3·A@-76 R1·A@-75 R2·A@-74 R3·A@-70 罐=无罐 泵=0 阀=111111 速=+0,+0,+0.00 电=8.00V/1.63A/峰2.20 补余=0.0 IO错=0 倾+0.0
[  333.913] TLM t= 236.2 L1·A@-75 L2·A@-73 L3·A@-75 R1·A@-75 R2·A@-74 R3·A@-69 罐=无罐 泵=0 阀=111111 速=+0,+0,+0.00 电=8.00V/1.47A/峰2.20 补余=0.0 IO错=0 倾+0.0
[  334.436] TLM t= 236.7 L1·A@-75 L2·A@-73 L3·A@-75 R1·A@-75 R2·A@-73 R3·A@-67 罐=无罐 泵=0 阀=111111 速=+0,+0,+0.00 电=8.00V/1.55A/峰2.20 补余=0.0 IO错=0 倾+0.0
[  334.946] TLM t= 237.2 L1·A@-75 L2·A@-72 L3·A@-75 R1·A@-75 R2·A@-73 R3·A@-66 罐=无罐 泵=0 阀=111111 速=+0,+0,+0.00 电=7.99V/1.55A/峰2.20 补余=0.0 IO错=0 倾+0.0
[  335.464] TLM t= 237.7 L1·A@-75 L2·A@-72 L3·A@-75 R1·A@-75 R2·A@-72 R3·A@-64 罐=无罐 泵=0 阀=111111 速=+0,+0,+0.00 电=7.99V/1.55A/峰2.20 补余=0.0 IO错=0 倾+0.0
[  335.971] TLM t= 238.2 L1·A@-75 L2·A@-71 L3·A@-75 R1·A@-75 R2·A@-72 R3·A@-63 罐=无罐 泵=0 阀=111111 速=+0,+0,+0.00 电=7.99V/1.55A/峰2.20 补余=0.0 IO错=0 倾+0.0
[  336.493] TLM t= 238.7 L1·A@-75 L2·A@-70 L3·A@-74 R1·A@-75 R2·A@-72 R3·A@-61 罐=无罐 泵=0 阀=111111 速=+0,+0,+0.00 电=8.00V/1.63A/峰2.20 补余=0.0 IO错=0 倾+0.0
[  336.994] TLM t= 239.2 L1·A@-74 L2·A@-70 L3·A@-74 R1·A@-75 R2·A@-71 R3·A@-60 罐=无罐 泵=0 阀=111111 速=+0,+0,+0.00 电=8.01V/1.55A/峰2.20 补余=0.0 IO错=0 倾+0.0
[  337.027] EVT 泵 开 最差盘压-59.9
[  337.517] TLM t= 239.8 L1·A@-74 L2·A@-74 L3·A@-74 R1·A@-75 R2·A@-74 R3·A@-73 罐=无罐 泵=1 阀=111111 速=+0,+0,+0.00 电=7.97V/1.47A/峰2.20 补余=0.0 IO错=0 倾+0.0
[  337.711] EVT 泵 停 最差盘压-75.3
[  338.022] TLM t= 240.3 L1·A@-76 L2·A@-76 L3·A@-76 R1·A@-76 R2·A@-76 R3·A@-76 罐=无罐 泵=0 阀=111111 速=+0,+0,+0.00 电=8.00V/1.55A/峰2.20 补余=0.0 IO错=0 倾+0.0
[  338.541] TLM t= 240.8 L1·A@-76 L2·A@-76 L3·A@-76 R1·A@-76 R2·A@-75 R3·A@-74 罐=无罐 泵=0 阀=111111 速=+0,+0,+0.00 电=7.99V/1.47A/峰2.20 补余=0.0 IO错=0 倾+0.0
[  339.044] TLM t= 241.3 L1·A@-76 L2·A@-75 L3·A@-76 R1·A@-76 R2·A@-75 R3·A@-72 罐=无罐 泵=0 阀=111111 速=+0,+0,+0.00 电=8.00V/1.63A/峰2.20 补余=0.0 IO错=0 倾+0.0
[  339.564] TLM t= 241.8 L1·A@-76 L2·A@-74 L3·A@-76 R1·A@-75 R2·A@-74 R3·A@-71 罐=无罐 泵=0 阀=111111 速=+0,+0,+0.00 电=8.00V/1.63A/峰2.20 补余=0.0 IO错=0 倾+0.0
[  340.067] TLM t= 242.3 L1·A@-75 L2·A@-74 L3·A@-76 R1·A@-75 R2·A@-74 R3·A@-69 罐=无罐 泵=0 阀=111111 速=+0,+0,+0.00 电=8.00V/1.55A/峰2.20 补余=0.0 IO错=0 倾+0.0
[  340.591] TLM t= 242.8 L1·A@-75 L2·A@-73 L3·A@-75 R1·A@-75 R2·A@-73 R3·A@-68 罐=无罐 泵=0 阀=111111 速=+0,+0,+0.00 电=8.01V/1.55A/峰2.20 补余=0.0 IO错=0 倾+0.0
[  341.095] TLM t= 243.3 L1·A@-75 L2·A@-72 L3·A@-75 R1·A@-75 R2·A@-73 R3·A@-66 罐=无罐 泵=0 阀=111111 速=+0,+0,+0.00 电=8.00V/1.63A/峰2.20 补余=0.0 IO错=0 倾+0.0
[  341.619] TLM t= 243.8 L1·A@-75 L2·A@-72 L3·A@-75 R1·A@-75 R2·A@-73 R3·A@-65 罐=无罐 泵=0 阀=111111 速=+0,+0,+0.00 电=8.00V/1.55A/峰2.20 补余=0.0 IO错=0 倾+0.0
[  342.121] TLM t= 244.3 L1·A@-75 L2·A@-71 L3·A@-75 R1·A@-75 R2·A@-72 R3·A@-64 罐=无罐 泵=0 阀=111111 速=+0,+0,+0.00 电=8.01V/1.55A/峰2.20 补余=0.0 IO错=0 倾+0.0
[  342.645] TLM t= 244.9 L1·A@-75 L2·A@-71 L3·A@-75 R1·A@-75 R2·A@-72 R3·A@-62 罐=无罐 泵=0 阀=111111 速=+0,+0,+0.00 电=8.00V/1.55A/峰2.20 补余=0.0 IO错=0 倾+0.0
[  343.150] TLM t= 245.4 L1·A@-75 L2·A@-70 L3·A@-74 R1·A@-75 R2·A@-71 R3·A@-61 罐=无罐 泵=0 阀=111111 速=+0,+0,+0.00 电=8.00V/1.63A/峰2.20 补余=0.0 IO错=0 倾+0.0
[  343.360] EVT 泵 开 最差盘压-59.9
[  343.670] TLM t= 245.9 L1·A@-74 L2·A@-70 L3·A@-74 R1·A@-75 R2·A@-71 R3·A@-70 罐=无罐 泵=1 阀=111111 速=+0,+0,+0.00 电=7.97V/1.55A/峰2.20 补余=0.0 IO错=0 倾+0.0
[  344.044] EVT 泵 停 最差盘压-75.2
[  344.171] TLM t= 246.4 L1·A@-76 L2·A@-77 L3·A@-76 R1·A@-76 R2·A@-76 R3·A@-76 罐=无罐 泵=0 阀=111111 速=+0,+0,+0.00 电=8.00V/1.71A/峰2.20 补余=0.0 IO错=0 倾+0.0
[  344.696] TLM t= 246.9 L1·A@-76 L2·A@-76 L3·A@-76 R1·A@-76 R2·A@-75 R3·A@-74 罐=无罐 泵=0 阀=111111 速=+0,+0,+0.00 电=8.01V/1.38A/峰2.20 补余=0.0 IO错=0 倾+0.0
[  345.204] TLM t= 247.4 L1·A@-76 L2·A@-75 L3·A@-76 R1·A@-76 R2·A@-75 R3·A@-73 罐=无罐 泵=0 阀=111111 速=+0,+0,+0.00 电=7.99V/1.79A/峰2.20 补余=0.0 IO错=0 倾+0.0
[  345.721] TLM t= 247.9 L1·A@-76 L2·A@-75 L3·A@-76 R1·A@-76 R2·A@-74 R3·A@-71 罐=无罐 泵=0 阀=111111 速=+0,+0,+0.00 电=8.00V/1.63A/峰2.20 补余=0.0 IO错=0 倾+0.0
[  346.230] TLM t= 248.4 L1·A@-76 L2·A@-74 L3·A@-76 R1·A@-75 R2·A@-74 R3·A@-70 罐=无罐 泵=0 阀=111111 速=+0,+0,+0.00 电=8.00V/1.71A/峰2.20 补余=0.0 IO错=0 倾+0.0
[  346.749] TLM t= 248.9 L1·A@-75 L2·A@-73 L3·A@-75 R1·A@-75 R2·A@-74 R3·A@-68 罐=无罐 泵=0 阀=111111 速=+0,+0,+0.00 电=8.00V/1.63A/峰2.20 补余=0.0 IO错=0 倾+0.0
[  347.252] TLM t= 249.4 L1·A@-75 L2·A@-73 L3·A@-75 R1·A@-75 R2·A@-73 R3·A@-67 罐=无罐 泵=0 阀=111111 速=+0,+0,+0.00 电=8.00V/1.55A/峰2.20 补余=0.0 IO错=0 倾+0.0
[  347.775] TLM t= 250.0 L1·A@-75 L2·A@-72 L3·A@-75 R1·A@-75 R2·A@-73 R3·A@-65 罐=无罐 泵=0 阀=111111 速=+0,+0,+0.00 电=8.00V/1.55A/峰2.20 补余=0.0 IO错=0 倾+0.0
[  348.277] TLM t= 250.5 L1·A@-75 L2·A@-72 L3·A@-75 R1·A@-75 R2·A@-72 R3·A@-64 罐=无罐 泵=0 阀=111111 速=+0,+0,+0.00 电=8.00V/1.55A/峰2.20 补余=0.0 IO错=0 倾+0.0
[  348.799] TLM t= 251.0 L1·A@-75 L2·A@-71 L3·A@-75 R1·A@-75 R2·A@-72 R3·A@-62 罐=无罐 泵=0 阀=111111 速=+0,+0,+0.00 电=8.00V/1.55A/峰2.20 补余=0.0 IO错=0 倾+0.0
[  348.904] EVT 键 'o' 倾=+0.0待=+0.0
[  349.285] EVT 取机窗口：停泵 → 逐足串行排气（0.2s 间隔）→ 六足舵机撑住（泵禁开）
[  349.300] TLM t= 251.5 L1·A@-75 L2·A@-70 L3·A@-75 R1·A@-75 R2·A@-71 R3·A@-61 罐=无罐 泵=0 阀=111111 速=+0,+0,+0.00 电=8.00V/1.55A/峰2.20 补余=0.0 IO错=0 取机放气
[  349.707] EVT 吸附 L1 attached→venting 在态80.58s -74.5kPa
[  349.715] EVT 阀 L1 →排气位
[  349.799] TLM t= 251.5 L1·v@-74 L2·A@-70 L3·A@-74 R1·A@-75 R2·A@-71 R3·A@-60 罐=无罐 泵=0 阀=011111 速=+0,+0,+0.00 电=7.98V/1.47A/峰2.20 补余=0.0 IO错=0 取机放气
[  349.977] EVT 吸附 L2 attached→venting 在态25.16s -69.5kPa
[  349.990] EVT 阀 L2 →排气位
[  350.234] EVT 吸附 L3 attached→venting 在态50.30s -74.3kPa
[  350.236] EVT 吸附 L1 venting→released 在态0.42s 0.1kPa
[  350.241] EVT 阀 L3 →排气位
[  350.315] TLM t= 251.5 L1·r@-- L2·v@-69 L3·v@-74 R1·A@-75 R2·A@-70 R3·A@-59 罐=无罐 泵=0 阀=000111 速=+0,+0,+0.00 电=7.95V/1.79A/峰2.20 补余=0.0 IO错=0 取机放气
[  350.471] EVT 吸附 R1 attached→venting 在态37.38s -74.8kPa
[  350.473] EVT 吸附 L2 venting→released 在态0.42s 0.4kPa
[  350.473] EVT 阀 R1 →排气位
[  350.689] EVT 吸附 R2 attached→venting 在态66.42s -70.7kPa
[  350.692] EVT 吸附 L3 venting→released 在态0.42s 0.1kPa
[  350.694] EVT 阀 R2 →排气位
[  350.829] TLM t= 251.5 L1·r@-- L2·r@-- L3·r@-- R1·v@-75 R2·v@-71 R3·A@-58 罐=无罐 泵=0 阀=000001 速=+0,+0,+0.00 电=7.97V/0.98A/峰2.20 补余=0.0 IO错=0 取机放气
[  350.912] EVT 吸附 R3 attached→venting 在态95.88s -57.5kPa
[  350.914] EVT 吸附 R1 venting→released 在态0.42s -0.1kPa
[  350.914] EVT 阀 R3 →排气位
[  351.115] EVT 键 'o' 倾=+0.0待=+0.0（已放开）
[  351.125] EVT 吸附 R2 venting→released 在态0.42s 0.0kPa
[  351.126] EVT ⚠ 主环卡顿 1841ms（目标 20ms）
[  351.309] EVT 吸附 R3 venting→released 在态0.42s 0.2kPa
[  351.336] TLM t= 251.7 L1·r@-- L2·r@-- L3·r@-- R1·r@-- R2·r@-- R3·r@-- 罐=无罐 泵=0 阀=000000 速=+0,+0,+0.00 电=7.96V/0.73A/峰2.20 补余=0.0 IO错=0 倾+0.0 已放开
[  351.839] TLM t= 252.2 L1·r@-- L2·r@-- L3·r@-- R1·r@-- R2·r@-- R3·r@-- 罐=无罐 泵=0 阀=000000 速=+0,+0,+0.00 电=7.96V/0.73A/峰2.20 补余=0.0 IO错=0 倾+0.0 已放开
[  352.341] TLM t= 252.7 L1·r@-- L2·r@-- L3·r@-- R1·r@-- R2·r@-- R3·r@-- 罐=无罐 泵=0 阀=000000 速=+0,+0,+0.00 电=7.96V/0.65A/峰2.20 补余=0.0 IO错=0 倾+0.0 已放开
[  352.840] TLM t= 253.2 L1·r@-- L2·r@-- L3·r@-- R1·r@-- R2·r@-- R3·r@-- 罐=无罐 泵=0 阀=000000 速=+0,+0,+0.00 电=7.97V/0.57A/峰2.20 补余=0.0 IO错=0 倾+0.0 已放开
[  353.343] TLM t= 253.7 L1·r@-- L2·r@-- L3·r@-- R1·r@-- R2·r@-- R3·r@-- 罐=无罐 泵=0 阀=000000 速=+0,+0,+0.00 电=7.98V/0.65A/峰2.20 补余=0.0 IO错=0 倾+0.0 已放开
[  353.842] TLM t= 254.2 L1·r@-- L2·r@-- L3·r@-- R1·r@-- R2·r@-- R3·r@-- 罐=无罐 泵=0 阀=000000 速=+0,+0,+0.00 电=7.97V/0.65A/峰2.20 补余=0.0 IO错=0 倾+0.0 已放开
[  354.343] TLM t= 254.7 L1·r@-- L2·r@-- L3·r@-- R1·r@-- R2·r@-- R3·r@-- 罐=无罐 泵=0 阀=000000 速=+0,+0,+0.00 电=7.97V/0.65A/峰2.20 补余=0.0 IO错=0 倾+0.0 已放开
[  354.844] TLM t= 255.2 L1·r@-- L2·r@-- L3·r@-- R1·r@-- R2·r@-- R3·r@-- 罐=无罐 泵=0 阀=000000 速=+0,+0,+0.00 电=7.97V/0.73A/峰2.20 补余=0.0 IO错=0 倾+0.0 已放开
[  355.345] TLM t= 255.7 L1·r@-- L2·r@-- L3·r@-- R1·r@-- R2·r@-- R3·r@-- 罐=无罐 泵=0 阀=000000 速=+0,+0,+0.00 电=7.97V/0.65A/峰2.20 补余=0.0 IO错=0 倾+0.0 已放开
[  355.849] TLM t= 256.2 L1·r@-- L2·r@-- L3·r@-- R1·r@-- R2·r@-- R3·r@-- 罐=无罐 泵=0 阀=000000 速=+0,+0,+0.00 电=7.96V/0.73A/峰2.20 补余=0.0 IO错=0 倾+0.0 已放开
[  356.349] TLM t= 256.7 L1·r@-- L2·r@-- L3·r@-- R1·r@-- R2·r@-- R3·r@-- 罐=无罐 泵=0 阀=000000 速=+0,+0,+0.00 电=7.96V/0.65A/峰2.20 补余=0.0 IO错=0 倾+0.0 已放开
[  356.854] TLM t= 257.2 L1·r@-- L2·r@-- L3·r@-- R1·r@-- R2·r@-- R3·r@-- 罐=无罐 泵=0 阀=000000 速=+0,+0,+0.00 电=7.96V/0.73A/峰2.20 补余=0.0 IO错=0 倾+0.0 已放开
[  357.353] TLM t= 257.7 L1·r@-- L2·r@-- L3·r@-- R1·r@-- R2·r@-- R3·r@-- 罐=无罐 泵=0 阀=000000 速=+0,+0,+0.00 电=7.97V/0.49A/峰2.20 补余=0.0 IO错=0 倾+0.0 已放开
[  357.856] TLM t= 258.2 L1·r@-- L2·r@-- L3·r@-- R1·r@-- R2·r@-- R3·r@-- 罐=无罐 泵=0 阀=000000 速=+0,+0,+0.00 电=7.98V/0.33A/峰2.20 补余=0.0 IO错=0 倾+0.0 已放开
[  358.354] TLM t= 258.7 L1·r@-- L2·r@-- L3·r@-- R1·r@-- R2·r@-- R3·r@-- 罐=无罐 泵=0 阀=000000 速=+0,+0,+0.00 电=7.97V/0.65A/峰2.20 补余=0.0 IO错=0 倾+0.0 已放开
[  358.855] TLM t= 259.2 L1·r@-- L2·r@-- L3·r@-- R1·r@-- R2·r@-- R3·r@-- 罐=无罐 泵=0 阀=000000 速=+0,+0,+0.00 电=7.97V/0.65A/峰2.20 补余=0.0 IO错=0 倾+0.0 已放开
[  359.359] TLM t= 259.7 L1·r@-- L2·r@-- L3·r@-- R1·r@-- R2·r@-- R3·r@-- 罐=无罐 泵=0 阀=000000 速=+0,+0,+0.00 电=7.96V/0.65A/峰2.20 补余=0.0 IO错=0 倾+0.0 已放开
[  359.858] TLM t= 260.2 L1·r@-- L2·r@-- L3·r@-- R1·r@-- R2·r@-- R3·r@-- 罐=无罐 泵=0 阀=000000 速=+0,+0,+0.00 电=7.96V/0.73A/峰2.20 补余=0.0 IO错=0 倾+0.0 已放开
[  360.361] TLM t= 260.7 L1·r@-- L2·r@-- L3·r@-- R1·r@-- R2·r@-- R3·r@-- 罐=无罐 泵=0 阀=000000 速=+0,+0,+0.00 电=7.97V/0.65A/峰2.20 补余=0.0 IO错=0 倾+0.0 已放开
[  360.865] TLM t= 261.2 L1·r@-- L2·r@-- L3·r@-- R1·r@-- R2·r@-- R3·r@-- 罐=无罐 泵=0 阀=000000 速=+0,+0,+0.00 电=7.98V/0.49A/峰2.20 补余=0.0 IO错=0 倾+0.0 已放开
[  361.366] TLM t= 261.7 L1·r@-- L2·r@-- L3·r@-- R1·r@-- R2·r@-- R3·r@-- 罐=无罐 泵=0 阀=000000 速=+0,+0,+0.00 电=7.97V/0.57A/峰2.20 补余=0.0 IO错=0 倾+0.0 已放开
[  361.865] TLM t= 262.2 L1·r@-- L2·r@-- L3·r@-- R1·r@-- R2·r@-- R3·r@-- 罐=无罐 泵=0 阀=000000 速=+0,+0,+0.00 电=7.98V/0.49A/峰2.20 补余=0.0 IO错=0 倾+0.0 已放开
[  362.366] TLM t= 262.7 L1·r@-- L2·r@-- L3·r@-- R1·r@-- R2·r@-- R3·r@-- 罐=无罐 泵=0 阀=000000 速=+0,+0,+0.00 电=7.97V/0.73A/峰2.20 补余=0.0 IO错=0 倾+0.0 已放开
[  362.867] TLM t= 263.2 L1·r@-- L2·r@-- L3·r@-- R1·r@-- R2·r@-- R3·r@-- 罐=无罐 泵=0 阀=000000 速=+0,+0,+0.00 电=7.96V/0.65A/峰2.20 补余=0.0 IO错=0 倾+0.0 已放开
[  363.372] TLM t= 263.7 L1·r@-- L2·r@-- L3·r@-- R1·r@-- R2·r@-- R3·r@-- 罐=无罐 泵=0 阀=000000 速=+0,+0,+0.00 电=7.97V/0.73A/峰2.20 补余=0.0 IO错=0 倾+0.0 已放开
[  363.869] TLM t= 264.2 L1·r@-- L2·r@-- L3·r@-- R1·r@-- R2·r@-- R3·r@-- 罐=无罐 泵=0 阀=000000 速=+0,+0,+0.00 电=7.96V/0.65A/峰2.20 补余=0.0 IO错=0 倾+0.0 已放开
[  364.373] TLM t= 264.7 L1·r@-- L2·r@-- L3·r@-- R1·r@-- R2·r@-- R3·r@-- 罐=无罐 泵=0 阀=000000 速=+0,+0,+0.00 电=7.97V/0.65A/峰2.20 补余=0.0 IO错=0 倾+0.0 已放开
[  364.874] TLM t= 265.2 L1·r@-- L2·r@-- L3·r@-- R1·r@-- R2·r@-- R3·r@-- 罐=无罐 泵=0 阀=000000 速=+0,+0,+0.00 电=7.97V/0.73A/峰2.20 补余=0.0 IO错=0 倾+0.0 已放开
[  365.375] TLM t= 265.7 L1·r@-- L2·r@-- L3·r@-- R1·r@-- R2·r@-- R3·r@-- 罐=无罐 泵=0 阀=000000 速=+0,+0,+0.00 电=7.96V/0.65A/峰2.20 补余=0.0 IO错=0 倾+0.0 已放开
[  365.877] TLM t= 266.2 L1·r@-- L2·r@-- L3·r@-- R1·r@-- R2·r@-- R3·r@-- 罐=无罐 泵=0 阀=000000 速=+0,+0,+0.00 电=7.97V/0.65A/峰2.20 补余=0.0 IO错=0 倾+0.0 已放开
[  366.376] TLM t= 266.7 L1·r@-- L2·r@-- L3·r@-- R1·r@-- R2·r@-- R3·r@-- 罐=无罐 泵=0 阀=000000 速=+0,+0,+0.00 电=7.97V/0.65A/峰2.20 补余=0.0 IO错=0 倾+0.0 已放开
[  366.878] TLM t= 267.2 L1·r@-- L2·r@-- L3·r@-- R1·r@-- R2·r@-- R3·r@-- 罐=无罐 泵=0 阀=000000 速=+0,+0,+0.00 电=7.97V/0.65A/峰2.20 补余=0.0 IO错=0 倾+0.0 已放开
[  367.380] TLM t= 267.7 L1·r@-- L2·r@-- L3·r@-- R1·r@-- R2·r@-- R3·r@-- 罐=无罐 泵=0 阀=000000 速=+0,+0,+0.00 电=7.96V/0.65A/峰2.20 补余=0.0 IO错=0 倾+0.0 已放开
[  367.881] TLM t= 268.2 L1·r@-- L2·r@-- L3·r@-- R1·r@-- R2·r@-- R3·r@-- 罐=无罐 泵=0 阀=000000 速=+0,+0,+0.00 电=7.96V/0.65A/峰2.20 补余=0.0 IO错=0 倾+0.0 已放开
[  368.386] TLM t= 268.7 L1·r@-- L2·r@-- L3·r@-- R1·r@-- R2·r@-- R3·r@-- 罐=无罐 泵=0 阀=000000 速=+0,+0,+0.00 电=7.96V/0.65A/峰2.20 补余=0.0 IO错=0 倾+0.0 已放开
[  368.887] TLM t= 269.2 L1·r@-- L2·r@-- L3·r@-- R1·r@-- R2·r@-- R3·r@-- 罐=无罐 泵=0 阀=000000 速=+0,+0,+0.00 电=7.96V/0.73A/峰2.20 补余=0.0 IO错=0 倾+0.0 已放开
[  369.388] TLM t= 269.7 L1·r@-- L2·r@-- L3·r@-- R1·r@-- R2·r@-- R3·r@-- 罐=无罐 泵=0 阀=000000 速=+0,+0,+0.00 电=7.96V/0.65A/峰2.20 补余=0.0 IO错=0 倾+0.0 已放开
[  369.888] TLM t= 270.2 L1·r@-- L2·r@-- L3·r@-- R1·r@-- R2·r@-- R3·r@-- 罐=无罐 泵=0 阀=000000 速=+0,+0,+0.00 电=7.96V/0.65A/峰2.20 补余=0.0 IO错=0 倾+0.0 已放开
[  370.389] TLM t= 270.7 L1·r@-- L2·r@-- L3·r@-- R1·r@-- R2·r@-- R3·r@-- 罐=无罐 泵=0 阀=000000 速=+0,+0,+0.00 电=7.97V/0.73A/峰2.20 补余=0.0 IO错=0 倾+0.0 已放开
[  370.889] TLM t= 271.2 L1·r@-- L2·r@-- L3·r@-- R1·r@-- R2·r@-- R3·r@-- 罐=无罐 泵=0 阀=000000 速=+0,+0,+0.00 电=7.97V/0.65A/峰2.20 补余=0.0 IO错=0 倾+0.0 已放开
[  371.391] TLM t= 271.7 L1·r@-- L2·r@-- L3·r@-- R1·r@-- R2·r@-- R3·r@-- 罐=无罐 泵=0 阀=000000 速=+0,+0,+0.00 电=7.96V/0.65A/峰2.20 补余=0.0 IO错=0 倾+0.0 已放开
[  371.893] TLM t= 272.2 L1·r@-- L2·r@-- L3·r@-- R1·r@-- R2·r@-- R3·r@-- 罐=无罐 泵=0 阀=000000 速=+0,+0,+0.00 电=7.97V/0.73A/峰2.20 补余=0.0 IO错=0 倾+0.0 已放开
[  372.395] TLM t= 272.7 L1·r@-- L2·r@-- L3·r@-- R1·r@-- R2·r@-- R3·r@-- 罐=无罐 泵=0 阀=000000 速=+0,+0,+0.00 电=7.96V/0.65A/峰2.20 补余=0.0 IO错=0 倾+0.0 已放开
[  372.900] TLM t= 273.2 L1·r@-- L2·r@-- L3·r@-- R1·r@-- R2·r@-- R3·r@-- 罐=无罐 泵=0 阀=000000 速=+0,+0,+0.00 电=7.96V/0.65A/峰2.20 补余=0.0 IO错=0 倾+0.0 已放开
[  373.396] TLM t= 273.7 L1·r@-- L2·r@-- L3·r@-- R1·r@-- R2·r@-- R3·r@-- 罐=无罐 泵=0 阀=000000 速=+0,+0,+0.00 电=7.97V/0.65A/峰2.20 补余=0.0 IO错=0 倾+0.0 已放开
[  373.898] TLM t= 274.2 L1·r@-- L2·r@-- L3·r@-- R1·r@-- R2·r@-- R3·r@-- 罐=无罐 泵=0 阀=000000 速=+0,+0,+0.00 电=7.97V/0.73A/峰2.20 补余=0.0 IO错=0 倾+0.0 已放开
[  374.150] EVT 键 '\x1b' 倾=+0.0待=+0.0（已放开）
[  374.371] EVT 退出序列：停泵 → 逐足串行放气（通→断，0.2s 间隔） → 舵机断电（不回站姿）
[  374.677] TLM t= 274.6 L1·r@-- L2·r@-- L3·r@-- R1·r@-- R2·r@-- R3·r@-- 罐=无罐 泵=0 阀=000000 速=+0,+0,+0.00 电=7.96V/0.73A/峰2.20 补余=0.0 IO错=0 退出放气
[  374.702] EVT 阀 L1 →抽气位
[  374.922] EVT 阀 L2 →抽气位
[  375.143] EVT 阀 L3 →抽气位
[  375.188] TLM t= 274.6 L1·r@-- L2·r@-- L3·r@-- R1·r@-- R2·r@-- R3·r@-- 罐=无罐 泵=0 阀=111000 速=+0,+0,+0.00 电=7.99V/0.65A/峰2.20 补余=0.0 IO错=0 退出放气
[  375.368] EVT 阀 R1 →抽气位
[  375.589] EVT 阀 R2 →抽气位
[  375.697] TLM t= 274.6 L1·r@-- L2·r@-- L3·r@-- R1·r@-- R2·r@-- R3·r@-- 罐=无罐 泵=0 阀=111110 速=+0,+0,+0.00 电=8.02V/0.65A/峰2.20 补余=0.0 IO错=0 退出放气
[  375.822] EVT 阀 R3 →抽气位
[  376.022] EVT 退出：阀线圈已断电（coils_off）
[  376.125] EVT 退出序列完成（舵机断电）
[  376.125] EVT END 正常退出
