# 开跑 2026-08-31 17:52:15  argv: scripts/body_lean.py --no-tank --stand-height 62 --tilt-trim 6 --handover L1:31,R1:33,L3:29,R3:22,R2:22,L2:24 --handover-weights
# git: 822bd70
# 模式=no-tank port=/dev/ttyACM0
# 参数: lean_step=5mm lean_speed=10mm/s press_delta=18mm stand=62 tilt_trim=6° handover=L1:31,L2:24,L3:29,R1:33,R2:22,R3:22 handover_rate=10 mark_settle=60 dual=0
# 阈值: ATTACH=-30.0 PUMP_ON=-60.0 PUMP_OFF=-75.0 comp_tail=72.3mm suck_timeout=2.5s
[    2.484] EVT 缓慢站起（竖直升至爬墙站位）
[    6.590] EVT 爬墙站位就位，进入就位暂停
# handover_slot_w=0.600,0.250,0.100,0.050,0.000
[    6.704] TLM t=   0.0 L1·r@-- L2·r@-- L3·r@-- R1·r@-- R2·r@-- R3·r@-- 罐=无罐 泵=0 阀=000000 速=+0,+0,+0.00 电=8.11V/1.55A/峰1.55 补余=0.0 IO错=0 就位暂停
[    7.207] TLM t=   0.0 L1·r@-- L2·r@-- L3·r@-- R1·r@-- R2·r@-- R3·r@-- 罐=无罐 泵=0 阀=000000 速=+0,+0,+0.00 电=8.11V/1.38A/峰1.55 补余=0.0 IO错=0 就位暂停
[    7.715] TLM t=   0.0 L1·r@-- L2·r@-- L3·r@-- R1·r@-- R2·r@-- R3·r@-- 罐=无罐 泵=0 阀=000000 速=+0,+0,+0.00 电=8.10V/1.47A/峰1.55 补余=0.0 IO错=0 就位暂停
[    8.226] TLM t=   0.0 L1·r@-- L2·r@-- L3·r@-- R1·r@-- R2·r@-- R3·r@-- 罐=无罐 泵=0 阀=000000 速=+0,+0,+0.00 电=8.11V/1.38A/峰1.55 补余=0.0 IO错=0 就位暂停
[    8.732] TLM t=   0.0 L1·r@-- L2·r@-- L3·r@-- R1·r@-- R2·r@-- R3·r@-- 罐=无罐 泵=0 阀=000000 速=+0,+0,+0.00 电=8.11V/1.47A/峰1.55 补余=0.0 IO错=0 就位暂停
[    9.243] TLM t=   0.0 L1·r@-- L2·r@-- L3·r@-- R1·r@-- R2·r@-- R3·r@-- 罐=无罐 泵=0 阀=000000 速=+0,+0,+0.00 电=8.11V/1.38A/峰1.55 补余=0.0 IO错=0 就位暂停
[    9.750] TLM t=   0.0 L1·r@-- L2·r@-- L3·r@-- R1·r@-- R2·r@-- R3·r@-- 罐=无罐 泵=0 阀=000000 速=+0,+0,+0.00 电=8.11V/1.38A/峰1.55 补余=0.0 IO错=0 就位暂停
[   10.260] TLM t=   0.0 L1·r@-- L2·r@-- L3·r@-- R1·r@-- R2·r@-- R3·r@-- 罐=无罐 泵=0 阀=000000 速=+0,+0,+0.00 电=8.10V/1.38A/峰1.55 补余=0.0 IO错=0 就位暂停
[   10.767] TLM t=   0.0 L1·r@-- L2·r@-- L3·r@-- R1·r@-- R2·r@-- R3·r@-- 罐=无罐 泵=0 阀=000000 速=+0,+0,+0.00 电=8.11V/1.30A/峰1.55 补余=0.0 IO错=0 就位暂停
[   11.276] TLM t=   0.0 L1·r@-- L2·r@-- L3·r@-- R1·r@-- R2·r@-- R3·r@-- 罐=无罐 泵=0 阀=000000 速=+0,+0,+0.00 电=8.10V/1.30A/峰1.55 补余=0.0 IO错=0 就位暂停
[   11.782] TLM t=   0.0 L1·r@-- L2·r@-- L3·r@-- R1·r@-- R2·r@-- R3·r@-- 罐=无罐 泵=0 阀=000000 速=+0,+0,+0.00 电=8.11V/1.30A/峰1.55 补余=0.0 IO错=0 就位暂停
[   12.292] TLM t=   0.0 L1·r@-- L2·r@-- L3·r@-- R1·r@-- R2·r@-- R3·r@-- 罐=无罐 泵=0 阀=000000 速=+0,+0,+0.00 电=8.11V/1.38A/峰1.55 补余=0.0 IO错=0 就位暂停
[   12.799] TLM t=   0.0 L1·r@-- L2·r@-- L3·r@-- R1·r@-- R2·r@-- R3·r@-- 罐=无罐 泵=0 阀=000000 速=+0,+0,+0.00 电=8.12V/1.30A/峰1.55 补余=0.0 IO错=0 就位暂停
[   13.310] TLM t=   0.0 L1·r@-- L2·r@-- L3·r@-- R1·r@-- R2·r@-- R3·r@-- 罐=无罐 泵=0 阀=000000 速=+0,+0,+0.00 电=8.11V/1.38A/峰1.55 补余=0.0 IO错=0 就位暂停
[   13.815] TLM t=   0.0 L1·r@-- L2·r@-- L3·r@-- R1·r@-- R2·r@-- R3·r@-- 罐=无罐 泵=0 阀=000000 速=+0,+0,+0.00 电=8.11V/1.38A/峰1.55 补余=0.0 IO错=0 就位暂停
[   14.323] TLM t=   0.0 L1·r@-- L2·r@-- L3·r@-- R1·r@-- R2·r@-- R3·r@-- 罐=无罐 泵=0 阀=000000 速=+0,+0,+0.00 电=8.10V/1.30A/峰1.55 补余=0.0 IO错=0 就位暂停
[   14.829] TLM t=   0.0 L1·r@-- L2·r@-- L3·r@-- R1·r@-- R2·r@-- R3·r@-- 罐=无罐 泵=0 阀=000000 速=+0,+0,+0.00 电=8.10V/1.38A/峰1.55 补余=0.0 IO错=0 就位暂停
[   15.337] TLM t=   0.0 L1·r@-- L2·r@-- L3·r@-- R1·r@-- R2·r@-- R3·r@-- 罐=无罐 泵=0 阀=000000 速=+0,+0,+0.00 电=8.10V/1.38A/峰1.55 补余=0.0 IO错=0 就位暂停
[   15.844] TLM t=   0.0 L1·r@-- L2·r@-- L3·r@-- R1·r@-- R2·r@-- R3·r@-- 罐=无罐 泵=0 阀=000000 速=+0,+0,+0.00 电=8.11V/1.38A/峰1.55 补余=0.0 IO错=0 就位暂停
[   16.352] TLM t=   0.0 L1·r@-- L2·r@-- L3·r@-- R1·r@-- R2·r@-- R3·r@-- 罐=无罐 泵=0 阀=000000 速=+0,+0,+0.00 电=8.11V/1.30A/峰1.55 补余=0.0 IO错=0 就位暂停
[   16.857] TLM t=   0.0 L1·r@-- L2·r@-- L3·r@-- R1·r@-- R2·r@-- R3·r@-- 罐=无罐 泵=0 阀=000000 速=+0,+0,+0.00 电=8.11V/1.38A/峰1.55 补余=0.0 IO错=0 就位暂停
[   17.368] TLM t=   0.0 L1·r@-- L2·r@-- L3·r@-- R1·r@-- R2·r@-- R3·r@-- 罐=无罐 泵=0 阀=000000 速=+0,+0,+0.00 电=8.10V/1.38A/峰1.55 补余=0.0 IO错=0 就位暂停
[   17.876] TLM t=   0.0 L1·r@-- L2·r@-- L3·r@-- R1·r@-- R2·r@-- R3·r@-- 罐=无罐 泵=0 阀=000000 速=+0,+0,+0.00 电=8.11V/1.30A/峰1.55 补余=0.0 IO错=0 就位暂停
[   18.387] TLM t=   0.0 L1·r@-- L2·r@-- L3·r@-- R1·r@-- R2·r@-- R3·r@-- 罐=无罐 泵=0 阀=000000 速=+0,+0,+0.00 电=8.11V/1.30A/峰1.55 补余=0.0 IO错=0 就位暂停
[   18.892] TLM t=   0.0 L1·r@-- L2·r@-- L3·r@-- R1·r@-- R2·r@-- R3·r@-- 罐=无罐 泵=0 阀=000000 速=+0,+0,+0.00 电=8.11V/1.30A/峰1.55 补余=0.0 IO错=0 就位暂停
[   19.404] TLM t=   0.0 L1·r@-- L2·r@-- L3·r@-- R1·r@-- R2·r@-- R3·r@-- 罐=无罐 泵=0 阀=000000 速=+0,+0,+0.00 电=8.11V/1.30A/峰1.55 补余=0.0 IO错=0 就位暂停
[   19.910] TLM t=   0.0 L1·r@-- L2·r@-- L3·r@-- R1·r@-- R2·r@-- R3·r@-- 罐=无罐 泵=0 阀=000000 速=+0,+0,+0.00 电=8.10V/1.38A/峰1.55 补余=0.0 IO错=0 就位暂停
[   20.423] TLM t=   0.0 L1·r@-- L2·r@-- L3·r@-- R1·r@-- R2·r@-- R3·r@-- 罐=无罐 泵=0 阀=000000 速=+0,+0,+0.00 电=8.12V/1.38A/峰1.55 补余=0.0 IO错=0 就位暂停
[   20.928] TLM t=   0.0 L1·r@-- L2·r@-- L3·r@-- R1·r@-- R2·r@-- R3·r@-- 罐=无罐 泵=0 阀=000000 速=+0,+0,+0.00 电=8.12V/1.47A/峰1.55 补余=0.0 IO错=0 就位暂停
[   21.439] TLM t=   0.0 L1·r@-- L2·r@-- L3·r@-- R1·r@-- R2·r@-- R3·r@-- 罐=无罐 泵=0 阀=000000 速=+0,+0,+0.00 电=8.11V/1.38A/峰1.55 补余=0.0 IO错=0 就位暂停
[   21.944] TLM t=   0.0 L1·r@-- L2·r@-- L3·r@-- R1·r@-- R2·r@-- R3·r@-- 罐=无罐 泵=0 阀=000000 速=+0,+0,+0.00 电=8.11V/1.38A/峰1.55 补余=0.0 IO错=0 就位暂停
[   22.456] TLM t=   0.0 L1·r@-- L2·r@-- L3·r@-- R1·r@-- R2·r@-- R3·r@-- 罐=无罐 泵=0 阀=000000 速=+0,+0,+0.00 电=8.10V/1.30A/峰1.55 补余=0.0 IO错=0 就位暂停
[   22.965] TLM t=   0.0 L1·r@-- L2·r@-- L3·r@-- R1·r@-- R2·r@-- R3·r@-- 罐=无罐 泵=0 阀=000000 速=+0,+0,+0.00 电=8.10V/1.38A/峰1.55 补余=0.0 IO错=0 就位暂停
[   23.478] TLM t=   0.0 L1·r@-- L2·r@-- L3·r@-- R1·r@-- R2·r@-- R3·r@-- 罐=无罐 泵=0 阀=000000 速=+0,+0,+0.00 电=8.10V/1.30A/峰1.55 补余=0.0 IO错=0 就位暂停
[   23.985] TLM t=   0.0 L1·r@-- L2·r@-- L3·r@-- R1·r@-- R2·r@-- R3·r@-- 罐=无罐 泵=0 阀=000000 速=+0,+0,+0.00 电=8.11V/1.30A/峰1.55 补余=0.0 IO错=0 就位暂停
[   24.497] TLM t=   0.0 L1·r@-- L2·r@-- L3·r@-- R1·r@-- R2·r@-- R3·r@-- 罐=无罐 泵=0 阀=000000 速=+0,+0,+0.00 电=8.10V/1.38A/峰1.55 补余=0.0 IO错=0 就位暂停
[   25.004] TLM t=   0.0 L1·r@-- L2·r@-- L3·r@-- R1·r@-- R2·r@-- R3·r@-- 罐=无罐 泵=0 阀=000000 速=+0,+0,+0.00 电=8.11V/1.30A/峰1.55 补余=0.0 IO错=0 就位暂停
[   25.516] TLM t=   0.0 L1·r@-- L2·r@-- L3·r@-- R1·r@-- R2·r@-- R3·r@-- 罐=无罐 泵=0 阀=000000 速=+0,+0,+0.00 电=8.10V/1.30A/峰1.55 补余=0.0 IO错=0 就位暂停
[   26.022] TLM t=   0.0 L1·r@-- L2·r@-- L3·r@-- R1·r@-- R2·r@-- R3·r@-- 罐=无罐 泵=0 阀=000000 速=+0,+0,+0.00 电=8.11V/1.30A/峰1.55 补余=0.0 IO错=0 就位暂停
[   26.533] TLM t=   0.0 L1·r@-- L2·r@-- L3·r@-- R1·r@-- R2·r@-- R3·r@-- 罐=无罐 泵=0 阀=000000 速=+0,+0,+0.00 电=8.11V/1.30A/峰1.55 补余=0.0 IO错=0 就位暂停
[   27.042] TLM t=   0.0 L1·r@-- L2·r@-- L3·r@-- R1·r@-- R2·r@-- R3·r@-- 罐=无罐 泵=0 阀=000000 速=+0,+0,+0.00 电=8.11V/1.30A/峰1.55 补余=0.0 IO错=0 就位暂停
[   27.556] TLM t=   0.0 L1·r@-- L2·r@-- L3·r@-- R1·r@-- R2·r@-- R3·r@-- 罐=无罐 泵=0 阀=000000 速=+0,+0,+0.00 电=8.11V/1.38A/峰1.55 补余=0.0 IO错=0 就位暂停
[   28.062] TLM t=   0.0 L1·r@-- L2·r@-- L3·r@-- R1·r@-- R2·r@-- R3·r@-- 罐=无罐 泵=0 阀=000000 速=+0,+0,+0.00 电=8.11V/1.38A/峰1.55 补余=0.0 IO错=0 就位暂停
[   28.572] TLM t=   0.0 L1·r@-- L2·r@-- L3·r@-- R1·r@-- R2·r@-- R3·r@-- 罐=无罐 泵=0 阀=000000 速=+0,+0,+0.00 电=8.11V/1.47A/峰1.55 补余=0.0 IO错=0 就位暂停
[   29.076] TLM t=   0.0 L1·r@-- L2·r@-- L3·r@-- R1·r@-- R2·r@-- R3·r@-- 罐=无罐 泵=0 阀=000000 速=+0,+0,+0.00 电=8.11V/1.30A/峰1.55 补余=0.0 IO错=0 就位暂停
[   29.591] TLM t=   0.0 L1·r@-- L2·r@-- L3·r@-- R1·r@-- R2·r@-- R3·r@-- 罐=无罐 泵=0 阀=000000 速=+0,+0,+0.00 电=8.10V/1.38A/峰1.55 补余=0.0 IO错=0 就位暂停
[   30.094] TLM t=   0.0 L1·r@-- L2·r@-- L3·r@-- R1·r@-- R2·r@-- R3·r@-- 罐=无罐 泵=0 阀=000000 速=+0,+0,+0.00 电=8.11V/1.38A/峰1.55 补余=0.0 IO错=0 就位暂停
[   30.605] TLM t=   0.0 L1·r@-- L2·r@-- L3·r@-- R1·r@-- R2·r@-- R3·r@-- 罐=无罐 泵=0 阀=000000 速=+0,+0,+0.00 电=8.11V/1.30A/峰1.55 补余=0.0 IO错=0 就位暂停
[   31.109] TLM t=   0.0 L1·r@-- L2·r@-- L3·r@-- R1·r@-- R2·r@-- R3·r@-- 罐=无罐 泵=0 阀=000000 速=+0,+0,+0.00 电=8.10V/1.38A/峰1.55 补余=0.0 IO错=0 就位暂停
[   31.622] TLM t=   0.0 L1·r@-- L2·r@-- L3·r@-- R1·r@-- R2·r@-- R3·r@-- 罐=无罐 泵=0 阀=000000 速=+0,+0,+0.00 电=8.10V/1.38A/峰1.55 补余=0.0 IO错=0 就位暂停
[   32.126] TLM t=   0.0 L1·r@-- L2·r@-- L3·r@-- R1·r@-- R2·r@-- R3·r@-- 罐=无罐 泵=0 阀=000000 速=+0,+0,+0.00 电=8.11V/1.38A/峰1.55 补余=0.0 IO错=0 就位暂停
[   32.640] TLM t=   0.0 L1·r@-- L2·r@-- L3·r@-- R1·r@-- R2·r@-- R3·r@-- 罐=无罐 泵=0 阀=000000 速=+0,+0,+0.00 电=8.11V/1.30A/峰1.55 补余=0.0 IO错=0 就位暂停
[   33.143] TLM t=   0.0 L1·r@-- L2·r@-- L3·r@-- R1·r@-- R2·r@-- R3·r@-- 罐=无罐 泵=0 阀=000000 速=+0,+0,+0.00 电=8.11V/1.30A/峰1.55 补余=0.0 IO错=0 就位暂停
[   33.655] TLM t=   0.0 L1·r@-- L2·r@-- L3·r@-- R1·r@-- R2·r@-- R3·r@-- 罐=无罐 泵=0 阀=000000 速=+0,+0,+0.00 电=8.10V/1.30A/峰1.55 补余=0.0 IO错=0 就位暂停
[   34.160] TLM t=   0.0 L1·r@-- L2·r@-- L3·r@-- R1·r@-- R2·r@-- R3·r@-- 罐=无罐 泵=0 阀=000000 速=+0,+0,+0.00 电=8.09V/1.22A/峰1.55 补余=0.0 IO错=0 就位暂停
[   34.671] TLM t=   0.0 L1·r@-- L2·r@-- L3·r@-- R1·r@-- R2·r@-- R3·r@-- 罐=无罐 泵=0 阀=000000 速=+0,+0,+0.00 电=8.12V/1.30A/峰1.55 补余=0.0 IO错=0 就位暂停
[   35.174] TLM t=   0.0 L1·r@-- L2·r@-- L3·r@-- R1·r@-- R2·r@-- R3·r@-- 罐=无罐 泵=0 阀=000000 速=+0,+0,+0.00 电=8.10V/1.22A/峰1.55 补余=0.0 IO错=0 就位暂停
[   35.688] TLM t=   0.0 L1·r@-- L2·r@-- L3·r@-- R1·r@-- R2·r@-- R3·r@-- 罐=无罐 泵=0 阀=000000 速=+0,+0,+0.00 电=8.11V/1.22A/峰1.55 补余=0.0 IO错=0 就位暂停
[   36.192] TLM t=   0.0 L1·r@-- L2·r@-- L3·r@-- R1·r@-- R2·r@-- R3·r@-- 罐=无罐 泵=0 阀=000000 速=+0,+0,+0.00 电=8.09V/1.30A/峰1.55 补余=0.0 IO错=0 就位暂停
[   36.703] TLM t=   0.0 L1·r@-- L2·r@-- L3·r@-- R1·r@-- R2·r@-- R3·r@-- 罐=无罐 泵=0 阀=000000 速=+0,+0,+0.00 电=8.11V/1.30A/峰1.55 补余=0.0 IO错=0 就位暂停
[   37.208] TLM t=   0.0 L1·r@-- L2·r@-- L3·r@-- R1·r@-- R2·r@-- R3·r@-- 罐=无罐 泵=0 阀=000000 速=+0,+0,+0.00 电=8.10V/1.30A/峰1.55 补余=0.0 IO错=0 就位暂停
[   37.719] TLM t=   0.0 L1·r@-- L2·r@-- L3·r@-- R1·r@-- R2·r@-- R3·r@-- 罐=无罐 泵=0 阀=000000 速=+0,+0,+0.00 电=8.11V/1.22A/峰1.55 补余=0.0 IO错=0 就位暂停
[   38.226] TLM t=   0.0 L1·r@-- L2·r@-- L3·r@-- R1·r@-- R2·r@-- R3·r@-- 罐=无罐 泵=0 阀=000000 速=+0,+0,+0.00 电=8.11V/1.22A/峰1.55 补余=0.0 IO错=0 就位暂停
[   38.740] TLM t=   0.0 L1·r@-- L2·r@-- L3·r@-- R1·r@-- R2·r@-- R3·r@-- 罐=无罐 泵=0 阀=000000 速=+0,+0,+0.00 电=8.10V/1.38A/峰1.55 补余=0.0 IO错=0 就位暂停
[   39.243] TLM t=   0.0 L1·r@-- L2·r@-- L3·r@-- R1·r@-- R2·r@-- R3·r@-- 罐=无罐 泵=0 阀=000000 速=+0,+0,+0.00 电=8.11V/1.22A/峰1.55 补余=0.0 IO错=0 就位暂停
[   39.755] TLM t=   0.0 L1·r@-- L2·r@-- L3·r@-- R1·r@-- R2·r@-- R3·r@-- 罐=无罐 泵=0 阀=000000 速=+0,+0,+0.00 电=8.11V/1.06A/峰1.55 补余=0.0 IO错=0 就位暂停
[   40.259] TLM t=   0.0 L1·r@-- L2·r@-- L3·r@-- R1·r@-- R2·r@-- R3·r@-- 罐=无罐 泵=0 阀=000000 速=+0,+0,+0.00 电=8.12V/0.81A/峰1.55 补余=0.0 IO错=0 就位暂停
[   40.774] TLM t=   0.0 L1·r@-- L2·r@-- L3·r@-- R1·r@-- R2·r@-- R3·r@-- 罐=无罐 泵=0 阀=000000 速=+0,+0,+0.00 电=8.12V/0.98A/峰1.55 补余=0.0 IO错=0 就位暂停
[   41.282] TLM t=   0.0 L1·r@-- L2·r@-- L3·r@-- R1·r@-- R2·r@-- R3·r@-- 罐=无罐 泵=0 阀=000000 速=+0,+0,+0.00 电=8.11V/0.90A/峰1.55 补余=0.0 IO错=0 就位暂停
[   41.793] TLM t=   0.0 L1·r@-- L2·r@-- L3·r@-- R1·r@-- R2·r@-- R3·r@-- 罐=无罐 泵=0 阀=000000 速=+0,+0,+0.00 电=8.11V/0.98A/峰1.55 补余=0.0 IO错=0 就位暂停
[   42.303] TLM t=   0.0 L1·r@-- L2·r@-- L3·r@-- R1·r@-- R2·r@-- R3·r@-- 罐=无罐 泵=0 阀=000000 速=+0,+0,+0.00 电=8.11V/0.90A/峰1.55 补余=0.0 IO错=0 就位暂停
[   42.813] TLM t=   0.0 L1·r@-- L2·r@-- L3·r@-- R1·r@-- R2·r@-- R3·r@-- 罐=无罐 泵=0 阀=000000 速=+0,+0,+0.00 电=8.12V/1.06A/峰1.55 补余=0.0 IO错=0 就位暂停
[   43.323] TLM t=   0.0 L1·r@-- L2·r@-- L3·r@-- R1·r@-- R2·r@-- R3·r@-- 罐=无罐 泵=0 阀=000000 速=+0,+0,+0.00 电=8.11V/0.98A/峰1.55 补余=0.0 IO错=0 就位暂停
[   43.833] TLM t=   0.0 L1·r@-- L2·r@-- L3·r@-- R1·r@-- R2·r@-- R3·r@-- 罐=无罐 泵=0 阀=000000 速=+0,+0,+0.00 电=8.12V/0.90A/峰1.55 补余=0.0 IO错=0 就位暂停
[   44.338] TLM t=   0.0 L1·r@-- L2·r@-- L3·r@-- R1·r@-- R2·r@-- R3·r@-- 罐=无罐 泵=0 阀=000000 速=+0,+0,+0.00 电=8.12V/0.98A/峰1.55 补余=0.0 IO错=0 就位暂停
[   44.848] TLM t=   0.0 L1·r@-- L2·r@-- L3·r@-- R1·r@-- R2·r@-- R3·r@-- 罐=无罐 泵=0 阀=000000 速=+0,+0,+0.00 电=8.12V/0.98A/峰1.55 补余=0.0 IO错=0 就位暂停
[   45.354] TLM t=   0.0 L1·r@-- L2·r@-- L3·r@-- R1·r@-- R2·r@-- R3·r@-- 罐=无罐 泵=0 阀=000000 速=+0,+0,+0.00 电=8.11V/0.90A/峰1.55 补余=0.0 IO错=0 就位暂停
[   45.868] TLM t=   0.0 L1·r@-- L2·r@-- L3·r@-- R1·r@-- R2·r@-- R3·r@-- 罐=无罐 泵=0 阀=000000 速=+0,+0,+0.00 电=8.12V/0.90A/峰1.55 补余=0.0 IO错=0 就位暂停
[   46.374] TLM t=   0.0 L1·r@-- L2·r@-- L3·r@-- R1·r@-- R2·r@-- R3·r@-- 罐=无罐 泵=0 阀=000000 速=+0,+0,+0.00 电=8.12V/0.98A/峰1.55 补余=0.0 IO错=0 就位暂停
[   46.890] TLM t=   0.0 L1·r@-- L2·r@-- L3·r@-- R1·r@-- R2·r@-- R3·r@-- 罐=无罐 泵=0 阀=000000 速=+0,+0,+0.00 电=8.12V/0.98A/峰1.55 补余=0.0 IO错=0 就位暂停
[   47.395] TLM t=   0.0 L1·r@-- L2·r@-- L3·r@-- R1·r@-- R2·r@-- R3·r@-- 罐=无罐 泵=0 阀=000000 速=+0,+0,+0.00 电=8.12V/0.98A/峰1.55 补余=0.0 IO错=0 就位暂停
[   47.908] TLM t=   0.0 L1·r@-- L2·r@-- L3·r@-- R1·r@-- R2·r@-- R3·r@-- 罐=无罐 泵=0 阀=000000 速=+0,+0,+0.00 电=8.12V/0.90A/峰1.55 补余=0.0 IO错=0 就位暂停
[   48.413] TLM t=   0.0 L1·r@-- L2·r@-- L3·r@-- R1·r@-- R2·r@-- R3·r@-- 罐=无罐 泵=0 阀=000000 速=+0,+0,+0.00 电=8.12V/0.90A/峰1.55 补余=0.0 IO错=0 就位暂停
[   48.923] TLM t=   0.0 L1·r@-- L2·r@-- L3·r@-- R1·r@-- R2·r@-- R3·r@-- 罐=无罐 泵=0 阀=000000 速=+0,+0,+0.00 电=8.11V/0.98A/峰1.55 补余=0.0 IO错=0 就位暂停
[   49.429] TLM t=   0.0 L1·r@-- L2·r@-- L3·r@-- R1·r@-- R2·r@-- R3·r@-- 罐=无罐 泵=0 阀=000000 速=+0,+0,+0.00 电=8.13V/0.65A/峰1.55 补余=0.0 IO错=0 就位暂停
[   49.940] TLM t=   0.0 L1·r@-- L2·r@-- L3·r@-- R1·r@-- R2·r@-- R3·r@-- 罐=无罐 泵=0 阀=000000 速=+0,+0,+0.00 电=8.12V/0.65A/峰1.55 补余=0.0 IO错=0 就位暂停
[   50.447] TLM t=   0.0 L1·r@-- L2·r@-- L3·r@-- R1·r@-- R2·r@-- R3·r@-- 罐=无罐 泵=0 阀=000000 速=+0,+0,+0.00 电=8.13V/0.57A/峰1.55 补余=0.0 IO错=0 就位暂停
[   50.959] TLM t=   0.0 L1·r@-- L2·r@-- L3·r@-- R1·r@-- R2·r@-- R3·r@-- 罐=无罐 泵=0 阀=000000 速=+0,+0,+0.00 电=8.13V/0.57A/峰1.55 补余=0.0 IO错=0 就位暂停
[   51.466] TLM t=   0.0 L1·r@-- L2·r@-- L3·r@-- R1·r@-- R2·r@-- R3·r@-- 罐=无罐 泵=0 阀=000000 速=+0,+0,+0.00 电=8.13V/0.65A/峰1.55 补余=0.0 IO错=0 就位暂停
[   51.981] TLM t=   0.0 L1·r@-- L2·r@-- L3·r@-- R1·r@-- R2·r@-- R3·r@-- 罐=无罐 泵=0 阀=000000 速=+0,+0,+0.00 电=8.13V/0.73A/峰1.55 补余=0.0 IO错=0 就位暂停
[   52.487] TLM t=   0.0 L1·r@-- L2·r@-- L3·r@-- R1·r@-- R2·r@-- R3·r@-- 罐=无罐 泵=0 阀=000000 速=+0,+0,+0.00 电=8.12V/0.65A/峰1.55 补余=0.0 IO错=0 就位暂停
[   52.994] TLM t=   0.0 L1·r@-- L2·r@-- L3·r@-- R1·r@-- R2·r@-- R3·r@-- 罐=无罐 泵=0 阀=000000 速=+0,+0,+0.00 电=8.13V/0.65A/峰1.55 补余=0.0 IO错=0 就位暂停
[   53.504] TLM t=   0.0 L1·r@-- L2·r@-- L3·r@-- R1·r@-- R2·r@-- R3·r@-- 罐=无罐 泵=0 阀=000000 速=+0,+0,+0.00 电=8.14V/0.57A/峰1.55 补余=0.0 IO错=0 就位暂停
[   54.013] TLM t=   0.0 L1·r@-- L2·r@-- L3·r@-- R1·r@-- R2·r@-- R3·r@-- 罐=无罐 泵=0 阀=000000 速=+0,+0,+0.00 电=8.12V/0.73A/峰1.55 补余=0.0 IO错=0 就位暂停
[   54.519] TLM t=   0.0 L1·r@-- L2·r@-- L3·r@-- R1·r@-- R2·r@-- R3·r@-- 罐=无罐 泵=0 阀=000000 速=+0,+0,+0.00 电=8.13V/0.73A/峰1.55 补余=0.0 IO错=0 就位暂停
[   55.028] TLM t=   0.0 L1·r@-- L2·r@-- L3·r@-- R1·r@-- R2·r@-- R3·r@-- 罐=无罐 泵=0 阀=000000 速=+0,+0,+0.00 电=8.13V/0.73A/峰1.55 补余=0.0 IO错=0 就位暂停
[   55.535] TLM t=   0.0 L1·r@-- L2·r@-- L3·r@-- R1·r@-- R2·r@-- R3·r@-- 罐=无罐 泵=0 阀=000000 速=+0,+0,+0.00 电=8.13V/0.73A/峰1.55 补余=0.0 IO错=0 就位暂停
[   55.636] EVT 按 p：开始全吸附启动序列
[   55.637] EVT 相位 R3 stance→press
[   55.657] EVT 泵 开
[   56.045] TLM t=   0.0 L1·r@-- L2·r@-- L3·r@-- R1·r@-- R2·r@-- R3Pr@-- 罐=无罐 泵=1 阀=000000 速=+0,+0,+0.00 电=8.08V/0.65A/峰1.55 补余=0.0 IO错=0 倾+0.0
[   56.549] TLM t=   0.0 L1·r@-- L2·r@-- L3·r@-- R1·r@-- R2·r@-- R3Pr@-- 罐=无罐 泵=1 阀=000000 速=+0,+0,+0.00 电=8.09V/0.81A/峰1.55 补余=0.0 IO错=0 倾+0.0
[   57.049] TLM t=   0.0 L1·r@-- L2·r@-- L3·r@-- R1·r@-- R2·r@-- R3Pr@-- 罐=无罐 泵=1 阀=000000 速=+0,+0,+0.00 电=8.11V/0.73A/峰1.55 补余=0.0 IO错=0 倾+0.0
[   57.552] TLM t=   0.0 L1·r@-- L2·r@-- L3·r@-- R1·r@-- R2·r@-- R3Pr@-- 罐=无罐 泵=1 阀=000000 速=+0,+0,+0.00 电=8.07V/0.73A/峰1.55 补余=0.0 IO错=0 倾+0.0
[   58.053] TLM t=   0.0 L1·r@-- L2·r@-- L3·r@-- R1·r@-- R2·r@-- R3Pr@-- 罐=无罐 泵=1 阀=000000 速=+0,+0,+0.00 电=8.12V/0.73A/峰1.55 补余=0.0 IO错=0 倾+0.0
[   58.555] TLM t=   0.0 L1·r@-- L2·r@-- L3·r@-- R1·r@-- R2·r@-- R3Pr@-- 罐=无罐 泵=1 阀=000000 速=+0,+0,+0.00 电=8.12V/0.65A/峰1.55 补余=0.0 IO错=0 倾+0.0
[   58.626] EVT 吸附 R3 released→pressing 在态3.00s
[   58.627] EVT 相位 R3 press→wait
[   58.647] EVT 泵 停
[   58.927] EVT 吸附 R3 pressing→sucking 在态0.30s
[   58.927] EVT 阀 R3 →抽气位
[   58.950] EVT 泵 开
[   59.056] TLM t=   0.0 L1·r@-- L2·r@-- L3·r@-- R1·r@-- R2·r@-- R3Ws@-14 罐=无罐 泵=1 阀=000001 速=+0,+0,+0.00 电=8.07V/0.65A/峰1.55 补余=0.0 IO错=0 倾+0.0
[   59.268] EVT 吸附 R3 sucking→attached 在态0.34s -70.5kPa
[   59.268] EVT 相位 R3 wait→stance
[   59.288] EVT 相位 L1 stance→press
[   59.492] EVT 泵 停 最差盘压-75.8
[   59.560] TLM t=   0.0 L1Pr@-- L2·r@-- L3·r@-- R1·r@-- R2·r@-- R3·A@-77 罐=无罐 泵=0 阀=000001 速=+0,+0,+0.00 电=8.14V/0.73A/峰1.55 补余=0.0 IO错=0 倾+0.0
[   60.083] TLM t=   0.0 L1Pr@-- L2·r@-- L3·r@-- R1·r@-- R2·r@-- R3·A@-76 罐=无罐 泵=0 阀=000001 速=+0,+0,+0.00 电=8.14V/0.73A/峰1.55 补余=0.0 IO错=0 倾+0.0
[   60.472] EVT 吸附 L1 released→pressing 在态4.84s
[   60.472] EVT 相位 L1 press→wait
[   60.585] TLM t=   0.0 L1Wp@-- L2·r@-- L3·r@-- R1·r@-- R2·r@-- R3·A@-75 罐=无罐 泵=0 阀=000001 速=+0,+0,+0.00 电=8.13V/0.81A/峰1.55 补余=0.0 IO错=0 倾+0.0
[   60.793] EVT 吸附 L1 pressing→sucking 在态0.32s
[   60.794] EVT 阀 L1 →抽气位
[   60.819] EVT 泵 开 最差盘压-74.8
[   61.094] EVT 吸附 L1 sucking→attached 在态0.30s -66.5kPa
[   61.094] EVT 相位 L1 wait→stance
[   61.103] TLM t=   0.0 L1·A@-66 L2·r@-- L3·r@-- R1·r@-- R2·r@-- R3·A@-74 罐=无罐 泵=1 阀=100001 速=+0,+0,+0.00 电=8.09V/0.65A/峰1.55 补余=0.0 IO错=0 倾+0.0
[   61.120] EVT 相位 R2 stance→press
[   61.420] EVT 泵 停 最差盘压-75.4
[   61.610] TLM t=   0.0 L1·A@-76 L2·r@-- L3·r@-- R1·r@-- R2Pr@-- R3·A@-76 罐=无罐 泵=0 阀=100001 速=+0,+0,+0.00 电=8.16V/0.65A/峰1.55 补余=0.0 IO错=0 倾+0.0
[   62.128] TLM t=   0.0 L1·A@-76 L2·r@-- L3·r@-- R1·r@-- R2Pr@-- R3·A@-75 罐=无罐 泵=0 阀=100001 速=+0,+0,+0.00 电=8.15V/0.73A/峰1.55 补余=0.0 IO错=0 倾+0.0
[   62.297] EVT 吸附 R2 released→pressing 在态6.66s
[   62.298] EVT 相位 R2 press→wait
[   62.623] EVT 吸附 R2 pressing→sucking 在态0.32s
[   62.631] EVT 阀 R2 →抽气位
[   62.638] TLM t=   0.0 L1·A@-76 L2·r@-- L3·r@-- R1·r@-- R2Ws@-- R3·A@-75 罐=无罐 泵=0 阀=100011 速=+0,+0,+0.00 电=8.17V/0.73A/峰1.55 补余=0.0 IO错=0 倾+0.0
[   62.642] EVT 泵 开 最差盘压-74.7
[   62.922] EVT 吸附 R2 sucking→attached 在态0.30s -68.0kPa
[   62.925] EVT 相位 R2 wait→stance
[   62.943] EVT 相位 L3 stance→press
[   63.149] TLM t=   0.0 L1·A@-75 L2·r@-- L3Pr@-- R1·r@-- R2·A@-72 R3·A@-74 罐=无罐 泵=1 阀=100011 速=+0,+0,+0.00 电=8.09V/0.65A/峰1.55 补余=0.0 IO错=0 倾+0.0
[   63.406] EVT 泵 停 最差盘压-75.1
[   63.659] TLM t=   0.0 L1·A@-76 L2·r@-- L3Pr@-- R1·r@-- R2·A@-75 R3·A@-76 罐=无罐 泵=0 阀=100011 速=+0,+0,+0.00 电=8.17V/0.57A/峰1.55 补余=0.0 IO错=0 倾+0.0
[   64.130] EVT 吸附 L3 released→pressing 在态8.48s
[   64.131] EVT 相位 L3 press→wait
[   64.157] TLM t=   0.0 L1·A@-76 L2·r@-- L3Wp@-- R1·r@-- R2·A@-74 R3·A@-75 罐=无罐 泵=0 阀=100011 速=+0,+0,+0.00 电=8.17V/0.65A/峰1.55 补余=0.0 IO错=0 倾+0.0
[   64.448] EVT 吸附 L3 pressing→sucking 在态0.32s
[   64.449] EVT 阀 L3 →抽气位
[   64.469] EVT 泵 开 最差盘压-74.0
[   64.657] TLM t=   0.0 L1·A@-76 L2·r@-- L3Ws@-56 R1·r@-- R2·A@-74 R3·A@-75 罐=无罐 泵=1 阀=101011 速=+0,+0,+0.00 电=8.14V/0.65A/峰1.55 补余=0.0 IO错=0 倾+0.0
[   64.746] EVT 吸附 L3 sucking→attached 在态0.30s -60.6kPa
[   64.754] EVT 相位 L3 wait→stance
[   64.770] EVT 相位 R1 stance→press
[   65.162] TLM t=   0.0 L1·A@-76 L2·r@-- L3·A@-75 R1Pr@-- R2·A@-75 R3·A@-75 罐=无罐 泵=1 阀=101011 速=+0,+0,+0.00 电=8.16V/0.57A/峰1.55 补余=0.0 IO错=0 倾+0.0
[   65.214] EVT 泵 停 最差盘压-75.3
[   65.678] TLM t=   0.0 L1·A@-76 L2·r@-- L3·A@-76 R1Pr@-- R2·A@-75 R3·A@-76 罐=无罐 泵=0 阀=101011 速=+0,+0,+0.00 电=8.18V/0.73A/峰1.55 补余=0.0 IO错=0 倾+0.0
[   65.953] EVT 吸附 R1 released→pressing 在态10.30s
[   65.958] EVT 相位 R1 press→wait
[   66.184] TLM t=   0.0 L1·A@-76 L2·r@-- L3·A@-75 R1Wp@-- R2·A@-75 R3·A@-75 罐=无罐 泵=0 阀=101011 速=+0,+0,+0.00 电=8.18V/0.73A/峰1.55 补余=0.0 IO错=0 倾+0.0
[   66.273] EVT 吸附 R1 pressing→sucking 在态0.32s
[   66.274] EVT 阀 R1 →抽气位
[   66.299] EVT 泵 开 最差盘压-74.6
[   66.634] EVT 吸附 R1 sucking→attached 在态0.36s -68.5kPa
[   66.635] EVT 相位 R1 wait→stance
[   66.660] EVT 相位 L2 stance→press
[   66.708] TLM t=   0.0 L1·A@-76 L2Pr@-- L3·A@-75 R1·A@-70 R2·A@-75 R3·A@-74 罐=无罐 泵=1 阀=101111 速=+0,+0,+0.00 电=8.18V/0.65A/峰1.55 补余=0.0 IO错=0 倾+0.0
[   66.961] EVT 泵 停 最差盘压-75.5
[   67.210] TLM t=   0.0 L1·A@-77 L2Pr@-- L3·A@-76 R1·A@-76 R2·A@-76 R3·A@-76 罐=无罐 泵=0 阀=101111 速=+0,+0,+0.00 电=8.18V/0.65A/峰1.55 补余=0.0 IO错=0 倾+0.0
[   67.729] TLM t=   0.0 L1·A@-76 L2Pr@-- L3·A@-76 R1·A@-76 R2·A@-76 R3·A@-76 罐=无罐 泵=0 阀=101111 速=+0,+0,+0.00 电=8.17V/0.73A/峰1.55 补余=0.0 IO错=0 倾+0.0
[   67.838] EVT 吸附 L2 released→pressing 在态12.18s
[   67.839] EVT 相位 L2 press→wait
[   68.164] EVT 吸附 L2 pressing→sucking 在态0.32s
[   68.175] EVT 阀 L2 →抽气位
[   68.180] EVT 泵 开 最差盘压-75.1
[   68.234] TLM t=   0.0 L1·A@-76 L2Ws@0 L3·A@-76 R1·A@-76 R2·A@-75 R3·A@-75 罐=无罐 泵=1 阀=111111 速=+0,+0,+0.00 电=8.15V/0.57A/峰1.55 补余=0.0 IO错=0 倾+0.0
[   68.460] EVT 吸附 L2 sucking→attached 在态0.30s -67.0kPa
[   68.465] EVT 相位 L2 wait→stance
[   68.465] EVT ✓ 六足全吸附，启动序列完成，相位钟开始
[   68.749] TLM t=   0.3 L1·A@-76 L2·A@-75 L3·A@-76 R1·A@-75 R2·A@-75 R3·A@-74 罐=无罐 泵=1 阀=111111 速=+0,+0,+0.00 电=8.19V/0.00A/峰1.55 补余=0.0 IO错=0 倾+0.0
[   68.784] EVT 泵 停 最差盘压-75.2
[   69.256] TLM t=   0.8 L1·A@-76 L2·A@-76 L3·A@-76 R1·A@-75 R2·A@-76 R3·A@-75 罐=无罐 泵=0 阀=111111 速=+0,+0,+0.00 电=8.20V/0.65A/峰1.55 补余=0.0 IO错=0 倾+0.0
[   69.756] TLM t=   1.3 L1·A@-76 L2·A@-75 L3·A@-76 R1·A@-75 R2·A@-75 R3·A@-75 罐=无罐 泵=0 阀=111111 速=+0,+0,+0.00 电=8.20V/0.73A/峰1.55 补余=0.0 IO错=0 倾+0.0
[   70.278] TLM t=   1.8 L1·A@-75 L2·A@-75 L3·A@-76 R1·A@-75 R2·A@-75 R3·A@-74 罐=无罐 泵=0 阀=111111 速=+0,+0,+0.00 电=8.20V/0.65A/峰1.55 补余=0.0 IO错=0 倾+0.0
[   70.798] TLM t=   2.3 L1·A@-75 L2·A@-74 L3·A@-75 R1·A@-75 R2·A@-74 R3·A@-74 罐=无罐 泵=0 阀=111111 速=+0,+0,+0.00 电=8.19V/0.73A/峰1.55 补余=0.0 IO错=0 倾+0.0
[   71.306] TLM t=   2.8 L1·A@-75 L2·A@-74 L3·A@-75 R1·A@-75 R2·A@-74 R3·A@-73 罐=无罐 泵=0 阀=111111 速=+0,+0,+0.00 电=8.19V/0.81A/峰1.55 补余=0.0 IO错=0 倾+0.0
[   71.806] TLM t=   3.3 L1·A@-74 L2·A@-73 L3·A@-75 R1·A@-75 R2·A@-74 R3·A@-72 罐=无罐 泵=0 阀=111111 速=+0,+0,+0.00 电=8.20V/0.73A/峰1.55 补余=0.0 IO错=0 倾+0.0
[   72.331] TLM t=   3.8 L1·A@-74 L2·A@-73 L3·A@-75 R1·A@-75 R2·A@-73 R3·A@-72 罐=无罐 泵=0 阀=111111 速=+0,+0,+0.00 电=8.20V/0.73A/峰1.55 补余=0.0 IO错=0 倾+0.0
[   72.833] TLM t=   4.3 L1·A@-74 L2·A@-72 L3·A@-75 R1·A@-74 R2·A@-73 R3·A@-71 罐=无罐 泵=0 阀=111111 速=+0,+0,+0.00 电=8.20V/0.81A/峰1.55 补余=0.0 IO错=0 倾+0.0
[   73.356] TLM t=   4.9 L1·A@-74 L2·A@-72 L3·A@-75 R1·A@-74 R2·A@-72 R3·A@-71 罐=无罐 泵=0 阀=111111 速=+0,+0,+0.00 电=8.19V/0.73A/峰1.55 补余=0.0 IO错=0 倾+0.0
[   73.857] TLM t=   5.4 L1·A@-73 L2·A@-71 L3·A@-75 R1·A@-74 R2·A@-72 R3·A@-70 罐=无罐 泵=0 阀=111111 速=+0,+0,+0.00 电=8.20V/0.81A/峰1.55 补余=0.0 IO错=0 倾+0.0
[   74.383] TLM t=   5.9 L1·A@-73 L2·A@-71 L3·A@-75 R1·A@-74 R2·A@-72 R3·A@-69 罐=无罐 泵=0 阀=111111 速=+0,+0,+0.00 电=8.20V/0.81A/峰1.55 补余=0.0 IO错=0 倾+0.0
[   74.889] TLM t=   6.4 L1·A@-73 L2·A@-70 L3·A@-75 R1·A@-74 R2·A@-71 R3·A@-69 罐=无罐 泵=0 阀=111111 速=+0,+0,+0.00 电=8.19V/0.73A/峰1.55 补余=0.0 IO错=0 倾+0.0
[   75.411] TLM t=   6.9 L1·A@-73 L2·A@-70 L3·A@-74 R1·A@-74 R2·A@-71 R3·A@-68 罐=无罐 泵=0 阀=111111 速=+0,+0,+0.00 电=8.20V/0.81A/峰1.55 补余=0.0 IO错=0 倾+0.0
[   75.914] TLM t=   7.4 L1·A@-72 L2·A@-70 L3·A@-74 R1·A@-74 R2·A@-71 R3·A@-68 罐=无罐 泵=0 阀=111111 速=+0,+0,+0.00 电=8.19V/0.81A/峰1.55 补余=0.0 IO错=0 倾+0.0
[   76.438] TLM t=   7.9 L1·A@-72 L2·A@-69 L3·A@-74 R1·A@-74 R2·A@-70 R3·A@-67 罐=无罐 泵=0 阀=111111 速=+0,+0,+0.00 电=8.19V/0.73A/峰1.55 补余=0.0 IO错=0 倾+0.0
[   76.944] TLM t=   8.4 L1·A@-72 L2·A@-69 L3·A@-74 R1·A@-74 R2·A@-70 R3·A@-67 罐=无罐 泵=0 阀=111111 速=+0,+0,+0.00 电=8.20V/0.73A/峰1.55 补余=0.0 IO错=0 倾+0.0
[   77.466] TLM t=   8.9 L1·A@-72 L2·A@-68 L3·A@-74 R1·A@-74 R2·A@-70 R3·A@-66 罐=无罐 泵=0 阀=111111 速=+0,+0,+0.00 电=8.20V/0.73A/峰1.55 补余=0.0 IO错=0 倾+0.0
[   77.971] TLM t=   9.4 L1·A@-71 L2·A@-68 L3·A@-74 R1·A@-74 R2·A@-69 R3·A@-65 罐=无罐 泵=0 阀=111111 速=+0,+0,+0.00 电=8.20V/0.73A/峰1.55 补余=0.0 IO错=0 倾+0.0
[   78.493] TLM t=  10.0 L1·A@-71 L2·A@-67 L3·A@-74 R1·A@-73 R2·A@-69 R3·A@-65 罐=无罐 泵=0 阀=111111 速=+0,+0,+0.00 电=8.19V/0.73A/峰1.55 补余=0.0 IO错=0 倾+0.0
[   78.996] TLM t=  10.5 L1·A@-71 L2·A@-67 L3·A@-74 R1·A@-73 R2·A@-69 R3·A@-64 罐=无罐 泵=0 阀=111111 速=+0,+0,+0.00 电=8.20V/0.81A/峰1.55 补余=0.0 IO错=0 倾+0.0
[   79.518] TLM t=  11.0 L1·A@-71 L2·A@-67 L3·A@-74 R1·A@-73 R2·A@-68 R3·A@-64 罐=无罐 泵=0 阀=111111 速=+0,+0,+0.00 电=8.20V/0.73A/峰1.55 补余=0.0 IO错=0 倾+0.0
[   80.027] TLM t=  11.5 L1·A@-70 L2·A@-66 L3·A@-73 R1·A@-73 R2·A@-68 R3·A@-63 罐=无罐 泵=0 阀=111111 速=+0,+0,+0.00 电=8.20V/0.65A/峰1.55 补余=0.0 IO错=0 倾+0.0
[   80.544] TLM t=  12.0 L1·A@-70 L2·A@-66 L3·A@-73 R1·A@-73 R2·A@-68 R3·A@-63 罐=无罐 泵=0 阀=111111 速=+0,+0,+0.00 电=8.20V/0.73A/峰1.55 补余=0.0 IO错=0 倾+0.0
[   81.046] TLM t=  12.5 L1·A@-70 L2·A@-65 L3·A@-73 R1·A@-73 R2·A@-67 R3·A@-62 罐=无罐 泵=0 阀=111111 速=+0,+0,+0.00 电=8.20V/0.73A/峰1.55 补余=0.0 IO错=0 倾+0.0
[   81.568] TLM t=  13.0 L1·A@-70 L2·A@-65 L3·A@-73 R1·A@-73 R2·A@-67 R3·A@-62 罐=无罐 泵=0 阀=111111 速=+0,+0,+0.00 电=8.20V/0.73A/峰1.55 补余=0.0 IO错=0 倾+0.0
[   82.070] TLM t=  13.5 L1·A@-69 L2·A@-65 L3·A@-73 R1·A@-73 R2·A@-67 R3·A@-61 罐=无罐 泵=0 阀=111111 速=+0,+0,+0.00 电=8.19V/0.73A/峰1.55 补余=0.0 IO错=0 倾+0.0
[   82.594] TLM t=  14.0 L1·A@-69 L2·A@-64 L3·A@-73 R1·A@-73 R2·A@-66 R3·A@-61 罐=无罐 泵=0 阀=111111 速=+0,+0,+0.00 电=8.20V/0.73A/峰1.55 补余=0.0 IO错=0 倾+0.0
[   83.089] EVT 泵 开 最差盘压-59.9
[   83.099] TLM t=  14.5 L1·A@-69 L2·A@-64 L3·A@-73 R1·A@-73 R2·A@-66 R3·A@-60 罐=无罐 泵=1 阀=111111 速=+0,+0,+0.00 电=8.01V/0.73A/峰1.55 补余=0.0 IO错=0 倾+0.0
[   83.619] TLM t=  15.1 L1·A@-70 L2·A@-70 L3·A@-73 R1·A@-73 R2·A@-70 R3·A@-69 罐=无罐 泵=1 阀=111111 速=+0,+0,+0.00 电=8.11V/0.73A/峰1.55 补余=0.0 IO错=0 倾+0.0
[   84.065] EVT 实验序列开跑：起跑静置 60s 后打标记，自动轮换 3 轮
[   84.065] EVT 键 't' 倾=+0.0待=+0.0
[   84.093] EVT 泵 停 最差盘压-75.3
[   84.121] TLM t=  15.6 L1·A@-76 L2·A@-76 L3·A@-76 R1·A@-75 R2·A@-76 R3·A@-76 罐=无罐 泵=0 阀=111111 速=+0,+0,+0.00 电=8.19V/0.81A/峰1.55 补余=0.0 IO错=0 倾+0.0 自动1/3
[   84.647] TLM t=  16.1 L1·A@-76 L2·A@-76 L3·A@-76 R1·A@-76 R2·A@-76 R3·A@-76 罐=无罐 泵=0 阀=111111 速=+0,+0,+0.00 电=8.20V/0.73A/峰1.55 补余=0.0 IO错=0 倾+0.0 自动1/3
[   85.147] TLM t=  16.6 L1·A@-76 L2·A@-76 L3·A@-76 R1·A@-76 R2·A@-75 R3·A@-75 罐=无罐 泵=0 阀=111111 速=+0,+0,+0.00 电=8.20V/0.73A/峰1.55 补余=0.0 IO错=0 倾+0.0 自动1/3
[   85.672] TLM t=  17.1 L1·A@-76 L2·A@-75 L3·A@-76 R1·A@-76 R2·A@-75 R3·A@-75 罐=无罐 泵=0 阀=111111 速=+0,+0,+0.00 电=8.20V/0.73A/峰1.55 补余=0.0 IO错=0 倾+0.0 自动1/3
[   86.179] TLM t=  17.6 L1·A@-76 L2·A@-75 L3·A@-76 R1·A@-75 R2·A@-74 R3·A@-74 罐=无罐 泵=0 阀=111111 速=+0,+0,+0.00 电=8.20V/0.73A/峰1.55 补余=0.0 IO错=0 倾+0.0 自动1/3
[   86.698] TLM t=  18.1 L1·A@-75 L2·A@-74 L3·A@-76 R1·A@-75 R2·A@-74 R3·A@-73 罐=无罐 泵=0 阀=111111 速=+0,+0,+0.00 电=8.20V/0.73A/峰1.55 补余=0.0 IO错=0 倾+0.0 自动1/3
[   87.204] TLM t=  18.6 L1·A@-75 L2·A@-74 L3·A@-76 R1·A@-75 R2·A@-74 R3·A@-73 罐=无罐 泵=0 阀=111111 速=+0,+0,+0.00 电=8.19V/0.81A/峰1.55 补余=0.0 IO错=0 倾+0.0 自动1/3
[   87.728] TLM t=  19.1 L1·A@-75 L2·A@-73 L3·A@-76 R1·A@-75 R2·A@-73 R3·A@-72 罐=无罐 泵=0 阀=111111 速=+0,+0,+0.00 电=8.20V/0.81A/峰1.55 补余=0.0 IO错=0 倾+0.0 自动1/3
[   88.231] TLM t=  19.6 L1·A@-75 L2·A@-73 L3·A@-75 R1·A@-75 R2·A@-73 R3·A@-71 罐=无罐 泵=0 阀=111111 速=+0,+0,+0.00 电=8.20V/0.73A/峰1.55 补余=0.0 IO错=0 倾+0.0 自动1/3
[   88.752] TLM t=  20.2 L1·A@-75 L2·A@-73 L3·A@-75 R1·A@-75 R2·A@-73 R3·A@-71 罐=无罐 泵=0 阀=111111 速=+0,+0,+0.00 电=8.20V/0.73A/峰1.55 补余=0.0 IO错=0 倾+0.0 自动1/3
[   89.254] TLM t=  20.7 L1·A@-74 L2·A@-72 L3·A@-75 R1·A@-75 R2·A@-72 R3·A@-70 罐=无罐 泵=0 阀=111111 速=+0,+0,+0.00 电=8.19V/0.73A/峰1.55 补余=0.0 IO错=0 倾+0.0 自动1/3
[   89.775] TLM t=  21.2 L1·A@-74 L2·A@-72 L3·A@-75 R1·A@-75 R2·A@-72 R3·A@-70 罐=无罐 泵=0 阀=111111 速=+0,+0,+0.00 电=8.20V/0.81A/峰1.55 补余=0.0 IO错=0 倾+0.0 自动1/3
[   90.278] TLM t=  21.7 L1·A@-74 L2·A@-71 L3·A@-75 R1·A@-75 R2·A@-72 R3·A@-69 罐=无罐 泵=0 阀=111111 速=+0,+0,+0.00 电=8.20V/0.81A/峰1.55 补余=0.0 IO错=0 倾+0.0 自动1/3
[   90.802] TLM t=  22.2 L1·A@-74 L2·A@-71 L3·A@-75 R1·A@-75 R2·A@-71 R3·A@-69 罐=无罐 泵=0 阀=111111 速=+0,+0,+0.00 电=8.19V/0.73A/峰1.55 补余=0.0 IO错=0 倾+0.0 自动1/3
[   91.307] TLM t=  22.7 L1·A@-74 L2·A@-71 L3·A@-75 R1·A@-75 R2·A@-71 R3·A@-68 罐=无罐 泵=0 阀=111111 速=+0,+0,+0.00 电=8.20V/0.73A/峰1.55 补余=0.0 IO错=0 倾+0.0 自动1/3
[   91.830] TLM t=  23.2 L1·A@-73 L2·A@-70 L3·A@-75 R1·A@-75 R2·A@-71 R3·A@-68 罐=无罐 泵=0 阀=111111 速=+0,+0,+0.00 电=8.20V/0.73A/峰1.55 补余=0.0 IO错=0 倾+0.0 自动1/3
[   92.333] TLM t=  23.7 L1·A@-73 L2·A@-70 L3·A@-75 R1·A@-75 R2·A@-70 R3·A@-67 罐=无罐 泵=0 阀=111111 速=+0,+0,+0.00 电=8.19V/0.73A/峰1.55 补余=0.0 IO错=0 倾+0.0 自动1/3
[   92.853] TLM t=  24.2 L1·A@-73 L2·A@-69 L3·A@-75 R1·A@-75 R2·A@-70 R3·A@-66 罐=无罐 泵=0 阀=111111 速=+0,+0,+0.00 电=8.20V/0.73A/峰1.55 补余=0.0 IO错=0 倾+0.0 自动1/3
[   93.358] TLM t=  24.7 L1·A@-73 L2·A@-69 L3·A@-74 R1·A@-74 R2·A@-70 R3·A@-66 罐=无罐 泵=0 阀=111111 速=+0,+0,+0.00 电=8.20V/0.73A/峰1.55 补余=0.0 IO错=0 倾+0.0 自动1/3
[   93.879] TLM t=  25.3 L1·A@-73 L2·A@-69 L3·A@-74 R1·A@-74 R2·A@-69 R3·A@-65 罐=无罐 泵=0 阀=111111 速=+0,+0,+0.00 电=8.20V/0.81A/峰1.55 补余=0.0 IO错=0 倾+0.0 自动1/3
[   94.380] TLM t=  25.8 L1·A@-73 L2·A@-68 L3·A@-74 R1·A@-74 R2·A@-69 R3·A@-65 罐=无罐 泵=0 阀=111111 速=+0,+0,+0.00 电=8.20V/0.65A/峰1.55 补余=0.0 IO错=0 倾+0.0 自动1/3
[   94.905] TLM t=  26.3 L1·A@-72 L2·A@-68 L3·A@-74 R1·A@-74 R2·A@-69 R3·A@-64 罐=无罐 泵=0 阀=111111 速=+0,+0,+0.00 电=8.20V/0.73A/峰1.55 补余=0.0 IO错=0 倾+0.0 自动1/3
[   95.406] TLM t=  26.8 L1·A@-72 L2·A@-67 L3·A@-74 R1·A@-74 R2·A@-68 R3·A@-64 罐=无罐 泵=0 阀=111111 速=+0,+0,+0.00 电=8.20V/0.73A/峰1.55 补余=0.0 IO错=0 倾+0.0 自动1/3
[   95.930] TLM t=  27.3 L1·A@-72 L2·A@-67 L3·A@-74 R1·A@-74 R2·A@-68 R3·A@-63 罐=无罐 泵=0 阀=111111 速=+0,+0,+0.00 电=8.20V/0.73A/峰1.55 补余=0.0 IO错=0 倾+0.0 自动1/3
[   96.437] TLM t=  27.8 L1·A@-72 L2·A@-67 L3·A@-74 R1·A@-74 R2·A@-68 R3·A@-63 罐=无罐 泵=0 阀=111111 速=+0,+0,+0.00 电=8.20V/0.81A/峰1.55 补余=0.0 IO错=0 倾+0.0 自动1/3
[   96.954] TLM t=  28.3 L1·A@-72 L2·A@-66 L3·A@-74 R1·A@-74 R2·A@-67 R3·A@-62 罐=无罐 泵=0 阀=111111 速=+0,+0,+0.00 电=8.20V/0.81A/峰1.55 补余=0.0 IO错=0 倾+0.0 自动1/3
[   97.457] TLM t=  28.8 L1·A@-72 L2·A@-66 L3·A@-74 R1·A@-74 R2·A@-67 R3·A@-61 罐=无罐 泵=0 阀=111111 速=+0,+0,+0.00 电=8.19V/0.73A/峰1.55 补余=0.0 IO错=0 倾+0.0 自动1/3
[   97.982] TLM t=  29.3 L1·A@-71 L2·A@-65 L3·A@-74 R1·A@-74 R2·A@-67 R3·A@-61 罐=无罐 泵=0 阀=111111 速=+0,+0,+0.00 电=8.20V/0.73A/峰1.55 补余=0.0 IO错=0 倾+0.0 自动1/3
[   98.485] TLM t=  29.8 L1·A@-71 L2·A@-65 L3·A@-74 R1·A@-74 R2·A@-66 R3·A@-60 罐=无罐 泵=0 阀=111111 速=+0,+0,+0.00 电=8.20V/0.73A/峰1.55 补余=0.0 IO错=0 倾+0.0 自动1/3
[   98.898] EVT 泵 开 最差盘压-59.9
[   99.008] TLM t=  30.4 L1·A@-71 L2·A@-65 L3·A@-73 R1·A@-74 R2·A@-66 R3·A@-60 罐=无罐 泵=1 阀=111111 速=+0,+0,+0.00 电=8.15V/0.73A/峰1.55 补余=0.0 IO错=0 倾+0.0 自动1/3
[   99.513] TLM t=  30.9 L1·A@-72 L2·A@-72 L3·A@-73 R1·A@-74 R2·A@-72 R3·A@-72 罐=无罐 泵=1 阀=111111 速=+0,+0,+0.00 电=8.13V/0.73A/峰1.55 补余=0.0 IO错=0 倾+0.0 自动1/3
[   99.843] EVT 泵 停 最差盘压-75.0
[  100.031] TLM t=  31.4 L1·A@-76 L2·A@-76 L3·A@-76 R1·A@-76 R2·A@-76 R3·A@-76 罐=无罐 泵=0 阀=111111 速=+0,+0,+0.00 电=8.19V/0.73A/峰1.55 补余=0.0 IO错=0 倾+0.0 自动1/3
[  100.535] TLM t=  31.9 L1·A@-76 L2·A@-76 L3·A@-76 R1·A@-75 R2·A@-75 R3·A@-75 罐=无罐 泵=0 阀=111111 速=+0,+0,+0.00 电=8.20V/0.65A/峰1.55 补余=0.0 IO错=0 倾+0.0 自动1/3
[  101.055] TLM t=  32.4 L1·A@-76 L2·A@-75 L3·A@-76 R1·A@-75 R2·A@-75 R3·A@-75 罐=无罐 泵=0 阀=111111 速=+0,+0,+0.00 电=8.19V/0.73A/峰1.55 补余=0.0 IO错=0 倾+0.0 自动1/3
[  101.560] TLM t=  32.9 L1·A@-76 L2·A@-75 L3·A@-76 R1·A@-75 R2·A@-75 R3·A@-74 罐=无罐 泵=0 阀=111111 速=+0,+0,+0.00 电=8.19V/0.73A/峰1.55 补余=0.0 IO错=0 倾+0.0 自动1/3
[  102.079] TLM t=  33.4 L1·A@-75 L2·A@-74 L3·A@-76 R1·A@-75 R2·A@-74 R3·A@-74 罐=无罐 泵=0 阀=111111 速=+0,+0,+0.00 电=8.19V/0.73A/峰1.55 补余=0.0 IO错=0 倾+0.0 自动1/3
[  102.589] TLM t=  33.9 L1·A@-75 L2·A@-74 L3·A@-76 R1·A@-75 R2·A@-74 R3·A@-73 罐=无罐 泵=0 阀=111111 速=+0,+0,+0.00 电=8.20V/0.73A/峰1.55 补余=0.0 IO错=0 倾+0.0 自动1/3
[  103.108] TLM t=  34.4 L1·A@-75 L2·A@-74 L3·A@-75 R1·A@-75 R2·A@-73 R3·A@-72 罐=无罐 泵=0 阀=111111 速=+0,+0,+0.00 电=8.19V/0.73A/峰1.55 补余=0.0 IO错=0 倾+0.0 自动1/3
[  103.612] TLM t=  34.9 L1·A@-75 L2·A@-73 L3·A@-75 R1·A@-75 R2·A@-73 R3·A@-72 罐=无罐 泵=0 阀=111111 速=+0,+0,+0.00 电=8.19V/0.81A/峰1.55 补余=0.0 IO错=0 倾+0.0 自动1/3
[  104.133] TLM t=  35.5 L1·A@-75 L2·A@-73 L3·A@-75 R1·A@-75 R2·A@-73 R3·A@-71 罐=无罐 泵=0 阀=111111 速=+0,+0,+0.00 电=8.20V/0.73A/峰1.55 补余=0.0 IO错=0 倾+0.0 自动1/3
[  104.635] TLM t=  36.0 L1·A@-75 L2·A@-72 L3·A@-75 R1·A@-75 R2·A@-72 R3·A@-71 罐=无罐 泵=0 阀=111111 速=+0,+0,+0.00 电=8.19V/0.73A/峰1.55 补余=0.0 IO错=0 倾+0.0 自动1/3
[  105.159] TLM t=  36.5 L1·A@-74 L2·A@-72 L3·A@-75 R1·A@-75 R2·A@-72 R3·A@-70 罐=无罐 泵=0 阀=111111 速=+0,+0,+0.00 电=8.19V/0.73A/峰1.55 补余=0.0 IO错=0 倾+0.0 自动1/3
[  105.663] TLM t=  37.0 L1·A@-74 L2·A@-72 L3·A@-75 R1·A@-75 R2·A@-72 R3·A@-69 罐=无罐 泵=0 阀=111111 速=+0,+0,+0.00 电=8.19V/0.73A/峰1.55 补余=0.0 IO错=0 倾+0.0 自动1/3
[  106.182] TLM t=  37.5 L1·A@-74 L2·A@-71 L3·A@-75 R1·A@-75 R2·A@-71 R3·A@-69 罐=无罐 泵=0 阀=111111 速=+0,+0,+0.00 电=8.19V/0.73A/峰1.55 补余=0.0 IO错=0 倾+0.0 自动1/3
[  106.686] TLM t=  38.0 L1·A@-74 L2·A@-71 L3·A@-75 R1·A@-75 R2·A@-71 R3·A@-68 罐=无罐 泵=0 阀=111111 速=+0,+0,+0.00 电=8.20V/0.73A/峰1.55 补余=0.0 IO错=0 倾+0.0 自动1/3
[  107.206] TLM t=  38.5 L1·A@-74 L2·A@-70 L3·A@-75 R1·A@-75 R2·A@-71 R3·A@-68 罐=无罐 泵=0 阀=111111 速=+0,+0,+0.00 电=8.19V/0.81A/峰1.55 补余=0.0 IO错=0 倾+0.0 自动1/3
[  107.707] TLM t=  39.0 L1·A@-73 L2·A@-70 L3·A@-75 R1·A@-75 R2·A@-70 R3·A@-67 罐=无罐 泵=0 阀=111111 速=+0,+0,+0.00 电=8.20V/0.73A/峰1.55 补余=0.0 IO错=0 倾+0.0 自动1/3
[  108.233] TLM t=  39.5 L1·A@-73 L2·A@-70 L3·A@-75 R1·A@-75 R2·A@-70 R3·A@-67 罐=无罐 泵=0 阀=111111 速=+0,+0,+0.00 电=8.19V/0.73A/峰1.55 补余=0.0 IO错=0 倾+0.0 自动1/3
[  108.739] TLM t=  40.0 L1·A@-73 L2·A@-69 L3·A@-74 R1·A@-74 R2·A@-70 R3·A@-66 罐=无罐 泵=0 阀=111111 速=+0,+0,+0.00 电=8.19V/0.81A/峰1.55 补余=0.0 IO错=0 倾+0.0 自动1/3
[  109.259] TLM t=  40.6 L1·A@-73 L2·A@-69 L3·A@-74 R1·A@-74 R2·A@-69 R3·A@-66 罐=无罐 泵=0 阀=111111 速=+0,+0,+0.00 电=8.20V/0.65A/峰1.55 补余=0.0 IO错=0 倾+0.0 自动1/3
[  109.761] TLM t=  41.1 L1·A@-73 L2·A@-68 L3·A@-74 R1·A@-74 R2·A@-69 R3·A@-65 罐=无罐 泵=0 阀=111111 速=+0,+0,+0.00 电=8.19V/0.73A/峰1.55 补余=0.0 IO错=0 倾+0.0 自动1/3
[  110.283] TLM t=  41.6 L1·A@-73 L2·A@-68 L3·A@-74 R1·A@-74 R2·A@-69 R3·A@-64 罐=无罐 泵=0 阀=111111 速=+0,+0,+0.00 电=8.19V/0.73A/峰1.55 补余=0.0 IO错=0 倾+0.0 自动1/3
[  110.788] TLM t=  42.1 L1·A@-72 L2·A@-68 L3·A@-74 R1·A@-74 R2·A@-68 R3·A@-64 罐=无罐 泵=0 阀=111111 速=+0,+0,+0.00 电=8.20V/0.65A/峰1.55 补余=0.0 IO错=0 倾+0.0 自动1/3
[  111.308] TLM t=  42.6 L1·A@-72 L2·A@-67 L3·A@-74 R1·A@-74 R2·A@-68 R3·A@-63 罐=无罐 泵=0 阀=111111 速=+0,+0,+0.00 电=8.20V/0.73A/峰1.55 补余=0.0 IO错=0 倾+0.0 自动1/3
[  111.816] TLM t=  43.1 L1·A@-72 L2·A@-67 L3·A@-74 R1·A@-74 R2·A@-68 R3·A@-63 罐=无罐 泵=0 阀=111111 速=+0,+0,+0.00 电=8.20V/0.73A/峰1.55 补余=0.0 IO错=0 倾+0.0 自动1/3
[  112.326] TLM t=  43.6 L1·A@-72 L2·A@-67 L3·A@-74 R1·A@-74 R2·A@-68 R3·A@-62 罐=无罐 泵=0 阀=111111 速=+0,+0,+0.00 电=8.19V/0.73A/峰1.55 补余=0.0 IO错=0 倾+0.0 自动1/3
[  112.833] TLM t=  44.1 L1·A@-72 L2·A@-66 L3·A@-74 R1·A@-74 R2·A@-67 R3·A@-62 罐=无罐 泵=0 阀=111111 速=+0,+0,+0.00 电=8.19V/0.73A/峰1.55 补余=0.0 IO错=0 倾+0.0 自动1/3
[  113.351] TLM t=  44.6 L1·A@-72 L2·A@-66 L3·A@-74 R1·A@-74 R2·A@-67 R3·A@-61 罐=无罐 泵=0 阀=111111 速=+0,+0,+0.00 电=8.18V/0.81A/峰1.55 补余=0.0 IO错=0 倾+0.0 自动1/3
[  113.857] TLM t=  45.1 L1·A@-71 L2·A@-65 L3·A@-74 R1·A@-74 R2·A@-66 R3·A@-61 罐=无罐 泵=0 阀=111111 速=+0,+0,+0.00 电=8.19V/0.73A/峰1.55 补余=0.0 IO错=0 倾+0.0 自动1/3
[  114.380] TLM t=  45.6 L1·A@-71 L2·A@-65 L3·A@-74 R1·A@-74 R2·A@-66 R3·A@-60 罐=无罐 泵=0 阀=111111 速=+0,+0,+0.00 电=8.19V/0.73A/峰1.55 补余=0.0 IO错=0 倾+0.0 自动1/3
[  114.574] EVT 泵 开 最差盘压-60.0
[  114.883] TLM t=  46.1 L1·A@-71 L2·A@-65 L3·A@-73 R1·A@-74 R2·A@-66 R3·A@-63 罐=无罐 泵=1 阀=111111 速=+0,+0,+0.00 电=8.17V/0.81A/峰1.55 补余=0.0 IO错=0 倾+0.0 自动1/3
[  115.403] TLM t=  46.6 L1·A@-75 L2·A@-75 L3·A@-75 R1·A@-74 R2·A@-74 R3·A@-74 罐=无罐 泵=1 阀=111111 速=+0,+0,+0.00 电=8.18V/0.81A/峰1.55 补余=0.0 IO错=0 倾+0.0 自动1/3
[  115.537] EVT 泵 停 最差盘压-75.1
[  115.907] TLM t=  47.1 L1·A@-76 L2·A@-76 L3·A@-76 R1·A@-76 R2·A@-76 R3·A@-76 罐=无罐 泵=0 阀=111111 速=+0,+0,+0.00 电=8.18V/0.73A/峰1.55 补余=0.0 IO错=0 倾+0.0 自动1/3
[  116.427] TLM t=  47.7 L1·A@-76 L2·A@-76 L3·A@-76 R1·A@-76 R2·A@-75 R3·A@-75 罐=无罐 泵=0 阀=111111 速=+0,+0,+0.00 电=8.19V/0.73A/峰1.55 补余=0.0 IO错=0 倾+0.0 自动1/3
[  116.929] TLM t=  48.2 L1·A@-76 L2·A@-75 L3·A@-76 R1·A@-75 R2·A@-75 R3·A@-75 罐=无罐 泵=0 阀=111111 速=+0,+0,+0.00 电=8.19V/0.73A/峰1.55 补余=0.0 IO错=0 倾+0.0 自动1/3
[  117.451] TLM t=  48.7 L1·A@-76 L2·A@-75 L3·A@-76 R1·A@-75 R2·A@-75 R3·A@-74 罐=无罐 泵=0 阀=111111 速=+0,+0,+0.00 电=8.19V/0.73A/峰1.55 补余=0.0 IO错=0 倾+0.0 自动1/3
[  117.954] TLM t=  49.2 L1·A@-75 L2·A@-74 L3·A@-76 R1·A@-75 R2·A@-74 R3·A@-73 罐=无罐 泵=0 阀=111111 速=+0,+0,+0.00 电=8.20V/0.73A/峰1.55 补余=0.0 IO错=0 倾+0.0 自动1/3
[  118.475] TLM t=  49.7 L1·A@-75 L2·A@-74 L3·A@-76 R1·A@-75 R2·A@-74 R3·A@-73 罐=无罐 泵=0 阀=111111 速=+0,+0,+0.00 电=8.19V/0.73A/峰1.55 补余=0.0 IO错=0 倾+0.0 自动1/3
[  118.980] TLM t=  50.2 L1·A@-75 L2·A@-74 L3·A@-76 R1·A@-75 R2·A@-74 R3·A@-72 罐=无罐 泵=0 阀=111111 速=+0,+0,+0.00 电=8.19V/0.81A/峰1.55 补余=0.0 IO错=0 倾+0.0 自动1/3
[  119.498] TLM t=  50.7 L1·A@-75 L2·A@-73 L3·A@-76 R1·A@-75 R2·A@-73 R3·A@-72 罐=无罐 泵=0 阀=111111 速=+0,+0,+0.00 电=8.19V/0.73A/峰1.55 补余=0.0 IO错=0 倾+0.0 自动1/3
[  120.002] TLM t=  51.2 L1·A@-75 L2·A@-73 L3·A@-75 R1·A@-75 R2·A@-73 R3·A@-71 罐=无罐 泵=0 阀=111111 速=+0,+0,+0.00 电=8.18V/0.73A/峰1.55 补余=0.0 IO错=0 倾+0.0 自动1/3
[  120.525] TLM t=  51.7 L1·A@-75 L2·A@-72 L3·A@-75 R1·A@-75 R2·A@-72 R3·A@-71 罐=无罐 泵=0 阀=111111 速=+0,+0,+0.00 电=8.20V/0.73A/峰1.55 补余=0.0 IO错=0 倾+0.0 自动1/3
[  121.026] TLM t=  52.2 L1·A@-74 L2·A@-72 L3·A@-75 R1·A@-75 R2·A@-72 R3·A@-70 罐=无罐 泵=0 阀=111111 速=+0,+0,+0.00 电=8.19V/0.81A/峰1.55 补余=0.0 IO错=0 倾+0.0 自动1/3
[  121.547] TLM t=  52.8 L1·A@-74 L2·A@-72 L3·A@-75 R1·A@-75 R2·A@-72 R3·A@-69 罐=无罐 泵=0 阀=111111 速=+0,+0,+0.00 电=8.19V/0.73A/峰1.55 补余=0.0 IO错=0 倾+0.0 自动1/3
[  122.054] TLM t=  53.3 L1·A@-74 L2·A@-71 L3·A@-75 R1·A@-75 R2·A@-71 R3·A@-69 罐=无罐 泵=0 阀=111111 速=+0,+0,+0.00 电=8.19V/0.73A/峰1.55 补余=0.0 IO错=0 倾+0.0 自动1/3
[  122.573] TLM t=  53.8 L1·A@-74 L2·A@-71 L3·A@-75 R1·A@-75 R2·A@-71 R3·A@-68 罐=无罐 泵=0 阀=111111 速=+0,+0,+0.00 电=8.19V/0.73A/峰1.55 补余=0.0 IO错=0 倾+0.0 自动1/3
[  123.076] TLM t=  54.3 L1·A@-74 L2·A@-70 L3·A@-75 R1·A@-75 R2·A@-71 R3·A@-68 罐=无罐 泵=0 阀=111111 速=+0,+0,+0.00 电=8.19V/0.73A/峰1.55 补余=0.0 IO错=0 倾+0.0 自动1/3
[  123.603] TLM t=  54.8 L1·A@-74 L2·A@-70 L3·A@-75 R1·A@-75 R2·A@-70 R3·A@-67 罐=无罐 泵=0 阀=111111 速=+0,+0,+0.00 电=8.19V/0.73A/峰1.55 补余=0.0 IO错=0 倾+0.0 自动1/3
[  124.103] TLM t=  55.3 L1·A@-73 L2·A@-70 L3·A@-75 R1·A@-75 R2·A@-70 R3·A@-67 罐=无罐 泵=0 阀=111111 速=+0,+0,+0.00 电=8.19V/0.73A/峰1.55 补余=0.0 IO错=0 倾+0.0 自动1/3
[  124.631] TLM t=  55.8 L1·A@-73 L2·A@-69 L3·A@-75 R1·A@-75 R2·A@-70 R3·A@-66 罐=无罐 泵=0 阀=111111 速=+0,+0,+0.00 电=8.19V/0.73A/峰1.55 补余=0.0 IO错=0 倾+0.0 自动1/3
[  125.134] TLM t=  56.3 L1·A@-73 L2·A@-69 L3·A@-75 R1·A@-75 R2·A@-69 R3·A@-66 罐=无罐 泵=0 阀=111111 速=+0,+0,+0.00 电=8.19V/0.73A/峰1.55 补余=0.0 IO错=0 倾+0.0 自动1/3
[  125.656] TLM t=  56.8 L1·A@-73 L2·A@-68 L3·A@-74 R1·A@-75 R2·A@-69 R3·A@-65 罐=无罐 泵=0 阀=111111 速=+0,+0,+0.00 电=8.19V/0.73A/峰1.55 补余=0.0 IO错=0 倾+0.0 自动1/3
[  126.158] TLM t=  57.3 L1·A@-73 L2·A@-68 L3·A@-74 R1·A@-74 R2·A@-69 R3·A@-64 罐=无罐 泵=0 阀=111111 速=+0,+0,+0.00 电=8.19V/0.73A/峰1.55 补余=0.0 IO错=0 倾+0.0 自动1/3
[  126.682] TLM t=  57.9 L1·A@-73 L2·A@-68 L3·A@-74 R1·A@-74 R2·A@-68 R3·A@-64 罐=无罐 泵=0 阀=111111 速=+0,+0,+0.00 电=8.19V/0.73A/峰1.55 补余=0.0 IO错=0 倾+0.0 自动1/3
[  127.186] TLM t=  58.4 L1·A@-72 L2·A@-67 L3·A@-74 R1·A@-74 R2·A@-68 R3·A@-63 罐=无罐 泵=0 阀=111111 速=+0,+0,+0.00 电=8.19V/0.73A/峰1.55 补余=0.0 IO错=0 倾+0.0 自动1/3
[  127.708] TLM t=  58.9 L1·A@-72 L2·A@-67 L3·A@-74 R1·A@-74 R2·A@-68 R3·A@-63 罐=无罐 泵=0 阀=111111 速=+0,+0,+0.00 电=8.19V/0.73A/峰1.55 补余=0.0 IO错=0 倾+0.0 自动1/3
[  128.209] TLM t=  59.4 L1·A@-72 L2·A@-67 L3·A@-74 R1·A@-74 R2·A@-68 R3·A@-62 罐=无罐 泵=0 阀=111111 速=+0,+0,+0.00 电=8.19V/0.73A/峰1.55 补余=0.0 IO错=0 倾+0.0 自动1/3
[  128.732] TLM t=  59.9 L1·A@-72 L2·A@-66 L3·A@-74 R1·A@-74 R2·A@-67 R3·A@-62 罐=无罐 泵=0 阀=111111 速=+0,+0,+0.00 电=8.19V/0.73A/峰1.55 补余=0.0 IO错=0 倾+0.0 自动1/3
[  129.239] TLM t=  60.4 L1·A@-72 L2·A@-66 L3·A@-74 R1·A@-74 R2·A@-67 R3·A@-61 罐=无罐 泵=0 阀=111111 速=+0,+0,+0.00 电=8.19V/0.81A/峰1.55 补余=0.0 IO错=0 倾+0.0 自动1/3
[  129.758] TLM t=  60.9 L1·A@-72 L2·A@-65 L3·A@-74 R1·A@-74 R2·A@-67 R3·A@-61 罐=无罐 泵=0 阀=111111 速=+0,+0,+0.00 电=8.19V/0.73A/峰1.55 补余=0.0 IO错=0 倾+0.0 自动1/3
[  130.262] TLM t=  61.4 L1·A@-71 L2·A@-65 L3·A@-74 R1·A@-74 R2·A@-66 R3·A@-60 罐=无罐 泵=0 阀=111111 速=+0,+0,+0.00 电=8.19V/0.65A/峰1.55 补余=0.0 IO错=0 倾+0.0 自动1/3
[  130.495] EVT 泵 开 最差盘压-59.9
[  130.785] TLM t=  61.9 L1·A@-71 L2·A@-65 L3·A@-74 R1·A@-74 R2·A@-66 R3·A@-60 罐=无罐 泵=1 阀=111111 速=+0,+0,+0.00 电=8.16V/0.73A/峰1.55 补余=0.0 IO错=0 倾+0.0 自动1/3
[  131.287] TLM t=  62.4 L1·A@-74 L2·A@-74 L3·A@-74 R1·A@-74 R2·A@-74 R3·A@-74 罐=无罐 泵=1 阀=111111 速=+0,+0,+0.00 电=8.12V/0.81A/峰1.55 补余=0.0 IO错=0 倾+0.0 自动1/3
[  131.460] EVT 泵 停 最差盘压-75.2
[  131.808] TLM t=  63.0 L1·A@-76 L2·A@-76 L3·A@-76 R1·A@-76 R2·A@-76 R3·A@-76 罐=无罐 泵=0 阀=111111 速=+0,+0,+0.00 电=8.19V/0.65A/峰1.55 补余=0.0 IO错=0 倾+0.0 自动1/3
[  132.313] TLM t=  63.5 L1·A@-76 L2·A@-76 L3·A@-76 R1·A@-76 R2·A@-75 R3·A@-75 罐=无罐 泵=0 阀=111111 速=+0,+0,+0.00 电=8.19V/0.73A/峰1.55 补余=0.0 IO错=0 倾+0.0 自动1/3
[  132.833] TLM t=  64.0 L1·A@-76 L2·A@-75 L3·A@-76 R1·A@-76 R2·A@-75 R3·A@-75 罐=无罐 泵=0 阀=111111 速=+0,+0,+0.00 电=8.19V/0.73A/峰1.55 补余=0.0 IO错=0 倾+0.0 自动1/3
[  133.338] TLM t=  64.5 L1·A@-76 L2·A@-75 L3·A@-76 R1·A@-75 R2·A@-75 R3·A@-74 罐=无罐 泵=0 阀=111111 速=+0,+0,+0.00 电=8.18V/0.65A/峰1.55 补余=0.0 IO错=0 倾+0.0 自动1/3
[  133.859] TLM t=  65.0 L1·A@-76 L2·A@-75 L3·A@-76 R1·A@-75 R2·A@-74 R3·A@-74 罐=无罐 泵=0 阀=111111 速=+0,+0,+0.00 电=8.18V/0.73A/峰1.55 补余=0.0 IO错=0 倾+0.0 自动1/3
[  134.360] TLM t=  65.5 L1·A@-75 L2·A@-74 L3·A@-76 R1·A@-75 R2·A@-74 R3·A@-73 罐=无罐 泵=0 阀=111111 速=+0,+0,+0.00 电=8.18V/0.73A/峰1.55 补余=0.0 IO错=0 倾+0.0 自动1/3
[  134.884] TLM t=  66.0 L1·A@-75 L2·A@-74 L3·A@-76 R1·A@-75 R2·A@-74 R3·A@-72 罐=无罐 泵=0 阀=111111 速=+0,+0,+0.00 电=8.19V/0.73A/峰1.55 补余=0.0 IO错=0 倾+0.0 自动1/3
[  135.395] TLM t=  66.5 L1·A@-75 L2·A@-73 L3·A@-76 R1·A@-75 R2·A@-73 R3·A@-72 罐=无罐 泵=0 阀=111111 速=+0,+0,+0.00 电=8.18V/0.81A/峰1.55 补余=0.0 IO错=0 倾+0.0 自动1/3
[  135.912] TLM t=  67.0 L1·A@-75 L2·A@-73 L3·A@-75 R1·A@-75 R2·A@-73 R3·A@-71 罐=无罐 泵=0 阀=111111 速=+0,+0,+0.00 电=8.19V/0.73A/峰1.55 补余=0.0 IO错=0 倾+0.0 自动1/3
[  136.415] TLM t=  67.5 L1·A@-75 L2·A@-72 L3·A@-75 R1·A@-75 R2·A@-72 R3·A@-71 罐=无罐 泵=0 阀=111111 速=+0,+0,+0.00 电=8.19V/0.65A/峰1.55 补余=0.0 IO错=0 倾+0.0 自动1/3
[  136.936] TLM t=  68.1 L1·A@-74 L2·A@-72 L3·A@-75 R1·A@-75 R2·A@-72 R3·A@-70 罐=无罐 泵=0 阀=111111 速=+0,+0,+0.00 电=8.19V/0.73A/峰1.55 补余=0.0 IO错=0 倾+0.0 自动1/3
[  137.439] TLM t=  68.6 L1·A@-74 L2·A@-72 L3·A@-75 R1·A@-75 R2·A@-72 R3·A@-69 罐=无罐 泵=0 阀=111111 速=+0,+0,+0.00 电=8.18V/0.81A/峰1.55 补余=0.0 IO错=0 倾+0.0 自动1/3
[  137.961] TLM t=  69.1 L1·A@-74 L2·A@-71 L3·A@-75 R1·A@-75 R2·A@-72 R3·A@-69 罐=无罐 泵=0 阀=111111 速=+0,+0,+0.00 电=8.19V/0.73A/峰1.55 补余=0.0 IO错=0 倾+0.0 自动1/3
[  138.466] TLM t=  69.6 L1·A@-74 L2·A@-71 L3·A@-75 R1·A@-75 R2·A@-71 R3·A@-68 罐=无罐 泵=0 阀=111111 速=+0,+0,+0.00 电=8.19V/0.73A/峰1.55 补余=0.0 IO错=0 倾+0.0 自动1/3
[  138.985] TLM t=  70.1 L1·A@-74 L2·A@-70 L3·A@-75 R1·A@-75 R2·A@-71 R3·A@-68 罐=无罐 泵=0 阀=111111 速=+0,+0,+0.00 电=8.19V/0.73A/峰1.55 补余=0.0 IO错=0 倾+0.0 自动1/3
[  139.489] TLM t=  70.6 L1·A@-74 L2·A@-70 L3·A@-75 R1·A@-75 R2·A@-71 R3·A@-67 罐=无罐 泵=0 阀=111111 速=+0,+0,+0.00 电=8.19V/0.73A/峰1.55 补余=0.0 IO错=0 倾+0.0 自动1/3
[  140.011] TLM t=  71.1 L1·A@-73 L2·A@-70 L3·A@-75 R1·A@-75 R2·A@-70 R3·A@-67 罐=无罐 泵=0 阀=111111 速=+0,+0,+0.00 电=8.17V/0.73A/峰1.55 补余=0.0 IO错=0 倾+0.0 自动1/3
[  140.513] TLM t=  71.6 L1·A@-73 L2·A@-69 L3·A@-75 R1·A@-75 R2·A@-70 R3·A@-66 罐=无罐 泵=0 阀=111111 速=+0,+0,+0.00 电=8.19V/0.73A/峰1.55 补余=0.0 IO错=0 倾+0.0 自动1/3
[  141.037] TLM t=  72.1 L1·A@-73 L2·A@-69 L3·A@-75 R1·A@-75 R2·A@-70 R3·A@-66 罐=无罐 泵=0 阀=111111 速=+0,+0,+0.00 电=8.19V/0.73A/峰1.55 补余=0.0 IO错=0 倾+0.0 自动1/3
[  141.543] TLM t=  72.6 L1·A@-73 L2·A@-69 L3·A@-75 R1·A@-75 R2·A@-69 R3·A@-65 罐=无罐 泵=0 阀=111111 速=+0,+0,+0.00 电=8.19V/0.73A/峰1.55 补余=0.0 IO错=0 倾+0.0 自动1/3
[  142.066] TLM t=  73.2 L1·A@-73 L2·A@-68 L3·A@-74 R1·A@-75 R2·A@-69 R3·A@-65 罐=无罐 泵=0 阀=111111 速=+0,+0,+0.00 电=8.19V/0.73A/峰1.55 补余=0.0 IO错=0 倾+0.0 自动1/3
[  142.571] TLM t=  73.7 L1·A@-73 L2·A@-68 L3·A@-74 R1·A@-75 R2·A@-69 R3·A@-64 罐=无罐 泵=0 阀=111111 速=+0,+0,+0.00 电=8.18V/0.65A/峰1.55 补余=0.0 IO错=0 倾+0.0 自动1/3
[  143.092] TLM t=  74.2 L1·A@-72 L2·A@-67 L3·A@-74 R1·A@-75 R2·A@-68 R3·A@-63 罐=无罐 泵=0 阀=111111 速=+0,+0,+0.00 电=8.18V/0.81A/峰1.55 补余=0.0 IO错=0 倾+0.0 自动1/3
[  143.599] TLM t=  74.7 L1·A@-72 L2·A@-67 L3·A@-74 R1·A@-74 R2·A@-68 R3·A@-63 罐=无罐 泵=0 阀=111111 速=+0,+0,+0.00 电=8.18V/0.73A/峰1.55 补余=0.0 IO错=0 倾+0.0 自动1/3
[  144.070] EVT 倾身 +10mm（对时标记 去程）
[  144.118] TLM t=  75.2 L1·A@-72 L2·A@-67 L3·A@-74 R1·A@-74 R2·A@-68 R3·A@-62 罐=无罐 泵=0 阀=111111 速=+0,+0,+0.00 电=8.19V/0.73A/峰1.55 补余=0.0 IO错=0 倾+0.4→+10 对时标记
[  144.626] TLM t=  75.7 L1·A@-72 L2·A@-66 L3·A@-74 R1·A@-74 R2·A@-67 R3·A@-62 罐=无罐 泵=0 阀=111111 速=+0,+0,+0.00 电=8.11V/2.12A/峰2.12 补余=0.0 IO错=0 倾+5.4→+10 对时标记
[  145.147] TLM t=  76.2 L1·A@-72 L2·A@-66 L3·A@-74 R1·A@-74 R2·A@-67 R3·A@-61 罐=无罐 泵=0 阀=111111 速=+0,+0,+0.00 电=8.09V/2.36A/峰2.36 补余=0.0 IO错=0 倾+10.0 对时标记
[  145.654] TLM t=  76.7 L1·A@-72 L2·A@-66 L3·A@-74 R1·A@-74 R2·A@-67 R3·A@-61 罐=无罐 泵=0 阀=111111 速=+0,+0,+0.00 电=8.08V/2.12A/峰2.36 补余=0.0 IO错=0 倾+10.0 对时标记
[  146.172] TLM t=  77.2 L1·A@-71 L2·A@-65 L3·A@-74 R1·A@-74 R2·A@-66 R3·A@-60 罐=无罐 泵=0 阀=111111 速=+0,+0,+0.00 电=8.09V/2.12A/峰2.36 补余=0.0 IO错=0 倾+10.0 对时标记
[  146.428] EVT 泵 开 最差盘压-59.9
[  146.676] TLM t=  77.7 L1·A@-71 L2·A@-65 L3·A@-74 R1·A@-74 R2·A@-66 R3·A@-60 罐=无罐 泵=1 阀=111111 速=+0,+0,+0.00 电=8.04V/2.12A/峰2.36 补余=0.0 IO错=0 倾+10.0 对时标记
[  147.089] EVT 倾身 -10mm（对时标记 回程）
[  147.199] TLM t=  78.3 L1·A@-74 L2·A@-74 L3·A@-74 R1·A@-74 R2·A@-74 R3·A@-73 罐=无罐 泵=1 阀=111111 速=+0,+0,+0.00 电=8.04V/1.87A/峰2.36 补余=0.0 IO错=0 倾+9.0→+0 对时标记
[  147.392] EVT 泵 停 最差盘压-75.2
[  147.701] TLM t=  78.8 L1·A@-76 L2·A@-76 L3·A@-76 R1·A@-76 R2·A@-76 R3·A@-76 罐=无罐 泵=0 阀=111111 速=+0,+0,+0.00 电=8.18V/0.81A/峰2.36 补余=0.0 IO错=0 倾+4.0→+0 对时标记
[  148.223] TLM t=  79.3 L1·A@-76 L2·A@-76 L3·A@-76 R1·A@-76 R2·A@-75 R3·A@-75 罐=无罐 泵=0 阀=111111 速=+0,+0,+0.00 电=8.18V/0.73A/峰2.36 补余=0.0 IO错=0 倾+0.0 对时标记
[  148.726] TLM t=  79.8 L1·A@-76 L2·A@-75 L3·A@-76 R1·A@-76 R2·A@-75 R3·A@-75 罐=无罐 泵=0 阀=111111 速=+0,+0,+0.00 电=8.18V/0.81A/峰2.36 补余=0.0 IO错=0 倾+0.0 对时标记
[  149.249] TLM t=  80.3 L1·A@-76 L2·A@-75 L3·A@-76 R1·A@-76 R2·A@-75 R3·A@-74 罐=无罐 泵=0 阀=111111 速=+0,+0,+0.00 电=8.18V/0.73A/峰2.36 补余=0.0 IO错=0 倾+0.0 对时标记
[  149.755] TLM t=  80.8 L1·A@-76 L2·A@-75 L3·A@-76 R1·A@-76 R2·A@-74 R3·A@-74 罐=无罐 泵=0 阀=111111 速=+0,+0,+0.00 电=8.18V/0.73A/峰2.36 补余=0.0 IO错=0 倾+0.0 对时标记
[  150.276] TLM t=  81.3 L1·A@-75 L2·A@-74 L3·A@-76 R1·A@-75 R2·A@-74 R3·A@-73 罐=无罐 泵=0 阀=111111 速=+0,+0,+0.00 电=8.18V/0.73A/峰2.36 补余=0.0 IO错=0 倾+0.0 对时标记
[  150.777] TLM t=  81.8 L1·A@-75 L2·A@-74 L3·A@-76 R1·A@-75 R2·A@-74 R3·A@-72 罐=无罐 泵=0 阀=111111 速=+0,+0,+0.00 电=8.18V/0.81A/峰2.36 补余=0.0 IO错=0 倾+0.0 对时标记
[  151.300] TLM t=  82.3 L1·A@-75 L2·A@-73 L3·A@-76 R1·A@-75 R2·A@-73 R3·A@-72 罐=无罐 泵=0 阀=111111 速=+0,+0,+0.00 电=8.18V/0.73A/峰2.36 补余=0.0 IO错=0 倾+0.0 对时标记
[  151.805] TLM t=  82.8 L1·A@-75 L2·A@-73 L3·A@-76 R1·A@-75 R2·A@-73 R3·A@-71 罐=无罐 泵=0 阀=111111 速=+0,+0,+0.00 电=8.19V/0.73A/峰2.36 补余=0.0 IO错=0 倾+0.0 对时标记
[  152.326] TLM t=  83.4 L1·A@-74 L2·A@-72 L3·A@-75 R1·A@-75 R2·A@-73 R3·A@-71 罐=无罐 泵=0 阀=111111 速=+0,+0,+0.00 电=8.18V/0.81A/峰2.36 补余=0.0 IO错=0 倾+0.0 对时标记
[  152.829] TLM t=  83.9 L1·A@-74 L2·A@-72 L3·A@-75 R1·A@-75 R2·A@-72 R3·A@-70 罐=无罐 泵=0 阀=111111 速=+0,+0,+0.00 电=8.18V/0.73A/峰2.36 补余=0.0 IO错=0 倾+0.0 对时标记
[  153.355] TLM t=  84.4 L1·A@-74 L2·A@-72 L3·A@-75 R1·A@-75 R2·A@-72 R3·A@-70 罐=无罐 泵=0 阀=111111 速=+0,+0,+0.00 电=8.18V/0.73A/峰2.36 补余=0.0 IO错=0 倾+0.0 对时标记
[  153.859] TLM t=  84.9 L1·A@-74 L2·A@-71 L3·A@-75 R1·A@-75 R2·A@-72 R3·A@-69 罐=无罐 泵=0 阀=111111 速=+0,+0,+0.00 电=8.18V/0.81A/峰2.36 补余=0.0 IO错=0 倾+0.0 对时标记
[  154.379] TLM t=  85.4 L1·A@-74 L2·A@-71 L3·A@-75 R1·A@-75 R2·A@-71 R3·A@-69 罐=无罐 泵=0 阀=111111 速=+0,+0,+0.00 电=8.18V/0.81A/峰2.36 补余=0.0 IO错=0 倾+0.0 对时标记
[  154.888] TLM t=  85.9 L1·A@-73 L2·A@-71 L3·A@-75 R1·A@-75 R2·A@-71 R3·A@-68 罐=无罐 泵=0 阀=111111 速=+0,+0,+0.00 电=8.18V/0.73A/峰2.36 补余=0.0 IO错=0 倾+0.0 对时标记
[  155.407] TLM t=  86.4 L1·A@-73 L2·A@-70 L3·A@-75 R1·A@-75 R2·A@-71 R3·A@-67 罐=无罐 泵=0 阀=111111 速=+0,+0,+0.00 电=8.18V/0.81A/峰2.36 补余=0.0 IO错=0 倾+0.0 对时标记
[  155.909] TLM t=  86.9 L1·A@-73 L2·A@-70 L3·A@-75 R1·A@-75 R2·A@-70 R3·A@-67 罐=无罐 泵=0 阀=111111 速=+0,+0,+0.00 电=8.18V/0.73A/峰2.36 补余=0.0 IO错=0 倾+0.0 对时标记
[  156.432] TLM t=  87.4 L1·A@-73 L2·A@-69 L3·A@-75 R1·A@-75 R2·A@-70 R3·A@-66 罐=无罐 泵=0 阀=111111 速=+0,+0,+0.00 电=8.18V/0.73A/峰2.36 补余=0.0 IO错=0 倾+0.0 对时标记
[  156.935] TLM t=  87.9 L1·A@-73 L2·A@-69 L3·A@-75 R1·A@-75 R2·A@-70 R3·A@-66 罐=无罐 泵=0 阀=111111 速=+0,+0,+0.00 电=8.19V/0.81A/峰2.36 补余=0.0 IO错=0 倾+0.0 对时标记
[  157.459] TLM t=  88.5 L1·A@-72 L2·A@-69 L3·A@-75 R1·A@-75 R2·A@-69 R3·A@-65 罐=无罐 泵=0 阀=111111 速=+0,+0,+0.00 电=8.18V/0.81A/峰2.36 补余=0.0 IO错=0 倾+0.0 对时标记
[  157.961] TLM t=  89.0 L1·A@-72 L2·A@-68 L3·A@-75 R1·A@-75 R2·A@-69 R3·A@-65 罐=无罐 泵=0 阀=111111 速=+0,+0,+0.00 电=8.18V/0.81A/峰2.36 补余=0.0 IO错=0 倾+0.0 对时标记
[  158.482] TLM t=  89.5 L1·A@-72 L2·A@-68 L3·A@-74 R1·A@-75 R2·A@-69 R3·A@-64 罐=无罐 泵=0 阀=111111 速=+0,+0,+0.00 电=8.18V/0.81A/峰2.36 补余=0.0 IO错=0 倾+0.0 对时标记
[  158.984] TLM t=  90.0 L1·A@-72 L2·A@-68 L3·A@-74 R1·A@-75 R2·A@-68 R3·A@-64 罐=无罐 泵=0 阀=111111 速=+0,+0,+0.00 电=8.18V/0.73A/峰2.36 补余=0.0 IO错=0 倾+0.0 对时标记
[  159.508] TLM t=  90.5 L1·A@-72 L2·A@-67 L3·A@-74 R1·A@-74 R2·A@-68 R3·A@-63 罐=无罐 泵=0 阀=111111 速=+0,+0,+0.00 电=8.18V/0.81A/峰2.36 补余=0.0 IO错=0 倾+0.0 对时标记
[  160.009] TLM t=  91.0 L1·A@-71 L2·A@-67 L3·A@-74 R1·A@-74 R2·A@-68 R3·A@-63 罐=无罐 泵=0 阀=111111 速=+0,+0,+0.00 电=8.18V/0.81A/峰2.36 补余=0.0 IO错=0 倾+0.0 对时标记
[  160.535] TLM t=  91.5 L1·A@-71 L2·A@-66 L3·A@-74 R1·A@-74 R2·A@-67 R3·A@-62 罐=无罐 泵=0 阀=111111 速=+0,+0,+0.00 电=8.18V/0.81A/峰2.36 补余=0.0 IO错=0 倾+0.0 对时标记
[  161.037] TLM t=  92.0 L1·A@-71 L2·A@-66 L3·A@-74 R1·A@-74 R2·A@-67 R3·A@-62 罐=无罐 泵=0 阀=111111 速=+0,+0,+0.00 电=8.18V/0.81A/峰2.36 补余=0.0 IO错=0 倾+0.0 对时标记
[  161.559] TLM t=  92.5 L1·A@-71 L2·A@-66 L3·A@-74 R1·A@-74 R2·A@-67 R3·A@-61 罐=无罐 泵=0 阀=111111 速=+0,+0,+0.00 电=8.18V/0.73A/峰2.36 补余=0.0 IO错=0 倾+0.0 对时标记
[  162.062] TLM t=  93.0 L1·A@-71 L2·A@-65 L3·A@-74 R1·A@-74 R2·A@-66 R3·A@-60 罐=无罐 泵=0 阀=111111 速=+0,+0,+0.00 电=8.18V/0.73A/峰2.36 补余=0.0 IO错=0 倾+0.0 对时标记
[  162.535] EVT 泵 开 最差盘压-59.9
[  162.584] TLM t=  93.6 L1·A@-70 L2·A@-65 L3·A@-74 R1·A@-74 R2·A@-66 R3·A@-60 罐=无罐 泵=1 阀=111111 速=+0,+0,+0.00 电=8.08V/0.90A/峰2.36 补余=0.0 IO错=0 倾+0.0 对时标记
[  163.094] TLM t=  94.1 L1·A@-71 L2·A@-71 L3·A@-74 R1·A@-74 R2·A@-71 R3·A@-70 罐=无罐 泵=1 阀=111111 速=+0,+0,+0.00 电=8.16V/0.65A/峰2.36 补余=0.0 IO错=0 倾+0.0 对时标记
[  163.506] EVT 泵 停 最差盘压-75.1
[  163.616] TLM t=  94.6 L1·A@-76 L2·A@-76 L3·A@-76 R1·A@-76 R2·A@-76 R3·A@-76 罐=无罐 泵=0 阀=111111 速=+0,+0,+0.00 电=8.18V/0.81A/峰2.36 补余=0.0 IO错=0 倾+0.0 对时标记
[  164.119] TLM t=  95.1 L1·A@-76 L2·A@-76 L3·A@-76 R1·A@-76 R2·A@-76 R3·A@-76 罐=无罐 泵=0 阀=111111 速=+0,+0,+0.00 电=8.17V/0.81A/峰2.36 补余=0.0 IO错=0 倾+0.0 对时标记
[  164.641] TLM t=  95.6 L1·A@-76 L2·A@-76 L3·A@-76 R1·A@-76 R2·A@-75 R3·A@-75 罐=无罐 泵=0 阀=111111 速=+0,+0,+0.00 电=8.18V/0.81A/峰2.36 补余=0.0 IO错=0 倾+0.0 对时标记
[  165.144] TLM t=  96.1 L1·A@-76 L2·A@-75 L3·A@-76 R1·A@-75 R2·A@-75 R3·A@-74 罐=无罐 泵=0 阀=111111 速=+0,+0,+0.00 电=8.18V/0.81A/峰2.36 补余=0.0 IO错=0 倾+0.0 对时标记
[  165.667] TLM t=  96.6 L1·A@-76 L2·A@-75 L3·A@-76 R1·A@-75 R2·A@-74 R3·A@-74 罐=无罐 泵=0 阀=111111 速=+0,+0,+0.00 电=8.18V/0.81A/峰2.36 补余=0.0 IO错=0 倾+0.0 对时标记
[  166.170] TLM t=  97.1 L1·A@-75 L2·A@-74 L3·A@-76 R1·A@-75 R2·A@-74 R3·A@-73 罐=无罐 泵=0 阀=111111 速=+0,+0,+0.00 电=8.17V/0.81A/峰2.36 补余=0.0 IO错=0 倾+0.0 对时标记
[  166.692] TLM t=  97.6 L1·A@-75 L2·A@-74 L3·A@-76 R1·A@-75 R2·A@-74 R3·A@-73 罐=无罐 泵=0 阀=111111 速=+0,+0,+0.00 电=8.18V/0.73A/峰2.36 补余=0.0 IO错=0 倾+0.0 对时标记
[  167.194] TLM t=  98.1 L1·A@-75 L2·A@-73 L3·A@-76 R1·A@-75 R2·A@-73 R3·A@-72 罐=无罐 泵=0 阀=111111 速=+0,+0,+0.00 电=8.18V/0.73A/峰2.36 补余=0.0 IO错=0 倾+0.0 对时标记
[  167.715] TLM t=  98.7 L1·A@-75 L2·A@-73 L3·A@-76 R1·A@-75 R2·A@-73 R3·A@-71 罐=无罐 泵=0 阀=111111 速=+0,+0,+0.00 电=8.17V/0.73A/峰2.36 补余=0.0 IO错=0 倾+0.0 对时标记
[  168.094] EVT 对时标记完成
[  168.094] EVT 自动轮换：第 1 轮开始
[  168.107] EVT 原地抬起受理：R3
[  168.135] EVT 相位 R3 stance→handover
[  168.223] TLM t= 100.9 L1·A@-75 L2·A@-73 L3·A@-75 R1·A@-75 R2·A@-73 R3ZA@-71 罐=无罐 泵=0 阀=111111 速=+0,+0,+0.00 电=8.17V/0.81A/峰2.36 补余=0.0 IO错=0 倾+0.0 自动1/3
[  168.746] TLM t= 101.4 L1·A@-74 L2·A@-72 L3·A@-75 R1·A@-75 R2·A@-72 R3ZA@-70 罐=无罐 泵=0 阀=111111 速=+0,+0,+0.00 电=8.17V/0.81A/峰2.36 补余=0.0 IO错=0 倾+0.0 自动1/3
[  169.249] TLM t= 101.4 L1·A@-74 L2·A@-72 L3·A@-75 R1·A@-75 R2·A@-72 R3ZA@-70 罐=无罐 泵=0 阀=111111 速=+0,+0,+0.00 电=8.18V/0.90A/峰2.36 补余=0.0 IO错=0 倾+0.0 自动1/3
[  169.772] TLM t= 101.4 L1·A@-74 L2·A@-72 L3·A@-75 R1·A@-75 R2·A@-72 R3ZA@-69 罐=无罐 泵=0 阀=111111 速=+0,+0,+0.00 电=8.17V/1.06A/峰2.36 补余=0.0 IO错=0 倾+0.0 自动1/3
[  170.274] TLM t= 101.4 L1·A@-74 L2·A@-71 L3·A@-75 R1·A@-75 R2·A@-71 R3ZA@-69 罐=无罐 泵=0 阀=111111 速=+0,+0,+0.00 电=8.16V/1.14A/峰2.36 补余=0.0 IO错=0 倾+0.0 自动1/3
[  170.326] EVT 吸附 R3 attached→venting 在态110.42s -68.6kPa
[  170.327] EVT 相位 R3 handover→vent 落点Δ(+0.0,+0.0)
[  170.339] EVT 阀 R3 →排气位
[  170.625] EVT 相位 R3 vent→lift
[  170.747] EVT 吸附 R3 venting→released 在态0.42s 0.2kPa
[  170.797] TLM t= 101.4 L1·A@-73 L2·A@-71 L3·A@-75 R1·A@-75 R2·A@-71 R3Lr@-- 罐=无罐 泵=0 阀=111110 速=+0,+0,+0.00 电=8.13V/1.30A/峰2.36 补余=0.0 IO错=0 倾+0.0 自动1/3
[  171.301] TLM t= 101.4 L1·A@-73 L2·A@-70 L3·A@-75 R1·A@-75 R2·A@-71 R3Lr@-- 罐=无罐 泵=0 阀=111110 速=+0,+0,+0.00 电=8.13V/1.30A/峰2.36 补余=0.0 IO错=0 倾+0.0 自动1/3
[  171.469] EVT 相位 R3 lift→transfer
[  171.820] TLM t= 101.4 L1·A@-73 L2·A@-70 L3·A@-75 R1·A@-75 R2·A@-70 R3Tr@-- 罐=无罐 泵=0 阀=111110 速=+0,+0,+0.00 电=8.14V/1.22A/峰2.36 补余=0.0 IO错=0 倾+0.0 自动1/3
[  172.086] EVT 相位 R3 transfer→hover
[  172.333] TLM t= 101.4 L1·A@-72 L2·A@-70 L3·A@-75 R1·A@-75 R2·A@-70 R3Hr@-- 罐=无罐 泵=0 阀=111110 速=+0,+0,+0.00 电=8.13V/1.22A/峰2.36 补余=0.0 IO错=0 倾+0.0 自动1/3
[  172.845] TLM t= 101.4 L1·A@-72 L2·A@-69 L3·A@-75 R1·A@-75 R2·A@-70 R3Hr@-- 罐=无罐 泵=0 阀=111110 速=+0,+0,+0.00 电=8.14V/1.22A/峰2.36 补余=0.0 IO错=0 倾+0.0 自动1/3
[  173.096] EVT 落地：R3
[  173.111] EVT 相位 R3 hover→descend
[  173.344] TLM t= 101.4 L1·A@-72 L2·A@-69 L3·A@-75 R1·A@-75 R2·A@-69 R3Dr@-- 罐=无罐 泵=0 阀=111110 速=+0,+0,+0.00 电=8.14V/1.22A/峰2.36 补余=0.0 IO错=0 倾+0.0 自动1/3
[  173.592] EVT 相位 R3 descend→press
[  173.871] TLM t= 101.4 L1·A@-72 L2·A@-68 L3·A@-75 R1·A@-75 R2·A@-69 R3Pr@-- 罐=无罐 泵=0 阀=111110 速=+0,+0,+0.00 电=8.14V/1.30A/峰2.36 补余=0.0 IO错=0 倾+0.0 自动1/3
[  174.377] TLM t= 101.4 L1·A@-71 L2·A@-68 L3·A@-75 R1·A@-75 R2·A@-69 R3Pr@-- 罐=无罐 泵=0 阀=111110 速=+0,+0,+0.00 电=8.14V/1.30A/峰2.36 补余=0.0 IO错=0 倾+0.0 自动1/3
[  174.801] EVT 吸附 R3 released→pressing 在态4.04s 0.2kPa
[  174.801] EVT 相位 R3 press→wait
[  174.896] TLM t= 101.4 L1·A@-71 L2·A@-68 L3·A@-74 R1·A@-75 R2·A@-68 R3Wp@-- 罐=无罐 泵=0 阀=111110 速=+0,+0,+0.00 电=8.13V/1.38A/峰2.36 补余=0.0 IO错=0 倾+0.0 自动1/3
[  175.130] EVT 吸附 R3 pressing→sucking 在态0.32s 0.2kPa
[  175.131] EVT 阀 R3 →抽气位
[  175.151] EVT 泵 开 最差盘压-67.4
[  175.398] TLM t= 101.4 L1·A@-71 L2·A@-67 L3·A@-74 R1·A@-74 R2·A@-68 R3Ws@-56 罐=无罐 泵=1 阀=111111 速=+0,+0,+0.00 电=8.11V/1.22A/峰2.36 补余=0.0 IO错=0 倾+0.0 自动1/3
[  175.491] EVT 吸附 R3 sucking→attached 在态0.36s -59.7kPa
[  175.492] EVT 相位 R3 wait→stance
[  175.492] EVT 抬落完成，轮到 L1
[  175.926] TLM t= 101.8 L1·A@-73 L2·A@-74 L3·A@-74 R1·A@-74 R2·A@-73 R3·A@-73 罐=无罐 泵=1 阀=111111 速=+0,+0,+0.00 电=8.10V/1.14A/峰2.36 补余=0.0 IO错=0 倾+0.0 自动1/3
[  176.180] EVT 泵 停 最差盘压-75.3
[  176.430] TLM t= 102.3 L1·A@-76 L2·A@-76 L3·A@-76 R1·A@-76 R2·A@-76 R3·A@-76 罐=无罐 泵=0 阀=111111 速=+0,+0,+0.00 电=8.16V/1.22A/峰2.36 补余=0.0 IO错=0 倾+0.0 自动1/3
[  176.950] TLM t= 102.8 L1·A@-76 L2·A@-76 L3·A@-76 R1·A@-76 R2·A@-76 R3·A@-76 罐=无罐 泵=0 阀=111111 速=+0,+0,+0.00 电=8.15V/1.22A/峰2.36 补余=0.0 IO错=0 倾+0.0 自动1/3
[  177.452] TLM t= 103.3 L1·A@-76 L2·A@-76 L3·A@-76 R1·A@-76 R2·A@-75 R3·A@-75 罐=无罐 泵=0 阀=111111 速=+0,+0,+0.00 电=8.16V/1.22A/峰2.36 补余=0.0 IO错=0 倾+0.0 自动1/3
[  177.973] TLM t= 103.9 L1·A@-76 L2·A@-75 L3·A@-76 R1·A@-76 R2·A@-75 R3·A@-74 罐=无罐 泵=0 阀=111111 速=+0,+0,+0.00 电=8.15V/1.22A/峰2.36 补余=0.0 IO错=0 倾+0.0 自动1/3
[  178.479] TLM t= 104.4 L1·A@-75 L2·A@-75 L3·A@-76 R1·A@-76 R2·A@-74 R3·A@-74 罐=无罐 泵=0 阀=111111 速=+0,+0,+0.00 电=8.15V/1.22A/峰2.36 补余=0.0 IO错=0 倾+0.0 自动1/3
[  179.001] TLM t= 104.9 L1·A@-75 L2·A@-74 L3·A@-76 R1·A@-76 R2·A@-74 R3·A@-73 罐=无罐 泵=0 阀=111111 速=+0,+0,+0.00 电=8.14V/1.30A/峰2.36 补余=0.0 IO错=0 倾+0.0 自动1/3
[  179.503] TLM t= 105.4 L1·A@-75 L2·A@-74 L3·A@-76 R1·A@-75 R2·A@-74 R3·A@-72 罐=无罐 泵=0 阀=111111 速=+0,+0,+0.00 电=8.15V/1.30A/峰2.36 补余=0.0 IO错=0 倾+0.0 自动1/3
[  180.027] TLM t= 105.9 L1·A@-75 L2·A@-73 L3·A@-76 R1·A@-75 R2·A@-73 R3·A@-72 罐=无罐 泵=0 阀=111111 速=+0,+0,+0.00 电=8.15V/1.22A/峰2.36 补余=0.0 IO错=0 倾+0.0 自动1/3
[  180.529] TLM t= 106.4 L1·A@-75 L2·A@-73 L3·A@-76 R1·A@-75 R2·A@-73 R3·A@-71 罐=无罐 泵=0 阀=111111 速=+0,+0,+0.00 电=8.15V/1.30A/峰2.36 补余=0.0 IO错=0 倾+0.0 自动1/3
[  181.053] TLM t= 106.9 L1·A@-74 L2·A@-73 L3·A@-76 R1·A@-75 R2·A@-73 R3·A@-71 罐=无罐 泵=0 阀=111111 速=+0,+0,+0.00 电=8.15V/1.30A/峰2.36 补余=0.0 IO错=0 倾+0.0 自动1/3
[  181.560] TLM t= 107.4 L1·A@-74 L2·A@-72 L3·A@-76 R1·A@-75 R2·A@-72 R3·A@-70 罐=无罐 泵=0 阀=111111 速=+0,+0,+0.00 电=8.14V/1.22A/峰2.36 补余=0.0 IO错=0 倾+0.0 自动1/3
[  182.082] TLM t= 107.9 L1·A@-74 L2·A@-72 L3·A@-75 R1·A@-75 R2·A@-72 R3·A@-70 罐=无罐 泵=0 阀=111111 速=+0,+0,+0.00 电=8.15V/1.30A/峰2.36 补余=0.0 IO错=0 倾+0.0 自动1/3
[  182.583] TLM t= 108.4 L1·A@-74 L2·A@-71 L3·A@-75 R1·A@-75 R2·A@-72 R3·A@-69 罐=无罐 泵=0 阀=111111 速=+0,+0,+0.00 电=8.14V/1.14A/峰2.36 补余=0.0 IO错=0 倾+0.0 自动1/3
[  183.107] TLM t= 109.0 L1·A@-74 L2·A@-71 L3·A@-75 R1·A@-75 R2·A@-71 R3·A@-69 罐=无罐 泵=0 阀=111111 速=+0,+0,+0.00 电=8.15V/1.22A/峰2.36 补余=0.0 IO错=0 倾+0.0 自动1/3
[  183.612] TLM t= 109.5 L1·A@-73 L2·A@-71 L3·A@-75 R1·A@-75 R2·A@-71 R3·A@-68 罐=无罐 泵=0 阀=111111 速=+0,+0,+0.00 电=8.14V/1.30A/峰2.36 补余=0.0 IO错=0 倾+0.0 自动1/3
[  184.130] TLM t= 110.0 L1·A@-73 L2·A@-70 L3·A@-75 R1·A@-75 R2·A@-71 R3·A@-67 罐=无罐 泵=0 阀=111111 速=+0,+0,+0.00 电=8.15V/1.22A/峰2.36 补余=0.0 IO错=0 倾+0.0 自动1/3
[  184.638] TLM t= 110.5 L1·A@-73 L2·A@-70 L3·A@-75 R1·A@-75 R2·A@-70 R3·A@-67 罐=无罐 泵=0 阀=111111 速=+0,+0,+0.00 电=8.14V/1.22A/峰2.36 补余=0.0 IO错=0 倾+0.0 自动1/3
[  185.156] TLM t= 111.0 L1·A@-73 L2·A@-69 L3·A@-75 R1·A@-75 R2·A@-70 R3·A@-66 罐=无罐 泵=0 阀=111111 速=+0,+0,+0.00 电=8.15V/1.22A/峰2.36 补余=0.0 IO错=0 倾+0.0 自动1/3
[  185.530] EVT 原地抬起受理：L1
[  185.543] EVT 相位 L1 stance→handover
[  185.659] TLM t= 112.3 L1ZA@-72 L2·A@-69 L3·A@-75 R1·A@-75 R2·A@-70 R3·A@-66 罐=无罐 泵=0 阀=111111 速=+0,+0,+0.00 电=8.15V/1.14A/峰2.36 补余=0.0 IO错=0 倾+0.0 自动1/3
[  186.182] TLM t= 112.8 L1ZA@-72 L2·A@-69 L3·A@-75 R1·A@-75 R2·A@-70 R3·A@-65 罐=无罐 泵=0 阀=111111 速=+0,+0,+0.00 电=8.16V/0.98A/峰2.36 补余=0.0 IO错=0 倾+0.0 自动1/3
[  186.685] TLM t= 112.8 L1ZA@-72 L2·A@-68 L3·A@-75 R1·A@-75 R2·A@-69 R3·A@-64 罐=无罐 泵=0 阀=111111 速=+0,+0,+0.00 电=8.13V/1.22A/峰2.36 补余=0.0 IO错=0 倾+0.0 自动1/3
[  187.208] TLM t= 112.8 L1ZA@-72 L2·A@-68 L3·A@-75 R1·A@-75 R2·A@-69 R3·A@-64 罐=无罐 泵=0 阀=111111 速=+0,+0,+0.00 电=8.14V/1.38A/峰2.36 补余=0.0 IO错=0 倾+0.0 自动1/3
[  187.717] TLM t= 112.8 L1ZA@-72 L2·A@-68 L3·A@-75 R1·A@-75 R2·A@-68 R3·A@-63 罐=无罐 泵=0 阀=111111 速=+0,+0,+0.00 电=8.12V/1.63A/峰2.36 补余=0.0 IO错=0 倾+0.0 自动1/3
[  188.235] TLM t= 112.8 L1ZA@-72 L2·A@-67 L3·A@-75 R1·A@-75 R2·A@-68 R3·A@-63 罐=无罐 泵=0 阀=111111 速=+0,+0,+0.00 电=8.10V/1.63A/峰2.36 补余=0.0 IO错=0 倾+0.0 自动1/3
[  188.651] EVT 吸附 L1 attached→venting 在态126.82s -71.4kPa
[  188.651] EVT 相位 L1 handover→vent 落点Δ(+0.0,+0.0)
[  188.671] EVT 阀 L1 →排气位
[  188.741] TLM t= 112.8 L1Vv@-71 L2·A@-67 L3·A@-74 R1·A@-74 R2·A@-68 R3·A@-62 罐=无罐 泵=0 阀=011111 速=+0,+0,+0.00 电=8.09V/1.87A/峰2.36 补余=0.0 IO错=0 倾+0.0 自动1/3
[  188.950] EVT 相位 L1 vent→lift
[  189.047] EVT 吸附 L1 venting→released 在态0.40s 0.1kPa
[  189.263] TLM t= 112.8 L1Lr@-- L2·A@-66 L3·A@-74 R1·A@-74 R2·A@-67 R3·A@-62 罐=无罐 泵=0 阀=011111 速=+0,+0,+0.00 电=8.07V/2.12A/峰2.36 补余=0.0 IO错=0 倾+0.0 自动1/3
[  189.765] TLM t= 112.8 L1Lr@-- L2·A@-66 L3·A@-74 R1·A@-74 R2·A@-67 R3·A@-61 罐=无罐 泵=0 阀=011111 速=+0,+0,+0.00 电=8.09V/2.12A/峰2.36 补余=0.0 IO错=0 倾+0.0 自动1/3
[  189.795] EVT 相位 L1 lift→transfer
[  190.284] TLM t= 112.8 L1Tr@-- L2·A@-66 L3·A@-74 R1·A@-74 R2·A@-67 R3·A@-61 罐=无罐 泵=0 阀=011111 速=+0,+0,+0.00 电=8.07V/2.28A/峰2.36 补余=0.0 IO错=0 倾+0.0 自动1/3
[  190.419] EVT 相位 L1 transfer→hover
[  190.790] TLM t= 112.8 L1Hr@-- L2·A@-65 L3·A@-74 R1·A@-74 R2·A@-66 R3·A@-60 罐=无罐 泵=0 阀=011111 速=+0,+0,+0.00 电=8.10V/1.87A/峰2.36 补余=0.0 IO错=0 倾+0.0 自动1/3
[  190.841] EVT 泵 开 最差盘压-60.0
[  191.306] TLM t= 112.8 L1Hr@-- L2·A@-69 L3·A@-74 R1·A@-74 R2·A@-68 R3·A@-68 罐=无罐 泵=1 阀=011111 速=+0,+0,+0.00 电=8.05V/1.87A/峰2.36 补余=0.0 IO错=0 倾+0.0 自动1/3
[  191.420] EVT 落地：L1
[  191.442] EVT 相位 L1 hover→descend
[  191.803] EVT 泵 停 最差盘压-75.4
[  191.810] TLM t= 112.8 L1Dr@-- L2·A@-76 L3·A@-76 R1·A@-75 R2·A@-76 R3·A@-76 罐=无罐 泵=0 阀=011111 速=+0,+0,+0.00 电=8.08V/2.04A/峰2.36 补余=0.0 IO错=0 倾+0.0 自动1/3
[  191.924] EVT 相位 L1 descend→press
[  192.330] TLM t= 112.8 L1Pr@-- L2·A@-76 L3·A@-76 R1·A@-76 R2·A@-76 R3·A@-76 罐=无罐 泵=0 阀=011111 速=+0,+0,+0.00 电=8.08V/1.95A/峰2.36 补余=0.0 IO错=0 倾+0.0 自动1/3
[  192.834] TLM t= 112.8 L1Pr@-- L2·A@-76 L3·A@-76 R1·A@-76 R2·A@-75 R3·A@-75 罐=无罐 泵=0 阀=011111 速=+0,+0,+0.00 电=8.10V/1.95A/峰2.36 补余=0.0 IO错=0 倾+0.0 自动1/3
[  193.127] EVT 吸附 L1 released→pressing 在态4.06s 0.1kPa
[  193.127] EVT 相位 L1 press→wait
[  193.352] TLM t= 112.8 L1Wp@-- L2·A@-75 L3·A@-76 R1·A@-76 R2·A@-75 R3·A@-75 罐=无罐 泵=0 阀=011111 速=+0,+0,+0.00 电=8.09V/1.87A/峰2.36 补余=0.0 IO错=0 倾+0.0 自动1/3
[  193.428] EVT 吸附 L1 pressing→sucking 在态0.30s 0.1kPa
[  193.428] EVT 阀 L1 →抽气位
[  193.443] EVT 泵 开 最差盘压-74.7
[  193.761] EVT 吸附 L1 sucking→attached 在态0.34s -66.5kPa
[  193.767] EVT 相位 L1 wait→stance
[  193.767] EVT 抬落完成，轮到 R2
[  193.861] TLM t= 112.9 L1·A@-69 L2·A@-75 L3·A@-76 R1·A@-76 R2·A@-75 R3·A@-74 罐=无罐 泵=1 阀=111111 速=+0,+0,+0.00 电=8.08V/1.87A/峰2.36 补余=0.0 IO错=0 倾+0.0 自动1/3
[  194.105] EVT 泵 停 最差盘压-75.3
[  194.377] TLM t= 113.4 L1·A@-76 L2·A@-76 L3·A@-76 R1·A@-76 R2·A@-76 R3·A@-76 罐=无罐 泵=0 阀=111111 速=+0,+0,+0.00 电=8.11V/2.04A/峰2.36 补余=0.0 IO错=0 倾+0.0 自动1/3
[  194.882] TLM t= 113.9 L1·A@-76 L2·A@-76 L3·A@-76 R1·A@-75 R2·A@-75 R3·A@-75 罐=无罐 泵=0 阀=111111 速=+0,+0,+0.00 电=8.09V/1.95A/峰2.36 补余=0.0 IO错=0 倾+0.0 自动1/3
[  195.402] TLM t= 114.4 L1·A@-76 L2·A@-75 L3·A@-76 R1·A@-75 R2·A@-75 R3·A@-75 罐=无罐 泵=0 阀=111111 速=+0,+0,+0.00 电=8.10V/1.87A/峰2.36 补余=0.0 IO错=0 倾+0.0 自动1/3
[  195.904] TLM t= 114.9 L1·A@-75 L2·A@-75 L3·A@-76 R1·A@-75 R2·A@-75 R3·A@-74 罐=无罐 泵=0 阀=111111 速=+0,+0,+0.00 电=8.09V/2.04A/峰2.36 补余=0.0 IO错=0 倾+0.0 自动1/3
[  196.425] TLM t= 115.4 L1·A@-75 L2·A@-74 L3·A@-76 R1·A@-75 R2·A@-74 R3·A@-73 罐=无罐 泵=0 阀=111111 速=+0,+0,+0.00 电=8.10V/1.95A/峰2.36 补余=0.0 IO错=0 倾+0.0 自动1/3
[  196.928] TLM t= 115.9 L1·A@-75 L2·A@-74 L3·A@-75 R1·A@-75 R2·A@-74 R3·A@-73 罐=无罐 泵=0 阀=111111 速=+0,+0,+0.00 电=8.09V/1.95A/峰2.36 补余=0.0 IO错=0 倾+0.0 自动1/3
[  197.447] TLM t= 116.5 L1·A@-75 L2·A@-74 L3·A@-75 R1·A@-75 R2·A@-74 R3·A@-72 罐=无罐 泵=0 阀=111111 速=+0,+0,+0.00 电=8.11V/1.79A/峰2.36 补余=0.0 IO错=0 倾+0.0 自动1/3
[  197.952] TLM t= 117.0 L1·A@-75 L2·A@-73 L3·A@-75 R1·A@-75 R2·A@-73 R3·A@-72 罐=无罐 泵=0 阀=111111 速=+0,+0,+0.00 电=8.11V/2.04A/峰2.36 补余=0.0 IO错=0 倾+0.0 自动1/3
[  198.473] TLM t= 117.5 L1·A@-75 L2·A@-73 L3·A@-75 R1·A@-75 R2·A@-73 R3·A@-71 罐=无罐 泵=0 阀=111111 速=+0,+0,+0.00 电=8.10V/1.95A/峰2.36 补余=0.0 IO错=0 倾+0.0 自动1/3
[  198.975] TLM t= 118.0 L1·A@-75 L2·A@-72 L3·A@-75 R1·A@-75 R2·A@-73 R3·A@-71 罐=无罐 泵=0 阀=111111 速=+0,+0,+0.00 电=8.09V/1.95A/峰2.36 补余=0.0 IO错=0 倾+0.0 自动1/3
[  199.496] TLM t= 118.5 L1·A@-74 L2·A@-72 L3·A@-75 R1·A@-75 R2·A@-72 R3·A@-70 罐=无罐 泵=0 阀=111111 速=+0,+0,+0.00 电=8.10V/1.95A/峰2.36 补余=0.0 IO错=0 倾+0.0 自动1/3
[  200.000] TLM t= 119.0 L1·A@-74 L2·A@-72 L3·A@-75 R1·A@-75 R2·A@-72 R3·A@-69 罐=无罐 泵=0 阀=111111 速=+0,+0,+0.00 电=8.10V/1.95A/峰2.36 补余=0.0 IO错=0 倾+0.0 自动1/3
[  200.518] TLM t= 119.5 L1·A@-74 L2·A@-71 L3·A@-75 R1·A@-75 R2·A@-72 R3·A@-69 罐=无罐 泵=0 阀=111111 速=+0,+0,+0.00 电=8.10V/1.87A/峰2.36 补余=0.0 IO错=0 倾+0.0 自动1/3
[  201.024] TLM t= 120.0 L1·A@-74 L2·A@-71 L3·A@-75 R1·A@-75 R2·A@-71 R3·A@-68 罐=无罐 泵=0 阀=111111 速=+0,+0,+0.00 电=8.10V/1.87A/峰2.36 补余=0.0 IO错=0 倾+0.0 自动1/3
[  201.541] TLM t= 120.5 L1·A@-74 L2·A@-70 L3·A@-75 R1·A@-74 R2·A@-71 R3·A@-68 罐=无罐 泵=0 阀=111111 速=+0,+0,+0.00 电=8.11V/1.87A/峰2.36 补余=0.0 IO错=0 倾+0.0 自动1/3
[  202.046] TLM t= 121.0 L1·A@-74 L2·A@-70 L3·A@-74 R1·A@-74 R2·A@-71 R3·A@-67 罐=无罐 泵=0 阀=111111 速=+0,+0,+0.00 电=8.08V/1.87A/峰2.36 补余=0.0 IO错=0 倾+0.0 自动1/3
[  202.565] TLM t= 121.6 L1·A@-74 L2·A@-69 L3·A@-74 R1·A@-74 R2·A@-70 R3·A@-67 罐=无罐 泵=0 阀=111111 速=+0,+0,+0.00 电=8.09V/1.95A/峰2.36 补余=0.0 IO错=0 倾+0.0 自动1/3
[  203.070] TLM t= 122.1 L1·A@-74 L2·A@-69 L3·A@-74 R1·A@-74 R2·A@-70 R3·A@-66 罐=无罐 泵=0 阀=111111 速=+0,+0,+0.00 电=8.10V/2.04A/峰2.36 补余=0.0 IO错=0 倾+0.0 自动1/3
[  203.592] TLM t= 122.6 L1·A@-74 L2·A@-69 L3·A@-74 R1·A@-74 R2·A@-70 R3·A@-66 罐=无罐 泵=0 阀=111111 速=+0,+0,+0.00 电=8.09V/1.87A/峰2.36 补余=0.0 IO错=0 倾+0.0 自动1/3
[  203.801] EVT 原地抬起受理：R2
[  203.824] EVT 相位 R2 stance→handover
[  204.096] TLM t= 123.9 L1·A@-74 L2·A@-68 L3·A@-74 R1·A@-74 R2ZA@-69 R3·A@-65 罐=无罐 泵=0 阀=111111 速=+0,+0,+0.00 电=8.08V/1.87A/峰2.36 补余=0.0 IO错=0 倾+0.0 自动1/3
[  204.615] TLM t= 124.2 L1·A@-73 L2·A@-68 L3·A@-74 R1·A@-74 R2ZA@-69 R3·A@-65 罐=无罐 泵=0 阀=111111 速=+0,+0,+0.00 电=8.10V/1.87A/峰2.36 补余=0.0 IO错=0 倾+0.0 自动1/3
[  205.121] TLM t= 124.2 L1·A@-73 L2·A@-68 L3·A@-74 R1·A@-74 R2ZA@-69 R3·A@-64 罐=无罐 泵=0 阀=111111 速=+0,+0,+0.00 电=8.09V/2.12A/峰2.36 补余=0.0 IO错=0 倾+0.0 自动1/3
[  205.641] TLM t= 124.2 L1·A@-73 L2·A@-67 L3·A@-74 R1·A@-74 R2ZA@-68 R3·A@-63 罐=无罐 泵=0 阀=111111 速=+0,+0,+0.00 电=8.09V/2.12A/峰2.36 补余=0.0 IO错=0 倾+0.0 自动1/3
[  206.015] EVT 吸附 R2 attached→venting 在态142.30s -68.0kPa
[  206.015] EVT 相位 R2 handover→vent 落点Δ(+0.0,+0.0)
[  206.030] EVT 阀 R2 →排气位
[  206.142] TLM t= 124.2 L1·A@-73 L2·A@-67 L3·A@-74 R1·A@-74 R2Vv@-68 R3·A@-63 罐=无罐 泵=0 阀=111101 速=+0,+0,+0.00 电=8.08V/2.36A/峰2.36 补余=0.0 IO错=0 倾+0.0 自动1/3
[  206.313] EVT 相位 R2 vent→lift
[  206.416] EVT 吸附 R2 venting→released 在态0.40s 0.0kPa
[  206.666] TLM t= 124.2 L1·A@-73 L2·A@-66 L3·A@-74 R1·A@-74 R2Lr@-- R3·A@-62 罐=无罐 泵=0 阀=111101 速=+0,+0,+0.00 电=8.08V/2.12A/峰2.36 补余=0.0 IO错=0 倾+0.0 自动1/3
[  207.158] EVT 相位 R2 lift→transfer
[  207.168] TLM t= 124.2 L1·A@-73 L2·A@-66 L3·A@-74 R1·A@-74 R2Tr@-- R3·A@-62 罐=无罐 泵=0 阀=111101 速=+0,+0,+0.00 电=8.07V/2.44A/峰2.44 补余=0.0 IO错=0 倾+0.0 自动1/3
[  207.689] TLM t= 124.2 L1·A@-73 L2·A@-66 L3·A@-73 R1·A@-74 R2Tr@-- R3·A@-61 罐=无罐 泵=0 阀=111101 速=+0,+0,+0.00 电=8.06V/2.52A/峰2.52 补余=0.0 IO错=0 倾+0.0 自动1/3
[  207.777] EVT 相位 R2 transfer→hover
[  208.190] TLM t= 124.2 L1·A@-73 L2·A@-65 L3·A@-73 R1·A@-74 R2Hr@-- R3·A@-61 罐=无罐 泵=0 阀=111101 速=+0,+0,+0.00 电=8.08V/2.28A/峰2.52 补余=0.0 IO错=0 倾+0.0 自动1/3
[  208.712] TLM t= 124.2 L1·A@-73 L2·A@-65 L3·A@-73 R1·A@-73 R2Hr@-- R3·A@-60 罐=无罐 泵=0 阀=111101 速=+0,+0,+0.00 电=8.08V/2.28A/峰2.52 补余=0.0 IO错=0 倾+0.0 自动1/3
[  208.783] EVT 落地：R2
[  208.800] EVT 相位 R2 hover→descend
[  208.903] EVT 泵 开 最差盘压-60.0
[  209.214] TLM t= 124.2 L1·A@-73 L2·A@-65 L3·A@-73 R1·A@-73 R2Dr@-- R3·A@-63 罐=无罐 泵=1 阀=111101 速=+0,+0,+0.00 电=8.04V/2.12A/峰2.52 补余=0.0 IO错=0 倾+0.0 自动1/3
[  209.282] EVT 相位 R2 descend→press
[  209.733] TLM t= 124.2 L1·A@-75 L2·A@-75 L3·A@-75 R1·A@-74 R2Pr@-- R3·A@-75 罐=无罐 泵=1 阀=111101 速=+0,+0,+0.00 电=8.04V/2.12A/峰2.52 补余=0.0 IO错=0 倾+0.0 自动1/3
[  209.866] EVT 泵 停 最差盘压-75.4
[  210.235] TLM t= 124.2 L1·A@-77 L2·A@-76 L3·A@-76 R1·A@-76 R2Pr@-- R3·A@-76 罐=无罐 泵=0 阀=111101 速=+0,+0,+0.00 电=8.06V/2.28A/峰2.52 补余=0.0 IO错=0 倾+0.0 自动1/3
[  210.485] EVT 吸附 R2 released→pressing 在态4.06s 0.0kPa
[  210.485] EVT 相位 R2 press→wait
[  210.759] TLM t= 124.2 L1·A@-76 L2·A@-76 L3·A@-76 R1·A@-76 R2Wp@-- R3·A@-76 罐=无罐 泵=0 阀=111101 速=+0,+0,+0.00 电=8.04V/2.20A/峰2.52 补余=0.0 IO错=0 倾+0.0 自动1/3
[  210.789] EVT 吸附 R2 pressing→sucking 在态0.30s 0.0kPa
[  210.789] EVT 阀 R2 →抽气位
[  210.814] EVT 泵 开 最差盘压-75.6
[  211.070] EVT 吸附 R2 sucking→attached 在态0.28s -68.5kPa
[  211.073] EVT 相位 R2 wait→stance
[  211.073] EVT 抬落完成，轮到 L3
[  211.265] TLM t= 124.4 L1·A@-76 L2·A@-76 L3·A@-76 R1·A@-76 R2·A@-71 R3·A@-75 罐=无罐 泵=1 阀=111111 速=+0,+0,+0.00 电=8.00V/2.44A/峰2.52 补余=0.0 IO错=0 倾+0.0 自动1/3
[  211.536] EVT 泵 停 最差盘压-75.2
[  211.786] TLM t= 124.9 L1·A@-76 L2·A@-76 L3·A@-76 R1·A@-76 R2·A@-75 R3·A@-76 罐=无罐 泵=0 阀=111111 速=+0,+0,+0.00 电=8.08V/2.20A/峰2.52 补余=0.0 IO错=0 倾+0.0 自动1/3
[  212.288] TLM t= 125.4 L1·A@-76 L2·A@-76 L3·A@-76 R1·A@-76 R2·A@-74 R3·A@-75 罐=无罐 泵=0 阀=111111 速=+0,+0,+0.00 电=8.07V/2.28A/峰2.52 补余=0.0 IO错=0 倾+0.0 自动1/3
[  212.809] TLM t= 125.9 L1·A@-76 L2·A@-75 L3·A@-76 R1·A@-75 R2·A@-74 R3·A@-75 罐=无罐 泵=0 阀=111111 速=+0,+0,+0.00 电=8.08V/2.12A/峰2.52 补余=0.0 IO错=0 倾+0.0 自动1/3
[  213.329] TLM t= 126.4 L1·A@-76 L2·A@-75 L3·A@-76 R1·A@-75 R2·A@-73 R3·A@-74 罐=无罐 泵=0 阀=111111 速=+0,+0,+0.00 电=8.08V/2.20A/峰2.52 补余=0.0 IO错=0 倾+0.0 自动1/3
[  213.832] TLM t= 126.9 L1·A@-76 L2·A@-75 L3·A@-76 R1·A@-75 R2·A@-73 R3·A@-74 罐=无罐 泵=0 阀=111111 速=+0,+0,+0.00 电=8.09V/2.28A/峰2.52 补余=0.0 IO错=0 倾+0.0 自动1/3
[  214.350] TLM t= 127.5 L1·A@-76 L2·A@-74 L3·A@-76 R1·A@-75 R2·A@-73 R3·A@-73 罐=无罐 泵=0 阀=111111 速=+0,+0,+0.00 电=8.08V/2.20A/峰2.52 补余=0.0 IO错=0 倾+0.0 自动1/3
[  214.859] TLM t= 128.0 L1·A@-76 L2·A@-74 L3·A@-76 R1·A@-75 R2·A@-72 R3·A@-73 罐=无罐 泵=0 阀=111111 速=+0,+0,+0.00 电=8.08V/2.12A/峰2.52 补余=0.0 IO错=0 倾+0.0 自动1/3
[  215.360] TLM t= 128.5 L1·A@-75 L2·A@-73 L3·A@-75 R1·A@-75 R2·A@-72 R3·A@-72 罐=无罐 泵=0 阀=111111 速=+0,+0,+0.00 电=8.08V/2.28A/峰2.52 补余=0.0 IO错=0 倾+0.0 自动1/3
[  215.884] TLM t= 129.0 L1·A@-75 L2·A@-73 L3·A@-75 R1·A@-75 R2·A@-72 R3·A@-71 罐=无罐 泵=0 阀=111111 速=+0,+0,+0.00 电=8.09V/2.20A/峰2.52 补余=0.0 IO错=0 倾+0.0 自动1/3
[  216.387] TLM t= 129.5 L1·A@-75 L2·A@-73 L3·A@-75 R1·A@-75 R2·A@-71 R3·A@-71 罐=无罐 泵=0 阀=111111 速=+0,+0,+0.00 电=8.07V/2.20A/峰2.52 补余=0.0 IO错=0 倾+0.0 自动1/3
[  216.908] TLM t= 130.0 L1·A@-75 L2·A@-72 L3·A@-75 R1·A@-75 R2·A@-71 R3·A@-70 罐=无罐 泵=0 阀=111111 速=+0,+0,+0.00 电=8.07V/2.20A/峰2.52 补余=0.0 IO错=0 倾+0.0 自动1/3
[  217.426] TLM t= 130.5 L1·A@-75 L2·A@-72 L3·A@-75 R1·A@-75 R2·A@-70 R3·A@-70 罐=无罐 泵=0 阀=111111 速=+0,+0,+0.00 电=8.08V/2.20A/峰2.52 补余=0.0 IO错=0 倾+0.0 自动1/3
[  217.935] TLM t= 131.0 L1·A@-75 L2·A@-71 L3·A@-75 R1·A@-75 R2·A@-70 R3·A@-69 罐=无罐 泵=0 阀=111111 速=+0,+0,+0.00 电=8.05V/2.12A/峰2.52 补余=0.0 IO错=0 倾+0.0 自动1/3
[  218.434] TLM t= 131.5 L1·A@-75 L2·A@-71 L3·A@-75 R1·A@-75 R2·A@-70 R3·A@-69 罐=无罐 泵=0 阀=111111 速=+0,+0,+0.00 电=8.05V/2.20A/峰2.52 补余=0.0 IO错=0 倾+0.0 自动1/3
[  218.960] TLM t= 132.0 L1·A@-75 L2·A@-71 L3·A@-75 R1·A@-75 R2·A@-69 R3·A@-68 罐=无罐 泵=0 阀=111111 速=+0,+0,+0.00 电=8.09V/2.28A/峰2.52 补余=0.0 IO错=0 倾+0.0 自动1/3
[  219.462] TLM t= 132.5 L1·A@-75 L2·A@-70 L3·A@-75 R1·A@-75 R2·A@-69 R3·A@-67 罐=无罐 泵=0 阀=111111 速=+0,+0,+0.00 电=8.08V/2.28A/峰2.52 补余=0.0 IO错=0 倾+0.0 自动1/3
[  219.984] TLM t= 133.1 L1·A@-75 L2·A@-70 L3·A@-75 R1·A@-75 R2·A@-69 R3·A@-67 罐=无罐 泵=0 阀=111111 速=+0,+0,+0.00 电=8.08V/2.36A/峰2.52 补余=0.0 IO错=0 倾+0.0 自动1/3
[  220.488] TLM t= 133.6 L1·A@-75 L2·A@-69 L3·A@-74 R1·A@-74 R2·A@-68 R3·A@-66 罐=无罐 泵=0 阀=111111 速=+0,+0,+0.00 电=8.07V/2.20A/峰2.52 补余=0.0 IO错=0 倾+0.0 自动1/3
[  221.008] TLM t= 134.1 L1·A@-74 L2·A@-69 L3·A@-74 R1·A@-74 R2·A@-68 R3·A@-66 罐=无罐 泵=0 阀=111111 速=+0,+0,+0.00 电=8.07V/2.12A/峰2.52 补余=0.0 IO错=0 倾+0.0 自动1/3
[  221.099] EVT 原地抬起受理：L3
[  221.127] EVT 相位 L3 stance→handover
[  221.517] TLM t= 135.4 L1·A@-74 L2·A@-69 L3ZA@-74 R1·A@-74 R2·A@-68 R3·A@-65 罐=无罐 泵=0 阀=111111 速=+0,+0,+0.00 电=8.07V/2.12A/峰2.52 补余=0.0 IO错=0 倾+0.0 自动1/3
[  222.038] TLM t= 135.6 L1·A@-74 L2·A@-68 L3ZA@-74 R1·A@-74 R2·A@-67 R3·A@-65 罐=无罐 泵=0 阀=111111 速=+0,+0,+0.00 电=8.08V/2.28A/峰2.52 补余=0.0 IO错=0 倾+0.0 自动1/3
[  222.543] TLM t= 135.6 L1·A@-74 L2·A@-68 L3ZA@-74 R1·A@-74 R2·A@-67 R3·A@-64 罐=无罐 泵=0 阀=111111 速=+0,+0,+0.00 电=8.07V/2.28A/峰2.52 补余=0.0 IO错=0 倾+0.0 自动1/3
[  223.063] TLM t= 135.6 L1·A@-74 L2·A@-67 L3ZA@-74 R1·A@-74 R2·A@-67 R3·A@-64 罐=无罐 泵=0 阀=111111 速=+0,+0,+0.00 电=8.07V/2.28A/峰2.52 补余=0.0 IO错=0 倾+0.0 自动1/3
[  223.567] TLM t= 135.6 L1·A@-74 L2·A@-67 L3ZA@-74 R1·A@-74 R2·A@-66 R3·A@-63 罐=无罐 泵=0 阀=111111 速=+0,+0,+0.00 电=8.04V/2.69A/峰2.69 补余=0.0 IO错=0 倾+0.0 自动1/3
[  224.019] EVT 吸附 L3 attached→venting 在态158.40s -73.8kPa
[  224.020] EVT 相位 L3 handover→vent 落点Δ(+0.0,+0.0)
[  224.040] EVT 阀 L3 →排气位
[  224.087] TLM t= 135.6 L1·A@-74 L2·A@-67 L3Vv@-74 R1·A@-74 R2·A@-66 R3·A@-62 罐=无罐 泵=0 阀=110111 速=+0,+0,+0.00 电=8.02V/2.69A/峰2.69 补余=0.0 IO错=0 倾+0.0 自动1/3
[  224.318] EVT 相位 L3 vent→lift
[  224.415] EVT 吸附 L3 venting→released 在态0.40s 0.1kPa
[  224.592] TLM t= 135.6 L1·A@-74 L2·A@-66 L3Lr@-- R1·A@-74 R2·A@-66 R3·A@-62 罐=无罐 泵=0 阀=110111 速=+0,+0,+0.00 电=8.01V/2.85A/峰2.85 补余=0.0 IO错=0 倾+0.0 自动1/3
[  225.108] TLM t= 135.6 L1·A@-74 L2·A@-66 L3Lr@-- R1·A@-74 R2·A@-65 R3·A@-61 罐=无罐 泵=0 阀=110111 速=+0,+0,+0.00 电=8.02V/2.60A/峰2.85 补余=0.0 IO错=0 倾+0.0 自动1/3
[  225.161] EVT 相位 L3 lift→transfer
[  225.613] TLM t= 135.6 L1·A@-74 L2·A@-66 L3Tr@-- R1·A@-74 R2·A@-65 R3·A@-61 罐=无罐 泵=0 阀=110111 速=+0,+0,+0.00 电=8.01V/2.85A/峰2.85 补余=0.0 IO错=0 倾+0.0 自动1/3
[  225.785] EVT 相位 L3 transfer→hover
[  226.129] TLM t= 135.6 L1·A@-74 L2·A@-65 L3Hr@-- R1·A@-74 R2·A@-65 R3·A@-60 罐=无罐 泵=0 阀=110111 速=+0,+0,+0.00 电=8.06V/2.44A/峰2.85 补余=0.0 IO错=0 倾+0.0 自动1/3
[  226.507] EVT 泵 开 最差盘压-59.9
[  226.637] TLM t= 135.6 L1·A@-74 L2·A@-65 L3Hr@-- R1·A@-74 R2·A@-65 R3·A@-60 罐=无罐 泵=1 阀=110111 速=+0,+0,+0.00 电=7.99V/2.60A/峰2.85 补余=0.0 IO错=0 倾+0.0 自动1/3
[  226.785] EVT 落地：L3
[  226.808] EVT 相位 L3 hover→descend
[  227.153] TLM t= 135.6 L1·A@-73 L2·A@-73 L3Dr@-- R1·A@-73 R2·A@-73 R3·A@-72 罐=无罐 泵=1 阀=110111 速=+0,+0,+0.00 电=7.98V/2.44A/峰2.85 补余=0.0 IO错=0 倾+0.0 自动1/3
[  227.289] EVT 相位 L3 descend→press
[  227.470] EVT 泵 停 最差盘压-75.3
[  227.659] TLM t= 135.6 L1·A@-76 L2·A@-77 L3Pr@-- R1·A@-76 R2·A@-76 R3·A@-76 罐=无罐 泵=0 阀=110111 速=+0,+0,+0.00 电=8.02V/2.52A/峰2.85 补余=0.0 IO错=0 倾+0.0 自动1/3
[  228.177] TLM t= 135.6 L1·A@-76 L2·A@-76 L3Pr@-- R1·A@-76 R2·A@-76 R3·A@-76 罐=无罐 泵=0 阀=110111 速=+0,+0,+0.00 电=8.03V/2.60A/峰2.85 补余=0.0 IO错=0 倾+0.0 自动1/3
[  228.492] EVT 吸附 L3 released→pressing 在态4.06s 0.1kPa
[  228.493] EVT 相位 L3 press→wait
[  228.683] TLM t= 135.6 L1·A@-76 L2·A@-76 L3Wp@-- R1·A@-76 R2·A@-75 R3·A@-75 罐=无罐 泵=0 阀=110111 速=+0,+0,+0.00 电=8.05V/2.60A/峰2.85 补余=0.0 IO错=0 倾+0.0 自动1/3
[  228.793] EVT 吸附 L3 pressing→sucking 在态0.30s 0.1kPa
[  228.793] EVT 阀 L3 →抽气位
[  228.808] EVT 泵 开 最差盘压-74.9
[  229.069] EVT 吸附 L3 sucking→attached 在态0.28s -54.9kPa
[  229.072] EVT 相位 L3 wait→stance
[  229.072] EVT 抬落完成，轮到 R1
[  229.200] TLM t= 135.7 L1·A@-76 L2·A@-75 L3·A@-64 R1·A@-76 R2·A@-75 R3·A@-75 罐=无罐 泵=1 阀=111111 速=+0,+0,+0.00 电=8.01V/2.52A/峰2.85 补余=0.0 IO错=0 倾+0.0 自动1/3
[  229.591] EVT 泵 停 最差盘压-75.1
[  229.705] TLM t= 136.2 L1·A@-76 L2·A@-76 L3·A@-76 R1·A@-75 R2·A@-76 R3·A@-76 罐=无罐 泵=0 阀=111111 速=+0,+0,+0.00 电=8.04V/2.60A/峰2.85 补余=0.0 IO错=0 倾+0.0 自动1/3
[  230.224] TLM t= 136.7 L1·A@-76 L2·A@-76 L3·A@-75 R1·A@-75 R2·A@-75 R3·A@-75 罐=无罐 泵=0 阀=111111 速=+0,+0,+0.00 电=8.05V/2.52A/峰2.85 补余=0.0 IO错=0 倾+0.0 自动1/3
[  230.727] TLM t= 137.2 L1·A@-76 L2·A@-75 L3·A@-75 R1·A@-75 R2·A@-75 R3·A@-75 罐=无罐 泵=0 阀=111111 速=+0,+0,+0.00 电=8.06V/2.60A/峰2.85 补余=0.0 IO错=0 倾+0.0 自动1/3
[  231.249] TLM t= 137.8 L1·A@-76 L2·A@-75 L3·A@-75 R1·A@-75 R2·A@-75 R3·A@-74 罐=无罐 泵=0 阀=111111 速=+0,+0,+0.00 电=8.04V/2.60A/峰2.85 补余=0.0 IO错=0 倾+0.0 自动1/3
[  231.756] TLM t= 138.3 L1·A@-76 L2·A@-74 L3·A@-75 R1·A@-75 R2·A@-74 R3·A@-73 罐=无罐 泵=0 阀=111111 速=+0,+0,+0.00 电=8.05V/2.52A/峰2.85 补余=0.0 IO错=0 倾+0.0 自动1/3
[  232.274] TLM t= 138.8 L1·A@-76 L2·A@-74 L3·A@-75 R1·A@-75 R2·A@-74 R3·A@-73 罐=无罐 泵=0 阀=111111 速=+0,+0,+0.00 电=8.04V/2.52A/峰2.85 补余=0.0 IO错=0 倾+0.0 自动1/3
[  232.777] TLM t= 139.3 L1·A@-75 L2·A@-74 L3·A@-74 R1·A@-75 R2·A@-74 R3·A@-72 罐=无罐 泵=0 阀=111111 速=+0,+0,+0.00 电=8.04V/2.69A/峰2.85 补余=0.0 IO错=0 倾+0.0 自动1/3
[  233.297] TLM t= 139.8 L1·A@-75 L2·A@-73 L3·A@-74 R1·A@-75 R2·A@-73 R3·A@-72 罐=无罐 泵=0 阀=111111 速=+0,+0,+0.00 电=8.03V/2.36A/峰2.85 补余=0.0 IO错=0 倾+0.0 自动1/3
[  233.800] TLM t= 140.3 L1·A@-75 L2·A@-73 L3·A@-74 R1·A@-75 R2·A@-73 R3·A@-71 罐=无罐 泵=0 阀=111111 速=+0,+0,+0.00 电=8.05V/2.44A/峰2.85 补余=0.0 IO错=0 倾+0.0 自动1/3
[  234.324] TLM t= 140.8 L1·A@-75 L2·A@-72 L3·A@-74 R1·A@-74 R2·A@-72 R3·A@-71 罐=无罐 泵=0 阀=111111 速=+0,+0,+0.00 电=8.05V/2.52A/峰2.85 补余=0.0 IO错=0 倾+0.0 自动1/3
[  234.827] TLM t= 141.3 L1·A@-75 L2·A@-72 L3·A@-74 R1·A@-74 R2·A@-72 R3·A@-70 罐=无罐 泵=0 阀=111111 速=+0,+0,+0.00 电=8.05V/2.69A/峰2.85 补余=0.0 IO错=0 倾+0.0 自动1/3
[  235.347] TLM t= 141.8 L1·A@-75 L2·A@-71 L3·A@-74 R1·A@-74 R2·A@-72 R3·A@-70 罐=无罐 泵=0 阀=111111 速=+0,+0,+0.00 电=8.02V/2.60A/峰2.85 补余=0.0 IO错=0 倾+0.0 自动1/3
[  235.850] TLM t= 142.3 L1·A@-75 L2·A@-71 L3·A@-73 R1·A@-74 R2·A@-71 R3·A@-69 罐=无罐 泵=0 阀=111111 速=+0,+0,+0.00 电=8.04V/2.44A/峰2.85 补余=0.0 IO错=0 倾+0.0 自动1/3
[  236.370] TLM t= 142.9 L1·A@-75 L2·A@-71 L3·A@-73 R1·A@-74 R2·A@-71 R3·A@-68 罐=无罐 泵=0 阀=111111 速=+0,+0,+0.00 电=8.04V/2.52A/峰2.85 补余=0.0 IO错=0 倾+0.0 自动1/3
[  236.875] TLM t= 143.4 L1·A@-75 L2·A@-70 L3·A@-73 R1·A@-74 R2·A@-71 R3·A@-68 罐=无罐 泵=0 阀=111111 速=+0,+0,+0.00 电=8.05V/2.52A/峰2.85 补余=0.0 IO错=0 倾+0.0 自动1/3
[  237.396] TLM t= 143.9 L1·A@-75 L2·A@-70 L3·A@-73 R1·A@-74 R2·A@-70 R3·A@-67 罐=无罐 泵=0 阀=111111 速=+0,+0,+0.00 电=8.06V/2.60A/峰2.85 补余=0.0 IO错=0 倾+0.0 自动1/3
[  237.902] TLM t= 144.4 L1·A@-74 L2·A@-70 L3·A@-73 R1·A@-74 R2·A@-70 R3·A@-67 罐=无罐 泵=0 阀=111111 速=+0,+0,+0.00 电=8.04V/2.52A/峰2.85 补余=0.0 IO错=0 倾+0.0 自动1/3
[  238.421] TLM t= 144.9 L1·A@-74 L2·A@-69 L3·A@-73 R1·A@-74 R2·A@-70 R3·A@-66 罐=无罐 泵=0 阀=111111 速=+0,+0,+0.00 电=8.04V/2.52A/峰2.85 补余=0.0 IO错=0 倾+0.0 自动1/3
[  238.922] TLM t= 145.4 L1·A@-74 L2·A@-69 L3·A@-72 R1·A@-74 R2·A@-70 R3·A@-66 罐=无罐 泵=0 阀=111111 速=+0,+0,+0.00 电=8.02V/2.44A/峰2.85 补余=0.0 IO错=0 倾+0.0 自动1/3
[  239.096] EVT 原地抬起受理：R1
[  239.111] EVT 相位 R1 stance→handover
[  239.443] TLM t= 146.7 L1·A@-74 L2·A@-68 L3·A@-72 R1ZA@-74 R2·A@-69 R3·A@-65 罐=无罐 泵=0 阀=111111 速=+0,+0,+0.00 电=8.06V/2.12A/峰2.85 补余=0.0 IO错=0 倾+0.0 自动1/3
[  239.949] TLM t= 147.0 L1·A@-74 L2·A@-68 L3·A@-72 R1ZA@-73 R2·A@-69 R3·A@-65 罐=无罐 泵=0 阀=111111 速=+0,+0,+0.00 电=8.08V/1.95A/峰2.85 补余=0.0 IO错=0 倾+0.0 自动1/3
[  240.465] TLM t= 147.0 L1·A@-74 L2·A@-68 L3·A@-72 R1ZA@-73 R2·A@-69 R3·A@-64 罐=无罐 泵=0 阀=111111 速=+0,+0,+0.00 电=8.10V/1.79A/峰2.85 补余=0.0 IO错=0 倾+0.0 自动1/3
[  240.969] TLM t= 147.0 L1·A@-74 L2·A@-67 L3·A@-72 R1ZA@-73 R2·A@-68 R3·A@-64 罐=无罐 泵=0 阀=111111 速=+0,+0,+0.00 电=8.08V/1.79A/峰2.85 补余=0.0 IO错=0 倾+0.0 自动1/3
[  241.489] TLM t= 147.0 L1·A@-74 L2·A@-67 L3·A@-72 R1ZA@-73 R2·A@-68 R3·A@-63 罐=无罐 泵=0 阀=111111 速=+0,+0,+0.00 电=8.07V/1.95A/峰2.85 补余=0.0 IO错=0 倾+0.0 自动1/3
[  241.996] TLM t= 147.0 L1·A@-74 L2·A@-66 L3·A@-72 R1ZA@-73 R2·A@-68 R3·A@-63 罐=无罐 泵=0 阀=111111 速=+0,+0,+0.00 电=8.08V/2.12A/峰2.85 补余=0.0 IO错=0 倾+0.0 自动1/3
[  242.405] EVT 吸附 R1 attached→venting 在态174.84s -73.1kPa
[  242.405] EVT 相位 R1 handover→vent 落点Δ(+0.0,+0.0)
[  242.420] EVT 阀 R1 →排气位
[  242.511] TLM t= 147.0 L1·A@-74 L2·A@-66 L3·A@-72 R1Vv@-73 R2·A@-67 R3·A@-62 罐=无罐 泵=0 阀=111011 速=+0,+0,+0.00 电=8.06V/2.20A/峰2.85 补余=0.0 IO错=0 倾+0.0 自动1/3
[  242.705] EVT 相位 R1 vent→lift
[  242.807] EVT 吸附 R1 venting→released 在态0.40s 0.0kPa
[  243.014] TLM t= 147.0 L1·A@-74 L2·A@-66 L3·A@-71 R1Lr@-- R2·A@-67 R3·A@-62 罐=无罐 泵=0 阀=111011 速=+0,+0,+0.00 电=8.04V/2.28A/峰2.85 补余=0.0 IO错=0 倾+0.0 自动1/3
[  243.535] TLM t= 147.0 L1·A@-74 L2·A@-65 L3·A@-71 R1Lr@-- R2·A@-67 R3·A@-61 罐=无罐 泵=0 阀=111011 速=+0,+0,+0.00 电=8.05V/2.36A/峰2.85 补余=0.0 IO错=0 倾+0.0 自动1/3
[  243.547] EVT 相位 R1 lift→transfer
[  244.037] TLM t= 147.0 L1·A@-74 L2·A@-65 L3·A@-71 R1Tr@-- R2·A@-66 R3·A@-61 罐=无罐 泵=0 阀=111011 速=+0,+0,+0.00 电=8.04V/2.28A/峰2.85 补余=0.0 IO错=0 倾+0.0 自动1/3
[  244.166] EVT 相位 R1 transfer→hover
[  244.559] TLM t= 147.0 L1·A@-73 L2·A@-65 L3·A@-71 R1Hr@-- R2·A@-66 R3·A@-60 罐=无罐 泵=0 阀=111011 速=+0,+0,+0.00 电=8.06V/2.12A/峰2.85 补余=0.0 IO错=0 倾+0.0 自动1/3
[  244.630] EVT 泵 开 最差盘压-60.0
[  245.058] TLM t= 147.0 L1·A@-73 L2·A@-68 L3·A@-71 R1Hr@-- R2·A@-68 R3·A@-68 罐=无罐 泵=1 阀=111011 速=+0,+0,+0.00 电=8.03V/2.20A/峰2.85 补余=0.0 IO错=0 倾+0.0 自动1/3
[  245.172] EVT 落地：R1
[  245.189] EVT 相位 R1 hover→descend
[  245.550] EVT 泵 停 最差盘压-75.1
[  245.581] TLM t= 147.0 L1·A@-75 L2·A@-76 L3·A@-75 R1Dr@-- R2·A@-76 R3·A@-75 罐=无罐 泵=0 阀=111011 速=+0,+0,+0.00 电=8.03V/2.28A/峰2.85 补余=0.0 IO错=0 倾+0.0 自动1/3
[  245.670] EVT 相位 R1 descend→press
[  246.083] TLM t= 147.0 L1·A@-76 L2·A@-76 L3·A@-76 R1Pr@-- R2·A@-75 R3·A@-75 罐=无罐 泵=0 阀=111011 速=+0,+0,+0.00 电=8.05V/2.28A/峰2.85 补余=0.0 IO错=0 倾+0.0 自动1/3
[  246.610] TLM t= 147.0 L1·A@-76 L2·A@-75 L3·A@-76 R1Pr@-- R2·A@-75 R3·A@-75 罐=无罐 泵=0 阀=111011 速=+0,+0,+0.00 电=8.05V/2.20A/峰2.85 补余=0.0 IO错=0 倾+0.0 自动1/3
[  246.875] EVT 吸附 R1 released→pressing 在态4.06s 0.0kPa
[  246.876] EVT 相位 R1 press→wait
[  247.112] TLM t= 147.0 L1·A@-76 L2·A@-75 L3·A@-75 R1Wp@-- R2·A@-74 R3·A@-74 罐=无罐 泵=0 阀=111011 速=+0,+0,+0.00 电=8.04V/2.28A/峰2.85 补余=0.0 IO错=0 倾+0.0 自动1/3
[  247.176] EVT 吸附 R1 pressing→sucking 在态0.30s 0.0kPa
[  247.177] EVT 阀 R1 →抽气位
[  247.205] EVT 泵 开 最差盘压-74.0
[  247.522] EVT 吸附 R1 sucking→attached 在态0.34s -67.0kPa
[  247.525] EVT 相位 R1 wait→stance
[  247.525] EVT 抬落完成，轮到 L2
[  247.635] TLM t= 147.1 L1·A@-75 L2·A@-74 L3·A@-75 R1·A@-71 R2·A@-74 R3·A@-73 罐=无罐 泵=1 阀=111111 速=+0,+0,+0.00 电=8.05V/1.95A/峰2.85 补余=0.0 IO错=0 倾+0.0 自动1/3
[  247.929] EVT 泵 停 最差盘压-75.4
[  248.137] TLM t= 147.6 L1·A@-77 L2·A@-77 L3·A@-76 R1·A@-76 R2·A@-76 R3·A@-76 罐=无罐 泵=0 阀=111111 速=+0,+0,+0.00 电=8.06V/2.36A/峰2.85 补余=0.0 IO错=0 倾+0.0 自动1/3
[  248.660] TLM t= 148.1 L1·A@-76 L2·A@-76 L3·A@-76 R1·A@-76 R2·A@-76 R3·A@-76 罐=无罐 泵=0 阀=111111 速=+0,+0,+0.00 电=8.07V/2.20A/峰2.85 补余=0.0 IO错=0 倾+0.0 自动1/3
[  249.167] TLM t= 148.6 L1·A@-76 L2·A@-76 L3·A@-76 R1·A@-76 R2·A@-75 R3·A@-75 罐=无罐 泵=0 阀=111111 速=+0,+0,+0.00 电=8.06V/2.20A/峰2.85 补余=0.0 IO错=0 倾+0.0 自动1/3
[  249.689] TLM t= 149.1 L1·A@-76 L2·A@-75 L3·A@-76 R1·A@-76 R2·A@-75 R3·A@-75 罐=无罐 泵=0 阀=111111 速=+0,+0,+0.00 电=8.06V/2.20A/峰2.85 补余=0.0 IO错=0 倾+0.0 自动1/3
[  250.194] TLM t= 149.6 L1·A@-76 L2·A@-75 L3·A@-76 R1·A@-75 R2·A@-75 R3·A@-74 罐=无罐 泵=0 阀=111111 速=+0,+0,+0.00 电=8.06V/2.12A/峰2.85 补余=0.0 IO错=0 倾+0.0 自动1/3
[  250.714] TLM t= 150.2 L1·A@-76 L2·A@-74 L3·A@-76 R1·A@-75 R2·A@-74 R3·A@-73 罐=无罐 泵=0 阀=111111 速=+0,+0,+0.00 电=8.06V/2.20A/峰2.85 补余=0.0 IO错=0 倾+0.0 自动1/3
[  251.217] TLM t= 150.7 L1·A@-76 L2·A@-74 L3·A@-76 R1·A@-75 R2·A@-74 R3·A@-73 罐=无罐 泵=0 阀=111111 速=+0,+0,+0.00 电=8.05V/2.20A/峰2.85 补余=0.0 IO错=0 倾+0.0 自动1/3
[  251.739] TLM t= 151.2 L1·A@-76 L2·A@-74 L3·A@-76 R1·A@-75 R2·A@-74 R3·A@-72 罐=无罐 泵=0 阀=111111 速=+0,+0,+0.00 电=8.06V/2.20A/峰2.85 补余=0.0 IO错=0 倾+0.0 自动1/3
[  252.247] TLM t= 151.7 L1·A@-76 L2·A@-73 L3·A@-76 R1·A@-75 R2·A@-73 R3·A@-72 罐=无罐 泵=0 阀=111111 速=+0,+0,+0.00 电=8.05V/2.44A/峰2.85 补余=0.0 IO错=0 倾+0.0 自动1/3
[  252.765] TLM t= 152.2 L1·A@-76 L2·A@-73 L3·A@-76 R1·A@-75 R2·A@-73 R3·A@-71 罐=无罐 泵=0 阀=111111 速=+0,+0,+0.00 电=8.06V/2.28A/峰2.85 补余=0.0 IO错=0 倾+0.0 自动1/3
[  253.266] TLM t= 152.7 L1·A@-76 L2·A@-72 L3·A@-76 R1·A@-75 R2·A@-73 R3·A@-71 罐=无罐 泵=0 阀=111111 速=+0,+0,+0.00 电=8.04V/2.12A/峰2.85 补余=0.0 IO错=0 倾+0.0 自动1/3
[  253.789] TLM t= 153.2 L1·A@-75 L2·A@-72 L3·A@-75 R1·A@-75 R2·A@-72 R3·A@-70 罐=无罐 泵=0 阀=111111 速=+0,+0,+0.00 电=8.06V/2.36A/峰2.85 补余=0.0 IO错=0 倾+0.0 自动1/3
[  254.292] TLM t= 153.7 L1·A@-75 L2·A@-72 L3·A@-75 R1·A@-75 R2·A@-72 R3·A@-69 罐=无罐 泵=0 阀=111111 速=+0,+0,+0.00 电=8.07V/2.12A/峰2.85 补余=0.0 IO错=0 倾+0.0 自动1/3
[  254.812] TLM t= 154.2 L1·A@-75 L2·A@-71 L3·A@-75 R1·A@-75 R2·A@-72 R3·A@-69 罐=无罐 泵=0 阀=111111 速=+0,+0,+0.00 电=8.06V/2.20A/峰2.85 补余=0.0 IO错=0 倾+0.0 自动1/3
[  255.315] TLM t= 154.7 L1·A@-75 L2·A@-71 L3·A@-75 R1·A@-75 R2·A@-71 R3·A@-68 罐=无罐 泵=0 阀=111111 速=+0,+0,+0.00 电=8.06V/2.44A/峰2.85 补余=0.0 IO错=0 倾+0.0 自动1/3
[  255.839] TLM t= 155.3 L1·A@-75 L2·A@-70 L3·A@-75 R1·A@-75 R2·A@-71 R3·A@-68 罐=无罐 泵=0 阀=111111 速=+0,+0,+0.00 电=8.06V/2.28A/峰2.85 补余=0.0 IO错=0 倾+0.0 自动1/3
[  256.340] TLM t= 155.8 L1·A@-75 L2·A@-70 L3·A@-75 R1·A@-75 R2·A@-71 R3·A@-67 罐=无罐 泵=0 阀=111111 速=+0,+0,+0.00 电=8.06V/2.28A/峰2.85 补余=0.0 IO错=0 倾+0.0 自动1/3
[  256.865] TLM t= 156.3 L1·A@-75 L2·A@-70 L3·A@-75 R1·A@-75 R2·A@-70 R3·A@-67 罐=无罐 泵=0 阀=111111 速=+0,+0,+0.00 电=8.05V/2.28A/峰2.85 补余=0.0 IO错=0 倾+0.0 自动1/3
[  257.369] TLM t= 156.8 L1·A@-75 L2·A@-69 L3·A@-75 R1·A@-75 R2·A@-70 R3·A@-66 罐=无罐 泵=0 阀=111111 速=+0,+0,+0.00 电=8.04V/2.28A/峰2.85 补余=0.0 IO错=0 倾+0.0 自动1/3
[  257.553] EVT 原地抬起受理：L2
[  257.581] EVT 相位 L2 stance→handover
[  257.889] TLM t= 158.1 L1·A@-75 L2ZA@-69 L3·A@-75 R1·A@-74 R2·A@-70 R3·A@-66 罐=无罐 泵=0 阀=111111 速=+0,+0,+0.00 电=8.07V/2.12A/峰2.85 补余=0.0 IO错=0 倾+0.0 自动1/3
[  258.393] TLM t= 158.4 L1·A@-75 L2ZA@-68 L3·A@-75 R1·A@-74 R2·A@-69 R3·A@-65 罐=无罐 泵=0 阀=111111 速=+0,+0,+0.00 电=8.07V/2.04A/峰2.85 补余=0.0 IO错=0 倾+0.0 自动1/3
[  258.915] TLM t= 158.4 L1·A@-75 L2ZA@-68 L3·A@-75 R1·A@-74 R2·A@-69 R3·A@-65 罐=无罐 泵=0 阀=111111 速=+0,+0,+0.00 电=8.06V/2.04A/峰2.85 补余=0.0 IO错=0 倾+0.0 自动1/3
[  259.418] TLM t= 158.4 L1·A@-74 L2ZA@-68 L3·A@-75 R1·A@-74 R2·A@-69 R3·A@-64 罐=无罐 泵=0 阀=111111 速=+0,+0,+0.00 电=8.06V/2.28A/峰2.85 补余=0.0 IO错=0 倾+0.0 自动1/3
[  259.939] TLM t= 158.4 L1·A@-74 L2ZA@-67 L3·A@-74 R1·A@-74 R2·A@-68 R3·A@-63 罐=无罐 泵=0 阀=111111 速=+0,+0,+0.00 电=8.07V/2.20A/峰2.85 补余=0.0 IO错=0 倾+0.0 自动1/3
[  259.964] EVT 吸附 L2 attached→venting 在态190.50s -67.2kPa
[  259.965] EVT 相位 L2 handover→vent 落点Δ(+0.0,+0.0)
[  259.990] EVT 阀 L2 →排气位
[  260.265] EVT 相位 L2 vent→lift
[  260.387] EVT 吸附 L2 venting→released 在态0.42s 0.3kPa
[  260.442] TLM t= 158.4 L1·A@-74 L2Lr@-- L3·A@-74 R1·A@-74 R2·A@-68 R3·A@-63 罐=无罐 泵=0 阀=101111 速=+0,+0,+0.00 电=8.03V/2.28A/峰2.85 补余=0.0 IO错=0 倾+0.0 自动1/3
[  260.961] TLM t= 158.4 L1·A@-74 L2Lr@-- L3·A@-74 R1·A@-74 R2·A@-68 R3·A@-62 罐=无罐 泵=0 阀=101111 速=+0,+0,+0.00 电=8.04V/2.44A/峰2.85 补余=0.0 IO错=0 倾+0.0 自动1/3
[  261.108] EVT 相位 L2 lift→transfer
[  261.465] TLM t= 158.4 L1·A@-74 L2Tr@-- L3·A@-74 R1·A@-74 R2·A@-67 R3·A@-62 罐=无罐 泵=0 阀=101111 速=+0,+0,+0.00 电=8.05V/2.36A/峰2.85 补余=0.0 IO错=0 倾+0.0 自动1/3
[  261.735] EVT 相位 L2 transfer→hover
[  261.983] TLM t= 158.4 L1·A@-74 L2Hr@-- L3·A@-74 R1·A@-74 R2·A@-67 R3·A@-61 罐=无罐 泵=0 阀=101111 速=+0,+0,+0.00 电=8.03V/2.28A/峰2.85 补余=0.0 IO错=0 倾+0.0 自动1/3
[  262.489] TLM t= 158.4 L1·A@-74 L2Hr@-- L3·A@-74 R1·A@-74 R2·A@-67 R3·A@-61 罐=无罐 泵=0 阀=101111 速=+0,+0,+0.00 电=8.06V/2.44A/峰2.85 补余=0.0 IO错=0 倾+0.0 自动1/3
[  262.758] EVT 落地：L2
[  262.780] EVT 相位 L2 hover→descend
[  263.008] TLM t= 158.4 L1·A@-74 L2Dr@-- L3·A@-74 R1·A@-74 R2·A@-66 R3·A@-60 罐=无罐 泵=0 阀=101111 速=+0,+0,+0.00 电=8.01V/2.44A/峰2.85 补余=0.0 IO错=0 倾+0.0 自动1/3
[  263.204] EVT 泵 开 最差盘压-60.0
[  263.264] EVT 相位 L2 descend→press
[  263.515] TLM t= 158.4 L1·A@-74 L2Pr@-- L3·A@-74 R1·A@-74 R2·A@-66 R3·A@-63 罐=无罐 泵=1 阀=101111 速=+0,+0,+0.00 电=8.01V/2.52A/峰2.85 补余=0.0 IO错=0 倾+0.0 自动1/3
[  264.033] TLM t= 158.4 L1·A@-75 L2Pr@-- L3·A@-75 R1·A@-75 R2·A@-75 R3·A@-75 罐=无罐 泵=1 阀=101111 速=+0,+0,+0.00 电=8.01V/2.28A/峰2.85 补余=0.0 IO错=0 倾+0.0 自动1/3
[  264.084] EVT 泵 停 最差盘压-75.2
[  264.467] EVT 吸附 L2 released→pressing 在态4.06s 0.3kPa
[  264.468] EVT 相位 L2 press→wait
[  264.537] TLM t= 158.4 L1·A@-76 L2Wp@-- L3·A@-76 R1·A@-76 R2·A@-76 R3·A@-76 罐=无罐 泵=0 阀=101111 速=+0,+0,+0.00 电=8.02V/2.28A/峰2.85 补余=0.0 IO错=0 倾+0.0 自动1/3
[  264.768] EVT 吸附 L2 pressing→sucking 在态0.30s 0.3kPa
[  264.768] EVT 阀 L2 →抽气位
[  264.783] EVT 泵 开 最差盘压-75.5
[  265.041] EVT 吸附 L2 sucking→attached 在态0.28s -66.7kPa
[  265.051] EVT 相位 L2 wait→stance
[  265.051] EVT 抬落完成，轮到 R3
[  265.051] EVT 自动轮换：第 1 轮完成
[  265.061] TLM t= 158.4 L1·A@-76 L2·A@-67 L3·A@-76 R1·A@-76 R2·A@-75 R3·A@-75 罐=无罐 泵=1 阀=111111 速=+0,+0,+0.00 电=8.02V/2.04A/峰2.85 补余=0.0 IO错=0 倾+0.0 自动2/3
[  265.430] EVT 泵 停 最差盘压-75.6
[  265.576] TLM t= 158.9 L1·A@-76 L2·A@-77 L3·A@-76 R1·A@-76 R2·A@-76 R3·A@-76 罐=无罐 泵=0 阀=111111 速=+0,+0,+0.00 电=8.04V/2.36A/峰2.85 补余=0.0 IO错=0 倾+0.0 自动2/3
[  266.078] TLM t= 159.4 L1·A@-76 L2·A@-76 L3·A@-76 R1·A@-76 R2·A@-76 R3·A@-76 罐=无罐 泵=0 阀=111111 速=+0,+0,+0.00 电=8.04V/2.44A/峰2.85 补余=0.0 IO错=0 倾+0.0 自动2/3
[  266.581] TLM t= 159.9 L1·A@-76 L2·A@-76 L3·A@-76 R1·A@-75 R2·A@-75 R3·A@-75 罐=无罐 泵=0 阀=111111 速=+0,+0,+0.00 电=8.04V/2.44A/峰2.85 补余=0.0 IO错=0 倾+0.0 自动2/3
[  267.104] TLM t= 160.4 L1·A@-76 L2·A@-75 L3·A@-76 R1·A@-75 R2·A@-75 R3·A@-75 罐=无罐 泵=0 阀=111111 速=+0,+0,+0.00 电=8.05V/2.20A/峰2.85 补余=0.0 IO错=0 倾+0.0 自动2/3
[  267.608] TLM t= 160.9 L1·A@-76 L2·A@-74 L3·A@-76 R1·A@-75 R2·A@-75 R3·A@-74 罐=无罐 泵=0 阀=111111 速=+0,+0,+0.00 电=8.04V/2.44A/峰2.85 补余=0.0 IO错=0 倾+0.0 自动2/3
[  268.126] TLM t= 161.5 L1·A@-76 L2·A@-74 L3·A@-76 R1·A@-75 R2·A@-74 R3·A@-73 罐=无罐 泵=0 阀=111111 速=+0,+0,+0.00 电=8.05V/2.20A/峰2.85 补余=0.0 IO错=0 倾+0.0 自动2/3
[  268.629] TLM t= 162.0 L1·A@-76 L2·A@-74 L3·A@-76 R1·A@-75 R2·A@-74 R3·A@-73 罐=无罐 泵=0 阀=111111 速=+0,+0,+0.00 电=8.05V/2.20A/峰2.85 补余=0.0 IO错=0 倾+0.0 自动2/3
[  269.148] TLM t= 162.5 L1·A@-76 L2·A@-73 L3·A@-76 R1·A@-75 R2·A@-74 R3·A@-72 罐=无罐 泵=0 阀=111111 速=+0,+0,+0.00 电=8.04V/2.44A/峰2.85 补余=0.0 IO错=0 倾+0.0 自动2/3
[  269.654] TLM t= 163.0 L1·A@-76 L2·A@-73 L3·A@-76 R1·A@-75 R2·A@-73 R3·A@-72 罐=无罐 泵=0 阀=111111 速=+0,+0,+0.00 电=8.03V/2.28A/峰2.85 补余=0.0 IO错=0 倾+0.0 自动2/3
[  270.174] TLM t= 163.5 L1·A@-76 L2·A@-72 L3·A@-76 R1·A@-75 R2·A@-73 R3·A@-71 罐=无罐 泵=0 阀=111111 速=+0,+0,+0.00 电=8.03V/2.36A/峰2.85 补余=0.0 IO错=0 倾+0.0 自动2/3
[  270.680] TLM t= 164.0 L1·A@-75 L2·A@-72 L3·A@-76 R1·A@-75 R2·A@-73 R3·A@-71 罐=无罐 泵=0 阀=111111 速=+0,+0,+0.00 电=8.03V/2.44A/峰2.85 补余=0.0 IO错=0 倾+0.0 自动2/3
[  271.196] TLM t= 164.5 L1·A@-75 L2·A@-71 L3·A@-75 R1·A@-75 R2·A@-72 R3·A@-70 罐=无罐 泵=0 阀=111111 速=+0,+0,+0.00 电=8.05V/2.60A/峰2.85 补余=0.0 IO错=0 倾+0.0 自动2/3
[  271.702] TLM t= 165.0 L1·A@-75 L2·A@-71 L3·A@-75 R1·A@-75 R2·A@-72 R3·A@-69 罐=无罐 泵=0 阀=111111 速=+0,+0,+0.00 电=8.05V/2.28A/峰2.85 补余=0.0 IO错=0 倾+0.0 自动2/3
[  272.220] TLM t= 165.5 L1·A@-75 L2·A@-70 L3·A@-75 R1·A@-75 R2·A@-72 R3·A@-69 罐=无罐 泵=0 阀=111111 速=+0,+0,+0.00 电=8.04V/2.44A/峰2.85 补余=0.0 IO错=0 倾+0.0 自动2/3
[  272.728] TLM t= 166.0 L1·A@-75 L2·A@-70 L3·A@-75 R1·A@-75 R2·A@-71 R3·A@-68 罐=无罐 泵=0 阀=111111 速=+0,+0,+0.00 电=8.04V/2.36A/峰2.85 补余=0.0 IO错=0 倾+0.0 自动2/3
[  273.246] TLM t= 166.6 L1·A@-75 L2·A@-70 L3·A@-75 R1·A@-75 R2·A@-71 R3·A@-68 罐=无罐 泵=0 阀=111111 速=+0,+0,+0.00 电=8.04V/2.36A/峰2.85 补余=0.0 IO错=0 倾+0.0 自动2/3
[  273.750] TLM t= 167.1 L1·A@-75 L2·A@-69 L3·A@-75 R1·A@-75 R2·A@-71 R3·A@-67 罐=无罐 泵=0 阀=111111 速=+0,+0,+0.00 电=8.05V/2.36A/峰2.85 补余=0.0 IO错=0 倾+0.0 自动2/3
[  274.268] TLM t= 167.6 L1·A@-75 L2·A@-69 L3·A@-75 R1·A@-75 R2·A@-70 R3·A@-67 罐=无罐 泵=0 阀=111111 速=+0,+0,+0.00 电=8.04V/2.44A/峰2.85 补余=0.0 IO错=0 倾+0.0 自动2/3
[  274.773] TLM t= 168.1 L1·A@-75 L2·A@-68 L3·A@-75 R1·A@-75 R2·A@-70 R3·A@-66 罐=无罐 泵=0 阀=111111 速=+0,+0,+0.00 电=8.04V/2.36A/峰2.85 补余=0.0 IO错=0 倾+0.0 自动2/3
[  275.290] TLM t= 168.6 L1·A@-75 L2·A@-68 L3·A@-75 R1·A@-75 R2·A@-70 R3·A@-66 罐=无罐 泵=0 阀=111111 速=+0,+0,+0.00 电=8.04V/2.36A/峰2.85 补余=0.0 IO错=0 倾+0.0 自动2/3
[  275.802] TLM t= 169.1 L1·A@-75 L2·A@-68 L3·A@-75 R1·A@-75 R2·A@-69 R3·A@-65 罐=无罐 泵=0 阀=111111 速=+0,+0,+0.00 电=8.04V/2.28A/峰2.85 补余=0.0 IO错=0 倾+0.0 自动2/3
[  276.319] TLM t= 169.6 L1·A@-74 L2·A@-67 L3·A@-75 R1·A@-75 R2·A@-69 R3·A@-65 罐=无罐 泵=0 阀=111111 速=+0,+0,+0.00 电=8.04V/2.36A/峰2.85 补余=0.0 IO错=0 倾+0.0 自动2/3
[  276.822] TLM t= 170.1 L1·A@-74 L2·A@-67 L3·A@-75 R1·A@-75 R2·A@-69 R3·A@-64 罐=无罐 泵=0 阀=111111 速=+0,+0,+0.00 电=8.04V/2.28A/峰2.85 补余=0.0 IO错=0 倾+0.0 自动2/3
[  277.346] TLM t= 170.6 L1·A@-74 L2·A@-66 L3·A@-75 R1·A@-75 R2·A@-68 R3·A@-63 罐=无罐 泵=0 阀=111111 速=+0,+0,+0.00 电=8.03V/2.36A/峰2.85 补余=0.0 IO错=0 倾+0.0 自动2/3
[  277.849] TLM t= 171.1 L1·A@-74 L2·A@-66 L3·A@-75 R1·A@-74 R2·A@-68 R3·A@-63 罐=无罐 泵=0 阀=111111 速=+0,+0,+0.00 电=8.04V/2.36A/峰2.85 补余=0.0 IO错=0 倾+0.0 自动2/3
[  278.370] TLM t= 171.7 L1·A@-74 L2·A@-66 L3·A@-74 R1·A@-74 R2·A@-68 R3·A@-62 罐=无罐 泵=0 阀=111111 速=+0,+0,+0.00 电=8.05V/2.36A/峰2.85 补余=0.0 IO错=0 倾+0.0 自动2/3
[  278.875] TLM t= 172.2 L1·A@-74 L2·A@-65 L3·A@-74 R1·A@-74 R2·A@-68 R3·A@-62 罐=无罐 泵=0 阀=111111 速=+0,+0,+0.00 电=8.04V/2.28A/峰2.85 补余=0.0 IO错=0 倾+0.0 自动2/3
[  279.393] TLM t= 172.7 L1·A@-74 L2·A@-65 L3·A@-74 R1·A@-74 R2·A@-67 R3·A@-61 罐=无罐 泵=0 阀=111111 速=+0,+0,+0.00 电=8.04V/2.44A/峰2.85 补余=0.0 IO错=0 倾+0.0 自动2/3
[  279.897] TLM t= 173.2 L1·A@-74 L2·A@-65 L3·A@-74 R1·A@-74 R2·A@-67 R3·A@-61 罐=无罐 泵=0 阀=111111 速=+0,+0,+0.00 电=8.05V/2.44A/峰2.85 补余=0.0 IO错=0 倾+0.0 自动2/3
[  280.070] EVT 自动轮换：第 2 轮开始
[  280.085] EVT 原地抬起受理：R3
[  280.108] EVT 相位 R3 stance→handover
[  280.419] TLM t= 176.7 L1·A@-74 L2·A@-64 L3·A@-74 R1·A@-74 R2·A@-67 R3ZA@-60 罐=无罐 泵=0 阀=111111 速=+0,+0,+0.00 电=8.07V/2.12A/峰2.85 补余=0.0 IO错=0 倾+0.0 自动2/3
[  280.673] EVT 泵 开 最差盘压-60.0
[  280.923] TLM t= 177.0 L1·A@-74 L2·A@-64 L3·A@-74 R1·A@-74 R2·A@-66 R3ZA@-60 罐=无罐 泵=1 阀=111111 速=+0,+0,+0.00 电=8.01V/1.79A/峰2.85 补余=0.0 IO错=0 倾+0.0 自动2/3
[  281.441] TLM t= 177.0 L1·A@-74 L2·A@-74 L3·A@-74 R1·A@-74 R2·A@-74 R3ZA@-74 罐=无罐 泵=1 阀=111111 速=+0,+0,+0.00 电=8.03V/1.87A/峰2.85 补余=0.0 IO错=0 倾+0.0 自动2/3
[  281.614] EVT 泵 停 最差盘压-75.2
[  281.947] TLM t= 177.0 L1·A@-76 L2·A@-76 L3·A@-76 R1·A@-76 R2·A@-76 R3ZA@-76 罐=无罐 泵=0 阀=111111 速=+0,+0,+0.00 电=8.08V/1.79A/峰2.85 补余=0.0 IO错=0 倾+0.0 自动2/3
[  282.297] EVT 吸附 R3 attached→venting 在态106.34s -75.6kPa
[  282.298] EVT 相位 R3 handover→vent 落点Δ(+0.0,+0.0)
[  282.313] EVT 阀 R3 →排气位
[  282.463] TLM t= 177.0 L1·A@-76 L2·A@-76 L3·A@-76 R1·A@-76 R2·A@-75 R3Vv@-76 罐=无罐 泵=0 阀=111110 速=+0,+0,+0.00 电=8.05V/1.95A/峰2.85 补余=0.0 IO错=0 倾+0.0 自动2/3
[  282.596] EVT 相位 R3 vent→lift
[  282.698] EVT 吸附 R3 venting→released 在态0.40s 0.2kPa
[  282.966] TLM t= 177.0 L1·A@-76 L2·A@-75 L3·A@-76 R1·A@-76 R2·A@-75 R3Lr@-- 罐=无罐 泵=0 阀=111110 速=+0,+0,+0.00 电=8.04V/2.20A/峰2.85 补余=0.0 IO错=0 倾+0.0 自动2/3
[  283.439] EVT 相位 R3 lift→transfer
[  283.491] TLM t= 177.0 L1·A@-76 L2·A@-75 L3·A@-76 R1·A@-76 R2·A@-75 R3Tr@-- 罐=无罐 泵=0 阀=111110 速=+0,+0,+0.00 电=8.04V/2.04A/峰2.85 补余=0.0 IO错=0 倾+0.0 自动2/3
[  283.991] TLM t= 177.0 L1·A@-76 L2·A@-74 L3·A@-76 R1·A@-75 R2·A@-74 R3Tr@-- 罐=无罐 泵=0 阀=111110 速=+0,+0,+0.00 电=8.03V/2.28A/峰2.85 补余=0.0 IO错=0 倾+0.0 自动2/3
[  284.060] EVT 相位 R3 transfer→hover
[  284.513] TLM t= 177.0 L1·A@-76 L2·A@-74 L3·A@-76 R1·A@-75 R2·A@-74 R3Hr@-- 罐=无罐 泵=0 阀=111110 速=+0,+0,+0.00 电=8.04V/1.95A/峰2.85 补余=0.0 IO错=0 倾+0.0 自动2/3
[  285.016] TLM t= 177.0 L1·A@-75 L2·A@-74 L3·A@-76 R1·A@-75 R2·A@-74 R3Hr@-- 罐=无罐 泵=0 阀=111110 速=+0,+0,+0.00 电=8.06V/2.04A/峰2.85 补余=0.0 IO错=0 倾+0.0 自动2/3
[  285.067] EVT 落地：R3
[  285.085] EVT 相位 R3 hover→descend
[  285.538] TLM t= 177.0 L1·A@-75 L2·A@-73 L3·A@-76 R1·A@-75 R2·A@-73 R3Dr@-- 罐=无罐 泵=0 阀=111110 速=+0,+0,+0.00 电=8.04V/2.20A/峰2.85 补余=0.0 IO错=0 倾+0.0 自动2/3
[  285.566] EVT 相位 R3 descend→press
[  286.043] TLM t= 177.0 L1·A@-75 L2·A@-73 L3·A@-76 R1·A@-75 R2·A@-73 R3Pr@-- 罐=无罐 泵=0 阀=111110 速=+0,+0,+0.00 电=8.03V/2.04A/峰2.85 补余=0.0 IO错=0 倾+0.0 自动2/3
[  286.565] TLM t= 177.0 L1·A@-75 L2·A@-72 L3·A@-75 R1·A@-75 R2·A@-73 R3Pr@-- 罐=无罐 泵=0 阀=111110 速=+0,+0,+0.00 电=8.04V/2.20A/峰2.85 补余=0.0 IO错=0 倾+0.0 自动2/3
[  286.773] EVT 吸附 R3 released→pressing 在态4.06s 0.2kPa
[  286.774] EVT 相位 R3 press→wait
[  287.064] TLM t= 177.0 L1·A@-75 L2·A@-72 L3·A@-75 R1·A@-75 R2·A@-72 R3Wp@-- 罐=无罐 泵=0 阀=111110 速=+0,+0,+0.00 电=8.03V/2.04A/峰2.85 补余=0.0 IO错=0 倾+0.0 自动2/3
[  287.074] EVT 吸附 R3 pressing→sucking 在态0.30s 0.2kPa
[  287.075] EVT 阀 R3 →抽气位
[  287.100] EVT 泵 开 最差盘压-71.8
[  287.418] EVT 吸附 R3 sucking→attached 在态0.34s -64.1kPa
[  287.418] EVT 相位 R3 wait→stance
[  287.418] EVT 抬落完成，轮到 L1
[  287.591] TLM t= 177.2 L1·A@-75 L2·A@-71 L3·A@-75 R1·A@-75 R2·A@-72 R3·A@-71 罐=无罐 泵=1 阀=111111 速=+0,+0,+0.00 电=7.96V/1.95A/峰2.85 补余=0.0 IO错=0 倾+0.0 自动2/3
[  287.842] EVT 泵 停 最差盘压-75.0
[  288.093] TLM t= 177.7 L1·A@-76 L2·A@-76 L3·A@-76 R1·A@-75 R2·A@-75 R3·A@-76 罐=无罐 泵=0 阀=111111 速=+0,+0,+0.00 电=8.04V/1.87A/峰2.85 补余=0.0 IO错=0 倾+0.0 自动2/3
[  288.615] TLM t= 178.2 L1·A@-76 L2·A@-75 L3·A@-76 R1·A@-75 R2·A@-75 R3·A@-75 罐=无罐 泵=0 阀=111111 速=+0,+0,+0.00 电=8.05V/2.04A/峰2.85 补余=0.0 IO错=0 倾+0.0 自动2/3
[  289.117] TLM t= 178.7 L1·A@-75 L2·A@-75 L3·A@-75 R1·A@-75 R2·A@-74 R3·A@-74 罐=无罐 泵=0 阀=111111 速=+0,+0,+0.00 电=8.06V/2.04A/峰2.85 补余=0.0 IO错=0 倾+0.0 自动2/3
[  289.642] TLM t= 179.2 L1·A@-75 L2·A@-74 L3·A@-75 R1·A@-75 R2·A@-74 R3·A@-74 罐=无罐 泵=0 阀=111111 速=+0,+0,+0.00 电=8.06V/1.95A/峰2.85 补余=0.0 IO错=0 倾+0.0 自动2/3
[  290.145] TLM t= 179.7 L1·A@-75 L2·A@-74 L3·A@-75 R1·A@-75 R2·A@-74 R3·A@-73 罐=无罐 泵=0 阀=111111 速=+0,+0,+0.00 电=8.05V/2.04A/峰2.85 补余=0.0 IO错=0 倾+0.0 自动2/3
[  290.671] TLM t= 180.2 L1·A@-75 L2·A@-74 L3·A@-75 R1·A@-75 R2·A@-73 R3·A@-72 罐=无罐 泵=0 阀=111111 速=+0,+0,+0.00 电=8.07V/1.87A/峰2.85 补余=0.0 IO错=0 倾+0.0 自动2/3
[  291.173] TLM t= 180.7 L1·A@-75 L2·A@-73 L3·A@-75 R1·A@-75 R2·A@-73 R3·A@-72 罐=无罐 泵=0 阀=111111 速=+0,+0,+0.00 电=8.06V/1.95A/峰2.85 补余=0.0 IO错=0 倾+0.0 自动2/3
[  291.696] TLM t= 181.2 L1·A@-75 L2·A@-73 L3·A@-75 R1·A@-75 R2·A@-73 R3·A@-71 罐=无罐 泵=0 阀=111111 速=+0,+0,+0.00 电=8.04V/2.04A/峰2.85 补余=0.0 IO错=0 倾+0.0 自动2/3
[  292.199] TLM t= 181.7 L1·A@-75 L2·A@-72 L3·A@-75 R1·A@-75 R2·A@-72 R3·A@-71 罐=无罐 泵=0 阀=111111 速=+0,+0,+0.00 电=8.05V/2.04A/峰2.85 补余=0.0 IO错=0 倾+0.0 自动2/3
[  292.721] TLM t= 182.3 L1·A@-75 L2·A@-72 L3·A@-75 R1·A@-75 R2·A@-72 R3·A@-70 罐=无罐 泵=0 阀=111111 速=+0,+0,+0.00 电=8.05V/2.04A/峰2.85 补余=0.0 IO错=0 倾+0.0 自动2/3
[  293.225] TLM t= 182.8 L1·A@-75 L2·A@-71 L3·A@-75 R1·A@-75 R2·A@-72 R3·A@-70 罐=无罐 泵=0 阀=111111 速=+0,+0,+0.00 电=8.07V/1.95A/峰2.85 补余=0.0 IO错=0 倾+0.0 自动2/3
[  293.747] TLM t= 183.3 L1·A@-75 L2·A@-71 L3·A@-75 R1·A@-75 R2·A@-71 R3·A@-69 罐=无罐 泵=0 阀=111111 速=+0,+0,+0.00 电=8.05V/2.04A/峰2.85 补余=0.0 IO错=0 倾+0.0 自动2/3
[  294.253] TLM t= 183.8 L1·A@-74 L2·A@-71 L3·A@-75 R1·A@-75 R2·A@-71 R3·A@-68 罐=无罐 泵=0 阀=111111 速=+0,+0,+0.00 电=8.04V/1.95A/峰2.85 补余=0.0 IO错=0 倾+0.0 自动2/3
[  294.772] TLM t= 184.3 L1·A@-74 L2·A@-70 L3·A@-75 R1·A@-75 R2·A@-71 R3·A@-68 罐=无罐 泵=0 阀=111111 速=+0,+0,+0.00 电=8.04V/2.12A/峰2.85 补余=0.0 IO错=0 倾+0.0 自动2/3
[  295.277] TLM t= 184.8 L1·A@-74 L2·A@-70 L3·A@-74 R1·A@-75 R2·A@-70 R3·A@-67 罐=无罐 泵=0 阀=111111 速=+0,+0,+0.00 电=8.06V/1.95A/峰2.85 补余=0.0 IO错=0 倾+0.0 自动2/3
[  295.796] TLM t= 185.3 L1·A@-74 L2·A@-69 L3·A@-74 R1·A@-74 R2·A@-70 R3·A@-67 罐=无罐 泵=0 阀=111111 速=+0,+0,+0.00 电=8.07V/1.95A/峰2.85 补余=0.0 IO错=0 倾+0.0 自动2/3
[  296.303] TLM t= 185.8 L1·A@-74 L2·A@-69 L3·A@-74 R1·A@-74 R2·A@-70 R3·A@-66 罐=无罐 泵=0 阀=111111 速=+0,+0,+0.00 电=8.05V/1.95A/峰2.85 补余=0.0 IO错=0 倾+0.0 自动2/3
[  296.824] TLM t= 186.3 L1·A@-74 L2·A@-69 L3·A@-74 R1·A@-74 R2·A@-69 R3·A@-66 罐=无罐 泵=0 阀=111111 速=+0,+0,+0.00 电=8.04V/2.04A/峰2.85 补余=0.0 IO错=0 倾+0.0 自动2/3
[  297.329] TLM t= 186.8 L1·A@-74 L2·A@-68 L3·A@-74 R1·A@-74 R2·A@-69 R3·A@-65 罐=无罐 泵=0 阀=111111 速=+0,+0,+0.00 电=8.05V/2.12A/峰2.85 补余=0.0 IO错=0 倾+0.0 自动2/3
[  297.439] EVT 原地抬起受理：L1
[  297.452] EVT 相位 L1 stance→handover
[  297.850] TLM t= 188.2 L1ZA@-74 L2·A@-68 L3·A@-74 R1·A@-74 R2·A@-69 R3·A@-64 罐=无罐 泵=0 阀=111111 速=+0,+0,+0.00 电=8.09V/1.55A/峰2.85 补余=0.0 IO错=0 倾+0.0 自动2/3
[  298.352] TLM t= 188.4 L1ZA@-74 L2·A@-67 L3·A@-74 R1·A@-74 R2·A@-68 R3·A@-64 罐=无罐 泵=0 阀=111111 速=+0,+0,+0.00 电=8.07V/1.63A/峰2.85 补余=0.0 IO错=0 倾+0.0 自动2/3
[  298.877] TLM t= 188.4 L1ZA@-74 L2·A@-67 L3·A@-74 R1·A@-74 R2·A@-68 R3·A@-63 罐=无罐 泵=0 阀=111111 速=+0,+0,+0.00 电=8.07V/1.79A/峰2.85 补余=0.0 IO错=0 倾+0.0 自动2/3
[  299.380] TLM t= 188.4 L1ZA@-73 L2·A@-67 L3·A@-74 R1·A@-74 R2·A@-68 R3·A@-63 罐=无罐 泵=0 阀=111111 速=+0,+0,+0.00 电=8.08V/1.95A/峰2.85 补余=0.0 IO错=0 倾+0.0 自动2/3
[  299.901] TLM t= 188.4 L1ZA@-73 L2·A@-66 L3·A@-74 R1·A@-74 R2·A@-67 R3·A@-62 罐=无罐 泵=0 阀=111111 速=+0,+0,+0.00 电=8.05V/2.04A/峰2.85 补余=0.0 IO错=0 倾+0.0 自动2/3
[  300.407] TLM t= 188.4 L1ZA@-73 L2·A@-66 L3·A@-74 R1·A@-74 R2·A@-67 R3·A@-62 罐=无罐 泵=0 阀=111111 速=+0,+0,+0.00 电=8.03V/2.28A/峰2.85 补余=0.0 IO错=0 倾+0.0 自动2/3
[  300.556] EVT 吸附 L1 attached→venting 在态106.32s -73.3kPa
[  300.557] EVT 相位 L1 handover→vent 落点Δ(+0.0,+0.0)
[  300.575] EVT 阀 L1 →排气位
[  300.858] EVT 相位 L1 vent→lift
[  300.928] TLM t= 188.4 L1Lv@-73 L2·A@-66 L3·A@-74 R1·A@-74 R2·A@-67 R3·A@-61 罐=无罐 泵=0 阀=011111 速=+0,+0,+0.00 电=8.02V/2.44A/峰2.85 补余=0.0 IO错=0 倾+0.0 自动2/3
[  300.958] EVT 吸附 L1 venting→released 在态0.40s 0.1kPa
[  301.432] TLM t= 188.4 L1Lr@-- L2·A@-65 L3·A@-74 R1·A@-74 R2·A@-67 R3·A@-61 罐=无罐 泵=0 阀=011111 速=+0,+0,+0.00 电=7.99V/2.28A/峰2.85 补余=0.0 IO错=0 倾+0.0 自动2/3
[  301.706] EVT 相位 L1 lift→transfer
[  301.957] TLM t= 188.4 L1Tr@-- L2·A@-65 L3·A@-73 R1·A@-74 R2·A@-66 R3·A@-60 罐=无罐 泵=0 阀=011111 速=+0,+0,+0.00 电=8.02V/2.44A/峰2.85 补余=0.0 IO错=0 倾+0.0 自动2/3
[  302.015] EVT 泵 开 最差盘压-60.0
[  302.333] EVT 相位 L1 transfer→hover
[  302.464] TLM t= 188.4 L1Hr@-- L2·A@-69 L3·A@-73 R1·A@-74 R2·A@-68 R3·A@-68 罐=无罐 泵=1 阀=011111 速=+0,+0,+0.00 电=8.00V/2.28A/峰2.85 补余=0.0 IO错=0 倾+0.0 自动2/3
[  302.977] EVT 泵 停 最差盘压-75.4
[  302.988] TLM t= 188.4 L1Hr@-- L2·A@-76 L3·A@-76 R1·A@-75 R2·A@-76 R3·A@-76 罐=无罐 泵=0 阀=011111 速=+0,+0,+0.00 电=8.02V/2.28A/峰2.85 补余=0.0 IO错=0 倾+0.0 自动2/3
[  303.338] EVT 落地：L1
[  303.356] EVT 相位 L1 hover→descend
[  303.500] TLM t= 188.4 L1Dr@-- L2·A@-76 L3·A@-76 R1·A@-76 R2·A@-76 R3·A@-76 罐=无罐 泵=0 阀=011111 速=+0,+0,+0.00 电=8.02V/2.28A/峰2.85 补余=0.0 IO错=0 倾+0.0 自动2/3
[  303.837] EVT 相位 L1 descend→press
[  304.007] TLM t= 188.4 L1Pr@-- L2·A@-76 L3·A@-76 R1·A@-76 R2·A@-75 R3·A@-75 罐=无罐 泵=0 阀=011111 速=+0,+0,+0.00 电=8.01V/2.52A/峰2.85 补余=0.0 IO错=0 倾+0.0 自动2/3
[  304.526] TLM t= 188.4 L1Pr@-- L2·A@-75 L3·A@-76 R1·A@-76 R2·A@-75 R3·A@-75 罐=无罐 泵=0 阀=011111 速=+0,+0,+0.00 电=8.01V/2.60A/峰2.85 补余=0.0 IO错=0 倾+0.0 自动2/3
[  305.030] TLM t= 188.4 L1Pr@-- L2·A@-75 L3·A@-76 R1·A@-76 R2·A@-75 R3·A@-74 罐=无罐 泵=0 阀=011111 速=+0,+0,+0.00 电=8.02V/2.52A/峰2.85 补余=0.0 IO错=0 倾+0.0 自动2/3
[  305.040] EVT 吸附 L1 released→pressing 在态4.06s 0.1kPa
[  305.041] EVT 相位 L1 press→wait
[  305.341] EVT 吸附 L1 pressing→sucking 在态0.30s 0.1kPa
[  305.342] EVT 阀 L1 →抽气位
[  305.360] EVT 泵 开 最差盘压-73.8
[  305.554] TLM t= 188.4 L1Ws@-3 L2·A@-75 L3·A@-76 R1·A@-76 R2·A@-74 R3·A@-74 罐=无罐 泵=1 阀=111111 速=+0,+0,+0.00 电=7.99V/2.69A/峰2.85 补余=0.0 IO错=0 倾+0.0 自动2/3
[  305.858] EVT 吸附 L1 sucking→attached 在态0.52s -58.8kPa
[  305.866] EVT 相位 L1 wait→stance
[  305.866] EVT 抬落完成，轮到 R2
[  306.058] TLM t= 188.6 L1·A@-68 L2·A@-74 L3·A@-76 R1·A@-76 R2·A@-74 R3·A@-73 罐=无罐 泵=1 阀=111111 速=+0,+0,+0.00 电=7.94V/2.28A/峰2.85 补余=0.0 IO错=0 倾+0.0 自动2/3
[  306.412] EVT 泵 停 最差盘压-75.4
[  306.556] TLM t= 189.1 L1·A@-76 L2·A@-76 L3·A@-76 R1·A@-75 R2·A@-76 R3·A@-76 罐=无罐 泵=0 阀=111111 速=+0,+0,+0.00 电=8.04V/2.20A/峰2.85 补余=0.0 IO错=0 倾+0.0 自动2/3
[  307.083] TLM t= 189.6 L1·A@-76 L2·A@-76 L3·A@-76 R1·A@-75 R2·A@-75 R3·A@-75 罐=无罐 泵=0 阀=111111 速=+0,+0,+0.00 电=8.04V/2.36A/峰2.85 补余=0.0 IO错=0 倾+0.0 自动2/3
[  307.585] TLM t= 190.1 L1·A@-76 L2·A@-75 L3·A@-76 R1·A@-75 R2·A@-75 R3·A@-75 罐=无罐 泵=0 阀=111111 速=+0,+0,+0.00 电=8.02V/2.20A/峰2.85 补余=0.0 IO错=0 倾+0.0 自动2/3
[  308.108] TLM t= 190.6 L1·A@-76 L2·A@-75 L3·A@-76 R1·A@-75 R2·A@-75 R3·A@-74 罐=无罐 泵=0 阀=111111 速=+0,+0,+0.00 电=8.04V/2.20A/峰2.85 补余=0.0 IO错=0 倾+0.0 自动2/3
[  308.628] TLM t= 191.1 L1·A@-75 L2·A@-74 L3·A@-76 R1·A@-75 R2·A@-74 R3·A@-74 罐=无罐 泵=0 阀=111111 速=+0,+0,+0.00 电=8.03V/2.28A/峰2.85 补余=0.0 IO错=0 倾+0.0 自动2/3
[  309.133] TLM t= 191.6 L1·A@-75 L2·A@-74 L3·A@-75 R1·A@-75 R2·A@-74 R3·A@-73 罐=无罐 泵=0 阀=111111 速=+0,+0,+0.00 电=8.03V/2.28A/峰2.85 补余=0.0 IO错=0 倾+0.0 自动2/3
[  309.633] TLM t= 192.1 L1·A@-75 L2·A@-74 L3·A@-75 R1·A@-75 R2·A@-74 R3·A@-73 罐=无罐 泵=0 阀=111111 速=+0,+0,+0.00 电=8.02V/2.28A/峰2.85 补余=0.0 IO错=0 倾+0.0 自动2/3
[  310.159] TLM t= 192.7 L1·A@-75 L2·A@-73 L3·A@-75 R1·A@-75 R2·A@-73 R3·A@-72 罐=无罐 泵=0 阀=111111 速=+0,+0,+0.00 电=8.04V/2.44A/峰2.85 补余=0.0 IO错=0 倾+0.0 自动2/3
[  310.660] TLM t= 193.2 L1·A@-75 L2·A@-73 L3·A@-75 R1·A@-75 R2·A@-73 R3·A@-71 罐=无罐 泵=0 阀=111111 速=+0,+0,+0.00 电=8.02V/2.28A/峰2.85 补余=0.0 IO错=0 倾+0.0 自动2/3
[  311.182] TLM t= 193.7 L1·A@-75 L2·A@-72 L3·A@-75 R1·A@-75 R2·A@-73 R3·A@-71 罐=无罐 泵=0 阀=111111 速=+0,+0,+0.00 电=8.04V/2.36A/峰2.85 补余=0.0 IO错=0 倾+0.0 自动2/3
[  311.687] TLM t= 194.2 L1·A@-75 L2·A@-72 L3·A@-75 R1·A@-75 R2·A@-72 R3·A@-70 罐=无罐 泵=0 阀=111111 速=+0,+0,+0.00 电=8.02V/2.36A/峰2.85 补余=0.0 IO错=0 倾+0.0 自动2/3
[  312.208] TLM t= 194.7 L1·A@-74 L2·A@-72 L3·A@-75 R1·A@-75 R2·A@-72 R3·A@-70 罐=无罐 泵=0 阀=111111 速=+0,+0,+0.00 电=8.02V/2.36A/峰2.85 补余=0.0 IO错=0 倾+0.0 自动2/3
[  312.708] TLM t= 195.2 L1·A@-74 L2·A@-71 L3·A@-75 R1·A@-75 R2·A@-72 R3·A@-69 罐=无罐 泵=0 阀=111111 速=+0,+0,+0.00 电=8.02V/2.36A/峰2.85 补余=0.0 IO错=0 倾+0.0 自动2/3
[  313.233] TLM t= 195.7 L1·A@-74 L2·A@-71 L3·A@-75 R1·A@-75 R2·A@-71 R3·A@-69 罐=无罐 泵=0 阀=111111 速=+0,+0,+0.00 电=8.04V/2.20A/峰2.85 补余=0.0 IO错=0 倾+0.0 自动2/3
[  313.734] TLM t= 196.2 L1·A@-74 L2·A@-70 L3·A@-74 R1·A@-75 R2·A@-71 R3·A@-68 罐=无罐 泵=0 阀=111111 速=+0,+0,+0.00 电=8.02V/2.52A/峰2.85 补余=0.0 IO错=0 倾+0.0 自动2/3
[  314.256] TLM t= 196.7 L1·A@-74 L2·A@-70 L3·A@-74 R1·A@-75 R2·A@-71 R3·A@-68 罐=无罐 泵=0 阀=111111 速=+0,+0,+0.00 电=8.04V/2.28A/峰2.85 补余=0.0 IO错=0 倾+0.0 自动2/3
[  314.774] TLM t= 197.3 L1·A@-74 L2·A@-70 L3·A@-74 R1·A@-75 R2·A@-70 R3·A@-67 罐=无罐 泵=0 阀=111111 速=+0,+0,+0.00 电=8.04V/2.44A/峰2.85 补余=0.0 IO错=0 倾+0.0 自动2/3
[  315.284] TLM t= 197.8 L1·A@-74 L2·A@-69 L3·A@-74 R1·A@-75 R2·A@-70 R3·A@-66 罐=无罐 泵=0 阀=111111 速=+0,+0,+0.00 电=8.04V/2.36A/峰2.85 补余=0.0 IO错=0 倾+0.0 自动2/3
[  315.789] TLM t= 198.3 L1·A@-74 L2·A@-69 L3·A@-74 R1·A@-75 R2·A@-70 R3·A@-66 罐=无罐 泵=0 阀=111111 速=+0,+0,+0.00 电=8.01V/2.28A/峰2.85 补余=0.0 IO错=0 倾+0.0 自动2/3
[  315.899] EVT 原地抬起受理：R2
[  315.911] EVT 相位 R2 stance→handover
[  316.309] TLM t= 199.6 L1·A@-74 L2·A@-68 L3·A@-74 R1·A@-75 R2ZA@-69 R3·A@-65 罐=无罐 泵=0 阀=111111 速=+0,+0,+0.00 电=8.04V/2.20A/峰2.85 补余=0.0 IO错=0 倾+0.0 自动2/3
[  316.813] TLM t= 199.8 L1·A@-73 L2·A@-68 L3·A@-74 R1·A@-74 R2ZA@-69 R3·A@-65 罐=无罐 泵=0 阀=111111 速=+0,+0,+0.00 电=8.04V/2.28A/峰2.85 补余=0.0 IO错=0 倾+0.0 自动2/3
[  317.332] TLM t= 199.8 L1·A@-73 L2·A@-68 L3·A@-74 R1·A@-74 R2ZA@-69 R3·A@-64 罐=无罐 泵=0 阀=111111 速=+0,+0,+0.00 电=8.04V/2.12A/峰2.85 补余=0.0 IO错=0 倾+0.0 自动2/3
[  317.836] TLM t= 199.8 L1·A@-73 L2·A@-67 L3·A@-74 R1·A@-74 R2ZA@-68 R3·A@-64 罐=无罐 泵=0 阀=111111 速=+0,+0,+0.00 电=8.04V/2.12A/峰2.85 补余=0.0 IO错=0 倾+0.0 自动2/3
[  318.109] EVT 吸附 R2 attached→venting 在态106.54s -68.1kPa
[  318.109] EVT 相位 R2 handover→vent 落点Δ(+0.0,+0.0)
[  318.129] EVT 阀 R2 →排气位
[  318.357] TLM t= 199.8 L1·A@-73 L2·A@-67 L3·A@-74 R1·A@-74 R2Vv@-68 R3·A@-63 罐=无罐 泵=0 阀=111101 速=+0,+0,+0.00 电=8.01V/2.28A/峰2.85 补余=0.0 IO错=0 倾+0.0 自动2/3
[  318.408] EVT 相位 R2 vent→lift
[  318.530] EVT 吸附 R2 venting→released 在态0.42s 0.0kPa
[  318.862] TLM t= 199.8 L1·A@-73 L2·A@-66 L3·A@-74 R1·A@-74 R2Lr@-- R3·A@-63 罐=无罐 泵=0 阀=111101 速=+0,+0,+0.00 电=8.00V/2.36A/峰2.85 补余=0.0 IO错=0 倾+0.0 自动2/3
[  319.251] EVT 相位 R2 lift→transfer
[  319.382] TLM t= 199.8 L1·A@-73 L2·A@-66 L3·A@-73 R1·A@-74 R2Tr@-- R3·A@-62 罐=无罐 泵=0 阀=111101 速=+0,+0,+0.00 电=7.99V/2.69A/峰2.85 补余=0.0 IO错=0 倾+0.0 自动2/3
[  319.876] EVT 相位 R2 transfer→hover
[  319.884] TLM t= 199.8 L1·A@-73 L2·A@-66 L3·A@-73 R1·A@-74 R2Hr@-- R3·A@-62 罐=无罐 泵=0 阀=111101 速=+0,+0,+0.00 电=7.99V/2.93A/峰2.93 补余=0.0 IO错=0 倾+0.0 自动2/3
[  320.403] TLM t= 199.8 L1·A@-73 L2·A@-65 L3·A@-73 R1·A@-74 R2Hr@-- R3·A@-61 罐=无罐 泵=0 阀=111101 速=+0,+0,+0.00 电=8.02V/2.36A/峰2.93 补余=0.0 IO错=0 倾+0.0 自动2/3
[  320.877] EVT 落地：R2
[  320.899] EVT 相位 R2 hover→descend
[  320.909] TLM t= 199.8 L1·A@-72 L2·A@-65 L3·A@-73 R1·A@-74 R2Dr@-- R3·A@-60 罐=无罐 泵=0 阀=111101 速=+0,+0,+0.00 电=8.02V/2.36A/峰2.93 补余=0.0 IO错=0 倾+0.0 自动2/3
[  321.381] EVT 相位 R2 descend→press
[  321.418] EVT 泵 开 最差盘压-59.9
[  321.428] TLM t= 199.8 L1·A@-72 L2·A@-65 L3·A@-73 R1·A@-74 R2Pr@-- R3·A@-60 罐=无罐 泵=1 阀=111101 速=+0,+0,+0.00 电=7.81V/2.28A/峰2.93 补余=0.0 IO错=0 倾+0.0 自动2/3
[  321.948] TLM t= 199.8 L1·A@-72 L2·A@-70 L3·A@-73 R1·A@-74 R2Pr@-- R3·A@-69 罐=无罐 泵=1 阀=111101 速=+0,+0,+0.00 电=7.95V/2.52A/峰2.93 补余=0.0 IO错=0 倾+0.0 自动2/3
[  322.381] EVT 泵 停 最差盘压-75.4
[  322.449] TLM t= 199.8 L1·A@-76 L2·A@-77 L3·A@-76 R1·A@-76 R2Pr@-- R3·A@-77 罐=无罐 泵=0 阀=111101 速=+0,+0,+0.00 电=8.00V/2.36A/峰2.93 补余=0.0 IO错=0 倾+0.0 自动2/3
[  322.584] EVT 吸附 R2 released→pressing 在态4.04s 0.0kPa
[  322.585] EVT 相位 R2 press→wait
[  322.897] EVT 吸附 R2 pressing→sucking 在态0.32s 0.0kPa
[  322.898] EVT 阀 R2 →抽气位
[  322.926] EVT 泵 开 最差盘压-75.9
[  322.953] TLM t= 199.8 L1·A@-76 L2·A@-76 L3·A@-76 R1·A@-76 R2Ws@-22 R3·A@-76 罐=无罐 泵=1 阀=111111 速=+0,+0,+0.00 电=7.84V/2.52A/峰2.93 补余=0.0 IO错=0 倾+0.0 自动2/3
[  323.198] EVT 吸附 R2 sucking→attached 在态0.30s -68.9kPa
[  323.199] EVT 相位 R2 wait→stance
[  323.199] EVT 抬落完成，轮到 L3
[  323.475] TLM t= 200.1 L1·A@-76 L2·A@-76 L3·A@-76 R1·A@-76 R2·A@-73 R3·A@-75 罐=无罐 泵=1 阀=111111 速=+0,+0,+0.00 电=7.96V/2.44A/峰2.93 补余=0.0 IO错=0 倾+0.0 自动2/3
[  323.649] EVT 泵 停 最差盘压-75.6
[  323.980] TLM t= 200.6 L1·A@-76 L2·A@-76 L3·A@-76 R1·A@-76 R2·A@-75 R3·A@-76 罐=无罐 泵=0 阀=111111 速=+0,+0,+0.00 电=8.00V/2.36A/峰2.93 补余=0.0 IO错=0 倾+0.0 自动2/3
[  324.500] TLM t= 201.1 L1·A@-76 L2·A@-76 L3·A@-76 R1·A@-76 R2·A@-74 R3·A@-75 罐=无罐 泵=0 阀=111111 速=+0,+0,+0.00 电=8.03V/2.36A/峰2.93 补余=0.0 IO错=0 倾+0.0 自动2/3
[  325.003] TLM t= 201.6 L1·A@-76 L2·A@-75 L3·A@-76 R1·A@-76 R2·A@-74 R3·A@-75 罐=无罐 泵=0 阀=111111 速=+0,+0,+0.00 电=8.03V/2.20A/峰2.93 补余=0.0 IO错=0 倾+0.0 自动2/3
[  325.530] TLM t= 202.1 L1·A@-76 L2·A@-75 L3·A@-76 R1·A@-76 R2·A@-73 R3·A@-74 罐=无罐 泵=0 阀=111111 速=+0,+0,+0.00 电=8.02V/2.28A/峰2.93 补余=0.0 IO错=0 倾+0.0 自动2/3
[  326.032] TLM t= 202.6 L1·A@-76 L2·A@-74 L3·A@-76 R1·A@-76 R2·A@-73 R3·A@-74 罐=无罐 泵=0 阀=111111 速=+0,+0,+0.00 电=8.03V/2.36A/峰2.93 补余=0.0 IO错=0 倾+0.0 自动2/3
[  326.554] TLM t= 203.1 L1·A@-76 L2·A@-74 L3·A@-76 R1·A@-76 R2·A@-73 R3·A@-73 罐=无罐 泵=0 阀=111111 速=+0,+0,+0.00 电=8.04V/2.28A/峰2.93 补余=0.0 IO错=0 倾+0.0 自动2/3
[  327.060] TLM t= 203.6 L1·A@-76 L2·A@-74 L3·A@-76 R1·A@-75 R2·A@-72 R3·A@-72 罐=无罐 泵=0 阀=111111 速=+0,+0,+0.00 电=8.01V/2.36A/峰2.93 补余=0.0 IO错=0 倾+0.0 自动2/3
[  327.579] TLM t= 204.1 L1·A@-75 L2·A@-73 L3·A@-76 R1·A@-75 R2·A@-72 R3·A@-72 罐=无罐 泵=0 阀=111111 速=+0,+0,+0.00 电=8.00V/2.36A/峰2.93 补余=0.0 IO错=0 倾+0.0 自动2/3
[  328.085] TLM t= 204.6 L1·A@-75 L2·A@-73 L3·A@-75 R1·A@-75 R2·A@-71 R3·A@-71 罐=无罐 泵=0 阀=111111 速=+0,+0,+0.00 电=8.01V/2.52A/峰2.93 补余=0.0 IO错=0 倾+0.0 自动2/3
[  328.605] TLM t= 205.2 L1·A@-75 L2·A@-72 L3·A@-75 R1·A@-75 R2·A@-71 R3·A@-71 罐=无罐 泵=0 阀=111111 速=+0,+0,+0.00 电=8.04V/2.20A/峰2.93 补余=0.0 IO错=0 倾+0.0 自动2/3
[  329.112] TLM t= 205.7 L1·A@-75 L2·A@-72 L3·A@-75 R1·A@-75 R2·A@-71 R3·A@-70 罐=无罐 泵=0 阀=111111 速=+0,+0,+0.00 电=8.01V/2.28A/峰2.93 补余=0.0 IO错=0 倾+0.0 自动2/3
[  329.639] TLM t= 206.2 L1·A@-75 L2·A@-72 L3·A@-75 R1·A@-75 R2·A@-71 R3·A@-69 罐=无罐 泵=0 阀=111111 速=+0,+0,+0.00 电=8.03V/2.12A/峰2.93 补余=0.0 IO错=0 倾+0.0 自动2/3
[  330.148] TLM t= 206.7 L1·A@-75 L2·A@-71 L3·A@-75 R1·A@-75 R2·A@-70 R3·A@-69 罐=无罐 泵=0 阀=111111 速=+0,+0,+0.00 电=8.01V/2.12A/峰2.93 补余=0.0 IO错=0 倾+0.0 自动2/3
[  330.665] TLM t= 207.2 L1·A@-75 L2·A@-71 L3·A@-75 R1·A@-75 R2·A@-70 R3·A@-68 罐=无罐 泵=0 阀=111111 速=+0,+0,+0.00 电=8.04V/2.36A/峰2.93 补余=0.0 IO错=0 倾+0.0 自动2/3
[  331.168] TLM t= 207.7 L1·A@-75 L2·A@-70 L3·A@-75 R1·A@-75 R2·A@-69 R3·A@-68 罐=无罐 泵=0 阀=111111 速=+0,+0,+0.00 电=8.03V/2.20A/峰2.93 补余=0.0 IO错=0 倾+0.0 自动2/3
[  331.692] TLM t= 208.2 L1·A@-75 L2·A@-70 L3·A@-75 R1·A@-75 R2·A@-69 R3·A@-67 罐=无罐 泵=0 阀=111111 速=+0,+0,+0.00 电=8.02V/2.20A/峰2.93 补余=0.0 IO错=0 倾+0.0 自动2/3
[  332.194] TLM t= 208.7 L1·A@-75 L2·A@-70 L3·A@-75 R1·A@-75 R2·A@-69 R3·A@-67 罐=无罐 泵=0 阀=111111 速=+0,+0,+0.00 电=8.02V/2.20A/峰2.93 补余=0.0 IO错=0 倾+0.0 自动2/3
[  332.715] TLM t= 209.2 L1·A@-74 L2·A@-69 L3·A@-75 R1·A@-75 R2·A@-68 R3·A@-66 罐=无罐 泵=0 阀=111111 速=+0,+0,+0.00 电=8.02V/2.28A/峰2.93 补余=0.0 IO错=0 倾+0.0 自动2/3
[  333.217] TLM t= 209.7 L1·A@-74 L2·A@-69 L3·A@-75 R1·A@-75 R2·A@-68 R3·A@-66 罐=无罐 泵=0 阀=111111 速=+0,+0,+0.00 电=8.02V/2.36A/峰2.93 补余=0.0 IO错=0 倾+0.0 自动2/3
[  333.222] EVT 原地抬起受理：L3
[  333.249] EVT 相位 L3 stance→handover
[  333.740] TLM t= 211.1 L1·A@-74 L2·A@-68 L3ZA@-75 R1·A@-75 R2·A@-68 R3·A@-65 罐=无罐 泵=0 阀=111111 速=+0,+0,+0.00 电=8.04V/1.87A/峰2.93 补余=0.0 IO错=0 倾+0.0 自动2/3
[  334.248] TLM t= 211.2 L1·A@-74 L2·A@-68 L3ZA@-75 R1·A@-75 R2·A@-67 R3·A@-65 罐=无罐 泵=0 阀=111111 速=+0,+0,+0.00 电=8.03V/1.95A/峰2.93 补余=0.0 IO错=0 倾+0.0 自动2/3
[  334.767] TLM t= 211.2 L1·A@-74 L2·A@-68 L3ZA@-74 R1·A@-75 R2·A@-67 R3·A@-64 罐=无罐 泵=0 阀=111111 速=+0,+0,+0.00 电=8.04V/1.87A/峰2.93 补余=0.0 IO错=0 倾+0.0 自动2/3
[  334.940] EVT ⚠ 主环卡顿 190ms（目标 20ms）
[  335.279] TLM t= 211.2 L1·A@-74 L2·A@-67 L3ZA@-74 R1·A@-75 R2·A@-67 R3·A@-63 罐=无罐 泵=0 阀=111111 速=+0,+0,+0.00 电=8.04V/1.95A/峰2.93 补余=0.0 IO错=0 倾+0.0 自动2/3
[  335.800] TLM t= 211.2 L1·A@-74 L2·A@-67 L3ZA@-74 R1·A@-75 R2·A@-66 R3·A@-63 罐=无罐 泵=0 阀=111111 速=+0,+0,+0.00 电=8.04V/1.95A/峰2.93 补余=0.0 IO错=0 倾+0.0 自动2/3
[  336.307] TLM t= 211.2 L1·A@-74 L2·A@-66 L3ZA@-74 R1·A@-75 R2·A@-66 R3·A@-62 罐=无罐 泵=0 阀=111111 速=+0,+0,+0.00 电=8.02V/2.04A/峰2.93 补余=0.0 IO错=0 倾+0.0 自动2/3
[  336.379] EVT 吸附 L3 attached→venting 在态106.56s -74.2kPa
[  336.380] EVT 相位 L3 handover→vent 落点Δ(+0.0,+0.0)
[  336.392] EVT 阀 L3 →排气位
[  336.680] EVT 相位 L3 vent→lift
[  336.811] TLM t= 211.2 L1·A@-74 L2·A@-66 L3Lv@-74 R1·A@-74 R2·A@-66 R3·A@-62 罐=无罐 泵=0 阀=110111 速=+0,+0,+0.00 电=8.02V/2.04A/峰2.93 补余=0.0 IO错=0 倾+0.0 自动2/3
[  336.819] EVT 吸附 L3 venting→released 在态0.44s 0.1kPa
[  337.336] TLM t= 211.2 L1·A@-73 L2·A@-66 L3Lr@-- R1·A@-75 R2·A@-66 R3·A@-61 罐=无罐 泵=0 阀=110111 速=+0,+0,+0.00 电=8.01V/2.28A/峰2.93 补余=0.0 IO错=0 倾+0.0 自动2/3
[  337.526] EVT 相位 L3 lift→transfer
[  337.840] TLM t= 211.2 L1·A@-73 L2·A@-65 L3Tr@-- R1·A@-74 R2·A@-65 R3·A@-61 罐=无罐 泵=0 阀=110111 速=+0,+0,+0.00 电=8.02V/2.20A/峰2.93 补余=0.0 IO错=0 倾+0.0 自动2/3
[  338.147] EVT 相位 L3 transfer→hover
[  338.366] TLM t= 211.2 L1·A@-73 L2·A@-65 L3Hr@-- R1·A@-74 R2·A@-65 R3·A@-60 罐=无罐 泵=0 阀=110111 速=+0,+0,+0.00 电=8.01V/2.20A/峰2.93 补余=0.0 IO错=0 倾+0.0 自动2/3
[  338.613] EVT 泵 开 最差盘压-60.0
[  338.877] TLM t= 211.2 L1·A@-73 L2·A@-65 L3Hr@-- R1·A@-74 R2·A@-65 R3·A@-60 罐=无罐 泵=1 阀=110111 速=+0,+0,+0.00 电=7.94V/1.95A/峰2.93 补余=0.0 IO错=0 倾+0.0 自动2/3
[  339.155] EVT 落地：L3
[  339.170] EVT 相位 L3 hover→descend
[  339.386] TLM t= 211.2 L1·A@-74 L2·A@-74 L3Dr@-- R1·A@-74 R2·A@-74 R3·A@-74 罐=无罐 泵=1 阀=110111 速=+0,+0,+0.00 电=7.95V/2.04A/峰2.93 补余=0.0 IO错=0 倾+0.0 自动2/3
[  339.558] EVT 泵 停 最差盘压-75.2
[  339.651] EVT 相位 L3 descend→press
[  339.902] TLM t= 211.2 L1·A@-76 L2·A@-76 L3Pr@-- R1·A@-76 R2·A@-76 R3·A@-76 罐=无罐 泵=0 阀=110111 速=+0,+0,+0.00 电=8.01V/1.95A/峰2.93 补余=0.0 IO错=0 倾+0.0 自动2/3
[  340.411] TLM t= 211.2 L1·A@-76 L2·A@-76 L3Pr@-- R1·A@-76 R2·A@-75 R3·A@-76 罐=无罐 泵=0 阀=110111 速=+0,+0,+0.00 电=8.03V/2.04A/峰2.93 补余=0.0 IO错=0 倾+0.0 自动2/3
[  340.853] EVT 吸附 L3 released→pressing 在态4.02s 0.1kPa
[  340.854] EVT 相位 L3 press→wait
[  340.922] TLM t= 211.2 L1·A@-76 L2·A@-75 L3Wp@-- R1·A@-76 R2·A@-75 R3·A@-75 罐=无罐 泵=0 阀=110111 速=+0,+0,+0.00 电=8.02V/1.95A/峰2.93 补余=0.0 IO错=0 倾+0.0 自动2/3
[  341.182] EVT 吸附 L3 pressing→sucking 在态0.32s 0.1kPa
[  341.183] EVT 阀 L3 →抽气位
[  341.203] EVT 泵 开 最差盘压-74.5
[  341.431] TLM t= 211.2 L1·A@-76 L2·A@-75 L3Ws@-53 R1·A@-76 R2·A@-75 R3·A@-74 罐=无罐 泵=1 阀=111111 速=+0,+0,+0.00 电=7.99V/2.12A/峰2.93 补余=0.0 IO错=0 倾+0.0 自动2/3
[  341.480] EVT 吸附 L3 sucking→attached 在态0.30s -55.1kPa
[  341.484] EVT 相位 L3 wait→stance
[  341.484] EVT 抬落完成，轮到 R1
[  341.936] TLM t= 211.6 L1·A@-76 L2·A@-75 L3·A@-75 R1·A@-75 R2·A@-75 R3·A@-75 罐=无罐 泵=1 阀=111111 速=+0,+0,+0.00 电=7.96V/2.04A/峰2.93 补余=0.0 IO错=0 倾+0.0 自动2/3
[  341.989] EVT 泵 停 最差盘压-75.3
[  342.460] TLM t= 212.2 L1·A@-76 L2·A@-76 L3·A@-76 R1·A@-75 R2·A@-75 R3·A@-76 罐=无罐 泵=0 阀=111111 速=+0,+0,+0.00 电=8.03V/2.04A/峰2.93 补余=0.0 IO错=0 倾+0.0 自动2/3
[  342.964] TLM t= 212.7 L1·A@-76 L2·A@-75 L3·A@-75 R1·A@-75 R2·A@-75 R3·A@-75 罐=无罐 泵=0 阀=111111 速=+0,+0,+0.00 电=8.04V/2.12A/峰2.93 补余=0.0 IO错=0 倾+0.0 自动2/3
[  343.487] TLM t= 213.2 L1·A@-76 L2·A@-75 L3·A@-75 R1·A@-75 R2·A@-75 R3·A@-74 罐=无罐 泵=0 阀=111111 速=+0,+0,+0.00 电=8.04V/2.12A/峰2.93 补余=0.0 IO错=0 倾+0.0 自动2/3
[  343.989] TLM t= 213.7 L1·A@-76 L2·A@-74 L3·A@-75 R1·A@-75 R2·A@-74 R3·A@-74 罐=无罐 泵=0 阀=111111 速=+0,+0,+0.00 电=8.04V/2.04A/峰2.93 补余=0.0 IO错=0 倾+0.0 自动2/3
[  344.514] TLM t= 214.2 L1·A@-75 L2·A@-74 L3·A@-75 R1·A@-75 R2·A@-74 R3·A@-73 罐=无罐 泵=0 阀=111111 速=+0,+0,+0.00 电=8.04V/2.04A/峰2.93 补余=0.0 IO错=0 倾+0.0 自动2/3
[  345.016] TLM t= 214.7 L1·A@-75 L2·A@-74 L3·A@-75 R1·A@-75 R2·A@-74 R3·A@-73 罐=无罐 泵=0 阀=111111 速=+0,+0,+0.00 电=8.04V/2.04A/峰2.93 补余=0.0 IO错=0 倾+0.0 自动2/3
[  345.539] TLM t= 215.2 L1·A@-75 L2·A@-73 L3·A@-74 R1·A@-75 R2·A@-73 R3·A@-72 罐=无罐 泵=0 阀=111111 速=+0,+0,+0.00 电=8.03V/2.04A/峰2.93 补余=0.0 IO错=0 倾+0.0 自动2/3
[  346.040] TLM t= 215.7 L1·A@-75 L2·A@-73 L3·A@-74 R1·A@-75 R2·A@-73 R3·A@-71 罐=无罐 泵=0 阀=111111 速=+0,+0,+0.00 电=8.03V/2.04A/峰2.93 补余=0.0 IO错=0 倾+0.0 自动2/3
[  346.568] TLM t= 216.2 L1·A@-75 L2·A@-72 L3·A@-74 R1·A@-75 R2·A@-73 R3·A@-71 罐=无罐 泵=0 阀=111111 速=+0,+0,+0.00 电=8.02V/2.04A/峰2.93 补余=0.0 IO错=0 倾+0.0 自动2/3
[  347.067] TLM t= 216.7 L1·A@-75 L2·A@-72 L3·A@-74 R1·A@-75 R2·A@-72 R3·A@-70 罐=无罐 泵=0 阀=111111 速=+0,+0,+0.00 电=8.04V/1.95A/峰2.93 补余=0.0 IO错=0 倾+0.0 自动2/3
[  347.594] TLM t= 217.3 L1·A@-75 L2·A@-72 L3·A@-74 R1·A@-75 R2·A@-72 R3·A@-70 罐=无罐 泵=0 阀=111111 速=+0,+0,+0.00 电=8.03V/2.12A/峰2.93 补余=0.0 IO错=0 倾+0.0 自动2/3
[  348.096] TLM t= 217.8 L1·A@-75 L2·A@-71 L3·A@-74 R1·A@-75 R2·A@-72 R3·A@-69 罐=无罐 泵=0 阀=111111 速=+0,+0,+0.00 电=8.04V/1.95A/峰2.93 补余=0.0 IO错=0 倾+0.0 自动2/3
[  348.621] TLM t= 218.3 L1·A@-75 L2·A@-71 L3·A@-73 R1·A@-75 R2·A@-71 R3·A@-69 罐=无罐 泵=0 阀=111111 速=+0,+0,+0.00 电=8.02V/2.04A/峰2.93 补余=0.0 IO错=0 倾+0.0 自动2/3
[  349.120] TLM t= 218.8 L1·A@-75 L2·A@-70 L3·A@-73 R1·A@-75 R2·A@-71 R3·A@-68 罐=无罐 泵=0 阀=111111 速=+0,+0,+0.00 电=8.02V/2.20A/峰2.93 补余=0.0 IO错=0 倾+0.0 自动2/3
[  349.645] TLM t= 219.3 L1·A@-74 L2·A@-70 L3·A@-73 R1·A@-74 R2·A@-71 R3·A@-68 罐=无罐 泵=0 阀=111111 速=+0,+0,+0.00 电=8.03V/2.04A/峰2.93 补余=0.0 IO错=0 倾+0.0 自动2/3
[  350.145] TLM t= 219.8 L1·A@-74 L2·A@-70 L3·A@-73 R1·A@-74 R2·A@-70 R3·A@-67 罐=无罐 泵=0 阀=111111 速=+0,+0,+0.00 电=8.04V/2.28A/峰2.93 补余=0.0 IO错=0 倾+0.0 自动2/3
[  350.669] TLM t= 220.3 L1·A@-74 L2·A@-69 L3·A@-73 R1·A@-74 R2·A@-70 R3·A@-66 罐=无罐 泵=0 阀=111111 速=+0,+0,+0.00 电=8.04V/2.04A/峰2.93 补余=0.0 IO错=0 倾+0.0 自动2/3
[  351.171] TLM t= 220.8 L1·A@-74 L2·A@-69 L3·A@-73 R1·A@-74 R2·A@-70 R3·A@-66 罐=无罐 泵=0 阀=111111 速=+0,+0,+0.00 电=8.04V/2.12A/峰2.93 补余=0.0 IO错=0 倾+0.0 自动2/3
[  351.525] EVT 原地抬起受理：R1
[  351.537] EVT 相位 R1 stance→handover
[  351.692] TLM t= 222.2 L1·A@-74 L2·A@-68 L3·A@-72 R1ZA@-74 R2·A@-69 R3·A@-65 罐=无罐 泵=0 阀=111111 速=+0,+0,+0.00 电=8.05V/2.12A/峰2.93 补余=0.0 IO错=0 倾+0.0 自动2/3
[  352.195] TLM t= 222.6 L1·A@-74 L2·A@-68 L3·A@-72 R1ZA@-74 R2·A@-69 R3·A@-65 罐=无罐 泵=0 阀=111111 速=+0,+0,+0.00 电=8.05V/1.71A/峰2.93 补余=0.0 IO错=0 倾+0.0 自动2/3
[  352.718] TLM t= 222.6 L1·A@-74 L2·A@-68 L3·A@-72 R1ZA@-74 R2·A@-69 R3·A@-64 罐=无罐 泵=0 阀=111111 速=+0,+0,+0.00 电=8.05V/1.63A/峰2.93 补余=0.0 IO错=0 倾+0.0 自动2/3
[  353.218] TLM t= 222.6 L1·A@-74 L2·A@-67 L3·A@-72 R1ZA@-74 R2·A@-68 R3·A@-64 罐=无罐 泵=0 阀=111111 速=+0,+0,+0.00 电=8.06V/1.95A/峰2.93 补余=0.0 IO错=0 倾+0.0 自动2/3
[  353.743] TLM t= 222.6 L1·A@-74 L2·A@-67 L3·A@-72 R1ZA@-74 R2·A@-68 R3·A@-63 罐=无罐 泵=0 阀=111111 速=+0,+0,+0.00 电=8.05V/1.79A/峰2.93 补余=0.0 IO错=0 倾+0.0 自动2/3
[  354.242] TLM t= 222.6 L1·A@-74 L2·A@-66 L3·A@-72 R1ZA@-74 R2·A@-68 R3·A@-63 罐=无罐 泵=0 阀=111111 速=+0,+0,+0.00 电=8.04V/1.95A/峰2.93 补余=0.0 IO错=0 倾+0.0 自动2/3
[  354.768] TLM t= 222.6 L1·A@-74 L2·A@-66 L3·A@-72 R1ZA@-74 R2·A@-67 R3·A@-62 罐=无罐 泵=0 阀=111111 速=+0,+0,+0.00 电=8.04V/1.95A/峰2.93 补余=0.0 IO错=0 倾+0.0 自动2/3
[  354.837] EVT 吸附 R1 attached→venting 在态106.54s -73.9kPa
[  354.837] EVT 相位 R1 handover→vent 落点Δ(+0.0,+0.0)
[  354.849] EVT 阀 R1 →排气位
[  355.135] EVT 相位 R1 vent→lift
[  355.258] EVT 吸附 R1 venting→released 在态0.42s -0.0kPa
[  355.274] TLM t= 222.6 L1·A@-73 L2·A@-66 L3·A@-72 R1Lr@-- R2·A@-67 R3·A@-62 罐=无罐 泵=0 阀=111011 速=+0,+0,+0.00 电=8.02V/2.04A/峰2.93 补余=0.0 IO错=0 倾+0.0 自动2/3
[  355.795] TLM t= 222.6 L1·A@-73 L2·A@-65 L3·A@-71 R1Lr@-- R2·A@-67 R3·A@-61 罐=无罐 泵=0 阀=111011 速=+0,+0,+0.00 电=7.99V/2.12A/峰2.93 补余=0.0 IO错=0 倾+0.0 自动2/3
[  355.982] EVT 相位 R1 lift→transfer
[  356.309] TLM t= 222.6 L1·A@-73 L2·A@-65 L3·A@-71 R1Tr@-- R2·A@-66 R3·A@-61 罐=无罐 泵=0 阀=111011 速=+0,+0,+0.00 电=8.03V/2.28A/峰2.93 补余=0.0 IO错=0 倾+0.0 自动2/3
[  356.599] EVT 相位 R1 transfer→hover
[  356.818] TLM t= 222.6 L1·A@-73 L2·A@-64 L3·A@-71 R1Hr@-- R2·A@-66 R3·A@-60 罐=无罐 泵=0 阀=111011 速=+0,+0,+0.00 电=7.98V/2.04A/峰2.93 补余=0.0 IO错=0 倾+0.0 自动2/3
[  356.945] EVT 泵 开 最差盘压-59.9
[  357.329] TLM t= 222.6 L1·A@-73 L2·A@-66 L3·A@-71 R1Hr@-- R2·A@-66 R3·A@-66 罐=无罐 泵=1 阀=111011 速=+0,+0,+0.00 电=7.94V/1.95A/峰2.93 补余=0.0 IO错=0 倾+0.0 自动2/3
[  357.607] EVT 落地：R1
[  357.622] EVT 相位 R1 hover→descend
[  357.839] TLM t= 222.6 L1·A@-75 L2·A@-75 L3·A@-75 R1Dr@-- R2·A@-75 R3·A@-75 罐=无罐 泵=1 阀=111011 速=+0,+0,+0.00 电=7.93V/2.04A/峰2.93 补余=0.0 IO错=0 倾+0.0 自动2/3
[  357.848] EVT 泵 停 最差盘压-75.0
[  358.104] EVT 相位 R1 descend→press
[  358.352] TLM t= 222.6 L1·A@-76 L2·A@-76 L3·A@-76 R1Pr@-- R2·A@-75 R3·A@-75 罐=无罐 泵=0 阀=111011 速=+0,+0,+0.00 电=8.02V/2.12A/峰2.93 补余=0.0 IO错=0 倾+0.0 自动2/3
[  358.862] TLM t= 222.6 L1·A@-75 L2·A@-75 L3·A@-75 R1Pr@-- R2·A@-75 R3·A@-75 罐=无罐 泵=0 阀=111011 速=+0,+0,+0.00 电=7.98V/2.28A/峰2.93 补余=0.0 IO错=0 倾+0.0 自动2/3
[  359.306] EVT 吸附 R1 released→pressing 在态4.04s -0.0kPa
[  359.307] EVT 相位 R1 press→wait
[  359.374] TLM t= 222.6 L1·A@-75 L2·A@-75 L3·A@-75 R1Wp@-- R2·A@-74 R3·A@-74 罐=无罐 泵=0 阀=111011 速=+0,+0,+0.00 电=8.00V/2.28A/峰2.93 补余=0.0 IO错=0 倾+0.0 自动2/3
[  359.635] EVT 吸附 R1 pressing→sucking 在态0.32s -0.0kPa
[  359.635] EVT 阀 R1 →抽气位
[  359.655] EVT 泵 开 最差盘压-73.7
[  359.886] TLM t= 222.6 L1·A@-75 L2·A@-74 L3·A@-75 R1Ws@-59 R2·A@-74 R3·A@-73 罐=无罐 泵=1 阀=111111 速=+0,+0,+0.00 电=7.98V/2.04A/峰2.93 补余=0.0 IO错=0 倾+0.0 自动2/3
[  359.996] EVT 吸附 R1 sucking→attached 在态0.36s -66.7kPa
[  359.996] EVT 相位 R1 wait→stance
[  359.996] EVT 抬落完成，轮到 L2
[  360.377] EVT 泵 停 最差盘压-75.3
[  360.391] TLM t= 223.0 L1·A@-76 L2·A@-76 L3·A@-76 R1·A@-75 R2·A@-76 R3·A@-76 罐=无罐 泵=0 阀=111111 速=+0,+0,+0.00 电=8.02V/2.69A/峰2.93 补余=0.0 IO错=0 倾+0.0 自动2/3
[  360.908] TLM t= 223.5 L1·A@-76 L2·A@-76 L3·A@-76 R1·A@-76 R2·A@-76 R3·A@-76 罐=无罐 泵=0 阀=111111 速=+0,+0,+0.00 电=8.02V/2.12A/峰2.93 补余=0.0 IO错=0 倾+0.0 自动2/3
[  361.410] TLM t= 224.0 L1·A@-76 L2·A@-76 L3·A@-76 R1·A@-75 R2·A@-75 R3·A@-75 罐=无罐 泵=0 阀=111111 速=+0,+0,+0.00 电=8.02V/2.12A/峰2.93 补余=0.0 IO错=0 倾+0.0 自动2/3
[  361.931] TLM t= 224.5 L1·A@-76 L2·A@-75 L3·A@-76 R1·A@-75 R2·A@-75 R3·A@-75 罐=无罐 泵=0 阀=111111 速=+0,+0,+0.00 电=8.03V/1.95A/峰2.93 补余=0.0 IO错=0 倾+0.0 自动2/3
[  362.433] TLM t= 225.0 L1·A@-76 L2·A@-75 L3·A@-76 R1·A@-75 R2·A@-75 R3·A@-74 罐=无罐 泵=0 阀=111111 速=+0,+0,+0.00 电=8.03V/2.36A/峰2.93 补余=0.0 IO错=0 倾+0.0 自动2/3
[  362.959] TLM t= 225.5 L1·A@-76 L2·A@-74 L3·A@-76 R1·A@-75 R2·A@-74 R3·A@-74 罐=无罐 泵=0 阀=111111 速=+0,+0,+0.00 电=8.03V/2.04A/峰2.93 补余=0.0 IO错=0 倾+0.0 自动2/3
[  363.458] TLM t= 226.0 L1·A@-76 L2·A@-74 L3·A@-76 R1·A@-75 R2·A@-74 R3·A@-73 罐=无罐 泵=0 阀=111111 速=+0,+0,+0.00 电=8.03V/2.12A/峰2.93 补余=0.0 IO错=0 倾+0.0 自动2/3
[  363.984] TLM t= 226.6 L1·A@-76 L2·A@-74 L3·A@-76 R1·A@-75 R2·A@-74 R3·A@-72 罐=无罐 泵=0 阀=111111 速=+0,+0,+0.00 电=8.00V/2.20A/峰2.93 补余=0.0 IO错=0 倾+0.0 自动2/3
[  364.484] TLM t= 227.1 L1·A@-76 L2·A@-73 L3·A@-76 R1·A@-75 R2·A@-73 R3·A@-72 罐=无罐 泵=0 阀=111111 速=+0,+0,+0.00 电=8.03V/2.04A/峰2.93 补余=0.0 IO错=0 倾+0.0 自动2/3
[  365.007] TLM t= 227.6 L1·A@-75 L2·A@-73 L3·A@-76 R1·A@-75 R2·A@-73 R3·A@-71 罐=无罐 泵=0 阀=111111 速=+0,+0,+0.00 电=8.03V/2.28A/峰2.93 补余=0.0 IO错=0 倾+0.0 自动2/3
[  365.509] TLM t= 228.1 L1·A@-75 L2·A@-72 L3·A@-75 R1·A@-75 R2·A@-73 R3·A@-71 罐=无罐 泵=0 阀=111111 速=+0,+0,+0.00 电=8.02V/2.12A/峰2.93 补余=0.0 IO错=0 倾+0.0 自动2/3
[  366.040] TLM t= 228.6 L1·A@-75 L2·A@-72 L3·A@-75 R1·A@-75 R2·A@-72 R3·A@-70 罐=无罐 泵=0 阀=111111 速=+0,+0,+0.00 电=8.01V/2.12A/峰2.93 补余=0.0 IO错=0 倾+0.0 自动2/3
[  366.537] TLM t= 229.1 L1·A@-75 L2·A@-72 L3·A@-75 R1·A@-75 R2·A@-72 R3·A@-70 罐=无罐 泵=0 阀=111111 速=+0,+0,+0.00 电=8.02V/2.12A/峰2.93 补余=0.0 IO错=0 倾+0.0 自动2/3
[  367.058] TLM t= 229.6 L1·A@-75 L2·A@-71 L3·A@-75 R1·A@-75 R2·A@-72 R3·A@-69 罐=无罐 泵=0 阀=111111 速=+0,+0,+0.00 电=8.03V/2.12A/峰2.93 补余=0.0 IO错=0 倾+0.0 自动2/3
[  367.563] TLM t= 230.1 L1·A@-75 L2·A@-71 L3·A@-75 R1·A@-75 R2·A@-71 R3·A@-68 罐=无罐 泵=0 阀=111111 速=+0,+0,+0.00 电=8.02V/2.04A/峰2.93 补余=0.0 IO错=0 倾+0.0 自动2/3
[  368.088] TLM t= 230.6 L1·A@-75 L2·A@-70 L3·A@-75 R1·A@-75 R2·A@-71 R3·A@-68 罐=无罐 泵=0 阀=111111 速=+0,+0,+0.00 电=8.02V/2.12A/峰2.93 补余=0.0 IO错=0 倾+0.0 自动2/3
[  368.587] TLM t= 231.1 L1·A@-75 L2·A@-70 L3·A@-75 R1·A@-75 R2·A@-71 R3·A@-67 罐=无罐 泵=0 阀=111111 速=+0,+0,+0.00 电=8.03V/2.12A/峰2.93 补余=0.0 IO错=0 倾+0.0 自动2/3
[  369.110] TLM t= 231.7 L1·A@-75 L2·A@-70 L3·A@-75 R1·A@-75 R2·A@-70 R3·A@-67 罐=无罐 泵=0 阀=111111 速=+0,+0,+0.00 电=8.04V/2.12A/峰2.93 补余=0.0 IO错=0 倾+0.0 自动2/3
[  369.610] TLM t= 232.2 L1·A@-75 L2·A@-69 L3·A@-75 R1·A@-75 R2·A@-70 R3·A@-66 罐=无罐 泵=0 阀=111111 速=+0,+0,+0.00 电=8.02V/2.04A/峰2.93 补余=0.0 IO错=0 倾+0.0 自动2/3
[  370.024] EVT 原地抬起受理：L2
[  370.037] EVT 相位 L2 stance→handover
[  370.133] TLM t= 233.5 L1·A@-74 L2ZA@-69 L3·A@-75 R1·A@-74 R2·A@-70 R3·A@-66 罐=无罐 泵=0 阀=111111 速=+0,+0,+0.00 电=8.04V/1.95A/峰2.93 补余=0.0 IO错=0 倾+0.0 自动2/3
[  370.635] TLM t= 234.0 L1·A@-74 L2ZA@-68 L3·A@-75 R1·A@-74 R2·A@-69 R3·A@-65 罐=无罐 泵=0 阀=111111 速=+0,+0,+0.00 电=8.03V/1.87A/峰2.93 补余=0.0 IO错=0 倾+0.0 自动2/3
[  371.157] TLM t= 234.0 L1·A@-74 L2ZA@-68 L3·A@-75 R1·A@-74 R2·A@-69 R3·A@-65 罐=无罐 泵=0 阀=111111 速=+0,+0,+0.00 电=8.01V/2.28A/峰2.93 补余=0.0 IO错=0 倾+0.0 自动2/3
[  371.660] TLM t= 234.0 L1·A@-74 L2ZA@-68 L3·A@-75 R1·A@-74 R2·A@-69 R3·A@-64 罐=无罐 泵=0 阀=111111 速=+0,+0,+0.00 电=8.02V/2.12A/峰2.93 补余=0.0 IO错=0 倾+0.0 自动2/3
[  372.182] TLM t= 234.0 L1·A@-74 L2ZA@-67 L3·A@-74 R1·A@-74 R2·A@-68 R3·A@-64 罐=无罐 泵=0 阀=111111 速=+0,+0,+0.00 电=8.01V/2.28A/峰2.93 补余=0.0 IO错=0 倾+0.0 自动2/3
[  372.435] EVT 吸附 L2 attached→venting 在态106.62s -66.9kPa
[  372.435] EVT 相位 L2 handover→vent 落点Δ(+0.0,+0.0)
[  372.448] EVT 阀 L2 →排气位
[  372.689] TLM t= 234.0 L1·A@-74 L2Vv@-67 L3·A@-74 R1·A@-74 R2·A@-68 R3·A@-63 罐=无罐 泵=0 阀=101111 速=+0,+0,+0.00 电=7.99V/2.28A/峰2.93 补余=0.0 IO错=0 倾+0.0 自动2/3
[  372.739] EVT 相位 L2 vent→lift
[  372.861] EVT 吸附 L2 venting→released 在态0.42s 0.3kPa
[  373.210] TLM t= 234.0 L1·A@-74 L2Lr@-- L3·A@-74 R1·A@-74 R2·A@-68 R3·A@-62 罐=无罐 泵=0 阀=101111 速=+0,+0,+0.00 电=7.99V/2.69A/峰2.93 补余=0.0 IO错=0 倾+0.0 自动2/3
[  373.581] EVT 相位 L2 lift→transfer
[  373.725] TLM t= 234.0 L1·A@-74 L2Tr@-- L3·A@-74 R1·A@-74 R2·A@-67 R3·A@-62 罐=无罐 泵=0 阀=101111 速=+0,+0,+0.00 电=7.96V/2.60A/峰2.93 补余=0.0 IO错=0 倾+0.0 自动2/3
[  374.198] EVT 相位 L2 transfer→hover
[  374.234] TLM t= 234.0 L1·A@-74 L2Hr@-- L3·A@-74 R1·A@-74 R2·A@-67 R3·A@-61 罐=无罐 泵=0 阀=101111 速=+0,+0,+0.00 电=7.97V/2.60A/峰2.93 补余=0.0 IO错=0 倾+0.0 自动2/3
[  374.748] TLM t= 234.0 L1·A@-74 L2Hr@-- L3·A@-74 R1·A@-74 R2·A@-67 R3·A@-61 罐=无罐 泵=0 阀=101111 速=+0,+0,+0.00 电=7.99V/2.44A/峰2.93 补余=0.0 IO错=0 倾+0.0 自动2/3
[  375.206] EVT 落地：L2
[  375.221] EVT 相位 L2 hover→descend
[  375.256] TLM t= 234.0 L1·A@-74 L2Dr@-- L3·A@-74 R1·A@-74 R2·A@-67 R3·A@-60 罐=无罐 泵=0 阀=101111 速=+0,+0,+0.00 电=7.98V/2.44A/峰2.93 补余=0.0 IO错=0 倾+0.0 自动2/3
[  375.567] EVT 泵 开 最差盘压-60.0
[  375.702] EVT 相位 L2 descend→press
[  375.770] TLM t= 234.0 L1·A@-73 L2Pr@-- L3·A@-74 R1·A@-74 R2·A@-66 R3·A@-60 罐=无罐 泵=1 阀=101111 速=+0,+0,+0.00 电=7.96V/2.36A/峰2.93 补余=0.0 IO错=0 倾+0.0 自动2/3
[  376.282] TLM t= 234.0 L1·A@-74 L2Pr@-- L3·A@-74 R1·A@-74 R2·A@-74 R3·A@-73 罐=无罐 泵=1 阀=101111 速=+0,+0,+0.00 电=7.97V/2.44A/峰2.93 补余=0.0 IO错=0 倾+0.0 自动2/3
[  376.453] EVT 泵 停 最差盘压-75.2
[  376.795] TLM t= 234.0 L1·A@-76 L2Pr@-- L3·A@-76 R1·A@-76 R2·A@-76 R3·A@-76 罐=无罐 泵=0 阀=101111 速=+0,+0,+0.00 电=7.97V/2.60A/峰2.93 补余=0.0 IO错=0 倾+0.0 自动2/3
[  376.905] EVT 吸附 L2 released→pressing 在态4.04s 0.3kPa
[  376.906] EVT 相位 L2 press→wait
[  377.234] EVT 吸附 L2 pressing→sucking 在态0.32s 0.3kPa
[  377.235] EVT 阀 L2 →抽气位
[  377.255] EVT 泵 开 最差盘压-75.4
[  377.303] TLM t= 234.0 L1·A@-76 L2Ws@0 L3·A@-76 R1·A@-76 R2·A@-75 R3·A@-75 罐=无罐 泵=1 阀=111111 速=+0,+0,+0.00 电=7.91V/2.36A/峰2.93 补余=0.0 IO错=0 倾+0.0 自动2/3
[  377.530] EVT 吸附 L2 sucking→attached 在态0.30s -66.6kPa
[  377.536] EVT 相位 L2 wait→stance
[  377.536] EVT 抬落完成，轮到 R3
[  377.536] EVT 自动轮换：第 2 轮完成
[  377.808] TLM t= 234.3 L1·A@-76 L2·A@-75 L3·A@-76 R1·A@-76 R2·A@-75 R3·A@-75 罐=无罐 泵=1 阀=111111 速=+0,+0,+0.00 电=7.95V/2.28A/峰2.93 补余=0.0 IO错=0 倾+0.0 自动3/3
[  377.861] EVT 泵 停 最差盘压-75.4
[  378.330] TLM t= 234.8 L1·A@-76 L2·A@-76 L3·A@-76 R1·A@-76 R2·A@-76 R3·A@-76 罐=无罐 泵=0 阀=111111 速=+0,+0,+0.00 电=7.98V/2.36A/峰2.93 补余=0.0 IO错=0 倾+0.0 自动3/3
[  378.833] TLM t= 235.3 L1·A@-76 L2·A@-75 L3·A@-76 R1·A@-75 R2·A@-75 R3·A@-75 罐=无罐 泵=0 阀=111111 速=+0,+0,+0.00 电=8.01V/2.52A/峰2.93 补余=0.0 IO错=0 倾+0.0 自动3/3
[  379.356] TLM t= 235.8 L1·A@-76 L2·A@-75 L3·A@-76 R1·A@-75 R2·A@-75 R3·A@-74 罐=无罐 泵=0 阀=111111 速=+0,+0,+0.00 电=7.98V/2.52A/峰2.93 补余=0.0 IO错=0 倾+0.0 自动3/3
[  379.856] TLM t= 236.3 L1·A@-76 L2·A@-74 L3·A@-76 R1·A@-75 R2·A@-75 R3·A@-74 罐=无罐 泵=0 阀=111111 速=+0,+0,+0.00 电=8.00V/2.44A/峰2.93 补余=0.0 IO错=0 倾+0.0 自动3/3
[  380.377] TLM t= 236.8 L1·A@-76 L2·A@-74 L3·A@-76 R1·A@-75 R2·A@-74 R3·A@-73 罐=无罐 泵=0 阀=111111 速=+0,+0,+0.00 电=7.99V/2.44A/峰2.93 补余=0.0 IO错=0 倾+0.0 自动3/3
[  380.883] TLM t= 237.3 L1·A@-75 L2·A@-73 L3·A@-76 R1·A@-75 R2·A@-74 R3·A@-73 罐=无罐 泵=0 阀=111111 速=+0,+0,+0.00 电=7.99V/2.44A/峰2.93 补余=0.0 IO错=0 倾+0.0 自动3/3
[  381.406] TLM t= 237.8 L1·A@-75 L2·A@-73 L3·A@-76 R1·A@-75 R2·A@-74 R3·A@-72 罐=无罐 泵=0 阀=111111 速=+0,+0,+0.00 电=8.00V/2.52A/峰2.93 补余=0.0 IO错=0 倾+0.0 自动3/3
[  381.906] TLM t= 238.3 L1·A@-75 L2·A@-73 L3·A@-75 R1·A@-75 R2·A@-73 R3·A@-72 罐=无罐 泵=0 阀=111111 速=+0,+0,+0.00 电=8.00V/2.28A/峰2.93 补余=0.0 IO错=0 倾+0.0 自动3/3
[  382.431] TLM t= 238.9 L1·A@-75 L2·A@-72 L3·A@-75 R1·A@-75 R2·A@-73 R3·A@-71 罐=无罐 泵=0 阀=111111 速=+0,+0,+0.00 电=8.00V/2.36A/峰2.93 补余=0.0 IO错=0 倾+0.0 自动3/3
[  382.931] TLM t= 239.4 L1·A@-75 L2·A@-72 L3·A@-75 R1·A@-75 R2·A@-73 R3·A@-71 罐=无罐 泵=0 阀=111111 速=+0,+0,+0.00 电=8.01V/2.44A/峰2.93 补余=0.0 IO错=0 倾+0.0 自动3/3
[  383.459] TLM t= 239.9 L1·A@-75 L2·A@-71 L3·A@-75 R1·A@-75 R2·A@-72 R3·A@-70 罐=无罐 泵=0 阀=111111 速=+0,+0,+0.00 电=7.98V/2.36A/峰2.93 补余=0.0 IO错=0 倾+0.0 自动3/3
[  383.960] TLM t= 240.4 L1·A@-75 L2·A@-71 L3·A@-75 R1·A@-75 R2·A@-72 R3·A@-69 罐=无罐 泵=0 阀=111111 速=+0,+0,+0.00 电=8.00V/2.28A/峰2.93 补余=0.0 IO错=0 倾+0.0 自动3/3
[  384.482] TLM t= 240.9 L1·A@-75 L2·A@-71 L3·A@-75 R1·A@-75 R2·A@-72 R3·A@-69 罐=无罐 泵=0 阀=111111 速=+0,+0,+0.00 电=7.99V/2.36A/峰2.93 补余=0.0 IO错=0 倾+0.0 自动3/3
[  384.984] TLM t= 241.4 L1·A@-75 L2·A@-70 L3·A@-75 R1·A@-75 R2·A@-71 R3·A@-68 罐=无罐 泵=0 阀=111111 速=+0,+0,+0.00 电=7.99V/2.44A/峰2.93 补余=0.0 IO错=0 倾+0.0 自动3/3
[  385.507] TLM t= 241.9 L1·A@-75 L2·A@-70 L3·A@-75 R1·A@-75 R2·A@-71 R3·A@-68 罐=无罐 泵=0 阀=111111 速=+0,+0,+0.00 电=8.00V/2.44A/峰2.93 补余=0.0 IO错=0 倾+0.0 自动3/3
[  386.011] TLM t= 242.4 L1·A@-74 L2·A@-69 L3·A@-75 R1·A@-75 R2·A@-71 R3·A@-67 罐=无罐 泵=0 阀=111111 速=+0,+0,+0.00 电=7.99V/2.44A/峰2.93 补余=0.0 IO错=0 倾+0.0 自动3/3
[  386.533] TLM t= 242.9 L1·A@-74 L2·A@-69 L3·A@-75 R1·A@-75 R2·A@-70 R3·A@-67 罐=无罐 泵=0 阀=111111 速=+0,+0,+0.00 电=7.99V/2.52A/峰2.93 补余=0.0 IO错=0 倾+0.0 自动3/3
[  387.037] TLM t= 243.4 L1·A@-74 L2·A@-69 L3·A@-75 R1·A@-75 R2·A@-70 R3·A@-66 罐=无罐 泵=0 阀=111111 速=+0,+0,+0.00 电=8.00V/2.44A/峰2.93 补余=0.0 IO错=0 倾+0.0 自动3/3
[  387.563] TLM t= 244.0 L1·A@-74 L2·A@-68 L3·A@-75 R1·A@-75 R2·A@-70 R3·A@-66 罐=无罐 泵=0 阀=111111 速=+0,+0,+0.00 电=7.99V/2.52A/峰2.93 补余=0.0 IO错=0 倾+0.0 自动3/3
[  388.063] TLM t= 244.5 L1·A@-74 L2·A@-68 L3·A@-75 R1·A@-75 R2·A@-69 R3·A@-65 罐=无罐 泵=0 阀=111111 速=+0,+0,+0.00 电=8.00V/2.44A/峰2.93 补余=0.0 IO错=0 倾+0.0 自动3/3
[  388.587] TLM t= 245.0 L1·A@-74 L2·A@-67 L3·A@-74 R1·A@-75 R2·A@-69 R3·A@-64 罐=无罐 泵=0 阀=111111 速=+0,+0,+0.00 电=7.99V/2.36A/峰2.93 补余=0.0 IO错=0 倾+0.0 自动3/3
[  389.087] TLM t= 245.5 L1·A@-74 L2·A@-67 L3·A@-74 R1·A@-75 R2·A@-69 R3·A@-64 罐=无罐 泵=0 阀=111111 速=+0,+0,+0.00 电=8.01V/2.52A/峰2.93 补余=0.0 IO错=0 倾+0.0 自动3/3
[  389.614] TLM t= 246.0 L1·A@-74 L2·A@-67 L3·A@-74 R1·A@-75 R2·A@-68 R3·A@-63 罐=无罐 泵=0 阀=111111 速=+0,+0,+0.00 电=7.99V/2.36A/峰2.93 补余=0.0 IO错=0 倾+0.0 自动3/3
[  390.115] TLM t= 246.5 L1·A@-74 L2·A@-66 L3·A@-74 R1·A@-75 R2·A@-68 R3·A@-63 罐=无罐 泵=0 阀=111111 速=+0,+0,+0.00 电=8.00V/2.36A/峰2.93 补余=0.0 IO错=0 倾+0.0 自动3/3
[  390.639] TLM t= 247.0 L1·A@-74 L2·A@-66 L3·A@-74 R1·A@-75 R2·A@-68 R3·A@-62 罐=无罐 泵=0 阀=111111 速=+0,+0,+0.00 电=7.99V/2.52A/峰2.93 补余=0.0 IO错=0 倾+0.0 自动3/3
[  391.142] TLM t= 247.5 L1·A@-73 L2·A@-65 L3·A@-74 R1·A@-75 R2·A@-67 R3·A@-62 罐=无罐 泵=0 阀=111111 速=+0,+0,+0.00 电=8.00V/2.36A/峰2.93 补余=0.0 IO错=0 倾+0.0 自动3/3
[  391.668] TLM t= 248.0 L1·A@-73 L2·A@-65 L3·A@-74 R1·A@-75 R2·A@-67 R3·A@-61 罐=无罐 泵=0 阀=111111 速=+0,+0,+0.00 电=8.00V/2.44A/峰2.93 补余=0.0 IO错=0 倾+0.0 自动3/3
[  392.170] TLM t= 248.5 L1·A@-73 L2·A@-65 L3·A@-74 R1·A@-75 R2·A@-67 R3·A@-61 罐=无罐 泵=0 阀=111111 速=+0,+0,+0.00 电=7.99V/2.36A/峰2.93 补余=0.0 IO错=0 倾+0.0 自动3/3
[  392.536] EVT 自动轮换：第 3 轮开始
[  392.564] EVT 原地抬起受理：R3
[  392.584] EVT 相位 R3 stance→handover
[  392.694] TLM t= 252.1 L1·A@-73 L2·A@-64 L3·A@-74 R1·A@-74 R2·A@-66 R3ZA@-60 罐=无罐 泵=0 阀=111111 速=+0,+0,+0.00 电=8.01V/2.28A/峰2.93 补余=0.0 IO错=0 倾+0.0 自动3/3
[  392.945] EVT 泵 开 最差盘压-59.9
[  393.196] TLM t= 252.6 L1·A@-73 L2·A@-64 L3·A@-74 R1·A@-74 R2·A@-66 R3ZA@-60 罐=无罐 泵=1 阀=111111 速=+0,+0,+0.00 电=7.96V/1.87A/峰2.93 补余=0.0 IO错=0 倾+0.0 自动3/3
[  393.721] TLM t= 252.6 L1·A@-74 L2·A@-74 L3·A@-74 R1·A@-74 R2·A@-74 R3ZA@-74 罐=无罐 泵=1 阀=111111 速=+0,+0,+0.00 电=7.99V/1.87A/峰2.93 补余=0.0 IO错=0 倾+0.0 自动3/3
[  393.894] EVT 泵 停 最差盘压-75.2
[  394.224] TLM t= 252.6 L1·A@-76 L2·A@-76 L3·A@-76 R1·A@-76 R2·A@-76 R3ZA@-76 罐=无罐 泵=0 阀=111111 速=+0,+0,+0.00 电=8.02V/2.04A/峰2.93 补余=0.0 IO错=0 倾+0.0 自动3/3
[  394.747] TLM t= 252.6 L1·A@-76 L2·A@-76 L3·A@-76 R1·A@-76 R2·A@-75 R3ZA@-75 罐=无罐 泵=0 阀=111111 速=+0,+0,+0.00 电=8.03V/1.87A/峰2.93 补余=0.0 IO错=0 倾+0.0 自动3/3
[  394.770] EVT 吸附 R3 attached→venting 在态106.56s -75.4kPa
[  394.771] EVT 相位 R3 handover→vent 落点Δ(+0.0,+0.0)
[  394.799] EVT 阀 R3 →排气位
[  395.072] EVT 相位 R3 vent→lift
[  395.194] EVT 吸附 R3 venting→released 在态0.42s 0.2kPa
[  395.260] TLM t= 252.6 L1·A@-76 L2·A@-75 L3·A@-76 R1·A@-76 R2·A@-75 R3Lr@-- 罐=无罐 泵=0 阀=111110 速=+0,+0,+0.00 电=8.01V/1.95A/峰2.93 补余=0.0 IO错=0 倾+0.0 自动3/3
[  395.770] TLM t= 252.6 L1·A@-76 L2·A@-75 L3·A@-76 R1·A@-76 R2·A@-75 R3Lr@-- 罐=无罐 泵=0 阀=111110 速=+0,+0,+0.00 电=7.99V/2.12A/峰2.93 补余=0.0 IO错=0 倾+0.0 自动3/3
[  395.914] EVT 相位 R3 lift→transfer
[  396.285] TLM t= 252.6 L1·A@-76 L2·A@-75 L3·A@-76 R1·A@-75 R2·A@-74 R3Tr@-- 罐=无罐 泵=0 阀=111110 速=+0,+0,+0.00 电=8.00V/2.20A/峰2.93 补余=0.0 IO错=0 倾+0.0 自动3/3
[  396.544] EVT 相位 R3 transfer→hover
[  396.793] TLM t= 252.6 L1·A@-76 L2·A@-74 L3·A@-76 R1·A@-75 R2·A@-74 R3Hr@-- 罐=无罐 泵=0 阀=111110 速=+0,+0,+0.00 电=8.01V/2.04A/峰2.93 补余=0.0 IO错=0 倾+0.0 自动3/3
[  397.309] TLM t= 252.6 L1·A@-75 L2·A@-74 L3·A@-76 R1·A@-75 R2·A@-74 R3Hr@-- 罐=无罐 泵=0 阀=111110 速=+0,+0,+0.00 电=7.98V/2.04A/峰2.93 补余=0.0 IO错=0 倾+0.0 自动3/3
[  397.567] EVT 落地：R3
[  397.584] EVT 相位 R3 hover→descend
[  397.815] TLM t= 252.6 L1·A@-75 L2·A@-73 L3·A@-76 R1·A@-75 R2·A@-73 R3Dr@-- 罐=无罐 泵=0 阀=111110 速=+0,+0,+0.00 电=7.99V/2.12A/峰2.93 补余=0.0 IO错=0 倾+0.0 自动3/3
[  398.065] EVT 相位 R3 descend→press
[  398.330] TLM t= 252.6 L1·A@-75 L2·A@-73 L3·A@-76 R1·A@-75 R2·A@-73 R3Pr@-- 罐=无罐 泵=0 阀=111110 速=+0,+0,+0.00 电=8.00V/2.12A/峰2.93 补余=0.0 IO错=0 倾+0.0 自动3/3
[  398.841] TLM t= 252.6 L1·A@-75 L2·A@-72 L3·A@-75 R1·A@-75 R2·A@-73 R3Pr@-- 罐=无罐 泵=0 阀=111110 速=+0,+0,+0.00 电=8.00V/2.04A/峰2.93 补余=0.0 IO错=0 倾+0.0 自动3/3
[  399.268] EVT 吸附 R3 released→pressing 在态4.06s 0.2kPa
[  399.269] EVT 相位 R3 press→wait
[  399.353] TLM t= 252.6 L1·A@-75 L2·A@-72 L3·A@-75 R1·A@-75 R2·A@-72 R3Wp@-- 罐=无罐 泵=0 阀=111110 速=+0,+0,+0.00 电=8.00V/2.12A/峰2.93 补余=0.0 IO错=0 倾+0.0 自动3/3
[  399.584] EVT 吸附 R3 pressing→sucking 在态0.32s 0.2kPa
[  399.585] EVT 阀 R3 →抽气位
[  399.612] EVT 泵 开 最差盘压-71.8
[  399.861] TLM t= 252.6 L1·A@-75 L2·A@-72 L3·A@-75 R1·A@-75 R2·A@-72 R3Ws@-58 罐=无罐 泵=1 阀=111111 速=+0,+0,+0.00 电=7.97V/2.04A/峰2.93 补余=0.0 IO错=0 倾+0.0 自动3/3
[  399.913] EVT 吸附 R3 sucking→attached 在态0.32s -61.8kPa
[  399.913] EVT 相位 R3 wait→stance
[  399.913] EVT 抬落完成，轮到 L1
[  400.363] TLM t= 253.0 L1·A@-75 L2·A@-75 L3·A@-75 R1·A@-75 R2·A@-75 R3·A@-75 罐=无罐 泵=1 阀=111111 速=+0,+0,+0.00 电=7.93V/2.04A/峰2.93 补余=0.0 IO错=0 倾+0.0 自动3/3
[  400.396] EVT 泵 停 最差盘压-75.2
[  400.886] TLM t= 253.6 L1·A@-76 L2·A@-76 L3·A@-76 R1·A@-75 R2·A@-75 R3·A@-76 罐=无罐 泵=0 阀=111111 速=+0,+0,+0.00 电=8.01V/2.12A/峰2.93 补余=0.0 IO错=0 倾+0.0 自动3/3
[  401.387] TLM t= 254.1 L1·A@-76 L2·A@-75 L3·A@-76 R1·A@-75 R2·A@-75 R3·A@-75 罐=无罐 泵=0 阀=111111 速=+0,+0,+0.00 电=8.00V/2.04A/峰2.93 补余=0.0 IO错=0 倾+0.0 自动3/3
[  401.912] TLM t= 254.6 L1·A@-76 L2·A@-75 L3·A@-76 R1·A@-75 R2·A@-75 R3·A@-74 罐=无罐 泵=0 阀=111111 速=+0,+0,+0.00 电=8.00V/2.04A/峰2.93 补余=0.0 IO错=0 倾+0.0 自动3/3
[  402.409] TLM t= 255.1 L1·A@-76 L2·A@-75 L3·A@-76 R1·A@-75 R2·A@-74 R3·A@-74 罐=无罐 泵=0 阀=111111 速=+0,+0,+0.00 电=8.02V/2.12A/峰2.93 补余=0.0 IO错=0 倾+0.0 自动3/3
[  402.932] TLM t= 255.6 L1·A@-75 L2·A@-74 L3·A@-76 R1·A@-75 R2·A@-74 R3·A@-73 罐=无罐 泵=0 阀=111111 速=+0,+0,+0.00 电=8.01V/2.04A/峰2.93 补余=0.0 IO错=0 倾+0.0 自动3/3
[  403.437] TLM t= 256.1 L1·A@-75 L2·A@-74 L3·A@-75 R1·A@-75 R2·A@-74 R3·A@-72 罐=无罐 泵=0 阀=111111 速=+0,+0,+0.00 电=8.00V/2.04A/峰2.93 补余=0.0 IO错=0 倾+0.0 自动3/3
[  403.934] TLM t= 256.6 L1·A@-75 L2·A@-73 L3·A@-75 R1·A@-75 R2·A@-73 R3·A@-72 罐=无罐 泵=0 阀=111111 速=+0,+0,+0.00 电=8.01V/2.12A/峰2.93 补余=0.0 IO错=0 倾+0.0 自动3/3
[  404.442] TLM t= 257.1 L1·A@-75 L2·A@-73 L3·A@-75 R1·A@-75 R2·A@-73 R3·A@-71 罐=无罐 泵=0 阀=111111 速=+0,+0,+0.00 电=8.02V/1.95A/峰2.93 补余=0.0 IO错=0 倾+0.0 自动3/3
[  404.948] TLM t= 257.6 L1·A@-75 L2·A@-73 L3·A@-75 R1·A@-75 R2·A@-73 R3·A@-71 罐=无罐 泵=0 阀=111111 速=+0,+0,+0.00 电=8.02V/2.12A/峰2.93 补余=0.0 IO错=0 倾+0.0 自动3/3
[  405.469] TLM t= 258.1 L1·A@-75 L2·A@-72 L3·A@-75 R1·A@-75 R2·A@-72 R3·A@-70 罐=无罐 泵=0 阀=111111 速=+0,+0,+0.00 电=8.00V/2.12A/峰2.93 补余=0.0 IO错=0 倾+0.0 自动3/3
[  405.971] TLM t= 258.6 L1·A@-75 L2·A@-72 L3·A@-75 R1·A@-75 R2·A@-72 R3·A@-70 罐=无罐 泵=0 阀=111111 速=+0,+0,+0.00 电=8.00V/2.20A/峰2.93 补余=0.0 IO错=0 倾+0.0 自动3/3
[  406.493] TLM t= 259.1 L1·A@-75 L2·A@-71 L3·A@-75 R1·A@-75 R2·A@-72 R3·A@-69 罐=无罐 泵=0 阀=111111 速=+0,+0,+0.00 电=8.00V/2.04A/峰2.93 补余=0.0 IO错=0 倾+0.0 自动3/3
[  406.995] TLM t= 259.6 L1·A@-75 L2·A@-71 L3·A@-75 R1·A@-75 R2·A@-71 R3·A@-68 罐=无罐 泵=0 阀=111111 速=+0,+0,+0.00 电=8.02V/2.04A/峰2.93 补余=0.0 IO错=0 倾+0.0 自动3/3
[  407.518] TLM t= 260.2 L1·A@-75 L2·A@-71 L3·A@-75 R1·A@-75 R2·A@-71 R3·A@-68 罐=无罐 泵=0 阀=111111 速=+0,+0,+0.00 电=8.02V/2.12A/峰2.93 补余=0.0 IO错=0 倾+0.0 自动3/3
[  408.021] TLM t= 260.7 L1·A@-74 L2·A@-70 L3·A@-75 R1·A@-75 R2·A@-71 R3·A@-67 罐=无罐 泵=0 阀=111111 速=+0,+0,+0.00 电=8.01V/2.04A/峰2.93 补余=0.0 IO错=0 倾+0.0 自动3/3
[  408.541] TLM t= 261.2 L1·A@-74 L2·A@-70 L3·A@-75 R1·A@-75 R2·A@-70 R3·A@-67 罐=无罐 泵=0 阀=111111 速=+0,+0,+0.00 电=8.01V/2.36A/峰2.93 补余=0.0 IO错=0 倾+0.0 自动3/3
[  409.048] TLM t= 261.7 L1·A@-74 L2·A@-69 L3·A@-75 R1·A@-75 R2·A@-70 R3·A@-66 罐=无罐 泵=0 阀=111111 速=+0,+0,+0.00 电=8.01V/2.20A/峰2.93 补余=0.0 IO错=0 倾+0.0 自动3/3
[  409.571] TLM t= 262.2 L1·A@-74 L2·A@-69 L3·A@-75 R1·A@-75 R2·A@-70 R3·A@-66 罐=无罐 泵=0 阀=111111 速=+0,+0,+0.00 电=8.02V/2.12A/峰2.93 补余=0.0 IO错=0 倾+0.0 自动3/3
[  409.949] EVT 原地抬起受理：L1
[  409.961] EVT 相位 L1 stance→handover
[  410.079] TLM t= 263.5 L1ZA@-74 L2·A@-69 L3·A@-74 R1·A@-75 R2·A@-69 R3·A@-65 罐=无罐 泵=0 阀=111111 速=+0,+0,+0.00 电=8.02V/1.95A/峰2.93 补余=0.0 IO错=0 倾+0.0 自动3/3
[  410.598] TLM t= 264.0 L1ZA@-74 L2·A@-68 L3·A@-74 R1·A@-74 R2·A@-69 R3·A@-65 罐=无罐 泵=0 阀=111111 速=+0,+0,+0.00 电=8.04V/1.55A/峰2.93 补余=0.0 IO错=0 倾+0.0 自动3/3
[  411.106] TLM t= 264.0 L1ZA@-74 L2·A@-68 L3·A@-74 R1·A@-74 R2·A@-69 R3·A@-64 罐=无罐 泵=0 阀=111111 速=+0,+0,+0.00 电=8.03V/1.63A/峰2.93 补余=0.0 IO错=0 倾+0.0 自动3/3
[  411.623] TLM t= 264.0 L1ZA@-74 L2·A@-68 L3·A@-74 R1·A@-74 R2·A@-68 R3·A@-63 罐=无罐 泵=0 阀=111111 速=+0,+0,+0.00 电=8.02V/1.47A/峰2.93 补余=0.0 IO错=0 倾+0.0 自动3/3
[  412.127] TLM t= 264.0 L1ZA@-74 L2·A@-67 L3·A@-74 R1·A@-74 R2·A@-68 R3·A@-63 罐=无罐 泵=0 阀=111111 速=+0,+0,+0.00 电=8.03V/1.87A/峰2.93 补余=0.0 IO错=0 倾+0.0 自动3/3
[  412.649] TLM t= 264.0 L1ZA@-73 L2·A@-67 L3·A@-74 R1·A@-74 R2·A@-68 R3·A@-62 罐=无罐 泵=0 阀=111111 速=+0,+0,+0.00 电=8.01V/2.12A/峰2.93 补余=0.0 IO错=0 倾+0.0 自动3/3
[  413.063] EVT 吸附 L1 attached→venting 在态106.42s -73.4kPa
[  413.063] EVT 相位 L1 handover→vent 落点Δ(+0.0,+0.0)
[  413.083] EVT 阀 L1 →排气位
[  413.151] TLM t= 264.0 L1Vv@-73 L2·A@-66 L3·A@-74 R1·A@-74 R2·A@-67 R3·A@-62 罐=无罐 泵=0 阀=011111 速=+0,+0,+0.00 电=7.98V/2.12A/峰2.93 补余=0.0 IO错=0 倾+0.0 自动3/3
[  413.362] EVT 相位 L1 vent→lift
[  413.484] EVT 吸附 L1 venting→released 在态0.42s 0.1kPa
[  413.672] TLM t= 264.0 L1Lr@-- L2·A@-66 L3·A@-74 R1·A@-74 R2·A@-67 R3·A@-61 罐=无罐 泵=0 阀=011111 速=+0,+0,+0.00 电=7.97V/2.44A/峰2.93 补余=0.0 IO错=0 倾+0.0 自动3/3
[  414.175] TLM t= 264.0 L1Lr@-- L2·A@-66 L3·A@-74 R1·A@-74 R2·A@-67 R3·A@-61 罐=无罐 泵=0 阀=011111 速=+0,+0,+0.00 电=7.96V/2.44A/峰2.93 补余=0.0 IO错=0 倾+0.0 自动3/3
[  414.204] EVT 相位 L1 lift→transfer
[  414.694] TLM t= 264.0 L1Tr@-- L2·A@-65 L3·A@-74 R1·A@-74 R2·A@-66 R3·A@-60 罐=无罐 泵=0 阀=011111 速=+0,+0,+0.00 电=7.98V/2.36A/峰2.93 补余=0.0 IO错=0 倾+0.0 自动3/3
[  414.771] EVT 泵 开 最差盘压-60.0
[  414.831] EVT 相位 L1 transfer→hover
[  415.205] TLM t= 264.0 L1Hr@-- L2·A@-69 L3·A@-74 R1·A@-74 R2·A@-68 R3·A@-68 罐=无罐 泵=1 阀=011111 速=+0,+0,+0.00 电=7.96V/2.20A/峰2.93 补余=0.0 IO错=0 倾+0.0 自动3/3
[  415.712] EVT 泵 停 最差盘压-75.3
[  415.723] TLM t= 264.0 L1Hr@-- L2·A@-76 L3·A@-76 R1·A@-75 R2·A@-76 R3·A@-76 罐=无罐 泵=0 阀=011111 速=+0,+0,+0.00 电=7.99V/2.20A/峰2.93 补余=0.0 IO错=0 倾+0.0 自动3/3
[  415.832] EVT 落地：L1
[  415.855] EVT 相位 L1 hover→descend
[  416.235] TLM t= 264.0 L1Dr@-- L2·A@-76 L3·A@-76 R1·A@-76 R2·A@-76 R3·A@-76 罐=无罐 泵=0 阀=011111 速=+0,+0,+0.00 电=7.98V/2.28A/峰2.93 补余=0.0 IO错=0 倾+0.0 自动3/3
[  416.336] EVT 相位 L1 descend→press
[  416.747] TLM t= 264.0 L1Pr@-- L2·A@-76 L3·A@-76 R1·A@-76 R2·A@-75 R3·A@-75 罐=无罐 泵=0 阀=011111 速=+0,+0,+0.00 电=7.97V/2.28A/峰2.93 补余=0.0 IO错=0 倾+0.0 自动3/3
[  417.248] TLM t= 264.0 L1Pr@-- L2·A@-75 L3·A@-76 R1·A@-76 R2·A@-75 R3·A@-75 罐=无罐 泵=0 阀=011111 速=+0,+0,+0.00 电=7.97V/2.20A/峰2.93 补余=0.0 IO错=0 倾+0.0 自动3/3
[  417.541] EVT 吸附 L1 released→pressing 在态4.04s 0.1kPa
[  417.542] EVT 相位 L1 press→wait
[  417.768] TLM t= 264.0 L1Wp@-- L2·A@-75 L3·A@-76 R1·A@-76 R2·A@-75 R3·A@-74 罐=无罐 泵=0 阀=011111 速=+0,+0,+0.00 电=7.97V/2.28A/峰2.93 补余=0.0 IO错=0 倾+0.0 自动3/3
[  417.855] EVT 吸附 L1 pressing→sucking 在态0.32s 0.1kPa
[  417.855] EVT 阀 L1 →抽气位
[  417.883] EVT 泵 开 最差盘压-74.0
[  418.273] TLM t= 264.0 L1Ws@-65 L2·A@-74 L3·A@-76 R1·A@-76 R2·A@-74 R3·A@-73 罐=无罐 泵=1 阀=111111 速=+0,+0,+0.00 电=7.93V/2.20A/峰2.93 补余=0.0 IO错=0 倾+0.0 自动3/3
[  418.276] EVT 吸附 L1 sucking→attached 在态0.42s -65.5kPa
[  418.277] EVT 相位 L1 wait→stance
[  418.277] EVT 抬落完成，轮到 R2
[  418.665] EVT 泵 停 最差盘压-75.1
[  418.793] TLM t= 264.5 L1·A@-76 L2·A@-76 L3·A@-76 R1·A@-76 R2·A@-76 R3·A@-76 罐=无罐 泵=0 阀=111111 速=+0,+0,+0.00 电=7.99V/2.20A/峰2.93 补余=0.0 IO错=0 倾+0.0 自动3/3
[  419.294] TLM t= 265.0 L1·A@-76 L2·A@-76 L3·A@-76 R1·A@-75 R2·A@-75 R3·A@-75 罐=无罐 泵=0 阀=111111 速=+0,+0,+0.00 电=7.99V/2.12A/峰2.93 补余=0.0 IO错=0 倾+0.0 自动3/3
[  419.821] TLM t= 265.5 L1·A@-76 L2·A@-75 L3·A@-76 R1·A@-75 R2·A@-75 R3·A@-75 罐=无罐 泵=0 阀=111111 速=+0,+0,+0.00 电=8.00V/2.28A/峰2.93 补余=0.0 IO错=0 倾+0.0 自动3/3
[  420.326] TLM t= 266.0 L1·A@-75 L2·A@-75 L3·A@-76 R1·A@-75 R2·A@-75 R3·A@-74 罐=无罐 泵=0 阀=111111 速=+0,+0,+0.00 电=7.98V/2.28A/峰2.93 补余=0.0 IO错=0 倾+0.0 自动3/3
[  420.848] TLM t= 266.5 L1·A@-75 L2·A@-75 L3·A@-76 R1·A@-75 R2·A@-74 R3·A@-74 罐=无罐 泵=0 阀=111111 速=+0,+0,+0.00 电=8.00V/2.12A/峰2.93 补余=0.0 IO错=0 倾+0.0 自动3/3
[  421.355] TLM t= 267.0 L1·A@-75 L2·A@-74 L3·A@-76 R1·A@-75 R2·A@-74 R3·A@-73 罐=无罐 泵=0 阀=111111 速=+0,+0,+0.00 电=8.00V/2.20A/峰2.93 补余=0.0 IO错=0 倾+0.0 自动3/3
[  421.873] TLM t= 267.6 L1·A@-75 L2·A@-74 L3·A@-75 R1·A@-75 R2·A@-74 R3·A@-72 罐=无罐 泵=0 阀=111111 速=+0,+0,+0.00 电=7.98V/2.28A/峰2.93 补余=0.0 IO错=0 倾+0.0 自动3/3
[  422.378] TLM t= 268.1 L1·A@-75 L2·A@-73 L3·A@-75 R1·A@-75 R2·A@-73 R3·A@-72 罐=无罐 泵=0 阀=111111 速=+0,+0,+0.00 电=8.00V/2.28A/峰2.93 补余=0.0 IO错=0 倾+0.0 自动3/3
[  422.898] TLM t= 268.6 L1·A@-75 L2·A@-73 L3·A@-75 R1·A@-75 R2·A@-73 R3·A@-71 罐=无罐 泵=0 阀=111111 速=+0,+0,+0.00 电=7.99V/2.28A/峰2.93 补余=0.0 IO错=0 倾+0.0 自动3/3
[  423.402] TLM t= 269.1 L1·A@-75 L2·A@-73 L3·A@-75 R1·A@-75 R2·A@-73 R3·A@-71 罐=无罐 泵=0 阀=111111 速=+0,+0,+0.00 电=8.00V/2.36A/峰2.93 补余=0.0 IO错=0 倾+0.0 自动3/3
[  423.922] TLM t= 269.6 L1·A@-75 L2·A@-72 L3·A@-75 R1·A@-75 R2·A@-72 R3·A@-70 罐=无罐 泵=0 阀=111111 速=+0,+0,+0.00 电=8.01V/2.20A/峰2.93 补余=0.0 IO错=0 倾+0.0 自动3/3
[  424.427] TLM t= 270.1 L1·A@-74 L2·A@-72 L3·A@-75 R1·A@-75 R2·A@-72 R3·A@-70 罐=无罐 泵=0 阀=111111 速=+0,+0,+0.00 电=7.99V/2.12A/峰2.93 补余=0.0 IO错=0 倾+0.0 自动3/3
[  424.945] TLM t= 270.6 L1·A@-74 L2·A@-71 L3·A@-75 R1·A@-75 R2·A@-72 R3·A@-69 罐=无罐 泵=0 阀=111111 速=+0,+0,+0.00 电=8.00V/2.28A/峰2.93 补余=0.0 IO错=0 倾+0.0 自动3/3
[  425.449] TLM t= 271.1 L1·A@-74 L2·A@-71 L3·A@-75 R1·A@-75 R2·A@-71 R3·A@-69 罐=无罐 泵=0 阀=111111 速=+0,+0,+0.00 电=7.98V/2.04A/峰2.93 补余=0.0 IO错=0 倾+0.0 自动3/3
[  425.972] TLM t= 271.6 L1·A@-74 L2·A@-71 L3·A@-75 R1·A@-75 R2·A@-71 R3·A@-68 罐=无罐 泵=0 阀=111111 速=+0,+0,+0.00 电=8.00V/2.28A/峰2.93 补余=0.0 IO错=0 倾+0.0 自动3/3
[  426.474] TLM t= 272.1 L1·A@-74 L2·A@-70 L3·A@-74 R1·A@-75 R2·A@-71 R3·A@-67 罐=无罐 泵=0 阀=111111 速=+0,+0,+0.00 电=8.00V/2.20A/峰2.93 补余=0.0 IO错=0 倾+0.0 自动3/3
[  426.995] TLM t= 272.7 L1·A@-74 L2·A@-70 L3·A@-74 R1·A@-75 R2·A@-70 R3·A@-67 罐=无罐 泵=0 阀=111111 速=+0,+0,+0.00 电=7.99V/2.28A/峰2.93 补余=0.0 IO错=0 倾+0.0 自动3/3
[  427.498] TLM t= 273.2 L1·A@-74 L2·A@-69 L3·A@-74 R1·A@-75 R2·A@-70 R3·A@-66 罐=无罐 泵=0 阀=111111 速=+0,+0,+0.00 电=7.96V/2.28A/峰2.93 补余=0.0 IO错=0 倾+0.0 自动3/3
[  428.018] TLM t= 273.7 L1·A@-74 L2·A@-69 L3·A@-74 R1·A@-75 R2·A@-70 R3·A@-66 罐=无罐 泵=0 阀=111111 速=+0,+0,+0.00 电=8.00V/2.28A/峰2.93 补余=0.0 IO错=0 倾+0.0 自动3/3
[  428.312] EVT 原地抬起受理：R2
[  428.332] EVT 相位 R2 stance→handover
[  428.524] TLM t= 275.0 L1·A@-74 L2·A@-69 L3·A@-74 R1·A@-75 R2ZA@-69 R3·A@-65 罐=无罐 泵=0 阀=111111 速=+0,+0,+0.00 电=7.99V/2.12A/峰2.93 补余=0.0 IO错=0 倾+0.0 自动3/3
[  429.045] TLM t= 275.4 L1·A@-73 L2·A@-68 L3·A@-74 R1·A@-75 R2ZA@-69 R3·A@-65 罐=无罐 泵=0 阀=111111 速=+0,+0,+0.00 电=8.00V/2.20A/峰2.93 补余=0.0 IO错=0 倾+0.0 自动3/3
[  429.548] TLM t= 275.4 L1·A@-73 L2·A@-68 L3·A@-74 R1·A@-75 R2ZA@-69 R3·A@-64 罐=无罐 泵=0 阀=111111 速=+0,+0,+0.00 电=8.01V/2.12A/峰2.93 补余=0.0 IO错=0 倾+0.0 自动3/3
[  430.070] TLM t= 275.4 L1·A@-73 L2·A@-68 L3·A@-74 R1·A@-74 R2ZA@-68 R3·A@-64 罐=无罐 泵=0 阀=111111 速=+0,+0,+0.00 电=8.00V/2.12A/峰2.93 补余=0.0 IO错=0 倾+0.0 自动3/3
[  430.516] EVT 吸附 R2 attached→venting 在态106.54s -68.0kPa
[  430.516] EVT 相位 R2 handover→vent 落点Δ(+0.0,+0.0)
[  430.544] EVT 阀 R2 →排气位
[  430.570] TLM t= 275.4 L1·A@-73 L2·A@-67 L3·A@-74 R1·A@-74 R2Vv@-68 R3·A@-63 罐=无罐 泵=0 阀=111101 速=+0,+0,+0.00 电=7.98V/2.20A/峰2.93 补余=0.0 IO错=0 倾+0.0 自动3/3
[  430.817] EVT 相位 R2 vent→lift
[  430.940] EVT 吸附 R2 venting→released 在态0.42s 0.0kPa
[  431.095] TLM t= 275.4 L1·A@-73 L2·A@-67 L3·A@-74 R1·A@-74 R2Lr@-- R3·A@-63 罐=无罐 泵=0 阀=111101 速=+0,+0,+0.00 电=7.97V/2.36A/峰2.93 补余=0.0 IO错=0 倾+0.0 自动3/3
[  431.601] TLM t= 275.4 L1·A@-73 L2·A@-66 L3·A@-74 R1·A@-74 R2Lr@-- R3·A@-62 罐=无罐 泵=0 阀=111101 速=+0,+0,+0.00 电=7.96V/2.36A/峰2.93 补余=0.0 IO错=0 倾+0.0 自动3/3
[  431.664] EVT 相位 R2 lift→transfer
[  432.123] TLM t= 275.4 L1·A@-73 L2·A@-66 L3·A@-73 R1·A@-74 R2Tr@-- R3·A@-61 罐=无罐 泵=0 阀=111101 速=+0,+0,+0.00 电=7.97V/2.52A/峰2.93 补余=0.0 IO错=0 倾+0.0 自动3/3
[  432.296] EVT 相位 R2 transfer→hover
[  432.622] TLM t= 275.4 L1·A@-73 L2·A@-66 L3·A@-73 R1·A@-74 R2Hr@-- R3·A@-61 罐=无罐 泵=0 阀=111101 速=+0,+0,+0.00 电=7.97V/2.52A/峰2.93 补余=0.0 IO错=0 倾+0.0 自动3/3
[  433.150] TLM t= 275.4 L1·A@-72 L2·A@-65 L3·A@-73 R1·A@-74 R2Hr@-- R3·A@-60 罐=无罐 泵=0 阀=111101 速=+0,+0,+0.00 电=7.97V/2.36A/峰2.93 补余=0.0 IO错=0 倾+0.0 自动3/3
[  433.297] EVT 落地：R2
[  433.324] EVT 相位 R2 hover→descend
[  433.402] EVT 泵 开 最差盘压-59.9
[  433.650] TLM t= 275.4 L1·A@-72 L2·A@-65 L3·A@-73 R1·A@-74 R2Dr@-- R3·A@-61 罐=无罐 泵=1 阀=111101 速=+0,+0,+0.00 电=7.91V/2.60A/峰2.93 补余=0.0 IO错=0 倾+0.0 自动3/3
[  433.806] EVT 相位 R2 descend→press
[  434.174] TLM t= 275.4 L1·A@-74 L2·A@-74 L3·A@-74 R1·A@-74 R2Pr@-- R3·A@-74 罐=无罐 泵=1 阀=111101 速=+0,+0,+0.00 电=7.89V/2.44A/峰2.93 补余=0.0 IO错=0 倾+0.0 自动3/3
[  434.348] EVT 泵 停 最差盘压-75.4
[  434.689] TLM t= 275.4 L1·A@-76 L2·A@-76 L3·A@-76 R1·A@-76 R2Pr@-- R3·A@-76 罐=无罐 泵=0 阀=111101 速=+0,+0,+0.00 电=7.96V/2.52A/峰2.93 补余=0.0 IO错=0 倾+0.0 自动3/3
[  435.009] EVT 吸附 R2 released→pressing 在态4.04s 0.0kPa
[  435.010] EVT 相位 R2 press→wait
[  435.196] TLM t= 275.4 L1·A@-76 L2·A@-76 L3·A@-76 R1·A@-76 R2Wp@-- R3·A@-76 罐=无罐 泵=0 阀=111101 速=+0,+0,+0.00 电=7.97V/2.69A/峰2.93 补余=0.0 IO错=0 倾+0.0 自动3/3
[  435.328] EVT 吸附 R2 pressing→sucking 在态0.32s 0.0kPa
[  435.329] EVT 阀 R2 →抽气位
[  435.347] EVT 泵 开 最差盘压-75.5
[  435.627] EVT 吸附 R2 sucking→attached 在态0.30s -68.4kPa
[  435.630] EVT 相位 R2 wait→stance
[  435.630] EVT 抬落完成，轮到 L3
[  435.718] TLM t= 275.5 L1·A@-76 L2·A@-76 L3·A@-76 R1·A@-76 R2·A@-70 R3·A@-75 罐=无罐 泵=1 阀=111111 速=+0,+0,+0.00 电=7.91V/2.36A/峰2.93 补余=0.0 IO错=0 倾+0.0 自动3/3
[  436.069] EVT 泵 停 最差盘压-75.2
[  436.223] TLM t= 276.0 L1·A@-76 L2·A@-76 L3·A@-76 R1·A@-76 R2·A@-75 R3·A@-76 罐=无罐 泵=0 阀=111111 速=+0,+0,+0.00 电=7.96V/2.52A/峰2.93 补余=0.0 IO错=0 倾+0.0 自动3/3
[  436.727] TLM t= 276.5 L1·A@-76 L2·A@-76 L3·A@-76 R1·A@-76 R2·A@-74 R3·A@-75 罐=无罐 泵=0 阀=111111 速=+0,+0,+0.00 电=7.98V/2.36A/峰2.93 补余=0.0 IO错=0 倾+0.0 自动3/3
[  437.253] TLM t= 277.0 L1·A@-76 L2·A@-75 L3·A@-76 R1·A@-76 R2·A@-74 R3·A@-75 罐=无罐 泵=0 阀=111111 速=+0,+0,+0.00 电=7.99V/2.36A/峰2.93 补余=0.0 IO错=0 倾+0.0 自动3/3
[  437.759] TLM t= 277.5 L1·A@-76 L2·A@-75 L3·A@-76 R1·A@-76 R2·A@-73 R3·A@-74 罐=无罐 泵=0 阀=111111 速=+0,+0,+0.00 电=7.97V/2.36A/峰2.93 补余=0.0 IO错=0 倾+0.0 自动3/3
[  438.275] TLM t= 278.0 L1·A@-76 L2·A@-74 L3·A@-76 R1·A@-76 R2·A@-73 R3·A@-73 罐=无罐 泵=0 阀=111111 速=+0,+0,+0.00 电=7.98V/2.36A/峰2.93 补余=0.0 IO错=0 倾+0.0 自动3/3
[  438.777] TLM t= 278.5 L1·A@-76 L2·A@-74 L3·A@-76 R1·A@-75 R2·A@-72 R3·A@-73 罐=无罐 泵=0 阀=111111 速=+0,+0,+0.00 电=7.97V/2.28A/峰2.93 补余=0.0 IO错=0 倾+0.0 自动3/3
[  439.301] TLM t= 279.0 L1·A@-75 L2·A@-74 L3·A@-76 R1·A@-75 R2·A@-72 R3·A@-72 罐=无罐 泵=0 阀=111111 速=+0,+0,+0.00 电=7.98V/2.36A/峰2.93 补余=0.0 IO错=0 倾+0.0 自动3/3
[  439.803] TLM t= 279.5 L1·A@-75 L2·A@-73 L3·A@-76 R1·A@-75 R2·A@-72 R3·A@-72 罐=无罐 泵=0 阀=111111 速=+0,+0,+0.00 电=7.96V/2.20A/峰2.93 补余=0.0 IO错=0 倾+0.0 自动3/3
[  440.326] TLM t= 280.1 L1·A@-75 L2·A@-73 L3·A@-75 R1·A@-75 R2·A@-71 R3·A@-71 罐=无罐 泵=0 阀=111111 速=+0,+0,+0.00 电=7.98V/2.44A/峰2.93 补余=0.0 IO错=0 倾+0.0 自动3/3
[  440.830] TLM t= 280.6 L1·A@-75 L2·A@-72 L3·A@-75 R1·A@-75 R2·A@-71 R3·A@-71 罐=无罐 泵=0 阀=111111 速=+0,+0,+0.00 电=7.98V/2.52A/峰2.93 补余=0.0 IO错=0 倾+0.0 自动3/3
[  441.354] TLM t= 281.1 L1·A@-75 L2·A@-72 L3·A@-75 R1·A@-75 R2·A@-71 R3·A@-70 罐=无罐 泵=0 阀=111111 速=+0,+0,+0.00 电=7.99V/2.28A/峰2.93 补余=0.0 IO错=0 倾+0.0 自动3/3
[  441.862] TLM t= 281.6 L1·A@-75 L2·A@-72 L3·A@-75 R1·A@-75 R2·A@-70 R3·A@-69 罐=无罐 泵=0 阀=111111 速=+0,+0,+0.00 电=7.96V/2.52A/峰2.93 补余=0.0 IO错=0 倾+0.0 自动3/3
[  442.382] TLM t= 282.1 L1·A@-75 L2·A@-71 L3·A@-75 R1·A@-75 R2·A@-70 R3·A@-69 罐=无罐 泵=0 阀=111111 速=+0,+0,+0.00 电=7.97V/2.28A/峰2.93 补余=0.0 IO错=0 倾+0.0 自动3/3
[  442.885] TLM t= 282.6 L1·A@-75 L2·A@-71 L3·A@-75 R1·A@-75 R2·A@-70 R3·A@-68 罐=无罐 泵=0 阀=111111 速=+0,+0,+0.00 电=7.96V/2.36A/峰2.93 补余=0.0 IO错=0 倾+0.0 自动3/3
[  443.409] TLM t= 283.1 L1·A@-75 L2·A@-70 L3·A@-75 R1·A@-75 R2·A@-69 R3·A@-68 罐=无罐 泵=0 阀=111111 速=+0,+0,+0.00 电=7.95V/2.52A/峰2.93 补余=0.0 IO错=0 倾+0.0 自动3/3
[  443.916] TLM t= 283.6 L1·A@-74 L2·A@-70 L3·A@-75 R1·A@-75 R2·A@-69 R3·A@-67 罐=无罐 泵=0 阀=111111 速=+0,+0,+0.00 电=7.98V/2.44A/峰2.93 补余=0.0 IO错=0 倾+0.0 自动3/3
[  444.437] TLM t= 284.1 L1·A@-74 L2·A@-70 L3·A@-75 R1·A@-75 R2·A@-69 R3·A@-67 罐=无罐 泵=0 阀=111111 速=+0,+0,+0.00 电=7.96V/2.36A/峰2.93 补余=0.0 IO错=0 倾+0.0 自动3/3
[  444.938] TLM t= 284.6 L1·A@-74 L2·A@-69 L3·A@-75 R1·A@-75 R2·A@-68 R3·A@-66 罐=无罐 泵=0 阀=111111 速=+0,+0,+0.00 电=7.99V/2.28A/峰2.93 补余=0.0 IO错=0 倾+0.0 自动3/3
[  445.461] TLM t= 285.2 L1·A@-74 L2·A@-69 L3·A@-75 R1·A@-75 R2·A@-68 R3·A@-65 罐=无罐 泵=0 阀=111111 速=+0,+0,+0.00 电=7.98V/2.28A/峰2.93 补余=0.0 IO错=0 倾+0.0 自动3/3
[  445.655] EVT 原地抬起受理：L3
[  445.667] EVT 相位 L3 stance→handover
[  445.969] TLM t= 286.5 L1·A@-74 L2·A@-68 L3ZA@-75 R1·A@-75 R2·A@-68 R3·A@-65 罐=无罐 泵=0 阀=111111 速=+0,+0,+0.00 电=8.00V/1.87A/峰2.93 补余=0.0 IO错=0 倾+0.0 自动3/3
[  446.487] TLM t= 286.8 L1·A@-74 L2·A@-68 L3ZA@-75 R1·A@-75 R2·A@-67 R3·A@-64 罐=无罐 泵=0 阀=111111 速=+0,+0,+0.00 电=8.00V/1.87A/峰2.93 补余=0.0 IO错=0 倾+0.0 自动3/3
[  446.993] TLM t= 286.8 L1·A@-74 L2·A@-68 L3ZA@-74 R1·A@-75 R2·A@-67 R3·A@-64 罐=无罐 泵=0 阀=111111 速=+0,+0,+0.00 电=8.00V/2.04A/峰2.93 补余=0.0 IO错=0 倾+0.0 自动3/3
[  447.512] TLM t= 286.8 L1·A@-74 L2·A@-67 L3ZA@-74 R1·A@-75 R2·A@-67 R3·A@-63 罐=无罐 泵=0 阀=111111 速=+0,+0,+0.00 电=8.00V/2.04A/峰2.93 补余=0.0 IO错=0 倾+0.0 自动3/3
[  448.016] TLM t= 286.8 L1·A@-74 L2·A@-67 L3ZA@-74 R1·A@-75 R2·A@-66 R3·A@-63 罐=无罐 泵=0 阀=111111 速=+0,+0,+0.00 电=8.01V/1.95A/峰2.93 补余=0.0 IO错=0 倾+0.0 自动3/3
[  448.538] TLM t= 286.8 L1·A@-74 L2·A@-67 L3ZA@-74 R1·A@-75 R2·A@-66 R3·A@-62 罐=无罐 泵=0 阀=111111 速=+0,+0,+0.00 电=7.99V/2.12A/峰2.93 补余=0.0 IO错=0 倾+0.0 自动3/3
[  448.563] EVT 吸附 L3 attached→venting 在态106.54s -74.1kPa
[  448.564] EVT 相位 L3 handover→vent 落点Δ(+0.0,+0.0)
[  448.589] EVT 阀 L3 →排气位
[  448.864] EVT 相位 L3 vent→lift
[  448.987] EVT 吸附 L3 venting→released 在态0.42s 0.1kPa
[  449.042] TLM t= 286.8 L1·A@-74 L2·A@-66 L3Lr@-- R1·A@-75 R2·A@-66 R3·A@-62 罐=无罐 泵=0 阀=110111 速=+0,+0,+0.00 电=7.99V/2.12A/峰2.93 补余=0.0 IO错=0 倾+0.0 自动3/3
[  449.563] TLM t= 286.8 L1·A@-73 L2·A@-66 L3Lr@-- R1·A@-75 R2·A@-65 R3·A@-61 罐=无罐 泵=0 阀=110111 速=+0,+0,+0.00 电=7.96V/2.20A/峰2.93 补余=0.0 IO错=0 倾+0.0 自动3/3
[  449.709] EVT 相位 L3 lift→transfer
[  450.067] TLM t= 286.8 L1·A@-73 L2·A@-66 L3Tr@-- R1·A@-74 R2·A@-65 R3·A@-61 罐=无罐 泵=0 阀=110111 速=+0,+0,+0.00 电=7.98V/1.95A/峰2.93 补余=0.0 IO错=0 倾+0.0 自动3/3
[  450.336] EVT 相位 L3 transfer→hover
[  450.540] EVT 泵 开 最差盘压-60.0
[  450.586] TLM t= 286.8 L1·A@-73 L2·A@-65 L3Hr@-- R1·A@-74 R2·A@-65 R3·A@-60 罐=无罐 泵=1 阀=110111 速=+0,+0,+0.00 电=7.88V/2.20A/峰2.93 补余=0.0 IO错=0 倾+0.0 自动3/3
[  451.091] TLM t= 286.8 L1·A@-73 L2·A@-71 L3Hr@-- R1·A@-74 R2·A@-71 R3·A@-71 罐=无罐 泵=1 阀=110111 速=+0,+0,+0.00 电=7.95V/2.04A/峰2.93 补余=0.0 IO错=0 倾+0.0 自动3/3
[  451.360] EVT 落地：L3
[  451.383] EVT 相位 L3 hover→descend
[  451.480] EVT 泵 停 最差盘压-75.2
[  451.608] TLM t= 286.8 L1·A@-76 L2·A@-77 L3Dr@-- R1·A@-76 R2·A@-76 R3·A@-76 罐=无罐 泵=0 阀=110111 速=+0,+0,+0.00 电=7.98V/2.04A/峰2.93 补余=0.0 IO错=0 倾+0.0 自动3/3
[  451.864] EVT 相位 L3 descend→press
[  452.115] TLM t= 286.8 L1·A@-76 L2·A@-76 L3Pr@-- R1·A@-76 R2·A@-76 R3·A@-76 罐=无罐 泵=0 阀=110111 速=+0,+0,+0.00 电=7.99V/2.04A/峰2.93 补余=0.0 IO错=0 倾+0.0 自动3/3
[  452.634] TLM t= 286.8 L1·A@-76 L2·A@-76 L3Pr@-- R1·A@-76 R2·A@-75 R3·A@-75 罐=无罐 泵=0 阀=110111 速=+0,+0,+0.00 电=7.97V/2.28A/峰2.93 补余=0.0 IO错=0 倾+0.0 自动3/3
[  453.071] EVT 吸附 L3 released→pressing 在态4.06s 0.1kPa
[  453.071] EVT 相位 L3 press→wait
[  453.141] TLM t= 286.8 L1·A@-76 L2·A@-75 L3Wp@-- R1·A@-76 R2·A@-75 R3·A@-75 罐=无罐 泵=0 阀=110111 速=+0,+0,+0.00 电=7.98V/1.95A/峰2.93 补余=0.0 IO错=0 倾+0.0 自动3/3
[  453.384] EVT 吸附 L3 pressing→sucking 在态0.32s 0.1kPa
[  453.385] EVT 阀 L3 →抽气位
[  453.412] EVT 泵 开 最差盘压-74.2
[  453.661] TLM t= 286.8 L1·A@-76 L2·A@-75 L3Ws@-56 R1·A@-76 R2·A@-75 R3·A@-74 罐=无罐 泵=1 阀=111111 速=+0,+0,+0.00 电=7.95V/2.12A/峰2.93 补余=0.0 IO错=0 倾+0.0 自动3/3
[  453.686] EVT 吸附 L3 sucking→attached 在态0.30s -55.6kPa
[  453.687] EVT 相位 L3 wait→stance
[  453.687] EVT 抬落完成，轮到 R1
[  454.164] TLM t= 287.3 L1·A@-76 L2·A@-75 L3·A@-75 R1·A@-75 R2·A@-75 R3·A@-75 罐=无罐 泵=1 阀=111111 速=+0,+0,+0.00 电=7.91V/2.28A/峰2.93 补余=0.0 IO错=0 倾+0.0 自动3/3
[  454.216] EVT 泵 停 最差盘压-75.3
[  454.686] TLM t= 287.8 L1·A@-76 L2·A@-76 L3·A@-76 R1·A@-75 R2·A@-76 R3·A@-76 罐=无罐 泵=0 阀=111111 速=+0,+0,+0.00 电=7.98V/2.12A/峰2.93 补余=0.0 IO错=0 倾+0.0 自动3/3
[  455.189] TLM t= 288.3 L1·A@-76 L2·A@-75 L3·A@-75 R1·A@-75 R2·A@-75 R3·A@-75 罐=无罐 泵=0 阀=111111 速=+0,+0,+0.00 电=7.97V/2.20A/峰2.93 补余=0.0 IO错=0 倾+0.0 自动3/3
[  455.713] TLM t= 288.8 L1·A@-76 L2·A@-75 L3·A@-75 R1·A@-75 R2·A@-75 R3·A@-74 罐=无罐 泵=0 阀=111111 速=+0,+0,+0.00 电=7.97V/2.28A/峰2.93 补余=0.0 IO错=0 倾+0.0 自动3/3
[  456.214] TLM t= 289.3 L1·A@-76 L2·A@-75 L3·A@-75 R1·A@-75 R2·A@-74 R3·A@-74 罐=无罐 泵=0 阀=111111 速=+0,+0,+0.00 电=7.98V/2.12A/峰2.93 补余=0.0 IO错=0 倾+0.0 自动3/3
[  456.737] TLM t= 289.8 L1·A@-75 L2·A@-74 L3·A@-75 R1·A@-75 R2·A@-74 R3·A@-73 罐=无罐 泵=0 阀=111111 速=+0,+0,+0.00 电=7.97V/2.04A/峰2.93 补余=0.0 IO错=0 倾+0.0 自动3/3
[  457.240] TLM t= 290.3 L1·A@-75 L2·A@-74 L3·A@-75 R1·A@-75 R2·A@-74 R3·A@-73 罐=无罐 泵=0 阀=111111 速=+0,+0,+0.00 电=7.98V/2.12A/峰2.93 补余=0.0 IO错=0 倾+0.0 自动3/3
[  457.761] TLM t= 290.8 L1·A@-75 L2·A@-73 L3·A@-74 R1·A@-75 R2·A@-73 R3·A@-72 罐=无罐 泵=0 阀=111111 速=+0,+0,+0.00 电=7.98V/2.20A/峰2.93 补余=0.0 IO错=0 倾+0.0 自动3/3
[  458.268] TLM t= 291.3 L1·A@-75 L2·A@-73 L3·A@-74 R1·A@-75 R2·A@-73 R3·A@-72 罐=无罐 泵=0 阀=111111 速=+0,+0,+0.00 电=7.99V/2.12A/峰2.93 补余=0.0 IO错=0 倾+0.0 自动3/3
[  458.787] TLM t= 291.9 L1·A@-75 L2·A@-73 L3·A@-74 R1·A@-75 R2·A@-73 R3·A@-71 罐=无罐 泵=0 阀=111111 速=+0,+0,+0.00 电=8.00V/2.04A/峰2.93 补余=0.0 IO错=0 倾+0.0 自动3/3
[  459.290] TLM t= 292.4 L1·A@-75 L2·A@-72 L3·A@-74 R1·A@-75 R2·A@-72 R3·A@-70 罐=无罐 泵=0 阀=111111 速=+0,+0,+0.00 电=7.99V/2.04A/峰2.93 补余=0.0 IO错=0 倾+0.0 自动3/3
[  459.809] TLM t= 292.9 L1·A@-75 L2·A@-72 L3·A@-74 R1·A@-75 R2·A@-72 R3·A@-70 罐=无罐 泵=0 阀=111111 速=+0,+0,+0.00 电=7.99V/2.20A/峰2.93 补余=0.0 IO错=0 倾+0.0 自动3/3
[  460.314] TLM t= 293.4 L1·A@-75 L2·A@-71 L3·A@-74 R1·A@-75 R2·A@-72 R3·A@-69 罐=无罐 泵=0 阀=111111 速=+0,+0,+0.00 电=7.99V/2.20A/峰2.93 补余=0.0 IO错=0 倾+0.0 自动3/3
[  460.842] TLM t= 293.9 L1·A@-75 L2·A@-71 L3·A@-74 R1·A@-75 R2·A@-71 R3·A@-69 罐=无罐 泵=0 阀=111111 速=+0,+0,+0.00 电=8.00V/2.28A/峰2.93 补余=0.0 IO错=0 倾+0.0 自动3/3
[  461.344] TLM t= 294.4 L1·A@-75 L2·A@-71 L3·A@-73 R1·A@-75 R2·A@-71 R3·A@-68 罐=无罐 泵=0 阀=111111 速=+0,+0,+0.00 电=8.00V/2.20A/峰2.93 补余=0.0 IO错=0 倾+0.0 自动3/3
[  461.867] TLM t= 294.9 L1·A@-74 L2·A@-70 L3·A@-73 R1·A@-74 R2·A@-71 R3·A@-68 罐=无罐 泵=0 阀=111111 速=+0,+0,+0.00 电=7.99V/2.20A/峰2.93 补余=0.0 IO错=0 倾+0.0 自动3/3
[  462.370] TLM t= 295.4 L1·A@-74 L2·A@-70 L3·A@-73 R1·A@-74 R2·A@-70 R3·A@-67 罐=无罐 泵=0 阀=111111 速=+0,+0,+0.00 电=7.99V/2.04A/峰2.93 补余=0.0 IO错=0 倾+0.0 自动3/3
[  462.892] TLM t= 295.9 L1·A@-74 L2·A@-69 L3·A@-73 R1·A@-74 R2·A@-70 R3·A@-67 罐=无罐 泵=0 阀=111111 速=+0,+0,+0.00 电=7.99V/2.12A/峰2.93 补余=0.0 IO错=0 倾+0.0 自动3/3
[  463.400] TLM t= 296.4 L1·A@-74 L2·A@-69 L3·A@-73 R1·A@-74 R2·A@-70 R3·A@-66 罐=无罐 泵=0 阀=111111 速=+0,+0,+0.00 电=7.97V/2.12A/峰2.93 补余=0.0 IO错=0 倾+0.0 自动3/3
[  463.702] EVT 原地抬起受理：R1
[  463.730] EVT 相位 R1 stance→handover
[  463.920] TLM t= 297.8 L1·A@-74 L2·A@-69 L3·A@-73 R1ZA@-74 R2·A@-69 R3·A@-65 罐=无罐 泵=0 阀=111111 速=+0,+0,+0.00 电=7.98V/1.87A/峰2.93 补余=0.0 IO错=0 倾+0.0 自动3/3
[  464.430] TLM t= 298.2 L1·A@-74 L2·A@-68 L3·A@-73 R1ZA@-74 R2·A@-69 R3·A@-65 罐=无罐 泵=0 阀=111111 速=+0,+0,+0.00 电=8.02V/1.71A/峰2.93 补余=0.0 IO错=0 倾+0.0 自动3/3
[  464.949] TLM t= 298.2 L1·A@-74 L2·A@-68 L3·A@-72 R1ZA@-74 R2·A@-69 R3·A@-64 罐=无罐 泵=0 阀=111111 速=+0,+0,+0.00 电=8.01V/1.79A/峰2.93 补余=0.0 IO错=0 倾+0.0 自动3/3
[  465.453] TLM t= 298.2 L1·A@-74 L2·A@-67 L3·A@-72 R1ZA@-74 R2·A@-68 R3·A@-64 罐=无罐 泵=0 阀=111111 速=+0,+0,+0.00 电=8.01V/1.87A/峰2.93 补余=0.0 IO错=0 倾+0.0 自动3/3
[  465.973] TLM t= 298.2 L1·A@-74 L2·A@-67 L3·A@-72 R1ZA@-74 R2·A@-68 R3·A@-63 罐=无罐 泵=0 阀=111111 速=+0,+0,+0.00 电=8.01V/1.87A/峰2.93 补余=0.0 IO错=0 倾+0.0 自动3/3
[  466.475] TLM t= 298.2 L1·A@-74 L2·A@-67 L3·A@-72 R1ZA@-74 R2·A@-68 R3·A@-63 罐=无罐 泵=0 阀=111111 速=+0,+0,+0.00 电=8.00V/2.04A/峰2.93 补余=0.0 IO错=0 倾+0.0 自动3/3
[  466.997] TLM t= 298.2 L1·A@-74 L2·A@-66 L3·A@-72 R1ZA@-74 R2·A@-68 R3·A@-62 罐=无罐 泵=0 阀=111111 速=+0,+0,+0.00 电=7.99V/2.28A/峰2.93 补余=0.0 IO错=0 倾+0.0 自动3/3
[  467.023] EVT 吸附 R1 attached→venting 在态106.48s -73.9kPa
[  467.023] EVT 相位 R1 handover→vent 落点Δ(+0.0,+0.0)
[  467.048] EVT 阀 R1 →排气位
[  467.324] EVT 相位 R1 vent→lift
[  467.446] EVT 吸附 R1 venting→released 在态0.42s -0.1kPa
[  467.499] TLM t= 298.2 L1·A@-73 L2·A@-66 L3·A@-72 R1Lr@-- R2·A@-67 R3·A@-62 罐=无罐 泵=0 阀=111011 速=+0,+0,+0.00 电=7.97V/2.28A/峰2.93 补余=0.0 IO错=0 倾+0.0 自动3/3
[  468.022] TLM t= 298.2 L1·A@-73 L2·A@-66 L3·A@-72 R1Lr@-- R2·A@-67 R3·A@-61 罐=无罐 泵=0 阀=111011 速=+0,+0,+0.00 电=7.96V/2.20A/峰2.93 补余=0.0 IO错=0 倾+0.0 自动3/3
[  468.168] EVT 相位 R1 lift→transfer
[  468.524] TLM t= 298.2 L1·A@-73 L2·A@-65 L3·A@-72 R1Tr@-- R2·A@-67 R3·A@-61 罐=无罐 泵=0 阀=111011 速=+0,+0,+0.00 电=7.97V/2.12A/峰2.93 补余=0.0 IO错=0 倾+0.0 自动3/3
[  468.795] EVT 相位 R1 transfer→hover
[  469.044] TLM t= 298.2 L1·A@-73 L2·A@-65 L3·A@-72 R1Hr@-- R2·A@-66 R3·A@-60 罐=无罐 泵=0 阀=111011 速=+0,+0,+0.00 电=7.98V/2.04A/峰2.93 补余=0.0 IO错=0 倾+0.0 自动3/3
[  469.360] EVT 泵 开 最差盘压-59.9
[  469.551] TLM t= 298.2 L1·A@-73 L2·A@-64 L3·A@-72 R1Hr@-- R2·A@-66 R3·A@-60 罐=无罐 泵=1 阀=111011 速=+0,+0,+0.00 电=7.89V/2.20A/峰2.93 补余=0.0 IO错=0 倾+0.0 自动3/3
[  469.819] EVT 落地：R1
[  469.842] EVT 相位 R1 hover→descend
[  470.068] TLM t= 298.2 L1·A@-73 L2·A@-73 L3·A@-73 R1Dr@-- R2·A@-73 R3·A@-73 罐=无罐 泵=1 阀=111011 速=+0,+0,+0.00 电=7.95V/2.04A/峰2.93 补余=0.0 IO错=0 倾+0.0 自动3/3
[  470.300] EVT 泵 停 最差盘压-75.2
[  470.323] EVT 相位 R1 descend→press
[  470.573] TLM t= 298.2 L1·A@-76 L2·A@-76 L3·A@-76 R1Pr@-- R2·A@-76 R3·A@-76 罐=无罐 泵=0 阀=111011 速=+0,+0,+0.00 电=7.97V/2.20A/峰2.93 补余=0.0 IO错=0 倾+0.0 自动3/3
[  471.090] TLM t= 298.2 L1·A@-76 L2·A@-76 L3·A@-76 R1Pr@-- R2·A@-75 R3·A@-75 罐=无罐 泵=0 阀=111011 速=+0,+0,+0.00 电=7.97V/2.20A/峰2.93 补余=0.0 IO错=0 倾+0.0 自动3/3
[  471.525] EVT 吸附 R1 released→pressing 在态4.06s -0.1kPa
[  471.526] EVT 相位 R1 press→wait
[  471.594] TLM t= 298.2 L1·A@-76 L2·A@-75 L3·A@-76 R1Wp@-- R2·A@-75 R3·A@-75 罐=无罐 泵=0 阀=111011 速=+0,+0,+0.00 电=7.93V/2.20A/峰2.93 补余=0.0 IO错=0 倾+0.0 自动3/3
[  471.839] EVT 吸附 R1 pressing→sucking 在态0.32s -0.1kPa
[  471.840] EVT 阀 R1 →抽气位
[  471.867] EVT 泵 开 最差盘压-74.4
[  472.117] TLM t= 298.2 L1·A@-76 L2·A@-75 L3·A@-76 R1Ws@-65 R2·A@-74 R3·A@-74 罐=无罐 泵=1 阀=111111 速=+0,+0,+0.00 电=7.94V/2.28A/峰2.93 补余=0.0 IO错=0 倾+0.0 自动3/3
[  472.202] EVT 吸附 R1 sucking→attached 在态0.36s -67.7kPa
[  472.203] EVT 相位 R1 wait→stance
[  472.203] EVT 抬落完成，轮到 L2
[  472.531] EVT 泵 停 最差盘压-75.1
[  472.620] TLM t= 298.6 L1·A@-76 L2·A@-76 L3·A@-76 R1·A@-76 R2·A@-76 R3·A@-76 罐=无罐 泵=0 阀=111111 速=+0,+0,+0.00 电=7.98V/2.28A/峰2.93 补余=0.0 IO错=0 倾+0.0 自动3/3
[  473.141] TLM t= 299.1 L1·A@-76 L2·A@-76 L3·A@-76 R1·A@-76 R2·A@-76 R3·A@-76 罐=无罐 泵=0 阀=111111 速=+0,+0,+0.00 电=7.98V/2.20A/峰2.93 补余=0.0 IO错=0 倾+0.0 自动3/3
[  473.647] TLM t= 299.6 L1·A@-76 L2·A@-76 L3·A@-76 R1·A@-75 R2·A@-75 R3·A@-75 罐=无罐 泵=0 阀=111111 速=+0,+0,+0.00 电=7.98V/2.20A/峰2.93 补余=0.0 IO错=0 倾+0.0 自动3/3
[  474.169] TLM t= 300.1 L1·A@-76 L2·A@-75 L3·A@-76 R1·A@-75 R2·A@-75 R3·A@-74 罐=无罐 泵=0 阀=111111 速=+0,+0,+0.00 电=7.98V/2.12A/峰2.93 补余=0.0 IO错=0 倾+0.0 自动3/3
[  474.670] TLM t= 300.6 L1·A@-76 L2·A@-75 L3·A@-76 R1·A@-75 R2·A@-74 R3·A@-74 罐=无罐 泵=0 阀=111111 速=+0,+0,+0.00 电=7.99V/2.12A/峰2.93 补余=0.0 IO错=0 倾+0.0 自动3/3
[  475.194] TLM t= 301.2 L1·A@-76 L2·A@-74 L3·A@-76 R1·A@-75 R2·A@-74 R3·A@-73 罐=无罐 泵=0 阀=111111 速=+0,+0,+0.00 电=7.98V/2.20A/峰2.93 补余=0.0 IO错=0 倾+0.0 自动3/3
[  475.698] TLM t= 301.7 L1·A@-76 L2·A@-74 L3·A@-76 R1·A@-75 R2·A@-74 R3·A@-73 罐=无罐 泵=0 阀=111111 速=+0,+0,+0.00 电=7.98V/2.20A/峰2.93 补余=0.0 IO错=0 倾+0.0 自动3/3
[  476.219] TLM t= 302.2 L1·A@-75 L2·A@-73 L3·A@-76 R1·A@-75 R2·A@-73 R3·A@-72 罐=无罐 泵=0 阀=111111 速=+0,+0,+0.00 电=7.98V/2.12A/峰2.93 补余=0.0 IO错=0 倾+0.0 自动3/3
[  476.722] TLM t= 302.7 L1·A@-75 L2·A@-73 L3·A@-76 R1·A@-75 R2·A@-73 R3·A@-72 罐=无罐 泵=0 阀=111111 速=+0,+0,+0.00 电=7.98V/2.28A/峰2.93 补余=0.0 IO错=0 倾+0.0 自动3/3
[  477.243] TLM t= 303.2 L1·A@-75 L2·A@-73 L3·A@-75 R1·A@-75 R2·A@-73 R3·A@-71 罐=无罐 泵=0 阀=111111 速=+0,+0,+0.00 电=7.98V/2.28A/峰2.93 补余=0.0 IO错=0 倾+0.0 自动3/3
[  477.749] TLM t= 303.7 L1·A@-75 L2·A@-72 L3·A@-75 R1·A@-75 R2·A@-72 R3·A@-70 罐=无罐 泵=0 阀=111111 速=+0,+0,+0.00 电=7.97V/2.04A/峰2.93 补余=0.0 IO错=0 倾+0.0 自动3/3
[  478.270] TLM t= 304.2 L1·A@-75 L2·A@-72 L3·A@-75 R1·A@-75 R2·A@-72 R3·A@-70 罐=无罐 泵=0 阀=111111 速=+0,+0,+0.00 电=7.97V/1.95A/峰2.93 补余=0.0 IO错=0 倾+0.0 自动3/3
[  478.772] TLM t= 304.7 L1·A@-75 L2·A@-71 L3·A@-75 R1·A@-75 R2·A@-72 R3·A@-69 罐=无罐 泵=0 阀=111111 速=+0,+0,+0.00 电=7.98V/2.12A/峰2.93 补余=0.0 IO错=0 倾+0.0 自动3/3
[  479.297] TLM t= 305.2 L1·A@-75 L2·A@-71 L3·A@-75 R1·A@-75 R2·A@-71 R3·A@-69 罐=无罐 泵=0 阀=111111 速=+0,+0,+0.00 电=7.98V/2.28A/峰2.93 补余=0.0 IO错=0 倾+0.0 自动3/3
[  479.804] TLM t= 305.7 L1·A@-75 L2·A@-71 L3·A@-75 R1·A@-75 R2·A@-71 R3·A@-68 罐=无罐 泵=0 阀=111111 速=+0,+0,+0.00 电=7.96V/2.20A/峰2.93 补余=0.0 IO错=0 倾+0.0 自动3/3
[  480.326] TLM t= 306.3 L1·A@-75 L2·A@-70 L3·A@-75 R1·A@-75 R2·A@-71 R3·A@-68 罐=无罐 泵=0 阀=111111 速=+0,+0,+0.00 电=7.97V/2.20A/峰2.93 补余=0.0 IO错=0 倾+0.0 自动3/3
[  480.830] TLM t= 306.8 L1·A@-75 L2·A@-70 L3·A@-75 R1·A@-74 R2·A@-70 R3·A@-67 罐=无罐 泵=0 阀=111111 速=+0,+0,+0.00 电=7.98V/2.12A/峰2.93 补余=0.0 IO错=0 倾+0.0 自动3/3
[  481.355] TLM t= 307.3 L1·A@-74 L2·A@-70 L3·A@-75 R1·A@-74 R2·A@-70 R3·A@-67 罐=无罐 泵=0 阀=111111 速=+0,+0,+0.00 电=7.98V/2.12A/峰2.93 补余=0.0 IO错=0 倾+0.0 自动3/3
[  481.857] TLM t= 307.8 L1·A@-74 L2·A@-69 L3·A@-75 R1·A@-74 R2·A@-70 R3·A@-66 罐=无罐 泵=0 阀=111111 速=+0,+0,+0.00 电=7.98V/2.28A/峰2.93 补余=0.0 IO错=0 倾+0.0 自动3/3
[  482.223] EVT 原地抬起受理：L2
[  482.251] EVT 相位 L2 stance→handover
[  482.380] TLM t= 309.1 L1·A@-74 L2ZA@-69 L3·A@-75 R1·A@-74 R2·A@-69 R3·A@-65 罐=无罐 泵=0 阀=111111 速=+0,+0,+0.00 电=7.96V/1.95A/峰2.93 补余=0.0 IO错=0 倾+0.0 自动3/3
[  482.884] TLM t= 309.6 L1·A@-74 L2ZA@-68 L3·A@-75 R1·A@-74 R2·A@-69 R3·A@-65 罐=无罐 泵=0 阀=111111 速=+0,+0,+0.00 电=7.97V/2.20A/峰2.93 补余=0.0 IO错=0 倾+0.0 自动3/3
[  483.404] TLM t= 309.6 L1·A@-74 L2ZA@-68 L3·A@-74 R1·A@-74 R2·A@-69 R3·A@-64 罐=无罐 泵=0 阀=111111 速=+0,+0,+0.00 电=7.98V/2.28A/峰2.93 补余=0.0 IO错=0 倾+0.0 自动3/3
[  483.908] TLM t= 309.6 L1·A@-74 L2ZA@-68 L3·A@-74 R1·A@-74 R2·A@-68 R3·A@-64 罐=无罐 泵=0 阀=111111 速=+0,+0,+0.00 电=7.98V/2.28A/峰2.93 补余=0.0 IO错=0 倾+0.0 自动3/3
[  484.430] TLM t= 309.6 L1·A@-74 L2ZA@-67 L3·A@-74 R1·A@-74 R2·A@-68 R3·A@-63 罐=无罐 泵=0 阀=111111 速=+0,+0,+0.00 电=7.97V/2.28A/峰2.93 补余=0.0 IO错=0 倾+0.0 自动3/3
[  484.638] EVT 吸附 L2 attached→venting 在态106.54s -67.0kPa
[  484.638] EVT 相位 L2 handover→vent 落点Δ(+0.0,+0.0)
[  484.666] EVT 阀 L2 →排气位
[  484.931] TLM t= 309.6 L1·A@-74 L2Vv@-67 L3·A@-74 R1·A@-74 R2·A@-68 R3·A@-63 罐=无罐 泵=0 阀=101111 速=+0,+0,+0.00 电=7.94V/2.28A/峰2.93 补余=0.0 IO错=0 倾+0.0 自动3/3
[  484.939] EVT 相位 L2 vent→lift
[  485.062] EVT 吸附 L2 venting→released 在态0.42s 0.3kPa
[  485.456] TLM t= 309.6 L1·A@-74 L2Lr@-- L3·A@-74 R1·A@-74 R2·A@-68 R3·A@-62 罐=无罐 泵=0 阀=101111 速=+0,+0,+0.00 电=7.93V/2.44A/峰2.93 补余=0.0 IO错=0 倾+0.0 自动3/3
[  485.782] EVT 相位 L2 lift→transfer
[  485.957] TLM t= 309.6 L1·A@-74 L2Tr@-- L3·A@-74 R1·A@-74 R2·A@-67 R3·A@-62 罐=无罐 泵=0 阀=101111 速=+0,+0,+0.00 电=7.94V/2.69A/峰2.93 补余=0.0 IO错=0 倾+0.0 自动3/3
[  486.412] EVT 相位 L2 transfer→hover
[  486.479] TLM t= 309.6 L1·A@-74 L2Hr@-- L3·A@-74 R1·A@-74 R2·A@-67 R3·A@-61 罐=无罐 泵=0 阀=101111 速=+0,+0,+0.00 电=7.94V/2.36A/峰2.93 补余=0.0 IO错=0 倾+0.0 自动3/3
[  486.995] TLM t= 309.6 L1·A@-73 L2Hr@-- L3·A@-74 R1·A@-74 R2·A@-67 R3·A@-61 罐=无罐 泵=0 阀=101111 速=+0,+0,+0.00 电=7.95V/2.44A/峰2.93 补余=0.0 IO错=0 倾+0.0 自动3/3
[  487.434] EVT 落地：L2
[  487.452] EVT 相位 L2 hover→descend
[  487.503] TLM t= 309.6 L1·A@-73 L2Dr@-- L3·A@-74 R1·A@-74 R2·A@-66 R3·A@-60 罐=无罐 泵=0 阀=101111 速=+0,+0,+0.00 电=7.95V/2.44A/峰2.93 补余=0.0 IO错=0 倾+0.0 自动3/3
[  487.634] EVT 泵 开 最差盘压-59.9
[  487.935] EVT 相位 L2 descend→press
[  488.002] TLM t= 309.6 L1·A@-73 L2Pr@-- L3·A@-74 R1·A@-74 R2·A@-66 R3·A@-66 罐=无罐 泵=1 阀=101111 速=+0,+0,+0.00 电=7.88V/2.28A/峰2.93 补余=0.0 IO错=0 倾+0.0 自动3/3
[  488.519] EVT 泵 停 最差盘压-75.2
[  488.528] TLM t= 309.6 L1·A@-76 L2Pr@-- L3·A@-76 R1·A@-75 R2·A@-76 R3·A@-75 罐=无罐 泵=0 阀=101111 速=+0,+0,+0.00 电=7.92V/2.52A/峰2.93 补余=0.0 IO错=0 倾+0.0 自动3/3
[  489.047] TLM t= 309.6 L1·A@-76 L2Pr@-- L3·A@-76 R1·A@-76 R2·A@-76 R3·A@-76 罐=无罐 泵=0 阀=101111 速=+0,+0,+0.00 电=7.92V/2.60A/峰2.93 补余=0.0 IO错=0 倾+0.0 自动3/3
[  489.138] EVT 吸附 L2 released→pressing 在态4.06s 0.3kPa
[  489.139] EVT 相位 L2 press→wait
[  489.454] EVT 吸附 L2 pressing→sucking 在态0.32s 0.3kPa
[  489.454] EVT 阀 L2 →抽气位
[  489.482] EVT 泵 开 最差盘压-75.3
[  489.550] TLM t= 309.6 L1·A@-76 L2Ws@-49 L3·A@-76 R1·A@-76 R2·A@-75 R3·A@-75 罐=无罐 泵=1 阀=111111 速=+0,+0,+0.00 电=7.89V/2.44A/峰2.93 补余=0.0 IO错=0 倾+0.0 自动3/3
[  489.755] EVT 吸附 L2 sucking→attached 在态0.30s -66.6kPa
[  489.755] EVT 相位 L2 wait→stance
[  489.755] EVT 抬落完成，轮到 R3
[  489.755] EVT 自动轮换：第 3 轮完成
[  490.054] TLM t= 309.9 L1·A@-76 L2·A@-75 L3·A@-76 R1·A@-76 R2·A@-75 R3·A@-75 罐=无罐 泵=1 阀=111111 速=+0,+0,+0.00 电=7.91V/2.36A/峰2.93 补余=0.0 IO错=0 倾+0.0 自动3/3
[  490.104] EVT 泵 停 最差盘压-75.4
[  490.574] TLM t= 310.4 L1·A@-76 L2·A@-76 L3·A@-76 R1·A@-76 R2·A@-76 R3·A@-76 罐=无罐 泵=0 阀=111111 速=+0,+0,+0.00 电=7.96V/2.52A/峰2.93 补余=0.0 IO错=0 倾+0.0 自动3/3
[  491.082] TLM t= 310.9 L1·A@-76 L2·A@-75 L3·A@-76 R1·A@-76 R2·A@-75 R3·A@-75 罐=无罐 泵=0 阀=111111 速=+0,+0,+0.00 电=7.95V/2.44A/峰2.93 补余=0.0 IO错=0 倾+0.0 自动3/3
[  491.608] TLM t= 311.4 L1·A@-76 L2·A@-75 L3·A@-76 R1·A@-75 R2·A@-75 R3·A@-75 罐=无罐 泵=0 阀=111111 速=+0,+0,+0.00 电=7.96V/2.44A/峰2.93 补余=0.0 IO错=0 倾+0.0 自动3/3
[  492.113] TLM t= 311.9 L1·A@-76 L2·A@-74 L3·A@-76 R1·A@-75 R2·A@-75 R3·A@-74 罐=无罐 泵=0 阀=111111 速=+0,+0,+0.00 电=7.93V/2.44A/峰2.93 补余=0.0 IO错=0 倾+0.0 自动3/3
[  492.631] TLM t= 312.4 L1·A@-76 L2·A@-74 L3·A@-76 R1·A@-75 R2·A@-74 R3·A@-73 罐=无罐 泵=0 阀=111111 速=+0,+0,+0.00 电=7.97V/2.44A/峰2.93 补余=0.0 IO错=0 倾+0.0 自动3/3
[  493.135] TLM t= 312.9 L1·A@-76 L2·A@-74 L3·A@-76 R1·A@-75 R2·A@-74 R3·A@-73 罐=无罐 泵=0 阀=111111 速=+0,+0,+0.00 电=7.95V/2.36A/峰2.93 补余=0.0 IO错=0 倾+0.0 自动3/3
[  493.656] TLM t= 313.5 L1·A@-75 L2·A@-73 L3·A@-76 R1·A@-75 R2·A@-74 R3·A@-72 罐=无罐 泵=0 阀=111111 速=+0,+0,+0.00 电=7.95V/2.36A/峰2.93 补余=0.0 IO错=0 倾+0.0 自动3/3
[  494.161] TLM t= 314.0 L1·A@-75 L2·A@-73 L3·A@-76 R1·A@-75 R2·A@-73 R3·A@-72 罐=无罐 泵=0 阀=111111 速=+0,+0,+0.00 电=7.95V/2.44A/峰2.93 补余=0.0 IO错=0 倾+0.0 自动3/3
[  494.681] TLM t= 314.5 L1·A@-75 L2·A@-72 L3·A@-75 R1·A@-75 R2·A@-73 R3·A@-71 罐=无罐 泵=0 阀=111111 速=+0,+0,+0.00 电=7.95V/2.28A/峰2.93 补余=0.0 IO错=0 倾+0.0 自动3/3
[  495.186] TLM t= 315.0 L1·A@-75 L2·A@-72 L3·A@-75 R1·A@-75 R2·A@-73 R3·A@-71 罐=无罐 泵=0 阀=111111 速=+0,+0,+0.00 电=7.96V/2.60A/峰2.93 补余=0.0 IO错=0 倾+0.0 自动3/3
[  495.706] TLM t= 315.5 L1·A@-75 L2·A@-71 L3·A@-75 R1·A@-75 R2·A@-72 R3·A@-70 罐=无罐 泵=0 阀=111111 速=+0,+0,+0.00 电=7.93V/2.52A/峰2.93 补余=0.0 IO错=0 倾+0.0 自动3/3
[  496.214] TLM t= 316.0 L1·A@-75 L2·A@-71 L3·A@-75 R1·A@-75 R2·A@-72 R3·A@-69 罐=无罐 泵=0 阀=111111 速=+0,+0,+0.00 电=7.96V/2.36A/峰2.93 补余=0.0 IO错=0 倾+0.0 自动3/3
[  496.734] TLM t= 316.5 L1·A@-75 L2·A@-71 L3·A@-75 R1·A@-75 R2·A@-72 R3·A@-69 罐=无罐 泵=0 阀=111111 速=+0,+0,+0.00 电=7.95V/2.36A/峰2.93 补余=0.0 IO错=0 倾+0.0 自动3/3
[  497.239] TLM t= 317.0 L1·A@-75 L2·A@-70 L3·A@-75 R1·A@-75 R2·A@-71 R3·A@-68 罐=无罐 泵=0 阀=111111 速=+0,+0,+0.00 电=7.96V/2.36A/峰2.93 补余=0.0 IO错=0 倾+0.0 自动3/3
[  497.761] TLM t= 317.5 L1·A@-75 L2·A@-70 L3·A@-75 R1·A@-75 R2·A@-71 R3·A@-68 罐=无罐 泵=0 阀=111111 速=+0,+0,+0.00 电=7.95V/2.52A/峰2.93 补余=0.0 IO错=0 倾+0.0 自动3/3
[  498.265] TLM t= 318.0 L1·A@-75 L2·A@-69 L3·A@-75 R1·A@-75 R2·A@-71 R3·A@-67 罐=无罐 泵=0 阀=111111 速=+0,+0,+0.00 电=7.97V/2.36A/峰2.93 补余=0.0 IO错=0 倾+0.0 自动3/3
[  498.787] TLM t= 318.6 L1·A@-74 L2·A@-69 L3·A@-75 R1·A@-75 R2·A@-70 R3·A@-67 罐=无罐 泵=0 阀=111111 速=+0,+0,+0.00 电=7.96V/2.52A/峰2.93 补余=0.0 IO错=0 倾+0.0 自动3/3
[  499.291] TLM t= 319.1 L1·A@-74 L2·A@-69 L3·A@-75 R1·A@-75 R2·A@-70 R3·A@-66 罐=无罐 泵=0 阀=111111 速=+0,+0,+0.00 电=7.95V/2.60A/峰2.93 补余=0.0 IO错=0 倾+0.0 自动3/3
[  499.812] TLM t= 319.6 L1·A@-74 L2·A@-68 L3·A@-75 R1·A@-75 R2·A@-70 R3·A@-66 罐=无罐 泵=0 阀=111111 速=+0,+0,+0.00 电=7.95V/2.52A/峰2.93 补余=0.0 IO错=0 倾+0.0 自动3/3
[  500.314] TLM t= 320.1 L1·A@-74 L2·A@-68 L3·A@-75 R1·A@-75 R2·A@-69 R3·A@-65 罐=无罐 泵=0 阀=111111 速=+0,+0,+0.00 电=7.96V/2.36A/峰2.93 补余=0.0 IO错=0 倾+0.0 自动3/3
[  500.844] TLM t= 320.6 L1·A@-74 L2·A@-67 L3·A@-75 R1·A@-75 R2·A@-69 R3·A@-65 罐=无罐 泵=0 阀=111111 速=+0,+0,+0.00 电=7.94V/2.52A/峰2.93 补余=0.0 IO错=0 倾+0.0 自动3/3
[  501.349] TLM t= 321.1 L1·A@-74 L2·A@-67 L3·A@-74 R1·A@-75 R2·A@-69 R3·A@-64 罐=无罐 泵=0 阀=111111 速=+0,+0,+0.00 电=7.96V/2.44A/峰2.93 补余=0.0 IO错=0 倾+0.0 自动3/3
[  501.852] TLM t= 321.6 L1·A@-74 L2·A@-67 L3·A@-74 R1·A@-75 R2·A@-68 R3·A@-64 罐=无罐 泵=0 阀=111111 速=+0,+0,+0.00 电=7.94V/2.44A/峰2.93 补余=0.0 IO错=0 倾+0.0 自动3/3
[  502.384] TLM t= 322.1 L1·A@-74 L2·A@-66 L3·A@-74 R1·A@-75 R2·A@-68 R3·A@-63 罐=无罐 泵=0 阀=111111 速=+0,+0,+0.00 电=7.97V/2.36A/峰2.93 补余=0.0 IO错=0 倾+0.0 自动3/3
[  502.883] TLM t= 322.6 L1·A@-74 L2·A@-66 L3·A@-74 R1·A@-75 R2·A@-68 R3·A@-62 罐=无罐 泵=0 阀=111111 速=+0,+0,+0.00 电=7.94V/2.52A/峰2.93 补余=0.0 IO错=0 倾+0.0 自动3/3
[  503.406] TLM t= 323.1 L1·A@-74 L2·A@-65 L3·A@-74 R1·A@-75 R2·A@-67 R3·A@-62 罐=无罐 泵=0 阀=111111 速=+0,+0,+0.00 电=7.97V/2.44A/峰2.93 补余=0.0 IO错=0 倾+0.0 自动3/3
[  503.907] TLM t= 323.6 L1·A@-73 L2·A@-65 L3·A@-74 R1·A@-75 R2·A@-67 R3·A@-61 罐=无罐 泵=0 阀=111111 速=+0,+0,+0.00 电=7.96V/2.28A/峰2.93 补余=0.0 IO错=0 倾+0.0 自动3/3
[  504.433] TLM t= 324.2 L1·A@-73 L2·A@-65 L3·A@-74 R1·A@-75 R2·A@-67 R3·A@-61 罐=无罐 泵=0 阀=111111 速=+0,+0,+0.00 电=7.94V/2.28A/峰2.93 补余=0.0 IO错=0 倾+0.0 自动3/3
[  504.931] TLM t= 324.7 L1·A@-73 L2·A@-64 L3·A@-74 R1·A@-74 R2·A@-66 R3·A@-60 罐=无罐 泵=0 阀=111111 速=+0,+0,+0.00 电=7.93V/2.52A/峰2.93 补余=0.0 IO错=0 倾+0.0 自动3/3
[  505.265] EVT 泵 开 最差盘压-59.9
[  505.456] TLM t= 325.2 L1·A@-73 L2·A@-64 L3·A@-74 R1·A@-74 R2·A@-66 R3·A@-60 罐=无罐 泵=1 阀=111111 速=+0,+0,+0.00 电=7.88V/2.36A/峰2.93 补余=0.0 IO错=0 倾+0.0 自动3/3
[  505.955] TLM t= 325.7 L1·A@-73 L2·A@-74 L3·A@-74 R1·A@-74 R2·A@-73 R3·A@-73 罐=无罐 泵=1 阀=111111 速=+0,+0,+0.00 电=7.93V/2.52A/峰2.93 补余=0.0 IO错=0 倾+0.0 自动3/3
[  506.231] EVT 泵 停 最差盘压-75.3
[  506.481] TLM t= 326.2 L1·A@-76 L2·A@-76 L3·A@-76 R1·A@-76 R2·A@-76 R3·A@-76 罐=无罐 泵=0 阀=111111 速=+0,+0,+0.00 电=7.96V/2.44A/峰2.93 补余=0.0 IO错=0 倾+0.0 自动3/3
[  506.984] TLM t= 326.7 L1·A@-76 L2·A@-76 L3·A@-76 R1·A@-76 R2·A@-76 R3·A@-76 罐=无罐 泵=0 阀=111111 速=+0,+0,+0.00 电=7.93V/2.36A/峰2.93 补余=0.0 IO错=0 倾+0.0 自动3/3
[  507.505] TLM t= 327.2 L1·A@-76 L2·A@-76 L3·A@-76 R1·A@-76 R2·A@-75 R3·A@-75 罐=无罐 泵=0 阀=111111 速=+0,+0,+0.00 电=7.94V/2.52A/峰2.93 补余=0.0 IO错=0 倾+0.0 自动3/3
[  508.007] TLM t= 327.7 L1·A@-76 L2·A@-75 L3·A@-76 R1·A@-76 R2·A@-75 R3·A@-74 罐=无罐 泵=0 阀=111111 速=+0,+0,+0.00 电=7.96V/2.44A/峰2.93 补余=0.0 IO错=0 倾+0.0 自动3/3
[  508.532] TLM t= 328.2 L1·A@-76 L2·A@-75 L3·A@-76 R1·A@-76 R2·A@-74 R3·A@-74 罐=无罐 泵=0 阀=111111 速=+0,+0,+0.00 电=7.95V/2.44A/峰2.93 补余=0.0 IO错=0 倾+0.0 自动3/3
[  509.034] TLM t= 328.7 L1·A@-76 L2·A@-74 L3·A@-76 R1·A@-76 R2·A@-74 R3·A@-73 罐=无罐 泵=0 阀=111111 速=+0,+0,+0.00 电=7.94V/2.60A/峰2.93 补余=0.0 IO错=0 倾+0.0 自动3/3
[  509.558] TLM t= 329.3 L1·A@-76 L2·A@-74 L3·A@-76 R1·A@-76 R2·A@-74 R3·A@-73 罐=无罐 泵=0 阀=111111 速=+0,+0,+0.00 电=7.96V/2.52A/峰2.93 补余=0.0 IO错=0 倾+0.0 自动3/3
[  510.062] TLM t= 329.8 L1·A@-76 L2·A@-73 L3·A@-76 R1·A@-75 R2·A@-73 R3·A@-72 罐=无罐 泵=0 阀=111111 速=+0,+0,+0.00 电=7.94V/2.44A/峰2.93 补余=0.0 IO错=0 倾+0.0 自动3/3
[  510.584] TLM t= 330.3 L1·A@-75 L2·A@-73 L3·A@-76 R1·A@-75 R2·A@-73 R3·A@-71 罐=无罐 泵=0 阀=111111 速=+0,+0,+0.00 电=7.94V/2.52A/峰2.93 补余=0.0 IO错=0 倾+0.0 自动3/3
[  511.089] TLM t= 330.8 L1·A@-75 L2·A@-73 L3·A@-76 R1·A@-75 R2·A@-73 R3·A@-71 罐=无罐 泵=0 阀=111111 速=+0,+0,+0.00 电=7.94V/2.52A/峰2.93 补余=0.0 IO错=0 倾+0.0 自动3/3
[  511.586] TLM t= 331.3 L1·A@-75 L2·A@-72 L3·A@-76 R1·A@-75 R2·A@-72 R3·A@-70 罐=无罐 泵=0 阀=111111 速=+0,+0,+0.00 电=7.94V/2.36A/峰2.93 补余=0.0 IO错=0 倾+0.0 自动3/3
[  512.100] TLM t= 331.8 L1·A@-75 L2·A@-72 L3·A@-76 R1·A@-75 R2·A@-72 R3·A@-70 罐=无罐 泵=0 阀=111111 速=+0,+0,+0.00 电=7.95V/2.52A/峰2.93 补余=0.0 IO错=0 倾+0.0 自动3/3
[  512.606] TLM t= 332.3 L1·A@-75 L2·A@-71 L3·A@-75 R1·A@-75 R2·A@-72 R3·A@-69 罐=无罐 泵=0 阀=111111 速=+0,+0,+0.00 电=7.96V/2.36A/峰2.93 补余=0.0 IO错=0 倾+0.0 自动3/3
[  513.125] TLM t= 332.8 L1·A@-75 L2·A@-71 L3·A@-75 R1·A@-75 R2·A@-71 R3·A@-69 罐=无罐 泵=0 阀=111111 速=+0,+0,+0.00 电=7.93V/2.44A/峰2.93 补余=0.0 IO错=0 倾+0.0 自动3/3
[  513.628] TLM t= 333.3 L1·A@-75 L2·A@-71 L3·A@-75 R1·A@-75 R2·A@-71 R3·A@-68 罐=无罐 泵=0 阀=111111 速=+0,+0,+0.00 电=7.96V/2.28A/峰2.93 补余=0.0 IO错=0 倾+0.0 自动3/3
[  514.151] TLM t= 333.8 L1·A@-75 L2·A@-70 L3·A@-75 R1·A@-75 R2·A@-71 R3·A@-68 罐=无罐 泵=0 阀=111111 速=+0,+0,+0.00 电=7.94V/2.36A/峰2.93 补余=0.0 IO错=0 倾+0.0 自动3/3
[  514.652] TLM t= 334.3 L1·A@-75 L2·A@-70 L3·A@-75 R1·A@-75 R2·A@-70 R3·A@-67 罐=无罐 泵=0 阀=111111 速=+0,+0,+0.00 电=7.96V/2.52A/峰2.93 补余=0.0 IO错=0 倾+0.0 自动3/3
[  515.177] TLM t= 334.8 L1·A@-75 L2·A@-69 L3·A@-75 R1·A@-75 R2·A@-70 R3·A@-67 罐=无罐 泵=0 阀=111111 速=+0,+0,+0.00 电=7.94V/2.44A/峰2.93 补余=0.0 IO错=0 倾+0.0 自动3/3
[  515.681] TLM t= 335.3 L1·A@-74 L2·A@-69 L3·A@-75 R1·A@-75 R2·A@-70 R3·A@-66 罐=无罐 泵=0 阀=111111 速=+0,+0,+0.00 电=7.93V/2.44A/峰2.93 补余=0.0 IO错=0 倾+0.0 自动3/3
[  516.205] TLM t= 335.9 L1·A@-74 L2·A@-69 L3·A@-75 R1·A@-75 R2·A@-70 R3·A@-65 罐=无罐 泵=0 阀=111111 速=+0,+0,+0.00 电=7.94V/2.36A/峰2.93 补余=0.0 IO错=0 倾+0.0 自动3/3
[  516.707] TLM t= 336.4 L1·A@-74 L2·A@-68 L3·A@-75 R1·A@-75 R2·A@-69 R3·A@-65 罐=无罐 泵=0 阀=111111 速=+0,+0,+0.00 电=7.95V/2.36A/峰2.93 补余=0.0 IO错=0 倾+0.0 自动3/3
[  517.232] TLM t= 336.9 L1·A@-74 L2·A@-68 L3·A@-75 R1·A@-75 R2·A@-69 R3·A@-64 罐=无罐 泵=0 阀=111111 速=+0,+0,+0.00 电=7.95V/2.44A/峰2.93 补余=0.0 IO错=0 倾+0.0 自动3/3
[  517.745] TLM t= 337.4 L1·A@-74 L2·A@-67 L3·A@-75 R1·A@-75 R2·A@-69 R3·A@-64 罐=无罐 泵=0 阀=111111 速=+0,+0,+0.00 电=7.95V/2.44A/峰2.93 补余=0.0 IO错=0 倾+0.0 自动3/3
[  518.243] TLM t= 337.9 L1·A@-74 L2·A@-67 L3·A@-75 R1·A@-75 R2·A@-68 R3·A@-63 罐=无罐 泵=0 阀=111111 速=+0,+0,+0.00 电=7.94V/2.60A/峰2.93 补余=0.0 IO错=0 倾+0.0 自动3/3
[  518.766] TLM t= 338.4 L1·A@-74 L2·A@-67 L3·A@-75 R1·A@-75 R2·A@-68 R3·A@-63 罐=无罐 泵=0 阀=111111 速=+0,+0,+0.00 电=7.94V/2.44A/峰2.93 补余=0.0 IO错=0 倾+0.0 自动3/3
[  519.268] TLM t= 338.9 L1·A@-74 L2·A@-66 L3·A@-74 R1·A@-75 R2·A@-68 R3·A@-62 罐=无罐 泵=0 阀=111111 速=+0,+0,+0.00 电=7.95V/2.44A/峰2.93 补余=0.0 IO错=0 倾+0.0 自动3/3
[  519.755] EVT 实验序列完成
[  519.791] TLM t= 339.4 L1·A@-74 L2·A@-66 L3·A@-74 R1·A@-75 R2·A@-67 R3·A@-62 罐=无罐 泵=0 阀=111111 速=+0,+0,+0.00 电=7.96V/2.52A/峰2.93 补余=0.0 IO错=0 倾+0.0
[  520.300] TLM t= 339.9 L1·A@-74 L2·A@-66 L3·A@-74 R1·A@-75 R2·A@-67 R3·A@-61 罐=无罐 泵=0 阀=111111 速=+0,+0,+0.00 电=7.93V/2.44A/峰2.93 补余=0.0 IO错=0 倾+0.0
[  520.797] TLM t= 340.4 L1·A@-74 L2·A@-65 L3·A@-74 R1·A@-75 R2·A@-67 R3·A@-61 罐=无罐 泵=0 阀=111111 速=+0,+0,+0.00 电=7.96V/2.44A/峰2.93 补余=0.0 IO错=0 倾+0.0
[  521.304] TLM t= 340.9 L1·A@-73 L2·A@-65 L3·A@-74 R1·A@-75 R2·A@-66 R3·A@-60 罐=无罐 泵=0 阀=111111 速=+0,+0,+0.00 电=7.95V/2.36A/峰2.93 补余=0.0 IO错=0 倾+0.0
[  521.498] EVT 泵 开 最差盘压-59.9
[  521.808] TLM t= 341.4 L1·A@-73 L2·A@-65 L3·A@-74 R1·A@-75 R2·A@-66 R3·A@-63 罐=无罐 泵=1 阀=111111 速=+0,+0,+0.00 电=7.92V/2.28A/峰2.93 补余=0.0 IO错=0 倾+0.0
[  522.328] TLM t= 341.9 L1·A@-75 L2·A@-75 L3·A@-75 R1·A@-75 R2·A@-75 R3·A@-74 罐=无罐 泵=1 阀=111111 速=+0,+0,+0.00 电=7.94V/2.52A/峰2.93 补余=0.0 IO错=0 倾+0.0
[  522.464] EVT 泵 停 最差盘压-75.3
[  522.836] TLM t= 342.4 L1·A@-76 L2·A@-76 L3·A@-76 R1·A@-76 R2·A@-76 R3·A@-76 罐=无罐 泵=0 阀=111111 速=+0,+0,+0.00 电=7.95V/2.44A/峰2.93 补余=0.0 IO错=0 倾+0.0
[  523.357] TLM t= 343.0 L1·A@-76 L2·A@-76 L3·A@-76 R1·A@-76 R2·A@-76 R3·A@-76 罐=无罐 泵=0 阀=111111 速=+0,+0,+0.00 电=7.95V/2.44A/峰2.93 补余=0.0 IO错=0 倾+0.0
[  523.858] TLM t= 343.5 L1·A@-76 L2·A@-76 L3·A@-76 R1·A@-76 R2·A@-75 R3·A@-75 罐=无罐 泵=0 阀=111111 速=+0,+0,+0.00 电=7.94V/2.52A/峰2.93 补余=0.0 IO错=0 倾+0.0
[  524.382] TLM t= 344.0 L1·A@-76 L2·A@-75 L3·A@-76 R1·A@-76 R2·A@-75 R3·A@-74 罐=无罐 泵=0 阀=111111 速=+0,+0,+0.00 电=7.93V/2.28A/峰2.93 补余=0.0 IO错=0 倾+0.0
[  524.887] TLM t= 344.5 L1·A@-76 L2·A@-75 L3·A@-76 R1·A@-76 R2·A@-74 R3·A@-74 罐=无罐 泵=0 阀=111111 速=+0,+0,+0.00 电=7.94V/2.36A/峰2.93 补余=0.0 IO错=0 倾+0.0
[  525.406] TLM t= 345.0 L1·A@-76 L2·A@-74 L3·A@-76 R1·A@-76 R2·A@-74 R3·A@-73 罐=无罐 泵=0 阀=111111 速=+0,+0,+0.00 电=7.93V/2.69A/峰2.93 补余=0.0 IO错=0 倾+0.0
[  525.908] TLM t= 345.5 L1·A@-76 L2·A@-74 L3·A@-76 R1·A@-76 R2·A@-74 R3·A@-73 罐=无罐 泵=0 阀=111111 速=+0,+0,+0.00 电=7.94V/2.44A/峰2.93 补余=0.0 IO错=0 倾+0.0
[  526.430] TLM t= 346.0 L1·A@-76 L2·A@-73 L3·A@-76 R1·A@-76 R2·A@-73 R3·A@-72 罐=无罐 泵=0 阀=111111 速=+0,+0,+0.00 电=7.94V/2.44A/峰2.93 补余=0.0 IO错=0 倾+0.0
[  526.937] TLM t= 346.5 L1·A@-76 L2·A@-73 L3·A@-76 R1·A@-76 R2·A@-73 R3·A@-71 罐=无罐 泵=0 阀=111111 速=+0,+0,+0.00 电=7.94V/2.52A/峰2.93 补余=0.0 IO错=0 倾+0.0
[  527.458] TLM t= 347.0 L1·A@-75 L2·A@-73 L3·A@-76 R1·A@-75 R2·A@-73 R3·A@-71 罐=无罐 泵=0 阀=111111 速=+0,+0,+0.00 电=7.94V/2.69A/峰2.93 补余=0.0 IO错=0 倾+0.0
[  527.960] TLM t= 347.5 L1·A@-75 L2·A@-72 L3·A@-76 R1·A@-75 R2·A@-72 R3·A@-70 罐=无罐 泵=0 阀=111111 速=+0,+0,+0.00 电=7.93V/2.44A/峰2.93 补余=0.0 IO错=0 倾+0.0
[  528.480] TLM t= 348.1 L1·A@-75 L2·A@-72 L3·A@-76 R1·A@-75 R2·A@-72 R3·A@-70 罐=无罐 泵=0 阀=111111 速=+0,+0,+0.00 电=7.95V/2.36A/峰2.93 补余=0.0 IO错=0 倾+0.0
[  528.988] TLM t= 348.6 L1·A@-75 L2·A@-71 L3·A@-75 R1·A@-75 R2·A@-72 R3·A@-69 罐=无罐 泵=0 阀=111111 速=+0,+0,+0.00 电=7.93V/2.52A/峰2.93 补余=0.0 IO错=0 倾+0.0
[  529.505] TLM t= 349.1 L1·A@-75 L2·A@-71 L3·A@-75 R1·A@-75 R2·A@-71 R3·A@-69 罐=无罐 泵=0 阀=111111 速=+0,+0,+0.00 电=7.95V/2.36A/峰2.93 补余=0.0 IO错=0 倾+0.0
[  530.006] TLM t= 349.6 L1·A@-75 L2·A@-71 L3·A@-75 R1·A@-75 R2·A@-71 R3·A@-68 罐=无罐 泵=0 阀=111111 速=+0,+0,+0.00 电=7.93V/2.36A/峰2.93 补余=0.0 IO错=0 倾+0.0
[  530.531] TLM t= 350.1 L1·A@-75 L2·A@-70 L3·A@-75 R1·A@-75 R2·A@-71 R3·A@-68 罐=无罐 泵=0 阀=111111 速=+0,+0,+0.00 电=7.94V/2.36A/峰2.93 补余=0.0 IO错=0 倾+0.0
[  531.035] TLM t= 350.6 L1·A@-75 L2·A@-70 L3·A@-75 R1·A@-75 R2·A@-70 R3·A@-67 罐=无罐 泵=0 阀=111111 速=+0,+0,+0.00 电=7.93V/2.44A/峰2.93 补余=0.0 IO错=0 倾+0.0
[  531.554] TLM t= 351.1 L1·A@-75 L2·A@-69 L3·A@-75 R1·A@-75 R2·A@-70 R3·A@-67 罐=无罐 泵=0 阀=111111 速=+0,+0,+0.00 电=7.96V/2.36A/峰2.93 补余=0.0 IO错=0 倾+0.0
[  532.058] TLM t= 351.6 L1·A@-75 L2·A@-69 L3·A@-75 R1·A@-75 R2·A@-70 R3·A@-66 罐=无罐 泵=0 阀=111111 速=+0,+0,+0.00 电=7.94V/2.44A/峰2.93 补余=0.0 IO错=0 倾+0.0
[  532.578] TLM t= 352.1 L1·A@-74 L2·A@-69 L3·A@-75 R1·A@-75 R2·A@-70 R3·A@-65 罐=无罐 泵=0 阀=111111 速=+0,+0,+0.00 电=7.94V/2.44A/峰2.93 补余=0.0 IO错=0 倾+0.0
[  533.079] TLM t= 352.6 L1·A@-74 L2·A@-68 L3·A@-75 R1·A@-75 R2·A@-69 R3·A@-65 罐=无罐 泵=0 阀=111111 速=+0,+0,+0.00 电=7.94V/2.44A/峰2.93 补余=0.0 IO错=0 倾+0.0
[  533.605] TLM t= 353.2 L1·A@-74 L2·A@-68 L3·A@-75 R1·A@-75 R2·A@-69 R3·A@-64 罐=无罐 泵=0 阀=111111 速=+0,+0,+0.00 电=7.95V/2.52A/峰2.93 补余=0.0 IO错=0 倾+0.0
[  534.112] TLM t= 353.7 L1·A@-74 L2·A@-68 L3·A@-75 R1·A@-75 R2·A@-69 R3·A@-64 罐=无罐 泵=0 阀=111111 速=+0,+0,+0.00 电=7.94V/2.44A/峰2.93 补余=0.0 IO错=0 倾+0.0
[  534.631] TLM t= 354.2 L1·A@-74 L2·A@-67 L3·A@-75 R1·A@-75 R2·A@-68 R3·A@-63 罐=无罐 泵=0 阀=111111 速=+0,+0,+0.00 电=7.94V/2.52A/峰2.93 补余=0.0 IO错=0 倾+0.0
[  535.135] TLM t= 354.7 L1·A@-74 L2·A@-67 L3·A@-75 R1·A@-75 R2·A@-68 R3·A@-63 罐=无罐 泵=0 阀=111111 速=+0,+0,+0.00 电=7.93V/2.44A/峰2.93 补余=0.0 IO错=0 倾+0.0
[  535.657] TLM t= 355.2 L1·A@-74 L2·A@-66 L3·A@-74 R1·A@-75 R2·A@-68 R3·A@-62 罐=无罐 泵=0 阀=111111 速=+0,+0,+0.00 电=7.94V/2.36A/峰2.93 补余=0.0 IO错=0 倾+0.0
[  536.161] TLM t= 355.7 L1·A@-74 L2·A@-66 L3·A@-74 R1·A@-75 R2·A@-67 R3·A@-62 罐=无罐 泵=0 阀=111111 速=+0,+0,+0.00 电=7.95V/2.44A/峰2.93 补余=0.0 IO错=0 倾+0.0
[  536.684] TLM t= 356.2 L1·A@-74 L2·A@-66 L3·A@-74 R1·A@-75 R2·A@-67 R3·A@-61 罐=无罐 泵=0 阀=111111 速=+0,+0,+0.00 电=7.94V/2.52A/峰2.93 补余=0.0 IO错=0 倾+0.0
[  537.186] TLM t= 356.7 L1·A@-74 L2·A@-65 L3·A@-74 R1·A@-75 R2·A@-67 R3·A@-61 罐=无罐 泵=0 阀=111111 速=+0,+0,+0.00 电=7.93V/2.28A/峰2.93 补余=0.0 IO错=0 倾+0.0
[  537.709] TLM t= 357.2 L1·A@-73 L2·A@-65 L3·A@-74 R1·A@-75 R2·A@-66 R3·A@-60 罐=无罐 泵=0 阀=111111 速=+0,+0,+0.00 电=7.93V/2.44A/峰2.93 补余=0.0 IO错=0 倾+0.0
[  537.782] EVT 泵 开 最差盘压-59.9
[  538.213] TLM t= 357.7 L1·A@-73 L2·A@-68 L3·A@-74 R1·A@-75 R2·A@-68 R3·A@-68 罐=无罐 泵=1 阀=111111 速=+0,+0,+0.00 电=7.91V/2.52A/峰2.93 补余=0.0 IO错=0 倾+0.0
[  538.733] TLM t= 358.3 L1·A@-76 L2·A@-76 L3·A@-76 R1·A@-75 R2·A@-76 R3·A@-76 罐=无罐 泵=1 阀=111111 速=+0,+0,+0.00 电=7.92V/2.20A/峰2.93 补余=0.0 IO错=0 倾+0.0
[  538.746] EVT 泵 停 最差盘压-75.3
[  539.236] TLM t= 358.8 L1·A@-76 L2·A@-76 L3·A@-76 R1·A@-76 R2·A@-76 R3·A@-76 罐=无罐 泵=0 阀=111111 速=+0,+0,+0.00 电=7.92V/2.52A/峰2.93 补余=0.0 IO错=0 倾+0.0
[  539.761] TLM t= 359.3 L1·A@-76 L2·A@-76 L3·A@-76 R1·A@-76 R2·A@-75 R3·A@-75 罐=无罐 泵=0 阀=111111 速=+0,+0,+0.00 电=7.93V/2.52A/峰2.93 补余=0.0 IO错=0 倾+0.0
[  540.267] TLM t= 359.8 L1·A@-76 L2·A@-75 L3·A@-76 R1·A@-76 R2·A@-75 R3·A@-75 罐=无罐 泵=0 阀=111111 速=+0,+0,+0.00 电=7.92V/2.44A/峰2.93 补余=0.0 IO错=0 倾+0.0
[  540.788] TLM t= 360.3 L1·A@-76 L2·A@-75 L3·A@-76 R1·A@-76 R2·A@-75 R3·A@-74 罐=无罐 泵=0 阀=111111 速=+0,+0,+0.00 电=7.94V/2.52A/峰2.93 补余=0.0 IO错=0 倾+0.0
[  541.291] TLM t= 360.8 L1·A@-76 L2·A@-75 L3·A@-76 R1·A@-76 R2·A@-74 R3·A@-74 罐=无罐 泵=0 阀=111111 速=+0,+0,+0.00 电=7.95V/2.69A/峰2.93 补余=0.0 IO错=0 倾+0.0
[  541.813] TLM t= 361.3 L1·A@-76 L2·A@-74 L3·A@-76 R1·A@-76 R2·A@-74 R3·A@-73 罐=无罐 泵=0 阀=111111 速=+0,+0,+0.00 电=7.94V/2.44A/峰2.93 补余=0.0 IO错=0 倾+0.0
[  542.315] TLM t= 361.8 L1·A@-76 L2·A@-74 L3·A@-76 R1·A@-76 R2·A@-74 R3·A@-72 罐=无罐 泵=0 阀=111111 速=+0,+0,+0.00 电=7.95V/2.44A/峰2.93 补余=0.0 IO错=0 倾+0.0
[  542.838] TLM t= 362.3 L1·A@-76 L2·A@-73 L3·A@-76 R1·A@-76 R2·A@-73 R3·A@-72 罐=无罐 泵=0 阀=111111 速=+0,+0,+0.00 电=7.93V/2.52A/峰2.93 补余=0.0 IO错=0 倾+0.0
[  543.342] TLM t= 362.8 L1·A@-76 L2·A@-73 L3·A@-76 R1·A@-75 R2·A@-73 R3·A@-71 罐=无罐 泵=0 阀=111111 速=+0,+0,+0.00 电=7.92V/2.52A/峰2.93 补余=0.0 IO错=0 倾+0.0
[  543.865] TLM t= 363.4 L1·A@-75 L2·A@-73 L3·A@-76 R1·A@-76 R2·A@-73 R3·A@-71 罐=无罐 泵=0 阀=111111 速=+0,+0,+0.00 电=7.94V/2.44A/峰2.93 补余=0.0 IO错=0 倾+0.0
[  544.370] TLM t= 363.9 L1·A@-75 L2·A@-72 L3·A@-76 R1·A@-75 R2·A@-72 R3·A@-70 罐=无罐 泵=0 阀=111111 速=+0,+0,+0.00 电=7.94V/2.44A/峰2.93 补余=0.0 IO错=0 倾+0.0
[  544.892] TLM t= 364.4 L1·A@-75 L2·A@-72 L3·A@-76 R1·A@-75 R2·A@-72 R3·A@-70 罐=无罐 泵=0 阀=111111 速=+0,+0,+0.00 电=7.93V/2.36A/峰2.93 补余=0.0 IO错=0 倾+0.0
[  545.402] TLM t= 364.9 L1·A@-75 L2·A@-71 L3·A@-75 R1·A@-75 R2·A@-72 R3·A@-69 罐=无罐 泵=0 阀=111111 速=+0,+0,+0.00 电=7.94V/2.44A/峰2.93 补余=0.0 IO错=0 倾+0.0
[  545.905] TLM t= 365.4 L1·A@-75 L2·A@-71 L3·A@-75 R1·A@-75 R2·A@-71 R3·A@-69 罐=无罐 泵=0 阀=111111 速=+0,+0,+0.00 电=7.94V/2.52A/峰2.93 补余=0.0 IO错=0 倾+0.0
[  546.427] TLM t= 365.9 L1·A@-75 L2·A@-71 L3·A@-75 R1·A@-75 R2·A@-71 R3·A@-68 罐=无罐 泵=0 阀=111111 速=+0,+0,+0.00 电=7.94V/2.44A/峰2.93 补余=0.0 IO错=0 倾+0.0
[  546.932] TLM t= 366.4 L1·A@-75 L2·A@-70 L3·A@-75 R1·A@-75 R2·A@-71 R3·A@-67 罐=无罐 泵=0 阀=111111 速=+0,+0,+0.00 电=7.93V/2.44A/峰2.93 补余=0.0 IO错=0 倾+0.0
[  547.454] TLM t= 366.9 L1·A@-75 L2·A@-70 L3·A@-75 R1·A@-75 R2·A@-70 R3·A@-67 罐=无罐 泵=0 阀=111111 速=+0,+0,+0.00 电=7.93V/2.52A/峰2.93 补余=0.0 IO错=0 倾+0.0
[  547.957] TLM t= 367.4 L1·A@-75 L2·A@-69 L3·A@-75 R1·A@-75 R2·A@-70 R3·A@-66 罐=无罐 泵=0 阀=111111 速=+0,+0,+0.00 电=7.93V/2.36A/峰2.93 补余=0.0 IO错=0 倾+0.0
[  548.480] TLM t= 367.9 L1·A@-75 L2·A@-69 L3·A@-75 R1·A@-75 R2·A@-70 R3·A@-66 罐=无罐 泵=0 阀=111111 速=+0,+0,+0.00 电=7.95V/2.60A/峰2.93 补余=0.0 IO错=0 倾+0.0
[  548.980] TLM t= 368.4 L1·A@-74 L2·A@-69 L3·A@-75 R1·A@-75 R2·A@-69 R3·A@-65 罐=无罐 泵=0 阀=111111 速=+0,+0,+0.00 电=7.94V/2.52A/峰2.93 补余=0.0 IO错=0 倾+0.0
[  549.502] TLM t= 369.0 L1·A@-74 L2·A@-68 L3·A@-75 R1·A@-75 R2·A@-69 R3·A@-65 罐=无罐 泵=0 阀=111111 速=+0,+0,+0.00 电=7.94V/2.52A/峰2.93 补余=0.0 IO错=0 倾+0.0
[  550.007] TLM t= 369.5 L1·A@-74 L2·A@-68 L3·A@-75 R1·A@-75 R2·A@-69 R3·A@-64 罐=无罐 泵=0 阀=111111 速=+0,+0,+0.00 电=7.93V/2.44A/峰2.93 补余=0.0 IO错=0 倾+0.0
[  550.503] TLM t= 370.0 L1·A@-74 L2·A@-67 L3·A@-75 R1·A@-75 R2·A@-68 R3·A@-64 罐=无罐 泵=0 阀=111111 速=+0,+0,+0.00 电=7.95V/2.44A/峰2.93 补余=0.0 IO错=0 倾+0.0
[  551.014] TLM t= 370.5 L1·A@-74 L2·A@-67 L3·A@-75 R1·A@-75 R2·A@-68 R3·A@-63 罐=无罐 泵=0 阀=111111 速=+0,+0,+0.00 电=7.94V/2.52A/峰2.93 补余=0.0 IO错=0 倾+0.0
[  551.521] TLM t= 371.0 L1·A@-74 L2·A@-67 L3·A@-75 R1·A@-75 R2·A@-68 R3·A@-63 罐=无罐 泵=0 阀=111111 速=+0,+0,+0.00 电=7.93V/2.52A/峰2.93 补余=0.0 IO错=0 倾+0.0
[  552.039] TLM t= 371.5 L1·A@-74 L2·A@-66 L3·A@-74 R1·A@-75 R2·A@-68 R3·A@-62 罐=无罐 泵=0 阀=111111 速=+0,+0,+0.00 电=7.93V/2.28A/峰2.93 补余=0.0 IO错=0 倾+0.0
[  552.543] TLM t= 372.0 L1·A@-74 L2·A@-66 L3·A@-74 R1·A@-75 R2·A@-67 R3·A@-62 罐=无罐 泵=0 阀=111111 速=+0,+0,+0.00 电=7.92V/2.52A/峰2.93 补余=0.0 IO错=0 倾+0.0
[  553.065] TLM t= 372.5 L1·A@-74 L2·A@-66 L3·A@-74 R1·A@-75 R2·A@-67 R3·A@-61 罐=无罐 泵=0 阀=111111 速=+0,+0,+0.00 电=7.93V/2.52A/峰2.93 补余=0.0 IO错=0 倾+0.0
[  553.568] TLM t= 373.0 L1·A@-74 L2·A@-65 L3·A@-74 R1·A@-75 R2·A@-67 R3·A@-61 罐=无罐 泵=0 阀=111111 速=+0,+0,+0.00 电=7.92V/2.52A/峰2.93 补余=0.0 IO错=0 倾+0.0
[  554.081] EVT 泵 开 最差盘压-60.0
[  554.090] TLM t= 373.5 L1·A@-73 L2·A@-65 L3·A@-74 R1·A@-75 R2·A@-66 R3·A@-60 罐=无罐 泵=1 阀=111111 速=+0,+0,+0.00 电=7.75V/2.36A/峰2.93 补余=0.0 IO错=0 倾+0.0
[  554.604] TLM t= 374.0 L1·A@-73 L2·A@-70 L3·A@-74 R1·A@-75 R2·A@-69 R3·A@-69 罐=无罐 泵=1 阀=111111 速=+0,+0,+0.00 电=7.92V/2.28A/峰2.93 补余=0.0 IO错=0 倾+0.0
[  555.043] EVT 泵 停 最差盘压-75.3
[  555.114] TLM t= 374.5 L1·A@-76 L2·A@-77 L3·A@-76 R1·A@-76 R2·A@-77 R3·A@-76 罐=无罐 泵=0 阀=111111 速=+0,+0,+0.00 电=7.93V/2.36A/峰2.93 补余=0.0 IO错=0 倾+0.0
[  555.617] TLM t= 375.0 L1·A@-76 L2·A@-76 L3·A@-76 R1·A@-76 R2·A@-76 R3·A@-76 罐=无罐 泵=0 阀=111111 速=+0,+0,+0.00 电=7.93V/2.44A/峰2.93 补余=0.0 IO错=0 倾+0.0
[  556.138] TLM t= 375.6 L1·A@-76 L2·A@-76 L3·A@-76 R1·A@-76 R2·A@-75 R3·A@-75 罐=无罐 泵=0 阀=111111 速=+0,+0,+0.00 电=7.93V/2.28A/峰2.93 补余=0.0 IO错=0 倾+0.0
[  556.646] TLM t= 376.1 L1·A@-76 L2·A@-75 L3·A@-76 R1·A@-76 R2·A@-75 R3·A@-75 罐=无罐 泵=0 阀=111111 速=+0,+0,+0.00 电=7.93V/2.28A/峰2.93 补余=0.0 IO错=0 倾+0.0
[  557.169] TLM t= 376.6 L1·A@-76 L2·A@-75 L3·A@-76 R1·A@-76 R2·A@-75 R3·A@-74 罐=无罐 泵=0 阀=111111 速=+0,+0,+0.00 电=7.95V/2.36A/峰2.93 补余=0.0 IO错=0 倾+0.0
[  557.671] TLM t= 377.1 L1·A@-76 L2·A@-75 L3·A@-76 R1·A@-76 R2·A@-74 R3·A@-74 罐=无罐 泵=0 阀=111111 速=+0,+0,+0.00 电=7.92V/2.44A/峰2.93 补余=0.0 IO错=0 倾+0.0
[  558.192] TLM t= 377.6 L1·A@-76 L2·A@-74 L3·A@-76 R1·A@-76 R2·A@-74 R3·A@-73 罐=无罐 泵=0 阀=111111 速=+0,+0,+0.00 电=7.92V/2.52A/峰2.93 补余=0.0 IO错=0 倾+0.0
[  558.699] TLM t= 378.1 L1·A@-76 L2·A@-74 L3·A@-76 R1·A@-76 R2·A@-74 R3·A@-72 罐=无罐 泵=0 阀=111111 速=+0,+0,+0.00 电=7.93V/2.60A/峰2.93 补余=0.0 IO错=0 倾+0.0
[  559.216] TLM t= 378.6 L1·A@-76 L2·A@-73 L3·A@-76 R1·A@-76 R2·A@-73 R3·A@-72 罐=无罐 泵=0 阀=111111 速=+0,+0,+0.00 电=7.91V/2.28A/峰2.93 补余=0.0 IO错=0 倾+0.0
[  559.719] TLM t= 379.1 L1·A@-76 L2·A@-73 L3·A@-76 R1·A@-76 R2·A@-73 R3·A@-71 罐=无罐 泵=0 阀=111111 速=+0,+0,+0.00 电=7.94V/2.36A/峰2.93 补余=0.0 IO错=0 倾+0.0
[  560.243] TLM t= 379.6 L1·A@-75 L2·A@-72 L3·A@-76 R1·A@-76 R2·A@-73 R3·A@-71 罐=无罐 泵=0 阀=111111 速=+0,+0,+0.00 电=7.91V/2.52A/峰2.93 补余=0.0 IO错=0 倾+0.0
[  560.747] TLM t= 380.1 L1·A@-75 L2·A@-72 L3·A@-76 R1·A@-75 R2·A@-72 R3·A@-70 罐=无罐 泵=0 阀=111111 速=+0,+0,+0.00 电=7.94V/2.28A/峰2.93 补余=0.0 IO错=0 倾+0.0
[  561.267] TLM t= 380.7 L1·A@-75 L2·A@-72 L3·A@-76 R1·A@-75 R2·A@-72 R3·A@-70 罐=无罐 泵=0 阀=111111 速=+0,+0,+0.00 电=7.92V/2.44A/峰2.93 补余=0.0 IO错=0 倾+0.0
[  561.773] TLM t= 381.2 L1·A@-75 L2·A@-71 L3·A@-75 R1·A@-75 R2·A@-72 R3·A@-69 罐=无罐 泵=0 阀=111111 速=+0,+0,+0.00 电=7.94V/2.36A/峰2.93 补余=0.0 IO错=0 倾+0.0
[  562.295] TLM t= 381.7 L1·A@-75 L2·A@-71 L3·A@-75 R1·A@-75 R2·A@-71 R3·A@-68 罐=无罐 泵=0 阀=111111 速=+0,+0,+0.00 电=7.92V/2.52A/峰2.93 补余=0.0 IO错=0 倾+0.0
[  562.801] TLM t= 382.2 L1·A@-75 L2·A@-70 L3·A@-75 R1·A@-75 R2·A@-71 R3·A@-68 罐=无罐 泵=0 阀=111111 速=+0,+0,+0.00 电=7.93V/2.60A/峰2.93 补余=0.0 IO错=0 倾+0.0
[  563.321] TLM t= 382.7 L1·A@-75 L2·A@-70 L3·A@-75 R1·A@-75 R2·A@-71 R3·A@-67 罐=无罐 泵=0 阀=111111 速=+0,+0,+0.00 电=7.94V/2.52A/峰2.93 补余=0.0 IO错=0 倾+0.0
[  563.823] TLM t= 383.2 L1·A@-75 L2·A@-70 L3·A@-75 R1·A@-75 R2·A@-70 R3·A@-67 罐=无罐 泵=0 阀=111111 速=+0,+0,+0.00 电=7.93V/2.36A/峰2.93 补余=0.0 IO错=0 倾+0.0
[  564.346] TLM t= 383.7 L1·A@-75 L2·A@-69 L3·A@-75 R1·A@-75 R2·A@-70 R3·A@-66 罐=无罐 泵=0 阀=111111 速=+0,+0,+0.00 电=7.92V/2.36A/峰2.93 补余=0.0 IO错=0 倾+0.0
[  564.852] TLM t= 384.2 L1·A@-75 L2·A@-69 L3·A@-75 R1·A@-75 R2·A@-70 R3·A@-66 罐=无罐 泵=0 阀=111111 速=+0,+0,+0.00 电=7.92V/2.44A/峰2.93 补余=0.0 IO错=0 倾+0.0
[  565.370] TLM t= 384.7 L1·A@-74 L2·A@-69 L3·A@-75 R1·A@-75 R2·A@-69 R3·A@-65 罐=无罐 泵=0 阀=111111 速=+0,+0,+0.00 电=7.92V/2.52A/峰2.93 补余=0.0 IO错=0 倾+0.0
[  565.874] TLM t= 385.2 L1·A@-74 L2·A@-68 L3·A@-75 R1·A@-75 R2·A@-69 R3·A@-65 罐=无罐 泵=0 阀=111111 速=+0,+0,+0.00 电=7.93V/2.44A/峰2.93 补余=0.0 IO错=0 倾+0.0
[  566.394] TLM t= 385.8 L1·A@-74 L2·A@-68 L3·A@-75 R1·A@-75 R2·A@-69 R3·A@-64 罐=无罐 泵=0 阀=111111 速=+0,+0,+0.00 电=7.92V/2.36A/峰2.93 补余=0.0 IO错=0 倾+0.0
[  566.897] TLM t= 386.3 L1·A@-74 L2·A@-67 L3·A@-75 R1·A@-75 R2·A@-68 R3·A@-64 罐=无罐 泵=0 阀=111111 速=+0,+0,+0.00 电=7.94V/2.60A/峰2.93 补余=0.0 IO错=0 倾+0.0
[  567.425] TLM t= 386.8 L1·A@-74 L2·A@-67 L3·A@-75 R1·A@-75 R2·A@-68 R3·A@-63 罐=无罐 泵=0 阀=111111 速=+0,+0,+0.00 电=7.93V/2.44A/峰2.93 补余=0.0 IO错=0 倾+0.0
[  567.931] TLM t= 387.3 L1·A@-74 L2·A@-67 L3·A@-75 R1·A@-75 R2·A@-68 R3·A@-63 罐=无罐 泵=0 阀=111111 速=+0,+0,+0.00 电=7.92V/2.52A/峰2.93 补余=0.0 IO错=0 倾+0.0
[  568.431] TLM t= 387.8 L1·A@-74 L2·A@-66 L3·A@-75 R1·A@-75 R2·A@-68 R3·A@-62 罐=无罐 泵=0 阀=111111 速=+0,+0,+0.00 电=7.94V/2.36A/峰2.93 补余=0.0 IO错=0 倾+0.0
[  568.955] TLM t= 388.3 L1·A@-74 L2·A@-66 L3·A@-74 R1·A@-75 R2·A@-67 R3·A@-61 罐=无罐 泵=0 阀=111111 速=+0,+0,+0.00 电=7.93V/2.52A/峰2.93 补余=0.0 IO错=0 倾+0.0
[  569.455] TLM t= 388.8 L1·A@-74 L2·A@-66 L3·A@-74 R1·A@-75 R2·A@-67 R3·A@-61 罐=无罐 泵=0 阀=111111 速=+0,+0,+0.00 电=7.93V/2.44A/峰2.93 补余=0.0 IO错=0 倾+0.0
[  569.979] TLM t= 389.3 L1·A@-74 L2·A@-65 L3·A@-74 R1·A@-75 R2·A@-67 R3·A@-60 罐=无罐 泵=0 阀=111111 速=+0,+0,+0.00 电=7.94V/2.28A/峰2.93 补余=0.0 IO错=0 倾+0.0
[  570.351] EVT 泵 开 最差盘压-60.0
[  570.482] TLM t= 389.8 L1·A@-73 L2·A@-65 L3·A@-74 R1·A@-75 R2·A@-66 R3·A@-60 罐=无罐 泵=1 阀=111111 速=+0,+0,+0.00 电=7.88V/2.36A/峰2.93 补余=0.0 IO错=0 倾+0.0
[  571.006] TLM t= 390.3 L1·A@-73 L2·A@-73 L3·A@-74 R1·A@-75 R2·A@-72 R3·A@-72 罐=无罐 泵=1 阀=111111 速=+0,+0,+0.00 电=7.90V/2.36A/峰2.93 补余=0.0 IO错=0 倾+0.0
[  571.317] EVT 泵 停 最差盘压-75.3
[  571.508] TLM t= 390.8 L1·A@-76 L2·A@-77 L3·A@-76 R1·A@-76 R2·A@-76 R3·A@-76 罐=无罐 泵=0 阀=111111 速=+0,+0,+0.00 电=7.92V/2.36A/峰2.93 补余=0.0 IO错=0 倾+0.0
[  572.031] TLM t= 391.4 L1·A@-76 L2·A@-76 L3·A@-76 R1·A@-76 R2·A@-76 R3·A@-76 罐=无罐 泵=0 阀=111111 速=+0,+0,+0.00 电=7.91V/2.52A/峰2.93 补余=0.0 IO错=0 倾+0.0
[  572.535] TLM t= 391.9 L1·A@-76 L2·A@-76 L3·A@-76 R1·A@-76 R2·A@-75 R3·A@-75 罐=无罐 泵=0 阀=111111 速=+0,+0,+0.00 电=7.94V/2.44A/峰2.93 补余=0.0 IO错=0 倾+0.0
[  573.033] TLM t= 392.4 L1·A@-76 L2·A@-75 L3·A@-76 R1·A@-76 R2·A@-75 R3·A@-75 罐=无罐 泵=0 阀=111111 速=+0,+0,+0.00 电=7.93V/2.52A/峰2.93 补余=0.0 IO错=0 倾+0.0
[  573.547] TLM t= 392.9 L1·A@-76 L2·A@-75 L3·A@-76 R1·A@-76 R2·A@-75 R3·A@-74 罐=无罐 泵=0 阀=111111 速=+0,+0,+0.00 电=7.92V/2.36A/峰2.93 补余=0.0 IO错=0 倾+0.0
[  574.050] TLM t= 393.4 L1·A@-76 L2·A@-74 L3·A@-76 R1·A@-76 R2·A@-74 R3·A@-73 罐=无罐 泵=0 阀=111111 速=+0,+0,+0.00 电=7.93V/2.44A/峰2.93 补余=0.0 IO错=0 倾+0.0
[  574.575] TLM t= 393.9 L1·A@-76 L2·A@-74 L3·A@-76 R1·A@-76 R2·A@-74 R3·A@-73 罐=无罐 泵=0 阀=111111 速=+0,+0,+0.00 电=7.92V/2.28A/峰2.93 补余=0.0 IO错=0 倾+0.0
[  575.077] TLM t= 394.4 L1·A@-76 L2·A@-74 L3·A@-76 R1·A@-76 R2·A@-74 R3·A@-72 罐=无罐 泵=0 阀=111111 速=+0,+0,+0.00 电=7.92V/2.52A/峰2.93 补余=0.0 IO错=0 倾+0.0
[  575.598] TLM t= 394.9 L1·A@-76 L2·A@-73 L3·A@-76 R1·A@-76 R2·A@-73 R3·A@-72 罐=无罐 泵=0 阀=111111 速=+0,+0,+0.00 电=7.94V/2.52A/峰2.93 补余=0.0 IO错=0 倾+0.0
[  576.100] TLM t= 395.4 L1·A@-76 L2·A@-73 L3·A@-76 R1·A@-76 R2·A@-73 R3·A@-71 罐=无罐 泵=0 阀=111111 速=+0,+0,+0.00 电=7.92V/2.52A/峰2.93 补余=0.0 IO错=0 倾+0.0
[  576.623] TLM t= 395.9 L1·A@-75 L2·A@-72 L3·A@-76 R1·A@-75 R2·A@-73 R3·A@-71 罐=无罐 泵=0 阀=111111 速=+0,+0,+0.00 电=7.92V/2.52A/峰2.93 补余=0.0 IO错=0 倾+0.0
[  577.128] TLM t= 396.4 L1·A@-75 L2·A@-72 L3·A@-76 R1·A@-75 R2·A@-72 R3·A@-70 罐=无罐 泵=0 阀=111111 速=+0,+0,+0.00 电=7.92V/2.60A/峰2.93 补余=0.0 IO错=0 倾+0.0
[  577.650] TLM t= 396.9 L1·A@-75 L2·A@-72 L3·A@-76 R1·A@-75 R2·A@-72 R3·A@-70 罐=无罐 泵=0 阀=111111 速=+0,+0,+0.00 电=7.92V/2.52A/峰2.93 补余=0.0 IO错=0 倾+0.0
[  578.156] TLM t= 397.4 L1·A@-75 L2·A@-71 L3·A@-75 R1·A@-75 R2·A@-72 R3·A@-69 罐=无罐 泵=0 阀=111111 速=+0,+0,+0.00 电=7.93V/2.28A/峰2.93 补余=0.0 IO错=0 倾+0.0
[  578.679] TLM t= 398.0 L1·A@-75 L2·A@-71 L3·A@-75 R1·A@-75 R2·A@-71 R3·A@-68 罐=无罐 泵=0 阀=111111 速=+0,+0,+0.00 电=7.93V/2.36A/峰2.93 补余=0.0 IO错=0 倾+0.0
[  579.184] TLM t= 398.5 L1·A@-75 L2·A@-70 L3·A@-75 R1·A@-75 R2·A@-71 R3·A@-68 罐=无罐 泵=0 阀=111111 速=+0,+0,+0.00 电=7.92V/2.44A/峰2.93 补余=0.0 IO错=0 倾+0.0
[  579.703] TLM t= 399.0 L1·A@-75 L2·A@-70 L3·A@-75 R1·A@-75 R2·A@-71 R3·A@-67 罐=无罐 泵=0 阀=111111 速=+0,+0,+0.00 电=7.92V/2.36A/峰2.93 补余=0.0 IO错=0 倾+0.0
[  580.207] TLM t= 399.5 L1·A@-75 L2·A@-70 L3·A@-75 R1·A@-75 R2·A@-70 R3·A@-67 罐=无罐 泵=0 阀=111111 速=+0,+0,+0.00 电=7.92V/2.36A/峰2.93 补余=0.0 IO错=0 倾+0.0
[  580.729] TLM t= 400.0 L1·A@-75 L2·A@-69 L3·A@-75 R1·A@-75 R2·A@-70 R3·A@-66 罐=无罐 泵=0 阀=111111 速=+0,+0,+0.00 电=7.92V/2.52A/峰2.93 补余=0.0 IO错=0 倾+0.0
[  581.235] TLM t= 400.5 L1·A@-75 L2·A@-69 L3·A@-75 R1·A@-75 R2·A@-70 R3·A@-66 罐=无罐 泵=0 阀=111111 速=+0,+0,+0.00 电=7.93V/2.36A/峰2.93 补余=0.0 IO错=0 倾+0.0
[  581.751] TLM t= 401.0 L1·A@-74 L2·A@-68 L3·A@-75 R1·A@-75 R2·A@-69 R3·A@-65 罐=无罐 泵=0 阀=111111 速=+0,+0,+0.00 电=7.93V/2.52A/峰2.93 补余=0.0 IO错=0 倾+0.0
[  582.257] TLM t= 401.5 L1·A@-74 L2·A@-68 L3·A@-75 R1·A@-75 R2·A@-69 R3·A@-65 罐=无罐 泵=0 阀=111111 速=+0,+0,+0.00 电=7.93V/2.44A/峰2.93 补余=0.0 IO错=0 倾+0.0
[  582.777] TLM t= 402.0 L1·A@-74 L2·A@-68 L3·A@-75 R1·A@-75 R2·A@-69 R3·A@-64 罐=无罐 泵=0 阀=111111 速=+0,+0,+0.00 电=7.93V/2.28A/峰2.93 补余=0.0 IO错=0 倾+0.0
[  583.280] TLM t= 402.5 L1·A@-74 L2·A@-67 L3·A@-75 R1·A@-75 R2·A@-68 R3·A@-63 罐=无罐 泵=0 阀=111111 速=+0,+0,+0.00 电=7.93V/2.36A/峰2.93 补余=0.0 IO错=0 倾+0.0
[  583.806] TLM t= 403.1 L1·A@-74 L2·A@-67 L3·A@-75 R1·A@-75 R2·A@-68 R3·A@-63 罐=无罐 泵=0 阀=111111 速=+0,+0,+0.00 电=7.92V/2.36A/峰2.93 补余=0.0 IO错=0 倾+0.0
[  584.310] TLM t= 403.6 L1·A@-74 L2·A@-67 L3·A@-75 R1·A@-75 R2·A@-68 R3·A@-62 罐=无罐 泵=0 阀=111111 速=+0,+0,+0.00 电=7.91V/2.44A/峰2.93 补余=0.0 IO错=0 倾+0.0
[  584.828] TLM t= 404.1 L1·A@-74 L2·A@-66 L3·A@-74 R1·A@-75 R2·A@-67 R3·A@-62 罐=无罐 泵=0 阀=111111 速=+0,+0,+0.00 电=7.93V/2.36A/峰2.93 补余=0.0 IO错=0 倾+0.0
[  585.332] TLM t= 404.6 L1·A@-74 L2·A@-66 L3·A@-74 R1·A@-75 R2·A@-67 R3·A@-61 罐=无罐 泵=0 阀=111111 速=+0,+0,+0.00 电=7.93V/2.20A/峰2.93 补余=0.0 IO错=0 倾+0.0
[  585.855] TLM t= 405.1 L1·A@-74 L2·A@-65 L3·A@-74 R1·A@-75 R2·A@-67 R3·A@-61 罐=无罐 泵=0 阀=111111 速=+0,+0,+0.00 电=7.92V/2.44A/峰2.93 补余=0.0 IO错=0 倾+0.0
[  586.358] TLM t= 405.6 L1·A@-74 L2·A@-65 L3·A@-74 R1·A@-75 R2·A@-66 R3·A@-60 罐=无罐 泵=0 阀=111111 速=+0,+0,+0.00 电=7.93V/2.44A/峰2.93 补余=0.0 IO错=0 倾+0.0
[  586.650] EVT 泵 开 最差盘压-60.0
[  586.879] TLM t= 406.1 L1·A@-73 L2·A@-65 L3·A@-74 R1·A@-75 R2·A@-66 R3·A@-60 罐=无罐 泵=1 阀=111111 速=+0,+0,+0.00 电=7.85V/2.52A/峰2.93 补余=0.0 IO错=0 倾+0.0
[  587.380] TLM t= 406.6 L1·A@-73 L2·A@-74 L3·A@-74 R1·A@-75 R2·A@-74 R3·A@-74 罐=无罐 泵=1 阀=111111 速=+0,+0,+0.00 电=7.90V/2.36A/峰2.93 补余=0.0 IO错=0 倾+0.0
[  587.614] EVT 泵 停 最差盘压-75.3
[  587.902] TLM t= 407.1 L1·A@-76 L2·A@-76 L3·A@-76 R1·A@-76 R2·A@-76 R3·A@-76 罐=无罐 泵=0 阀=111111 速=+0,+0,+0.00 电=7.92V/2.44A/峰2.93 补余=0.0 IO错=0 倾+0.0
[  588.406] TLM t= 407.6 L1·A@-76 L2·A@-76 L3·A@-76 R1·A@-76 R2·A@-76 R3·A@-76 罐=无罐 泵=0 阀=111111 速=+0,+0,+0.00 电=7.93V/2.52A/峰2.93 补余=0.0 IO错=0 倾+0.0
[  588.926] TLM t= 408.2 L1·A@-76 L2·A@-76 L3·A@-76 R1·A@-76 R2·A@-75 R3·A@-75 罐=无罐 泵=0 阀=111111 速=+0,+0,+0.00 电=7.93V/2.60A/峰2.93 补余=0.0 IO错=0 倾+0.0
[  589.430] TLM t= 408.7 L1·A@-76 L2·A@-75 L3·A@-76 R1·A@-76 R2·A@-75 R3·A@-74 罐=无罐 泵=0 阀=111111 速=+0,+0,+0.00 电=7.93V/2.36A/峰2.93 补余=0.0 IO错=0 倾+0.0
[  589.953] TLM t= 409.2 L1·A@-76 L2·A@-75 L3·A@-76 R1·A@-76 R2·A@-75 R3·A@-74 罐=无罐 泵=0 阀=111111 速=+0,+0,+0.00 电=7.91V/2.52A/峰2.93 补余=0.0 IO错=0 倾+0.0
[  590.455] TLM t= 409.7 L1·A@-76 L2·A@-74 L3·A@-76 R1·A@-76 R2·A@-74 R3·A@-73 罐=无罐 泵=0 阀=111111 速=+0,+0,+0.00 电=7.91V/2.52A/峰2.93 补余=0.0 IO错=0 倾+0.0
[  590.977] TLM t= 410.2 L1·A@-76 L2·A@-74 L3·A@-76 R1·A@-76 R2·A@-74 R3·A@-73 罐=无罐 泵=0 阀=111111 速=+0,+0,+0.00 电=7.93V/2.36A/峰2.93 补余=0.0 IO错=0 倾+0.0
[  591.484] TLM t= 410.7 L1·A@-76 L2·A@-74 L3·A@-76 R1·A@-76 R2·A@-74 R3·A@-72 罐=无罐 泵=0 阀=111111 速=+0,+0,+0.00 电=7.93V/2.44A/峰2.93 补余=0.0 IO错=0 倾+0.0
[  592.000] TLM t= 411.2 L1·A@-76 L2·A@-73 L3·A@-76 R1·A@-76 R2·A@-73 R3·A@-72 罐=无罐 泵=0 阀=111111 速=+0,+0,+0.00 电=7.91V/2.28A/峰2.93 补余=0.0 IO错=0 倾+0.0
[  592.503] TLM t= 411.7 L1·A@-75 L2·A@-73 L3·A@-76 R1·A@-76 R2·A@-73 R3·A@-71 罐=无罐 泵=0 阀=111111 速=+0,+0,+0.00 电=7.91V/2.04A/峰2.93 补余=0.0 IO错=0 倾+0.0
[  593.030] TLM t= 412.2 L1·A@-75 L2·A@-72 L3·A@-76 R1·A@-76 R2·A@-72 R3·A@-70 罐=无罐 泵=0 阀=111111 速=+0,+0,+0.00 电=7.93V/2.04A/峰2.93 补余=0.0 IO错=0 倾+0.0
[  593.532] TLM t= 412.7 L1·A@-75 L2·A@-72 L3·A@-76 R1·A@-75 R2·A@-72 R3·A@-70 罐=无罐 泵=0 阀=111111 速=+0,+0,+0.00 电=7.95V/1.95A/峰2.93 补余=0.0 IO错=0 倾+0.0
[  594.056] TLM t= 413.3 L1·A@-75 L2·A@-72 L3·A@-75 R1·A@-75 R2·A@-72 R3·A@-69 罐=无罐 泵=0 阀=111111 速=+0,+0,+0.00 电=7.95V/1.87A/峰2.93 补余=0.0 IO错=0 倾+0.0
[  594.562] TLM t= 413.8 L1·A@-75 L2·A@-71 L3·A@-75 R1·A@-75 R2·A@-72 R3·A@-69 罐=无罐 泵=0 阀=111111 速=+0,+0,+0.00 电=7.93V/2.04A/峰2.93 补余=0.0 IO错=0 倾+0.0
[  595.082] TLM t= 414.3 L1·A@-75 L2·A@-71 L3·A@-75 R1·A@-75 R2·A@-71 R3·A@-68 罐=无罐 泵=0 阀=111111 速=+0,+0,+0.00 电=7.95V/1.95A/峰2.93 补余=0.0 IO错=0 倾+0.0
[  595.227] EVT 键 'o' 倾=+0.0待=+0.0
[  595.447] EVT 取机窗口：停泵 → 逐足串行排气（0.2s 间隔）→ 六足舵机撑住（泵禁开）
[  595.592] TLM t= 414.6 L1·A@-75 L2·A@-70 L3·A@-75 R1·A@-75 R2·A@-71 R3·A@-68 罐=无罐 泵=0 阀=111111 速=+0,+0,+0.00 电=7.96V/1.95A/峰2.93 补余=0.0 IO错=0 取机放气
[  595.861] EVT 吸附 L1 attached→venting 在态176.44s -74.8kPa
[  595.869] EVT 阀 L1 →排气位
[  596.112] TLM t= 414.6 L1·v@-75 L2·A@-70 L3·A@-75 R1·A@-75 R2·A@-71 R3·A@-67 罐=无罐 泵=0 阀=011111 速=+0,+0,+0.00 电=7.97V/1.38A/峰2.93 补余=0.0 IO错=0 取机放气
[  596.137] EVT 吸附 L2 attached→venting 在态105.54s -69.8kPa
[  596.144] EVT 阀 L2 →排气位
[  596.388] EVT 吸附 L3 attached→venting 在态141.62s -75.2kPa
[  596.391] EVT 吸附 L1 venting→released 在态0.42s 0.1kPa
[  596.396] EVT 阀 L3 →排气位
[  596.620] EVT 吸附 R1 attached→venting 在态123.40s -75.3kPa
[  596.622] EVT 吸附 L2 venting→released 在态0.42s 0.4kPa
[  596.625] EVT 阀 R1 →排气位
[  596.629] TLM t= 414.6 L1·r@-- L2·r@-- L3·v@-75 R1·v@-75 R2·A@-70 R3·A@-66 罐=无罐 泵=0 阀=000011 速=+0,+0,+0.00 电=7.95V/1.06A/峰2.93 补余=0.0 IO错=0 取机放气
[  596.845] EVT 吸附 R2 attached→venting 在态159.98s -70.0kPa
[  596.847] EVT 吸附 L3 venting→released 在态0.42s 0.1kPa
[  596.847] EVT 阀 R2 →排气位
[  597.056] EVT 吸附 R3 attached→venting 在态195.72s -66.3kPa
[  597.058] EVT 吸附 R1 venting→released 在态0.42s 0.1kPa
[  597.058] EVT 阀 R3 →排气位
[  597.145] TLM t= 414.6 L1·r@-- L2·r@-- L3·r@-- R1·r@-- R2·v@-70 R3·v@-66 罐=无罐 泵=0 阀=000000 速=+0,+0,+0.00 电=7.93V/0.81A/峰2.93 补余=0.0 IO错=0 取机放气
[  597.270] EVT 键 'o' 倾=+0.0待=+0.0（已放开）
[  597.272] EVT 吸附 R2 venting→released 在态0.42s 0.1kPa
[  597.273] EVT ⚠ 主环卡顿 1825ms（目标 20ms）
[  597.456] EVT 吸附 R3 venting→released 在态0.42s 0.2kPa
[  597.663] TLM t= 415.1 L1·r@-- L2·r@-- L3·r@-- R1·r@-- R2·r@-- R3·r@-- 罐=无罐 泵=0 阀=000000 速=+0,+0,+0.00 电=7.93V/0.73A/峰2.93 补余=0.0 IO错=0 倾+0.0 已放开
[  598.165] TLM t= 415.6 L1·r@-- L2·r@-- L3·r@-- R1·r@-- R2·r@-- R3·r@-- 罐=无罐 泵=0 阀=000000 速=+0,+0,+0.00 电=7.94V/0.73A/峰2.93 补余=0.0 IO错=0 倾+0.0 已放开
[  598.667] TLM t= 416.1 L1·r@-- L2·r@-- L3·r@-- R1·r@-- R2·r@-- R3·r@-- 罐=无罐 泵=0 阀=000000 速=+0,+0,+0.00 电=7.94V/0.65A/峰2.93 补余=0.0 IO错=0 倾+0.0 已放开
[  599.168] TLM t= 416.6 L1·r@-- L2·r@-- L3·r@-- R1·r@-- R2·r@-- R3·r@-- 罐=无罐 泵=0 阀=000000 速=+0,+0,+0.00 电=7.94V/0.65A/峰2.93 补余=0.0 IO错=0 倾+0.0 已放开
[  599.672] TLM t= 417.1 L1·r@-- L2·r@-- L3·r@-- R1·r@-- R2·r@-- R3·r@-- 罐=无罐 泵=0 阀=000000 速=+0,+0,+0.00 电=7.94V/0.73A/峰2.93 补余=0.0 IO错=0 倾+0.0 已放开
[  600.170] TLM t= 417.6 L1·r@-- L2·r@-- L3·r@-- R1·r@-- R2·r@-- R3·r@-- 罐=无罐 泵=0 阀=000000 速=+0,+0,+0.00 电=7.93V/0.73A/峰2.93 补余=0.0 IO错=0 倾+0.0 已放开
[  600.672] TLM t= 418.1 L1·r@-- L2·r@-- L3·r@-- R1·r@-- R2·r@-- R3·r@-- 罐=无罐 泵=0 阀=000000 速=+0,+0,+0.00 电=7.93V/0.73A/峰2.93 补余=0.0 IO错=0 倾+0.0 已放开
[  601.173] TLM t= 418.6 L1·r@-- L2·r@-- L3·r@-- R1·r@-- R2·r@-- R3·r@-- 罐=无罐 泵=0 阀=000000 速=+0,+0,+0.00 电=7.94V/0.57A/峰2.93 补余=0.0 IO错=0 倾+0.0 已放开
[  601.673] TLM t= 419.1 L1·r@-- L2·r@-- L3·r@-- R1·r@-- R2·r@-- R3·r@-- 罐=无罐 泵=0 阀=000000 速=+0,+0,+0.00 电=7.95V/0.41A/峰2.93 补余=0.0 IO错=0 倾+0.0 已放开
[  602.176] TLM t= 419.6 L1·r@-- L2·r@-- L3·r@-- R1·r@-- R2·r@-- R3·r@-- 罐=无罐 泵=0 阀=000000 速=+0,+0,+0.00 电=7.93V/0.73A/峰2.93 补余=0.0 IO错=0 倾+0.0 已放开
[  602.680] TLM t= 420.1 L1·r@-- L2·r@-- L3·r@-- R1·r@-- R2·r@-- R3·r@-- 罐=无罐 泵=0 阀=000000 速=+0,+0,+0.00 电=7.93V/0.73A/峰2.93 补余=0.0 IO错=0 倾+0.0 已放开
[  603.178] TLM t= 420.6 L1·r@-- L2·r@-- L3·r@-- R1·r@-- R2·r@-- R3·r@-- 罐=无罐 泵=0 阀=000000 速=+0,+0,+0.00 电=7.92V/0.81A/峰2.93 补余=0.0 IO错=0 倾+0.0 已放开
[  603.679] TLM t= 421.1 L1·r@-- L2·r@-- L3·r@-- R1·r@-- R2·r@-- R3·r@-- 罐=无罐 泵=0 阀=000000 速=+0,+0,+0.00 电=7.93V/0.73A/峰2.93 补余=0.0 IO错=0 倾+0.0 已放开
[  604.181] TLM t= 421.6 L1·r@-- L2·r@-- L3·r@-- R1·r@-- R2·r@-- R3·r@-- 罐=无罐 泵=0 阀=000000 速=+0,+0,+0.00 电=7.93V/0.73A/峰2.93 补余=0.0 IO错=0 倾+0.0 已放开
[  604.683] TLM t= 422.1 L1·r@-- L2·r@-- L3·r@-- R1·r@-- R2·r@-- R3·r@-- 罐=无罐 泵=0 阀=000000 速=+0,+0,+0.00 电=7.93V/0.81A/峰2.93 补余=0.0 IO错=0 倾+0.0 已放开
[  605.182] TLM t= 422.6 L1·r@-- L2·r@-- L3·r@-- R1·r@-- R2·r@-- R3·r@-- 罐=无罐 泵=0 阀=000000 速=+0,+0,+0.00 电=7.93V/0.73A/峰2.93 补余=0.0 IO错=0 倾+0.0 已放开
[  605.686] TLM t= 423.1 L1·r@-- L2·r@-- L3·r@-- R1·r@-- R2·r@-- R3·r@-- 罐=无罐 泵=0 阀=000000 速=+0,+0,+0.00 电=7.94V/0.73A/峰2.93 补余=0.0 IO错=0 倾+0.0 已放开
[  606.192] TLM t= 423.6 L1·r@-- L2·r@-- L3·r@-- R1·r@-- R2·r@-- R3·r@-- 罐=无罐 泵=0 阀=000000 速=+0,+0,+0.00 电=7.93V/0.73A/峰2.93 补余=0.0 IO错=0 倾+0.0 已放开
[  606.691] TLM t= 424.1 L1·r@-- L2·r@-- L3·r@-- R1·r@-- R2·r@-- R3·r@-- 罐=无罐 泵=0 阀=000000 速=+0,+0,+0.00 电=7.92V/0.81A/峰2.93 补余=0.0 IO错=0 倾+0.0 已放开
[  607.189] TLM t= 424.6 L1·r@-- L2·r@-- L3·r@-- R1·r@-- R2·r@-- R3·r@-- 罐=无罐 泵=0 阀=000000 速=+0,+0,+0.00 电=7.93V/0.81A/峰2.93 补余=0.0 IO错=0 倾+0.0 已放开
[  607.691] TLM t= 425.1 L1·r@-- L2·r@-- L3·r@-- R1·r@-- R2·r@-- R3·r@-- 罐=无罐 泵=0 阀=000000 速=+0,+0,+0.00 电=7.93V/0.81A/峰2.93 补余=0.0 IO错=0 倾+0.0 已放开
[  608.191] TLM t= 425.6 L1·r@-- L2·r@-- L3·r@-- R1·r@-- R2·r@-- R3·r@-- 罐=无罐 泵=0 阀=000000 速=+0,+0,+0.00 电=7.93V/0.73A/峰2.93 补余=0.0 IO错=0 倾+0.0 已放开
[  608.696] TLM t= 426.1 L1·r@-- L2·r@-- L3·r@-- R1·r@-- R2·r@-- R3·r@-- 罐=无罐 泵=0 阀=000000 速=+0,+0,+0.00 电=7.93V/0.73A/峰2.93 补余=0.0 IO错=0 倾+0.0 已放开
[  609.196] TLM t= 426.6 L1·r@-- L2·r@-- L3·r@-- R1·r@-- R2·r@-- R3·r@-- 罐=无罐 泵=0 阀=000000 速=+0,+0,+0.00 电=7.93V/0.81A/峰2.93 补余=0.0 IO错=0 倾+0.0 已放开
[  609.696] TLM t= 427.1 L1·r@-- L2·r@-- L3·r@-- R1·r@-- R2·r@-- R3·r@-- 罐=无罐 泵=0 阀=000000 速=+0,+0,+0.00 电=7.93V/0.73A/峰2.93 补余=0.0 IO错=0 倾+0.0 已放开
[  610.149] EVT 键 '\x1b' 倾=+0.0待=+0.0（已放开）
[  610.200] TLM t= 427.6 L1·r@-- L2·r@-- L3·r@-- R1·r@-- R2·r@-- R3·r@-- 罐=无罐 泵=0 阀=000000 速=+0,+0,+0.00 电=7.92V/0.81A/峰2.93 补余=0.0 IO错=0 倾+0.0 已放开
[  610.290] EVT 退出序列：停泵 → 逐足串行放气（通→断，0.2s 间隔） → 舵机断电（不回站姿）
[  610.594] TLM t= 427.6 L1·r@-- L2·r@-- L3·r@-- R1·r@-- R2·r@-- R3·r@-- 罐=无罐 泵=0 阀=000000 速=+0,+0,+0.00 电=7.93V/0.81A/峰2.93 补余=0.0 IO错=0 退出放气
[  610.614] EVT 阀 L1 →抽气位
[  610.835] EVT 阀 L2 →抽气位
[  611.064] EVT 阀 L3 →抽气位
[  611.110] TLM t= 427.6 L1·r@-- L2·r@-- L3·r@-- R1·r@-- R2·r@-- R3·r@-- 罐=无罐 泵=0 阀=111000 速=+0,+0,+0.00 电=7.97V/0.81A/峰2.93 补余=0.0 IO错=0 退出放气
[  611.291] EVT 阀 R1 →抽气位
[  611.512] EVT 阀 R2 →抽气位
[  611.618] TLM t= 427.6 L1·r@-- L2·r@-- L3·r@-- R1·r@-- R2·r@-- R3·r@-- 罐=无罐 泵=0 阀=111110 速=+0,+0,+0.00 电=8.00V/0.73A/峰2.93 补余=0.0 IO错=0 退出放气
[  611.739] EVT 阀 R3 →抽气位
[  611.939] EVT 退出：阀线圈已断电（coils_off）
[  612.050] EVT 退出序列完成（舵机断电）
[  612.050] EVT END 正常退出
