# 开跑 2026-08-26 10:12:00  argv: scripts/body_lean.py --no-tank --stand-height 62 --tilt-trim 6 --handover L1:31,R1:33,L3:29,R3:22,R2:22,L2:24 --handover-weights
# git: 6118789
# 模式=no-tank port=/dev/ttyACM0
# 参数: lean_step=5mm lean_speed=10mm/s press_delta=18mm stand=62 tilt_trim=6° handover=L1:31,L2:24,L3:29,R1:33,R2:22,R3:22 dual=0
# 阈值: ATTACH=-30.0 PUMP_ON=-60.0 PUMP_OFF=-75.0 comp_tail=72.3mm suck_timeout=2.5s
[    2.509] EVT 缓慢站起（竖直升至爬墙站位）
[    6.614] EVT 爬墙站位就位，进入就位暂停
# handover_slot_w=0.600,0.250,0.100,0.050,0.000
[    6.729] TLM t=   0.0 L1·r@-- L2·r@-- L3·r@-- R1·r@-- R2·r@-- R3·r@-- 罐=无罐 泵=0 阀=000000 速=+0,+0,+0.00 电=8.06V/1.63A/峰1.63 补余=0.0 IO错=0 就位暂停
[    7.232] TLM t=   0.0 L1·r@-- L2·r@-- L3·r@-- R1·r@-- R2·r@-- R3·r@-- 罐=无罐 泵=0 阀=000000 速=+0,+0,+0.00 电=8.07V/1.63A/峰1.63 补余=0.0 IO错=0 就位暂停
[    7.739] TLM t=   0.0 L1·r@-- L2·r@-- L3·r@-- R1·r@-- R2·r@-- R3·r@-- 罐=无罐 泵=0 阀=000000 速=+0,+0,+0.00 电=8.07V/1.55A/峰1.63 补余=0.0 IO错=0 就位暂停
[    8.247] TLM t=   0.0 L1·r@-- L2·r@-- L3·r@-- R1·r@-- R2·r@-- R3·r@-- 罐=无罐 泵=0 阀=000000 速=+0,+0,+0.00 电=8.07V/1.55A/峰1.63 补余=0.0 IO错=0 就位暂停
[    8.756] TLM t=   0.0 L1·r@-- L2·r@-- L3·r@-- R1·r@-- R2·r@-- R3·r@-- 罐=无罐 泵=0 阀=000000 速=+0,+0,+0.00 电=8.07V/1.55A/峰1.63 补余=0.0 IO错=0 就位暂停
[    9.270] TLM t=   0.0 L1·r@-- L2·r@-- L3·r@-- R1·r@-- R2·r@-- R3·r@-- 罐=无罐 泵=0 阀=000000 速=+0,+0,+0.00 电=8.07V/1.55A/峰1.63 补余=0.0 IO错=0 就位暂停
[    9.777] TLM t=   0.0 L1·r@-- L2·r@-- L3·r@-- R1·r@-- R2·r@-- R3·r@-- 罐=无罐 泵=0 阀=000000 速=+0,+0,+0.00 电=8.07V/1.55A/峰1.63 补余=0.0 IO错=0 就位暂停
[   10.287] TLM t=   0.0 L1·r@-- L2·r@-- L3·r@-- R1·r@-- R2·r@-- R3·r@-- 罐=无罐 泵=0 阀=000000 速=+0,+0,+0.00 电=8.07V/1.55A/峰1.63 补余=0.0 IO错=0 就位暂停
[   10.794] TLM t=   0.0 L1·r@-- L2·r@-- L3·r@-- R1·r@-- R2·r@-- R3·r@-- 罐=无罐 泵=0 阀=000000 速=+0,+0,+0.00 电=8.07V/1.55A/峰1.63 补余=0.0 IO错=0 就位暂停
[   11.306] TLM t=   0.0 L1·r@-- L2·r@-- L3·r@-- R1·r@-- R2·r@-- R3·r@-- 罐=无罐 泵=0 阀=000000 速=+0,+0,+0.00 电=8.07V/1.55A/峰1.63 补余=0.0 IO错=0 就位暂停
[   11.812] TLM t=   0.0 L1·r@-- L2·r@-- L3·r@-- R1·r@-- R2·r@-- R3·r@-- 罐=无罐 泵=0 阀=000000 速=+0,+0,+0.00 电=8.08V/1.55A/峰1.63 补余=0.0 IO错=0 就位暂停
[   12.321] TLM t=   0.0 L1·r@-- L2·r@-- L3·r@-- R1·r@-- R2·r@-- R3·r@-- 罐=无罐 泵=0 阀=000000 速=+0,+0,+0.00 电=8.07V/1.55A/峰1.63 补余=0.0 IO错=0 就位暂停
[   12.829] TLM t=   0.0 L1·r@-- L2·r@-- L3·r@-- R1·r@-- R2·r@-- R3·r@-- 罐=无罐 泵=0 阀=000000 速=+0,+0,+0.00 电=8.07V/1.47A/峰1.63 补余=0.0 IO错=0 就位暂停
[   13.345] TLM t=   0.0 L1·r@-- L2·r@-- L3·r@-- R1·r@-- R2·r@-- R3·r@-- 罐=无罐 泵=0 阀=000000 速=+0,+0,+0.00 电=8.08V/1.47A/峰1.63 补余=0.0 IO错=0 就位暂停
[   13.852] TLM t=   0.0 L1·r@-- L2·r@-- L3·r@-- R1·r@-- R2·r@-- R3·r@-- 罐=无罐 泵=0 阀=000000 速=+0,+0,+0.00 电=8.07V/1.55A/峰1.63 补余=0.0 IO错=0 就位暂停
[   14.363] TLM t=   0.0 L1·r@-- L2·r@-- L3·r@-- R1·r@-- R2·r@-- R3·r@-- 罐=无罐 泵=0 阀=000000 速=+0,+0,+0.00 电=8.07V/1.55A/峰1.63 补余=0.0 IO错=0 就位暂停
[   14.868] TLM t=   0.0 L1·r@-- L2·r@-- L3·r@-- R1·r@-- R2·r@-- R3·r@-- 罐=无罐 泵=0 阀=000000 速=+0,+0,+0.00 电=8.07V/1.55A/峰1.63 补余=0.0 IO错=0 就位暂停
[   15.380] TLM t=   0.0 L1·r@-- L2·r@-- L3·r@-- R1·r@-- R2·r@-- R3·r@-- 罐=无罐 泵=0 阀=000000 速=+0,+0,+0.00 电=8.07V/1.55A/峰1.63 补余=0.0 IO错=0 就位暂停
[   15.886] TLM t=   0.0 L1·r@-- L2·r@-- L3·r@-- R1·r@-- R2·r@-- R3·r@-- 罐=无罐 泵=0 阀=000000 速=+0,+0,+0.00 电=8.08V/1.55A/峰1.63 补余=0.0 IO错=0 就位暂停
[   16.398] TLM t=   0.0 L1·r@-- L2·r@-- L3·r@-- R1·r@-- R2·r@-- R3·r@-- 罐=无罐 泵=0 阀=000000 速=+0,+0,+0.00 电=8.06V/1.47A/峰1.63 补余=0.0 IO错=0 就位暂停
[   16.904] TLM t=   0.0 L1·r@-- L2·r@-- L3·r@-- R1·r@-- R2·r@-- R3·r@-- 罐=无罐 泵=0 阀=000000 速=+0,+0,+0.00 电=8.05V/1.47A/峰1.63 补余=0.0 IO错=0 就位暂停
[   17.416] TLM t=   0.0 L1·r@-- L2·r@-- L3·r@-- R1·r@-- R2·r@-- R3·r@-- 罐=无罐 泵=0 阀=000000 速=+0,+0,+0.00 电=8.07V/1.47A/峰1.63 补余=0.0 IO错=0 就位暂停
[   17.922] TLM t=   0.0 L1·r@-- L2·r@-- L3·r@-- R1·r@-- R2·r@-- R3·r@-- 罐=无罐 泵=0 阀=000000 速=+0,+0,+0.00 电=8.07V/1.38A/峰1.63 补余=0.0 IO错=0 就位暂停
[   18.434] TLM t=   0.0 L1·r@-- L2·r@-- L3·r@-- R1·r@-- R2·r@-- R3·r@-- 罐=无罐 泵=0 阀=000000 速=+0,+0,+0.00 电=8.07V/1.38A/峰1.63 补余=0.0 IO错=0 就位暂停
[   18.939] TLM t=   0.0 L1·r@-- L2·r@-- L3·r@-- R1·r@-- R2·r@-- R3·r@-- 罐=无罐 泵=0 阀=000000 速=+0,+0,+0.00 电=8.06V/1.30A/峰1.63 补余=0.0 IO错=0 就位暂停
[   19.450] TLM t=   0.0 L1·r@-- L2·r@-- L3·r@-- R1·r@-- R2·r@-- R3·r@-- 罐=无罐 泵=0 阀=000000 速=+0,+0,+0.00 电=8.07V/1.30A/峰1.63 补余=0.0 IO错=0 就位暂停
[   19.956] TLM t=   0.0 L1·r@-- L2·r@-- L3·r@-- R1·r@-- R2·r@-- R3·r@-- 罐=无罐 泵=0 阀=000000 速=+0,+0,+0.00 电=8.07V/1.38A/峰1.63 补余=0.0 IO错=0 就位暂停
[   20.467] TLM t=   0.0 L1·r@-- L2·r@-- L3·r@-- R1·r@-- R2·r@-- R3·r@-- 罐=无罐 泵=0 阀=000000 速=+0,+0,+0.00 电=8.07V/1.38A/峰1.63 补余=0.0 IO错=0 就位暂停
[   20.975] TLM t=   0.0 L1·r@-- L2·r@-- L3·r@-- R1·r@-- R2·r@-- R3·r@-- 罐=无罐 泵=0 阀=000000 速=+0,+0,+0.00 电=8.07V/1.30A/峰1.63 补余=0.0 IO错=0 就位暂停
[   21.486] TLM t=   0.0 L1·r@-- L2·r@-- L3·r@-- R1·r@-- R2·r@-- R3·r@-- 罐=无罐 泵=0 阀=000000 速=+0,+0,+0.00 电=8.07V/1.30A/峰1.63 补余=0.0 IO错=0 就位暂停
[   21.992] TLM t=   0.0 L1·r@-- L2·r@-- L3·r@-- R1·r@-- R2·r@-- R3·r@-- 罐=无罐 泵=0 阀=000000 速=+0,+0,+0.00 电=8.08V/1.38A/峰1.63 补余=0.0 IO错=0 就位暂停
[   22.504] TLM t=   0.0 L1·r@-- L2·r@-- L3·r@-- R1·r@-- R2·r@-- R3·r@-- 罐=无罐 泵=0 阀=000000 速=+0,+0,+0.00 电=8.06V/1.30A/峰1.63 补余=0.0 IO错=0 就位暂停
[   23.007] TLM t=   0.0 L1·r@-- L2·r@-- L3·r@-- R1·r@-- R2·r@-- R3·r@-- 罐=无罐 泵=0 阀=000000 速=+0,+0,+0.00 电=8.08V/1.14A/峰1.63 补余=0.0 IO错=0 就位暂停
[   23.525] TLM t=   0.0 L1·r@-- L2·r@-- L3·r@-- R1·r@-- R2·r@-- R3·r@-- 罐=无罐 泵=0 阀=000000 速=+0,+0,+0.00 电=8.07V/0.98A/峰1.63 补余=0.0 IO错=0 就位暂停
[   24.031] TLM t=   0.0 L1·r@-- L2·r@-- L3·r@-- R1·r@-- R2·r@-- R3·r@-- 罐=无罐 泵=0 阀=000000 速=+0,+0,+0.00 电=8.07V/0.98A/峰1.63 补余=0.0 IO错=0 就位暂停
[   24.544] TLM t=   0.0 L1·r@-- L2·r@-- L3·r@-- R1·r@-- R2·r@-- R3·r@-- 罐=无罐 泵=0 阀=000000 速=+0,+0,+0.00 电=8.08V/0.90A/峰1.63 补余=0.0 IO错=0 就位暂停
[   25.049] TLM t=   0.0 L1·r@-- L2·r@-- L3·r@-- R1·r@-- R2·r@-- R3·r@-- 罐=无罐 泵=0 阀=000000 速=+0,+0,+0.00 电=8.08V/0.90A/峰1.63 补余=0.0 IO错=0 就位暂停
[   25.559] TLM t=   0.0 L1·r@-- L2·r@-- L3·r@-- R1·r@-- R2·r@-- R3·r@-- 罐=无罐 泵=0 阀=000000 速=+0,+0,+0.00 电=8.09V/0.98A/峰1.63 补余=0.0 IO错=0 就位暂停
[   26.064] TLM t=   0.0 L1·r@-- L2·r@-- L3·r@-- R1·r@-- R2·r@-- R3·r@-- 罐=无罐 泵=0 阀=000000 速=+0,+0,+0.00 电=8.09V/0.90A/峰1.63 补余=0.0 IO错=0 就位暂停
[   26.575] TLM t=   0.0 L1·r@-- L2·r@-- L3·r@-- R1·r@-- R2·r@-- R3·r@-- 罐=无罐 泵=0 阀=000000 速=+0,+0,+0.00 电=8.08V/0.98A/峰1.63 补余=0.0 IO错=0 就位暂停
[   27.080] TLM t=   0.0 L1·r@-- L2·r@-- L3·r@-- R1·r@-- R2·r@-- R3·r@-- 罐=无罐 泵=0 阀=000000 速=+0,+0,+0.00 电=8.08V/0.90A/峰1.63 补余=0.0 IO错=0 就位暂停
[   27.589] TLM t=   0.0 L1·r@-- L2·r@-- L3·r@-- R1·r@-- R2·r@-- R3·r@-- 罐=无罐 泵=0 阀=000000 速=+0,+0,+0.00 电=8.08V/0.98A/峰1.63 补余=0.0 IO错=0 就位暂停
[   28.092] TLM t=   0.0 L1·r@-- L2·r@-- L3·r@-- R1·r@-- R2·r@-- R3·r@-- 罐=无罐 泵=0 阀=000000 速=+0,+0,+0.00 电=8.08V/0.90A/峰1.63 补余=0.0 IO错=0 就位暂停
[   28.609] TLM t=   0.0 L1·r@-- L2·r@-- L3·r@-- R1·r@-- R2·r@-- R3·r@-- 罐=无罐 泵=0 阀=000000 速=+0,+0,+0.00 电=8.09V/0.98A/峰1.63 补余=0.0 IO错=0 就位暂停
[   29.112] TLM t=   0.0 L1·r@-- L2·r@-- L3·r@-- R1·r@-- R2·r@-- R3·r@-- 罐=无罐 泵=0 阀=000000 速=+0,+0,+0.00 电=8.08V/0.98A/峰1.63 补余=0.0 IO错=0 就位暂停
[   29.623] TLM t=   0.0 L1·r@-- L2·r@-- L3·r@-- R1·r@-- R2·r@-- R3·r@-- 罐=无罐 泵=0 阀=000000 速=+0,+0,+0.00 电=8.09V/0.98A/峰1.63 补余=0.0 IO错=0 就位暂停
[   30.127] TLM t=   0.0 L1·r@-- L2·r@-- L3·r@-- R1·r@-- R2·r@-- R3·r@-- 罐=无罐 泵=0 阀=000000 速=+0,+0,+0.00 电=8.09V/0.98A/峰1.63 补余=0.0 IO错=0 就位暂停
[   30.642] TLM t=   0.0 L1·r@-- L2·r@-- L3·r@-- R1·r@-- R2·r@-- R3·r@-- 罐=无罐 泵=0 阀=000000 速=+0,+0,+0.00 电=8.09V/0.98A/峰1.63 补余=0.0 IO错=0 就位暂停
[   31.144] TLM t=   0.0 L1·r@-- L2·r@-- L3·r@-- R1·r@-- R2·r@-- R3·r@-- 罐=无罐 泵=0 阀=000000 速=+0,+0,+0.00 电=8.08V/0.90A/峰1.63 补余=0.0 IO错=0 就位暂停
[   31.656] TLM t=   0.0 L1·r@-- L2·r@-- L3·r@-- R1·r@-- R2·r@-- R3·r@-- 罐=无罐 泵=0 阀=000000 速=+0,+0,+0.00 电=8.09V/1.06A/峰1.63 补余=0.0 IO错=0 就位暂停
[   32.158] TLM t=   0.0 L1·r@-- L2·r@-- L3·r@-- R1·r@-- R2·r@-- R3·r@-- 罐=无罐 泵=0 阀=000000 速=+0,+0,+0.00 电=8.07V/0.98A/峰1.63 补余=0.0 IO错=0 就位暂停
[   32.675] TLM t=   0.0 L1·r@-- L2·r@-- L3·r@-- R1·r@-- R2·r@-- R3·r@-- 罐=无罐 泵=0 阀=000000 速=+0,+0,+0.00 电=8.09V/1.06A/峰1.63 补余=0.0 IO错=0 就位暂停
[   33.180] TLM t=   0.0 L1·r@-- L2·r@-- L3·r@-- R1·r@-- R2·r@-- R3·r@-- 罐=无罐 泵=0 阀=000000 速=+0,+0,+0.00 电=8.08V/0.98A/峰1.63 补余=0.0 IO错=0 就位暂停
[   33.690] TLM t=   0.0 L1·r@-- L2·r@-- L3·r@-- R1·r@-- R2·r@-- R3·r@-- 罐=无罐 泵=0 阀=000000 速=+0,+0,+0.00 电=8.08V/0.98A/峰1.63 补余=0.0 IO错=0 就位暂停
[   34.193] TLM t=   0.0 L1·r@-- L2·r@-- L3·r@-- R1·r@-- R2·r@-- R3·r@-- 罐=无罐 泵=0 阀=000000 速=+0,+0,+0.00 电=8.08V/0.90A/峰1.63 补余=0.0 IO错=0 就位暂停
[   34.706] TLM t=   0.0 L1·r@-- L2·r@-- L3·r@-- R1·r@-- R2·r@-- R3·r@-- 罐=无罐 泵=0 阀=000000 速=+0,+0,+0.00 电=8.08V/0.90A/峰1.63 补余=0.0 IO错=0 就位暂停
[   35.210] TLM t=   0.0 L1·r@-- L2·r@-- L3·r@-- R1·r@-- R2·r@-- R3·r@-- 罐=无罐 泵=0 阀=000000 速=+0,+0,+0.00 电=8.07V/0.98A/峰1.63 补余=0.0 IO错=0 就位暂停
[   35.720] TLM t=   0.0 L1·r@-- L2·r@-- L3·r@-- R1·r@-- R2·r@-- R3·r@-- 罐=无罐 泵=0 阀=000000 速=+0,+0,+0.00 电=8.08V/0.98A/峰1.63 补余=0.0 IO错=0 就位暂停
[   36.225] TLM t=   0.0 L1·r@-- L2·r@-- L3·r@-- R1·r@-- R2·r@-- R3·r@-- 罐=无罐 泵=0 阀=000000 速=+0,+0,+0.00 电=8.09V/0.98A/峰1.63 补余=0.0 IO错=0 就位暂停
[   36.738] TLM t=   0.0 L1·r@-- L2·r@-- L3·r@-- R1·r@-- R2·r@-- R3·r@-- 罐=无罐 泵=0 阀=000000 速=+0,+0,+0.00 电=8.07V/0.81A/峰1.63 补余=0.0 IO错=0 就位暂停
[   37.242] TLM t=   0.0 L1·r@-- L2·r@-- L3·r@-- R1·r@-- R2·r@-- R3·r@-- 罐=无罐 泵=0 阀=000000 速=+0,+0,+0.00 电=8.07V/0.90A/峰1.63 补余=0.0 IO错=0 就位暂停
[   37.754] TLM t=   0.0 L1·r@-- L2·r@-- L3·r@-- R1·r@-- R2·r@-- R3·r@-- 罐=无罐 泵=0 阀=000000 速=+0,+0,+0.00 电=8.09V/0.65A/峰1.63 补余=0.0 IO错=0 就位暂停
[   38.260] TLM t=   0.0 L1·r@-- L2·r@-- L3·r@-- R1·r@-- R2·r@-- R3·r@-- 罐=无罐 泵=0 阀=000000 速=+0,+0,+0.00 电=8.10V/0.49A/峰1.63 补余=0.0 IO错=0 就位暂停
[   38.772] TLM t=   0.0 L1·r@-- L2·r@-- L3·r@-- R1·r@-- R2·r@-- R3·r@-- 罐=无罐 泵=0 阀=000000 速=+0,+0,+0.00 电=8.09V/0.65A/峰1.63 补余=0.0 IO错=0 就位暂停
[   39.278] TLM t=   0.0 L1·r@-- L2·r@-- L3·r@-- R1·r@-- R2·r@-- R3·r@-- 罐=无罐 泵=0 阀=000000 速=+0,+0,+0.00 电=8.09V/0.73A/峰1.63 补余=0.0 IO错=0 就位暂停
[   39.788] TLM t=   0.0 L1·r@-- L2·r@-- L3·r@-- R1·r@-- R2·r@-- R3·r@-- 罐=无罐 泵=0 阀=000000 速=+0,+0,+0.00 电=8.09V/0.81A/峰1.63 补余=0.0 IO错=0 就位暂停
[   40.294] TLM t=   0.0 L1·r@-- L2·r@-- L3·r@-- R1·r@-- R2·r@-- R3·r@-- 罐=无罐 泵=0 阀=000000 速=+0,+0,+0.00 电=8.09V/0.65A/峰1.63 补余=0.0 IO错=0 就位暂停
[   40.807] TLM t=   0.0 L1·r@-- L2·r@-- L3·r@-- R1·r@-- R2·r@-- R3·r@-- 罐=无罐 泵=0 阀=000000 速=+0,+0,+0.00 电=8.10V/0.65A/峰1.63 补余=0.0 IO错=0 就位暂停
[   41.312] TLM t=   0.0 L1·r@-- L2·r@-- L3·r@-- R1·r@-- R2·r@-- R3·r@-- 罐=无罐 泵=0 阀=000000 速=+0,+0,+0.00 电=8.10V/0.65A/峰1.63 补余=0.0 IO错=0 就位暂停
[   41.821] TLM t=   0.0 L1·r@-- L2·r@-- L3·r@-- R1·r@-- R2·r@-- R3·r@-- 罐=无罐 泵=0 阀=000000 速=+0,+0,+0.00 电=8.10V/0.57A/峰1.63 补余=0.0 IO错=0 就位暂停
[   42.326] TLM t=   0.0 L1·r@-- L2·r@-- L3·r@-- R1·r@-- R2·r@-- R3·r@-- 罐=无罐 泵=0 阀=000000 速=+0,+0,+0.00 电=8.10V/0.57A/峰1.63 补余=0.0 IO错=0 就位暂停
[   42.841] TLM t=   0.0 L1·r@-- L2·r@-- L3·r@-- R1·r@-- R2·r@-- R3·r@-- 罐=无罐 泵=0 阀=000000 速=+0,+0,+0.00 电=8.10V/0.65A/峰1.63 补余=0.0 IO错=0 就位暂停
[   43.349] TLM t=   0.0 L1·r@-- L2·r@-- L3·r@-- R1·r@-- R2·r@-- R3·r@-- 罐=无罐 泵=0 阀=000000 速=+0,+0,+0.00 电=8.10V/0.57A/峰1.63 补余=0.0 IO错=0 就位暂停
[   43.860] TLM t=   0.0 L1·r@-- L2·r@-- L3·r@-- R1·r@-- R2·r@-- R3·r@-- 罐=无罐 泵=0 阀=000000 速=+0,+0,+0.00 电=8.10V/0.57A/峰1.63 补余=0.0 IO错=0 就位暂停
[   44.366] TLM t=   0.0 L1·r@-- L2·r@-- L3·r@-- R1·r@-- R2·r@-- R3·r@-- 罐=无罐 泵=0 阀=000000 速=+0,+0,+0.00 电=8.10V/0.57A/峰1.63 补余=0.0 IO错=0 就位暂停
[   44.877] TLM t=   0.0 L1·r@-- L2·r@-- L3·r@-- R1·r@-- R2·r@-- R3·r@-- 罐=无罐 泵=0 阀=000000 速=+0,+0,+0.00 电=8.11V/0.49A/峰1.63 补余=0.0 IO错=0 就位暂停
[   44.999] EVT 按 p：开始全吸附启动序列
[   45.000] EVT 相位 R3 stance→press
[   45.020] EVT 泵 开
[   45.390] TLM t=   0.0 L1·r@-- L2·r@-- L3·r@-- R1·r@-- R2·r@-- R3Pr@-- 罐=无罐 泵=1 阀=000000 速=+0,+0,+0.00 电=8.03V/0.57A/峰1.63 补余=0.0 IO错=0 倾+0.0
[   45.891] TLM t=   0.0 L1·r@-- L2·r@-- L3·r@-- R1·r@-- R2·r@-- R3Pr@-- 罐=无罐 泵=1 阀=000000 速=+0,+0,+0.00 电=8.03V/0.49A/峰1.63 补余=0.0 IO错=0 倾+0.0
[   46.393] TLM t=   0.0 L1·r@-- L2·r@-- L3·r@-- R1·r@-- R2·r@-- R3Pr@-- 罐=无罐 泵=1 阀=000000 速=+0,+0,+0.00 电=8.08V/0.49A/峰1.63 补余=0.0 IO错=0 倾+0.0
[   46.892] TLM t=   0.0 L1·r@-- L2·r@-- L3·r@-- R1·r@-- R2·r@-- R3Pr@-- 罐=无罐 泵=1 阀=000000 速=+0,+0,+0.00 电=8.05V/0.73A/峰1.63 补余=0.0 IO错=0 倾+0.0
[   47.397] TLM t=   0.0 L1·r@-- L2·r@-- L3·r@-- R1·r@-- R2·r@-- R3Pr@-- 罐=无罐 泵=1 阀=000000 速=+0,+0,+0.00 电=8.07V/0.81A/峰1.63 补余=0.0 IO错=0 倾+0.0
[   47.900] TLM t=   0.0 L1·r@-- L2·r@-- L3·r@-- R1·r@-- R2·r@-- R3Pr@-- 罐=无罐 泵=1 阀=000000 速=+0,+0,+0.00 电=8.09V/0.57A/峰1.63 补余=0.0 IO错=0 倾+0.0
[   47.987] EVT 吸附 R3 released→pressing 在态3.00s
[   47.988] EVT 相位 R3 press→wait
[   48.008] EVT 泵 停
[   48.288] EVT 吸附 R3 pressing→sucking 在态0.30s
[   48.289] EVT 阀 R3 →抽气位
[   48.312] EVT 泵 开
[   48.397] TLM t=   0.0 L1·r@-- L2·r@-- L3·r@-- R1·r@-- R2·r@-- R3Ws@-33 罐=无罐 泵=1 阀=000001 速=+0,+0,+0.00 电=8.04V/0.57A/峰1.63 补余=0.0 IO错=0 倾+0.0
[   48.569] EVT 吸附 R3 sucking→attached 在态0.28s -70.1kPa
[   48.569] EVT 相位 R3 wait→stance
[   48.589] EVT 相位 L1 stance→press
[   48.793] EVT 泵 停 最差盘压-75.6
[   48.903] TLM t=   0.0 L1Pr@-- L2·r@-- L3·r@-- R1·r@-- R2·r@-- R3·A@-76 罐=无罐 泵=0 阀=000001 速=+0,+0,+0.00 电=8.11V/0.57A/峰1.63 补余=0.0 IO错=0 倾+0.0
[   49.403] TLM t=   0.0 L1Pr@-- L2·r@-- L3·r@-- R1·r@-- R2·r@-- R3·A@-75 罐=无罐 泵=0 阀=000001 速=+0,+0,+0.00 电=8.09V/0.73A/峰1.63 补余=0.0 IO错=0 倾+0.0
[   49.772] EVT 吸附 L1 released→pressing 在态4.78s
[   49.773] EVT 相位 L1 press→wait
[   49.924] TLM t=   0.0 L1Wp@-- L2·r@-- L3·r@-- R1·r@-- R2·r@-- R3·A@-75 罐=无罐 泵=0 阀=000001 速=+0,+0,+0.00 电=8.09V/0.81A/峰1.63 补余=0.0 IO错=0 倾+0.0
[   50.093] EVT 吸附 L1 pressing→sucking 在态0.32s
[   50.094] EVT 阀 L1 →抽气位
[   50.119] EVT 泵 开 最差盘压-74.3
[   50.394] EVT 吸附 L1 sucking→attached 在态0.30s -66.8kPa
[   50.395] EVT 相位 L1 wait→stance
[   50.420] EVT 相位 R2 stance→press
[   50.435] TLM t=   0.0 L1·A@-69 L2·r@-- L3·r@-- R1·r@-- R2Pr@-- R3·A@-74 罐=无罐 泵=1 阀=100001 速=+0,+0,+0.00 电=8.05V/0.65A/峰1.63 补余=0.0 IO错=0 倾+0.0
[   50.721] EVT 泵 停 最差盘压-75.8
[   50.945] TLM t=   0.0 L1·A@-76 L2·r@-- L3·r@-- R1·r@-- R2Pr@-- R3·A@-76 罐=无罐 泵=0 阀=100001 速=+0,+0,+0.00 电=8.11V/0.81A/峰1.63 补余=0.0 IO错=0 倾+0.0
[   51.453] TLM t=   0.0 L1·A@-76 L2·r@-- L3·r@-- R1·r@-- R2Pr@-- R3·A@-76 罐=无罐 泵=0 阀=100001 速=+0,+0,+0.00 电=8.11V/0.90A/峰1.63 补余=0.0 IO错=0 倾+0.0
[   51.600] EVT 吸附 R2 released→pressing 在态6.60s
[   51.601] EVT 相位 R2 press→wait
[   51.926] EVT 吸附 R2 pressing→sucking 在态0.32s
[   51.927] EVT 阀 R2 →抽气位
[   51.944] EVT 泵 开 最差盘压-74.9
[   51.953] TLM t=   0.0 L1·A@-76 L2·r@-- L3·r@-- R1·r@-- R2Ws@-1 R3·A@-75 罐=无罐 泵=1 阀=100011 速=+0,+0,+0.00 电=7.95V/0.73A/峰1.63 补余=0.0 IO错=0 倾+0.0
[   52.225] EVT 吸附 R2 sucking→attached 在态0.30s -68.5kPa
[   52.228] EVT 相位 R2 wait→stance
[   52.245] EVT 相位 L3 stance→press
[   52.478] TLM t=   0.0 L1·A@-75 L2·r@-- L3Pr@-- R1·r@-- R2·A@-72 R3·A@-74 罐=无罐 泵=1 阀=100011 速=+0,+0,+0.00 电=8.10V/0.81A/峰1.63 补余=0.0 IO错=0 倾+0.0
[   52.649] EVT 泵 停 最差盘压-75.2
[   52.992] TLM t=   0.0 L1·A@-76 L2·r@-- L3Pr@-- R1·r@-- R2·A@-75 R3·A@-76 罐=无罐 泵=0 阀=100011 速=+0,+0,+0.00 电=8.12V/0.73A/峰1.63 补余=0.0 IO错=0 倾+0.0
[   53.431] EVT 吸附 L3 released→pressing 在态8.42s
[   53.431] EVT 相位 L3 press→wait
[   53.501] TLM t=   0.0 L1·A@-76 L2·r@-- L3Wp@-- R1·r@-- R2·A@-74 R3·A@-75 罐=无罐 泵=0 阀=100011 速=+0,+0,+0.00 电=8.13V/0.73A/峰1.63 补余=0.0 IO错=0 倾+0.0
[   53.749] EVT 吸附 L3 pressing→sucking 在态0.32s
[   53.750] EVT 阀 L3 →抽气位
[   53.770] EVT 泵 开 最差盘压-74.0
[   54.016] TLM t=   0.0 L1·A@-76 L2·r@-- L3Ws@-64 R1·r@-- R2·A@-74 R3·A@-74 罐=无罐 泵=1 阀=101011 速=+0,+0,+0.00 电=8.05V/0.65A/峰1.63 补余=0.0 IO错=0 倾+0.0
[   54.048] EVT 吸附 L3 sucking→attached 在态0.30s -64.1kPa
[   54.050] EVT 相位 L3 wait→stance
[   54.070] EVT 相位 R1 stance→press
[   54.431] EVT 泵 停 最差盘压-75.0
[   54.522] TLM t=   0.0 L1·A@-76 L2·r@-- L3·A@-76 R1Pr@-- R2·A@-76 R3·A@-76 罐=无罐 泵=0 阀=101011 速=+0,+0,+0.00 电=8.13V/0.73A/峰1.63 补余=0.0 IO错=0 倾+0.0
[   55.045] TLM t=   0.0 L1·A@-76 L2·r@-- L3·A@-75 R1Pr@-- R2·A@-75 R3·A@-75 罐=无罐 泵=0 阀=101011 速=+0,+0,+0.00 电=8.13V/0.73A/峰1.63 补余=0.0 IO错=0 倾+0.0
[   55.254] EVT 吸附 R1 released→pressing 在态10.24s
[   55.254] EVT 相位 R1 press→wait
[   55.546] TLM t=   0.0 L1·A@-76 L2·r@-- L3·A@-75 R1Wp@-- R2·A@-75 R3·A@-75 罐=无罐 泵=0 阀=101011 速=+0,+0,+0.00 电=8.13V/0.81A/峰1.63 补余=0.0 IO错=0 倾+0.0
[   55.574] EVT 吸附 R1 pressing→sucking 在态0.32s
[   55.575] EVT 阀 R1 →抽气位
[   55.600] EVT 泵 开 最差盘压-74.5
[   55.936] EVT 吸附 R1 sucking→attached 在态0.36s -69.0kPa
[   55.936] EVT 相位 R1 wait→stance
[   55.961] EVT 相位 L2 stance→press
[   56.064] TLM t=   0.0 L1·A@-75 L2Pr@-- L3·A@-75 R1·A@-72 R2·A@-74 R3·A@-74 罐=无罐 泵=1 阀=101111 速=+0,+0,+0.00 电=8.11V/0.65A/峰1.63 补余=0.0 IO错=0 倾+0.0
[   56.202] EVT 泵 停 最差盘压-75.1
[   56.573] TLM t=   0.0 L1·A@-76 L2Pr@-- L3·A@-76 R1·A@-76 R2·A@-76 R3·A@-76 罐=无罐 泵=0 阀=101111 速=+0,+0,+0.00 电=8.14V/0.73A/峰1.63 补余=0.0 IO错=0 倾+0.0
[   57.073] TLM t=   0.0 L1·A@-76 L2Pr@-- L3·A@-76 R1·A@-75 R2·A@-75 R3·A@-75 罐=无罐 泵=0 阀=101111 速=+0,+0,+0.00 电=8.14V/0.65A/峰1.63 补余=0.0 IO错=0 倾+0.0
[   57.145] EVT 吸附 L2 released→pressing 在态12.12s
[   57.145] EVT 相位 L2 press→wait
[   57.471] EVT 吸附 L2 pressing→sucking 在态0.32s
[   57.471] EVT 阀 L2 →抽气位
[   57.489] EVT 泵 开 最差盘压-74.7
[   57.574] TLM t=   0.0 L1·A@-76 L2Ws@-39 L3·A@-76 R1·A@-75 R2·A@-75 R3·A@-75 罐=无罐 泵=1 阀=111111 速=+0,+0,+0.00 电=8.11V/0.57A/峰1.63 补余=0.0 IO错=0 倾+0.0
[   57.767] EVT 吸附 L2 sucking→attached 在态0.30s -67.0kPa
[   57.772] EVT 相位 L2 wait→stance
[   57.772] EVT ✓ 六足全吸附，启动序列完成，相位钟开始
[   58.080] TLM t=   0.3 L1·A@-76 L2·A@-75 L3·A@-76 R1·A@-75 R2·A@-74 R3·A@-75 罐=无罐 泵=1 阀=111111 速=+0,+0,+0.00 电=8.08V/0.65A/峰1.63 补余=0.0 IO错=0 倾+0.0
[   58.193] EVT 泵 停 最差盘压-75.6
[   58.598] TLM t=   0.8 L1·A@-77 L2·A@-76 L3·A@-77 R1·A@-76 R2·A@-76 R3·A@-76 罐=无罐 泵=0 阀=111111 速=+0,+0,+0.00 电=8.16V/0.57A/峰1.63 补余=0.0 IO错=0 倾+0.0
[   59.105] TLM t=   1.3 L1·A@-77 L2·A@-76 L3·A@-77 R1·A@-76 R2·A@-76 R3·A@-76 罐=无罐 泵=0 阀=111111 速=+0,+0,+0.00 电=8.16V/0.57A/峰1.63 补余=0.0 IO错=0 倾+0.0
[   59.620] TLM t=   1.8 L1·A@-76 L2·A@-75 L3·A@-76 R1·A@-76 R2·A@-75 R3·A@-75 罐=无罐 泵=0 阀=111111 速=+0,+0,+0.00 电=8.15V/0.65A/峰1.63 补余=0.0 IO错=0 倾+0.0
[   60.128] TLM t=   2.3 L1·A@-76 L2·A@-74 L3·A@-76 R1·A@-76 R2·A@-75 R3·A@-74 罐=无罐 泵=0 阀=111111 速=+0,+0,+0.00 电=8.15V/0.65A/峰1.63 补余=0.0 IO错=0 倾+0.0
[   60.645] TLM t=   2.9 L1·A@-76 L2·A@-74 L3·A@-76 R1·A@-76 R2·A@-74 R3·A@-73 罐=无罐 泵=0 阀=111111 速=+0,+0,+0.00 电=8.15V/0.65A/峰1.63 补余=0.0 IO错=0 倾+0.0
[   61.149] TLM t=   3.4 L1·A@-76 L2·A@-73 L3·A@-76 R1·A@-75 R2·A@-74 R3·A@-73 罐=无罐 泵=0 阀=111111 速=+0,+0,+0.00 电=8.15V/0.73A/峰1.63 补余=0.0 IO错=0 倾+0.0
[   61.666] TLM t=   3.9 L1·A@-76 L2·A@-73 L3·A@-76 R1·A@-75 R2·A@-74 R3·A@-72 罐=无罐 泵=0 阀=111111 速=+0,+0,+0.00 电=8.16V/0.65A/峰1.63 补余=0.0 IO错=0 倾+0.0
[   62.174] TLM t=   4.4 L1·A@-76 L2·A@-72 L3·A@-76 R1·A@-75 R2·A@-73 R3·A@-71 罐=无罐 泵=0 阀=111111 速=+0,+0,+0.00 电=8.16V/0.65A/峰1.63 补余=0.0 IO错=0 倾+0.0
[   62.690] TLM t=   4.9 L1·A@-76 L2·A@-72 L3·A@-76 R1·A@-75 R2·A@-73 R3·A@-71 罐=无罐 泵=0 阀=111111 速=+0,+0,+0.00 电=8.15V/0.73A/峰1.63 补余=0.0 IO错=0 倾+0.0
[   63.198] TLM t=   5.4 L1·A@-75 L2·A@-71 L3·A@-76 R1·A@-75 R2·A@-72 R3·A@-70 罐=无罐 泵=0 阀=111111 速=+0,+0,+0.00 电=8.16V/0.65A/峰1.63 补余=0.0 IO错=0 倾+0.0
[   63.715] TLM t=   5.9 L1·A@-75 L2·A@-71 L3·A@-76 R1·A@-75 R2·A@-72 R3·A@-69 罐=无罐 泵=0 阀=111111 速=+0,+0,+0.00 电=8.16V/0.65A/峰1.63 补余=0.0 IO错=0 倾+0.0
[   64.222] TLM t=   6.4 L1·A@-75 L2·A@-70 L3·A@-75 R1·A@-75 R2·A@-71 R3·A@-69 罐=无罐 泵=0 阀=111111 速=+0,+0,+0.00 电=8.15V/0.73A/峰1.63 补余=0.0 IO错=0 倾+0.0
[   64.737] TLM t=   6.9 L1·A@-75 L2·A@-70 L3·A@-75 R1·A@-75 R2·A@-71 R3·A@-68 罐=无罐 泵=0 阀=111111 速=+0,+0,+0.00 电=8.15V/0.73A/峰1.63 补余=0.0 IO错=0 倾+0.0
[   65.243] TLM t=   7.4 L1·A@-75 L2·A@-69 L3·A@-75 R1·A@-74 R2·A@-71 R3·A@-67 罐=无罐 泵=0 阀=111111 速=+0,+0,+0.00 电=8.16V/0.65A/峰1.63 补余=0.0 IO错=0 倾+0.0
[   65.756] TLM t=   8.0 L1·A@-75 L2·A@-69 L3·A@-75 R1·A@-74 R2·A@-70 R3·A@-67 罐=无罐 泵=0 阀=111111 速=+0,+0,+0.00 电=8.15V/0.65A/峰1.63 补余=0.0 IO错=0 倾+0.0
[   66.270] TLM t=   8.5 L1·A@-75 L2·A@-69 L3·A@-75 R1·A@-74 R2·A@-70 R3·A@-66 罐=无罐 泵=0 阀=111111 速=+0,+0,+0.00 电=8.15V/0.65A/峰1.63 补余=0.0 IO错=0 倾+0.0
[   66.769] TLM t=   9.0 L1·A@-74 L2·A@-68 L3·A@-75 R1·A@-74 R2·A@-69 R3·A@-66 罐=无罐 泵=0 阀=111111 速=+0,+0,+0.00 电=8.16V/0.73A/峰1.63 补余=0.0 IO错=0 倾+0.0
[   67.266] TLM t=   9.5 L1·A@-74 L2·A@-68 L3·A@-75 R1·A@-74 R2·A@-69 R3·A@-65 罐=无罐 泵=0 阀=111111 速=+0,+0,+0.00 电=8.16V/0.65A/峰1.63 补余=0.0 IO错=0 倾+0.0
[   67.774] TLM t=  10.0 L1·A@-74 L2·A@-67 L3·A@-75 R1·A@-74 R2·A@-69 R3·A@-64 罐=无罐 泵=0 阀=111111 速=+0,+0,+0.00 电=8.16V/0.65A/峰1.63 补余=0.0 IO错=0 倾+0.0
[   68.285] TLM t=  10.5 L1·A@-74 L2·A@-67 L3·A@-75 R1·A@-74 R2·A@-68 R3·A@-64 罐=无罐 泵=0 阀=111111 速=+0,+0,+0.00 电=8.15V/0.73A/峰1.63 补余=0.0 IO错=0 倾+0.0
[   68.805] TLM t=  11.0 L1·A@-74 L2·A@-66 L3·A@-75 R1·A@-74 R2·A@-68 R3·A@-63 罐=无罐 泵=0 阀=111111 速=+0,+0,+0.00 电=8.15V/0.73A/峰1.63 补余=0.0 IO错=0 倾+0.0
[   69.310] TLM t=  11.5 L1·A@-74 L2·A@-66 L3·A@-75 R1·A@-74 R2·A@-68 R3·A@-63 罐=无罐 泵=0 阀=111111 速=+0,+0,+0.00 电=8.16V/0.73A/峰1.63 补余=0.0 IO错=0 倾+0.0
[   69.831] TLM t=  12.0 L1·A@-74 L2·A@-65 L3·A@-75 R1·A@-74 R2·A@-67 R3·A@-62 罐=无罐 泵=0 阀=111111 速=+0,+0,+0.00 电=8.15V/0.65A/峰1.63 补余=0.0 IO错=0 倾+0.0
[   70.332] TLM t=  12.5 L1·A@-74 L2·A@-65 L3·A@-75 R1·A@-74 R2·A@-67 R3·A@-61 罐=无罐 泵=0 阀=111111 速=+0,+0,+0.00 电=8.15V/0.65A/峰1.63 补余=0.0 IO错=0 倾+0.0
[   70.855] TLM t=  13.0 L1·A@-74 L2·A@-65 L3·A@-74 R1·A@-74 R2·A@-66 R3·A@-61 罐=无罐 泵=0 阀=111111 速=+0,+0,+0.00 电=8.15V/0.73A/峰1.63 补余=0.0 IO错=0 倾+0.0
[   71.357] TLM t=  13.5 L1·A@-74 L2·A@-64 L3·A@-74 R1·A@-74 R2·A@-66 R3·A@-60 罐=无罐 泵=0 阀=111111 速=+0,+0,+0.00 电=8.16V/0.73A/峰1.63 补余=0.0 IO错=0 倾+0.0
[   71.630] EVT 泵 开 最差盘压-59.9
[   71.877] TLM t=  14.0 L1·A@-73 L2·A@-64 L3·A@-74 R1·A@-74 R2·A@-66 R3·A@-63 罐=无罐 泵=1 阀=111111 速=+0,+0,+0.00 电=8.08V/0.73A/峰1.63 补余=0.0 IO错=0 倾+0.0
[   72.383] TLM t=  14.5 L1·A@-74 L2·A@-75 L3·A@-74 R1·A@-74 R2·A@-75 R3·A@-74 罐=无罐 泵=1 阀=111111 速=+0,+0,+0.00 电=8.14V/0.57A/峰1.63 补余=0.0 IO错=0 倾+0.0
[   72.533] EVT 泵 停 最差盘压-75.2
[   72.903] TLM t=  15.1 L1·A@-76 L2·A@-76 L3·A@-76 R1·A@-76 R2·A@-76 R3·A@-76 罐=无罐 泵=0 阀=111111 速=+0,+0,+0.00 电=8.16V/0.73A/峰1.63 补余=0.0 IO错=0 倾+0.0
[   73.406] TLM t=  15.6 L1·A@-76 L2·A@-76 L3·A@-76 R1·A@-76 R2·A@-75 R3·A@-75 罐=无罐 泵=0 阀=111111 速=+0,+0,+0.00 电=8.16V/0.73A/峰1.63 补余=0.0 IO错=0 倾+0.0
[   73.932] TLM t=  16.1 L1·A@-76 L2·A@-75 L3·A@-76 R1·A@-75 R2·A@-75 R3·A@-74 罐=无罐 泵=0 阀=111111 速=+0,+0,+0.00 电=8.15V/0.73A/峰1.63 补余=0.0 IO错=0 倾+0.0
[   74.435] TLM t=  16.6 L1·A@-76 L2·A@-75 L3·A@-76 R1·A@-75 R2·A@-74 R3·A@-74 罐=无罐 泵=0 阀=111111 速=+0,+0,+0.00 电=8.15V/0.73A/峰1.63 补余=0.0 IO错=0 倾+0.0
[   74.957] TLM t=  17.1 L1·A@-76 L2·A@-74 L3·A@-76 R1·A@-75 R2·A@-74 R3·A@-73 罐=无罐 泵=0 阀=111111 速=+0,+0,+0.00 电=8.15V/0.65A/峰1.63 补余=0.0 IO错=0 倾+0.0
[   75.462] TLM t=  17.6 L1·A@-76 L2·A@-74 L3·A@-76 R1·A@-75 R2·A@-74 R3·A@-73 罐=无罐 泵=0 阀=111111 速=+0,+0,+0.00 电=8.15V/0.65A/峰1.63 补余=0.0 IO错=0 倾+0.0
[   75.981] TLM t=  18.1 L1·A@-76 L2·A@-73 L3·A@-76 R1·A@-75 R2·A@-73 R3·A@-72 罐=无罐 泵=0 阀=111111 速=+0,+0,+0.00 电=8.16V/0.65A/峰1.63 补余=0.0 IO错=0 倾+0.0
[   76.490] TLM t=  18.6 L1·A@-75 L2·A@-73 L3·A@-76 R1·A@-75 R2·A@-73 R3·A@-71 罐=无罐 泵=0 阀=111111 速=+0,+0,+0.00 电=8.16V/0.73A/峰1.63 补余=0.0 IO错=0 倾+0.0
[   77.014] TLM t=  19.1 L1·A@-75 L2·A@-72 L3·A@-76 R1·A@-75 R2·A@-72 R3·A@-71 罐=无罐 泵=0 阀=111111 速=+0,+0,+0.00 电=8.16V/0.73A/峰1.63 补余=0.0 IO错=0 倾+0.0
[   77.516] TLM t=  19.6 L1·A@-75 L2·A@-72 L3·A@-76 R1·A@-75 R2·A@-72 R3·A@-70 罐=无罐 泵=0 阀=111111 速=+0,+0,+0.00 电=8.16V/0.73A/峰1.63 补余=0.0 IO错=0 倾+0.0
[   78.039] TLM t=  20.2 L1·A@-75 L2·A@-71 L3·A@-75 R1·A@-75 R2·A@-72 R3·A@-69 罐=无罐 泵=0 阀=111111 速=+0,+0,+0.00 电=8.16V/0.65A/峰1.63 补余=0.0 IO错=0 倾+0.0
[   78.545] TLM t=  20.7 L1·A@-75 L2·A@-71 L3·A@-75 R1·A@-75 R2·A@-71 R3·A@-69 罐=无罐 泵=0 阀=111111 速=+0,+0,+0.00 电=8.16V/0.65A/峰1.63 补余=0.0 IO错=0 倾+0.0
[   79.064] TLM t=  21.2 L1·A@-75 L2·A@-70 L3·A@-75 R1·A@-75 R2·A@-71 R3·A@-68 罐=无罐 泵=0 阀=111111 速=+0,+0,+0.00 电=8.15V/0.73A/峰1.63 补余=0.0 IO错=0 倾+0.0
[   79.575] TLM t=  21.7 L1·A@-75 L2·A@-70 L3·A@-75 R1·A@-75 R2·A@-70 R3·A@-67 罐=无罐 泵=0 阀=111111 速=+0,+0,+0.00 电=8.16V/0.73A/峰1.63 补余=0.0 IO错=0 倾+0.0
[   80.096] TLM t=  22.2 L1·A@-75 L2·A@-70 L3·A@-75 R1·A@-75 R2·A@-70 R3·A@-67 罐=无罐 泵=0 阀=111111 速=+0,+0,+0.00 电=8.15V/0.73A/峰1.63 补余=0.0 IO错=0 倾+0.0
[   80.599] TLM t=  22.7 L1·A@-75 L2·A@-69 L3·A@-75 R1·A@-75 R2·A@-70 R3·A@-66 罐=无罐 泵=0 阀=111111 速=+0,+0,+0.00 电=8.16V/0.73A/峰1.63 补余=0.0 IO错=0 倾+0.0
[   81.121] TLM t=  23.2 L1·A@-74 L2·A@-69 L3·A@-75 R1·A@-75 R2·A@-69 R3·A@-66 罐=无罐 泵=0 阀=111111 速=+0,+0,+0.00 电=8.16V/0.65A/峰1.63 补余=0.0 IO错=0 倾+0.0
[   81.626] TLM t=  23.7 L1·A@-74 L2·A@-68 L3·A@-75 R1·A@-75 R2·A@-69 R3·A@-65 罐=无罐 泵=0 阀=111111 速=+0,+0,+0.00 电=8.16V/0.65A/峰1.63 补余=0.0 IO错=0 倾+0.0
[   82.144] TLM t=  24.2 L1·A@-74 L2·A@-68 L3·A@-75 R1·A@-75 R2·A@-69 R3·A@-64 罐=无罐 泵=0 阀=111111 速=+0,+0,+0.00 电=8.16V/0.73A/峰1.63 补余=0.0 IO错=0 倾+0.0
[   82.648] TLM t=  24.7 L1·A@-74 L2·A@-67 L3·A@-75 R1·A@-74 R2·A@-68 R3·A@-64 罐=无罐 泵=0 阀=111111 速=+0,+0,+0.00 电=8.15V/0.65A/峰1.63 补余=0.0 IO错=0 倾+0.0
[   83.169] TLM t=  25.3 L1·A@-74 L2·A@-67 L3·A@-75 R1·A@-74 R2·A@-68 R3·A@-63 罐=无罐 泵=0 阀=111111 速=+0,+0,+0.00 电=8.15V/0.65A/峰1.63 补余=0.0 IO错=0 倾+0.0
[   83.674] TLM t=  25.8 L1·A@-74 L2·A@-66 L3·A@-75 R1·A@-74 R2·A@-67 R3·A@-63 罐=无罐 泵=0 阀=111111 速=+0,+0,+0.00 电=8.16V/0.65A/峰1.63 补余=0.0 IO错=0 倾+0.0
[   84.195] TLM t=  26.3 L1·A@-74 L2·A@-66 L3·A@-75 R1·A@-74 R2·A@-67 R3·A@-62 罐=无罐 泵=0 阀=111111 速=+0,+0,+0.00 电=8.16V/0.65A/峰1.63 补余=0.0 IO错=0 倾+0.0
[   84.461] EVT 倾身 +10mm（对时标记 去程）
[   84.461] EVT 实验序列开跑：标记+自动轮换 3 轮
[   84.461] EVT 键 't' 倾=+0.0待=+10.0
[   84.700] TLM t=  26.8 L1·A@-74 L2·A@-66 L3·A@-75 R1·A@-74 R2·A@-67 R3·A@-61 罐=无罐 泵=0 阀=111111 速=+0,+0,+0.00 电=8.12V/1.30A/峰1.63 补余=0.0 IO错=0 倾+2.4→+10 对时标记
[   85.218] TLM t=  27.3 L1·A@-74 L2·A@-65 L3·A@-75 R1·A@-74 R2·A@-66 R3·A@-61 罐=无罐 泵=0 阀=111111 速=+0,+0,+0.00 电=8.07V/2.04A/峰2.04 补余=0.0 IO错=0 倾+7.6→+10 对时标记
[   85.720] TLM t=  27.8 L1·A@-73 L2·A@-65 L3·A@-75 R1·A@-74 R2·A@-66 R3·A@-60 罐=无罐 泵=0 阀=111111 速=+0,+0,+0.00 电=8.09V/1.95A/峰2.04 补余=0.0 IO错=0 倾+10.0 对时标记
[   85.933] EVT 泵 开 最差盘压-59.9
[   86.244] TLM t=  28.3 L1·A@-73 L2·A@-64 L3·A@-74 R1·A@-74 R2·A@-66 R3·A@-65 罐=无罐 泵=1 阀=111111 速=+0,+0,+0.00 电=8.04V/2.04A/峰2.04 补余=0.0 IO错=0 倾+10.0 对时标记
[   86.750] TLM t=  28.8 L1·A@-75 L2·A@-75 L3·A@-75 R1·A@-74 R2·A@-75 R3·A@-75 罐=无罐 泵=1 阀=111111 速=+0,+0,+0.00 电=8.06V/1.87A/峰2.04 补余=0.0 IO错=0 倾+10.0 对时标记
[   86.839] EVT 泵 停 最差盘压-75.3
[   87.270] TLM t=  29.3 L1·A@-76 L2·A@-76 L3·A@-76 R1·A@-76 R2·A@-76 R3·A@-76 罐=无罐 泵=0 阀=111111 速=+0,+0,+0.00 电=8.06V/2.04A/峰2.04 补余=0.0 IO错=0 倾+10.0 对时标记
[   87.463] EVT 倾身 -10mm（对时标记 回程）
[   87.776] TLM t=  29.8 L1·A@-76 L2·A@-76 L3·A@-76 R1·A@-76 R2·A@-75 R3·A@-75 罐=无罐 泵=0 阀=111111 速=+0,+0,+0.00 电=8.14V/0.90A/峰2.04 补余=0.0 IO错=0 倾+7.0→+0 对时标记
[   88.296] TLM t=  30.4 L1·A@-76 L2·A@-75 L3·A@-76 R1·A@-76 R2·A@-75 R3·A@-75 罐=无罐 泵=0 阀=111111 速=+0,+0,+0.00 电=8.16V/0.65A/峰2.04 补余=0.0 IO错=0 倾+1.8→+0 对时标记
[   88.801] TLM t=  30.9 L1·A@-76 L2·A@-75 L3·A@-76 R1·A@-76 R2·A@-75 R3·A@-74 罐=无罐 泵=0 阀=111111 速=+0,+0,+0.00 电=8.15V/0.65A/峰2.04 补余=0.0 IO错=0 倾+0.0 对时标记
[   89.325] TLM t=  31.4 L1·A@-76 L2·A@-74 L3·A@-76 R1·A@-76 R2·A@-74 R3·A@-73 罐=无罐 泵=0 阀=111111 速=+0,+0,+0.00 电=8.16V/0.65A/峰2.04 补余=0.0 IO错=0 倾+0.0 对时标记
[   89.832] TLM t=  31.9 L1·A@-76 L2·A@-74 L3·A@-76 R1·A@-76 R2·A@-74 R3·A@-73 罐=无罐 泵=0 阀=111111 速=+0,+0,+0.00 电=8.15V/0.57A/峰2.04 补余=0.0 IO错=0 倾+0.0 对时标记
[   90.350] TLM t=  32.4 L1·A@-76 L2·A@-73 L3·A@-76 R1·A@-75 R2·A@-73 R3·A@-72 罐=无罐 泵=0 阀=111111 速=+0,+0,+0.00 电=8.16V/0.65A/峰2.04 补余=0.0 IO错=0 倾+0.0 对时标记
[   90.855] TLM t=  32.9 L1·A@-76 L2·A@-73 L3·A@-76 R1·A@-75 R2·A@-73 R3·A@-71 罐=无罐 泵=0 阀=111111 速=+0,+0,+0.00 电=8.15V/0.65A/峰2.04 补余=0.0 IO错=0 倾+0.0 对时标记
[   91.377] TLM t=  33.4 L1·A@-76 L2·A@-72 L3·A@-76 R1·A@-75 R2·A@-72 R3·A@-71 罐=无罐 泵=0 阀=111111 速=+0,+0,+0.00 电=8.15V/0.65A/峰2.04 补余=0.0 IO错=0 倾+0.0 对时标记
[   91.880] TLM t=  33.9 L1·A@-76 L2·A@-72 L3·A@-76 R1·A@-75 R2·A@-72 R3·A@-70 罐=无罐 泵=0 阀=111111 速=+0,+0,+0.00 电=8.15V/0.65A/峰2.04 补余=0.0 IO错=0 倾+0.0 对时标记
[   92.403] TLM t=  34.4 L1·A@-75 L2·A@-71 L3·A@-76 R1·A@-75 R2·A@-72 R3·A@-69 罐=无罐 泵=0 阀=111111 速=+0,+0,+0.00 电=8.16V/0.65A/峰2.04 补余=0.0 IO错=0 倾+0.0 对时标记
[   92.905] TLM t=  34.9 L1·A@-75 L2·A@-71 L3·A@-76 R1·A@-75 R2·A@-71 R3·A@-69 罐=无罐 泵=0 阀=111111 速=+0,+0,+0.00 电=8.15V/0.65A/峰2.04 补余=0.0 IO错=0 倾+0.0 对时标记
[   93.428] TLM t=  35.5 L1·A@-75 L2·A@-71 L3·A@-76 R1·A@-75 R2·A@-71 R3·A@-68 罐=无罐 泵=0 阀=111111 速=+0,+0,+0.00 电=8.15V/0.65A/峰2.04 补余=0.0 IO错=0 倾+0.0 对时标记
[   93.932] TLM t=  36.0 L1·A@-75 L2·A@-70 L3·A@-75 R1·A@-75 R2·A@-71 R3·A@-68 罐=无罐 泵=0 阀=111111 速=+0,+0,+0.00 电=8.15V/0.65A/峰2.04 补余=0.0 IO错=0 倾+0.0 对时标记
[   94.456] TLM t=  36.5 L1·A@-75 L2·A@-70 L3·A@-75 R1·A@-75 R2·A@-70 R3·A@-67 罐=无罐 泵=0 阀=111111 速=+0,+0,+0.00 电=8.16V/0.73A/峰2.04 补余=0.0 IO错=0 倾+0.0 对时标记
[   94.959] TLM t=  37.0 L1·A@-75 L2·A@-69 L3·A@-75 R1·A@-75 R2·A@-70 R3·A@-66 罐=无罐 泵=0 阀=111111 速=+0,+0,+0.00 电=8.16V/0.65A/峰2.04 补余=0.0 IO错=0 倾+0.0 对时标记
[   95.479] TLM t=  37.5 L1·A@-75 L2·A@-69 L3·A@-75 R1·A@-75 R2·A@-69 R3·A@-66 罐=无罐 泵=0 阀=111111 速=+0,+0,+0.00 电=8.16V/0.65A/峰2.04 补余=0.0 IO错=0 倾+0.0 对时标记
[   95.982] TLM t=  38.0 L1·A@-75 L2·A@-68 L3·A@-75 R1·A@-75 R2·A@-69 R3·A@-65 罐=无罐 泵=0 阀=111111 速=+0,+0,+0.00 电=8.15V/0.65A/峰2.04 补余=0.0 IO错=0 倾+0.0 对时标记
[   96.506] TLM t=  38.5 L1·A@-75 L2·A@-68 L3·A@-75 R1·A@-75 R2·A@-69 R3·A@-65 罐=无罐 泵=0 阀=111111 速=+0,+0,+0.00 电=8.16V/0.73A/峰2.04 补余=0.0 IO错=0 倾+0.0 对时标记
[   97.008] TLM t=  39.0 L1·A@-75 L2·A@-68 L3·A@-75 R1·A@-75 R2·A@-68 R3·A@-64 罐=无罐 泵=0 阀=111111 速=+0,+0,+0.00 电=8.15V/0.65A/峰2.04 补余=0.0 IO错=0 倾+0.0 对时标记
[   97.529] TLM t=  39.5 L1·A@-74 L2·A@-67 L3·A@-75 R1·A@-75 R2·A@-68 R3·A@-63 罐=无罐 泵=0 阀=111111 速=+0,+0,+0.00 电=8.16V/0.65A/峰2.04 补余=0.0 IO错=0 倾+0.0 对时标记
[   98.033] TLM t=  40.0 L1·A@-74 L2·A@-67 L3·A@-75 R1·A@-75 R2·A@-68 R3·A@-63 罐=无罐 泵=0 阀=111111 速=+0,+0,+0.00 电=8.16V/0.65A/峰2.04 补余=0.0 IO错=0 倾+0.0 对时标记
[   98.553] TLM t=  40.6 L1·A@-74 L2·A@-66 L3·A@-75 R1·A@-75 R2·A@-67 R3·A@-62 罐=无罐 泵=0 阀=111111 速=+0,+0,+0.00 电=8.16V/0.65A/峰2.04 补余=0.0 IO错=0 倾+0.0 对时标记
[   99.058] TLM t=  41.1 L1·A@-74 L2·A@-66 L3·A@-75 R1·A@-75 R2·A@-67 R3·A@-62 罐=无罐 泵=0 阀=111111 速=+0,+0,+0.00 电=8.16V/0.65A/峰2.04 补余=0.0 IO错=0 倾+0.0 对时标记
[   99.578] TLM t=  41.6 L1·A@-74 L2·A@-65 L3·A@-75 R1·A@-75 R2·A@-66 R3·A@-61 罐=无罐 泵=0 阀=111111 速=+0,+0,+0.00 电=8.15V/0.65A/峰2.04 补余=0.0 IO错=0 倾+0.0 对时标记
[  100.083] TLM t=  42.1 L1·A@-74 L2·A@-65 L3·A@-75 R1·A@-75 R2·A@-66 R3·A@-60 罐=无罐 泵=0 阀=111111 速=+0,+0,+0.00 电=8.16V/0.73A/峰2.04 补余=0.0 IO错=0 倾+0.0 对时标记
[  100.536] EVT 泵 开 最差盘压-59.9
[  100.606] TLM t=  42.6 L1·A@-74 L2·A@-65 L3·A@-75 R1·A@-74 R2·A@-66 R3·A@-60 罐=无罐 泵=1 阀=111111 速=+0,+0,+0.00 电=8.11V/0.65A/峰2.04 补余=0.0 IO错=0 倾+0.0 对时标记
[  101.110] TLM t=  43.1 L1·A@-74 L2·A@-72 L3·A@-75 R1·A@-74 R2·A@-72 R3·A@-72 罐=无罐 泵=1 阀=111111 速=+0,+0,+0.00 电=8.14V/0.65A/峰2.04 补余=0.0 IO错=0 倾+0.0 对时标记
[  101.442] EVT 泵 停 最差盘压-75.3
[  101.630] TLM t=  43.6 L1·A@-76 L2·A@-77 L3·A@-76 R1·A@-76 R2·A@-76 R3·A@-76 罐=无罐 泵=0 阀=111111 速=+0,+0,+0.00 电=8.16V/0.73A/峰2.04 补余=0.0 IO错=0 倾+0.0 对时标记
[  102.133] TLM t=  44.1 L1·A@-76 L2·A@-76 L3·A@-76 R1·A@-76 R2·A@-76 R3·A@-76 罐=无罐 泵=0 阀=111111 速=+0,+0,+0.00 电=8.15V/0.65A/峰2.04 补余=0.0 IO错=0 倾+0.0 对时标记
[  102.655] TLM t=  44.6 L1·A@-76 L2·A@-76 L3·A@-76 R1·A@-76 R2·A@-75 R3·A@-75 罐=无罐 泵=0 阀=111111 速=+0,+0,+0.00 电=8.16V/0.65A/峰2.04 补余=0.0 IO错=0 倾+0.0 对时标记
[  103.156] TLM t=  45.1 L1·A@-76 L2·A@-75 L3·A@-76 R1·A@-76 R2·A@-75 R3·A@-74 罐=无罐 泵=0 阀=111111 速=+0,+0,+0.00 电=8.15V/0.65A/峰2.04 补余=0.0 IO错=0 倾+0.0 对时标记
[  103.681] TLM t=  45.7 L1·A@-76 L2·A@-75 L3·A@-76 R1·A@-76 R2·A@-74 R3·A@-74 罐=无罐 泵=0 阀=111111 速=+0,+0,+0.00 电=8.16V/0.73A/峰2.04 补余=0.0 IO错=0 倾+0.0 对时标记
[  104.186] TLM t=  46.2 L1·A@-76 L2·A@-74 L3·A@-76 R1·A@-76 R2·A@-74 R3·A@-73 罐=无罐 泵=0 阀=111111 速=+0,+0,+0.00 电=8.15V/0.65A/峰2.04 补余=0.0 IO错=0 倾+0.0 对时标记
[  104.705] TLM t=  46.7 L1·A@-76 L2·A@-74 L3·A@-76 R1·A@-76 R2·A@-74 R3·A@-72 罐=无罐 泵=0 阀=111111 速=+0,+0,+0.00 电=8.15V/0.65A/峰2.04 补余=0.0 IO错=0 倾+0.0 对时标记
[  105.214] TLM t=  47.2 L1·A@-76 L2·A@-73 L3·A@-76 R1·A@-75 R2·A@-73 R3·A@-72 罐=无罐 泵=0 阀=111111 速=+0,+0,+0.00 电=8.15V/0.73A/峰2.04 补余=0.0 IO错=0 倾+0.0 对时标记
[  105.735] TLM t=  47.7 L1·A@-76 L2·A@-73 L3·A@-76 R1·A@-75 R2·A@-73 R3·A@-71 罐=无罐 泵=0 阀=111111 速=+0,+0,+0.00 电=8.16V/0.73A/峰2.04 补余=0.0 IO错=0 倾+0.0 对时标记
[  106.239] TLM t=  48.2 L1·A@-76 L2·A@-72 L3·A@-76 R1·A@-75 R2·A@-72 R3·A@-70 罐=无罐 泵=0 阀=111111 速=+0,+0,+0.00 电=8.15V/0.65A/峰2.04 补余=0.0 IO错=0 倾+0.0 对时标记
[  106.760] TLM t=  48.7 L1·A@-75 L2·A@-72 L3·A@-76 R1·A@-75 R2·A@-72 R3·A@-70 罐=无罐 泵=0 阀=111111 速=+0,+0,+0.00 电=8.14V/0.65A/峰2.04 补余=0.0 IO错=0 倾+0.0 对时标记
[  107.264] TLM t=  49.2 L1·A@-75 L2·A@-71 L3·A@-76 R1·A@-75 R2·A@-72 R3·A@-69 罐=无罐 泵=0 阀=111111 速=+0,+0,+0.00 电=8.15V/0.33A/峰2.04 补余=0.0 IO错=0 倾+0.0 对时标记
[  107.783] TLM t=  49.7 L1·A@-75 L2·A@-71 L3·A@-76 R1·A@-75 R2·A@-71 R3·A@-69 罐=无罐 泵=0 阀=111111 速=+0,+0,+0.00 电=8.15V/0.65A/峰2.04 补余=0.0 IO错=0 倾+0.0 对时标记
[  108.287] TLM t=  50.2 L1·A@-75 L2·A@-70 L3·A@-76 R1·A@-75 R2·A@-71 R3·A@-68 罐=无罐 泵=0 阀=111111 速=+0,+0,+0.00 电=8.15V/0.73A/峰2.04 补余=0.0 IO错=0 倾+0.0 对时标记
[  108.498] EVT 对时标记完成
[  108.498] EVT 自动轮换：第 1 轮开始
[  108.518] EVT 原地抬起受理：R3
[  108.531] EVT 相位 R3 stance→handover
[  108.807] TLM t=  54.3 L1·A@-75 L2·A@-70 L3·A@-76 R1·A@-75 R2·A@-70 R3ZA@-67 罐=无罐 泵=0 阀=111111 速=+0,+0,+0.00 电=8.14V/0.65A/峰2.04 补余=0.0 IO错=0 倾+0.0 自动1/3
[  109.309] TLM t=  54.6 L1·A@-75 L2·A@-70 L3·A@-75 R1·A@-75 R2·A@-70 R3ZA@-67 罐=无罐 泵=0 阀=111111 速=+0,+0,+0.00 电=8.14V/0.73A/峰2.04 补余=0.0 IO错=0 倾+0.0 自动1/3
[  109.834] TLM t=  54.6 L1·A@-75 L2·A@-69 L3·A@-75 R1·A@-75 R2·A@-70 R3ZA@-66 罐=无罐 泵=0 阀=111111 速=+0,+0,+0.00 电=8.14V/0.98A/峰2.04 补余=0.0 IO错=0 倾+0.0 自动1/3
[  110.336] TLM t=  54.6 L1·A@-75 L2·A@-69 L3·A@-75 R1·A@-75 R2·A@-69 R3ZA@-65 罐=无罐 泵=0 阀=111111 速=+0,+0,+0.00 电=8.13V/1.06A/峰2.04 补余=0.0 IO错=0 倾+0.0 自动1/3
[  110.729] EVT 吸附 R3 attached→venting 在态61.84s -65.0kPa
[  110.730] EVT 相位 R3 handover→vent 落点Δ(+0.0,+0.0)
[  110.750] EVT 阀 R3 →排气位
[  110.857] TLM t=  54.6 L1·A@-75 L2·A@-68 L3·A@-75 R1·A@-75 R2·A@-69 R3Vv@-65 罐=无罐 泵=0 阀=111110 速=+0,+0,+0.00 电=8.11V/1.30A/峰2.04 补余=0.0 IO错=0 倾+0.0 自动1/3
[  111.032] EVT 相位 R3 vent→lift
[  111.154] EVT 吸附 R3 venting→released 在态0.42s 0.2kPa
[  111.365] TLM t=  54.6 L1·A@-75 L2·A@-68 L3·A@-75 R1·A@-75 R2·A@-69 R3Lr@-- 罐=无罐 泵=0 阀=111110 速=+0,+0,+0.00 电=8.11V/1.38A/峰2.04 补余=0.0 IO错=0 倾+0.0 自动1/3
[  111.874] EVT 相位 R3 lift→transfer
[  111.886] TLM t=  54.6 L1·A@-75 L2·A@-68 L3·A@-75 R1·A@-75 R2·A@-68 R3Tr@-- 罐=无罐 泵=0 阀=111110 速=+0,+0,+0.00 电=8.07V/1.47A/峰2.04 补余=0.0 IO错=0 倾+0.0 自动1/3
[  112.399] TLM t=  54.6 L1·A@-74 L2·A@-67 L3·A@-75 R1·A@-75 R2·A@-68 R3Tr@-- 罐=无罐 泵=0 阀=111110 速=+0,+0,+0.00 电=8.09V/1.55A/峰2.04 补余=0.0 IO错=0 倾+0.0 自动1/3
[  112.498] EVT 相位 R3 transfer→hover
[  112.908] TLM t=  54.6 L1·A@-74 L2·A@-67 L3·A@-75 R1·A@-75 R2·A@-68 R3Hr@-- 罐=无罐 泵=0 阀=111110 速=+0,+0,+0.00 电=8.10V/1.38A/峰2.04 补余=0.0 IO错=0 倾+0.0 自动1/3
[  113.413] TLM t=  54.6 L1·A@-74 L2·A@-66 L3·A@-75 R1·A@-75 R2·A@-67 R3Hr@-- 罐=无罐 泵=0 阀=111110 速=+0,+0,+0.00 电=8.11V/1.30A/峰2.04 补余=0.0 IO错=0 倾+0.0 自动1/3
[  113.500] EVT 落地：R3
[  113.523] EVT 相位 R3 hover→descend
[  113.929] TLM t=  54.6 L1·A@-74 L2·A@-66 L3·A@-75 R1·A@-75 R2·A@-67 R3Dr@-- 罐=无罐 泵=0 阀=111110 速=+0,+0,+0.00 电=8.10V/1.47A/峰2.04 补余=0.0 IO错=0 倾+0.0 自动1/3
[  114.004] EVT 相位 R3 descend→press
[  114.433] TLM t=  54.6 L1·A@-74 L2·A@-65 L3·A@-75 R1·A@-75 R2·A@-66 R3Pr@-- 罐=无罐 泵=0 阀=111110 速=+0,+0,+0.00 电=8.10V/1.47A/峰2.04 补余=0.0 IO错=0 倾+0.0 自动1/3
[  114.952] TLM t=  54.6 L1·A@-74 L2·A@-65 L3·A@-75 R1·A@-75 R2·A@-66 R3Pr@-- 罐=无罐 泵=0 阀=111110 速=+0,+0,+0.00 电=8.09V/1.38A/峰2.04 补余=0.0 IO错=0 倾+0.0 自动1/3
[  115.207] EVT 吸附 R3 released→pressing 在态4.04s 0.2kPa
[  115.207] EVT 相位 R3 press→wait
[  115.455] TLM t=  54.6 L1·A@-74 L2·A@-65 L3·A@-75 R1·A@-75 R2·A@-66 R3Wp@-- 罐=无罐 泵=0 阀=111110 速=+0,+0,+0.00 电=8.09V/1.47A/峰2.04 补余=0.0 IO错=0 倾+0.0 自动1/3
[  115.520] EVT 吸附 R3 pressing→sucking 在态0.32s 0.2kPa
[  115.521] EVT 阀 R3 →抽气位
[  115.548] EVT 泵 开 最差盘压-64.5
[  115.881] EVT 吸附 R3 sucking→attached 在态0.36s -58.7kPa
[  115.882] EVT 相位 R3 wait→stance
[  115.882] EVT 抬落完成，轮到 L1
[  115.980] TLM t=  54.7 L1·A@-74 L2·A@-64 L3·A@-75 R1·A@-75 R2·A@-65 R3·A@-65 罐=无罐 泵=1 阀=111111 速=+0,+0,+0.00 电=8.09V/1.30A/峰2.04 补余=0.0 IO错=0 倾+0.0 自动1/3
[  116.483] TLM t=  55.2 L1·A@-75 L2·A@-76 L3·A@-75 R1·A@-74 R2·A@-75 R3·A@-75 罐=无罐 泵=1 阀=111111 速=+0,+0,+0.00 电=8.10V/1.30A/峰2.04 补余=0.0 IO错=0 倾+0.0 自动1/3
[  116.577] EVT 泵 停 最差盘压-75.3
[  117.010] TLM t=  55.7 L1·A@-76 L2·A@-76 L3·A@-76 R1·A@-76 R2·A@-76 R3·A@-76 罐=无罐 泵=0 阀=111111 速=+0,+0,+0.00 电=8.11V/1.38A/峰2.04 补余=0.0 IO错=0 倾+0.0 自动1/3
[  117.517] TLM t=  56.2 L1·A@-76 L2·A@-76 L3·A@-76 R1·A@-76 R2·A@-75 R3·A@-75 罐=无罐 泵=0 阀=111111 速=+0,+0,+0.00 电=8.11V/1.38A/峰2.04 补余=0.0 IO错=0 倾+0.0 自动1/3
[  118.035] TLM t=  56.7 L1·A@-76 L2·A@-75 L3·A@-76 R1·A@-76 R2·A@-75 R3·A@-74 罐=无罐 泵=0 阀=111111 速=+0,+0,+0.00 电=8.11V/1.38A/峰2.04 补余=0.0 IO错=0 倾+0.0 自动1/3
[  118.537] TLM t=  57.2 L1·A@-76 L2·A@-75 L3·A@-76 R1·A@-76 R2·A@-75 R3·A@-74 罐=无罐 泵=0 阀=111111 速=+0,+0,+0.00 电=8.11V/1.38A/峰2.04 补余=0.0 IO错=0 倾+0.0 自动1/3
[  119.063] TLM t=  57.7 L1·A@-76 L2·A@-74 L3·A@-76 R1·A@-76 R2·A@-74 R3·A@-73 罐=无罐 泵=0 阀=111111 速=+0,+0,+0.00 电=8.11V/1.38A/峰2.04 补余=0.0 IO错=0 倾+0.0 自动1/3
[  119.566] TLM t=  58.2 L1·A@-76 L2·A@-74 L3·A@-76 R1·A@-76 R2·A@-74 R3·A@-72 罐=无罐 泵=0 阀=111111 速=+0,+0,+0.00 电=8.11V/1.30A/峰2.04 补余=0.0 IO错=0 倾+0.0 自动1/3
[  120.089] TLM t=  58.8 L1·A@-76 L2·A@-73 L3·A@-76 R1·A@-75 R2·A@-73 R3·A@-72 罐=无罐 泵=0 阀=111111 速=+0,+0,+0.00 电=8.11V/1.38A/峰2.04 补余=0.0 IO错=0 倾+0.0 自动1/3
[  120.596] TLM t=  59.3 L1·A@-76 L2·A@-73 L3·A@-76 R1·A@-75 R2·A@-73 R3·A@-71 罐=无罐 泵=0 阀=111111 速=+0,+0,+0.00 电=8.11V/1.47A/峰2.04 补余=0.0 IO错=0 倾+0.0 自动1/3
[  121.118] TLM t=  59.8 L1·A@-76 L2·A@-72 L3·A@-76 R1·A@-75 R2·A@-73 R3·A@-70 罐=无罐 泵=0 阀=111111 速=+0,+0,+0.00 电=8.11V/1.22A/峰2.04 补余=0.0 IO错=0 倾+0.0 自动1/3
[  121.621] TLM t=  60.3 L1·A@-76 L2·A@-72 L3·A@-76 R1·A@-75 R2·A@-72 R3·A@-70 罐=无罐 泵=0 阀=111111 速=+0,+0,+0.00 电=8.12V/1.30A/峰2.04 补余=0.0 IO错=0 倾+0.0 自动1/3
[  122.142] TLM t=  60.8 L1·A@-75 L2·A@-72 L3·A@-76 R1·A@-75 R2·A@-72 R3·A@-69 罐=无罐 泵=0 阀=111111 速=+0,+0,+0.00 电=8.11V/1.30A/峰2.04 补余=0.0 IO错=0 倾+0.0 自动1/3
[  122.646] TLM t=  61.3 L1·A@-75 L2·A@-71 L3·A@-76 R1·A@-75 R2·A@-71 R3·A@-69 罐=无罐 泵=0 阀=111111 速=+0,+0,+0.00 电=8.12V/1.22A/峰2.04 补余=0.0 IO错=0 倾+0.0 自动1/3
[  123.167] TLM t=  61.8 L1·A@-75 L2·A@-71 L3·A@-76 R1·A@-75 R2·A@-71 R3·A@-68 罐=无罐 泵=0 阀=111111 速=+0,+0,+0.00 电=8.11V/1.22A/峰2.04 补余=0.0 IO错=0 倾+0.0 自动1/3
[  123.669] TLM t=  62.3 L1·A@-75 L2·A@-70 L3·A@-76 R1·A@-75 R2·A@-71 R3·A@-67 罐=无罐 泵=0 阀=111111 速=+0,+0,+0.00 电=8.10V/1.22A/峰2.04 补余=0.0 IO错=0 倾+0.0 自动1/3
[  124.191] TLM t=  62.8 L1·A@-75 L2·A@-70 L3·A@-76 R1·A@-75 R2·A@-70 R3·A@-67 罐=无罐 泵=0 阀=111111 速=+0,+0,+0.00 电=8.12V/1.14A/峰2.04 补余=0.0 IO错=0 倾+0.0 自动1/3
[  124.699] TLM t=  63.3 L1·A@-75 L2·A@-69 L3·A@-75 R1·A@-75 R2·A@-70 R3·A@-66 罐=无罐 泵=0 阀=111111 速=+0,+0,+0.00 电=8.11V/1.38A/峰2.04 补余=0.0 IO错=0 倾+0.0 自动1/3
[  125.219] TLM t=  63.9 L1·A@-75 L2·A@-69 L3·A@-75 R1·A@-75 R2·A@-70 R3·A@-65 罐=无罐 泵=0 阀=111111 速=+0,+0,+0.00 电=8.11V/1.55A/峰2.04 补余=0.0 IO错=0 倾+0.0 自动1/3
[  125.722] TLM t=  64.4 L1·A@-75 L2·A@-69 L3·A@-75 R1·A@-75 R2·A@-69 R3·A@-65 罐=无罐 泵=0 阀=111111 速=+0,+0,+0.00 电=8.11V/1.30A/峰2.04 补余=0.0 IO错=0 倾+0.0 自动1/3
[  125.906] EVT 原地抬起受理：L1
[  125.934] EVT 相位 L1 stance→handover
[  126.246] TLM t=  65.7 L1ZA@-75 L2·A@-68 L3·A@-75 R1·A@-75 R2·A@-69 R3·A@-64 罐=无罐 泵=0 阀=111111 速=+0,+0,+0.00 电=8.12V/1.22A/峰2.04 补余=0.0 IO错=0 倾+0.0 自动1/3
[  126.751] TLM t=  66.0 L1ZA@-75 L2·A@-68 L3·A@-75 R1·A@-75 R2·A@-68 R3·A@-64 罐=无罐 泵=0 阀=111111 速=+0,+0,+0.00 电=8.12V/1.14A/峰2.04 补余=0.0 IO错=0 倾+0.0 自动1/3
[  127.272] TLM t=  66.0 L1ZA@-75 L2·A@-67 L3·A@-75 R1·A@-75 R2·A@-68 R3·A@-63 罐=无罐 泵=0 阀=111111 速=+0,+0,+0.00 电=8.09V/1.71A/峰2.04 补余=0.0 IO错=0 倾+0.0 自动1/3
[  127.779] TLM t=  66.0 L1ZA@-75 L2·A@-67 L3·A@-75 R1·A@-75 R2·A@-68 R3·A@-62 罐=无罐 泵=0 阀=111111 速=+0,+0,+0.00 电=8.10V/1.79A/峰2.04 补余=0.0 IO错=0 倾+0.0 自动1/3
[  128.301] TLM t=  66.0 L1ZA@-75 L2·A@-67 L3·A@-75 R1·A@-75 R2·A@-67 R3·A@-62 罐=无罐 泵=0 阀=111111 速=+0,+0,+0.00 电=8.06V/2.04A/峰2.04 补余=0.0 IO错=0 倾+0.0 自动1/3
[  128.801] TLM t=  66.0 L1ZA@-74 L2·A@-66 L3·A@-75 R1·A@-75 R2·A@-67 R3·A@-61 罐=无罐 泵=0 阀=111111 速=+0,+0,+0.00 电=8.05V/2.20A/峰2.20 补余=0.0 IO错=0 倾+0.0 自动1/3
[  129.035] EVT 吸附 L1 attached→venting 在态78.22s -74.3kPa
[  129.036] EVT 相位 L1 handover→vent 落点Δ(+0.0,+0.0)
[  129.048] EVT 阀 L1 →排气位
[  129.327] TLM t=  66.0 L1Vv@-74 L2·A@-66 L3·A@-75 R1·A@-74 R2·A@-67 R3·A@-61 罐=无罐 泵=0 阀=011111 速=+0,+0,+0.00 电=8.06V/2.20A/峰2.20 补余=0.0 IO错=0 倾+0.0 自动1/3
[  129.341] EVT 相位 L1 vent→lift
[  129.476] EVT 吸附 L1 venting→released 在态0.44s 0.1kPa
[  129.800] EVT 泵 开 最差盘压-59.9
[  129.831] TLM t=  66.0 L1Lr@-- L2·A@-65 L3·A@-75 R1·A@-74 R2·A@-66 R3·A@-60 罐=无罐 泵=1 阀=011111 速=+0,+0,+0.00 电=7.92V/2.12A/峰2.20 补余=0.0 IO错=0 倾+0.0 自动1/3
[  130.183] EVT 相位 L1 lift→transfer
[  130.349] TLM t=  66.0 L1Tr@-- L2·A@-71 L3·A@-75 R1·A@-74 R2·A@-71 R3·A@-72 罐=无罐 泵=1 阀=011111 速=+0,+0,+0.00 电=7.97V/2.69A/峰2.69 补余=0.0 IO错=0 倾+0.0 自动1/3
[  130.702] EVT 泵 停 最差盘压-75.5
[  130.798] EVT 相位 L1 transfer→hover
[  130.854] TLM t=  66.0 L1Hr@-- L2·A@-77 L3·A@-77 R1·A@-76 R2·A@-76 R3·A@-77 罐=无罐 泵=0 阀=011111 速=+0,+0,+0.00 电=8.05V/2.20A/峰2.69 补余=0.0 IO错=0 倾+0.0 自动1/3
[  131.374] TLM t=  66.0 L1Hr@-- L2·A@-76 L3·A@-77 R1·A@-76 R2·A@-76 R3·A@-76 罐=无罐 泵=0 阀=011111 速=+0,+0,+0.00 电=8.06V/2.04A/峰2.69 补余=0.0 IO错=0 倾+0.0 自动1/3
[  131.814] EVT 落地：L1
[  131.826] EVT 相位 L1 hover→descend
[  131.881] TLM t=  66.0 L1Dr@-- L2·A@-76 L3·A@-76 R1·A@-76 R2·A@-75 R3·A@-75 罐=无罐 泵=0 阀=011111 速=+0,+0,+0.00 电=8.04V/2.12A/峰2.69 补余=0.0 IO错=0 倾+0.0 自动1/3
[  132.307] EVT 相位 L1 descend→press
[  132.402] TLM t=  66.0 L1Pr@-- L2·A@-75 L3·A@-76 R1·A@-76 R2·A@-75 R3·A@-74 罐=无罐 泵=0 阀=011111 速=+0,+0,+0.00 电=8.06V/2.04A/峰2.69 补余=0.0 IO错=0 倾+0.0 自动1/3
[  132.903] TLM t=  66.0 L1Pr@-- L2·A@-75 L3·A@-76 R1·A@-76 R2·A@-75 R3·A@-74 罐=无罐 泵=0 阀=011111 速=+0,+0,+0.00 电=8.02V/2.36A/峰2.69 补余=0.0 IO错=0 倾+0.0 自动1/3
[  133.425] TLM t=  66.0 L1Pr@-- L2·A@-74 L3·A@-76 R1·A@-76 R2·A@-74 R3·A@-73 罐=无罐 泵=0 阀=011111 速=+0,+0,+0.00 电=8.03V/2.20A/峰2.69 补余=0.0 IO错=0 倾+0.0 自动1/3
[  133.510] EVT 吸附 L1 released→pressing 在态4.02s 0.1kPa
[  133.511] EVT 相位 L1 press→wait
[  133.836] EVT 吸附 L1 pressing→sucking 在态0.32s 0.1kPa
[  133.837] EVT 阀 L1 →抽气位
[  133.859] EVT 泵 开 最差盘压-72.5
[  133.931] TLM t=  66.0 L1Ws@-12 L2·A@-74 L3·A@-76 R1·A@-75 R2·A@-74 R3·A@-72 罐=无罐 泵=1 阀=111111 速=+0,+0,+0.00 电=8.03V/2.28A/峰2.69 补余=0.0 IO错=0 倾+0.0 自动1/3
[  134.192] EVT 吸附 L1 sucking→attached 在态0.36s -64.1kPa
[  134.198] EVT 相位 L1 wait→stance
[  134.198] EVT 抬落完成，轮到 R2
[  134.445] TLM t=  66.2 L1·A@-73 L2·A@-73 L3·A@-76 R1·A@-75 R2·A@-73 R3·A@-74 罐=无罐 泵=1 阀=111111 速=+0,+0,+0.00 电=8.04V/2.20A/峰2.69 补余=0.0 IO错=0 倾+0.0 自动1/3
[  134.581] EVT 泵 停 最差盘压-75.2
[  134.951] TLM t=  66.7 L1·A@-76 L2·A@-76 L3·A@-76 R1·A@-75 R2·A@-76 R3·A@-76 罐=无罐 泵=0 阀=111111 速=+0,+0,+0.00 电=8.07V/2.04A/峰2.69 补余=0.0 IO错=0 倾+0.0 自动1/3
[  135.472] TLM t=  67.3 L1·A@-75 L2·A@-75 L3·A@-76 R1·A@-75 R2·A@-75 R3·A@-75 罐=无罐 泵=0 阀=111111 速=+0,+0,+0.00 电=8.06V/2.04A/峰2.69 补余=0.0 IO错=0 倾+0.0 自动1/3
[  135.976] TLM t=  67.8 L1·A@-75 L2·A@-75 L3·A@-76 R1·A@-75 R2·A@-75 R3·A@-74 罐=无罐 泵=0 阀=111111 速=+0,+0,+0.00 电=8.07V/1.95A/峰2.69 补余=0.0 IO错=0 倾+0.0 自动1/3
[  136.492] TLM t=  68.3 L1·A@-75 L2·A@-75 L3·A@-76 R1·A@-75 R2·A@-74 R3·A@-74 罐=无罐 泵=0 阀=111111 速=+0,+0,+0.00 电=8.07V/2.04A/峰2.69 补余=0.0 IO错=0 倾+0.0 自动1/3
[  137.002] TLM t=  68.8 L1·A@-75 L2·A@-74 L3·A@-76 R1·A@-75 R2·A@-74 R3·A@-73 罐=无罐 泵=0 阀=111111 速=+0,+0,+0.00 电=8.07V/1.95A/峰2.69 补余=0.0 IO错=0 倾+0.0 自动1/3
[  137.519] TLM t=  69.3 L1·A@-75 L2·A@-74 L3·A@-76 R1·A@-75 R2·A@-73 R3·A@-72 罐=无罐 泵=0 阀=111111 速=+0,+0,+0.00 电=8.07V/2.12A/峰2.69 补余=0.0 IO错=0 倾+0.0 自动1/3
[  138.026] TLM t=  69.8 L1·A@-75 L2·A@-73 L3·A@-76 R1·A@-75 R2·A@-73 R3·A@-72 罐=无罐 泵=0 阀=111111 速=+0,+0,+0.00 电=8.08V/1.95A/峰2.69 补余=0.0 IO错=0 倾+0.0 自动1/3
[  138.546] TLM t=  70.3 L1·A@-75 L2·A@-73 L3·A@-76 R1·A@-75 R2·A@-73 R3·A@-71 罐=无罐 泵=0 阀=111111 速=+0,+0,+0.00 电=8.06V/2.04A/峰2.69 补余=0.0 IO错=0 倾+0.0 自动1/3
[  139.050] TLM t=  70.8 L1·A@-74 L2·A@-72 L3·A@-76 R1·A@-75 R2·A@-72 R3·A@-70 罐=无罐 泵=0 阀=111111 速=+0,+0,+0.00 电=8.06V/2.12A/峰2.69 补余=0.0 IO错=0 倾+0.0 自动1/3
[  139.567] TLM t=  71.3 L1·A@-74 L2·A@-72 L3·A@-76 R1·A@-75 R2·A@-72 R3·A@-70 罐=无罐 泵=0 阀=111111 速=+0,+0,+0.00 电=8.08V/1.87A/峰2.69 补余=0.0 IO错=0 倾+0.0 自动1/3
[  140.073] TLM t=  71.8 L1·A@-74 L2·A@-71 L3·A@-75 R1·A@-75 R2·A@-72 R3·A@-69 罐=无罐 泵=0 阀=111111 速=+0,+0,+0.00 电=8.06V/2.12A/峰2.69 补余=0.0 IO错=0 倾+0.0 自动1/3
[  140.589] TLM t=  72.4 L1·A@-74 L2·A@-71 L3·A@-75 R1·A@-74 R2·A@-71 R3·A@-69 罐=无罐 泵=0 阀=111111 速=+0,+0,+0.00 电=8.05V/1.95A/峰2.69 补余=0.0 IO错=0 倾+0.0 自动1/3
[  141.096] TLM t=  72.9 L1·A@-74 L2·A@-70 L3·A@-75 R1·A@-74 R2·A@-71 R3·A@-68 罐=无罐 泵=0 阀=111111 速=+0,+0,+0.00 电=8.07V/1.95A/峰2.69 补余=0.0 IO错=0 倾+0.0 自动1/3
[  141.616] TLM t=  73.4 L1·A@-74 L2·A@-70 L3·A@-75 R1·A@-74 R2·A@-70 R3·A@-67 罐=无罐 泵=0 阀=111111 速=+0,+0,+0.00 电=8.08V/2.12A/峰2.69 补余=0.0 IO错=0 倾+0.0 自动1/3
[  142.119] TLM t=  73.9 L1·A@-74 L2·A@-70 L3·A@-75 R1·A@-74 R2·A@-70 R3·A@-67 罐=无罐 泵=0 阀=111111 速=+0,+0,+0.00 电=8.05V/2.04A/峰2.69 补余=0.0 IO错=0 倾+0.0 自动1/3
[  142.637] TLM t=  74.4 L1·A@-74 L2·A@-69 L3·A@-75 R1·A@-74 R2·A@-70 R3·A@-66 罐=无罐 泵=0 阀=111111 速=+0,+0,+0.00 电=8.06V/2.20A/峰2.69 补余=0.0 IO错=0 倾+0.0 自动1/3
[  143.144] TLM t=  74.9 L1·A@-74 L2·A@-69 L3·A@-75 R1·A@-74 R2·A@-69 R3·A@-66 罐=无罐 泵=0 阀=111111 速=+0,+0,+0.00 电=8.06V/1.95A/峰2.69 补余=0.0 IO错=0 倾+0.0 自动1/3
[  143.662] TLM t=  75.4 L1·A@-74 L2·A@-68 L3·A@-75 R1·A@-74 R2·A@-69 R3·A@-65 罐=无罐 泵=0 阀=111111 速=+0,+0,+0.00 电=8.06V/2.04A/峰2.69 补余=0.0 IO错=0 倾+0.0 自动1/3
[  144.166] TLM t=  75.9 L1·A@-73 L2·A@-68 L3·A@-75 R1·A@-74 R2·A@-69 R3·A@-64 罐=无罐 泵=0 阀=111111 速=+0,+0,+0.00 电=8.08V/1.95A/峰2.69 补余=0.0 IO错=0 倾+0.0 自动1/3
[  144.232] EVT 原地抬起受理：R2
[  144.254] EVT 相位 R2 stance→handover
[  144.683] TLM t=  77.2 L1·A@-73 L2·A@-68 L3·A@-75 R1·A@-74 R2ZA@-68 R3·A@-64 罐=无罐 泵=0 阀=111111 速=+0,+0,+0.00 电=8.04V/2.28A/峰2.69 补余=0.0 IO错=0 倾+0.0 自动1/3
[  145.188] TLM t=  77.4 L1·A@-73 L2·A@-67 L3·A@-75 R1·A@-74 R2ZA@-68 R3·A@-63 罐=无罐 泵=0 阀=111111 速=+0,+0,+0.00 电=8.07V/2.12A/峰2.69 补余=0.0 IO错=0 倾+0.0 自动1/3
[  145.709] TLM t=  77.4 L1·A@-73 L2·A@-67 L3·A@-75 R1·A@-74 R2ZA@-68 R3·A@-63 罐=无罐 泵=0 阀=111111 速=+0,+0,+0.00 电=8.05V/2.12A/峰2.69 补余=0.0 IO错=0 倾+0.0 自动1/3
[  146.215] TLM t=  77.4 L1·A@-73 L2·A@-66 L3·A@-75 R1·A@-74 R2ZA@-67 R3·A@-62 罐=无罐 泵=0 阀=111111 速=+0,+0,+0.00 电=8.05V/2.12A/峰2.69 补余=0.0 IO错=0 倾+0.0 自动1/3
[  146.444] EVT 吸附 R2 attached→venting 在态93.74s -67.0kPa
[  146.444] EVT 相位 R2 handover→vent 落点Δ(+0.0,+0.0)
[  146.457] EVT 阀 R2 →排气位
[  146.729] TLM t=  77.4 L1·A@-73 L2·A@-66 L3·A@-75 R1·A@-74 R2Vv@-67 R3·A@-61 罐=无罐 泵=0 阀=111101 速=+0,+0,+0.00 电=8.02V/2.04A/峰2.69 补余=0.0 IO错=0 倾+0.0 自动1/3
[  146.745] EVT 相位 R2 vent→lift
[  146.880] EVT 吸附 R2 venting→released 在态0.44s -0.0kPa
[  147.235] TLM t=  77.4 L1·A@-73 L2·A@-65 L3·A@-75 R1·A@-74 R2Lr@-- R3·A@-61 罐=无罐 泵=0 阀=111101 速=+0,+0,+0.00 电=8.05V/2.28A/峰2.69 补余=0.0 IO错=0 倾+0.0 自动1/3
[  147.588] EVT 相位 R2 lift→transfer
[  147.752] TLM t=  77.4 L1·A@-73 L2·A@-65 L3·A@-75 R1·A@-74 R2Tr@-- R3·A@-60 罐=无罐 泵=0 阀=111101 速=+0,+0,+0.00 电=8.02V/2.52A/峰2.69 补余=0.0 IO错=0 倾+0.0 自动1/3
[  147.986] EVT 泵 开 最差盘压-59.9
[  148.202] EVT 相位 R2 transfer→hover
[  148.257] TLM t=  77.4 L1·A@-73 L2·A@-65 L3·A@-75 R1·A@-73 R2Hr@-- R3·A@-62 罐=无罐 泵=1 阀=111101 速=+0,+0,+0.00 电=8.02V/2.04A/峰2.69 补余=0.0 IO错=0 倾+0.0 自动1/3
[  148.778] TLM t=  77.4 L1·A@-75 L2·A@-75 L3·A@-75 R1·A@-74 R2Hr@-- R3·A@-75 罐=无罐 泵=1 阀=111101 速=+0,+0,+0.00 电=8.00V/2.12A/峰2.69 补余=0.0 IO错=0 倾+0.0 自动1/3
[  148.832] EVT 泵 停 最差盘压-75.0
[  149.215] EVT 落地：R2
[  149.228] EVT 相位 R2 hover→descend
[  149.282] TLM t=  77.4 L1·A@-76 L2·A@-76 L3·A@-76 R1·A@-76 R2Dr@-- R3·A@-76 罐=无罐 泵=0 阀=111101 速=+0,+0,+0.00 电=8.05V/2.12A/峰2.69 补余=0.0 IO错=0 倾+0.0 自动1/3
[  149.709] EVT 相位 R2 descend→press
[  149.807] TLM t=  77.4 L1·A@-76 L2·A@-75 L3·A@-76 R1·A@-75 R2Pr@-- R3·A@-75 罐=无罐 泵=0 阀=111101 速=+0,+0,+0.00 电=8.05V/2.20A/峰2.69 补余=0.0 IO错=0 倾+0.0 自动1/3
[  150.310] TLM t=  77.4 L1·A@-76 L2·A@-75 L3·A@-76 R1·A@-75 R2Pr@-- R3·A@-74 罐=无罐 泵=0 阀=111101 速=+0,+0,+0.00 电=8.03V/2.52A/峰2.69 补余=0.0 IO错=0 倾+0.0 自动1/3
[  150.831] TLM t=  77.4 L1·A@-76 L2·A@-75 L3·A@-76 R1·A@-75 R2Pr@-- R3·A@-74 罐=无罐 泵=0 阀=111101 速=+0,+0,+0.00 电=8.04V/2.28A/峰2.69 补余=0.0 IO错=0 倾+0.0 自动1/3
[  150.917] EVT 吸附 R2 released→pressing 在态4.02s -0.0kPa
[  150.917] EVT 相位 R2 press→wait
[  151.242] EVT 吸附 R2 pressing→sucking 在态0.32s -0.0kPa
[  151.243] EVT 阀 R2 →抽气位
[  151.265] EVT 泵 开 最差盘压-73.1
[  151.335] TLM t=  77.4 L1·A@-76 L2·A@-74 L3·A@-76 R1·A@-75 R2Ws@-50 R3·A@-73 罐=无罐 泵=1 阀=111111 速=+0,+0,+0.00 电=8.01V/2.28A/峰2.69 补余=0.0 IO错=0 倾+0.0 自动1/3
[  151.506] EVT 吸附 R2 sucking→attached 在态0.26s -65.8kPa
[  151.506] EVT 相位 R2 wait→stance
[  151.506] EVT 抬落完成，轮到 L3
[  151.855] TLM t=  77.7 L1·A@-76 L2·A@-74 L3·A@-76 R1·A@-75 R2·A@-73 R3·A@-73 罐=无罐 泵=1 阀=111111 速=+0,+0,+0.00 电=8.00V/2.28A/峰2.69 补余=0.0 IO错=0 倾+0.0 自动1/3
[  152.025] EVT 泵 停 最差盘压-75.1
[  152.356] TLM t=  78.2 L1·A@-76 L2·A@-76 L3·A@-76 R1·A@-75 R2·A@-75 R3·A@-76 罐=无罐 泵=0 阀=111111 速=+0,+0,+0.00 电=8.06V/2.20A/峰2.69 补余=0.0 IO错=0 倾+0.0 自动1/3
[  152.876] TLM t=  78.8 L1·A@-76 L2·A@-75 L3·A@-76 R1·A@-75 R2·A@-74 R3·A@-75 罐=无罐 泵=0 阀=111111 速=+0,+0,+0.00 电=8.04V/2.12A/峰2.69 补余=0.0 IO错=0 倾+0.0 自动1/3
[  153.382] TLM t=  79.3 L1·A@-76 L2·A@-75 L3·A@-76 R1·A@-75 R2·A@-74 R3·A@-74 罐=无罐 泵=0 阀=111111 速=+0,+0,+0.00 电=8.05V/2.20A/峰2.69 补余=0.0 IO错=0 倾+0.0 自动1/3
[  153.901] TLM t=  79.8 L1·A@-76 L2·A@-75 L3·A@-76 R1·A@-75 R2·A@-73 R3·A@-74 罐=无罐 泵=0 阀=111111 速=+0,+0,+0.00 电=8.04V/2.44A/峰2.69 补余=0.0 IO错=0 倾+0.0 自动1/3
[  154.409] TLM t=  80.3 L1·A@-76 L2·A@-74 L3·A@-75 R1·A@-75 R2·A@-73 R3·A@-73 罐=无罐 泵=0 阀=111111 速=+0,+0,+0.00 电=8.03V/2.12A/峰2.69 补余=0.0 IO错=0 倾+0.0 自动1/3
[  154.924] TLM t=  80.8 L1·A@-75 L2·A@-74 L3·A@-75 R1·A@-75 R2·A@-72 R3·A@-72 罐=无罐 泵=0 阀=111111 速=+0,+0,+0.00 电=8.06V/2.20A/峰2.69 补余=0.0 IO错=0 倾+0.0 自动1/3
[  155.430] TLM t=  81.3 L1·A@-75 L2·A@-73 L3·A@-75 R1·A@-75 R2·A@-72 R3·A@-72 罐=无罐 泵=0 阀=111111 速=+0,+0,+0.00 电=8.04V/2.28A/峰2.69 补余=0.0 IO错=0 倾+0.0 自动1/3
[  155.948] TLM t=  81.8 L1·A@-75 L2·A@-73 L3·A@-75 R1·A@-75 R2·A@-71 R3·A@-71 罐=无罐 泵=0 阀=111111 速=+0,+0,+0.00 电=8.05V/2.12A/峰2.69 补余=0.0 IO错=0 倾+0.0 自动1/3
[  156.454] TLM t=  82.3 L1·A@-75 L2·A@-72 L3·A@-75 R1·A@-75 R2·A@-71 R3·A@-71 罐=无罐 泵=0 阀=111111 速=+0,+0,+0.00 电=8.03V/2.12A/峰2.69 补余=0.0 IO错=0 倾+0.0 自动1/3
[  156.974] TLM t=  82.8 L1·A@-75 L2·A@-72 L3·A@-75 R1·A@-74 R2·A@-71 R3·A@-70 罐=无罐 泵=0 阀=111111 速=+0,+0,+0.00 电=8.03V/2.12A/峰2.69 补余=0.0 IO错=0 倾+0.0 自动1/3
[  157.478] TLM t=  83.3 L1·A@-75 L2·A@-71 L3·A@-75 R1·A@-74 R2·A@-70 R3·A@-69 罐=无罐 泵=0 阀=111111 速=+0,+0,+0.00 电=8.06V/2.44A/峰2.69 补余=0.0 IO错=0 倾+0.0 自动1/3
[  157.997] TLM t=  83.9 L1·A@-75 L2·A@-71 L3·A@-75 R1·A@-74 R2·A@-70 R3·A@-69 罐=无罐 泵=0 阀=111111 速=+0,+0,+0.00 电=8.06V/2.20A/峰2.69 补余=0.0 IO错=0 倾+0.0 自动1/3
[  158.506] TLM t=  84.4 L1·A@-75 L2·A@-71 L3·A@-75 R1·A@-74 R2·A@-69 R3·A@-68 罐=无罐 泵=0 阀=111111 速=+0,+0,+0.00 电=8.05V/2.20A/峰2.69 补余=0.0 IO错=0 倾+0.0 自动1/3
[  159.022] TLM t=  84.9 L1·A@-75 L2·A@-70 L3·A@-75 R1·A@-74 R2·A@-69 R3·A@-67 罐=无罐 泵=0 阀=111111 速=+0,+0,+0.00 电=8.03V/2.12A/峰2.69 补余=0.0 IO错=0 倾+0.0 自动1/3
[  159.532] TLM t=  85.4 L1·A@-75 L2·A@-70 L3·A@-75 R1·A@-74 R2·A@-69 R3·A@-67 罐=无罐 泵=0 阀=111111 速=+0,+0,+0.00 电=8.04V/2.36A/峰2.69 补余=0.0 IO错=0 倾+0.0 自动1/3
[  160.051] TLM t=  85.9 L1·A@-75 L2·A@-69 L3·A@-75 R1·A@-74 R2·A@-68 R3·A@-66 罐=无罐 泵=0 阀=111111 速=+0,+0,+0.00 电=8.05V/2.36A/峰2.69 补余=0.0 IO错=0 倾+0.0 自动1/3
[  160.559] TLM t=  86.4 L1·A@-75 L2·A@-69 L3·A@-75 R1·A@-74 R2·A@-68 R3·A@-66 罐=无罐 泵=0 阀=111111 速=+0,+0,+0.00 电=8.06V/2.20A/峰2.69 补余=0.0 IO错=0 倾+0.0 自动1/3
[  161.076] TLM t=  86.9 L1·A@-75 L2·A@-68 L3·A@-75 R1·A@-74 R2·A@-68 R3·A@-65 罐=无罐 泵=0 阀=111111 速=+0,+0,+0.00 电=8.04V/2.36A/峰2.69 补余=0.0 IO错=0 倾+0.0 自动1/3
[  161.525] EVT 原地抬起受理：L3
[  161.548] EVT 相位 L3 stance→handover
[  161.576] TLM t=  88.2 L1·A@-74 L2·A@-68 L3ZA@-75 R1·A@-74 R2·A@-67 R3·A@-64 罐=无罐 泵=0 阀=111111 速=+0,+0,+0.00 电=8.04V/2.36A/峰2.69 补余=0.0 IO错=0 倾+0.0 自动1/3
[  162.100] TLM t=  88.8 L1·A@-74 L2·A@-68 L3ZA@-75 R1·A@-74 R2·A@-67 R3·A@-64 罐=无罐 泵=0 阀=111111 速=+0,+0,+0.00 电=8.06V/2.20A/峰2.69 补余=0.0 IO错=0 倾+0.0 自动1/3
[  162.601] TLM t=  88.8 L1·A@-74 L2·A@-67 L3ZA@-75 R1·A@-74 R2·A@-66 R3·A@-63 罐=无罐 泵=0 阀=111111 速=+0,+0,+0.00 电=8.05V/2.36A/峰2.69 补余=0.0 IO错=0 倾+0.0 自动1/3
[  163.124] TLM t=  88.8 L1·A@-74 L2·A@-67 L3ZA@-75 R1·A@-74 R2·A@-66 R3·A@-63 罐=无罐 泵=0 阀=111111 速=+0,+0,+0.00 电=8.02V/2.36A/峰2.69 补余=0.0 IO错=0 倾+0.0 自动1/3
[  163.629] TLM t=  88.8 L1·A@-74 L2·A@-66 L3ZA@-75 R1·A@-74 R2·A@-66 R3·A@-62 罐=无罐 泵=0 阀=111111 速=+0,+0,+0.00 电=8.04V/2.52A/峰2.69 补余=0.0 IO错=0 倾+0.0 自动1/3
[  164.147] TLM t=  88.8 L1·A@-74 L2·A@-66 L3ZA@-74 R1·A@-74 R2·A@-65 R3·A@-61 罐=无罐 泵=0 阀=111111 速=+0,+0,+0.00 电=8.02V/2.77A/峰2.77 补余=0.0 IO错=0 倾+0.0 自动1/3
[  164.440] EVT 吸附 L3 attached→venting 在态109.84s -74.4kPa
[  164.441] EVT 相位 L3 handover→vent 落点Δ(+0.0,+0.0)
[  164.461] EVT 阀 L3 →排气位
[  164.649] TLM t=  88.8 L1·A@-74 L2·A@-66 L3Vv@-74 R1·A@-74 R2·A@-65 R3·A@-61 罐=无罐 泵=0 阀=110111 速=+0,+0,+0.00 电=8.00V/2.77A/峰2.77 补余=0.0 IO错=0 倾+0.0 自动1/3
[  164.742] EVT 相位 L3 vent→lift
[  164.864] EVT 吸附 L3 venting→released 在态0.42s 0.1kPa
[  165.175] TLM t=  88.8 L1·A@-74 L2·A@-65 L3Lr@-- R1·A@-73 R2·A@-65 R3·A@-60 罐=无罐 泵=0 阀=110111 速=+0,+0,+0.00 电=8.00V/2.77A/峰2.77 补余=0.0 IO错=0 倾+0.0 自动1/3
[  165.466] EVT 泵 开 最差盘压-60.0
[  165.587] EVT 相位 L3 lift→transfer
[  165.675] TLM t=  88.8 L1·A@-74 L2·A@-65 L3Tr@-- R1·A@-73 R2·A@-64 R3·A@-60 罐=无罐 泵=1 阀=110111 速=+0,+0,+0.00 电=7.93V/3.01A/峰3.01 补余=0.0 IO错=0 倾+0.0 自动1/3
[  166.195] TLM t=  88.8 L1·A@-74 L2·A@-74 L3Tr@-- R1·A@-73 R2·A@-74 R3·A@-74 罐=无罐 泵=1 阀=110111 速=+0,+0,+0.00 电=7.98V/3.09A/峰3.09 补余=0.0 IO错=0 倾+0.0 自动1/3
[  166.208] EVT 相位 L3 transfer→hover
[  166.369] EVT 泵 停 最差盘压-75.3
[  166.698] TLM t=  88.8 L1·A@-76 L2·A@-76 L3Hr@-- R1·A@-76 R2·A@-76 R3·A@-76 罐=无罐 泵=0 阀=110111 速=+0,+0,+0.00 电=8.02V/2.52A/峰3.09 补余=0.0 IO错=0 倾+0.0 自动1/3
[  167.211] EVT 落地：L3
[  167.225] TLM t=  88.8 L1·A@-76 L2·A@-76 L3Dr@-- R1·A@-76 R2·A@-75 R3·A@-75 罐=无罐 泵=0 阀=110111 速=+0,+0,+0.00 电=8.01V/2.60A/峰3.09 补余=0.0 IO错=0 倾+0.0 自动1/3
[  167.231] EVT 相位 L3 hover→descend
[  167.712] EVT 相位 L3 descend→press
[  167.742] TLM t=  88.8 L1·A@-76 L2·A@-75 L3Pr@-- R1·A@-76 R2·A@-75 R3·A@-75 罐=无罐 泵=0 阀=110111 速=+0,+0,+0.00 电=8.01V/2.60A/峰3.09 补余=0.0 IO错=0 倾+0.0 自动1/3
[  168.245] TLM t=  88.8 L1·A@-76 L2·A@-75 L3Pr@-- R1·A@-75 R2·A@-75 R3·A@-74 罐=无罐 泵=0 阀=110111 速=+0,+0,+0.00 电=8.00V/2.60A/峰3.09 补余=0.0 IO错=0 倾+0.0 自动1/3
[  168.745] TLM t=  88.8 L1·A@-76 L2·A@-74 L3Pr@-- R1·A@-75 R2·A@-74 R3·A@-73 罐=无罐 泵=0 阀=110111 速=+0,+0,+0.00 电=8.02V/2.36A/峰3.09 补余=0.0 IO错=0 倾+0.0 自动1/3
[  168.918] EVT 吸附 L3 released→pressing 在态4.04s 0.1kPa
[  168.919] EVT 相位 L3 press→wait
[  169.237] EVT 吸附 L3 pressing→sucking 在态0.32s 0.1kPa
[  169.237] EVT 阀 L3 →抽气位
[  169.262] EVT 泵 开 最差盘压-72.7
[  169.274] TLM t=  88.8 L1·A@-76 L2·A@-74 L3Ws@-6 R1·A@-75 R2·A@-74 R3·A@-73 罐=无罐 泵=1 阀=111111 速=+0,+0,+0.00 电=7.86V/2.52A/峰3.09 补余=0.0 IO错=0 倾+0.0 自动1/3
[  169.535] EVT 吸附 L3 sucking→attached 在态0.30s -58.7kPa
[  169.538] EVT 相位 L3 wait→stance
[  169.538] EVT 抬落完成，轮到 R1
[  169.787] TLM t=  89.0 L1·A@-76 L2·A@-73 L3·A@-70 R1·A@-75 R2·A@-73 R3·A@-72 罐=无罐 泵=1 阀=111111 速=+0,+0,+0.00 电=7.95V/2.52A/峰3.09 补余=0.0 IO错=0 倾+0.0 自动1/3
[  170.044] EVT 泵 停 最差盘压-75.1
[  170.298] TLM t=  89.5 L1·A@-76 L2·A@-76 L3·A@-76 R1·A@-75 R2·A@-76 R3·A@-76 罐=无罐 泵=0 阀=111111 速=+0,+0,+0.00 电=8.01V/2.60A/峰3.09 补余=0.0 IO错=0 倾+0.0 自动1/3
[  170.800] TLM t=  90.0 L1·A@-76 L2·A@-75 L3·A@-76 R1·A@-75 R2·A@-75 R3·A@-75 罐=无罐 泵=0 阀=111111 速=+0,+0,+0.00 电=8.02V/2.60A/峰3.09 补余=0.0 IO错=0 倾+0.0 自动1/3
[  171.322] TLM t=  90.6 L1·A@-75 L2·A@-75 L3·A@-75 R1·A@-75 R2·A@-75 R3·A@-74 罐=无罐 泵=0 阀=111111 速=+0,+0,+0.00 电=8.04V/2.36A/峰3.09 补余=0.0 IO错=0 倾+0.0 自动1/3
[  171.830] TLM t=  91.1 L1·A@-75 L2·A@-74 L3·A@-75 R1·A@-75 R2·A@-74 R3·A@-74 罐=无罐 泵=0 阀=111111 速=+0,+0,+0.00 电=8.00V/2.60A/峰3.09 补余=0.0 IO错=0 倾+0.0 自动1/3
[  172.348] TLM t=  91.6 L1·A@-75 L2·A@-74 L3·A@-75 R1·A@-75 R2·A@-74 R3·A@-73 罐=无罐 泵=0 阀=111111 速=+0,+0,+0.00 电=8.03V/2.69A/峰3.09 补余=0.0 IO错=0 倾+0.0 自动1/3
[  172.849] TLM t=  92.1 L1·A@-75 L2·A@-74 L3·A@-75 R1·A@-75 R2·A@-73 R3·A@-73 罐=无罐 泵=0 阀=111111 速=+0,+0,+0.00 电=8.01V/2.77A/峰3.09 补余=0.0 IO错=0 倾+0.0 自动1/3
[  173.371] TLM t=  92.6 L1·A@-75 L2·A@-73 L3·A@-75 R1·A@-74 R2·A@-73 R3·A@-72 罐=无罐 泵=0 阀=111111 速=+0,+0,+0.00 电=8.02V/2.52A/峰3.09 补余=0.0 IO错=0 倾+0.0 自动1/3
[  173.876] TLM t=  93.1 L1·A@-75 L2·A@-73 L3·A@-75 R1·A@-74 R2·A@-73 R3·A@-71 罐=无罐 泵=0 阀=111111 速=+0,+0,+0.00 电=8.02V/2.52A/峰3.09 补余=0.0 IO错=0 倾+0.0 自动1/3
[  174.396] TLM t=  93.6 L1·A@-75 L2·A@-72 L3·A@-75 R1·A@-74 R2·A@-72 R3·A@-71 罐=无罐 泵=0 阀=111111 速=+0,+0,+0.00 电=8.03V/2.52A/峰3.09 补余=0.0 IO错=0 倾+0.0 自动1/3
[  174.900] TLM t=  94.1 L1·A@-75 L2·A@-72 L3·A@-75 R1·A@-74 R2·A@-72 R3·A@-70 罐=无罐 泵=0 阀=111111 速=+0,+0,+0.00 电=8.00V/2.69A/峰3.09 补余=0.0 IO错=0 倾+0.0 自动1/3
[  175.422] TLM t=  94.6 L1·A@-75 L2·A@-71 L3·A@-74 R1·A@-74 R2·A@-72 R3·A@-69 罐=无罐 泵=0 阀=111111 速=+0,+0,+0.00 电=8.04V/2.44A/峰3.09 补余=0.0 IO错=0 倾+0.0 自动1/3
[  175.927] TLM t=  95.1 L1·A@-75 L2·A@-71 L3·A@-74 R1·A@-74 R2·A@-71 R3·A@-69 罐=无罐 泵=0 阀=111111 速=+0,+0,+0.00 电=8.01V/2.52A/峰3.09 补余=0.0 IO错=0 倾+0.0 自动1/3
[  176.450] TLM t=  95.7 L1·A@-75 L2·A@-71 L3·A@-74 R1·A@-74 R2·A@-71 R3·A@-68 罐=无罐 泵=0 阀=111111 速=+0,+0,+0.00 电=8.03V/2.60A/峰3.09 补余=0.0 IO错=0 倾+0.0 自动1/3
[  176.955] TLM t=  96.2 L1·A@-75 L2·A@-70 L3·A@-74 R1·A@-74 R2·A@-70 R3·A@-68 罐=无罐 泵=0 阀=111111 速=+0,+0,+0.00 电=8.01V/2.60A/峰3.09 补余=0.0 IO错=0 倾+0.0 自动1/3
[  177.477] TLM t=  96.7 L1·A@-75 L2·A@-70 L3·A@-74 R1·A@-74 R2·A@-70 R3·A@-67 罐=无罐 泵=0 阀=111111 速=+0,+0,+0.00 电=8.01V/2.52A/峰3.09 补余=0.0 IO错=0 倾+0.0 自动1/3
[  177.978] TLM t=  97.2 L1·A@-75 L2·A@-69 L3·A@-74 R1·A@-74 R2·A@-70 R3·A@-66 罐=无罐 泵=0 阀=111111 速=+0,+0,+0.00 电=8.01V/2.44A/峰3.09 补余=0.0 IO错=0 倾+0.0 自动1/3
[  178.503] TLM t=  97.7 L1·A@-74 L2·A@-69 L3·A@-74 R1·A@-74 R2·A@-69 R3·A@-66 罐=无罐 泵=0 阀=111111 速=+0,+0,+0.00 电=8.01V/2.60A/峰3.09 补余=0.0 IO错=0 倾+0.0 自动1/3
[  179.009] TLM t=  98.2 L1·A@-74 L2·A@-68 L3·A@-74 R1·A@-74 R2·A@-69 R3·A@-65 罐=无罐 泵=0 阀=111111 速=+0,+0,+0.00 电=8.02V/2.60A/峰3.09 补余=0.0 IO错=0 倾+0.0 自动1/3
[  179.529] TLM t=  98.7 L1·A@-74 L2·A@-68 L3·A@-74 R1·A@-74 R2·A@-69 R3·A@-64 罐=无罐 泵=0 阀=111111 速=+0,+0,+0.00 电=8.01V/2.52A/峰3.09 补余=0.0 IO错=0 倾+0.0 自动1/3
[  179.554] EVT 原地抬起受理：R1
[  179.582] EVT 相位 R1 stance→handover
[  180.032] TLM t= 100.1 L1·A@-74 L2·A@-68 L3·A@-74 R1ZA@-73 R2·A@-68 R3·A@-64 罐=无罐 泵=0 阀=111111 速=+0,+0,+0.00 电=8.05V/2.36A/峰3.09 补余=0.0 IO错=0 倾+0.0 自动1/3
[  180.554] TLM t= 100.2 L1·A@-74 L2·A@-67 L3·A@-74 R1ZA@-73 R2·A@-68 R3·A@-63 罐=无罐 泵=0 阀=111111 速=+0,+0,+0.00 电=8.06V/1.95A/峰3.09 补余=0.0 IO错=0 倾+0.0 自动1/3
[  181.059] TLM t= 100.2 L1·A@-74 L2·A@-67 L3·A@-74 R1ZA@-73 R2·A@-67 R3·A@-63 罐=无罐 泵=0 阀=111111 速=+0,+0,+0.00 电=8.07V/1.87A/峰3.09 补余=0.0 IO错=0 倾+0.0 自动1/3
[  181.578] TLM t= 100.2 L1·A@-74 L2·A@-66 L3·A@-74 R1ZA@-73 R2·A@-67 R3·A@-62 罐=无罐 泵=0 阀=111111 速=+0,+0,+0.00 电=8.04V/2.04A/峰3.09 补余=0.0 IO错=0 倾+0.0 自动1/3
[  182.081] TLM t= 100.2 L1·A@-74 L2·A@-66 L3·A@-73 R1ZA@-73 R2·A@-67 R3·A@-62 罐=无罐 泵=0 阀=111111 速=+0,+0,+0.00 电=8.03V/2.04A/峰3.09 补余=0.0 IO错=0 倾+0.0 自动1/3
[  182.602] TLM t= 100.2 L1·A@-74 L2·A@-66 L3·A@-73 R1ZA@-73 R2·A@-66 R3·A@-61 罐=无罐 泵=0 阀=111111 速=+0,+0,+0.00 电=8.03V/2.12A/峰3.09 补余=0.0 IO错=0 倾+0.0 自动1/3
[  182.868] EVT 吸附 R1 attached→venting 在态126.30s -73.0kPa
[  182.869] EVT 相位 R1 handover→vent 落点Δ(+0.0,+0.0)
[  182.894] EVT 阀 R1 →排气位
[  183.108] TLM t= 100.2 L1·A@-74 L2·A@-65 L3·A@-73 R1Vv@-73 R2·A@-66 R3·A@-61 罐=无罐 泵=0 阀=111011 速=+0,+0,+0.00 电=8.01V/2.60A/峰3.09 补余=0.0 IO错=0 倾+0.0 自动1/3
[  183.170] EVT 相位 R1 vent→lift
[  183.292] EVT 吸附 R1 venting→released 在态0.42s -0.1kPa
[  183.625] TLM t= 100.2 L1·A@-74 L2·A@-65 L3·A@-73 R1Lr@-- R2·A@-66 R3·A@-60 罐=无罐 泵=0 阀=111011 速=+0,+0,+0.00 电=8.01V/2.77A/峰3.09 补余=0.0 IO错=0 倾+0.0 自动1/3
[  183.796] EVT 泵 开 最差盘压-60.0
[  184.012] EVT 相位 R1 lift→transfer
[  184.127] TLM t= 100.2 L1·A@-74 L2·A@-65 L3·A@-73 R1Tr@-- R2·A@-66 R3·A@-65 罐=无罐 泵=1 阀=111011 速=+0,+0,+0.00 电=7.95V/2.60A/峰3.09 补余=0.0 IO错=0 倾+0.0 自动1/3
[  184.639] EVT 相位 R1 transfer→hover
[  184.649] TLM t= 100.2 L1·A@-75 L2·A@-75 L3·A@-75 R1Hr@-- R2·A@-75 R3·A@-75 罐=无罐 泵=1 阀=111011 速=+0,+0,+0.00 电=7.96V/2.93A/峰3.09 补余=0.0 IO错=0 倾+0.0 自动1/3
[  184.661] EVT 泵 停 最差盘压-75.3
[  185.165] TLM t= 100.2 L1·A@-76 L2·A@-76 L3·A@-76 R1Hr@-- R2·A@-75 R3·A@-75 罐=无罐 泵=0 阀=111011 速=+0,+0,+0.00 电=8.01V/2.52A/峰3.09 补余=0.0 IO错=0 倾+0.0 自动1/3
[  185.662] EVT 落地：R1
[  185.683] TLM t= 100.2 L1·A@-76 L2·A@-75 L3·A@-76 R1Dr@-- R2·A@-75 R3·A@-75 罐=无罐 泵=0 阀=111011 速=+0,+0,+0.00 电=8.01V/2.44A/峰3.09 补余=0.0 IO错=0 倾+0.0 自动1/3
[  185.692] EVT 相位 R1 hover→descend
[  186.173] EVT 相位 R1 descend→press
[  186.196] TLM t= 100.2 L1·A@-76 L2·A@-75 L3·A@-76 R1Pr@-- R2·A@-74 R3·A@-74 罐=无罐 泵=0 阀=111011 速=+0,+0,+0.00 电=8.01V/2.60A/峰3.09 补余=0.0 IO错=0 倾+0.0 自动1/3
[  186.699] TLM t= 100.2 L1·A@-76 L2·A@-74 L3·A@-76 R1Pr@-- R2·A@-74 R3·A@-73 罐=无罐 泵=0 阀=111011 速=+0,+0,+0.00 电=8.02V/2.60A/峰3.09 补余=0.0 IO错=0 倾+0.0 自动1/3
[  187.204] TLM t= 100.2 L1·A@-75 L2·A@-74 L3·A@-76 R1Pr@-- R2·A@-74 R3·A@-73 罐=无罐 泵=0 阀=111011 速=+0,+0,+0.00 电=8.01V/2.44A/峰3.09 补余=0.0 IO错=0 倾+0.0 自动1/3
[  187.376] EVT 吸附 R1 released→pressing 在态4.06s -0.1kPa
[  187.376] EVT 相位 R1 press→wait
[  187.677] EVT 吸附 R1 pressing→sucking 在态0.30s -0.1kPa
[  187.677] EVT 阀 R1 →抽气位
[  187.692] EVT 泵 开 最差盘压-72.1
[  187.724] TLM t= 100.2 L1·A@-75 L2·A@-73 L3·A@-76 R1Ws@-0 R2·A@-73 R3·A@-72 罐=无罐 泵=1 阀=111111 速=+0,+0,+0.00 电=7.86V/2.77A/峰3.09 补余=0.0 IO错=0 倾+0.0 自动1/3
[  188.012] EVT 吸附 R1 sucking→attached 在态0.34s -65.5kPa
[  188.015] EVT 相位 R1 wait→stance
[  188.015] EVT 抬落完成，轮到 L2
[  188.230] TLM t= 100.4 L1·A@-75 L2·A@-73 L3·A@-75 R1·A@-72 R2·A@-73 R3·A@-73 罐=无罐 泵=1 阀=111111 速=+0,+0,+0.00 电=7.97V/2.28A/峰3.09 补余=0.0 IO错=0 倾+0.0 自动1/3
[  188.474] EVT 泵 停 最差盘压-75.5
[  188.744] TLM t= 100.9 L1·A@-76 L2·A@-77 L3·A@-77 R1·A@-76 R2·A@-76 R3·A@-76 罐=无罐 泵=0 阀=111111 速=+0,+0,+0.00 电=8.01V/2.60A/峰3.09 补余=0.0 IO错=0 倾+0.0 自动1/3
[  189.250] TLM t= 101.4 L1·A@-76 L2·A@-76 L3·A@-76 R1·A@-76 R2·A@-76 R3·A@-76 罐=无罐 泵=0 阀=111111 速=+0,+0,+0.00 电=8.03V/2.52A/峰3.09 补余=0.0 IO错=0 倾+0.0 自动1/3
[  189.769] TLM t= 101.9 L1·A@-76 L2·A@-76 L3·A@-76 R1·A@-75 R2·A@-75 R3·A@-75 罐=无罐 泵=0 阀=111111 速=+0,+0,+0.00 电=8.02V/2.52A/峰3.09 补余=0.0 IO错=0 倾+0.0 自动1/3
[  190.272] TLM t= 102.4 L1·A@-76 L2·A@-75 L3·A@-76 R1·A@-75 R2·A@-75 R3·A@-74 罐=无罐 泵=0 阀=111111 速=+0,+0,+0.00 电=7.98V/2.60A/峰3.09 补余=0.0 IO错=0 倾+0.0 自动1/3
[  190.792] TLM t= 103.0 L1·A@-76 L2·A@-75 L3·A@-76 R1·A@-75 R2·A@-74 R3·A@-74 罐=无罐 泵=0 阀=111111 速=+0,+0,+0.00 电=8.01V/2.60A/峰3.09 补余=0.0 IO错=0 倾+0.0 自动1/3
[  191.300] TLM t= 103.5 L1·A@-76 L2·A@-74 L3·A@-76 R1·A@-75 R2·A@-74 R3·A@-73 罐=无罐 泵=0 阀=111111 速=+0,+0,+0.00 电=8.01V/2.44A/峰3.09 补余=0.0 IO错=0 倾+0.0 自动1/3
[  191.823] TLM t= 104.0 L1·A@-76 L2·A@-74 L3·A@-76 R1·A@-75 R2·A@-74 R3·A@-72 罐=无罐 泵=0 阀=111111 速=+0,+0,+0.00 电=8.02V/2.44A/峰3.09 补余=0.0 IO错=0 倾+0.0 自动1/3
[  192.328] TLM t= 104.5 L1·A@-76 L2·A@-73 L3·A@-76 R1·A@-75 R2·A@-73 R3·A@-72 罐=无罐 泵=0 阀=111111 速=+0,+0,+0.00 电=8.02V/2.44A/峰3.09 补余=0.0 IO错=0 倾+0.0 自动1/3
[  192.846] TLM t= 105.0 L1·A@-76 L2·A@-73 L3·A@-76 R1·A@-75 R2·A@-73 R3·A@-71 罐=无罐 泵=0 阀=111111 速=+0,+0,+0.00 电=8.01V/2.44A/峰3.09 补余=0.0 IO错=0 倾+0.0 自动1/3
[  193.349] TLM t= 105.5 L1·A@-76 L2·A@-72 L3·A@-76 R1·A@-75 R2·A@-72 R3·A@-71 罐=无罐 泵=0 阀=111111 速=+0,+0,+0.00 电=8.02V/2.52A/峰3.09 补余=0.0 IO错=0 倾+0.0 自动1/3
[  193.871] TLM t= 106.0 L1·A@-76 L2·A@-72 L3·A@-76 R1·A@-75 R2·A@-72 R3·A@-70 罐=无罐 泵=0 阀=111111 速=+0,+0,+0.00 电=8.03V/2.44A/峰3.09 补余=0.0 IO错=0 倾+0.0 自动1/3
[  194.375] TLM t= 106.5 L1·A@-76 L2·A@-72 L3·A@-76 R1·A@-75 R2·A@-72 R3·A@-69 罐=无罐 泵=0 阀=111111 速=+0,+0,+0.00 电=8.02V/2.44A/峰3.09 补余=0.0 IO错=0 倾+0.0 自动1/3
[  194.895] TLM t= 107.0 L1·A@-76 L2·A@-71 L3·A@-76 R1·A@-75 R2·A@-71 R3·A@-69 罐=无罐 泵=0 阀=111111 速=+0,+0,+0.00 电=8.02V/2.36A/峰3.09 补余=0.0 IO错=0 倾+0.0 自动1/3
[  195.397] TLM t= 107.5 L1·A@-75 L2·A@-71 L3·A@-76 R1·A@-75 R2·A@-71 R3·A@-68 罐=无罐 泵=0 阀=111111 速=+0,+0,+0.00 电=8.03V/2.44A/峰3.09 补余=0.0 IO错=0 倾+0.0 自动1/3
[  195.916] TLM t= 108.1 L1·A@-75 L2·A@-70 L3·A@-76 R1·A@-74 R2·A@-71 R3·A@-68 罐=无罐 泵=0 阀=111111 速=+0,+0,+0.00 电=8.02V/2.44A/峰3.09 补余=0.0 IO错=0 倾+0.0 自动1/3
[  196.421] TLM t= 108.6 L1·A@-75 L2·A@-70 L3·A@-76 R1·A@-74 R2·A@-70 R3·A@-67 罐=无罐 泵=0 阀=111111 速=+0,+0,+0.00 电=8.01V/2.36A/峰3.09 补余=0.0 IO错=0 倾+0.0 自动1/3
[  196.941] TLM t= 109.1 L1·A@-75 L2·A@-69 L3·A@-76 R1·A@-74 R2·A@-70 R3·A@-66 罐=无罐 泵=0 阀=111111 速=+0,+0,+0.00 电=8.01V/2.36A/峰3.09 补余=0.0 IO错=0 倾+0.0 自动1/3
[  197.446] TLM t= 109.6 L1·A@-75 L2·A@-69 L3·A@-75 R1·A@-74 R2·A@-69 R3·A@-66 罐=无罐 泵=0 阀=111111 速=+0,+0,+0.00 电=8.02V/2.44A/峰3.09 补余=0.0 IO错=0 倾+0.0 自动1/3
[  197.967] TLM t= 110.1 L1·A@-75 L2·A@-69 L3·A@-75 R1·A@-74 R2·A@-69 R3·A@-65 罐=无罐 泵=0 阀=111111 速=+0,+0,+0.00 电=8.02V/2.52A/峰3.09 补余=0.0 IO错=0 倾+0.0 自动1/3
[  198.040] EVT 原地抬起受理：L2
[  198.055] EVT 相位 L2 stance→handover
[  198.468] TLM t= 111.4 L1·A@-75 L2ZA@-68 L3·A@-75 R1·A@-74 R2·A@-69 R3·A@-65 罐=无罐 泵=0 阀=111111 速=+0,+0,+0.00 电=8.04V/2.04A/峰3.09 补余=0.0 IO错=0 倾+0.0 自动1/3
[  198.987] TLM t= 111.6 L1·A@-75 L2ZA@-68 L3·A@-75 R1·A@-74 R2·A@-68 R3·A@-64 罐=无罐 泵=0 阀=111111 速=+0,+0,+0.00 电=8.03V/2.20A/峰3.09 补余=0.0 IO错=0 倾+0.0 自动1/3
[  199.493] TLM t= 111.6 L1·A@-75 L2ZA@-67 L3·A@-75 R1·A@-74 R2·A@-68 R3·A@-63 罐=无罐 泵=0 阀=111111 速=+0,+0,+0.00 电=8.04V/2.12A/峰3.09 补余=0.0 IO错=0 倾+0.0 自动1/3
[  200.012] TLM t= 111.6 L1·A@-75 L2ZA@-67 L3·A@-75 R1·A@-74 R2·A@-68 R3·A@-63 罐=无罐 泵=0 阀=111111 速=+0,+0,+0.00 电=8.03V/2.12A/峰3.09 补余=0.0 IO错=0 倾+0.0 自动1/3
[  200.446] EVT 吸附 L2 attached→venting 在态141.98s -66.4kPa
[  200.447] EVT 相位 L2 handover→vent 落点Δ(+0.0,+0.0)
[  200.462] EVT 阀 L2 →排气位
[  200.512] TLM t= 111.6 L1·A@-75 L2Vv@-66 L3·A@-75 R1·A@-74 R2·A@-67 R3·A@-62 罐=无罐 泵=0 阀=101111 速=+0,+0,+0.00 电=8.01V/2.20A/峰3.09 补余=0.0 IO错=0 倾+0.0 自动1/3
[  200.745] EVT 相位 L2 vent→lift
[  200.847] EVT 吸附 L2 venting→released 在态0.40s 0.4kPa
[  201.040] TLM t= 111.6 L1·A@-75 L2Lr@-- L3·A@-75 R1·A@-74 R2·A@-67 R3·A@-62 罐=无罐 泵=0 阀=101111 速=+0,+0,+0.00 电=8.01V/2.60A/峰3.09 补余=0.0 IO错=0 倾+0.0 自动1/3
[  201.538] TLM t= 111.6 L1·A@-75 L2Lr@-- L3·A@-75 R1·A@-74 R2·A@-66 R3·A@-61 罐=无罐 泵=0 阀=101111 速=+0,+0,+0.00 电=8.01V/2.44A/峰3.09 补余=0.0 IO错=0 倾+0.0 自动1/3
[  201.592] EVT 相位 L2 lift→transfer
[  202.060] TLM t= 111.6 L1·A@-75 L2Tr@-- L3·A@-75 R1·A@-74 R2·A@-66 R3·A@-61 罐=无罐 泵=0 阀=101111 速=+0,+0,+0.00 电=8.02V/2.44A/峰3.09 补余=0.0 IO错=0 倾+0.0 自动1/3
[  202.211] EVT 相位 L2 transfer→hover
[  202.535] EVT 泵 开 最差盘压-59.9
[  202.564] TLM t= 111.6 L1·A@-75 L2Hr@-- L3·A@-75 R1·A@-74 R2·A@-66 R3·A@-60 罐=无罐 泵=1 阀=101111 速=+0,+0,+0.00 电=7.88V/2.44A/峰3.09 补余=0.0 IO错=0 倾+0.0 自动1/3
[  203.083] TLM t= 111.6 L1·A@-74 L2Hr@-- L3·A@-75 R1·A@-74 R2·A@-72 R3·A@-72 罐=无罐 泵=1 阀=101111 速=+0,+0,+0.00 电=7.94V/2.44A/峰3.09 补余=0.0 IO错=0 倾+0.0 自动1/3
[  203.217] EVT 落地：L2
[  203.234] EVT 相位 L2 hover→descend
[  203.397] EVT 泵 停 最差盘压-75.5
[  203.588] TLM t= 111.6 L1·A@-77 L2Dr@-- L3·A@-77 R1·A@-76 R2·A@-76 R3·A@-77 罐=无罐 泵=0 阀=101111 速=+0,+0,+0.00 电=8.01V/2.28A/峰3.09 补余=0.0 IO错=0 倾+0.0 自动1/3
[  203.716] EVT 相位 L2 descend→press
[  204.106] TLM t= 111.6 L1·A@-76 L2Pr@-- L3·A@-77 R1·A@-76 R2·A@-76 R3·A@-76 罐=无罐 泵=0 阀=101111 速=+0,+0,+0.00 电=8.02V/2.28A/峰3.09 补余=0.0 IO错=0 倾+0.0 自动1/3
[  204.609] TLM t= 111.6 L1·A@-76 L2Pr@-- L3·A@-76 R1·A@-76 R2·A@-75 R3·A@-75 罐=无罐 泵=0 阀=101111 速=+0,+0,+0.00 电=8.02V/2.28A/峰3.09 补余=0.0 IO错=0 倾+0.0 自动1/3
[  204.918] EVT 吸附 L2 released→pressing 在态4.06s 0.4kPa
[  204.919] EVT 相位 L2 press→wait
[  205.130] TLM t= 111.6 L1·A@-76 L2Wp@-- L3·A@-76 R1·A@-76 R2·A@-75 R3·A@-74 罐=无罐 泵=0 阀=101111 速=+0,+0,+0.00 电=8.01V/2.44A/峰3.09 补余=0.0 IO错=0 倾+0.0 自动1/3
[  205.219] EVT 吸附 L2 pressing→sucking 在态0.30s 0.4kPa
[  205.220] EVT 阀 L2 →抽气位
[  205.245] EVT 泵 开 最差盘压-74.3
[  205.500] EVT 吸附 L2 sucking→attached 在态0.28s -65.8kPa
[  205.503] EVT 相位 L2 wait→stance
[  205.503] EVT 抬落完成，轮到 R3
[  205.503] EVT 自动轮换：第 1 轮完成
[  205.632] TLM t= 111.7 L1·A@-76 L2·A@-70 L3·A@-76 R1·A@-76 R2·A@-75 R3·A@-74 罐=无罐 泵=1 阀=111111 速=+0,+0,+0.00 电=7.94V/2.44A/峰3.09 补余=0.0 IO错=0 倾+0.0 自动2/3
[  205.882] EVT 泵 停 最差盘压-75.3
[  206.155] TLM t= 112.2 L1·A@-76 L2·A@-76 L3·A@-76 R1·A@-76 R2·A@-76 R3·A@-76 罐=无罐 泵=0 阀=111111 速=+0,+0,+0.00 电=8.03V/2.20A/峰3.09 补余=0.0 IO错=0 倾+0.0 自动2/3
[  206.672] TLM t= 112.8 L1·A@-76 L2·A@-75 L3·A@-76 R1·A@-76 R2·A@-75 R3·A@-75 罐=无罐 泵=0 阀=111111 速=+0,+0,+0.00 电=8.01V/2.28A/峰3.09 补余=0.0 IO错=0 倾+0.0 自动2/3
[  207.178] TLM t= 113.3 L1·A@-76 L2·A@-75 L3·A@-76 R1·A@-76 R2·A@-75 R3·A@-75 罐=无罐 泵=0 阀=111111 速=+0,+0,+0.00 电=8.04V/2.20A/峰3.09 补余=0.0 IO错=0 倾+0.0 自动2/3
[  207.688] TLM t= 113.8 L1·A@-76 L2·A@-74 L3·A@-76 R1·A@-76 R2·A@-75 R3·A@-74 罐=无罐 泵=0 阀=111111 速=+0,+0,+0.00 电=8.02V/2.20A/峰3.09 补余=0.0 IO错=0 倾+0.0 自动2/3
[  208.211] TLM t= 114.3 L1·A@-76 L2·A@-74 L3·A@-76 R1·A@-76 R2·A@-74 R3·A@-73 罐=无罐 泵=0 阀=111111 速=+0,+0,+0.00 电=8.03V/2.52A/峰3.09 补余=0.0 IO错=0 倾+0.0 自动2/3
[  208.717] TLM t= 114.8 L1·A@-76 L2·A@-73 L3·A@-76 R1·A@-76 R2·A@-74 R3·A@-73 罐=无罐 泵=0 阀=111111 速=+0,+0,+0.00 电=8.02V/2.28A/峰3.09 补余=0.0 IO错=0 倾+0.0 自动2/3
[  209.234] TLM t= 115.3 L1·A@-76 L2·A@-73 L3·A@-76 R1·A@-75 R2·A@-73 R3·A@-72 罐=无罐 泵=0 阀=111111 速=+0,+0,+0.00 电=8.03V/2.28A/峰3.09 补余=0.0 IO错=0 倾+0.0 自动2/3
[  209.739] TLM t= 115.8 L1·A@-76 L2·A@-72 L3·A@-76 R1·A@-75 R2·A@-73 R3·A@-72 罐=无罐 泵=0 阀=111111 速=+0,+0,+0.00 电=8.01V/2.20A/峰3.09 补余=0.0 IO错=0 倾+0.0 自动2/3
[  210.258] TLM t= 116.3 L1·A@-76 L2·A@-72 L3·A@-76 R1·A@-75 R2·A@-73 R3·A@-71 罐=无罐 泵=0 阀=111111 速=+0,+0,+0.00 电=8.01V/2.28A/峰3.09 补余=0.0 IO错=0 倾+0.0 自动2/3
[  210.761] TLM t= 116.8 L1·A@-75 L2·A@-71 L3·A@-76 R1·A@-75 R2·A@-72 R3·A@-70 罐=无罐 泵=0 阀=111111 速=+0,+0,+0.00 电=8.03V/2.36A/峰3.09 补余=0.0 IO错=0 倾+0.0 自动2/3
[  211.283] TLM t= 117.3 L1·A@-75 L2·A@-71 L3·A@-76 R1·A@-75 R2·A@-72 R3·A@-70 罐=无罐 泵=0 阀=111111 速=+0,+0,+0.00 电=8.02V/2.36A/峰3.09 补余=0.0 IO错=0 倾+0.0 自动2/3
[  211.784] TLM t= 117.8 L1·A@-75 L2·A@-70 L3·A@-76 R1·A@-75 R2·A@-71 R3·A@-69 罐=无罐 泵=0 阀=111111 速=+0,+0,+0.00 电=8.03V/2.28A/峰3.09 补余=0.0 IO错=0 倾+0.0 自动2/3
[  212.308] TLM t= 118.4 L1·A@-75 L2·A@-70 L3·A@-76 R1·A@-75 R2·A@-71 R3·A@-68 罐=无罐 泵=0 阀=111111 速=+0,+0,+0.00 电=8.02V/2.36A/峰3.09 补余=0.0 IO错=0 倾+0.0 自动2/3
[  212.829] TLM t= 118.9 L1·A@-75 L2·A@-69 L3·A@-76 R1·A@-75 R2·A@-71 R3·A@-68 罐=无罐 泵=0 阀=111111 速=+0,+0,+0.00 电=8.03V/2.20A/峰3.09 补余=0.0 IO错=0 倾+0.0 自动2/3
[  213.327] TLM t= 119.4 L1·A@-75 L2·A@-69 L3·A@-76 R1·A@-75 R2·A@-70 R3·A@-67 罐=无罐 泵=0 阀=111111 速=+0,+0,+0.00 电=8.02V/2.28A/峰3.09 补余=0.0 IO错=0 倾+0.0 自动2/3
[  213.853] TLM t= 119.9 L1·A@-75 L2·A@-68 L3·A@-75 R1·A@-75 R2·A@-70 R3·A@-67 罐=无罐 泵=0 阀=111111 速=+0,+0,+0.00 电=8.03V/2.28A/峰3.09 补余=0.0 IO错=0 倾+0.0 自动2/3
[  214.354] TLM t= 120.4 L1·A@-75 L2·A@-68 L3·A@-75 R1·A@-75 R2·A@-70 R3·A@-66 罐=无罐 泵=0 阀=111111 速=+0,+0,+0.00 电=8.01V/2.28A/峰3.09 补余=0.0 IO错=0 倾+0.0 自动2/3
[  214.876] TLM t= 120.9 L1·A@-75 L2·A@-67 L3·A@-75 R1·A@-75 R2·A@-69 R3·A@-65 罐=无罐 泵=0 阀=111111 速=+0,+0,+0.00 电=8.01V/2.28A/峰3.09 补余=0.0 IO错=0 倾+0.0 自动2/3
[  215.380] TLM t= 121.4 L1·A@-75 L2·A@-67 L3·A@-75 R1·A@-75 R2·A@-69 R3·A@-65 罐=无罐 泵=0 阀=111111 速=+0,+0,+0.00 电=8.02V/2.28A/峰3.09 补余=0.0 IO错=0 倾+0.0 自动2/3
[  215.907] TLM t= 121.9 L1·A@-75 L2·A@-67 L3·A@-75 R1·A@-75 R2·A@-69 R3·A@-64 罐=无罐 泵=0 阀=111111 速=+0,+0,+0.00 电=8.01V/2.28A/峰3.09 补余=0.0 IO错=0 倾+0.0 自动2/3
[  216.407] TLM t= 122.4 L1·A@-75 L2·A@-66 L3·A@-75 R1·A@-75 R2·A@-68 R3·A@-64 罐=无罐 泵=0 阀=111111 速=+0,+0,+0.00 电=8.02V/2.28A/峰3.09 补余=0.0 IO错=0 倾+0.0 自动2/3
[  216.930] TLM t= 122.9 L1·A@-75 L2·A@-66 L3·A@-75 R1·A@-75 R2·A@-68 R3·A@-63 罐=无罐 泵=0 阀=111111 速=+0,+0,+0.00 电=8.00V/2.36A/峰3.09 补余=0.0 IO错=0 倾+0.0 自动2/3
[  217.431] TLM t= 123.4 L1·A@-75 L2·A@-65 L3·A@-75 R1·A@-75 R2·A@-67 R3·A@-63 罐=无罐 泵=0 阀=111111 速=+0,+0,+0.00 电=8.01V/2.28A/峰3.09 补余=0.0 IO错=0 倾+0.0 自动2/3
[  217.955] TLM t= 124.0 L1·A@-75 L2·A@-65 L3·A@-75 R1·A@-75 R2·A@-67 R3·A@-62 罐=无罐 泵=0 阀=111111 速=+0,+0,+0.00 电=8.01V/2.28A/峰3.09 补余=0.0 IO错=0 倾+0.0 自动2/3
[  218.459] TLM t= 124.5 L1·A@-74 L2·A@-64 L3·A@-75 R1·A@-75 R2·A@-67 R3·A@-61 罐=无罐 泵=0 阀=111111 速=+0,+0,+0.00 电=8.03V/2.36A/峰3.09 补余=0.0 IO错=0 倾+0.0 自动2/3
[  218.983] TLM t= 125.0 L1·A@-74 L2·A@-64 L3·A@-75 R1·A@-75 R2·A@-66 R3·A@-61 罐=无罐 泵=0 阀=111111 速=+0,+0,+0.00 电=8.03V/2.20A/峰3.09 补余=0.0 IO错=0 倾+0.0 自动2/3
[  219.481] TLM t= 125.5 L1·A@-74 L2·A@-64 L3·A@-75 R1·A@-75 R2·A@-66 R3·A@-60 罐=无罐 泵=0 阀=111111 速=+0,+0,+0.00 电=8.02V/2.28A/峰3.09 补余=0.0 IO错=0 倾+0.0 自动2/3
[  219.716] EVT 泵 开 最差盘压-60.0
[  220.003] TLM t= 126.0 L1·A@-74 L2·A@-63 L3·A@-75 R1·A@-75 R2·A@-66 R3·A@-61 罐=无罐 泵=1 阀=111111 速=+0,+0,+0.00 电=7.98V/2.36A/峰3.09 补余=0.0 IO错=0 倾+0.0 自动2/3
[  220.506] TLM t= 126.5 L1·A@-75 L2·A@-75 L3·A@-75 R1·A@-75 R2·A@-75 R3·A@-75 罐=无罐 泵=1 阀=111111 速=+0,+0,+0.00 电=7.95V/2.36A/峰3.09 补余=0.0 IO错=0 倾+0.0 自动2/3
[  220.511] EVT 自动轮换：第 2 轮开始
[  220.539] EVT 原地抬起受理：R3
[  220.559] EVT 相位 R3 stance→handover
[  220.659] EVT 泵 停 最差盘压-75.6
[  221.026] TLM t= 130.1 L1·A@-77 L2·A@-77 L3·A@-77 R1·A@-76 R2·A@-76 R3ZA@-76 罐=无罐 泵=0 阀=111111 速=+0,+0,+0.00 电=8.04V/1.87A/峰3.09 补余=0.0 IO错=0 倾+0.0 自动2/3
[  221.536] TLM t= 130.2 L1·A@-77 L2·A@-76 L3·A@-77 R1·A@-76 R2·A@-76 R3ZA@-76 罐=无罐 泵=0 阀=111111 速=+0,+0,+0.00 电=8.04V/1.87A/峰3.09 补余=0.0 IO错=0 倾+0.0 自动2/3
[  222.032] TLM t= 130.2 L1·A@-77 L2·A@-76 L3·A@-77 R1·A@-76 R2·A@-75 R3ZA@-75 罐=无罐 泵=0 阀=111111 速=+0,+0,+0.00 电=8.04V/1.79A/峰3.09 补余=0.0 IO错=0 倾+0.0 自动2/3
[  222.541] TLM t= 130.2 L1·A@-77 L2·A@-75 L3·A@-77 R1·A@-76 R2·A@-75 R3ZA@-74 罐=无罐 泵=0 阀=111111 速=+0,+0,+0.00 电=8.04V/1.71A/峰3.09 补余=0.0 IO错=0 倾+0.0 自动2/3
[  222.746] EVT 吸附 R3 attached→venting 在态106.34s -74.1kPa
[  222.747] EVT 相位 R3 handover→vent 落点Δ(+0.0,+0.0)
[  222.775] EVT 阀 R3 →排气位
[  223.043] TLM t= 130.2 L1·A@-76 L2·A@-75 L3·A@-76 R1·A@-76 R2·A@-75 R3Vv@-74 罐=无罐 泵=0 阀=111110 速=+0,+0,+0.00 电=8.03V/1.95A/峰3.09 补余=0.0 IO错=0 倾+0.0 自动2/3
[  223.048] EVT 相位 R3 vent→lift
[  223.155] EVT 吸附 R3 venting→released 在态0.40s 0.2kPa
[  223.567] TLM t= 130.2 L1·A@-76 L2·A@-74 L3·A@-76 R1·A@-76 R2·A@-74 R3Lr@-- 罐=无罐 泵=0 阀=111110 速=+0,+0,+0.00 电=8.01V/2.28A/峰3.09 补余=0.0 IO错=0 倾+0.0 自动2/3
[  223.896] EVT 相位 R3 lift→transfer
[  224.069] TLM t= 130.2 L1·A@-76 L2·A@-74 L3·A@-76 R1·A@-76 R2·A@-74 R3Tr@-- 罐=无罐 泵=0 阀=111110 速=+0,+0,+0.00 电=8.00V/2.36A/峰3.09 补余=0.0 IO错=0 倾+0.0 自动2/3
[  224.525] EVT 相位 R3 transfer→hover
[  224.595] TLM t= 130.2 L1·A@-76 L2·A@-73 L3·A@-76 R1·A@-76 R2·A@-73 R3Hr@-- 罐=无罐 泵=0 阀=111110 速=+0,+0,+0.00 电=8.02V/2.12A/峰3.09 补余=0.0 IO错=0 倾+0.0 自动2/3
[  225.094] TLM t= 130.2 L1·A@-76 L2·A@-73 L3·A@-76 R1·A@-76 R2·A@-73 R3Hr@-- 罐=无罐 泵=0 阀=111110 速=+0,+0,+0.00 电=8.01V/2.20A/峰3.09 补余=0.0 IO错=0 倾+0.0 自动2/3
[  225.551] EVT 落地：R3
[  225.569] EVT 相位 R3 hover→descend
[  225.620] TLM t= 130.2 L1·A@-76 L2·A@-72 L3·A@-76 R1·A@-76 R2·A@-73 R3Dr@-- 罐=无罐 泵=0 阀=111110 速=+0,+0,+0.00 电=8.01V/1.95A/峰3.09 补余=0.0 IO错=0 倾+0.0 自动2/3
[  226.052] EVT 相位 R3 descend→press
[  226.120] TLM t= 130.2 L1·A@-76 L2·A@-72 L3·A@-76 R1·A@-76 R2·A@-72 R3Pr@-- 罐=无罐 泵=0 阀=111110 速=+0,+0,+0.00 电=8.03V/1.95A/峰3.09 补余=0.0 IO错=0 倾+0.0 自动2/3
[  226.643] TLM t= 130.2 L1·A@-76 L2·A@-71 L3·A@-76 R1·A@-76 R2·A@-72 R3Pr@-- 罐=无罐 泵=0 阀=111110 速=+0,+0,+0.00 电=8.02V/2.20A/峰3.09 补余=0.0 IO错=0 倾+0.0 自动2/3
[  227.158] TLM t= 130.2 L1·A@-76 L2·A@-71 L3·A@-76 R1·A@-76 R2·A@-71 R3Pr@-- 罐=无罐 泵=0 阀=111110 速=+0,+0,+0.00 电=7.99V/2.36A/峰3.09 补余=0.0 IO错=0 倾+0.0 自动2/3
[  227.255] EVT 吸附 R3 released→pressing 在态4.08s 0.2kPa
[  227.255] EVT 相位 R3 press→wait
[  227.556] EVT 吸附 R3 pressing→sucking 在态0.30s 0.2kPa
[  227.556] EVT 阀 R3 →抽气位
[  227.574] EVT 泵 开 最差盘压-70.4
[  227.671] TLM t= 130.2 L1·A@-76 L2·A@-70 L3·A@-76 R1·A@-76 R2·A@-71 R3Ws@-29 罐=无罐 泵=1 阀=111111 速=+0,+0,+0.00 电=7.98V/2.20A/峰3.09 补余=0.0 IO错=0 倾+0.0 自动2/3
[  227.904] EVT 吸附 R3 sucking→attached 在态0.34s -63.7kPa
[  227.904] EVT 相位 R3 wait→stance
[  227.904] EVT 抬落完成，轮到 L1
[  228.169] TLM t= 130.5 L1·A@-76 L2·A@-73 L3·A@-76 R1·A@-75 R2·A@-73 R3·A@-72 罐=无罐 泵=1 阀=111111 速=+0,+0,+0.00 电=7.98V/1.95A/峰3.09 补余=0.0 IO错=0 倾+0.0 自动2/3
[  228.361] EVT 泵 停 最差盘压-75.3
[  228.695] TLM t= 131.0 L1·A@-76 L2·A@-76 L3·A@-76 R1·A@-76 R2·A@-76 R3·A@-76 罐=无罐 泵=0 阀=111111 速=+0,+0,+0.00 电=8.02V/2.04A/峰3.09 补余=0.0 IO错=0 倾+0.0 自动2/3
[  229.201] TLM t= 131.5 L1·A@-76 L2·A@-76 L3·A@-76 R1·A@-75 R2·A@-75 R3·A@-75 罐=无罐 泵=0 阀=111111 速=+0,+0,+0.00 电=8.04V/2.04A/峰3.09 补余=0.0 IO错=0 倾+0.0 自动2/3
[  229.719] TLM t= 132.0 L1·A@-76 L2·A@-75 L3·A@-76 R1·A@-75 R2·A@-75 R3·A@-74 罐=无罐 泵=0 阀=111111 速=+0,+0,+0.00 电=8.02V/2.04A/峰3.09 补余=0.0 IO错=0 倾+0.0 自动2/3
[  230.238] TLM t= 132.5 L1·A@-76 L2·A@-75 L3·A@-76 R1·A@-75 R2·A@-74 R3·A@-74 罐=无罐 泵=0 阀=111111 速=+0,+0,+0.00 电=8.01V/2.12A/峰3.09 补余=0.0 IO错=0 倾+0.0 自动2/3
[  230.750] TLM t= 133.0 L1·A@-76 L2·A@-74 L3·A@-76 R1·A@-75 R2·A@-74 R3·A@-73 罐=无罐 泵=0 阀=111111 速=+0,+0,+0.00 电=8.04V/2.12A/峰3.09 补余=0.0 IO错=0 倾+0.0 自动2/3
[  231.251] TLM t= 133.5 L1·A@-76 L2·A@-74 L3·A@-76 R1·A@-75 R2·A@-74 R3·A@-72 罐=无罐 泵=0 阀=111111 速=+0,+0,+0.00 电=8.03V/2.12A/峰3.09 补余=0.0 IO错=0 倾+0.0 自动2/3
[  231.773] TLM t= 134.0 L1·A@-76 L2·A@-73 L3·A@-76 R1·A@-75 R2·A@-73 R3·A@-72 罐=无罐 泵=0 阀=111111 速=+0,+0,+0.00 电=8.04V/2.12A/峰3.09 补余=0.0 IO错=0 倾+0.0 自动2/3
[  232.279] TLM t= 134.5 L1·A@-76 L2·A@-73 L3·A@-76 R1·A@-75 R2·A@-73 R3·A@-71 罐=无罐 泵=0 阀=111111 速=+0,+0,+0.00 电=8.01V/2.60A/峰3.09 补余=0.0 IO错=0 倾+0.0 自动2/3
[  232.800] TLM t= 135.1 L1·A@-76 L2·A@-72 L3·A@-76 R1·A@-75 R2·A@-72 R3·A@-70 罐=无罐 泵=0 阀=111111 速=+0,+0,+0.00 电=8.04V/1.95A/峰3.09 补余=0.0 IO错=0 倾+0.0 自动2/3
[  233.302] TLM t= 135.6 L1·A@-75 L2·A@-72 L3·A@-76 R1·A@-75 R2·A@-72 R3·A@-70 罐=无罐 泵=0 阀=111111 速=+0,+0,+0.00 电=8.03V/2.04A/峰3.09 补余=0.0 IO错=0 倾+0.0 自动2/3
[  233.823] TLM t= 136.1 L1·A@-75 L2·A@-71 L3·A@-75 R1·A@-75 R2·A@-72 R3·A@-69 罐=无罐 泵=0 阀=111111 速=+0,+0,+0.00 电=8.02V/2.04A/峰3.09 补余=0.0 IO错=0 倾+0.0 自动2/3
[  234.324] TLM t= 136.6 L1·A@-75 L2·A@-71 L3·A@-75 R1·A@-75 R2·A@-71 R3·A@-68 罐=无罐 泵=0 阀=111111 速=+0,+0,+0.00 电=8.03V/2.12A/峰3.09 补余=0.0 IO错=0 倾+0.0 自动2/3
[  234.846] TLM t= 137.1 L1·A@-75 L2·A@-70 L3·A@-75 R1·A@-75 R2·A@-71 R3·A@-68 罐=无罐 泵=0 阀=111111 速=+0,+0,+0.00 电=8.02V/2.04A/峰3.09 补余=0.0 IO错=0 倾+0.0 自动2/3
[  235.353] TLM t= 137.6 L1·A@-75 L2·A@-70 L3·A@-75 R1·A@-75 R2·A@-71 R3·A@-67 罐=无罐 泵=0 阀=111111 速=+0,+0,+0.00 电=7.99V/2.04A/峰3.09 补余=0.0 IO错=0 倾+0.0 自动2/3
[  235.872] TLM t= 138.1 L1·A@-75 L2·A@-70 L3·A@-75 R1·A@-75 R2·A@-70 R3·A@-67 罐=无罐 泵=0 阀=111111 速=+0,+0,+0.00 电=8.04V/2.12A/峰3.09 补余=0.0 IO错=0 倾+0.0 自动2/3
[  236.374] TLM t= 138.6 L1·A@-75 L2·A@-69 L3·A@-75 R1·A@-75 R2·A@-70 R3·A@-66 罐=无罐 泵=0 阀=111111 速=+0,+0,+0.00 电=8.01V/2.04A/峰3.09 补余=0.0 IO错=0 倾+0.0 自动2/3
[  236.895] TLM t= 139.1 L1·A@-75 L2·A@-69 L3·A@-75 R1·A@-75 R2·A@-69 R3·A@-65 罐=无罐 泵=0 阀=111111 速=+0,+0,+0.00 电=8.01V/2.04A/峰3.09 补余=0.0 IO错=0 倾+0.0 自动2/3
[  237.399] TLM t= 139.6 L1·A@-75 L2·A@-68 L3·A@-75 R1·A@-75 R2·A@-69 R3·A@-65 罐=无罐 泵=0 阀=111111 速=+0,+0,+0.00 电=8.02V/1.95A/峰3.09 补余=0.0 IO错=0 倾+0.0 自动2/3
[  237.922] TLM t= 140.2 L1·A@-75 L2·A@-68 L3·A@-75 R1·A@-75 R2·A@-69 R3·A@-64 罐=无罐 泵=0 阀=111111 速=+0,+0,+0.00 电=8.02V/2.04A/峰3.09 补余=0.0 IO错=0 倾+0.0 自动2/3
[  237.935] EVT 原地抬起受理：L1
[  237.948] EVT 相位 L1 stance→handover
[  238.424] TLM t= 141.5 L1ZA@-75 L2·A@-67 L3·A@-75 R1·A@-75 R2·A@-68 R3·A@-64 罐=无罐 泵=0 阀=111111 速=+0,+0,+0.00 电=8.05V/1.63A/峰3.09 补余=0.0 IO错=0 倾+0.0 自动2/3
[  238.948] TLM t= 141.6 L1ZA@-75 L2·A@-67 L3·A@-75 R1·A@-75 R2·A@-68 R3·A@-63 罐=无罐 泵=0 阀=111111 速=+0,+0,+0.00 电=8.06V/1.47A/峰3.09 补余=0.0 IO错=0 倾+0.0 自动2/3
[  239.451] TLM t= 141.6 L1ZA@-75 L2·A@-66 L3·A@-75 R1·A@-75 R2·A@-68 R3·A@-62 罐=无罐 泵=0 阀=111111 速=+0,+0,+0.00 电=8.03V/1.95A/峰3.09 补余=0.0 IO错=0 倾+0.0 自动2/3
[  239.973] TLM t= 141.6 L1ZA@-75 L2·A@-66 L3·A@-75 R1·A@-75 R2·A@-67 R3·A@-62 罐=无罐 泵=0 阀=111111 速=+0,+0,+0.00 电=8.03V/1.95A/峰3.09 补余=0.0 IO错=0 倾+0.0 自动2/3
[  240.504] TLM t= 141.6 L1ZA@-75 L2·A@-66 L3·A@-75 R1·A@-75 R2·A@-67 R3·A@-61 罐=无罐 泵=0 阀=111111 速=+0,+0,+0.00 电=8.02V/2.12A/峰3.09 补余=0.0 IO错=0 倾+0.0 自动2/3
[  241.005] TLM t= 141.6 L1ZA@-74 L2·A@-65 L3·A@-75 R1·A@-75 R2·A@-66 R3·A@-61 罐=无罐 泵=0 阀=111111 速=+0,+0,+0.00 电=8.01V/2.28A/峰3.09 补余=0.0 IO错=0 倾+0.0 自动2/3
[  241.071] EVT 吸附 L1 attached→venting 在态106.34s -74.4kPa
[  241.072] EVT 相位 L1 handover→vent 落点Δ(+0.0,+0.0)
[  241.100] EVT 阀 L1 →排气位
[  241.373] EVT 相位 L1 vent→lift
[  241.480] EVT 吸附 L1 venting→released 在态0.40s 0.1kPa
[  241.532] TLM t= 141.6 L1Lr@-- L2·A@-65 L3·A@-75 R1·A@-75 R2·A@-66 R3·A@-60 罐=无罐 泵=0 阀=011111 速=+0,+0,+0.00 电=7.99V/2.36A/峰3.09 补余=0.0 IO错=0 倾+0.0 自动2/3
[  241.641] EVT 泵 开 最差盘压-59.9
[  242.044] TLM t= 141.6 L1Lr@-- L2·A@-67 L3·A@-75 R1·A@-75 R2·A@-68 R3·A@-67 罐=无罐 泵=1 阀=011111 速=+0,+0,+0.00 电=7.98V/2.28A/峰3.09 补余=0.0 IO错=0 倾+0.0 自动2/3
[  242.215] EVT 相位 L1 lift→transfer
[  242.554] TLM t= 141.6 L1Tr@-- L2·A@-76 L3·A@-76 R1·A@-75 R2·A@-76 R3·A@-76 罐=无罐 泵=1 阀=011111 速=+0,+0,+0.00 电=7.93V/2.36A/峰3.09 补余=0.0 IO错=0 倾+0.0 自动2/3
[  242.561] EVT 泵 停 最差盘压-75.5
[  242.845] EVT 相位 L1 transfer→hover
[  243.069] TLM t= 141.6 L1Hr@-- L2·A@-76 L3·A@-77 R1·A@-76 R2·A@-76 R3·A@-76 罐=无罐 泵=0 阀=011111 速=+0,+0,+0.00 电=8.00V/2.28A/峰3.09 补余=0.0 IO错=0 倾+0.0 自动2/3
[  243.575] TLM t= 141.6 L1Hr@-- L2·A@-76 L3·A@-77 R1·A@-76 R2·A@-76 R3·A@-75 罐=无罐 泵=0 阀=011111 速=+0,+0,+0.00 电=8.01V/2.12A/峰3.09 补余=0.0 IO错=0 倾+0.0 自动2/3
[  243.868] EVT 落地：L1
[  243.885] EVT 相位 L1 hover→descend
[  244.090] TLM t= 141.6 L1Dr@-- L2·A@-75 L3·A@-76 R1·A@-76 R2·A@-75 R3·A@-75 罐=无罐 泵=0 阀=011111 速=+0,+0,+0.00 电=7.98V/2.36A/峰3.09 补余=0.0 IO错=0 倾+0.0 自动2/3
[  244.366] EVT 相位 L1 descend→press
[  244.605] TLM t= 141.6 L1Pr@-- L2·A@-75 L3·A@-76 R1·A@-76 R2·A@-75 R3·A@-74 罐=无罐 泵=0 阀=011111 速=+0,+0,+0.00 电=8.00V/2.36A/峰3.09 补余=0.0 IO错=0 倾+0.0 自动2/3
[  245.099] TLM t= 141.6 L1Pr@-- L2·A@-74 L3·A@-76 R1·A@-76 R2·A@-74 R3·A@-73 罐=无罐 泵=0 阀=011111 速=+0,+0,+0.00 电=8.01V/2.36A/峰3.09 补余=0.0 IO错=0 倾+0.0 自动2/3
[  245.573] EVT 吸附 L1 released→pressing 在态4.08s 0.1kPa
[  245.573] EVT 相位 L1 press→wait
[  245.624] TLM t= 141.6 L1Wp@-- L2·A@-74 L3·A@-76 R1·A@-76 R2·A@-74 R3·A@-73 罐=无罐 泵=0 阀=011111 速=+0,+0,+0.00 电=8.01V/2.28A/峰3.09 补余=0.0 IO错=0 倾+0.0 自动2/3
[  245.873] EVT 吸附 L1 pressing→sucking 在态0.30s 0.1kPa
[  245.874] EVT 阀 L1 →抽气位
[  245.892] EVT 泵 开 最差盘压-72.4
[  246.141] TLM t= 141.6 L1Ws@-59 L2·A@-73 L3·A@-76 R1·A@-76 R2·A@-74 R3·A@-72 罐=无罐 泵=1 阀=111111 速=+0,+0,+0.00 电=7.94V/2.20A/峰3.09 补余=0.0 IO错=0 倾+0.0 自动2/3
[  246.270] EVT 吸附 L1 sucking→attached 在态0.40s -66.2kPa
[  246.278] EVT 相位 L1 wait→stance
[  246.278] EVT 抬落完成，轮到 R2
[  246.649] TLM t= 142.0 L1·A@-75 L2·A@-76 L3·A@-76 R1·A@-76 R2·A@-75 R3·A@-76 罐=无罐 泵=1 阀=111111 速=+0,+0,+0.00 电=7.94V/2.12A/峰3.09 补余=0.0 IO错=0 倾+0.0 自动2/3
[  246.674] EVT 泵 停 最差盘压-75.5
[  247.165] TLM t= 142.5 L1·A@-76 L2·A@-76 L3·A@-76 R1·A@-76 R2·A@-76 R3·A@-76 罐=无罐 泵=0 阀=111111 速=+0,+0,+0.00 电=8.02V/2.12A/峰3.09 补余=0.0 IO错=0 倾+0.0 自动2/3
[  247.669] TLM t= 143.0 L1·A@-76 L2·A@-76 L3·A@-76 R1·A@-76 R2·A@-75 R3·A@-75 罐=无罐 泵=0 阀=111111 速=+0,+0,+0.00 电=8.01V/2.28A/峰3.09 补余=0.0 IO错=0 倾+0.0 自动2/3
[  248.188] TLM t= 143.5 L1·A@-76 L2·A@-75 L3·A@-76 R1·A@-76 R2·A@-75 R3·A@-74 罐=无罐 泵=0 阀=111111 速=+0,+0,+0.00 电=8.00V/2.20A/峰3.09 补余=0.0 IO错=0 倾+0.0 自动2/3
[  248.693] TLM t= 144.0 L1·A@-75 L2·A@-75 L3·A@-76 R1·A@-76 R2·A@-74 R3·A@-74 罐=无罐 泵=0 阀=111111 速=+0,+0,+0.00 电=8.02V/2.20A/峰3.09 补余=0.0 IO错=0 倾+0.0 自动2/3
[  249.210] TLM t= 144.5 L1·A@-75 L2·A@-74 L3·A@-76 R1·A@-75 R2·A@-74 R3·A@-73 罐=无罐 泵=0 阀=111111 速=+0,+0,+0.00 电=7.98V/2.20A/峰3.09 补余=0.0 IO错=0 倾+0.0 自动2/3
[  249.717] TLM t= 145.0 L1·A@-75 L2·A@-74 L3·A@-76 R1·A@-75 R2·A@-74 R3·A@-72 罐=无罐 泵=0 阀=111111 速=+0,+0,+0.00 电=7.99V/2.12A/峰3.09 补余=0.0 IO错=0 倾+0.0 自动2/3
[  250.232] TLM t= 145.5 L1·A@-75 L2·A@-73 L3·A@-76 R1·A@-75 R2·A@-73 R3·A@-72 罐=无罐 泵=0 阀=111111 速=+0,+0,+0.00 电=8.01V/2.36A/峰3.09 补余=0.0 IO错=0 倾+0.0 自动2/3
[  250.737] TLM t= 146.0 L1·A@-75 L2·A@-73 L3·A@-76 R1·A@-75 R2·A@-73 R3·A@-71 罐=无罐 泵=0 阀=111111 速=+0,+0,+0.00 电=8.01V/2.20A/峰3.09 补余=0.0 IO错=0 倾+0.0 自动2/3
[  251.254] TLM t= 146.6 L1·A@-75 L2·A@-72 L3·A@-76 R1·A@-75 R2·A@-72 R3·A@-71 罐=无罐 泵=0 阀=111111 速=+0,+0,+0.00 电=8.02V/2.36A/峰3.09 补余=0.0 IO错=0 倾+0.0 自动2/3
[  251.762] TLM t= 147.1 L1·A@-75 L2·A@-72 L3·A@-76 R1·A@-75 R2·A@-72 R3·A@-70 罐=无罐 泵=0 阀=111111 速=+0,+0,+0.00 电=7.99V/2.12A/峰3.09 补余=0.0 IO错=0 倾+0.0 自动2/3
[  252.281] TLM t= 147.6 L1·A@-75 L2·A@-71 L3·A@-76 R1·A@-75 R2·A@-72 R3·A@-69 罐=无罐 泵=0 阀=111111 速=+0,+0,+0.00 电=8.01V/2.36A/峰3.09 补余=0.0 IO错=0 倾+0.0 自动2/3
[  252.783] TLM t= 148.1 L1·A@-74 L2·A@-71 L3·A@-76 R1·A@-75 R2·A@-71 R3·A@-69 罐=无罐 泵=0 阀=111111 速=+0,+0,+0.00 电=8.01V/2.28A/峰3.09 补余=0.0 IO错=0 倾+0.0 自动2/3
[  253.301] TLM t= 148.6 L1·A@-74 L2·A@-70 L3·A@-75 R1·A@-75 R2·A@-71 R3·A@-68 罐=无罐 泵=0 阀=111111 速=+0,+0,+0.00 电=8.02V/2.36A/峰3.09 补余=0.0 IO错=0 倾+0.0 自动2/3
[  253.809] TLM t= 149.1 L1·A@-74 L2·A@-70 L3·A@-75 R1·A@-75 R2·A@-71 R3·A@-68 罐=无罐 泵=0 阀=111111 速=+0,+0,+0.00 电=8.01V/2.20A/峰3.09 补余=0.0 IO错=0 倾+0.0 自动2/3
[  254.323] TLM t= 149.6 L1·A@-74 L2·A@-70 L3·A@-75 R1·A@-75 R2·A@-70 R3·A@-67 罐=无罐 泵=0 阀=111111 速=+0,+0,+0.00 电=8.02V/2.28A/峰3.09 补余=0.0 IO错=0 倾+0.0 自动2/3
[  254.830] TLM t= 150.1 L1·A@-74 L2·A@-69 L3·A@-75 R1·A@-75 R2·A@-70 R3·A@-66 罐=无罐 泵=0 阀=111111 速=+0,+0,+0.00 电=8.01V/2.20A/峰3.09 补余=0.0 IO错=0 倾+0.0 自动2/3
[  255.346] TLM t= 150.6 L1·A@-74 L2·A@-69 L3·A@-75 R1·A@-75 R2·A@-69 R3·A@-66 罐=无罐 泵=0 阀=111111 速=+0,+0,+0.00 电=8.01V/2.36A/峰3.09 补余=0.0 IO错=0 倾+0.0 自动2/3
[  255.853] TLM t= 151.1 L1·A@-74 L2·A@-68 L3·A@-75 R1·A@-75 R2·A@-69 R3·A@-65 罐=无罐 泵=0 阀=111111 速=+0,+0,+0.00 电=8.00V/2.36A/峰3.09 补余=0.0 IO错=0 倾+0.0 自动2/3
[  256.301] EVT 原地抬起受理：R2
[  256.326] EVT 相位 R2 stance→handover
[  256.371] TLM t= 152.5 L1·A@-74 L2·A@-68 L3·A@-75 R1·A@-75 R2ZA@-69 R3·A@-65 罐=无罐 泵=0 阀=111111 速=+0,+0,+0.00 电=8.00V/2.20A/峰3.09 补余=0.0 IO错=0 倾+0.0 自动2/3
[  256.876] TLM t= 153.0 L1·A@-74 L2·A@-67 L3·A@-75 R1·A@-75 R2ZA@-68 R3·A@-64 罐=无罐 泵=0 阀=111111 速=+0,+0,+0.00 电=8.01V/2.36A/峰3.09 补余=0.0 IO错=0 倾+0.0 自动2/3
[  257.391] TLM t= 153.0 L1·A@-74 L2·A@-67 L3·A@-75 R1·A@-75 R2ZA@-68 R3·A@-64 罐=无罐 泵=0 阀=111111 速=+0,+0,+0.00 电=7.99V/2.28A/峰3.09 补余=0.0 IO错=0 倾+0.0 自动2/3
[  257.902] TLM t= 153.0 L1·A@-74 L2·A@-67 L3·A@-75 R1·A@-75 R2ZA@-68 R3·A@-63 罐=无罐 泵=0 阀=111111 速=+0,+0,+0.00 电=8.00V/2.36A/峰3.09 补余=0.0 IO错=0 倾+0.0 自动2/3
[  258.414] TLM t= 153.0 L1·A@-73 L2·A@-66 L3·A@-75 R1·A@-75 R2ZA@-67 R3·A@-62 罐=无罐 泵=0 阀=111111 速=+0,+0,+0.00 电=8.02V/2.44A/峰3.09 补余=0.0 IO错=0 倾+0.0 自动2/3
[  258.510] EVT 吸附 R2 attached→venting 在态106.48s -67.1kPa
[  258.510] EVT 相位 R2 handover→vent 落点Δ(+0.0,+0.0)
[  258.528] EVT 阀 R2 →排气位
[  258.808] EVT 相位 R2 vent→lift
[  258.923] TLM t= 153.0 L1·A@-73 L2·A@-66 L3·A@-75 R1·A@-75 R2Lv@-67 R3·A@-62 罐=无罐 泵=0 阀=111101 速=+0,+0,+0.00 电=7.98V/2.44A/峰3.09 补余=0.0 IO错=0 倾+0.0 自动2/3
[  258.931] EVT 吸附 R2 venting→released 在态0.42s 0.0kPa
[  259.441] TLM t= 153.0 L1·A@-73 L2·A@-65 L3·A@-75 R1·A@-75 R2Lr@-- R3·A@-61 罐=无罐 泵=0 阀=111101 速=+0,+0,+0.00 电=7.96V/2.69A/峰3.09 补余=0.0 IO错=0 倾+0.0 自动2/3
[  259.651] EVT 相位 R2 lift→transfer
[  259.945] TLM t= 153.0 L1·A@-73 L2·A@-65 L3·A@-75 R1·A@-75 R2Tr@-- R3·A@-60 罐=无罐 泵=0 阀=111101 速=+0,+0,+0.00 电=7.97V/2.52A/峰3.09 补余=0.0 IO错=0 倾+0.0 自动2/3
[  260.272] EVT 相位 R2 transfer→hover
[  260.358] EVT 泵 开 最差盘压-59.9
[  260.461] TLM t= 153.0 L1·A@-73 L2·A@-64 L3·A@-75 R1·A@-75 R2Hr@-- R3·A@-60 罐=无罐 泵=1 阀=111101 速=+0,+0,+0.00 电=7.93V/2.20A/峰3.09 补余=0.0 IO错=0 倾+0.0 自动2/3
[  260.967] TLM t= 153.0 L1·A@-73 L2·A@-73 L3·A@-75 R1·A@-75 R2Hr@-- R3·A@-73 罐=无罐 泵=1 阀=111101 速=+0,+0,+0.00 电=7.98V/2.52A/峰3.09 补余=0.0 IO错=0 倾+0.0 自动2/3
[  261.275] EVT 泵 停 最差盘压-75.5
[  261.276] EVT 落地：R2
[  261.295] EVT 相位 R2 hover→descend
[  261.484] TLM t= 153.0 L1·A@-77 L2·A@-77 L3·A@-77 R1·A@-76 R2Dr@-- R3·A@-77 罐=无罐 泵=0 阀=111101 速=+0,+0,+0.00 电=7.99V/2.44A/峰3.09 补余=0.0 IO错=0 倾+0.0 自动2/3
[  261.777] EVT 相位 R2 descend→press
[  261.991] TLM t= 153.0 L1·A@-77 L2·A@-76 L3·A@-77 R1·A@-76 R2Pr@-- R3·A@-76 罐=无罐 泵=0 阀=111101 速=+0,+0,+0.00 电=8.00V/2.28A/峰3.09 补余=0.0 IO错=0 倾+0.0 自动2/3
[  262.508] TLM t= 153.0 L1·A@-77 L2·A@-76 L3·A@-77 R1·A@-76 R2Pr@-- R3·A@-75 罐=无罐 泵=0 阀=111101 速=+0,+0,+0.00 电=7.98V/2.28A/峰3.09 补余=0.0 IO错=0 倾+0.0 自动2/3
[  262.980] EVT 吸附 R2 released→pressing 在态4.04s 0.0kPa
[  262.981] EVT 相位 R2 press→wait
[  263.014] TLM t= 153.0 L1·A@-76 L2·A@-75 L3·A@-77 R1·A@-76 R2Wp@-- R3·A@-75 罐=无罐 泵=0 阀=111101 速=+0,+0,+0.00 电=7.99V/2.36A/峰3.09 补余=0.0 IO错=0 倾+0.0 自动2/3
[  263.281] EVT 吸附 R2 pressing→sucking 在态0.30s 0.0kPa
[  263.282] EVT 阀 R2 →抽气位
[  263.307] EVT 泵 开 最差盘压-74.3
[  263.532] TLM t= 153.0 L1·A@-76 L2·A@-75 L3·A@-77 R1·A@-76 R2Ws@-66 R3·A@-74 罐=无罐 泵=1 阀=111111 速=+0,+0,+0.00 电=7.92V/2.52A/峰3.09 补余=0.0 IO错=0 倾+0.0 自动2/3
[  263.562] EVT 吸附 R2 sucking→attached 在态0.28s -67.3kPa
[  263.565] EVT 相位 R2 wait→stance
[  263.565] EVT 抬落完成，轮到 L3
[  264.038] TLM t= 153.5 L1·A@-76 L2·A@-75 L3·A@-76 R1·A@-76 R2·A@-75 R3·A@-75 罐=无罐 泵=1 阀=111111 速=+0,+0,+0.00 电=7.92V/2.28A/峰3.09 补余=0.0 IO错=0 倾+0.0 自动2/3
[  264.047] EVT 泵 停 最差盘压-75.3
[  264.552] TLM t= 154.0 L1·A@-76 L2·A@-76 L3·A@-76 R1·A@-76 R2·A@-75 R3·A@-76 罐=无罐 泵=0 阀=111111 速=+0,+0,+0.00 电=8.00V/2.36A/峰3.09 补余=0.0 IO错=0 倾+0.0 自动2/3
[  265.063] TLM t= 154.5 L1·A@-76 L2·A@-75 L3·A@-76 R1·A@-76 R2·A@-74 R3·A@-75 罐=无罐 泵=0 阀=111111 速=+0,+0,+0.00 电=8.00V/2.20A/峰3.09 补余=0.0 IO错=0 倾+0.0 自动2/3
[  265.577] TLM t= 155.0 L1·A@-76 L2·A@-75 L3·A@-76 R1·A@-76 R2·A@-74 R3·A@-74 罐=无罐 泵=0 阀=111111 速=+0,+0,+0.00 电=8.01V/2.36A/峰3.09 补余=0.0 IO错=0 倾+0.0 自动2/3
[  266.084] TLM t= 155.5 L1·A@-76 L2·A@-74 L3·A@-76 R1·A@-76 R2·A@-73 R3·A@-74 罐=无罐 泵=0 阀=111111 速=+0,+0,+0.00 电=8.00V/2.36A/峰3.09 补余=0.0 IO错=0 倾+0.0 自动2/3
[  266.603] TLM t= 156.0 L1·A@-76 L2·A@-74 L3·A@-76 R1·A@-76 R2·A@-73 R3·A@-73 罐=无罐 泵=0 阀=111111 速=+0,+0,+0.00 电=7.98V/2.20A/峰3.09 补余=0.0 IO错=0 倾+0.0 自动2/3
[  267.119] TLM t= 156.5 L1·A@-76 L2·A@-73 L3·A@-76 R1·A@-76 R2·A@-72 R3·A@-72 罐=无罐 泵=0 阀=111111 速=+0,+0,+0.00 电=8.01V/2.44A/峰3.09 补余=0.0 IO错=0 倾+0.0 自动2/3
[  267.621] TLM t= 157.0 L1·A@-76 L2·A@-73 L3·A@-76 R1·A@-76 R2·A@-72 R3·A@-72 罐=无罐 泵=0 阀=111111 速=+0,+0,+0.00 电=8.00V/2.36A/峰3.09 补余=0.0 IO错=0 倾+0.0 自动2/3
[  268.151] TLM t= 157.5 L1·A@-76 L2·A@-72 L3·A@-76 R1·A@-76 R2·A@-71 R3·A@-71 罐=无罐 泵=0 阀=111111 速=+0,+0,+0.00 电=8.00V/2.36A/峰3.09 补余=0.0 IO错=0 倾+0.0 自动2/3
[  268.650] TLM t= 158.0 L1·A@-75 L2·A@-72 L3·A@-76 R1·A@-76 R2·A@-71 R3·A@-70 罐=无罐 泵=0 阀=111111 速=+0,+0,+0.00 电=8.01V/2.28A/峰3.09 补余=0.0 IO错=0 倾+0.0 自动2/3
[  269.174] TLM t= 158.6 L1·A@-75 L2·A@-72 L3·A@-76 R1·A@-76 R2·A@-71 R3·A@-70 罐=无罐 泵=0 阀=111111 速=+0,+0,+0.00 电=8.01V/2.20A/峰3.09 补余=0.0 IO错=0 倾+0.0 自动2/3
[  269.674] TLM t= 159.1 L1·A@-75 L2·A@-71 L3·A@-76 R1·A@-76 R2·A@-70 R3·A@-69 罐=无罐 泵=0 阀=111111 速=+0,+0,+0.00 电=7.99V/2.44A/峰3.09 补余=0.0 IO错=0 倾+0.0 自动2/3
[  270.196] TLM t= 159.6 L1·A@-75 L2·A@-71 L3·A@-76 R1·A@-75 R2·A@-70 R3·A@-69 罐=无罐 泵=0 阀=111111 速=+0,+0,+0.00 电=7.99V/2.44A/峰3.09 补余=0.0 IO错=0 倾+0.0 自动2/3
[  270.699] TLM t= 160.1 L1·A@-75 L2·A@-70 L3·A@-76 R1·A@-75 R2·A@-69 R3·A@-68 罐=无罐 泵=0 阀=111111 速=+0,+0,+0.00 电=8.00V/2.36A/峰3.09 补余=0.0 IO错=0 倾+0.0 自动2/3
[  271.222] TLM t= 160.6 L1·A@-75 L2·A@-70 L3·A@-76 R1·A@-75 R2·A@-69 R3·A@-67 罐=无罐 泵=0 阀=111111 速=+0,+0,+0.00 电=8.00V/2.36A/峰3.09 补余=0.0 IO错=0 倾+0.0 自动2/3
[  271.725] TLM t= 161.1 L1·A@-75 L2·A@-69 L3·A@-76 R1·A@-75 R2·A@-69 R3·A@-67 罐=无罐 泵=0 阀=111111 速=+0,+0,+0.00 电=7.99V/2.28A/峰3.09 补余=0.0 IO错=0 倾+0.0 自动2/3
[  272.250] TLM t= 161.6 L1·A@-75 L2·A@-69 L3·A@-75 R1·A@-75 R2·A@-68 R3·A@-66 罐=无罐 泵=0 阀=111111 速=+0,+0,+0.00 电=8.01V/2.36A/峰3.09 补余=0.0 IO错=0 倾+0.0 自动2/3
[  272.754] TLM t= 162.1 L1·A@-75 L2·A@-68 L3·A@-75 R1·A@-75 R2·A@-68 R3·A@-66 罐=无罐 泵=0 阀=111111 速=+0,+0,+0.00 电=8.01V/2.52A/峰3.09 补余=0.0 IO错=0 倾+0.0 自动2/3
[  273.250] TLM t= 162.6 L1·A@-75 L2·A@-68 L3·A@-75 R1·A@-75 R2·A@-68 R3·A@-65 罐=无罐 泵=0 阀=111111 速=+0,+0,+0.00 电=8.00V/2.52A/峰3.09 补余=0.0 IO错=0 倾+0.0 自动2/3
[  273.590] EVT 原地抬起受理：L3
[  273.602] EVT 相位 L3 stance→handover
[  273.758] TLM t= 164.0 L1·A@-75 L2·A@-68 L3ZA@-75 R1·A@-75 R2·A@-67 R3·A@-64 罐=无罐 泵=0 阀=111111 速=+0,+0,+0.00 电=8.01V/2.04A/峰3.09 补余=0.0 IO错=0 倾+0.0 自动2/3
[  274.260] TLM t= 164.4 L1·A@-75 L2·A@-67 L3ZA@-75 R1·A@-75 R2·A@-67 R3·A@-64 罐=无罐 泵=0 阀=111111 速=+0,+0,+0.00 电=8.01V/1.87A/峰3.09 补余=0.0 IO错=0 倾+0.0 自动2/3
[  274.780] TLM t= 164.4 L1·A@-75 L2·A@-67 L3ZA@-75 R1·A@-75 R2·A@-66 R3·A@-63 罐=无罐 泵=0 阀=111111 速=+0,+0,+0.00 电=8.03V/1.71A/峰3.09 补余=0.0 IO错=0 倾+0.0 自动2/3
[  275.286] TLM t= 164.4 L1·A@-75 L2·A@-66 L3ZA@-75 R1·A@-75 R2·A@-66 R3·A@-63 罐=无罐 泵=0 阀=111111 速=+0,+0,+0.00 电=8.03V/1.87A/峰3.09 补余=0.0 IO错=0 倾+0.0 自动2/3
[  275.806] TLM t= 164.4 L1·A@-74 L2·A@-66 L3ZA@-75 R1·A@-75 R2·A@-66 R3·A@-62 罐=无罐 泵=0 阀=111111 速=+0,+0,+0.00 电=8.02V/2.04A/峰3.09 补余=0.0 IO错=0 倾+0.0 自动2/3
[  276.309] TLM t= 164.4 L1·A@-74 L2·A@-66 L3ZA@-75 R1·A@-75 R2·A@-65 R3·A@-61 罐=无罐 泵=0 阀=111111 速=+0,+0,+0.00 电=8.02V/1.95A/峰3.09 补余=0.0 IO错=0 倾+0.0 自动2/3
[  276.493] EVT 吸附 L3 attached→venting 在态106.42s -75.1kPa
[  276.493] EVT 相位 L3 handover→vent 落点Δ(+0.0,+0.0)
[  276.518] EVT 阀 L3 →排气位
[  276.794] EVT 相位 L3 vent→lift
[  276.829] TLM t= 164.4 L1·A@-74 L2·A@-65 L3Lv@-75 R1·A@-75 R2·A@-65 R3·A@-61 罐=无罐 泵=0 阀=110111 速=+0,+0,+0.00 电=8.00V/1.95A/峰3.09 补余=0.0 IO错=0 倾+0.0 自动2/3
[  276.919] EVT 吸附 L3 venting→released 在态0.42s 0.1kPa
[  277.337] TLM t= 164.4 L1·A@-74 L2·A@-65 L3Lr@-- R1·A@-75 R2·A@-65 R3·A@-60 罐=无罐 泵=0 阀=110111 速=+0,+0,+0.00 电=7.98V/1.95A/峰3.09 补余=0.0 IO错=0 倾+0.0 自动2/3
[  277.626] EVT 泵 开 最差盘压-59.9
[  277.639] EVT 相位 L3 lift→transfer
[  277.851] TLM t= 164.4 L1·A@-74 L2·A@-64 L3Tr@-- R1·A@-75 R2·A@-64 R3·A@-60 罐=无罐 泵=1 阀=110111 速=+0,+0,+0.00 电=7.94V/2.44A/峰3.09 补余=0.0 IO错=0 倾+0.0 自动2/3
[  278.265] EVT 相位 L3 transfer→hover
[  278.356] TLM t= 164.4 L1·A@-74 L2·A@-74 L3Hr@-- R1·A@-75 R2·A@-74 R3·A@-74 罐=无罐 泵=1 阀=110111 速=+0,+0,+0.00 电=7.98V/1.95A/峰3.09 补余=0.0 IO错=0 倾+0.0 自动2/3
[  278.566] EVT 泵 停 最差盘压-75.5
[  278.874] TLM t= 164.4 L1·A@-77 L2·A@-77 L3Hr@-- R1·A@-76 R2·A@-76 R3·A@-77 罐=无罐 泵=0 阀=110111 速=+0,+0,+0.00 电=8.01V/1.95A/峰3.09 补余=0.0 IO错=0 倾+0.0 自动2/3
[  279.288] EVT 落地：L3
[  279.311] EVT 相位 L3 hover→descend
[  279.378] TLM t= 164.4 L1·A@-77 L2·A@-76 L3Dr@-- R1·A@-76 R2·A@-76 R3·A@-76 罐=无罐 泵=0 阀=110111 速=+0,+0,+0.00 电=8.00V/1.95A/峰3.09 补余=0.0 IO错=0 倾+0.0 自动2/3
[  279.792] EVT 相位 L3 descend→press
[  279.899] TLM t= 164.4 L1·A@-77 L2·A@-76 L3Pr@-- R1·A@-76 R2·A@-75 R3·A@-75 罐=无罐 泵=0 阀=110111 速=+0,+0,+0.00 电=8.01V/1.95A/峰3.09 补余=0.0 IO错=0 倾+0.0 自动2/3
[  280.400] TLM t= 164.4 L1·A@-76 L2·A@-75 L3Pr@-- R1·A@-76 R2·A@-75 R3·A@-74 罐=无罐 泵=0 阀=110111 速=+0,+0,+0.00 电=8.00V/1.95A/峰3.09 补余=0.0 IO错=0 倾+0.0 自动2/3
[  280.923] TLM t= 164.4 L1·A@-76 L2·A@-75 L3Pr@-- R1·A@-76 R2·A@-75 R3·A@-74 罐=无罐 泵=0 阀=110111 速=+0,+0,+0.00 电=8.01V/2.04A/峰3.09 补余=0.0 IO错=0 倾+0.0 自动2/3
[  280.996] EVT 吸附 L3 released→pressing 在态4.06s 0.1kPa
[  280.996] EVT 相位 L3 press→wait
[  281.296] EVT 吸附 L3 pressing→sucking 在态0.30s 0.1kPa
[  281.297] EVT 阀 L3 →抽气位
[  281.312] EVT 泵 开 最差盘压-73.3
[  281.425] TLM t= 164.4 L1·A@-76 L2·A@-74 L3Ws@-36 R1·A@-76 R2·A@-74 R3·A@-73 罐=无罐 泵=1 阀=111111 速=+0,+0,+0.00 电=7.97V/1.87A/峰3.09 补余=0.0 IO错=0 倾+0.0 自动2/3
[  281.572] EVT 吸附 L3 sucking→attached 在态0.28s -58.2kPa
[  281.575] EVT 相位 L3 wait→stance
[  281.575] EVT 抬落完成，轮到 R1
[  281.946] TLM t= 164.8 L1·A@-76 L2·A@-74 L3·A@-73 R1·A@-76 R2·A@-74 R3·A@-73 罐=无罐 泵=1 阀=111111 速=+0,+0,+0.00 电=7.96V/2.04A/峰3.09 补余=0.0 IO错=0 倾+0.0 自动2/3
[  282.097] EVT 泵 停 最差盘压-75.3
[  282.451] TLM t= 165.3 L1·A@-76 L2·A@-76 L3·A@-76 R1·A@-76 R2·A@-76 R3·A@-76 罐=无罐 泵=0 阀=111111 速=+0,+0,+0.00 电=8.01V/2.12A/峰3.09 补余=0.0 IO错=0 倾+0.0 自动2/3
[  282.974] TLM t= 165.8 L1·A@-76 L2·A@-75 L3·A@-76 R1·A@-76 R2·A@-75 R3·A@-75 罐=无罐 泵=0 阀=111111 速=+0,+0,+0.00 电=8.01V/1.95A/峰3.09 补余=0.0 IO错=0 倾+0.0 自动2/3
[  283.476] TLM t= 166.3 L1·A@-76 L2·A@-75 L3·A@-75 R1·A@-75 R2·A@-75 R3·A@-74 罐=无罐 泵=0 阀=111111 速=+0,+0,+0.00 电=8.00V/2.20A/峰3.09 补余=0.0 IO错=0 倾+0.0 自动2/3
[  283.996] TLM t= 166.8 L1·A@-76 L2·A@-74 L3·A@-75 R1·A@-75 R2·A@-74 R3·A@-74 罐=无罐 泵=0 阀=111111 速=+0,+0,+0.00 电=8.00V/1.95A/峰3.09 补余=0.0 IO错=0 倾+0.0 自动2/3
[  284.499] TLM t= 167.3 L1·A@-76 L2·A@-74 L3·A@-75 R1·A@-75 R2·A@-74 R3·A@-73 罐=无罐 泵=0 阀=111111 速=+0,+0,+0.00 电=8.01V/2.04A/峰3.09 补余=0.0 IO错=0 倾+0.0 自动2/3
[  285.018] TLM t= 167.8 L1·A@-76 L2·A@-73 L3·A@-75 R1·A@-75 R2·A@-74 R3·A@-72 罐=无罐 泵=0 阀=111111 速=+0,+0,+0.00 电=8.00V/2.04A/峰3.09 补余=0.0 IO错=0 倾+0.0 自动2/3
[  285.527] TLM t= 168.3 L1·A@-76 L2·A@-73 L3·A@-75 R1·A@-75 R2·A@-73 R3·A@-72 罐=无罐 泵=0 阀=111111 速=+0,+0,+0.00 电=8.01V/2.12A/峰3.09 补余=0.0 IO错=0 倾+0.0 自动2/3
[  286.044] TLM t= 168.8 L1·A@-76 L2·A@-73 L3·A@-75 R1·A@-75 R2·A@-73 R3·A@-71 罐=无罐 泵=0 阀=111111 速=+0,+0,+0.00 电=8.01V/1.95A/峰3.09 补余=0.0 IO错=0 倾+0.0 自动2/3
[  286.546] TLM t= 169.3 L1·A@-76 L2·A@-72 L3·A@-75 R1·A@-75 R2·A@-72 R3·A@-71 罐=无罐 泵=0 阀=111111 速=+0,+0,+0.00 电=8.01V/2.20A/峰3.09 补余=0.0 IO错=0 倾+0.0 自动2/3
[  287.067] TLM t= 169.9 L1·A@-75 L2·A@-72 L3·A@-75 R1·A@-75 R2·A@-72 R3·A@-70 罐=无罐 泵=0 阀=111111 速=+0,+0,+0.00 电=8.01V/2.04A/峰3.09 补余=0.0 IO错=0 倾+0.0 自动2/3
[  287.569] TLM t= 170.4 L1·A@-75 L2·A@-71 L3·A@-75 R1·A@-75 R2·A@-72 R3·A@-69 罐=无罐 泵=0 阀=111111 速=+0,+0,+0.00 电=8.00V/2.20A/峰3.09 补余=0.0 IO错=0 倾+0.0 自动2/3
[  288.092] TLM t= 170.9 L1·A@-75 L2·A@-71 L3·A@-75 R1·A@-75 R2·A@-71 R3·A@-69 罐=无罐 泵=0 阀=111111 速=+0,+0,+0.00 电=8.01V/2.12A/峰3.09 补余=0.0 IO错=0 倾+0.0 自动2/3
[  288.597] TLM t= 171.4 L1·A@-75 L2·A@-70 L3·A@-74 R1·A@-75 R2·A@-71 R3·A@-68 罐=无罐 泵=0 阀=111111 速=+0,+0,+0.00 电=8.02V/2.12A/峰3.09 补余=0.0 IO错=0 倾+0.0 自动2/3
[  289.118] TLM t= 171.9 L1·A@-75 L2·A@-70 L3·A@-74 R1·A@-75 R2·A@-70 R3·A@-68 罐=无罐 泵=0 阀=111111 速=+0,+0,+0.00 电=8.01V/2.69A/峰3.09 补余=0.0 IO错=0 倾+0.0 自动2/3
[  289.621] TLM t= 172.4 L1·A@-75 L2·A@-69 L3·A@-74 R1·A@-75 R2·A@-70 R3·A@-67 罐=无罐 泵=0 阀=111111 速=+0,+0,+0.00 电=8.01V/2.04A/峰3.09 补余=0.0 IO错=0 倾+0.0 自动2/3
[  290.139] TLM t= 172.9 L1·A@-75 L2·A@-69 L3·A@-74 R1·A@-75 R2·A@-70 R3·A@-66 罐=无罐 泵=0 阀=111111 速=+0,+0,+0.00 电=7.99V/2.28A/峰3.09 补余=0.0 IO错=0 倾+0.0 自动2/3
[  290.648] TLM t= 173.4 L1·A@-75 L2·A@-69 L3·A@-74 R1·A@-75 R2·A@-69 R3·A@-66 罐=无罐 泵=0 阀=111111 速=+0,+0,+0.00 电=8.01V/2.04A/峰3.09 补余=0.0 IO错=0 倾+0.0 自动2/3
[  291.164] TLM t= 173.9 L1·A@-75 L2·A@-68 L3·A@-74 R1·A@-75 R2·A@-69 R3·A@-65 罐=无罐 泵=0 阀=111111 速=+0,+0,+0.00 电=8.00V/2.04A/峰3.09 补余=0.0 IO错=0 倾+0.0 自动2/3
[  291.599] EVT 原地抬起受理：R1
[  291.614] EVT 相位 R1 stance→handover
[  291.669] TLM t= 175.3 L1·A@-75 L2·A@-68 L3·A@-74 R1ZA@-74 R2·A@-68 R3·A@-65 罐=无罐 泵=0 阀=111111 速=+0,+0,+0.00 电=8.01V/2.04A/峰3.09 补余=0.0 IO错=0 倾+0.0 自动2/3
[  292.189] TLM t= 175.8 L1·A@-75 L2·A@-67 L3·A@-74 R1ZA@-74 R2·A@-68 R3·A@-64 罐=无罐 泵=0 阀=111111 速=+0,+0,+0.00 电=8.03V/1.87A/峰3.09 补余=0.0 IO错=0 倾+0.0 自动2/3
[  292.692] TLM t= 175.8 L1·A@-75 L2·A@-67 L3·A@-74 R1ZA@-74 R2·A@-68 R3·A@-63 罐=无罐 泵=0 阀=111111 速=+0,+0,+0.00 电=8.03V/1.71A/峰3.09 补余=0.0 IO错=0 倾+0.0 自动2/3
[  293.213] TLM t= 175.8 L1·A@-75 L2·A@-66 L3·A@-74 R1ZA@-74 R2·A@-67 R3·A@-63 罐=无罐 泵=0 阀=111111 速=+0,+0,+0.00 电=8.03V/1.95A/峰3.09 补余=0.0 IO错=0 倾+0.0 自动2/3
[  293.728] TLM t= 175.8 L1·A@-75 L2·A@-66 L3·A@-74 R1ZA@-74 R2·A@-67 R3·A@-62 罐=无罐 泵=0 阀=111111 速=+0,+0,+0.00 电=8.03V/1.71A/峰3.09 补余=0.0 IO错=0 倾+0.0 自动2/3
[  294.232] TLM t= 175.8 L1·A@-74 L2·A@-66 L3·A@-74 R1ZA@-74 R2·A@-67 R3·A@-62 罐=无罐 泵=0 阀=111111 速=+0,+0,+0.00 电=8.01V/1.95A/峰3.09 补余=0.0 IO错=0 倾+0.0 自动2/3
[  294.732] TLM t= 175.8 L1·A@-74 L2·A@-65 L3·A@-74 R1ZA@-74 R2·A@-66 R3·A@-61 罐=无罐 泵=0 阀=111111 速=+0,+0,+0.00 电=7.99V/2.12A/峰3.09 补余=0.0 IO错=0 倾+0.0 自动2/3
[  294.928] EVT 吸附 R1 attached→venting 在态106.38s -74.1kPa
[  294.928] EVT 相位 R1 handover→vent 落点Δ(+0.0,+0.0)
[  294.946] EVT 阀 R1 →排气位
[  295.229] EVT 相位 R1 vent→lift
[  295.236] TLM t= 175.8 L1·A@-74 L2·A@-65 L3·A@-73 R1Lv@-74 R2·A@-66 R3·A@-61 罐=无罐 泵=0 阀=111011 速=+0,+0,+0.00 电=7.99V/2.12A/峰3.09 补余=0.0 IO错=0 倾+0.0 自动2/3
[  295.324] EVT 吸附 R1 venting→released 在态0.40s -0.0kPa
[  295.752] TLM t= 175.8 L1·A@-74 L2·A@-64 L3·A@-73 R1Lr@-- R2·A@-66 R3·A@-60 罐=无罐 泵=0 阀=111011 速=+0,+0,+0.00 电=8.01V/2.20A/峰3.09 补余=0.0 IO错=0 倾+0.0 自动2/3
[  295.969] EVT 泵 开 最差盘压-59.9
[  296.072] EVT 相位 R1 lift→transfer
[  296.264] TLM t= 175.8 L1·A@-74 L2·A@-64 L3·A@-73 R1Tr@-- R2·A@-65 R3·A@-62 罐=无罐 泵=1 阀=111011 速=+0,+0,+0.00 电=7.93V/2.44A/峰3.09 补余=0.0 IO错=0 倾+0.0 自动2/3
[  296.695] EVT 相位 R1 transfer→hover
[  296.766] TLM t= 175.8 L1·A@-74 L2·A@-75 L3·A@-75 R1Hr@-- R2·A@-75 R3·A@-75 罐=无罐 泵=1 阀=111011 速=+0,+0,+0.00 电=7.95V/2.12A/峰3.09 补余=0.0 IO错=0 倾+0.0 自动2/3
[  296.816] EVT 泵 停 最差盘压-75.1
[  297.290] TLM t= 175.8 L1·A@-76 L2·A@-76 L3·A@-76 R1Hr@-- R2·A@-75 R3·A@-75 罐=无罐 泵=0 阀=111011 速=+0,+0,+0.00 电=7.99V/2.20A/峰3.09 补余=0.0 IO错=0 倾+0.0 自动2/3
[  297.705] EVT 落地：R1
[  297.722] EVT 相位 R1 hover→descend
[  297.794] TLM t= 175.8 L1·A@-76 L2·A@-75 L3·A@-76 R1Dr@-- R2·A@-75 R3·A@-75 罐=无罐 泵=0 阀=111011 速=+0,+0,+0.00 电=7.97V/2.20A/峰3.09 补余=0.0 IO错=0 倾+0.0 自动2/3
[  298.203] EVT 相位 R1 descend→press
[  298.315] TLM t= 175.8 L1·A@-76 L2·A@-75 L3·A@-76 R1Pr@-- R2·A@-74 R3·A@-74 罐=无罐 泵=0 阀=111011 速=+0,+0,+0.00 电=7.98V/2.20A/峰3.09 补余=0.0 IO错=0 倾+0.0 自动2/3
[  298.816] TLM t= 175.8 L1·A@-75 L2·A@-74 L3·A@-76 R1Pr@-- R2·A@-74 R3·A@-73 罐=无罐 泵=0 阀=111011 速=+0,+0,+0.00 电=7.99V/2.28A/峰3.09 补余=0.0 IO错=0 倾+0.0 自动2/3
[  299.343] TLM t= 175.8 L1·A@-75 L2·A@-74 L3·A@-75 R1Pr@-- R2·A@-73 R3·A@-73 罐=无罐 泵=0 阀=111011 速=+0,+0,+0.00 电=7.98V/2.20A/峰3.09 补余=0.0 IO错=0 倾+0.0 自动2/3
[  299.416] EVT 吸附 R1 released→pressing 在态4.06s -0.0kPa
[  299.416] EVT 相位 R1 press→wait
[  299.716] EVT 吸附 R1 pressing→sucking 在态0.30s -0.0kPa
[  299.717] EVT 阀 R1 →抽气位
[  299.734] EVT 泵 开 最差盘压-72.2
[  299.844] TLM t= 175.8 L1·A@-75 L2·A@-73 L3·A@-75 R1Ws@-12 R2·A@-73 R3·A@-72 罐=无罐 泵=1 阀=111111 速=+0,+0,+0.00 电=7.96V/1.95A/峰3.09 补余=0.0 IO错=0 倾+0.0 自动2/3
[  300.057] EVT 吸附 R1 sucking→attached 在态0.34s -66.0kPa
[  300.060] EVT 相位 R1 wait→stance
[  300.060] EVT 抬落完成，轮到 L2
[  300.370] TLM t= 176.1 L1·A@-75 L2·A@-74 L3·A@-75 R1·A@-74 R2·A@-75 R3·A@-74 罐=无罐 泵=1 阀=111111 速=+0,+0,+0.00 电=7.96V/2.04A/峰3.09 补余=0.0 IO错=0 倾+0.0 自动2/3
[  300.459] EVT 泵 停 最差盘压-75.0
[  300.872] TLM t= 176.6 L1·A@-76 L2·A@-76 L3·A@-76 R1·A@-75 R2·A@-76 R3·A@-76 罐=无罐 泵=0 阀=111111 速=+0,+0,+0.00 电=8.00V/1.95A/峰3.09 补余=0.0 IO错=0 倾+0.0 自动2/3
[  301.394] TLM t= 177.1 L1·A@-76 L2·A@-76 L3·A@-76 R1·A@-75 R2·A@-75 R3·A@-75 罐=无罐 泵=0 阀=111111 速=+0,+0,+0.00 电=8.00V/2.12A/峰3.09 补余=0.0 IO错=0 倾+0.0 自动2/3
[  301.911] TLM t= 177.6 L1·A@-76 L2·A@-75 L3·A@-76 R1·A@-75 R2·A@-75 R3·A@-74 罐=无罐 泵=0 阀=111111 速=+0,+0,+0.00 电=8.00V/2.04A/峰3.09 补余=0.0 IO错=0 倾+0.0 自动2/3
[  302.422] TLM t= 178.1 L1·A@-76 L2·A@-75 L3·A@-76 R1·A@-75 R2·A@-74 R3·A@-74 罐=无罐 泵=0 阀=111111 速=+0,+0,+0.00 电=7.98V/2.36A/峰3.09 补余=0.0 IO错=0 倾+0.0 自动2/3
[  302.925] TLM t= 178.6 L1·A@-76 L2·A@-74 L3·A@-76 R1·A@-75 R2·A@-74 R3·A@-73 罐=无罐 泵=0 阀=111111 速=+0,+0,+0.00 电=8.00V/2.20A/峰3.09 补余=0.0 IO错=0 倾+0.0 自动2/3
[  303.451] TLM t= 179.2 L1·A@-76 L2·A@-74 L3·A@-76 R1·A@-75 R2·A@-74 R3·A@-73 罐=无罐 泵=0 阀=111111 速=+0,+0,+0.00 电=7.99V/2.04A/峰3.09 补余=0.0 IO错=0 倾+0.0 自动2/3
[  303.956] TLM t= 179.7 L1·A@-76 L2·A@-73 L3·A@-76 R1·A@-75 R2·A@-73 R3·A@-72 罐=无罐 泵=0 阀=111111 速=+0,+0,+0.00 电=7.99V/2.12A/峰3.09 补余=0.0 IO错=0 倾+0.0 自动2/3
[  304.476] TLM t= 180.2 L1·A@-76 L2·A@-73 L3·A@-76 R1·A@-75 R2·A@-73 R3·A@-71 罐=无罐 泵=0 阀=111111 速=+0,+0,+0.00 电=8.00V/2.04A/峰3.09 补余=0.0 IO错=0 倾+0.0 自动2/3
[  304.981] TLM t= 180.7 L1·A@-75 L2·A@-72 L3·A@-76 R1·A@-74 R2·A@-72 R3·A@-71 罐=无罐 泵=0 阀=111111 速=+0,+0,+0.00 电=7.99V/2.04A/峰3.09 补余=0.0 IO错=0 倾+0.0 自动2/3
[  305.499] TLM t= 181.2 L1·A@-75 L2·A@-72 L3·A@-76 R1·A@-74 R2·A@-72 R3·A@-70 罐=无罐 泵=0 阀=111111 速=+0,+0,+0.00 电=7.99V/2.12A/峰3.09 补余=0.0 IO错=0 倾+0.0 自动2/3
[  306.002] TLM t= 181.7 L1·A@-75 L2·A@-71 L3·A@-76 R1·A@-74 R2·A@-72 R3·A@-70 罐=无罐 泵=0 阀=111111 速=+0,+0,+0.00 电=8.00V/2.04A/峰3.09 补余=0.0 IO错=0 倾+0.0 自动2/3
[  306.523] TLM t= 182.2 L1·A@-75 L2·A@-71 L3·A@-76 R1·A@-74 R2·A@-71 R3·A@-69 罐=无罐 泵=0 阀=111111 速=+0,+0,+0.00 电=8.00V/2.04A/峰3.09 补余=0.0 IO错=0 倾+0.0 自动2/3
[  307.026] TLM t= 182.7 L1·A@-75 L2·A@-70 L3·A@-75 R1·A@-74 R2·A@-71 R3·A@-68 罐=无罐 泵=0 阀=111111 速=+0,+0,+0.00 电=8.00V/2.28A/峰3.09 补余=0.0 IO错=0 倾+0.0 自动2/3
[  307.546] TLM t= 183.2 L1·A@-75 L2·A@-70 L3·A@-75 R1·A@-74 R2·A@-70 R3·A@-68 罐=无罐 泵=0 阀=111111 速=+0,+0,+0.00 电=7.99V/2.20A/峰3.09 补余=0.0 IO错=0 倾+0.0 自动2/3
[  308.050] TLM t= 183.7 L1·A@-75 L2·A@-69 L3·A@-75 R1·A@-74 R2·A@-70 R3·A@-67 罐=无罐 泵=0 阀=111111 速=+0,+0,+0.00 电=8.00V/2.20A/峰3.09 补余=0.0 IO错=0 倾+0.0 自动2/3
[  308.570] TLM t= 184.3 L1·A@-75 L2·A@-69 L3·A@-75 R1·A@-74 R2·A@-70 R3·A@-66 罐=无罐 泵=0 阀=111111 速=+0,+0,+0.00 电=7.99V/2.04A/峰3.09 补余=0.0 IO错=0 倾+0.0 自动2/3
[  309.073] TLM t= 184.8 L1·A@-75 L2·A@-69 L3·A@-75 R1·A@-74 R2·A@-69 R3·A@-66 罐=无罐 泵=0 阀=111111 速=+0,+0,+0.00 电=8.00V/2.12A/峰3.09 补余=0.0 IO错=0 倾+0.0 自动2/3
[  309.598] TLM t= 185.3 L1·A@-75 L2·A@-68 L3·A@-75 R1·A@-74 R2·A@-69 R3·A@-65 罐=无罐 泵=0 阀=111111 速=+0,+0,+0.00 电=8.00V/2.12A/峰3.09 补余=0.0 IO错=0 倾+0.0 自动2/3
[  310.094] EVT 原地抬起受理：L2
[  310.103] TLM t= 185.8 L1·A@-75 L2·A@-68 L3·A@-75 R1·A@-74 R2·A@-69 R3·A@-65 罐=无罐 泵=0 阀=111111 速=+0,+0,+0.00 电=7.98V/1.95A/峰3.09 补余=0.0 IO错=0 倾+0.0 自动2/3
[  310.107] EVT 相位 L2 stance→handover
[  310.624] TLM t= 187.1 L1·A@-75 L2ZA@-67 L3·A@-75 R1·A@-74 R2·A@-68 R3·A@-64 罐=无罐 泵=0 阀=111111 速=+0,+0,+0.00 电=8.00V/2.12A/峰3.09 补余=0.0 IO错=0 倾+0.0 自动2/3
[  311.128] TLM t= 187.2 L1·A@-75 L2ZA@-67 L3·A@-75 R1·A@-74 R2·A@-68 R3·A@-64 罐=无罐 泵=0 阀=111111 速=+0,+0,+0.00 电=8.01V/2.12A/峰3.09 补余=0.0 IO错=0 倾+0.0 自动2/3
[  311.647] TLM t= 187.2 L1·A@-75 L2ZA@-66 L3·A@-75 R1·A@-74 R2·A@-68 R3·A@-63 罐=无罐 泵=0 阀=111111 速=+0,+0,+0.00 电=7.99V/2.36A/峰3.09 补余=0.0 IO错=0 倾+0.0 自动2/3
[  312.152] TLM t= 187.2 L1·A@-74 L2ZA@-66 L3·A@-75 R1·A@-74 R2·A@-67 R3·A@-62 罐=无罐 泵=0 阀=111111 速=+0,+0,+0.00 电=7.98V/2.20A/峰3.09 补余=0.0 IO错=0 倾+0.0 自动2/3
[  312.503] EVT 吸附 L2 attached→venting 在态106.44s -65.7kPa
[  312.503] EVT 相位 L2 handover→vent 落点Δ(+0.0,+0.0)
[  312.516] EVT 阀 L2 →排气位
[  312.675] TLM t= 187.2 L1·A@-74 L2Vv@-66 L3·A@-75 R1·A@-74 R2·A@-67 R3·A@-62 罐=无罐 泵=0 阀=101111 速=+0,+0,+0.00 电=7.97V/2.36A/峰3.09 补余=0.0 IO错=0 倾+0.0 自动2/3
[  312.806] EVT 相位 L2 vent→lift
[  312.928] EVT 吸附 L2 venting→released 在态0.42s 0.4kPa
[  313.174] TLM t= 187.2 L1·A@-74 L2Lr@-- L3·A@-75 R1·A@-74 R2·A@-66 R3·A@-61 罐=无罐 泵=0 阀=101111 速=+0,+0,+0.00 电=7.97V/2.69A/峰3.09 补余=0.0 IO错=0 倾+0.0 自动2/3
[  313.648] EVT 相位 L2 lift→transfer
[  313.698] TLM t= 187.2 L1·A@-74 L2Tr@-- L3·A@-75 R1·A@-74 R2·A@-66 R3·A@-61 罐=无罐 泵=0 阀=101111 速=+0,+0,+0.00 电=7.95V/2.77A/峰3.09 补余=0.0 IO错=0 倾+0.0 自动2/3
[  314.132] EVT 泵 开 最差盘压-60.0
[  314.203] TLM t= 187.2 L1·A@-74 L2Tr@-- L3·A@-75 R1·A@-74 R2·A@-66 R3·A@-60 罐=无罐 泵=1 阀=101111 速=+0,+0,+0.00 电=7.91V/2.60A/峰3.09 补余=0.0 IO错=0 倾+0.0 自动2/3
[  314.268] EVT 相位 L2 transfer→hover
[  314.725] TLM t= 187.2 L1·A@-74 L2Hr@-- L3·A@-75 R1·A@-74 R2·A@-73 R3·A@-72 罐=无罐 泵=1 阀=101111 速=+0,+0,+0.00 电=7.96V/2.20A/峰3.09 补余=0.0 IO错=0 倾+0.0 自动2/3
[  314.979] EVT 泵 停 最差盘压-75.3
[  315.227] TLM t= 187.2 L1·A@-76 L2Hr@-- L3·A@-77 R1·A@-76 R2·A@-76 R3·A@-76 罐=无罐 泵=0 阀=101111 速=+0,+0,+0.00 电=7.97V/2.20A/峰3.09 补余=0.0 IO错=0 倾+0.0 自动2/3
[  315.279] EVT 落地：L2
[  315.294] EVT 相位 L2 hover→descend
[  315.754] TLM t= 187.2 L1·A@-76 L2Dr@-- L3·A@-76 R1·A@-76 R2·A@-76 R3·A@-76 罐=无罐 泵=0 阀=101111 速=+0,+0,+0.00 电=7.96V/2.44A/峰3.09 补余=0.0 IO错=0 倾+0.0 自动2/3
[  315.780] EVT 相位 L2 descend→press
[  316.256] TLM t= 187.2 L1·A@-76 L2Pr@-- L3·A@-76 R1·A@-76 R2·A@-75 R3·A@-75 罐=无罐 泵=0 阀=101111 速=+0,+0,+0.00 电=7.97V/2.36A/峰3.09 补余=0.0 IO错=0 倾+0.0 自动2/3
[  316.778] TLM t= 187.2 L1·A@-76 L2Pr@-- L3·A@-76 R1·A@-76 R2·A@-75 R3·A@-74 罐=无罐 泵=0 阀=101111 速=+0,+0,+0.00 电=7.96V/2.36A/峰3.09 补余=0.0 IO错=0 倾+0.0 自动2/3
[  316.984] EVT 吸附 L2 released→pressing 在态4.04s 0.4kPa
[  316.984] EVT 相位 L2 press→wait
[  317.279] TLM t= 187.2 L1·A@-76 L2Wp@-- L3·A@-76 R1·A@-76 R2·A@-74 R3·A@-74 罐=无罐 泵=0 阀=101111 速=+0,+0,+0.00 电=7.97V/2.44A/峰3.09 补余=0.0 IO错=0 倾+0.0 自动2/3
[  317.312] EVT 吸附 L2 pressing→sucking 在态0.32s 0.4kPa
[  317.313] EVT 阀 L2 →抽气位
[  317.333] EVT 泵 开 最差盘压-73.5
[  317.608] EVT 吸附 L2 sucking→attached 在态0.30s -64.1kPa
[  317.613] EVT 相位 L2 wait→stance
[  317.613] EVT 抬落完成，轮到 R3
[  317.613] EVT 自动轮换：第 2 轮完成
[  317.802] TLM t= 187.4 L1·A@-76 L2·A@-72 L3·A@-76 R1·A@-76 R2·A@-74 R3·A@-73 罐=无罐 泵=1 阀=111111 速=+0,+0,+0.00 电=7.93V/2.28A/峰3.09 补余=0.0 IO错=0 倾+0.0 自动3/3
[  317.996] EVT 泵 停 最差盘压-75.4
[  318.304] TLM t= 187.9 L1·A@-76 L2·A@-76 L3·A@-76 R1·A@-76 R2·A@-76 R3·A@-76 罐=无罐 泵=0 阀=111111 速=+0,+0,+0.00 电=7.98V/2.44A/峰3.09 补余=0.0 IO错=0 倾+0.0 自动3/3
[  318.829] TLM t= 188.4 L1·A@-76 L2·A@-75 L3·A@-76 R1·A@-75 R2·A@-75 R3·A@-75 罐=无罐 泵=0 阀=111111 速=+0,+0,+0.00 电=7.98V/2.44A/峰3.09 补余=0.0 IO错=0 倾+0.0 自动3/3
[  319.334] TLM t= 188.9 L1·A@-76 L2·A@-75 L3·A@-76 R1·A@-75 R2·A@-75 R3·A@-75 罐=无罐 泵=0 阀=111111 速=+0,+0,+0.00 电=7.97V/2.36A/峰3.09 补余=0.0 IO错=0 倾+0.0 自动3/3
[  319.854] TLM t= 189.4 L1·A@-76 L2·A@-74 L3·A@-76 R1·A@-75 R2·A@-75 R3·A@-74 罐=无罐 泵=0 阀=111111 速=+0,+0,+0.00 电=7.98V/2.44A/峰3.09 补余=0.0 IO错=0 倾+0.0 自动3/3
[  320.361] TLM t= 189.9 L1·A@-76 L2·A@-74 L3·A@-76 R1·A@-75 R2·A@-74 R3·A@-73 罐=无罐 泵=0 阀=111111 速=+0,+0,+0.00 电=7.98V/2.52A/峰3.09 补余=0.0 IO错=0 倾+0.0 自动3/3
[  320.884] TLM t= 190.4 L1·A@-76 L2·A@-73 L3·A@-76 R1·A@-75 R2·A@-74 R3·A@-73 罐=无罐 泵=0 阀=111111 速=+0,+0,+0.00 电=7.98V/2.44A/峰3.09 补余=0.0 IO错=0 倾+0.0 自动3/3
[  321.397] TLM t= 190.9 L1·A@-76 L2·A@-73 L3·A@-76 R1·A@-75 R2·A@-73 R3·A@-72 罐=无罐 泵=0 阀=111111 速=+0,+0,+0.00 电=7.97V/2.44A/峰3.09 补余=0.0 IO错=0 倾+0.0 自动3/3
[  321.902] TLM t= 191.4 L1·A@-76 L2·A@-72 L3·A@-76 R1·A@-75 R2·A@-73 R3·A@-72 罐=无罐 泵=0 阀=111111 速=+0,+0,+0.00 电=7.98V/2.44A/峰3.09 补余=0.0 IO错=0 倾+0.0 自动3/3
[  322.425] TLM t= 192.0 L1·A@-76 L2·A@-72 L3·A@-76 R1·A@-75 R2·A@-73 R3·A@-71 罐=无罐 泵=0 阀=111111 速=+0,+0,+0.00 电=7.97V/2.36A/峰3.09 补余=0.0 IO错=0 倾+0.0 自动3/3
[  322.926] TLM t= 192.5 L1·A@-75 L2·A@-71 L3·A@-76 R1·A@-75 R2·A@-72 R3·A@-70 罐=无罐 泵=0 阀=111111 速=+0,+0,+0.00 电=7.98V/2.44A/峰3.09 补余=0.0 IO错=0 倾+0.0 自动3/3
[  323.453] TLM t= 193.0 L1·A@-75 L2·A@-71 L3·A@-76 R1·A@-75 R2·A@-72 R3·A@-70 罐=无罐 泵=0 阀=111111 速=+0,+0,+0.00 电=7.97V/2.36A/峰3.09 补余=0.0 IO错=0 倾+0.0 自动3/3
[  323.951] TLM t= 193.5 L1·A@-75 L2·A@-70 L3·A@-76 R1·A@-75 R2·A@-71 R3·A@-69 罐=无罐 泵=0 阀=111111 速=+0,+0,+0.00 电=7.99V/2.44A/峰3.09 补余=0.0 IO错=0 倾+0.0 自动3/3
[  324.475] TLM t= 194.0 L1·A@-75 L2·A@-70 L3·A@-75 R1·A@-75 R2·A@-71 R3·A@-68 罐=无罐 泵=0 阀=111111 速=+0,+0,+0.00 电=7.98V/2.36A/峰3.09 补余=0.0 IO错=0 倾+0.0 自动3/3
[  324.976] TLM t= 194.5 L1·A@-75 L2·A@-70 L3·A@-75 R1·A@-75 R2·A@-71 R3·A@-68 罐=无罐 泵=0 阀=111111 速=+0,+0,+0.00 电=7.98V/2.28A/峰3.09 补余=0.0 IO错=0 倾+0.0 自动3/3
[  325.500] TLM t= 195.0 L1·A@-75 L2·A@-69 L3·A@-75 R1·A@-75 R2·A@-70 R3·A@-67 罐=无罐 泵=0 阀=111111 速=+0,+0,+0.00 电=7.97V/2.44A/峰3.09 补余=0.0 IO错=0 倾+0.0 自动3/3
[  326.003] TLM t= 195.5 L1·A@-75 L2·A@-69 L3·A@-75 R1·A@-75 R2·A@-70 R3·A@-67 罐=无罐 泵=0 阀=111111 速=+0,+0,+0.00 电=7.99V/2.52A/峰3.09 补余=0.0 IO错=0 倾+0.0 自动3/3
[  326.499] TLM t= 196.0 L1·A@-75 L2·A@-68 L3·A@-75 R1·A@-75 R2·A@-70 R3·A@-66 罐=无罐 泵=0 阀=111111 速=+0,+0,+0.00 电=7.97V/2.28A/峰3.09 补余=0.0 IO错=0 倾+0.0 自动3/3
[  327.011] TLM t= 196.5 L1·A@-75 L2·A@-68 L3·A@-75 R1·A@-75 R2·A@-69 R3·A@-65 罐=无罐 泵=0 阀=111111 速=+0,+0,+0.00 电=7.98V/2.36A/峰3.09 补余=0.0 IO错=0 倾+0.0 自动3/3
[  327.517] TLM t= 197.0 L1·A@-75 L2·A@-67 L3·A@-75 R1·A@-75 R2·A@-69 R3·A@-65 罐=无罐 泵=0 阀=111111 速=+0,+0,+0.00 电=7.97V/2.44A/峰3.09 补余=0.0 IO错=0 倾+0.0 自动3/3
[  328.033] TLM t= 197.5 L1·A@-75 L2·A@-67 L3·A@-75 R1·A@-75 R2·A@-69 R3·A@-64 罐=无罐 泵=0 阀=111111 速=+0,+0,+0.00 电=7.98V/2.28A/峰3.09 补余=0.0 IO错=0 倾+0.0 自动3/3
[  328.536] TLM t= 198.0 L1·A@-75 L2·A@-67 L3·A@-75 R1·A@-75 R2·A@-68 R3·A@-64 罐=无罐 泵=0 阀=111111 速=+0,+0,+0.00 电=7.96V/2.36A/峰3.09 补余=0.0 IO错=0 倾+0.0 自动3/3
[  329.058] TLM t= 198.6 L1·A@-75 L2·A@-66 L3·A@-75 R1·A@-75 R2·A@-68 R3·A@-63 罐=无罐 泵=0 阀=111111 速=+0,+0,+0.00 电=7.97V/2.44A/峰3.09 补余=0.0 IO错=0 倾+0.0 自动3/3
[  329.561] TLM t= 199.1 L1·A@-75 L2·A@-66 L3·A@-75 R1·A@-75 R2·A@-67 R3·A@-63 罐=无罐 泵=0 阀=111111 速=+0,+0,+0.00 电=7.97V/2.36A/峰3.09 补余=0.0 IO错=0 倾+0.0 自动3/3
[  330.083] TLM t= 199.6 L1·A@-75 L2·A@-65 L3·A@-75 R1·A@-75 R2·A@-67 R3·A@-62 罐=无罐 泵=0 阀=111111 速=+0,+0,+0.00 电=7.97V/2.28A/峰3.09 补余=0.0 IO错=0 倾+0.0 自动3/3
[  330.586] TLM t= 200.1 L1·A@-74 L2·A@-65 L3·A@-75 R1·A@-75 R2·A@-67 R3·A@-61 罐=无罐 泵=0 阀=111111 速=+0,+0,+0.00 电=7.98V/2.44A/峰3.09 补余=0.0 IO错=0 倾+0.0 自动3/3
[  331.106] TLM t= 200.6 L1·A@-74 L2·A@-64 L3·A@-75 R1·A@-74 R2·A@-66 R3·A@-61 罐=无罐 泵=0 阀=111111 速=+0,+0,+0.00 电=7.98V/2.44A/峰3.09 补余=0.0 IO错=0 倾+0.0 自动3/3
[  331.614] TLM t= 201.1 L1·A@-74 L2·A@-64 L3·A@-75 R1·A@-74 R2·A@-66 R3·A@-60 罐=无罐 泵=0 阀=111111 速=+0,+0,+0.00 电=7.97V/2.44A/峰3.09 补余=0.0 IO错=0 倾+0.0 自动3/3
[  331.823] EVT 泵 开 最差盘压-60.0
[  332.137] TLM t= 201.6 L1·A@-74 L2·A@-65 L3·A@-75 R1·A@-74 R2·A@-66 R3·A@-65 罐=无罐 泵=1 阀=111111 速=+0,+0,+0.00 电=7.96V/2.12A/峰3.09 补余=0.0 IO错=0 倾+0.0 自动3/3
[  332.631] EVT 自动轮换：第 3 轮开始
[  332.642] TLM t= 202.1 L1·A@-75 L2·A@-75 L3·A@-75 R1·A@-74 R2·A@-76 R3·A@-75 罐=无罐 泵=1 阀=111111 速=+0,+0,+0.00 电=7.97V/2.44A/峰3.09 补余=0.0 IO错=0 倾+0.0 自动3/3
[  332.644] EVT 原地抬起受理：R3
[  332.671] EVT 相位 R3 stance→handover
[  332.732] EVT 泵 停 最差盘压-75.3
[  333.160] TLM t= 205.7 L1·A@-76 L2·A@-76 L3·A@-77 R1·A@-76 R2·A@-76 R3ZA@-76 罐=无罐 泵=0 阀=111111 速=+0,+0,+0.00 电=8.01V/1.95A/峰3.09 补余=0.0 IO错=0 倾+0.0 自动3/3
[  333.663] TLM t= 205.8 L1·A@-76 L2·A@-76 L3·A@-76 R1·A@-76 R2·A@-75 R3ZA@-75 罐=无罐 泵=0 阀=111111 速=+0,+0,+0.00 电=8.01V/2.04A/峰3.09 补余=0.0 IO错=0 倾+0.0 自动3/3
[  334.183] TLM t= 205.8 L1·A@-76 L2·A@-75 L3·A@-76 R1·A@-76 R2·A@-75 R3ZA@-75 罐=无罐 泵=0 阀=111111 速=+0,+0,+0.00 电=8.00V/1.79A/峰3.09 补余=0.0 IO错=0 倾+0.0 自动3/3
[  334.687] TLM t= 205.8 L1·A@-76 L2·A@-75 L3·A@-76 R1·A@-76 R2·A@-75 R3ZA@-74 罐=无罐 泵=0 阀=111111 速=+0,+0,+0.00 电=8.01V/1.87A/峰3.09 补余=0.0 IO错=0 倾+0.0 自动3/3
[  334.858] EVT 吸附 R3 attached→venting 在态106.40s -73.9kPa
[  334.858] EVT 相位 R3 handover→vent 落点Δ(+0.0,+0.0)
[  334.871] EVT 阀 R3 →排气位
[  335.159] EVT 相位 R3 vent→lift
[  335.206] TLM t= 205.8 L1·A@-76 L2·A@-74 L3·A@-76 R1·A@-76 R2·A@-74 R3Lv@-74 罐=无罐 泵=0 阀=111110 速=+0,+0,+0.00 电=7.97V/2.04A/峰3.09 补余=0.0 IO错=0 倾+0.0 自动3/3
[  335.294] EVT 吸附 R3 venting→released 在态0.44s 0.2kPa
[  335.709] TLM t= 205.8 L1·A@-76 L2·A@-74 L3·A@-76 R1·A@-76 R2·A@-74 R3Lr@-- 罐=无罐 泵=0 阀=111110 速=+0,+0,+0.00 电=7.98V/2.04A/峰3.09 补余=0.0 IO错=0 倾+0.0 自动3/3
[  336.001] EVT 相位 R3 lift→transfer
[  336.230] TLM t= 205.8 L1·A@-76 L2·A@-73 L3·A@-76 R1·A@-76 R2·A@-73 R3Tr@-- 罐=无罐 泵=0 阀=111110 速=+0,+0,+0.00 电=7.97V/2.36A/峰3.09 补余=0.0 IO错=0 倾+0.0 自动3/3
[  336.619] EVT 相位 R3 transfer→hover
[  336.737] TLM t= 205.8 L1·A@-76 L2·A@-73 L3·A@-76 R1·A@-76 R2·A@-73 R3Hr@-- 罐=无罐 泵=0 阀=111110 速=+0,+0,+0.00 电=7.98V/2.20A/峰3.09 补余=0.0 IO错=0 倾+0.0 自动3/3
[  337.257] TLM t= 205.8 L1·A@-76 L2·A@-72 L3·A@-76 R1·A@-76 R2·A@-73 R3Hr@-- 罐=无罐 泵=0 阀=111110 速=+0,+0,+0.00 电=8.00V/1.87A/峰3.09 补余=0.0 IO错=0 倾+0.0 自动3/3
[  337.631] EVT 落地：R3
[  337.644] EVT 相位 R3 hover→descend
[  337.762] TLM t= 205.8 L1·A@-76 L2·A@-72 L3·A@-76 R1·A@-76 R2·A@-72 R3Dr@-- 罐=无罐 泵=0 阀=111110 速=+0,+0,+0.00 电=7.99V/2.04A/峰3.09 补余=0.0 IO错=0 倾+0.0 自动3/3
[  338.125] EVT 相位 R3 descend→press
[  338.278] TLM t= 205.8 L1·A@-76 L2·A@-72 L3·A@-76 R1·A@-75 R2·A@-72 R3Pr@-- 罐=无罐 泵=0 阀=111110 速=+0,+0,+0.00 电=7.98V/2.12A/峰3.09 补余=0.0 IO错=0 倾+0.0 自动3/3
[  338.782] TLM t= 205.8 L1·A@-76 L2·A@-71 L3·A@-76 R1·A@-75 R2·A@-71 R3Pr@-- 罐=无罐 泵=0 阀=111110 速=+0,+0,+0.00 电=7.98V/2.12A/峰3.09 补余=0.0 IO错=0 倾+0.0 自动3/3
[  339.301] TLM t= 205.8 L1·A@-75 L2·A@-71 L3·A@-76 R1·A@-75 R2·A@-71 R3Pr@-- 罐=无罐 泵=0 阀=111110 速=+0,+0,+0.00 电=7.97V/2.28A/峰3.09 补余=0.0 IO错=0 倾+0.0 自动3/3
[  339.328] EVT 吸附 R3 released→pressing 在态4.02s 0.2kPa
[  339.328] EVT 相位 R3 press→wait
[  339.654] EVT 吸附 R3 pressing→sucking 在态0.32s 0.2kPa
[  339.654] EVT 阀 R3 →抽气位
[  339.677] EVT 泵 开 最差盘压-70.4
[  339.806] TLM t= 205.8 L1·A@-75 L2·A@-70 L3·A@-76 R1·A@-75 R2·A@-71 R3Ws@-35 罐=无罐 泵=1 阀=111111 速=+0,+0,+0.00 电=7.95V/1.95A/峰3.09 补余=0.0 IO错=0 倾+0.0 自动3/3
[  339.977] EVT 吸附 R3 sucking→attached 在态0.32s -61.3kPa
[  339.978] EVT 相位 R3 wait→stance
[  339.978] EVT 抬落完成，轮到 L1
[  340.325] TLM t= 206.1 L1·A@-75 L2·A@-74 L3·A@-76 R1·A@-75 R2·A@-73 R3·A@-73 罐=无罐 泵=1 阀=111111 速=+0,+0,+0.00 电=7.91V/2.20A/峰3.09 补余=0.0 IO错=0 倾+0.0 自动3/3
[  340.459] EVT 泵 停 最差盘压-75.1
[  340.828] TLM t= 206.6 L1·A@-76 L2·A@-76 L3·A@-76 R1·A@-75 R2·A@-76 R3·A@-76 罐=无罐 泵=0 阀=111111 速=+0,+0,+0.00 电=8.00V/2.04A/峰3.09 补余=0.0 IO错=0 倾+0.0 自动3/3
[  341.348] TLM t= 207.2 L1·A@-76 L2·A@-76 L3·A@-76 R1·A@-75 R2·A@-75 R3·A@-75 罐=无罐 泵=0 阀=111111 速=+0,+0,+0.00 电=7.98V/2.04A/峰3.09 补余=0.0 IO错=0 倾+0.0 自动3/3
[  341.853] TLM t= 207.7 L1·A@-76 L2·A@-75 L3·A@-76 R1·A@-75 R2·A@-75 R3·A@-74 罐=无罐 泵=0 阀=111111 速=+0,+0,+0.00 电=7.99V/2.12A/峰3.09 补余=0.0 IO错=0 倾+0.0 自动3/3
[  342.379] TLM t= 208.2 L1·A@-76 L2·A@-75 L3·A@-76 R1·A@-75 R2·A@-74 R3·A@-74 罐=无罐 泵=0 阀=111111 速=+0,+0,+0.00 电=8.00V/2.04A/峰3.09 补余=0.0 IO错=0 倾+0.0 自动3/3
[  342.880] TLM t= 208.7 L1·A@-76 L2·A@-74 L3·A@-76 R1·A@-75 R2·A@-74 R3·A@-73 罐=无罐 泵=0 阀=111111 速=+0,+0,+0.00 电=7.97V/2.12A/峰3.09 补余=0.0 IO错=0 倾+0.0 自动3/3
[  343.402] TLM t= 209.2 L1·A@-76 L2·A@-74 L3·A@-76 R1·A@-75 R2·A@-73 R3·A@-72 罐=无罐 泵=0 阀=111111 速=+0,+0,+0.00 电=7.97V/1.87A/峰3.09 补余=0.0 IO错=0 倾+0.0 自动3/3
[  343.908] TLM t= 209.7 L1·A@-76 L2·A@-73 L3·A@-76 R1·A@-75 R2·A@-73 R3·A@-72 罐=无罐 泵=0 阀=111111 速=+0,+0,+0.00 电=7.97V/2.12A/峰3.09 补余=0.0 IO错=0 倾+0.0 自动3/3
[  344.425] TLM t= 210.2 L1·A@-75 L2·A@-73 L3·A@-76 R1·A@-75 R2·A@-73 R3·A@-71 罐=无罐 泵=0 阀=111111 速=+0,+0,+0.00 电=7.98V/2.04A/峰3.09 补余=0.0 IO错=0 倾+0.0 自动3/3
[  344.927] TLM t= 210.7 L1·A@-75 L2·A@-72 L3·A@-76 R1·A@-75 R2·A@-72 R3·A@-70 罐=无罐 泵=0 阀=111111 速=+0,+0,+0.00 电=7.98V/2.12A/峰3.09 补余=0.0 IO错=0 倾+0.0 自动3/3
[  345.446] TLM t= 211.2 L1·A@-75 L2·A@-72 L3·A@-75 R1·A@-75 R2·A@-72 R3·A@-70 罐=无罐 泵=0 阀=111111 速=+0,+0,+0.00 电=7.99V/1.95A/峰3.09 补余=0.0 IO错=0 倾+0.0 自动3/3
[  345.951] TLM t= 211.7 L1·A@-75 L2·A@-71 L3·A@-75 R1·A@-75 R2·A@-72 R3·A@-69 罐=无罐 泵=0 阀=111111 速=+0,+0,+0.00 电=7.97V/2.12A/峰3.09 补余=0.0 IO错=0 倾+0.0 自动3/3
[  346.471] TLM t= 212.3 L1·A@-75 L2·A@-71 L3·A@-75 R1·A@-75 R2·A@-71 R3·A@-68 罐=无罐 泵=0 阀=111111 速=+0,+0,+0.00 电=8.00V/1.95A/峰3.09 补余=0.0 IO错=0 倾+0.0 自动3/3
[  346.977] TLM t= 212.8 L1·A@-75 L2·A@-70 L3·A@-75 R1·A@-75 R2·A@-71 R3·A@-68 罐=无罐 泵=0 阀=111111 速=+0,+0,+0.00 电=7.98V/2.12A/峰3.09 补余=0.0 IO错=0 倾+0.0 自动3/3
[  347.494] TLM t= 213.3 L1·A@-75 L2·A@-70 L3·A@-75 R1·A@-75 R2·A@-70 R3·A@-67 罐=无罐 泵=0 阀=111111 速=+0,+0,+0.00 电=7.98V/1.95A/峰3.09 补余=0.0 IO错=0 倾+0.0 自动3/3
[  348.013] TLM t= 213.8 L1·A@-75 L2·A@-70 L3·A@-75 R1·A@-75 R2·A@-70 R3·A@-67 罐=无罐 泵=0 阀=111111 速=+0,+0,+0.00 电=7.99V/2.12A/峰3.09 补余=0.0 IO错=0 倾+0.0 自动3/3
[  348.514] TLM t= 214.3 L1·A@-75 L2·A@-69 L3·A@-75 R1·A@-75 R2·A@-70 R3·A@-66 罐=无罐 泵=0 阀=111111 速=+0,+0,+0.00 电=7.97V/2.12A/峰3.09 补余=0.0 IO错=0 倾+0.0 自动3/3
[  349.039] TLM t= 214.8 L1·A@-75 L2·A@-69 L3·A@-75 R1·A@-75 R2·A@-69 R3·A@-65 罐=无罐 泵=0 阀=111111 速=+0,+0,+0.00 电=7.99V/2.04A/峰3.09 补余=0.0 IO错=0 倾+0.0 自动3/3
[  349.541] TLM t= 215.3 L1·A@-75 L2·A@-68 L3·A@-75 R1·A@-75 R2·A@-69 R3·A@-65 罐=无罐 泵=0 阀=111111 速=+0,+0,+0.00 电=7.98V/2.04A/峰3.09 补余=0.0 IO错=0 倾+0.0 自动3/3
[  350.016] EVT 原地抬起受理：L1
[  350.028] EVT 相位 L1 stance→handover
[  350.064] TLM t= 216.6 L1ZA@-75 L2·A@-68 L3·A@-75 R1·A@-75 R2·A@-68 R3·A@-64 罐=无罐 泵=0 阀=111111 速=+0,+0,+0.00 电=7.99V/2.04A/峰3.09 补余=0.0 IO错=0 倾+0.0 自动3/3
[  350.564] TLM t= 217.1 L1ZA@-75 L2·A@-67 L3·A@-75 R1·A@-75 R2·A@-68 R3·A@-63 罐=无罐 泵=0 阀=111111 速=+0,+0,+0.00 电=8.02V/1.55A/峰3.09 补余=0.0 IO错=0 倾+0.0 自动3/3
[  351.093] TLM t= 217.2 L1ZA@-75 L2·A@-67 L3·A@-75 R1·A@-75 R2·A@-68 R3·A@-63 罐=无罐 泵=0 阀=111111 速=+0,+0,+0.00 电=8.01V/1.71A/峰3.09 补余=0.0 IO错=0 倾+0.0 自动3/3
[  351.593] TLM t= 217.2 L1ZA@-74 L2·A@-67 L3·A@-75 R1·A@-75 R2·A@-67 R3·A@-62 罐=无罐 泵=0 阀=111111 速=+0,+0,+0.00 电=8.00V/1.63A/峰3.09 补余=0.0 IO错=0 倾+0.0 自动3/3
[  352.116] TLM t= 217.2 L1ZA@-74 L2·A@-66 L3·A@-75 R1·A@-74 R2·A@-67 R3·A@-62 罐=无罐 泵=0 阀=111111 速=+0,+0,+0.00 电=8.00V/1.87A/峰3.09 补余=0.0 IO错=0 倾+0.0 自动3/3
[  352.617] TLM t= 217.2 L1ZA@-74 L2·A@-66 L3·A@-75 R1·A@-75 R2·A@-67 R3·A@-61 罐=无罐 泵=0 阀=111111 速=+0,+0,+0.00 电=7.99V/2.04A/峰3.09 补余=0.0 IO错=0 倾+0.0 自动3/3
[  353.134] EVT 吸附 L1 attached→venting 在态106.32s -74.2kPa
[  353.134] EVT 相位 L1 handover→vent 落点Δ(+0.0,+0.0)
[  353.143] TLM t= 217.2 L1Vv@-74 L2·A@-65 L3·A@-75 R1·A@-74 R2·A@-66 R3·A@-61 罐=无罐 泵=0 阀=111111 速=+0,+0,+0.00 电=7.98V/2.20A/峰3.09 补余=0.0 IO错=0 倾+0.0 自动3/3
[  353.154] EVT 阀 L1 →排气位
[  353.432] EVT 相位 L1 vent→lift
[  353.555] EVT 吸附 L1 venting→released 在态0.42s 0.1kPa
[  353.575] EVT 泵 开 最差盘压-59.9
[  353.643] TLM t= 217.2 L1Lr@-- L2·A@-65 L3·A@-75 R1·A@-74 R2·A@-66 R3·A@-60 罐=无罐 泵=1 阀=011111 速=+0,+0,+0.00 电=7.88V/2.69A/峰3.09 补余=0.0 IO错=0 倾+0.0 自动3/3
[  354.165] TLM t= 217.2 L1Lr@-- L2·A@-72 L3·A@-75 R1·A@-74 R2·A@-72 R3·A@-72 罐=无罐 泵=1 阀=011111 速=+0,+0,+0.00 电=7.92V/2.44A/峰3.09 补余=0.0 IO错=0 倾+0.0 自动3/3
[  354.275] EVT 相位 L1 lift→transfer
[  354.478] EVT 泵 停 最差盘压-75.4
[  354.668] TLM t= 217.2 L1Tr@-- L2·A@-77 L3·A@-77 R1·A@-76 R2·A@-76 R3·A@-76 罐=无罐 泵=0 阀=011111 速=+0,+0,+0.00 电=7.96V/2.28A/峰3.09 补余=0.0 IO错=0 倾+0.0 自动3/3
[  354.901] EVT 相位 L1 transfer→hover
[  355.187] TLM t= 217.2 L1Hr@-- L2·A@-76 L3·A@-77 R1·A@-76 R2·A@-76 R3·A@-76 罐=无罐 泵=0 阀=011111 速=+0,+0,+0.00 电=7.96V/2.44A/峰3.09 补余=0.0 IO错=0 倾+0.0 自动3/3
[  355.693] TLM t= 217.2 L1Hr@-- L2·A@-76 L3·A@-76 R1·A@-76 R2·A@-75 R3·A@-75 罐=无罐 泵=0 阀=011111 速=+0,+0,+0.00 电=7.98V/2.36A/峰3.09 补余=0.0 IO错=0 倾+0.0 自动3/3
[  355.904] EVT 落地：L1
[  355.927] EVT 相位 L1 hover→descend
[  356.214] TLM t= 217.2 L1Dr@-- L2·A@-75 L3·A@-76 R1·A@-76 R2·A@-75 R3·A@-74 罐=无罐 泵=0 阀=011111 速=+0,+0,+0.00 电=7.96V/2.44A/峰3.09 补余=0.0 IO错=0 倾+0.0 自动3/3
[  356.408] EVT 相位 L1 descend→press
[  356.718] TLM t= 217.2 L1Pr@-- L2·A@-75 L3·A@-76 R1·A@-76 R2·A@-75 R3·A@-74 罐=无罐 泵=0 阀=011111 速=+0,+0,+0.00 电=7.97V/2.28A/峰3.09 补余=0.0 IO错=0 倾+0.0 自动3/3
[  357.240] TLM t= 217.2 L1Pr@-- L2·A@-74 L3·A@-76 R1·A@-76 R2·A@-74 R3·A@-73 罐=无罐 泵=0 阀=011111 速=+0,+0,+0.00 电=7.97V/2.20A/峰3.09 补余=0.0 IO错=0 倾+0.0 自动3/3
[  357.613] EVT 吸附 L1 released→pressing 在态4.04s 0.1kPa
[  357.614] EVT 相位 L1 press→wait
[  357.742] TLM t= 217.2 L1Wp@-- L2·A@-74 L3·A@-76 R1·A@-76 R2·A@-74 R3·A@-72 罐=无罐 泵=0 阀=011111 速=+0,+0,+0.00 电=7.96V/2.36A/峰3.09 补余=0.0 IO错=0 倾+0.0 自动3/3
[  357.927] EVT 吸附 L1 pressing→sucking 在态0.32s 0.1kPa
[  357.928] EVT 阀 L1 →抽气位
[  357.956] EVT 泵 开 最差盘压-72.1
[  358.265] TLM t= 217.2 L1Ws@-63 L2·A@-73 L3·A@-76 R1·A@-76 R2·A@-73 R3·A@-72 罐=无罐 泵=1 阀=111111 速=+0,+0,+0.00 电=7.91V/2.04A/峰3.09 补余=0.0 IO错=0 倾+0.0 自动3/3
[  358.349] EVT 吸附 L1 sucking→attached 在态0.42s -66.1kPa
[  358.349] EVT 相位 L1 wait→stance
[  358.349] EVT 抬落完成，轮到 R2
[  358.738] EVT 泵 停 最差盘压-75.4
[  358.767] TLM t= 217.6 L1·A@-76 L2·A@-76 L3·A@-76 R1·A@-76 R2·A@-76 R3·A@-76 罐=无罐 泵=0 阀=111111 速=+0,+0,+0.00 电=7.98V/2.12A/峰3.09 补余=0.0 IO错=0 倾+0.0 自动3/3
[  359.291] TLM t= 218.1 L1·A@-76 L2·A@-76 L3·A@-76 R1·A@-76 R2·A@-76 R3·A@-76 罐=无罐 泵=0 阀=111111 速=+0,+0,+0.00 电=7.98V/2.20A/峰3.09 补余=0.0 IO错=0 倾+0.0 自动3/3
[  359.793] TLM t= 218.6 L1·A@-76 L2·A@-76 L3·A@-76 R1·A@-76 R2·A@-75 R3·A@-75 罐=无罐 泵=0 阀=111111 速=+0,+0,+0.00 电=7.97V/2.28A/峰3.09 补余=0.0 IO错=0 倾+0.0 自动3/3
[  360.318] TLM t= 219.1 L1·A@-76 L2·A@-75 L3·A@-76 R1·A@-75 R2·A@-75 R3·A@-74 罐=无罐 泵=0 阀=111111 速=+0,+0,+0.00 电=7.97V/2.20A/峰3.09 补余=0.0 IO错=0 倾+0.0 自动3/3
[  360.816] TLM t= 219.6 L1·A@-75 L2·A@-75 L3·A@-76 R1·A@-75 R2·A@-74 R3·A@-74 罐=无罐 泵=0 阀=111111 速=+0,+0,+0.00 电=7.98V/2.20A/峰3.09 补余=0.0 IO错=0 倾+0.0 自动3/3
[  361.343] TLM t= 220.2 L1·A@-75 L2·A@-74 L3·A@-76 R1·A@-75 R2·A@-74 R3·A@-73 罐=无罐 泵=0 阀=111111 速=+0,+0,+0.00 电=7.96V/2.04A/峰3.09 补余=0.0 IO错=0 倾+0.0 自动3/3
[  361.843] TLM t= 220.7 L1·A@-75 L2·A@-74 L3·A@-76 R1·A@-75 R2·A@-74 R3·A@-72 罐=无罐 泵=0 阀=111111 速=+0,+0,+0.00 电=7.98V/2.28A/峰3.09 补余=0.0 IO错=0 倾+0.0 自动3/3
[  362.366] TLM t= 221.2 L1·A@-75 L2·A@-73 L3·A@-76 R1·A@-75 R2·A@-73 R3·A@-72 罐=无罐 泵=0 阀=111111 速=+0,+0,+0.00 电=7.96V/2.36A/峰3.09 补余=0.0 IO错=0 倾+0.0 自动3/3
[  362.869] TLM t= 221.7 L1·A@-75 L2·A@-73 L3·A@-76 R1·A@-75 R2·A@-73 R3·A@-71 罐=无罐 泵=0 阀=111111 速=+0,+0,+0.00 电=7.99V/2.20A/峰3.09 补余=0.0 IO错=0 倾+0.0 自动3/3
[  363.393] TLM t= 222.2 L1·A@-75 L2·A@-72 L3·A@-76 R1·A@-75 R2·A@-72 R3·A@-71 罐=无罐 泵=0 阀=111111 速=+0,+0,+0.00 电=7.97V/2.28A/峰3.09 补余=0.0 IO错=0 倾+0.0 自动3/3
[  363.894] TLM t= 222.7 L1·A@-75 L2·A@-72 L3·A@-75 R1·A@-75 R2·A@-72 R3·A@-70 罐=无罐 泵=0 阀=111111 速=+0,+0,+0.00 电=7.98V/2.12A/峰3.09 补余=0.0 IO错=0 倾+0.0 自动3/3
[  364.419] TLM t= 223.2 L1·A@-74 L2·A@-71 L3·A@-75 R1·A@-75 R2·A@-72 R3·A@-69 罐=无罐 泵=0 阀=111111 速=+0,+0,+0.00 电=7.95V/2.12A/峰3.09 补余=0.0 IO错=0 倾+0.0 自动3/3
[  364.921] TLM t= 223.7 L1·A@-74 L2·A@-71 L3·A@-75 R1·A@-75 R2·A@-71 R3·A@-69 罐=无罐 泵=0 阀=111111 速=+0,+0,+0.00 电=7.97V/2.36A/峰3.09 补余=0.0 IO错=0 倾+0.0 自动3/3
[  365.443] TLM t= 224.2 L1·A@-74 L2·A@-71 L3·A@-75 R1·A@-75 R2·A@-71 R3·A@-68 罐=无罐 泵=0 阀=111111 速=+0,+0,+0.00 电=7.97V/2.28A/峰3.09 补余=0.0 IO错=0 倾+0.0 自动3/3
[  365.945] TLM t= 224.7 L1·A@-74 L2·A@-70 L3·A@-75 R1·A@-75 R2·A@-70 R3·A@-68 罐=无罐 泵=0 阀=111111 速=+0,+0,+0.00 电=7.97V/2.28A/峰3.09 补余=0.0 IO错=0 倾+0.0 自动3/3
[  366.468] TLM t= 225.3 L1·A@-74 L2·A@-70 L3·A@-75 R1·A@-75 R2·A@-70 R3·A@-67 罐=无罐 泵=0 阀=111111 速=+0,+0,+0.00 电=7.96V/2.04A/峰3.09 补余=0.0 IO错=0 倾+0.0 自动3/3
[  366.973] TLM t= 225.8 L1·A@-74 L2·A@-69 L3·A@-75 R1·A@-75 R2·A@-70 R3·A@-66 罐=无罐 泵=0 阀=111111 速=+0,+0,+0.00 电=7.96V/2.20A/峰3.09 补余=0.0 IO错=0 倾+0.0 自动3/3
[  367.497] TLM t= 226.3 L1·A@-74 L2·A@-69 L3·A@-75 R1·A@-75 R2·A@-69 R3·A@-66 罐=无罐 泵=0 阀=111111 速=+0,+0,+0.00 电=7.99V/2.12A/峰3.09 补余=0.0 IO错=0 倾+0.0 自动3/3
[  368.001] TLM t= 226.8 L1·A@-74 L2·A@-68 L3·A@-75 R1·A@-75 R2·A@-69 R3·A@-65 罐=无罐 泵=0 阀=111111 速=+0,+0,+0.00 电=7.98V/2.28A/峰3.09 补余=0.0 IO错=0 倾+0.0 自动3/3
[  368.368] EVT 原地抬起受理：R2
[  368.395] EVT 相位 R2 stance→handover
[  368.528] TLM t= 228.1 L1·A@-74 L2·A@-68 L3·A@-75 R1·A@-75 R2ZA@-69 R3·A@-65 罐=无罐 泵=0 阀=111111 速=+0,+0,+0.00 电=7.98V/2.12A/峰3.09 补余=0.0 IO错=0 倾+0.0 自动3/3
[  369.026] TLM t= 228.6 L1·A@-74 L2·A@-68 L3·A@-75 R1·A@-75 R2ZA@-68 R3·A@-64 罐=无罐 泵=0 阀=111111 速=+0,+0,+0.00 电=7.98V/2.28A/峰3.09 补余=0.0 IO错=0 倾+0.0 自动3/3
[  369.554] TLM t= 228.6 L1·A@-74 L2·A@-67 L3·A@-75 R1·A@-75 R2ZA@-68 R3·A@-63 罐=无罐 泵=0 阀=111111 速=+0,+0,+0.00 电=7.97V/2.20A/峰3.09 补余=0.0 IO错=0 倾+0.0 自动3/3
[  370.054] TLM t= 228.6 L1·A@-74 L2·A@-67 L3·A@-75 R1·A@-75 R2ZA@-68 R3·A@-63 罐=无罐 泵=0 阀=111111 速=+0,+0,+0.00 电=7.96V/2.20A/峰3.09 补余=0.0 IO错=0 倾+0.0 自动3/3
[  370.575] TLM t= 228.6 L1·A@-73 L2·A@-66 L3·A@-75 R1·A@-75 R2ZA@-67 R3·A@-62 罐=无罐 泵=0 阀=111111 速=+0,+0,+0.00 电=7.97V/1.95A/峰3.09 补余=0.0 IO错=0 倾+0.0 自动3/3
[  370.588] EVT 吸附 R2 attached→venting 在态106.44s -67.1kPa
[  370.589] EVT 相位 R2 handover→vent 落点Δ(+0.0,+0.0)
[  370.601] EVT 阀 R2 →排气位
[  370.889] EVT 相位 R2 vent→lift
[  371.024] EVT 吸附 R2 venting→released 在态0.44s 0.0kPa
[  371.080] TLM t= 228.6 L1·A@-73 L2·A@-66 L3·A@-75 R1·A@-75 R2Lr@-- R3·A@-62 罐=无罐 泵=0 阀=111101 速=+0,+0,+0.00 电=7.96V/2.28A/峰3.09 补余=0.0 IO错=0 倾+0.0 自动3/3
[  371.599] TLM t= 228.6 L1·A@-73 L2·A@-66 L3·A@-75 R1·A@-75 R2Lr@-- R3·A@-61 罐=无罐 泵=0 阀=111101 速=+0,+0,+0.00 电=7.94V/2.52A/峰3.09 补余=0.0 IO错=0 倾+0.0 自动3/3
[  371.735] EVT 相位 R2 lift→transfer
[  372.105] TLM t= 228.6 L1·A@-73 L2·A@-65 L3·A@-75 R1·A@-75 R2Tr@-- R3·A@-60 罐=无罐 泵=0 阀=111101 速=+0,+0,+0.00 电=7.96V/2.28A/峰3.09 补余=0.0 IO错=0 倾+0.0 自动3/3
[  372.351] EVT 相位 R2 transfer→hover
[  372.459] EVT 泵 开 最差盘压-60.0
[  372.630] TLM t= 228.6 L1·A@-73 L2·A@-65 L3·A@-75 R1·A@-75 R2Hr@-- R3·A@-60 罐=无罐 泵=1 阀=111101 速=+0,+0,+0.00 电=7.91V/2.20A/峰3.09 补余=0.0 IO错=0 倾+0.0 自动3/3
[  373.132] TLM t= 228.6 L1·A@-73 L2·A@-74 L3·A@-75 R1·A@-75 R2Hr@-- R3·A@-74 罐=无罐 泵=1 阀=111101 速=+0,+0,+0.00 电=7.88V/2.36A/峰3.09 补余=0.0 IO错=0 倾+0.0 自动3/3
[  373.365] EVT 泵 停 最差盘压-75.5
[  373.365] EVT 落地：R2
[  373.378] EVT 相位 R2 hover→descend
[  373.651] TLM t= 228.6 L1·A@-77 L2·A@-77 L3·A@-77 R1·A@-76 R2Dr@-- R3·A@-76 罐=无罐 泵=0 阀=111101 速=+0,+0,+0.00 电=7.95V/2.36A/峰3.09 补余=0.0 IO错=0 倾+0.0 自动3/3
[  373.859] EVT 相位 R2 descend→press
[  374.158] TLM t= 228.6 L1·A@-77 L2·A@-76 L3·A@-77 R1·A@-76 R2Pr@-- R3·A@-76 罐=无罐 泵=0 阀=111101 速=+0,+0,+0.00 电=7.96V/2.12A/峰3.09 补余=0.0 IO错=0 倾+0.0 自动3/3
[  374.670] TLM t= 228.6 L1·A@-76 L2·A@-76 L3·A@-77 R1·A@-76 R2Pr@-- R3·A@-75 罐=无罐 泵=0 阀=111101 速=+0,+0,+0.00 电=7.96V/2.28A/峰3.09 补余=0.0 IO错=0 倾+0.0 自动3/3
[  375.081] EVT 吸附 R2 released→pressing 在态4.02s 0.0kPa
[  375.082] EVT 相位 R2 press→wait
[  375.174] TLM t= 228.6 L1·A@-76 L2·A@-75 L3·A@-76 R1·A@-76 R2Wp@-- R3·A@-74 罐=无罐 泵=0 阀=111101 速=+0,+0,+0.00 电=7.94V/2.44A/峰3.09 补余=0.0 IO错=0 倾+0.0 自动3/3
[  375.408] EVT 吸附 R2 pressing→sucking 在态0.32s 0.0kPa
[  375.408] EVT 阀 R2 →抽气位
[  375.423] EVT 泵 开 最差盘压-74.1
[  375.694] TLM t= 228.6 L1·A@-76 L2·A@-75 L3·A@-76 R1·A@-76 R2Ws@-67 R3·A@-74 罐=无罐 泵=1 阀=111111 速=+0,+0,+0.00 电=7.95V/2.20A/峰3.09 补余=0.0 IO错=0 倾+0.0 自动3/3
[  375.706] EVT 吸附 R2 sucking→attached 在态0.30s -67.4kPa
[  375.709] EVT 相位 R2 wait→stance
[  375.709] EVT 抬落完成，轮到 L3
[  376.197] TLM t= 229.1 L1·A@-76 L2·A@-76 L3·A@-76 R1·A@-76 R2·A@-75 R3·A@-76 罐=无罐 泵=1 阀=111111 速=+0,+0,+0.00 电=7.96V/2.20A/峰3.09 补余=0.0 IO错=0 倾+0.0 自动3/3
[  376.205] EVT 泵 停 最差盘压-75.7
[  376.719] TLM t= 229.6 L1·A@-76 L2·A@-76 L3·A@-76 R1·A@-76 R2·A@-75 R3·A@-76 罐=无罐 泵=0 阀=111111 速=+0,+0,+0.00 电=7.98V/2.04A/峰3.09 补余=0.0 IO错=0 倾+0.0 自动3/3
[  377.221] TLM t= 230.1 L1·A@-76 L2·A@-76 L3·A@-76 R1·A@-76 R2·A@-74 R3·A@-75 罐=无罐 泵=0 阀=111111 速=+0,+0,+0.00 电=7.96V/2.28A/峰3.09 补余=0.0 IO错=0 倾+0.0 自动3/3
[  377.740] TLM t= 230.6 L1·A@-76 L2·A@-75 L3·A@-76 R1·A@-76 R2·A@-74 R3·A@-74 罐=无罐 泵=0 阀=111111 速=+0,+0,+0.00 电=7.97V/2.36A/峰3.09 补余=0.0 IO错=0 倾+0.0 自动3/3
[  378.250] TLM t= 231.1 L1·A@-76 L2·A@-75 L3·A@-76 R1·A@-76 R2·A@-73 R3·A@-74 罐=无罐 泵=0 阀=111111 速=+0,+0,+0.00 电=7.98V/2.20A/峰3.09 补余=0.0 IO错=0 倾+0.0 自动3/3
[  378.748] TLM t= 231.6 L1·A@-76 L2·A@-74 L3·A@-76 R1·A@-76 R2·A@-73 R3·A@-73 罐=无罐 泵=0 阀=111111 速=+0,+0,+0.00 电=7.96V/2.28A/峰3.09 补余=0.0 IO错=0 倾+0.0 自动3/3
[  379.255] TLM t= 232.1 L1·A@-76 L2·A@-74 L3·A@-76 R1·A@-76 R2·A@-73 R3·A@-73 罐=无罐 泵=0 阀=111111 速=+0,+0,+0.00 电=7.95V/2.36A/峰3.09 补余=0.0 IO错=0 倾+0.0 自动3/3
[  379.759] TLM t= 232.6 L1·A@-76 L2·A@-73 L3·A@-76 R1·A@-76 R2·A@-72 R3·A@-72 罐=无罐 泵=0 阀=111111 速=+0,+0,+0.00 电=7.95V/2.36A/峰3.09 补余=0.0 IO错=0 倾+0.0 自动3/3
[  380.282] TLM t= 233.1 L1·A@-75 L2·A@-73 L3·A@-76 R1·A@-76 R2·A@-72 R3·A@-71 罐=无罐 泵=0 阀=111111 速=+0,+0,+0.00 电=7.97V/2.36A/峰3.09 补余=0.0 IO错=0 倾+0.0 自动3/3
[  380.781] TLM t= 233.6 L1·A@-75 L2·A@-72 L3·A@-76 R1·A@-76 R2·A@-71 R3·A@-71 罐=无罐 泵=0 阀=111111 速=+0,+0,+0.00 电=7.96V/2.28A/峰3.09 补余=0.0 IO错=0 倾+0.0 自动3/3
[  381.310] TLM t= 234.2 L1·A@-75 L2·A@-72 L3·A@-76 R1·A@-75 R2·A@-71 R3·A@-70 罐=无罐 泵=0 阀=111111 速=+0,+0,+0.00 电=7.98V/2.28A/峰3.09 补余=0.0 IO错=0 倾+0.0 自动3/3
[  381.815] TLM t= 234.7 L1·A@-75 L2·A@-71 L3·A@-76 R1·A@-75 R2·A@-71 R3·A@-69 罐=无罐 泵=0 阀=111111 速=+0,+0,+0.00 电=7.93V/2.36A/峰3.09 补余=0.0 IO错=0 倾+0.0 自动3/3
[  382.335] TLM t= 235.2 L1·A@-75 L2·A@-71 L3·A@-76 R1·A@-75 R2·A@-70 R3·A@-69 罐=无罐 泵=0 阀=111111 速=+0,+0,+0.00 电=7.95V/2.44A/峰3.09 补余=0.0 IO错=0 倾+0.0 自动3/3
[  382.843] TLM t= 235.7 L1·A@-75 L2·A@-71 L3·A@-76 R1·A@-75 R2·A@-70 R3·A@-68 罐=无罐 泵=0 阀=111111 速=+0,+0,+0.00 电=7.96V/2.28A/峰3.09 补余=0.0 IO错=0 倾+0.0 自动3/3
[  383.364] TLM t= 236.2 L1·A@-75 L2·A@-70 L3·A@-76 R1·A@-75 R2·A@-69 R3·A@-68 罐=无罐 泵=0 阀=111111 速=+0,+0,+0.00 电=7.94V/2.44A/峰3.09 补余=0.0 IO错=0 倾+0.0 自动3/3
[  383.869] TLM t= 236.7 L1·A@-75 L2·A@-70 L3·A@-75 R1·A@-75 R2·A@-69 R3·A@-67 罐=无罐 泵=0 阀=111111 速=+0,+0,+0.00 电=7.94V/2.44A/峰3.09 补余=0.0 IO错=0 倾+0.0 自动3/3
[  384.390] TLM t= 237.2 L1·A@-75 L2·A@-69 L3·A@-75 R1·A@-75 R2·A@-69 R3·A@-66 罐=无罐 泵=0 阀=111111 速=+0,+0,+0.00 电=7.94V/2.36A/峰3.09 补余=0.0 IO错=0 倾+0.0 自动3/3
[  384.894] TLM t= 237.7 L1·A@-75 L2·A@-69 L3·A@-75 R1·A@-75 R2·A@-68 R3·A@-66 罐=无罐 泵=0 阀=111111 速=+0,+0,+0.00 电=7.97V/2.44A/峰3.09 补余=0.0 IO错=0 倾+0.0 自动3/3
[  385.419] TLM t= 238.2 L1·A@-75 L2·A@-68 L3·A@-75 R1·A@-75 R2·A@-68 R3·A@-65 罐=无罐 泵=0 阀=111111 速=+0,+0,+0.00 电=7.96V/2.36A/峰3.09 补余=0.0 IO错=0 倾+0.0 自动3/3
[  385.734] EVT 原地抬起受理：L3
[  385.747] EVT 相位 L3 stance→handover
[  385.925] TLM t= 239.6 L1·A@-75 L2·A@-68 L3ZA@-75 R1·A@-75 R2·A@-67 R3·A@-65 罐=无罐 泵=0 阀=111111 速=+0,+0,+0.00 电=7.96V/2.12A/峰3.09 补余=0.0 IO错=0 倾+0.0 自动3/3
[  386.445] TLM t= 240.0 L1·A@-75 L2·A@-68 L3ZA@-75 R1·A@-75 R2·A@-67 R3·A@-64 罐=无罐 泵=0 阀=111111 速=+0,+0,+0.00 电=7.98V/1.95A/峰3.09 补余=0.0 IO错=0 倾+0.0 自动3/3
[  386.949] TLM t= 240.0 L1·A@-74 L2·A@-67 L3ZA@-75 R1·A@-75 R2·A@-67 R3·A@-63 罐=无罐 泵=0 阀=111111 速=+0,+0,+0.00 电=7.97V/1.95A/峰3.09 补余=0.0 IO错=0 倾+0.0 自动3/3
[  387.472] TLM t= 240.0 L1·A@-74 L2·A@-67 L3ZA@-75 R1·A@-75 R2·A@-66 R3·A@-63 罐=无罐 泵=0 阀=111111 速=+0,+0,+0.00 电=7.97V/1.95A/峰3.09 补余=0.0 IO错=0 倾+0.0 自动3/3
[  387.976] TLM t= 240.0 L1·A@-74 L2·A@-66 L3ZA@-75 R1·A@-75 R2·A@-66 R3·A@-62 罐=无罐 泵=0 阀=111111 速=+0,+0,+0.00 电=7.98V/1.87A/峰3.09 补余=0.0 IO错=0 倾+0.0 自动3/3
[  388.497] TLM t= 240.0 L1·A@-74 L2·A@-66 L3ZA@-75 R1·A@-75 R2·A@-66 R3·A@-62 罐=无罐 泵=0 阀=111111 速=+0,+0,+0.00 电=7.98V/1.95A/峰3.09 补余=0.0 IO错=0 倾+0.0 自动3/3
[  388.643] EVT 吸附 L3 attached→venting 在态106.46s -75.0kPa
[  388.644] EVT 相位 L3 handover→vent 落点Δ(+0.0,+0.0)
[  388.669] EVT 阀 L3 →排气位
[  388.945] EVT 相位 L3 vent→lift
[  389.000] TLM t= 240.0 L1·A@-74 L2·A@-66 L3Lv@-75 R1·A@-75 R2·A@-65 R3·A@-61 罐=无罐 泵=0 阀=110111 速=+0,+0,+0.00 电=7.96V/2.04A/峰3.09 补余=0.0 IO错=0 倾+0.0 自动3/3
[  389.067] EVT 吸附 L3 venting→released 在态0.42s 0.1kPa
[  389.520] TLM t= 240.0 L1·A@-74 L2·A@-65 L3Lr@-- R1·A@-75 R2·A@-65 R3·A@-60 罐=无罐 泵=0 阀=110111 速=+0,+0,+0.00 电=7.96V/2.20A/峰3.09 补余=0.0 IO错=0 倾+0.0 自动3/3
[  389.788] EVT 相位 L3 lift→transfer
[  389.896] EVT 泵 开 最差盘压-60.0
[  390.025] TLM t= 240.0 L1·A@-74 L2·A@-65 L3Tr@-- R1·A@-75 R2·A@-65 R3·A@-60 罐=无罐 泵=1 阀=110111 速=+0,+0,+0.00 电=7.91V/2.20A/峰3.09 补余=0.0 IO错=0 倾+0.0 自动3/3
[  390.415] EVT 相位 L3 transfer→hover
[  390.549] TLM t= 240.0 L1·A@-74 L2·A@-73 L3Hr@-- R1·A@-75 R2·A@-73 R3·A@-73 罐=无罐 泵=1 阀=110111 速=+0,+0,+0.00 电=7.92V/2.28A/峰3.09 补余=0.0 IO错=0 倾+0.0 自动3/3
[  390.803] EVT 泵 停 最差盘压-75.2
[  391.051] TLM t= 240.0 L1·A@-76 L2·A@-77 L3Hr@-- R1·A@-76 R2·A@-76 R3·A@-76 罐=无罐 泵=0 阀=110111 速=+0,+0,+0.00 电=7.96V/2.12A/峰3.09 补余=0.0 IO错=0 倾+0.0 自动3/3
[  391.417] EVT 落地：L3
[  391.442] EVT 相位 L3 hover→descend
[  391.573] TLM t= 240.0 L1·A@-76 L2·A@-76 L3Dr@-- R1·A@-76 R2·A@-76 R3·A@-76 罐=无罐 泵=0 阀=110111 速=+0,+0,+0.00 电=7.97V/2.28A/峰3.09 补余=0.0 IO错=0 倾+0.0 自动3/3
[  391.924] EVT 相位 L3 descend→press
[  392.077] TLM t= 240.0 L1·A@-76 L2·A@-76 L3Pr@-- R1·A@-76 R2·A@-75 R3·A@-75 罐=无罐 泵=0 阀=110111 速=+0,+0,+0.00 电=7.95V/2.20A/峰3.09 补余=0.0 IO错=0 倾+0.0 自动3/3
[  392.593] TLM t= 240.0 L1·A@-76 L2·A@-75 L3Pr@-- R1·A@-76 R2·A@-75 R3·A@-74 罐=无罐 泵=0 阀=110111 速=+0,+0,+0.00 电=7.96V/2.12A/峰3.09 补余=0.0 IO错=0 倾+0.0 自动3/3
[  393.097] TLM t= 240.0 L1·A@-76 L2·A@-75 L3Pr@-- R1·A@-76 R2·A@-74 R3·A@-74 罐=无罐 泵=0 阀=110111 速=+0,+0,+0.00 电=7.95V/2.12A/峰3.09 补余=0.0 IO错=0 倾+0.0 自动3/3
[  393.127] EVT 吸附 L3 released→pressing 在态4.04s 0.1kPa
[  393.128] EVT 相位 L3 press→wait
[  393.450] EVT 吸附 L3 pressing→sucking 在态0.32s 0.1kPa
[  393.451] EVT 阀 L3 →抽气位
[  393.466] EVT 泵 开 最差盘压-73.2
[  393.618] TLM t= 240.0 L1·A@-76 L2·A@-74 L3Ws@-48 R1·A@-76 R2·A@-74 R3·A@-73 罐=无罐 泵=1 阀=111111 速=+0,+0,+0.00 电=7.93V/2.04A/峰3.09 补余=0.0 IO错=0 倾+0.0 自动3/3
[  393.744] EVT 吸附 L3 sucking→attached 在态0.30s -58.1kPa
[  393.752] EVT 相位 L3 wait→stance
[  393.752] EVT 抬落完成，轮到 R1
[  394.119] TLM t= 240.4 L1·A@-76 L2·A@-74 L3·A@-73 R1·A@-76 R2·A@-74 R3·A@-74 罐=无罐 泵=1 阀=111111 速=+0,+0,+0.00 电=7.91V/2.44A/峰3.09 补余=0.0 IO错=0 倾+0.0 自动3/3
[  394.248] EVT 泵 停 最差盘压-75.1
[  394.641] TLM t= 240.9 L1·A@-76 L2·A@-76 L3·A@-76 R1·A@-76 R2·A@-75 R3·A@-76 罐=无罐 泵=0 阀=111111 速=+0,+0,+0.00 电=7.96V/2.28A/峰3.09 补余=0.0 IO错=0 倾+0.0 自动3/3
[  395.146] TLM t= 241.4 L1·A@-76 L2·A@-75 L3·A@-75 R1·A@-75 R2·A@-75 R3·A@-75 罐=无罐 泵=0 阀=111111 速=+0,+0,+0.00 电=7.97V/2.12A/峰3.09 补余=0.0 IO错=0 倾+0.0 自动3/3
[  395.661] TLM t= 241.9 L1·A@-76 L2·A@-75 L3·A@-75 R1·A@-75 R2·A@-75 R3·A@-74 罐=无罐 泵=0 阀=111111 速=+0,+0,+0.00 电=7.97V/2.04A/峰3.09 补余=0.0 IO错=0 倾+0.0 自动3/3
[  396.168] TLM t= 242.4 L1·A@-76 L2·A@-74 L3·A@-75 R1·A@-75 R2·A@-74 R3·A@-74 罐=无罐 泵=0 阀=111111 速=+0,+0,+0.00 电=7.96V/2.20A/峰3.09 补余=0.0 IO错=0 倾+0.0 自动3/3
[  396.687] TLM t= 242.9 L1·A@-76 L2·A@-74 L3·A@-75 R1·A@-75 R2·A@-74 R3·A@-73 罐=无罐 泵=0 阀=111111 速=+0,+0,+0.00 电=7.97V/2.20A/峰3.09 补余=0.0 IO错=0 倾+0.0 自动3/3
[  397.189] TLM t= 243.4 L1·A@-75 L2·A@-73 L3·A@-75 R1·A@-75 R2·A@-73 R3·A@-72 罐=无罐 泵=0 阀=111111 速=+0,+0,+0.00 电=7.97V/2.12A/峰3.09 补余=0.0 IO错=0 倾+0.0 自动3/3
[  397.709] TLM t= 243.9 L1·A@-75 L2·A@-73 L3·A@-75 R1·A@-75 R2·A@-73 R3·A@-72 罐=无罐 泵=0 阀=111111 速=+0,+0,+0.00 电=7.97V/2.04A/峰3.09 补余=0.0 IO错=0 倾+0.0 自动3/3
[  398.216] TLM t= 244.4 L1·A@-75 L2·A@-73 L3·A@-75 R1·A@-75 R2·A@-73 R3·A@-71 罐=无罐 泵=0 阀=111111 速=+0,+0,+0.00 电=7.96V/2.12A/峰3.09 补余=0.0 IO错=0 倾+0.0 自动3/3
[  398.732] TLM t= 245.0 L1·A@-75 L2·A@-72 L3·A@-75 R1·A@-75 R2·A@-72 R3·A@-70 罐=无罐 泵=0 阀=111111 速=+0,+0,+0.00 电=7.97V/2.12A/峰3.09 补余=0.0 IO错=0 倾+0.0 自动3/3
[  399.238] TLM t= 245.5 L1·A@-75 L2·A@-72 L3·A@-75 R1·A@-75 R2·A@-72 R3·A@-70 罐=无罐 泵=0 阀=111111 速=+0,+0,+0.00 电=7.95V/2.20A/峰3.09 补余=0.0 IO错=0 倾+0.0 自动3/3
[  399.755] TLM t= 246.0 L1·A@-75 L2·A@-71 L3·A@-74 R1·A@-75 R2·A@-71 R3·A@-69 罐=无罐 泵=0 阀=111111 速=+0,+0,+0.00 电=7.95V/2.12A/峰3.09 补余=0.0 IO错=0 倾+0.0 自动3/3
[  400.262] TLM t= 246.5 L1·A@-75 L2·A@-71 L3·A@-74 R1·A@-75 R2·A@-71 R3·A@-69 罐=无罐 泵=0 阀=111111 速=+0,+0,+0.00 电=7.95V/2.20A/峰3.09 补余=0.0 IO错=0 倾+0.0 自动3/3
[  400.781] TLM t= 247.0 L1·A@-75 L2·A@-70 L3·A@-74 R1·A@-75 R2·A@-71 R3·A@-68 罐=无罐 泵=0 阀=111111 速=+0,+0,+0.00 电=7.94V/2.20A/峰3.09 补余=0.0 IO错=0 倾+0.0 自动3/3
[  401.292] TLM t= 247.5 L1·A@-75 L2·A@-70 L3·A@-74 R1·A@-75 R2·A@-70 R3·A@-67 罐=无罐 泵=0 阀=111111 速=+0,+0,+0.00 电=7.97V/2.20A/峰3.09 补余=0.0 IO错=0 倾+0.0 自动3/3
[  401.799] TLM t= 248.0 L1·A@-75 L2·A@-69 L3·A@-74 R1·A@-75 R2·A@-70 R3·A@-67 罐=无罐 泵=0 阀=111111 速=+0,+0,+0.00 电=7.96V/2.20A/峰3.09 补余=0.0 IO错=0 倾+0.0 自动3/3
[  402.324] TLM t= 248.5 L1·A@-75 L2·A@-69 L3·A@-74 R1·A@-75 R2·A@-70 R3·A@-66 罐=无罐 泵=0 阀=111111 速=+0,+0,+0.00 电=7.96V/2.20A/峰3.09 补余=0.0 IO错=0 倾+0.0 自动3/3
[  402.822] TLM t= 249.0 L1·A@-75 L2·A@-69 L3·A@-74 R1·A@-74 R2·A@-69 R3·A@-66 罐=无罐 泵=0 阀=111111 速=+0,+0,+0.00 电=7.96V/2.20A/峰3.09 补余=0.0 IO错=0 倾+0.0 自动3/3
[  403.346] TLM t= 249.5 L1·A@-75 L2·A@-68 L3·A@-74 R1·A@-74 R2·A@-69 R3·A@-65 罐=无罐 泵=0 阀=111111 速=+0,+0,+0.00 电=7.98V/2.04A/峰3.09 补余=0.0 IO错=0 倾+0.0 自动3/3
[  403.778] EVT 原地抬起受理：R1
[  403.791] EVT 相位 R1 stance→handover
[  403.851] TLM t= 250.9 L1·A@-75 L2·A@-68 L3·A@-74 R1ZA@-74 R2·A@-68 R3·A@-64 罐=无罐 泵=0 阀=111111 速=+0,+0,+0.00 电=7.96V/2.12A/峰3.09 补余=0.0 IO错=0 倾+0.0 自动3/3
[  404.346] TLM t= 251.4 L1·A@-74 L2·A@-67 L3·A@-74 R1ZA@-74 R2·A@-68 R3·A@-64 罐=无罐 泵=0 阀=111111 速=+0,+0,+0.00 电=7.99V/1.71A/峰3.09 补余=0.0 IO错=0 倾+0.0 自动3/3
[  404.856] TLM t= 251.4 L1·A@-74 L2·A@-67 L3·A@-74 R1ZA@-74 R2·A@-68 R3·A@-63 罐=无罐 泵=0 阀=111111 速=+0,+0,+0.00 电=7.99V/1.71A/峰3.09 补余=0.0 IO错=0 倾+0.0 自动3/3
[  405.360] TLM t= 251.4 L1·A@-74 L2·A@-67 L3·A@-74 R1ZA@-74 R2·A@-67 R3·A@-63 罐=无罐 泵=0 阀=111111 速=+0,+0,+0.00 电=7.98V/1.63A/峰3.09 补余=0.0 IO错=0 倾+0.0 自动3/3
[  405.880] TLM t= 251.4 L1·A@-74 L2·A@-66 L3·A@-73 R1ZA@-74 R2·A@-67 R3·A@-62 罐=无罐 泵=0 阀=111111 速=+0,+0,+0.00 电=7.96V/1.95A/峰3.09 补余=0.0 IO错=0 倾+0.0 自动3/3
[  406.388] TLM t= 251.4 L1·A@-74 L2·A@-66 L3·A@-73 R1ZA@-74 R2·A@-67 R3·A@-62 罐=无罐 泵=0 阀=111111 速=+0,+0,+0.00 电=7.97V/2.04A/峰3.09 补余=0.0 IO错=0 倾+0.0 自动3/3
[  406.908] TLM t= 251.4 L1·A@-74 L2·A@-65 L3·A@-73 R1ZA@-74 R2·A@-66 R3·A@-61 罐=无罐 泵=0 阀=111111 速=+0,+0,+0.00 电=7.95V/1.95A/峰3.09 补余=0.0 IO错=0 倾+0.0 自动3/3
[  407.102] EVT 吸附 R1 attached→venting 在态106.44s -74.0kPa
[  407.102] EVT 相位 R1 handover→vent 落点Δ(+0.0,+0.0)
[  407.115] EVT 阀 R1 →排气位
[  407.403] EVT 相位 R1 vent→lift
[  407.415] TLM t= 251.4 L1·A@-74 L2·A@-65 L3·A@-73 R1Lv@-74 R2·A@-66 R3·A@-61 罐=无罐 泵=0 阀=111011 速=+0,+0,+0.00 电=7.95V/2.20A/峰3.09 补余=0.0 IO错=0 倾+0.0 自动3/3
[  407.538] EVT 吸附 R1 venting→released 在态0.44s -0.1kPa
[  407.935] TLM t= 251.4 L1·A@-74 L2·A@-65 L3·A@-73 R1Lr@-- R2·A@-66 R3·A@-60 罐=无罐 泵=0 阀=111011 速=+0,+0,+0.00 电=7.92V/2.52A/峰3.09 补余=0.0 IO错=0 倾+0.0 自动3/3
[  407.986] EVT 泵 开 最差盘压-59.9
[  408.249] EVT 相位 R1 lift→transfer
[  408.439] TLM t= 251.4 L1·A@-74 L2·A@-69 L3·A@-73 R1Tr@-- R2·A@-69 R3·A@-69 罐=无罐 泵=1 阀=111011 速=+0,+0,+0.00 电=7.91V/2.77A/峰3.09 补余=0.0 IO错=0 倾+0.0 自动3/3
[  408.851] EVT 泵 停 最差盘压-75.4
[  408.863] EVT 相位 R1 transfer→hover
[  408.958] TLM t= 251.4 L1·A@-76 L2·A@-76 L3·A@-76 R1Hr@-- R2·A@-76 R3·A@-76 罐=无罐 泵=0 阀=111011 速=+0,+0,+0.00 电=7.95V/2.36A/峰3.09 补余=0.0 IO错=0 倾+0.0 自动3/3
[  409.461] TLM t= 251.4 L1·A@-76 L2·A@-76 L3·A@-76 R1Hr@-- R2·A@-75 R3·A@-75 罐=无罐 泵=0 阀=111011 速=+0,+0,+0.00 电=7.94V/2.36A/峰3.09 补余=0.0 IO错=0 倾+0.0 自动3/3
[  409.874] EVT 落地：R1
[  409.887] EVT 相位 R1 hover→descend
[  409.981] TLM t= 251.4 L1·A@-76 L2·A@-75 L3·A@-76 R1Dr@-- R2·A@-75 R3·A@-75 罐=无罐 泵=0 阀=111011 速=+0,+0,+0.00 电=7.93V/2.28A/峰3.09 补余=0.0 IO错=0 倾+0.0 自动3/3
[  410.368] EVT 相位 R1 descend→press
[  410.486] TLM t= 251.4 L1·A@-76 L2·A@-75 L3·A@-76 R1Pr@-- R2·A@-74 R3·A@-74 罐=无罐 泵=0 阀=111011 速=+0,+0,+0.00 电=7.94V/2.20A/峰3.09 补余=0.0 IO错=0 倾+0.0 自动3/3
[  411.008] TLM t= 251.4 L1·A@-76 L2·A@-74 L3·A@-76 R1Pr@-- R2·A@-74 R3·A@-73 罐=无罐 泵=0 阀=111011 速=+0,+0,+0.00 电=7.95V/2.28A/峰3.09 补余=0.0 IO错=0 倾+0.0 自动3/3
[  411.513] TLM t= 251.4 L1·A@-76 L2·A@-74 L3·A@-76 R1Pr@-- R2·A@-73 R3·A@-73 罐=无罐 泵=0 阀=111011 速=+0,+0,+0.00 电=7.92V/2.52A/峰3.09 补余=0.0 IO错=0 倾+0.0 自动3/3
[  411.576] EVT 吸附 R1 released→pressing 在态4.02s -0.1kPa
[  411.577] EVT 相位 R1 press→wait
[  411.902] EVT 吸附 R1 pressing→sucking 在态0.32s -0.1kPa
[  411.903] EVT 阀 R1 →抽气位
[  411.925] EVT 泵 开 最差盘压-72.2
[  412.034] TLM t= 251.4 L1·A@-75 L2·A@-73 L3·A@-76 R1Ws@-16 R2·A@-73 R3·A@-72 罐=无罐 泵=1 阀=111111 速=+0,+0,+0.00 电=7.91V/2.28A/峰3.09 补余=0.0 IO错=0 倾+0.0 自动3/3
[  412.287] EVT 吸附 R1 sucking→attached 在态0.38s -66.8kPa
[  412.288] EVT 相位 R1 wait→stance
[  412.288] EVT 抬落完成，轮到 L2
[  412.536] TLM t= 251.6 L1·A@-75 L2·A@-75 L3·A@-75 R1·A@-73 R2·A@-74 R3·A@-74 罐=无罐 泵=1 阀=111111 速=+0,+0,+0.00 电=7.87V/2.44A/峰3.09 补余=0.0 IO错=0 倾+0.0 自动3/3
[  412.664] EVT 泵 停 最差盘压-75.2
[  413.057] TLM t= 252.2 L1·A@-76 L2·A@-76 L3·A@-76 R1·A@-76 R2·A@-76 R3·A@-76 罐=无罐 泵=0 阀=111111 速=+0,+0,+0.00 电=7.95V/2.28A/峰3.09 补余=0.0 IO错=0 倾+0.0 自动3/3
[  413.560] TLM t= 252.7 L1·A@-76 L2·A@-76 L3·A@-76 R1·A@-75 R2·A@-75 R3·A@-75 罐=无罐 泵=0 阀=111111 速=+0,+0,+0.00 电=7.96V/2.12A/峰3.09 补余=0.0 IO错=0 倾+0.0 自动3/3
[  414.078] TLM t= 253.2 L1·A@-76 L2·A@-75 L3·A@-76 R1·A@-75 R2·A@-75 R3·A@-75 罐=无罐 泵=0 阀=111111 速=+0,+0,+0.00 电=7.95V/2.36A/峰3.09 补余=0.0 IO错=0 倾+0.0 自动3/3
[  414.583] TLM t= 253.7 L1·A@-76 L2·A@-75 L3·A@-76 R1·A@-75 R2·A@-74 R3·A@-74 罐=无罐 泵=0 阀=111111 速=+0,+0,+0.00 电=7.96V/2.28A/峰3.09 补余=0.0 IO错=0 倾+0.0 自动3/3
[  415.101] TLM t= 254.2 L1·A@-76 L2·A@-74 L3·A@-76 R1·A@-75 R2·A@-74 R3·A@-73 罐=无罐 泵=0 阀=111111 速=+0,+0,+0.00 电=7.95V/2.36A/峰3.09 补余=0.0 IO错=0 倾+0.0 自动3/3
[  415.605] TLM t= 254.7 L1·A@-76 L2·A@-74 L3·A@-76 R1·A@-75 R2·A@-74 R3·A@-73 罐=无罐 泵=0 阀=111111 速=+0,+0,+0.00 电=7.95V/2.20A/峰3.09 补余=0.0 IO错=0 倾+0.0 自动3/3
[  416.124] TLM t= 255.2 L1·A@-76 L2·A@-73 L3·A@-76 R1·A@-75 R2·A@-73 R3·A@-72 罐=无罐 泵=0 阀=111111 速=+0,+0,+0.00 电=7.96V/2.28A/峰3.09 补余=0.0 IO错=0 倾+0.0 自动3/3
[  416.628] TLM t= 255.7 L1·A@-76 L2·A@-73 L3·A@-76 R1·A@-75 R2·A@-73 R3·A@-72 罐=无罐 泵=0 阀=111111 速=+0,+0,+0.00 电=7.96V/2.28A/峰3.09 补余=0.0 IO错=0 倾+0.0 自动3/3
[  417.148] TLM t= 256.2 L1·A@-76 L2·A@-72 L3·A@-76 R1·A@-75 R2·A@-72 R3·A@-71 罐=无罐 泵=0 阀=111111 速=+0,+0,+0.00 电=7.95V/2.20A/峰3.09 补余=0.0 IO错=0 倾+0.0 自动3/3
[  417.654] TLM t= 256.7 L1·A@-76 L2·A@-72 L3·A@-76 R1·A@-75 R2·A@-72 R3·A@-70 罐=无罐 泵=0 阀=111111 速=+0,+0,+0.00 电=7.96V/2.20A/峰3.09 补余=0.0 IO错=0 倾+0.0 自动3/3
[  418.172] TLM t= 257.3 L1·A@-75 L2·A@-72 L3·A@-76 R1·A@-75 R2·A@-72 R3·A@-70 罐=无罐 泵=0 阀=111111 速=+0,+0,+0.00 电=7.94V/2.28A/峰3.09 补余=0.0 IO错=0 倾+0.0 自动3/3
[  418.676] TLM t= 257.8 L1·A@-75 L2·A@-71 L3·A@-76 R1·A@-75 R2·A@-71 R3·A@-69 罐=无罐 泵=0 阀=111111 速=+0,+0,+0.00 电=7.96V/2.28A/峰3.09 补余=0.0 IO错=0 倾+0.0 自动3/3
[  419.193] TLM t= 258.3 L1·A@-75 L2·A@-71 L3·A@-76 R1·A@-74 R2·A@-71 R3·A@-68 罐=无罐 泵=0 阀=111111 速=+0,+0,+0.00 电=7.95V/2.28A/峰3.09 补余=0.0 IO错=0 倾+0.0 自动3/3
[  419.698] TLM t= 258.8 L1·A@-75 L2·A@-70 L3·A@-76 R1·A@-74 R2·A@-71 R3·A@-68 罐=无罐 泵=0 阀=111111 速=+0,+0,+0.00 电=7.95V/2.20A/峰3.09 补余=0.0 IO错=0 倾+0.0 自动3/3
[  420.222] TLM t= 259.3 L1·A@-75 L2·A@-70 L3·A@-75 R1·A@-74 R2·A@-70 R3·A@-67 罐=无罐 泵=0 阀=111111 速=+0,+0,+0.00 电=7.94V/2.20A/峰3.09 补余=0.0 IO错=0 倾+0.0 自动3/3
[  420.724] TLM t= 259.8 L1·A@-75 L2·A@-69 L3·A@-75 R1·A@-74 R2·A@-70 R3·A@-67 罐=无罐 泵=0 阀=111111 速=+0,+0,+0.00 电=7.96V/2.28A/峰3.09 补余=0.0 IO错=0 倾+0.0 自动3/3
[  421.244] TLM t= 260.3 L1·A@-75 L2·A@-69 L3·A@-75 R1·A@-74 R2·A@-69 R3·A@-66 罐=无罐 泵=0 阀=111111 速=+0,+0,+0.00 电=7.93V/2.36A/峰3.09 补余=0.0 IO错=0 倾+0.0 自动3/3
[  421.750] TLM t= 260.8 L1·A@-75 L2·A@-69 L3·A@-75 R1·A@-74 R2·A@-69 R3·A@-65 罐=无罐 泵=0 阀=111111 速=+0,+0,+0.00 电=7.95V/2.20A/峰3.09 补余=0.0 IO错=0 倾+0.0 自动3/3
[  422.266] TLM t= 261.3 L1·A@-75 L2·A@-68 L3·A@-75 R1·A@-74 R2·A@-69 R3·A@-65 罐=无罐 泵=0 阀=111111 速=+0,+0,+0.00 电=7.96V/2.36A/峰3.09 补余=0.0 IO错=0 倾+0.0 自动3/3
[  422.319] EVT 原地抬起受理：L2
[  422.341] EVT 相位 L2 stance→handover
[  422.773] TLM t= 262.6 L1·A@-75 L2ZA@-68 L3·A@-75 R1·A@-74 R2·A@-68 R3·A@-64 罐=无罐 泵=0 阀=111111 速=+0,+0,+0.00 电=7.93V/2.36A/峰3.09 补余=0.0 IO错=0 倾+0.0 自动3/3
[  423.291] TLM t= 262.8 L1·A@-75 L2ZA@-67 L3·A@-75 R1·A@-74 R2·A@-68 R3·A@-64 罐=无罐 泵=0 阀=111111 速=+0,+0,+0.00 电=7.96V/2.20A/峰3.09 补余=0.0 IO错=0 倾+0.0 自动3/3
[  423.794] TLM t= 262.8 L1·A@-75 L2ZA@-67 L3·A@-75 R1·A@-74 R2·A@-68 R3·A@-63 罐=无罐 泵=0 阀=111111 速=+0,+0,+0.00 电=7.95V/2.28A/峰3.09 补余=0.0 IO错=0 倾+0.0 自动3/3
[  424.311] TLM t= 262.8 L1·A@-75 L2ZA@-66 L3·A@-75 R1·A@-74 R2·A@-67 R3·A@-62 罐=无罐 泵=0 阀=111111 速=+0,+0,+0.00 电=7.93V/2.52A/峰3.09 补余=0.0 IO错=0 倾+0.0 自动3/3
[  424.725] EVT 吸附 L2 attached→venting 在态106.54s -66.1kPa
[  424.726] EVT 相位 L2 handover→vent 落点Δ(+0.0,+0.0)
[  424.746] EVT 阀 L2 →排气位
[  424.819] TLM t= 262.8 L1·A@-74 L2Vv@-66 L3·A@-75 R1·A@-74 R2·A@-67 R3·A@-62 罐=无罐 泵=0 阀=101111 速=+0,+0,+0.00 电=7.94V/2.36A/峰3.09 补余=0.0 IO错=0 倾+0.0 自动3/3
[  425.026] EVT 相位 L2 vent→lift
[  425.149] EVT 吸附 L2 venting→released 在态0.42s 0.3kPa
[  425.335] TLM t= 262.8 L1·A@-74 L2Lr@-- L3·A@-75 R1·A@-74 R2·A@-67 R3·A@-61 罐=无罐 泵=0 阀=101111 速=+0,+0,+0.00 电=7.93V/2.77A/峰3.09 补余=0.0 IO错=0 倾+0.0 自动3/3
[  425.838] TLM t= 262.8 L1·A@-74 L2Lr@-- L3·A@-75 R1·A@-74 R2·A@-66 R3·A@-61 罐=无罐 泵=0 阀=101111 速=+0,+0,+0.00 电=7.91V/2.52A/峰3.09 补余=0.0 IO错=0 倾+0.0 自动3/3
[  425.869] EVT 相位 L2 lift→transfer
[  426.358] TLM t= 262.8 L1·A@-74 L2Tr@-- L3·A@-75 R1·A@-74 R2·A@-66 R3·A@-60 罐=无罐 泵=0 阀=101111 速=+0,+0,+0.00 电=7.90V/3.09A/峰3.09 补余=0.0 IO错=0 倾+0.0 自动3/3
[  426.492] EVT 相位 L2 transfer→hover
[  426.532] EVT 泵 开 最差盘压-59.9
[  426.861] TLM t= 262.8 L1·A@-74 L2Hr@-- L3·A@-75 R1·A@-74 R2·A@-65 R3·A@-65 罐=无罐 泵=1 阀=101111 速=+0,+0,+0.00 电=7.91V/2.44A/峰3.09 补余=0.0 IO错=0 倾+0.0 自动3/3
[  427.352] EVT 泵 停 最差盘压-75.0
[  427.382] TLM t= 262.8 L1·A@-76 L2Hr@-- L3·A@-76 R1·A@-75 R2·A@-76 R3·A@-76 罐=无罐 泵=0 阀=101111 速=+0,+0,+0.00 电=7.91V/2.69A/峰3.09 补余=0.0 IO错=0 倾+0.0 自动3/3
[  427.503] EVT 落地：L2
[  427.530] EVT 相位 L2 hover→descend
[  427.901] TLM t= 262.8 L1·A@-76 L2Dr@-- L3·A@-76 R1·A@-76 R2·A@-76 R3·A@-76 罐=无罐 泵=0 阀=101111 速=+0,+0,+0.00 电=7.91V/2.52A/峰3.09 补余=0.0 IO错=0 倾+0.0 自动3/3
[  428.012] EVT 相位 L2 descend→press
[  428.413] TLM t= 262.8 L1·A@-76 L2Pr@-- L3·A@-76 R1·A@-76 R2·A@-75 R3·A@-75 罐=无罐 泵=0 阀=101111 速=+0,+0,+0.00 电=7.92V/2.69A/峰3.09 补余=0.0 IO错=0 倾+0.0 自动3/3
[  428.923] TLM t= 262.8 L1·A@-76 L2Pr@-- L3·A@-76 R1·A@-76 R2·A@-75 R3·A@-74 罐=无罐 泵=0 阀=101111 速=+0,+0,+0.00 电=7.92V/2.69A/峰3.09 补余=0.0 IO错=0 倾+0.0 自动3/3
[  429.215] EVT 吸附 L2 released→pressing 在态4.04s 0.3kPa
[  429.215] EVT 相位 L2 press→wait
[  429.440] TLM t= 262.8 L1·A@-76 L2Wp@-- L3·A@-76 R1·A@-75 R2·A@-74 R3·A@-74 罐=无罐 泵=0 阀=101111 速=+0,+0,+0.00 电=7.91V/2.60A/峰3.09 补余=0.0 IO错=0 倾+0.0 自动3/3
[  429.533] EVT 吸附 L2 pressing→sucking 在态0.32s 0.3kPa
[  429.534] EVT 阀 L2 →抽气位
[  429.551] EVT 泵 开 最差盘压-73.5
[  429.829] EVT 吸附 L2 sucking→attached 在态0.30s -65.2kPa
[  429.834] EVT 相位 L2 wait→stance
[  429.834] EVT 抬落完成，轮到 R3
[  429.834] EVT 自动轮换：第 3 轮完成
[  429.946] TLM t= 262.9 L1·A@-76 L2·A@-70 L3·A@-76 R1·A@-75 R2·A@-74 R3·A@-73 罐=无罐 泵=1 阀=111111 速=+0,+0,+0.00 电=7.92V/2.52A/峰3.09 补余=0.0 IO错=0 倾+0.0 自动3/3
[  430.195] EVT 泵 停 最差盘压-75.0
[  430.462] TLM t= 263.4 L1·A@-76 L2·A@-76 L3·A@-76 R1·A@-75 R2·A@-76 R3·A@-76 罐=无罐 泵=0 阀=111111 速=+0,+0,+0.00 电=7.92V/2.52A/峰3.09 补余=0.0 IO错=0 倾+0.0 自动3/3
[  430.969] TLM t= 263.9 L1·A@-76 L2·A@-75 L3·A@-76 R1·A@-75 R2·A@-75 R3·A@-75 罐=无罐 泵=0 阀=111111 速=+0,+0,+0.00 电=7.94V/2.44A/峰3.09 补余=0.0 IO错=0 倾+0.0 自动3/3
[  431.486] TLM t= 264.4 L1·A@-76 L2·A@-75 L3·A@-76 R1·A@-75 R2·A@-75 R3·A@-75 罐=无罐 泵=0 阀=111111 速=+0,+0,+0.00 电=7.92V/2.44A/峰3.09 补余=0.0 IO错=0 倾+0.0 自动3/3
[  431.992] TLM t= 264.9 L1·A@-76 L2·A@-74 L3·A@-76 R1·A@-75 R2·A@-74 R3·A@-74 罐=无罐 泵=0 阀=111111 速=+0,+0,+0.00 电=7.94V/2.52A/峰3.09 补余=0.0 IO错=0 倾+0.0 自动3/3
[  432.507] TLM t= 265.5 L1·A@-76 L2·A@-74 L3·A@-76 R1·A@-75 R2·A@-74 R3·A@-73 罐=无罐 泵=0 阀=111111 速=+0,+0,+0.00 电=7.95V/2.69A/峰3.09 补余=0.0 IO错=0 倾+0.0 自动3/3
[  433.013] TLM t= 266.0 L1·A@-75 L2·A@-73 L3·A@-76 R1·A@-75 R2·A@-74 R3·A@-73 罐=无罐 泵=0 阀=111111 速=+0,+0,+0.00 电=7.93V/2.44A/峰3.09 补余=0.0 IO错=0 倾+0.0 自动3/3
[  433.534] TLM t= 266.5 L1·A@-75 L2·A@-73 L3·A@-76 R1·A@-75 R2·A@-73 R3·A@-72 罐=无罐 泵=0 阀=111111 速=+0,+0,+0.00 电=7.94V/2.52A/峰3.09 补余=0.0 IO错=0 倾+0.0 自动3/3
[  434.038] TLM t= 267.0 L1·A@-75 L2·A@-72 L3·A@-76 R1·A@-75 R2·A@-73 R3·A@-71 罐=无罐 泵=0 阀=111111 速=+0,+0,+0.00 电=7.93V/2.44A/峰3.09 补余=0.0 IO错=0 倾+0.0 自动3/3
[  434.555] TLM t= 267.5 L1·A@-75 L2·A@-72 L3·A@-75 R1·A@-75 R2·A@-72 R3·A@-71 罐=无罐 泵=0 阀=111111 速=+0,+0,+0.00 电=7.92V/3.26A/峰3.26 补余=0.0 IO错=0 倾+0.0 自动3/3
[  435.061] TLM t= 268.0 L1·A@-75 L2·A@-71 L3·A@-75 R1·A@-75 R2·A@-72 R3·A@-70 罐=无罐 泵=0 阀=111111 速=+0,+0,+0.00 电=7.94V/2.44A/峰3.26 补余=0.0 IO错=0 倾+0.0 自动3/3
[  435.575] TLM t= 268.5 L1·A@-75 L2·A@-71 L3·A@-75 R1·A@-75 R2·A@-72 R3·A@-70 罐=无罐 泵=0 阀=111111 速=+0,+0,+0.00 电=7.93V/2.60A/峰3.26 补余=0.0 IO错=0 倾+0.0 自动3/3
[  436.086] TLM t= 269.0 L1·A@-75 L2·A@-70 L3·A@-75 R1·A@-75 R2·A@-71 R3·A@-69 罐=无罐 泵=0 阀=111111 速=+0,+0,+0.00 电=7.94V/2.36A/峰3.26 补余=0.0 IO错=0 倾+0.0 自动3/3
[  436.603] TLM t= 269.5 L1·A@-75 L2·A@-70 L3·A@-75 R1·A@-75 R2·A@-71 R3·A@-68 罐=无罐 泵=0 阀=111111 速=+0,+0,+0.00 电=7.93V/2.44A/峰3.26 补余=0.0 IO错=0 倾+0.0 自动3/3
[  437.105] TLM t= 270.0 L1·A@-75 L2·A@-69 L3·A@-75 R1·A@-75 R2·A@-70 R3·A@-68 罐=无罐 泵=0 阀=111111 速=+0,+0,+0.00 电=7.94V/2.52A/峰3.26 补余=0.0 IO错=0 倾+0.0 自动3/3
[  437.622] TLM t= 270.6 L1·A@-75 L2·A@-69 L3·A@-75 R1·A@-75 R2·A@-70 R3·A@-67 罐=无罐 泵=0 阀=111111 速=+0,+0,+0.00 电=7.93V/2.44A/峰3.26 补余=0.0 IO错=0 倾+0.0 自动3/3
[  438.131] TLM t= 271.1 L1·A@-75 L2·A@-68 L3·A@-75 R1·A@-75 R2·A@-70 R3·A@-67 罐=无罐 泵=0 阀=111111 速=+0,+0,+0.00 电=7.94V/2.52A/峰3.26 补余=0.0 IO错=0 倾+0.0 自动3/3
[  438.645] TLM t= 271.6 L1·A@-75 L2·A@-68 L3·A@-75 R1·A@-75 R2·A@-69 R3·A@-66 罐=无罐 泵=0 阀=111111 速=+0,+0,+0.00 电=7.94V/2.52A/峰3.26 补余=0.0 IO错=0 倾+0.0 自动3/3
[  439.152] TLM t= 272.1 L1·A@-75 L2·A@-68 L3·A@-75 R1·A@-75 R2·A@-69 R3·A@-65 罐=无罐 泵=0 阀=111111 速=+0,+0,+0.00 电=7.92V/2.44A/峰3.26 补余=0.0 IO错=0 倾+0.0 自动3/3
[  439.669] TLM t= 272.6 L1·A@-75 L2·A@-67 L3·A@-75 R1·A@-75 R2·A@-69 R3·A@-65 罐=无罐 泵=0 阀=111111 速=+0,+0,+0.00 电=7.93V/2.44A/峰3.26 补余=0.0 IO错=0 倾+0.0 自动3/3
[  440.176] TLM t= 273.1 L1·A@-74 L2·A@-67 L3·A@-75 R1·A@-75 R2·A@-68 R3·A@-64 罐=无罐 泵=0 阀=111111 速=+0,+0,+0.00 电=7.93V/2.52A/峰3.26 补余=0.0 IO错=0 倾+0.0 自动3/3
[  440.693] TLM t= 273.6 L1·A@-74 L2·A@-66 L3·A@-75 R1·A@-75 R2·A@-68 R3·A@-64 罐=无罐 泵=0 阀=111111 速=+0,+0,+0.00 电=7.94V/2.52A/峰3.26 补余=0.0 IO错=0 倾+0.0 自动3/3
[  441.201] TLM t= 274.1 L1·A@-74 L2·A@-66 L3·A@-75 R1·A@-75 R2·A@-68 R3·A@-63 罐=无罐 泵=0 阀=111111 速=+0,+0,+0.00 电=7.94V/2.52A/峰3.26 补余=0.0 IO错=0 倾+0.0 自动3/3
[  441.715] TLM t= 274.6 L1·A@-74 L2·A@-65 L3·A@-75 R1·A@-75 R2·A@-67 R3·A@-62 罐=无罐 泵=0 阀=111111 速=+0,+0,+0.00 电=7.92V/2.36A/峰3.26 补余=0.0 IO错=0 倾+0.0 自动3/3
[  442.225] TLM t= 275.1 L1·A@-74 L2·A@-65 L3·A@-75 R1·A@-74 R2·A@-67 R3·A@-62 罐=无罐 泵=0 阀=111111 速=+0,+0,+0.00 电=7.94V/2.36A/峰3.26 补余=0.0 IO错=0 倾+0.0 自动3/3
[  442.739] TLM t= 275.7 L1·A@-74 L2·A@-65 L3·A@-75 R1·A@-74 R2·A@-66 R3·A@-61 罐=无罐 泵=0 阀=111111 速=+0,+0,+0.00 电=7.95V/2.60A/峰3.26 补余=0.0 IO错=0 倾+0.0 自动3/3
[  443.245] TLM t= 276.2 L1·A@-74 L2·A@-64 L3·A@-75 R1·A@-74 R2·A@-66 R3·A@-61 罐=无罐 泵=0 阀=111111 速=+0,+0,+0.00 电=7.94V/2.36A/峰3.26 补余=0.0 IO错=0 倾+0.0 自动3/3
[  443.762] TLM t= 276.7 L1·A@-74 L2·A@-64 L3·A@-75 R1·A@-74 R2·A@-66 R3·A@-60 罐=无罐 泵=0 阀=111111 速=+0,+0,+0.00 电=7.93V/2.52A/峰3.26 补余=0.0 IO错=0 倾+0.0 自动3/3
[  443.855] EVT 泵 开 最差盘压-60.0
[  444.266] TLM t= 277.2 L1·A@-74 L2·A@-68 L3·A@-75 R1·A@-74 R2·A@-67 R3·A@-67 罐=无罐 泵=1 阀=111111 速=+0,+0,+0.00 电=7.88V/2.44A/峰3.26 补余=0.0 IO错=0 倾+0.0 自动3/3
[  444.740] EVT 泵 停 最差盘压-75.1
[  444.786] TLM t= 277.7 L1·A@-76 L2·A@-76 L3·A@-76 R1·A@-75 R2·A@-76 R3·A@-76 罐=无罐 泵=0 阀=111111 速=+0,+0,+0.00 电=7.92V/2.44A/峰3.26 补余=0.0 IO错=0 倾+0.0 自动3/3
[  445.292] TLM t= 278.2 L1·A@-76 L2·A@-76 L3·A@-76 R1·A@-76 R2·A@-76 R3·A@-76 罐=无罐 泵=0 阀=111111 速=+0,+0,+0.00 电=7.95V/2.36A/峰3.26 补余=0.0 IO错=0 倾+0.0 自动3/3
[  445.805] TLM t= 278.7 L1·A@-76 L2·A@-75 L3·A@-76 R1·A@-76 R2·A@-75 R3·A@-75 罐=无罐 泵=0 阀=111111 速=+0,+0,+0.00 电=7.93V/2.36A/峰3.26 补余=0.0 IO错=0 倾+0.0 自动3/3
[  446.312] TLM t= 279.2 L1·A@-76 L2·A@-75 L3·A@-76 R1·A@-76 R2·A@-75 R3·A@-74 罐=无罐 泵=0 阀=111111 速=+0,+0,+0.00 电=7.92V/2.36A/峰3.26 补余=0.0 IO错=0 倾+0.0 自动3/3
[  446.830] TLM t= 279.7 L1·A@-76 L2·A@-74 L3·A@-76 R1·A@-75 R2·A@-74 R3·A@-74 罐=无罐 泵=0 阀=111111 速=+0,+0,+0.00 电=7.92V/2.44A/峰3.26 补余=0.0 IO错=0 倾+0.0 自动3/3
[  447.339] TLM t= 280.2 L1·A@-76 L2·A@-74 L3·A@-76 R1·A@-75 R2·A@-74 R3·A@-73 罐=无罐 泵=0 阀=111111 速=+0,+0,+0.00 电=7.94V/2.36A/峰3.26 补余=0.0 IO错=0 倾+0.0 自动3/3
[  447.853] TLM t= 280.8 L1·A@-76 L2·A@-73 L3·A@-76 R1·A@-75 R2·A@-73 R3·A@-72 罐=无罐 泵=0 阀=111111 速=+0,+0,+0.00 电=7.94V/2.44A/峰3.26 补余=0.0 IO错=0 倾+0.0 自动3/3
[  448.360] TLM t= 281.3 L1·A@-76 L2·A@-73 L3·A@-76 R1·A@-75 R2·A@-73 R3·A@-72 罐=无罐 泵=0 阀=111111 速=+0,+0,+0.00 电=7.93V/2.52A/峰3.26 补余=0.0 IO错=0 倾+0.0 自动3/3
[  448.877] TLM t= 281.8 L1·A@-76 L2·A@-73 L3·A@-76 R1·A@-75 R2·A@-73 R3·A@-71 罐=无罐 泵=0 阀=111111 速=+0,+0,+0.00 电=7.92V/2.44A/峰3.26 补余=0.0 IO错=0 倾+0.0 自动3/3
[  449.382] TLM t= 282.3 L1·A@-76 L2·A@-72 L3·A@-76 R1·A@-75 R2·A@-72 R3·A@-71 罐=无罐 泵=0 阀=111111 速=+0,+0,+0.00 电=7.93V/2.44A/峰3.26 补余=0.0 IO错=0 倾+0.0 自动3/3
[  449.904] TLM t= 282.8 L1·A@-75 L2·A@-72 L3·A@-76 R1·A@-75 R2·A@-72 R3·A@-70 罐=无罐 泵=0 阀=111111 速=+0,+0,+0.00 电=7.92V/2.52A/峰3.26 补余=0.0 IO错=0 倾+0.0 自动3/3
[  450.407] TLM t= 283.3 L1·A@-75 L2·A@-71 L3·A@-76 R1·A@-75 R2·A@-72 R3·A@-69 罐=无罐 泵=0 阀=111111 速=+0,+0,+0.00 电=7.93V/2.44A/峰3.26 补余=0.0 IO错=0 倾+0.0 自动3/3
[  450.923] TLM t= 283.8 L1·A@-75 L2·A@-71 L3·A@-76 R1·A@-75 R2·A@-71 R3·A@-69 罐=无罐 泵=0 阀=111111 速=+0,+0,+0.00 电=7.94V/2.36A/峰3.26 补余=0.0 IO错=0 倾+0.0 自动3/3
[  451.431] TLM t= 284.3 L1·A@-75 L2·A@-70 L3·A@-76 R1·A@-75 R2·A@-71 R3·A@-68 罐=无罐 泵=0 阀=111111 速=+0,+0,+0.00 电=7.92V/2.60A/峰3.26 补余=0.0 IO错=0 倾+0.0 自动3/3
[  451.946] TLM t= 284.8 L1·A@-75 L2·A@-70 L3·A@-76 R1·A@-75 R2·A@-70 R3·A@-67 罐=无罐 泵=0 阀=111111 速=+0,+0,+0.00 电=7.94V/2.44A/峰3.26 补余=0.0 IO错=0 倾+0.0 自动3/3
[  452.458] TLM t= 285.3 L1·A@-75 L2·A@-69 L3·A@-75 R1·A@-75 R2·A@-70 R3·A@-67 罐=无罐 泵=0 阀=111111 速=+0,+0,+0.00 电=7.92V/2.44A/峰3.26 补余=0.0 IO错=0 倾+0.0 自动3/3
[  452.974] TLM t= 285.9 L1·A@-75 L2·A@-69 L3·A@-75 R1·A@-75 R2·A@-70 R3·A@-66 罐=无罐 泵=0 阀=111111 速=+0,+0,+0.00 电=7.93V/2.52A/峰3.26 补余=0.0 IO错=0 倾+0.0 自动3/3
[  453.478] TLM t= 286.4 L1·A@-75 L2·A@-69 L3·A@-75 R1·A@-75 R2·A@-69 R3·A@-66 罐=无罐 泵=0 阀=111111 速=+0,+0,+0.00 电=7.94V/2.60A/峰3.26 补余=0.0 IO错=0 倾+0.0 自动3/3
[  453.995] TLM t= 286.9 L1·A@-75 L2·A@-68 L3·A@-75 R1·A@-75 R2·A@-69 R3·A@-65 罐=无罐 泵=0 阀=111111 速=+0,+0,+0.00 电=7.94V/2.44A/峰3.26 补余=0.0 IO错=0 倾+0.0 自动3/3
[  454.500] TLM t= 287.4 L1·A@-75 L2·A@-68 L3·A@-75 R1·A@-75 R2·A@-69 R3·A@-65 罐=无罐 泵=0 阀=111111 速=+0,+0,+0.00 电=7.94V/2.52A/峰3.26 补余=0.0 IO错=0 倾+0.0 自动3/3
[  455.017] TLM t= 287.9 L1·A@-75 L2·A@-67 L3·A@-75 R1·A@-75 R2·A@-68 R3·A@-64 罐=无罐 泵=0 阀=111111 速=+0,+0,+0.00 电=7.93V/2.52A/峰3.26 补余=0.0 IO错=0 倾+0.0 自动3/3
[  455.526] TLM t= 288.4 L1·A@-75 L2·A@-67 L3·A@-75 R1·A@-75 R2·A@-68 R3·A@-63 罐=无罐 泵=0 阀=111111 速=+0,+0,+0.00 电=7.93V/2.36A/峰3.26 补余=0.0 IO错=0 倾+0.0 自动3/3
[  456.040] TLM t= 288.9 L1·A@-75 L2·A@-66 L3·A@-75 R1·A@-75 R2·A@-67 R3·A@-63 罐=无罐 泵=0 阀=111111 速=+0,+0,+0.00 电=7.93V/2.44A/峰3.26 补余=0.0 IO错=0 倾+0.0 自动3/3
[  456.555] TLM t= 289.4 L1·A@-74 L2·A@-66 L3·A@-75 R1·A@-75 R2·A@-67 R3·A@-62 罐=无罐 泵=0 阀=111111 速=+0,+0,+0.00 电=7.91V/2.44A/峰3.26 补余=0.0 IO错=0 倾+0.0 自动3/3
[  457.056] TLM t= 289.9 L1·A@-74 L2·A@-66 L3·A@-75 R1·A@-75 R2·A@-67 R3·A@-62 罐=无罐 泵=0 阀=111111 速=+0,+0,+0.00 电=7.94V/2.60A/峰3.26 补余=0.0 IO错=0 倾+0.0 自动3/3
[  457.578] TLM t= 290.4 L1·A@-74 L2·A@-65 L3·A@-75 R1·A@-75 R2·A@-66 R3·A@-61 罐=无罐 泵=0 阀=111111 速=+0,+0,+0.00 电=7.94V/2.77A/峰3.26 补余=0.0 IO错=0 倾+0.0 自动3/3
[  458.080] TLM t= 290.9 L1·A@-74 L2·A@-65 L3·A@-75 R1·A@-75 R2·A@-66 R3·A@-60 罐=无罐 泵=0 阀=111111 速=+0,+0,+0.00 电=7.92V/2.52A/峰3.26 补余=0.0 IO错=0 倾+0.0 自动3/3
[  458.554] EVT 泵 开 最差盘压-59.9
[  458.604] TLM t= 291.5 L1·A@-74 L2·A@-64 L3·A@-75 R1·A@-75 R2·A@-66 R3·A@-60 罐=无罐 泵=1 阀=111111 速=+0,+0,+0.00 电=7.84V/2.52A/峰3.26 补余=0.0 IO错=0 倾+0.0 自动3/3
[  459.105] TLM t= 292.0 L1·A@-74 L2·A@-71 L3·A@-75 R1·A@-75 R2·A@-71 R3·A@-71 罐=无罐 泵=1 阀=111111 速=+0,+0,+0.00 电=7.86V/2.44A/峰3.26 补余=0.0 IO错=0 倾+0.0 自动3/3
[  459.441] EVT 泵 停 最差盘压-75.1
[  459.632] TLM t= 292.5 L1·A@-76 L2·A@-76 L3·A@-76 R1·A@-76 R2·A@-76 R3·A@-76 罐=无罐 泵=0 阀=111111 速=+0,+0,+0.00 电=7.93V/2.52A/峰3.26 补余=0.0 IO错=0 倾+0.0 自动3/3
[  459.862] EVT 实验序列完成
[  460.135] TLM t= 293.0 L1·A@-76 L2·A@-76 L3·A@-76 R1·A@-76 R2·A@-76 R3·A@-76 罐=无罐 泵=0 阀=111111 速=+0,+0,+0.00 电=7.93V/2.52A/峰3.26 补余=0.0 IO错=0 倾+0.0
[  460.658] TLM t= 293.5 L1·A@-76 L2·A@-75 L3·A@-76 R1·A@-76 R2·A@-75 R3·A@-75 罐=无罐 泵=0 阀=111111 速=+0,+0,+0.00 电=7.93V/2.44A/峰3.26 补余=0.0 IO错=0 倾+0.0
[  461.164] TLM t= 294.0 L1·A@-76 L2·A@-75 L3·A@-76 R1·A@-76 R2·A@-75 R3·A@-74 罐=无罐 泵=0 阀=111111 速=+0,+0,+0.00 电=7.92V/2.60A/峰3.26 补余=0.0 IO错=0 倾+0.0
[  461.663] TLM t= 294.5 L1·A@-76 L2·A@-74 L3·A@-76 R1·A@-76 R2·A@-74 R3·A@-74 罐=无罐 泵=0 阀=111111 速=+0,+0,+0.00 电=7.92V/2.36A/峰3.26 补余=0.0 IO错=0 倾+0.0
[  462.166] TLM t= 295.0 L1·A@-76 L2·A@-74 L3·A@-76 R1·A@-76 R2·A@-74 R3·A@-73 罐=无罐 泵=0 阀=111111 速=+0,+0,+0.00 电=7.94V/2.52A/峰3.26 补余=0.0 IO错=0 倾+0.0
[  462.672] TLM t= 295.5 L1·A@-76 L2·A@-73 L3·A@-76 R1·A@-76 R2·A@-73 R3·A@-72 罐=无罐 泵=0 阀=111111 速=+0,+0,+0.00 电=7.92V/2.44A/峰3.26 补余=0.0 IO错=0 倾+0.0
[  463.193] TLM t= 296.0 L1·A@-76 L2·A@-73 L3·A@-76 R1·A@-76 R2·A@-73 R3·A@-72 罐=无罐 泵=0 阀=111111 速=+0,+0,+0.00 电=7.92V/2.52A/峰3.26 补余=0.0 IO错=0 倾+0.0
[  463.698] TLM t= 296.5 L1·A@-76 L2·A@-73 L3·A@-76 R1·A@-75 R2·A@-73 R3·A@-71 罐=无罐 泵=0 阀=111111 速=+0,+0,+0.00 电=7.93V/2.36A/峰3.26 补余=0.0 IO错=0 倾+0.0
[  464.220] TLM t= 297.0 L1·A@-76 L2·A@-72 L3·A@-76 R1·A@-75 R2·A@-72 R3·A@-70 罐=无罐 泵=0 阀=111111 速=+0,+0,+0.00 电=7.92V/2.44A/峰3.26 补余=0.0 IO错=0 倾+0.0
[  464.721] TLM t= 297.5 L1·A@-76 L2·A@-72 L3·A@-76 R1·A@-75 R2·A@-72 R3·A@-70 罐=无罐 泵=0 阀=111111 速=+0,+0,+0.00 电=7.92V/2.69A/峰3.26 补余=0.0 IO错=0 倾+0.0
[  465.242] TLM t= 298.1 L1·A@-75 L2·A@-71 L3·A@-76 R1·A@-75 R2·A@-72 R3·A@-69 罐=无罐 泵=0 阀=111111 速=+0,+0,+0.00 电=7.91V/2.52A/峰3.26 补余=0.0 IO错=0 倾+0.0
[  465.749] TLM t= 298.6 L1·A@-75 L2·A@-71 L3·A@-76 R1·A@-75 R2·A@-71 R3·A@-69 罐=无罐 泵=0 阀=111111 速=+0,+0,+0.00 电=7.91V/2.44A/峰3.26 补余=0.0 IO错=0 倾+0.0
[  466.268] TLM t= 299.1 L1·A@-75 L2·A@-70 L3·A@-76 R1·A@-75 R2·A@-71 R3·A@-68 罐=无罐 泵=0 阀=111111 速=+0,+0,+0.00 电=7.94V/2.44A/峰3.26 补余=0.0 IO错=0 倾+0.0
[  466.770] TLM t= 299.6 L1·A@-75 L2·A@-70 L3·A@-76 R1·A@-75 R2·A@-70 R3·A@-67 罐=无罐 泵=0 阀=111111 速=+0,+0,+0.00 电=7.91V/2.44A/峰3.26 补余=0.0 IO错=0 倾+0.0
[  467.295] TLM t= 300.1 L1·A@-75 L2·A@-70 L3·A@-76 R1·A@-75 R2·A@-70 R3·A@-67 罐=无罐 泵=0 阀=111111 速=+0,+0,+0.00 电=7.93V/2.60A/峰3.26 补余=0.0 IO错=0 倾+0.0
[  467.797] TLM t= 300.6 L1·A@-75 L2·A@-69 L3·A@-75 R1·A@-75 R2·A@-70 R3·A@-66 罐=无罐 泵=0 阀=111111 速=+0,+0,+0.00 电=7.92V/2.36A/峰3.26 补余=0.0 IO错=0 倾+0.0
[  468.319] TLM t= 301.1 L1·A@-75 L2·A@-69 L3·A@-75 R1·A@-75 R2·A@-69 R3·A@-66 罐=无罐 泵=0 阀=111111 速=+0,+0,+0.00 电=7.91V/2.44A/峰3.26 补余=0.0 IO错=0 倾+0.0
[  468.823] TLM t= 301.6 L1·A@-75 L2·A@-68 L3·A@-75 R1·A@-75 R2·A@-69 R3·A@-65 罐=无罐 泵=0 阀=111111 速=+0,+0,+0.00 电=7.93V/2.44A/峰3.26 补余=0.0 IO错=0 倾+0.0
[  469.347] TLM t= 302.1 L1·A@-75 L2·A@-68 L3·A@-75 R1·A@-75 R2·A@-69 R3·A@-64 罐=无罐 泵=0 阀=111111 速=+0,+0,+0.00 电=7.92V/2.44A/峰3.26 补余=0.0 IO错=0 倾+0.0
[  469.850] TLM t= 302.6 L1·A@-75 L2·A@-67 L3·A@-75 R1·A@-75 R2·A@-68 R3·A@-64 罐=无罐 泵=0 阀=111111 速=+0,+0,+0.00 电=7.93V/2.28A/峰3.26 补余=0.0 IO错=0 倾+0.0
[  470.377] TLM t= 303.2 L1·A@-75 L2·A@-67 L3·A@-75 R1·A@-75 R2·A@-68 R3·A@-63 罐=无罐 泵=0 阀=111111 速=+0,+0,+0.00 电=7.93V/2.52A/峰3.26 补余=0.0 IO错=0 倾+0.0
[  470.882] TLM t= 303.7 L1·A@-75 L2·A@-66 L3·A@-75 R1·A@-75 R2·A@-67 R3·A@-63 罐=无罐 泵=0 阀=111111 速=+0,+0,+0.00 电=7.91V/2.60A/峰3.26 补余=0.0 IO错=0 倾+0.0
[  471.403] TLM t= 304.2 L1·A@-75 L2·A@-66 L3·A@-75 R1·A@-75 R2·A@-67 R3·A@-62 罐=无罐 泵=0 阀=111111 速=+0,+0,+0.00 电=7.91V/2.60A/峰3.26 补余=0.0 IO错=0 倾+0.0
[  471.906] TLM t= 304.7 L1·A@-74 L2·A@-66 L3·A@-75 R1·A@-75 R2·A@-67 R3·A@-62 罐=无罐 泵=0 阀=111111 速=+0,+0,+0.00 电=7.93V/2.52A/峰3.26 补余=0.0 IO错=0 倾+0.0
[  472.428] TLM t= 305.2 L1·A@-74 L2·A@-65 L3·A@-75 R1·A@-75 R2·A@-66 R3·A@-61 罐=无罐 泵=0 阀=111111 速=+0,+0,+0.00 电=7.93V/2.44A/峰3.26 补余=0.0 IO错=0 倾+0.0
[  472.935] TLM t= 305.7 L1·A@-74 L2·A@-65 L3·A@-75 R1·A@-75 R2·A@-66 R3·A@-60 罐=无罐 泵=0 阀=111111 速=+0,+0,+0.00 电=7.94V/2.44A/峰3.26 补余=0.0 IO错=0 倾+0.0
[  473.284] EVT 泵 开 最差盘压-59.9
[  473.455] TLM t= 306.2 L1·A@-74 L2·A@-64 L3·A@-75 R1·A@-75 R2·A@-66 R3·A@-60 罐=无罐 泵=1 阀=111111 速=+0,+0,+0.00 电=7.89V/2.52A/峰3.26 补余=0.0 IO错=0 倾+0.0
[  473.960] TLM t= 306.7 L1·A@-74 L2·A@-74 L3·A@-75 R1·A@-75 R2·A@-74 R3·A@-74 罐=无罐 泵=1 阀=111111 速=+0,+0,+0.00 电=7.90V/2.44A/峰3.26 补余=0.0 IO错=0 倾+0.0
[  474.170] EVT 泵 停 最差盘压-75.1
[  474.478] TLM t= 307.2 L1·A@-76 L2·A@-76 L3·A@-76 R1·A@-76 R2·A@-76 R3·A@-76 罐=无罐 泵=0 阀=111111 速=+0,+0,+0.00 电=7.93V/2.44A/峰3.26 补余=0.0 IO错=0 倾+0.0
[  474.981] TLM t= 307.7 L1·A@-76 L2·A@-76 L3·A@-76 R1·A@-76 R2·A@-75 R3·A@-75 罐=无罐 泵=0 阀=111111 速=+0,+0,+0.00 电=7.92V/2.52A/峰3.26 补余=0.0 IO错=0 倾+0.0
[  475.500] TLM t= 308.3 L1·A@-76 L2·A@-75 L3·A@-76 R1·A@-76 R2·A@-75 R3·A@-75 罐=无罐 泵=0 阀=111111 速=+0,+0,+0.00 电=7.94V/2.20A/峰3.26 补余=0.0 IO错=0 倾+0.0
[  476.003] TLM t= 308.8 L1·A@-76 L2·A@-75 L3·A@-76 R1·A@-76 R2·A@-75 R3·A@-74 罐=无罐 泵=0 阀=111111 速=+0,+0,+0.00 电=7.94V/2.04A/峰3.26 补余=0.0 IO错=0 倾+0.0
[  476.526] TLM t= 309.3 L1·A@-76 L2·A@-74 L3·A@-76 R1·A@-76 R2·A@-74 R3·A@-73 罐=无罐 泵=0 阀=111111 速=+0,+0,+0.00 电=7.94V/1.95A/峰3.26 补余=0.0 IO错=0 倾+0.0
[  476.694] EVT 键 'o' 倾=+0.0待=+0.0
[  476.894] EVT 取机窗口：停泵 → 逐足串行排气（0.2s 间隔）→ 六足舵机撑住（泵禁开）
[  477.041] TLM t= 309.6 L1·A@-76 L2·A@-74 L3·A@-76 R1·A@-76 R2·A@-74 R3·A@-73 罐=无罐 泵=0 阀=111111 速=+0,+0,+0.00 电=7.96V/1.71A/峰3.26 补余=0.0 IO错=0 取机放气
[  477.310] EVT 吸附 L1 attached→venting 在态118.24s -75.7kPa
[  477.318] EVT 阀 L1 →排气位
[  477.560] TLM t= 309.6 L1·v@-76 L2·A@-73 L3·A@-76 R1·A@-76 R2·A@-73 R3·A@-72 罐=无罐 泵=0 阀=011111 速=+0,+0,+0.00 电=7.98V/1.22A/峰3.26 补余=0.0 IO错=0 取机放气
[  477.585] EVT 吸附 L2 attached→venting 在态47.34s -73.4kPa
[  477.593] EVT 阀 L2 →排气位
[  477.837] EVT 吸附 L3 attached→venting 在态83.46s -76.0kPa
[  477.839] EVT 吸附 L1 venting→released 在态0.42s 0.1kPa
[  477.845] EVT 阀 L3 →排气位
[  478.068] EVT 吸附 R1 attached→venting 在态65.22s -75.6kPa
[  478.071] EVT 吸附 L2 venting→released 在态0.42s 0.3kPa
[  478.073] EVT 阀 R1 →排气位
[  478.079] TLM t= 309.6 L1·r@-- L2·r@-- L3·v@-76 R1·v@-76 R2·A@-73 R3·A@-71 罐=无罐 泵=0 阀=000011 速=+0,+0,+0.00 电=7.97V/0.81A/峰3.26 补余=0.0 IO错=0 取机放气
[  478.295] EVT 吸附 R2 attached→venting 在态101.80s -72.8kPa
[  478.298] EVT 吸附 L3 venting→released 在态0.42s 0.1kPa
[  478.298] EVT 阀 R2 →排气位
[  478.506] EVT 吸附 R3 attached→venting 在态137.52s -70.7kPa
[  478.509] EVT 吸附 R1 venting→released 在态0.42s -0.1kPa
[  478.509] EVT 阀 R3 →排气位
[  478.591] TLM t= 309.6 L1·r@-- L2·r@-- L3·r@-- R1·r@-- R2·v@-73 R3·v@-71 罐=无罐 泵=0 阀=000000 速=+0,+0,+0.00 电=7.94V/0.81A/峰3.26 补余=0.0 IO错=0 取机放气
[  478.717] EVT 键 'o' 倾=+0.0待=+0.0（已放开）
[  478.719] EVT 吸附 R2 venting→released 在态0.42s -0.0kPa
[  478.720] EVT ⚠ 主环卡顿 1826ms（目标 20ms）
[  478.903] EVT 吸附 R3 venting→released 在态0.42s 0.2kPa
[  479.112] TLM t= 310.1 L1·r@-- L2·r@-- L3·r@-- R1·r@-- R2·r@-- R3·r@-- 罐=无罐 泵=0 阀=000000 速=+0,+0,+0.00 电=7.95V/0.73A/峰3.26 补余=0.0 IO错=0 倾+0.0 已放开
[  479.610] TLM t= 310.6 L1·r@-- L2·r@-- L3·r@-- R1·r@-- R2·r@-- R3·r@-- 罐=无罐 泵=0 阀=000000 速=+0,+0,+0.00 电=7.94V/0.65A/峰3.26 补余=0.0 IO错=0 倾+0.0 已放开
[  480.112] TLM t= 311.1 L1·r@-- L2·r@-- L3·r@-- R1·r@-- R2·r@-- R3·r@-- 罐=无罐 泵=0 阀=000000 速=+0,+0,+0.00 电=7.94V/0.73A/峰3.26 补余=0.0 IO错=0 倾+0.0 已放开
[  480.616] TLM t= 311.6 L1·r@-- L2·r@-- L3·r@-- R1·r@-- R2·r@-- R3·r@-- 罐=无罐 泵=0 阀=000000 速=+0,+0,+0.00 电=7.94V/0.73A/峰3.26 补余=0.0 IO错=0 倾+0.0 已放开
[  481.118] TLM t= 312.1 L1·r@-- L2·r@-- L3·r@-- R1·r@-- R2·r@-- R3·r@-- 罐=无罐 泵=0 阀=000000 速=+0,+0,+0.00 电=7.95V/0.49A/峰3.26 补余=0.0 IO错=0 倾+0.0 已放开
[  481.619] TLM t= 312.6 L1·r@-- L2·r@-- L3·r@-- R1·r@-- R2·r@-- R3·r@-- 罐=无罐 泵=0 阀=000000 速=+0,+0,+0.00 电=7.95V/0.57A/峰3.26 补余=0.0 IO错=0 倾+0.0 已放开
[  482.128] TLM t= 313.1 L1·r@-- L2·r@-- L3·r@-- R1·r@-- R2·r@-- R3·r@-- 罐=无罐 泵=0 阀=000000 速=+0,+0,+0.00 电=7.93V/0.81A/峰3.26 补余=0.0 IO错=0 倾+0.0 已放开
[  482.629] TLM t= 313.6 L1·r@-- L2·r@-- L3·r@-- R1·r@-- R2·r@-- R3·r@-- 罐=无罐 泵=0 阀=000000 速=+0,+0,+0.00 电=7.93V/0.81A/峰3.26 补余=0.0 IO错=0 倾+0.0 已放开
[  483.130] TLM t= 314.1 L1·r@-- L2·r@-- L3·r@-- R1·r@-- R2·r@-- R3·r@-- 罐=无罐 泵=0 阀=000000 速=+0,+0,+0.00 电=7.93V/0.81A/峰3.26 补余=0.0 IO错=0 倾+0.0 已放开
[  483.633] TLM t= 314.6 L1·r@-- L2·r@-- L3·r@-- R1·r@-- R2·r@-- R3·r@-- 罐=无罐 泵=0 阀=000000 速=+0,+0,+0.00 电=7.93V/0.81A/峰3.26 补余=0.0 IO错=0 倾+0.0 已放开
[  484.137] TLM t= 315.1 L1·r@-- L2·r@-- L3·r@-- R1·r@-- R2·r@-- R3·r@-- 罐=无罐 泵=0 阀=000000 速=+0,+0,+0.00 电=7.93V/0.90A/峰3.26 补余=0.0 IO错=0 倾+0.0 已放开
[  484.633] TLM t= 315.6 L1·r@-- L2·r@-- L3·r@-- R1·r@-- R2·r@-- R3·r@-- 罐=无罐 泵=0 阀=000000 速=+0,+0,+0.00 电=7.92V/0.90A/峰3.26 补余=0.0 IO错=0 倾+0.0 已放开
[  485.135] TLM t= 316.1 L1·r@-- L2·r@-- L3·r@-- R1·r@-- R2·r@-- R3·r@-- 罐=无罐 泵=0 阀=000000 速=+0,+0,+0.00 电=7.92V/0.81A/峰3.26 补余=0.0 IO错=0 倾+0.0 已放开
[  485.642] TLM t= 316.6 L1·r@-- L2·r@-- L3·r@-- R1·r@-- R2·r@-- R3·r@-- 罐=无罐 泵=0 阀=000000 速=+0,+0,+0.00 电=7.93V/0.81A/峰3.26 补余=0.0 IO错=0 倾+0.0 已放开
[  486.140] TLM t= 317.1 L1·r@-- L2·r@-- L3·r@-- R1·r@-- R2·r@-- R3·r@-- 罐=无罐 泵=0 阀=000000 速=+0,+0,+0.00 电=7.93V/0.81A/峰3.26 补余=0.0 IO错=0 倾+0.0 已放开
[  486.641] TLM t= 317.6 L1·r@-- L2·r@-- L3·r@-- R1·r@-- R2·r@-- R3·r@-- 罐=无罐 泵=0 阀=000000 速=+0,+0,+0.00 电=7.92V/0.81A/峰3.26 补余=0.0 IO错=0 倾+0.0 已放开
[  487.142] TLM t= 318.1 L1·r@-- L2·r@-- L3·r@-- R1·r@-- R2·r@-- R3·r@-- 罐=无罐 泵=0 阀=000000 速=+0,+0,+0.00 电=7.92V/0.90A/峰3.26 补余=0.0 IO错=0 倾+0.0 已放开
[  487.642] TLM t= 318.6 L1·r@-- L2·r@-- L3·r@-- R1·r@-- R2·r@-- R3·r@-- 罐=无罐 泵=0 阀=000000 速=+0,+0,+0.00 电=7.93V/0.81A/峰3.26 补余=0.0 IO错=0 倾+0.0 已放开
[  488.145] TLM t= 319.1 L1·r@-- L2·r@-- L3·r@-- R1·r@-- R2·r@-- R3·r@-- 罐=无罐 泵=0 阀=000000 速=+0,+0,+0.00 电=7.93V/0.90A/峰3.26 补余=0.0 IO错=0 倾+0.0 已放开
[  488.646] TLM t= 319.6 L1·r@-- L2·r@-- L3·r@-- R1·r@-- R2·r@-- R3·r@-- 罐=无罐 泵=0 阀=000000 速=+0,+0,+0.00 电=7.93V/0.90A/峰3.26 补余=0.0 IO错=0 倾+0.0 已放开
[  489.146] TLM t= 320.1 L1·r@-- L2·r@-- L3·r@-- R1·r@-- R2·r@-- R3·r@-- 罐=无罐 泵=0 阀=000000 速=+0,+0,+0.00 电=7.93V/0.81A/峰3.26 补余=0.0 IO错=0 倾+0.0 已放开
[  489.650] TLM t= 320.6 L1·r@-- L2·r@-- L3·r@-- R1·r@-- R2·r@-- R3·r@-- 罐=无罐 泵=0 阀=000000 速=+0,+0,+0.00 电=7.93V/0.81A/峰3.26 补余=0.0 IO错=0 倾+0.0 已放开
[  490.151] TLM t= 321.1 L1·r@-- L2·r@-- L3·r@-- R1·r@-- R2·r@-- R3·r@-- 罐=无罐 泵=0 阀=000000 速=+0,+0,+0.00 电=7.93V/0.81A/峰3.26 补余=0.0 IO错=0 倾+0.0 已放开
[  490.653] TLM t= 321.6 L1·r@-- L2·r@-- L3·r@-- R1·r@-- R2·r@-- R3·r@-- 罐=无罐 泵=0 阀=000000 速=+0,+0,+0.00 电=7.93V/0.90A/峰3.26 补余=0.0 IO错=0 倾+0.0 已放开
[  490.803] EVT 键 '\x1b' 倾=+0.0待=+0.0（已放开）
[  490.964] EVT 退出序列：停泵 → 逐足串行放气（通→断，0.2s 间隔） → 舵机断电（不回站姿）
[  491.272] TLM t= 321.8 L1·r@-- L2·r@-- L3·r@-- R1·r@-- R2·r@-- R3·r@-- 罐=无罐 泵=0 阀=000000 速=+0,+0,+0.00 电=7.92V/0.90A/峰3.26 补余=0.0 IO错=0 退出放气
[  491.297] EVT 阀 L1 →抽气位
[  491.518] EVT 阀 L2 →抽气位
[  491.739] EVT 阀 L3 →抽气位
[  491.785] TLM t= 321.8 L1·r@-- L2·r@-- L3·r@-- R1·r@-- R2·r@-- R3·r@-- 罐=无罐 泵=0 阀=111000 速=+0,+0,+0.00 电=7.97V/0.90A/峰3.26 补余=0.0 IO错=0 退出放气
[  491.966] EVT 阀 R1 →抽气位
[  492.187] EVT 阀 R2 →抽气位
[  492.293] TLM t= 321.8 L1·r@-- L2·r@-- L3·r@-- R1·r@-- R2·r@-- R3·r@-- 罐=无罐 泵=0 阀=111110 速=+0,+0,+0.00 电=7.99V/0.81A/峰3.26 补余=0.0 IO错=0 退出放气
[  492.419] EVT 阀 R3 →抽气位
[  492.619] EVT 退出：阀线圈已断电（coils_off）
[  492.725] EVT 退出序列完成（舵机断电）
[  492.726] EVT END 正常退出
