# 开跑 2026-08-31 16:41:36  argv: scripts/body_lean.py --no-tank --stand-height 62 --tilt-trim 6 --handover L1:31,R1:33,L3:29,R3:22,R2:22,L2:24 --handover-weights --handover-rate 20
# git: 822bd70
# 模式=no-tank port=/dev/ttyACM0
# 参数: lean_step=5mm lean_speed=10mm/s press_delta=18mm stand=62 tilt_trim=6° handover=L1:31,L2:24,L3:29,R1:33,R2:22,R3:22 handover_rate=20 mark_settle=60 dual=0
# 阈值: ATTACH=-30.0 PUMP_ON=-60.0 PUMP_OFF=-75.0 comp_tail=72.3mm suck_timeout=2.5s
[    2.484] EVT 缓慢站起（竖直升至爬墙站位）
[    6.591] EVT 爬墙站位就位，进入就位暂停
# handover_slot_w=0.600,0.250,0.100,0.050,0.000
[    6.705] TLM t=   0.0 L1·r@-- L2·r@-- L3·r@-- R1·r@-- R2·r@-- R3·r@-- 罐=无罐 泵=0 阀=000000 速=+0,+0,+0.00 电=8.09V/1.38A/峰1.38 补余=0.0 IO错=0 就位暂停
[    7.213] TLM t=   0.0 L1·r@-- L2·r@-- L3·r@-- R1·r@-- R2·r@-- R3·r@-- 罐=无罐 泵=0 阀=000000 速=+0,+0,+0.00 电=8.07V/1.47A/峰1.47 补余=0.0 IO错=0 就位暂停
[    7.718] TLM t=   0.0 L1·r@-- L2·r@-- L3·r@-- R1·r@-- R2·r@-- R3·r@-- 罐=无罐 泵=0 阀=000000 速=+0,+0,+0.00 电=8.06V/1.38A/峰1.47 补余=0.0 IO错=0 就位暂停
[    8.229] TLM t=   0.0 L1·r@-- L2·r@-- L3·r@-- R1·r@-- R2·r@-- R3·r@-- 罐=无罐 泵=0 阀=000000 速=+0,+0,+0.00 电=8.08V/1.55A/峰1.55 补余=0.0 IO错=0 就位暂停
[    8.732] TLM t=   0.0 L1·r@-- L2·r@-- L3·r@-- R1·r@-- R2·r@-- R3·r@-- 罐=无罐 泵=0 阀=000000 速=+0,+0,+0.00 电=8.08V/1.30A/峰1.55 补余=0.0 IO错=0 就位暂停
[    9.244] TLM t=   0.0 L1·r@-- L2·r@-- L3·r@-- R1·r@-- R2·r@-- R3·r@-- 罐=无罐 泵=0 阀=000000 速=+0,+0,+0.00 电=8.07V/1.47A/峰1.55 补余=0.0 IO错=0 就位暂停
[    9.748] TLM t=   0.0 L1·r@-- L2·r@-- L3·r@-- R1·r@-- R2·r@-- R3·r@-- 罐=无罐 泵=0 阀=000000 速=+0,+0,+0.00 电=8.06V/1.47A/峰1.55 补余=0.0 IO错=0 就位暂停
[   10.260] TLM t=   0.0 L1·r@-- L2·r@-- L3·r@-- R1·r@-- R2·r@-- R3·r@-- 罐=无罐 泵=0 阀=000000 速=+0,+0,+0.00 电=8.05V/1.47A/峰1.55 补余=0.0 IO错=0 就位暂停
[   10.765] TLM t=   0.0 L1·r@-- L2·r@-- L3·r@-- R1·r@-- R2·r@-- R3·r@-- 罐=无罐 泵=0 阀=000000 速=+0,+0,+0.00 电=8.06V/1.47A/峰1.55 补余=0.0 IO错=0 就位暂停
[   11.277] TLM t=   0.0 L1·r@-- L2·r@-- L3·r@-- R1·r@-- R2·r@-- R3·r@-- 罐=无罐 泵=0 阀=000000 速=+0,+0,+0.00 电=8.07V/1.38A/峰1.55 补余=0.0 IO错=0 就位暂停
[   11.780] TLM t=   0.0 L1·r@-- L2·r@-- L3·r@-- R1·r@-- R2·r@-- R3·r@-- 罐=无罐 泵=0 阀=000000 速=+0,+0,+0.00 电=8.06V/1.30A/峰1.55 补余=0.0 IO错=0 就位暂停
[   12.290] TLM t=   0.0 L1·r@-- L2·r@-- L3·r@-- R1·r@-- R2·r@-- R3·r@-- 罐=无罐 泵=0 阀=000000 速=+0,+0,+0.00 电=8.08V/1.30A/峰1.55 补余=0.0 IO错=0 就位暂停
[   12.793] TLM t=   0.0 L1·r@-- L2·r@-- L3·r@-- R1·r@-- R2·r@-- R3·r@-- 罐=无罐 泵=0 阀=000000 速=+0,+0,+0.00 电=8.07V/1.30A/峰1.55 补余=0.0 IO错=0 就位暂停
[   13.310] TLM t=   0.0 L1·r@-- L2·r@-- L3·r@-- R1·r@-- R2·r@-- R3·r@-- 罐=无罐 泵=0 阀=000000 速=+0,+0,+0.00 电=8.08V/1.38A/峰1.55 补余=0.0 IO错=0 就位暂停
[   13.814] TLM t=   0.0 L1·r@-- L2·r@-- L3·r@-- R1·r@-- R2·r@-- R3·r@-- 罐=无罐 泵=0 阀=000000 速=+0,+0,+0.00 电=8.09V/1.30A/峰1.55 补余=0.0 IO错=0 就位暂停
[   14.325] TLM t=   0.0 L1·r@-- L2·r@-- L3·r@-- R1·r@-- R2·r@-- R3·r@-- 罐=无罐 泵=0 阀=000000 速=+0,+0,+0.00 电=8.07V/1.30A/峰1.55 补余=0.0 IO错=0 就位暂停
[   14.830] TLM t=   0.0 L1·r@-- L2·r@-- L3·r@-- R1·r@-- R2·r@-- R3·r@-- 罐=无罐 泵=0 阀=000000 速=+0,+0,+0.00 电=8.08V/1.30A/峰1.55 补余=0.0 IO错=0 就位暂停
[   15.345] TLM t=   0.0 L1·r@-- L2·r@-- L3·r@-- R1·r@-- R2·r@-- R3·r@-- 罐=无罐 泵=0 阀=000000 速=+0,+0,+0.00 电=8.06V/1.38A/峰1.55 补余=0.0 IO错=0 就位暂停
[   15.851] TLM t=   0.0 L1·r@-- L2·r@-- L3·r@-- R1·r@-- R2·r@-- R3·r@-- 罐=无罐 泵=0 阀=000000 速=+0,+0,+0.00 电=8.07V/1.38A/峰1.55 补余=0.0 IO错=0 就位暂停
[   16.363] TLM t=   0.0 L1·r@-- L2·r@-- L3·r@-- R1·r@-- R2·r@-- R3·r@-- 罐=无罐 泵=0 阀=000000 速=+0,+0,+0.00 电=8.08V/1.38A/峰1.55 补余=0.0 IO错=0 就位暂停
[   16.867] TLM t=   0.0 L1·r@-- L2·r@-- L3·r@-- R1·r@-- R2·r@-- R3·r@-- 罐=无罐 泵=0 阀=000000 速=+0,+0,+0.00 电=8.08V/1.38A/峰1.55 补余=0.0 IO错=0 就位暂停
[   17.378] TLM t=   0.0 L1·r@-- L2·r@-- L3·r@-- R1·r@-- R2·r@-- R3·r@-- 罐=无罐 泵=0 阀=000000 速=+0,+0,+0.00 电=8.08V/1.38A/峰1.55 补余=0.0 IO错=0 就位暂停
[   17.884] TLM t=   0.0 L1·r@-- L2·r@-- L3·r@-- R1·r@-- R2·r@-- R3·r@-- 罐=无罐 泵=0 阀=000000 速=+0,+0,+0.00 电=8.08V/1.38A/峰1.55 补余=0.0 IO错=0 就位暂停
[   18.396] TLM t=   0.0 L1·r@-- L2·r@-- L3·r@-- R1·r@-- R2·r@-- R3·r@-- 罐=无罐 泵=0 阀=000000 速=+0,+0,+0.00 电=8.08V/1.38A/峰1.55 补余=0.0 IO错=0 就位暂停
[   18.904] TLM t=   0.0 L1·r@-- L2·r@-- L3·r@-- R1·r@-- R2·r@-- R3·r@-- 罐=无罐 泵=0 阀=000000 速=+0,+0,+0.00 电=8.08V/1.38A/峰1.55 补余=0.0 IO错=0 就位暂停
[   19.415] TLM t=   0.0 L1·r@-- L2·r@-- L3·r@-- R1·r@-- R2·r@-- R3·r@-- 罐=无罐 泵=0 阀=000000 速=+0,+0,+0.00 电=8.07V/1.38A/峰1.55 补余=0.0 IO错=0 就位暂停
[   19.919] TLM t=   0.0 L1·r@-- L2·r@-- L3·r@-- R1·r@-- R2·r@-- R3·r@-- 罐=无罐 泵=0 阀=000000 速=+0,+0,+0.00 电=8.07V/1.38A/峰1.55 补余=0.0 IO错=0 就位暂停
[   20.432] TLM t=   0.0 L1·r@-- L2·r@-- L3·r@-- R1·r@-- R2·r@-- R3·r@-- 罐=无罐 泵=0 阀=000000 速=+0,+0,+0.00 电=8.07V/1.38A/峰1.55 补余=0.0 IO错=0 就位暂停
[   20.937] TLM t=   0.0 L1·r@-- L2·r@-- L3·r@-- R1·r@-- R2·r@-- R3·r@-- 罐=无罐 泵=0 阀=000000 速=+0,+0,+0.00 电=8.08V/1.30A/峰1.55 补余=0.0 IO错=0 就位暂停
[   21.449] TLM t=   0.0 L1·r@-- L2·r@-- L3·r@-- R1·r@-- R2·r@-- R3·r@-- 罐=无罐 泵=0 阀=000000 速=+0,+0,+0.00 电=8.08V/1.30A/峰1.55 补余=0.0 IO错=0 就位暂停
[   21.958] TLM t=   0.0 L1·r@-- L2·r@-- L3·r@-- R1·r@-- R2·r@-- R3·r@-- 罐=无罐 泵=0 阀=000000 速=+0,+0,+0.00 电=8.06V/1.30A/峰1.55 补余=0.0 IO错=0 就位暂停
[   22.468] TLM t=   0.0 L1·r@-- L2·r@-- L3·r@-- R1·r@-- R2·r@-- R3·r@-- 罐=无罐 泵=0 阀=000000 速=+0,+0,+0.00 电=8.08V/1.38A/峰1.55 补余=0.0 IO错=0 就位暂停
[   22.975] TLM t=   0.0 L1·r@-- L2·r@-- L3·r@-- R1·r@-- R2·r@-- R3·r@-- 罐=无罐 泵=0 阀=000000 速=+0,+0,+0.00 电=8.07V/1.47A/峰1.55 补余=0.0 IO错=0 就位暂停
[   23.484] TLM t=   0.0 L1·r@-- L2·r@-- L3·r@-- R1·r@-- R2·r@-- R3·r@-- 罐=无罐 泵=0 阀=000000 速=+0,+0,+0.00 电=8.08V/1.38A/峰1.55 补余=0.0 IO错=0 就位暂停
[   23.991] TLM t=   0.0 L1·r@-- L2·r@-- L3·r@-- R1·r@-- R2·r@-- R3·r@-- 罐=无罐 泵=0 阀=000000 速=+0,+0,+0.00 电=8.08V/1.38A/峰1.55 补余=0.0 IO错=0 就位暂停
[   24.504] TLM t=   0.0 L1·r@-- L2·r@-- L3·r@-- R1·r@-- R2·r@-- R3·r@-- 罐=无罐 泵=0 阀=000000 速=+0,+0,+0.00 电=8.08V/1.30A/峰1.55 补余=0.0 IO错=0 就位暂停
[   25.009] TLM t=   0.0 L1·r@-- L2·r@-- L3·r@-- R1·r@-- R2·r@-- R3·r@-- 罐=无罐 泵=0 阀=000000 速=+0,+0,+0.00 电=8.07V/1.38A/峰1.55 补余=0.0 IO错=0 就位暂停
[   25.523] TLM t=   0.0 L1·r@-- L2·r@-- L3·r@-- R1·r@-- R2·r@-- R3·r@-- 罐=无罐 泵=0 阀=000000 速=+0,+0,+0.00 电=8.07V/1.38A/峰1.55 补余=0.0 IO错=0 就位暂停
[   26.032] TLM t=   0.0 L1·r@-- L2·r@-- L3·r@-- R1·r@-- R2·r@-- R3·r@-- 罐=无罐 泵=0 阀=000000 速=+0,+0,+0.00 电=8.06V/1.30A/峰1.55 补余=0.0 IO错=0 就位暂停
[   26.542] TLM t=   0.0 L1·r@-- L2·r@-- L3·r@-- R1·r@-- R2·r@-- R3·r@-- 罐=无罐 泵=0 阀=000000 速=+0,+0,+0.00 电=8.06V/1.38A/峰1.55 补余=0.0 IO错=0 就位暂停
[   27.050] TLM t=   0.0 L1·r@-- L2·r@-- L3·r@-- R1·r@-- R2·r@-- R3·r@-- 罐=无罐 泵=0 阀=000000 速=+0,+0,+0.00 电=8.07V/1.38A/峰1.55 补余=0.0 IO错=0 就位暂停
[   27.562] TLM t=   0.0 L1·r@-- L2·r@-- L3·r@-- R1·r@-- R2·r@-- R3·r@-- 罐=无罐 泵=0 阀=000000 速=+0,+0,+0.00 电=8.07V/1.38A/峰1.55 补余=0.0 IO错=0 就位暂停
[   28.070] TLM t=   0.0 L1·r@-- L2·r@-- L3·r@-- R1·r@-- R2·r@-- R3·r@-- 罐=无罐 泵=0 阀=000000 速=+0,+0,+0.00 电=8.07V/1.38A/峰1.55 补余=0.0 IO错=0 就位暂停
[   28.580] TLM t=   0.0 L1·r@-- L2·r@-- L3·r@-- R1·r@-- R2·r@-- R3·r@-- 罐=无罐 泵=0 阀=000000 速=+0,+0,+0.00 电=8.06V/1.38A/峰1.55 补余=0.0 IO错=0 就位暂停
[   29.086] TLM t=   0.0 L1·r@-- L2·r@-- L3·r@-- R1·r@-- R2·r@-- R3·r@-- 罐=无罐 泵=0 阀=000000 速=+0,+0,+0.00 电=8.09V/1.14A/峰1.55 补余=0.0 IO错=0 就位暂停
[   29.596] TLM t=   0.0 L1·r@-- L2·r@-- L3·r@-- R1·r@-- R2·r@-- R3·r@-- 罐=无罐 泵=0 阀=000000 速=+0,+0,+0.00 电=8.09V/0.90A/峰1.55 补余=0.0 IO错=0 就位暂停
[   30.103] TLM t=   0.0 L1·r@-- L2·r@-- L3·r@-- R1·r@-- R2·r@-- R3·r@-- 罐=无罐 泵=0 阀=000000 速=+0,+0,+0.00 电=8.10V/0.90A/峰1.55 补余=0.0 IO错=0 就位暂停
[   30.619] TLM t=   0.0 L1·r@-- L2·r@-- L3·r@-- R1·r@-- R2·r@-- R3·r@-- 罐=无罐 泵=0 阀=000000 速=+0,+0,+0.00 电=8.10V/0.90A/峰1.55 补余=0.0 IO错=0 就位暂停
[   31.127] TLM t=   0.0 L1·r@-- L2·r@-- L3·r@-- R1·r@-- R2·r@-- R3·r@-- 罐=无罐 泵=0 阀=000000 速=+0,+0,+0.00 电=8.09V/0.98A/峰1.55 补余=0.0 IO错=0 就位暂停
[   31.636] TLM t=   0.0 L1·r@-- L2·r@-- L3·r@-- R1·r@-- R2·r@-- R3·r@-- 罐=无罐 泵=0 阀=000000 速=+0,+0,+0.00 电=8.10V/0.98A/峰1.55 补余=0.0 IO错=0 就位暂停
[   32.142] TLM t=   0.0 L1·r@-- L2·r@-- L3·r@-- R1·r@-- R2·r@-- R3·r@-- 罐=无罐 泵=0 阀=000000 速=+0,+0,+0.00 电=8.08V/1.06A/峰1.55 补余=0.0 IO错=0 就位暂停
[   32.654] TLM t=   0.0 L1·r@-- L2·r@-- L3·r@-- R1·r@-- R2·r@-- R3·r@-- 罐=无罐 泵=0 阀=000000 速=+0,+0,+0.00 电=8.10V/0.98A/峰1.55 补余=0.0 IO错=0 就位暂停
[   33.159] TLM t=   0.0 L1·r@-- L2·r@-- L3·r@-- R1·r@-- R2·r@-- R3·r@-- 罐=无罐 泵=0 阀=000000 速=+0,+0,+0.00 电=8.11V/0.90A/峰1.55 补余=0.0 IO错=0 就位暂停
[   33.668] TLM t=   0.0 L1·r@-- L2·r@-- L3·r@-- R1·r@-- R2·r@-- R3·r@-- 罐=无罐 泵=0 阀=000000 速=+0,+0,+0.00 电=8.10V/0.81A/峰1.55 补余=0.0 IO错=0 就位暂停
[   34.175] TLM t=   0.0 L1·r@-- L2·r@-- L3·r@-- R1·r@-- R2·r@-- R3·r@-- 罐=无罐 泵=0 阀=000000 速=+0,+0,+0.00 电=8.10V/0.98A/峰1.55 补余=0.0 IO错=0 就位暂停
[   34.687] TLM t=   0.0 L1·r@-- L2·r@-- L3·r@-- R1·r@-- R2·r@-- R3·r@-- 罐=无罐 泵=0 阀=000000 速=+0,+0,+0.00 电=8.10V/0.81A/峰1.55 补余=0.0 IO错=0 就位暂停
[   35.195] TLM t=   0.0 L1·r@-- L2·r@-- L3·r@-- R1·r@-- R2·r@-- R3·r@-- 罐=无罐 泵=0 阀=000000 速=+0,+0,+0.00 电=8.09V/0.98A/峰1.55 补余=0.0 IO错=0 就位暂停
[   35.705] TLM t=   0.0 L1·r@-- L2·r@-- L3·r@-- R1·r@-- R2·r@-- R3·r@-- 罐=无罐 泵=0 阀=000000 速=+0,+0,+0.00 电=8.10V/0.90A/峰1.55 补余=0.0 IO错=0 就位暂停
[   36.210] TLM t=   0.0 L1·r@-- L2·r@-- L3·r@-- R1·r@-- R2·r@-- R3·r@-- 罐=无罐 泵=0 阀=000000 速=+0,+0,+0.00 电=8.10V/0.98A/峰1.55 补余=0.0 IO错=0 就位暂停
[   36.719] TLM t=   0.0 L1·r@-- L2·r@-- L3·r@-- R1·r@-- R2·r@-- R3·r@-- 罐=无罐 泵=0 阀=000000 速=+0,+0,+0.00 电=8.11V/0.90A/峰1.55 补余=0.0 IO错=0 就位暂停
[   37.229] TLM t=   0.0 L1·r@-- L2·r@-- L3·r@-- R1·r@-- R2·r@-- R3·r@-- 罐=无罐 泵=0 阀=000000 速=+0,+0,+0.00 电=8.10V/0.98A/峰1.55 补余=0.0 IO错=0 就位暂停
[   37.737] TLM t=   0.0 L1·r@-- L2·r@-- L3·r@-- R1·r@-- R2·r@-- R3·r@-- 罐=无罐 泵=0 阀=000000 速=+0,+0,+0.00 电=8.09V/0.98A/峰1.55 补余=0.0 IO错=0 就位暂停
[   38.243] TLM t=   0.0 L1·r@-- L2·r@-- L3·r@-- R1·r@-- R2·r@-- R3·r@-- 罐=无罐 泵=0 阀=000000 速=+0,+0,+0.00 电=8.10V/0.81A/峰1.55 补余=0.0 IO错=0 就位暂停
[   38.753] TLM t=   0.0 L1·r@-- L2·r@-- L3·r@-- R1·r@-- R2·r@-- R3·r@-- 罐=无罐 泵=0 阀=000000 速=+0,+0,+0.00 电=8.10V/0.81A/峰1.55 补余=0.0 IO错=0 就位暂停
[   39.257] TLM t=   0.0 L1·r@-- L2·r@-- L3·r@-- R1·r@-- R2·r@-- R3·r@-- 罐=无罐 泵=0 阀=000000 速=+0,+0,+0.00 电=8.11V/0.65A/峰1.55 补余=0.0 IO错=0 就位暂停
[   39.765] TLM t=   0.0 L1·r@-- L2·r@-- L3·r@-- R1·r@-- R2·r@-- R3·r@-- 罐=无罐 泵=0 阀=000000 速=+0,+0,+0.00 电=8.12V/0.49A/峰1.55 补余=0.0 IO错=0 就位暂停
[   40.270] TLM t=   0.0 L1·r@-- L2·r@-- L3·r@-- R1·r@-- R2·r@-- R3·r@-- 罐=无罐 泵=0 阀=000000 速=+0,+0,+0.00 电=8.11V/0.65A/峰1.55 补余=0.0 IO错=0 就位暂停
[   40.781] TLM t=   0.0 L1·r@-- L2·r@-- L3·r@-- R1·r@-- R2·r@-- R3·r@-- 罐=无罐 泵=0 阀=000000 速=+0,+0,+0.00 电=8.11V/0.57A/峰1.55 补余=0.0 IO错=0 就位暂停
[   41.288] TLM t=   0.0 L1·r@-- L2·r@-- L3·r@-- R1·r@-- R2·r@-- R3·r@-- 罐=无罐 泵=0 阀=000000 速=+0,+0,+0.00 电=8.12V/0.57A/峰1.55 补余=0.0 IO错=0 就位暂停
[   41.796] TLM t=   0.0 L1·r@-- L2·r@-- L3·r@-- R1·r@-- R2·r@-- R3·r@-- 罐=无罐 泵=0 阀=000000 速=+0,+0,+0.00 电=8.12V/0.49A/峰1.55 补余=0.0 IO错=0 就位暂停
[   42.305] TLM t=   0.0 L1·r@-- L2·r@-- L3·r@-- R1·r@-- R2·r@-- R3·r@-- 罐=无罐 泵=0 阀=000000 速=+0,+0,+0.00 电=8.12V/0.57A/峰1.55 补余=0.0 IO错=0 就位暂停
[   42.813] TLM t=   0.0 L1·r@-- L2·r@-- L3·r@-- R1·r@-- R2·r@-- R3·r@-- 罐=无罐 泵=0 阀=000000 速=+0,+0,+0.00 电=8.12V/0.57A/峰1.55 补余=0.0 IO错=0 就位暂停
[   43.320] TLM t=   0.0 L1·r@-- L2·r@-- L3·r@-- R1·r@-- R2·r@-- R3·r@-- 罐=无罐 泵=0 阀=000000 速=+0,+0,+0.00 电=8.12V/0.57A/峰1.55 补余=0.0 IO错=0 就位暂停
[   43.835] TLM t=   0.0 L1·r@-- L2·r@-- L3·r@-- R1·r@-- R2·r@-- R3·r@-- 罐=无罐 泵=0 阀=000000 速=+0,+0,+0.00 电=8.12V/0.57A/峰1.55 补余=0.0 IO错=0 就位暂停
[   44.342] TLM t=   0.0 L1·r@-- L2·r@-- L3·r@-- R1·r@-- R2·r@-- R3·r@-- 罐=无罐 泵=0 阀=000000 速=+0,+0,+0.00 电=8.11V/0.73A/峰1.55 补余=0.0 IO错=0 就位暂停
[   44.854] TLM t=   0.0 L1·r@-- L2·r@-- L3·r@-- R1·r@-- R2·r@-- R3·r@-- 罐=无罐 泵=0 阀=000000 速=+0,+0,+0.00 电=8.11V/0.65A/峰1.55 补余=0.0 IO错=0 就位暂停
[   45.361] TLM t=   0.0 L1·r@-- L2·r@-- L3·r@-- R1·r@-- R2·r@-- R3·r@-- 罐=无罐 泵=0 阀=000000 速=+0,+0,+0.00 电=8.12V/0.49A/峰1.55 补余=0.0 IO错=0 就位暂停
[   45.871] TLM t=   0.0 L1·r@-- L2·r@-- L3·r@-- R1·r@-- R2·r@-- R3·r@-- 罐=无罐 泵=0 阀=000000 速=+0,+0,+0.00 电=8.12V/0.49A/峰1.55 补余=0.0 IO错=0 就位暂停
[   46.380] TLM t=   0.0 L1·r@-- L2·r@-- L3·r@-- R1·r@-- R2·r@-- R3·r@-- 罐=无罐 泵=0 阀=000000 速=+0,+0,+0.00 电=8.12V/0.57A/峰1.55 补余=0.0 IO错=0 就位暂停
[   46.891] TLM t=   0.0 L1·r@-- L2·r@-- L3·r@-- R1·r@-- R2·r@-- R3·r@-- 罐=无罐 泵=0 阀=000000 速=+0,+0,+0.00 电=8.11V/0.57A/峰1.55 补余=0.0 IO错=0 就位暂停
[   47.397] TLM t=   0.0 L1·r@-- L2·r@-- L3·r@-- R1·r@-- R2·r@-- R3·r@-- 罐=无罐 泵=0 阀=000000 速=+0,+0,+0.00 电=8.11V/0.65A/峰1.55 补余=0.0 IO错=0 就位暂停
[   47.907] TLM t=   0.0 L1·r@-- L2·r@-- L3·r@-- R1·r@-- R2·r@-- R3·r@-- 罐=无罐 泵=0 阀=000000 速=+0,+0,+0.00 电=8.11V/0.65A/峰1.55 补余=0.0 IO错=0 就位暂停
[   48.415] TLM t=   0.0 L1·r@-- L2·r@-- L3·r@-- R1·r@-- R2·r@-- R3·r@-- 罐=无罐 泵=0 阀=000000 速=+0,+0,+0.00 电=8.11V/0.65A/峰1.55 补余=0.0 IO错=0 就位暂停
[   48.925] TLM t=   0.0 L1·r@-- L2·r@-- L3·r@-- R1·r@-- R2·r@-- R3·r@-- 罐=无罐 泵=0 阀=000000 速=+0,+0,+0.00 电=8.11V/0.65A/峰1.55 补余=0.0 IO错=0 就位暂停
[   49.430] TLM t=   0.0 L1·r@-- L2·r@-- L3·r@-- R1·r@-- R2·r@-- R3·r@-- 罐=无罐 泵=0 阀=000000 速=+0,+0,+0.00 电=8.11V/0.57A/峰1.55 补余=0.0 IO错=0 就位暂停
[   49.942] TLM t=   0.0 L1·r@-- L2·r@-- L3·r@-- R1·r@-- R2·r@-- R3·r@-- 罐=无罐 泵=0 阀=000000 速=+0,+0,+0.00 电=8.11V/0.57A/峰1.55 补余=0.0 IO错=0 就位暂停
[   50.447] TLM t=   0.0 L1·r@-- L2·r@-- L3·r@-- R1·r@-- R2·r@-- R3·r@-- 罐=无罐 泵=0 阀=000000 速=+0,+0,+0.00 电=8.11V/0.65A/峰1.55 补余=0.0 IO错=0 就位暂停
[   50.960] TLM t=   0.0 L1·r@-- L2·r@-- L3·r@-- R1·r@-- R2·r@-- R3·r@-- 罐=无罐 泵=0 阀=000000 速=+0,+0,+0.00 电=8.11V/0.65A/峰1.55 补余=0.0 IO错=0 就位暂停
[   51.467] TLM t=   0.0 L1·r@-- L2·r@-- L3·r@-- R1·r@-- R2·r@-- R3·r@-- 罐=无罐 泵=0 阀=000000 速=+0,+0,+0.00 电=8.11V/0.65A/峰1.55 补余=0.0 IO错=0 就位暂停
[   51.978] TLM t=   0.0 L1·r@-- L2·r@-- L3·r@-- R1·r@-- R2·r@-- R3·r@-- 罐=无罐 泵=0 阀=000000 速=+0,+0,+0.00 电=8.11V/0.65A/峰1.55 补余=0.0 IO错=0 就位暂停
[   52.484] TLM t=   0.0 L1·r@-- L2·r@-- L3·r@-- R1·r@-- R2·r@-- R3·r@-- 罐=无罐 泵=0 阀=000000 速=+0,+0,+0.00 电=8.11V/0.65A/峰1.55 补余=0.0 IO错=0 就位暂停
[   52.995] TLM t=   0.0 L1·r@-- L2·r@-- L3·r@-- R1·r@-- R2·r@-- R3·r@-- 罐=无罐 泵=0 阀=000000 速=+0,+0,+0.00 电=8.11V/0.65A/峰1.55 补余=0.0 IO错=0 就位暂停
[   53.501] TLM t=   0.0 L1·r@-- L2·r@-- L3·r@-- R1·r@-- R2·r@-- R3·r@-- 罐=无罐 泵=0 阀=000000 速=+0,+0,+0.00 电=8.11V/0.57A/峰1.55 补余=0.0 IO错=0 就位暂停
[   54.012] TLM t=   0.0 L1·r@-- L2·r@-- L3·r@-- R1·r@-- R2·r@-- R3·r@-- 罐=无罐 泵=0 阀=000000 速=+0,+0,+0.00 电=8.11V/0.65A/峰1.55 补余=0.0 IO错=0 就位暂停
[   54.521] TLM t=   0.0 L1·r@-- L2·r@-- L3·r@-- R1·r@-- R2·r@-- R3·r@-- 罐=无罐 泵=0 阀=000000 速=+0,+0,+0.00 电=8.11V/0.65A/峰1.55 补余=0.0 IO错=0 就位暂停
[   55.037] TLM t=   0.0 L1·r@-- L2·r@-- L3·r@-- R1·r@-- R2·r@-- R3·r@-- 罐=无罐 泵=0 阀=000000 速=+0,+0,+0.00 电=8.11V/0.65A/峰1.55 补余=0.0 IO错=0 就位暂停
[   55.545] TLM t=   0.0 L1·r@-- L2·r@-- L3·r@-- R1·r@-- R2·r@-- R3·r@-- 罐=无罐 泵=0 阀=000000 速=+0,+0,+0.00 电=8.11V/0.57A/峰1.55 补余=0.0 IO错=0 就位暂停
[   56.060] TLM t=   0.0 L1·r@-- L2·r@-- L3·r@-- R1·r@-- R2·r@-- R3·r@-- 罐=无罐 泵=0 阀=000000 速=+0,+0,+0.00 电=8.10V/0.73A/峰1.55 补余=0.0 IO错=0 就位暂停
[   56.566] TLM t=   0.0 L1·r@-- L2·r@-- L3·r@-- R1·r@-- R2·r@-- R3·r@-- 罐=无罐 泵=0 阀=000000 速=+0,+0,+0.00 电=8.10V/0.65A/峰1.55 补余=0.0 IO错=0 就位暂停
[   57.076] TLM t=   0.0 L1·r@-- L2·r@-- L3·r@-- R1·r@-- R2·r@-- R3·r@-- 罐=无罐 泵=0 阀=000000 速=+0,+0,+0.00 电=8.11V/0.57A/峰1.55 补余=0.0 IO错=0 就位暂停
[   57.579] TLM t=   0.0 L1·r@-- L2·r@-- L3·r@-- R1·r@-- R2·r@-- R3·r@-- 罐=无罐 泵=0 阀=000000 速=+0,+0,+0.00 电=8.11V/0.57A/峰1.55 补余=0.0 IO错=0 就位暂停
[   58.089] TLM t=   0.0 L1·r@-- L2·r@-- L3·r@-- R1·r@-- R2·r@-- R3·r@-- 罐=无罐 泵=0 阀=000000 速=+0,+0,+0.00 电=8.11V/0.57A/峰1.55 补余=0.0 IO错=0 就位暂停
[   58.593] TLM t=   0.0 L1·r@-- L2·r@-- L3·r@-- R1·r@-- R2·r@-- R3·r@-- 罐=无罐 泵=0 阀=000000 速=+0,+0,+0.00 电=8.11V/0.57A/峰1.55 补余=0.0 IO错=0 就位暂停
[   59.103] TLM t=   0.0 L1·r@-- L2·r@-- L3·r@-- R1·r@-- R2·r@-- R3·r@-- 罐=无罐 泵=0 阀=000000 速=+0,+0,+0.00 电=8.11V/0.65A/峰1.55 补余=0.0 IO错=0 就位暂停
[   59.606] TLM t=   0.0 L1·r@-- L2·r@-- L3·r@-- R1·r@-- R2·r@-- R3·r@-- 罐=无罐 泵=0 阀=000000 速=+0,+0,+0.00 电=8.11V/0.73A/峰1.55 补余=0.0 IO错=0 就位暂停
[   60.116] TLM t=   0.0 L1·r@-- L2·r@-- L3·r@-- R1·r@-- R2·r@-- R3·r@-- 罐=无罐 泵=0 阀=000000 速=+0,+0,+0.00 电=8.11V/0.65A/峰1.55 补余=0.0 IO错=0 就位暂停
[   60.621] TLM t=   0.0 L1·r@-- L2·r@-- L3·r@-- R1·r@-- R2·r@-- R3·r@-- 罐=无罐 泵=0 阀=000000 速=+0,+0,+0.00 电=8.10V/0.65A/峰1.55 补余=0.0 IO错=0 就位暂停
[   61.137] TLM t=   0.0 L1·r@-- L2·r@-- L3·r@-- R1·r@-- R2·r@-- R3·r@-- 罐=无罐 泵=0 阀=000000 速=+0,+0,+0.00 电=8.11V/0.57A/峰1.55 补余=0.0 IO错=0 就位暂停
[   61.641] TLM t=   0.0 L1·r@-- L2·r@-- L3·r@-- R1·r@-- R2·r@-- R3·r@-- 罐=无罐 泵=0 阀=000000 速=+0,+0,+0.00 电=8.11V/0.57A/峰1.55 补余=0.0 IO错=0 就位暂停
[   62.155] TLM t=   0.0 L1·r@-- L2·r@-- L3·r@-- R1·r@-- R2·r@-- R3·r@-- 罐=无罐 泵=0 阀=000000 速=+0,+0,+0.00 电=8.11V/0.65A/峰1.55 补余=0.0 IO错=0 就位暂停
[   62.694] TLM t=   0.0 L1·r@-- L2·r@-- L3·r@-- R1·r@-- R2·r@-- R3·r@-- 罐=无罐 泵=0 阀=000000 速=+0,+0,+0.00 电=8.10V/0.65A/峰1.55 补余=0.0 IO错=0 就位暂停
[   63.205] TLM t=   0.0 L1·r@-- L2·r@-- L3·r@-- R1·r@-- R2·r@-- R3·r@-- 罐=无罐 泵=0 阀=000000 速=+0,+0,+0.00 电=8.11V/0.65A/峰1.55 补余=0.0 IO错=0 就位暂停
[   63.708] TLM t=   0.0 L1·r@-- L2·r@-- L3·r@-- R1·r@-- R2·r@-- R3·r@-- 罐=无罐 泵=0 阀=000000 速=+0,+0,+0.00 电=8.10V/0.57A/峰1.55 补余=0.0 IO错=0 就位暂停
[   64.220] TLM t=   0.0 L1·r@-- L2·r@-- L3·r@-- R1·r@-- R2·r@-- R3·r@-- 罐=无罐 泵=0 阀=000000 速=+0,+0,+0.00 电=8.11V/0.65A/峰1.55 补余=0.0 IO错=0 就位暂停
[   64.723] TLM t=   0.0 L1·r@-- L2·r@-- L3·r@-- R1·r@-- R2·r@-- R3·r@-- 罐=无罐 泵=0 阀=000000 速=+0,+0,+0.00 电=8.10V/0.65A/峰1.55 补余=0.0 IO错=0 就位暂停
[   65.226] EVT 按 p：开始全吸附启动序列
[   65.226] EVT 相位 R3 stance→press
[   65.234] TLM t=   0.0 L1·r@-- L2·r@-- L3·r@-- R1·r@-- R2·r@-- R3Pr@-- 罐=无罐 泵=0 阀=000000 速=+0,+0,+0.00 电=8.10V/0.65A/峰1.55 补余=0.0 IO错=0 倾+0.0
[   65.246] EVT 泵 开
[   65.736] TLM t=   0.0 L1·r@-- L2·r@-- L3·r@-- R1·r@-- R2·r@-- R3Pr@-- 罐=无罐 泵=1 阀=000000 速=+0,+0,+0.00 电=8.07V/0.65A/峰1.55 补余=0.0 IO错=0 倾+0.0
[   66.240] TLM t=   0.0 L1·r@-- L2·r@-- L3·r@-- R1·r@-- R2·r@-- R3Pr@-- 罐=无罐 泵=1 阀=000000 速=+0,+0,+0.00 电=8.06V/0.81A/峰1.55 补余=0.0 IO错=0 倾+0.0
[   66.739] TLM t=   0.0 L1·r@-- L2·r@-- L3·r@-- R1·r@-- R2·r@-- R3Pr@-- 罐=无罐 泵=1 阀=000000 速=+0,+0,+0.00 电=8.02V/0.73A/峰1.55 补余=0.0 IO错=0 倾+0.0
[   67.241] TLM t=   0.0 L1·r@-- L2·r@-- L3·r@-- R1·r@-- R2·r@-- R3Pr@-- 罐=无罐 泵=1 阀=000000 速=+0,+0,+0.00 电=8.08V/0.65A/峰1.55 补余=0.0 IO错=0 倾+0.0
[   67.744] TLM t=   0.0 L1·r@-- L2·r@-- L3·r@-- R1·r@-- R2·r@-- R3Pr@-- 罐=无罐 泵=1 阀=000000 速=+0,+0,+0.00 电=8.06V/0.65A/峰1.55 补余=0.0 IO错=0 倾+0.0
[   68.215] EVT 吸附 R3 released→pressing 在态3.00s
[   68.215] EVT 相位 R3 press→wait
[   68.235] EVT 泵 停
[   68.243] TLM t=   0.0 L1·r@-- L2·r@-- L3·r@-- R1·r@-- R2·r@-- R3Wp@-- 罐=无罐 泵=0 阀=000000 速=+0,+0,+0.00 电=8.10V/0.65A/峰1.55 补余=0.0 IO错=0 倾+0.0
[   68.516] EVT 吸附 R3 pressing→sucking 在态0.30s
[   68.516] EVT 阀 R3 →抽气位
[   68.539] EVT 泵 开
[   68.744] TLM t=   0.0 L1·r@-- L2·r@-- L3·r@-- R1·r@-- R2·r@-- R3Ws@-60 罐=无罐 泵=1 阀=000001 速=+0,+0,+0.00 电=8.10V/0.49A/峰1.55 补余=0.0 IO错=0 倾+0.0
[   68.857] EVT 吸附 R3 sucking→attached 在态0.34s -70.5kPa
[   68.862] EVT 相位 R3 wait→stance
[   68.878] EVT 相位 L1 stance→press
[   69.081] EVT 泵 停 最差盘压-75.8
[   69.247] TLM t=   0.0 L1Pr@-- L2·r@-- L3·r@-- R1·r@-- R2·r@-- R3·A@-77 罐=无罐 泵=0 阀=000001 速=+0,+0,+0.00 电=8.11V/0.65A/峰1.55 补余=0.0 IO错=0 倾+0.0
[   69.754] TLM t=   0.0 L1Pr@-- L2·r@-- L3·r@-- R1·r@-- R2·r@-- R3·A@-76 罐=无罐 泵=0 阀=000001 速=+0,+0,+0.00 电=8.10V/0.81A/峰1.55 补余=0.0 IO错=0 倾+0.0
[   70.061] EVT 吸附 L1 released→pressing 在态4.84s
[   70.066] EVT 相位 L1 press→wait
[   70.274] TLM t=   0.0 L1Wp@-- L2·r@-- L3·r@-- R1·r@-- R2·r@-- R3·A@-75 罐=无罐 泵=0 阀=000001 速=+0,+0,+0.00 电=8.11V/0.73A/峰1.55 补余=0.0 IO错=0 倾+0.0
[   70.381] EVT 吸附 L1 pressing→sucking 在态0.32s
[   70.382] EVT 阀 L1 →抽气位
[   70.407] EVT 泵 开 最差盘压-74.9
[   70.682] EVT 吸附 L1 sucking→attached 在态0.30s -66.5kPa
[   70.683] EVT 相位 L1 wait→stance
[   70.708] EVT 相位 R2 stance→press
[   70.775] TLM t=   0.0 L1·A@-71 L2·r@-- L3·r@-- R1·r@-- R2Pr@-- R3·A@-74 罐=无罐 泵=1 阀=100001 速=+0,+0,+0.00 电=8.04V/0.73A/峰1.55 补余=0.0 IO错=0 倾+0.0
[   71.009] EVT 泵 停 最差盘压-75.5
[   71.293] TLM t=   0.0 L1·A@-76 L2·r@-- L3·r@-- R1·r@-- R2Pr@-- R3·A@-76 罐=无罐 泵=0 阀=100001 速=+0,+0,+0.00 电=8.12V/0.65A/峰1.55 补余=0.0 IO错=0 倾+0.0
[   71.802] TLM t=   0.0 L1·A@-75 L2·r@-- L3·r@-- R1·r@-- R2Pr@-- R3·A@-75 罐=无罐 泵=0 阀=100001 速=+0,+0,+0.00 电=8.11V/0.81A/峰1.55 补余=0.0 IO错=0 倾+0.0
[   71.886] EVT 吸附 R2 released→pressing 在态6.66s
[   71.886] EVT 相位 R2 press→wait
[   72.212] EVT 吸附 R2 pressing→sucking 在态0.32s
[   72.213] EVT 阀 R2 →抽气位
[   72.231] EVT 泵 开 最差盘压-74.8
[   72.317] TLM t=   0.0 L1·A@-75 L2·r@-- L3·r@-- R1·r@-- R2Ws@-65 R3·A@-75 罐=无罐 泵=1 阀=100011 速=+0,+0,+0.00 电=8.06V/0.73A/峰1.55 补余=0.0 IO错=0 倾+0.0
[   72.510] EVT 吸附 R2 sucking→attached 在态0.30s -68.0kPa
[   72.514] EVT 相位 R2 wait→stance
[   72.531] EVT 相位 L3 stance→press
[   72.824] TLM t=   0.0 L1·A@-75 L2·r@-- L3Pr@-- R1·r@-- R2·A@-73 R3·A@-74 罐=无罐 泵=1 阀=100011 速=+0,+0,+0.00 电=8.11V/0.57A/峰1.55 补余=0.0 IO错=0 倾+0.0
[   72.953] EVT 泵 停 最差盘压-75.0
[   73.341] TLM t=   0.0 L1·A@-76 L2·r@-- L3Pr@-- R1·r@-- R2·A@-75 R3·A@-76 罐=无罐 泵=0 阀=100011 速=+0,+0,+0.00 电=8.13V/0.73A/峰1.55 补余=0.0 IO错=0 倾+0.0
[   73.717] EVT 吸附 L3 released→pressing 在态8.48s
[   73.717] EVT 相位 L3 press→wait
[   73.843] TLM t=   0.0 L1·A@-75 L2·r@-- L3Wp@-- R1·r@-- R2·A@-74 R3·A@-75 罐=无罐 泵=0 阀=100011 速=+0,+0,+0.00 电=8.14V/0.73A/峰1.55 补余=0.0 IO错=0 倾+0.0
[   74.035] EVT 吸附 L3 pressing→sucking 在态0.32s
[   74.036] EVT 阀 L3 →抽气位
[   74.056] EVT 泵 开 最差盘压-73.7
[   74.333] EVT 吸附 L3 sucking→attached 在态0.30s -61.6kPa
[   74.336] EVT 相位 L3 wait→stance
[   74.356] EVT 相位 R1 stance→press
[   74.367] TLM t=   0.0 L1·A@-75 L2·r@-- L3·A@-65 R1Pr@-- R2·A@-73 R3·A@-74 罐=无罐 泵=1 阀=101011 速=+0,+0,+0.00 电=8.13V/0.49A/峰1.55 补余=0.0 IO错=0 倾+0.0
[   74.800] EVT 泵 停 最差盘压-75.3
[   74.886] TLM t=   0.0 L1·A@-76 L2·r@-- L3·A@-76 R1Pr@-- R2·A@-76 R3·A@-76 罐=无罐 泵=0 阀=101011 速=+0,+0,+0.00 电=8.15V/0.73A/峰1.55 补余=0.0 IO错=0 倾+0.0
[   75.391] TLM t=   0.0 L1·A@-76 L2·r@-- L3·A@-76 R1Pr@-- R2·A@-75 R3·A@-76 罐=无罐 泵=0 阀=101011 速=+0,+0,+0.00 电=8.13V/0.73A/峰1.55 补余=0.0 IO错=0 倾+0.0
[   75.540] EVT 吸附 R1 released→pressing 在态10.30s
[   75.540] EVT 相位 R1 press→wait
[   75.861] EVT 吸附 R1 pressing→sucking 在态0.32s
[   75.862] EVT 阀 R1 →抽气位
[   75.887] EVT 泵 开 最差盘压-74.7
[   75.896] TLM t=   0.0 L1·A@-76 L2·r@-- L3·A@-75 R1Ws@-2 R2·A@-75 R3·A@-75 罐=无罐 泵=1 阀=101111 速=+0,+0,+0.00 电=7.98V/0.65A/峰1.55 补余=0.0 IO错=0 倾+0.0
[   76.222] EVT 吸附 R1 sucking→attached 在态0.36s -68.6kPa
[   76.223] EVT 相位 R1 wait→stance
[   76.248] EVT 相位 L2 stance→press
[   76.411] TLM t=   0.0 L1·A@-75 L2Pr@-- L3·A@-75 R1·A@-73 R2·A@-74 R3·A@-74 罐=无罐 泵=1 阀=101111 速=+0,+0,+0.00 电=8.08V/0.81A/峰1.55 补余=0.0 IO错=0 倾+0.0
[   76.548] EVT 泵 停 最差盘压-75.4
[   76.920] TLM t=   0.0 L1·A@-77 L2Pr@-- L3·A@-76 R1·A@-76 R2·A@-76 R3·A@-76 罐=无罐 泵=0 阀=101111 速=+0,+0,+0.00 电=8.15V/0.65A/峰1.55 补余=0.0 IO错=0 倾+0.0
[   77.425] EVT 吸附 L2 released→pressing 在态12.18s
[   77.431] EVT 相位 L2 press→wait
[   77.439] TLM t=   0.0 L1·A@-76 L2Wp@-- L3·A@-76 R1·A@-76 R2·A@-76 R3·A@-76 罐=无罐 泵=0 阀=101111 速=+0,+0,+0.00 电=8.15V/0.73A/峰1.55 补余=0.0 IO错=0 倾+0.0
[   77.751] EVT 吸附 L2 pressing→sucking 在态0.32s
[   77.752] EVT 阀 L2 →抽气位
[   77.769] EVT 泵 开 最差盘压-75.3
[   77.942] TLM t=   0.0 L1·A@-76 L2Ws@-61 L3·A@-76 R1·A@-75 R2·A@-75 R3·A@-75 罐=无罐 泵=1 阀=111111 速=+0,+0,+0.00 电=8.10V/0.49A/峰1.55 补余=0.0 IO错=0 倾+0.0
[   78.047] EVT 吸附 L2 sucking→attached 在态0.30s -67.2kPa
[   78.053] EVT 相位 L2 wait→stance
[   78.053] EVT ✓ 六足全吸附，启动序列完成，相位钟开始
[   78.371] EVT 泵 停 最差盘压-75.1
[   78.459] TLM t=   0.4 L1·A@-76 L2·A@-76 L3·A@-76 R1·A@-75 R2·A@-76 R3·A@-76 罐=无罐 泵=0 阀=111111 速=+0,+0,+0.00 电=8.17V/0.65A/峰1.55 补余=0.0 IO错=0 倾+0.0
[   78.964] TLM t=   0.9 L1·A@-76 L2·A@-76 L3·A@-76 R1·A@-75 R2·A@-75 R3·A@-75 罐=无罐 泵=0 阀=111111 速=+0,+0,+0.00 电=8.17V/0.65A/峰1.55 补余=0.0 IO错=0 倾+0.0
[   79.482] TLM t=   1.4 L1·A@-75 L2·A@-75 L3·A@-76 R1·A@-75 R2·A@-75 R3·A@-75 罐=无罐 泵=0 阀=111111 速=+0,+0,+0.00 电=8.17V/0.65A/峰1.55 补余=0.0 IO错=0 倾+0.0
[   79.989] TLM t=   1.9 L1·A@-75 L2·A@-75 L3·A@-75 R1·A@-75 R2·A@-75 R3·A@-74 罐=无罐 泵=0 阀=111111 速=+0,+0,+0.00 电=8.16V/0.73A/峰1.55 补余=0.0 IO错=0 倾+0.0
[   80.504] TLM t=   2.4 L1·A@-75 L2·A@-74 L3·A@-75 R1·A@-75 R2·A@-74 R3·A@-74 罐=无罐 泵=0 阀=111111 速=+0,+0,+0.00 电=8.16V/0.81A/峰1.55 补余=0.0 IO错=0 倾+0.0
[   81.010] TLM t=   2.9 L1·A@-75 L2·A@-73 L3·A@-75 R1·A@-75 R2·A@-74 R3·A@-73 罐=无罐 泵=0 阀=111111 速=+0,+0,+0.00 电=8.16V/0.81A/峰1.55 补余=0.0 IO错=0 倾+0.0
[   81.524] TLM t=   3.5 L1·A@-74 L2·A@-73 L3·A@-75 R1·A@-75 R2·A@-73 R3·A@-72 罐=无罐 泵=0 阀=111111 速=+0,+0,+0.00 电=8.16V/0.73A/峰1.55 补余=0.0 IO错=0 倾+0.0
[   82.033] TLM t=   4.0 L1·A@-74 L2·A@-73 L3·A@-75 R1·A@-74 R2·A@-73 R3·A@-72 罐=无罐 泵=0 阀=111111 速=+0,+0,+0.00 电=8.15V/0.90A/峰1.55 补余=0.0 IO错=0 倾+0.0
[   82.549] TLM t=   4.5 L1·A@-74 L2·A@-72 L3·A@-75 R1·A@-74 R2·A@-73 R3·A@-71 罐=无罐 泵=0 阀=111111 速=+0,+0,+0.00 电=8.15V/0.81A/峰1.55 补余=0.0 IO错=0 倾+0.0
[   83.059] TLM t=   5.0 L1·A@-73 L2·A@-72 L3·A@-75 R1·A@-74 R2·A@-72 R3·A@-70 罐=无罐 泵=0 阀=111111 速=+0,+0,+0.00 电=8.15V/0.73A/峰1.55 补余=0.0 IO错=0 倾+0.0
[   83.564] TLM t=   5.5 L1·A@-73 L2·A@-71 L3·A@-75 R1·A@-74 R2·A@-72 R3·A@-70 罐=无罐 泵=0 阀=111111 速=+0,+0,+0.00 电=8.16V/0.81A/峰1.55 补余=0.0 IO错=0 倾+0.0
[   84.087] TLM t=   6.0 L1·A@-73 L2·A@-71 L3·A@-75 R1·A@-74 R2·A@-71 R3·A@-69 罐=无罐 泵=0 阀=111111 速=+0,+0,+0.00 电=8.16V/0.73A/峰1.55 补余=0.0 IO错=0 倾+0.0
[   84.588] TLM t=   6.5 L1·A@-73 L2·A@-70 L3·A@-74 R1·A@-74 R2·A@-71 R3·A@-69 罐=无罐 泵=0 阀=111111 速=+0,+0,+0.00 电=8.16V/0.81A/峰1.55 补余=0.0 IO错=0 倾+0.0
[   85.110] TLM t=   7.0 L1·A@-72 L2·A@-70 L3·A@-74 R1·A@-74 R2·A@-71 R3·A@-68 罐=无罐 泵=0 阀=111111 速=+0,+0,+0.00 电=8.16V/0.81A/峰1.55 补余=0.0 IO错=0 倾+0.0
[   85.611] TLM t=   7.5 L1·A@-72 L2·A@-69 L3·A@-74 R1·A@-74 R2·A@-70 R3·A@-67 罐=无罐 泵=0 阀=111111 速=+0,+0,+0.00 电=8.16V/0.81A/峰1.55 补余=0.0 IO错=0 倾+0.0
[   86.135] TLM t=   8.0 L1·A@-72 L2·A@-69 L3·A@-74 R1·A@-74 R2·A@-70 R3·A@-67 罐=无罐 泵=0 阀=111111 速=+0,+0,+0.00 电=8.17V/0.81A/峰1.55 补余=0.0 IO错=0 倾+0.0
[   86.636] TLM t=   8.5 L1·A@-71 L2·A@-68 L3·A@-74 R1·A@-73 R2·A@-70 R3·A@-66 罐=无罐 泵=0 阀=111111 速=+0,+0,+0.00 电=8.16V/0.73A/峰1.55 补余=0.0 IO错=0 倾+0.0
[   87.163] TLM t=   9.1 L1·A@-71 L2·A@-68 L3·A@-74 R1·A@-73 R2·A@-69 R3·A@-66 罐=无罐 泵=0 阀=111111 速=+0,+0,+0.00 电=8.17V/0.73A/峰1.55 补余=0.0 IO错=0 倾+0.0
[   87.662] TLM t=   9.6 L1·A@-71 L2·A@-68 L3·A@-74 R1·A@-73 R2·A@-69 R3·A@-65 罐=无罐 泵=0 阀=111111 速=+0,+0,+0.00 电=8.16V/0.73A/峰1.55 补余=0.0 IO错=0 倾+0.0
[   88.187] TLM t=  10.1 L1·A@-71 L2·A@-67 L3·A@-74 R1·A@-73 R2·A@-68 R3·A@-65 罐=无罐 泵=0 阀=111111 速=+0,+0,+0.00 电=8.16V/0.81A/峰1.55 补余=0.0 IO错=0 倾+0.0
[   88.686] TLM t=  10.6 L1·A@-70 L2·A@-67 L3·A@-74 R1·A@-73 R2·A@-68 R3·A@-64 罐=无罐 泵=0 阀=111111 速=+0,+0,+0.00 电=8.16V/0.81A/峰1.55 补余=0.0 IO错=0 倾+0.0
[   89.187] TLM t=  11.1 L1·A@-70 L2·A@-66 L3·A@-74 R1·A@-73 R2·A@-68 R3·A@-63 罐=无罐 泵=0 阀=111111 速=+0,+0,+0.00 电=8.16V/0.73A/峰1.55 补余=0.0 IO错=0 倾+0.0
[   89.697] TLM t=  11.6 L1·A@-70 L2·A@-66 L3·A@-74 R1·A@-73 R2·A@-67 R3·A@-63 罐=无罐 泵=0 阀=111111 速=+0,+0,+0.00 电=8.16V/0.81A/峰1.55 补余=0.0 IO错=0 倾+0.0
[   90.199] TLM t=  12.1 L1·A@-70 L2·A@-65 L3·A@-74 R1·A@-73 R2·A@-67 R3·A@-62 罐=无罐 泵=0 阀=111111 速=+0,+0,+0.00 电=8.15V/0.81A/峰1.55 补余=0.0 IO错=0 倾+0.0
[   90.721] TLM t=  12.6 L1·A@-69 L2·A@-65 L3·A@-73 R1·A@-73 R2·A@-67 R3·A@-62 罐=无罐 泵=0 阀=111111 速=+0,+0,+0.00 电=8.16V/0.81A/峰1.55 补余=0.0 IO错=0 倾+0.0
[   91.226] TLM t=  13.1 L1·A@-69 L2·A@-65 L3·A@-73 R1·A@-73 R2·A@-66 R3·A@-61 罐=无罐 泵=0 阀=111111 速=+0,+0,+0.00 电=8.15V/0.90A/峰1.55 补余=0.0 IO错=0 倾+0.0
[   91.747] TLM t=  13.6 L1·A@-69 L2·A@-64 L3·A@-73 R1·A@-73 R2·A@-66 R3·A@-61 罐=无罐 泵=0 阀=111111 速=+0,+0,+0.00 电=8.16V/0.81A/峰1.55 补余=0.0 IO错=0 倾+0.0
[   92.253] TLM t=  14.1 L1·A@-69 L2·A@-64 L3·A@-73 R1·A@-73 R2·A@-66 R3·A@-60 罐=无罐 泵=0 阀=111111 速=+0,+0,+0.00 电=8.15V/0.90A/峰1.55 补余=0.0 IO错=0 倾+0.0
[   92.402] EVT 泵 开 最差盘压-60.0
[   92.771] TLM t=  14.6 L1·A@-68 L2·A@-65 L3·A@-73 R1·A@-73 R2·A@-65 R3·A@-66 罐=无罐 泵=1 阀=111111 速=+0,+0,+0.00 电=8.11V/0.81A/峰1.55 补余=0.0 IO错=0 倾+0.0
[   93.276] TLM t=  15.1 L1·A@-75 L2·A@-75 L3·A@-75 R1·A@-74 R2·A@-75 R3·A@-74 罐=无罐 泵=1 阀=111111 速=+0,+0,+0.00 电=8.15V/0.81A/峰1.55 补余=0.0 IO错=0 倾+0.0
[   93.426] EVT 泵 停 最差盘压-75.2
[   93.796] TLM t=  15.7 L1·A@-76 L2·A@-76 L3·A@-76 R1·A@-76 R2·A@-76 R3·A@-76 罐=无罐 泵=0 阀=111111 速=+0,+0,+0.00 电=8.16V/0.73A/峰1.55 补余=0.0 IO错=0 倾+0.0
[   94.303] TLM t=  16.2 L1·A@-76 L2·A@-76 L3·A@-76 R1·A@-76 R2·A@-75 R3·A@-75 罐=无罐 泵=0 阀=111111 速=+0,+0,+0.00 电=8.16V/0.81A/峰1.55 补余=0.0 IO错=0 倾+0.0
[   94.821] TLM t=  16.7 L1·A@-76 L2·A@-75 L3·A@-76 R1·A@-75 R2·A@-75 R3·A@-75 罐=无罐 泵=0 阀=111111 速=+0,+0,+0.00 电=8.17V/0.81A/峰1.55 补余=0.0 IO错=0 倾+0.0
[   95.326] TLM t=  17.2 L1·A@-76 L2·A@-75 L3·A@-76 R1·A@-75 R2·A@-75 R3·A@-74 罐=无罐 泵=0 阀=111111 速=+0,+0,+0.00 电=8.15V/0.81A/峰1.55 补余=0.0 IO错=0 倾+0.0
[   95.847] TLM t=  17.7 L1·A@-75 L2·A@-75 L3·A@-76 R1·A@-75 R2·A@-74 R3·A@-74 罐=无罐 泵=0 阀=111111 速=+0,+0,+0.00 电=8.15V/0.81A/峰1.55 补余=0.0 IO错=0 倾+0.0
[   96.350] TLM t=  18.2 L1·A@-75 L2·A@-74 L3·A@-76 R1·A@-75 R2·A@-74 R3·A@-73 罐=无罐 泵=0 阀=111111 速=+0,+0,+0.00 电=8.16V/0.81A/峰1.55 补余=0.0 IO错=0 倾+0.0
[   96.877] TLM t=  18.7 L1·A@-75 L2·A@-74 L3·A@-76 R1·A@-75 R2·A@-73 R3·A@-72 罐=无罐 泵=0 阀=111111 速=+0,+0,+0.00 电=8.16V/0.81A/峰1.55 补余=0.0 IO错=0 倾+0.0
[   97.383] TLM t=  19.2 L1·A@-74 L2·A@-73 L3·A@-76 R1·A@-75 R2·A@-73 R3·A@-72 罐=无罐 泵=0 阀=111111 速=+0,+0,+0.00 电=8.15V/0.90A/峰1.55 补余=0.0 IO错=0 倾+0.0
[   97.902] TLM t=  19.7 L1·A@-74 L2·A@-73 L3·A@-76 R1·A@-75 R2·A@-73 R3·A@-71 罐=无罐 泵=0 阀=111111 速=+0,+0,+0.00 电=8.16V/0.81A/峰1.55 补余=0.0 IO错=0 倾+0.0
[   98.405] TLM t=  20.2 L1·A@-74 L2·A@-72 L3·A@-76 R1·A@-75 R2·A@-72 R3·A@-71 罐=无罐 泵=0 阀=111111 速=+0,+0,+0.00 电=8.16V/0.90A/峰1.55 补余=0.0 IO错=0 倾+0.0
[   98.929] TLM t=  20.8 L1·A@-74 L2·A@-72 L3·A@-75 R1·A@-75 R2·A@-72 R3·A@-70 罐=无罐 泵=0 阀=111111 速=+0,+0,+0.00 电=8.16V/0.90A/峰1.55 补余=0.0 IO错=0 倾+0.0
[   99.437] TLM t=  21.3 L1·A@-74 L2·A@-71 L3·A@-75 R1·A@-75 R2·A@-72 R3·A@-69 罐=无罐 泵=0 阀=111111 速=+0,+0,+0.00 电=8.14V/0.81A/峰1.55 补余=0.0 IO错=0 倾+0.0
[   99.956] TLM t=  21.8 L1·A@-73 L2·A@-71 L3·A@-75 R1·A@-75 R2·A@-71 R3·A@-69 罐=无罐 泵=0 阀=111111 速=+0,+0,+0.00 电=8.15V/0.81A/峰1.55 补余=0.0 IO错=0 倾+0.0
[  100.461] TLM t=  22.3 L1·A@-73 L2·A@-71 L3·A@-75 R1·A@-75 R2·A@-71 R3·A@-68 罐=无罐 泵=0 阀=111111 速=+0,+0,+0.00 电=8.16V/0.90A/峰1.55 补余=0.0 IO错=0 倾+0.0
[  100.982] TLM t=  22.8 L1·A@-73 L2·A@-70 L3·A@-75 R1·A@-75 R2·A@-71 R3·A@-68 罐=无罐 泵=0 阀=111111 速=+0,+0,+0.00 电=8.15V/0.81A/峰1.55 补余=0.0 IO错=0 倾+0.0
[  101.484] TLM t=  23.3 L1·A@-73 L2·A@-70 L3·A@-75 R1·A@-75 R2·A@-70 R3·A@-67 罐=无罐 泵=0 阀=111111 速=+0,+0,+0.00 电=8.16V/0.81A/峰1.55 补余=0.0 IO错=0 倾+0.0
[  102.010] TLM t=  23.8 L1·A@-72 L2·A@-69 L3·A@-75 R1·A@-74 R2·A@-70 R3·A@-67 罐=无罐 泵=0 阀=111111 速=+0,+0,+0.00 电=8.16V/0.90A/峰1.55 补余=0.0 IO错=0 倾+0.0
[  102.513] TLM t=  24.3 L1·A@-72 L2·A@-69 L3·A@-75 R1·A@-74 R2·A@-69 R3·A@-66 罐=无罐 泵=0 阀=111111 速=+0,+0,+0.00 电=8.15V/0.90A/峰1.55 补余=0.0 IO错=0 倾+0.0
[  103.036] TLM t=  24.8 L1·A@-72 L2·A@-68 L3·A@-75 R1·A@-74 R2·A@-69 R3·A@-65 罐=无罐 泵=0 阀=111111 速=+0,+0,+0.00 电=8.14V/0.90A/峰1.55 补余=0.0 IO错=0 倾+0.0
[  103.537] TLM t=  25.3 L1·A@-72 L2·A@-68 L3·A@-75 R1·A@-74 R2·A@-69 R3·A@-65 罐=无罐 泵=0 阀=111111 速=+0,+0,+0.00 电=8.16V/0.81A/峰1.55 补余=0.0 IO错=0 倾+0.0
[  104.061] TLM t=  25.9 L1·A@-71 L2·A@-68 L3·A@-75 R1·A@-74 R2·A@-68 R3·A@-64 罐=无罐 泵=0 阀=111111 速=+0,+0,+0.00 电=8.16V/0.81A/峰1.55 补余=0.0 IO错=0 倾+0.0
[  104.575] TLM t=  26.4 L1·A@-71 L2·A@-67 L3·A@-75 R1·A@-74 R2·A@-68 R3·A@-64 罐=无罐 泵=0 阀=111111 速=+0,+0,+0.00 电=8.15V/0.81A/峰1.55 补余=0.0 IO错=0 倾+0.0
[  105.066] TLM t=  26.9 L1·A@-71 L2·A@-67 L3·A@-75 R1·A@-74 R2·A@-68 R3·A@-63 罐=无罐 泵=0 阀=111111 速=+0,+0,+0.00 电=8.16V/0.90A/峰1.55 补余=0.0 IO错=0 倾+0.0
[  105.575] TLM t=  27.4 L1·A@-71 L2·A@-67 L3·A@-75 R1·A@-74 R2·A@-67 R3·A@-63 罐=无罐 泵=0 阀=111111 速=+0,+0,+0.00 电=8.16V/0.81A/峰1.55 补余=0.0 IO错=0 倾+0.0
[  106.077] TLM t=  27.9 L1·A@-70 L2·A@-66 L3·A@-74 R1·A@-74 R2·A@-67 R3·A@-62 罐=无罐 泵=0 阀=111111 速=+0,+0,+0.00 电=8.16V/0.73A/峰1.55 补余=0.0 IO错=0 倾+0.0
[  106.600] TLM t=  28.4 L1·A@-70 L2·A@-66 L3·A@-74 R1·A@-74 R2·A@-67 R3·A@-62 罐=无罐 泵=0 阀=111111 速=+0,+0,+0.00 电=8.16V/0.81A/峰1.55 补余=0.0 IO错=0 倾+0.0
[  107.101] TLM t=  28.9 L1·A@-70 L2·A@-65 L3·A@-74 R1·A@-74 R2·A@-66 R3·A@-61 罐=无罐 泵=0 阀=111111 速=+0,+0,+0.00 电=8.15V/0.81A/峰1.55 补余=0.0 IO错=0 倾+0.0
[  107.625] TLM t=  29.4 L1·A@-70 L2·A@-65 L3·A@-74 R1·A@-74 R2·A@-66 R3·A@-61 罐=无罐 泵=0 阀=111111 速=+0,+0,+0.00 电=8.14V/0.90A/峰1.55 补余=0.0 IO错=0 倾+0.0
[  108.125] TLM t=  29.9 L1·A@-70 L2·A@-65 L3·A@-74 R1·A@-74 R2·A@-66 R3·A@-60 罐=无罐 泵=0 阀=111111 速=+0,+0,+0.00 电=8.16V/0.81A/峰1.55 补余=0.0 IO错=0 倾+0.0
[  108.218] EVT 泵 开 最差盘压-60.0
[  108.652] TLM t=  30.4 L1·A@-69 L2·A@-67 L3·A@-74 R1·A@-74 R2·A@-67 R3·A@-67 罐=无罐 泵=1 阀=111111 速=+0,+0,+0.00 电=8.12V/0.73A/峰1.55 补余=0.0 IO错=0 倾+0.0
[  109.156] TLM t=  30.9 L1·A@-75 L2·A@-76 L3·A@-75 R1·A@-74 R2·A@-76 R3·A@-75 罐=无罐 泵=1 阀=111111 速=+0,+0,+0.00 电=8.08V/0.81A/峰1.55 补余=0.0 IO错=0 倾+0.0
[  109.249] EVT 泵 停 最差盘压-75.4
[  109.650] TLM t=  31.4 L1·A@-76 L2·A@-76 L3·A@-77 R1·A@-76 R2·A@-76 R3·A@-76 罐=无罐 泵=0 阀=111111 速=+0,+0,+0.00 电=8.16V/0.73A/峰1.55 补余=0.0 IO错=0 倾+0.0
[  110.162] TLM t=  31.9 L1·A@-76 L2·A@-76 L3·A@-76 R1·A@-76 R2·A@-76 R3·A@-76 罐=无罐 泵=0 阀=111111 速=+0,+0,+0.00 电=8.16V/0.90A/峰1.55 补余=0.0 IO错=0 倾+0.0
[  110.675] TLM t=  32.4 L1·A@-76 L2·A@-76 L3·A@-76 R1·A@-76 R2·A@-75 R3·A@-75 罐=无罐 泵=0 阀=111111 速=+0,+0,+0.00 电=8.16V/0.81A/峰1.55 补余=0.0 IO错=0 倾+0.0
[  111.192] TLM t=  32.9 L1·A@-76 L2·A@-75 L3·A@-76 R1·A@-76 R2·A@-75 R3·A@-74 罐=无罐 泵=0 阀=111111 速=+0,+0,+0.00 电=8.16V/0.90A/峰1.55 补余=0.0 IO错=0 倾+0.0
[  111.695] TLM t=  33.4 L1·A@-75 L2·A@-75 L3·A@-76 R1·A@-76 R2·A@-74 R3·A@-74 罐=无罐 泵=0 阀=111111 速=+0,+0,+0.00 电=8.15V/0.81A/峰1.55 补余=0.0 IO错=0 倾+0.0
[  112.220] TLM t=  34.0 L1·A@-75 L2·A@-74 L3·A@-76 R1·A@-75 R2·A@-74 R3·A@-73 罐=无罐 泵=0 阀=111111 速=+0,+0,+0.00 电=8.16V/0.81A/峰1.55 补余=0.0 IO错=0 倾+0.0
[  112.722] TLM t=  34.5 L1·A@-75 L2·A@-74 L3·A@-76 R1·A@-75 R2·A@-74 R3·A@-73 罐=无罐 泵=0 阀=111111 速=+0,+0,+0.00 电=8.16V/0.81A/峰1.55 补余=0.0 IO错=0 倾+0.0
[  113.246] TLM t=  35.0 L1·A@-75 L2·A@-73 L3·A@-76 R1·A@-75 R2·A@-73 R3·A@-72 罐=无罐 泵=0 阀=111111 速=+0,+0,+0.00 电=8.16V/0.81A/峰1.55 补余=0.0 IO错=0 倾+0.0
[  113.750] TLM t=  35.5 L1·A@-74 L2·A@-73 L3·A@-76 R1·A@-75 R2·A@-73 R3·A@-71 罐=无罐 泵=0 阀=111111 速=+0,+0,+0.00 电=8.15V/0.81A/峰1.55 补余=0.0 IO错=0 倾+0.0
[  114.269] TLM t=  36.0 L1·A@-74 L2·A@-72 L3·A@-76 R1·A@-75 R2·A@-73 R3·A@-71 罐=无罐 泵=0 阀=111111 速=+0,+0,+0.00 电=8.16V/0.81A/峰1.55 补余=0.0 IO错=0 倾+0.0
[  114.776] TLM t=  36.5 L1·A@-74 L2·A@-72 L3·A@-76 R1·A@-75 R2·A@-72 R3·A@-70 罐=无罐 泵=0 阀=111111 速=+0,+0,+0.00 电=8.16V/0.81A/峰1.55 补余=0.0 IO错=0 倾+0.0
[  115.298] TLM t=  37.0 L1·A@-74 L2·A@-72 L3·A@-76 R1·A@-75 R2·A@-72 R3·A@-70 罐=无罐 泵=0 阀=111111 速=+0,+0,+0.00 电=8.15V/0.81A/峰1.55 补余=0.0 IO错=0 倾+0.0
[  115.804] TLM t=  37.5 L1·A@-73 L2·A@-71 L3·A@-76 R1·A@-75 R2·A@-71 R3·A@-69 罐=无罐 泵=0 阀=111111 速=+0,+0,+0.00 电=8.16V/0.73A/峰1.55 补余=0.0 IO错=0 倾+0.0
[  116.325] TLM t=  38.0 L1·A@-73 L2·A@-71 L3·A@-75 R1·A@-75 R2·A@-71 R3·A@-68 罐=无罐 泵=0 阀=111111 速=+0,+0,+0.00 电=8.16V/0.81A/峰1.55 补余=0.0 IO错=0 倾+0.0
[  116.829] TLM t=  38.5 L1·A@-73 L2·A@-70 L3·A@-75 R1·A@-75 R2·A@-71 R3·A@-68 罐=无罐 泵=0 阀=111111 速=+0,+0,+0.00 电=8.15V/0.81A/峰1.55 补余=0.0 IO错=0 倾+0.0
[  117.349] TLM t=  39.1 L1·A@-73 L2·A@-70 L3·A@-75 R1·A@-75 R2·A@-70 R3·A@-67 罐=无罐 泵=0 阀=111111 速=+0,+0,+0.00 电=8.15V/0.81A/峰1.55 补余=0.0 IO错=0 倾+0.0
[  117.853] TLM t=  39.6 L1·A@-72 L2·A@-70 L3·A@-75 R1·A@-75 R2·A@-70 R3·A@-67 罐=无罐 泵=0 阀=111111 速=+0,+0,+0.00 电=8.16V/0.81A/峰1.55 补余=0.0 IO错=0 倾+0.0
[  118.372] TLM t=  40.1 L1·A@-72 L2·A@-69 L3·A@-75 R1·A@-75 R2·A@-70 R3·A@-66 罐=无罐 泵=0 阀=111111 速=+0,+0,+0.00 电=8.16V/0.81A/峰1.55 补余=0.0 IO错=0 倾+0.0
[  118.876] TLM t=  40.6 L1·A@-72 L2·A@-69 L3·A@-75 R1·A@-75 R2·A@-69 R3·A@-66 罐=无罐 泵=0 阀=111111 速=+0,+0,+0.00 电=8.16V/0.81A/峰1.55 补余=0.0 IO错=0 倾+0.0
[  119.400] TLM t=  41.1 L1·A@-72 L2·A@-68 L3·A@-75 R1·A@-75 R2·A@-69 R3·A@-65 罐=无罐 泵=0 阀=111111 速=+0,+0,+0.00 电=8.16V/0.81A/峰1.55 补余=0.0 IO错=0 倾+0.0
[  119.903] TLM t=  41.6 L1·A@-71 L2·A@-68 L3·A@-75 R1·A@-75 R2·A@-69 R3·A@-65 罐=无罐 泵=0 阀=111111 速=+0,+0,+0.00 电=8.15V/0.81A/峰1.55 补余=0.0 IO错=0 倾+0.0
[  120.425] TLM t=  42.1 L1·A@-71 L2·A@-68 L3·A@-75 R1·A@-74 R2·A@-68 R3·A@-64 罐=无罐 泵=0 阀=111111 速=+0,+0,+0.00 电=8.16V/0.81A/峰1.55 补余=0.0 IO错=0 倾+0.0
[  120.933] TLM t=  42.6 L1·A@-71 L2·A@-67 L3·A@-75 R1·A@-74 R2·A@-68 R3·A@-64 罐=无罐 泵=0 阀=111111 速=+0,+0,+0.00 电=8.16V/0.81A/峰1.55 补余=0.0 IO错=0 倾+0.0
[  121.451] TLM t=  43.1 L1·A@-71 L2·A@-67 L3·A@-75 R1·A@-74 R2·A@-68 R3·A@-63 罐=无罐 泵=0 阀=111111 速=+0,+0,+0.00 电=8.16V/0.81A/峰1.55 补余=0.0 IO错=0 倾+0.0
[  121.961] TLM t=  43.6 L1·A@-71 L2·A@-66 L3·A@-75 R1·A@-74 R2·A@-67 R3·A@-62 罐=无罐 泵=0 阀=111111 速=+0,+0,+0.00 电=8.16V/0.81A/峰1.55 补余=0.0 IO错=0 倾+0.0
[  122.480] TLM t=  44.2 L1·A@-70 L2·A@-66 L3·A@-75 R1·A@-74 R2·A@-67 R3·A@-62 罐=无罐 泵=0 阀=111111 速=+0,+0,+0.00 电=8.16V/0.90A/峰1.55 补余=0.0 IO错=0 倾+0.0
[  122.983] TLM t=  44.7 L1·A@-70 L2·A@-66 L3·A@-75 R1·A@-74 R2·A@-67 R3·A@-61 罐=无罐 泵=0 阀=111111 速=+0,+0,+0.00 电=8.16V/0.81A/峰1.55 补余=0.0 IO错=0 倾+0.0
[  123.507] TLM t=  45.2 L1·A@-70 L2·A@-65 L3·A@-75 R1·A@-74 R2·A@-66 R3·A@-61 罐=无罐 泵=0 阀=111111 速=+0,+0,+0.00 电=8.16V/0.81A/峰1.55 补余=0.0 IO错=0 倾+0.0
[  124.011] TLM t=  45.7 L1·A@-70 L2·A@-65 L3·A@-74 R1·A@-74 R2·A@-66 R3·A@-60 罐=无罐 泵=0 阀=111111 速=+0,+0,+0.00 电=8.16V/0.81A/峰1.55 补余=0.0 IO错=0 倾+0.0
[  124.282] EVT 泵 开 最差盘压-60.0
[  124.532] TLM t=  46.2 L1·A@-69 L2·A@-64 L3·A@-74 R1·A@-74 R2·A@-66 R3·A@-60 罐=无罐 泵=1 阀=111111 速=+0,+0,+0.00 电=8.08V/0.98A/峰1.55 补余=0.0 IO错=0 倾+0.0
[  125.036] TLM t=  46.7 L1·A@-74 L2·A@-74 L3·A@-74 R1·A@-74 R2·A@-74 R3·A@-73 罐=无罐 泵=1 阀=111111 速=+0,+0,+0.00 电=8.14V/0.81A/峰1.55 补余=0.0 IO错=0 倾+0.0
[  125.308] EVT 泵 停 最差盘压-75.3
[  125.560] TLM t=  47.2 L1·A@-77 L2·A@-77 L3·A@-77 R1·A@-76 R2·A@-76 R3·A@-76 罐=无罐 泵=0 阀=111111 速=+0,+0,+0.00 电=8.16V/0.81A/峰1.55 补余=0.0 IO错=0 倾+0.0
[  126.065] TLM t=  47.7 L1·A@-76 L2·A@-76 L3·A@-76 R1·A@-76 R2·A@-76 R3·A@-76 罐=无罐 泵=0 阀=111111 速=+0,+0,+0.00 电=8.16V/0.90A/峰1.55 补余=0.0 IO错=0 倾+0.0
[  126.247] EVT 实验序列开跑：起跑静置 60s 后打标记，自动轮换 3 轮
[  126.247] EVT 键 't' 倾=+0.0待=+0.0
[  126.584] TLM t=  48.2 L1·A@-76 L2·A@-76 L3·A@-76 R1·A@-76 R2·A@-75 R3·A@-75 罐=无罐 泵=0 阀=111111 速=+0,+0,+0.00 电=8.15V/0.81A/峰1.55 补余=0.0 IO错=0 倾+0.0 自动1/3
[  127.093] TLM t=  48.7 L1·A@-76 L2·A@-75 L3·A@-76 R1·A@-76 R2·A@-75 R3·A@-74 罐=无罐 泵=0 阀=111111 速=+0,+0,+0.00 电=8.15V/0.90A/峰1.55 补余=0.0 IO错=0 倾+0.0 自动1/3
[  127.610] TLM t=  49.3 L1·A@-75 L2·A@-75 L3·A@-76 R1·A@-76 R2·A@-75 R3·A@-74 罐=无罐 泵=0 阀=111111 速=+0,+0,+0.00 电=8.16V/0.90A/峰1.55 补余=0.0 IO错=0 倾+0.0 自动1/3
[  128.113] TLM t=  49.8 L1·A@-75 L2·A@-74 L3·A@-76 R1·A@-75 R2·A@-74 R3·A@-73 罐=无罐 泵=0 阀=111111 速=+0,+0,+0.00 电=8.14V/0.81A/峰1.55 补余=0.0 IO错=0 倾+0.0 自动1/3
[  128.637] TLM t=  50.3 L1·A@-75 L2·A@-74 L3·A@-76 R1·A@-75 R2·A@-74 R3·A@-73 罐=无罐 泵=0 阀=111111 速=+0,+0,+0.00 电=8.15V/0.81A/峰1.55 补余=0.0 IO错=0 倾+0.0 自动1/3
[  129.140] TLM t=  50.8 L1·A@-75 L2·A@-73 L3·A@-76 R1·A@-75 R2·A@-73 R3·A@-72 罐=无罐 泵=0 阀=111111 速=+0,+0,+0.00 电=8.15V/0.81A/峰1.55 补余=0.0 IO错=0 倾+0.0 自动1/3
[  129.664] TLM t=  51.3 L1·A@-74 L2·A@-73 L3·A@-76 R1·A@-75 R2·A@-73 R3·A@-72 罐=无罐 泵=0 阀=111111 速=+0,+0,+0.00 电=8.16V/0.81A/峰1.55 补余=0.0 IO错=0 倾+0.0 自动1/3
[  130.170] TLM t=  51.8 L1·A@-74 L2·A@-73 L3·A@-76 R1·A@-75 R2·A@-73 R3·A@-71 罐=无罐 泵=0 阀=111111 速=+0,+0,+0.00 电=8.14V/0.81A/峰1.55 补余=0.0 IO错=0 倾+0.0 自动1/3
[  130.688] TLM t=  52.3 L1·A@-74 L2·A@-72 L3·A@-76 R1·A@-75 R2·A@-72 R3·A@-70 罐=无罐 泵=0 阀=111111 速=+0,+0,+0.00 电=8.16V/0.81A/峰1.55 补余=0.0 IO错=0 倾+0.0 自动1/3
[  131.193] TLM t=  52.8 L1·A@-74 L2·A@-72 L3·A@-76 R1·A@-75 R2·A@-72 R3·A@-70 罐=无罐 泵=0 阀=111111 速=+0,+0,+0.00 电=8.16V/0.81A/峰1.55 补余=0.0 IO错=0 倾+0.0 自动1/3
[  131.717] TLM t=  53.3 L1·A@-73 L2·A@-71 L3·A@-76 R1·A@-75 R2·A@-72 R3·A@-69 罐=无罐 泵=0 阀=111111 速=+0,+0,+0.00 电=8.15V/0.81A/峰1.55 补余=0.0 IO错=0 倾+0.0 自动1/3
[  132.219] TLM t=  53.8 L1·A@-73 L2·A@-71 L3·A@-76 R1·A@-75 R2·A@-71 R3·A@-69 罐=无罐 泵=0 阀=111111 速=+0,+0,+0.00 电=8.16V/0.81A/峰1.55 补余=0.0 IO错=0 倾+0.0 自动1/3
[  132.744] TLM t=  54.4 L1·A@-73 L2·A@-71 L3·A@-76 R1·A@-75 R2·A@-71 R3·A@-68 罐=无罐 泵=0 阀=111111 速=+0,+0,+0.00 电=8.16V/0.81A/峰1.55 补余=0.0 IO错=0 倾+0.0 自动1/3
[  133.248] TLM t=  54.9 L1·A@-73 L2·A@-70 L3·A@-75 R1·A@-75 R2·A@-71 R3·A@-68 罐=无罐 泵=0 阀=111111 速=+0,+0,+0.00 电=8.15V/0.81A/峰1.55 补余=0.0 IO错=0 倾+0.0 自动1/3
[  133.769] TLM t=  55.4 L1·A@-72 L2·A@-70 L3·A@-75 R1·A@-75 R2·A@-70 R3·A@-67 罐=无罐 泵=0 阀=111111 速=+0,+0,+0.00 电=8.16V/0.90A/峰1.55 补余=0.0 IO错=0 倾+0.0 自动1/3
[  134.270] TLM t=  55.9 L1·A@-72 L2·A@-69 L3·A@-75 R1·A@-75 R2·A@-70 R3·A@-66 罐=无罐 泵=0 阀=111111 速=+0,+0,+0.00 电=8.15V/0.81A/峰1.55 补余=0.0 IO错=0 倾+0.0 自动1/3
[  134.795] TLM t=  56.4 L1·A@-72 L2·A@-69 L3·A@-75 R1·A@-75 R2·A@-69 R3·A@-66 罐=无罐 泵=0 阀=111111 速=+0,+0,+0.00 电=8.15V/0.90A/峰1.55 补余=0.0 IO错=0 倾+0.0 自动1/3
[  135.297] TLM t=  56.9 L1·A@-72 L2·A@-69 L3·A@-75 R1·A@-75 R2·A@-69 R3·A@-65 罐=无罐 泵=0 阀=111111 速=+0,+0,+0.00 电=8.16V/0.81A/峰1.55 补余=0.0 IO错=0 倾+0.0 自动1/3
[  135.821] TLM t=  57.4 L1·A@-71 L2·A@-68 L3·A@-75 R1·A@-75 R2·A@-69 R3·A@-65 罐=无罐 泵=0 阀=111111 速=+0,+0,+0.00 电=8.16V/0.81A/峰1.55 补余=0.0 IO错=0 倾+0.0 自动1/3
[  136.326] TLM t=  57.9 L1·A@-71 L2·A@-68 L3·A@-75 R1·A@-75 R2·A@-68 R3·A@-64 罐=无罐 泵=0 阀=111111 速=+0,+0,+0.00 电=8.16V/0.81A/峰1.55 补余=0.0 IO错=0 倾+0.0 自动1/3
[  136.850] TLM t=  58.4 L1·A@-71 L2·A@-67 L3·A@-75 R1·A@-75 R2·A@-68 R3·A@-64 罐=无罐 泵=0 阀=111111 速=+0,+0,+0.00 电=8.15V/0.90A/峰1.55 补余=0.0 IO错=0 倾+0.0 自动1/3
[  137.364] TLM t=  58.9 L1·A@-71 L2·A@-67 L3·A@-75 R1·A@-75 R2·A@-68 R3·A@-63 罐=无罐 泵=0 阀=111111 速=+0,+0,+0.00 电=8.16V/0.81A/峰1.55 补余=0.0 IO错=0 倾+0.0 自动1/3
[  137.867] TLM t=  59.4 L1·A@-71 L2·A@-67 L3·A@-75 R1·A@-74 R2·A@-67 R3·A@-63 罐=无罐 泵=0 阀=111111 速=+0,+0,+0.00 电=8.16V/0.90A/峰1.55 补余=0.0 IO错=0 倾+0.0 自动1/3
[  138.389] TLM t=  60.0 L1·A@-70 L2·A@-66 L3·A@-75 R1·A@-74 R2·A@-67 R3·A@-62 罐=无罐 泵=0 阀=111111 速=+0,+0,+0.00 电=8.16V/0.90A/峰1.55 补余=0.0 IO错=0 倾+0.0 自动1/3
[  138.893] TLM t=  60.5 L1·A@-70 L2·A@-66 L3·A@-75 R1·A@-74 R2·A@-67 R3·A@-62 罐=无罐 泵=0 阀=111111 速=+0,+0,+0.00 电=8.16V/0.81A/峰1.55 补余=0.0 IO错=0 倾+0.0 自动1/3
[  139.419] TLM t=  61.0 L1·A@-70 L2·A@-65 L3·A@-75 R1·A@-74 R2·A@-66 R3·A@-61 罐=无罐 泵=0 阀=111111 速=+0,+0,+0.00 电=8.15V/0.73A/峰1.55 补余=0.0 IO错=0 倾+0.0 自动1/3
[  139.920] TLM t=  61.5 L1·A@-70 L2·A@-65 L3·A@-75 R1·A@-74 R2·A@-66 R3·A@-60 罐=无罐 泵=0 阀=111111 速=+0,+0,+0.00 电=8.16V/0.81A/峰1.55 补余=0.0 IO错=0 倾+0.0 自动1/3
[  140.394] EVT 泵 开 最差盘压-60.0
[  140.445] TLM t=  62.0 L1·A@-69 L2·A@-65 L3·A@-75 R1·A@-74 R2·A@-66 R3·A@-60 罐=无罐 泵=1 阀=111111 速=+0,+0,+0.00 电=8.07V/0.90A/峰1.55 补余=0.0 IO错=0 倾+0.0 自动1/3
[  140.944] TLM t=  62.5 L1·A@-71 L2·A@-70 L3·A@-74 R1·A@-74 R2·A@-70 R3·A@-70 罐=无罐 泵=1 阀=111111 速=+0,+0,+0.00 电=8.06V/0.81A/峰1.55 补余=0.0 IO错=0 倾+0.0 自动1/3
[  141.419] EVT 泵 停 最差盘压-75.4
[  141.465] TLM t=  63.0 L1·A@-76 L2·A@-77 L3·A@-77 R1·A@-75 R2·A@-77 R3·A@-76 罐=无罐 泵=0 阀=111111 速=+0,+0,+0.00 电=8.15V/0.81A/峰1.55 补余=0.0 IO错=0 倾+0.0 自动1/3
[  141.970] TLM t=  63.5 L1·A@-76 L2·A@-76 L3·A@-76 R1·A@-76 R2·A@-76 R3·A@-76 罐=无罐 泵=0 阀=111111 速=+0,+0,+0.00 电=8.15V/0.90A/峰1.55 补余=0.0 IO错=0 倾+0.0 自动1/3
[  142.494] TLM t=  64.0 L1·A@-76 L2·A@-76 L3·A@-76 R1·A@-76 R2·A@-75 R3·A@-75 罐=无罐 泵=0 阀=111111 速=+0,+0,+0.00 电=8.15V/0.81A/峰1.55 补余=0.0 IO错=0 倾+0.0 自动1/3
[  142.997] TLM t=  64.5 L1·A@-76 L2·A@-75 L3·A@-76 R1·A@-76 R2·A@-75 R3·A@-75 罐=无罐 泵=0 阀=111111 速=+0,+0,+0.00 电=8.15V/0.81A/峰1.55 补余=0.0 IO错=0 倾+0.0 自动1/3
[  143.522] TLM t=  65.1 L1·A@-76 L2·A@-75 L3·A@-76 R1·A@-76 R2·A@-75 R3·A@-74 罐=无罐 泵=0 阀=111111 速=+0,+0,+0.00 电=8.16V/0.81A/峰1.55 补余=0.0 IO错=0 倾+0.0 自动1/3
[  144.020] TLM t=  65.6 L1·A@-75 L2·A@-75 L3·A@-76 R1·A@-76 R2·A@-74 R3·A@-74 罐=无罐 泵=0 阀=111111 速=+0,+0,+0.00 电=8.15V/0.81A/峰1.55 补余=0.0 IO错=0 倾+0.0 自动1/3
[  144.543] TLM t=  66.1 L1·A@-75 L2·A@-74 L3·A@-76 R1·A@-75 R2·A@-74 R3·A@-73 罐=无罐 泵=0 阀=111111 速=+0,+0,+0.00 电=8.15V/0.73A/峰1.55 补余=0.0 IO错=0 倾+0.0 自动1/3
[  145.045] TLM t=  66.6 L1·A@-75 L2·A@-74 L3·A@-76 R1·A@-75 R2·A@-74 R3·A@-72 罐=无罐 泵=0 阀=111111 速=+0,+0,+0.00 电=8.16V/0.81A/峰1.55 补余=0.0 IO错=0 倾+0.0 自动1/3
[  145.568] TLM t=  67.1 L1·A@-75 L2·A@-73 L3·A@-76 R1·A@-75 R2·A@-73 R3·A@-72 罐=无罐 泵=0 阀=111111 速=+0,+0,+0.00 电=8.15V/0.81A/峰1.55 补余=0.0 IO错=0 倾+0.0 自动1/3
[  146.069] TLM t=  67.6 L1·A@-74 L2·A@-73 L3·A@-76 R1·A@-75 R2·A@-73 R3·A@-71 罐=无罐 泵=0 阀=111111 速=+0,+0,+0.00 电=8.15V/0.81A/峰1.55 补余=0.0 IO错=0 倾+0.0 自动1/3
[  146.596] TLM t=  68.1 L1·A@-74 L2·A@-72 L3·A@-76 R1·A@-75 R2·A@-72 R3·A@-71 罐=无罐 泵=0 阀=111111 速=+0,+0,+0.00 电=8.16V/0.81A/峰1.55 补余=0.0 IO错=0 倾+0.0 自动1/3
[  147.094] TLM t=  68.6 L1·A@-74 L2·A@-72 L3·A@-76 R1·A@-75 R2·A@-72 R3·A@-70 罐=无罐 泵=0 阀=111111 速=+0,+0,+0.00 电=8.15V/0.90A/峰1.55 补余=0.0 IO错=0 倾+0.0 自动1/3
[  147.619] TLM t=  69.1 L1·A@-74 L2·A@-72 L3·A@-76 R1·A@-75 R2·A@-72 R3·A@-70 罐=无罐 泵=0 阀=111111 速=+0,+0,+0.00 电=8.14V/0.81A/峰1.55 补余=0.0 IO错=0 倾+0.0 自动1/3
[  148.120] TLM t=  69.6 L1·A@-73 L2·A@-71 L3·A@-76 R1·A@-75 R2·A@-71 R3·A@-69 罐=无罐 泵=0 阀=111111 速=+0,+0,+0.00 电=8.15V/0.90A/峰1.55 补余=0.0 IO错=0 倾+0.0 自动1/3
[  148.644] TLM t=  70.2 L1·A@-73 L2·A@-71 L3·A@-76 R1·A@-75 R2·A@-71 R3·A@-68 罐=无罐 泵=0 阀=111111 速=+0,+0,+0.00 电=8.15V/0.81A/峰1.55 补余=0.0 IO错=0 倾+0.0 自动1/3
[  149.144] TLM t=  70.7 L1·A@-73 L2·A@-70 L3·A@-76 R1·A@-75 R2·A@-71 R3·A@-68 罐=无罐 泵=0 阀=111111 速=+0,+0,+0.00 电=8.15V/0.81A/峰1.55 补余=0.0 IO错=0 倾+0.0 自动1/3
[  149.667] TLM t=  71.2 L1·A@-73 L2·A@-70 L3·A@-75 R1·A@-75 R2·A@-70 R3·A@-67 罐=无罐 泵=0 阀=111111 速=+0,+0,+0.00 电=8.16V/0.81A/峰1.55 补余=0.0 IO错=0 倾+0.0 自动1/3
[  150.166] TLM t=  71.7 L1·A@-72 L2·A@-70 L3·A@-75 R1·A@-75 R2·A@-70 R3·A@-67 罐=无罐 泵=0 阀=111111 速=+0,+0,+0.00 电=8.16V/0.81A/峰1.55 补余=0.0 IO错=0 倾+0.0 自动1/3
[  150.691] TLM t=  72.2 L1·A@-72 L2·A@-69 L3·A@-75 R1·A@-75 R2·A@-70 R3·A@-66 罐=无罐 泵=0 阀=111111 速=+0,+0,+0.00 电=8.15V/0.73A/峰1.55 补余=0.0 IO错=0 倾+0.0 自动1/3
[  151.196] TLM t=  72.7 L1·A@-72 L2·A@-69 L3·A@-75 R1·A@-75 R2·A@-69 R3·A@-66 罐=无罐 泵=0 阀=111111 速=+0,+0,+0.00 电=8.14V/0.81A/峰1.55 补余=0.0 IO错=0 倾+0.0 自动1/3
[  151.691] TLM t=  73.2 L1·A@-72 L2·A@-68 L3·A@-75 R1·A@-75 R2·A@-69 R3·A@-65 罐=无罐 泵=0 阀=111111 速=+0,+0,+0.00 电=8.16V/0.90A/峰1.55 补余=0.0 IO错=0 倾+0.0 自动1/3
[  152.201] TLM t=  73.7 L1·A@-71 L2·A@-68 L3·A@-75 R1·A@-75 R2·A@-69 R3·A@-65 罐=无罐 泵=0 阀=111111 速=+0,+0,+0.00 电=8.15V/0.81A/峰1.55 补余=0.0 IO错=0 倾+0.0 自动1/3
[  152.706] TLM t=  74.2 L1·A@-71 L2·A@-68 L3·A@-75 R1·A@-75 R2·A@-68 R3·A@-64 罐=无罐 泵=0 阀=111111 速=+0,+0,+0.00 电=8.15V/0.81A/峰1.55 补余=0.0 IO错=0 倾+0.0 自动1/3
[  153.225] TLM t=  74.7 L1·A@-71 L2·A@-67 L3·A@-75 R1·A@-75 R2·A@-68 R3·A@-64 罐=无罐 泵=0 阀=111111 速=+0,+0,+0.00 电=8.15V/0.90A/峰1.55 补余=0.0 IO错=0 倾+0.0 自动1/3
[  153.730] TLM t=  75.2 L1·A@-71 L2·A@-67 L3·A@-75 R1·A@-75 R2·A@-68 R3·A@-63 罐=无罐 泵=0 阀=111111 速=+0,+0,+0.00 电=8.15V/0.81A/峰1.55 补余=0.0 IO错=0 倾+0.0 自动1/3
[  154.255] TLM t=  75.7 L1·A@-70 L2·A@-66 L3·A@-75 R1·A@-75 R2·A@-67 R3·A@-62 罐=无罐 泵=0 阀=111111 速=+0,+0,+0.00 电=8.14V/0.90A/峰1.55 补余=0.0 IO错=0 倾+0.0 自动1/3
[  154.755] TLM t=  76.2 L1·A@-70 L2·A@-66 L3·A@-75 R1·A@-74 R2·A@-67 R3·A@-62 罐=无罐 泵=0 阀=111111 速=+0,+0,+0.00 电=8.15V/0.81A/峰1.55 补余=0.0 IO错=0 倾+0.0 自动1/3
[  155.282] TLM t=  76.8 L1·A@-70 L2·A@-66 L3·A@-75 R1·A@-74 R2·A@-67 R3·A@-61 罐=无罐 泵=0 阀=111111 速=+0,+0,+0.00 电=8.15V/0.81A/峰1.55 补余=0.0 IO错=0 倾+0.0 自动1/3
[  155.788] TLM t=  77.3 L1·A@-70 L2·A@-65 L3·A@-75 R1·A@-74 R2·A@-66 R3·A@-61 罐=无罐 泵=0 阀=111111 速=+0,+0,+0.00 电=8.14V/0.81A/峰1.55 补余=0.0 IO错=0 倾+0.0 自动1/3
[  156.306] TLM t=  77.8 L1·A@-69 L2·A@-65 L3·A@-75 R1·A@-74 R2·A@-66 R3·A@-60 罐=无罐 泵=0 阀=111111 速=+0,+0,+0.00 电=8.15V/0.73A/峰1.55 补余=0.0 IO错=0 倾+0.0 自动1/3
[  156.620] EVT 泵 开 最差盘压-59.9
[  156.809] TLM t=  78.3 L1·A@-69 L2·A@-65 L3·A@-75 R1·A@-74 R2·A@-66 R3·A@-60 罐=无罐 泵=1 阀=111111 速=+0,+0,+0.00 电=8.11V/0.81A/峰1.55 补余=0.0 IO错=0 倾+0.0 自动1/3
[  157.334] TLM t=  78.8 L1·A@-73 L2·A@-73 L3·A@-74 R1·A@-74 R2·A@-73 R3·A@-72 罐=无罐 泵=1 阀=111111 速=+0,+0,+0.00 电=8.09V/0.81A/峰1.55 补余=0.0 IO错=0 倾+0.0 自动1/3
[  157.648] EVT 泵 停 最差盘压-75.4
[  157.839] TLM t=  79.3 L1·A@-77 L2·A@-77 L3·A@-77 R1·A@-76 R2·A@-76 R3·A@-76 罐=无罐 泵=0 阀=111111 速=+0,+0,+0.00 电=8.15V/0.81A/峰1.55 补余=0.0 IO错=0 倾+0.0 自动1/3
[  158.359] TLM t=  79.8 L1·A@-76 L2·A@-76 L3·A@-76 R1·A@-76 R2·A@-76 R3·A@-76 罐=无罐 泵=0 阀=111111 速=+0,+0,+0.00 电=8.16V/0.81A/峰1.55 补余=0.0 IO错=0 倾+0.0 自动1/3
[  158.864] TLM t=  80.3 L1·A@-76 L2·A@-76 L3·A@-76 R1·A@-76 R2·A@-75 R3·A@-75 罐=无罐 泵=0 阀=111111 速=+0,+0,+0.00 电=8.14V/0.81A/峰1.55 补余=0.0 IO错=0 倾+0.0 自动1/3
[  159.387] TLM t=  80.8 L1·A@-76 L2·A@-75 L3·A@-76 R1·A@-76 R2·A@-75 R3·A@-75 罐=无罐 泵=0 阀=111111 速=+0,+0,+0.00 电=8.15V/0.73A/峰1.55 补余=0.0 IO错=0 倾+0.0 自动1/3
[  159.890] TLM t=  81.3 L1·A@-75 L2·A@-75 L3·A@-76 R1·A@-76 R2·A@-75 R3·A@-74 罐=无罐 泵=0 阀=111111 速=+0,+0,+0.00 电=8.14V/0.81A/峰1.55 补余=0.0 IO错=0 倾+0.0 自动1/3
[  160.411] TLM t=  81.9 L1·A@-75 L2·A@-74 L3·A@-76 R1·A@-76 R2·A@-74 R3·A@-73 罐=无罐 泵=0 阀=111111 速=+0,+0,+0.00 电=8.14V/0.81A/峰1.55 补余=0.0 IO错=0 倾+0.0 自动1/3
[  160.912] TLM t=  82.4 L1·A@-75 L2·A@-74 L3·A@-76 R1·A@-75 R2·A@-74 R3·A@-73 罐=无罐 泵=0 阀=111111 速=+0,+0,+0.00 电=8.14V/0.81A/峰1.55 补余=0.0 IO错=0 倾+0.0 自动1/3
[  161.436] TLM t=  82.9 L1·A@-75 L2·A@-74 L3·A@-76 R1·A@-75 R2·A@-73 R3·A@-72 罐=无罐 泵=0 阀=111111 速=+0,+0,+0.00 电=8.14V/0.73A/峰1.55 补余=0.0 IO错=0 倾+0.0 自动1/3
[  161.937] TLM t=  83.4 L1·A@-74 L2·A@-73 L3·A@-76 R1·A@-75 R2·A@-73 R3·A@-72 罐=无罐 泵=0 阀=111111 速=+0,+0,+0.00 电=8.15V/0.73A/峰1.55 补余=0.0 IO错=0 倾+0.0 自动1/3
[  162.460] TLM t=  83.9 L1·A@-74 L2·A@-73 L3·A@-76 R1·A@-75 R2·A@-73 R3·A@-71 罐=无罐 泵=0 阀=111111 速=+0,+0,+0.00 电=8.15V/0.73A/峰1.55 补余=0.0 IO错=0 倾+0.0 自动1/3
[  162.962] TLM t=  84.4 L1·A@-74 L2·A@-72 L3·A@-76 R1·A@-75 R2·A@-72 R3·A@-71 罐=无罐 泵=0 阀=111111 速=+0,+0,+0.00 电=8.15V/0.81A/峰1.55 补余=0.0 IO错=0 倾+0.0 自动1/3
[  163.485] TLM t=  84.9 L1·A@-74 L2·A@-72 L3·A@-76 R1·A@-75 R2·A@-72 R3·A@-70 罐=无罐 泵=0 阀=111111 速=+0,+0,+0.00 电=8.15V/0.81A/峰1.55 补余=0.0 IO错=0 倾+0.0 自动1/3
[  163.993] TLM t=  85.4 L1·A@-73 L2·A@-71 L3·A@-76 R1·A@-75 R2·A@-72 R3·A@-69 罐=无罐 泵=0 阀=111111 速=+0,+0,+0.00 电=8.15V/0.81A/峰1.55 补余=0.0 IO错=0 倾+0.0 自动1/3
[  164.513] TLM t=  85.9 L1·A@-73 L2·A@-71 L3·A@-76 R1·A@-75 R2·A@-71 R3·A@-69 罐=无罐 泵=0 阀=111111 速=+0,+0,+0.00 电=8.16V/0.81A/峰1.55 补余=0.0 IO错=0 倾+0.0 自动1/3
[  165.029] TLM t=  86.4 L1·A@-73 L2·A@-71 L3·A@-76 R1·A@-75 R2·A@-71 R3·A@-68 罐=无罐 泵=0 阀=111111 速=+0,+0,+0.00 电=8.15V/0.90A/峰1.55 补余=0.0 IO错=0 倾+0.0 自动1/3
[  165.533] TLM t=  86.9 L1·A@-73 L2·A@-70 L3·A@-76 R1·A@-75 R2·A@-71 R3·A@-68 罐=无罐 泵=0 阀=111111 速=+0,+0,+0.00 电=8.16V/0.73A/峰1.55 补余=0.0 IO错=0 倾+0.0 自动1/3
[  166.057] TLM t=  87.5 L1·A@-72 L2·A@-70 L3·A@-75 R1·A@-75 R2·A@-70 R3·A@-67 罐=无罐 泵=0 阀=111111 速=+0,+0,+0.00 电=8.15V/0.81A/峰1.55 补余=0.0 IO错=0 倾+0.0 自动1/3
[  166.560] TLM t=  88.0 L1·A@-72 L2·A@-70 L3·A@-75 R1·A@-75 R2·A@-70 R3·A@-67 罐=无罐 泵=0 阀=111111 速=+0,+0,+0.00 电=8.15V/0.90A/峰1.55 补余=0.0 IO错=0 倾+0.0 自动1/3
[  167.081] TLM t=  88.5 L1·A@-72 L2·A@-69 L3·A@-75 R1·A@-75 R2·A@-70 R3·A@-66 罐=无罐 泵=0 阀=111111 速=+0,+0,+0.00 电=8.15V/0.73A/峰1.55 补余=0.0 IO错=0 倾+0.0 自动1/3
[  167.585] TLM t=  89.0 L1·A@-72 L2·A@-69 L3·A@-75 R1·A@-75 R2·A@-69 R3·A@-65 罐=无罐 泵=0 阀=111111 速=+0,+0,+0.00 电=8.15V/0.81A/峰1.55 补余=0.0 IO错=0 倾+0.0 自动1/3
[  168.110] TLM t=  89.5 L1·A@-71 L2·A@-68 L3·A@-75 R1·A@-75 R2·A@-69 R3·A@-65 罐=无罐 泵=0 阀=111111 速=+0,+0,+0.00 电=8.15V/0.81A/峰1.55 补余=0.0 IO错=0 倾+0.0 自动1/3
[  168.611] TLM t=  90.0 L1·A@-71 L2·A@-68 L3·A@-75 R1·A@-75 R2·A@-69 R3·A@-64 罐=无罐 泵=0 阀=111111 速=+0,+0,+0.00 电=8.15V/0.81A/峰1.55 补余=0.0 IO错=0 倾+0.0 自动1/3
[  169.137] TLM t=  90.5 L1·A@-71 L2·A@-68 L3·A@-75 R1·A@-75 R2·A@-68 R3·A@-64 罐=无罐 泵=0 阀=111111 速=+0,+0,+0.00 电=8.14V/0.81A/峰1.55 补余=0.0 IO错=0 倾+0.0 自动1/3
[  169.638] TLM t=  91.0 L1·A@-71 L2·A@-67 L3·A@-75 R1·A@-75 R2·A@-68 R3·A@-63 罐=无罐 泵=0 阀=111111 速=+0,+0,+0.00 电=8.14V/0.73A/峰1.55 补余=0.0 IO错=0 倾+0.0 自动1/3
[  170.161] TLM t=  91.5 L1·A@-70 L2·A@-67 L3·A@-75 R1·A@-75 R2·A@-68 R3·A@-63 罐=无罐 泵=0 阀=111111 速=+0,+0,+0.00 电=8.14V/0.81A/峰1.55 补余=0.0 IO错=0 倾+0.0 自动1/3
[  170.662] TLM t=  92.0 L1·A@-70 L2·A@-66 L3·A@-75 R1·A@-75 R2·A@-67 R3·A@-62 罐=无罐 泵=0 阀=111111 速=+0,+0,+0.00 电=8.15V/0.81A/峰1.55 补余=0.0 IO错=0 倾+0.0 自动1/3
[  171.184] TLM t=  92.6 L1·A@-70 L2·A@-66 L3·A@-75 R1·A@-74 R2·A@-67 R3·A@-62 罐=无罐 泵=0 阀=111111 速=+0,+0,+0.00 电=8.15V/0.90A/峰1.55 补余=0.0 IO错=0 倾+0.0 自动1/3
[  171.687] TLM t=  93.1 L1·A@-70 L2·A@-66 L3·A@-75 R1·A@-74 R2·A@-67 R3·A@-61 罐=无罐 泵=0 阀=111111 速=+0,+0,+0.00 电=8.14V/0.81A/峰1.55 补余=0.0 IO错=0 倾+0.0 自动1/3
[  172.211] TLM t=  93.6 L1·A@-69 L2·A@-65 L3·A@-75 R1·A@-74 R2·A@-66 R3·A@-61 罐=无罐 泵=0 阀=111111 速=+0,+0,+0.00 电=8.15V/0.81A/峰1.55 补余=0.0 IO错=0 倾+0.0 自动1/3
[  172.712] TLM t=  94.1 L1·A@-69 L2·A@-65 L3·A@-75 R1·A@-74 R2·A@-66 R3·A@-60 罐=无罐 泵=0 阀=111111 速=+0,+0,+0.00 电=8.14V/0.81A/峰1.55 补余=0.0 IO错=0 倾+0.0 自动1/3
[  172.865] EVT 泵 开 最差盘压-59.9
[  173.235] TLM t=  94.6 L1·A@-69 L2·A@-65 L3·A@-75 R1·A@-74 R2·A@-66 R3·A@-65 罐=无罐 泵=1 阀=111111 速=+0,+0,+0.00 电=8.11V/0.73A/峰1.55 补余=0.0 IO错=0 倾+0.0 自动1/3
[  173.739] TLM t=  95.1 L1·A@-75 L2·A@-75 L3·A@-75 R1·A@-74 R2·A@-75 R3·A@-75 罐=无罐 泵=1 阀=111111 速=+0,+0,+0.00 电=8.13V/0.81A/峰1.55 补余=0.0 IO错=0 倾+0.0 自动1/3
[  173.892] EVT 泵 停 最差盘压-75.3
[  174.262] TLM t=  95.6 L1·A@-76 L2·A@-77 L3·A@-77 R1·A@-76 R2·A@-76 R3·A@-76 罐=无罐 泵=0 阀=111111 速=+0,+0,+0.00 电=8.15V/0.73A/峰1.55 补余=0.0 IO错=0 倾+0.0 自动1/3
[  174.762] TLM t=  96.1 L1·A@-76 L2·A@-76 L3·A@-76 R1·A@-76 R2·A@-76 R3·A@-76 罐=无罐 泵=0 阀=111111 速=+0,+0,+0.00 电=8.14V/0.81A/峰1.55 补余=0.0 IO错=0 倾+0.0 自动1/3
[  175.290] TLM t=  96.6 L1·A@-76 L2·A@-76 L3·A@-76 R1·A@-76 R2·A@-75 R3·A@-75 罐=无罐 泵=0 阀=111111 速=+0,+0,+0.00 电=8.15V/0.73A/峰1.55 补余=0.0 IO错=0 倾+0.0 自动1/3
[  175.787] TLM t=  97.1 L1·A@-76 L2·A@-75 L3·A@-76 R1·A@-76 R2·A@-75 R3·A@-74 罐=无罐 泵=0 阀=111111 速=+0,+0,+0.00 电=8.15V/0.81A/峰1.55 补余=0.0 IO错=0 倾+0.0 自动1/3
[  176.309] TLM t=  97.7 L1·A@-75 L2·A@-75 L3·A@-76 R1·A@-76 R2·A@-74 R3·A@-74 罐=无罐 泵=0 阀=111111 速=+0,+0,+0.00 电=8.14V/0.81A/峰1.55 补余=0.0 IO错=0 倾+0.0 自动1/3
[  176.813] TLM t=  98.2 L1·A@-75 L2·A@-74 L3·A@-76 R1·A@-76 R2·A@-74 R3·A@-73 罐=无罐 泵=0 阀=111111 速=+0,+0,+0.00 电=8.14V/0.73A/峰1.55 补余=0.0 IO错=0 倾+0.0 自动1/3
[  177.335] TLM t=  98.7 L1·A@-75 L2·A@-74 L3·A@-76 R1·A@-75 R2·A@-74 R3·A@-73 罐=无罐 泵=0 阀=111111 速=+0,+0,+0.00 电=8.14V/0.81A/峰1.55 补余=0.0 IO错=0 倾+0.0 自动1/3
[  177.839] TLM t=  99.2 L1·A@-75 L2·A@-73 L3·A@-76 R1·A@-75 R2·A@-73 R3·A@-72 罐=无罐 泵=0 阀=111111 速=+0,+0,+0.00 电=8.14V/0.81A/峰1.55 补余=0.0 IO错=0 倾+0.0 自动1/3
[  178.361] TLM t=  99.7 L1·A@-74 L2·A@-73 L3·A@-76 R1·A@-75 R2·A@-73 R3·A@-71 罐=无罐 泵=0 阀=111111 速=+0,+0,+0.00 电=8.15V/0.81A/峰1.55 补余=0.0 IO错=0 倾+0.0 自动1/3
[  178.866] TLM t= 100.2 L1·A@-74 L2·A@-73 L3·A@-76 R1·A@-75 R2·A@-73 R3·A@-71 罐=无罐 泵=0 阀=111111 速=+0,+0,+0.00 电=8.15V/0.73A/峰1.55 补余=0.0 IO错=0 倾+0.0 自动1/3
[  179.394] TLM t= 100.7 L1·A@-74 L2·A@-72 L3·A@-76 R1·A@-75 R2·A@-72 R3·A@-70 罐=无罐 泵=0 阀=111111 速=+0,+0,+0.00 电=8.15V/0.90A/峰1.55 补余=0.0 IO错=0 倾+0.0 自动1/3
[  179.891] TLM t= 101.2 L1·A@-73 L2·A@-72 L3·A@-76 R1·A@-75 R2·A@-72 R3·A@-70 罐=无罐 泵=0 阀=111111 速=+0,+0,+0.00 电=8.15V/0.81A/峰1.55 补余=0.0 IO错=0 倾+0.0 自动1/3
[  180.417] TLM t= 101.7 L1·A@-73 L2·A@-71 L3·A@-76 R1·A@-75 R2·A@-72 R3·A@-69 罐=无罐 泵=0 阀=111111 速=+0,+0,+0.00 电=8.15V/0.73A/峰1.55 补余=0.0 IO错=0 倾+0.0 自动1/3
[  180.922] TLM t= 102.2 L1·A@-73 L2·A@-71 L3·A@-76 R1·A@-75 R2·A@-71 R3·A@-69 罐=无罐 泵=0 阀=111111 速=+0,+0,+0.00 电=8.14V/0.81A/峰1.55 补余=0.0 IO错=0 倾+0.0 自动1/3
[  181.417] TLM t= 102.7 L1·A@-73 L2·A@-71 L3·A@-76 R1·A@-75 R2·A@-71 R3·A@-68 罐=无罐 泵=0 阀=111111 速=+0,+0,+0.00 电=8.14V/0.81A/峰1.55 补余=0.0 IO错=0 倾+0.0 自动1/3
[  181.926] TLM t= 103.2 L1·A@-72 L2·A@-70 L3·A@-76 R1·A@-75 R2·A@-71 R3·A@-68 罐=无罐 泵=0 阀=111111 速=+0,+0,+0.00 电=8.15V/0.81A/峰1.55 补余=0.0 IO错=0 倾+0.0 自动1/3
[  182.436] TLM t= 103.7 L1·A@-72 L2·A@-70 L3·A@-75 R1·A@-75 R2·A@-70 R3·A@-67 罐=无罐 泵=0 阀=111111 速=+0,+0,+0.00 电=8.14V/0.81A/峰1.55 补余=0.0 IO错=0 倾+0.0 自动1/3
[  182.958] TLM t= 104.3 L1·A@-72 L2·A@-69 L3·A@-75 R1·A@-75 R2·A@-70 R3·A@-66 罐=无罐 泵=0 阀=111111 速=+0,+0,+0.00 电=8.14V/0.81A/峰1.55 补余=0.0 IO错=0 倾+0.0 自动1/3
[  183.461] TLM t= 104.8 L1·A@-72 L2·A@-69 L3·A@-75 R1·A@-75 R2·A@-70 R3·A@-66 罐=无罐 泵=0 阀=111111 速=+0,+0,+0.00 电=8.15V/0.81A/峰1.55 补余=0.0 IO错=0 倾+0.0 自动1/3
[  183.987] TLM t= 105.3 L1·A@-71 L2·A@-69 L3·A@-75 R1·A@-75 R2·A@-69 R3·A@-65 罐=无罐 泵=0 阀=111111 速=+0,+0,+0.00 电=8.14V/0.90A/峰1.55 补余=0.0 IO错=0 倾+0.0 自动1/3
[  184.491] TLM t= 105.8 L1·A@-71 L2·A@-68 L3·A@-75 R1·A@-75 R2·A@-69 R3·A@-65 罐=无罐 泵=0 阀=111111 速=+0,+0,+0.00 电=8.15V/0.90A/峰1.55 补余=0.0 IO错=0 倾+0.0 自动1/3
[  185.016] TLM t= 106.3 L1·A@-71 L2·A@-68 L3·A@-75 R1·A@-75 R2·A@-69 R3·A@-64 罐=无罐 泵=0 阀=111111 速=+0,+0,+0.00 电=8.15V/0.73A/峰1.55 补余=0.0 IO错=0 倾+0.0 自动1/3
[  185.522] TLM t= 106.8 L1·A@-71 L2·A@-67 L3·A@-75 R1·A@-75 R2·A@-68 R3·A@-64 罐=无罐 泵=0 阀=111111 速=+0,+0,+0.00 电=8.13V/0.81A/峰1.55 补余=0.0 IO错=0 倾+0.0 自动1/3
[  186.040] TLM t= 107.3 L1·A@-70 L2·A@-67 L3·A@-75 R1·A@-75 R2·A@-68 R3·A@-63 罐=无罐 泵=0 阀=111111 速=+0,+0,+0.00 电=8.14V/0.81A/峰1.55 补余=0.0 IO错=0 倾+0.0 自动1/3
[  186.250] EVT 倾身 +10mm（对时标记 去程）
[  186.546] TLM t= 107.8 L1·A@-70 L2·A@-67 L3·A@-75 R1·A@-75 R2·A@-67 R3·A@-63 罐=无罐 泵=0 阀=111111 速=+0,+0,+0.00 电=8.11V/1.63A/峰1.63 补余=0.0 IO错=0 倾+2.8→+10 对时标记
[  187.068] TLM t= 108.3 L1·A@-70 L2·A@-66 L3·A@-75 R1·A@-74 R2·A@-67 R3·A@-62 罐=无罐 泵=0 阀=111111 速=+0,+0,+0.00 电=8.05V/2.36A/峰2.36 补余=0.0 IO错=0 倾+8.0→+10 对时标记
[  187.569] TLM t= 108.8 L1·A@-70 L2·A@-66 L3·A@-75 R1·A@-74 R2·A@-67 R3·A@-62 罐=无罐 泵=0 阀=111111 速=+0,+0,+0.00 电=8.06V/2.20A/峰2.36 补余=0.0 IO错=0 倾+10.0 对时标记
[  188.094] TLM t= 109.4 L1·A@-69 L2·A@-66 L3·A@-75 R1·A@-74 R2·A@-67 R3·A@-61 罐=无罐 泵=0 阀=111111 速=+0,+0,+0.00 电=8.05V/2.12A/峰2.36 补余=0.0 IO错=0 倾+10.0 对时标记
[  188.595] TLM t= 109.9 L1·A@-69 L2·A@-65 L3·A@-75 R1·A@-74 R2·A@-66 R3·A@-60 罐=无罐 泵=0 阀=111111 速=+0,+0,+0.00 电=8.08V/2.04A/峰2.36 补余=0.0 IO错=0 倾+10.0 对时标记
[  189.109] EVT 泵 开 最差盘压-59.9
[  189.119] TLM t= 110.4 L1·A@-69 L2·A@-65 L3·A@-75 R1·A@-74 R2·A@-66 R3·A@-60 罐=无罐 泵=1 阀=111111 速=+0,+0,+0.00 电=7.91V/2.04A/峰2.36 补余=0.0 IO错=0 倾+10.0 对时标记
[  189.263] EVT 倾身 -10mm（对时标记 回程）
[  189.631] TLM t= 110.9 L1·A@-69 L2·A@-70 L3·A@-75 R1·A@-74 R2·A@-70 R3·A@-69 罐=无罐 泵=1 阀=111111 速=+0,+0,+0.00 电=8.11V/1.06A/峰2.36 补余=0.0 IO错=0 倾+6.4→+0 对时标记
[  190.132] EVT 泵 停 最差盘压-75.2
[  190.144] TLM t= 111.4 L1·A@-76 L2·A@-76 L3·A@-76 R1·A@-75 R2·A@-76 R3·A@-76 罐=无罐 泵=0 阀=111111 速=+0,+0,+0.00 电=8.14V/0.81A/峰2.36 补余=0.0 IO错=0 倾+1.4→+0 对时标记
[  190.654] TLM t= 111.9 L1·A@-76 L2·A@-76 L3·A@-76 R1·A@-76 R2·A@-76 R3·A@-76 罐=无罐 泵=0 阀=111111 速=+0,+0,+0.00 电=8.14V/0.81A/峰2.36 补余=0.0 IO错=0 倾+0.0 对时标记
[  191.163] TLM t= 112.4 L1·A@-76 L2·A@-76 L3·A@-76 R1·A@-76 R2·A@-76 R3·A@-75 罐=无罐 泵=0 阀=111111 速=+0,+0,+0.00 电=8.14V/0.73A/峰2.36 补余=0.0 IO错=0 倾+0.0 对时标记
[  191.668] TLM t= 112.9 L1·A@-76 L2·A@-76 L3·A@-76 R1·A@-76 R2·A@-75 R3·A@-75 罐=无罐 泵=0 阀=111111 速=+0,+0,+0.00 电=8.14V/0.81A/峰2.36 补余=0.0 IO错=0 倾+0.0 对时标记
[  192.188] TLM t= 113.4 L1·A@-75 L2·A@-75 L3·A@-76 R1·A@-76 R2·A@-75 R3·A@-74 罐=无罐 泵=0 阀=111111 速=+0,+0,+0.00 电=8.15V/0.81A/峰2.36 补余=0.0 IO错=0 倾+0.0 对时标记
[  192.691] TLM t= 113.9 L1·A@-75 L2·A@-75 L3·A@-76 R1·A@-76 R2·A@-74 R3·A@-74 罐=无罐 泵=0 阀=111111 速=+0,+0,+0.00 电=8.14V/0.73A/峰2.36 补余=0.0 IO错=0 倾+0.0 对时标记
[  193.212] TLM t= 114.5 L1·A@-75 L2·A@-74 L3·A@-76 R1·A@-76 R2·A@-74 R3·A@-73 罐=无罐 泵=0 阀=111111 速=+0,+0,+0.00 电=8.14V/0.81A/峰2.36 补余=0.0 IO错=0 倾+0.0 对时标记
[  193.716] TLM t= 115.0 L1·A@-74 L2·A@-74 L3·A@-76 R1·A@-76 R2·A@-74 R3·A@-73 罐=无罐 泵=0 阀=111111 速=+0,+0,+0.00 电=8.14V/0.81A/峰2.36 补余=0.0 IO错=0 倾+0.0 对时标记
[  194.236] TLM t= 115.5 L1·A@-74 L2·A@-73 L3·A@-76 R1·A@-75 R2·A@-73 R3·A@-72 罐=无罐 泵=0 阀=111111 速=+0,+0,+0.00 电=8.14V/0.73A/峰2.36 补余=0.0 IO错=0 倾+0.0 对时标记
[  194.741] TLM t= 116.0 L1·A@-74 L2·A@-73 L3·A@-76 R1·A@-75 R2·A@-73 R3·A@-71 罐=无罐 泵=0 阀=111111 速=+0,+0,+0.00 电=8.14V/0.81A/峰2.36 补余=0.0 IO错=0 倾+0.0 对时标记
[  195.259] TLM t= 116.5 L1·A@-74 L2·A@-73 L3·A@-76 R1·A@-75 R2·A@-73 R3·A@-71 罐=无罐 泵=0 阀=111111 速=+0,+0,+0.00 电=8.14V/0.81A/峰2.36 补余=0.0 IO错=0 倾+0.0 对时标记
[  195.763] TLM t= 117.0 L1·A@-73 L2·A@-72 L3·A@-76 R1·A@-75 R2·A@-72 R3·A@-70 罐=无罐 泵=0 阀=111111 速=+0,+0,+0.00 电=8.14V/0.81A/峰2.36 补余=0.0 IO错=0 倾+0.0 对时标记
[  196.287] TLM t= 117.5 L1·A@-73 L2·A@-72 L3·A@-76 R1·A@-75 R2·A@-72 R3·A@-70 罐=无罐 泵=0 阀=111111 速=+0,+0,+0.00 电=8.15V/0.90A/峰2.36 补余=0.0 IO错=0 倾+0.0 对时标记
[  196.788] TLM t= 118.0 L1·A@-73 L2·A@-71 L3·A@-76 R1·A@-75 R2·A@-72 R3·A@-69 罐=无罐 泵=0 阀=111111 速=+0,+0,+0.00 电=8.14V/0.90A/峰2.36 补余=0.0 IO错=0 倾+0.0 对时标记
[  197.310] TLM t= 118.5 L1·A@-72 L2·A@-71 L3·A@-76 R1·A@-75 R2·A@-71 R3·A@-69 罐=无罐 泵=0 阀=111111 速=+0,+0,+0.00 电=8.14V/0.81A/峰2.36 补余=0.0 IO错=0 倾+0.0 对时标记
[  197.815] TLM t= 119.0 L1·A@-72 L2·A@-71 L3·A@-76 R1·A@-75 R2·A@-71 R3·A@-68 罐=无罐 泵=0 阀=111111 速=+0,+0,+0.00 电=8.14V/0.81A/峰2.36 补余=0.0 IO错=0 倾+0.0 对时标记
[  198.334] TLM t= 119.6 L1·A@-72 L2·A@-70 L3·A@-75 R1·A@-75 R2·A@-71 R3·A@-67 罐=无罐 泵=0 阀=111111 速=+0,+0,+0.00 电=8.14V/0.90A/峰2.36 补余=0.0 IO错=0 倾+0.0 对时标记
[  198.838] TLM t= 120.1 L1·A@-72 L2·A@-70 L3·A@-75 R1·A@-75 R2·A@-70 R3·A@-67 罐=无罐 泵=0 阀=111111 速=+0,+0,+0.00 电=8.14V/0.90A/峰2.36 补余=0.0 IO错=0 倾+0.0 对时标记
[  199.359] TLM t= 120.6 L1·A@-71 L2·A@-69 L3·A@-75 R1·A@-75 R2·A@-70 R3·A@-66 罐=无罐 泵=0 阀=111111 速=+0,+0,+0.00 电=8.14V/0.81A/峰2.36 补余=0.0 IO错=0 倾+0.0 对时标记
[  199.863] TLM t= 121.1 L1·A@-71 L2·A@-69 L3·A@-75 R1·A@-75 R2·A@-69 R3·A@-66 罐=无罐 泵=0 阀=111111 速=+0,+0,+0.00 电=8.14V/0.81A/峰2.36 补余=0.0 IO错=0 倾+0.0 对时标记
[  200.384] TLM t= 121.6 L1·A@-71 L2·A@-69 L3·A@-75 R1·A@-75 R2·A@-69 R3·A@-65 罐=无罐 泵=0 阀=111111 速=+0,+0,+0.00 电=8.14V/0.81A/峰2.36 补余=0.0 IO错=0 倾+0.0 对时标记
[  200.889] TLM t= 122.1 L1·A@-71 L2·A@-68 L3·A@-75 R1·A@-75 R2·A@-69 R3·A@-65 罐=无罐 泵=0 阀=111111 速=+0,+0,+0.00 电=8.14V/0.81A/峰2.36 补余=0.0 IO错=0 倾+0.0 对时标记
[  201.410] TLM t= 122.6 L1·A@-70 L2·A@-68 L3·A@-75 R1·A@-75 R2·A@-68 R3·A@-64 罐=无罐 泵=0 阀=111111 速=+0,+0,+0.00 电=8.14V/0.73A/峰2.36 补余=0.0 IO错=0 倾+0.0 对时标记
[  201.917] TLM t= 123.1 L1·A@-70 L2·A@-67 L3·A@-75 R1·A@-75 R2·A@-68 R3·A@-64 罐=无罐 泵=0 阀=111111 速=+0,+0,+0.00 电=8.14V/0.81A/峰2.36 补余=0.0 IO错=0 倾+0.0 对时标记
[  202.433] TLM t= 123.6 L1·A@-70 L2·A@-67 L3·A@-75 R1·A@-75 R2·A@-68 R3·A@-63 罐=无罐 泵=0 阀=111111 速=+0,+0,+0.00 电=8.14V/0.81A/峰2.36 补余=0.0 IO错=0 倾+0.0 对时标记
[  202.936] TLM t= 124.1 L1·A@-70 L2·A@-67 L3·A@-75 R1·A@-75 R2·A@-67 R3·A@-63 罐=无罐 泵=0 阀=111111 速=+0,+0,+0.00 电=8.14V/0.81A/峰2.36 补余=0.0 IO错=0 倾+0.0 对时标记
[  203.460] TLM t= 124.7 L1·A@-69 L2·A@-66 L3·A@-75 R1·A@-75 R2·A@-67 R3·A@-62 罐=无罐 泵=0 阀=111111 速=+0,+0,+0.00 电=8.13V/0.81A/峰2.36 补余=0.0 IO错=0 倾+0.0 对时标记
[  203.963] TLM t= 125.2 L1·A@-69 L2·A@-66 L3·A@-75 R1·A@-75 R2·A@-67 R3·A@-61 罐=无罐 泵=0 阀=111111 速=+0,+0,+0.00 电=8.14V/0.81A/峰2.36 补余=0.0 IO错=0 倾+0.0 对时标记
[  204.485] TLM t= 125.7 L1·A@-69 L2·A@-65 L3·A@-75 R1·A@-75 R2·A@-66 R3·A@-61 罐=无罐 泵=0 阀=111111 速=+0,+0,+0.00 电=8.14V/0.81A/峰2.36 补余=0.0 IO错=0 倾+0.0 对时标记
[  204.988] TLM t= 126.2 L1·A@-69 L2·A@-65 L3·A@-75 R1·A@-74 R2·A@-66 R3·A@-60 罐=无罐 泵=0 阀=111111 速=+0,+0,+0.00 电=8.14V/0.81A/峰2.36 补余=0.0 IO错=0 倾+0.0 对时标记
[  205.441] EVT 泵 开 最差盘压-59.9
[  205.509] TLM t= 126.7 L1·A@-68 L2·A@-65 L3·A@-75 R1·A@-74 R2·A@-66 R3·A@-60 罐=无罐 泵=1 阀=111111 速=+0,+0,+0.00 电=8.08V/0.73A/峰2.36 补余=0.0 IO错=0 倾+0.0 对时标记
[  206.014] TLM t= 127.2 L1·A@-70 L2·A@-71 L3·A@-75 R1·A@-74 R2·A@-71 R3·A@-70 罐=无罐 泵=1 阀=111111 速=+0,+0,+0.00 电=8.08V/0.90A/峰2.36 补余=0.0 IO错=0 倾+0.0 对时标记
[  206.464] EVT 泵 停 最差盘压-75.2
[  206.534] TLM t= 127.7 L1·A@-77 L2·A@-77 L3·A@-76 R1·A@-76 R2·A@-76 R3·A@-76 罐=无罐 泵=0 阀=111111 速=+0,+0,+0.00 电=8.13V/0.81A/峰2.36 补余=0.0 IO错=0 倾+0.0 对时标记
[  207.039] TLM t= 128.2 L1·A@-76 L2·A@-76 L3·A@-76 R1·A@-76 R2·A@-76 R3·A@-76 罐=无罐 泵=0 阀=111111 速=+0,+0,+0.00 电=8.14V/0.81A/峰2.36 补余=0.0 IO错=0 倾+0.0 对时标记
[  207.561] TLM t= 128.7 L1·A@-76 L2·A@-76 L3·A@-76 R1·A@-76 R2·A@-75 R3·A@-75 罐=无罐 泵=0 阀=111111 速=+0,+0,+0.00 电=8.14V/0.81A/峰2.36 补余=0.0 IO错=0 倾+0.0 对时标记
[  208.063] TLM t= 129.2 L1·A@-76 L2·A@-75 L3·A@-76 R1·A@-76 R2·A@-75 R3·A@-75 罐=无罐 泵=0 阀=111111 速=+0,+0,+0.00 电=8.14V/0.81A/峰2.36 补余=0.0 IO错=0 倾+0.0 对时标记
[  208.585] TLM t= 129.8 L1·A@-75 L2·A@-75 L3·A@-76 R1·A@-76 R2·A@-75 R3·A@-74 罐=无罐 泵=0 阀=111111 速=+0,+0,+0.00 电=8.14V/0.90A/峰2.36 补余=0.0 IO错=0 倾+0.0 对时标记
[  209.090] TLM t= 130.3 L1·A@-75 L2·A@-75 L3·A@-76 R1·A@-76 R2·A@-74 R3·A@-74 罐=无罐 泵=0 阀=111111 速=+0,+0,+0.00 电=8.13V/0.81A/峰2.36 补余=0.0 IO错=0 倾+0.0 对时标记
[  209.611] TLM t= 130.8 L1·A@-75 L2·A@-74 L3·A@-76 R1·A@-75 R2·A@-74 R3·A@-73 罐=无罐 泵=0 阀=111111 速=+0,+0,+0.00 电=8.14V/0.81A/峰2.36 补余=0.0 IO错=0 倾+0.0 对时标记
[  210.114] TLM t= 131.3 L1·A@-75 L2·A@-74 L3·A@-76 R1·A@-75 R2·A@-74 R3·A@-72 罐=无罐 泵=0 阀=111111 速=+0,+0,+0.00 电=8.14V/0.90A/峰2.36 补余=0.0 IO错=0 倾+0.0 对时标记
[  210.286] EVT 对时标记完成
[  210.286] EVT 自动轮换：第 1 轮开始
[  210.299] EVT 原地抬起受理：R3
[  210.327] EVT 相位 R3 stance→handover
[  210.635] TLM t= 133.5 L1·A@-74 L2·A@-73 L3·A@-76 R1·A@-75 R2·A@-73 R3ZA@-72 罐=无罐 泵=0 阀=111111 速=+0,+0,+0.00 电=8.13V/0.90A/峰2.36 补余=0.0 IO错=0 倾+0.0 自动1/3
[  211.139] TLM t= 133.8 L1·A@-74 L2·A@-73 L3·A@-76 R1·A@-75 R2·A@-73 R3ZA@-71 罐=无罐 泵=0 阀=111111 速=+0,+0,+0.00 电=8.10V/1.30A/峰2.36 补余=0.0 IO错=0 倾+0.0 自动1/3
[  211.411] EVT 吸附 R3 attached→venting 在态141.74s -70.8kPa
[  211.411] EVT 相位 R3 handover→vent 落点Δ(+0.0,+0.0)
[  211.431] EVT 阀 R3 →排气位
[  211.659] TLM t= 133.8 L1·A@-74 L2·A@-72 L3·A@-76 R1·A@-75 R2·A@-72 R3Vv@-71 罐=无罐 泵=0 阀=111110 速=+0,+0,+0.00 电=8.11V/1.30A/峰2.36 补余=0.0 IO错=0 倾+0.0 自动1/3
[  211.712] EVT 相位 R3 vent→lift
[  211.809] EVT 吸附 R3 venting→released 在态0.40s 0.2kPa
[  212.166] TLM t= 133.8 L1·A@-74 L2·A@-72 L3·A@-76 R1·A@-75 R2·A@-72 R3Lr@-- 罐=无罐 泵=0 阀=111110 速=+0,+0,+0.00 电=8.10V/1.38A/峰2.36 补余=0.0 IO错=0 倾+0.0 自动1/3
[  212.554] EVT 相位 R3 lift→transfer
[  212.683] TLM t= 133.8 L1·A@-73 L2·A@-72 L3·A@-76 R1·A@-75 R2·A@-72 R3Tr@-- 罐=无罐 泵=0 阀=111110 速=+0,+0,+0.00 电=8.07V/1.71A/峰2.36 补余=0.0 IO错=0 倾+0.0 自动1/3
[  213.179] EVT 相位 R3 transfer→hover
[  213.185] TLM t= 133.8 L1·A@-73 L2·A@-71 L3·A@-76 R1·A@-75 R2·A@-71 R3Hr@-- 罐=无罐 泵=0 阀=111110 速=+0,+0,+0.00 电=8.05V/1.71A/峰2.36 补余=0.0 IO错=0 倾+0.0 自动1/3
[  213.706] TLM t= 133.8 L1·A@-72 L2·A@-71 L3·A@-76 R1·A@-75 R2·A@-71 R3Hr@-- 罐=无罐 泵=0 阀=111110 速=+0,+0,+0.00 电=8.09V/1.38A/峰2.36 补余=0.0 IO错=0 倾+0.0 自动1/3
[  214.202] EVT 落地：R3
[  214.210] TLM t= 133.8 L1·A@-72 L2·A@-70 L3·A@-76 R1·A@-75 R2·A@-71 R3Dr@-- 罐=无罐 泵=0 阀=111110 速=+0,+0,+0.00 电=8.10V/1.30A/峰2.36 补余=0.0 IO错=0 倾+0.0 自动1/3
[  214.213] EVT 相位 R3 hover→descend
[  214.695] EVT 相位 R3 descend→press
[  214.727] TLM t= 133.8 L1·A@-72 L2·A@-70 L3·A@-75 R1·A@-75 R2·A@-70 R3Pr@-- 罐=无罐 泵=0 阀=111110 速=+0,+0,+0.00 电=8.08V/1.30A/峰2.36 补余=0.0 IO错=0 倾+0.0 自动1/3
[  215.234] TLM t= 133.8 L1·A@-71 L2·A@-70 L3·A@-75 R1·A@-75 R2·A@-70 R3Pr@-- 罐=无罐 泵=0 阀=111110 速=+0,+0,+0.00 电=8.07V/1.63A/峰2.36 补余=0.0 IO错=0 倾+0.0 自动1/3
[  215.751] TLM t= 133.8 L1·A@-71 L2·A@-69 L3·A@-75 R1·A@-75 R2·A@-70 R3Pr@-- 罐=无罐 泵=0 阀=111110 速=+0,+0,+0.00 电=8.10V/1.55A/峰2.36 补余=0.0 IO错=0 倾+0.0 自动1/3
[  215.898] EVT 吸附 R3 released→pressing 在态4.08s 0.2kPa
[  215.898] EVT 相位 R3 press→wait
[  216.199] EVT 吸附 R3 pressing→sucking 在态0.30s 0.2kPa
[  216.199] EVT 阀 R3 →抽气位
[  216.227] EVT 泵 开 最差盘压-68.9
[  216.253] TLM t= 133.8 L1·A@-71 L2·A@-69 L3·A@-75 R1·A@-75 R2·A@-69 R3Ws@-4 罐=无罐 泵=1 阀=111111 速=+0,+0,+0.00 电=8.01V/1.38A/峰2.36 补余=0.0 IO错=0 倾+0.0 自动1/3
[  216.547] EVT 吸附 R3 sucking→attached 在态0.34s -61.3kPa
[  216.547] EVT 相位 R3 wait→stance
[  216.547] EVT 抬落完成，轮到 L1
[  216.780] TLM t= 134.0 L1·A@-71 L2·A@-70 L3·A@-75 R1·A@-75 R2·A@-69 R3·A@-71 罐=无罐 泵=1 阀=111111 速=+0,+0,+0.00 电=8.03V/1.55A/峰2.36 补余=0.0 IO错=0 倾+0.0 自动1/3
[  217.258] EVT 泵 停 最差盘压-75.3
[  217.287] TLM t= 134.5 L1·A@-76 L2·A@-77 L3·A@-77 R1·A@-75 R2·A@-77 R3·A@-77 罐=无罐 泵=0 阀=111111 速=+0,+0,+0.00 电=8.11V/1.47A/峰2.36 补余=0.0 IO错=0 倾+0.0 自动1/3
[  217.807] TLM t= 135.0 L1·A@-76 L2·A@-77 L3·A@-77 R1·A@-76 R2·A@-76 R3·A@-76 罐=无罐 泵=0 阀=111111 速=+0,+0,+0.00 电=8.11V/2.04A/峰2.36 补余=0.0 IO错=0 倾+0.0 自动1/3
[  218.312] TLM t= 135.5 L1·A@-76 L2·A@-76 L3·A@-77 R1·A@-76 R2·A@-76 R3·A@-76 罐=无罐 泵=0 阀=111111 速=+0,+0,+0.00 电=8.10V/1.38A/峰2.36 补余=0.0 IO错=0 倾+0.0 自动1/3
[  218.834] TLM t= 136.1 L1·A@-76 L2·A@-76 L3·A@-77 R1·A@-76 R2·A@-75 R3·A@-75 罐=无罐 泵=0 阀=111111 速=+0,+0,+0.00 电=8.10V/1.55A/峰2.36 补余=0.0 IO错=0 倾+0.0 自动1/3
[  219.341] TLM t= 136.6 L1·A@-76 L2·A@-75 L3·A@-76 R1·A@-76 R2·A@-75 R3·A@-74 罐=无罐 泵=0 阀=111111 速=+0,+0,+0.00 电=8.10V/1.30A/峰2.36 补余=0.0 IO错=0 倾+0.0 自动1/3
[  219.862] TLM t= 137.1 L1·A@-75 L2·A@-75 L3·A@-76 R1·A@-76 R2·A@-75 R3·A@-74 罐=无罐 泵=0 阀=111111 速=+0,+0,+0.00 电=8.11V/1.47A/峰2.36 补余=0.0 IO错=0 倾+0.0 自动1/3
[  220.365] TLM t= 137.6 L1·A@-75 L2·A@-74 L3·A@-76 R1·A@-76 R2·A@-74 R3·A@-73 罐=无罐 泵=0 阀=111111 速=+0,+0,+0.00 电=8.11V/1.47A/峰2.36 补余=0.0 IO错=0 倾+0.0 自动1/3
[  220.889] TLM t= 138.1 L1·A@-75 L2·A@-74 L3·A@-76 R1·A@-76 R2·A@-74 R3·A@-73 罐=无罐 泵=0 阀=111111 速=+0,+0,+0.00 电=8.11V/1.30A/峰2.36 补余=0.0 IO错=0 倾+0.0 自动1/3
[  221.393] TLM t= 138.6 L1·A@-74 L2·A@-74 L3·A@-76 R1·A@-76 R2·A@-73 R3·A@-72 罐=无罐 泵=0 阀=111111 速=+0,+0,+0.00 电=8.11V/1.38A/峰2.36 补余=0.0 IO错=0 倾+0.0 自动1/3
[  221.913] TLM t= 139.1 L1·A@-74 L2·A@-73 L3·A@-76 R1·A@-75 R2·A@-73 R3·A@-71 罐=无罐 泵=0 阀=111111 速=+0,+0,+0.00 电=8.10V/1.47A/峰2.36 补余=0.0 IO错=0 倾+0.0 自动1/3
[  222.418] TLM t= 139.6 L1·A@-74 L2·A@-73 L3·A@-76 R1·A@-75 R2·A@-73 R3·A@-71 罐=无罐 泵=0 阀=111111 速=+0,+0,+0.00 电=8.10V/1.30A/峰2.36 补余=0.0 IO错=0 倾+0.0 自动1/3
[  222.941] TLM t= 140.1 L1·A@-73 L2·A@-72 L3·A@-76 R1·A@-75 R2·A@-72 R3·A@-70 罐=无罐 泵=0 阀=111111 速=+0,+0,+0.00 电=8.11V/1.47A/峰2.36 补余=0.0 IO错=0 倾+0.0 自动1/3
[  223.442] TLM t= 140.6 L1·A@-73 L2·A@-72 L3·A@-76 R1·A@-75 R2·A@-72 R3·A@-70 罐=无罐 泵=0 阀=111111 速=+0,+0,+0.00 电=8.10V/1.38A/峰2.36 补余=0.0 IO错=0 倾+0.0 自动1/3
[  223.965] TLM t= 141.2 L1·A@-73 L2·A@-71 L3·A@-76 R1·A@-75 R2·A@-72 R3·A@-69 罐=无罐 泵=0 阀=111111 速=+0,+0,+0.00 电=8.10V/1.38A/峰2.36 补余=0.0 IO错=0 倾+0.0 自动1/3
[  224.467] TLM t= 141.7 L1·A@-72 L2·A@-71 L3·A@-76 R1·A@-75 R2·A@-71 R3·A@-69 罐=无罐 泵=0 阀=111111 速=+0,+0,+0.00 电=8.10V/1.47A/峰2.36 补余=0.0 IO错=0 倾+0.0 自动1/3
[  224.987] TLM t= 142.2 L1·A@-72 L2·A@-71 L3·A@-76 R1·A@-75 R2·A@-71 R3·A@-68 罐=无罐 泵=0 阀=111111 速=+0,+0,+0.00 电=8.10V/1.38A/峰2.36 补余=0.0 IO错=0 倾+0.0 自动1/3
[  225.489] TLM t= 142.7 L1·A@-72 L2·A@-70 L3·A@-76 R1·A@-75 R2·A@-71 R3·A@-68 罐=无罐 泵=0 阀=111111 速=+0,+0,+0.00 电=8.09V/1.38A/峰2.36 补余=0.0 IO错=0 倾+0.0 自动1/3
[  226.014] TLM t= 143.2 L1·A@-71 L2·A@-70 L3·A@-76 R1·A@-75 R2·A@-70 R3·A@-67 罐=无罐 泵=0 阀=111111 速=+0,+0,+0.00 电=8.10V/1.47A/峰2.36 补余=0.0 IO错=0 倾+0.0 自动1/3
[  226.517] TLM t= 143.7 L1·A@-71 L2·A@-69 L3·A@-76 R1·A@-75 R2·A@-70 R3·A@-66 罐=无罐 泵=0 阀=111111 速=+0,+0,+0.00 电=8.10V/1.47A/峰2.36 补余=0.0 IO错=0 倾+0.0 自动1/3
[  226.569] EVT 原地抬起受理：L1
[  226.581] EVT 相位 L1 stance→handover
[  227.040] TLM t= 145.1 L1ZA@-71 L2·A@-69 L3·A@-76 R1·A@-75 R2·A@-70 R3·A@-66 罐=无罐 泵=0 阀=111111 速=+0,+0,+0.00 电=8.08V/1.38A/峰2.36 补余=0.0 IO错=0 倾+0.0 自动1/3
[  227.543] TLM t= 145.2 L1ZA@-71 L2·A@-69 L3·A@-76 R1·A@-75 R2·A@-69 R3·A@-65 罐=无罐 泵=0 阀=111111 速=+0,+0,+0.00 电=8.09V/1.71A/峰2.36 补余=0.0 IO错=0 倾+0.0 自动1/3
[  228.063] TLM t= 145.2 L1ZA@-70 L2·A@-68 L3·A@-75 R1·A@-75 R2·A@-69 R3·A@-65 罐=无罐 泵=0 阀=111111 速=+0,+0,+0.00 电=8.04V/2.20A/峰2.36 补余=0.0 IO错=0 倾+0.0 自动1/3
[  228.138] EVT 吸附 L1 attached→venting 在态156.56s -70.4kPa
[  228.139] EVT 相位 L1 handover→vent 落点Δ(+0.0,+0.0)
[  228.151] EVT 阀 L1 →排气位
[  228.439] EVT 相位 L1 vent→lift
[  228.539] EVT 吸附 L1 venting→released 在态0.40s 0.0kPa
[  228.570] TLM t= 145.2 L1Lr@-- L2·A@-68 L3·A@-75 R1·A@-75 R2·A@-68 R3·A@-64 罐=无罐 泵=0 阀=011111 速=+0,+0,+0.00 电=8.05V/2.28A/峰2.36 补余=0.0 IO错=0 倾+0.0 自动1/3
[  229.092] TLM t= 145.2 L1Lr@-- L2·A@-68 L3·A@-75 R1·A@-75 R2·A@-68 R3·A@-63 罐=无罐 泵=0 阀=011111 速=+0,+0,+0.00 电=8.04V/2.20A/峰2.36 补余=0.0 IO错=0 倾+0.0 自动1/3
[  229.286] EVT 相位 L1 lift→transfer
[  229.595] TLM t= 145.2 L1Tr@-- L2·A@-67 L3·A@-75 R1·A@-74 R2·A@-68 R3·A@-63 罐=无罐 泵=0 阀=011111 速=+0,+0,+0.00 电=8.03V/2.12A/峰2.36 补余=0.0 IO错=0 倾+0.0 自动1/3
[  229.900] EVT 相位 L1 transfer→hover
[  230.113] TLM t= 145.2 L1Hr@-- L2·A@-67 L3·A@-75 R1·A@-74 R2·A@-67 R3·A@-62 罐=无罐 泵=0 阀=011111 速=+0,+0,+0.00 电=8.05V/2.12A/峰2.36 补余=0.0 IO错=0 倾+0.0 自动1/3
[  230.620] TLM t= 145.2 L1Hr@-- L2·A@-66 L3·A@-75 R1·A@-74 R2·A@-67 R3·A@-62 罐=无罐 泵=0 阀=011111 速=+0,+0,+0.00 电=8.05V/1.95A/峰2.36 补余=0.0 IO错=0 倾+0.0 自动1/3
[  230.911] EVT 落地：L1
[  230.923] EVT 相位 L1 hover→descend
[  231.139] TLM t= 145.2 L1Dr@-- L2·A@-66 L3·A@-75 R1·A@-74 R2·A@-67 R3·A@-61 罐=无罐 泵=0 阀=011111 速=+0,+0,+0.00 电=8.03V/2.12A/峰2.36 补余=0.0 IO错=0 倾+0.0 自动1/3
[  231.405] EVT 相位 L1 descend→press
[  231.641] TLM t= 145.2 L1Pr@-- L2·A@-66 L3·A@-75 R1·A@-74 R2·A@-66 R3·A@-61 罐=无罐 泵=0 阀=011111 速=+0,+0,+0.00 电=8.04V/2.04A/峰2.36 补余=0.0 IO错=0 倾+0.0 自动1/3
[  232.167] TLM t= 145.2 L1Pr@-- L2·A@-65 L3·A@-75 R1·A@-74 R2·A@-66 R3·A@-60 罐=无罐 泵=0 阀=011111 速=+0,+0,+0.00 电=8.06V/2.04A/峰2.36 补余=0.0 IO错=0 倾+0.0 自动1/3
[  232.398] EVT 泵 开 最差盘压-59.9
[  232.613] EVT 吸附 L1 released→pressing 在态4.06s 0.0kPa
[  232.614] EVT 相位 L1 press→wait
[  232.671] TLM t= 145.2 L1Wp@-- L2·A@-65 L3·A@-75 R1·A@-74 R2·A@-66 R3·A@-60 罐=无罐 泵=1 阀=011111 速=+0,+0,+0.00 电=8.00V/1.95A/峰2.36 补余=0.0 IO错=0 倾+0.0 自动1/3
[  232.914] EVT 吸附 L1 pressing→sucking 在态0.30s 0.0kPa
[  232.915] EVT 阀 L1 →抽气位
[  233.192] TLM t= 145.2 L1Ws@-63 L2·A@-71 L3·A@-75 R1·A@-73 R2·A@-70 R3·A@-70 罐=无罐 泵=1 阀=111111 速=+0,+0,+0.00 电=8.02V/1.87A/峰2.36 补余=0.0 IO错=0 倾+0.0 自动1/3
[  233.259] EVT 吸附 L1 sucking→attached 在态0.34s -66.3kPa
[  233.268] EVT 相位 L1 wait→stance
[  233.268] EVT 抬落完成，轮到 R2
[  233.697] TLM t= 145.6 L1·A@-75 L2·A@-76 L3·A@-75 R1·A@-73 R2·A@-75 R3·A@-75 罐=无罐 泵=1 阀=111111 速=+0,+0,+0.00 电=8.05V/1.95A/峰2.36 补余=0.0 IO错=0 倾+0.0 自动1/3
[  233.849] EVT 泵 停 最差盘压-75.4
[  234.220] TLM t= 146.1 L1·A@-76 L2·A@-77 L3·A@-77 R1·A@-76 R2·A@-76 R3·A@-76 罐=无罐 泵=0 阀=111111 速=+0,+0,+0.00 电=8.06V/1.95A/峰2.36 补余=0.0 IO错=0 倾+0.0 自动1/3
[  234.722] TLM t= 146.6 L1·A@-76 L2·A@-76 L3·A@-77 R1·A@-76 R2·A@-76 R3·A@-76 罐=无罐 泵=0 阀=111111 速=+0,+0,+0.00 电=8.08V/1.95A/峰2.36 补余=0.0 IO错=0 倾+0.0 自动1/3
[  235.245] TLM t= 147.2 L1·A@-76 L2·A@-76 L3·A@-76 R1·A@-76 R2·A@-75 R3·A@-75 罐=无罐 泵=0 阀=111111 速=+0,+0,+0.00 电=8.06V/2.04A/峰2.36 补余=0.0 IO错=0 倾+0.0 自动1/3
[  235.747] TLM t= 147.7 L1·A@-76 L2·A@-75 L3·A@-76 R1·A@-76 R2·A@-75 R3·A@-75 罐=无罐 泵=0 阀=111111 速=+0,+0,+0.00 电=8.06V/1.95A/峰2.36 补余=0.0 IO错=0 倾+0.0 自动1/3
[  236.271] TLM t= 148.2 L1·A@-76 L2·A@-75 L3·A@-76 R1·A@-75 R2·A@-75 R3·A@-74 罐=无罐 泵=0 阀=111111 速=+0,+0,+0.00 电=8.05V/2.04A/峰2.36 补余=0.0 IO错=0 倾+0.0 自动1/3
[  236.773] TLM t= 148.7 L1·A@-76 L2·A@-74 L3·A@-76 R1·A@-75 R2·A@-74 R3·A@-73 罐=无罐 泵=0 阀=111111 速=+0,+0,+0.00 电=8.06V/1.95A/峰2.36 补余=0.0 IO错=0 倾+0.0 自动1/3
[  237.295] TLM t= 149.2 L1·A@-76 L2·A@-74 L3·A@-76 R1·A@-75 R2·A@-74 R3·A@-73 罐=无罐 泵=0 阀=111111 速=+0,+0,+0.00 电=8.07V/1.87A/峰2.36 补余=0.0 IO错=0 倾+0.0 自动1/3
[  237.801] TLM t= 149.7 L1·A@-75 L2·A@-73 L3·A@-76 R1·A@-75 R2·A@-73 R3·A@-72 罐=无罐 泵=0 阀=111111 速=+0,+0,+0.00 电=8.05V/2.12A/峰2.36 补余=0.0 IO错=0 倾+0.0 自动1/3
[  238.318] TLM t= 150.2 L1·A@-75 L2·A@-73 L3·A@-76 R1·A@-75 R2·A@-73 R3·A@-72 罐=无罐 泵=0 阀=111111 速=+0,+0,+0.00 电=8.05V/2.04A/峰2.36 补余=0.0 IO错=0 倾+0.0 自动1/3
[  238.822] TLM t= 150.7 L1·A@-75 L2·A@-73 L3·A@-76 R1·A@-75 R2·A@-73 R3·A@-71 罐=无罐 泵=0 阀=111111 速=+0,+0,+0.00 电=8.06V/1.87A/峰2.36 补余=0.0 IO错=0 倾+0.0 自动1/3
[  239.343] TLM t= 151.2 L1·A@-75 L2·A@-72 L3·A@-76 R1·A@-75 R2·A@-72 R3·A@-70 罐=无罐 泵=0 阀=111111 速=+0,+0,+0.00 电=8.05V/1.87A/峰2.36 补余=0.0 IO错=0 倾+0.0 自动1/3
[  239.849] TLM t= 151.7 L1·A@-75 L2·A@-72 L3·A@-76 R1·A@-75 R2·A@-72 R3·A@-70 罐=无罐 泵=0 阀=111111 速=+0,+0,+0.00 电=8.05V/1.95A/峰2.36 补余=0.0 IO错=0 倾+0.0 自动1/3
[  240.370] TLM t= 152.3 L1·A@-75 L2·A@-71 L3·A@-76 R1·A@-75 R2·A@-72 R3·A@-69 罐=无罐 泵=0 阀=111111 速=+0,+0,+0.00 电=8.05V/2.04A/峰2.36 补余=0.0 IO错=0 倾+0.0 自动1/3
[  240.873] TLM t= 152.8 L1·A@-75 L2·A@-71 L3·A@-76 R1·A@-75 R2·A@-71 R3·A@-69 罐=无罐 泵=0 阀=111111 速=+0,+0,+0.00 电=8.06V/1.87A/峰2.36 补余=0.0 IO错=0 倾+0.0 自动1/3
[  241.392] TLM t= 153.3 L1·A@-75 L2·A@-71 L3·A@-76 R1·A@-75 R2·A@-71 R3·A@-68 罐=无罐 泵=0 阀=111111 速=+0,+0,+0.00 电=8.07V/1.95A/峰2.36 补余=0.0 IO错=0 倾+0.0 自动1/3
[  241.896] TLM t= 153.8 L1·A@-75 L2·A@-70 L3·A@-76 R1·A@-74 R2·A@-71 R3·A@-68 罐=无罐 泵=0 阀=111111 速=+0,+0,+0.00 电=8.05V/2.12A/峰2.36 补余=0.0 IO错=0 倾+0.0 自动1/3
[  242.417] TLM t= 154.3 L1·A@-75 L2·A@-70 L3·A@-75 R1·A@-74 R2·A@-70 R3·A@-67 罐=无罐 泵=0 阀=111111 速=+0,+0,+0.00 电=8.06V/2.04A/峰2.36 补余=0.0 IO错=0 倾+0.0 自动1/3
[  242.918] TLM t= 154.8 L1·A@-74 L2·A@-69 L3·A@-75 R1·A@-74 R2·A@-70 R3·A@-67 罐=无罐 泵=0 阀=111111 速=+0,+0,+0.00 电=8.06V/1.95A/峰2.36 补余=0.0 IO错=0 倾+0.0 自动1/3
[  243.285] EVT 原地抬起受理：R2
[  243.312] EVT 相位 R2 stance→handover
[  243.442] TLM t= 156.1 L1·A@-74 L2·A@-69 L3·A@-75 R1·A@-74 R2ZA@-70 R3·A@-66 罐=无罐 泵=0 阀=111111 速=+0,+0,+0.00 电=8.05V/1.87A/峰2.36 补余=0.0 IO错=0 倾+0.0 自动1/3
[  243.952] TLM t= 156.6 L1·A@-74 L2·A@-68 L3·A@-75 R1·A@-74 R2ZA@-69 R3·A@-66 罐=无罐 泵=0 阀=111111 速=+0,+0,+0.00 电=8.03V/2.04A/峰2.36 补余=0.0 IO错=0 倾+0.0 自动1/3
[  244.401] EVT 吸附 R2 attached→venting 在态170.92s -69.0kPa
[  244.402] EVT 相位 R2 handover→vent 落点Δ(+0.0,+0.0)
[  244.419] EVT 阀 R2 →排气位
[  244.471] TLM t= 156.6 L1·A@-74 L2·A@-68 L3·A@-75 R1·A@-74 R2Vv@-69 R3·A@-65 罐=无罐 泵=0 阀=111101 速=+0,+0,+0.00 电=8.01V/2.44A/峰2.44 补余=0.0 IO错=0 倾+0.0 自动1/3
[  244.707] EVT 相位 R2 vent→lift
[  244.802] EVT 吸附 R2 venting→released 在态0.40s -0.1kPa
[  244.974] TLM t= 156.6 L1·A@-74 L2·A@-68 L3·A@-75 R1·A@-74 R2Lr@-- R3·A@-64 罐=无罐 泵=0 阀=111101 速=+0,+0,+0.00 电=8.05V/2.12A/峰2.44 补余=0.0 IO错=0 倾+0.0 自动1/3
[  245.499] TLM t= 156.6 L1·A@-74 L2·A@-67 L3·A@-75 R1·A@-74 R2Lr@-- R3·A@-64 罐=无罐 泵=0 阀=111101 速=+0,+0,+0.00 电=8.02V/2.36A/峰2.44 补余=0.0 IO错=0 倾+0.0 自动1/3
[  245.554] EVT 相位 R2 lift→transfer
[  246.001] TLM t= 156.6 L1·A@-74 L2·A@-67 L3·A@-75 R1·A@-74 R2Tr@-- R3·A@-63 罐=无罐 泵=0 阀=111101 速=+0,+0,+0.00 电=8.02V/2.20A/峰2.44 补余=0.0 IO错=0 倾+0.0 自动1/3
[  246.173] EVT 相位 R2 transfer→hover
[  246.526] TLM t= 156.6 L1·A@-74 L2·A@-66 L3·A@-75 R1·A@-74 R2Hr@-- R3·A@-63 罐=无罐 泵=0 阀=111101 速=+0,+0,+0.00 电=8.01V/2.04A/峰2.44 补余=0.0 IO错=0 倾+0.0 自动1/3
[  247.026] TLM t= 156.6 L1·A@-74 L2·A@-66 L3·A@-75 R1·A@-74 R2Hr@-- R3·A@-62 罐=无罐 泵=0 阀=111101 速=+0,+0,+0.00 电=8.04V/2.20A/峰2.44 补余=0.0 IO错=0 倾+0.0 自动1/3
[  247.181] EVT 落地：R2
[  247.199] EVT 相位 R2 hover→descend
[  247.549] TLM t= 156.6 L1·A@-74 L2·A@-66 L3·A@-75 R1·A@-73 R2Dr@-- R3·A@-62 罐=无罐 泵=0 阀=111101 速=+0,+0,+0.00 电=8.02V/2.28A/峰2.44 补余=0.0 IO错=0 倾+0.0 自动1/3
[  247.680] EVT 相位 R2 descend→press
[  248.064] TLM t= 156.6 L1·A@-74 L2·A@-65 L3·A@-75 R1·A@-73 R2Pr@-- R3·A@-61 罐=无罐 泵=0 阀=111101 速=+0,+0,+0.00 电=8.04V/2.12A/峰2.44 补余=0.0 IO错=0 倾+0.0 自动1/3
[  248.573] TLM t= 156.6 L1·A@-74 L2·A@-65 L3·A@-75 R1·A@-73 R2Pr@-- R3·A@-61 罐=无罐 泵=0 阀=111101 速=+0,+0,+0.00 电=8.04V/2.20A/峰2.44 补余=0.0 IO错=0 倾+0.0 自动1/3
[  248.884] EVT 吸附 R2 released→pressing 在态4.06s -0.1kPa
[  248.885] EVT 相位 R2 press→wait
[  249.088] TLM t= 156.6 L1·A@-73 L2·A@-65 L3·A@-75 R1·A@-73 R2Wp@-- R3·A@-60 罐=无罐 泵=0 阀=111101 速=+0,+0,+0.00 电=8.03V/2.28A/峰2.44 补余=0.0 IO错=0 倾+0.0 自动1/3
[  249.185] EVT 吸附 R2 pressing→sucking 在态0.30s -0.1kPa
[  249.185] EVT 阀 R2 →抽气位
[  249.203] EVT 泵 开 最差盘压-60.2
[  249.466] EVT 吸附 R2 sucking→attached 在态0.28s -54.2kPa
[  249.469] EVT 相位 R2 wait→stance
[  249.469] EVT 抬落完成，轮到 L3
[  249.602] TLM t= 156.7 L1·A@-73 L2·A@-64 L3·A@-75 R1·A@-73 R2·A@-61 R3·A@-60 罐=无罐 泵=1 阀=111111 速=+0,+0,+0.00 电=8.02V/2.20A/峰2.44 补余=0.0 IO错=0 倾+0.0 自动1/3
[  250.107] TLM t= 157.2 L1·A@-73 L2·A@-73 L3·A@-75 R1·A@-73 R2·A@-73 R3·A@-73 罐=无罐 泵=1 阀=111111 速=+0,+0,+0.00 电=7.96V/2.36A/峰2.44 补余=0.0 IO错=0 倾+0.0 自动1/3
[  250.440] EVT 泵 停 最差盘压-75.5
[  250.627] TLM t= 157.7 L1·A@-77 L2·A@-77 L3·A@-77 R1·A@-76 R2·A@-76 R3·A@-77 罐=无罐 泵=0 阀=111111 速=+0,+0,+0.00 电=8.05V/2.04A/峰2.44 补余=0.0 IO错=0 倾+0.0 自动1/3
[  251.131] TLM t= 158.2 L1·A@-77 L2·A@-76 L3·A@-77 R1·A@-76 R2·A@-76 R3·A@-76 罐=无罐 泵=0 阀=111111 速=+0,+0,+0.00 电=8.04V/2.12A/峰2.44 补余=0.0 IO错=0 倾+0.0 自动1/3
[  251.654] TLM t= 158.8 L1·A@-76 L2·A@-76 L3·A@-76 R1·A@-76 R2·A@-75 R3·A@-75 罐=无罐 泵=0 阀=111111 速=+0,+0,+0.00 电=8.04V/2.20A/峰2.44 补余=0.0 IO错=0 倾+0.0 自动1/3
[  252.156] TLM t= 159.3 L1·A@-76 L2·A@-75 L3·A@-76 R1·A@-76 R2·A@-75 R3·A@-75 罐=无罐 泵=0 阀=111111 速=+0,+0,+0.00 电=8.06V/2.20A/峰2.44 补余=0.0 IO错=0 倾+0.0 自动1/3
[  252.677] TLM t= 159.8 L1·A@-76 L2·A@-75 L3·A@-76 R1·A@-76 R2·A@-74 R3·A@-74 罐=无罐 泵=0 阀=111111 速=+0,+0,+0.00 电=8.07V/2.12A/峰2.44 补余=0.0 IO错=0 倾+0.0 自动1/3
[  253.185] TLM t= 160.3 L1·A@-76 L2·A@-75 L3·A@-76 R1·A@-75 R2·A@-74 R3·A@-73 罐=无罐 泵=0 阀=111111 速=+0,+0,+0.00 电=8.06V/2.28A/峰2.44 补余=0.0 IO错=0 倾+0.0 自动1/3
[  253.704] TLM t= 160.8 L1·A@-76 L2·A@-74 L3·A@-76 R1·A@-75 R2·A@-73 R3·A@-73 罐=无罐 泵=0 阀=111111 速=+0,+0,+0.00 电=8.06V/2.12A/峰2.44 补余=0.0 IO错=0 倾+0.0 自动1/3
[  254.207] TLM t= 161.3 L1·A@-76 L2·A@-74 L3·A@-76 R1·A@-75 R2·A@-73 R3·A@-72 罐=无罐 泵=0 阀=111111 速=+0,+0,+0.00 电=8.05V/2.12A/峰2.44 补余=0.0 IO错=0 倾+0.0 自动1/3
[  254.729] TLM t= 161.8 L1·A@-76 L2·A@-73 L3·A@-76 R1·A@-75 R2·A@-73 R3·A@-72 罐=无罐 泵=0 阀=111111 速=+0,+0,+0.00 电=8.05V/2.20A/峰2.44 补余=0.0 IO错=0 倾+0.0 自动1/3
[  255.234] TLM t= 162.3 L1·A@-76 L2·A@-73 L3·A@-76 R1·A@-75 R2·A@-72 R3·A@-71 罐=无罐 泵=0 阀=111111 速=+0,+0,+0.00 电=8.05V/2.04A/峰2.44 补余=0.0 IO错=0 倾+0.0 自动1/3
[  255.759] TLM t= 162.8 L1·A@-76 L2·A@-72 L3·A@-76 R1·A@-75 R2·A@-72 R3·A@-71 罐=无罐 泵=0 阀=111111 速=+0,+0,+0.00 电=8.04V/2.12A/峰2.44 补余=0.0 IO错=0 倾+0.0 自动1/3
[  256.267] TLM t= 163.3 L1·A@-76 L2·A@-72 L3·A@-76 R1·A@-75 R2·A@-72 R3·A@-70 罐=无罐 泵=0 阀=111111 速=+0,+0,+0.00 电=8.05V/2.20A/峰2.44 补余=0.0 IO错=0 倾+0.0 自动1/3
[  256.786] TLM t= 163.9 L1·A@-75 L2·A@-72 L3·A@-76 R1·A@-75 R2·A@-71 R3·A@-69 罐=无罐 泵=0 阀=111111 速=+0,+0,+0.00 电=8.03V/2.20A/峰2.44 补余=0.0 IO错=0 倾+0.0 自动1/3
[  257.290] TLM t= 164.4 L1·A@-75 L2·A@-71 L3·A@-76 R1·A@-75 R2·A@-71 R3·A@-69 罐=无罐 泵=0 阀=111111 速=+0,+0,+0.00 电=8.02V/2.28A/峰2.44 补余=0.0 IO错=0 倾+0.0 自动1/3
[  257.813] TLM t= 164.9 L1·A@-75 L2·A@-71 L3·A@-76 R1·A@-75 R2·A@-70 R3·A@-68 罐=无罐 泵=0 阀=111111 速=+0,+0,+0.00 电=8.02V/2.28A/峰2.44 补余=0.0 IO错=0 倾+0.0 自动1/3
[  258.314] TLM t= 165.4 L1·A@-75 L2·A@-70 L3·A@-76 R1·A@-75 R2·A@-70 R3·A@-68 罐=无罐 泵=0 阀=111111 速=+0,+0,+0.00 电=8.04V/2.12A/峰2.44 补余=0.0 IO错=0 倾+0.0 自动1/3
[  258.842] TLM t= 165.9 L1·A@-75 L2·A@-70 L3·A@-75 R1·A@-75 R2·A@-70 R3·A@-67 罐=无罐 泵=0 阀=111111 速=+0,+0,+0.00 电=8.05V/2.12A/峰2.44 补余=0.0 IO错=0 倾+0.0 自动1/3
[  259.348] TLM t= 166.4 L1·A@-75 L2·A@-70 L3·A@-75 R1·A@-74 R2·A@-69 R3·A@-67 罐=无罐 泵=0 阀=111111 速=+0,+0,+0.00 电=8.05V/2.12A/峰2.44 补余=0.0 IO错=0 倾+0.0 自动1/3
[  259.498] EVT 原地抬起受理：L3
[  259.518] EVT 相位 L3 stance→handover
[  259.871] TLM t= 167.8 L1·A@-75 L2·A@-69 L3ZA@-75 R1·A@-74 R2·A@-69 R3·A@-66 罐=无罐 泵=0 阀=111111 速=+0,+0,+0.00 电=8.04V/2.28A/峰2.44 补余=0.0 IO错=0 倾+0.0 自动1/3
[  260.375] TLM t= 168.0 L1·A@-75 L2·A@-69 L3ZA@-75 R1·A@-74 R2·A@-69 R3·A@-66 罐=无罐 泵=0 阀=111111 速=+0,+0,+0.00 电=7.99V/2.44A/峰2.44 补余=0.0 IO错=0 倾+0.0 自动1/3
[  260.899] TLM t= 168.0 L1·A@-75 L2·A@-68 L3ZA@-75 R1·A@-74 R2·A@-68 R3·A@-65 罐=无罐 泵=0 阀=111111 速=+0,+0,+0.00 电=7.98V/2.60A/峰2.60 补余=0.0 IO错=0 倾+0.0 自动1/3
[  260.971] EVT 吸附 L3 attached→venting 在态185.56s -75.2kPa
[  260.972] EVT 相位 L3 handover→vent 落点Δ(+0.0,+0.0)
[  260.985] EVT 阀 L3 →排气位
[  261.270] EVT 相位 L3 vent→lift
[  261.393] EVT 吸附 L3 venting→released 在态0.42s 0.1kPa
[  261.403] TLM t= 168.0 L1·A@-75 L2·A@-68 L3Lr@-- R1·A@-74 R2·A@-68 R3·A@-65 罐=无罐 泵=0 阀=110111 速=+0,+0,+0.00 电=8.01V/2.93A/峰2.93 补余=0.0 IO错=0 倾+0.0 自动1/3
[  261.924] TLM t= 168.0 L1·A@-75 L2·A@-68 L3Lr@-- R1·A@-74 R2·A@-68 R3·A@-64 罐=无罐 泵=0 阀=110111 速=+0,+0,+0.00 电=7.99V/2.85A/峰2.93 补余=0.0 IO错=0 倾+0.0 自动1/3
[  262.115] EVT 相位 L3 lift→transfer
[  262.426] TLM t= 168.0 L1·A@-75 L2·A@-67 L3Tr@-- R1·A@-74 R2·A@-67 R3·A@-64 罐=无罐 泵=0 阀=110111 速=+0,+0,+0.00 电=8.01V/2.60A/峰2.93 补余=0.0 IO错=0 倾+0.0 自动1/3
[  262.732] EVT 相位 L3 transfer→hover
[  262.948] TLM t= 168.0 L1·A@-74 L2·A@-67 L3Hr@-- R1·A@-74 R2·A@-67 R3·A@-63 罐=无罐 泵=0 阀=110111 速=+0,+0,+0.00 电=8.01V/2.52A/峰2.93 补余=0.0 IO错=0 倾+0.0 自动1/3
[  263.466] TLM t= 168.0 L1·A@-74 L2·A@-66 L3Hr@-- R1·A@-74 R2·A@-67 R3·A@-62 罐=无罐 泵=0 阀=110111 速=+0,+0,+0.00 电=7.99V/2.20A/峰2.93 补余=0.0 IO错=0 倾+0.0 自动1/3
[  263.741] EVT 落地：L3
[  263.756] EVT 相位 L3 hover→descend
[  263.978] TLM t= 168.0 L1·A@-74 L2·A@-66 L3Dr@-- R1·A@-74 R2·A@-66 R3·A@-62 罐=无罐 泵=0 阀=110111 速=+0,+0,+0.00 电=8.00V/2.44A/峰2.93 补余=0.0 IO错=0 倾+0.0 自动1/3
[  264.244] EVT 相位 L3 descend→press
[  264.477] TLM t= 168.0 L1·A@-74 L2·A@-66 L3Pr@-- R1·A@-74 R2·A@-66 R3·A@-61 罐=无罐 泵=0 阀=110111 速=+0,+0,+0.00 电=8.00V/2.28A/峰2.93 补余=0.0 IO错=0 倾+0.0 自动1/3
[  265.007] TLM t= 168.0 L1·A@-74 L2·A@-65 L3Pr@-- R1·A@-73 R2·A@-66 R3·A@-61 罐=无罐 泵=0 阀=110111 速=+0,+0,+0.00 电=8.02V/2.69A/峰2.93 补余=0.0 IO错=0 倾+0.0 自动1/3
[  265.452] EVT 吸附 L3 released→pressing 在态4.04s 0.1kPa
[  265.453] EVT 相位 L3 press→wait
[  265.507] TLM t= 168.0 L1·A@-74 L2·A@-65 L3Wp@-- R1·A@-73 R2·A@-65 R3·A@-60 罐=无罐 泵=0 阀=110111 速=+0,+0,+0.00 电=8.01V/2.60A/峰2.93 补余=0.0 IO错=0 倾+0.0 自动1/3
[  265.753] EVT 吸附 L3 pressing→sucking 在态0.30s 0.1kPa
[  265.754] EVT 阀 L3 →抽气位
[  265.782] EVT 泵 开 最差盘压-60.1
[  266.030] TLM t= 168.0 L1·A@-74 L2·A@-65 L3Ws@-46 R1·A@-73 R2·A@-65 R3·A@-60 罐=无罐 泵=1 阀=111111 速=+0,+0,+0.00 电=8.00V/2.77A/峰2.93 补余=0.0 IO错=0 倾+0.0 自动1/3
[  266.040] EVT 吸附 L3 sucking→attached 在态0.28s -45.5kPa
[  266.046] EVT 相位 L3 wait→stance
[  266.046] EVT 抬落完成，轮到 R1
[  266.537] TLM t= 168.5 L1·A@-74 L2·A@-70 L3·A@-69 R1·A@-73 R2·A@-70 R3·A@-70 罐=无罐 泵=1 阀=111111 速=+0,+0,+0.00 电=8.00V/2.60A/峰2.93 补余=0.0 IO错=0 倾+0.0 自动1/3
[  267.048] EVT 泵 停 最差盘压-75.2
[  267.061] TLM t= 169.0 L1·A@-76 L2·A@-76 L3·A@-76 R1·A@-75 R2·A@-76 R3·A@-76 罐=无罐 泵=0 阀=111111 速=+0,+0,+0.00 电=8.01V/2.77A/峰2.93 补余=0.0 IO错=0 倾+0.0 自动1/3
[  267.569] TLM t= 169.5 L1·A@-76 L2·A@-76 L3·A@-76 R1·A@-76 R2·A@-76 R3·A@-76 罐=无罐 泵=0 阀=111111 速=+0,+0,+0.00 电=8.01V/2.60A/峰2.93 补余=0.0 IO错=0 倾+0.0 自动1/3
[  268.082] TLM t= 170.0 L1·A@-76 L2·A@-76 L3·A@-76 R1·A@-75 R2·A@-75 R3·A@-75 罐=无罐 泵=0 阀=111111 速=+0,+0,+0.00 电=8.01V/2.60A/峰2.93 补余=0.0 IO错=0 倾+0.0 自动1/3
[  268.586] TLM t= 170.5 L1·A@-76 L2·A@-75 L3·A@-76 R1·A@-75 R2·A@-75 R3·A@-75 罐=无罐 泵=0 阀=111111 速=+0,+0,+0.00 电=8.02V/2.60A/峰2.93 补余=0.0 IO错=0 倾+0.0 自动1/3
[  269.107] TLM t= 171.0 L1·A@-76 L2·A@-75 L3·A@-76 R1·A@-75 R2·A@-75 R3·A@-74 罐=无罐 泵=0 阀=111111 速=+0,+0,+0.00 电=8.02V/2.60A/峰2.93 补余=0.0 IO错=0 倾+0.0 自动1/3
[  269.612] TLM t= 171.5 L1·A@-76 L2·A@-74 L3·A@-76 R1·A@-75 R2·A@-74 R3·A@-74 罐=无罐 泵=0 阀=111111 速=+0,+0,+0.00 电=8.03V/2.44A/峰2.93 补余=0.0 IO错=0 倾+0.0 自动1/3
[  270.132] TLM t= 172.1 L1·A@-76 L2·A@-74 L3·A@-75 R1·A@-75 R2·A@-74 R3·A@-73 罐=无罐 泵=0 阀=111111 速=+0,+0,+0.00 电=8.01V/2.44A/峰2.93 补余=0.0 IO错=0 倾+0.0 自动1/3
[  270.634] TLM t= 172.6 L1·A@-76 L2·A@-74 L3·A@-75 R1·A@-75 R2·A@-73 R3·A@-72 罐=无罐 泵=0 阀=111111 速=+0,+0,+0.00 电=8.03V/2.36A/峰2.93 补余=0.0 IO错=0 倾+0.0 自动1/3
[  271.159] TLM t= 173.1 L1·A@-76 L2·A@-73 L3·A@-75 R1·A@-74 R2·A@-73 R3·A@-72 罐=无罐 泵=0 阀=111111 速=+0,+0,+0.00 电=8.02V/2.52A/峰2.93 补余=0.0 IO错=0 倾+0.0 自动1/3
[  271.664] TLM t= 173.6 L1·A@-76 L2·A@-73 L3·A@-75 R1·A@-74 R2·A@-73 R3·A@-71 罐=无罐 泵=0 阀=111111 速=+0,+0,+0.00 电=8.02V/2.69A/峰2.93 补余=0.0 IO错=0 倾+0.0 自动1/3
[  272.191] TLM t= 174.1 L1·A@-75 L2·A@-72 L3·A@-75 R1·A@-74 R2·A@-72 R3·A@-71 罐=无罐 泵=0 阀=111111 速=+0,+0,+0.00 电=8.02V/2.60A/峰2.93 补余=0.0 IO错=0 倾+0.0 自动1/3
[  272.699] TLM t= 174.6 L1·A@-75 L2·A@-72 L3·A@-75 R1·A@-74 R2·A@-72 R3·A@-70 罐=无罐 泵=0 阀=111111 速=+0,+0,+0.00 电=8.01V/2.69A/峰2.93 补余=0.0 IO错=0 倾+0.0 自动1/3
[  273.199] TLM t= 175.1 L1·A@-75 L2·A@-71 L3·A@-75 R1·A@-74 R2·A@-72 R3·A@-70 罐=无罐 泵=0 阀=111111 速=+0,+0,+0.00 电=8.01V/2.52A/峰2.93 补余=0.0 IO错=0 倾+0.0 自动1/3
[  273.725] TLM t= 175.6 L1·A@-75 L2·A@-71 L3·A@-75 R1·A@-74 R2·A@-71 R3·A@-69 罐=无罐 泵=0 阀=111111 速=+0,+0,+0.00 电=8.01V/2.52A/峰2.93 补余=0.0 IO错=0 倾+0.0 自动1/3
[  274.227] TLM t= 176.1 L1·A@-75 L2·A@-71 L3·A@-74 R1·A@-74 R2·A@-71 R3·A@-68 罐=无罐 泵=0 阀=111111 速=+0,+0,+0.00 电=8.00V/2.69A/峰2.93 补余=0.0 IO错=0 倾+0.0 自动1/3
[  274.751] TLM t= 176.6 L1·A@-75 L2·A@-70 L3·A@-74 R1·A@-74 R2·A@-71 R3·A@-68 罐=无罐 泵=0 阀=111111 速=+0,+0,+0.00 电=7.99V/2.44A/峰2.93 补余=0.0 IO错=0 倾+0.0 自动1/3
[  275.252] TLM t= 177.1 L1·A@-75 L2·A@-70 L3·A@-74 R1·A@-74 R2·A@-70 R3·A@-67 罐=无罐 泵=0 阀=111111 速=+0,+0,+0.00 电=8.01V/2.36A/峰2.93 补余=0.0 IO错=0 倾+0.0 自动1/3
[  275.774] TLM t= 177.7 L1·A@-75 L2·A@-69 L3·A@-74 R1·A@-73 R2·A@-70 R3·A@-67 罐=无罐 泵=0 阀=111111 速=+0,+0,+0.00 电=8.02V/2.52A/峰2.93 补余=0.0 IO错=0 倾+0.0 自动1/3
[  276.087] EVT 原地抬起受理：R1
[  276.100] EVT 相位 R1 stance→handover
[  276.279] TLM t= 179.0 L1·A@-75 L2·A@-69 L3·A@-74 R1ZA@-73 R2·A@-70 R3·A@-66 罐=无罐 泵=0 阀=111111 速=+0,+0,+0.00 电=8.05V/2.12A/峰2.93 补余=0.0 IO错=0 倾+0.0 自动1/3
[  276.801] TLM t= 179.4 L1·A@-75 L2·A@-69 L3·A@-74 R1ZA@-73 R2·A@-69 R3·A@-66 罐=无罐 泵=0 阀=111111 速=+0,+0,+0.00 电=8.06V/1.95A/峰2.93 补余=0.0 IO错=0 倾+0.0 自动1/3
[  277.306] TLM t= 179.4 L1·A@-75 L2·A@-68 L3·A@-74 R1ZA@-73 R2·A@-69 R3·A@-65 罐=无罐 泵=0 阀=111111 速=+0,+0,+0.00 电=8.06V/1.87A/峰2.93 补余=0.0 IO错=0 倾+0.0 自动1/3
[  277.763] EVT 吸附 R1 attached→venting 在态200.36s -73.0kPa
[  277.764] EVT 相位 R1 handover→vent 落点Δ(+0.0,+0.0)
[  277.781] EVT 阀 R1 →排气位
[  277.806] TLM t= 179.4 L1·A@-75 L2·A@-68 L3·A@-74 R1Vv@-73 R2·A@-69 R3·A@-65 罐=无罐 泵=0 阀=111011 速=+0,+0,+0.00 电=8.04V/2.20A/峰2.93 补余=0.0 IO错=0 倾+0.0 自动1/3
[  278.064] EVT 相位 R1 vent→lift
[  278.159] EVT 吸附 R1 venting→released 在态0.40s 0.0kPa
[  278.318] TLM t= 179.4 L1·A@-75 L2·A@-67 L3·A@-74 R1Lr@-- R2·A@-68 R3·A@-64 罐=无罐 泵=0 阀=111011 速=+0,+0,+0.00 电=8.02V/2.36A/峰2.93 补余=0.0 IO错=0 倾+0.0 自动1/3
[  278.817] TLM t= 179.4 L1·A@-74 L2·A@-67 L3·A@-74 R1Lr@-- R2·A@-68 R3·A@-64 罐=无罐 泵=0 阀=111011 速=+0,+0,+0.00 电=8.02V/2.20A/峰2.93 补余=0.0 IO错=0 倾+0.0 自动1/3
[  278.913] EVT 相位 R1 lift→transfer
[  279.341] TLM t= 179.4 L1·A@-74 L2·A@-67 L3·A@-74 R1Tr@-- R2·A@-68 R3·A@-63 罐=无罐 泵=0 阀=111011 速=+0,+0,+0.00 电=8.04V/1.95A/峰2.93 补余=0.0 IO错=0 倾+0.0 自动1/3
[  279.532] EVT 相位 R1 transfer→hover
[  279.858] TLM t= 179.4 L1·A@-74 L2·A@-66 L3·A@-73 R1Hr@-- R2·A@-67 R3·A@-63 罐=无罐 泵=0 阀=111011 速=+0,+0,+0.00 电=8.02V/2.12A/峰2.93 补余=0.0 IO错=0 倾+0.0 自动1/3
[  280.365] TLM t= 179.4 L1·A@-74 L2·A@-66 L3·A@-73 R1Hr@-- R2·A@-67 R3·A@-62 罐=无罐 泵=0 阀=111011 速=+0,+0,+0.00 电=8.03V/2.12A/峰2.93 补余=0.0 IO错=0 倾+0.0 自动1/3
[  280.539] EVT 落地：R1
[  280.556] EVT 相位 R1 hover→descend
[  280.864] TLM t= 179.4 L1·A@-74 L2·A@-65 L3·A@-73 R1Dr@-- R2·A@-67 R3·A@-61 罐=无罐 泵=0 阀=111011 速=+0,+0,+0.00 电=8.01V/2.28A/峰2.93 补余=0.0 IO错=0 倾+0.0 自动1/3
[  281.038] EVT 相位 R1 descend→press
[  281.389] TLM t= 179.4 L1·A@-74 L2·A@-65 L3·A@-73 R1Pr@-- R2·A@-66 R3·A@-61 罐=无罐 泵=0 阀=111011 速=+0,+0,+0.00 电=8.01V/2.36A/峰2.93 补余=0.0 IO错=0 倾+0.0 自动1/3
[  281.889] TLM t= 179.4 L1·A@-74 L2·A@-65 L3·A@-73 R1Pr@-- R2·A@-66 R3·A@-60 罐=无罐 泵=0 阀=111011 速=+0,+0,+0.00 电=8.01V/2.28A/峰2.93 补余=0.0 IO错=0 倾+0.0 自动1/3
[  282.044] EVT 泵 开 最差盘压-59.9
[  282.242] EVT 吸附 R1 released→pressing 在态4.06s 0.0kPa
[  282.242] EVT 相位 R1 press→wait
[  282.412] TLM t= 179.4 L1·A@-74 L2·A@-66 L3·A@-73 R1Wp@-- R2·A@-66 R3·A@-66 罐=无罐 泵=1 阀=111011 速=+0,+0,+0.00 电=7.97V/2.28A/峰2.93 补余=0.0 IO错=0 倾+0.0 自动1/3
[  282.545] EVT 吸附 R1 pressing→sucking 在态0.30s 0.0kPa
[  282.545] EVT 阀 R1 →抽气位
[  282.883] EVT 吸附 R1 sucking→attached 在态0.34s -66.4kPa
[  282.889] EVT 相位 R1 wait→stance
[  282.889] EVT 抬落完成，轮到 L2
[  282.914] TLM t= 179.4 L1·A@-74 L2·A@-70 L3·A@-73 R1·A@-66 R2·A@-70 R3·A@-70 罐=无罐 泵=1 阀=111111 速=+0,+0,+0.00 电=7.95V/2.28A/峰2.93 补余=0.0 IO错=0 倾+0.0 自动1/3
[  283.405] EVT 泵 停 最差盘压-75.0
[  283.439] TLM t= 179.9 L1·A@-76 L2·A@-76 L3·A@-76 R1·A@-75 R2·A@-76 R3·A@-76 罐=无罐 泵=0 阀=111111 速=+0,+0,+0.00 电=8.04V/2.12A/峰2.93 补余=0.0 IO错=0 倾+0.0 自动1/3
[  283.942] TLM t= 180.4 L1·A@-76 L2·A@-76 L3·A@-76 R1·A@-75 R2·A@-76 R3·A@-76 罐=无罐 泵=0 阀=111111 速=+0,+0,+0.00 电=8.04V/2.20A/峰2.93 补余=0.0 IO错=0 倾+0.0 自动1/3
[  284.465] TLM t= 181.0 L1·A@-76 L2·A@-76 L3·A@-76 R1·A@-75 R2·A@-75 R3·A@-75 罐=无罐 泵=0 阀=111111 速=+0,+0,+0.00 电=8.03V/2.20A/峰2.93 补余=0.0 IO错=0 倾+0.0 自动1/3
[  284.967] TLM t= 181.5 L1·A@-76 L2·A@-75 L3·A@-76 R1·A@-75 R2·A@-75 R3·A@-75 罐=无罐 泵=0 阀=111111 速=+0,+0,+0.00 电=8.05V/2.20A/峰2.93 补余=0.0 IO错=0 倾+0.0 自动1/3
[  285.491] TLM t= 182.0 L1·A@-76 L2·A@-75 L3·A@-76 R1·A@-75 R2·A@-74 R3·A@-74 罐=无罐 泵=0 阀=111111 速=+0,+0,+0.00 电=8.03V/2.12A/峰2.93 补余=0.0 IO错=0 倾+0.0 自动1/3
[  285.991] TLM t= 182.5 L1·A@-76 L2·A@-74 L3·A@-76 R1·A@-75 R2·A@-74 R3·A@-73 罐=无罐 泵=0 阀=111111 速=+0,+0,+0.00 电=8.03V/2.20A/峰2.93 补余=0.0 IO错=0 倾+0.0 自动1/3
[  286.515] TLM t= 183.0 L1·A@-76 L2·A@-74 L3·A@-76 R1·A@-75 R2·A@-74 R3·A@-73 罐=无罐 泵=0 阀=111111 速=+0,+0,+0.00 电=8.05V/1.95A/峰2.93 补余=0.0 IO错=0 倾+0.0 自动1/3
[  287.018] TLM t= 183.5 L1·A@-76 L2·A@-73 L3·A@-76 R1·A@-75 R2·A@-73 R3·A@-72 罐=无罐 泵=0 阀=111111 速=+0,+0,+0.00 电=8.04V/2.04A/峰2.93 补余=0.0 IO错=0 倾+0.0 自动1/3
[  287.542] TLM t= 184.0 L1·A@-76 L2·A@-73 L3·A@-76 R1·A@-75 R2·A@-73 R3·A@-72 罐=无罐 泵=0 阀=111111 速=+0,+0,+0.00 电=8.02V/2.12A/峰2.93 补余=0.0 IO错=0 倾+0.0 自动1/3
[  288.044] TLM t= 184.5 L1·A@-75 L2·A@-73 L3·A@-76 R1·A@-75 R2·A@-73 R3·A@-71 罐=无罐 泵=0 阀=111111 速=+0,+0,+0.00 电=8.04V/2.12A/峰2.93 补余=0.0 IO错=0 倾+0.0 自动1/3
[  288.566] TLM t= 185.0 L1·A@-75 L2·A@-72 L3·A@-76 R1·A@-75 R2·A@-72 R3·A@-70 罐=无罐 泵=0 阀=111111 速=+0,+0,+0.00 电=8.02V/2.20A/峰2.93 补余=0.0 IO错=0 倾+0.0 自动1/3
[  289.067] TLM t= 185.5 L1·A@-75 L2·A@-72 L3·A@-75 R1·A@-75 R2·A@-72 R3·A@-70 罐=无罐 泵=0 阀=111111 速=+0,+0,+0.00 电=8.02V/2.12A/峰2.93 补余=0.0 IO错=0 倾+0.0 自动1/3
[  289.591] TLM t= 186.1 L1·A@-75 L2·A@-71 L3·A@-75 R1·A@-75 R2·A@-71 R3·A@-69 罐=无罐 泵=0 阀=111111 速=+0,+0,+0.00 电=8.03V/2.20A/峰2.93 补余=0.0 IO错=0 倾+0.0 自动1/3
[  290.092] TLM t= 186.6 L1·A@-75 L2·A@-71 L3·A@-75 R1·A@-74 R2·A@-71 R3·A@-69 罐=无罐 泵=0 阀=111111 速=+0,+0,+0.00 电=8.04V/2.20A/峰2.93 补余=0.0 IO错=0 倾+0.0 自动1/3
[  290.617] TLM t= 187.1 L1·A@-75 L2·A@-70 L3·A@-75 R1·A@-74 R2·A@-71 R3·A@-68 罐=无罐 泵=0 阀=111111 速=+0,+0,+0.00 电=8.03V/2.04A/峰2.93 补余=0.0 IO错=0 倾+0.0 自动1/3
[  291.117] TLM t= 187.6 L1·A@-75 L2·A@-70 L3·A@-75 R1·A@-74 R2·A@-70 R3·A@-68 罐=无罐 泵=0 阀=111111 速=+0,+0,+0.00 电=8.05V/2.04A/峰2.93 补余=0.0 IO错=0 倾+0.0 自动1/3
[  291.642] TLM t= 188.1 L1·A@-75 L2·A@-70 L3·A@-75 R1·A@-74 R2·A@-70 R3·A@-67 罐=无罐 泵=0 阀=111111 速=+0,+0,+0.00 电=8.03V/2.04A/峰2.93 补余=0.0 IO错=0 倾+0.0 自动1/3
[  292.142] TLM t= 188.6 L1·A@-75 L2·A@-69 L3·A@-75 R1·A@-74 R2·A@-70 R3·A@-67 罐=无罐 泵=0 阀=111111 速=+0,+0,+0.00 电=8.02V/2.04A/峰2.93 补余=0.0 IO错=0 倾+0.0 自动1/3
[  292.665] TLM t= 189.1 L1·A@-75 L2·A@-69 L3·A@-75 R1·A@-74 R2·A@-69 R3·A@-66 罐=无罐 泵=0 阀=111111 速=+0,+0,+0.00 电=8.04V/2.12A/峰2.93 补余=0.0 IO错=0 倾+0.0 自动1/3
[  292.918] EVT 原地抬起受理：L2
[  292.936] EVT 相位 L2 stance→handover
[  293.170] TLM t= 190.4 L1·A@-75 L2ZA@-68 L3·A@-75 R1·A@-74 R2·A@-69 R3·A@-66 罐=无罐 泵=0 阀=111111 速=+0,+0,+0.00 电=8.05V/1.95A/峰2.93 补余=0.0 IO错=0 倾+0.0 自动1/3
[  293.690] TLM t= 190.8 L1·A@-74 L2ZA@-68 L3·A@-75 R1·A@-74 R2·A@-69 R3·A@-65 罐=无罐 泵=0 阀=111111 速=+0,+0,+0.00 电=8.02V/2.04A/峰2.93 补余=0.0 IO错=0 倾+0.0 自动1/3
[  294.122] EVT 吸附 L2 attached→venting 在态214.82s -67.6kPa
[  294.122] EVT 相位 L2 handover→vent 落点Δ(+0.0,+0.0)
[  294.139] EVT 阀 L2 →排气位
[  294.210] TLM t= 190.8 L1·A@-74 L2Vv@-68 L3·A@-75 R1·A@-74 R2·A@-68 R3·A@-64 罐=无罐 泵=0 阀=101111 速=+0,+0,+0.00 电=8.03V/2.04A/峰2.93 补余=0.0 IO错=0 倾+0.0 自动1/3
[  294.423] EVT 相位 L2 vent→lift
[  294.525] EVT 吸附 L2 venting→released 在态0.40s 0.3kPa
[  294.713] TLM t= 190.8 L1·A@-74 L2Lr@-- L3·A@-75 R1·A@-74 R2·A@-68 R3·A@-64 罐=无罐 泵=0 阀=101111 速=+0,+0,+0.00 电=8.03V/2.12A/峰2.93 补余=0.0 IO错=0 倾+0.0 自动1/3
[  295.213] TLM t= 190.8 L1·A@-74 L2Lr@-- L3·A@-75 R1·A@-74 R2·A@-68 R3·A@-63 罐=无罐 泵=0 阀=101111 速=+0,+0,+0.00 电=8.02V/2.28A/峰2.93 补余=0.0 IO错=0 倾+0.0 自动1/3
[  295.265] EVT 相位 L2 lift→transfer
[  295.737] TLM t= 190.8 L1·A@-74 L2Tr@-- L3·A@-75 R1·A@-74 R2·A@-67 R3·A@-63 罐=无罐 泵=0 阀=101111 速=+0,+0,+0.00 电=8.01V/2.20A/峰2.93 补余=0.0 IO错=0 倾+0.0 自动1/3
[  295.885] EVT 相位 L2 transfer→hover
[  296.238] TLM t= 190.8 L1·A@-74 L2Hr@-- L3·A@-75 R1·A@-74 R2·A@-67 R3·A@-62 罐=无罐 泵=0 阀=101111 速=+0,+0,+0.00 电=8.00V/2.12A/峰2.93 补余=0.0 IO错=0 倾+0.0 自动1/3
[  296.760] TLM t= 190.8 L1·A@-74 L2Hr@-- L3·A@-74 R1·A@-74 R2·A@-67 R3·A@-62 罐=无罐 泵=0 阀=101111 速=+0,+0,+0.00 电=8.01V/2.12A/峰2.93 补余=0.0 IO错=0 倾+0.0 自动1/3
[  296.890] EVT 落地：L2
[  296.908] EVT 相位 L2 hover→descend
[  297.261] TLM t= 190.8 L1·A@-74 L2Dr@-- L3·A@-74 R1·A@-74 R2·A@-66 R3·A@-61 罐=无罐 泵=0 阀=101111 速=+0,+0,+0.00 电=8.01V/2.20A/峰2.93 补余=0.0 IO错=0 倾+0.0 自动1/3
[  297.389] EVT 相位 L2 descend→press
[  297.782] TLM t= 190.8 L1·A@-74 L2Pr@-- L3·A@-74 R1·A@-74 R2·A@-66 R3·A@-61 罐=无罐 泵=0 阀=101111 速=+0,+0,+0.00 电=8.02V/2.28A/峰2.93 补余=0.0 IO错=0 倾+0.0 自动1/3
[  298.284] TLM t= 190.8 L1·A@-74 L2Pr@-- L3·A@-74 R1·A@-74 R2·A@-66 R3·A@-60 罐=无罐 泵=0 阀=101111 速=+0,+0,+0.00 电=8.03V/2.12A/峰2.93 补余=0.0 IO错=0 倾+0.0 自动1/3
[  298.496] EVT 泵 开 最差盘压-59.9
[  298.594] EVT 吸附 L2 released→pressing 在态4.06s 0.3kPa
[  298.594] EVT 相位 L2 press→wait
[  298.806] TLM t= 190.8 L1·A@-74 L2Wp@-- L3·A@-74 R1·A@-74 R2·A@-65 R3·A@-63 罐=无罐 泵=1 阀=101111 速=+0,+0,+0.00 电=7.98V/2.20A/峰2.93 补余=0.0 IO错=0 倾+0.0 自动1/3
[  298.898] EVT 吸附 L2 pressing→sucking 在态0.30s 0.3kPa
[  298.898] EVT 阀 L2 →抽气位
[  299.178] EVT 吸附 L2 sucking→attached 在态0.28s -64.6kPa
[  299.181] EVT 相位 L2 wait→stance
[  299.182] EVT 抬落完成，轮到 R3
[  299.182] EVT 自动轮换：第 1 轮完成
[  299.310] TLM t= 190.9 L1·A@-74 L2·A@-69 L3·A@-74 R1·A@-74 R2·A@-69 R3·A@-68 罐=无罐 泵=1 阀=111111 速=+0,+0,+0.00 电=8.00V/2.12A/峰2.93 补余=0.0 IO错=0 倾+0.0 自动2/3
[  299.834] TLM t= 191.4 L1·A@-76 L2·A@-77 L3·A@-76 R1·A@-75 R2·A@-76 R3·A@-76 罐=无罐 泵=1 阀=111111 速=+0,+0,+0.00 电=8.00V/2.12A/峰2.93 补余=0.0 IO错=0 倾+0.0 自动2/3
[  299.863] EVT 泵 停 最差盘压-75.6
[  300.335] TLM t= 191.9 L1·A@-77 L2·A@-77 L3·A@-77 R1·A@-76 R2·A@-76 R3·A@-76 罐=无罐 泵=0 阀=111111 速=+0,+0,+0.00 电=8.03V/2.20A/峰2.93 补余=0.0 IO错=0 倾+0.0 自动2/3
[  300.865] TLM t= 192.5 L1·A@-77 L2·A@-76 L3·A@-77 R1·A@-76 R2·A@-76 R3·A@-76 罐=无罐 泵=0 阀=111111 速=+0,+0,+0.00 电=8.04V/2.12A/峰2.93 补余=0.0 IO错=0 倾+0.0 自动2/3
[  301.368] TLM t= 193.0 L1·A@-77 L2·A@-76 L3·A@-77 R1·A@-76 R2·A@-75 R3·A@-75 罐=无罐 泵=0 阀=111111 速=+0,+0,+0.00 电=8.03V/2.12A/峰2.93 补余=0.0 IO错=0 倾+0.0 自动2/3
[  301.889] TLM t= 193.5 L1·A@-76 L2·A@-75 L3·A@-77 R1·A@-76 R2·A@-75 R3·A@-75 罐=无罐 泵=0 阀=111111 速=+0,+0,+0.00 电=8.04V/2.20A/峰2.93 补余=0.0 IO错=0 倾+0.0 自动2/3
[  302.391] TLM t= 194.0 L1·A@-76 L2·A@-75 L3·A@-76 R1·A@-76 R2·A@-75 R3·A@-74 罐=无罐 泵=0 阀=111111 速=+0,+0,+0.00 电=8.02V/2.20A/峰2.93 补余=0.0 IO错=0 倾+0.0 自动2/3
[  302.913] TLM t= 194.5 L1·A@-76 L2·A@-74 L3·A@-76 R1·A@-76 R2·A@-74 R3·A@-73 罐=无罐 泵=0 阀=111111 速=+0,+0,+0.00 电=8.02V/2.20A/峰2.93 补余=0.0 IO错=0 倾+0.0 自动2/3
[  303.418] TLM t= 195.0 L1·A@-76 L2·A@-74 L3·A@-76 R1·A@-76 R2·A@-74 R3·A@-73 罐=无罐 泵=0 阀=111111 速=+0,+0,+0.00 电=8.03V/2.12A/峰2.93 补余=0.0 IO错=0 倾+0.0 自动2/3
[  303.938] TLM t= 195.5 L1·A@-76 L2·A@-73 L3·A@-76 R1·A@-76 R2·A@-74 R3·A@-72 罐=无罐 泵=0 阀=111111 速=+0,+0,+0.00 电=8.04V/2.12A/峰2.93 补余=0.0 IO错=0 倾+0.0 自动2/3
[  304.444] TLM t= 196.0 L1·A@-76 L2·A@-73 L3·A@-76 R1·A@-76 R2·A@-73 R3·A@-72 罐=无罐 泵=0 阀=111111 速=+0,+0,+0.00 电=8.01V/2.20A/峰2.93 补余=0.0 IO错=0 倾+0.0 自动2/3
[  304.966] TLM t= 196.5 L1·A@-76 L2·A@-73 L3·A@-76 R1·A@-76 R2·A@-73 R3·A@-71 罐=无罐 泵=0 阀=111111 速=+0,+0,+0.00 电=8.02V/2.20A/峰2.93 补余=0.0 IO错=0 倾+0.0 自动2/3
[  305.472] TLM t= 197.0 L1·A@-76 L2·A@-72 L3·A@-76 R1·A@-76 R2·A@-73 R3·A@-71 罐=无罐 泵=0 阀=111111 速=+0,+0,+0.00 电=8.02V/2.12A/峰2.93 补余=0.0 IO错=0 倾+0.0 自动2/3
[  305.992] TLM t= 197.6 L1·A@-76 L2·A@-72 L3·A@-76 R1·A@-76 R2·A@-72 R3·A@-70 罐=无罐 泵=0 阀=111111 速=+0,+0,+0.00 电=8.02V/2.20A/峰2.93 补余=0.0 IO错=0 倾+0.0 自动2/3
[  306.496] TLM t= 198.1 L1·A@-76 L2·A@-71 L3·A@-76 R1·A@-76 R2·A@-72 R3·A@-70 罐=无罐 泵=0 阀=111111 速=+0,+0,+0.00 电=8.03V/2.12A/峰2.93 补余=0.0 IO错=0 倾+0.0 自动2/3
[  307.019] TLM t= 198.6 L1·A@-76 L2·A@-71 L3·A@-76 R1·A@-76 R2·A@-71 R3·A@-69 罐=无罐 泵=0 阀=111111 速=+0,+0,+0.00 电=8.04V/2.28A/峰2.93 补余=0.0 IO错=0 倾+0.0 自动2/3
[  307.522] TLM t= 199.1 L1·A@-75 L2·A@-71 L3·A@-76 R1·A@-76 R2·A@-71 R3·A@-68 罐=无罐 泵=0 阀=111111 速=+0,+0,+0.00 电=8.01V/2.20A/峰2.93 补余=0.0 IO错=0 倾+0.0 自动2/3
[  308.048] TLM t= 199.6 L1·A@-75 L2·A@-70 L3·A@-76 R1·A@-76 R2·A@-71 R3·A@-68 罐=无罐 泵=0 阀=111111 速=+0,+0,+0.00 电=8.02V/2.20A/峰2.93 补余=0.0 IO错=0 倾+0.0 自动2/3
[  308.554] TLM t= 200.1 L1·A@-75 L2·A@-70 L3·A@-76 R1·A@-75 R2·A@-70 R3·A@-67 罐=无罐 泵=0 阀=111111 速=+0,+0,+0.00 电=8.04V/2.04A/峰2.93 补余=0.0 IO错=0 倾+0.0 自动2/3
[  309.071] TLM t= 200.6 L1·A@-75 L2·A@-69 L3·A@-76 R1·A@-75 R2·A@-70 R3·A@-67 罐=无罐 泵=0 阀=111111 速=+0,+0,+0.00 电=8.03V/2.20A/峰2.93 补余=0.0 IO错=0 倾+0.0 自动2/3
[  309.577] TLM t= 201.1 L1·A@-75 L2·A@-69 L3·A@-76 R1·A@-75 R2·A@-70 R3·A@-66 罐=无罐 泵=0 阀=111111 速=+0,+0,+0.00 电=8.02V/2.12A/峰2.93 补余=0.0 IO错=0 倾+0.0 自动2/3
[  310.097] TLM t= 201.6 L1·A@-75 L2·A@-69 L3·A@-75 R1·A@-75 R2·A@-69 R3·A@-66 罐=无罐 泵=0 阀=111111 速=+0,+0,+0.00 电=8.03V/2.20A/峰2.93 补余=0.0 IO错=0 倾+0.0 自动2/3
[  310.604] TLM t= 202.1 L1·A@-75 L2·A@-68 L3·A@-75 R1·A@-75 R2·A@-69 R3·A@-65 罐=无罐 泵=0 阀=111111 速=+0,+0,+0.00 电=8.04V/2.28A/峰2.93 补余=0.0 IO错=0 倾+0.0 自动2/3
[  311.122] TLM t= 202.7 L1·A@-75 L2·A@-68 L3·A@-75 R1·A@-75 R2·A@-69 R3·A@-65 罐=无罐 泵=0 阀=111111 速=+0,+0,+0.00 电=8.03V/2.12A/峰2.93 补余=0.0 IO错=0 倾+0.0 自动2/3
[  311.626] TLM t= 203.2 L1·A@-75 L2·A@-67 L3·A@-75 R1·A@-75 R2·A@-68 R3·A@-64 罐=无罐 泵=0 阀=111111 速=+0,+0,+0.00 电=8.03V/2.20A/峰2.93 补余=0.0 IO错=0 倾+0.0 自动2/3
[  312.145] TLM t= 203.7 L1·A@-75 L2·A@-67 L3·A@-75 R1·A@-75 R2·A@-68 R3·A@-64 罐=无罐 泵=0 阀=111111 速=+0,+0,+0.00 电=8.03V/2.04A/峰2.93 补余=0.0 IO错=0 倾+0.0 自动2/3
[  312.648] TLM t= 204.2 L1·A@-75 L2·A@-67 L3·A@-75 R1·A@-75 R2·A@-68 R3·A@-63 罐=无罐 泵=0 阀=111111 速=+0,+0,+0.00 电=8.01V/2.20A/峰2.93 补余=0.0 IO错=0 倾+0.0 自动2/3
[  313.169] TLM t= 204.7 L1·A@-75 L2·A@-66 L3·A@-75 R1·A@-75 R2·A@-67 R3·A@-63 罐=无罐 泵=0 阀=111111 速=+0,+0,+0.00 电=8.04V/2.28A/峰2.93 补余=0.0 IO错=0 倾+0.0 自动2/3
[  313.670] TLM t= 205.2 L1·A@-74 L2·A@-66 L3·A@-75 R1·A@-75 R2·A@-67 R3·A@-62 罐=无罐 泵=0 阀=111111 速=+0,+0,+0.00 电=8.01V/2.20A/峰2.93 补余=0.0 IO错=0 倾+0.0 自动2/3
[  314.185] EVT 自动轮换：第 2 轮开始
[  314.197] TLM t= 205.7 L1·A@-74 L2·A@-66 L3·A@-75 R1·A@-75 R2·A@-67 R3·A@-61 罐=无罐 泵=0 阀=111111 速=+0,+0,+0.00 电=8.01V/2.20A/峰2.93 补余=0.0 IO错=0 倾+0.0 自动2/3
[  314.205] EVT 原地抬起受理：R3
[  314.218] EVT 相位 R3 stance→handover
[  314.709] TLM t= 209.3 L1·A@-74 L2·A@-65 L3·A@-75 R1·A@-75 R2·A@-66 R3ZA@-61 罐=无罐 泵=0 阀=111111 速=+0,+0,+0.00 电=8.06V/1.71A/峰2.93 补余=0.0 IO错=0 倾+0.0 自动2/3
[  315.214] TLM t= 209.4 L1·A@-74 L2·A@-65 L3·A@-75 R1·A@-75 R2·A@-66 R3ZA@-60 罐=无罐 泵=0 阀=111111 速=+0,+0,+0.00 电=8.04V/1.79A/峰2.93 补余=0.0 IO错=0 倾+0.0 自动2/3
[  315.300] EVT 吸附 R3 attached→venting 在态98.20s -60.4kPa
[  315.301] EVT 相位 R3 handover→vent 落点Δ(+0.0,+0.0)
[  315.326] EVT 阀 R3 →排气位
[  315.602] EVT 相位 R3 vent→lift
[  315.719] TLM t= 209.4 L1·A@-74 L2·A@-64 L3·A@-75 R1·A@-75 R2·A@-66 R3Lv@-60 罐=无罐 泵=0 阀=111110 速=+0,+0,+0.00 电=8.02V/1.63A/峰2.93 补余=0.0 IO错=0 倾+0.0 自动2/3
[  315.724] EVT 吸附 R3 venting→released 在态0.42s 0.2kPa
[  316.236] TLM t= 209.4 L1·A@-74 L2·A@-64 L3·A@-75 R1·A@-75 R2·A@-65 R3Lr@-- 罐=无罐 泵=0 阀=111110 速=+0,+0,+0.00 电=8.04V/1.79A/峰2.93 补余=0.0 IO错=0 倾+0.0 自动2/3
[  316.444] EVT 相位 R3 lift→transfer
[  316.739] TLM t= 209.4 L1·A@-74 L2·A@-64 L3·A@-75 R1·A@-75 R2·A@-65 R3Tr@-- 罐=无罐 泵=0 阀=111110 速=+0,+0,+0.00 电=8.01V/2.04A/峰2.93 补余=0.0 IO错=0 倾+0.0 自动2/3
[  317.071] EVT 相位 R3 transfer→hover
[  317.260] TLM t= 209.4 L1·A@-74 L2·A@-63 L3·A@-75 R1·A@-75 R2·A@-65 R3Hr@-- 罐=无罐 泵=0 阀=111110 速=+0,+0,+0.00 电=8.03V/2.04A/峰2.93 补余=0.0 IO错=0 倾+0.0 自动2/3
[  317.763] TLM t= 209.4 L1·A@-74 L2·A@-63 L3·A@-75 R1·A@-75 R2·A@-64 R3Hr@-- 罐=无罐 泵=0 阀=111110 速=+0,+0,+0.00 电=8.04V/2.04A/峰2.93 补余=0.0 IO错=0 倾+0.0 自动2/3
[  318.094] EVT 落地：R3
[  318.116] EVT 相位 R3 hover→descend
[  318.283] TLM t= 209.4 L1·A@-74 L2·A@-63 L3·A@-74 R1·A@-75 R2·A@-64 R3Dr@-- 罐=无罐 泵=0 阀=111110 速=+0,+0,+0.00 电=8.02V/1.95A/峰2.93 补余=0.0 IO错=0 倾+0.0 自动2/3
[  318.597] EVT 相位 R3 descend→press
[  318.787] TLM t= 209.4 L1·A@-74 L2·A@-62 L3·A@-74 R1·A@-75 R2·A@-64 R3Pr@-- 罐=无罐 泵=0 阀=111110 速=+0,+0,+0.00 电=8.03V/2.04A/峰2.93 补余=0.0 IO错=0 倾+0.0 自动2/3
[  319.307] TLM t= 209.4 L1·A@-74 L2·A@-62 L3·A@-74 R1·A@-75 R2·A@-63 R3Pr@-- 罐=无罐 泵=0 阀=111110 速=+0,+0,+0.00 电=8.03V/1.95A/峰2.93 补余=0.0 IO错=0 倾+0.0 自动2/3
[  319.803] EVT 吸附 R3 released→pressing 在态4.06s 0.2kPa
[  319.804] EVT 相位 R3 press→wait
[  319.813] TLM t= 209.4 L1·A@-73 L2·A@-62 L3·A@-74 R1·A@-75 R2·A@-63 R3Wp@-- 罐=无罐 泵=0 阀=111110 速=+0,+0,+0.00 电=8.02V/1.95A/峰2.93 补余=0.0 IO错=0 倾+0.0 自动2/3
[  320.104] EVT 吸附 R3 pressing→sucking 在态0.30s 0.2kPa
[  320.105] EVT 阀 R3 →抽气位
[  320.120] EVT 泵 开 最差盘压-61.4
[  320.335] TLM t= 209.4 L1·A@-73 L2·A@-61 L3·A@-74 R1·A@-75 R2·A@-63 R3Ws@-40 罐=无罐 泵=1 阀=111111 速=+0,+0,+0.00 电=7.99V/2.04A/峰2.93 补余=0.0 IO错=0 倾+0.0 自动2/3
[  320.505] EVT 吸附 R3 sucking→attached 在态0.40s -57.0kPa
[  320.506] EVT 相位 R3 wait→stance
[  320.506] EVT 抬落完成，轮到 L1
[  320.835] TLM t= 209.7 L1·A@-73 L2·A@-69 L3·A@-74 R1·A@-75 R2·A@-70 R3·A@-69 罐=无罐 泵=1 阀=111111 速=+0,+0,+0.00 电=8.00V/2.04A/峰2.93 补余=0.0 IO错=0 倾+0.0 自动2/3
[  321.311] EVT 泵 停 最差盘压-75.3
[  321.356] TLM t= 210.2 L1·A@-76 L2·A@-77 L3·A@-76 R1·A@-75 R2·A@-76 R3·A@-76 罐=无罐 泵=0 阀=111111 速=+0,+0,+0.00 电=8.02V/1.79A/峰2.93 补余=0.0 IO错=0 倾+0.0 自动2/3
[  321.862] TLM t= 210.7 L1·A@-76 L2·A@-76 L3·A@-76 R1·A@-76 R2·A@-76 R3·A@-76 罐=无罐 泵=0 阀=111111 速=+0,+0,+0.00 电=8.05V/1.87A/峰2.93 补余=0.0 IO错=0 倾+0.0 自动2/3
[  322.381] TLM t= 211.3 L1·A@-76 L2·A@-76 L3·A@-76 R1·A@-76 R2·A@-75 R3·A@-75 罐=无罐 泵=0 阀=111111 速=+0,+0,+0.00 电=8.05V/1.95A/峰2.93 补余=0.0 IO错=0 倾+0.0 自动2/3
[  322.884] TLM t= 211.8 L1·A@-76 L2·A@-75 L3·A@-76 R1·A@-76 R2·A@-75 R3·A@-75 罐=无罐 泵=0 阀=111111 速=+0,+0,+0.00 电=8.03V/1.95A/峰2.93 补余=0.0 IO错=0 倾+0.0 自动2/3
[  323.404] TLM t= 212.3 L1·A@-76 L2·A@-75 L3·A@-76 R1·A@-76 R2·A@-75 R3·A@-74 罐=无罐 泵=0 阀=111111 速=+0,+0,+0.00 电=8.04V/2.04A/峰2.93 补余=0.0 IO错=0 倾+0.0 自动2/3
[  323.911] TLM t= 212.8 L1·A@-76 L2·A@-75 L3·A@-76 R1·A@-76 R2·A@-74 R3·A@-74 罐=无罐 泵=0 阀=111111 速=+0,+0,+0.00 电=8.01V/1.95A/峰2.93 补余=0.0 IO错=0 倾+0.0 自动2/3
[  324.425] TLM t= 213.3 L1·A@-76 L2·A@-74 L3·A@-76 R1·A@-76 R2·A@-74 R3·A@-73 罐=无罐 泵=0 阀=111111 速=+0,+0,+0.00 电=8.04V/1.95A/峰2.93 补余=0.0 IO错=0 倾+0.0 自动2/3
[  324.932] TLM t= 213.8 L1·A@-76 L2·A@-74 L3·A@-76 R1·A@-76 R2·A@-73 R3·A@-72 罐=无罐 泵=0 阀=111111 速=+0,+0,+0.00 电=8.03V/2.04A/峰2.93 补余=0.0 IO错=0 倾+0.0 自动2/3
[  325.450] TLM t= 214.3 L1·A@-76 L2·A@-73 L3·A@-76 R1·A@-75 R2·A@-73 R3·A@-72 罐=无罐 泵=0 阀=111111 速=+0,+0,+0.00 电=8.05V/1.87A/峰2.93 补余=0.0 IO错=0 倾+0.0 自动2/3
[  325.960] TLM t= 214.8 L1·A@-76 L2·A@-73 L3·A@-76 R1·A@-75 R2·A@-73 R3·A@-71 罐=无罐 泵=0 阀=111111 速=+0,+0,+0.00 电=8.05V/2.04A/峰2.93 补余=0.0 IO错=0 倾+0.0 自动2/3
[  326.475] TLM t= 215.3 L1·A@-76 L2·A@-73 L3·A@-76 R1·A@-75 R2·A@-72 R3·A@-71 罐=无罐 泵=0 阀=111111 速=+0,+0,+0.00 电=8.02V/1.87A/峰2.93 补余=0.0 IO错=0 倾+0.0 自动2/3
[  326.988] TLM t= 215.8 L1·A@-75 L2·A@-72 L3·A@-76 R1·A@-75 R2·A@-72 R3·A@-70 罐=无罐 泵=0 阀=111111 速=+0,+0,+0.00 电=8.02V/1.95A/峰2.93 补余=0.0 IO错=0 倾+0.0 自动2/3
[  327.505] TLM t= 216.4 L1·A@-75 L2·A@-72 L3·A@-76 R1·A@-75 R2·A@-72 R3·A@-70 罐=无罐 泵=0 阀=111111 速=+0,+0,+0.00 电=8.03V/1.95A/峰2.93 补余=0.0 IO错=0 倾+0.0 自动2/3
[  328.017] TLM t= 216.9 L1·A@-75 L2·A@-71 L3·A@-76 R1·A@-75 R2·A@-71 R3·A@-69 罐=无罐 泵=0 阀=111111 速=+0,+0,+0.00 电=8.04V/1.95A/峰2.93 补余=0.0 IO错=0 倾+0.0 自动2/3
[  328.512] TLM t= 217.4 L1·A@-75 L2·A@-71 L3·A@-76 R1·A@-75 R2·A@-71 R3·A@-68 罐=无罐 泵=0 阀=111111 速=+0,+0,+0.00 电=8.04V/1.87A/峰2.93 补余=0.0 IO错=0 倾+0.0 自动2/3
[  329.017] TLM t= 217.9 L1·A@-75 L2·A@-71 L3·A@-75 R1·A@-75 R2·A@-71 R3·A@-68 罐=无罐 泵=0 阀=111111 速=+0,+0,+0.00 电=8.02V/1.95A/峰2.93 补余=0.0 IO错=0 倾+0.0 自动2/3
[  329.516] TLM t= 218.4 L1·A@-75 L2·A@-70 L3·A@-75 R1·A@-75 R2·A@-70 R3·A@-67 罐=无罐 泵=0 阀=111111 速=+0,+0,+0.00 电=8.04V/1.95A/峰2.93 补余=0.0 IO错=0 倾+0.0 自动2/3
[  330.037] TLM t= 218.9 L1·A@-75 L2·A@-70 L3·A@-75 R1·A@-75 R2·A@-70 R3·A@-67 罐=无罐 泵=0 阀=111111 速=+0,+0,+0.00 电=8.03V/1.95A/峰2.93 补余=0.0 IO错=0 倾+0.0 自动2/3
[  330.532] EVT 原地抬起受理：L1
[  330.544] TLM t= 219.4 L1·A@-75 L2·A@-69 L3·A@-75 R1·A@-75 R2·A@-70 R3·A@-66 罐=无罐 泵=0 阀=111111 速=+0,+0,+0.00 电=8.04V/1.95A/峰2.93 补余=0.0 IO错=0 倾+0.0 自动2/3
[  330.547] EVT 相位 L1 stance→handover
[  331.058] TLM t= 220.7 L1ZA@-75 L2·A@-69 L3·A@-75 R1·A@-75 R2·A@-69 R3·A@-66 罐=无罐 泵=0 阀=111111 速=+0,+0,+0.00 电=8.04V/1.47A/峰2.93 补余=0.0 IO错=0 倾+0.0 自动2/3
[  331.562] TLM t= 220.8 L1ZA@-75 L2·A@-69 L3·A@-75 R1·A@-75 R2·A@-69 R3·A@-65 罐=无罐 泵=0 阀=111111 速=+0,+0,+0.00 电=8.05V/1.71A/峰2.93 补余=0.0 IO错=0 倾+0.0 自动2/3
[  332.088] TLM t= 220.8 L1ZA@-75 L2·A@-68 L3·A@-75 R1·A@-75 R2·A@-69 R3·A@-65 罐=无罐 泵=0 阀=111111 速=+0,+0,+0.00 电=8.02V/2.28A/峰2.93 补余=0.0 IO错=0 倾+0.0 自动2/3
[  332.096] EVT 吸附 L1 attached→venting 在态98.30s -74.6kPa
[  332.097] EVT 相位 L1 handover→vent 落点Δ(+0.0,+0.0)
[  332.112] EVT 阀 L1 →排气位
[  332.395] EVT 相位 L1 vent→lift
[  332.518] EVT 吸附 L1 venting→released 在态0.42s 0.0kPa
[  332.588] TLM t= 220.8 L1Lr@-- L2·A@-68 L3·A@-75 R1·A@-75 R2·A@-68 R3·A@-64 罐=无罐 泵=0 阀=011111 速=+0,+0,+0.00 电=8.00V/2.36A/峰2.93 补余=0.0 IO错=0 倾+0.0 自动2/3
[  333.088] TLM t= 220.8 L1Lr@-- L2·A@-68 L3·A@-75 R1·A@-75 R2·A@-68 R3·A@-63 罐=无罐 泵=0 阀=011111 速=+0,+0,+0.00 电=8.00V/2.36A/峰2.93 补余=0.0 IO错=0 倾+0.0 自动2/3
[  333.240] EVT 相位 L1 lift→transfer
[  333.594] TLM t= 220.8 L1Tr@-- L2·A@-67 L3·A@-75 R1·A@-75 R2·A@-68 R3·A@-63 罐=无罐 泵=0 阀=011111 速=+0,+0,+0.00 电=8.01V/2.20A/峰2.93 补余=0.0 IO错=0 倾+0.0 自动2/3
[  333.863] EVT 相位 L1 transfer→hover
[  334.097] TLM t= 220.8 L1Hr@-- L2·A@-67 L3·A@-75 R1·A@-75 R2·A@-67 R3·A@-62 罐=无罐 泵=0 阀=011111 速=+0,+0,+0.00 电=8.00V/2.20A/峰2.93 补余=0.0 IO错=0 倾+0.0 自动2/3
[  334.619] TLM t= 220.8 L1Hr@-- L2·A@-66 L3·A@-75 R1·A@-75 R2·A@-67 R3·A@-62 罐=无罐 泵=0 阀=011111 速=+0,+0,+0.00 电=8.01V/2.12A/峰2.93 补余=0.0 IO错=0 倾+0.0 自动2/3
[  334.870] EVT 落地：L1
[  334.887] EVT 相位 L1 hover→descend
[  335.121] TLM t= 220.8 L1Dr@-- L2·A@-66 L3·A@-75 R1·A@-75 R2·A@-67 R3·A@-61 罐=无罐 泵=0 阀=011111 速=+0,+0,+0.00 电=8.00V/2.36A/峰2.93 补余=0.0 IO错=0 倾+0.0 自动2/3
[  335.369] EVT 相位 L1 descend→press
[  335.641] TLM t= 220.8 L1Pr@-- L2·A@-66 L3·A@-75 R1·A@-75 R2·A@-66 R3·A@-61 罐=无罐 泵=0 阀=011111 速=+0,+0,+0.00 电=8.00V/2.44A/峰2.93 补余=0.0 IO错=0 倾+0.0 自动2/3
[  336.144] TLM t= 220.8 L1Pr@-- L2·A@-65 L3·A@-74 R1·A@-75 R2·A@-66 R3·A@-60 罐=无罐 泵=0 阀=011111 速=+0,+0,+0.00 电=8.00V/2.12A/峰2.93 补余=0.0 IO错=0 倾+0.0 自动2/3
[  336.334] EVT 泵 开 最差盘压-60.0
[  336.574] EVT 吸附 L1 released→pressing 在态4.04s 0.0kPa
[  336.575] EVT 相位 L1 press→wait
[  336.668] TLM t= 220.8 L1Wp@-- L2·A@-65 L3·A@-74 R1·A@-75 R2·A@-66 R3·A@-63 罐=无罐 泵=1 阀=011111 速=+0,+0,+0.00 电=7.98V/2.12A/峰2.93 补余=0.0 IO错=0 倾+0.0 自动2/3
[  336.899] EVT 吸附 L1 pressing→sucking 在态0.32s 0.0kPa
[  336.900] EVT 阀 L1 →抽气位
[  337.170] TLM t= 220.8 L1Ws@-60 L2·A@-72 L3·A@-74 R1·A@-75 R2·A@-71 R3·A@-71 罐=无罐 泵=1 阀=111111 速=+0,+0,+0.00 电=7.95V/2.44A/峰2.93 补余=0.0 IO错=0 倾+0.0 自动2/3
[  337.315] EVT 吸附 L1 sucking→attached 在态0.42s -66.8kPa
[  337.321] EVT 相位 L1 wait→stance
[  337.321] EVT 抬落完成，轮到 R2
[  337.690] TLM t= 221.2 L1·A@-74 L2·A@-75 L3·A@-74 R1·A@-75 R2·A@-75 R3·A@-75 罐=无罐 泵=1 阀=111111 速=+0,+0,+0.00 电=7.99V/2.04A/峰2.93 补余=0.0 IO错=0 倾+0.0 自动2/3
[  337.885] EVT 泵 停 最差盘压-75.6
[  338.199] TLM t= 221.7 L1·A@-77 L2·A@-77 L3·A@-77 R1·A@-76 R2·A@-76 R3·A@-77 罐=无罐 泵=0 阀=111111 速=+0,+0,+0.00 电=8.02V/2.28A/峰2.93 补余=0.0 IO错=0 倾+0.0 自动2/3
[  338.714] TLM t= 222.2 L1·A@-77 L2·A@-76 L3·A@-77 R1·A@-76 R2·A@-76 R3·A@-76 罐=无罐 泵=0 阀=111111 速=+0,+0,+0.00 电=8.01V/2.28A/峰2.93 补余=0.0 IO错=0 倾+0.0 自动2/3
[  339.219] TLM t= 222.7 L1·A@-76 L2·A@-76 L3·A@-77 R1·A@-76 R2·A@-76 R3·A@-75 罐=无罐 泵=0 阀=111111 速=+0,+0,+0.00 电=8.02V/2.20A/峰2.93 补余=0.0 IO错=0 倾+0.0 自动2/3
[  339.738] TLM t= 223.2 L1·A@-76 L2·A@-76 L3·A@-77 R1·A@-76 R2·A@-75 R3·A@-75 罐=无罐 泵=0 阀=111111 速=+0,+0,+0.00 电=7.99V/2.36A/峰2.93 补余=0.0 IO错=0 倾+0.0 自动2/3
[  340.247] TLM t= 223.7 L1·A@-76 L2·A@-75 L3·A@-76 R1·A@-76 R2·A@-75 R3·A@-74 罐=无罐 泵=0 阀=111111 速=+0,+0,+0.00 电=8.01V/2.04A/峰2.93 补余=0.0 IO错=0 倾+0.0 自动2/3
[  340.761] TLM t= 224.2 L1·A@-76 L2·A@-75 L3·A@-76 R1·A@-76 R2·A@-74 R3·A@-74 罐=无罐 泵=0 阀=111111 速=+0,+0,+0.00 电=8.02V/2.12A/峰2.93 补余=0.0 IO错=0 倾+0.0 自动2/3
[  341.269] TLM t= 224.7 L1·A@-76 L2·A@-74 L3·A@-76 R1·A@-76 R2·A@-74 R3·A@-73 罐=无罐 泵=0 阀=111111 速=+0,+0,+0.00 电=8.02V/2.28A/峰2.93 补余=0.0 IO错=0 倾+0.0 自动2/3
[  341.787] TLM t= 225.2 L1·A@-76 L2·A@-74 L3·A@-76 R1·A@-76 R2·A@-74 R3·A@-73 罐=无罐 泵=0 阀=111111 速=+0,+0,+0.00 电=8.02V/2.12A/峰2.93 补余=0.0 IO错=0 倾+0.0 自动2/3
[  342.291] TLM t= 225.7 L1·A@-75 L2·A@-74 L3·A@-76 R1·A@-76 R2·A@-73 R3·A@-72 罐=无罐 泵=0 阀=111111 速=+0,+0,+0.00 电=8.02V/2.20A/峰2.93 补余=0.0 IO错=0 倾+0.0 自动2/3
[  342.815] TLM t= 226.3 L1·A@-75 L2·A@-73 L3·A@-76 R1·A@-76 R2·A@-73 R3·A@-71 罐=无罐 泵=0 阀=111111 速=+0,+0,+0.00 电=8.01V/2.20A/峰2.93 补余=0.0 IO错=0 倾+0.0 自动2/3
[  342.911] EVT ⚠ 主环卡顿 114ms（目标 20ms）
[  343.325] TLM t= 226.7 L1·A@-75 L2·A@-73 L3·A@-76 R1·A@-76 R2·A@-73 R3·A@-71 罐=无罐 泵=0 阀=111111 速=+0,+0,+0.00 电=8.02V/2.28A/峰2.93 补余=0.0 IO错=0 倾+0.0 自动2/3
[  343.836] TLM t= 227.2 L1·A@-75 L2·A@-72 L3·A@-76 R1·A@-76 R2·A@-72 R3·A@-70 罐=无罐 泵=0 阀=111111 速=+0,+0,+0.00 电=8.01V/2.12A/峰2.93 补余=0.0 IO错=0 倾+0.0 自动2/3
[  344.340] TLM t= 227.7 L1·A@-75 L2·A@-72 L3·A@-76 R1·A@-76 R2·A@-72 R3·A@-70 罐=无罐 泵=0 阀=111111 速=+0,+0,+0.00 电=8.01V/2.04A/峰2.93 补余=0.0 IO错=0 倾+0.0 自动2/3
[  344.858] TLM t= 228.2 L1·A@-75 L2·A@-72 L3·A@-76 R1·A@-76 R2·A@-72 R3·A@-69 罐=无罐 泵=0 阀=111111 速=+0,+0,+0.00 电=8.00V/2.12A/峰2.93 补余=0.0 IO错=0 倾+0.0 自动2/3
[  345.362] TLM t= 228.7 L1·A@-75 L2·A@-71 L3·A@-76 R1·A@-76 R2·A@-71 R3·A@-69 罐=无罐 泵=0 阀=111111 速=+0,+0,+0.00 电=8.03V/2.20A/峰2.93 补余=0.0 IO错=0 倾+0.0 自动2/3
[  345.884] TLM t= 229.2 L1·A@-75 L2·A@-71 L3·A@-76 R1·A@-76 R2·A@-71 R3·A@-68 罐=无罐 泵=0 阀=111111 速=+0,+0,+0.00 电=8.00V/2.04A/峰2.93 补余=0.0 IO错=0 倾+0.0 自动2/3
[  346.388] TLM t= 229.7 L1·A@-75 L2·A@-70 L3·A@-76 R1·A@-75 R2·A@-71 R3·A@-68 罐=无罐 泵=0 阀=111111 速=+0,+0,+0.00 电=8.02V/2.12A/峰2.93 补余=0.0 IO错=0 倾+0.0 自动2/3
[  346.910] TLM t= 230.2 L1·A@-74 L2·A@-70 L3·A@-75 R1·A@-75 R2·A@-70 R3·A@-67 罐=无罐 泵=0 阀=111111 速=+0,+0,+0.00 电=8.00V/2.12A/峰2.93 补余=0.0 IO错=0 倾+0.0 自动2/3
[  347.344] EVT 原地抬起受理：R2
[  347.357] EVT 相位 R2 stance→handover
[  347.413] TLM t= 231.7 L1·A@-74 L2·A@-70 L3·A@-75 R1·A@-75 R2ZA@-70 R3·A@-66 罐=无罐 泵=0 阀=111111 速=+0,+0,+0.00 电=8.00V/2.20A/峰2.93 补余=0.0 IO错=0 倾+0.0 自动2/3
[  347.933] TLM t= 232.2 L1·A@-74 L2·A@-69 L3·A@-75 R1·A@-75 R2ZA@-70 R3·A@-66 罐=无罐 泵=0 阀=111111 速=+0,+0,+0.00 电=8.01V/2.20A/峰2.93 补余=0.0 IO错=0 倾+0.0 自动2/3
[  348.438] TLM t= 232.2 L1·A@-74 L2·A@-69 L3·A@-75 R1·A@-75 R2ZA@-69 R3·A@-65 罐=无罐 泵=0 阀=111111 速=+0,+0,+0.00 电=8.01V/2.20A/峰2.93 补余=0.0 IO错=0 倾+0.0 自动2/3
[  348.440] EVT 吸附 R2 attached→venting 在态98.36s -69.1kPa
[  348.440] EVT 相位 R2 handover→vent 落点Δ(+0.0,+0.0)
[  348.468] EVT 阀 R2 →排气位
[  348.741] EVT 相位 R2 vent→lift
[  348.863] EVT 吸附 R2 venting→released 在态0.42s -0.0kPa
[  348.956] TLM t= 232.2 L1·A@-74 L2·A@-68 L3·A@-75 R1·A@-75 R2Lr@-- R3·A@-65 罐=无罐 泵=0 阀=111101 速=+0,+0,+0.00 电=7.98V/2.44A/峰2.93 补余=0.0 IO错=0 倾+0.0 自动2/3
[  349.470] TLM t= 232.2 L1·A@-74 L2·A@-68 L3·A@-75 R1·A@-75 R2Lr@-- R3·A@-64 罐=无罐 泵=0 阀=111101 速=+0,+0,+0.00 电=7.97V/2.44A/峰2.93 补余=0.0 IO错=0 倾+0.0 自动2/3
[  349.584] EVT 相位 R2 lift→transfer
[  349.983] TLM t= 232.2 L1·A@-74 L2·A@-68 L3·A@-75 R1·A@-75 R2Tr@-- R3·A@-64 罐=无罐 泵=0 阀=111101 速=+0,+0,+0.00 电=7.99V/2.20A/峰2.93 补余=0.0 IO错=0 倾+0.0 自动2/3
[  350.217] EVT 相位 R2 transfer→hover
[  350.482] TLM t= 232.2 L1·A@-74 L2·A@-67 L3·A@-75 R1·A@-75 R2Hr@-- R3·A@-63 罐=无罐 泵=0 阀=111101 速=+0,+0,+0.00 电=7.99V/2.20A/峰2.93 补余=0.0 IO错=0 倾+0.0 自动2/3
[  351.005] TLM t= 232.2 L1·A@-74 L2·A@-67 L3·A@-75 R1·A@-75 R2Hr@-- R3·A@-63 罐=无罐 泵=0 阀=111101 速=+0,+0,+0.00 电=8.01V/2.20A/峰2.93 补余=0.0 IO错=0 倾+0.0 自动2/3
[  351.239] EVT 落地：R2
[  351.257] EVT 相位 R2 hover→descend
[  351.521] TLM t= 232.2 L1·A@-73 L2·A@-67 L3·A@-75 R1·A@-75 R2Dr@-- R3·A@-62 罐=无罐 泵=0 阀=111101 速=+0,+0,+0.00 电=8.00V/2.28A/峰2.93 补余=0.0 IO错=0 倾+0.0 自动2/3
[  351.738] EVT 相位 R2 descend→press
[  352.033] TLM t= 232.2 L1·A@-73 L2·A@-66 L3·A@-75 R1·A@-75 R2Pr@-- R3·A@-62 罐=无罐 泵=0 阀=111101 速=+0,+0,+0.00 电=8.01V/2.36A/峰2.93 补余=0.0 IO错=0 倾+0.0 自动2/3
[  352.536] TLM t= 232.2 L1·A@-73 L2·A@-66 L3·A@-75 R1·A@-75 R2Pr@-- R3·A@-61 罐=无罐 泵=0 阀=111101 速=+0,+0,+0.00 电=7.99V/2.36A/峰2.93 补余=0.0 IO错=0 倾+0.0 自动2/3
[  352.949] EVT 吸附 R2 released→pressing 在态4.06s -0.0kPa
[  352.949] EVT 相位 R2 press→wait
[  353.061] TLM t= 232.2 L1·A@-73 L2·A@-66 L3·A@-75 R1·A@-75 R2Wp@-- R3·A@-61 罐=无罐 泵=0 阀=111101 速=+0,+0,+0.00 电=7.99V/2.28A/峰2.93 补余=0.0 IO错=0 倾+0.0 自动2/3
[  353.266] EVT 吸附 R2 pressing→sucking 在态0.32s -0.0kPa
[  353.267] EVT 阀 R2 →抽气位
[  353.295] EVT 泵 开 最差盘压-60.3
[  353.535] EVT 吸附 R2 sucking→attached 在态0.26s -51.8kPa
[  353.535] EVT 相位 R2 wait→stance
[  353.535] EVT 抬落完成，轮到 L3
[  353.563] TLM t= 232.2 L1·A@-73 L2·A@-65 L3·A@-75 R1·A@-75 R2·A@-55 R3·A@-60 罐=无罐 泵=1 阀=111111 速=+0,+0,+0.00 电=7.98V/2.20A/峰2.93 补余=0.0 IO错=0 倾+0.0 自动2/3
[  354.085] TLM t= 232.7 L1·A@-73 L2·A@-72 L3·A@-74 R1·A@-75 R2·A@-71 R3·A@-70 罐=无罐 泵=1 阀=111111 速=+0,+0,+0.00 电=7.95V/2.28A/峰2.93 补余=0.0 IO错=0 倾+0.0 自动2/3
[  354.581] EVT 泵 停 最差盘压-75.7
[  354.590] TLM t= 233.2 L1·A@-77 L2·A@-77 L3·A@-77 R1·A@-76 R2·A@-77 R3·A@-77 罐=无罐 泵=0 阀=111111 速=+0,+0,+0.00 电=8.00V/2.28A/峰2.93 补余=0.0 IO错=0 倾+0.0 自动2/3
[  355.109] TLM t= 233.8 L1·A@-77 L2·A@-77 L3·A@-77 R1·A@-76 R2·A@-76 R3·A@-76 罐=无罐 泵=0 阀=111111 速=+0,+0,+0.00 电=8.00V/2.04A/峰2.93 补余=0.0 IO错=0 倾+0.0 自动2/3
[  355.613] TLM t= 234.3 L1·A@-77 L2·A@-76 L3·A@-77 R1·A@-76 R2·A@-76 R3·A@-76 罐=无罐 泵=0 阀=111111 速=+0,+0,+0.00 电=8.00V/2.12A/峰2.93 补余=0.0 IO错=0 倾+0.0 自动2/3
[  356.136] TLM t= 234.8 L1·A@-77 L2·A@-76 L3·A@-77 R1·A@-76 R2·A@-75 R3·A@-75 罐=无罐 泵=0 阀=111111 速=+0,+0,+0.00 电=8.00V/2.20A/峰2.93 补余=0.0 IO错=0 倾+0.0 自动2/3
[  356.636] TLM t= 235.3 L1·A@-77 L2·A@-76 L3·A@-77 R1·A@-76 R2·A@-75 R3·A@-75 罐=无罐 泵=0 阀=111111 速=+0,+0,+0.00 电=8.01V/2.12A/峰2.93 补余=0.0 IO错=0 倾+0.0 自动2/3
[  357.161] TLM t= 235.8 L1·A@-76 L2·A@-75 L3·A@-77 R1·A@-76 R2·A@-74 R3·A@-74 罐=无罐 泵=0 阀=111111 速=+0,+0,+0.00 电=8.02V/2.12A/峰2.93 补余=0.0 IO错=0 倾+0.0 自动2/3
[  357.669] TLM t= 236.3 L1·A@-76 L2·A@-75 L3·A@-77 R1·A@-76 R2·A@-74 R3·A@-73 罐=无罐 泵=0 阀=111111 速=+0,+0,+0.00 电=8.01V/2.28A/峰2.93 补余=0.0 IO错=0 倾+0.0 自动2/3
[  358.190] TLM t= 236.8 L1·A@-76 L2·A@-74 L3·A@-76 R1·A@-76 R2·A@-74 R3·A@-73 罐=无罐 泵=0 阀=111111 速=+0,+0,+0.00 电=8.01V/2.04A/峰2.93 补余=0.0 IO错=0 倾+0.0 自动2/3
[  358.697] TLM t= 237.3 L1·A@-76 L2·A@-74 L3·A@-76 R1·A@-76 R2·A@-73 R3·A@-72 罐=无罐 泵=0 阀=111111 速=+0,+0,+0.00 电=8.01V/2.04A/峰2.93 补余=0.0 IO错=0 倾+0.0 自动2/3
[  359.216] TLM t= 237.8 L1·A@-76 L2·A@-73 L3·A@-76 R1·A@-76 R2·A@-73 R3·A@-72 罐=无罐 泵=0 阀=111111 速=+0,+0,+0.00 电=8.00V/2.28A/峰2.93 补余=0.0 IO错=0 倾+0.0 自动2/3
[  359.724] TLM t= 238.3 L1·A@-76 L2·A@-73 L3·A@-76 R1·A@-76 R2·A@-72 R3·A@-71 罐=无罐 泵=0 阀=111111 速=+0,+0,+0.00 电=8.01V/2.12A/峰2.93 补余=0.0 IO错=0 倾+0.0 自动2/3
[  360.244] TLM t= 238.9 L1·A@-76 L2·A@-73 L3·A@-76 R1·A@-76 R2·A@-72 R3·A@-71 罐=无罐 泵=0 阀=111111 速=+0,+0,+0.00 电=8.01V/2.12A/峰2.93 补余=0.0 IO错=0 倾+0.0 自动2/3
[  360.746] TLM t= 239.4 L1·A@-76 L2·A@-72 L3·A@-76 R1·A@-76 R2·A@-72 R3·A@-70 罐=无罐 泵=0 阀=111111 速=+0,+0,+0.00 电=7.98V/2.12A/峰2.93 补余=0.0 IO错=0 倾+0.0 自动2/3
[  361.269] TLM t= 239.9 L1·A@-76 L2·A@-72 L3·A@-76 R1·A@-76 R2·A@-71 R3·A@-70 罐=无罐 泵=0 阀=111111 速=+0,+0,+0.00 电=7.99V/2.04A/峰2.93 补余=0.0 IO错=0 倾+0.0 自动2/3
[  361.773] TLM t= 240.4 L1·A@-76 L2·A@-72 L3·A@-76 R1·A@-76 R2·A@-71 R3·A@-69 罐=无罐 泵=0 阀=111111 速=+0,+0,+0.00 电=8.00V/2.12A/峰2.93 补余=0.0 IO错=0 倾+0.0 自动2/3
[  362.294] TLM t= 240.9 L1·A@-75 L2·A@-71 L3·A@-76 R1·A@-76 R2·A@-71 R3·A@-68 罐=无罐 泵=0 阀=111111 速=+0,+0,+0.00 电=8.01V/2.04A/峰2.93 补余=0.0 IO错=0 倾+0.0 自动2/3
[  362.800] TLM t= 241.4 L1·A@-75 L2·A@-71 L3·A@-76 R1·A@-76 R2·A@-70 R3·A@-68 罐=无罐 泵=0 阀=111111 速=+0,+0,+0.00 电=8.01V/2.20A/峰2.93 补余=0.0 IO错=0 倾+0.0 自动2/3
[  363.320] TLM t= 241.9 L1·A@-75 L2·A@-70 L3·A@-76 R1·A@-76 R2·A@-70 R3·A@-67 罐=无罐 泵=0 阀=111111 速=+0,+0,+0.00 电=7.99V/2.20A/峰2.93 补余=0.0 IO错=0 倾+0.0 自动2/3
[  363.577] EVT 原地抬起受理：L3
[  363.589] EVT 相位 L3 stance→handover
[  363.828] TLM t= 243.2 L1·A@-75 L2·A@-70 L3ZA@-76 R1·A@-76 R2·A@-70 R3·A@-67 罐=无罐 泵=0 阀=111111 速=+0,+0,+0.00 电=8.02V/1.79A/峰2.93 补余=0.0 IO错=0 倾+0.0 自动2/3
[  364.352] TLM t= 243.6 L1·A@-75 L2·A@-70 L3ZA@-76 R1·A@-75 R2·A@-69 R3·A@-66 罐=无罐 泵=0 阀=111111 速=+0,+0,+0.00 电=8.00V/1.79A/峰2.93 补余=0.0 IO错=0 倾+0.0 自动2/3
[  364.854] TLM t= 243.6 L1·A@-75 L2·A@-69 L3ZA@-76 R1·A@-75 R2·A@-69 R3·A@-66 罐=无罐 泵=0 阀=111111 速=+0,+0,+0.00 电=8.03V/1.87A/峰2.93 补余=0.0 IO错=0 倾+0.0 自动2/3
[  365.039] EVT 吸附 L3 attached→venting 在态98.40s -75.6kPa
[  365.040] EVT 相位 L3 handover→vent 落点Δ(+0.0,+0.0)
[  365.065] EVT 阀 L3 →排气位
[  365.341] EVT 相位 L3 vent→lift
[  365.379] TLM t= 243.6 L1·A@-75 L2·A@-69 L3Lv@-76 R1·A@-75 R2·A@-68 R3·A@-65 罐=无罐 泵=0 阀=110111 速=+0,+0,+0.00 电=7.99V/1.95A/峰2.93 补余=0.0 IO错=0 倾+0.0 自动2/3
[  365.466] EVT 吸附 L3 venting→released 在态0.42s 0.0kPa
[  365.882] TLM t= 243.6 L1·A@-75 L2·A@-69 L3Lr@-- R1·A@-75 R2·A@-68 R3·A@-65 罐=无罐 泵=0 阀=110111 速=+0,+0,+0.00 电=8.00V/2.04A/峰2.93 补余=0.0 IO错=0 倾+0.0 自动2/3
[  366.187] EVT 相位 L3 lift→transfer
[  366.403] TLM t= 243.6 L1·A@-75 L2·A@-68 L3Tr@-- R1·A@-75 R2·A@-68 R3·A@-64 罐=无罐 泵=0 阀=110111 速=+0,+0,+0.00 电=7.99V/2.28A/峰2.93 补余=0.0 IO错=0 倾+0.0 自动2/3
[  366.815] EVT 相位 L3 transfer→hover
[  366.908] TLM t= 243.6 L1·A@-74 L2·A@-68 L3Hr@-- R1·A@-75 R2·A@-67 R3·A@-64 罐=无罐 泵=0 阀=110111 速=+0,+0,+0.00 电=8.01V/1.95A/峰2.93 补余=0.0 IO错=0 倾+0.0 自动2/3
[  367.425] TLM t= 243.6 L1·A@-74 L2·A@-67 L3Hr@-- R1·A@-75 R2·A@-67 R3·A@-63 罐=无罐 泵=0 阀=110111 速=+0,+0,+0.00 电=8.01V/2.20A/峰2.93 补余=0.0 IO错=0 倾+0.0 自动2/3
[  367.838] EVT 落地：L3
[  367.861] EVT 相位 L3 hover→descend
[  367.928] TLM t= 243.6 L1·A@-74 L2·A@-67 L3Dr@-- R1·A@-75 R2·A@-67 R3·A@-62 罐=无罐 泵=0 阀=110111 速=+0,+0,+0.00 电=7.99V/2.04A/峰2.93 补余=0.0 IO错=0 倾+0.0 自动2/3
[  368.342] EVT 相位 L3 descend→press
[  368.451] TLM t= 243.6 L1·A@-74 L2·A@-67 L3Pr@-- R1·A@-75 R2·A@-66 R3·A@-62 罐=无罐 泵=0 阀=110111 速=+0,+0,+0.00 电=8.01V/2.12A/峰2.93 补余=0.0 IO错=0 倾+0.0 自动2/3
[  368.956] TLM t= 243.6 L1·A@-74 L2·A@-66 L3Pr@-- R1·A@-75 R2·A@-66 R3·A@-61 罐=无罐 泵=0 阀=110111 速=+0,+0,+0.00 电=8.00V/2.04A/峰2.93 补余=0.0 IO错=0 倾+0.0 自动2/3
[  369.474] TLM t= 243.6 L1·A@-74 L2·A@-66 L3Pr@-- R1·A@-75 R2·A@-66 R3·A@-61 罐=无罐 泵=0 阀=110111 速=+0,+0,+0.00 电=8.00V/2.60A/峰2.93 补余=0.0 IO错=0 倾+0.0 自动2/3
[  369.549] EVT 吸附 L3 released→pressing 在态4.06s 0.0kPa
[  369.550] EVT 相位 L3 press→wait
[  369.862] EVT 吸附 L3 pressing→sucking 在态0.32s 0.0kPa
[  369.863] EVT 阀 L3 →抽气位
[  369.890] EVT 泵 开 最差盘压-60.5
[  369.984] TLM t= 243.6 L1·A@-74 L2·A@-66 L3Ws@-32 R1·A@-75 R2·A@-65 R3·A@-60 罐=无罐 泵=1 阀=111111 速=+0,+0,+0.00 电=7.98V/2.04A/峰2.93 补余=0.0 IO错=0 倾+0.0 自动2/3
[  370.164] EVT 吸附 L3 sucking→attached 在态0.30s -45.8kPa
[  370.165] EVT 相位 L3 wait→stance
[  370.165] EVT 抬落完成，轮到 R1
[  370.501] TLM t= 243.9 L1·A@-74 L2·A@-67 L3·A@-67 R1·A@-75 R2·A@-65 R3·A@-66 罐=无罐 泵=1 阀=111111 速=+0,+0,+0.00 电=7.99V/2.12A/峰2.93 补余=0.0 IO错=0 倾+0.0 自动2/3
[  371.007] TLM t= 244.4 L1·A@-75 L2·A@-75 L3·A@-75 R1·A@-75 R2·A@-75 R3·A@-75 罐=无罐 泵=1 阀=111111 速=+0,+0,+0.00 电=8.00V/2.12A/峰2.93 补余=0.0 IO错=0 倾+0.0 自动2/3
[  371.236] EVT 泵 停 最差盘压-75.7
[  371.527] TLM t= 244.9 L1·A@-77 L2·A@-77 L3·A@-77 R1·A@-76 R2·A@-77 R3·A@-77 罐=无罐 泵=0 阀=111111 速=+0,+0,+0.00 电=8.02V/1.95A/峰2.93 补余=0.0 IO错=0 倾+0.0 自动2/3
[  372.028] TLM t= 245.4 L1·A@-77 L2·A@-77 L3·A@-77 R1·A@-76 R2·A@-76 R3·A@-76 罐=无罐 泵=0 阀=111111 速=+0,+0,+0.00 电=8.02V/2.04A/峰2.93 补余=0.0 IO错=0 倾+0.0 自动2/3
[  372.552] TLM t= 246.0 L1·A@-77 L2·A@-76 L3·A@-77 R1·A@-76 R2·A@-76 R3·A@-76 罐=无罐 泵=0 阀=111111 速=+0,+0,+0.00 电=7.99V/2.12A/峰2.93 补余=0.0 IO错=0 倾+0.0 自动2/3
[  373.056] TLM t= 246.5 L1·A@-77 L2·A@-76 L3·A@-76 R1·A@-76 R2·A@-75 R3·A@-75 罐=无罐 泵=0 阀=111111 速=+0,+0,+0.00 电=8.00V/2.04A/峰2.93 补余=0.0 IO错=0 倾+0.0 自动2/3
[  373.576] TLM t= 247.0 L1·A@-77 L2·A@-75 L3·A@-76 R1·A@-76 R2·A@-75 R3·A@-74 罐=无罐 泵=0 阀=111111 速=+0,+0,+0.00 电=8.01V/2.12A/峰2.93 补余=0.0 IO错=0 倾+0.0 自动2/3
[  374.082] TLM t= 247.5 L1·A@-76 L2·A@-75 L3·A@-76 R1·A@-76 R2·A@-75 R3·A@-74 罐=无罐 泵=0 阀=111111 速=+0,+0,+0.00 电=8.01V/2.12A/峰2.93 补余=0.0 IO错=0 倾+0.0 自动2/3
[  374.605] TLM t= 248.0 L1·A@-76 L2·A@-74 L3·A@-76 R1·A@-76 R2·A@-74 R3·A@-73 罐=无罐 泵=0 阀=111111 速=+0,+0,+0.00 电=8.00V/2.12A/峰2.93 补余=0.0 IO错=0 倾+0.0 自动2/3
[  375.107] TLM t= 248.5 L1·A@-76 L2·A@-74 L3·A@-76 R1·A@-76 R2·A@-74 R3·A@-73 罐=无罐 泵=0 阀=111111 速=+0,+0,+0.00 电=8.00V/2.04A/峰2.93 补余=0.0 IO错=0 倾+0.0 自动2/3
[  375.630] TLM t= 249.0 L1·A@-76 L2·A@-74 L3·A@-76 R1·A@-76 R2·A@-74 R3·A@-72 罐=无罐 泵=0 阀=111111 速=+0,+0,+0.00 电=8.00V/1.95A/峰2.93 补余=0.0 IO错=0 倾+0.0 自动2/3
[  376.135] TLM t= 249.5 L1·A@-76 L2·A@-73 L3·A@-76 R1·A@-76 R2·A@-73 R3·A@-72 罐=无罐 泵=0 阀=111111 速=+0,+0,+0.00 电=8.02V/2.04A/峰2.93 补余=0.0 IO错=0 倾+0.0 自动2/3
[  376.655] TLM t= 250.0 L1·A@-76 L2·A@-73 L3·A@-76 R1·A@-76 R2·A@-73 R3·A@-71 罐=无罐 泵=0 阀=111111 速=+0,+0,+0.00 电=8.02V/2.04A/峰2.93 补余=0.0 IO错=0 倾+0.0 自动2/3
[  377.161] TLM t= 250.5 L1·A@-76 L2·A@-72 L3·A@-76 R1·A@-76 R2·A@-72 R3·A@-70 罐=无罐 泵=0 阀=111111 速=+0,+0,+0.00 电=8.00V/2.20A/峰2.93 补余=0.0 IO错=0 倾+0.0 自动2/3
[  377.681] TLM t= 251.1 L1·A@-76 L2·A@-72 L3·A@-75 R1·A@-75 R2·A@-72 R3·A@-70 罐=无罐 泵=0 阀=111111 速=+0,+0,+0.00 电=8.02V/2.12A/峰2.93 补余=0.0 IO错=0 倾+0.0 自动2/3
[  378.182] TLM t= 251.6 L1·A@-76 L2·A@-72 L3·A@-75 R1·A@-75 R2·A@-72 R3·A@-69 罐=无罐 泵=0 阀=111111 速=+0,+0,+0.00 电=8.00V/1.87A/峰2.93 补余=0.0 IO错=0 倾+0.0 自动2/3
[  378.707] TLM t= 252.1 L1·A@-76 L2·A@-71 L3·A@-75 R1·A@-75 R2·A@-71 R3·A@-69 罐=无罐 泵=0 阀=111111 速=+0,+0,+0.00 电=8.01V/1.87A/峰2.93 补余=0.0 IO错=0 倾+0.0 自动2/3
[  379.213] TLM t= 252.6 L1·A@-75 L2·A@-71 L3·A@-75 R1·A@-75 R2·A@-71 R3·A@-68 罐=无罐 泵=0 阀=111111 速=+0,+0,+0.00 电=8.01V/1.95A/峰2.93 补余=0.0 IO错=0 倾+0.0 自动2/3
[  379.733] TLM t= 253.1 L1·A@-75 L2·A@-71 L3·A@-75 R1·A@-75 R2·A@-71 R3·A@-68 罐=无罐 泵=0 阀=111111 速=+0,+0,+0.00 电=8.01V/2.04A/峰2.93 补余=0.0 IO错=0 倾+0.0 自动2/3
[  380.180] EVT 原地抬起受理：R1
[  380.207] EVT 相位 R1 stance→handover
[  380.237] TLM t= 254.4 L1·A@-75 L2·A@-70 L3·A@-75 R1ZA@-75 R2·A@-70 R3·A@-67 罐=无罐 泵=0 阀=111111 速=+0,+0,+0.00 电=8.02V/1.95A/峰2.93 补余=0.0 IO错=0 倾+0.0 自动2/3
[  380.757] TLM t= 255.0 L1·A@-75 L2·A@-70 L3·A@-75 R1ZA@-75 R2·A@-70 R3·A@-67 罐=无罐 泵=0 阀=111111 速=+0,+0,+0.00 电=8.04V/1.71A/峰2.93 补余=0.0 IO错=0 倾+0.0 自动2/3
[  381.260] TLM t= 255.0 L1·A@-75 L2·A@-69 L3·A@-75 R1ZA@-75 R2·A@-70 R3·A@-66 罐=无罐 泵=0 阀=111111 速=+0,+0,+0.00 电=8.02V/1.79A/峰2.93 补余=0.0 IO错=0 倾+0.0 自动2/3
[  381.783] TLM t= 255.0 L1·A@-75 L2·A@-69 L3·A@-75 R1ZA@-75 R2·A@-69 R3·A@-66 罐=无罐 泵=0 阀=111111 速=+0,+0,+0.00 电=8.01V/1.87A/峰2.93 补余=0.0 IO错=0 倾+0.0 自动2/3
[  381.856] EVT 吸附 R1 attached→venting 在态98.38s -74.9kPa
[  381.856] EVT 相位 R1 handover→vent 落点Δ(+0.0,+0.0)
[  381.869] EVT 阀 R1 →排气位
[  382.155] EVT 相位 R1 vent→lift
[  382.277] EVT 吸附 R1 venting→released 在态0.42s 0.0kPa
[  382.287] TLM t= 255.0 L1·A@-75 L2·A@-69 L3·A@-75 R1Lr@-- R2·A@-69 R3·A@-65 罐=无罐 泵=0 阀=111011 速=+0,+0,+0.00 电=7.99V/2.04A/峰2.93 补余=0.0 IO错=0 倾+0.0 自动2/3
[  382.811] TLM t= 255.0 L1·A@-75 L2·A@-68 L3·A@-74 R1Lr@-- R2·A@-69 R3·A@-65 罐=无罐 泵=0 阀=111011 速=+0,+0,+0.00 电=7.98V/2.20A/峰2.93 补余=0.0 IO错=0 倾+0.0 自动2/3
[  383.002] EVT 相位 R1 lift→transfer
[  383.311] TLM t= 255.0 L1·A@-75 L2·A@-68 L3·A@-74 R1Tr@-- R2·A@-68 R3·A@-64 罐=无罐 泵=0 阀=111011 速=+0,+0,+0.00 电=8.00V/2.04A/峰2.93 补余=0.0 IO错=0 倾+0.0 自动2/3
[  383.619] EVT 相位 R1 transfer→hover
[  383.833] TLM t= 255.0 L1·A@-75 L2·A@-68 L3·A@-74 R1Hr@-- R2·A@-68 R3·A@-64 罐=无罐 泵=0 阀=111011 速=+0,+0,+0.00 电=8.01V/1.95A/峰2.93 补余=0.0 IO错=0 倾+0.0 自动2/3
[  384.338] TLM t= 255.0 L1·A@-75 L2·A@-67 L3·A@-74 R1Hr@-- R2·A@-68 R3·A@-63 罐=无罐 泵=0 阀=111011 速=+0,+0,+0.00 电=8.01V/2.04A/峰2.93 补余=0.0 IO错=0 倾+0.0 自动2/3
[  384.628] EVT 落地：R1
[  384.643] EVT 相位 R1 hover→descend
[  384.860] TLM t= 255.0 L1·A@-74 L2·A@-67 L3·A@-74 R1Dr@-- R2·A@-67 R3·A@-62 罐=无罐 泵=0 阀=111011 速=+0,+0,+0.00 电=7.98V/2.28A/峰2.93 补余=0.0 IO错=0 倾+0.0 自动2/3
[  385.127] EVT 相位 R1 descend→press
[  385.361] TLM t= 255.0 L1·A@-74 L2·A@-66 L3·A@-74 R1Pr@-- R2·A@-67 R3·A@-62 罐=无罐 泵=0 阀=111011 速=+0,+0,+0.00 电=7.99V/2.12A/峰2.93 补余=0.0 IO错=0 倾+0.0 自动2/3
[  385.883] TLM t= 255.0 L1·A@-74 L2·A@-66 L3·A@-74 R1Pr@-- R2·A@-67 R3·A@-61 罐=无罐 泵=0 阀=111011 速=+0,+0,+0.00 电=7.98V/2.12A/峰2.93 补余=0.0 IO错=0 倾+0.0 自动2/3
[  386.330] EVT 吸附 R1 released→pressing 在态4.04s 0.0kPa
[  386.330] EVT 相位 R1 press→wait
[  386.403] TLM t= 255.0 L1·A@-74 L2·A@-66 L3·A@-74 R1Wp@-- R2·A@-66 R3·A@-61 罐=无罐 泵=0 阀=111011 速=+0,+0,+0.00 电=7.98V/2.20A/峰2.93 补余=0.0 IO错=0 倾+0.0 自动2/3
[  386.658] EVT 吸附 R1 pressing→sucking 在态0.32s 0.0kPa
[  386.659] EVT 阀 R1 →抽气位
[  386.679] EVT 泵 开 最差盘压-60.3
[  386.910] TLM t= 255.0 L1·A@-74 L2·A@-65 L3·A@-74 R1Ws@-44 R2·A@-66 R3·A@-60 罐=无罐 泵=1 阀=111111 速=+0,+0,+0.00 电=7.97V/2.12A/峰2.93 补余=0.0 IO错=0 倾+0.0 自动2/3
[  387.082] EVT 吸附 R1 sucking→attached 在态0.42s -59.5kPa
[  387.083] EVT 相位 R1 wait→stance
[  387.083] EVT 抬落完成，轮到 L2
[  387.416] TLM t= 255.3 L1·A@-74 L2·A@-71 L3·A@-74 R1·A@-70 R2·A@-71 R3·A@-71 罐=无罐 泵=1 阀=111111 速=+0,+0,+0.00 电=7.95V/1.95A/峰2.93 补余=0.0 IO错=0 倾+0.0 自动2/3
[  387.825] EVT 泵 停 最差盘压-75.2
[  387.939] TLM t= 255.8 L1·A@-76 L2·A@-77 L3·A@-76 R1·A@-76 R2·A@-76 R3·A@-76 罐=无罐 泵=0 阀=111111 速=+0,+0,+0.00 电=8.00V/2.12A/峰2.93 补余=0.0 IO错=0 倾+0.0 自动2/3
[  388.440] TLM t= 256.3 L1·A@-76 L2·A@-76 L3·A@-76 R1·A@-75 R2·A@-76 R3·A@-76 罐=无罐 泵=0 阀=111111 速=+0,+0,+0.00 电=8.01V/2.04A/峰2.93 补余=0.0 IO错=0 倾+0.0 自动2/3
[  388.966] TLM t= 256.9 L1·A@-76 L2·A@-76 L3·A@-76 R1·A@-75 R2·A@-75 R3·A@-75 罐=无罐 泵=0 阀=111111 速=+0,+0,+0.00 电=8.01V/1.95A/峰2.93 补余=0.0 IO错=0 倾+0.0 自动2/3
[  389.469] TLM t= 257.4 L1·A@-76 L2·A@-75 L3·A@-76 R1·A@-75 R2·A@-75 R3·A@-75 罐=无罐 泵=0 阀=111111 速=+0,+0,+0.00 电=8.01V/1.95A/峰2.93 补余=0.0 IO错=0 倾+0.0 自动2/3
[  389.990] TLM t= 257.9 L1·A@-76 L2·A@-75 L3·A@-76 R1·A@-75 R2·A@-74 R3·A@-74 罐=无罐 泵=0 阀=111111 速=+0,+0,+0.00 电=8.02V/1.95A/峰2.93 补余=0.0 IO错=0 倾+0.0 自动2/3
[  390.494] TLM t= 258.4 L1·A@-76 L2·A@-74 L3·A@-76 R1·A@-75 R2·A@-74 R3·A@-73 罐=无罐 泵=0 阀=111111 速=+0,+0,+0.00 电=8.00V/1.95A/峰2.93 补余=0.0 IO错=0 倾+0.0 自动2/3
[  391.019] TLM t= 258.9 L1·A@-76 L2·A@-74 L3·A@-76 R1·A@-75 R2·A@-74 R3·A@-73 罐=无罐 泵=0 阀=111111 速=+0,+0,+0.00 电=8.01V/2.04A/峰2.93 补余=0.0 IO错=0 倾+0.0 自动2/3
[  391.522] TLM t= 259.4 L1·A@-76 L2·A@-74 L3·A@-76 R1·A@-75 R2·A@-73 R3·A@-72 罐=无罐 泵=0 阀=111111 速=+0,+0,+0.00 电=8.00V/1.95A/峰2.93 补余=0.0 IO错=0 倾+0.0 自动2/3
[  392.042] TLM t= 259.9 L1·A@-76 L2·A@-73 L3·A@-76 R1·A@-75 R2·A@-73 R3·A@-72 罐=无罐 泵=0 阀=111111 速=+0,+0,+0.00 电=8.01V/2.04A/峰2.93 补余=0.0 IO错=0 倾+0.0 自动2/3
[  392.548] TLM t= 260.4 L1·A@-75 L2·A@-73 L3·A@-76 R1·A@-75 R2·A@-73 R3·A@-71 罐=无罐 泵=0 阀=111111 速=+0,+0,+0.00 电=8.00V/2.04A/峰2.93 补余=0.0 IO错=0 倾+0.0 自动2/3
[  393.065] TLM t= 260.9 L1·A@-75 L2·A@-72 L3·A@-76 R1·A@-75 R2·A@-72 R3·A@-71 罐=无罐 泵=0 阀=111111 速=+0,+0,+0.00 电=8.01V/2.04A/峰2.93 补余=0.0 IO错=0 倾+0.0 自动2/3
[  393.573] TLM t= 261.4 L1·A@-75 L2·A@-72 L3·A@-76 R1·A@-75 R2·A@-72 R3·A@-70 罐=无罐 泵=0 阀=111111 速=+0,+0,+0.00 电=8.01V/2.04A/峰2.93 补余=0.0 IO错=0 倾+0.0 自动2/3
[  394.092] TLM t= 262.0 L1·A@-75 L2·A@-72 L3·A@-75 R1·A@-75 R2·A@-72 R3·A@-69 罐=无罐 泵=0 阀=111111 速=+0,+0,+0.00 电=8.01V/2.12A/峰2.93 补余=0.0 IO错=0 倾+0.0 自动2/3
[  394.593] TLM t= 262.5 L1·A@-75 L2·A@-71 L3·A@-75 R1·A@-75 R2·A@-71 R3·A@-69 罐=无罐 泵=0 阀=111111 速=+0,+0,+0.00 电=8.01V/2.12A/峰2.93 补余=0.0 IO错=0 倾+0.0 自动2/3
[  395.115] TLM t= 263.0 L1·A@-75 L2·A@-71 L3·A@-75 R1·A@-75 R2·A@-71 R3·A@-68 罐=无罐 泵=0 阀=111111 速=+0,+0,+0.00 电=8.00V/2.04A/峰2.93 补余=0.0 IO错=0 倾+0.0 自动2/3
[  395.620] TLM t= 263.5 L1·A@-75 L2·A@-71 L3·A@-75 R1·A@-75 R2·A@-71 R3·A@-68 罐=无罐 泵=0 阀=111111 速=+0,+0,+0.00 电=7.99V/2.04A/峰2.93 补余=0.0 IO错=0 倾+0.0 自动2/3
[  396.140] TLM t= 264.0 L1·A@-75 L2·A@-70 L3·A@-75 R1·A@-75 R2·A@-70 R3·A@-67 罐=无罐 泵=0 阀=111111 速=+0,+0,+0.00 电=7.98V/2.04A/峰2.93 补余=0.0 IO错=0 倾+0.0 自动2/3
[  396.647] TLM t= 264.5 L1·A@-75 L2·A@-70 L3·A@-75 R1·A@-75 R2·A@-70 R3·A@-67 罐=无罐 泵=0 阀=111111 速=+0,+0,+0.00 电=8.00V/2.12A/峰2.93 补余=0.0 IO错=0 倾+0.0 自动2/3
[  397.117] EVT 原地抬起受理：L2
[  397.129] EVT 相位 L2 stance→handover
[  397.166] TLM t= 265.8 L1·A@-75 L2ZA@-69 L3·A@-75 R1·A@-74 R2·A@-70 R3·A@-66 罐=无罐 泵=0 阀=111111 速=+0,+0,+0.00 电=8.00V/1.95A/峰2.93 补余=0.0 IO错=0 倾+0.0 自动2/3
[  397.673] TLM t= 266.3 L1·A@-74 L2ZA@-69 L3·A@-75 R1·A@-74 R2·A@-69 R3·A@-66 罐=无罐 泵=0 阀=111111 速=+0,+0,+0.00 电=8.00V/2.04A/峰2.93 补余=0.0 IO错=0 倾+0.0 自动2/3
[  398.192] TLM t= 266.4 L1·A@-74 L2ZA@-68 L3·A@-75 R1·A@-74 R2·A@-69 R3·A@-65 罐=无罐 泵=0 阀=111111 速=+0,+0,+0.00 电=8.00V/2.36A/峰2.93 补余=0.0 IO错=0 倾+0.0 自动2/3
[  398.325] EVT 吸附 L2 attached→venting 在态98.54s -68.4kPa
[  398.325] EVT 相位 L2 handover→vent 落点Δ(+0.0,+0.0)
[  398.338] EVT 阀 L2 →排气位
[  398.626] EVT 相位 L2 vent→lift
[  398.697] TLM t= 266.4 L1·A@-74 L2Lv@-68 L3·A@-75 R1·A@-74 R2·A@-68 R3·A@-64 罐=无罐 泵=0 阀=101111 速=+0,+0,+0.00 电=7.98V/2.28A/峰2.93 补余=0.0 IO错=0 倾+0.0 自动2/3
[  398.761] EVT 吸附 L2 venting→released 在态0.44s 0.2kPa
[  399.216] TLM t= 266.4 L1·A@-74 L2Lr@-- L3·A@-75 R1·A@-74 R2·A@-68 R3·A@-64 罐=无罐 泵=0 阀=101111 速=+0,+0,+0.00 电=7.96V/2.52A/峰2.93 补余=0.0 IO错=0 倾+0.0 自动2/3
[  399.470] EVT 相位 L2 lift→transfer
[  399.717] TLM t= 266.4 L1·A@-74 L2Tr@-- L3·A@-75 R1·A@-74 R2·A@-68 R3·A@-63 罐=无罐 泵=0 阀=101111 速=+0,+0,+0.00 电=7.95V/2.69A/峰2.93 补余=0.0 IO错=0 倾+0.0 自动2/3
[  400.084] EVT 相位 L2 transfer→hover
[  400.241] TLM t= 266.4 L1·A@-74 L2Hr@-- L3·A@-75 R1·A@-74 R2·A@-67 R3·A@-63 罐=无罐 泵=0 阀=101111 速=+0,+0,+0.00 电=7.96V/2.28A/峰2.93 补余=0.0 IO错=0 倾+0.0 自动2/3
[  400.744] TLM t= 266.4 L1·A@-74 L2Hr@-- L3·A@-75 R1·A@-74 R2·A@-67 R3·A@-62 罐=无罐 泵=0 阀=101111 速=+0,+0,+0.00 电=7.98V/2.28A/峰2.93 补余=0.0 IO错=0 倾+0.0 自动2/3
[  401.097] EVT 落地：L2
[  401.109] EVT 相位 L2 hover→descend
[  401.264] TLM t= 266.4 L1·A@-74 L2Dr@-- L3·A@-75 R1·A@-74 R2·A@-67 R3·A@-62 罐=无罐 泵=0 阀=101111 速=+0,+0,+0.00 电=7.98V/2.60A/峰2.93 补余=0.0 IO错=0 倾+0.0 自动2/3
[  401.594] EVT 相位 L2 descend→press
[  401.770] TLM t= 266.4 L1·A@-74 L2Pr@-- L3·A@-75 R1·A@-74 R2·A@-66 R3·A@-61 罐=无罐 泵=0 阀=101111 速=+0,+0,+0.00 电=7.97V/2.20A/峰2.93 补余=0.0 IO错=0 倾+0.0 自动2/3
[  402.288] TLM t= 266.4 L1·A@-74 L2Pr@-- L3·A@-75 R1·A@-74 R2·A@-66 R3·A@-61 罐=无罐 泵=0 阀=101111 速=+0,+0,+0.00 电=7.99V/2.44A/峰2.93 补余=0.0 IO错=0 倾+0.0 自动2/3
[  402.796] TLM t= 266.4 L1·A@-74 L2Pr@-- L3·A@-74 R1·A@-74 R2·A@-66 R3·A@-60 罐=无罐 泵=0 阀=101111 速=+0,+0,+0.00 电=7.98V/2.44A/峰2.93 补余=0.0 IO错=0 倾+0.0 自动2/3
[  402.797] EVT 吸附 L2 released→pressing 在态4.02s 0.2kPa
[  402.797] EVT 相位 L2 press→wait
[  403.025] EVT 泵 开 最差盘压-60.0
[  403.123] EVT 吸附 L2 pressing→sucking 在态0.32s 0.2kPa
[  403.123] EVT 阀 L2 →抽气位
[  403.314] TLM t= 266.4 L1·A@-73 L2Ws@-47 L3·A@-74 R1·A@-74 R2·A@-65 R3·A@-60 罐=无罐 泵=1 阀=111111 速=+0,+0,+0.00 电=7.91V/2.36A/峰2.93 补余=0.0 IO错=0 倾+0.0 自动2/3
[  403.422] EVT 吸附 L2 sucking→attached 在态0.30s -57.7kPa
[  403.425] EVT 相位 L2 wait→stance
[  403.425] EVT 抬落完成，轮到 R3
[  403.425] EVT 自动轮换：第 2 轮完成
[  403.820] TLM t= 266.8 L1·A@-73 L2·A@-72 L3·A@-74 R1·A@-74 R2·A@-72 R3·A@-71 罐=无罐 泵=1 阀=111111 速=+0,+0,+0.00 电=7.96V/2.36A/峰2.93 补余=0.0 IO错=0 倾+0.0 自动3/3
[  404.339] TLM t= 267.3 L1·A@-77 L2·A@-77 L3·A@-77 R1·A@-74 R2·A@-77 R3·A@-77 罐=无罐 泵=1 阀=111111 速=+0,+0,+0.00 电=7.98V/2.44A/峰2.93 补余=0.0 IO错=0 倾+0.0 自动3/3
[  404.352] EVT 泵 停 最差盘压-75.9
[  404.842] TLM t= 267.8 L1·A@-77 L2·A@-77 L3·A@-77 R1·A@-77 R2·A@-77 R3·A@-77 罐=无罐 泵=0 阀=111111 速=+0,+0,+0.00 电=7.98V/2.28A/峰2.93 补余=0.0 IO错=0 倾+0.0 自动3/3
[  405.362] TLM t= 268.3 L1·A@-77 L2·A@-77 L3·A@-77 R1·A@-77 R2·A@-76 R3·A@-76 罐=无罐 泵=0 阀=111111 速=+0,+0,+0.00 电=7.99V/2.36A/峰2.93 补余=0.0 IO错=0 倾+0.0 自动3/3
[  405.867] TLM t= 268.8 L1·A@-77 L2·A@-76 L3·A@-77 R1·A@-76 R2·A@-76 R3·A@-76 罐=无罐 泵=0 阀=111111 速=+0,+0,+0.00 电=7.99V/2.44A/峰2.93 补余=0.0 IO错=0 倾+0.0 自动3/3
[  406.385] TLM t= 269.3 L1·A@-77 L2·A@-76 L3·A@-77 R1·A@-76 R2·A@-76 R3·A@-75 罐=无罐 泵=0 阀=111111 速=+0,+0,+0.00 电=7.99V/2.20A/峰2.93 补余=0.0 IO错=0 倾+0.0 自动3/3
[  406.893] TLM t= 269.8 L1·A@-77 L2·A@-75 L3·A@-77 R1·A@-76 R2·A@-75 R3·A@-75 罐=无罐 泵=0 阀=111111 速=+0,+0,+0.00 电=7.98V/2.28A/峰2.93 补余=0.0 IO错=0 倾+0.0 自动3/3
[  407.408] TLM t= 270.4 L1·A@-77 L2·A@-75 L3·A@-77 R1·A@-76 R2·A@-75 R3·A@-74 罐=无罐 泵=0 阀=111111 速=+0,+0,+0.00 电=8.00V/2.36A/峰2.93 补余=0.0 IO错=0 倾+0.0 自动3/3
[  407.912] TLM t= 270.9 L1·A@-77 L2·A@-74 L3·A@-77 R1·A@-76 R2·A@-74 R3·A@-73 罐=无罐 泵=0 阀=111111 速=+0,+0,+0.00 电=8.00V/2.28A/峰2.93 补余=0.0 IO错=0 倾+0.0 自动3/3
[  408.430] TLM t= 271.4 L1·A@-76 L2·A@-74 L3·A@-77 R1·A@-76 R2·A@-74 R3·A@-73 罐=无罐 泵=0 阀=111111 速=+0,+0,+0.00 电=7.96V/2.12A/峰2.93 补余=0.0 IO错=0 倾+0.0 自动3/3
[  408.941] TLM t= 271.9 L1·A@-76 L2·A@-73 L3·A@-77 R1·A@-76 R2·A@-74 R3·A@-72 罐=无罐 泵=0 阀=111111 速=+0,+0,+0.00 电=7.98V/2.28A/峰2.93 补余=0.0 IO错=0 倾+0.0 自动3/3
[  409.457] TLM t= 272.4 L1·A@-76 L2·A@-73 L3·A@-77 R1·A@-76 R2·A@-73 R3·A@-72 罐=无罐 泵=0 阀=111111 速=+0,+0,+0.00 电=7.98V/2.36A/峰2.93 补余=0.0 IO错=0 倾+0.0 自动3/3
[  409.961] TLM t= 272.9 L1·A@-76 L2·A@-73 L3·A@-77 R1·A@-76 R2·A@-73 R3·A@-71 罐=无罐 泵=0 阀=111111 速=+0,+0,+0.00 电=7.98V/2.44A/峰2.93 补余=0.0 IO错=0 倾+0.0 自动3/3
[  410.481] TLM t= 273.4 L1·A@-76 L2·A@-72 L3·A@-77 R1·A@-76 R2·A@-73 R3·A@-71 罐=无罐 泵=0 阀=111111 速=+0,+0,+0.00 电=7.98V/2.20A/峰2.93 补余=0.0 IO错=0 倾+0.0 自动3/3
[  410.983] TLM t= 273.9 L1·A@-76 L2·A@-72 L3·A@-76 R1·A@-76 R2·A@-72 R3·A@-70 罐=无罐 泵=0 阀=111111 速=+0,+0,+0.00 电=7.96V/2.44A/峰2.93 补余=0.0 IO错=0 倾+0.0 自动3/3
[  411.501] TLM t= 274.4 L1·A@-76 L2·A@-71 L3·A@-76 R1·A@-76 R2·A@-72 R3·A@-69 罐=无罐 泵=0 阀=111111 速=+0,+0,+0.00 电=7.98V/2.36A/峰2.93 补余=0.0 IO错=0 倾+0.0 自动3/3
[  412.010] TLM t= 274.9 L1·A@-76 L2·A@-71 L3·A@-76 R1·A@-76 R2·A@-72 R3·A@-69 罐=无罐 泵=0 阀=111111 速=+0,+0,+0.00 电=7.98V/2.20A/峰2.93 补余=0.0 IO错=0 倾+0.0 自动3/3
[  412.525] TLM t= 275.5 L1·A@-76 L2·A@-71 L3·A@-76 R1·A@-76 R2·A@-71 R3·A@-68 罐=无罐 泵=0 阀=111111 速=+0,+0,+0.00 电=7.98V/2.44A/峰2.93 补余=0.0 IO错=0 倾+0.0 自动3/3
[  413.032] TLM t= 276.0 L1·A@-76 L2·A@-70 L3·A@-76 R1·A@-76 R2·A@-71 R3·A@-68 罐=无罐 泵=0 阀=111111 速=+0,+0,+0.00 电=7.98V/2.20A/峰2.93 补余=0.0 IO错=0 倾+0.0 自动3/3
[  413.550] TLM t= 276.5 L1·A@-76 L2·A@-70 L3·A@-76 R1·A@-76 R2·A@-71 R3·A@-67 罐=无罐 泵=0 阀=111111 速=+0,+0,+0.00 电=7.99V/2.28A/峰2.93 补余=0.0 IO错=0 倾+0.0 自动3/3
[  414.052] TLM t= 277.0 L1·A@-75 L2·A@-69 L3·A@-76 R1·A@-76 R2·A@-70 R3·A@-67 罐=无罐 泵=0 阀=111111 速=+0,+0,+0.00 电=7.98V/2.36A/峰2.93 补余=0.0 IO错=0 倾+0.0 自动3/3
[  414.573] TLM t= 277.5 L1·A@-75 L2·A@-69 L3·A@-76 R1·A@-76 R2·A@-70 R3·A@-66 罐=无罐 泵=0 阀=111111 速=+0,+0,+0.00 电=7.97V/2.36A/峰2.93 补余=0.0 IO错=0 倾+0.0 自动3/3
[  415.080] TLM t= 278.0 L1·A@-75 L2·A@-69 L3·A@-76 R1·A@-76 R2·A@-70 R3·A@-66 罐=无罐 泵=0 阀=111111 速=+0,+0,+0.00 电=7.98V/2.44A/峰2.93 补余=0.0 IO错=0 倾+0.0 自动3/3
[  415.598] TLM t= 278.5 L1·A@-75 L2·A@-68 L3·A@-76 R1·A@-76 R2·A@-69 R3·A@-65 罐=无罐 泵=0 阀=111111 速=+0,+0,+0.00 电=7.98V/2.44A/峰2.93 补余=0.0 IO错=0 倾+0.0 自动3/3
[  416.100] TLM t= 279.0 L1·A@-75 L2·A@-68 L3·A@-76 R1·A@-76 R2·A@-69 R3·A@-65 罐=无罐 泵=0 阀=111111 速=+0,+0,+0.00 电=7.97V/2.60A/峰2.93 补余=0.0 IO错=0 倾+0.0 自动3/3
[  416.620] TLM t= 279.5 L1·A@-75 L2·A@-68 L3·A@-76 R1·A@-76 R2·A@-69 R3·A@-64 罐=无罐 泵=0 阀=111111 速=+0,+0,+0.00 电=7.99V/2.44A/峰2.93 补余=0.0 IO错=0 倾+0.0 自动3/3
[  417.123] TLM t= 280.0 L1·A@-75 L2·A@-67 L3·A@-76 R1·A@-76 R2·A@-68 R3·A@-64 罐=无罐 泵=0 阀=111111 速=+0,+0,+0.00 电=7.97V/2.36A/峰2.93 补余=0.0 IO错=0 倾+0.0 自动3/3
[  417.645] TLM t= 280.6 L1·A@-75 L2·A@-67 L3·A@-76 R1·A@-76 R2·A@-68 R3·A@-63 罐=无罐 泵=0 阀=111111 速=+0,+0,+0.00 电=7.98V/2.52A/峰2.93 补余=0.0 IO错=0 倾+0.0 自动3/3
[  418.149] TLM t= 281.1 L1·A@-75 L2·A@-66 L3·A@-76 R1·A@-76 R2·A@-68 R3·A@-63 罐=无罐 泵=0 阀=111111 速=+0,+0,+0.00 电=7.97V/2.20A/峰2.93 补余=0.0 IO错=0 倾+0.0 自动3/3
[  418.440] EVT 自动轮换：第 3 轮开始
[  418.455] EVT 原地抬起受理：R3
[  418.478] EVT 相位 R3 stance→handover
[  418.666] TLM t= 284.6 L1·A@-75 L2·A@-66 L3·A@-76 R1·A@-76 R2·A@-67 R3ZA@-62 罐=无罐 泵=0 阀=111111 速=+0,+0,+0.00 电=7.99V/1.95A/峰2.93 补余=0.0 IO错=0 倾+0.0 自动3/3
[  419.172] TLM t= 285.0 L1·A@-74 L2·A@-66 L3·A@-75 R1·A@-76 R2·A@-67 R3ZA@-62 罐=无罐 泵=0 阀=111111 速=+0,+0,+0.00 电=8.01V/1.79A/峰2.93 补余=0.0 IO错=0 倾+0.0 自动3/3
[  419.561] EVT 吸附 R3 attached→venting 在态98.48s -61.1kPa
[  419.561] EVT 相位 R3 handover→vent 落点Δ(+0.0,+0.0)
[  419.584] EVT 阀 R3 →排气位
[  419.691] TLM t= 285.0 L1·A@-74 L2·A@-65 L3·A@-75 R1·A@-75 R2·A@-67 R3Vv@-61 罐=无罐 泵=0 阀=111110 速=+0,+0,+0.00 电=7.99V/1.95A/峰2.93 补余=0.0 IO错=0 倾+0.0 自动3/3
[  419.862] EVT 相位 R3 vent→lift
[  419.985] EVT 吸附 R3 venting→released 在态0.42s 0.2kPa
[  420.195] TLM t= 285.0 L1·A@-74 L2·A@-65 L3·A@-75 R1·A@-75 R2·A@-66 R3Lr@-- 罐=无罐 泵=0 阀=111110 速=+0,+0,+0.00 电=7.98V/2.04A/峰2.93 补余=0.0 IO错=0 倾+0.0 自动3/3
[  420.704] EVT 相位 R3 lift→transfer
[  420.715] TLM t= 285.0 L1·A@-74 L2·A@-65 L3·A@-75 R1·A@-75 R2·A@-66 R3Tr@-- 罐=无罐 泵=0 阀=111110 速=+0,+0,+0.00 电=7.97V/2.28A/峰2.93 补余=0.0 IO错=0 倾+0.0 自动3/3
[  421.230] TLM t= 285.0 L1·A@-74 L2·A@-64 L3·A@-75 R1·A@-75 R2·A@-66 R3Tr@-- 罐=无罐 泵=0 阀=111110 速=+0,+0,+0.00 电=7.95V/2.44A/峰2.93 补余=0.0 IO错=0 倾+0.0 自动3/3
[  421.329] EVT 相位 R3 transfer→hover
[  421.737] TLM t= 285.0 L1·A@-74 L2·A@-64 L3·A@-75 R1·A@-75 R2·A@-65 R3Hr@-- 罐=无罐 泵=0 阀=111110 速=+0,+0,+0.00 电=7.98V/2.12A/峰2.93 补余=0.0 IO错=0 倾+0.0 自动3/3
[  422.247] TLM t= 285.0 L1·A@-74 L2·A@-64 L3·A@-75 R1·A@-75 R2·A@-65 R3Hr@-- 罐=无罐 泵=0 阀=111110 速=+0,+0,+0.00 电=7.97V/2.12A/峰2.93 补余=0.0 IO错=0 倾+0.0 自动3/3
[  422.333] EVT 落地：R3
[  422.356] EVT 相位 R3 hover→descend
[  422.764] TLM t= 285.0 L1·A@-74 L2·A@-63 L3·A@-75 R1·A@-75 R2·A@-65 R3Dr@-- 罐=无罐 泵=0 阀=111110 速=+0,+0,+0.00 电=7.98V/2.12A/峰2.93 补余=0.0 IO错=0 倾+0.0 自动3/3
[  422.837] EVT 相位 R3 descend→press
[  423.266] TLM t= 285.0 L1·A@-74 L2·A@-63 L3·A@-75 R1·A@-75 R2·A@-64 R3Pr@-- 罐=无罐 泵=0 阀=111110 速=+0,+0,+0.00 电=7.97V/2.12A/峰2.93 补余=0.0 IO错=0 倾+0.0 自动3/3
[  423.785] TLM t= 285.0 L1·A@-74 L2·A@-62 L3·A@-75 R1·A@-75 R2·A@-64 R3Pr@-- 罐=无罐 泵=0 阀=111110 速=+0,+0,+0.00 电=7.95V/2.44A/峰2.93 补余=0.0 IO错=0 倾+0.0 自动3/3
[  424.040] EVT 吸附 R3 released→pressing 在态4.04s 0.2kPa
[  424.041] EVT 相位 R3 press→wait
[  424.289] TLM t= 285.0 L1·A@-73 L2·A@-62 L3·A@-75 R1·A@-75 R2·A@-64 R3Wp@-- 罐=无罐 泵=0 阀=111110 速=+0,+0,+0.00 电=7.99V/2.20A/峰2.93 补余=0.0 IO错=0 倾+0.0 自动3/3
[  424.354] EVT 吸附 R3 pressing→sucking 在态0.32s 0.2kPa
[  424.354] EVT 阀 R3 →抽气位
[  424.382] EVT 泵 开 最差盘压-62.1
[  424.715] EVT 吸附 R3 sucking→attached 在态0.36s -53.3kPa
[  424.715] EVT 相位 R3 wait→stance
[  424.715] EVT 抬落完成，轮到 L1
[  424.812] TLM t= 285.1 L1·A@-73 L2·A@-62 L3·A@-75 R1·A@-75 R2·A@-63 R3·A@-61 罐=无罐 泵=1 阀=111111 速=+0,+0,+0.00 电=7.96V/2.12A/峰2.93 补余=0.0 IO错=0 倾+0.0 自动3/3
[  425.314] TLM t= 285.6 L1·A@-74 L2·A@-74 L3·A@-75 R1·A@-75 R2·A@-74 R3·A@-74 罐=无罐 泵=1 阀=111111 速=+0,+0,+0.00 电=7.90V/2.36A/峰2.93 补余=0.0 IO错=0 倾+0.0 自动3/3
[  425.526] EVT 泵 停 最差盘压-75.0
[  425.837] TLM t= 286.1 L1·A@-76 L2·A@-76 L3·A@-76 R1·A@-76 R2·A@-76 R3·A@-76 罐=无罐 泵=0 阀=111111 速=+0,+0,+0.00 电=7.98V/2.04A/峰2.93 补余=0.0 IO错=0 倾+0.0 自动3/3
[  426.344] TLM t= 286.6 L1·A@-76 L2·A@-76 L3·A@-76 R1·A@-76 R2·A@-75 R3·A@-76 罐=无罐 泵=0 阀=111111 速=+0,+0,+0.00 电=7.98V/2.12A/峰2.93 补余=0.0 IO错=0 倾+0.0 自动3/3
[  426.863] TLM t= 287.1 L1·A@-76 L2·A@-76 L3·A@-76 R1·A@-76 R2·A@-75 R3·A@-75 罐=无罐 泵=0 阀=111111 速=+0,+0,+0.00 电=7.97V/1.95A/峰2.93 补余=0.0 IO错=0 倾+0.0 自动3/3
[  427.365] TLM t= 287.6 L1·A@-76 L2·A@-75 L3·A@-76 R1·A@-76 R2·A@-75 R3·A@-74 罐=无罐 泵=0 阀=111111 速=+0,+0,+0.00 电=7.99V/2.20A/峰2.93 补余=0.0 IO错=0 倾+0.0 自动3/3
[  427.887] TLM t= 288.1 L1·A@-76 L2·A@-75 L3·A@-76 R1·A@-75 R2·A@-74 R3·A@-74 罐=无罐 泵=0 阀=111111 速=+0,+0,+0.00 电=7.97V/2.20A/峰2.93 补余=0.0 IO错=0 倾+0.0 自动3/3
[  428.393] TLM t= 288.6 L1·A@-76 L2·A@-74 L3·A@-76 R1·A@-75 R2·A@-74 R3·A@-73 罐=无罐 泵=0 阀=111111 速=+0,+0,+0.00 电=7.99V/2.04A/峰2.93 补余=0.0 IO错=0 倾+0.0 自动3/3
[  428.913] TLM t= 289.2 L1·A@-76 L2·A@-74 L3·A@-76 R1·A@-75 R2·A@-74 R3·A@-72 罐=无罐 泵=0 阀=111111 速=+0,+0,+0.00 电=7.98V/2.04A/峰2.93 补余=0.0 IO错=0 倾+0.0 自动3/3
[  429.419] TLM t= 289.7 L1·A@-76 L2·A@-73 L3·A@-76 R1·A@-75 R2·A@-73 R3·A@-72 罐=无罐 泵=0 阀=111111 速=+0,+0,+0.00 电=7.99V/2.12A/峰2.93 补余=0.0 IO错=0 倾+0.0 自动3/3
[  429.939] TLM t= 290.2 L1·A@-76 L2·A@-73 L3·A@-76 R1·A@-75 R2·A@-73 R3·A@-71 罐=无罐 泵=0 阀=111111 速=+0,+0,+0.00 电=7.99V/2.12A/峰2.93 补余=0.0 IO错=0 倾+0.0 自动3/3
[  430.441] TLM t= 290.7 L1·A@-75 L2·A@-73 L3·A@-76 R1·A@-75 R2·A@-72 R3·A@-71 罐=无罐 泵=0 阀=111111 速=+0,+0,+0.00 电=7.97V/2.04A/峰2.93 补余=0.0 IO错=0 倾+0.0 自动3/3
[  430.966] TLM t= 291.2 L1·A@-75 L2·A@-72 L3·A@-76 R1·A@-75 R2·A@-72 R3·A@-70 罐=无罐 泵=0 阀=111111 速=+0,+0,+0.00 电=7.99V/2.20A/峰2.93 补余=0.0 IO错=0 倾+0.0 自动3/3
[  431.472] TLM t= 291.7 L1·A@-75 L2·A@-72 L3·A@-76 R1·A@-75 R2·A@-72 R3·A@-70 罐=无罐 泵=0 阀=111111 速=+0,+0,+0.00 电=7.99V/2.04A/峰2.93 补余=0.0 IO错=0 倾+0.0 自动3/3
[  431.991] TLM t= 292.2 L1·A@-75 L2·A@-71 L3·A@-76 R1·A@-75 R2·A@-71 R3·A@-69 罐=无罐 泵=0 阀=111111 速=+0,+0,+0.00 电=7.99V/2.28A/峰2.93 补余=0.0 IO错=0 倾+0.0 自动3/3
[  432.494] TLM t= 292.7 L1·A@-75 L2·A@-71 L3·A@-75 R1·A@-75 R2·A@-71 R3·A@-69 罐=无罐 泵=0 阀=111111 速=+0,+0,+0.00 电=7.97V/2.20A/峰2.93 补余=0.0 IO错=0 倾+0.0 自动3/3
[  433.015] TLM t= 293.2 L1·A@-75 L2·A@-71 L3·A@-75 R1·A@-75 R2·A@-71 R3·A@-68 罐=无罐 泵=0 阀=111111 速=+0,+0,+0.00 电=7.97V/2.12A/峰2.93 补余=0.0 IO错=0 倾+0.0 自动3/3
[  433.522] TLM t= 293.7 L1·A@-75 L2·A@-70 L3·A@-75 R1·A@-75 R2·A@-70 R3·A@-67 罐=无罐 泵=0 阀=111111 速=+0,+0,+0.00 电=7.98V/2.28A/峰2.93 补余=0.0 IO错=0 倾+0.0 自动3/3
[  434.043] TLM t= 294.3 L1·A@-75 L2·A@-70 L3·A@-75 R1·A@-75 R2·A@-70 R3·A@-67 罐=无罐 泵=0 阀=111111 速=+0,+0,+0.00 电=7.98V/2.12A/峰2.93 补余=0.0 IO错=0 倾+0.0 自动3/3
[  434.547] TLM t= 294.8 L1·A@-75 L2·A@-70 L3·A@-75 R1·A@-75 R2·A@-70 R3·A@-66 罐=无罐 泵=0 阀=111111 速=+0,+0,+0.00 电=7.97V/2.04A/峰2.93 补余=0.0 IO错=0 倾+0.0 自动3/3
[  434.730] EVT 原地抬起受理：L1
[  434.758] EVT 相位 L1 stance→handover
[  435.069] TLM t= 296.1 L1ZA@-74 L2·A@-69 L3·A@-75 R1·A@-75 R2·A@-69 R3·A@-66 罐=无罐 泵=0 阀=111111 速=+0,+0,+0.00 电=8.01V/1.63A/峰2.93 补余=0.0 IO错=0 倾+0.0 自动3/3
[  435.574] TLM t= 296.4 L1ZA@-74 L2·A@-69 L3·A@-75 R1·A@-75 R2·A@-69 R3·A@-65 罐=无罐 泵=0 阀=111111 速=+0,+0,+0.00 电=8.01V/1.71A/峰2.93 补余=0.0 IO错=0 倾+0.0 自动3/3
[  436.096] TLM t= 296.4 L1ZA@-74 L2·A@-68 L3·A@-75 R1·A@-75 R2·A@-69 R3·A@-65 罐=无罐 泵=0 阀=111111 速=+0,+0,+0.00 电=8.00V/1.95A/峰2.93 补余=0.0 IO错=0 倾+0.0 自动3/3
[  436.302] EVT 吸附 L1 attached→venting 在态98.40s -74.2kPa
[  436.302] EVT 相位 L1 handover→vent 落点Δ(+0.0,+0.0)
[  436.327] EVT 阀 L1 →排气位
[  436.600] TLM t= 296.4 L1Vv@-74 L2·A@-68 L3·A@-75 R1·A@-75 R2·A@-68 R3·A@-64 罐=无罐 泵=0 阀=011111 速=+0,+0,+0.00 电=7.95V/2.28A/峰2.93 补余=0.0 IO错=0 倾+0.0 自动3/3
[  436.603] EVT 相位 L1 vent→lift
[  436.725] EVT 吸附 L1 venting→released 在态0.42s 0.0kPa
[  437.118] TLM t= 296.4 L1Lr@-- L2·A@-68 L3·A@-75 R1·A@-75 R2·A@-68 R3·A@-63 罐=无罐 泵=0 阀=011111 速=+0,+0,+0.00 电=7.97V/2.36A/峰2.93 补余=0.0 IO错=0 倾+0.0 自动3/3
[  437.445] EVT 相位 L1 lift→transfer
[  437.621] TLM t= 296.4 L1Tr@-- L2·A@-67 L3·A@-75 R1·A@-75 R2·A@-68 R3·A@-63 罐=无罐 泵=0 阀=011111 速=+0,+0,+0.00 电=7.95V/2.44A/峰2.93 补余=0.0 IO错=0 倾+0.0 自动3/3
[  438.072] EVT 相位 L1 transfer→hover
[  438.139] TLM t= 296.4 L1Hr@-- L2·A@-67 L3·A@-75 R1·A@-75 R2·A@-67 R3·A@-62 罐=无罐 泵=0 阀=011111 速=+0,+0,+0.00 电=7.97V/2.20A/峰2.93 补余=0.0 IO错=0 倾+0.0 自动3/3
[  438.648] TLM t= 296.4 L1Hr@-- L2·A@-66 L3·A@-75 R1·A@-75 R2·A@-67 R3·A@-62 罐=无罐 泵=0 阀=011111 速=+0,+0,+0.00 电=7.98V/2.12A/峰2.93 补余=0.0 IO错=0 倾+0.0 自动3/3
[  439.095] EVT 落地：L1
[  439.118] EVT 相位 L1 hover→descend
[  439.166] TLM t= 296.4 L1Dr@-- L2·A@-66 L3·A@-75 R1·A@-75 R2·A@-67 R3·A@-61 罐=无罐 泵=0 阀=011111 速=+0,+0,+0.00 电=7.96V/2.36A/峰2.93 补余=0.0 IO错=0 倾+0.0 自动3/3
[  439.600] EVT 相位 L1 descend→press
[  439.670] TLM t= 296.4 L1Pr@-- L2·A@-66 L3·A@-75 R1·A@-75 R2·A@-66 R3·A@-61 罐=无罐 泵=0 阀=011111 速=+0,+0,+0.00 电=7.96V/2.20A/峰2.93 补余=0.0 IO错=0 倾+0.0 自动3/3
[  440.188] TLM t= 296.4 L1Pr@-- L2·A@-65 L3·A@-74 R1·A@-75 R2·A@-66 R3·A@-60 罐=无罐 泵=0 阀=011111 速=+0,+0,+0.00 电=7.94V/2.36A/峰2.93 补余=0.0 IO错=0 倾+0.0 自动3/3
[  440.420] EVT 泵 开 最差盘压-60.0
[  440.692] TLM t= 296.4 L1Pr@-- L2·A@-65 L3·A@-74 R1·A@-74 R2·A@-66 R3·A@-60 罐=无罐 泵=1 阀=011111 速=+0,+0,+0.00 电=7.93V/2.20A/峰2.93 补余=0.0 IO错=0 倾+0.0 自动3/3
[  440.803] EVT 吸附 L1 released→pressing 在态4.06s 0.0kPa
[  440.804] EVT 相位 L1 press→wait
[  441.117] EVT 吸附 L1 pressing→sucking 在态0.32s 0.0kPa
[  441.117] EVT 阀 L1 →抽气位
[  441.215] TLM t= 296.4 L1Ws@-12 L2·A@-74 L3·A@-74 R1·A@-74 R2·A@-74 R3·A@-74 罐=无罐 泵=1 阀=111111 速=+0,+0,+0.00 电=7.89V/2.20A/峰2.93 补余=0.0 IO错=0 倾+0.0 自动3/3
[  441.541] EVT 吸附 L1 sucking→attached 在态0.42s -67.9kPa
[  441.541] EVT 相位 L1 wait→stance
[  441.541] EVT 抬落完成，轮到 R2
[  441.719] TLM t= 296.6 L1·A@-73 L2·A@-74 L3·A@-74 R1·A@-74 R2·A@-74 R3·A@-73 罐=无罐 泵=1 阀=111111 速=+0,+0,+0.00 电=7.98V/2.20A/峰2.93 补余=0.0 IO错=0 倾+0.0 自动3/3
[  442.010] EVT 泵 停 最差盘压-75.4
[  442.240] TLM t= 297.1 L1·A@-77 L2·A@-77 L3·A@-77 R1·A@-76 R2·A@-76 R3·A@-77 罐=无罐 泵=0 阀=111111 速=+0,+0,+0.00 电=7.98V/2.20A/峰2.93 补余=0.0 IO错=0 倾+0.0 自动3/3
[  442.745] TLM t= 297.6 L1·A@-76 L2·A@-76 L3·A@-77 R1·A@-76 R2·A@-76 R3·A@-76 罐=无罐 泵=0 阀=111111 速=+0,+0,+0.00 电=7.98V/2.12A/峰2.93 补余=0.0 IO错=0 倾+0.0 自动3/3
[  443.266] TLM t= 298.1 L1·A@-76 L2·A@-76 L3·A@-76 R1·A@-76 R2·A@-75 R3·A@-75 罐=无罐 泵=0 阀=111111 速=+0,+0,+0.00 电=7.97V/2.28A/峰2.93 补余=0.0 IO错=0 倾+0.0 自动3/3
[  443.771] TLM t= 298.6 L1·A@-76 L2·A@-75 L3·A@-76 R1·A@-76 R2·A@-75 R3·A@-75 罐=无罐 泵=0 阀=111111 速=+0,+0,+0.00 电=7.98V/2.20A/峰2.93 补余=0.0 IO错=0 倾+0.0 自动3/3
[  444.296] TLM t= 299.1 L1·A@-76 L2·A@-75 L3·A@-76 R1·A@-76 R2·A@-75 R3·A@-74 罐=无罐 泵=0 阀=111111 速=+0,+0,+0.00 电=7.97V/2.20A/峰2.93 补余=0.0 IO错=0 倾+0.0 自动3/3
[  444.802] TLM t= 299.6 L1·A@-76 L2·A@-75 L3·A@-76 R1·A@-76 R2·A@-74 R3·A@-74 罐=无罐 泵=0 阀=111111 速=+0,+0,+0.00 电=7.96V/2.20A/峰2.93 补余=0.0 IO错=0 倾+0.0 自动3/3
[  445.323] TLM t= 300.1 L1·A@-76 L2·A@-74 L3·A@-76 R1·A@-76 R2·A@-74 R3·A@-73 罐=无罐 泵=0 阀=111111 速=+0,+0,+0.00 电=7.97V/2.60A/峰2.93 补余=0.0 IO错=0 倾+0.0 自动3/3
[  445.828] TLM t= 300.6 L1·A@-75 L2·A@-74 L3·A@-76 R1·A@-76 R2·A@-74 R3·A@-72 罐=无罐 泵=0 阀=111111 速=+0,+0,+0.00 电=7.99V/2.20A/峰2.93 补余=0.0 IO错=0 倾+0.0 自动3/3
[  446.347] TLM t= 301.2 L1·A@-75 L2·A@-73 L3·A@-76 R1·A@-76 R2·A@-73 R3·A@-72 罐=无罐 泵=0 阀=111111 速=+0,+0,+0.00 电=7.97V/2.28A/峰2.93 补余=0.0 IO错=0 倾+0.0 自动3/3
[  446.849] TLM t= 301.7 L1·A@-75 L2·A@-73 L3·A@-76 R1·A@-76 R2·A@-73 R3·A@-71 罐=无罐 泵=0 阀=111111 速=+0,+0,+0.00 电=7.97V/2.12A/峰2.93 补余=0.0 IO错=0 倾+0.0 自动3/3
[  447.374] TLM t= 302.2 L1·A@-75 L2·A@-73 L3·A@-76 R1·A@-76 R2·A@-73 R3·A@-71 罐=无罐 泵=0 阀=111111 速=+0,+0,+0.00 电=7.99V/2.36A/峰2.93 补余=0.0 IO错=0 倾+0.0 自动3/3
[  447.879] TLM t= 302.7 L1·A@-75 L2·A@-72 L3·A@-76 R1·A@-75 R2·A@-72 R3·A@-70 罐=无罐 泵=0 阀=111111 速=+0,+0,+0.00 电=7.98V/2.28A/峰2.93 补余=0.0 IO错=0 倾+0.0 自动3/3
[  448.398] TLM t= 303.2 L1·A@-75 L2·A@-72 L3·A@-76 R1·A@-75 R2·A@-72 R3·A@-70 罐=无罐 泵=0 阀=111111 速=+0,+0,+0.00 电=7.97V/2.28A/峰2.93 补余=0.0 IO错=0 倾+0.0 自动3/3
[  448.901] TLM t= 303.7 L1·A@-75 L2·A@-71 L3·A@-76 R1·A@-75 R2·A@-71 R3·A@-69 罐=无罐 泵=0 阀=111111 速=+0,+0,+0.00 电=7.97V/2.20A/峰2.93 补余=0.0 IO错=0 倾+0.0 自动3/3
[  449.422] TLM t= 304.2 L1·A@-75 L2·A@-71 L3·A@-76 R1·A@-75 R2·A@-71 R3·A@-69 罐=无罐 泵=0 阀=111111 速=+0,+0,+0.00 电=7.99V/2.20A/峰2.93 补余=0.0 IO错=0 倾+0.0 自动3/3
[  449.926] TLM t= 304.7 L1·A@-75 L2·A@-71 L3·A@-75 R1·A@-75 R2·A@-71 R3·A@-68 罐=无罐 泵=0 阀=111111 速=+0,+0,+0.00 电=7.98V/2.36A/峰2.93 补余=0.0 IO错=0 倾+0.0 自动3/3
[  450.448] TLM t= 305.2 L1·A@-74 L2·A@-70 L3·A@-75 R1·A@-75 R2·A@-70 R3·A@-67 罐=无罐 泵=0 阀=111111 速=+0,+0,+0.00 电=7.97V/2.28A/峰2.93 补余=0.0 IO错=0 倾+0.0 自动3/3
[  450.951] TLM t= 305.7 L1·A@-74 L2·A@-70 L3·A@-75 R1·A@-75 R2·A@-70 R3·A@-67 罐=无罐 泵=0 阀=111111 速=+0,+0,+0.00 电=7.97V/2.20A/峰2.93 补余=0.0 IO错=0 倾+0.0 自动3/3
[  451.473] TLM t= 306.3 L1·A@-74 L2·A@-70 L3·A@-75 R1·A@-75 R2·A@-70 R3·A@-66 罐=无罐 泵=0 阀=111111 速=+0,+0,+0.00 电=7.98V/2.20A/峰2.93 补余=0.0 IO错=0 倾+0.0 自动3/3
[  451.561] EVT 原地抬起受理：R2
[  451.588] EVT 相位 R2 stance→handover
[  451.977] TLM t= 307.6 L1·A@-74 L2·A@-69 L3·A@-75 R1·A@-75 R2ZA@-69 R3·A@-66 罐=无罐 泵=0 阀=111111 速=+0,+0,+0.00 电=7.95V/2.36A/峰2.93 补余=0.0 IO错=0 倾+0.0 自动3/3
[  452.499] TLM t= 307.8 L1·A@-74 L2·A@-69 L3·A@-75 R1·A@-75 R2ZA@-69 R3·A@-65 罐=无罐 泵=0 阀=111111 速=+0,+0,+0.00 电=7.98V/2.12A/峰2.93 补余=0.0 IO错=0 倾+0.0 自动3/3
[  452.672] EVT 吸附 R2 attached→venting 在态98.64s -68.8kPa
[  452.673] EVT 相位 R2 handover→vent 落点Δ(+0.0,+0.0)
[  452.690] EVT 阀 R2 →排气位
[  452.974] EVT 相位 R2 vent→lift
[  452.998] TLM t= 307.8 L1·A@-74 L2·A@-68 L3·A@-75 R1·A@-75 R2Lv@-69 R3·A@-65 罐=无罐 泵=0 阀=111101 速=+0,+0,+0.00 电=7.97V/2.20A/峰2.93 补余=0.0 IO错=0 倾+0.0 自动3/3
[  453.113] EVT 吸附 R2 venting→released 在态0.44s -0.1kPa
[  453.522] TLM t= 307.8 L1·A@-74 L2·A@-68 L3·A@-75 R1·A@-75 R2Lr@-- R3·A@-64 罐=无罐 泵=0 阀=111101 速=+0,+0,+0.00 电=7.95V/2.44A/峰2.93 补余=0.0 IO错=0 倾+0.0 自动3/3
[  453.816] EVT 相位 R2 lift→transfer
[  454.038] TLM t= 307.8 L1·A@-74 L2·A@-68 L3·A@-75 R1·A@-75 R2Tr@-- R3·A@-64 罐=无罐 泵=0 阀=111101 速=+0,+0,+0.00 电=7.92V/2.52A/峰2.93 补余=0.0 IO错=0 倾+0.0 自动3/3
[  454.435] EVT 相位 R2 transfer→hover
[  454.548] TLM t= 307.8 L1·A@-74 L2·A@-67 L3·A@-75 R1·A@-75 R2Hr@-- R3·A@-63 罐=无罐 泵=0 阀=111101 速=+0,+0,+0.00 电=7.94V/2.28A/峰2.93 补余=0.0 IO错=0 倾+0.0 自动3/3
[  455.049] TLM t= 307.8 L1·A@-73 L2·A@-67 L3·A@-75 R1·A@-75 R2Hr@-- R3·A@-63 罐=无罐 泵=0 阀=111101 速=+0,+0,+0.00 电=7.96V/2.20A/峰2.93 补余=0.0 IO错=0 倾+0.0 自动3/3
[  455.446] EVT 落地：R2
[  455.464] EVT 相位 R2 hover→descend
[  455.578] TLM t= 307.8 L1·A@-73 L2·A@-67 L3·A@-75 R1·A@-75 R2Dr@-- R3·A@-62 罐=无罐 泵=0 阀=111101 速=+0,+0,+0.00 电=7.96V/2.36A/峰2.93 补余=0.0 IO错=0 倾+0.0 自动3/3
[  455.949] EVT 相位 R2 descend→press
[  456.076] TLM t= 307.8 L1·A@-73 L2·A@-66 L3·A@-75 R1·A@-75 R2Pr@-- R3·A@-62 罐=无罐 泵=0 阀=111101 速=+0,+0,+0.00 电=7.96V/2.85A/峰2.93 补余=0.0 IO错=0 倾+0.0 自动3/3
[  456.602] TLM t= 307.8 L1·A@-73 L2·A@-66 L3·A@-75 R1·A@-75 R2Pr@-- R3·A@-61 罐=无罐 泵=0 阀=111101 速=+0,+0,+0.00 电=7.95V/2.28A/峰2.93 补余=0.0 IO错=0 倾+0.0 自动3/3
[  457.103] TLM t= 307.8 L1·A@-73 L2·A@-65 L3·A@-75 R1·A@-75 R2Pr@-- R3·A@-61 罐=无罐 泵=0 阀=111101 速=+0,+0,+0.00 电=7.94V/2.44A/峰2.93 补余=0.0 IO错=0 倾+0.0 自动3/3
[  457.154] EVT 吸附 R2 released→pressing 在态4.02s -0.1kPa
[  457.154] EVT 相位 R2 press→wait
[  457.470] EVT 吸附 R2 pressing→sucking 在态0.32s -0.1kPa
[  457.470] EVT 阀 R2 →抽气位
[  457.498] EVT 泵 开 最差盘压-60.2
[  457.627] TLM t= 307.8 L1·A@-73 L2·A@-65 L3·A@-74 R1·A@-75 R2Ws@-45 R3·A@-60 罐=无罐 泵=1 阀=111111 速=+0,+0,+0.00 电=7.89V/2.28A/峰2.93 补余=0.0 IO错=0 倾+0.0 自动3/3
[  457.773] EVT 吸附 R2 sucking→attached 在态0.30s -53.8kPa
[  457.773] EVT 相位 R2 wait→stance
[  457.773] EVT 抬落完成，轮到 L3
[  458.131] TLM t= 308.1 L1·A@-73 L2·A@-68 L3·A@-74 R1·A@-75 R2·A@-67 R3·A@-68 罐=无罐 泵=1 阀=111111 速=+0,+0,+0.00 电=7.91V/2.28A/峰2.93 补余=0.0 IO错=0 倾+0.0 自动3/3
[  458.653] TLM t= 308.7 L1·A@-76 L2·A@-76 L3·A@-76 R1·A@-75 R2·A@-76 R3·A@-75 罐=无罐 泵=1 阀=111111 速=+0,+0,+0.00 电=7.94V/2.20A/峰2.93 补余=0.0 IO错=0 倾+0.0 自动3/3
[  458.727] EVT 泵 停 最差盘压-75.2
[  459.157] TLM t= 309.2 L1·A@-77 L2·A@-77 L3·A@-77 R1·A@-76 R2·A@-76 R3·A@-76 罐=无罐 泵=0 阀=111111 速=+0,+0,+0.00 电=7.95V/2.12A/峰2.93 补余=0.0 IO错=0 倾+0.0 自动3/3
[  459.680] TLM t= 309.7 L1·A@-76 L2·A@-76 L3·A@-77 R1·A@-76 R2·A@-75 R3·A@-76 罐=无罐 泵=0 阀=111111 速=+0,+0,+0.00 电=7.98V/2.28A/峰2.93 补余=0.0 IO错=0 倾+0.0 自动3/3
[  460.186] TLM t= 310.2 L1·A@-76 L2·A@-76 L3·A@-76 R1·A@-76 R2·A@-75 R3·A@-75 罐=无罐 泵=0 阀=111111 速=+0,+0,+0.00 电=7.98V/2.36A/峰2.93 补余=0.0 IO错=0 倾+0.0 自动3/3
[  460.707] TLM t= 310.7 L1·A@-76 L2·A@-75 L3·A@-76 R1·A@-76 R2·A@-74 R3·A@-74 罐=无罐 泵=0 阀=111111 速=+0,+0,+0.00 电=7.96V/2.28A/峰2.93 补余=0.0 IO错=0 倾+0.0 自动3/3
[  461.210] TLM t= 311.2 L1·A@-76 L2·A@-75 L3·A@-76 R1·A@-76 R2·A@-74 R3·A@-74 罐=无罐 泵=0 阀=111111 速=+0,+0,+0.00 电=7.98V/2.28A/峰2.93 补余=0.0 IO错=0 倾+0.0 自动3/3
[  461.731] TLM t= 311.7 L1·A@-76 L2·A@-74 L3·A@-76 R1·A@-76 R2·A@-74 R3·A@-73 罐=无罐 泵=0 阀=111111 速=+0,+0,+0.00 电=7.97V/2.28A/峰2.93 补余=0.0 IO错=0 倾+0.0 自动3/3
[  462.234] TLM t= 312.2 L1·A@-76 L2·A@-74 L3·A@-76 R1·A@-76 R2·A@-73 R3·A@-73 罐=无罐 泵=0 阀=111111 速=+0,+0,+0.00 电=7.96V/2.20A/峰2.93 补余=0.0 IO错=0 倾+0.0 自动3/3
[  462.760] TLM t= 312.7 L1·A@-76 L2·A@-74 L3·A@-76 R1·A@-76 R2·A@-73 R3·A@-72 罐=无罐 泵=0 阀=111111 速=+0,+0,+0.00 电=7.97V/2.20A/峰2.93 补余=0.0 IO错=0 倾+0.0 自动3/3
[  463.265] TLM t= 313.2 L1·A@-76 L2·A@-73 L3·A@-76 R1·A@-75 R2·A@-72 R3·A@-72 罐=无罐 泵=0 阀=111111 速=+0,+0,+0.00 电=7.94V/2.28A/峰2.93 补余=0.0 IO错=0 倾+0.0 自动3/3
[  463.789] TLM t= 313.8 L1·A@-76 L2·A@-73 L3·A@-76 R1·A@-75 R2·A@-72 R3·A@-71 罐=无罐 泵=0 阀=111111 速=+0,+0,+0.00 电=7.96V/2.20A/峰2.93 补余=0.0 IO错=0 倾+0.0 自动3/3
[  464.296] TLM t= 314.3 L1·A@-76 L2·A@-72 L3·A@-76 R1·A@-75 R2·A@-72 R3·A@-70 罐=无罐 泵=0 阀=111111 速=+0,+0,+0.00 电=7.95V/2.28A/峰2.93 补余=0.0 IO错=0 倾+0.0 自动3/3
[  464.816] TLM t= 314.8 L1·A@-75 L2·A@-72 L3·A@-76 R1·A@-75 R2·A@-71 R3·A@-70 罐=无罐 泵=0 阀=111111 速=+0,+0,+0.00 电=7.94V/2.20A/峰2.93 补余=0.0 IO错=0 倾+0.0 自动3/3
[  465.321] TLM t= 315.3 L1·A@-75 L2·A@-72 L3·A@-76 R1·A@-75 R2·A@-71 R3·A@-69 罐=无罐 泵=0 阀=111111 速=+0,+0,+0.00 电=7.94V/2.28A/峰2.93 补余=0.0 IO错=0 倾+0.0 自动3/3
[  465.840] TLM t= 315.8 L1·A@-75 L2·A@-71 L3·A@-76 R1·A@-75 R2·A@-71 R3·A@-69 罐=无罐 泵=0 阀=111111 速=+0,+0,+0.00 电=7.97V/2.20A/峰2.93 补余=0.0 IO错=0 倾+0.0 自动3/3
[  466.345] TLM t= 316.3 L1·A@-75 L2·A@-71 L3·A@-76 R1·A@-75 R2·A@-70 R3·A@-68 罐=无罐 泵=0 阀=111111 速=+0,+0,+0.00 电=7.97V/2.20A/峰2.93 补余=0.0 IO错=0 倾+0.0 自动3/3
[  466.866] TLM t= 316.8 L1·A@-75 L2·A@-70 L3·A@-76 R1·A@-75 R2·A@-70 R3·A@-68 罐=无罐 泵=0 阀=111111 速=+0,+0,+0.00 电=7.96V/2.20A/峰2.93 补余=0.0 IO错=0 倾+0.0 自动3/3
[  467.368] TLM t= 317.3 L1·A@-75 L2·A@-70 L3·A@-76 R1·A@-75 R2·A@-70 R3·A@-67 罐=无罐 泵=0 阀=111111 速=+0,+0,+0.00 电=7.94V/2.44A/峰2.93 补余=0.0 IO错=0 倾+0.0 自动3/3
[  467.794] EVT 原地抬起受理：L3
[  467.822] EVT 相位 L3 stance→handover
[  467.892] TLM t= 318.7 L1·A@-75 L2·A@-70 L3ZA@-75 R1·A@-75 R2·A@-69 R3·A@-67 罐=无罐 泵=0 阀=111111 速=+0,+0,+0.00 电=7.94V/2.20A/峰2.93 补余=0.0 IO错=0 倾+0.0 自动3/3
[  468.395] TLM t= 319.2 L1·A@-75 L2·A@-69 L3ZA@-75 R1·A@-75 R2·A@-69 R3·A@-66 罐=无罐 泵=0 阀=111111 速=+0,+0,+0.00 电=7.98V/1.95A/峰2.93 补余=0.0 IO错=0 倾+0.0 自动3/3
[  468.918] TLM t= 319.2 L1·A@-75 L2·A@-69 L3ZA@-75 R1·A@-75 R2·A@-68 R3·A@-65 罐=无罐 泵=0 阀=111111 速=+0,+0,+0.00 电=7.99V/1.95A/峰2.93 补余=0.0 IO错=0 倾+0.0 自动3/3
[  469.272] EVT 吸附 L3 attached→venting 在态98.60s -75.3kPa
[  469.272] EVT 相位 L3 handover→vent 落点Δ(+0.0,+0.0)
[  469.292] EVT 阀 L3 →排气位
[  469.420] TLM t= 319.2 L1·A@-75 L2·A@-69 L3Vv@-75 R1·A@-75 R2·A@-68 R3·A@-65 罐=无罐 泵=0 阀=110111 速=+0,+0,+0.00 电=7.96V/1.95A/峰2.93 补余=0.0 IO错=0 倾+0.0 自动3/3
[  469.571] EVT 相位 L3 vent→lift
[  469.693] EVT 吸附 L3 venting→released 在态0.42s 0.1kPa
[  469.941] TLM t= 319.2 L1·A@-74 L2·A@-68 L3Lr@-- R1·A@-75 R2·A@-68 R3·A@-64 罐=无罐 泵=0 阀=110111 速=+0,+0,+0.00 电=7.97V/2.04A/峰2.93 补余=0.0 IO错=0 倾+0.0 自动3/3
[  470.416] EVT 相位 L3 lift→transfer
[  470.448] TLM t= 319.2 L1·A@-74 L2·A@-68 L3Tr@-- R1·A@-75 R2·A@-67 R3·A@-64 罐=无罐 泵=0 阀=110111 速=+0,+0,+0.00 电=7.96V/2.20A/峰2.93 补余=0.0 IO错=0 倾+0.0 自动3/3
[  470.967] TLM t= 319.2 L1·A@-74 L2·A@-68 L3Tr@-- R1·A@-75 R2·A@-67 R3·A@-63 罐=无罐 泵=0 阀=110111 速=+0,+0,+0.00 电=7.95V/2.28A/峰2.93 补余=0.0 IO错=0 倾+0.0 自动3/3
[  471.040] EVT 相位 L3 transfer→hover
[  471.472] TLM t= 319.2 L1·A@-74 L2·A@-67 L3Hr@-- R1·A@-75 R2·A@-67 R3·A@-63 罐=无罐 泵=0 阀=110111 速=+0,+0,+0.00 电=7.97V/2.12A/峰2.93 补余=0.0 IO错=0 倾+0.0 自动3/3
[  471.989] TLM t= 319.2 L1·A@-74 L2·A@-67 L3Hr@-- R1·A@-75 R2·A@-66 R3·A@-62 罐=无罐 泵=0 阀=110111 速=+0,+0,+0.00 电=7.97V/2.12A/峰2.93 补余=0.0 IO错=0 倾+0.0 自动3/3
[  472.041] EVT 落地：L3
[  472.063] EVT 相位 L3 hover→descend
[  472.495] TLM t= 319.2 L1·A@-74 L2·A@-66 L3Dr@-- R1·A@-75 R2·A@-66 R3·A@-62 罐=无罐 泵=0 阀=110111 速=+0,+0,+0.00 电=7.95V/2.20A/峰2.93 补余=0.0 IO错=0 倾+0.0 自动3/3
[  472.545] EVT 相位 L3 descend→press
[  473.010] TLM t= 319.2 L1·A@-74 L2·A@-66 L3Pr@-- R1·A@-74 R2·A@-66 R3·A@-61 罐=无罐 泵=0 阀=110111 速=+0,+0,+0.00 电=7.97V/2.12A/峰2.93 补余=0.0 IO错=0 倾+0.0 自动3/3
[  473.515] TLM t= 319.2 L1·A@-74 L2·A@-66 L3Pr@-- R1·A@-74 R2·A@-65 R3·A@-61 罐=无罐 泵=0 阀=110111 速=+0,+0,+0.00 电=7.97V/1.95A/峰2.93 补余=0.0 IO错=0 倾+0.0 自动3/3
[  473.748] EVT 吸附 L3 released→pressing 在态4.04s 0.1kPa
[  473.748] EVT 相位 L3 press→wait
[  474.037] TLM t= 319.2 L1·A@-74 L2·A@-65 L3Wp@-- R1·A@-74 R2·A@-65 R3·A@-60 罐=无罐 泵=0 阀=110111 速=+0,+0,+0.00 电=7.97V/2.12A/峰2.93 补余=0.0 IO错=0 倾+0.0 自动3/3
[  474.062] EVT 吸附 L3 pressing→sucking 在态0.32s 0.1kPa
[  474.062] EVT 阀 L3 →抽气位
[  474.090] EVT 泵 开 最差盘压-60.2
[  474.363] EVT 吸附 L3 sucking→attached 在态0.30s -45.1kPa
[  474.363] EVT 相位 L3 wait→stance
[  474.363] EVT 抬落完成，轮到 R1
[  474.540] TLM t= 319.4 L1·A@-74 L2·A@-65 L3·A@-60 R1·A@-74 R2·A@-65 R3·A@-60 罐=无罐 泵=1 阀=111111 速=+0,+0,+0.00 电=7.93V/2.20A/峰2.93 补余=0.0 IO错=0 倾+0.0 自动3/3
[  475.065] TLM t= 319.9 L1·A@-74 L2·A@-73 L3·A@-73 R1·A@-74 R2·A@-73 R3·A@-73 罐=无罐 泵=1 阀=111111 速=+0,+0,+0.00 电=7.95V/2.04A/峰2.93 补余=0.0 IO错=0 倾+0.0 自动3/3
[  475.379] EVT 泵 停 最差盘压-75.3
[  475.566] TLM t= 320.4 L1·A@-77 L2·A@-77 L3·A@-77 R1·A@-76 R2·A@-76 R3·A@-76 罐=无罐 泵=0 阀=111111 速=+0,+0,+0.00 电=7.98V/2.28A/峰2.93 补余=0.0 IO错=0 倾+0.0 自动3/3
[  476.092] TLM t= 320.9 L1·A@-76 L2·A@-76 L3·A@-76 R1·A@-76 R2·A@-76 R3·A@-76 罐=无罐 泵=0 阀=111111 速=+0,+0,+0.00 电=7.97V/2.04A/峰2.93 补余=0.0 IO错=0 倾+0.0 自动3/3
[  476.599] TLM t= 321.4 L1·A@-76 L2·A@-76 L3·A@-76 R1·A@-76 R2·A@-75 R3·A@-75 罐=无罐 泵=0 阀=111111 速=+0,+0,+0.00 电=7.98V/2.04A/峰2.93 补余=0.0 IO错=0 倾+0.0 自动3/3
[  477.118] TLM t= 321.9 L1·A@-76 L2·A@-75 L3·A@-76 R1·A@-76 R2·A@-75 R3·A@-75 罐=无罐 泵=0 阀=111111 速=+0,+0,+0.00 电=7.97V/2.04A/峰2.93 补余=0.0 IO错=0 倾+0.0 自动3/3
[  477.622] TLM t= 322.4 L1·A@-76 L2·A@-75 L3·A@-76 R1·A@-76 R2·A@-75 R3·A@-74 罐=无罐 泵=0 阀=111111 速=+0,+0,+0.00 电=7.97V/2.04A/峰2.93 补余=0.0 IO错=0 倾+0.0 自动3/3
[  478.141] TLM t= 322.9 L1·A@-76 L2·A@-75 L3·A@-76 R1·A@-75 R2·A@-74 R3·A@-74 罐=无罐 泵=0 阀=111111 速=+0,+0,+0.00 电=7.99V/2.04A/峰2.93 补余=0.0 IO错=0 倾+0.0 自动3/3
[  478.645] TLM t= 323.4 L1·A@-76 L2·A@-74 L3·A@-76 R1·A@-75 R2·A@-74 R3·A@-73 罐=无罐 泵=0 阀=111111 速=+0,+0,+0.00 电=7.98V/2.12A/峰2.93 补余=0.0 IO错=0 倾+0.0 自动3/3
[  479.166] TLM t= 324.0 L1·A@-76 L2·A@-74 L3·A@-75 R1·A@-75 R2·A@-73 R3·A@-72 罐=无罐 泵=0 阀=111111 速=+0,+0,+0.00 电=7.98V/1.95A/峰2.93 补余=0.0 IO错=0 倾+0.0 自动3/3
[  479.669] TLM t= 324.5 L1·A@-76 L2·A@-73 L3·A@-75 R1·A@-75 R2·A@-73 R3·A@-72 罐=无罐 泵=0 阀=111111 速=+0,+0,+0.00 电=7.95V/1.95A/峰2.93 补余=0.0 IO错=0 倾+0.0 自动3/3
[  480.191] TLM t= 325.0 L1·A@-76 L2·A@-73 L3·A@-75 R1·A@-75 R2·A@-73 R3·A@-71 罐=无罐 泵=0 阀=111111 速=+0,+0,+0.00 电=7.96V/1.95A/峰2.93 补余=0.0 IO错=0 倾+0.0 自动3/3
[  480.692] TLM t= 325.5 L1·A@-76 L2·A@-73 L3·A@-75 R1·A@-75 R2·A@-72 R3·A@-71 罐=无罐 泵=0 阀=111111 速=+0,+0,+0.00 电=7.97V/2.04A/峰2.93 补余=0.0 IO错=0 倾+0.0 自动3/3
[  481.217] TLM t= 326.0 L1·A@-75 L2·A@-72 L3·A@-75 R1·A@-75 R2·A@-72 R3·A@-70 罐=无罐 泵=0 阀=111111 速=+0,+0,+0.00 电=7.96V/1.95A/峰2.93 补余=0.0 IO错=0 倾+0.0 自动3/3
[  481.725] TLM t= 326.5 L1·A@-75 L2·A@-72 L3·A@-75 R1·A@-75 R2·A@-72 R3·A@-70 罐=无罐 泵=0 阀=111111 速=+0,+0,+0.00 电=7.96V/1.87A/峰2.93 补余=0.0 IO错=0 倾+0.0 自动3/3
[  482.245] TLM t= 327.0 L1·A@-75 L2·A@-71 L3·A@-75 R1·A@-75 R2·A@-71 R3·A@-69 罐=无罐 泵=0 阀=111111 速=+0,+0,+0.00 电=7.96V/2.12A/峰2.93 补余=0.0 IO错=0 倾+0.0 自动3/3
[  482.748] TLM t= 327.5 L1·A@-75 L2·A@-71 L3·A@-75 R1·A@-75 R2·A@-71 R3·A@-68 罐=无罐 泵=0 阀=111111 速=+0,+0,+0.00 电=7.96V/2.04A/峰2.93 补余=0.0 IO错=0 倾+0.0 自动3/3
[  483.269] TLM t= 328.0 L1·A@-75 L2·A@-71 L3·A@-75 R1·A@-75 R2·A@-71 R3·A@-68 罐=无罐 泵=0 阀=111111 速=+0,+0,+0.00 电=7.97V/2.04A/峰2.93 补余=0.0 IO错=0 倾+0.0 自动3/3
[  483.774] TLM t= 328.5 L1·A@-75 L2·A@-70 L3·A@-75 R1·A@-75 R2·A@-70 R3·A@-67 罐=无罐 泵=0 阀=111111 速=+0,+0,+0.00 电=7.97V/2.04A/峰2.93 补余=0.0 IO错=0 倾+0.0 自动3/3
[  484.293] TLM t= 329.1 L1·A@-75 L2·A@-70 L3·A@-75 R1·A@-75 R2·A@-70 R3·A@-67 罐=无罐 泵=0 阀=111111 速=+0,+0,+0.00 电=7.98V/2.20A/峰2.93 补余=0.0 IO错=0 倾+0.0 自动3/3
[  484.378] EVT 原地抬起受理：R1
[  484.406] EVT 相位 R1 stance→handover
[  484.793] TLM t= 330.4 L1·A@-75 L2·A@-69 L3·A@-74 R1ZA@-75 R2·A@-70 R3·A@-66 罐=无罐 泵=0 阀=111111 速=+0,+0,+0.00 电=8.00V/1.55A/峰2.93 补余=0.0 IO错=0 倾+0.0 自动3/3
[  485.317] TLM t= 330.6 L1·A@-75 L2·A@-69 L3·A@-74 R1ZA@-75 R2·A@-69 R3·A@-66 罐=无罐 泵=0 阀=111111 速=+0,+0,+0.00 电=7.99V/1.71A/峰2.93 补余=0.0 IO错=0 倾+0.0 自动3/3
[  485.821] TLM t= 330.6 L1·A@-75 L2·A@-69 L3·A@-74 R1ZA@-74 R2·A@-69 R3·A@-65 罐=无罐 泵=0 阀=111111 速=+0,+0,+0.00 电=7.98V/1.95A/峰2.93 补余=0.0 IO错=0 倾+0.0 自动3/3
[  486.051] EVT 吸附 R1 attached→venting 在态98.48s -74.4kPa
[  486.052] EVT 相位 R1 handover→vent 落点Δ(+0.0,+0.0)
[  486.065] EVT 阀 R1 →排气位
[  486.344] TLM t= 330.6 L1·A@-75 L2·A@-68 L3·A@-74 R1Vv@-74 R2·A@-69 R3·A@-65 罐=无罐 泵=0 阀=111011 速=+0,+0,+0.00 电=7.97V/1.95A/峰2.93 补余=0.0 IO错=0 倾+0.0 自动3/3
[  486.355] EVT 相位 R1 vent→lift
[  486.477] EVT 吸附 R1 venting→released 在态0.42s 0.1kPa
[  486.845] TLM t= 330.6 L1·A@-74 L2·A@-68 L3·A@-74 R1Lr@-- R2·A@-68 R3·A@-64 罐=无罐 泵=0 阀=111011 速=+0,+0,+0.00 电=7.95V/1.95A/峰2.93 补余=0.0 IO错=0 倾+0.0 自动3/3
[  487.197] EVT 相位 R1 lift→transfer
[  487.367] TLM t= 330.6 L1·A@-74 L2·A@-68 L3·A@-74 R1Tr@-- R2·A@-68 R3·A@-64 罐=无罐 泵=0 阀=111011 速=+0,+0,+0.00 电=7.93V/2.60A/峰2.93 补余=0.0 IO错=0 倾+0.0 自动3/3
[  487.816] EVT 相位 R1 transfer→hover
[  487.870] TLM t= 330.6 L1·A@-74 L2·A@-67 L3·A@-74 R1Hr@-- R2·A@-68 R3·A@-63 罐=无罐 泵=0 阀=111011 速=+0,+0,+0.00 电=7.96V/2.12A/峰2.93 补余=0.0 IO错=0 倾+0.0 自动3/3
[  488.394] TLM t= 330.6 L1·A@-74 L2·A@-67 L3·A@-74 R1Hr@-- R2·A@-67 R3·A@-63 罐=无罐 泵=0 阀=111011 速=+0,+0,+0.00 电=7.96V/2.12A/峰2.93 补余=0.0 IO错=0 倾+0.0 自动3/3
[  488.827] EVT 落地：R1
[  488.842] EVT 相位 R1 hover→descend
[  488.893] TLM t= 330.6 L1·A@-74 L2·A@-66 L3·A@-74 R1Dr@-- R2·A@-67 R3·A@-62 罐=无罐 泵=0 阀=111011 速=+0,+0,+0.00 电=7.95V/2.12A/峰2.93 补余=0.0 IO错=0 倾+0.0 自动3/3
[  489.323] EVT 相位 R1 descend→press
[  489.421] TLM t= 330.6 L1·A@-74 L2·A@-66 L3·A@-74 R1Pr@-- R2·A@-67 R3·A@-62 罐=无罐 泵=0 阀=111011 速=+0,+0,+0.00 电=7.95V/2.12A/峰2.93 补余=0.0 IO错=0 倾+0.0 自动3/3
[  489.923] TLM t= 330.6 L1·A@-74 L2·A@-66 L3·A@-74 R1Pr@-- R2·A@-66 R3·A@-61 罐=无罐 泵=0 阀=111011 速=+0,+0,+0.00 电=7.95V/2.20A/峰2.93 补余=0.0 IO错=0 倾+0.0 自动3/3
[  490.444] TLM t= 330.6 L1·A@-74 L2·A@-65 L3·A@-74 R1Pr@-- R2·A@-66 R3·A@-60 罐=无罐 泵=0 阀=111011 速=+0,+0,+0.00 电=7.96V/2.20A/峰2.93 补余=0.0 IO错=0 倾+0.0 自动3/3
[  490.529] EVT 吸附 R1 released→pressing 在态4.04s 0.1kPa
[  490.530] EVT 相位 R1 press→wait
[  490.858] EVT 吸附 R1 pressing→sucking 在态0.32s 0.1kPa
[  490.859] EVT 阀 R1 →抽气位
[  490.879] EVT 泵 开 最差盘压-60.0
[  490.951] TLM t= 330.6 L1·A@-74 L2·A@-65 L3·A@-74 R1Ws@-11 R2·A@-66 R3·A@-60 罐=无罐 泵=1 阀=111111 速=+0,+0,+0.00 电=7.91V/2.20A/峰2.93 补余=0.0 IO错=0 倾+0.0 自动3/3
[  491.277] EVT 吸附 R1 sucking→attached 在态0.42s -59.5kPa
[  491.280] EVT 相位 R1 wait→stance
[  491.280] EVT 抬落完成，轮到 L2
[  491.472] TLM t= 330.8 L1·A@-74 L2·A@-68 L3·A@-73 R1·A@-66 R2·A@-68 R3·A@-67 罐=无罐 泵=1 阀=111111 速=+0,+0,+0.00 电=7.94V/1.95A/峰2.93 补余=0.0 IO错=0 倾+0.0 自动3/3
[  491.976] TLM t= 331.3 L1·A@-75 L2·A@-76 L3·A@-75 R1·A@-75 R2·A@-75 R3·A@-75 罐=无罐 泵=1 阀=111111 速=+0,+0,+0.00 电=7.96V/2.12A/峰2.93 补余=0.0 IO错=0 倾+0.0 自动3/3
[  492.026] EVT 泵 停 最差盘压-75.1
[  492.494] TLM t= 331.8 L1·A@-76 L2·A@-76 L3·A@-76 R1·A@-75 R2·A@-76 R3·A@-76 罐=无罐 泵=0 阀=111111 速=+0,+0,+0.00 电=7.98V/2.04A/峰2.93 补余=0.0 IO错=0 倾+0.0 自动3/3
[  493.002] TLM t= 332.3 L1·A@-76 L2·A@-76 L3·A@-76 R1·A@-75 R2·A@-75 R3·A@-75 罐=无罐 泵=0 阀=111111 速=+0,+0,+0.00 电=7.95V/2.20A/峰2.93 补余=0.0 IO错=0 倾+0.0 自动3/3
[  493.525] TLM t= 332.8 L1·A@-76 L2·A@-75 L3·A@-76 R1·A@-75 R2·A@-75 R3·A@-75 罐=无罐 泵=0 阀=111111 速=+0,+0,+0.00 电=7.97V/2.12A/峰2.93 补余=0.0 IO错=0 倾+0.0 自动3/3
[  494.028] TLM t= 333.3 L1·A@-76 L2·A@-75 L3·A@-76 R1·A@-75 R2·A@-74 R3·A@-74 罐=无罐 泵=0 阀=111111 速=+0,+0,+0.00 电=7.96V/2.04A/峰2.93 补余=0.0 IO错=0 倾+0.0 自动3/3
[  494.550] TLM t= 333.8 L1·A@-76 L2·A@-74 L3·A@-76 R1·A@-75 R2·A@-74 R3·A@-73 罐=无罐 泵=0 阀=111111 速=+0,+0,+0.00 电=7.97V/2.04A/峰2.93 补余=0.0 IO错=0 倾+0.0 自动3/3
[  495.052] TLM t= 334.3 L1·A@-76 L2·A@-74 L3·A@-76 R1·A@-75 R2·A@-74 R3·A@-73 罐=无罐 泵=0 阀=111111 速=+0,+0,+0.00 电=7.96V/2.20A/峰2.93 补余=0.0 IO错=0 倾+0.0 自动3/3
[  495.574] TLM t= 334.9 L1·A@-76 L2·A@-74 L3·A@-76 R1·A@-75 R2·A@-73 R3·A@-72 罐=无罐 泵=0 阀=111111 速=+0,+0,+0.00 电=7.97V/2.12A/峰2.93 补余=0.0 IO错=0 倾+0.0 自动3/3
[  496.078] TLM t= 335.4 L1·A@-75 L2·A@-73 L3·A@-76 R1·A@-75 R2·A@-73 R3·A@-72 罐=无罐 泵=0 阀=111111 速=+0,+0,+0.00 电=7.96V/2.04A/峰2.93 补余=0.0 IO错=0 倾+0.0 自动3/3
[  496.599] TLM t= 335.9 L1·A@-75 L2·A@-73 L3·A@-76 R1·A@-75 R2·A@-73 R3·A@-71 罐=无罐 泵=0 阀=111111 速=+0,+0,+0.00 电=7.97V/2.12A/峰2.93 补余=0.0 IO错=0 倾+0.0 自动3/3
[  497.102] TLM t= 336.4 L1·A@-75 L2·A@-72 L3·A@-76 R1·A@-75 R2·A@-72 R3·A@-71 罐=无罐 泵=0 阀=111111 速=+0,+0,+0.00 电=7.97V/2.12A/峰2.93 补余=0.0 IO错=0 倾+0.0 自动3/3
[  497.626] TLM t= 336.9 L1·A@-75 L2·A@-72 L3·A@-76 R1·A@-75 R2·A@-72 R3·A@-70 罐=无罐 泵=0 阀=111111 速=+0,+0,+0.00 电=7.98V/1.95A/峰2.93 补余=0.0 IO错=0 倾+0.0 自动3/3
[  498.132] TLM t= 337.4 L1·A@-75 L2·A@-72 L3·A@-75 R1·A@-75 R2·A@-72 R3·A@-69 罐=无罐 泵=0 阀=111111 速=+0,+0,+0.00 电=7.97V/2.12A/峰2.93 补余=0.0 IO错=0 倾+0.0 自动3/3
[  498.655] TLM t= 337.9 L1·A@-75 L2·A@-71 L3·A@-75 R1·A@-75 R2·A@-71 R3·A@-69 罐=无罐 泵=0 阀=111111 速=+0,+0,+0.00 电=7.96V/2.12A/峰2.93 补余=0.0 IO错=0 倾+0.0 自动3/3
[  499.160] TLM t= 338.4 L1·A@-75 L2·A@-71 L3·A@-75 R1·A@-75 R2·A@-71 R3·A@-68 罐=无罐 泵=0 阀=111111 速=+0,+0,+0.00 电=7.96V/2.28A/峰2.93 补余=0.0 IO错=0 倾+0.0 自动3/3
[  499.678] TLM t= 338.9 L1·A@-75 L2·A@-70 L3·A@-75 R1·A@-75 R2·A@-71 R3·A@-68 罐=无罐 泵=0 阀=111111 速=+0,+0,+0.00 电=7.97V/2.12A/峰2.93 补余=0.0 IO错=0 倾+0.0 自动3/3
[  500.181] TLM t= 339.4 L1·A@-75 L2·A@-70 L3·A@-75 R1·A@-75 R2·A@-70 R3·A@-67 罐=无罐 泵=0 阀=111111 速=+0,+0,+0.00 电=7.95V/2.20A/峰2.93 补余=0.0 IO错=0 倾+0.0 自动3/3
[  500.704] TLM t= 340.0 L1·A@-75 L2·A@-70 L3·A@-75 R1·A@-75 R2·A@-70 R3·A@-67 罐=无罐 泵=0 阀=111111 速=+0,+0,+0.00 电=7.97V/2.12A/峰2.93 补余=0.0 IO错=0 倾+0.0 自动3/3
[  501.211] TLM t= 340.5 L1·A@-75 L2·A@-69 L3·A@-75 R1·A@-74 R2·A@-70 R3·A@-66 罐=无罐 泵=0 阀=111111 速=+0,+0,+0.00 电=7.95V/2.12A/峰2.93 补余=0.0 IO错=0 倾+0.0 自动3/3
[  501.320] EVT 原地抬起受理：L2
[  501.332] EVT 相位 L2 stance→handover
[  501.729] TLM t= 341.8 L1·A@-74 L2ZA@-69 L3·A@-75 R1·A@-74 R2·A@-69 R3·A@-66 罐=无罐 泵=0 阀=111111 速=+0,+0,+0.00 电=7.98V/1.95A/峰2.93 补余=0.0 IO错=0 倾+0.0 自动3/3
[  502.230] TLM t= 342.0 L1·A@-74 L2ZA@-69 L3·A@-75 R1·A@-74 R2·A@-69 R3·A@-65 罐=无罐 泵=0 阀=111111 速=+0,+0,+0.00 电=7.96V/2.12A/峰2.93 补余=0.0 IO错=0 倾+0.0 自动3/3
[  502.523] EVT 吸附 L2 attached→venting 在态98.60s -68.3kPa
[  502.524] EVT 相位 L2 handover→vent 落点Δ(+0.0,+0.0)
[  502.537] EVT 阀 L2 →排气位
[  502.755] TLM t= 342.0 L1·A@-74 L2Vv@-68 L3·A@-75 R1·A@-74 R2·A@-68 R3·A@-65 罐=无罐 泵=0 阀=101111 速=+0,+0,+0.00 电=7.96V/2.28A/峰2.93 补余=0.0 IO错=0 倾+0.0 自动3/3
[  502.828] EVT 相位 L2 vent→lift
[  502.950] EVT 吸附 L2 venting→released 在态0.42s 0.3kPa
[  503.261] TLM t= 342.0 L1·A@-74 L2Lr@-- L3·A@-75 R1·A@-74 R2·A@-68 R3·A@-64 罐=无罐 泵=0 阀=101111 速=+0,+0,+0.00 电=7.94V/2.60A/峰2.93 补余=0.0 IO错=0 倾+0.0 自动3/3
[  503.671] EVT 相位 L2 lift→transfer
[  503.780] TLM t= 342.0 L1·A@-74 L2Tr@-- L3·A@-75 R1·A@-74 R2·A@-68 R3·A@-63 罐=无罐 泵=0 阀=101111 速=+0,+0,+0.00 电=7.91V/3.01A/峰3.01 补余=0.0 IO错=0 倾+0.0 自动3/3
[  504.287] EVT 相位 L2 transfer→hover
[  504.296] TLM t= 342.0 L1·A@-74 L2Hr@-- L3·A@-75 R1·A@-74 R2·A@-67 R3·A@-63 罐=无罐 泵=0 阀=101111 速=+0,+0,+0.00 电=7.91V/2.93A/峰3.01 补余=0.0 IO错=0 倾+0.0 自动3/3
[  504.809] TLM t= 342.0 L1·A@-74 L2Hr@-- L3·A@-75 R1·A@-74 R2·A@-67 R3·A@-62 罐=无罐 泵=0 阀=101111 速=+0,+0,+0.00 电=7.94V/2.52A/峰3.01 补余=0.0 IO错=0 倾+0.0 自动3/3
[  505.306] EVT 落地：L2
[  505.316] TLM t= 342.0 L1·A@-74 L2Dr@-- L3·A@-75 R1·A@-74 R2·A@-67 R3·A@-62 罐=无罐 泵=0 阀=101111 速=+0,+0,+0.00 电=7.92V/2.28A/峰3.01 补余=0.0 IO错=0 倾+0.0 自动3/3
[  505.328] EVT 相位 L2 hover→descend
[  505.810] EVT 相位 L2 descend→press
[  505.820] TLM t= 342.0 L1·A@-74 L2Pr@-- L3·A@-74 R1·A@-74 R2·A@-66 R3·A@-61 罐=无罐 泵=0 阀=101111 速=+0,+0,+0.00 电=7.92V/2.36A/峰3.01 补余=0.0 IO错=0 倾+0.0 自动3/3
[  506.338] TLM t= 342.0 L1·A@-74 L2Pr@-- L3·A@-74 R1·A@-74 R2·A@-66 R3·A@-61 罐=无罐 泵=0 阀=101111 速=+0,+0,+0.00 电=7.94V/2.36A/峰3.01 补余=0.0 IO错=0 倾+0.0 自动3/3
[  506.839] TLM t= 342.0 L1·A@-74 L2Pr@-- L3·A@-74 R1·A@-74 R2·A@-66 R3·A@-60 罐=无罐 泵=0 阀=101111 速=+0,+0,+0.00 电=7.92V/2.60A/峰3.01 补余=0.0 IO错=0 倾+0.0 自动3/3
[  507.012] EVT 吸附 L2 released→pressing 在态4.04s 0.3kPa
[  507.013] EVT 相位 L2 press→wait
[  507.111] EVT 泵 开 最差盘压-59.9
[  507.326] EVT 吸附 L2 pressing→sucking 在态0.32s 0.3kPa
[  507.326] EVT 阀 L2 →抽气位
[  507.363] TLM t= 342.0 L1·A@-73 L2Ws@-5 L3·A@-74 R1·A@-74 R2·A@-65 R3·A@-60 罐=无罐 泵=1 阀=111111 速=+0,+0,+0.00 电=7.92V/2.44A/峰3.01 补余=0.0 IO错=0 倾+0.0 自动3/3
[  507.627] EVT 吸附 L2 sucking→attached 在态0.30s -61.9kPa
[  507.627] EVT 相位 L2 wait→stance
[  507.627] EVT 抬落完成，轮到 R3
[  507.627] EVT 自动轮换：第 3 轮完成
[  507.866] TLM t= 342.2 L1·A@-73 L2·A@-70 L3·A@-74 R1·A@-74 R2·A@-70 R3·A@-69 罐=无罐 泵=1 阀=111111 速=+0,+0,+0.00 电=7.92V/2.44A/峰3.01 补余=0.0 IO错=0 倾+0.0 自动3/3
[  508.364] TLM t= 342.7 L1·A@-76 L2·A@-76 L3·A@-76 R1·A@-74 R2·A@-76 R3·A@-76 罐=无罐 泵=1 阀=111111 速=+0,+0,+0.00 电=7.85V/2.28A/峰3.01 补余=0.0 IO错=0 倾+0.0 自动3/3
[  508.443] EVT 泵 停 最差盘压-75.7
[  508.874] TLM t= 343.2 L1·A@-77 L2·A@-77 L3·A@-77 R1·A@-76 R2·A@-77 R3·A@-77 罐=无罐 泵=0 阀=111111 速=+0,+0,+0.00 电=7.95V/2.36A/峰3.01 补余=0.0 IO错=0 倾+0.0 自动3/3
[  509.378] TLM t= 343.7 L1·A@-77 L2·A@-76 L3·A@-77 R1·A@-76 R2·A@-76 R3·A@-76 罐=无罐 泵=0 阀=111111 速=+0,+0,+0.00 电=7.94V/2.52A/峰3.01 补余=0.0 IO错=0 倾+0.0 自动3/3
[  509.898] TLM t= 344.2 L1·A@-77 L2·A@-76 L3·A@-77 R1·A@-76 R2·A@-76 R3·A@-76 罐=无罐 泵=0 阀=111111 速=+0,+0,+0.00 电=7.94V/2.44A/峰3.01 补余=0.0 IO错=0 倾+0.0 自动3/3
[  510.401] TLM t= 344.7 L1·A@-77 L2·A@-75 L3·A@-77 R1·A@-76 R2·A@-75 R3·A@-75 罐=无罐 泵=0 阀=111111 速=+0,+0,+0.00 电=7.93V/2.36A/峰3.01 补余=0.0 IO错=0 倾+0.0 自动3/3
[  510.923] TLM t= 345.3 L1·A@-77 L2·A@-75 L3·A@-77 R1·A@-76 R2·A@-75 R3·A@-74 罐=无罐 泵=0 阀=111111 速=+0,+0,+0.00 电=7.96V/2.44A/峰3.01 补余=0.0 IO错=0 倾+0.0 自动3/3
[  511.425] TLM t= 345.8 L1·A@-77 L2·A@-74 L3·A@-77 R1·A@-76 R2·A@-75 R3·A@-74 罐=无罐 泵=0 阀=111111 速=+0,+0,+0.00 电=7.96V/2.36A/峰3.01 补余=0.0 IO错=0 倾+0.0 自动3/3
[  511.949] TLM t= 346.3 L1·A@-76 L2·A@-74 L3·A@-77 R1·A@-76 R2·A@-74 R3·A@-73 罐=无罐 泵=0 阀=111111 速=+0,+0,+0.00 电=7.94V/2.36A/峰3.01 补余=0.0 IO错=0 倾+0.0 自动3/3
[  512.451] TLM t= 346.8 L1·A@-76 L2·A@-74 L3·A@-77 R1·A@-76 R2·A@-74 R3·A@-73 罐=无罐 泵=0 阀=111111 速=+0,+0,+0.00 电=7.94V/2.36A/峰3.01 补余=0.0 IO错=0 倾+0.0 自动3/3
[  512.972] TLM t= 347.3 L1·A@-76 L2·A@-73 L3·A@-76 R1·A@-76 R2·A@-74 R3·A@-72 罐=无罐 泵=0 阀=111111 速=+0,+0,+0.00 电=7.95V/2.44A/峰3.01 补余=0.0 IO错=0 倾+0.0 自动3/3
[  513.474] TLM t= 347.8 L1·A@-76 L2·A@-73 L3·A@-76 R1·A@-76 R2·A@-73 R3·A@-72 罐=无罐 泵=0 阀=111111 速=+0,+0,+0.00 电=7.94V/2.36A/峰3.01 补余=0.0 IO错=0 倾+0.0 自动3/3
[  513.999] TLM t= 348.3 L1·A@-76 L2·A@-72 L3·A@-76 R1·A@-76 R2·A@-73 R3·A@-71 罐=无罐 泵=0 阀=111111 速=+0,+0,+0.00 电=7.95V/2.44A/峰3.01 补余=0.0 IO错=0 倾+0.0 自动3/3
[  514.509] TLM t= 348.8 L1·A@-76 L2·A@-72 L3·A@-76 R1·A@-76 R2·A@-72 R3·A@-70 罐=无罐 泵=0 阀=111111 速=+0,+0,+0.00 电=7.95V/2.36A/峰3.01 补余=0.0 IO错=0 倾+0.0 自动3/3
[  515.027] TLM t= 349.3 L1·A@-76 L2·A@-71 L3·A@-76 R1·A@-76 R2·A@-72 R3·A@-70 罐=无罐 泵=0 阀=111111 速=+0,+0,+0.00 电=7.95V/2.36A/峰3.01 补余=0.0 IO错=0 倾+0.0 自动3/3
[  515.528] TLM t= 349.8 L1·A@-76 L2·A@-71 L3·A@-76 R1·A@-76 R2·A@-72 R3·A@-69 罐=无罐 泵=0 阀=111111 速=+0,+0,+0.00 电=7.93V/2.36A/峰3.01 补余=0.0 IO错=0 倾+0.0 自动3/3
[  516.050] TLM t= 350.4 L1·A@-76 L2·A@-70 L3·A@-76 R1·A@-76 R2·A@-71 R3·A@-69 罐=无罐 泵=0 阀=111111 速=+0,+0,+0.00 电=7.95V/2.36A/峰3.01 补余=0.0 IO错=0 倾+0.0 自动3/3
[  516.553] TLM t= 350.9 L1·A@-76 L2·A@-70 L3·A@-76 R1·A@-76 R2·A@-71 R3·A@-68 罐=无罐 泵=0 阀=111111 速=+0,+0,+0.00 电=7.96V/2.36A/峰3.01 补余=0.0 IO错=0 倾+0.0 自动3/3
[  517.076] TLM t= 351.4 L1·A@-75 L2·A@-70 L3·A@-76 R1·A@-76 R2·A@-71 R3·A@-68 罐=无罐 泵=0 阀=111111 速=+0,+0,+0.00 电=7.92V/2.28A/峰3.01 补余=0.0 IO错=0 倾+0.0 自动3/3
[  517.581] TLM t= 351.9 L1·A@-75 L2·A@-69 L3·A@-76 R1·A@-76 R2·A@-70 R3·A@-67 罐=无罐 泵=0 阀=111111 速=+0,+0,+0.00 电=7.95V/2.44A/峰3.01 补余=0.0 IO错=0 倾+0.0 自动3/3
[  518.103] TLM t= 352.4 L1·A@-75 L2·A@-69 L3·A@-76 R1·A@-76 R2·A@-70 R3·A@-67 罐=无罐 泵=0 阀=111111 速=+0,+0,+0.00 电=7.94V/2.36A/峰3.01 补余=0.0 IO错=0 倾+0.0 自动3/3
[  518.604] TLM t= 352.9 L1·A@-75 L2·A@-68 L3·A@-76 R1·A@-76 R2·A@-70 R3·A@-66 罐=无罐 泵=0 阀=111111 速=+0,+0,+0.00 电=7.94V/2.44A/峰3.01 补余=0.0 IO错=0 倾+0.0 自动3/3
[  519.126] TLM t= 353.4 L1·A@-75 L2·A@-68 L3·A@-76 R1·A@-76 R2·A@-69 R3·A@-66 罐=无罐 泵=0 阀=111111 速=+0,+0,+0.00 电=7.94V/2.20A/峰3.01 补余=0.0 IO错=0 倾+0.0 自动3/3
[  519.633] TLM t= 353.9 L1·A@-75 L2·A@-68 L3·A@-76 R1·A@-76 R2·A@-69 R3·A@-65 罐=无罐 泵=0 阀=111111 速=+0,+0,+0.00 电=7.94V/2.44A/峰3.01 补余=0.0 IO错=0 倾+0.0 自动3/3
[  520.152] TLM t= 354.4 L1·A@-75 L2·A@-67 L3·A@-76 R1·A@-76 R2·A@-69 R3·A@-64 罐=无罐 泵=0 阀=111111 速=+0,+0,+0.00 电=7.92V/2.36A/峰3.01 补余=0.0 IO错=0 倾+0.0 自动3/3
[  520.653] TLM t= 354.9 L1·A@-75 L2·A@-67 L3·A@-76 R1·A@-76 R2·A@-68 R3·A@-64 罐=无罐 泵=0 阀=111111 速=+0,+0,+0.00 电=7.95V/2.28A/峰3.01 补余=0.0 IO错=0 倾+0.0 自动3/3
[  521.176] TLM t= 355.5 L1·A@-75 L2·A@-66 L3·A@-75 R1·A@-75 R2·A@-68 R3·A@-63 罐=无罐 泵=0 阀=111111 速=+0,+0,+0.00 电=7.94V/2.36A/峰3.01 补余=0.0 IO错=0 倾+0.0 自动3/3
[  521.677] TLM t= 356.0 L1·A@-75 L2·A@-66 L3·A@-75 R1·A@-75 R2·A@-68 R3·A@-63 罐=无罐 泵=0 阀=111111 速=+0,+0,+0.00 电=7.95V/2.36A/峰3.01 补余=0.0 IO错=0 倾+0.0 自动3/3
[  522.202] TLM t= 356.5 L1·A@-74 L2·A@-66 L3·A@-75 R1·A@-75 R2·A@-67 R3·A@-62 罐=无罐 泵=0 阀=111111 速=+0,+0,+0.00 电=7.95V/2.44A/峰3.01 补余=0.0 IO错=0 倾+0.0 自动3/3
[  522.707] TLM t= 357.0 L1·A@-74 L2·A@-65 L3·A@-75 R1·A@-75 R2·A@-67 R3·A@-62 罐=无罐 泵=0 阀=111111 速=+0,+0,+0.00 电=7.93V/2.44A/峰3.01 补余=0.0 IO错=0 倾+0.0 自动3/3
[  523.225] TLM t= 357.5 L1·A@-74 L2·A@-65 L3·A@-75 R1·A@-75 R2·A@-67 R3·A@-61 罐=无罐 泵=0 阀=111111 速=+0,+0,+0.00 电=7.96V/2.44A/峰3.01 补余=0.0 IO错=0 倾+0.0 自动3/3
[  523.726] TLM t= 358.0 L1·A@-74 L2·A@-65 L3·A@-75 R1·A@-75 R2·A@-66 R3·A@-61 罐=无罐 泵=0 阀=111111 速=+0,+0,+0.00 电=7.94V/2.36A/峰3.01 补余=0.0 IO错=0 倾+0.0 自动3/3
[  524.250] TLM t= 358.5 L1·A@-74 L2·A@-64 L3·A@-75 R1·A@-75 R2·A@-66 R3·A@-60 罐=无罐 泵=0 阀=111111 速=+0,+0,+0.00 电=7.94V/2.36A/峰3.01 补余=0.0 IO错=0 倾+0.0 自动3/3
[  524.604] EVT 泵 开 最差盘压-60.0
[  524.756] TLM t= 359.0 L1·A@-74 L2·A@-64 L3·A@-75 R1·A@-75 R2·A@-66 R3·A@-60 罐=无罐 泵=1 阀=111111 速=+0,+0,+0.00 电=7.91V/2.44A/峰3.01 补余=0.0 IO错=0 倾+0.0 自动3/3
[  525.275] TLM t= 359.5 L1·A@-74 L2·A@-73 L3·A@-75 R1·A@-75 R2·A@-72 R3·A@-73 罐=无罐 泵=1 阀=111111 速=+0,+0,+0.00 电=7.87V/2.28A/峰3.01 补余=0.0 IO错=0 倾+0.0 自动3/3
[  525.471] EVT 泵 停 最差盘压-75.0
[  525.781] TLM t= 360.0 L1·A@-76 L2·A@-76 L3·A@-76 R1·A@-75 R2·A@-75 R3·A@-76 罐=无罐 泵=0 阀=111111 速=+0,+0,+0.00 电=7.92V/2.36A/峰3.01 补余=0.0 IO错=0 倾+0.0 自动3/3
[  526.300] TLM t= 360.6 L1·A@-76 L2·A@-75 L3·A@-75 R1·A@-75 R2·A@-75 R3·A@-75 罐=无罐 泵=0 阀=111111 速=+0,+0,+0.00 电=7.94V/2.36A/峰3.01 补余=0.0 IO错=0 倾+0.0 自动3/3
[  526.802] TLM t= 361.1 L1·A@-76 L2·A@-75 L3·A@-75 R1·A@-75 R2·A@-74 R3·A@-74 罐=无罐 泵=0 阀=111111 速=+0,+0,+0.00 电=7.93V/2.36A/峰3.01 补余=0.0 IO错=0 倾+0.0 自动3/3
[  527.325] TLM t= 361.6 L1·A@-75 L2·A@-74 L3·A@-75 R1·A@-75 R2·A@-74 R3·A@-74 罐=无罐 泵=0 阀=111111 速=+0,+0,+0.00 电=7.94V/2.36A/峰3.01 补余=0.0 IO错=0 倾+0.0 自动3/3
[  527.827] TLM t= 362.1 L1·A@-75 L2·A@-74 L3·A@-75 R1·A@-75 R2·A@-74 R3·A@-73 罐=无罐 泵=0 阀=111111 速=+0,+0,+0.00 电=7.94V/2.36A/峰3.01 补余=0.0 IO错=0 倾+0.0 自动3/3
[  528.351] TLM t= 362.6 L1·A@-75 L2·A@-74 L3·A@-75 R1·A@-75 R2·A@-73 R3·A@-73 罐=无罐 泵=0 阀=111111 速=+0,+0,+0.00 电=7.92V/2.44A/峰3.01 补余=0.0 IO错=0 倾+0.0 自动3/3
[  528.853] TLM t= 363.1 L1·A@-75 L2·A@-73 L3·A@-75 R1·A@-75 R2·A@-73 R3·A@-72 罐=无罐 泵=0 阀=111111 速=+0,+0,+0.00 电=7.94V/2.28A/峰3.01 补余=0.0 IO错=0 倾+0.0 自动3/3
[  529.374] TLM t= 363.6 L1·A@-75 L2·A@-73 L3·A@-75 R1·A@-75 R2·A@-73 R3·A@-71 罐=无罐 泵=0 阀=111111 速=+0,+0,+0.00 电=7.92V/2.36A/峰3.01 补余=0.0 IO错=0 倾+0.0 自动3/3
[  529.879] TLM t= 364.1 L1·A@-75 L2·A@-72 L3·A@-75 R1·A@-75 R2·A@-72 R3·A@-71 罐=无罐 泵=0 阀=111111 速=+0,+0,+0.00 电=7.93V/2.44A/峰3.01 补余=0.0 IO错=0 倾+0.0 自动3/3
[  530.403] TLM t= 364.6 L1·A@-75 L2·A@-72 L3·A@-75 R1·A@-75 R2·A@-72 R3·A@-70 罐=无罐 泵=0 阀=111111 速=+0,+0,+0.00 电=7.93V/2.44A/峰3.01 补余=0.0 IO错=0 倾+0.0 自动3/3
[  530.905] TLM t= 365.1 L1·A@-75 L2·A@-72 L3·A@-75 R1·A@-75 R2·A@-71 R3·A@-70 罐=无罐 泵=0 阀=111111 速=+0,+0,+0.00 电=7.94V/2.36A/峰3.01 补余=0.0 IO错=0 倾+0.0 自动3/3
[  531.428] TLM t= 365.7 L1·A@-75 L2·A@-71 L3·A@-75 R1·A@-75 R2·A@-71 R3·A@-69 罐=无罐 泵=0 阀=111111 速=+0,+0,+0.00 电=7.94V/2.28A/峰3.01 补余=0.0 IO错=0 倾+0.0 自动3/3
[  531.932] TLM t= 366.1 L1·A@-75 L2·A@-71 L3·A@-75 R1·A@-75 R2·A@-71 R3·A@-69 罐=无罐 泵=0 阀=111111 速=+0,+0,+0.00 电=7.92V/2.36A/峰3.01 补余=0.0 IO错=0 倾+0.0 自动3/3
[  532.439] TLM t= 366.6 L1·A@-74 L2·A@-70 L3·A@-75 R1·A@-75 R2·A@-70 R3·A@-68 罐=无罐 泵=0 阀=111111 速=+0,+0,+0.00 电=7.94V/2.36A/峰3.01 补余=0.0 IO错=0 倾+0.0 自动3/3
[  532.945] TLM t= 367.1 L1·A@-74 L2·A@-70 L3·A@-75 R1·A@-75 R2·A@-70 R3·A@-68 罐=无罐 泵=0 阀=111111 速=+0,+0,+0.00 电=7.94V/2.36A/峰3.01 补余=0.0 IO错=0 倾+0.0 自动3/3
[  533.463] TLM t= 367.7 L1·A@-74 L2·A@-70 L3·A@-75 R1·A@-75 R2·A@-70 R3·A@-67 罐=无罐 泵=0 阀=111111 速=+0,+0,+0.00 电=7.93V/2.44A/峰3.01 补余=0.0 IO错=0 倾+0.0 自动3/3
[  533.966] TLM t= 368.2 L1·A@-74 L2·A@-69 L3·A@-75 R1·A@-75 R2·A@-69 R3·A@-67 罐=无罐 泵=0 阀=111111 速=+0,+0,+0.00 电=7.94V/2.28A/峰3.01 补余=0.0 IO错=0 倾+0.0 自动3/3
[  534.491] TLM t= 368.7 L1·A@-74 L2·A@-69 L3·A@-74 R1·A@-75 R2·A@-69 R3·A@-66 罐=无罐 泵=0 阀=111111 速=+0,+0,+0.00 电=7.95V/2.36A/峰3.01 补余=0.0 IO错=0 倾+0.0 自动3/3
[  534.997] TLM t= 369.2 L1·A@-74 L2·A@-68 L3·A@-74 R1·A@-75 R2·A@-69 R3·A@-65 罐=无罐 泵=0 阀=111111 速=+0,+0,+0.00 电=7.93V/2.36A/峰3.01 补余=0.0 IO错=0 倾+0.0 自动3/3
[  535.515] TLM t= 369.7 L1·A@-74 L2·A@-68 L3·A@-74 R1·A@-75 R2·A@-68 R3·A@-65 罐=无罐 泵=0 阀=111111 速=+0,+0,+0.00 电=7.95V/2.44A/峰3.01 补余=0.0 IO错=0 倾+0.0 自动3/3
[  536.021] TLM t= 370.2 L1·A@-74 L2·A@-68 L3·A@-74 R1·A@-75 R2·A@-68 R3·A@-64 罐=无罐 泵=0 阀=111111 速=+0,+0,+0.00 电=7.93V/2.44A/峰3.01 补余=0.0 IO错=0 倾+0.0 自动3/3
[  536.540] TLM t= 370.7 L1·A@-74 L2·A@-67 L3·A@-74 R1·A@-75 R2·A@-68 R3·A@-64 罐=无罐 泵=0 阀=111111 速=+0,+0,+0.00 电=7.95V/2.36A/峰3.01 补余=0.0 IO错=0 倾+0.0 自动3/3
[  537.043] TLM t= 371.2 L1·A@-74 L2·A@-67 L3·A@-74 R1·A@-74 R2·A@-67 R3·A@-63 罐=无罐 泵=0 阀=111111 速=+0,+0,+0.00 电=7.93V/2.28A/峰3.01 补余=0.0 IO错=0 倾+0.0 自动3/3
[  537.566] TLM t= 371.7 L1·A@-74 L2·A@-66 L3·A@-74 R1·A@-74 R2·A@-67 R3·A@-63 罐=无罐 泵=0 阀=111111 速=+0,+0,+0.00 电=7.94V/2.36A/峰3.01 补余=0.0 IO错=0 倾+0.0 自动3/3
[  537.639] EVT 实验序列完成
[  538.069] TLM t= 372.2 L1·A@-73 L2·A@-66 L3·A@-74 R1·A@-74 R2·A@-67 R3·A@-62 罐=无罐 泵=0 阀=111111 速=+0,+0,+0.00 电=7.94V/2.36A/峰3.01 补余=0.0 IO错=0 倾+0.0
[  538.589] TLM t= 372.8 L1·A@-73 L2·A@-66 L3·A@-74 R1·A@-74 R2·A@-66 R3·A@-62 罐=无罐 泵=0 阀=111111 速=+0,+0,+0.00 电=7.93V/2.28A/峰3.01 补余=0.0 IO错=0 倾+0.0
[  539.096] TLM t= 373.3 L1·A@-73 L2·A@-65 L3·A@-74 R1·A@-74 R2·A@-66 R3·A@-61 罐=无罐 泵=0 阀=111111 速=+0,+0,+0.00 电=7.91V/2.36A/峰3.01 补余=0.0 IO错=0 倾+0.0
[  539.614] TLM t= 373.8 L1·A@-73 L2·A@-65 L3·A@-74 R1·A@-74 R2·A@-66 R3·A@-61 罐=无罐 泵=0 阀=111111 速=+0,+0,+0.00 电=7.96V/2.52A/峰3.01 补余=0.0 IO错=0 倾+0.0
[  540.115] TLM t= 374.3 L1·A@-73 L2·A@-65 L3·A@-74 R1·A@-74 R2·A@-65 R3·A@-60 罐=无罐 泵=0 阀=111111 速=+0,+0,+0.00 电=7.93V/2.44A/峰3.01 补余=0.0 IO错=0 倾+0.0
[  540.409] EVT 泵 开 最差盘压-60.0
[  540.640] TLM t= 374.8 L1·A@-73 L2·A@-64 L3·A@-74 R1·A@-74 R2·A@-65 R3·A@-60 罐=无罐 泵=1 阀=111111 速=+0,+0,+0.00 电=7.85V/2.44A/峰3.01 补余=0.0 IO错=0 倾+0.0
[  541.144] TLM t= 375.3 L1·A@-73 L2·A@-74 L3·A@-74 R1·A@-74 R2·A@-74 R3·A@-74 罐=无罐 泵=1 阀=111111 速=+0,+0,+0.00 电=7.91V/2.36A/峰3.01 补余=0.0 IO错=0 倾+0.0
[  541.437] EVT 泵 停 最差盘压-75.2
[  541.665] TLM t= 375.8 L1·A@-77 L2·A@-77 L3·A@-77 R1·A@-76 R2·A@-76 R3·A@-77 罐=无罐 泵=0 阀=111111 速=+0,+0,+0.00 电=7.94V/2.44A/峰3.01 补余=0.0 IO错=0 倾+0.0
[  542.168] TLM t= 376.3 L1·A@-77 L2·A@-76 L3·A@-77 R1·A@-76 R2·A@-76 R3·A@-76 罐=无罐 泵=0 阀=111111 速=+0,+0,+0.00 电=7.93V/2.28A/峰3.01 补余=0.0 IO错=0 倾+0.0
[  542.689] TLM t= 376.8 L1·A@-76 L2·A@-76 L3·A@-77 R1·A@-76 R2·A@-76 R3·A@-75 罐=无罐 泵=0 阀=111111 速=+0,+0,+0.00 电=7.93V/2.44A/峰3.01 补余=0.0 IO错=0 倾+0.0
[  543.191] TLM t= 377.3 L1·A@-76 L2·A@-75 L3·A@-76 R1·A@-76 R2·A@-75 R3·A@-75 罐=无罐 泵=0 阀=111111 速=+0,+0,+0.00 电=7.94V/2.44A/峰3.01 补余=0.0 IO错=0 倾+0.0
[  543.716] TLM t= 377.9 L1·A@-76 L2·A@-75 L3·A@-76 R1·A@-76 R2·A@-75 R3·A@-74 罐=无罐 泵=0 阀=111111 速=+0,+0,+0.00 电=7.93V/2.44A/峰3.01 补余=0.0 IO错=0 倾+0.0
[  544.221] TLM t= 378.4 L1·A@-76 L2·A@-75 L3·A@-76 R1·A@-76 R2·A@-74 R3·A@-74 罐=无罐 泵=0 阀=111111 速=+0,+0,+0.00 电=7.92V/2.36A/峰3.01 补余=0.0 IO错=0 倾+0.0
[  544.740] TLM t= 378.9 L1·A@-76 L2·A@-74 L3·A@-76 R1·A@-76 R2·A@-74 R3·A@-73 罐=无罐 泵=0 阀=111111 速=+0,+0,+0.00 电=7.94V/2.52A/峰3.01 补余=0.0 IO错=0 倾+0.0
[  545.242] TLM t= 379.4 L1·A@-76 L2·A@-74 L3·A@-76 R1·A@-76 R2·A@-74 R3·A@-72 罐=无罐 泵=0 阀=111111 速=+0,+0,+0.00 电=7.94V/2.36A/峰3.01 补余=0.0 IO错=0 倾+0.0
[  545.765] TLM t= 379.9 L1·A@-76 L2·A@-73 L3·A@-76 R1·A@-76 R2·A@-73 R3·A@-72 罐=无罐 泵=0 阀=111111 速=+0,+0,+0.00 电=7.93V/2.44A/峰3.01 补余=0.0 IO错=0 倾+0.0
[  546.271] TLM t= 380.4 L1·A@-76 L2·A@-73 L3·A@-76 R1·A@-76 R2·A@-73 R3·A@-71 罐=无罐 泵=0 阀=111111 速=+0,+0,+0.00 电=7.93V/2.28A/峰3.01 补余=0.0 IO错=0 倾+0.0
[  546.790] TLM t= 380.9 L1·A@-76 L2·A@-72 L3·A@-76 R1·A@-76 R2·A@-73 R3·A@-71 罐=无罐 泵=0 阀=111111 速=+0,+0,+0.00 电=7.93V/2.28A/峰3.01 补余=0.0 IO错=0 倾+0.0
[  547.293] TLM t= 381.4 L1·A@-76 L2·A@-72 L3·A@-76 R1·A@-76 R2·A@-72 R3·A@-70 罐=无罐 泵=0 阀=111111 速=+0,+0,+0.00 电=7.91V/2.44A/峰3.01 补余=0.0 IO错=0 倾+0.0
[  547.818] TLM t= 381.9 L1·A@-75 L2·A@-72 L3·A@-76 R1·A@-76 R2·A@-72 R3·A@-70 罐=无罐 泵=0 阀=111111 速=+0,+0,+0.00 电=7.92V/2.52A/峰3.01 补余=0.0 IO错=0 倾+0.0
[  548.319] TLM t= 382.4 L1·A@-75 L2·A@-71 L3·A@-76 R1·A@-76 R2·A@-72 R3·A@-69 罐=无罐 泵=0 阀=111111 速=+0,+0,+0.00 电=7.94V/2.44A/峰3.01 补余=0.0 IO错=0 倾+0.0
[  548.840] TLM t= 383.0 L1·A@-75 L2·A@-71 L3·A@-76 R1·A@-76 R2·A@-71 R3·A@-69 罐=无罐 泵=0 阀=111111 速=+0,+0,+0.00 电=7.94V/2.28A/峰3.01 补余=0.0 IO错=0 倾+0.0
[  549.344] TLM t= 383.5 L1·A@-75 L2·A@-70 L3·A@-76 R1·A@-75 R2·A@-71 R3·A@-68 罐=无罐 泵=0 阀=111111 速=+0,+0,+0.00 电=7.95V/2.44A/峰3.01 补余=0.0 IO错=0 倾+0.0
[  549.863] TLM t= 384.0 L1·A@-75 L2·A@-70 L3·A@-76 R1·A@-75 R2·A@-71 R3·A@-68 罐=无罐 泵=0 阀=111111 速=+0,+0,+0.00 电=7.93V/2.44A/峰3.01 补余=0.0 IO错=0 倾+0.0
[  550.366] TLM t= 384.5 L1·A@-75 L2·A@-70 L3·A@-76 R1·A@-75 R2·A@-70 R3·A@-67 罐=无罐 泵=0 阀=111111 速=+0,+0,+0.00 电=7.94V/2.36A/峰3.01 补余=0.0 IO错=0 倾+0.0
[  550.887] TLM t= 385.0 L1·A@-75 L2·A@-69 L3·A@-76 R1·A@-75 R2·A@-70 R3·A@-66 罐=无罐 泵=0 阀=111111 速=+0,+0,+0.00 电=7.94V/2.28A/峰3.01 补余=0.0 IO错=0 倾+0.0
[  551.390] TLM t= 385.5 L1·A@-75 L2·A@-69 L3·A@-75 R1·A@-75 R2·A@-69 R3·A@-66 罐=无罐 泵=0 阀=111111 速=+0,+0,+0.00 电=7.95V/2.44A/峰3.01 补余=0.0 IO错=0 倾+0.0
[  551.912] TLM t= 386.0 L1·A@-75 L2·A@-68 L3·A@-75 R1·A@-75 R2·A@-69 R3·A@-65 罐=无罐 泵=0 阀=111111 速=+0,+0,+0.00 电=7.93V/2.44A/峰3.01 补余=0.0 IO错=0 倾+0.0
[  552.420] TLM t= 386.5 L1·A@-75 L2·A@-68 L3·A@-75 R1·A@-75 R2·A@-69 R3·A@-65 罐=无罐 泵=0 阀=111111 速=+0,+0,+0.00 电=7.94V/2.20A/峰3.01 补余=0.0 IO错=0 倾+0.0
[  552.937] TLM t= 387.0 L1·A@-75 L2·A@-68 L3·A@-75 R1·A@-75 R2·A@-68 R3·A@-64 罐=无罐 泵=0 阀=111111 速=+0,+0,+0.00 电=7.92V/2.36A/峰3.01 补余=0.0 IO错=0 倾+0.0
[  553.440] TLM t= 387.5 L1·A@-74 L2·A@-67 L3·A@-75 R1·A@-75 R2·A@-68 R3·A@-64 罐=无罐 泵=0 阀=111111 速=+0,+0,+0.00 电=7.94V/2.36A/峰3.01 补余=0.0 IO错=0 倾+0.0
[  553.966] TLM t= 388.1 L1·A@-74 L2·A@-67 L3·A@-75 R1·A@-75 R2·A@-68 R3·A@-63 罐=无罐 泵=0 阀=111111 速=+0,+0,+0.00 电=7.94V/2.36A/峰3.01 补余=0.0 IO错=0 倾+0.0
[  554.469] TLM t= 388.6 L1·A@-74 L2·A@-67 L3·A@-75 R1·A@-75 R2·A@-67 R3·A@-63 罐=无罐 泵=0 阀=111111 速=+0,+0,+0.00 电=7.92V/2.44A/峰3.01 补余=0.0 IO错=0 倾+0.0
[  554.989] TLM t= 389.1 L1·A@-74 L2·A@-66 L3·A@-75 R1·A@-75 R2·A@-67 R3·A@-62 罐=无罐 泵=0 阀=111111 速=+0,+0,+0.00 电=7.94V/2.44A/峰3.01 补余=0.0 IO错=0 倾+0.0
[  555.491] TLM t= 389.6 L1·A@-74 L2·A@-66 L3·A@-75 R1·A@-75 R2·A@-67 R3·A@-62 罐=无罐 泵=0 阀=111111 速=+0,+0,+0.00 电=7.95V/2.36A/峰3.01 补余=0.0 IO错=0 倾+0.0
[  556.013] TLM t= 390.1 L1·A@-74 L2·A@-65 L3·A@-75 R1·A@-75 R2·A@-66 R3·A@-61 罐=无罐 泵=0 阀=111111 速=+0,+0,+0.00 电=7.93V/2.36A/峰3.01 补余=0.0 IO错=0 倾+0.0
[  556.514] TLM t= 390.6 L1·A@-74 L2·A@-65 L3·A@-75 R1·A@-75 R2·A@-66 R3·A@-61 罐=无罐 泵=0 阀=111111 速=+0,+0,+0.00 电=7.94V/2.36A/峰3.01 补余=0.0 IO错=0 倾+0.0
[  557.040] TLM t= 391.1 L1·A@-74 L2·A@-65 L3·A@-75 R1·A@-75 R2·A@-66 R3·A@-60 罐=无罐 泵=0 阀=111111 速=+0,+0,+0.00 电=7.93V/2.44A/峰3.01 补余=0.0 IO错=0 倾+0.0
[  557.234] EVT 泵 开 最差盘压-59.9
[  557.543] TLM t= 391.6 L1·A@-74 L2·A@-64 L3·A@-75 R1·A@-75 R2·A@-65 R3·A@-62 罐=无罐 泵=1 阀=111111 速=+0,+0,+0.00 电=7.90V/2.36A/峰3.01 补余=0.0 IO错=0 倾+0.0
[  558.069] TLM t= 392.1 L1·A@-75 L2·A@-75 L3·A@-75 R1·A@-75 R2·A@-74 R3·A@-74 罐=无罐 泵=1 阀=111111 速=+0,+0,+0.00 电=7.91V/2.28A/峰3.01 补余=0.0 IO错=0 倾+0.0
[  558.325] EVT 泵 停 最差盘压-75.7
[  558.575] TLM t= 392.6 L1·A@-77 L2·A@-77 L3·A@-77 R1·A@-76 R2·A@-77 R3·A@-77 罐=无罐 泵=0 阀=111111 速=+0,+0,+0.00 电=7.94V/2.36A/峰3.01 补余=0.0 IO错=0 倾+0.0
[  559.096] TLM t= 393.2 L1·A@-77 L2·A@-77 L3·A@-77 R1·A@-76 R2·A@-76 R3·A@-76 罐=无罐 泵=0 阀=111111 速=+0,+0,+0.00 电=7.92V/2.36A/峰3.01 补余=0.0 IO错=0 倾+0.0
[  559.597] TLM t= 393.7 L1·A@-77 L2·A@-76 L3·A@-77 R1·A@-76 R2·A@-76 R3·A@-76 罐=无罐 泵=0 阀=111111 速=+0,+0,+0.00 电=7.93V/2.28A/峰3.01 补余=0.0 IO错=0 倾+0.0
[  560.120] TLM t= 394.2 L1·A@-77 L2·A@-76 L3·A@-77 R1·A@-76 R2·A@-76 R3·A@-75 罐=无罐 泵=0 阀=111111 速=+0,+0,+0.00 电=7.92V/2.44A/峰3.01 补余=0.0 IO错=0 倾+0.0
[  560.621] TLM t= 394.7 L1·A@-77 L2·A@-75 L3·A@-77 R1·A@-76 R2·A@-75 R3·A@-75 罐=无罐 泵=0 阀=111111 速=+0,+0,+0.00 电=7.93V/2.28A/峰3.01 补余=0.0 IO错=0 倾+0.0
[  561.147] TLM t= 395.2 L1·A@-77 L2·A@-75 L3·A@-77 R1·A@-76 R2·A@-75 R3·A@-74 罐=无罐 泵=0 阀=111111 速=+0,+0,+0.00 电=7.93V/2.36A/峰3.01 补余=0.0 IO错=0 倾+0.0
[  561.652] TLM t= 395.7 L1·A@-77 L2·A@-75 L3·A@-77 R1·A@-76 R2·A@-74 R3·A@-73 罐=无罐 泵=0 阀=111111 速=+0,+0,+0.00 电=7.92V/2.36A/峰3.01 补余=0.0 IO错=0 倾+0.0
[  562.170] TLM t= 396.2 L1·A@-76 L2·A@-74 L3·A@-77 R1·A@-76 R2·A@-74 R3·A@-73 罐=无罐 泵=0 阀=111111 速=+0,+0,+0.00 电=7.93V/2.44A/峰3.01 补余=0.0 IO错=0 倾+0.0
[  562.678] TLM t= 396.7 L1·A@-76 L2·A@-74 L3·A@-77 R1·A@-76 R2·A@-74 R3·A@-72 罐=无罐 泵=0 阀=111111 速=+0,+0,+0.00 电=7.93V/2.28A/峰3.01 补余=0.0 IO错=0 倾+0.0
[  563.198] TLM t= 397.2 L1·A@-76 L2·A@-73 L3·A@-77 R1·A@-76 R2·A@-73 R3·A@-72 罐=无罐 泵=0 阀=111111 速=+0,+0,+0.00 电=7.94V/2.36A/峰3.01 补余=0.0 IO错=0 倾+0.0
[  563.700] TLM t= 397.7 L1·A@-76 L2·A@-73 L3·A@-76 R1·A@-76 R2·A@-73 R3·A@-71 罐=无罐 泵=0 阀=111111 速=+0,+0,+0.00 电=7.93V/2.36A/峰3.01 补余=0.0 IO错=0 倾+0.0
[  564.225] TLM t= 398.3 L1·A@-76 L2·A@-72 L3·A@-76 R1·A@-76 R2·A@-73 R3·A@-71 罐=无罐 泵=0 阀=111111 速=+0,+0,+0.00 电=7.93V/2.36A/峰3.01 补余=0.0 IO错=0 倾+0.0
[  564.728] TLM t= 398.8 L1·A@-76 L2·A@-72 L3·A@-76 R1·A@-76 R2·A@-72 R3·A@-70 罐=无罐 泵=0 阀=111111 速=+0,+0,+0.00 电=7.94V/2.36A/峰3.01 补余=0.0 IO错=0 倾+0.0
[  565.250] TLM t= 399.3 L1·A@-76 L2·A@-72 L3·A@-76 R1·A@-76 R2·A@-72 R3·A@-70 罐=无罐 泵=0 阀=111111 速=+0,+0,+0.00 电=7.94V/2.28A/峰3.01 补余=0.0 IO错=0 倾+0.0
[  565.753] TLM t= 399.8 L1·A@-76 L2·A@-71 L3·A@-76 R1·A@-76 R2·A@-72 R3·A@-69 罐=无罐 泵=0 阀=111111 速=+0,+0,+0.00 电=7.94V/2.28A/峰3.01 补余=0.0 IO错=0 倾+0.0
[  566.276] TLM t= 400.3 L1·A@-76 L2·A@-71 L3·A@-76 R1·A@-76 R2·A@-71 R3·A@-69 罐=无罐 泵=0 阀=111111 速=+0,+0,+0.00 电=7.94V/2.28A/峰3.01 补余=0.0 IO错=0 倾+0.0
[  566.779] TLM t= 400.8 L1·A@-76 L2·A@-71 L3·A@-76 R1·A@-76 R2·A@-71 R3·A@-68 罐=无罐 泵=0 阀=111111 速=+0,+0,+0.00 电=7.93V/2.28A/峰3.01 补余=0.0 IO错=0 倾+0.0
[  567.299] TLM t= 401.3 L1·A@-75 L2·A@-70 L3·A@-76 R1·A@-76 R2·A@-71 R3·A@-67 罐=无罐 泵=0 阀=111111 速=+0,+0,+0.00 电=7.92V/2.36A/峰3.01 补余=0.0 IO错=0 倾+0.0
[  567.802] TLM t= 401.8 L1·A@-75 L2·A@-70 L3·A@-76 R1·A@-76 R2·A@-70 R3·A@-67 罐=无罐 泵=0 阀=111111 速=+0,+0,+0.00 电=7.94V/2.52A/峰3.01 补余=0.0 IO错=0 倾+0.0
[  568.324] TLM t= 402.3 L1·A@-75 L2·A@-69 L3·A@-76 R1·A@-76 R2·A@-70 R3·A@-66 罐=无罐 泵=0 阀=111111 速=+0,+0,+0.00 电=7.92V/2.85A/峰3.01 补余=0.0 IO错=0 倾+0.0
[  568.830] TLM t= 402.8 L1·A@-75 L2·A@-69 L3·A@-76 R1·A@-76 R2·A@-70 R3·A@-66 罐=无罐 泵=0 阀=111111 速=+0,+0,+0.00 电=7.91V/2.44A/峰3.01 补余=0.0 IO错=0 倾+0.0
[  569.348] TLM t= 403.4 L1·A@-75 L2·A@-68 L3·A@-76 R1·A@-76 R2·A@-69 R3·A@-65 罐=无罐 泵=0 阀=111111 速=+0,+0,+0.00 电=7.91V/2.44A/峰3.01 补余=0.0 IO错=0 倾+0.0
[  569.852] TLM t= 403.9 L1·A@-75 L2·A@-68 L3·A@-76 R1·A@-76 R2·A@-69 R3·A@-65 罐=无罐 泵=0 阀=111111 速=+0,+0,+0.00 电=7.91V/2.20A/峰3.01 补余=0.0 IO错=0 倾+0.0
[  570.376] TLM t= 404.4 L1·A@-75 L2·A@-68 L3·A@-76 R1·A@-76 R2·A@-69 R3·A@-64 罐=无罐 泵=0 阀=111111 速=+0,+0,+0.00 电=7.93V/2.36A/峰3.01 补余=0.0 IO错=0 倾+0.0
[  570.879] TLM t= 404.9 L1·A@-75 L2·A@-67 L3·A@-76 R1·A@-76 R2·A@-68 R3·A@-64 罐=无罐 泵=0 阀=111111 速=+0,+0,+0.00 电=7.92V/2.44A/峰3.01 补余=0.0 IO错=0 倾+0.0
[  571.403] TLM t= 405.4 L1·A@-75 L2·A@-67 L3·A@-76 R1·A@-76 R2·A@-68 R3·A@-63 罐=无罐 泵=0 阀=111111 速=+0,+0,+0.00 电=7.93V/2.28A/峰3.01 补余=0.0 IO错=0 倾+0.0
[  571.905] TLM t= 405.9 L1·A@-75 L2·A@-67 L3·A@-76 R1·A@-76 R2·A@-67 R3·A@-63 罐=无罐 泵=0 阀=111111 速=+0,+0,+0.00 电=7.92V/2.44A/峰3.01 补余=0.0 IO错=0 倾+0.0
[  572.427] TLM t= 406.4 L1·A@-75 L2·A@-66 L3·A@-75 R1·A@-75 R2·A@-67 R3·A@-62 罐=无罐 泵=0 阀=111111 速=+0,+0,+0.00 电=7.91V/2.28A/峰3.01 补余=0.0 IO错=0 倾+0.0
[  572.934] TLM t= 406.9 L1·A@-74 L2·A@-66 L3·A@-75 R1·A@-75 R2·A@-67 R3·A@-62 罐=无罐 泵=0 阀=111111 速=+0,+0,+0.00 电=7.94V/2.52A/峰3.01 补余=0.0 IO错=0 倾+0.0
[  573.457] TLM t= 407.4 L1·A@-74 L2·A@-65 L3·A@-75 R1·A@-75 R2·A@-66 R3·A@-61 罐=无罐 泵=0 阀=111111 速=+0,+0,+0.00 电=7.93V/2.28A/峰3.01 补余=0.0 IO错=0 倾+0.0
[  573.962] TLM t= 407.9 L1·A@-74 L2·A@-65 L3·A@-75 R1·A@-75 R2·A@-66 R3·A@-61 罐=无罐 泵=0 阀=111111 速=+0,+0,+0.00 电=7.93V/2.44A/峰3.01 补余=0.0 IO错=0 倾+0.0
[  574.484] TLM t= 408.5 L1·A@-74 L2·A@-65 L3·A@-75 R1·A@-75 R2·A@-66 R3·A@-60 罐=无罐 泵=0 阀=111111 速=+0,+0,+0.00 电=7.93V/2.44A/峰3.01 补余=0.0 IO错=0 倾+0.0
[  574.497] EVT 泵 开 最差盘压-60.0
[  574.986] TLM t= 409.0 L1·A@-74 L2·A@-69 L3·A@-75 R1·A@-75 R2·A@-69 R3·A@-69 罐=无罐 泵=1 阀=111111 速=+0,+0,+0.00 电=7.91V/2.28A/峰3.01 补余=0.0 IO错=0 倾+0.0
[  575.380] EVT 泵 停 最差盘压-75.0
[  575.508] TLM t= 409.5 L1·A@-76 L2·A@-76 L3·A@-76 R1·A@-75 R2·A@-76 R3·A@-76 罐=无罐 泵=0 阀=111111 速=+0,+0,+0.00 电=7.92V/2.28A/峰3.01 补余=0.0 IO错=0 倾+0.0
[  576.014] TLM t= 410.0 L1·A@-76 L2·A@-76 L3·A@-76 R1·A@-75 R2·A@-75 R3·A@-75 罐=无罐 泵=0 阀=111111 速=+0,+0,+0.00 电=7.92V/2.44A/峰3.01 补余=0.0 IO错=0 倾+0.0
[  576.532] TLM t= 410.5 L1·A@-76 L2·A@-75 L3·A@-76 R1·A@-75 R2·A@-75 R3·A@-75 罐=无罐 泵=0 阀=111111 速=+0,+0,+0.00 电=7.91V/2.44A/峰3.01 补余=0.0 IO错=0 倾+0.0
[  577.038] TLM t= 411.0 L1·A@-76 L2·A@-75 L3·A@-76 R1·A@-75 R2·A@-74 R3·A@-74 罐=无罐 泵=0 阀=111111 速=+0,+0,+0.00 电=7.91V/2.36A/峰3.01 补余=0.0 IO错=0 倾+0.0
[  577.556] TLM t= 411.5 L1·A@-76 L2·A@-74 L3·A@-76 R1·A@-75 R2·A@-74 R3·A@-74 罐=无罐 泵=0 阀=111111 速=+0,+0,+0.00 电=7.91V/2.52A/峰3.01 补余=0.0 IO错=0 倾+0.0
[  578.059] TLM t= 412.0 L1·A@-75 L2·A@-74 L3·A@-75 R1·A@-75 R2·A@-74 R3·A@-73 罐=无罐 泵=0 阀=111111 速=+0,+0,+0.00 电=7.93V/2.36A/峰3.01 补余=0.0 IO错=0 倾+0.0
[  578.581] TLM t= 412.5 L1·A@-75 L2·A@-74 L3·A@-75 R1·A@-75 R2·A@-73 R3·A@-72 罐=无罐 泵=0 阀=111111 速=+0,+0,+0.00 电=7.92V/2.28A/峰3.01 补余=0.0 IO错=0 倾+0.0
[  579.084] TLM t= 413.0 L1·A@-75 L2·A@-73 L3·A@-75 R1·A@-75 R2·A@-73 R3·A@-72 罐=无罐 泵=0 阀=111111 速=+0,+0,+0.00 电=7.92V/2.52A/峰3.01 补余=0.0 IO错=0 倾+0.0
[  579.607] TLM t= 413.6 L1·A@-75 L2·A@-73 L3·A@-75 R1·A@-75 R2·A@-73 R3·A@-71 罐=无罐 泵=0 阀=111111 速=+0,+0,+0.00 电=7.93V/2.36A/峰3.01 补余=0.0 IO错=0 倾+0.0
[  580.110] TLM t= 414.1 L1·A@-75 L2·A@-72 L3·A@-75 R1·A@-75 R2·A@-72 R3·A@-71 罐=无罐 泵=0 阀=111111 速=+0,+0,+0.00 电=7.94V/2.28A/峰3.01 补余=0.0 IO错=0 倾+0.0
[  580.634] TLM t= 414.6 L1·A@-75 L2·A@-72 L3·A@-75 R1·A@-75 R2·A@-72 R3·A@-70 罐=无罐 泵=0 阀=111111 速=+0,+0,+0.00 电=7.93V/2.44A/峰3.01 补余=0.0 IO错=0 倾+0.0
[  581.137] TLM t= 415.1 L1·A@-75 L2·A@-72 L3·A@-75 R1·A@-75 R2·A@-72 R3·A@-70 罐=无罐 泵=0 阀=111111 速=+0,+0,+0.00 电=7.92V/2.36A/峰3.01 补余=0.0 IO错=0 倾+0.0
[  581.657] TLM t= 415.6 L1·A@-75 L2·A@-71 L3·A@-75 R1·A@-75 R2·A@-71 R3·A@-69 罐=无罐 泵=0 阀=111111 速=+0,+0,+0.00 电=7.93V/2.28A/峰3.01 补余=0.0 IO错=0 倾+0.0
[  582.159] TLM t= 416.1 L1·A@-75 L2·A@-71 L3·A@-75 R1·A@-75 R2·A@-71 R3·A@-69 罐=无罐 泵=0 阀=111111 速=+0,+0,+0.00 电=7.92V/2.36A/峰3.01 补余=0.0 IO错=0 倾+0.0
[  582.683] TLM t= 416.6 L1·A@-75 L2·A@-70 L3·A@-75 R1·A@-75 R2·A@-70 R3·A@-68 罐=无罐 泵=0 阀=111111 速=+0,+0,+0.00 电=7.94V/2.12A/峰3.01 补余=0.0 IO错=0 倾+0.0
[  583.184] TLM t= 417.1 L1·A@-74 L2·A@-70 L3·A@-75 R1·A@-75 R2·A@-70 R3·A@-67 罐=无罐 泵=0 阀=111111 速=+0,+0,+0.00 电=7.97V/1.79A/峰3.01 补余=0.0 IO错=0 倾+0.0
[  583.708] TLM t= 417.6 L1·A@-74 L2·A@-70 L3·A@-75 R1·A@-75 R2·A@-70 R3·A@-67 罐=无罐 泵=0 阀=111111 速=+0,+0,+0.00 电=7.97V/1.79A/峰3.01 补余=0.0 IO错=0 倾+0.0
[  583.794] EVT 键 'o' 倾=+0.0待=+0.0
[  583.974] EVT 取机窗口：停泵 → 逐足串行排气（0.2s 间隔）→ 六足舵机撑住（泵禁开）
[  584.231] TLM t= 417.9 L1·A@-74 L2·A@-69 L3·A@-75 R1·A@-75 R2·A@-69 R3·A@-66 罐=无罐 泵=0 阀=111111 速=+0,+0,+0.00 电=7.97V/1.55A/峰3.01 补余=0.0 IO错=0 取机放气
[  584.390] EVT 吸附 L1 attached→venting 在态141.92s -74.1kPa
[  584.395] EVT 阀 L1 →排气位
[  584.654] EVT 吸附 L2 attached→venting 在态76.40s -68.7kPa
[  584.657] EVT 阀 L2 →排气位
[  584.737] TLM t= 417.9 L1·v@-74 L2·v@-69 L3·A@-75 R1·A@-75 R2·A@-69 R3·A@-66 罐=无罐 泵=0 阀=001111 速=+0,+0,+0.00 电=7.97V/1.06A/峰3.01 补余=0.0 IO错=0 取机放气
[  584.916] EVT 吸附 L3 attached→venting 在态109.68s -74.8kPa
[  584.918] EVT 吸附 L1 venting→released 在态0.42s 0.1kPa
[  584.918] EVT 阀 L3 →排气位
[  585.142] EVT 吸附 R1 attached→venting 在态93.06s -74.8kPa
[  585.145] EVT 吸附 L2 venting→released 在态0.42s 0.3kPa
[  585.150] EVT 阀 R1 →排气位
[  585.240] TLM t= 417.9 L1·r@-- L2·r@-- L3·v@-75 R1·v@-75 R2·A@-69 R3·A@-65 罐=无罐 泵=0 阀=000011 速=+0,+0,+0.00 电=7.96V/0.73A/峰3.01 补余=0.0 IO错=0 取机放气
[  585.371] EVT 吸附 R2 attached→venting 在态126.58s -68.6kPa
[  585.373] EVT 吸附 L3 venting→released 在态0.42s 0.1kPa
[  585.374] EVT 阀 R2 →排气位
[  585.582] EVT 吸附 R3 attached→venting 在态159.66s -64.9kPa
[  585.584] EVT 吸附 R1 venting→released 在态0.42s 0.1kPa
[  585.585] EVT 阀 R3 →排气位
[  585.752] TLM t= 417.9 L1·r@-- L2·r@-- L3·r@-- R1·r@-- R2·v@-69 R3·v@-65 罐=无罐 泵=0 阀=000000 速=+0,+0,+0.00 电=7.93V/0.81A/峰3.01 补余=0.0 IO错=0 取机放气
[  585.797] EVT 键 'o' 倾=+0.0待=+0.0（已放开）
[  585.800] EVT 吸附 R2 venting→released 在态0.42s -0.0kPa
[  585.800] EVT ⚠ 主环卡顿 1826ms（目标 20ms）
[  585.983] EVT 吸附 R3 venting→released 在态0.42s 0.2kPa
[  586.276] TLM t= 418.4 L1·r@-- L2·r@-- L3·r@-- R1·r@-- R2·r@-- R3·r@-- 罐=无罐 泵=0 阀=000000 速=+0,+0,+0.00 电=7.93V/0.81A/峰3.01 补余=0.0 IO错=0 倾+0.0 已放开
[  586.771] TLM t= 418.9 L1·r@-- L2·r@-- L3·r@-- R1·r@-- R2·r@-- R3·r@-- 罐=无罐 泵=0 阀=000000 速=+0,+0,+0.00 电=7.94V/0.73A/峰3.01 补余=0.0 IO错=0 倾+0.0 已放开
[  587.273] TLM t= 419.4 L1·r@-- L2·r@-- L3·r@-- R1·r@-- R2·r@-- R3·r@-- 罐=无罐 泵=0 阀=000000 速=+0,+0,+0.00 电=7.94V/0.73A/峰3.01 补余=0.0 IO错=0 倾+0.0 已放开
[  587.774] TLM t= 419.9 L1·r@-- L2·r@-- L3·r@-- R1·r@-- R2·r@-- R3·r@-- 罐=无罐 泵=0 阀=000000 速=+0,+0,+0.00 电=7.93V/0.73A/峰3.01 补余=0.0 IO错=0 倾+0.0 已放开
[  588.277] TLM t= 420.4 L1·r@-- L2·r@-- L3·r@-- R1·r@-- R2·r@-- R3·r@-- 罐=无罐 泵=0 阀=000000 速=+0,+0,+0.00 电=7.94V/0.81A/峰3.01 补余=0.0 IO错=0 倾+0.0 已放开
[  588.777] TLM t= 420.9 L1·r@-- L2·r@-- L3·r@-- R1·r@-- R2·r@-- R3·r@-- 罐=无罐 泵=0 阀=000000 速=+0,+0,+0.00 电=7.93V/0.73A/峰3.01 补余=0.0 IO错=0 倾+0.0 已放开
[  589.278] TLM t= 421.4 L1·r@-- L2·r@-- L3·r@-- R1·r@-- R2·r@-- R3·r@-- 罐=无罐 泵=0 阀=000000 速=+0,+0,+0.00 电=7.94V/0.65A/峰3.01 补余=0.0 IO错=0 倾+0.0 已放开
[  589.784] TLM t= 421.9 L1·r@-- L2·r@-- L3·r@-- R1·r@-- R2·r@-- R3·r@-- 罐=无罐 泵=0 阀=000000 速=+0,+0,+0.00 电=7.94V/0.57A/峰3.01 补余=0.0 IO错=0 倾+0.0 已放开
[  590.281] TLM t= 422.4 L1·r@-- L2·r@-- L3·r@-- R1·r@-- R2·r@-- R3·r@-- 罐=无罐 泵=0 阀=000000 速=+0,+0,+0.00 电=7.94V/0.49A/峰3.01 补余=0.0 IO错=0 倾+0.0 已放开
[  590.782] TLM t= 422.9 L1·r@-- L2·r@-- L3·r@-- R1·r@-- R2·r@-- R3·r@-- 罐=无罐 泵=0 阀=000000 速=+0,+0,+0.00 电=7.95V/0.41A/峰3.01 补余=0.0 IO错=0 倾+0.0 已放开
[  591.285] TLM t= 423.4 L1·r@-- L2·r@-- L3·r@-- R1·r@-- R2·r@-- R3·r@-- 罐=无罐 泵=0 阀=000000 速=+0,+0,+0.00 电=7.93V/0.81A/峰3.01 补余=0.0 IO错=0 倾+0.0 已放开
[  591.784] TLM t= 423.9 L1·r@-- L2·r@-- L3·r@-- R1·r@-- R2·r@-- R3·r@-- 罐=无罐 泵=0 阀=000000 速=+0,+0,+0.00 电=7.93V/0.81A/峰3.01 补余=0.0 IO错=0 倾+0.0 已放开
[  592.289] TLM t= 424.4 L1·r@-- L2·r@-- L3·r@-- R1·r@-- R2·r@-- R3·r@-- 罐=无罐 泵=0 阀=000000 速=+0,+0,+0.00 电=7.93V/0.81A/峰3.01 补余=0.0 IO错=0 倾+0.0 已放开
[  592.793] TLM t= 424.9 L1·r@-- L2·r@-- L3·r@-- R1·r@-- R2·r@-- R3·r@-- 罐=无罐 泵=0 阀=000000 速=+0,+0,+0.00 电=7.91V/0.81A/峰3.01 补余=0.0 IO错=0 倾+0.0 已放开
[  593.290] TLM t= 425.4 L1·r@-- L2·r@-- L3·r@-- R1·r@-- R2·r@-- R3·r@-- 罐=无罐 泵=0 阀=000000 速=+0,+0,+0.00 电=7.93V/0.81A/峰3.01 补余=0.0 IO错=0 倾+0.0 已放开
[  593.793] TLM t= 425.9 L1·r@-- L2·r@-- L3·r@-- R1·r@-- R2·r@-- R3·r@-- 罐=无罐 泵=0 阀=000000 速=+0,+0,+0.00 电=7.93V/0.81A/峰3.01 补余=0.0 IO错=0 倾+0.0 已放开
[  594.293] TLM t= 426.4 L1·r@-- L2·r@-- L3·r@-- R1·r@-- R2·r@-- R3·r@-- 罐=无罐 泵=0 阀=000000 速=+0,+0,+0.00 电=7.92V/0.81A/峰3.01 补余=0.0 IO错=0 倾+0.0 已放开
[  594.794] TLM t= 426.9 L1·r@-- L2·r@-- L3·r@-- R1·r@-- R2·r@-- R3·r@-- 罐=无罐 泵=0 阀=000000 速=+0,+0,+0.00 电=7.93V/0.73A/峰3.01 补余=0.0 IO错=0 倾+0.0 已放开
[  595.299] TLM t= 427.4 L1·r@-- L2·r@-- L3·r@-- R1·r@-- R2·r@-- R3·r@-- 罐=无罐 泵=0 阀=000000 速=+0,+0,+0.00 电=7.93V/0.81A/峰3.01 补余=0.0 IO错=0 倾+0.0 已放开
[  595.800] TLM t= 427.9 L1·r@-- L2·r@-- L3·r@-- R1·r@-- R2·r@-- R3·r@-- 罐=无罐 泵=0 阀=000000 速=+0,+0,+0.00 电=7.93V/0.81A/峰3.01 补余=0.0 IO错=0 倾+0.0 已放开
[  596.298] TLM t= 428.4 L1·r@-- L2·r@-- L3·r@-- R1·r@-- R2·r@-- R3·r@-- 罐=无罐 泵=0 阀=000000 速=+0,+0,+0.00 电=7.92V/0.81A/峰3.01 补余=0.0 IO错=0 倾+0.0 已放开
[  596.800] TLM t= 428.9 L1·r@-- L2·r@-- L3·r@-- R1·r@-- R2·r@-- R3·r@-- 罐=无罐 泵=0 阀=000000 速=+0,+0,+0.00 电=7.93V/0.81A/峰3.01 补余=0.0 IO错=0 倾+0.0 已放开
[  597.302] TLM t= 429.4 L1·r@-- L2·r@-- L3·r@-- R1·r@-- R2·r@-- R3·r@-- 罐=无罐 泵=0 阀=000000 速=+0,+0,+0.00 电=7.93V/0.81A/峰3.01 补余=0.0 IO错=0 倾+0.0 已放开
[  597.804] TLM t= 429.9 L1·r@-- L2·r@-- L3·r@-- R1·r@-- R2·r@-- R3·r@-- 罐=无罐 泵=0 阀=000000 速=+0,+0,+0.00 电=7.93V/0.81A/峰3.01 补余=0.0 IO错=0 倾+0.0 已放开
[  598.306] TLM t= 430.4 L1·r@-- L2·r@-- L3·r@-- R1·r@-- R2·r@-- R3·r@-- 罐=无罐 泵=0 阀=000000 速=+0,+0,+0.00 电=7.92V/0.90A/峰3.01 补余=0.0 IO错=0 倾+0.0 已放开
[  598.811] TLM t= 430.9 L1·r@-- L2·r@-- L3·r@-- R1·r@-- R2·r@-- R3·r@-- 罐=无罐 泵=0 阀=000000 速=+0,+0,+0.00 电=7.92V/0.81A/峰3.01 补余=0.0 IO错=0 倾+0.0 已放开
[  599.058] EVT 键 '\x1b' 倾=+0.0待=+0.0（已放开）
[  599.220] EVT 退出序列：停泵 → 逐足串行放气（通→断，0.2s 间隔） → 舵机断电（不回站姿）
[  599.528] TLM t= 431.3 L1·r@-- L2·r@-- L3·r@-- R1·r@-- R2·r@-- R3·r@-- 罐=无罐 泵=0 阀=000000 速=+0,+0,+0.00 电=7.92V/0.81A/峰3.01 补余=0.0 IO错=0 退出放气
[  599.548] EVT 阀 L1 →抽气位
[  599.769] EVT 阀 L2 →抽气位
[  599.990] EVT 阀 L3 →抽气位
[  600.041] TLM t= 431.3 L1·r@-- L2·r@-- L3·r@-- R1·r@-- R2·r@-- R3·r@-- 罐=无罐 泵=0 阀=111000 速=+0,+0,+0.00 电=7.97V/0.81A/峰3.01 补余=0.0 IO错=0 退出放气
[  600.222] EVT 阀 R1 →抽气位
[  600.443] EVT 阀 R2 →抽气位
[  600.550] TLM t= 431.3 L1·r@-- L2·r@-- L3·r@-- R1·r@-- R2·r@-- R3·r@-- 罐=无罐 泵=0 阀=111110 速=+0,+0,+0.00 电=7.99V/0.73A/峰3.01 补余=0.0 IO错=0 退出放气
[  600.671] EVT 阀 R3 →抽气位
[  600.871] EVT 退出：阀线圈已断电（coils_off）
[  600.974] EVT 退出序列完成（舵机断电）
[  600.974] EVT END 正常退出
