# 开跑 2026-08-25 10:58:27  argv: scripts/body_lean.py --no-tank --stand-height 62 --tilt-trim 6 --handover L1:31,R1:33,L3:29,R3:22,R2:22,L2:24 --handover-weights
# git: 8319d50
# 模式=no-tank port=/dev/ttyACM0
# 参数: lean_step=5mm lean_speed=10mm/s press_delta=18mm stand=62 tilt_trim=6° handover=L1:31,L2:24,L3:29,R1:33,R2:22,R3:22 dual=0
# 阈值: ATTACH=-30.0 PUMP_ON=-60.0 PUMP_OFF=-75.0 comp_tail=72.3mm suck_timeout=2.5s
[    2.245] EVT 缓慢站起（竖直升至爬墙站位）
[    6.355] EVT 爬墙站位就位，进入就位暂停
# handover_slot_w=0.600,0.250,0.100,0.050,0.000
[    6.466] TLM t=   0.0 L1·r@-- L2·r@-- L3·r@-- R1·r@-- R2·r@-- R3·r@-- 罐=无罐 泵=0 阀=000000 速=+0,+0,+0.00 电=7.51V/1.71A/峰1.71 补余=0.0 IO错=0 就位暂停
[    6.972] TLM t=   0.0 L1·r@-- L2·r@-- L3·r@-- R1·r@-- R2·r@-- R3·r@-- 罐=无罐 泵=0 阀=000000 速=+0,+0,+0.00 电=7.52V/1.47A/峰1.71 补余=0.0 IO错=0 就位暂停
[    7.478] TLM t=   0.0 L1·r@-- L2·r@-- L3·r@-- R1·r@-- R2·r@-- R3·r@-- 罐=无罐 泵=0 阀=000000 速=+0,+0,+0.00 电=7.51V/1.55A/峰1.71 补余=0.0 IO错=0 就位暂停
[    7.989] TLM t=   0.0 L1·r@-- L2·r@-- L3·r@-- R1·r@-- R2·r@-- R3·r@-- 罐=无罐 泵=0 阀=000000 速=+0,+0,+0.00 电=7.52V/1.55A/峰1.71 补余=0.0 IO错=0 就位暂停
[    8.495] TLM t=   0.0 L1·r@-- L2·r@-- L3·r@-- R1·r@-- R2·r@-- R3·r@-- 罐=无罐 泵=0 阀=000000 速=+0,+0,+0.00 电=7.53V/1.55A/峰1.71 补余=0.0 IO错=0 就位暂停
[    9.004] TLM t=   0.0 L1·r@-- L2·r@-- L3·r@-- R1·r@-- R2·r@-- R3·r@-- 罐=无罐 泵=0 阀=000000 速=+0,+0,+0.00 电=7.52V/1.55A/峰1.71 补余=0.0 IO错=0 就位暂停
[    9.511] TLM t=   0.0 L1·r@-- L2·r@-- L3·r@-- R1·r@-- R2·r@-- R3·r@-- 罐=无罐 泵=0 阀=000000 速=+0,+0,+0.00 电=7.52V/1.55A/峰1.71 补余=0.0 IO错=0 就位暂停
[   10.022] TLM t=   0.0 L1·r@-- L2·r@-- L3·r@-- R1·r@-- R2·r@-- R3·r@-- 罐=无罐 泵=0 阀=000000 速=+0,+0,+0.00 电=7.53V/1.22A/峰1.71 补余=0.0 IO错=0 就位暂停
[   10.528] TLM t=   0.0 L1·r@-- L2·r@-- L3·r@-- R1·r@-- R2·r@-- R3·r@-- 罐=无罐 泵=0 阀=000000 速=+0,+0,+0.00 电=7.54V/1.06A/峰1.71 补余=0.0 IO错=0 就位暂停
[   11.037] TLM t=   0.0 L1·r@-- L2·r@-- L3·r@-- R1·r@-- R2·r@-- R3·r@-- 罐=无罐 泵=0 阀=000000 速=+0,+0,+0.00 电=7.54V/0.90A/峰1.71 补余=0.0 IO错=0 就位暂停
[   11.542] TLM t=   0.0 L1·r@-- L2·r@-- L3·r@-- R1·r@-- R2·r@-- R3·r@-- 罐=无罐 泵=0 阀=000000 速=+0,+0,+0.00 电=7.55V/0.90A/峰1.71 补余=0.0 IO错=0 就位暂停
[   12.050] TLM t=   0.0 L1·r@-- L2·r@-- L3·r@-- R1·r@-- R2·r@-- R3·r@-- 罐=无罐 泵=0 阀=000000 速=+0,+0,+0.00 电=7.53V/0.98A/峰1.71 补余=0.0 IO错=0 就位暂停
[   12.556] TLM t=   0.0 L1·r@-- L2·r@-- L3·r@-- R1·r@-- R2·r@-- R3·r@-- 罐=无罐 泵=0 阀=000000 速=+0,+0,+0.00 电=7.55V/0.90A/峰1.71 补余=0.0 IO错=0 就位暂停
[   13.067] TLM t=   0.0 L1·r@-- L2·r@-- L3·r@-- R1·r@-- R2·r@-- R3·r@-- 罐=无罐 泵=0 阀=000000 速=+0,+0,+0.00 电=7.56V/0.57A/峰1.71 补余=0.0 IO错=0 就位暂停
[   13.572] TLM t=   0.0 L1·r@-- L2·r@-- L3·r@-- R1·r@-- R2·r@-- R3·r@-- 罐=无罐 泵=0 阀=000000 速=+0,+0,+0.00 电=7.56V/0.57A/峰1.71 补余=0.0 IO错=0 就位暂停
[   14.082] TLM t=   0.0 L1·r@-- L2·r@-- L3·r@-- R1·r@-- R2·r@-- R3·r@-- 罐=无罐 泵=0 阀=000000 速=+0,+0,+0.00 电=7.55V/0.57A/峰1.71 补余=0.0 IO错=0 就位暂停
[   14.587] TLM t=   0.0 L1·r@-- L2·r@-- L3·r@-- R1·r@-- R2·r@-- R3·r@-- 罐=无罐 泵=0 阀=000000 速=+0,+0,+0.00 电=7.56V/0.57A/峰1.71 补余=0.0 IO错=0 就位暂停
[   15.101] TLM t=   0.0 L1·r@-- L2·r@-- L3·r@-- R1·r@-- R2·r@-- R3·r@-- 罐=无罐 泵=0 阀=000000 速=+0,+0,+0.00 电=7.56V/0.57A/峰1.71 补余=0.0 IO错=0 就位暂停
[   15.607] TLM t=   0.0 L1·r@-- L2·r@-- L3·r@-- R1·r@-- R2·r@-- R3·r@-- 罐=无罐 泵=0 阀=000000 速=+0,+0,+0.00 电=7.56V/0.57A/峰1.71 补余=0.0 IO错=0 就位暂停
[   16.117] TLM t=   0.0 L1·r@-- L2·r@-- L3·r@-- R1·r@-- R2·r@-- R3·r@-- 罐=无罐 泵=0 阀=000000 速=+0,+0,+0.00 电=7.56V/0.57A/峰1.71 补余=0.0 IO错=0 就位暂停
[   16.625] TLM t=   0.0 L1·r@-- L2·r@-- L3·r@-- R1·r@-- R2·r@-- R3·r@-- 罐=无罐 泵=0 阀=000000 速=+0,+0,+0.00 电=7.56V/0.65A/峰1.71 补余=0.0 IO错=0 就位暂停
[   17.133] TLM t=   0.0 L1·r@-- L2·r@-- L3·r@-- R1·r@-- R2·r@-- R3·r@-- 罐=无罐 泵=0 阀=000000 速=+0,+0,+0.00 电=7.56V/0.65A/峰1.71 补余=0.0 IO错=0 就位暂停
[   17.641] TLM t=   0.0 L1·r@-- L2·r@-- L3·r@-- R1·r@-- R2·r@-- R3·r@-- 罐=无罐 泵=0 阀=000000 速=+0,+0,+0.00 电=7.56V/0.65A/峰1.71 补余=0.0 IO错=0 就位暂停
[   18.149] TLM t=   0.0 L1·r@-- L2·r@-- L3·r@-- R1·r@-- R2·r@-- R3·r@-- 罐=无罐 泵=0 阀=000000 速=+0,+0,+0.00 电=7.56V/0.65A/峰1.71 补余=0.0 IO错=0 就位暂停
[   18.656] TLM t=   0.0 L1·r@-- L2·r@-- L3·r@-- R1·r@-- R2·r@-- R3·r@-- 罐=无罐 泵=0 阀=000000 速=+0,+0,+0.00 电=7.56V/0.65A/峰1.71 补余=0.0 IO错=0 就位暂停
[   19.166] TLM t=   0.0 L1·r@-- L2·r@-- L3·r@-- R1·r@-- R2·r@-- R3·r@-- 罐=无罐 泵=0 阀=000000 速=+0,+0,+0.00 电=7.56V/0.65A/峰1.71 补余=0.0 IO错=0 就位暂停
[   19.671] TLM t=   0.0 L1·r@-- L2·r@-- L3·r@-- R1·r@-- R2·r@-- R3·r@-- 罐=无罐 泵=0 阀=000000 速=+0,+0,+0.00 电=7.56V/0.65A/峰1.71 补余=0.0 IO错=0 就位暂停
[   20.181] TLM t=   0.0 L1·r@-- L2·r@-- L3·r@-- R1·r@-- R2·r@-- R3·r@-- 罐=无罐 泵=0 阀=000000 速=+0,+0,+0.00 电=7.55V/0.65A/峰1.71 补余=0.0 IO错=0 就位暂停
[   20.195] EVT 按 p：开始全吸附启动序列
[   20.196] EVT 相位 R3 stance→press
[   20.216] EVT 泵 开
[   20.689] TLM t=   0.0 L1·r@-- L2·r@-- L3·r@-- R1·r@-- R2·r@-- R3Pr@-- 罐=无罐 泵=1 阀=000000 速=+0,+0,+0.00 电=7.50V/0.73A/峰1.71 补余=0.0 IO错=0 倾+0.0
[   21.185] TLM t=   0.0 L1·r@-- L2·r@-- L3·r@-- R1·r@-- R2·r@-- R3Pr@-- 罐=无罐 泵=1 阀=000000 速=+0,+0,+0.00 电=7.51V/0.81A/峰1.71 补余=0.0 IO错=0 倾+0.0
[   21.689] TLM t=   0.0 L1·r@-- L2·r@-- L3·r@-- R1·r@-- R2·r@-- R3Pr@-- 罐=无罐 泵=1 阀=000000 速=+0,+0,+0.00 电=7.51V/0.65A/峰1.71 补余=0.0 IO错=0 倾+0.0
[   22.192] TLM t=   0.0 L1·r@-- L2·r@-- L3·r@-- R1·r@-- R2·r@-- R3Pr@-- 罐=无罐 泵=1 阀=000000 速=+0,+0,+0.00 电=7.52V/0.57A/峰1.71 补余=0.0 IO错=0 倾+0.0
[   22.693] TLM t=   0.0 L1·r@-- L2·r@-- L3·r@-- R1·r@-- R2·r@-- R3Pr@-- 罐=无罐 泵=1 阀=000000 速=+0,+0,+0.00 电=7.47V/0.73A/峰1.71 补余=0.0 IO错=0 倾+0.0
[   23.184] EVT 吸附 R3 released→pressing 在态3.00s
[   23.184] EVT 相位 R3 press→wait
[   23.193] TLM t=   0.0 L1·r@-- L2·r@-- L3·r@-- R1·r@-- R2·r@-- R3Wp@-- 罐=无罐 泵=1 阀=000000 速=+0,+0,+0.00 电=7.51V/0.73A/峰1.71 补余=0.0 IO错=0 倾+0.0
[   23.204] EVT 泵 停
[   23.485] EVT 吸附 R3 pressing→sucking 在态0.30s
[   23.485] EVT 阀 R3 →抽气位
[   23.508] EVT 泵 开
[   23.699] TLM t=   0.0 L1·r@-- L2·r@-- L3·r@-- R1·r@-- R2·r@-- R3Ws@-67 罐=无罐 泵=1 阀=000001 速=+0,+0,+0.00 电=7.53V/0.65A/峰1.71 补余=0.0 IO错=0 倾+0.0
[   23.766] EVT 吸附 R3 sucking→attached 在态0.28s -70.0kPa
[   23.766] EVT 相位 R3 wait→stance
[   23.786] EVT 相位 L1 stance→press
[   23.989] EVT 泵 停 最差盘压-75.7
[   24.216] TLM t=   0.0 L1Pr@-- L2·r@-- L3·r@-- R1·r@-- R2·r@-- R3·A@-76 罐=无罐 泵=0 阀=000001 速=+0,+0,+0.00 电=7.56V/0.73A/峰1.71 补余=0.0 IO错=0 倾+0.0
[   24.719] TLM t=   0.0 L1Pr@-- L2·r@-- L3·r@-- R1·r@-- R2·r@-- R3·A@-75 罐=无罐 泵=0 阀=000001 速=+0,+0,+0.00 电=7.55V/0.98A/峰1.71 补余=0.0 IO错=0 倾+0.0
[   24.969] EVT 吸附 L1 released→pressing 在态4.78s
[   24.969] EVT 相位 L1 press→wait
[   25.238] TLM t=   0.0 L1Wp@-- L2·r@-- L3·r@-- R1·r@-- R2·r@-- R3·A@-75 罐=无罐 泵=0 阀=000001 速=+0,+0,+0.00 电=7.55V/0.81A/峰1.71 补余=0.0 IO错=0 倾+0.0
[   25.290] EVT 吸附 L1 pressing→sucking 在态0.32s
[   25.290] EVT 阀 L1 →抽气位
[   25.315] EVT 泵 开 最差盘压-74.5
[   25.651] EVT 吸附 L1 sucking→attached 在态0.36s -68.3kPa
[   25.651] EVT 相位 L1 wait→stance
[   25.676] EVT 相位 R2 stance→press
[   25.747] TLM t=   0.0 L1·A@-72 L2·r@-- L3·r@-- R1·r@-- R2Pr@-- R3·A@-74 罐=无罐 泵=1 阀=100001 速=+0,+0,+0.00 电=7.57V/0.73A/峰1.71 补余=0.0 IO错=0 倾+0.0
[   25.921] EVT 泵 停 最差盘压-75.4
[   26.247] TLM t=   0.0 L1·A@-76 L2·r@-- L3·r@-- R1·r@-- R2Pr@-- R3·A@-76 罐=无罐 泵=0 阀=100001 速=+0,+0,+0.00 电=7.57V/0.81A/峰1.71 补余=0.0 IO错=0 倾+0.0
[   26.745] TLM t=   0.0 L1·A@-76 L2·r@-- L3·r@-- R1·r@-- R2Pr@-- R3·A@-75 罐=无罐 泵=0 阀=100001 速=+0,+0,+0.00 电=7.57V/1.06A/峰1.71 补余=0.0 IO错=0 倾+0.0
[   26.858] EVT 吸附 R2 released→pressing 在态6.66s
[   26.868] EVT 相位 R2 press→wait
[   27.184] EVT 吸附 R2 pressing→sucking 在态0.32s
[   27.185] EVT 阀 R2 →抽气位
[   27.202] EVT 泵 开 最差盘压-74.8
[   27.255] TLM t=   0.0 L1·A@-76 L2·r@-- L3·r@-- R1·r@-- R2Ws@-3 R3·A@-75 罐=无罐 泵=1 阀=100011 速=+0,+0,+0.00 电=7.49V/0.90A/峰1.71 补余=0.0 IO错=0 倾+0.0
[   27.483] EVT 吸附 R2 sucking→attached 在态0.30s -66.5kPa
[   27.485] EVT 相位 R2 wait→stance
[   27.503] EVT 相位 L3 stance→press
[   27.770] TLM t=   0.0 L1·A@-75 L2·r@-- L3Pr@-- R1·r@-- R2·A@-74 R3·A@-74 罐=无罐 泵=1 阀=100011 速=+0,+0,+0.00 电=7.52V/0.81A/峰1.71 补余=0.0 IO错=0 倾+0.0
[   27.846] EVT 泵 停 最差盘压-75.0
[   28.276] TLM t=   0.0 L1·A@-76 L2·r@-- L3Pr@-- R1·r@-- R2·A@-76 R3·A@-76 罐=无罐 泵=0 阀=100011 速=+0,+0,+0.00 电=7.59V/0.81A/峰1.71 补余=0.0 IO错=0 倾+0.0
[   28.689] EVT 吸附 L3 released→pressing 在态8.48s
[   28.689] EVT 相位 L3 press→wait
[   28.795] TLM t=   0.0 L1·A@-76 L2·r@-- L3Wp@-- R1·r@-- R2·A@-75 R3·A@-75 罐=无罐 泵=0 阀=100011 速=+0,+0,+0.00 电=7.60V/0.73A/峰1.71 补余=0.0 IO错=0 倾+0.0
[   29.007] EVT 吸附 L3 pressing→sucking 在态0.32s
[   29.007] EVT 阀 L3 →抽气位
[   29.027] EVT 泵 开 最差盘压-74.7
[   29.298] TLM t=   0.0 L1·A@-76 L2·r@-- L3Ws@-63 R1·r@-- R2·A@-74 R3·A@-74 罐=无罐 泵=1 阀=101011 速=+0,+0,+0.00 电=7.52V/0.81A/峰1.71 补余=0.0 IO错=0 倾+0.0
[   29.305] EVT 吸附 L3 sucking→attached 在态0.30s -63.0kPa
[   29.308] EVT 相位 L3 wait→stance
[   29.328] EVT 相位 R1 stance→press
[   29.729] EVT 泵 停 最差盘压-75.2
[   29.819] TLM t=   0.0 L1·A@-76 L2·r@-- L3·A@-76 R1Pr@-- R2·A@-76 R3·A@-76 罐=无罐 泵=0 阀=101011 速=+0,+0,+0.00 电=7.60V/0.73A/峰1.71 补余=0.0 IO错=0 倾+0.0
[   30.323] TLM t=   0.0 L1·A@-76 L2·r@-- L3·A@-76 R1Pr@-- R2·A@-76 R3·A@-76 罐=无罐 泵=0 阀=101011 速=+0,+0,+0.00 电=7.60V/0.90A/峰1.71 补余=0.0 IO错=0 倾+0.0
[   30.511] EVT 吸附 R1 released→pressing 在态10.30s
[   30.512] EVT 相位 R1 press→wait
[   30.832] EVT 吸附 R1 pressing→sucking 在态0.32s
[   30.833] EVT 阀 R1 →抽气位
[   30.843] TLM t=   0.0 L1·A@-76 L2·r@-- L3·A@-76 R1Ws@-- R2·A@-75 R3·A@-75 罐=无罐 泵=0 阀=101111 速=+0,+0,+0.00 电=7.62V/0.73A/峰1.71 补余=0.0 IO错=0 倾+0.0
[   30.858] EVT 泵 开 最差盘压-74.8
[   31.193] EVT 吸附 R1 sucking→attached 在态0.36s -69.2kPa
[   31.194] EVT 相位 R1 wait→stance
[   31.219] EVT 相位 L2 stance→press
[   31.350] TLM t=   0.0 L1·A@-76 L2Pr@-- L3·A@-75 R1·A@-74 R2·A@-74 R3·A@-75 罐=无罐 泵=1 阀=101111 速=+0,+0,+0.00 电=7.56V/0.73A/峰1.71 补余=0.0 IO错=0 倾+0.0
[   31.464] EVT 泵 停 最差盘压-75.4
[   31.849] TLM t=   0.0 L1·A@-76 L2Pr@-- L3·A@-76 R1·A@-76 R2·A@-76 R3·A@-76 罐=无罐 泵=0 阀=101111 速=+0,+0,+0.00 电=7.62V/0.65A/峰1.71 补余=0.0 IO错=0 倾+0.0
[   32.352] TLM t=   0.0 L1·A@-76 L2Pr@-- L3·A@-76 R1·A@-76 R2·A@-76 R3·A@-76 罐=无罐 泵=0 阀=101111 速=+0,+0,+0.00 电=7.61V/0.73A/峰1.71 补余=0.0 IO错=0 倾+0.0
[   32.401] EVT 吸附 L2 released→pressing 在态12.18s
[   32.401] EVT 相位 L2 press→wait
[   32.727] EVT 吸附 L2 pressing→sucking 在态0.32s
[   32.727] EVT 阀 L2 →抽气位
[   32.745] EVT 泵 开 最差盘压-75.0
[   32.857] TLM t=   0.0 L1·A@-76 L2Ws@-40 L3·A@-76 R1·A@-76 R2·A@-75 R3·A@-75 罐=无罐 泵=1 阀=111111 速=+0,+0,+0.00 电=7.59V/0.65A/峰1.71 补余=0.0 IO错=0 倾+0.0
[   33.023] EVT 吸附 L2 sucking→attached 在态0.30s -66.9kPa
[   33.028] EVT 相位 L2 wait→stance
[   33.028] EVT ✓ 六足全吸附，启动序列完成，相位钟开始
[   33.347] EVT 泵 停 最差盘压-75.3
[   33.375] TLM t=   0.3 L1·A@-76 L2·A@-76 L3·A@-76 R1·A@-75 R2·A@-76 R3·A@-75 罐=无罐 泵=0 阀=111111 速=+0,+0,+0.00 电=7.63V/0.65A/峰1.71 补余=0.0 IO错=0 倾+0.0
[   33.880] TLM t=   0.8 L1·A@-76 L2·A@-76 L3·A@-76 R1·A@-75 R2·A@-76 R3·A@-76 罐=无罐 泵=0 阀=111111 速=+0,+0,+0.00 电=7.63V/0.57A/峰1.71 补余=0.0 IO错=0 倾+0.0
[   34.399] TLM t=   1.4 L1·A@-76 L2·A@-75 L3·A@-76 R1·A@-75 R2·A@-75 R3·A@-75 罐=无罐 泵=0 阀=111111 速=+0,+0,+0.00 电=7.63V/0.57A/峰1.71 补余=0.0 IO错=0 倾+0.0
[   34.903] TLM t=   1.9 L1·A@-76 L2·A@-74 L3·A@-76 R1·A@-75 R2·A@-75 R3·A@-74 罐=无罐 泵=0 阀=111111 速=+0,+0,+0.00 电=7.64V/0.49A/峰1.71 补余=0.0 IO错=0 倾+0.0
[   35.421] TLM t=   2.4 L1·A@-76 L2·A@-74 L3·A@-76 R1·A@-75 R2·A@-74 R3·A@-74 罐=无罐 泵=0 阀=111111 速=+0,+0,+0.00 电=7.63V/0.65A/峰1.71 补余=0.0 IO错=0 倾+0.0
[   35.924] TLM t=   2.9 L1·A@-75 L2·A@-73 L3·A@-76 R1·A@-75 R2·A@-74 R3·A@-73 罐=无罐 泵=0 阀=111111 速=+0,+0,+0.00 电=7.63V/0.65A/峰1.71 补余=0.0 IO错=0 倾+0.0
[   36.448] TLM t=   3.4 L1·A@-75 L2·A@-73 L3·A@-75 R1·A@-75 R2·A@-73 R3·A@-72 罐=无罐 泵=0 阀=111111 速=+0,+0,+0.00 电=7.63V/0.49A/峰1.71 补余=0.0 IO错=0 倾+0.0
[   36.951] TLM t=   3.9 L1·A@-75 L2·A@-72 L3·A@-75 R1·A@-74 R2·A@-73 R3·A@-72 罐=无罐 泵=0 阀=111111 速=+0,+0,+0.00 电=7.63V/0.65A/峰1.71 补余=0.0 IO错=0 倾+0.0
[   37.468] TLM t=   4.4 L1·A@-75 L2·A@-72 L3·A@-75 R1·A@-74 R2·A@-73 R3·A@-71 罐=无罐 泵=0 阀=111111 速=+0,+0,+0.00 电=7.63V/0.65A/峰1.71 补余=0.0 IO错=0 倾+0.0
[   37.973] TLM t=   4.9 L1·A@-75 L2·A@-71 L3·A@-75 R1·A@-74 R2·A@-72 R3·A@-70 罐=无罐 泵=0 阀=111111 速=+0,+0,+0.00 电=7.63V/0.73A/峰1.71 补余=0.0 IO错=0 倾+0.0
[   38.491] TLM t=   5.4 L1·A@-75 L2·A@-71 L3·A@-75 R1·A@-74 R2·A@-72 R3·A@-70 罐=无罐 泵=0 阀=111111 速=+0,+0,+0.00 电=7.63V/0.65A/峰1.71 补余=0.0 IO错=0 倾+0.0
[   38.996] TLM t=   5.9 L1·A@-74 L2·A@-70 L3·A@-75 R1·A@-74 R2·A@-71 R3·A@-69 罐=无罐 泵=0 阀=111111 速=+0,+0,+0.00 电=7.62V/0.65A/峰1.71 补余=0.0 IO错=0 倾+0.0
[   39.516] TLM t=   6.5 L1·A@-74 L2·A@-70 L3·A@-75 R1·A@-74 R2·A@-71 R3·A@-68 罐=无罐 泵=0 阀=111111 速=+0,+0,+0.00 电=7.63V/0.65A/峰1.71 补余=0.0 IO错=0 倾+0.0
[   40.020] TLM t=   7.0 L1·A@-74 L2·A@-69 L3·A@-75 R1·A@-74 R2·A@-70 R3·A@-67 罐=无罐 泵=0 阀=111111 速=+0,+0,+0.00 电=7.62V/0.65A/峰1.71 补余=0.0 IO错=0 倾+0.0
[   40.540] TLM t=   7.5 L1·A@-74 L2·A@-69 L3·A@-75 R1·A@-74 R2·A@-70 R3·A@-67 罐=无罐 泵=0 阀=111111 速=+0,+0,+0.00 电=7.64V/0.65A/峰1.71 补余=0.0 IO错=0 倾+0.0
[   41.043] TLM t=   8.0 L1·A@-74 L2·A@-68 L3·A@-75 R1·A@-74 R2·A@-70 R3·A@-66 罐=无罐 泵=0 阀=111111 速=+0,+0,+0.00 电=7.63V/0.65A/峰1.71 补余=0.0 IO错=0 倾+0.0
[   41.562] TLM t=   8.5 L1·A@-74 L2·A@-68 L3·A@-75 R1·A@-73 R2·A@-69 R3·A@-66 罐=无罐 泵=0 阀=111111 速=+0,+0,+0.00 电=7.64V/0.65A/峰1.71 补余=0.0 IO错=0 倾+0.0
[   42.066] TLM t=   9.0 L1·A@-74 L2·A@-67 L3·A@-75 R1·A@-73 R2·A@-69 R3·A@-65 罐=无罐 泵=0 阀=111111 速=+0,+0,+0.00 电=7.63V/0.65A/峰1.71 补余=0.0 IO错=0 倾+0.0
[   42.584] TLM t=   9.5 L1·A@-73 L2·A@-67 L3·A@-74 R1·A@-73 R2·A@-68 R3·A@-64 罐=无罐 泵=0 阀=111111 速=+0,+0,+0.00 电=7.63V/0.65A/峰1.71 补余=0.0 IO错=0 倾+0.0
[   43.089] TLM t=  10.0 L1·A@-73 L2·A@-67 L3·A@-74 R1·A@-73 R2·A@-68 R3·A@-64 罐=无罐 泵=0 阀=111111 速=+0,+0,+0.00 电=7.63V/0.65A/峰1.71 补余=0.0 IO错=0 倾+0.0
[   43.604] TLM t=  10.5 L1·A@-73 L2·A@-66 L3·A@-74 R1·A@-73 R2·A@-68 R3·A@-63 罐=无罐 泵=0 阀=111111 速=+0,+0,+0.00 电=7.63V/0.65A/峰1.71 补余=0.0 IO错=0 倾+0.0
[   44.114] TLM t=  11.0 L1·A@-73 L2·A@-66 L3·A@-74 R1·A@-73 R2·A@-67 R3·A@-62 罐=无罐 泵=0 阀=111111 速=+0,+0,+0.00 电=7.63V/0.65A/峰1.71 补余=0.0 IO错=0 倾+0.0
[   44.629] TLM t=  11.6 L1·A@-73 L2·A@-65 L3·A@-74 R1·A@-73 R2·A@-67 R3·A@-62 罐=无罐 泵=0 阀=111111 速=+0,+0,+0.00 电=7.63V/0.65A/峰1.71 补余=0.0 IO错=0 倾+0.0
[   45.136] TLM t=  12.1 L1·A@-73 L2·A@-65 L3·A@-74 R1·A@-73 R2·A@-66 R3·A@-61 罐=无罐 泵=0 阀=111111 速=+0,+0,+0.00 电=7.63V/0.73A/峰1.71 补余=0.0 IO错=0 倾+0.0
[   45.651] TLM t=  12.6 L1·A@-73 L2·A@-64 L3·A@-74 R1·A@-73 R2·A@-66 R3·A@-61 罐=无罐 泵=0 阀=111111 速=+0,+0,+0.00 电=7.63V/0.73A/峰1.71 补余=0.0 IO错=0 倾+0.0
[   46.150] EVT 泵 开 最差盘压-59.9
[   46.159] TLM t=  13.1 L1·A@-73 L2·A@-64 L3·A@-74 R1·A@-73 R2·A@-66 R3·A@-60 罐=无罐 泵=1 阀=111111 速=+0,+0,+0.00 电=7.46V/0.65A/峰1.71 补余=0.0 IO错=0 倾+0.0
[   46.677] TLM t=  13.6 L1·A@-72 L2·A@-71 L3·A@-74 R1·A@-73 R2·A@-71 R3·A@-70 罐=无罐 泵=1 阀=111111 速=+0,+0,+0.00 电=7.60V/0.57A/峰1.71 补余=0.0 IO错=0 倾+0.0
[   47.052] EVT 泵 停 最差盘压-75.2
[   47.180] TLM t=  14.1 L1·A@-76 L2·A@-76 L3·A@-76 R1·A@-76 R2·A@-76 R3·A@-76 罐=无罐 泵=0 阀=111111 速=+0,+0,+0.00 电=7.63V/0.65A/峰1.71 补余=0.0 IO错=0 倾+0.0
[   47.700] TLM t=  14.6 L1·A@-76 L2·A@-76 L3·A@-76 R1·A@-76 R2·A@-76 R3·A@-75 罐=无罐 泵=0 阀=111111 速=+0,+0,+0.00 电=7.63V/0.65A/峰1.71 补余=0.0 IO错=0 倾+0.0
[   48.207] TLM t=  15.1 L1·A@-76 L2·A@-75 L3·A@-76 R1·A@-75 R2·A@-75 R3·A@-75 罐=无罐 泵=0 阀=111111 速=+0,+0,+0.00 电=7.63V/0.73A/峰1.71 补余=0.0 IO错=0 倾+0.0
[   48.722] TLM t=  15.6 L1·A@-76 L2·A@-75 L3·A@-76 R1·A@-75 R2·A@-75 R3·A@-74 罐=无罐 泵=0 阀=111111 速=+0,+0,+0.00 电=7.63V/0.65A/峰1.71 补余=0.0 IO错=0 倾+0.0
[   49.230] TLM t=  16.1 L1·A@-76 L2·A@-74 L3·A@-76 R1·A@-75 R2·A@-74 R3·A@-73 罐=无罐 泵=0 阀=111111 速=+0,+0,+0.00 电=7.63V/0.65A/峰1.71 补余=0.0 IO错=0 倾+0.0
[   49.744] TLM t=  16.7 L1·A@-75 L2·A@-74 L3·A@-76 R1·A@-75 R2·A@-74 R3·A@-73 罐=无罐 泵=0 阀=111111 速=+0,+0,+0.00 电=7.63V/0.65A/峰1.71 补余=0.0 IO错=0 倾+0.0
[   50.251] TLM t=  17.2 L1·A@-75 L2·A@-73 L3·A@-76 R1·A@-75 R2·A@-73 R3·A@-72 罐=无罐 泵=0 阀=111111 速=+0,+0,+0.00 电=7.63V/0.65A/峰1.71 补余=0.0 IO错=0 倾+0.0
[   50.765] TLM t=  17.7 L1·A@-75 L2·A@-73 L3·A@-76 R1·A@-75 R2·A@-73 R3·A@-71 罐=无罐 泵=0 阀=111111 速=+0,+0,+0.00 电=7.63V/0.65A/峰1.71 补余=0.0 IO错=0 倾+0.0
[   51.277] TLM t=  18.2 L1·A@-75 L2·A@-72 L3·A@-76 R1·A@-75 R2·A@-73 R3·A@-71 罐=无罐 泵=0 阀=111111 速=+0,+0,+0.00 电=7.63V/0.73A/峰1.71 补余=0.0 IO错=0 倾+0.0
[   51.773] TLM t=  18.7 L1·A@-75 L2·A@-72 L3·A@-75 R1·A@-75 R2·A@-72 R3·A@-70 罐=无罐 泵=0 阀=111111 速=+0,+0,+0.00 电=7.63V/0.65A/峰1.71 补余=0.0 IO错=0 倾+0.0
[   52.275] TLM t=  19.2 L1·A@-75 L2·A@-71 L3·A@-75 R1·A@-75 R2·A@-72 R3·A@-69 罐=无罐 泵=0 阀=111111 速=+0,+0,+0.00 电=7.63V/0.65A/峰1.71 补余=0.0 IO错=0 倾+0.0
[   52.784] TLM t=  19.7 L1·A@-75 L2·A@-71 L3·A@-75 R1·A@-75 R2·A@-71 R3·A@-69 罐=无罐 泵=0 阀=111111 速=+0,+0,+0.00 电=7.63V/0.73A/峰1.71 补余=0.0 IO错=0 倾+0.0
[   53.289] TLM t=  20.2 L1·A@-74 L2·A@-70 L3·A@-75 R1·A@-75 R2·A@-71 R3·A@-68 罐=无罐 泵=0 阀=111111 速=+0,+0,+0.00 电=7.63V/0.65A/峰1.71 补余=0.0 IO错=0 倾+0.0
[   53.802] TLM t=  20.7 L1·A@-74 L2·A@-70 L3·A@-75 R1·A@-75 R2·A@-71 R3·A@-68 罐=无罐 泵=0 阀=111111 速=+0,+0,+0.00 电=7.63V/0.65A/峰1.71 补余=0.0 IO错=0 倾+0.0
[   54.308] TLM t=  21.2 L1·A@-74 L2·A@-70 L3·A@-75 R1·A@-75 R2·A@-70 R3·A@-67 罐=无罐 泵=0 阀=111111 速=+0,+0,+0.00 电=7.63V/0.65A/峰1.71 补余=0.0 IO错=0 倾+0.0
[   54.825] TLM t=  21.7 L1·A@-74 L2·A@-69 L3·A@-75 R1·A@-75 R2·A@-70 R3·A@-66 罐=无罐 泵=0 阀=111111 速=+0,+0,+0.00 电=7.63V/0.65A/峰1.71 补余=0.0 IO错=0 倾+0.0
[   55.333] TLM t=  22.2 L1·A@-74 L2·A@-69 L3·A@-75 R1·A@-75 R2·A@-69 R3·A@-66 罐=无罐 泵=0 阀=111111 速=+0,+0,+0.00 电=7.62V/0.73A/峰1.71 补余=0.0 IO错=0 倾+0.0
[   55.851] TLM t=  22.7 L1·A@-74 L2·A@-68 L3·A@-75 R1·A@-74 R2·A@-69 R3·A@-65 罐=无罐 泵=0 阀=111111 速=+0,+0,+0.00 电=7.63V/0.73A/峰1.71 补余=0.0 IO错=0 倾+0.0
[   56.351] TLM t=  23.2 L1·A@-74 L2·A@-68 L3·A@-75 R1·A@-74 R2·A@-69 R3·A@-64 罐=无罐 泵=0 阀=111111 速=+0,+0,+0.00 电=7.63V/0.65A/峰1.71 补余=0.0 IO错=0 倾+0.0
[   56.874] TLM t=  23.7 L1·A@-74 L2·A@-67 L3·A@-75 R1·A@-74 R2·A@-68 R3·A@-64 罐=无罐 泵=0 阀=111111 速=+0,+0,+0.00 电=7.63V/0.73A/峰1.71 补余=0.0 IO错=0 倾+0.0
[   57.380] TLM t=  24.2 L1·A@-74 L2·A@-67 L3·A@-75 R1·A@-74 R2·A@-68 R3·A@-63 罐=无罐 泵=0 阀=111111 速=+0,+0,+0.00 电=7.63V/0.65A/峰1.71 补余=0.0 IO错=0 倾+0.0
[   57.898] TLM t=  24.7 L1·A@-73 L2·A@-66 L3·A@-75 R1·A@-74 R2·A@-67 R3·A@-62 罐=无罐 泵=0 阀=111111 速=+0,+0,+0.00 电=7.63V/0.65A/峰1.71 补余=0.0 IO错=0 倾+0.0
[   58.406] TLM t=  25.2 L1·A@-73 L2·A@-66 L3·A@-75 R1·A@-74 R2·A@-67 R3·A@-62 罐=无罐 泵=0 阀=111111 速=+0,+0,+0.00 电=7.63V/0.73A/峰1.71 补余=0.0 IO错=0 倾+0.0
[   58.925] TLM t=  25.8 L1·A@-73 L2·A@-66 L3·A@-75 R1·A@-74 R2·A@-67 R3·A@-61 罐=无罐 泵=0 阀=111111 速=+0,+0,+0.00 电=7.63V/0.65A/峰1.71 补余=0.0 IO错=0 倾+0.0
[   59.427] TLM t=  26.3 L1·A@-73 L2·A@-65 L3·A@-74 R1·A@-74 R2·A@-66 R3·A@-61 罐=无罐 泵=0 阀=111111 速=+0,+0,+0.00 电=7.63V/0.65A/峰1.71 补余=0.0 IO错=0 倾+0.0
[   59.952] TLM t=  26.8 L1·A@-73 L2·A@-65 L3·A@-74 R1·A@-74 R2·A@-66 R3·A@-60 罐=无罐 泵=0 阀=111111 速=+0,+0,+0.00 电=7.63V/0.65A/峰1.71 补余=0.0 IO错=0 倾+0.0
[   59.965] EVT 泵 开 最差盘压-59.9
[   60.453] TLM t=  27.3 L1·A@-73 L2·A@-70 L3·A@-74 R1·A@-74 R2·A@-70 R3·A@-70 罐=无罐 泵=1 阀=111111 速=+0,+0,+0.00 电=7.60V/0.57A/峰1.71 补余=0.0 IO错=0 倾+0.0
[   60.867] EVT 泵 停 最差盘压-75.3
[   60.976] TLM t=  27.8 L1·A@-76 L2·A@-77 L3·A@-76 R1·A@-76 R2·A@-76 R3·A@-76 罐=无罐 泵=0 阀=111111 速=+0,+0,+0.00 电=7.63V/0.65A/峰1.71 补余=0.0 IO错=0 倾+0.0
[   61.423] EVT 倾身 +10mm（对时标记 去程）
[   61.423] EVT 实验序列开跑：标记+自动轮换 3 轮
[   61.423] EVT 键 't' 倾=+0.0待=+10.0
[   61.483] TLM t=  28.3 L1·A@-76 L2·A@-76 L3·A@-76 R1·A@-76 R2·A@-76 R3·A@-76 罐=无罐 泵=0 阀=111111 速=+0,+0,+0.00 电=7.63V/0.73A/峰1.71 补余=0.0 IO错=0 倾+0.6→+10 对时标记
[   62.000] TLM t=  28.8 L1·A@-76 L2·A@-75 L3·A@-76 R1·A@-76 R2·A@-75 R3·A@-75 罐=无罐 泵=0 阀=111111 速=+0,+0,+0.00 电=7.54V/2.12A/峰2.12 补余=0.0 IO错=0 倾+5.8→+10 对时标记
[   62.504] TLM t=  29.3 L1·A@-76 L2·A@-75 L3·A@-76 R1·A@-76 R2·A@-75 R3·A@-74 罐=无罐 泵=0 阀=111111 速=+0,+0,+0.00 电=7.54V/2.28A/峰2.28 补余=0.0 IO错=0 倾+10.0 对时标记
[   63.027] TLM t=  29.8 L1·A@-76 L2·A@-74 L3·A@-76 R1·A@-76 R2·A@-75 R3·A@-74 罐=无罐 泵=0 阀=111111 速=+0,+0,+0.00 电=7.55V/2.28A/峰2.28 补余=0.0 IO错=0 倾+10.0 对时标记
[   63.528] TLM t=  30.3 L1·A@-76 L2·A@-74 L3·A@-76 R1·A@-75 R2·A@-74 R3·A@-73 罐=无罐 泵=0 阀=111111 速=+0,+0,+0.00 电=7.54V/2.20A/峰2.28 补余=0.0 IO错=0 倾+10.0 对时标记
[   64.053] TLM t=  30.9 L1·A@-76 L2·A@-74 L3·A@-76 R1·A@-75 R2·A@-74 R3·A@-72 罐=无罐 泵=0 阀=111111 速=+0,+0,+0.00 电=7.55V/2.20A/峰2.28 补余=0.0 IO错=0 倾+10.0 对时标记
[   64.428] EVT 倾身 -10mm（对时标记 回程）
[   64.558] TLM t=  31.4 L1·A@-75 L2·A@-73 L3·A@-76 R1·A@-75 R2·A@-73 R3·A@-72 罐=无罐 泵=0 阀=111111 速=+0,+0,+0.00 电=7.54V/1.95A/峰2.28 补余=0.0 IO错=0 倾+8.8→+0 对时标记
[   65.079] TLM t=  31.9 L1·A@-75 L2·A@-73 L3·A@-76 R1·A@-75 R2·A@-73 R3·A@-71 罐=无罐 泵=0 阀=111111 速=+0,+0,+0.00 电=7.63V/0.81A/峰2.28 补余=0.0 IO错=0 倾+3.6→+0 对时标记
[   65.584] TLM t=  32.4 L1·A@-75 L2·A@-72 L3·A@-76 R1·A@-75 R2·A@-72 R3·A@-70 罐=无罐 泵=0 阀=111111 速=+0,+0,+0.00 电=7.63V/0.65A/峰2.28 补余=0.0 IO错=0 倾+0.0 对时标记
[   66.106] TLM t=  32.9 L1·A@-75 L2·A@-72 L3·A@-76 R1·A@-75 R2·A@-72 R3·A@-70 罐=无罐 泵=0 阀=111111 速=+0,+0,+0.00 电=7.63V/0.65A/峰2.28 补余=0.0 IO错=0 倾+0.0 对时标记
[   66.611] TLM t=  33.4 L1·A@-75 L2·A@-71 L3·A@-76 R1·A@-75 R2·A@-72 R3·A@-69 罐=无罐 泵=0 阀=111111 速=+0,+0,+0.00 电=7.63V/0.65A/峰2.28 补余=0.0 IO错=0 倾+0.0 对时标记
[   67.131] TLM t=  33.9 L1·A@-75 L2·A@-71 L3·A@-75 R1·A@-75 R2·A@-71 R3·A@-68 罐=无罐 泵=0 阀=111111 速=+0,+0,+0.00 电=7.63V/0.65A/峰2.28 补余=0.0 IO错=0 倾+0.0 对时标记
[   67.639] TLM t=  34.4 L1·A@-75 L2·A@-70 L3·A@-75 R1·A@-75 R2·A@-71 R3·A@-68 罐=无罐 泵=0 阀=111111 速=+0,+0,+0.00 电=7.63V/0.65A/峰2.28 补余=0.0 IO错=0 倾+0.0 对时标记
[   68.159] TLM t=  34.9 L1·A@-75 L2·A@-70 L3·A@-75 R1·A@-75 R2·A@-70 R3·A@-67 罐=无罐 泵=0 阀=111111 速=+0,+0,+0.00 电=7.63V/0.65A/峰2.28 补余=0.0 IO错=0 倾+0.0 对时标记
[   68.661] TLM t=  35.4 L1·A@-74 L2·A@-69 L3·A@-75 R1·A@-75 R2·A@-70 R3·A@-67 罐=无罐 泵=0 阀=111111 速=+0,+0,+0.00 电=7.63V/0.65A/峰2.28 补余=0.0 IO错=0 倾+0.0 对时标记
[   69.187] TLM t=  36.0 L1·A@-74 L2·A@-69 L3·A@-75 R1·A@-75 R2·A@-70 R3·A@-66 罐=无罐 泵=0 阀=111111 速=+0,+0,+0.00 电=7.63V/0.65A/峰2.28 补余=0.0 IO错=0 倾+0.0 对时标记
[   69.687] TLM t=  36.5 L1·A@-74 L2·A@-69 L3·A@-75 R1·A@-75 R2·A@-69 R3·A@-65 罐=无罐 泵=0 阀=111111 速=+0,+0,+0.00 电=7.63V/0.65A/峰2.28 补余=0.0 IO错=0 倾+0.0 对时标记
[   70.210] TLM t=  37.0 L1·A@-74 L2·A@-68 L3·A@-75 R1·A@-75 R2·A@-69 R3·A@-65 罐=无罐 泵=0 阀=111111 速=+0,+0,+0.00 电=7.63V/0.65A/峰2.28 补余=0.0 IO错=0 倾+0.0 对时标记
[   70.713] TLM t=  37.5 L1·A@-74 L2·A@-68 L3·A@-75 R1·A@-75 R2·A@-69 R3·A@-64 罐=无罐 泵=0 阀=111111 速=+0,+0,+0.00 电=7.63V/0.65A/峰2.28 补余=0.0 IO错=0 倾+0.0 对时标记
[   71.233] TLM t=  38.0 L1·A@-74 L2·A@-67 L3·A@-75 R1·A@-75 R2·A@-68 R3·A@-63 罐=无罐 泵=0 阀=111111 速=+0,+0,+0.00 电=7.63V/0.57A/峰2.28 补余=0.0 IO错=0 倾+0.0 对时标记
[   71.737] TLM t=  38.5 L1·A@-74 L2·A@-67 L3·A@-75 R1·A@-75 R2·A@-68 R3·A@-63 罐=无罐 泵=0 阀=111111 速=+0,+0,+0.00 电=7.63V/0.65A/峰2.28 补余=0.0 IO错=0 倾+0.0 对时标记
[   72.260] TLM t=  39.0 L1·A@-74 L2·A@-66 L3·A@-75 R1·A@-75 R2·A@-67 R3·A@-62 罐=无罐 泵=0 阀=111111 速=+0,+0,+0.00 电=7.63V/0.65A/峰2.28 补余=0.0 IO错=0 倾+0.0 对时标记
[   72.765] TLM t=  39.5 L1·A@-73 L2·A@-66 L3·A@-75 R1·A@-75 R2·A@-67 R3·A@-62 罐=无罐 泵=0 阀=111111 速=+0,+0,+0.00 电=7.63V/0.57A/峰2.28 补余=0.0 IO错=0 倾+0.0 对时标记
[   73.285] TLM t=  40.0 L1·A@-73 L2·A@-65 L3·A@-75 R1·A@-75 R2·A@-67 R3·A@-61 罐=无罐 泵=0 阀=111111 速=+0,+0,+0.00 电=7.63V/0.65A/峰2.28 补余=0.0 IO错=0 倾+0.0 对时标记
[   73.792] TLM t=  40.5 L1·A@-73 L2·A@-65 L3·A@-75 R1·A@-75 R2·A@-66 R3·A@-60 罐=无罐 泵=0 阀=111111 速=+0,+0,+0.00 电=7.63V/0.65A/峰2.28 补余=0.0 IO错=0 倾+0.0 对时标记
[   74.143] EVT 泵 开 最差盘压-60.0
[   74.312] TLM t=  41.1 L1·A@-73 L2·A@-65 L3·A@-75 R1·A@-74 R2·A@-66 R3·A@-60 罐=无罐 泵=1 阀=111111 速=+0,+0,+0.00 电=7.59V/0.57A/峰2.28 补余=0.0 IO错=0 倾+0.0 对时标记
[   74.814] TLM t=  41.6 L1·A@-73 L2·A@-73 L3·A@-75 R1·A@-74 R2·A@-74 R3·A@-73 罐=无罐 泵=1 阀=111111 速=+0,+0,+0.00 电=7.55V/0.73A/峰2.28 补余=0.0 IO错=0 倾+0.0 对时标记
[   75.047] EVT 泵 停 最差盘压-75.4
[   75.337] TLM t=  42.1 L1·A@-76 L2·A@-76 L3·A@-76 R1·A@-76 R2·A@-76 R3·A@-76 罐=无罐 泵=0 阀=111111 速=+0,+0,+0.00 电=7.63V/0.73A/峰2.28 补余=0.0 IO错=0 倾+0.0 对时标记
[   75.837] TLM t=  42.6 L1·A@-76 L2·A@-76 L3·A@-76 R1·A@-76 R2·A@-76 R3·A@-75 罐=无罐 泵=0 阀=111111 速=+0,+0,+0.00 电=7.63V/0.65A/峰2.28 补余=0.0 IO错=0 倾+0.0 对时标记
[   76.362] TLM t=  43.1 L1·A@-76 L2·A@-75 L3·A@-76 R1·A@-76 R2·A@-75 R3·A@-75 罐=无罐 泵=0 阀=111111 速=+0,+0,+0.00 电=7.63V/0.65A/峰2.28 补余=0.0 IO错=0 倾+0.0 对时标记
[   76.864] TLM t=  43.6 L1·A@-76 L2·A@-75 L3·A@-76 R1·A@-76 R2·A@-75 R3·A@-74 罐=无罐 泵=0 阀=111111 速=+0,+0,+0.00 电=7.63V/0.65A/峰2.28 补余=0.0 IO错=0 倾+0.0 对时标记
[   77.390] TLM t=  44.1 L1·A@-76 L2·A@-74 L3·A@-76 R1·A@-76 R2·A@-74 R3·A@-73 罐=无罐 泵=0 阀=111111 速=+0,+0,+0.00 电=7.63V/0.65A/峰2.28 补余=0.0 IO错=0 倾+0.0 对时标记
[   77.894] TLM t=  44.6 L1·A@-76 L2·A@-74 L3·A@-76 R1·A@-76 R2·A@-74 R3·A@-73 罐=无罐 泵=0 阀=111111 速=+0,+0,+0.00 电=7.63V/0.65A/峰2.28 补余=0.0 IO错=0 倾+0.0 对时标记
[   78.414] TLM t=  45.1 L1·A@-76 L2·A@-73 L3·A@-76 R1·A@-76 R2·A@-74 R3·A@-72 罐=无罐 泵=0 阀=111111 速=+0,+0,+0.00 电=7.63V/0.65A/峰2.28 补余=0.0 IO错=0 倾+0.0 对时标记
[   78.919] TLM t=  45.6 L1·A@-75 L2·A@-73 L3·A@-76 R1·A@-76 R2·A@-73 R3·A@-71 罐=无罐 泵=0 阀=111111 速=+0,+0,+0.00 电=7.63V/0.65A/峰2.28 补余=0.0 IO错=0 倾+0.0 对时标记
[   79.443] TLM t=  46.2 L1·A@-75 L2·A@-72 L3·A@-76 R1·A@-75 R2·A@-73 R3·A@-71 罐=无罐 泵=0 阀=111111 速=+0,+0,+0.00 电=7.63V/0.65A/峰2.28 补余=0.0 IO错=0 倾+0.0 对时标记
[   79.949] TLM t=  46.7 L1·A@-75 L2·A@-72 L3·A@-76 R1·A@-75 R2·A@-72 R3·A@-70 罐=无罐 泵=0 阀=111111 速=+0,+0,+0.00 电=7.63V/0.65A/峰2.28 补余=0.0 IO错=0 倾+0.0 对时标记
[   80.472] TLM t=  47.2 L1·A@-75 L2·A@-72 L3·A@-76 R1·A@-75 R2·A@-72 R3·A@-70 罐=无罐 泵=0 阀=111111 速=+0,+0,+0.00 电=7.63V/0.65A/峰2.28 补余=0.0 IO错=0 倾+0.0 对时标记
[   80.976] TLM t=  47.7 L1·A@-75 L2·A@-71 L3·A@-76 R1·A@-75 R2·A@-72 R3·A@-69 罐=无罐 泵=0 阀=111111 速=+0,+0,+0.00 电=7.63V/0.65A/峰2.28 补余=0.0 IO错=0 倾+0.0 对时标记
[   81.497] TLM t=  48.2 L1·A@-75 L2·A@-71 L3·A@-76 R1·A@-75 R2·A@-71 R3·A@-68 罐=无罐 泵=0 阀=111111 速=+0,+0,+0.00 电=7.63V/0.65A/峰2.28 补余=0.0 IO错=0 倾+0.0 对时标记
[   81.999] TLM t=  48.7 L1·A@-75 L2·A@-70 L3·A@-76 R1·A@-75 R2·A@-71 R3·A@-68 罐=无罐 泵=0 阀=111111 速=+0,+0,+0.00 电=7.63V/0.65A/峰2.28 补余=0.0 IO错=0 倾+0.0 对时标记
[   82.527] TLM t=  49.2 L1·A@-74 L2·A@-70 L3·A@-75 R1·A@-75 R2·A@-70 R3·A@-67 罐=无罐 泵=0 阀=111111 速=+0,+0,+0.00 电=7.63V/0.65A/峰2.28 补余=0.0 IO错=0 倾+0.0 对时标记
[   83.032] TLM t=  49.7 L1·A@-74 L2·A@-69 L3·A@-75 R1·A@-75 R2·A@-70 R3·A@-66 罐=无罐 泵=0 阀=111111 速=+0,+0,+0.00 电=7.63V/0.65A/峰2.28 补余=0.0 IO错=0 倾+0.0 对时标记
[   83.550] TLM t=  50.2 L1·A@-74 L2·A@-69 L3·A@-75 R1·A@-75 R2·A@-70 R3·A@-66 罐=无罐 泵=0 阀=111111 速=+0,+0,+0.00 电=7.63V/0.65A/峰2.28 补余=0.0 IO错=0 倾+0.0 对时标记
[   84.054] TLM t=  50.7 L1·A@-74 L2·A@-68 L3·A@-75 R1·A@-75 R2·A@-69 R3·A@-65 罐=无罐 泵=0 阀=111111 速=+0,+0,+0.00 电=7.62V/0.65A/峰2.28 补余=0.0 IO错=0 倾+0.0 对时标记
[   84.575] TLM t=  51.3 L1·A@-74 L2·A@-68 L3·A@-75 R1·A@-75 R2·A@-69 R3·A@-64 罐=无罐 泵=0 阀=111111 速=+0,+0,+0.00 电=7.63V/0.65A/峰2.28 补余=0.0 IO错=0 倾+0.0 对时标记
[   85.079] TLM t=  51.8 L1·A@-74 L2·A@-68 L3·A@-75 R1·A@-75 R2·A@-69 R3·A@-64 罐=无罐 泵=0 阀=111111 速=+0,+0,+0.00 电=7.63V/0.65A/峰2.28 补余=0.0 IO错=0 倾+0.0 对时标记
[   85.445] EVT 对时标记完成
[   85.445] EVT 自动轮换：第 1 轮开始
[   85.473] EVT 原地抬起受理：R3
[   85.493] EVT 相位 R3 stance→handover
[   85.604] TLM t=  54.1 L1·A@-74 L2·A@-67 L3·A@-75 R1·A@-75 R2·A@-68 R3ZA@-63 罐=无罐 泵=0 阀=111111 速=+0,+0,+0.00 电=7.62V/0.65A/峰2.28 补余=0.0 IO错=0 倾+0.0 自动1/3
[   86.105] TLM t=  54.6 L1·A@-74 L2·A@-67 L3·A@-75 R1·A@-75 R2·A@-68 R3ZA@-63 罐=无罐 泵=0 阀=111111 速=+0,+0,+0.00 电=7.62V/0.81A/峰2.28 补余=0.0 IO错=0 倾+0.0 自动1/3
[   86.631] TLM t=  54.6 L1·A@-74 L2·A@-66 L3·A@-75 R1·A@-75 R2·A@-67 R3ZA@-62 罐=无罐 泵=0 阀=111111 速=+0,+0,+0.00 电=7.62V/0.98A/峰2.28 补余=0.0 IO错=0 倾+0.0 自动1/3
[   87.139] TLM t=  54.6 L1·A@-73 L2·A@-66 L3·A@-75 R1·A@-75 R2·A@-67 R3ZA@-61 罐=无罐 泵=0 阀=111111 速=+0,+0,+0.00 电=7.59V/1.14A/峰2.28 补余=0.0 IO错=0 倾+0.0 自动1/3
[   87.658] TLM t=  54.6 L1·A@-73 L2·A@-65 L3·A@-75 R1·A@-75 R2·A@-67 R3ZA@-61 罐=无罐 泵=0 阀=111111 速=+0,+0,+0.00 电=7.59V/1.55A/峰2.28 补余=0.0 IO错=0 倾+0.0 自动1/3
[   87.683] EVT 吸附 R3 attached→venting 在态63.58s -60.7kPa
[   87.684] EVT 相位 R3 handover→vent 落点Δ(+0.0,+0.0)
[   87.711] EVT 阀 R3 →排气位
[   87.984] EVT 相位 R3 vent→lift
[   88.107] EVT 吸附 R3 venting→released 在态0.42s 0.3kPa
[   88.158] TLM t=  54.6 L1·A@-73 L2·A@-65 L3·A@-75 R1·A@-75 R2·A@-66 R3Lr@-- 罐=无罐 泵=0 阀=111110 速=+0,+0,+0.00 电=7.57V/1.47A/峰2.28 补余=0.0 IO错=0 倾+0.0 自动1/3
[   88.682] TLM t=  54.6 L1·A@-73 L2·A@-65 L3·A@-75 R1·A@-75 R2·A@-66 R3Lr@-- 罐=无罐 泵=0 阀=111110 速=+0,+0,+0.00 电=7.56V/1.71A/峰2.28 补余=0.0 IO错=0 倾+0.0 自动1/3
[   88.828] EVT 相位 R3 lift→transfer
[   89.184] TLM t=  54.6 L1·A@-72 L2·A@-64 L3·A@-75 R1·A@-75 R2·A@-66 R3Tr@-- 罐=无罐 泵=0 阀=111110 速=+0,+0,+0.00 电=7.58V/1.38A/峰2.28 补余=0.0 IO错=0 倾+0.0 自动1/3
[   89.457] EVT 相位 R3 transfer→hover
[   89.708] TLM t=  54.6 L1·A@-72 L2·A@-64 L3·A@-75 R1·A@-75 R2·A@-65 R3Hr@-- 罐=无罐 泵=0 阀=111110 速=+0,+0,+0.00 电=7.58V/1.55A/峰2.28 补余=0.0 IO错=0 倾+0.0 自动1/3
[   90.209] TLM t=  54.6 L1·A@-72 L2·A@-63 L3·A@-75 R1·A@-75 R2·A@-65 R3Hr@-- 罐=无罐 泵=0 阀=111110 速=+0,+0,+0.00 电=7.57V/1.47A/峰2.28 补余=0.0 IO错=0 倾+0.0 自动1/3
[   90.458] EVT 落地：R3
[   90.485] EVT 相位 R3 hover→descend
[   90.732] TLM t=  54.6 L1·A@-71 L2·A@-63 L3·A@-75 R1·A@-75 R2·A@-64 R3Dr@-- 罐=无罐 泵=0 阀=111110 速=+0,+0,+0.00 电=7.57V/1.47A/峰2.28 补余=0.0 IO错=0 倾+0.0 自动1/3
[   90.967] EVT 相位 R3 descend→press
[   91.249] TLM t=  54.6 L1·A@-71 L2·A@-63 L3·A@-74 R1·A@-75 R2·A@-64 R3Pr@-- 罐=无罐 泵=0 阀=111110 速=+0,+0,+0.00 电=7.56V/1.55A/峰2.28 补余=0.0 IO错=0 倾+0.0 自动1/3
[   91.756] TLM t=  54.6 L1·A@-70 L2·A@-62 L3·A@-74 R1·A@-74 R2·A@-64 R3Pr@-- 罐=无罐 泵=0 阀=111110 速=+0,+0,+0.00 电=7.56V/1.63A/峰2.28 补余=0.0 IO错=0 倾+0.0 自动1/3
[   92.170] EVT 吸附 R3 released→pressing 在态4.04s 0.3kPa
[   92.170] EVT 相位 R3 press→wait
[   92.270] TLM t=  54.6 L1·A@-70 L2·A@-62 L3·A@-74 R1·A@-74 R2·A@-63 R3Wp@-- 罐=无罐 泵=0 阀=111110 速=+0,+0,+0.00 电=7.58V/1.55A/峰2.28 补余=0.0 IO错=0 倾+0.0 自动1/3
[   92.488] EVT 吸附 R3 pressing→sucking 在态0.32s 0.3kPa
[   92.489] EVT 阀 R3 →抽气位
[   92.506] EVT 泵 开 最差盘压-61.5
[   92.783] TLM t=  54.6 L1·A@-70 L2·A@-61 L3·A@-74 R1·A@-74 R2·A@-63 R3Ws@-50 罐=无罐 泵=1 阀=111111 速=+0,+0,+0.00 电=7.55V/1.47A/峰2.28 补余=0.0 IO错=0 倾+0.0 自动1/3
[   92.853] EVT 吸附 R3 sucking→attached 在态0.36s -55.2kPa
[   92.854] EVT 相位 R3 wait→stance
[   92.854] EVT 抬落完成，轮到 L1
[   93.282] TLM t=  55.0 L1·A@-71 L2·A@-72 L3·A@-74 R1·A@-74 R2·A@-72 R3·A@-71 罐=无罐 泵=1 阀=111111 速=+0,+0,+0.00 电=7.48V/1.55A/峰2.28 补余=0.0 IO错=0 倾+0.0 自动1/3
[   93.636] EVT 泵 停 最差盘压-75.4
[   93.806] TLM t=  55.5 L1·A@-76 L2·A@-77 L3·A@-76 R1·A@-76 R2·A@-76 R3·A@-76 罐=无罐 泵=0 阀=111111 速=+0,+0,+0.00 电=7.58V/1.55A/峰2.28 补余=0.0 IO错=0 倾+0.0 自动1/3
[   94.326] TLM t=  56.1 L1·A@-76 L2·A@-76 L3·A@-76 R1·A@-76 R2·A@-76 R3·A@-76 罐=无罐 泵=0 阀=111111 速=+0,+0,+0.00 电=7.59V/1.47A/峰2.28 补余=0.0 IO错=0 倾+0.0 自动1/3
[   94.832] TLM t=  56.6 L1·A@-76 L2·A@-75 L3·A@-76 R1·A@-76 R2·A@-75 R3·A@-75 罐=无罐 泵=0 阀=111111 速=+0,+0,+0.00 电=7.58V/1.47A/峰2.28 补余=0.0 IO错=0 倾+0.0 自动1/3
[   95.339] TLM t=  57.1 L1·A@-75 L2·A@-75 L3·A@-76 R1·A@-76 R2·A@-75 R3·A@-74 罐=无罐 泵=0 阀=111111 速=+0,+0,+0.00 电=7.58V/1.55A/峰2.28 补余=0.0 IO错=0 倾+0.0 自动1/3
[   95.861] TLM t=  57.6 L1·A@-75 L2·A@-74 L3·A@-76 R1·A@-76 R2·A@-74 R3·A@-73 罐=无罐 泵=0 阀=111111 速=+0,+0,+0.00 电=7.57V/1.47A/峰2.28 补余=0.0 IO错=0 倾+0.0 自动1/3
[   96.366] TLM t=  58.1 L1·A@-75 L2·A@-74 L3·A@-76 R1·A@-76 R2·A@-74 R3·A@-73 罐=无罐 泵=0 阀=111111 速=+0,+0,+0.00 电=7.59V/1.47A/峰2.28 补余=0.0 IO错=0 倾+0.0 自动1/3
[   96.885] TLM t=  58.6 L1·A@-75 L2·A@-73 L3·A@-76 R1·A@-76 R2·A@-74 R3·A@-72 罐=无罐 泵=0 阀=111111 速=+0,+0,+0.00 电=7.59V/1.55A/峰2.28 补余=0.0 IO错=0 倾+0.0 自动1/3
[   97.388] TLM t=  59.1 L1·A@-74 L2·A@-73 L3·A@-76 R1·A@-76 R2·A@-73 R3·A@-72 罐=无罐 泵=0 阀=111111 速=+0,+0,+0.00 电=7.59V/1.47A/峰2.28 补余=0.0 IO错=0 倾+0.0 自动1/3
[   97.908] TLM t=  59.6 L1·A@-74 L2·A@-73 L3·A@-76 R1·A@-76 R2·A@-73 R3·A@-71 罐=无罐 泵=0 阀=111111 速=+0,+0,+0.00 电=7.58V/1.55A/峰2.28 补余=0.0 IO错=0 倾+0.0 自动1/3
[   98.410] TLM t=  60.1 L1·A@-74 L2·A@-72 L3·A@-76 R1·A@-75 R2·A@-72 R3·A@-70 罐=无罐 泵=0 阀=111111 速=+0,+0,+0.00 电=7.59V/1.63A/峰2.28 补余=0.0 IO错=0 倾+0.0 自动1/3
[   98.934] TLM t=  60.6 L1·A@-74 L2·A@-72 L3·A@-76 R1·A@-75 R2·A@-72 R3·A@-70 罐=无罐 泵=0 阀=111111 速=+0,+0,+0.00 电=7.58V/1.55A/峰2.28 补余=0.0 IO错=0 倾+0.0 自动1/3
[   99.435] TLM t=  61.1 L1·A@-73 L2·A@-71 L3·A@-76 R1·A@-75 R2·A@-72 R3·A@-69 罐=无罐 泵=0 阀=111111 速=+0,+0,+0.00 电=7.58V/1.47A/峰2.28 补余=0.0 IO错=0 倾+0.0 自动1/3
[   99.960] TLM t=  61.7 L1·A@-73 L2·A@-71 L3·A@-76 R1·A@-75 R2·A@-71 R3·A@-68 罐=无罐 泵=0 阀=111111 速=+0,+0,+0.00 电=7.57V/1.47A/峰2.28 补余=0.0 IO错=0 倾+0.0 自动1/3
[  100.465] TLM t=  62.2 L1·A@-73 L2·A@-70 L3·A@-76 R1·A@-75 R2·A@-71 R3·A@-68 罐=无罐 泵=0 阀=111111 速=+0,+0,+0.00 电=7.58V/1.38A/峰2.28 补余=0.0 IO错=0 倾+0.0 自动1/3
[  100.985] TLM t=  62.7 L1·A@-72 L2·A@-70 L3·A@-75 R1·A@-75 R2·A@-70 R3·A@-67 罐=无罐 泵=0 阀=111111 速=+0,+0,+0.00 电=7.59V/1.47A/峰2.28 补余=0.0 IO错=0 倾+0.0 自动1/3
[  101.490] TLM t=  63.2 L1·A@-72 L2·A@-69 L3·A@-75 R1·A@-75 R2·A@-70 R3·A@-66 罐=无罐 泵=0 阀=111111 速=+0,+0,+0.00 电=7.59V/1.47A/峰2.28 补余=0.0 IO错=0 倾+0.0 自动1/3
[  102.010] TLM t=  63.7 L1·A@-72 L2·A@-69 L3·A@-75 R1·A@-75 R2·A@-70 R3·A@-66 罐=无罐 泵=0 阀=111111 速=+0,+0,+0.00 电=7.58V/1.55A/峰2.28 补余=0.0 IO错=0 倾+0.0 自动1/3
[  102.513] TLM t=  64.2 L1·A@-72 L2·A@-69 L3·A@-75 R1·A@-75 R2·A@-69 R3·A@-65 罐=无罐 泵=0 阀=111111 速=+0,+0,+0.00 电=7.59V/1.47A/峰2.28 补余=0.0 IO错=0 倾+0.0 自动1/3
[  102.878] EVT 原地抬起受理：L1
[  102.906] EVT 相位 L1 stance→handover
[  103.036] TLM t=  65.5 L1ZA@-71 L2·A@-68 L3·A@-75 R1·A@-75 R2·A@-69 R3·A@-65 罐=无罐 泵=0 阀=111111 速=+0,+0,+0.00 电=7.59V/1.30A/峰2.28 补余=0.0 IO错=0 倾+0.0 自动1/3
[  103.538] TLM t=  66.0 L1ZA@-71 L2·A@-68 L3·A@-75 R1·A@-75 R2·A@-68 R3·A@-64 罐=无罐 泵=0 阀=111111 速=+0,+0,+0.00 电=7.58V/1.38A/峰2.28 补余=0.0 IO错=0 倾+0.0 自动1/3
[  104.061] TLM t=  66.0 L1ZA@-71 L2·A@-67 L3·A@-75 R1·A@-75 R2·A@-68 R3·A@-63 罐=无罐 泵=0 阀=111111 速=+0,+0,+0.00 电=7.58V/1.55A/峰2.28 补余=0.0 IO错=0 倾+0.0 自动1/3
[  104.564] TLM t=  66.0 L1ZA@-71 L2·A@-67 L3·A@-75 R1·A@-75 R2·A@-68 R3·A@-63 罐=无罐 泵=0 阀=111111 速=+0,+0,+0.00 电=7.58V/1.87A/峰2.28 补余=0.0 IO错=0 倾+0.0 自动1/3
[  105.086] TLM t=  66.0 L1ZA@-70 L2·A@-66 L3·A@-75 R1·A@-75 R2·A@-67 R3·A@-62 罐=无罐 泵=0 阀=111111 速=+0,+0,+0.00 电=7.56V/2.04A/峰2.28 补余=0.0 IO错=0 倾+0.0 自动1/3
[  105.588] TLM t=  66.0 L1ZA@-70 L2·A@-66 L3·A@-75 R1·A@-75 R2·A@-67 R3·A@-62 罐=无罐 泵=0 阀=111111 速=+0,+0,+0.00 电=7.52V/2.28A/峰2.28 补余=0.0 IO错=0 倾+0.0 自动1/3
[  106.001] EVT 吸附 L1 attached→venting 在态79.92s -69.9kPa
[  106.002] EVT 相位 L1 handover→vent 落点Δ(+0.0,+0.0)
[  106.014] EVT 阀 L1 →排气位
[  106.108] TLM t=  66.0 L1Vv@-70 L2·A@-66 L3·A@-75 R1·A@-75 R2·A@-67 R3·A@-61 罐=无罐 泵=0 阀=011111 速=+0,+0,+0.00 电=7.51V/2.36A/峰2.36 补余=0.0 IO错=0 倾+0.0 自动1/3
[  106.308] EVT 相位 L1 vent→lift
[  106.443] EVT 吸附 L1 venting→released 在态0.44s 0.1kPa
[  106.619] TLM t=  66.0 L1Lr@-- L2·A@-65 L3·A@-75 R1·A@-74 R2·A@-66 R3·A@-60 罐=无罐 泵=0 阀=011111 速=+0,+0,+0.00 电=7.50V/2.28A/峰2.36 补余=0.0 IO错=0 倾+0.0 自动1/3
[  107.030] EVT 泵 开 最差盘压-59.9
[  107.136] TLM t=  66.0 L1Lr@-- L2·A@-65 L3·A@-75 R1·A@-74 R2·A@-66 R3·A@-60 罐=无罐 泵=1 阀=011111 速=+0,+0,+0.00 电=7.43V/2.52A/峰2.52 补余=0.0 IO错=0 倾+0.0 自动1/3
[  107.151] EVT 相位 L1 lift→transfer
[  107.643] TLM t=  66.0 L1Tr@-- L2·A@-72 L3·A@-75 R1·A@-74 R2·A@-72 R3·A@-72 罐=无罐 泵=1 阀=011111 速=+0,+0,+0.00 电=7.50V/2.28A/峰2.52 补余=0.0 IO错=0 倾+0.0 自动1/3
[  107.765] EVT 相位 L1 transfer→hover
[  107.933] EVT 泵 停 最差盘压-75.5
[  108.160] TLM t=  66.0 L1Hr@-- L2·A@-76 L3·A@-76 R1·A@-76 R2·A@-76 R3·A@-76 罐=无罐 泵=0 阀=011111 速=+0,+0,+0.00 电=7.53V/2.12A/峰2.52 补余=0.0 IO错=0 倾+0.0 自动1/3
[  108.661] TLM t=  66.0 L1Hr@-- L2·A@-76 L3·A@-76 R1·A@-76 R2·A@-76 R3·A@-76 罐=无罐 泵=0 阀=011111 速=+0,+0,+0.00 电=7.53V/2.12A/峰2.52 补余=0.0 IO错=0 倾+0.0 自动1/3
[  108.775] EVT 落地：L1
[  108.788] EVT 相位 L1 hover→descend
[  109.181] TLM t=  66.0 L1Dr@-- L2·A@-75 L3·A@-76 R1·A@-76 R2·A@-75 R3·A@-75 罐=无罐 泵=0 阀=011111 速=+0,+0,+0.00 电=7.53V/2.28A/峰2.52 补余=0.0 IO错=0 倾+0.0 自动1/3
[  109.269] EVT 相位 L1 descend→press
[  109.688] TLM t=  66.0 L1Pr@-- L2·A@-75 L3·A@-76 R1·A@-76 R2·A@-75 R3·A@-74 罐=无罐 泵=0 阀=011111 速=+0,+0,+0.00 电=7.53V/2.12A/峰2.52 补余=0.0 IO错=0 倾+0.0 自动1/3
[  110.207] TLM t=  66.0 L1Pr@-- L2·A@-74 L3·A@-76 R1·A@-76 R2·A@-75 R3·A@-74 罐=无罐 泵=0 阀=011111 速=+0,+0,+0.00 电=7.52V/2.20A/峰2.52 补余=0.0 IO错=0 倾+0.0 自动1/3
[  110.477] EVT 吸附 L1 released→pressing 在态4.02s 0.1kPa
[  110.477] EVT 相位 L1 press→wait
[  110.715] TLM t=  66.0 L1Wp@-- L2·A@-74 L3·A@-76 R1·A@-76 R2·A@-74 R3·A@-73 罐=无罐 泵=0 阀=011111 速=+0,+0,+0.00 电=7.52V/2.20A/峰2.52 补余=0.0 IO错=0 倾+0.0 自动1/3
[  110.803] EVT 吸附 L1 pressing→sucking 在态0.32s 0.1kPa
[  110.803] EVT 阀 L1 →抽气位
[  110.825] EVT 泵 开 最差盘压-72.9
[  111.219] EVT 吸附 L1 sucking→attached 在态0.42s -65.7kPa
[  111.231] EVT 相位 L1 wait→stance
[  111.231] EVT 抬落完成，轮到 R2
[  111.239] TLM t=  66.0 L1·A@-66 L2·A@-74 L3·A@-76 R1·A@-75 R2·A@-74 R3·A@-72 罐=无罐 泵=1 阀=111111 速=+0,+0,+0.00 电=7.52V/2.20A/峰2.52 补余=0.0 IO错=0 倾+0.0 自动1/3
[  111.608] EVT 泵 停 最差盘压-75.3
[  111.753] TLM t=  66.5 L1·A@-76 L2·A@-77 L3·A@-76 R1·A@-76 R2·A@-76 R3·A@-76 罐=无罐 泵=0 阀=111111 速=+0,+0,+0.00 电=7.54V/2.04A/峰2.52 补余=0.0 IO错=0 倾+0.0 自动1/3
[  112.256] TLM t=  67.0 L1·A@-76 L2·A@-76 L3·A@-76 R1·A@-76 R2·A@-76 R3·A@-76 罐=无罐 泵=0 阀=111111 速=+0,+0,+0.00 电=7.52V/2.12A/峰2.52 补余=0.0 IO错=0 倾+0.0 自动1/3
[  112.761] TLM t=  67.5 L1·A@-76 L2·A@-76 L3·A@-76 R1·A@-76 R2·A@-75 R3·A@-75 罐=无罐 泵=0 阀=111111 速=+0,+0,+0.00 电=7.54V/2.04A/峰2.52 补余=0.0 IO错=0 倾+0.0 自动1/3
[  113.278] TLM t=  68.0 L1·A@-76 L2·A@-75 L3·A@-76 R1·A@-76 R2·A@-75 R3·A@-74 罐=无罐 泵=0 阀=111111 速=+0,+0,+0.00 电=7.52V/2.28A/峰2.52 补余=0.0 IO错=0 倾+0.0 自动1/3
[  113.786] TLM t=  68.5 L1·A@-75 L2·A@-75 L3·A@-76 R1·A@-76 R2·A@-75 R3·A@-74 罐=无罐 泵=0 阀=111111 速=+0,+0,+0.00 电=7.54V/2.04A/峰2.52 补余=0.0 IO错=0 倾+0.0 自动1/3
[  114.300] TLM t=  69.1 L1·A@-75 L2·A@-74 L3·A@-76 R1·A@-75 R2·A@-74 R3·A@-73 罐=无罐 泵=0 阀=111111 速=+0,+0,+0.00 电=7.55V/2.20A/峰2.52 补余=0.0 IO错=0 倾+0.0 自动1/3
[  114.805] TLM t=  69.6 L1·A@-75 L2·A@-74 L3·A@-76 R1·A@-75 R2·A@-74 R3·A@-73 罐=无罐 泵=0 阀=111111 速=+0,+0,+0.00 电=7.54V/2.20A/峰2.52 补余=0.0 IO错=0 倾+0.0 自动1/3
[  115.329] TLM t=  70.1 L1·A@-75 L2·A@-73 L3·A@-76 R1·A@-75 R2·A@-73 R3·A@-72 罐=无罐 泵=0 阀=111111 速=+0,+0,+0.00 电=7.53V/2.12A/峰2.52 补余=0.0 IO错=0 倾+0.0 自动1/3
[  115.831] TLM t=  70.6 L1·A@-75 L2·A@-73 L3·A@-76 R1·A@-75 R2·A@-73 R3·A@-71 罐=无罐 泵=0 阀=111111 速=+0,+0,+0.00 电=7.53V/2.20A/峰2.52 补余=0.0 IO错=0 倾+0.0 自动1/3
[  116.351] TLM t=  71.1 L1·A@-75 L2·A@-72 L3·A@-76 R1·A@-75 R2·A@-73 R3·A@-71 罐=无罐 泵=0 阀=111111 速=+0,+0,+0.00 电=7.55V/2.12A/峰2.52 补余=0.0 IO错=0 倾+0.0 自动1/3
[  116.857] TLM t=  71.6 L1·A@-75 L2·A@-72 L3·A@-76 R1·A@-75 R2·A@-72 R3·A@-70 罐=无罐 泵=0 阀=111111 速=+0,+0,+0.00 电=7.52V/2.04A/峰2.52 补余=0.0 IO错=0 倾+0.0 自动1/3
[  117.374] TLM t=  72.1 L1·A@-74 L2·A@-71 L3·A@-76 R1·A@-75 R2·A@-72 R3·A@-69 罐=无罐 泵=0 阀=111111 速=+0,+0,+0.00 电=7.54V/2.04A/峰2.52 补余=0.0 IO错=0 倾+0.0 自动1/3
[  117.879] TLM t=  72.6 L1·A@-74 L2·A@-71 L3·A@-76 R1·A@-75 R2·A@-71 R3·A@-69 罐=无罐 泵=0 阀=111111 速=+0,+0,+0.00 电=7.55V/2.12A/峰2.52 补余=0.0 IO错=0 倾+0.0 自动1/3
[  118.400] TLM t=  73.1 L1·A@-74 L2·A@-71 L3·A@-76 R1·A@-75 R2·A@-71 R3·A@-68 罐=无罐 泵=0 阀=111111 速=+0,+0,+0.00 电=7.54V/2.20A/峰2.52 补余=0.0 IO错=0 倾+0.0 自动1/3
[  118.902] TLM t=  73.6 L1·A@-74 L2·A@-70 L3·A@-76 R1·A@-75 R2·A@-71 R3·A@-68 罐=无罐 泵=0 阀=111111 速=+0,+0,+0.00 电=7.52V/2.20A/峰2.52 补余=0.0 IO错=0 倾+0.0 自动1/3
[  119.423] TLM t=  74.2 L1·A@-74 L2·A@-70 L3·A@-75 R1·A@-75 R2·A@-70 R3·A@-67 罐=无罐 泵=0 阀=111111 速=+0,+0,+0.00 电=7.53V/2.04A/峰2.52 补余=0.0 IO错=0 倾+0.0 自动1/3
[  119.927] TLM t=  74.7 L1·A@-74 L2·A@-69 L3·A@-75 R1·A@-75 R2·A@-70 R3·A@-66 罐=无罐 泵=0 阀=111111 速=+0,+0,+0.00 电=7.54V/2.20A/峰2.52 补余=0.0 IO错=0 倾+0.0 自动1/3
[  120.444] TLM t=  75.2 L1·A@-74 L2·A@-69 L3·A@-75 R1·A@-75 R2·A@-70 R3·A@-66 罐=无罐 泵=0 阀=111111 速=+0,+0,+0.00 电=7.53V/2.12A/峰2.52 补余=0.0 IO错=0 倾+0.0 自动1/3
[  120.948] TLM t=  75.7 L1·A@-74 L2·A@-68 L3·A@-75 R1·A@-75 R2·A@-69 R3·A@-65 罐=无罐 泵=0 阀=111111 速=+0,+0,+0.00 电=7.53V/2.20A/峰2.52 补余=0.0 IO错=0 倾+0.0 自动1/3
[  121.256] EVT 原地抬起受理：R2
[  121.279] EVT 相位 R2 stance→handover
[  121.469] TLM t=  77.0 L1·A@-74 L2·A@-68 L3·A@-75 R1·A@-74 R2ZA@-69 R3·A@-65 罐=无罐 泵=0 阀=111111 速=+0,+0,+0.00 电=7.54V/2.12A/峰2.52 补余=0.0 IO错=0 倾+0.0 自动1/3
[  121.973] TLM t=  77.4 L1·A@-74 L2·A@-68 L3·A@-75 R1·A@-74 R2ZA@-68 R3·A@-64 罐=无罐 泵=0 阀=111111 速=+0,+0,+0.00 电=7.53V/2.60A/峰2.60 补余=0.0 IO错=0 倾+0.0 自动1/3
[  122.493] TLM t=  77.4 L1·A@-73 L2·A@-67 L3·A@-75 R1·A@-74 R2ZA@-68 R3·A@-63 罐=无罐 泵=0 阀=111111 速=+0,+0,+0.00 电=7.51V/2.52A/峰2.60 补余=0.0 IO错=0 倾+0.0 自动1/3
[  122.998] TLM t=  77.4 L1·A@-73 L2·A@-67 L3·A@-75 R1·A@-74 R2ZA@-68 R3·A@-63 罐=无罐 泵=0 阀=111111 速=+0,+0,+0.00 电=7.50V/2.52A/峰2.60 补余=0.0 IO错=0 倾+0.0 自动1/3
[  123.470] EVT 吸附 R2 attached→venting 在态95.50s -67.4kPa
[  123.471] EVT 相位 R2 handover→vent 落点Δ(+0.0,+0.0)
[  123.486] EVT 阀 R2 →排气位
[  123.519] TLM t=  77.4 L1·A@-73 L2·A@-66 L3·A@-75 R1·A@-74 R2Vv@-67 R3·A@-62 罐=无罐 泵=0 阀=111101 速=+0,+0,+0.00 电=7.49V/2.60A/峰2.60 补余=0.0 IO错=0 倾+0.0 自动1/3
[  123.770] EVT 相位 R2 vent→lift
[  123.893] EVT 吸附 R2 venting→released 在态0.42s 0.0kPa
[  124.020] TLM t=  77.4 L1·A@-73 L2·A@-66 L3·A@-75 R1·A@-74 R2Lr@-- R3·A@-62 罐=无罐 泵=0 阀=111101 速=+0,+0,+0.00 电=7.48V/2.69A/峰2.69 补余=0.0 IO错=0 倾+0.0 自动1/3
[  124.542] TLM t=  77.4 L1·A@-73 L2·A@-65 L3·A@-75 R1·A@-74 R2Lr@-- R3·A@-61 罐=无罐 泵=0 阀=111101 速=+0,+0,+0.00 电=7.48V/2.77A/峰2.77 补余=0.0 IO错=0 倾+0.0 自动1/3
[  124.613] EVT 相位 R2 lift→transfer
[  125.041] TLM t=  77.4 L1·A@-73 L2·A@-65 L3·A@-75 R1·A@-74 R2Tr@-- R3·A@-61 罐=无罐 泵=0 阀=111101 速=+0,+0,+0.00 电=7.51V/2.44A/峰2.77 补余=0.0 IO错=0 倾+0.0 自动1/3
[  125.232] EVT 相位 R2 transfer→hover
[  125.473] EVT 泵 开 最差盘压-60.0
[  125.566] TLM t=  77.4 L1·A@-73 L2·A@-65 L3·A@-75 R1·A@-74 R2Hr@-- R3·A@-60 罐=无罐 泵=1 阀=111101 速=+0,+0,+0.00 电=7.47V/2.52A/峰2.77 补余=0.0 IO错=0 倾+0.0 自动1/3
[  126.067] TLM t=  77.4 L1·A@-73 L2·A@-72 L3·A@-75 R1·A@-74 R2Hr@-- R3·A@-71 罐=无罐 泵=1 阀=111101 速=+0,+0,+0.00 电=7.49V/2.44A/峰2.77 补余=0.0 IO错=0 倾+0.0 自动1/3
[  126.238] EVT 落地：R2
[  126.256] EVT 相位 R2 hover→descend
[  126.358] EVT 泵 停 最差盘压-75.4
[  126.586] TLM t=  77.4 L1·A@-76 L2·A@-76 L3·A@-76 R1·A@-76 R2Dr@-- R3·A@-76 罐=无罐 泵=0 阀=111101 速=+0,+0,+0.00 电=7.49V/2.69A/峰2.77 补余=0.0 IO错=0 倾+0.0 自动1/3
[  126.737] EVT 相位 R2 descend→press
[  127.094] TLM t=  77.4 L1·A@-76 L2·A@-76 L3·A@-76 R1·A@-76 R2Pr@-- R3·A@-76 罐=无罐 泵=0 阀=111101 速=+0,+0,+0.00 电=7.52V/2.36A/峰2.77 补余=0.0 IO错=0 倾+0.0 自动1/3
[  127.610] TLM t=  77.4 L1·A@-76 L2·A@-75 L3·A@-76 R1·A@-76 R2Pr@-- R3·A@-75 罐=无罐 泵=0 阀=111101 速=+0,+0,+0.00 电=7.50V/2.69A/峰2.77 补余=0.0 IO错=0 倾+0.0 自动1/3
[  127.940] EVT 吸附 R2 released→pressing 在态4.04s 0.0kPa
[  127.940] EVT 相位 R2 press→wait
[  128.110] TLM t=  77.4 L1·A@-76 L2·A@-75 L3·A@-76 R1·A@-76 R2Wp@-- R3·A@-74 罐=无罐 泵=0 阀=111101 速=+0,+0,+0.00 电=7.50V/2.52A/峰2.77 补余=0.0 IO错=0 倾+0.0 自动1/3
[  128.264] EVT 吸附 R2 pressing→sucking 在态0.32s 0.0kPa
[  128.264] EVT 阀 R2 →抽气位
[  128.286] EVT 泵 开 最差盘压-74.1
[  128.564] EVT 吸附 R2 sucking→attached 在态0.30s -65.7kPa
[  128.565] EVT 相位 R2 wait→stance
[  128.565] EVT 抬落完成，轮到 L3
[  128.635] TLM t=  77.5 L1·A@-76 L2·A@-75 L3·A@-76 R1·A@-76 R2·A@-67 R3·A@-74 罐=无罐 泵=1 阀=111111 速=+0,+0,+0.00 电=7.46V/2.44A/峰2.77 补余=0.0 IO错=0 倾+0.0 自动1/3
[  128.964] EVT 泵 停 最差盘压-75.2
[  129.136] TLM t=  78.0 L1·A@-76 L2·A@-76 L3·A@-76 R1·A@-75 R2·A@-76 R3·A@-76 罐=无罐 泵=0 阀=111111 速=+0,+0,+0.00 电=7.52V/2.60A/峰2.77 补余=0.0 IO错=0 倾+0.0 自动1/3
[  129.657] TLM t=  78.5 L1·A@-76 L2·A@-76 L3·A@-76 R1·A@-75 R2·A@-75 R3·A@-75 罐=无罐 泵=0 阀=111111 速=+0,+0,+0.00 电=7.51V/2.36A/峰2.77 补余=0.0 IO错=0 倾+0.0 自动1/3
[  130.164] TLM t=  79.0 L1·A@-76 L2·A@-75 L3·A@-76 R1·A@-75 R2·A@-75 R3·A@-75 罐=无罐 泵=0 阀=111111 速=+0,+0,+0.00 电=7.52V/2.52A/峰2.77 补余=0.0 IO错=0 倾+0.0 自动1/3
[  130.679] TLM t=  79.5 L1·A@-76 L2·A@-75 L3·A@-76 R1·A@-75 R2·A@-74 R3·A@-74 罐=无罐 泵=0 阀=111111 速=+0,+0,+0.00 电=7.53V/2.44A/峰2.77 补余=0.0 IO错=0 倾+0.0 自动1/3
[  131.184] TLM t=  80.0 L1·A@-76 L2·A@-74 L3·A@-76 R1·A@-75 R2·A@-74 R3·A@-73 罐=无罐 泵=0 阀=111111 速=+0,+0,+0.00 电=7.50V/2.60A/峰2.77 补余=0.0 IO错=0 倾+0.0 自动1/3
[  131.706] TLM t=  80.5 L1·A@-75 L2·A@-74 L3·A@-76 R1·A@-75 R2·A@-73 R3·A@-73 罐=无罐 泵=0 阀=111111 速=+0,+0,+0.00 电=7.51V/2.44A/峰2.77 补余=0.0 IO错=0 倾+0.0 自动1/3
[  132.208] TLM t=  81.0 L1·A@-75 L2·A@-73 L3·A@-76 R1·A@-75 R2·A@-73 R3·A@-72 罐=无罐 泵=0 阀=111111 速=+0,+0,+0.00 电=7.52V/2.36A/峰2.77 补余=0.0 IO错=0 倾+0.0 自动1/3
[  132.728] TLM t=  81.5 L1·A@-75 L2·A@-73 L3·A@-76 R1·A@-75 R2·A@-72 R3·A@-72 罐=无罐 泵=0 阀=111111 速=+0,+0,+0.00 电=7.52V/2.36A/峰2.77 补余=0.0 IO错=0 倾+0.0 自动1/3
[  133.235] TLM t=  82.0 L1·A@-75 L2·A@-73 L3·A@-76 R1·A@-75 R2·A@-72 R3·A@-71 罐=无罐 泵=0 阀=111111 速=+0,+0,+0.00 电=7.51V/2.44A/峰2.77 补余=0.0 IO错=0 倾+0.0 自动1/3
[  133.754] TLM t=  82.6 L1·A@-75 L2·A@-72 L3·A@-76 R1·A@-75 R2·A@-71 R3·A@-70 罐=无罐 泵=0 阀=111111 速=+0,+0,+0.00 电=7.51V/2.60A/峰2.77 补余=0.0 IO错=0 倾+0.0 自动1/3
[  134.262] TLM t=  83.1 L1·A@-75 L2·A@-72 L3·A@-75 R1·A@-75 R2·A@-71 R3·A@-70 罐=无罐 泵=0 阀=111111 速=+0,+0,+0.00 电=7.49V/2.60A/峰2.77 补余=0.0 IO错=0 倾+0.0 自动1/3
[  134.780] TLM t=  83.6 L1·A@-75 L2·A@-71 L3·A@-75 R1·A@-74 R2·A@-71 R3·A@-69 罐=无罐 泵=0 阀=111111 速=+0,+0,+0.00 电=7.49V/2.36A/峰2.77 补余=0.0 IO错=0 倾+0.0 自动1/3
[  135.283] TLM t=  84.1 L1·A@-75 L2·A@-71 L3·A@-75 R1·A@-74 R2·A@-70 R3·A@-68 罐=无罐 泵=0 阀=111111 速=+0,+0,+0.00 电=7.52V/2.52A/峰2.77 补余=0.0 IO错=0 倾+0.0 自动1/3
[  135.802] TLM t=  84.6 L1·A@-75 L2·A@-70 L3·A@-75 R1·A@-74 R2·A@-70 R3·A@-68 罐=无罐 泵=0 阀=111111 速=+0,+0,+0.00 电=7.52V/2.36A/峰2.77 补余=0.0 IO错=0 倾+0.0 自动1/3
[  136.308] TLM t=  85.1 L1·A@-75 L2·A@-70 L3·A@-75 R1·A@-74 R2·A@-69 R3·A@-67 罐=无罐 泵=0 阀=111111 速=+0,+0,+0.00 电=7.50V/2.44A/峰2.77 补余=0.0 IO错=0 倾+0.0 自动1/3
[  136.826] TLM t=  85.6 L1·A@-75 L2·A@-69 L3·A@-75 R1·A@-74 R2·A@-69 R3·A@-66 罐=无罐 泵=0 阀=111111 速=+0,+0,+0.00 电=7.51V/2.44A/峰2.77 补余=0.0 IO错=0 倾+0.0 自动1/3
[  137.331] TLM t=  86.1 L1·A@-74 L2·A@-69 L3·A@-75 R1·A@-74 R2·A@-69 R3·A@-66 罐=无罐 泵=0 阀=111111 速=+0,+0,+0.00 电=7.51V/2.44A/峰2.77 补余=0.0 IO错=0 倾+0.0 自动1/3
[  137.854] TLM t=  86.6 L1·A@-74 L2·A@-68 L3·A@-75 R1·A@-74 R2·A@-68 R3·A@-65 罐=无罐 泵=0 阀=111111 速=+0,+0,+0.00 电=7.51V/2.52A/峰2.77 补余=0.0 IO错=0 倾+0.0 自动1/3
[  138.359] TLM t=  87.1 L1·A@-74 L2·A@-68 L3·A@-75 R1·A@-74 R2·A@-68 R3·A@-65 罐=无罐 泵=0 阀=111111 速=+0,+0,+0.00 电=7.53V/2.28A/峰2.77 补余=0.0 IO错=0 倾+0.0 自动1/3
[  138.591] EVT 原地抬起受理：L3
[  138.606] EVT 相位 L3 stance→handover
[  138.880] TLM t=  88.5 L1·A@-74 L2·A@-68 L3ZA@-75 R1·A@-74 R2·A@-68 R3·A@-64 罐=无罐 泵=0 阀=111111 速=+0,+0,+0.00 电=7.52V/2.36A/峰2.77 补余=0.0 IO错=0 倾+0.0 自动1/3
[  139.381] TLM t=  88.8 L1·A@-74 L2·A@-67 L3ZA@-75 R1·A@-74 R2·A@-67 R3·A@-64 罐=无罐 泵=0 阀=111111 速=+0,+0,+0.00 电=7.51V/2.36A/峰2.77 补余=0.0 IO错=0 倾+0.0 自动1/3
[  139.902] TLM t=  88.8 L1·A@-74 L2·A@-67 L3ZA@-75 R1·A@-74 R2·A@-67 R3·A@-63 罐=无罐 泵=0 阀=111111 速=+0,+0,+0.00 电=7.52V/2.28A/峰2.77 补余=0.0 IO错=0 倾+0.0 自动1/3
[  140.407] TLM t=  88.8 L1·A@-74 L2·A@-66 L3ZA@-75 R1·A@-74 R2·A@-66 R3·A@-62 罐=无罐 泵=0 阀=111111 速=+0,+0,+0.00 电=7.51V/2.60A/峰2.77 补余=0.0 IO错=0 倾+0.0 自动1/3
[  140.924] TLM t=  88.8 L1·A@-74 L2·A@-66 L3ZA@-75 R1·A@-74 R2·A@-66 R3·A@-62 罐=无罐 泵=0 阀=111111 速=+0,+0,+0.00 电=7.49V/2.85A/峰2.85 补余=0.0 IO错=0 倾+0.0 自动1/3
[  141.426] TLM t=  88.8 L1·A@-74 L2·A@-66 L3ZA@-75 R1·A@-74 R2·A@-66 R3·A@-61 罐=无罐 泵=0 阀=111111 速=+0,+0,+0.00 电=7.48V/3.01A/峰3.01 补余=0.0 IO错=0 倾+0.0 自动1/3
[  141.495] EVT 吸附 L3 attached→venting 在态111.64s -74.6kPa
[  141.495] EVT 相位 L3 handover→vent 落点Δ(+0.0,+0.0)
[  141.515] EVT 阀 L3 →排气位
[  141.796] EVT 相位 L3 vent→lift
[  141.918] EVT 吸附 L3 venting→released 在态0.42s 0.1kPa
[  141.947] TLM t=  88.8 L1·A@-74 L2·A@-65 L3Lr@-- R1·A@-73 R2·A@-65 R3·A@-61 罐=无罐 泵=0 阀=110111 速=+0,+0,+0.00 电=7.47V/3.09A/峰3.09 补余=0.0 IO错=0 倾+0.0 自动1/3
[  142.452] TLM t=  88.8 L1·A@-74 L2·A@-65 L3Lr@-- R1·A@-73 R2·A@-65 R3·A@-60 罐=无罐 泵=0 阀=110111 速=+0,+0,+0.00 电=7.44V/3.01A/峰3.09 补余=0.0 IO错=0 倾+0.0 自动1/3
[  142.518] EVT 泵 开 最差盘压-59.9
[  142.638] EVT 相位 L3 lift→transfer
[  142.970] TLM t=  88.8 L1·A@-73 L2·A@-69 L3Tr@-- R1·A@-73 R2·A@-68 R3·A@-68 罐=无罐 泵=1 阀=110111 速=+0,+0,+0.00 电=7.48V/2.52A/峰3.09 补余=0.0 IO错=0 倾+0.0 自动1/3
[  143.260] EVT 相位 L3 transfer→hover
[  143.406] EVT 泵 停 最差盘压-75.1
[  143.476] TLM t=  88.8 L1·A@-76 L2·A@-76 L3Hr@-- R1·A@-76 R2·A@-76 R3·A@-76 罐=无罐 泵=0 阀=110111 速=+0,+0,+0.00 电=7.48V/2.69A/峰3.09 补余=0.0 IO错=0 倾+0.0 自动1/3
[  143.993] TLM t=  88.8 L1·A@-76 L2·A@-76 L3Hr@-- R1·A@-76 R2·A@-76 R3·A@-76 罐=无罐 泵=0 阀=110111 速=+0,+0,+0.00 电=7.47V/2.60A/峰3.09 补余=0.0 IO错=0 倾+0.0 自动1/3
[  144.264] EVT 落地：L3
[  144.284] EVT 相位 L3 hover→descend
[  144.498] TLM t=  88.8 L1·A@-76 L2·A@-75 L3Dr@-- R1·A@-75 R2·A@-75 R3·A@-75 罐=无罐 泵=0 阀=110111 速=+0,+0,+0.00 电=7.47V/2.69A/峰3.09 补余=0.0 IO错=0 倾+0.0 自动1/3
[  144.766] EVT 相位 L3 descend→press
[  145.016] TLM t=  88.8 L1·A@-76 L2·A@-75 L3Pr@-- R1·A@-75 R2·A@-75 R3·A@-74 罐=无罐 泵=0 阀=110111 速=+0,+0,+0.00 电=7.49V/2.69A/峰3.09 补余=0.0 IO错=0 倾+0.0 自动1/3
[  145.521] TLM t=  88.8 L1·A@-76 L2·A@-74 L3Pr@-- R1·A@-75 R2·A@-74 R3·A@-74 罐=无罐 泵=0 阀=110111 速=+0,+0,+0.00 电=7.47V/2.85A/峰3.09 补余=0.0 IO错=0 倾+0.0 自动1/3
[  145.969] EVT 吸附 L3 released→pressing 在态4.04s 0.1kPa
[  145.969] EVT 相位 L3 press→wait
[  146.036] TLM t=  88.8 L1·A@-75 L2·A@-74 L3Wp@-- R1·A@-75 R2·A@-74 R3·A@-73 罐=无罐 泵=0 阀=110111 速=+0,+0,+0.00 电=7.49V/2.69A/峰3.09 补余=0.0 IO错=0 倾+0.0 自动1/3
[  146.295] EVT 吸附 L3 pressing→sucking 在态0.32s 0.1kPa
[  146.295] EVT 阀 L3 →抽气位
[  146.313] EVT 泵 开 最差盘压-72.6
[  146.545] TLM t=  88.8 L1·A@-75 L2·A@-74 L3Ws@-55 R1·A@-75 R2·A@-74 R3·A@-72 罐=无罐 泵=1 阀=111111 速=+0,+0,+0.00 电=7.41V/2.93A/峰3.09 补余=0.0 IO错=0 倾+0.0 自动1/3
[  146.590] EVT 吸附 L3 sucking→attached 在态0.30s -57.9kPa
[  146.596] EVT 相位 L3 wait→stance
[  146.596] EVT 抬落完成，轮到 R1
[  147.061] TLM t=  89.3 L1·A@-75 L2·A@-75 L3·A@-74 R1·A@-75 R2·A@-74 R3·A@-74 罐=无罐 泵=1 阀=111111 速=+0,+0,+0.00 电=7.50V/2.52A/峰3.09 补余=0.0 IO错=0 倾+0.0 自动1/3
[  147.198] EVT 泵 停 最差盘压-75.3
[  147.566] TLM t=  89.8 L1·A@-76 L2·A@-76 L3·A@-76 R1·A@-76 R2·A@-76 R3·A@-76 罐=无罐 泵=0 阀=111111 速=+0,+0,+0.00 电=7.48V/2.69A/峰3.09 补余=0.0 IO错=0 倾+0.0 自动1/3
[  148.086] TLM t=  90.3 L1·A@-76 L2·A@-76 L3·A@-76 R1·A@-76 R2·A@-76 R3·A@-75 罐=无罐 泵=0 阀=111111 速=+0,+0,+0.00 电=7.49V/2.85A/峰3.09 补余=0.0 IO错=0 倾+0.0 自动1/3
[  148.590] TLM t=  90.8 L1·A@-76 L2·A@-75 L3·A@-76 R1·A@-75 R2·A@-75 R3·A@-75 罐=无罐 泵=0 阀=111111 速=+0,+0,+0.00 电=7.51V/2.77A/峰3.09 补余=0.0 IO错=0 倾+0.0 自动1/3
[  149.106] TLM t=  91.3 L1·A@-76 L2·A@-75 L3·A@-76 R1·A@-75 R2·A@-75 R3·A@-74 罐=无罐 泵=0 阀=111111 速=+0,+0,+0.00 电=7.47V/2.60A/峰3.09 补余=0.0 IO错=0 倾+0.0 自动1/3
[  149.615] TLM t=  91.8 L1·A@-76 L2·A@-74 L3·A@-76 R1·A@-75 R2·A@-74 R3·A@-74 罐=无罐 泵=0 阀=111111 速=+0,+0,+0.00 电=7.49V/2.69A/峰3.09 补余=0.0 IO错=0 倾+0.0 自动1/3
[  150.131] TLM t=  92.3 L1·A@-76 L2·A@-74 L3·A@-75 R1·A@-75 R2·A@-74 R3·A@-73 罐=无罐 泵=0 阀=111111 速=+0,+0,+0.00 电=7.50V/2.69A/峰3.09 补余=0.0 IO错=0 倾+0.0 自动1/3
[  150.639] TLM t=  92.8 L1·A@-76 L2·A@-73 L3·A@-75 R1·A@-75 R2·A@-73 R3·A@-72 罐=无罐 泵=0 阀=111111 速=+0,+0,+0.00 电=7.50V/2.93A/峰3.09 补余=0.0 IO错=0 倾+0.0 自动1/3
[  151.152] TLM t=  93.3 L1·A@-75 L2·A@-73 L3·A@-75 R1·A@-74 R2·A@-73 R3·A@-72 罐=无罐 泵=0 阀=111111 速=+0,+0,+0.00 电=7.48V/2.85A/峰3.09 补余=0.0 IO错=0 倾+0.0 自动1/3
[  151.657] TLM t=  93.8 L1·A@-75 L2·A@-73 L3·A@-75 R1·A@-74 R2·A@-73 R3·A@-71 罐=无罐 泵=0 阀=111111 速=+0,+0,+0.00 电=7.49V/2.85A/峰3.09 补余=0.0 IO错=0 倾+0.0 自动1/3
[  152.175] TLM t=  94.4 L1·A@-75 L2·A@-72 L3·A@-75 R1·A@-74 R2·A@-72 R3·A@-70 罐=无罐 泵=0 阀=111111 速=+0,+0,+0.00 电=7.49V/2.69A/峰3.09 补余=0.0 IO错=0 倾+0.0 自动1/3
[  152.683] TLM t=  94.9 L1·A@-75 L2·A@-72 L3·A@-75 R1·A@-74 R2·A@-72 R3·A@-70 罐=无罐 泵=0 阀=111111 速=+0,+0,+0.00 电=7.46V/2.77A/峰3.09 补余=0.0 IO错=0 倾+0.0 自动1/3
[  153.202] TLM t=  95.4 L1·A@-75 L2·A@-71 L3·A@-75 R1·A@-74 R2·A@-72 R3·A@-69 罐=无罐 泵=0 阀=111111 速=+0,+0,+0.00 电=7.48V/2.85A/峰3.09 补余=0.0 IO错=0 倾+0.0 自动1/3
[  153.710] TLM t=  95.9 L1·A@-75 L2·A@-71 L3·A@-75 R1·A@-74 R2·A@-71 R3·A@-69 罐=无罐 泵=0 阀=111111 速=+0,+0,+0.00 电=7.48V/2.85A/峰3.09 补余=0.0 IO错=0 倾+0.0 自动1/3
[  154.226] TLM t=  96.4 L1·A@-75 L2·A@-70 L3·A@-75 R1·A@-73 R2·A@-71 R3·A@-68 罐=无罐 泵=0 阀=111111 速=+0,+0,+0.00 电=7.48V/2.77A/峰3.09 补余=0.0 IO错=0 倾+0.0 自动1/3
[  154.733] TLM t=  96.9 L1·A@-75 L2·A@-70 L3·A@-75 R1·A@-73 R2·A@-70 R3·A@-67 罐=无罐 泵=0 阀=111111 速=+0,+0,+0.00 电=7.50V/2.85A/峰3.09 补余=0.0 IO错=0 倾+0.0 自动1/3
[  155.247] TLM t=  97.4 L1·A@-75 L2·A@-69 L3·A@-75 R1·A@-73 R2·A@-70 R3·A@-67 罐=无罐 泵=0 阀=111111 速=+0,+0,+0.00 电=7.48V/2.77A/峰3.09 补余=0.0 IO错=0 倾+0.0 自动1/3
[  155.756] TLM t=  97.9 L1·A@-75 L2·A@-69 L3·A@-75 R1·A@-73 R2·A@-70 R3·A@-66 罐=无罐 泵=0 阀=111111 速=+0,+0,+0.00 电=7.49V/2.77A/峰3.09 补余=0.0 IO错=0 倾+0.0 自动1/3
[  156.271] TLM t=  98.4 L1·A@-75 L2·A@-69 L3·A@-74 R1·A@-73 R2·A@-69 R3·A@-65 罐=无罐 泵=0 阀=111111 速=+0,+0,+0.00 电=7.48V/2.60A/峰3.09 补余=0.0 IO错=0 倾+0.0 自动1/3
[  156.624] EVT 原地抬起受理：R1
[  156.650] EVT 相位 R1 stance→handover
[  156.778] TLM t=  99.7 L1·A@-74 L2·A@-68 L3·A@-74 R1ZA@-73 R2·A@-69 R3·A@-65 罐=无罐 泵=0 阀=111111 速=+0,+0,+0.00 电=7.50V/2.77A/峰3.09 补余=0.0 IO错=0 倾+0.0 自动1/3
[  157.293] TLM t= 100.2 L1·A@-74 L2·A@-68 L3·A@-74 R1ZA@-73 R2·A@-68 R3·A@-64 罐=无罐 泵=0 阀=111111 速=+0,+0,+0.00 电=7.53V/1.95A/峰3.09 补余=0.0 IO错=0 倾+0.0 自动1/3
[  157.800] TLM t= 100.2 L1·A@-74 L2·A@-67 L3·A@-74 R1ZA@-72 R2·A@-68 R3·A@-64 罐=无罐 泵=0 阀=111111 速=+0,+0,+0.00 电=7.52V/2.04A/峰3.09 补余=0.0 IO错=0 倾+0.0 自动1/3
[  158.318] TLM t= 100.2 L1·A@-74 L2·A@-67 L3·A@-74 R1ZA@-72 R2·A@-68 R3·A@-63 罐=无罐 泵=0 阀=111111 速=+0,+0,+0.00 电=7.53V/1.95A/峰3.09 补余=0.0 IO错=0 倾+0.0 自动1/3
[  158.825] TLM t= 100.2 L1·A@-74 L2·A@-66 L3·A@-74 R1ZA@-72 R2·A@-67 R3·A@-63 罐=无罐 泵=0 阀=111111 速=+0,+0,+0.00 电=7.52V/2.20A/峰3.09 补余=0.0 IO错=0 倾+0.0 自动1/3
[  159.340] TLM t= 100.2 L1·A@-74 L2·A@-66 L3·A@-74 R1ZA@-72 R2·A@-67 R3·A@-62 罐=无罐 泵=0 阀=111111 速=+0,+0,+0.00 电=7.52V/2.04A/峰3.09 补余=0.0 IO错=0 倾+0.0 自动1/3
[  159.847] TLM t= 100.2 L1·A@-74 L2·A@-66 L3·A@-74 R1ZA@-72 R2·A@-67 R3·A@-62 罐=无罐 泵=0 阀=111111 速=+0,+0,+0.00 电=7.51V/2.44A/峰3.09 补余=0.0 IO错=0 倾+0.0 自动1/3
[  159.933] EVT 吸附 R1 attached→venting 在态128.14s -72.1kPa
[  159.934] EVT 相位 R1 handover→vent 落点Δ(+0.0,+0.0)
[  159.956] EVT 阀 R1 →排气位
[  160.235] EVT 相位 R1 vent→lift
[  160.339] EVT 吸附 R1 venting→released 在态0.40s -0.1kPa
[  160.350] TLM t= 100.2 L1·A@-74 L2·A@-65 L3·A@-74 R1Lr@-- R2·A@-66 R3·A@-61 罐=无罐 泵=0 阀=111011 速=+0,+0,+0.00 电=7.48V/2.44A/峰3.09 补余=0.0 IO错=0 倾+0.0 自动1/3
[  160.851] TLM t= 100.2 L1·A@-74 L2·A@-65 L3·A@-74 R1Lr@-- R2·A@-66 R3·A@-60 罐=无罐 泵=0 阀=111011 速=+0,+0,+0.00 电=7.50V/2.52A/峰3.09 补余=0.0 IO错=0 倾+0.0 自动1/3
[  161.003] EVT 泵 开 最差盘压-60.0
[  161.083] EVT 相位 R1 lift→transfer
[  161.359] TLM t= 100.2 L1·A@-74 L2·A@-66 L3·A@-74 R1Tr@-- R2·A@-67 R3·A@-65 罐=无罐 泵=1 阀=111011 速=+0,+0,+0.00 电=7.39V/2.60A/峰3.09 补余=0.0 IO错=0 倾+0.0 自动1/3
[  161.713] EVT 相位 R1 transfer→hover
[  161.877] TLM t= 100.2 L1·A@-75 L2·A@-76 L3·A@-75 R1Hr@-- R2·A@-75 R3·A@-75 罐=无罐 泵=1 阀=111011 速=+0,+0,+0.00 电=7.46V/2.44A/峰3.09 补余=0.0 IO错=0 倾+0.0 自动1/3
[  161.893] EVT 泵 停 最差盘压-75.3
[  162.383] TLM t= 100.2 L1·A@-76 L2·A@-76 L3·A@-76 R1Hr@-- R2·A@-76 R3·A@-76 罐=无罐 泵=0 阀=111011 速=+0,+0,+0.00 电=7.50V/2.44A/峰3.09 补余=0.0 IO错=0 倾+0.0 自动1/3
[  162.737] EVT 落地：R1
[  162.752] EVT 相位 R1 hover→descend
[  162.901] TLM t= 100.2 L1·A@-76 L2·A@-75 L3·A@-76 R1Dr@-- R2·A@-75 R3·A@-75 罐=无罐 泵=0 阀=111011 速=+0,+0,+0.00 电=7.50V/2.52A/峰3.09 补余=0.0 IO错=0 倾+0.0 自动1/3
[  163.234] EVT 相位 R1 descend→press
[  163.407] TLM t= 100.2 L1·A@-76 L2·A@-75 L3·A@-76 R1Pr@-- R2·A@-75 R3·A@-74 罐=无罐 泵=0 阀=111011 速=+0,+0,+0.00 电=7.49V/2.60A/峰3.09 补余=0.0 IO错=0 倾+0.0 自动1/3
[  163.907] TLM t= 100.2 L1·A@-76 L2·A@-74 L3·A@-76 R1Pr@-- R2·A@-74 R3·A@-73 罐=无罐 泵=0 阀=111011 速=+0,+0,+0.00 电=7.49V/2.60A/峰3.09 补余=0.0 IO错=0 倾+0.0 自动1/3
[  164.412] TLM t= 100.2 L1·A@-76 L2·A@-74 L3·A@-76 R1Pr@-- R2·A@-74 R3·A@-73 罐=无罐 泵=0 阀=111011 速=+0,+0,+0.00 电=7.48V/2.69A/峰3.09 补余=0.0 IO错=0 倾+0.0 自动1/3
[  164.441] EVT 吸附 R1 released→pressing 在态4.08s -0.1kPa
[  164.442] EVT 相位 R1 press→wait
[  164.742] EVT 吸附 R1 pressing→sucking 在态0.30s -0.1kPa
[  164.743] EVT 阀 R1 →抽气位
[  164.765] EVT 泵 开 最差盘压-72.4
[  164.914] TLM t= 100.2 L1·A@-75 L2·A@-74 L3·A@-76 R1Ws@-40 R2·A@-74 R3·A@-72 罐=无罐 泵=1 阀=111111 速=+0,+0,+0.00 电=7.46V/2.44A/峰3.09 补余=0.0 IO错=0 倾+0.0 自动1/3
[  165.085] EVT 吸附 R1 sucking→attached 在态0.34s -65.1kPa
[  165.089] EVT 相位 R1 wait→stance
[  165.089] EVT 抬落完成，轮到 L2
[  165.436] TLM t= 100.5 L1·A@-75 L2·A@-75 L3·A@-76 R1·A@-74 R2·A@-75 R3·A@-75 罐=无罐 泵=1 阀=111111 速=+0,+0,+0.00 电=7.43V/2.44A/峰3.09 补余=0.0 IO错=0 倾+0.0 自动1/3
[  165.487] EVT 泵 停 最差盘压-75.1
[  165.942] TLM t= 101.0 L1·A@-76 L2·A@-76 L3·A@-76 R1·A@-76 R2·A@-76 R3·A@-76 罐=无罐 泵=0 阀=111111 速=+0,+0,+0.00 电=7.51V/2.44A/峰3.09 补余=0.0 IO错=0 倾+0.0 自动1/3
[  166.459] TLM t= 101.6 L1·A@-76 L2·A@-76 L3·A@-76 R1·A@-75 R2·A@-75 R3·A@-75 罐=无罐 泵=0 阀=111111 速=+0,+0,+0.00 电=7.51V/2.44A/峰3.09 补余=0.0 IO错=0 倾+0.0 自动1/3
[  166.967] TLM t= 102.1 L1·A@-76 L2·A@-75 L3·A@-76 R1·A@-75 R2·A@-75 R3·A@-74 罐=无罐 泵=0 阀=111111 速=+0,+0,+0.00 电=7.50V/2.52A/峰3.09 补余=0.0 IO错=0 倾+0.0 自动1/3
[  167.482] TLM t= 102.6 L1·A@-76 L2·A@-75 L3·A@-76 R1·A@-75 R2·A@-75 R3·A@-74 罐=无罐 泵=0 阀=111111 速=+0,+0,+0.00 电=7.50V/2.44A/峰3.09 补余=0.0 IO错=0 倾+0.0 自动1/3
[  167.987] TLM t= 103.1 L1·A@-76 L2·A@-74 L3·A@-76 R1·A@-75 R2·A@-74 R3·A@-73 罐=无罐 泵=0 阀=111111 速=+0,+0,+0.00 电=7.50V/2.36A/峰3.09 补余=0.0 IO错=0 倾+0.0 自动1/3
[  168.510] TLM t= 103.6 L1·A@-76 L2·A@-74 L3·A@-76 R1·A@-75 R2·A@-74 R3·A@-72 罐=无罐 泵=0 阀=111111 速=+0,+0,+0.00 电=7.49V/2.52A/峰3.09 补余=0.0 IO错=0 倾+0.0 自动1/3
[  169.015] TLM t= 104.1 L1·A@-75 L2·A@-73 L3·A@-76 R1·A@-75 R2·A@-73 R3·A@-72 罐=无罐 泵=0 阀=111111 速=+0,+0,+0.00 电=7.51V/2.52A/峰3.09 补余=0.0 IO错=0 倾+0.0 自动1/3
[  169.533] TLM t= 104.6 L1·A@-75 L2·A@-73 L3·A@-76 R1·A@-75 R2·A@-73 R3·A@-71 罐=无罐 泵=0 阀=111111 速=+0,+0,+0.00 电=7.52V/2.44A/峰3.09 补余=0.0 IO错=0 倾+0.0 自动1/3
[  170.040] TLM t= 105.1 L1·A@-75 L2·A@-72 L3·A@-76 R1·A@-75 R2·A@-73 R3·A@-70 罐=无罐 泵=0 阀=111111 速=+0,+0,+0.00 电=7.51V/2.52A/峰3.09 补余=0.0 IO错=0 倾+0.0 自动1/3
[  170.558] TLM t= 105.6 L1·A@-75 L2·A@-72 L3·A@-76 R1·A@-75 R2·A@-72 R3·A@-70 罐=无罐 泵=0 阀=111111 速=+0,+0,+0.00 电=7.51V/2.44A/峰3.09 补余=0.0 IO错=0 倾+0.0 自动1/3
[  171.060] TLM t= 106.1 L1·A@-75 L2·A@-71 L3·A@-76 R1·A@-75 R2·A@-72 R3·A@-69 罐=无罐 泵=0 阀=111111 速=+0,+0,+0.00 电=7.51V/2.60A/峰3.09 补余=0.0 IO错=0 倾+0.0 自动1/3
[  171.584] TLM t= 106.7 L1·A@-75 L2·A@-71 L3·A@-75 R1·A@-75 R2·A@-71 R3·A@-69 罐=无罐 泵=0 阀=111111 速=+0,+0,+0.00 电=7.51V/2.36A/峰3.09 补余=0.0 IO错=0 倾+0.0 自动1/3
[  172.085] TLM t= 107.2 L1·A@-75 L2·A@-71 L3·A@-75 R1·A@-75 R2·A@-71 R3·A@-68 罐=无罐 泵=0 阀=111111 速=+0,+0,+0.00 电=7.48V/2.52A/峰3.09 补余=0.0 IO错=0 倾+0.0 自动1/3
[  172.608] TLM t= 107.7 L1·A@-75 L2·A@-70 L3·A@-75 R1·A@-74 R2·A@-71 R3·A@-67 罐=无罐 泵=0 阀=111111 速=+0,+0,+0.00 电=7.50V/2.36A/峰3.09 补余=0.0 IO错=0 倾+0.0 自动1/3
[  173.111] TLM t= 108.2 L1·A@-75 L2·A@-70 L3·A@-75 R1·A@-74 R2·A@-70 R3·A@-67 罐=无罐 泵=0 阀=111111 速=+0,+0,+0.00 电=7.50V/2.52A/峰3.09 补余=0.0 IO错=0 倾+0.0 自动1/3
[  173.628] TLM t= 108.7 L1·A@-75 L2·A@-69 L3·A@-75 R1·A@-74 R2·A@-70 R3·A@-66 罐=无罐 泵=0 阀=111111 速=+0,+0,+0.00 电=7.50V/2.52A/峰3.09 补余=0.0 IO错=0 倾+0.0 自动1/3
[  174.132] TLM t= 109.2 L1·A@-75 L2·A@-69 L3·A@-75 R1·A@-74 R2·A@-70 R3·A@-65 罐=无罐 泵=0 阀=111111 速=+0,+0,+0.00 电=7.51V/2.44A/峰3.09 补余=0.0 IO错=0 倾+0.0 自动1/3
[  174.654] TLM t= 109.7 L1·A@-75 L2·A@-68 L3·A@-75 R1·A@-74 R2·A@-69 R3·A@-65 罐=无罐 泵=0 阀=111111 速=+0,+0,+0.00 电=7.50V/2.44A/峰3.09 补余=0.0 IO错=0 倾+0.0 自动1/3
[  175.106] EVT 原地抬起受理：L2
[  175.128] EVT 相位 L2 stance→handover
[  175.159] TLM t= 111.0 L1·A@-74 L2ZA@-68 L3·A@-75 R1·A@-74 R2·A@-69 R3·A@-64 罐=无罐 泵=0 阀=111111 速=+0,+0,+0.00 电=7.50V/2.60A/峰3.09 补余=0.0 IO错=0 倾+0.0 自动1/3
[  175.682] TLM t= 111.6 L1·A@-74 L2ZA@-68 L3·A@-75 R1·A@-74 R2·A@-68 R3·A@-63 罐=无罐 泵=0 阀=111111 速=+0,+0,+0.00 电=7.52V/2.28A/峰3.09 补余=0.0 IO错=0 倾+0.0 自动1/3
[  176.184] TLM t= 111.6 L1·A@-74 L2ZA@-67 L3·A@-75 R1·A@-74 R2·A@-68 R3·A@-63 罐=无罐 泵=0 阀=111111 速=+0,+0,+0.00 电=7.50V/2.36A/峰3.09 补余=0.0 IO错=0 倾+0.0 自动1/3
[  176.702] TLM t= 111.6 L1·A@-74 L2ZA@-67 L3·A@-75 R1·A@-74 R2·A@-68 R3·A@-62 罐=无罐 泵=0 阀=111111 速=+0,+0,+0.00 电=7.51V/2.20A/峰3.09 补余=0.0 IO错=0 倾+0.0 自动1/3
[  177.208] TLM t= 111.6 L1·A@-74 L2ZA@-66 L3·A@-75 R1·A@-74 R2·A@-67 R3·A@-61 罐=无罐 泵=0 阀=111111 速=+0,+0,+0.00 电=7.51V/2.36A/峰3.09 补余=0.0 IO错=0 倾+0.0 自动1/3
[  177.514] EVT 吸附 L2 attached→venting 在态143.82s -65.9kPa
[  177.515] EVT 相位 L2 handover→vent 落点Δ(+0.0,+0.0)
[  177.535] EVT 阀 L2 →排气位
[  177.727] TLM t= 111.6 L1·A@-74 L2Vv@-66 L3·A@-75 R1·A@-74 R2·A@-67 R3·A@-61 罐=无罐 泵=0 阀=101111 速=+0,+0,+0.00 电=7.51V/2.12A/峰3.09 补余=0.0 IO错=0 倾+0.0 自动1/3
[  177.816] EVT 相位 L2 vent→lift
[  177.938] EVT 吸附 L2 venting→released 在态0.42s 0.3kPa
[  178.228] TLM t= 111.6 L1·A@-74 L2Lr@-- L3·A@-75 R1·A@-74 R2·A@-66 R3·A@-60 罐=无罐 泵=0 阀=101111 速=+0,+0,+0.00 电=7.49V/2.28A/峰3.09 补余=0.0 IO错=0 倾+0.0 自动1/3
[  178.478] EVT 泵 开 最差盘压-59.9
[  178.658] EVT 相位 L2 lift→transfer
[  178.748] TLM t= 111.6 L1·A@-74 L2Tr@-- L3·A@-75 R1·A@-74 R2·A@-66 R3·A@-62 罐=无罐 泵=1 阀=101111 速=+0,+0,+0.00 电=7.39V/3.09A/峰3.09 补余=0.0 IO错=0 倾+0.0 自动1/3
[  179.252] TLM t= 111.6 L1·A@-75 L2Tr@-- L3·A@-75 R1·A@-74 R2·A@-76 R3·A@-75 罐=无罐 泵=1 阀=101111 速=+0,+0,+0.00 电=7.40V/2.69A/峰3.09 补余=0.0 IO错=0 倾+0.0 自动1/3
[  179.280] EVT 相位 L2 transfer→hover
[  179.280] EVT 泵 停 最差盘压-75.0
[  179.767] TLM t= 111.6 L1·A@-76 L2Hr@-- L3·A@-76 R1·A@-76 R2·A@-76 R3·A@-76 罐=无罐 泵=0 阀=101111 速=+0,+0,+0.00 电=7.49V/2.20A/峰3.09 补余=0.0 IO错=0 倾+0.0 自动1/3
[  180.277] TLM t= 111.6 L1·A@-76 L2Hr@-- L3·A@-76 R1·A@-76 R2·A@-75 R3·A@-75 罐=无罐 泵=0 阀=101111 速=+0,+0,+0.00 电=7.51V/2.04A/峰3.09 补余=0.0 IO错=0 倾+0.0 自动1/3
[  180.283] EVT 落地：L2
[  180.303] EVT 相位 L2 hover→descend
[  180.784] EVT 相位 L2 descend→press
[  180.799] TLM t= 111.6 L1·A@-76 L2Pr@-- L3·A@-76 R1·A@-76 R2·A@-75 R3·A@-74 罐=无罐 泵=0 阀=101111 速=+0,+0,+0.00 电=7.50V/2.28A/峰3.09 补余=0.0 IO错=0 倾+0.0 自动1/3
[  181.314] TLM t= 111.6 L1·A@-76 L2Pr@-- L3·A@-76 R1·A@-75 R2·A@-74 R3·A@-74 罐=无罐 泵=0 阀=101111 速=+0,+0,+0.00 电=7.51V/2.12A/峰3.09 补余=0.0 IO错=0 倾+0.0 自动1/3
[  181.820] TLM t= 111.6 L1·A@-76 L2Pr@-- L3·A@-76 R1·A@-75 R2·A@-74 R3·A@-73 罐=无罐 泵=0 阀=101111 速=+0,+0,+0.00 电=7.50V/2.44A/峰3.09 补余=0.0 IO错=0 倾+0.0 自动1/3
[  181.988] EVT 吸附 L2 released→pressing 在态4.04s 0.3kPa
[  181.989] EVT 相位 L2 press→wait
[  182.289] EVT 吸附 L2 pressing→sucking 在态0.30s 0.3kPa
[  182.290] EVT 阀 L2 →抽气位
[  182.315] EVT 泵 开 最差盘压-72.3
[  182.326] TLM t= 111.6 L1·A@-76 L2Ws@-4 L3·A@-76 R1·A@-75 R2·A@-74 R3·A@-72 罐=无罐 泵=1 阀=111111 速=+0,+0,+0.00 电=7.35V/2.20A/峰3.09 补余=0.0 IO错=0 倾+0.0 自动1/3
[  182.567] EVT 吸附 L2 sucking→attached 在态0.28s -64.1kPa
[  182.573] EVT 相位 L2 wait→stance
[  182.573] EVT 抬落完成，轮到 R3
[  182.573] EVT 自动轮换：第 1 轮完成
[  182.839] TLM t= 111.9 L1·A@-75 L2·A@-73 L3·A@-76 R1·A@-75 R2·A@-73 R3·A@-73 罐=无罐 泵=1 阀=111111 速=+0,+0,+0.00 电=7.46V/2.28A/峰3.09 补余=0.0 IO错=0 倾+0.0 自动2/3
[  182.994] EVT 泵 停 最差盘压-75.4
[  183.347] TLM t= 112.4 L1·A@-76 L2·A@-76 L3·A@-76 R1·A@-75 R2·A@-76 R3·A@-76 罐=无罐 泵=0 阀=111111 速=+0,+0,+0.00 电=7.52V/2.20A/峰3.09 补余=0.0 IO错=0 倾+0.0 自动2/3
[  183.863] TLM t= 112.9 L1·A@-76 L2·A@-75 L3·A@-76 R1·A@-75 R2·A@-75 R3·A@-75 罐=无罐 泵=0 阀=111111 速=+0,+0,+0.00 电=7.52V/2.12A/峰3.09 补余=0.0 IO错=0 倾+0.0 自动2/3
[  184.369] TLM t= 113.4 L1·A@-76 L2·A@-75 L3·A@-76 R1·A@-75 R2·A@-75 R3·A@-74 罐=无罐 泵=0 阀=111111 速=+0,+0,+0.00 电=7.52V/2.04A/峰3.09 补余=0.0 IO错=0 倾+0.0 自动2/3
[  184.885] TLM t= 113.9 L1·A@-76 L2·A@-74 L3·A@-76 R1·A@-75 R2·A@-74 R3·A@-74 罐=无罐 泵=0 阀=111111 速=+0,+0,+0.00 电=7.50V/2.12A/峰3.09 补余=0.0 IO错=0 倾+0.0 自动2/3
[  185.390] TLM t= 114.4 L1·A@-75 L2·A@-73 L3·A@-76 R1·A@-75 R2·A@-74 R3·A@-73 罐=无罐 泵=0 阀=111111 速=+0,+0,+0.00 电=7.51V/2.28A/峰3.09 补余=0.0 IO错=0 倾+0.0 自动2/3
[  185.908] TLM t= 114.9 L1·A@-75 L2·A@-73 L3·A@-76 R1·A@-75 R2·A@-74 R3·A@-72 罐=无罐 泵=0 阀=111111 速=+0,+0,+0.00 电=7.52V/2.20A/峰3.09 补余=0.0 IO错=0 倾+0.0 自动2/3
[  186.416] TLM t= 115.4 L1·A@-75 L2·A@-72 L3·A@-76 R1·A@-75 R2·A@-73 R3·A@-72 罐=无罐 泵=0 阀=111111 速=+0,+0,+0.00 电=7.52V/2.20A/峰3.09 补余=0.0 IO错=0 倾+0.0 自动2/3
[  186.931] TLM t= 115.9 L1·A@-75 L2·A@-72 L3·A@-76 R1·A@-75 R2·A@-73 R3·A@-71 罐=无罐 泵=0 阀=111111 速=+0,+0,+0.00 电=7.51V/2.20A/峰3.09 补余=0.0 IO错=0 倾+0.0 自动2/3
[  187.438] TLM t= 116.4 L1·A@-75 L2·A@-71 L3·A@-75 R1·A@-75 R2·A@-72 R3·A@-70 罐=无罐 泵=0 阀=111111 速=+0,+0,+0.00 电=7.51V/2.12A/峰3.09 补余=0.0 IO错=0 倾+0.0 自动2/3
[  187.957] TLM t= 117.0 L1·A@-75 L2·A@-71 L3·A@-75 R1·A@-75 R2·A@-72 R3·A@-70 罐=无罐 泵=0 阀=111111 速=+0,+0,+0.00 电=7.48V/2.36A/峰3.09 补余=0.0 IO错=0 倾+0.0 自动2/3
[  188.462] TLM t= 117.5 L1·A@-75 L2·A@-70 L3·A@-75 R1·A@-75 R2·A@-72 R3·A@-69 罐=无罐 泵=0 阀=111111 速=+0,+0,+0.00 电=7.50V/2.20A/峰3.09 补余=0.0 IO错=0 倾+0.0 自动2/3
[  188.978] TLM t= 118.0 L1·A@-75 L2·A@-70 L3·A@-75 R1·A@-75 R2·A@-71 R3·A@-68 罐=无罐 泵=0 阀=111111 速=+0,+0,+0.00 电=7.52V/2.20A/峰3.09 补余=0.0 IO错=0 倾+0.0 自动2/3
[  189.486] TLM t= 118.5 L1·A@-75 L2·A@-69 L3·A@-75 R1·A@-75 R2·A@-71 R3·A@-68 罐=无罐 泵=0 阀=111111 速=+0,+0,+0.00 电=7.51V/2.20A/峰3.09 补余=0.0 IO错=0 倾+0.0 自动2/3
[  189.998] TLM t= 119.0 L1·A@-75 L2·A@-69 L3·A@-75 R1·A@-75 R2·A@-70 R3·A@-67 罐=无罐 泵=0 阀=111111 速=+0,+0,+0.00 电=7.51V/2.20A/峰3.09 补余=0.0 IO错=0 倾+0.0 自动2/3
[  190.510] TLM t= 119.5 L1·A@-75 L2·A@-68 L3·A@-75 R1·A@-75 R2·A@-70 R3·A@-66 罐=无罐 泵=0 阀=111111 速=+0,+0,+0.00 电=7.50V/2.28A/峰3.09 补余=0.0 IO错=0 倾+0.0 自动2/3
[  191.024] TLM t= 120.0 L1·A@-74 L2·A@-68 L3·A@-75 R1·A@-75 R2·A@-70 R3·A@-66 罐=无罐 泵=0 阀=111111 速=+0,+0,+0.00 电=7.53V/2.12A/峰3.09 补余=0.0 IO错=0 倾+0.0 自动2/3
[  191.530] TLM t= 120.5 L1·A@-74 L2·A@-67 L3·A@-75 R1·A@-75 R2·A@-69 R3·A@-65 罐=无罐 泵=0 阀=111111 速=+0,+0,+0.00 电=7.50V/2.04A/峰3.09 补余=0.0 IO错=0 倾+0.0 自动2/3
[  192.046] TLM t= 121.0 L1·A@-74 L2·A@-67 L3·A@-75 R1·A@-75 R2·A@-69 R3·A@-65 罐=无罐 泵=0 阀=111111 速=+0,+0,+0.00 电=7.51V/2.28A/峰3.09 补余=0.0 IO错=0 倾+0.0 自动2/3
[  192.553] TLM t= 121.5 L1·A@-74 L2·A@-66 L3·A@-75 R1·A@-75 R2·A@-69 R3·A@-64 罐=无罐 泵=0 阀=111111 速=+0,+0,+0.00 电=7.52V/2.28A/峰3.09 补余=0.0 IO错=0 倾+0.0 自动2/3
[  193.069] TLM t= 122.1 L1·A@-74 L2·A@-66 L3·A@-75 R1·A@-74 R2·A@-68 R3·A@-63 罐=无罐 泵=0 阀=111111 速=+0,+0,+0.00 电=7.52V/2.12A/峰3.09 补余=0.0 IO错=0 倾+0.0 自动2/3
[  193.577] TLM t= 122.6 L1·A@-74 L2·A@-65 L3·A@-75 R1·A@-74 R2·A@-68 R3·A@-63 罐=无罐 泵=0 阀=111111 速=+0,+0,+0.00 电=7.51V/2.12A/峰3.09 补余=0.0 IO错=0 倾+0.0 自动2/3
[  194.091] TLM t= 123.1 L1·A@-74 L2·A@-65 L3·A@-75 R1·A@-74 R2·A@-68 R3·A@-62 罐=无罐 泵=0 阀=111111 速=+0,+0,+0.00 电=7.52V/2.20A/峰3.09 补余=0.0 IO错=0 倾+0.0 自动2/3
[  194.600] TLM t= 123.6 L1·A@-74 L2·A@-65 L3·A@-75 R1·A@-74 R2·A@-67 R3·A@-62 罐=无罐 泵=0 阀=111111 速=+0,+0,+0.00 电=7.51V/2.20A/峰3.09 补余=0.0 IO错=0 倾+0.0 自动2/3
[  195.114] TLM t= 124.1 L1·A@-74 L2·A@-64 L3·A@-75 R1·A@-74 R2·A@-67 R3·A@-61 罐=无罐 泵=0 阀=111111 速=+0,+0,+0.00 电=7.51V/2.04A/峰3.09 补余=0.0 IO错=0 倾+0.0 自动2/3
[  195.619] TLM t= 124.6 L1·A@-74 L2·A@-64 L3·A@-75 R1·A@-74 R2·A@-66 R3·A@-60 罐=无罐 泵=0 阀=111111 速=+0,+0,+0.00 电=7.50V/2.20A/峰3.09 补余=0.0 IO错=0 倾+0.0 自动2/3
[  195.871] EVT 泵 开 最差盘压-60.0
[  196.136] TLM t= 125.1 L1·A@-74 L2·A@-63 L3·A@-75 R1·A@-74 R2·A@-66 R3·A@-62 罐=无罐 泵=1 阀=111111 速=+0,+0,+0.00 电=7.43V/2.20A/峰3.09 补余=0.0 IO错=0 倾+0.0 自动2/3
[  196.646] TLM t= 125.6 L1·A@-75 L2·A@-75 L3·A@-75 R1·A@-74 R2·A@-74 R3·A@-74 罐=无罐 泵=1 阀=111111 速=+0,+0,+0.00 电=7.42V/2.28A/峰3.09 补余=0.0 IO错=0 倾+0.0 自动2/3
[  196.731] EVT 泵 停 最差盘压-75.1
[  197.161] TLM t= 126.1 L1·A@-76 L2·A@-76 L3·A@-76 R1·A@-76 R2·A@-76 R3·A@-76 罐=无罐 泵=0 阀=111111 速=+0,+0,+0.00 电=7.53V/2.44A/峰3.09 补余=0.0 IO错=0 倾+0.0 自动2/3
[  197.574] EVT 自动轮换：第 2 轮开始
[  197.599] EVT 原地抬起受理：R3
[  197.617] EVT 相位 R3 stance→handover
[  197.670] TLM t= 129.7 L1·A@-76 L2·A@-75 L3·A@-76 R1·A@-76 R2·A@-75 R3ZA@-75 罐=无罐 泵=0 阀=111111 速=+0,+0,+0.00 电=7.51V/2.20A/峰3.09 补余=0.0 IO错=0 倾+0.0 自动2/3
[  198.184] TLM t= 130.2 L1·A@-76 L2·A@-75 L3·A@-76 R1·A@-75 R2·A@-75 R3ZA@-74 罐=无罐 泵=0 阀=111111 速=+0,+0,+0.00 电=7.52V/1.87A/峰3.09 补余=0.0 IO错=0 倾+0.0 自动2/3
[  198.691] TLM t= 130.2 L1·A@-76 L2·A@-74 L3·A@-76 R1·A@-75 R2·A@-74 R3ZA@-74 罐=无罐 泵=0 阀=111111 速=+0,+0,+0.00 电=7.53V/1.95A/峰3.09 补余=0.0 IO错=0 倾+0.0 自动2/3
[  199.210] TLM t= 130.2 L1·A@-76 L2·A@-74 L3·A@-76 R1·A@-75 R2·A@-74 R3ZA@-73 罐=无罐 泵=0 阀=111111 速=+0,+0,+0.00 电=7.55V/1.79A/峰3.09 补余=0.0 IO错=0 倾+0.0 自动2/3
[  199.716] TLM t= 130.2 L1·A@-76 L2·A@-73 L3·A@-76 R1·A@-75 R2·A@-74 R3ZA@-72 罐=无罐 泵=0 阀=111111 速=+0,+0,+0.00 电=7.54V/1.79A/峰3.09 补余=0.0 IO错=0 倾+0.0 自动2/3
[  199.800] EVT 吸附 R3 attached→venting 在态106.54s -72.2kPa
[  199.800] EVT 相位 R3 handover→vent 落点Δ(+0.0,+0.0)
[  199.826] EVT 阀 R3 →排气位
[  200.101] EVT 相位 R3 vent→lift
[  200.203] EVT 吸附 R3 venting→released 在态0.40s 0.2kPa
[  200.232] TLM t= 130.2 L1·A@-75 L2·A@-73 L3·A@-76 R1·A@-75 R2·A@-73 R3Lr@-- 罐=无罐 泵=0 阀=111110 速=+0,+0,+0.00 电=7.53V/2.04A/峰3.09 补余=0.0 IO错=0 倾+0.0 自动2/3
[  200.735] TLM t= 130.2 L1·A@-75 L2·A@-72 L3·A@-76 R1·A@-75 R2·A@-73 R3Lr@-- 罐=无罐 泵=0 阀=111110 速=+0,+0,+0.00 电=7.51V/2.12A/峰3.09 补余=0.0 IO错=0 倾+0.0 自动2/3
[  200.944] EVT 相位 R3 lift→transfer
[  201.255] TLM t= 130.2 L1·A@-75 L2·A@-72 L3·A@-76 R1·A@-75 R2·A@-72 R3Tr@-- 罐=无罐 泵=0 阀=111110 速=+0,+0,+0.00 电=7.51V/1.95A/峰3.09 补余=0.0 IO错=0 倾+0.0 自动2/3
[  201.572] EVT 相位 R3 transfer→hover
[  201.764] TLM t= 130.2 L1·A@-75 L2·A@-71 L3·A@-76 R1·A@-75 R2·A@-72 R3Hr@-- 罐=无罐 泵=0 阀=111110 速=+0,+0,+0.00 电=7.51V/2.12A/峰3.09 补余=0.0 IO错=0 倾+0.0 自动2/3
[  202.281] TLM t= 130.2 L1·A@-75 L2·A@-71 L3·A@-75 R1·A@-75 R2·A@-72 R3Hr@-- 罐=无罐 泵=0 阀=111110 速=+0,+0,+0.00 电=7.50V/2.12A/峰3.09 补余=0.0 IO错=0 倾+0.0 自动2/3
[  202.595] EVT 落地：R3
[  202.610] EVT 相位 R3 hover→descend
[  202.784] TLM t= 130.2 L1·A@-75 L2·A@-70 L3·A@-75 R1·A@-75 R2·A@-71 R3Dr@-- 罐=无罐 泵=0 阀=111110 速=+0,+0,+0.00 电=7.50V/2.04A/峰3.09 补余=0.0 IO错=0 倾+0.0 自动2/3
[  203.091] EVT 相位 R3 descend→press
[  203.300] TLM t= 130.2 L1·A@-75 L2·A@-70 L3·A@-75 R1·A@-75 R2·A@-71 R3Pr@-- 罐=无罐 泵=0 阀=111110 速=+0,+0,+0.00 电=7.50V/2.20A/峰3.09 补余=0.0 IO错=0 倾+0.0 自动2/3
[  203.808] TLM t= 130.2 L1·A@-75 L2·A@-70 L3·A@-75 R1·A@-75 R2·A@-71 R3Pr@-- 罐=无罐 泵=0 阀=111110 速=+0,+0,+0.00 电=7.51V/2.04A/峰3.09 补余=0.0 IO错=0 倾+0.0 自动2/3
[  204.294] EVT 吸附 R3 released→pressing 在态4.08s 0.2kPa
[  204.295] EVT 相位 R3 press→wait
[  204.323] TLM t= 130.2 L1·A@-75 L2·A@-69 L3·A@-75 R1·A@-75 R2·A@-70 R3Wp@-- 罐=无罐 泵=0 阀=111110 速=+0,+0,+0.00 电=7.49V/2.12A/峰3.09 补余=0.0 IO错=0 倾+0.0 自动2/3
[  204.595] EVT 吸附 R3 pressing→sucking 在态0.30s 0.2kPa
[  204.596] EVT 阀 R3 →抽气位
[  204.618] EVT 泵 开 最差盘压-68.8
[  204.829] TLM t= 130.2 L1·A@-75 L2·A@-69 L3·A@-75 R1·A@-75 R2·A@-70 R3Ws@-54 罐=无罐 泵=1 阀=111111 速=+0,+0,+0.00 电=7.42V/2.04A/峰3.09 补余=0.0 IO错=0 倾+0.0 自动2/3
[  204.941] EVT 吸附 R3 sucking→attached 在态0.34s -62.2kPa
[  204.942] EVT 相位 R3 wait→stance
[  204.942] EVT 抬落完成，轮到 L1
[  205.352] TLM t= 130.6 L1·A@-74 L2·A@-74 L3·A@-75 R1·A@-75 R2·A@-74 R3·A@-74 罐=无罐 泵=1 阀=111111 速=+0,+0,+0.00 电=7.50V/2.04A/峰3.09 补余=0.0 IO错=0 倾+0.0 自动2/3
[  205.523] EVT 泵 停 最差盘压-75.2
[  205.858] TLM t= 131.1 L1·A@-76 L2·A@-76 L3·A@-76 R1·A@-76 R2·A@-76 R3·A@-76 罐=无罐 泵=0 阀=111111 速=+0,+0,+0.00 电=7.50V/2.12A/峰3.09 补余=0.0 IO错=0 倾+0.0 自动2/3
[  206.373] TLM t= 131.6 L1·A@-76 L2·A@-76 L3·A@-76 R1·A@-76 R2·A@-76 R3·A@-75 罐=无罐 泵=0 阀=111111 速=+0,+0,+0.00 电=7.52V/2.12A/峰3.09 补余=0.0 IO错=0 倾+0.0 自动2/3
[  206.877] TLM t= 132.1 L1·A@-76 L2·A@-75 L3·A@-76 R1·A@-76 R2·A@-75 R3·A@-75 罐=无罐 泵=0 阀=111111 速=+0,+0,+0.00 电=7.52V/2.12A/峰3.09 补余=0.0 IO错=0 倾+0.0 自动2/3
[  207.398] TLM t= 132.6 L1·A@-76 L2·A@-75 L3·A@-76 R1·A@-76 R2·A@-75 R3·A@-74 罐=无罐 泵=0 阀=111111 速=+0,+0,+0.00 电=7.51V/2.12A/峰3.09 补余=0.0 IO错=0 倾+0.0 自动2/3
[  207.903] TLM t= 133.1 L1·A@-76 L2·A@-74 L3·A@-76 R1·A@-76 R2·A@-74 R3·A@-73 罐=无罐 泵=0 阀=111111 速=+0,+0,+0.00 电=7.52V/2.12A/峰3.09 补余=0.0 IO错=0 倾+0.0 自动2/3
[  208.422] TLM t= 133.7 L1·A@-76 L2·A@-74 L3·A@-76 R1·A@-76 R2·A@-74 R3·A@-73 罐=无罐 泵=0 阀=111111 速=+0,+0,+0.00 电=7.52V/1.95A/峰3.09 补余=0.0 IO错=0 倾+0.0 自动2/3
[  208.925] TLM t= 134.2 L1·A@-76 L2·A@-73 L3·A@-76 R1·A@-76 R2·A@-74 R3·A@-72 罐=无罐 泵=0 阀=111111 速=+0,+0,+0.00 电=7.52V/2.04A/峰3.09 补余=0.0 IO错=0 倾+0.0 自动2/3
[  209.444] TLM t= 134.7 L1·A@-76 L2·A@-73 L3·A@-76 R1·A@-76 R2·A@-73 R3·A@-71 罐=无罐 泵=0 阀=111111 速=+0,+0,+0.00 电=7.51V/2.04A/峰3.09 补余=0.0 IO错=0 倾+0.0 自动2/3
[  209.950] TLM t= 135.2 L1·A@-75 L2·A@-72 L3·A@-76 R1·A@-76 R2·A@-73 R3·A@-71 罐=无罐 泵=0 阀=111111 速=+0,+0,+0.00 电=7.51V/2.04A/峰3.09 补余=0.0 IO错=0 倾+0.0 自动2/3
[  210.469] TLM t= 135.7 L1·A@-75 L2·A@-72 L3·A@-76 R1·A@-76 R2·A@-72 R3·A@-70 罐=无罐 泵=0 阀=111111 速=+0,+0,+0.00 电=7.50V/2.20A/峰3.09 补余=0.0 IO错=0 倾+0.0 自动2/3
[  210.976] TLM t= 136.2 L1·A@-75 L2·A@-71 L3·A@-76 R1·A@-75 R2·A@-72 R3·A@-70 罐=无罐 泵=0 阀=111111 速=+0,+0,+0.00 电=7.50V/2.20A/峰3.09 补余=0.0 IO错=0 倾+0.0 自动2/3
[  211.493] TLM t= 136.7 L1·A@-75 L2·A@-71 L3·A@-76 R1·A@-75 R2·A@-72 R3·A@-69 罐=无罐 泵=0 阀=111111 速=+0,+0,+0.00 电=7.51V/1.95A/峰3.09 补余=0.0 IO错=0 倾+0.0 自动2/3
[  211.993] TLM t= 137.2 L1·A@-75 L2·A@-70 L3·A@-76 R1·A@-75 R2·A@-71 R3·A@-68 罐=无罐 泵=0 阀=111111 速=+0,+0,+0.00 电=7.51V/2.04A/峰3.09 补余=0.0 IO错=0 倾+0.0 自动2/3
[  212.516] TLM t= 137.7 L1·A@-75 L2·A@-70 L3·A@-76 R1·A@-75 R2·A@-71 R3·A@-68 罐=无罐 泵=0 阀=111111 速=+0,+0,+0.00 电=7.50V/2.04A/峰3.09 补余=0.0 IO错=0 倾+0.0 自动2/3
[  213.023] TLM t= 138.2 L1·A@-75 L2·A@-70 L3·A@-76 R1·A@-75 R2·A@-71 R3·A@-67 罐=无罐 泵=0 阀=111111 速=+0,+0,+0.00 电=7.50V/2.12A/峰3.09 补余=0.0 IO错=0 倾+0.0 自动2/3
[  213.545] TLM t= 138.8 L1·A@-75 L2·A@-69 L3·A@-76 R1·A@-75 R2·A@-70 R3·A@-66 罐=无罐 泵=0 阀=111111 速=+0,+0,+0.00 电=7.50V/2.20A/峰3.09 补余=0.0 IO错=0 倾+0.0 自动2/3
[  214.059] TLM t= 139.3 L1·A@-75 L2·A@-69 L3·A@-76 R1·A@-75 R2·A@-70 R3·A@-66 罐=无罐 泵=0 阀=111111 速=+0,+0,+0.00 电=7.52V/2.12A/峰3.09 补余=0.0 IO错=0 倾+0.0 自动2/3
[  214.561] TLM t= 139.8 L1·A@-75 L2·A@-68 L3·A@-75 R1·A@-75 R2·A@-69 R3·A@-65 罐=无罐 泵=0 阀=111111 速=+0,+0,+0.00 电=7.52V/2.12A/峰3.09 补余=0.0 IO错=0 倾+0.0 自动2/3
[  214.977] EVT 原地抬起受理：L1
[  214.989] EVT 相位 L1 stance→handover
[  215.084] TLM t= 141.1 L1ZA@-74 L2·A@-68 L3·A@-75 R1·A@-75 R2·A@-69 R3·A@-65 罐=无罐 泵=0 阀=111111 速=+0,+0,+0.00 电=7.51V/2.12A/峰3.09 补余=0.0 IO错=0 倾+0.0 自动2/3
[  215.592] TLM t= 141.6 L1ZA@-74 L2·A@-67 L3·A@-75 R1·A@-75 R2·A@-69 R3·A@-64 罐=无罐 泵=0 阀=111111 速=+0,+0,+0.00 电=7.55V/1.63A/峰3.09 补余=0.0 IO错=0 倾+0.0 自动2/3
[  216.087] TLM t= 141.6 L1ZA@-74 L2·A@-67 L3·A@-75 R1·A@-75 R2·A@-68 R3·A@-63 罐=无罐 泵=0 阀=111111 速=+0,+0,+0.00 电=7.53V/1.87A/峰3.09 补余=0.0 IO错=0 倾+0.0 自动2/3
[  216.594] TLM t= 141.6 L1ZA@-74 L2·A@-66 L3·A@-75 R1·A@-75 R2·A@-68 R3·A@-63 罐=无罐 泵=0 阀=111111 速=+0,+0,+0.00 电=7.52V/1.63A/峰3.09 补余=0.0 IO错=0 倾+0.0 自动2/3
[  217.098] TLM t= 141.6 L1ZA@-74 L2·A@-66 L3·A@-75 R1·A@-75 R2·A@-68 R3·A@-62 罐=无罐 泵=0 阀=111111 速=+0,+0,+0.00 电=7.52V/2.04A/峰3.09 补余=0.0 IO错=0 倾+0.0 自动2/3
[  217.622] TLM t= 141.6 L1ZA@-74 L2·A@-65 L3·A@-75 R1·A@-75 R2·A@-67 R3·A@-62 罐=无罐 泵=0 阀=111111 速=+0,+0,+0.00 电=7.52V/2.12A/峰3.09 补余=0.0 IO错=0 倾+0.0 自动2/3
[  218.098] EVT 吸附 L1 attached→venting 在态106.46s -73.9kPa
[  218.098] EVT 相位 L1 handover→vent 落点Δ(+0.0,+0.0)
[  218.118] EVT 阀 L1 →排气位
[  218.131] TLM t= 141.6 L1Vv@-74 L2·A@-65 L3·A@-75 R1·A@-75 R2·A@-67 R3·A@-61 罐=无罐 泵=0 阀=011111 速=+0,+0,+0.00 电=7.49V/2.20A/峰3.09 补余=0.0 IO错=0 倾+0.0 自动2/3
[  218.397] EVT 相位 L1 vent→lift
[  218.494] EVT 吸附 L1 venting→released 在态0.40s 0.1kPa
[  218.645] TLM t= 141.6 L1Lr@-- L2·A@-65 L3·A@-75 R1·A@-75 R2·A@-67 R3·A@-61 罐=无罐 泵=0 阀=011111 速=+0,+0,+0.00 电=7.49V/2.44A/峰3.09 补余=0.0 IO错=0 倾+0.0 自动2/3
[  219.142] EVT 泵 开 最差盘压-59.9
[  219.151] TLM t= 141.6 L1Lr@-- L2·A@-64 L3·A@-75 R1·A@-75 R2·A@-66 R3·A@-60 罐=无罐 泵=1 阀=011111 速=+0,+0,+0.00 电=7.34V/2.60A/峰3.09 补余=0.0 IO错=0 倾+0.0 自动2/3
[  219.240] EVT 相位 L1 lift→transfer
[  219.668] TLM t= 141.6 L1Tr@-- L2·A@-71 L3·A@-75 R1·A@-75 R2·A@-70 R3·A@-70 罐=无罐 泵=1 阀=011111 速=+0,+0,+0.00 电=7.42V/2.44A/峰3.09 补余=0.0 IO错=0 倾+0.0 自动2/3
[  219.864] EVT 相位 L1 transfer→hover
[  220.045] EVT 泵 停 最差盘压-75.4
[  220.173] TLM t= 141.6 L1Hr@-- L2·A@-77 L3·A@-77 R1·A@-76 R2·A@-76 R3·A@-77 罐=无罐 泵=0 阀=011111 速=+0,+0,+0.00 电=7.47V/2.52A/峰3.09 补余=0.0 IO错=0 倾+0.0 自动2/3
[  220.691] TLM t= 141.6 L1Hr@-- L2·A@-76 L3·A@-76 R1·A@-76 R2·A@-76 R3·A@-76 罐=无罐 泵=0 阀=011111 速=+0,+0,+0.00 电=7.48V/2.36A/峰3.09 补余=0.0 IO错=0 倾+0.0 自动2/3
[  220.864] EVT 落地：L1
[  220.887] EVT 相位 L1 hover→descend
[  221.197] TLM t= 141.6 L1Dr@-- L2·A@-76 L3·A@-76 R1·A@-76 R2·A@-75 R3·A@-75 罐=无罐 泵=0 阀=011111 速=+0,+0,+0.00 电=7.50V/2.36A/峰3.09 补余=0.0 IO错=0 倾+0.0 自动2/3
[  221.368] EVT 相位 L1 descend→press
[  221.717] TLM t= 141.6 L1Pr@-- L2·A@-75 L3·A@-76 R1·A@-76 R2·A@-75 R3·A@-75 罐=无罐 泵=0 阀=011111 速=+0,+0,+0.00 电=7.48V/2.44A/峰3.09 补余=0.0 IO错=0 倾+0.0 自动2/3
[  222.220] TLM t= 141.6 L1Pr@-- L2·A@-75 L3·A@-76 R1·A@-76 R2·A@-75 R3·A@-74 罐=无罐 泵=0 阀=011111 速=+0,+0,+0.00 电=7.48V/2.52A/峰3.09 补余=0.0 IO错=0 倾+0.0 自动2/3
[  222.572] EVT 吸附 L1 released→pressing 在态4.06s 0.1kPa
[  222.572] EVT 相位 L1 press→wait
[  222.737] TLM t= 141.6 L1Wp@-- L2·A@-74 L3·A@-76 R1·A@-76 R2·A@-74 R3·A@-73 罐=无罐 泵=0 阀=011111 速=+0,+0,+0.00 电=7.47V/2.60A/峰3.09 补余=0.0 IO错=0 倾+0.0 自动2/3
[  222.872] EVT 吸附 L1 pressing→sucking 在态0.30s 0.1kPa
[  222.873] EVT 阀 L1 →抽气位
[  222.888] EVT 泵 开 最差盘压-73.0
[  223.244] TLM t= 141.6 L1Ws@-62 L2·A@-74 L3·A@-76 R1·A@-76 R2·A@-74 R3·A@-73 罐=无罐 泵=1 阀=111111 速=+0,+0,+0.00 电=7.43V/2.44A/峰3.09 补余=0.0 IO错=0 倾+0.0 自动2/3
[  223.266] EVT 吸附 L1 sucking→attached 在态0.40s -65.6kPa
[  223.272] EVT 相位 L1 wait→stance
[  223.272] EVT 抬落完成，轮到 R2
[  223.670] EVT 泵 停 最差盘压-75.4
[  223.761] TLM t= 142.1 L1·A@-76 L2·A@-77 L3·A@-76 R1·A@-76 R2·A@-76 R3·A@-76 罐=无罐 泵=0 阀=111111 速=+0,+0,+0.00 电=7.50V/2.44A/峰3.09 补余=0.0 IO错=0 倾+0.0 自动2/3
[  224.265] TLM t= 142.6 L1·A@-76 L2·A@-76 L3·A@-76 R1·A@-76 R2·A@-76 R3·A@-76 罐=无罐 泵=0 阀=111111 速=+0,+0,+0.00 电=7.47V/2.28A/峰3.09 补余=0.0 IO错=0 倾+0.0 自动2/3
[  224.784] TLM t= 143.1 L1·A@-76 L2·A@-75 L3·A@-76 R1·A@-76 R2·A@-75 R3·A@-75 罐=无罐 泵=0 阀=111111 速=+0,+0,+0.00 电=7.48V/2.36A/峰3.09 补余=0.0 IO错=0 倾+0.0 自动2/3
[  225.291] TLM t= 143.6 L1·A@-75 L2·A@-75 L3·A@-76 R1·A@-76 R2·A@-75 R3·A@-74 罐=无罐 泵=0 阀=111111 速=+0,+0,+0.00 电=7.50V/2.44A/峰3.09 补余=0.0 IO错=0 倾+0.0 自动2/3
[  225.806] TLM t= 144.1 L1·A@-75 L2·A@-75 L3·A@-76 R1·A@-75 R2·A@-74 R3·A@-74 罐=无罐 泵=0 阀=111111 速=+0,+0,+0.00 电=7.49V/2.36A/峰3.09 补余=0.0 IO错=0 倾+0.0 自动2/3
[  226.312] TLM t= 144.6 L1·A@-75 L2·A@-74 L3·A@-76 R1·A@-75 R2·A@-74 R3·A@-73 罐=无罐 泵=0 阀=111111 速=+0,+0,+0.00 电=7.51V/2.28A/峰3.09 补余=0.0 IO错=0 倾+0.0 自动2/3
[  226.832] TLM t= 145.1 L1·A@-75 L2·A@-74 L3·A@-76 R1·A@-75 R2·A@-74 R3·A@-73 罐=无罐 泵=0 阀=111111 速=+0,+0,+0.00 电=7.50V/2.28A/峰3.09 补余=0.0 IO错=0 倾+0.0 自动2/3
[  227.336] TLM t= 145.6 L1·A@-75 L2·A@-73 L3·A@-76 R1·A@-75 R2·A@-73 R3·A@-72 罐=无罐 泵=0 阀=111111 速=+0,+0,+0.00 电=7.49V/2.36A/峰3.09 补余=0.0 IO错=0 倾+0.0 自动2/3
[  227.854] TLM t= 146.2 L1·A@-75 L2·A@-73 L3·A@-76 R1·A@-75 R2·A@-73 R3·A@-71 罐=无罐 泵=0 阀=111111 速=+0,+0,+0.00 电=7.49V/2.44A/峰3.09 补余=0.0 IO错=0 倾+0.0 自动2/3
[  228.361] TLM t= 146.7 L1·A@-75 L2·A@-72 L3·A@-76 R1·A@-75 R2·A@-72 R3·A@-71 罐=无罐 泵=0 阀=111111 速=+0,+0,+0.00 电=7.50V/2.36A/峰3.09 补余=0.0 IO错=0 倾+0.0 自动2/3
[  228.875] TLM t= 147.2 L1·A@-74 L2·A@-72 L3·A@-76 R1·A@-75 R2·A@-72 R3·A@-70 罐=无罐 泵=0 阀=111111 速=+0,+0,+0.00 电=7.48V/2.36A/峰3.09 补余=0.0 IO错=0 倾+0.0 自动2/3
[  229.382] TLM t= 147.7 L1·A@-74 L2·A@-71 L3·A@-76 R1·A@-75 R2·A@-72 R3·A@-69 罐=无罐 泵=0 阀=111111 速=+0,+0,+0.00 电=7.48V/2.36A/峰3.09 补余=0.0 IO错=0 倾+0.0 自动2/3
[  229.901] TLM t= 148.2 L1·A@-74 L2·A@-71 L3·A@-76 R1·A@-75 R2·A@-71 R3·A@-69 罐=无罐 泵=0 阀=111111 速=+0,+0,+0.00 电=7.50V/2.52A/峰3.09 补余=0.0 IO错=0 倾+0.0 自动2/3
[  230.405] TLM t= 148.7 L1·A@-74 L2·A@-70 L3·A@-75 R1·A@-75 R2·A@-71 R3·A@-68 罐=无罐 泵=0 阀=111111 速=+0,+0,+0.00 电=7.50V/2.44A/峰3.09 补余=0.0 IO错=0 倾+0.0 自动2/3
[  230.926] TLM t= 149.2 L1·A@-74 L2·A@-70 L3·A@-75 R1·A@-75 R2·A@-71 R3·A@-68 罐=无罐 泵=0 阀=111111 速=+0,+0,+0.00 电=7.48V/2.28A/峰3.09 补余=0.0 IO错=0 倾+0.0 自动2/3
[  231.430] TLM t= 149.7 L1·A@-74 L2·A@-69 L3·A@-75 R1·A@-75 R2·A@-70 R3·A@-67 罐=无罐 泵=0 阀=111111 速=+0,+0,+0.00 电=7.48V/2.28A/峰3.09 补余=0.0 IO错=0 倾+0.0 自动2/3
[  231.950] TLM t= 150.2 L1·A@-74 L2·A@-69 L3·A@-75 R1·A@-75 R2·A@-70 R3·A@-66 罐=无罐 泵=0 阀=111111 速=+0,+0,+0.00 电=7.50V/2.36A/峰3.09 补余=0.0 IO错=0 倾+0.0 自动2/3
[  232.453] TLM t= 150.7 L1·A@-74 L2·A@-68 L3·A@-75 R1·A@-75 R2·A@-69 R3·A@-66 罐=无罐 泵=0 阀=111111 速=+0,+0,+0.00 电=7.48V/2.36A/峰3.09 补余=0.0 IO错=0 倾+0.0 自动2/3
[  232.973] TLM t= 151.3 L1·A@-74 L2·A@-68 L3·A@-75 R1·A@-75 R2·A@-69 R3·A@-65 罐=无罐 泵=0 阀=111111 速=+0,+0,+0.00 电=7.49V/2.28A/峰3.09 补余=0.0 IO错=0 倾+0.0 自动2/3
[  233.302] EVT 原地抬起受理：R2
[  233.325] EVT 相位 R2 stance→handover
[  233.477] TLM t= 152.6 L1·A@-74 L2·A@-68 L3·A@-75 R1·A@-75 R2ZA@-69 R3·A@-65 罐=无罐 泵=0 阀=111111 速=+0,+0,+0.00 电=7.50V/2.52A/峰3.09 补余=0.0 IO错=0 倾+0.0 自动2/3
[  233.996] TLM t= 153.0 L1·A@-73 L2·A@-67 L3·A@-75 R1·A@-75 R2ZA@-68 R3·A@-64 罐=无罐 泵=0 阀=111111 速=+0,+0,+0.00 电=7.48V/2.44A/峰3.09 补余=0.0 IO错=0 倾+0.0 自动2/3
[  234.501] TLM t= 153.0 L1·A@-73 L2·A@-67 L3·A@-75 R1·A@-75 R2ZA@-68 R3·A@-64 罐=无罐 泵=0 阀=111111 速=+0,+0,+0.00 电=7.49V/2.36A/峰3.09 补余=0.0 IO错=0 倾+0.0 自动2/3
[  235.022] TLM t= 153.0 L1·A@-73 L2·A@-66 L3·A@-75 R1·A@-75 R2ZA@-68 R3·A@-63 罐=无罐 泵=0 阀=111111 速=+0,+0,+0.00 电=7.49V/2.20A/峰3.09 补余=0.0 IO错=0 倾+0.0 自动2/3
[  235.516] EVT 吸附 R2 attached→venting 在态106.54s -67.2kPa
[  235.517] EVT 相位 R2 handover→vent 落点Δ(+0.0,+0.0)
[  235.524] TLM t= 153.0 L1·A@-73 L2·A@-66 L3·A@-75 R1·A@-75 R2Vv@-67 R3·A@-62 罐=无罐 泵=0 阀=111111 速=+0,+0,+0.00 电=7.51V/2.36A/峰3.09 补余=0.0 IO错=0 倾+0.0 自动2/3
[  235.531] EVT 阀 R2 →排气位
[  235.815] EVT 相位 R2 vent→lift
[  235.917] EVT 吸附 R2 venting→released 在态0.40s 0.0kPa
[  236.045] TLM t= 153.0 L1·A@-73 L2·A@-65 L3·A@-75 R1·A@-75 R2Lr@-- R3·A@-62 罐=无罐 泵=0 阀=111101 速=+0,+0,+0.00 电=7.46V/2.52A/峰3.09 补余=0.0 IO错=0 倾+0.0 自动2/3
[  236.547] TLM t= 153.0 L1·A@-73 L2·A@-65 L3·A@-75 R1·A@-75 R2Lr@-- R3·A@-61 罐=无罐 泵=0 阀=111101 速=+0,+0,+0.00 电=7.46V/2.69A/峰3.09 补余=0.0 IO错=0 倾+0.0 自动2/3
[  236.657] EVT 相位 R2 lift→transfer
[  237.067] TLM t= 153.0 L1·A@-73 L2·A@-64 L3·A@-75 R1·A@-74 R2Tr@-- R3·A@-61 罐=无罐 泵=0 阀=111101 速=+0,+0,+0.00 电=7.47V/2.85A/峰3.09 补余=0.0 IO错=0 倾+0.0 自动2/3
[  237.276] EVT 相位 R2 transfer→hover
[  237.574] TLM t= 153.0 L1·A@-73 L2·A@-64 L3·A@-75 R1·A@-74 R2Hr@-- R3·A@-60 罐=无罐 泵=0 阀=111101 速=+0,+0,+0.00 电=7.48V/2.44A/峰3.09 补余=0.0 IO错=0 倾+0.0 自动2/3
[  237.620] EVT 泵 开 最差盘压-59.9
[  238.093] TLM t= 153.0 L1·A@-73 L2·A@-70 L3·A@-75 R1·A@-74 R2Hr@-- R3·A@-68 罐=无罐 泵=1 阀=111101 速=+0,+0,+0.00 电=7.46V/2.60A/峰3.09 补余=0.0 IO错=0 倾+0.0 自动2/3
[  238.283] EVT 落地：R2
[  238.301] EVT 相位 R2 hover→descend
[  238.524] EVT 泵 停 最差盘压-75.5
[  238.594] TLM t= 153.0 L1·A@-76 L2·A@-77 L3·A@-77 R1·A@-76 R2Dr@-- R3·A@-77 罐=无罐 泵=0 阀=111101 速=+0,+0,+0.00 电=7.47V/2.52A/峰3.09 补余=0.0 IO错=0 倾+0.0 自动2/3
[  238.782] EVT 相位 R2 descend→press
[  239.117] TLM t= 153.0 L1·A@-76 L2·A@-76 L3·A@-76 R1·A@-76 R2Pr@-- R3·A@-76 罐=无罐 泵=0 阀=111101 速=+0,+0,+0.00 电=7.47V/2.52A/峰3.09 补余=0.0 IO错=0 倾+0.0 自动2/3
[  239.621] TLM t= 153.0 L1·A@-76 L2·A@-76 L3·A@-76 R1·A@-76 R2Pr@-- R3·A@-75 罐=无罐 泵=0 阀=111101 速=+0,+0,+0.00 电=7.47V/2.60A/峰3.09 补余=0.0 IO错=0 倾+0.0 自动2/3
[  239.989] EVT 吸附 R2 released→pressing 在态4.06s 0.0kPa
[  239.990] EVT 相位 R2 press→wait
[  240.142] TLM t= 153.0 L1·A@-76 L2·A@-75 L3·A@-76 R1·A@-76 R2Wp@-- R3·A@-75 罐=无罐 泵=0 阀=111101 速=+0,+0,+0.00 电=7.45V/2.60A/峰3.09 补余=0.0 IO错=0 倾+0.0 自动2/3
[  240.303] EVT 吸附 R2 pressing→sucking 在态0.30s 0.0kPa
[  240.304] EVT 阀 R2 →抽气位
[  240.322] EVT 泵 开 最差盘压-74.4
[  240.584] EVT 吸附 R2 sucking→attached 在态0.28s -65.5kPa
[  240.588] EVT 相位 R2 wait→stance
[  240.588] EVT 抬落完成，轮到 L3
[  240.657] TLM t= 153.1 L1·A@-76 L2·A@-75 L3·A@-76 R1·A@-76 R2·A@-67 R3·A@-74 罐=无罐 泵=1 阀=111111 速=+0,+0,+0.00 电=7.39V/2.44A/峰3.09 补余=0.0 IO错=0 倾+0.0 自动2/3
[  241.009] EVT 泵 停 最差盘压-75.2
[  241.173] TLM t= 153.6 L1·A@-76 L2·A@-76 L3·A@-76 R1·A@-76 R2·A@-76 R3·A@-76 罐=无罐 泵=0 阀=111111 速=+0,+0,+0.00 电=7.50V/2.44A/峰3.09 补余=0.0 IO错=0 倾+0.0 自动2/3
[  241.680] TLM t= 154.1 L1·A@-76 L2·A@-76 L3·A@-76 R1·A@-76 R2·A@-75 R3·A@-75 罐=无罐 泵=0 阀=111111 速=+0,+0,+0.00 电=7.48V/2.52A/峰3.09 补余=0.0 IO错=0 倾+0.0 自动2/3
[  242.197] TLM t= 154.6 L1·A@-76 L2·A@-75 L3·A@-76 R1·A@-76 R2·A@-75 R3·A@-75 罐=无罐 泵=0 阀=111111 速=+0,+0,+0.00 电=7.48V/2.44A/峰3.09 补余=0.0 IO错=0 倾+0.0 自动2/3
[  242.704] TLM t= 155.1 L1·A@-76 L2·A@-75 L3·A@-76 R1·A@-76 R2·A@-74 R3·A@-74 罐=无罐 泵=0 阀=111111 速=+0,+0,+0.00 电=7.49V/2.52A/峰3.09 补余=0.0 IO错=0 倾+0.0 自动2/3
[  243.218] TLM t= 155.6 L1·A@-76 L2·A@-74 L3·A@-76 R1·A@-76 R2·A@-74 R3·A@-73 罐=无罐 泵=0 阀=111111 速=+0,+0,+0.00 电=7.50V/2.60A/峰3.09 补余=0.0 IO错=0 倾+0.0 自动2/3
[  243.724] TLM t= 156.1 L1·A@-75 L2·A@-74 L3·A@-76 R1·A@-76 R2·A@-73 R3·A@-73 罐=无罐 泵=0 阀=111111 速=+0,+0,+0.00 电=7.49V/2.60A/峰3.09 补余=0.0 IO错=0 倾+0.0 自动2/3
[  244.243] TLM t= 156.6 L1·A@-75 L2·A@-73 L3·A@-76 R1·A@-75 R2·A@-73 R3·A@-72 罐=无罐 泵=0 阀=111111 速=+0,+0,+0.00 电=7.48V/2.52A/峰3.09 补余=0.0 IO错=0 倾+0.0 自动2/3
[  244.750] TLM t= 157.1 L1·A@-75 L2·A@-73 L3·A@-76 R1·A@-75 R2·A@-72 R3·A@-72 罐=无罐 泵=0 阀=111111 速=+0,+0,+0.00 电=7.50V/2.60A/峰3.09 补余=0.0 IO错=0 倾+0.0 自动2/3
[  245.263] TLM t= 157.7 L1·A@-75 L2·A@-72 L3·A@-76 R1·A@-75 R2·A@-72 R3·A@-71 罐=无罐 泵=0 阀=111111 速=+0,+0,+0.00 电=7.48V/2.52A/峰3.09 补余=0.0 IO错=0 倾+0.0 自动2/3
[  245.774] TLM t= 158.2 L1·A@-75 L2·A@-72 L3·A@-76 R1·A@-75 R2·A@-72 R3·A@-70 罐=无罐 泵=0 阀=111111 速=+0,+0,+0.00 电=7.48V/2.60A/峰3.09 补余=0.0 IO错=0 倾+0.0 自动2/3
[  246.286] TLM t= 158.7 L1·A@-75 L2·A@-71 L3·A@-76 R1·A@-75 R2·A@-71 R3·A@-70 罐=无罐 泵=0 阀=111111 速=+0,+0,+0.00 电=7.49V/2.69A/峰3.09 补余=0.0 IO错=0 倾+0.0 自动2/3
[  246.797] TLM t= 159.2 L1·A@-75 L2·A@-71 L3·A@-76 R1·A@-75 R2·A@-71 R3·A@-69 罐=无罐 泵=0 阀=111111 速=+0,+0,+0.00 电=7.50V/2.44A/峰3.09 补余=0.0 IO错=0 倾+0.0 自动2/3
[  247.315] TLM t= 159.7 L1·A@-75 L2·A@-71 L3·A@-76 R1·A@-75 R2·A@-70 R3·A@-68 罐=无罐 泵=0 阀=111111 速=+0,+0,+0.00 电=7.46V/2.69A/峰3.09 补余=0.0 IO错=0 倾+0.0 自动2/3
[  247.816] TLM t= 160.2 L1·A@-75 L2·A@-70 L3·A@-75 R1·A@-75 R2·A@-70 R3·A@-68 罐=无罐 泵=0 阀=111111 速=+0,+0,+0.00 电=7.50V/2.36A/峰3.09 补余=0.0 IO错=0 倾+0.0 自动2/3
[  248.340] TLM t= 160.7 L1·A@-75 L2·A@-70 L3·A@-75 R1·A@-75 R2·A@-70 R3·A@-67 罐=无罐 泵=0 阀=111111 速=+0,+0,+0.00 电=7.47V/2.52A/峰3.09 补余=0.0 IO错=0 倾+0.0 自动2/3
[  248.845] TLM t= 161.2 L1·A@-74 L2·A@-69 L3·A@-75 R1·A@-75 R2·A@-69 R3·A@-67 罐=无罐 泵=0 阀=111111 速=+0,+0,+0.00 电=7.47V/2.44A/峰3.09 补余=0.0 IO错=0 倾+0.0 自动2/3
[  249.359] TLM t= 161.7 L1·A@-74 L2·A@-69 L3·A@-75 R1·A@-75 R2·A@-69 R3·A@-66 罐=无罐 泵=0 阀=111111 速=+0,+0,+0.00 电=7.50V/2.52A/峰3.09 补余=0.0 IO错=0 倾+0.0 自动2/3
[  249.867] TLM t= 162.2 L1·A@-74 L2·A@-68 L3·A@-75 R1·A@-75 R2·A@-68 R3·A@-65 罐=无罐 泵=0 阀=111111 速=+0,+0,+0.00 电=7.46V/2.52A/峰3.09 补余=0.0 IO错=0 倾+0.0 自动2/3
[  250.382] TLM t= 162.8 L1·A@-74 L2·A@-68 L3·A@-75 R1·A@-75 R2·A@-68 R3·A@-65 罐=无罐 泵=0 阀=111111 速=+0,+0,+0.00 电=7.50V/2.44A/峰3.09 补余=0.0 IO错=0 倾+0.0 自动2/3
[  250.582] EVT ⚠ 主环卡顿 211ms（目标 20ms）
[  250.610] EVT 原地抬起受理：L3
[  250.622] EVT 相位 L3 stance→handover
[  250.897] TLM t= 164.1 L1·A@-74 L2·A@-67 L3ZA@-75 R1·A@-75 R2·A@-68 R3·A@-64 罐=无罐 泵=0 阀=111111 速=+0,+0,+0.00 电=7.48V/1.95A/峰3.09 补余=0.0 IO错=0 倾+0.0 自动2/3
[  251.404] TLM t= 164.4 L1·A@-74 L2·A@-67 L3ZA@-75 R1·A@-75 R2·A@-67 R3·A@-64 罐=无罐 泵=0 阀=111111 速=+0,+0,+0.00 电=7.52V/2.04A/峰3.09 补余=0.0 IO错=0 倾+0.0 自动2/3
[  251.900] TLM t= 164.4 L1·A@-74 L2·A@-66 L3ZA@-75 R1·A@-75 R2·A@-67 R3·A@-63 罐=无罐 泵=0 阀=111111 速=+0,+0,+0.00 电=7.51V/1.79A/峰3.09 补余=0.0 IO错=0 倾+0.0 自动2/3
[  252.408] TLM t= 164.4 L1·A@-74 L2·A@-66 L3ZA@-75 R1·A@-75 R2·A@-66 R3·A@-62 罐=无罐 泵=0 阀=111111 速=+0,+0,+0.00 电=7.52V/2.04A/峰3.09 补余=0.0 IO错=0 倾+0.0 自动2/3
[  252.911] TLM t= 164.4 L1·A@-74 L2·A@-66 L3ZA@-75 R1·A@-75 R2·A@-66 R3·A@-62 罐=无罐 泵=0 阀=111111 速=+0,+0,+0.00 电=7.51V/1.95A/峰3.09 补余=0.0 IO错=0 倾+0.0 自动2/3
[  253.432] TLM t= 164.4 L1·A@-74 L2·A@-65 L3ZA@-75 R1·A@-75 R2·A@-66 R3·A@-61 罐=无罐 泵=0 阀=111111 速=+0,+0,+0.00 电=7.52V/2.04A/峰3.09 补余=0.0 IO错=0 倾+0.0 自动2/3
[  253.517] EVT 吸附 L3 attached→venting 在态106.32s -74.8kPa
[  253.518] EVT 相位 L3 handover→vent 落点Δ(+0.0,+0.0)
[  253.543] EVT 阀 L3 →排气位
[  253.818] EVT 相位 L3 vent→lift
[  253.934] TLM t= 164.4 L1·A@-74 L2·A@-65 L3Lv@-75 R1·A@-75 R2·A@-65 R3·A@-61 罐=无罐 泵=0 阀=110111 速=+0,+0,+0.00 电=7.51V/2.12A/峰3.09 补余=0.0 IO错=0 倾+0.0 自动2/3
[  253.941] EVT 吸附 L3 venting→released 在态0.42s 0.1kPa
[  254.455] TLM t= 164.4 L1·A@-74 L2·A@-64 L3Lr@-- R1·A@-75 R2·A@-65 R3·A@-60 罐=无罐 泵=0 阀=110111 速=+0,+0,+0.00 电=7.49V/2.28A/峰3.09 补余=0.0 IO错=0 倾+0.0 自动2/3
[  254.649] EVT 泵 开 最差盘压-59.9
[  254.661] EVT 相位 L3 lift→transfer
[  254.957] TLM t= 164.4 L1·A@-73 L2·A@-64 L3Tr@-- R1·A@-75 R2·A@-65 R3·A@-65 罐=无罐 泵=1 阀=110111 速=+0,+0,+0.00 电=7.47V/2.12A/峰3.09 补余=0.0 IO错=0 倾+0.0 自动2/3
[  255.288] EVT 相位 L3 transfer→hover
[  255.478] TLM t= 164.4 L1·A@-75 L2·A@-76 L3Hr@-- R1·A@-75 R2·A@-75 R3·A@-75 罐=无罐 泵=1 阀=110111 速=+0,+0,+0.00 电=7.42V/2.12A/峰3.09 补余=0.0 IO错=0 倾+0.0 自动2/3
[  255.553] EVT 泵 停 最差盘压-75.2
[  255.984] TLM t= 164.4 L1·A@-76 L2·A@-76 L3Hr@-- R1·A@-76 R2·A@-76 R3·A@-76 罐=无罐 泵=0 阀=110111 速=+0,+0,+0.00 电=7.47V/2.28A/峰3.09 补余=0.0 IO错=0 倾+0.0 自动2/3
[  256.288] EVT 落地：L3
[  256.313] EVT 相位 L3 hover→descend
[  256.501] TLM t= 164.4 L1·A@-76 L2·A@-76 L3Dr@-- R1·A@-76 R2·A@-76 R3·A@-75 罐=无罐 泵=0 阀=110111 速=+0,+0,+0.00 电=7.48V/2.20A/峰3.09 补余=0.0 IO错=0 倾+0.0 自动2/3
[  256.794] EVT 相位 L3 descend→press
[  257.007] TLM t= 164.4 L1·A@-76 L2·A@-75 L3Pr@-- R1·A@-76 R2·A@-75 R3·A@-75 罐=无罐 泵=0 阀=110111 速=+0,+0,+0.00 电=7.48V/2.12A/峰3.09 补余=0.0 IO错=0 倾+0.0 自动2/3
[  257.525] TLM t= 164.4 L1·A@-76 L2·A@-75 L3Pr@-- R1·A@-76 R2·A@-75 R3·A@-74 罐=无罐 泵=0 阀=110111 速=+0,+0,+0.00 电=7.49V/2.20A/峰3.09 补余=0.0 IO错=0 倾+0.0 自动2/3
[  257.997] EVT 吸附 L3 released→pressing 在态4.04s 0.1kPa
[  257.998] EVT 相位 L3 press→wait
[  258.031] TLM t= 164.4 L1·A@-76 L2·A@-74 L3Wp@-- R1·A@-76 R2·A@-74 R3·A@-73 罐=无罐 泵=0 阀=110111 速=+0,+0,+0.00 电=7.48V/2.04A/峰3.09 补余=0.0 IO错=0 倾+0.0 自动2/3
[  258.298] EVT 吸附 L3 pressing→sucking 在态0.30s 0.1kPa
[  258.298] EVT 阀 L3 →抽气位
[  258.321] EVT 泵 开 最差盘压-73.1
[  258.549] TLM t= 164.4 L1·A@-76 L2·A@-74 L3Ws@-55 R1·A@-76 R2·A@-74 R3·A@-73 罐=无罐 泵=1 阀=111111 速=+0,+0,+0.00 电=7.43V/2.20A/峰3.09 补余=0.0 IO错=0 倾+0.0 自动2/3
[  258.574] EVT 吸附 L3 sucking→attached 在态0.28s -57.2kPa
[  258.577] EVT 相位 L3 wait→stance
[  258.577] EVT 抬落完成，轮到 R1
[  259.051] TLM t= 164.9 L1·A@-76 L2·A@-74 L3·A@-74 R1·A@-75 R2·A@-74 R3·A@-74 罐=无罐 泵=1 阀=111111 速=+0,+0,+0.00 电=7.49V/2.20A/峰3.09 补余=0.0 IO错=0 倾+0.0 自动2/3
[  259.118] EVT 泵 停 最差盘压-75.0
[  259.569] TLM t= 165.4 L1·A@-76 L2·A@-76 L3·A@-76 R1·A@-75 R2·A@-75 R3·A@-75 罐=无罐 泵=0 阀=111111 速=+0,+0,+0.00 电=7.50V/2.28A/峰3.09 补余=0.0 IO错=0 倾+0.0 自动2/3
[  260.076] TLM t= 165.9 L1·A@-76 L2·A@-75 L3·A@-75 R1·A@-75 R2·A@-75 R3·A@-75 罐=无罐 泵=0 阀=111111 速=+0,+0,+0.00 电=7.48V/2.36A/峰3.09 补余=0.0 IO错=0 倾+0.0 自动2/3
[  260.592] TLM t= 166.4 L1·A@-75 L2·A@-75 L3·A@-75 R1·A@-75 R2·A@-74 R3·A@-74 罐=无罐 泵=0 阀=111111 速=+0,+0,+0.00 电=7.49V/2.28A/峰3.09 补余=0.0 IO错=0 倾+0.0 自动2/3
[  261.096] TLM t= 166.9 L1·A@-75 L2·A@-74 L3·A@-75 R1·A@-75 R2·A@-74 R3·A@-74 罐=无罐 泵=0 阀=111111 速=+0,+0,+0.00 电=7.49V/2.12A/峰3.09 补余=0.0 IO错=0 倾+0.0 自动2/3
[  261.619] TLM t= 167.4 L1·A@-75 L2·A@-74 L3·A@-75 R1·A@-75 R2·A@-74 R3·A@-73 罐=无罐 泵=0 阀=111111 速=+0,+0,+0.00 电=7.51V/2.36A/峰3.09 补余=0.0 IO错=0 倾+0.0 自动2/3
[  262.122] TLM t= 167.9 L1·A@-75 L2·A@-73 L3·A@-75 R1·A@-75 R2·A@-73 R3·A@-72 罐=无罐 泵=0 阀=111111 速=+0,+0,+0.00 电=7.51V/2.12A/峰3.09 补余=0.0 IO错=0 倾+0.0 自动2/3
[  262.641] TLM t= 168.4 L1·A@-75 L2·A@-73 L3·A@-75 R1·A@-75 R2·A@-73 R3·A@-72 罐=无罐 泵=0 阀=111111 速=+0,+0,+0.00 电=7.51V/2.20A/峰3.09 补余=0.0 IO错=0 倾+0.0 自动2/3
[  263.146] TLM t= 168.9 L1·A@-75 L2·A@-72 L3·A@-75 R1·A@-75 R2·A@-72 R3·A@-71 罐=无罐 泵=0 阀=111111 速=+0,+0,+0.00 电=7.51V/2.28A/峰3.09 补余=0.0 IO错=0 倾+0.0 自动2/3
[  263.661] TLM t= 169.5 L1·A@-75 L2·A@-72 L3·A@-75 R1·A@-75 R2·A@-72 R3·A@-70 罐=无罐 泵=0 阀=111111 速=+0,+0,+0.00 电=7.50V/2.28A/峰3.09 补余=0.0 IO错=0 倾+0.0 自动2/3
[  264.169] TLM t= 170.0 L1·A@-75 L2·A@-71 L3·A@-74 R1·A@-75 R2·A@-72 R3·A@-70 罐=无罐 泵=0 阀=111111 速=+0,+0,+0.00 电=7.51V/2.36A/峰3.09 补余=0.0 IO错=0 倾+0.0 自动2/3
[  264.687] TLM t= 170.5 L1·A@-75 L2·A@-71 L3·A@-74 R1·A@-75 R2·A@-71 R3·A@-69 罐=无罐 泵=0 阀=111111 速=+0,+0,+0.00 电=7.50V/2.28A/峰3.09 补余=0.0 IO错=0 倾+0.0 自动2/3
[  265.190] TLM t= 171.0 L1·A@-75 L2·A@-70 L3·A@-74 R1·A@-75 R2·A@-71 R3·A@-69 罐=无罐 泵=0 阀=111111 速=+0,+0,+0.00 电=7.50V/2.12A/峰3.09 补余=0.0 IO错=0 倾+0.0 自动2/3
[  265.709] TLM t= 171.5 L1·A@-74 L2·A@-70 L3·A@-74 R1·A@-75 R2·A@-71 R3·A@-68 罐=无罐 泵=0 阀=111111 速=+0,+0,+0.00 电=7.48V/2.20A/峰3.09 补余=0.0 IO错=0 倾+0.0 自动2/3
[  266.217] TLM t= 172.0 L1·A@-74 L2·A@-69 L3·A@-74 R1·A@-75 R2·A@-70 R3·A@-67 罐=无罐 泵=0 阀=111111 速=+0,+0,+0.00 电=7.50V/2.20A/峰3.09 补余=0.0 IO错=0 倾+0.0 自动2/3
[  266.731] TLM t= 172.5 L1·A@-74 L2·A@-69 L3·A@-74 R1·A@-75 R2·A@-70 R3·A@-67 罐=无罐 泵=0 阀=111111 速=+0,+0,+0.00 电=7.49V/2.20A/峰3.09 补余=0.0 IO错=0 倾+0.0 自动2/3
[  267.240] TLM t= 173.0 L1·A@-74 L2·A@-69 L3·A@-74 R1·A@-75 R2·A@-69 R3·A@-66 罐=无罐 泵=0 阀=111111 速=+0,+0,+0.00 电=7.48V/2.28A/峰3.09 补余=0.0 IO错=0 倾+0.0 自动2/3
[  267.757] TLM t= 173.5 L1·A@-74 L2·A@-68 L3·A@-74 R1·A@-75 R2·A@-69 R3·A@-66 罐=无罐 泵=0 阀=111111 速=+0,+0,+0.00 电=7.49V/2.28A/峰3.09 补余=0.0 IO错=0 倾+0.0 自动2/3
[  268.266] TLM t= 174.0 L1·A@-74 L2·A@-68 L3·A@-74 R1·A@-74 R2·A@-69 R3·A@-65 罐=无罐 泵=0 阀=111111 速=+0,+0,+0.00 电=7.50V/2.36A/峰3.09 补余=0.0 IO错=0 倾+0.0 自动2/3
[  268.592] EVT 原地抬起受理：R1
[  268.619] EVT 相位 R1 stance→handover
[  268.770] TLM t= 175.4 L1·A@-74 L2·A@-67 L3·A@-74 R1ZA@-74 R2·A@-68 R3·A@-64 罐=无罐 泵=0 阀=111111 速=+0,+0,+0.00 电=7.50V/2.12A/峰3.09 补余=0.0 IO错=0 倾+0.0 自动2/3
[  269.296] TLM t= 175.8 L1·A@-74 L2·A@-67 L3·A@-74 R1ZA@-74 R2·A@-68 R3·A@-64 罐=无罐 泵=0 阀=111111 速=+0,+0,+0.00 电=7.52V/1.79A/峰3.09 补余=0.0 IO错=0 倾+0.0 自动2/3
[  269.797] TLM t= 175.8 L1·A@-74 L2·A@-66 L3·A@-74 R1ZA@-74 R2·A@-67 R3·A@-63 罐=无罐 泵=0 阀=111111 速=+0,+0,+0.00 电=7.53V/1.71A/峰3.09 补余=0.0 IO错=0 倾+0.0 自动2/3
[  270.320] TLM t= 175.8 L1·A@-74 L2·A@-66 L3·A@-73 R1ZA@-74 R2·A@-67 R3·A@-63 罐=无罐 泵=0 阀=111111 速=+0,+0,+0.00 电=7.52V/1.79A/峰3.09 补余=0.0 IO错=0 倾+0.0 自动2/3
[  270.821] TLM t= 175.8 L1·A@-74 L2·A@-65 L3·A@-73 R1ZA@-74 R2·A@-67 R3·A@-62 罐=无罐 泵=0 阀=111111 速=+0,+0,+0.00 电=7.52V/1.95A/峰3.09 补余=0.0 IO错=0 倾+0.0 自动2/3
[  271.345] TLM t= 175.8 L1·A@-74 L2·A@-65 L3·A@-73 R1ZA@-74 R2·A@-66 R3·A@-62 罐=无罐 泵=0 阀=111111 速=+0,+0,+0.00 电=7.50V/1.95A/峰3.09 补余=0.0 IO错=0 倾+0.0 自动2/3
[  271.846] TLM t= 175.8 L1·A@-73 L2·A@-64 L3·A@-73 R1ZA@-74 R2·A@-66 R3·A@-61 罐=无罐 泵=0 阀=111111 速=+0,+0,+0.00 电=7.48V/2.04A/峰3.09 补余=0.0 IO错=0 倾+0.0 自动2/3
[  271.913] EVT 吸附 R1 attached→venting 在态106.22s -74.0kPa
[  271.914] EVT 相位 R1 handover→vent 落点Δ(+0.0,+0.0)
[  271.939] EVT 阀 R1 →排气位
[  272.215] EVT 相位 R1 vent→lift
[  272.337] EVT 吸附 R1 venting→released 在态0.42s -0.1kPa
[  272.348] TLM t= 175.8 L1·A@-73 L2·A@-64 L3·A@-73 R1Lr@-- R2·A@-66 R3·A@-61 罐=无罐 泵=0 阀=111011 速=+0,+0,+0.00 电=7.47V/2.28A/峰3.09 补余=0.0 IO错=0 倾+0.0 自动2/3
[  272.744] EVT 泵 开 最差盘压-59.9
[  272.849] TLM t= 175.8 L1·A@-73 L2·A@-64 L3·A@-73 R1Lr@-- R2·A@-65 R3·A@-60 罐=无罐 泵=1 阀=111011 速=+0,+0,+0.00 电=7.41V/2.44A/峰3.09 补余=0.0 IO错=0 倾+0.0 自动2/3
[  273.057] EVT 相位 R1 lift→transfer
[  273.357] TLM t= 175.8 L1·A@-73 L2·A@-72 L3·A@-73 R1Tr@-- R2·A@-72 R3·A@-72 罐=无罐 泵=1 阀=111011 速=+0,+0,+0.00 电=7.46V/2.36A/峰3.09 补余=0.0 IO错=0 倾+0.0 自动2/3
[  273.646] EVT 泵 停 最差盘压-75.5
[  273.684] EVT 相位 R1 transfer→hover
[  273.874] TLM t= 175.8 L1·A@-76 L2·A@-76 L3·A@-76 R1Hr@-- R2·A@-76 R3·A@-76 罐=无罐 泵=0 阀=111011 速=+0,+0,+0.00 电=7.47V/2.20A/峰3.09 补余=0.0 IO错=0 倾+0.0 自动2/3
[  274.377] TLM t= 175.8 L1·A@-76 L2·A@-76 L3·A@-76 R1Hr@-- R2·A@-75 R3·A@-75 罐=无罐 泵=0 阀=111011 速=+0,+0,+0.00 电=7.48V/2.20A/峰3.09 补余=0.0 IO错=0 倾+0.0 自动2/3
[  274.707] EVT 落地：R1
[  274.729] EVT 相位 R1 hover→descend
[  274.896] TLM t= 175.8 L1·A@-76 L2·A@-75 L3·A@-76 R1Dr@-- R2·A@-75 R3·A@-75 罐=无罐 泵=0 阀=111011 速=+0,+0,+0.00 电=7.47V/2.28A/峰3.09 补余=0.0 IO错=0 倾+0.0 自动2/3
[  275.211] EVT 相位 R1 descend→press
[  275.398] TLM t= 175.8 L1·A@-76 L2·A@-75 L3·A@-76 R1Pr@-- R2·A@-75 R3·A@-74 罐=无罐 泵=0 阀=111011 速=+0,+0,+0.00 电=7.49V/2.20A/峰3.09 补余=0.0 IO错=0 倾+0.0 自动2/3
[  275.919] TLM t= 175.8 L1·A@-76 L2·A@-74 L3·A@-76 R1Pr@-- R2·A@-74 R3·A@-73 罐=无罐 泵=0 阀=111011 速=+0,+0,+0.00 电=7.49V/2.28A/峰3.09 补余=0.0 IO错=0 倾+0.0 自动2/3
[  276.414] EVT 吸附 R1 released→pressing 在态4.06s -0.1kPa
[  276.414] EVT 相位 R1 press→wait
[  276.429] TLM t= 175.8 L1·A@-76 L2·A@-74 L3·A@-76 R1Wp@-- R2·A@-74 R3·A@-73 罐=无罐 泵=0 阀=111011 速=+0,+0,+0.00 电=7.47V/2.44A/峰3.09 补余=0.0 IO错=0 倾+0.0 自动2/3
[  276.718] EVT 吸附 R1 pressing→sucking 在态0.30s -0.1kPa
[  276.718] EVT 阀 R1 →抽气位
[  276.733] EVT 泵 开 最差盘压-72.2
[  276.947] TLM t= 175.8 L1·A@-75 L2·A@-73 L3·A@-76 R1Ws@-57 R2·A@-73 R3·A@-72 罐=无罐 泵=1 阀=111111 速=+0,+0,+0.00 电=7.46V/2.28A/峰3.09 补余=0.0 IO错=0 倾+0.0 自动2/3
[  277.058] EVT 吸附 R1 sucking→attached 在态0.34s -65.1kPa
[  277.061] EVT 相位 R1 wait→stance
[  277.061] EVT 抬落完成，轮到 L2
[  277.452] TLM t= 176.2 L1·A@-75 L2·A@-76 L3·A@-76 R1·A@-74 R2·A@-75 R3·A@-76 罐=无罐 泵=1 阀=111111 速=+0,+0,+0.00 电=7.43V/2.28A/峰3.09 补余=0.0 IO错=0 倾+0.0 自动2/3
[  277.459] EVT 泵 停 最差盘压-75.0
[  277.971] TLM t= 176.7 L1·A@-76 L2·A@-76 L3·A@-76 R1·A@-75 R2·A@-76 R3·A@-76 罐=无罐 泵=0 阀=111111 速=+0,+0,+0.00 电=7.49V/2.36A/峰3.09 补余=0.0 IO错=0 倾+0.0 自动2/3
[  278.478] TLM t= 177.2 L1·A@-76 L2·A@-75 L3·A@-76 R1·A@-75 R2·A@-75 R3·A@-75 罐=无罐 泵=0 阀=111111 速=+0,+0,+0.00 电=7.48V/2.28A/峰3.09 补余=0.0 IO错=0 倾+0.0 自动2/3
[  278.997] TLM t= 177.7 L1·A@-76 L2·A@-75 L3·A@-76 R1·A@-75 R2·A@-75 R3·A@-74 罐=无罐 泵=0 阀=111111 速=+0,+0,+0.00 电=7.50V/2.28A/峰3.09 补余=0.0 IO错=0 倾+0.0 自动2/3
[  279.502] TLM t= 178.2 L1·A@-76 L2·A@-74 L3·A@-76 R1·A@-75 R2·A@-74 R3·A@-74 罐=无罐 泵=0 阀=111111 速=+0,+0,+0.00 电=7.47V/2.28A/峰3.09 补余=0.0 IO错=0 倾+0.0 自动2/3
[  280.021] TLM t= 178.7 L1·A@-76 L2·A@-74 L3·A@-76 R1·A@-75 R2·A@-74 R3·A@-73 罐=无罐 泵=0 阀=111111 速=+0,+0,+0.00 电=7.47V/2.28A/峰3.09 补余=0.0 IO错=0 倾+0.0 自动2/3
[  280.522] TLM t= 179.2 L1·A@-75 L2·A@-73 L3·A@-76 R1·A@-75 R2·A@-74 R3·A@-72 罐=无罐 泵=0 阀=111111 速=+0,+0,+0.00 电=7.49V/2.44A/峰3.09 补余=0.0 IO错=0 倾+0.0 自动2/3
[  281.046] TLM t= 179.8 L1·A@-75 L2·A@-73 L3·A@-76 R1·A@-75 R2·A@-73 R3·A@-72 罐=无罐 泵=0 阀=111111 速=+0,+0,+0.00 电=7.47V/2.36A/峰3.09 补余=0.0 IO错=0 倾+0.0 自动2/3
[  281.546] TLM t= 180.3 L1·A@-75 L2·A@-73 L3·A@-76 R1·A@-75 R2·A@-73 R3·A@-71 罐=无罐 泵=0 阀=111111 速=+0,+0,+0.00 电=7.49V/2.28A/峰3.09 补余=0.0 IO错=0 倾+0.0 自动2/3
[  282.066] TLM t= 180.8 L1·A@-75 L2·A@-72 L3·A@-76 R1·A@-75 R2·A@-72 R3·A@-71 罐=无罐 泵=0 阀=111111 速=+0,+0,+0.00 电=7.48V/2.36A/峰3.09 补余=0.0 IO错=0 倾+0.0 自动2/3
[  282.571] TLM t= 181.3 L1·A@-75 L2·A@-72 L3·A@-76 R1·A@-75 R2·A@-72 R3·A@-70 罐=无罐 泵=0 阀=111111 速=+0,+0,+0.00 电=7.49V/2.36A/峰3.09 补余=0.0 IO错=0 倾+0.0 自动2/3
[  283.091] TLM t= 181.8 L1·A@-75 L2·A@-71 L3·A@-75 R1·A@-75 R2·A@-72 R3·A@-69 罐=无罐 泵=0 阀=111111 速=+0,+0,+0.00 电=7.49V/2.20A/峰3.09 补余=0.0 IO错=0 倾+0.0 自动2/3
[  283.598] TLM t= 182.3 L1·A@-75 L2·A@-71 L3·A@-75 R1·A@-75 R2·A@-71 R3·A@-69 罐=无罐 泵=0 阀=111111 速=+0,+0,+0.00 电=7.49V/2.28A/峰3.09 补余=0.0 IO错=0 倾+0.0 自动2/3
[  284.114] TLM t= 182.8 L1·A@-75 L2·A@-70 L3·A@-75 R1·A@-75 R2·A@-71 R3·A@-68 罐=无罐 泵=0 阀=111111 速=+0,+0,+0.00 电=7.48V/2.36A/峰3.09 补余=0.0 IO错=0 倾+0.0 自动2/3
[  284.615] TLM t= 183.3 L1·A@-75 L2·A@-70 L3·A@-75 R1·A@-74 R2·A@-71 R3·A@-67 罐=无罐 泵=0 阀=111111 速=+0,+0,+0.00 电=7.49V/2.36A/峰3.09 补余=0.0 IO错=0 倾+0.0 自动2/3
[  285.136] TLM t= 183.8 L1·A@-75 L2·A@-69 L3·A@-75 R1·A@-74 R2·A@-70 R3·A@-67 罐=无罐 泵=0 阀=111111 速=+0,+0,+0.00 电=7.48V/2.28A/峰3.09 补余=0.0 IO错=0 倾+0.0 自动2/3
[  285.642] TLM t= 184.3 L1·A@-75 L2·A@-69 L3·A@-75 R1·A@-74 R2·A@-70 R3·A@-66 罐=无罐 泵=0 阀=111111 速=+0,+0,+0.00 电=7.49V/2.28A/峰3.09 补余=0.0 IO错=0 倾+0.0 自动2/3
[  286.159] TLM t= 184.9 L1·A@-74 L2·A@-68 L3·A@-75 R1·A@-74 R2·A@-69 R3·A@-65 罐=无罐 泵=0 阀=111111 速=+0,+0,+0.00 电=7.49V/2.20A/峰3.09 补余=0.0 IO错=0 倾+0.0 自动2/3
[  286.667] TLM t= 185.4 L1·A@-74 L2·A@-68 L3·A@-75 R1·A@-74 R2·A@-69 R3·A@-65 罐=无罐 泵=0 阀=111111 速=+0,+0,+0.00 电=7.48V/2.28A/峰3.09 补余=0.0 IO错=0 倾+0.0 自动2/3
[  287.091] EVT 原地抬起受理：L2
[  287.114] EVT 相位 L2 stance→handover
[  287.185] TLM t= 186.7 L1·A@-74 L2ZA@-68 L3·A@-75 R1·A@-74 R2·A@-69 R3·A@-64 罐=无罐 泵=0 阀=111111 速=+0,+0,+0.00 电=7.48V/2.36A/峰3.09 补余=0.0 IO错=0 倾+0.0 自动2/3
[  287.693] TLM t= 187.2 L1·A@-74 L2ZA@-67 L3·A@-75 R1·A@-74 R2·A@-68 R3·A@-64 罐=无罐 泵=0 阀=111111 速=+0,+0,+0.00 电=7.50V/2.28A/峰3.09 补余=0.0 IO错=0 倾+0.0 自动2/3
[  288.212] TLM t= 187.2 L1·A@-74 L2ZA@-67 L3·A@-75 R1·A@-74 R2·A@-68 R3·A@-63 罐=无罐 泵=0 阀=111111 速=+0,+0,+0.00 电=7.48V/2.44A/峰3.09 补余=0.0 IO错=0 倾+0.0 自动2/3
[  288.714] TLM t= 187.2 L1·A@-74 L2ZA@-66 L3·A@-75 R1·A@-74 R2·A@-68 R3·A@-62 罐=无罐 泵=0 阀=111111 速=+0,+0,+0.00 电=7.48V/2.52A/峰3.09 补余=0.0 IO错=0 倾+0.0 自动2/3
[  289.233] TLM t= 187.2 L1·A@-74 L2ZA@-66 L3·A@-75 R1·A@-74 R2·A@-67 R3·A@-62 罐=无罐 泵=0 阀=111111 速=+0,+0,+0.00 电=7.46V/2.60A/峰3.09 补余=0.0 IO错=0 倾+0.0 自动2/3
[  289.503] EVT 吸附 L2 attached→venting 在态106.32s -65.4kPa
[  289.503] EVT 相位 L2 handover→vent 落点Δ(+0.0,+0.0)
[  289.526] EVT 阀 L2 →排气位
[  289.739] TLM t= 187.2 L1·A@-74 L2Vv@-65 L3·A@-75 R1·A@-74 R2·A@-67 R3·A@-61 罐=无罐 泵=0 阀=101111 速=+0,+0,+0.00 电=7.48V/2.36A/峰3.09 补余=0.0 IO错=0 倾+0.0 自动2/3
[  289.804] EVT 相位 L2 vent→lift
[  289.927] EVT 吸附 L2 venting→released 在态0.42s 0.4kPa
[  290.255] TLM t= 187.2 L1·A@-74 L2Lr@-- L3·A@-75 R1·A@-74 R2·A@-66 R3·A@-61 罐=无罐 泵=0 阀=101111 速=+0,+0,+0.00 电=7.47V/2.60A/峰3.09 补余=0.0 IO错=0 倾+0.0 自动2/3
[  290.647] EVT 相位 L2 lift→transfer
[  290.749] EVT 泵 开 最差盘压-60.0
[  290.757] TLM t= 187.2 L1·A@-74 L2Tr@-- L3·A@-75 R1·A@-74 R2·A@-66 R3·A@-60 罐=无罐 泵=1 阀=101111 速=+0,+0,+0.00 电=7.31V/2.69A/峰3.09 补余=0.0 IO错=0 倾+0.0 自动2/3
[  291.271] EVT 相位 L2 transfer→hover
[  291.281] TLM t= 187.2 L1·A@-74 L2Hr@-- L3·A@-75 R1·A@-74 R2·A@-72 R3·A@-70 罐=无罐 泵=1 阀=101111 速=+0,+0,+0.00 电=7.36V/3.26A/峰3.26 补余=0.0 IO错=0 倾+0.0 自动2/3
[  291.609] EVT 泵 停 最差盘压-75.5
[  291.797] TLM t= 187.2 L1·A@-76 L2Hr@-- L3·A@-77 R1·A@-76 R2·A@-76 R3·A@-76 罐=无罐 泵=0 阀=101111 速=+0,+0,+0.00 电=7.46V/2.52A/峰3.26 补余=0.0 IO错=0 倾+0.0 自动2/3
[  292.294] EVT 落地：L2
[  292.306] TLM t= 187.2 L1·A@-76 L2Dr@-- L3·A@-76 R1·A@-76 R2·A@-76 R3·A@-76 罐=无罐 泵=0 阀=101111 速=+0,+0,+0.00 电=7.47V/2.60A/峰3.26 补余=0.0 IO错=0 倾+0.0 自动2/3
[  292.314] EVT 相位 L2 hover→descend
[  292.795] EVT 相位 L2 descend→press
[  292.824] TLM t= 187.2 L1·A@-76 L2Pr@-- L3·A@-76 R1·A@-76 R2·A@-76 R3·A@-75 罐=无罐 泵=0 阀=101111 速=+0,+0,+0.00 电=7.45V/2.69A/峰3.26 补余=0.0 IO错=0 倾+0.0 自动2/3
[  293.324] TLM t= 187.2 L1·A@-76 L2Pr@-- L3·A@-76 R1·A@-76 R2·A@-75 R3·A@-74 罐=无罐 泵=0 阀=101111 速=+0,+0,+0.00 电=7.47V/2.77A/峰3.26 补余=0.0 IO错=0 倾+0.0 自动2/3
[  293.827] TLM t= 187.2 L1·A@-76 L2Pr@-- L3·A@-76 R1·A@-76 R2·A@-75 R3·A@-74 罐=无罐 泵=0 阀=101111 速=+0,+0,+0.00 电=7.45V/2.60A/峰3.26 补余=0.0 IO错=0 倾+0.0 自动2/3
[  293.998] EVT 吸附 L2 released→pressing 在态4.06s 0.4kPa
[  293.999] EVT 相位 L2 press→wait
[  294.317] EVT 吸附 L2 pressing→sucking 在态0.32s 0.4kPa
[  294.317] EVT 阀 L2 →抽气位
[  294.342] EVT 泵 开 最差盘压-73.1
[  294.369] TLM t= 187.2 L1·A@-76 L2Ws@-3 L3·A@-76 R1·A@-76 R2·A@-74 R3·A@-73 罐=无罐 泵=1 阀=111111 速=+0,+0,+0.00 电=7.34V/2.69A/峰3.26 补余=0.0 IO错=0 倾+0.0 自动2/3
[  294.613] EVT 吸附 L2 sucking→attached 在态0.28s -64.3kPa
[  294.618] EVT 相位 L2 wait→stance
[  294.618] EVT 抬落完成，轮到 R3
[  294.618] EVT 自动轮换：第 2 轮完成
[  294.886] TLM t= 187.5 L1·A@-76 L2·A@-74 L3·A@-76 R1·A@-76 R2·A@-74 R3·A@-73 罐=无罐 泵=1 阀=111111 速=+0,+0,+0.00 电=7.39V/2.69A/峰3.26 补余=0.0 IO错=0 倾+0.0 自动3/3
[  294.999] EVT 泵 停 最差盘压-75.1
[  295.408] TLM t= 188.0 L1·A@-76 L2·A@-76 L3·A@-76 R1·A@-76 R2·A@-76 R3·A@-76 罐=无罐 泵=0 阀=111111 速=+0,+0,+0.00 电=7.48V/2.69A/峰3.26 补余=0.0 IO错=0 倾+0.0 自动3/3
[  295.911] TLM t= 188.5 L1·A@-76 L2·A@-75 L3·A@-76 R1·A@-76 R2·A@-75 R3·A@-75 罐=无罐 泵=0 阀=111111 速=+0,+0,+0.00 电=7.47V/2.52A/峰3.26 补余=0.0 IO错=0 倾+0.0 自动3/3
[  296.436] TLM t= 189.0 L1·A@-76 L2·A@-75 L3·A@-76 R1·A@-76 R2·A@-75 R3·A@-74 罐=无罐 泵=0 阀=111111 速=+0,+0,+0.00 电=7.46V/2.44A/峰3.26 补余=0.0 IO错=0 倾+0.0 自动3/3
[  296.940] TLM t= 189.5 L1·A@-76 L2·A@-74 L3·A@-76 R1·A@-76 R2·A@-74 R3·A@-74 罐=无罐 泵=0 阀=111111 速=+0,+0,+0.00 电=7.48V/2.69A/峰3.26 补余=0.0 IO错=0 倾+0.0 自动3/3
[  297.460] TLM t= 190.0 L1·A@-75 L2·A@-74 L3·A@-76 R1·A@-76 R2·A@-74 R3·A@-73 罐=无罐 泵=0 阀=111111 速=+0,+0,+0.00 电=7.48V/2.44A/峰3.26 补余=0.0 IO错=0 倾+0.0 自动3/3
[  297.963] TLM t= 190.5 L1·A@-75 L2·A@-73 L3·A@-76 R1·A@-75 R2·A@-73 R3·A@-72 罐=无罐 泵=0 阀=111111 速=+0,+0,+0.00 电=7.48V/2.52A/峰3.26 补余=0.0 IO错=0 倾+0.0 自动3/3
[  298.484] TLM t= 191.0 L1·A@-75 L2·A@-72 L3·A@-76 R1·A@-75 R2·A@-73 R3·A@-72 罐=无罐 泵=0 阀=111111 速=+0,+0,+0.00 电=7.48V/2.52A/峰3.26 补余=0.0 IO错=0 倾+0.0 自动3/3
[  298.989] TLM t= 191.5 L1·A@-75 L2·A@-72 L3·A@-76 R1·A@-75 R2·A@-73 R3·A@-71 罐=无罐 泵=0 阀=111111 速=+0,+0,+0.00 电=7.46V/2.52A/峰3.26 补余=0.0 IO错=0 倾+0.0 自动3/3
[  299.509] TLM t= 192.1 L1·A@-75 L2·A@-72 L3·A@-76 R1·A@-75 R2·A@-72 R3·A@-70 罐=无罐 泵=0 阀=111111 速=+0,+0,+0.00 电=7.47V/2.52A/峰3.26 补余=0.0 IO错=0 倾+0.0 自动3/3
[  300.010] TLM t= 192.6 L1·A@-75 L2·A@-71 L3·A@-76 R1·A@-75 R2·A@-72 R3·A@-70 罐=无罐 泵=0 阀=111111 速=+0,+0,+0.00 电=7.46V/2.36A/峰3.26 补余=0.0 IO错=0 倾+0.0 自动3/3
[  300.535] TLM t= 193.1 L1·A@-75 L2·A@-71 L3·A@-76 R1·A@-75 R2·A@-72 R3·A@-69 罐=无罐 泵=0 阀=111111 速=+0,+0,+0.00 电=7.48V/2.52A/峰3.26 补余=0.0 IO错=0 倾+0.0 自动3/3
[  301.038] TLM t= 193.6 L1·A@-75 L2·A@-70 L3·A@-76 R1·A@-75 R2·A@-71 R3·A@-68 罐=无罐 泵=0 阀=111111 速=+0,+0,+0.00 电=7.48V/2.60A/峰3.26 补余=0.0 IO错=0 倾+0.0 自动3/3
[  301.558] TLM t= 194.1 L1·A@-75 L2·A@-70 L3·A@-75 R1·A@-75 R2·A@-71 R3·A@-68 罐=无罐 泵=0 阀=111111 速=+0,+0,+0.00 电=7.48V/2.60A/峰3.26 补余=0.0 IO错=0 倾+0.0 自动3/3
[  302.060] TLM t= 194.6 L1·A@-75 L2·A@-69 L3·A@-75 R1·A@-75 R2·A@-70 R3·A@-67 罐=无罐 泵=0 阀=111111 速=+0,+0,+0.00 电=7.47V/2.52A/峰3.26 补余=0.0 IO错=0 倾+0.0 自动3/3
[  302.581] TLM t= 195.1 L1·A@-75 L2·A@-69 L3·A@-75 R1·A@-75 R2·A@-70 R3·A@-66 罐=无罐 泵=0 阀=111111 速=+0,+0,+0.00 电=7.48V/2.60A/峰3.26 补余=0.0 IO错=0 倾+0.0 自动3/3
[  303.083] TLM t= 195.6 L1·A@-74 L2·A@-68 L3·A@-75 R1·A@-75 R2·A@-70 R3·A@-66 罐=无罐 泵=0 阀=111111 速=+0,+0,+0.00 电=7.46V/2.60A/峰3.26 补余=0.0 IO错=0 倾+0.0 自动3/3
[  303.606] TLM t= 196.1 L1·A@-74 L2·A@-68 L3·A@-75 R1·A@-75 R2·A@-69 R3·A@-65 罐=无罐 泵=0 阀=111111 速=+0,+0,+0.00 电=7.47V/2.52A/峰3.26 补余=0.0 IO错=0 倾+0.0 自动3/3
[  304.110] TLM t= 196.6 L1·A@-74 L2·A@-67 L3·A@-75 R1·A@-75 R2·A@-69 R3·A@-65 罐=无罐 泵=0 阀=111111 速=+0,+0,+0.00 电=7.49V/2.36A/峰3.26 补余=0.0 IO错=0 倾+0.0 自动3/3
[  304.631] TLM t= 197.2 L1·A@-74 L2·A@-67 L3·A@-75 R1·A@-75 R2·A@-69 R3·A@-64 罐=无罐 泵=0 阀=111111 速=+0,+0,+0.00 电=7.46V/2.60A/峰3.26 补余=0.0 IO错=0 倾+0.0 自动3/3
[  305.136] TLM t= 197.7 L1·A@-74 L2·A@-66 L3·A@-75 R1·A@-75 R2·A@-68 R3·A@-63 罐=无罐 泵=0 阀=111111 速=+0,+0,+0.00 电=7.47V/2.44A/峰3.26 补余=0.0 IO错=0 倾+0.0 自动3/3
[  305.658] TLM t= 198.2 L1·A@-74 L2·A@-66 L3·A@-75 R1·A@-75 R2·A@-68 R3·A@-63 罐=无罐 泵=0 阀=111111 速=+0,+0,+0.00 电=7.48V/2.52A/峰3.26 补余=0.0 IO错=0 倾+0.0 自动3/3
[  306.160] TLM t= 198.7 L1·A@-74 L2·A@-65 L3·A@-75 R1·A@-75 R2·A@-67 R3·A@-62 罐=无罐 泵=0 阀=111111 速=+0,+0,+0.00 电=7.47V/2.44A/峰3.26 补余=0.0 IO错=0 倾+0.0 自动3/3
[  306.685] TLM t= 199.2 L1·A@-74 L2·A@-65 L3·A@-75 R1·A@-75 R2·A@-67 R3·A@-61 罐=无罐 泵=0 阀=111111 速=+0,+0,+0.00 电=7.46V/2.44A/峰3.26 补余=0.0 IO错=0 倾+0.0 自动3/3
[  307.188] TLM t= 199.7 L1·A@-74 L2·A@-64 L3·A@-75 R1·A@-75 R2·A@-67 R3·A@-61 罐=无罐 泵=0 阀=111111 速=+0,+0,+0.00 电=7.48V/2.52A/峰3.26 补余=0.0 IO错=0 倾+0.0 自动3/3
[  307.712] TLM t= 200.2 L1·A@-74 L2·A@-64 L3·A@-75 R1·A@-75 R2·A@-66 R3·A@-60 罐=无罐 泵=0 阀=111111 速=+0,+0,+0.00 电=7.48V/2.52A/峰3.26 补余=0.0 IO错=0 倾+0.0 自动3/3
[  307.885] EVT 泵 开 最差盘压-60.0
[  308.214] TLM t= 200.7 L1·A@-74 L2·A@-66 L3·A@-75 R1·A@-75 R2·A@-66 R3·A@-65 罐=无罐 泵=1 阀=111111 速=+0,+0,+0.00 电=7.45V/2.52A/峰3.26 补余=0.0 IO错=0 倾+0.0 自动3/3
[  308.738] TLM t= 201.2 L1·A@-75 L2·A@-75 L3·A@-75 R1·A@-75 R2·A@-75 R3·A@-76 罐=无罐 泵=1 阀=111111 速=+0,+0,+0.00 电=7.46V/2.52A/峰3.26 补余=0.0 IO错=0 倾+0.0 自动3/3
[  308.793] EVT 泵 停 最差盘压-75.5
[  309.244] TLM t= 201.7 L1·A@-76 L2·A@-76 L3·A@-77 R1·A@-76 R2·A@-76 R3·A@-76 罐=无罐 泵=0 阀=111111 速=+0,+0,+0.00 电=7.46V/2.60A/峰3.26 补余=0.0 IO错=0 倾+0.0 自动3/3
[  309.636] EVT 自动轮换：第 3 轮开始
[  309.656] EVT 原地抬起受理：R3
[  309.668] EVT 相位 R3 stance→handover
[  309.766] TLM t= 205.3 L1·A@-76 L2·A@-76 L3·A@-76 R1·A@-76 R2·A@-76 R3ZA@-75 罐=无罐 泵=0 阀=111111 速=+0,+0,+0.00 电=7.45V/2.52A/峰3.26 补余=0.0 IO错=0 倾+0.0 自动3/3
[  310.267] TLM t= 205.8 L1·A@-76 L2·A@-75 L3·A@-76 R1·A@-76 R2·A@-75 R3ZA@-75 罐=无罐 泵=0 阀=111111 速=+0,+0,+0.00 电=7.50V/2.04A/峰3.26 补余=0.0 IO错=0 倾+0.0 自动3/3
[  310.790] TLM t= 205.8 L1·A@-76 L2·A@-75 L3·A@-76 R1·A@-76 R2·A@-75 R3ZA@-74 罐=无罐 泵=0 阀=111111 速=+0,+0,+0.00 电=7.50V/2.04A/峰3.26 补余=0.0 IO错=0 倾+0.0 自动3/3
[  311.293] TLM t= 205.8 L1·A@-76 L2·A@-74 L3·A@-76 R1·A@-76 R2·A@-74 R3ZA@-73 罐=无罐 泵=0 阀=111111 速=+0,+0,+0.00 电=7.49V/2.04A/峰3.26 补余=0.0 IO错=0 倾+0.0 自动3/3
[  311.821] TLM t= 205.8 L1·A@-76 L2·A@-74 L3·A@-76 R1·A@-76 R2·A@-74 R3ZA@-73 罐=无罐 泵=0 阀=111111 速=+0,+0,+0.00 电=7.50V/1.95A/峰3.26 补余=0.0 IO错=0 倾+0.0 自动3/3
[  311.874] EVT 吸附 R3 attached→venting 在态106.26s -72.6kPa
[  311.874] EVT 相位 R3 handover→vent 落点Δ(+0.0,+0.0)
[  311.894] EVT 阀 R3 →排气位
[  312.172] EVT 相位 R3 vent→lift
[  312.295] EVT 吸附 R3 venting→released 在态0.42s 0.2kPa
[  312.323] TLM t= 205.8 L1·A@-76 L2·A@-73 L3·A@-76 R1·A@-76 R2·A@-74 R3Lr@-- 罐=无罐 泵=0 阀=111110 速=+0,+0,+0.00 电=7.48V/1.95A/峰3.26 补余=0.0 IO错=0 倾+0.0 自动3/3
[  312.844] TLM t= 205.8 L1·A@-76 L2·A@-73 L3·A@-76 R1·A@-76 R2·A@-73 R3Lr@-- 罐=无罐 泵=0 阀=111110 速=+0,+0,+0.00 电=7.46V/2.28A/峰3.26 补余=0.0 IO错=0 倾+0.0 自动3/3
[  313.015] EVT 相位 R3 lift→transfer
[  313.347] TLM t= 205.8 L1·A@-76 L2·A@-72 L3·A@-76 R1·A@-76 R2·A@-73 R3Tr@-- 罐=无罐 泵=0 阀=111110 速=+0,+0,+0.00 电=7.46V/2.12A/峰3.26 补余=0.0 IO错=0 倾+0.0 自动3/3
[  313.639] EVT 相位 R3 transfer→hover
[  313.866] TLM t= 205.8 L1·A@-75 L2·A@-72 L3·A@-76 R1·A@-76 R2·A@-72 R3Hr@-- 罐=无罐 泵=0 阀=111110 速=+0,+0,+0.00 电=7.47V/2.36A/峰3.26 补余=0.0 IO错=0 倾+0.0 自动3/3
[  314.370] TLM t= 205.8 L1·A@-75 L2·A@-72 L3·A@-76 R1·A@-76 R2·A@-72 R3Hr@-- 罐=无罐 泵=0 阀=111110 速=+0,+0,+0.00 电=7.47V/2.20A/峰3.26 补余=0.0 IO错=0 倾+0.0 自动3/3
[  314.639] EVT 落地：R3
[  314.662] EVT 相位 R3 hover→descend
[  314.887] TLM t= 205.8 L1·A@-75 L2·A@-71 L3·A@-76 R1·A@-76 R2·A@-72 R3Dr@-- 罐=无罐 泵=0 阀=111110 速=+0,+0,+0.00 电=7.48V/2.20A/峰3.26 补余=0.0 IO错=0 倾+0.0 自动3/3
[  315.143] EVT 相位 R3 descend→press
[  315.394] TLM t= 205.8 L1·A@-75 L2·A@-71 L3·A@-76 R1·A@-76 R2·A@-71 R3Pr@-- 罐=无罐 泵=0 阀=111110 速=+0,+0,+0.00 电=7.48V/2.20A/峰3.26 补余=0.0 IO错=0 倾+0.0 自动3/3
[  315.911] TLM t= 205.8 L1·A@-75 L2·A@-70 L3·A@-76 R1·A@-75 R2·A@-71 R3Pr@-- 罐=无罐 泵=0 阀=111110 速=+0,+0,+0.00 电=7.48V/2.20A/峰3.26 补余=0.0 IO错=0 倾+0.0 自动3/3
[  316.347] EVT 吸附 R3 released→pressing 在态4.04s 0.2kPa
[  316.347] EVT 相位 R3 press→wait
[  316.415] TLM t= 205.8 L1·A@-75 L2·A@-70 L3·A@-76 R1·A@-75 R2·A@-71 R3Wp@-- 罐=无罐 泵=0 阀=111110 速=+0,+0,+0.00 电=7.48V/2.12A/峰3.26 补余=0.0 IO错=0 倾+0.0 自动3/3
[  316.660] EVT 吸附 R3 pressing→sucking 在态0.32s 0.2kPa
[  316.660] EVT 阀 R3 →抽气位
[  316.688] EVT 泵 开 最差盘压-69.5
[  316.939] TLM t= 205.8 L1·A@-75 L2·A@-69 L3·A@-76 R1·A@-75 R2·A@-70 R3Ws@-59 罐=无罐 泵=1 阀=111111 速=+0,+0,+0.00 电=7.46V/1.95A/峰3.26 补余=0.0 IO错=0 倾+0.0 自动3/3
[  317.025] EVT 吸附 R3 sucking→attached 在态0.36s -62.4kPa
[  317.025] EVT 相位 R3 wait→stance
[  317.025] EVT 抬落完成，轮到 L1
[  317.441] TLM t= 206.2 L1·A@-75 L2·A@-75 L3·A@-76 R1·A@-75 R2·A@-75 R3·A@-74 罐=无罐 泵=1 阀=111111 速=+0,+0,+0.00 电=7.41V/2.36A/峰3.26 补余=0.0 IO错=0 倾+0.0 自动3/3
[  317.534] EVT 泵 停 最差盘压-75.4
[  317.963] TLM t= 206.7 L1·A@-76 L2·A@-76 L3·A@-76 R1·A@-75 R2·A@-76 R3·A@-76 罐=无罐 泵=0 阀=111111 速=+0,+0,+0.00 电=7.50V/2.28A/峰3.26 补余=0.0 IO错=0 倾+0.0 自动3/3
[  318.465] TLM t= 207.2 L1·A@-76 L2·A@-76 L3·A@-76 R1·A@-75 R2·A@-75 R3·A@-75 罐=无罐 泵=0 阀=111111 速=+0,+0,+0.00 电=7.48V/2.20A/峰3.26 补余=0.0 IO错=0 倾+0.0 自动3/3
[  318.988] TLM t= 207.7 L1·A@-76 L2·A@-75 L3·A@-76 R1·A@-75 R2·A@-75 R3·A@-74 罐=无罐 泵=0 阀=111111 速=+0,+0,+0.00 电=7.49V/2.04A/峰3.26 补余=0.0 IO错=0 倾+0.0 自动3/3
[  319.495] TLM t= 208.2 L1·A@-76 L2·A@-75 L3·A@-76 R1·A@-75 R2·A@-75 R3·A@-74 罐=无罐 泵=0 阀=111111 速=+0,+0,+0.00 电=7.49V/2.20A/峰3.26 补余=0.0 IO错=0 倾+0.0 自动3/3
[  320.014] TLM t= 208.8 L1·A@-76 L2·A@-74 L3·A@-76 R1·A@-75 R2·A@-74 R3·A@-73 罐=无罐 泵=0 阀=111111 速=+0,+0,+0.00 电=7.49V/2.28A/峰3.26 补余=0.0 IO错=0 倾+0.0 自动3/3
[  320.519] TLM t= 209.3 L1·A@-75 L2·A@-74 L3·A@-76 R1·A@-75 R2·A@-74 R3·A@-72 罐=无罐 泵=0 阀=111111 速=+0,+0,+0.00 电=7.49V/2.20A/峰3.26 补余=0.0 IO错=0 倾+0.0 自动3/3
[  321.041] TLM t= 209.8 L1·A@-75 L2·A@-73 L3·A@-76 R1·A@-75 R2·A@-73 R3·A@-72 罐=无罐 泵=0 阀=111111 速=+0,+0,+0.00 电=7.50V/1.95A/峰3.26 补余=0.0 IO错=0 倾+0.0 自动3/3
[  321.552] TLM t= 210.3 L1·A@-75 L2·A@-73 L3·A@-76 R1·A@-75 R2·A@-73 R3·A@-71 罐=无罐 泵=0 阀=111111 速=+0,+0,+0.00 电=7.49V/2.20A/峰3.26 补余=0.0 IO错=0 倾+0.0 自动3/3
[  322.073] TLM t= 210.8 L1·A@-75 L2·A@-72 L3·A@-76 R1·A@-75 R2·A@-73 R3·A@-70 罐=无罐 泵=0 阀=111111 速=+0,+0,+0.00 电=7.48V/2.20A/峰3.26 补余=0.0 IO错=0 倾+0.0 自动3/3
[  322.575] TLM t= 211.3 L1·A@-75 L2·A@-72 L3·A@-76 R1·A@-75 R2·A@-72 R3·A@-70 罐=无罐 泵=0 阀=111111 速=+0,+0,+0.00 电=7.49V/2.20A/峰3.26 补余=0.0 IO错=0 倾+0.0 自动3/3
[  323.099] TLM t= 211.8 L1·A@-75 L2·A@-71 L3·A@-76 R1·A@-75 R2·A@-72 R3·A@-69 罐=无罐 泵=0 阀=111111 速=+0,+0,+0.00 电=7.48V/2.20A/峰3.26 补余=0.0 IO错=0 倾+0.0 自动3/3
[  323.604] TLM t= 212.3 L1·A@-75 L2·A@-71 L3·A@-76 R1·A@-75 R2·A@-71 R3·A@-69 罐=无罐 泵=0 阀=111111 速=+0,+0,+0.00 电=7.48V/2.12A/峰3.26 补余=0.0 IO错=0 倾+0.0 自动3/3
[  324.123] TLM t= 212.8 L1·A@-75 L2·A@-70 L3·A@-75 R1·A@-75 R2·A@-71 R3·A@-68 罐=无罐 泵=0 阀=111111 速=+0,+0,+0.00 电=7.49V/2.28A/峰3.26 补余=0.0 IO错=0 倾+0.0 自动3/3
[  324.628] TLM t= 213.3 L1·A@-75 L2·A@-70 L3·A@-75 R1·A@-75 R2·A@-71 R3·A@-67 罐=无罐 泵=0 阀=111111 速=+0,+0,+0.00 电=7.49V/2.20A/峰3.26 补余=0.0 IO错=0 倾+0.0 自动3/3
[  325.147] TLM t= 213.9 L1·A@-74 L2·A@-70 L3·A@-75 R1·A@-75 R2·A@-70 R3·A@-67 罐=无罐 泵=0 阀=111111 速=+0,+0,+0.00 电=7.49V/2.12A/峰3.26 补余=0.0 IO错=0 倾+0.0 自动3/3
[  325.650] TLM t= 214.4 L1·A@-74 L2·A@-69 L3·A@-75 R1·A@-75 R2·A@-70 R3·A@-66 罐=无罐 泵=0 阀=111111 速=+0,+0,+0.00 电=7.50V/2.12A/峰3.26 补余=0.0 IO错=0 倾+0.0 自动3/3
[  326.172] TLM t= 214.9 L1·A@-74 L2·A@-69 L3·A@-75 R1·A@-75 R2·A@-70 R3·A@-65 罐=无罐 泵=0 阀=111111 速=+0,+0,+0.00 电=7.47V/2.04A/峰3.26 补余=0.0 IO错=0 倾+0.0 自动3/3
[  326.677] TLM t= 215.4 L1·A@-74 L2·A@-68 L3·A@-75 R1·A@-75 R2·A@-69 R3·A@-65 罐=无罐 泵=0 阀=111111 速=+0,+0,+0.00 电=7.48V/2.20A/峰3.26 补余=0.0 IO错=0 倾+0.0 自动3/3
[  327.043] EVT 原地抬起受理：L1
[  327.070] EVT 相位 L1 stance→handover
[  327.202] TLM t= 216.7 L1ZA@-74 L2·A@-68 L3·A@-75 R1·A@-75 R2·A@-69 R3·A@-64 罐=无罐 泵=0 阀=111111 速=+0,+0,+0.00 电=7.50V/2.04A/峰3.26 补余=0.0 IO错=0 倾+0.0 自动3/3
[  327.707] TLM t= 217.2 L1ZA@-74 L2·A@-67 L3·A@-75 R1·A@-75 R2·A@-68 R3·A@-64 罐=无罐 泵=0 阀=111111 速=+0,+0,+0.00 电=7.53V/1.63A/峰3.26 补余=0.0 IO错=0 倾+0.0 自动3/3
[  328.227] TLM t= 217.2 L1ZA@-74 L2·A@-67 L3·A@-75 R1·A@-75 R2·A@-68 R3·A@-63 罐=无罐 泵=0 阀=111111 速=+0,+0,+0.00 电=7.52V/1.63A/峰3.26 补余=0.0 IO错=0 倾+0.0 自动3/3
[  328.731] TLM t= 217.2 L1ZA@-74 L2·A@-66 L3·A@-75 R1·A@-75 R2·A@-68 R3·A@-63 罐=无罐 泵=0 阀=111111 速=+0,+0,+0.00 电=7.51V/1.63A/峰3.26 补余=0.0 IO错=0 倾+0.0 自动3/3
[  329.251] TLM t= 217.2 L1ZA@-74 L2·A@-66 L3·A@-75 R1·A@-75 R2·A@-67 R3·A@-62 罐=无罐 泵=0 阀=111111 速=+0,+0,+0.00 电=7.49V/2.04A/峰3.26 补余=0.0 IO错=0 倾+0.0 自动3/3
[  329.753] TLM t= 217.2 L1ZA@-74 L2·A@-65 L3·A@-75 R1·A@-75 R2·A@-67 R3·A@-61 罐=无罐 泵=0 阀=111111 速=+0,+0,+0.00 电=7.49V/2.12A/峰3.26 补余=0.0 IO错=0 倾+0.0 自动3/3
[  330.166] EVT 吸附 L1 attached→venting 在态106.22s -73.5kPa
[  330.166] EVT 相位 L1 handover→vent 落点Δ(+0.0,+0.0)
[  330.179] EVT 阀 L1 →排气位
[  330.272] TLM t= 217.2 L1Vv@-73 L2·A@-65 L3·A@-75 R1·A@-75 R2·A@-66 R3·A@-61 罐=无罐 泵=0 阀=011111 速=+0,+0,+0.00 电=7.46V/2.44A/峰3.26 补余=0.0 IO错=0 倾+0.0 自动3/3
[  330.467] EVT 相位 L1 vent→lift
[  330.602] EVT 吸附 L1 venting→released 在态0.44s 0.1kPa
[  330.776] TLM t= 217.2 L1Lr@-- L2·A@-65 L3·A@-75 R1·A@-74 R2·A@-66 R3·A@-60 罐=无罐 泵=0 阀=011111 速=+0,+0,+0.00 电=7.45V/2.52A/峰3.26 补余=0.0 IO错=0 倾+0.0 自动3/3
[  330.986] EVT 泵 开 最差盘压-60.0
[  331.293] TLM t= 217.2 L1Lr@-- L2·A@-64 L3·A@-75 R1·A@-74 R2·A@-66 R3·A@-65 罐=无罐 泵=1 阀=011111 速=+0,+0,+0.00 电=7.41V/2.28A/峰3.26 补余=0.0 IO错=0 倾+0.0 自动3/3
[  331.310] EVT 相位 L1 lift→transfer
[  331.802] TLM t= 217.2 L1Tr@-- L2·A@-76 L3·A@-75 R1·A@-74 R2·A@-75 R3·A@-75 罐=无罐 泵=1 阀=011111 速=+0,+0,+0.00 电=7.44V/2.60A/峰3.26 补余=0.0 IO错=0 倾+0.0 自动3/3
[  331.889] EVT 泵 停 最差盘压-75.4
[  331.924] EVT 相位 L1 transfer→hover
[  332.321] TLM t= 217.2 L1Hr@-- L2·A@-76 L3·A@-76 R1·A@-76 R2·A@-76 R3·A@-76 罐=无罐 泵=0 阀=011111 速=+0,+0,+0.00 电=7.47V/2.28A/峰3.26 补余=0.0 IO错=0 倾+0.0 自动3/3
[  332.822] TLM t= 217.2 L1Hr@-- L2·A@-76 L3·A@-76 R1·A@-76 R2·A@-76 R3·A@-75 罐=无罐 泵=0 阀=011111 速=+0,+0,+0.00 电=7.47V/2.28A/峰3.26 补余=0.0 IO错=0 倾+0.0 自动3/3
[  332.936] EVT 落地：L1
[  332.948] EVT 相位 L1 hover→descend
[  333.342] TLM t= 217.2 L1Dr@-- L2·A@-75 L3·A@-76 R1·A@-76 R2·A@-75 R3·A@-75 罐=无罐 泵=0 阀=011111 速=+0,+0,+0.00 电=7.47V/2.28A/峰3.26 补余=0.0 IO错=0 倾+0.0 自动3/3
[  333.430] EVT 相位 L1 descend→press
[  333.848] TLM t= 217.2 L1Pr@-- L2·A@-75 L3·A@-76 R1·A@-76 R2·A@-75 R3·A@-74 罐=无罐 泵=0 阀=011111 速=+0,+0,+0.00 电=7.46V/2.52A/峰3.26 补余=0.0 IO错=0 倾+0.0 自动3/3
[  334.367] TLM t= 217.2 L1Pr@-- L2·A@-74 L3·A@-76 R1·A@-76 R2·A@-74 R3·A@-73 罐=无罐 泵=0 阀=011111 速=+0,+0,+0.00 电=7.46V/2.44A/峰3.26 补余=0.0 IO错=0 倾+0.0 自动3/3
[  334.633] EVT 吸附 L1 released→pressing 在态4.02s 0.1kPa
[  334.633] EVT 相位 L1 press→wait
[  334.871] TLM t= 217.2 L1Wp@-- L2·A@-74 L3·A@-76 R1·A@-76 R2·A@-74 R3·A@-73 罐=无罐 泵=0 阀=011111 速=+0,+0,+0.00 电=7.46V/2.36A/峰3.26 补余=0.0 IO错=0 倾+0.0 自动3/3
[  334.959] EVT 吸附 L1 pressing→sucking 在态0.32s 0.1kPa
[  334.959] EVT 阀 L1 →抽气位
[  334.982] EVT 泵 开 最差盘压-72.7
[  335.375] EVT 吸附 L1 sucking→attached 在态0.42s -65.4kPa
[  335.386] EVT 相位 L1 wait→stance
[  335.386] EVT 抬落完成，轮到 R2
[  335.396] TLM t= 217.2 L1·A@-65 L2·A@-73 L3·A@-76 R1·A@-76 R2·A@-74 R3·A@-72 罐=无罐 泵=1 阀=111111 速=+0,+0,+0.00 电=7.45V/2.28A/峰3.26 补余=0.0 IO错=0 倾+0.0 自动3/3
[  335.765] EVT 泵 停 最差盘压-75.4
[  335.910] TLM t= 217.7 L1·A@-76 L2·A@-77 L3·A@-76 R1·A@-76 R2·A@-76 R3·A@-76 罐=无罐 泵=0 阀=111111 速=+0,+0,+0.00 电=7.49V/2.28A/峰3.26 补余=0.0 IO错=0 倾+0.0 自动3/3
[  336.414] TLM t= 218.2 L1·A@-76 L2·A@-76 L3·A@-76 R1·A@-76 R2·A@-76 R3·A@-76 罐=无罐 泵=0 阀=111111 速=+0,+0,+0.00 电=7.47V/2.44A/峰3.26 补余=0.0 IO错=0 倾+0.0 自动3/3
[  336.918] TLM t= 218.7 L1·A@-76 L2·A@-76 L3·A@-76 R1·A@-76 R2·A@-75 R3·A@-75 罐=无罐 泵=0 阀=111111 速=+0,+0,+0.00 电=7.49V/2.52A/峰3.26 补余=0.0 IO错=0 倾+0.0 自动3/3
[  337.439] TLM t= 219.2 L1·A@-76 L2·A@-75 L3·A@-76 R1·A@-76 R2·A@-75 R3·A@-74 罐=无罐 泵=0 阀=111111 速=+0,+0,+0.00 电=7.48V/2.20A/峰3.26 补余=0.0 IO错=0 倾+0.0 自动3/3
[  337.943] TLM t= 219.7 L1·A@-75 L2·A@-75 L3·A@-76 R1·A@-75 R2·A@-74 R3·A@-74 罐=无罐 泵=0 阀=111111 速=+0,+0,+0.00 电=7.47V/2.36A/峰3.26 补余=0.0 IO错=0 倾+0.0 自动3/3
[  338.459] TLM t= 220.3 L1·A@-75 L2·A@-74 L3·A@-76 R1·A@-75 R2·A@-74 R3·A@-73 罐=无罐 泵=0 阀=111111 速=+0,+0,+0.00 电=7.48V/2.36A/峰3.26 补余=0.0 IO错=0 倾+0.0 自动3/3
[  338.966] TLM t= 220.8 L1·A@-75 L2·A@-74 L3·A@-76 R1·A@-75 R2·A@-74 R3·A@-73 罐=无罐 泵=0 阀=111111 速=+0,+0,+0.00 电=7.47V/2.20A/峰3.26 补余=0.0 IO错=0 倾+0.0 自动3/3
[  339.484] TLM t= 221.3 L1·A@-75 L2·A@-73 L3·A@-76 R1·A@-75 R2·A@-73 R3·A@-72 罐=无罐 泵=0 阀=111111 速=+0,+0,+0.00 电=7.49V/2.20A/峰3.26 补余=0.0 IO错=0 倾+0.0 自动3/3
[  339.987] TLM t= 221.8 L1·A@-75 L2·A@-73 L3·A@-76 R1·A@-75 R2·A@-73 R3·A@-71 罐=无罐 泵=0 阀=111111 速=+0,+0,+0.00 电=7.50V/2.12A/峰3.26 补余=0.0 IO错=0 倾+0.0 自动3/3
[  340.506] TLM t= 222.3 L1·A@-75 L2·A@-72 L3·A@-76 R1·A@-75 R2·A@-72 R3·A@-71 罐=无罐 泵=0 阀=111111 速=+0,+0,+0.00 电=7.46V/2.28A/峰3.26 补余=0.0 IO错=0 倾+0.0 自动3/3
[  341.013] TLM t= 222.8 L1·A@-74 L2·A@-72 L3·A@-76 R1·A@-75 R2·A@-72 R3·A@-70 罐=无罐 泵=0 阀=111111 速=+0,+0,+0.00 电=7.48V/2.28A/峰3.26 补余=0.0 IO错=0 倾+0.0 自动3/3
[  341.532] TLM t= 223.3 L1·A@-74 L2·A@-71 L3·A@-76 R1·A@-75 R2·A@-72 R3·A@-69 罐=无罐 泵=0 阀=111111 速=+0,+0,+0.00 电=7.48V/2.28A/峰3.26 补余=0.0 IO错=0 倾+0.0 自动3/3
[  342.041] TLM t= 223.8 L1·A@-74 L2·A@-71 L3·A@-76 R1·A@-75 R2·A@-71 R3·A@-69 罐=无罐 泵=0 阀=111111 速=+0,+0,+0.00 电=7.47V/2.28A/峰3.26 补余=0.0 IO错=0 倾+0.0 自动3/3
[  342.556] TLM t= 224.3 L1·A@-74 L2·A@-71 L3·A@-76 R1·A@-75 R2·A@-71 R3·A@-68 罐=无罐 泵=0 阀=111111 速=+0,+0,+0.00 电=7.47V/2.28A/峰3.26 补余=0.0 IO错=0 倾+0.0 自动3/3
[  343.061] TLM t= 224.8 L1·A@-74 L2·A@-70 L3·A@-75 R1·A@-75 R2·A@-71 R3·A@-68 罐=无罐 泵=0 阀=111111 速=+0,+0,+0.00 电=7.47V/2.28A/峰3.26 补余=0.0 IO错=0 倾+0.0 自动3/3
[  343.579] TLM t= 225.4 L1·A@-74 L2·A@-70 L3·A@-75 R1·A@-75 R2·A@-70 R3·A@-67 罐=无罐 泵=0 阀=111111 速=+0,+0,+0.00 电=7.47V/2.36A/峰3.26 补余=0.0 IO错=0 倾+0.0 自动3/3
[  344.083] TLM t= 225.9 L1·A@-74 L2·A@-69 L3·A@-75 R1·A@-75 R2·A@-70 R3·A@-66 罐=无罐 泵=0 阀=111111 速=+0,+0,+0.00 电=7.46V/2.44A/峰3.26 补余=0.0 IO错=0 倾+0.0 自动3/3
[  344.603] TLM t= 226.4 L1·A@-74 L2·A@-69 L3·A@-75 R1·A@-75 R2·A@-69 R3·A@-66 罐=无罐 泵=0 阀=111111 速=+0,+0,+0.00 电=7.49V/2.44A/峰3.26 补余=0.0 IO错=0 倾+0.0 自动3/3
[  345.107] TLM t= 226.9 L1·A@-74 L2·A@-68 L3·A@-75 R1·A@-75 R2·A@-69 R3·A@-65 罐=无罐 泵=0 阀=111111 速=+0,+0,+0.00 电=7.48V/2.20A/峰3.26 补余=0.0 IO错=0 倾+0.0 自动3/3
[  345.414] EVT 原地抬起受理：R2
[  345.437] EVT 相位 R2 stance→handover
[  345.625] TLM t= 228.2 L1·A@-74 L2·A@-68 L3·A@-75 R1·A@-75 R2ZA@-69 R3·A@-65 罐=无罐 泵=0 阀=111111 速=+0,+0,+0.00 电=7.48V/2.28A/峰3.26 补余=0.0 IO错=0 倾+0.0 自动3/3
[  346.129] TLM t= 228.6 L1·A@-73 L2·A@-67 L3·A@-75 R1·A@-75 R2ZA@-68 R3·A@-64 罐=无罐 泵=0 阀=111111 速=+0,+0,+0.00 电=7.48V/2.36A/峰3.26 补余=0.0 IO错=0 倾+0.0 自动3/3
[  346.649] TLM t= 228.6 L1·A@-73 L2·A@-67 L3·A@-75 R1·A@-75 R2ZA@-68 R3·A@-64 罐=无罐 泵=0 阀=111111 速=+0,+0,+0.00 电=7.46V/2.12A/峰3.26 补余=0.0 IO错=0 倾+0.0 自动3/3
[  347.156] TLM t= 228.6 L1·A@-73 L2·A@-67 L3·A@-75 R1·A@-75 R2ZA@-68 R3·A@-63 罐=无罐 泵=0 阀=111111 速=+0,+0,+0.00 电=7.47V/2.52A/峰3.26 补余=0.0 IO错=0 倾+0.0 自动3/3
[  347.627] EVT 吸附 R2 attached→venting 在态106.38s -67.2kPa
[  347.628] EVT 相位 R2 handover→vent 落点Δ(+0.0,+0.0)
[  347.640] EVT 阀 R2 →排气位
[  347.672] TLM t= 228.6 L1·A@-73 L2·A@-66 L3·A@-75 R1·A@-75 R2Vv@-67 R3·A@-62 罐=无罐 泵=0 阀=111101 速=+0,+0,+0.00 电=7.45V/2.44A/峰3.26 补余=0.0 IO错=0 倾+0.0 自动3/3
[  347.937] EVT 相位 R2 vent→lift
[  348.072] EVT 吸附 R2 venting→released 在态0.44s -0.0kPa
[  348.188] TLM t= 228.6 L1·A@-73 L2·A@-66 L3·A@-75 R1·A@-75 R2Lr@-- R3·A@-62 罐=无罐 泵=0 阀=111101 速=+0,+0,+0.00 电=7.45V/2.36A/峰3.26 补余=0.0 IO错=0 倾+0.0 自动3/3
[  348.707] TLM t= 228.6 L1·A@-73 L2·A@-65 L3·A@-75 R1·A@-75 R2Lr@-- R3·A@-61 罐=无罐 泵=0 阀=111101 速=+0,+0,+0.00 电=7.45V/2.44A/峰3.26 补余=0.0 IO错=0 倾+0.0 自动3/3
[  348.780] EVT 相位 R2 lift→transfer
[  349.210] TLM t= 228.6 L1·A@-73 L2·A@-65 L3·A@-75 R1·A@-75 R2Tr@-- R3·A@-61 罐=无罐 泵=0 阀=111101 速=+0,+0,+0.00 电=7.45V/2.60A/峰3.26 补余=0.0 IO错=0 倾+0.0 自动3/3
[  349.394] EVT 相位 R2 transfer→hover
[  349.730] TLM t= 228.6 L1·A@-73 L2·A@-65 L3·A@-75 R1·A@-75 R2Hr@-- R3·A@-60 罐=无罐 泵=0 阀=111101 速=+0,+0,+0.00 电=7.45V/2.60A/峰3.26 补余=0.0 IO错=0 倾+0.0 自动3/3
[  349.781] EVT 泵 开 最差盘压-59.9
[  350.235] TLM t= 228.6 L1·A@-73 L2·A@-69 L3·A@-75 R1·A@-74 R2Hr@-- R3·A@-68 罐=无罐 泵=1 阀=111101 速=+0,+0,+0.00 电=7.44V/2.52A/峰3.26 补余=0.0 IO错=0 倾+0.0 自动3/3
[  350.405] EVT 落地：R2
[  350.417] EVT 相位 R2 hover→descend
[  350.683] EVT 泵 停 最差盘压-75.5
[  350.751] TLM t= 228.6 L1·A@-76 L2·A@-77 L3·A@-76 R1·A@-76 R2Dr@-- R3·A@-77 罐=无罐 泵=0 阀=111101 速=+0,+0,+0.00 电=7.44V/2.60A/峰3.26 补余=0.0 IO错=0 倾+0.0 自动3/3
[  350.899] EVT 相位 R2 descend→press
[  351.255] TLM t= 228.6 L1·A@-76 L2·A@-76 L3·A@-76 R1·A@-76 R2Pr@-- R3·A@-76 罐=无罐 泵=0 阀=111101 速=+0,+0,+0.00 电=7.45V/2.44A/峰3.26 补余=0.0 IO错=0 倾+0.0 自动3/3
[  351.774] TLM t= 228.6 L1·A@-76 L2·A@-76 L3·A@-76 R1·A@-76 R2Pr@-- R3·A@-75 罐=无罐 泵=0 阀=111101 速=+0,+0,+0.00 电=7.45V/2.52A/峰3.26 补余=0.0 IO错=0 倾+0.0 自动3/3
[  352.102] EVT 吸附 R2 released→pressing 在态4.02s -0.0kPa
[  352.102] EVT 相位 R2 press→wait
[  352.277] TLM t= 228.6 L1·A@-76 L2·A@-75 L3·A@-76 R1·A@-76 R2Wp@-- R3·A@-75 罐=无罐 泵=0 阀=111101 速=+0,+0,+0.00 电=7.44V/2.60A/峰3.26 补余=0.0 IO错=0 倾+0.0 自动3/3
[  352.428] EVT 吸附 R2 pressing→sucking 在态0.32s -0.0kPa
[  352.428] EVT 阀 R2 →抽气位
[  352.451] EVT 泵 开 最差盘压-74.4
[  352.691] EVT 吸附 R2 sucking→attached 在态0.26s -64.5kPa
[  352.691] EVT 相位 R2 wait→stance
[  352.691] EVT 抬落完成，轮到 L3
[  352.798] TLM t= 228.7 L1·A@-76 L2·A@-75 L3·A@-76 R1·A@-76 R2·A@-67 R3·A@-74 罐=无罐 泵=1 阀=111111 速=+0,+0,+0.00 电=7.42V/2.52A/峰3.26 补余=0.0 IO错=0 倾+0.0 自动3/3
[  353.152] EVT 泵 停 最差盘压-75.5
[  353.305] TLM t= 229.2 L1·A@-76 L2·A@-76 L3·A@-76 R1·A@-76 R2·A@-76 R3·A@-76 罐=无罐 泵=0 阀=111111 速=+0,+0,+0.00 电=7.44V/2.44A/峰3.26 补余=0.0 IO错=0 倾+0.0 自动3/3
[  353.823] TLM t= 229.7 L1·A@-76 L2·A@-76 L3·A@-76 R1·A@-76 R2·A@-75 R3·A@-76 罐=无罐 泵=0 阀=111111 速=+0,+0,+0.00 电=7.46V/2.44A/峰3.26 补余=0.0 IO错=0 倾+0.0 自动3/3
[  354.326] TLM t= 230.2 L1·A@-76 L2·A@-75 L3·A@-76 R1·A@-76 R2·A@-75 R3·A@-75 罐=无罐 泵=0 阀=111111 速=+0,+0,+0.00 电=7.46V/2.44A/峰3.26 补余=0.0 IO错=0 倾+0.0 自动3/3
[  354.845] TLM t= 230.7 L1·A@-76 L2·A@-75 L3·A@-76 R1·A@-76 R2·A@-74 R3·A@-74 罐=无罐 泵=0 阀=111111 速=+0,+0,+0.00 电=7.46V/2.44A/峰3.26 补余=0.0 IO错=0 倾+0.0 自动3/3
[  355.350] TLM t= 231.2 L1·A@-76 L2·A@-75 L3·A@-76 R1·A@-76 R2·A@-74 R3·A@-74 罐=无罐 泵=0 阀=111111 速=+0,+0,+0.00 电=7.47V/2.44A/峰3.26 补余=0.0 IO错=0 倾+0.0 自动3/3
[  355.869] TLM t= 231.8 L1·A@-76 L2·A@-74 L3·A@-76 R1·A@-76 R2·A@-73 R3·A@-73 罐=无罐 泵=0 阀=111111 速=+0,+0,+0.00 电=7.48V/3.09A/峰3.26 补余=0.0 IO错=0 倾+0.0 自动3/3
[  356.376] TLM t= 232.3 L1·A@-76 L2·A@-74 L3·A@-76 R1·A@-76 R2·A@-73 R3·A@-72 罐=无罐 泵=0 阀=111111 速=+0,+0,+0.00 电=7.47V/2.60A/峰3.26 补余=0.0 IO错=0 倾+0.0 自动3/3
[  356.890] TLM t= 232.8 L1·A@-75 L2·A@-73 L3·A@-76 R1·A@-76 R2·A@-73 R3·A@-72 罐=无罐 泵=0 阀=111111 速=+0,+0,+0.00 电=7.46V/2.44A/峰3.26 补余=0.0 IO错=0 倾+0.0 自动3/3
[  357.397] TLM t= 233.3 L1·A@-75 L2·A@-73 L3·A@-76 R1·A@-75 R2·A@-72 R3·A@-71 罐=无罐 泵=0 阀=111111 速=+0,+0,+0.00 电=7.44V/2.36A/峰3.26 补余=0.0 IO错=0 倾+0.0 自动3/3
[  357.918] TLM t= 233.8 L1·A@-75 L2·A@-72 L3·A@-76 R1·A@-75 R2·A@-72 R3·A@-71 罐=无罐 泵=0 阀=111111 速=+0,+0,+0.00 电=7.46V/2.44A/峰3.26 补余=0.0 IO错=0 倾+0.0 自动3/3
[  358.423] TLM t= 234.3 L1·A@-75 L2·A@-72 L3·A@-76 R1·A@-75 R2·A@-71 R3·A@-70 罐=无罐 泵=0 阀=111111 速=+0,+0,+0.00 电=7.47V/2.36A/峰3.26 补余=0.0 IO错=0 倾+0.0 自动3/3
[  358.944] TLM t= 234.8 L1·A@-75 L2·A@-71 L3·A@-76 R1·A@-75 R2·A@-71 R3·A@-69 罐=无罐 泵=0 阀=111111 速=+0,+0,+0.00 电=7.45V/2.36A/峰3.26 补余=0.0 IO错=0 倾+0.0 自动3/3
[  359.447] TLM t= 235.3 L1·A@-75 L2·A@-71 L3·A@-76 R1·A@-75 R2·A@-71 R3·A@-69 罐=无罐 泵=0 阀=111111 速=+0,+0,+0.00 电=7.43V/2.44A/峰3.26 补余=0.0 IO错=0 倾+0.0 自动3/3
[  359.970] TLM t= 235.8 L1·A@-75 L2·A@-70 L3·A@-75 R1·A@-75 R2·A@-70 R3·A@-68 罐=无罐 泵=0 阀=111111 速=+0,+0,+0.00 电=7.45V/2.52A/峰3.26 补余=0.0 IO错=0 倾+0.0 自动3/3
[  360.473] TLM t= 236.3 L1·A@-75 L2·A@-70 L3·A@-75 R1·A@-75 R2·A@-70 R3·A@-68 罐=无罐 泵=0 阀=111111 速=+0,+0,+0.00 电=7.46V/2.52A/峰3.26 补余=0.0 IO错=0 倾+0.0 自动3/3
[  360.992] TLM t= 236.9 L1·A@-75 L2·A@-70 L3·A@-75 R1·A@-75 R2·A@-69 R3·A@-67 罐=无罐 泵=0 阀=111111 速=+0,+0,+0.00 电=7.47V/2.36A/峰3.26 补余=0.0 IO错=0 倾+0.0 自动3/3
[  361.497] TLM t= 237.4 L1·A@-74 L2·A@-69 L3·A@-75 R1·A@-75 R2·A@-69 R3·A@-66 罐=无罐 泵=0 阀=111111 速=+0,+0,+0.00 电=7.45V/2.52A/峰3.26 补余=0.0 IO错=0 倾+0.0 自动3/3
[  362.016] TLM t= 237.9 L1·A@-74 L2·A@-69 L3·A@-75 R1·A@-75 R2·A@-69 R3·A@-66 罐=无罐 泵=0 阀=111111 速=+0,+0,+0.00 电=7.46V/2.52A/峰3.26 补余=0.0 IO错=0 倾+0.0 自动3/3
[  362.518] TLM t= 238.4 L1·A@-74 L2·A@-68 L3·A@-75 R1·A@-75 R2·A@-68 R3·A@-65 罐=无罐 泵=0 阀=111111 速=+0,+0,+0.00 电=7.45V/2.44A/峰3.26 补余=0.0 IO错=0 倾+0.0 自动3/3
[  362.707] EVT 原地抬起受理：L3
[  362.729] EVT 相位 L3 stance→handover
[  363.040] TLM t= 239.7 L1·A@-74 L2·A@-68 L3ZA@-75 R1·A@-75 R2·A@-68 R3·A@-64 罐=无罐 泵=0 阀=111111 速=+0,+0,+0.00 电=7.48V/2.12A/峰3.26 补余=0.0 IO错=0 倾+0.0 自动3/3
[  363.547] TLM t= 240.0 L1·A@-74 L2·A@-67 L3ZA@-75 R1·A@-75 R2·A@-67 R3·A@-64 罐=无罐 泵=0 阀=111111 速=+0,+0,+0.00 电=7.48V/1.87A/峰3.26 补余=0.0 IO错=0 倾+0.0 自动3/3
[  364.065] TLM t= 240.0 L1·A@-74 L2·A@-67 L3ZA@-75 R1·A@-75 R2·A@-67 R3·A@-63 罐=无罐 泵=0 阀=111111 速=+0,+0,+0.00 电=7.49V/1.87A/峰3.26 补余=0.0 IO错=0 倾+0.0 自动3/3
[  364.570] TLM t= 240.0 L1·A@-74 L2·A@-66 L3ZA@-75 R1·A@-75 R2·A@-67 R3·A@-63 罐=无罐 泵=0 阀=111111 速=+0,+0,+0.00 电=7.49V/1.87A/峰3.26 补余=0.0 IO错=0 倾+0.0 自动3/3
[  365.094] TLM t= 240.0 L1·A@-74 L2·A@-66 L3ZA@-75 R1·A@-75 R2·A@-66 R3·A@-62 罐=无罐 泵=0 阀=111111 速=+0,+0,+0.00 电=7.49V/2.04A/峰3.26 补余=0.0 IO错=0 倾+0.0 自动3/3
[  365.599] TLM t= 240.0 L1·A@-74 L2·A@-66 L3ZA@-75 R1·A@-75 R2·A@-66 R3·A@-61 罐=无罐 泵=0 阀=111111 速=+0,+0,+0.00 电=7.50V/2.12A/峰3.26 补余=0.0 IO错=0 倾+0.0 自动3/3
[  365.626] EVT 吸附 L3 attached→venting 在态106.56s -74.9kPa
[  365.626] EVT 相位 L3 handover→vent 落点Δ(+0.0,+0.0)
[  365.646] EVT 阀 L3 →排气位
[  365.927] EVT 相位 L3 vent→lift
[  366.049] EVT 吸附 L3 venting→released 在态0.42s 0.1kPa
[  366.119] TLM t= 240.0 L1·A@-74 L2·A@-65 L3Lr@-- R1·A@-75 R2·A@-65 R3·A@-61 罐=无罐 泵=0 阀=110111 速=+0,+0,+0.00 电=7.46V/2.04A/峰3.26 补余=0.0 IO错=0 倾+0.0 自动3/3
[  366.621] TLM t= 240.0 L1·A@-74 L2·A@-65 L3Lr@-- R1·A@-75 R2·A@-65 R3·A@-60 罐=无罐 泵=0 阀=110111 速=+0,+0,+0.00 电=7.45V/2.20A/峰3.26 补余=0.0 IO错=0 倾+0.0 自动3/3
[  366.771] EVT 相位 L3 lift→transfer
[  366.952] EVT 泵 开 最差盘压-60.0
[  367.140] TLM t= 240.0 L1·A@-74 L2·A@-64 L3Tr@-- R1·A@-75 R2·A@-65 R3·A@-60 罐=无罐 泵=1 阀=110111 速=+0,+0,+0.00 电=7.43V/2.12A/峰3.26 补余=0.0 IO错=0 倾+0.0 自动3/3
[  367.393] EVT 相位 L3 transfer→hover
[  367.646] TLM t= 240.0 L1·A@-74 L2·A@-74 L3Hr@-- R1·A@-75 R2·A@-73 R3·A@-73 罐=无罐 泵=1 阀=110111 速=+0,+0,+0.00 电=7.42V/2.12A/峰3.26 补余=0.0 IO错=0 倾+0.0 自动3/3
[  367.854] EVT 泵 停 最差盘压-75.2
[  368.164] TLM t= 240.0 L1·A@-76 L2·A@-76 L3Hr@-- R1·A@-76 R2·A@-76 R3·A@-76 罐=无罐 泵=0 阀=110111 速=+0,+0,+0.00 电=7.47V/2.12A/峰3.26 补余=0.0 IO错=0 倾+0.0 自动3/3
[  368.396] EVT 落地：L3
[  368.416] EVT 相位 L3 hover→descend
[  368.663] TLM t= 240.0 L1·A@-76 L2·A@-76 L3Dr@-- R1·A@-76 R2·A@-76 R3·A@-75 罐=无罐 泵=0 阀=110111 速=+0,+0,+0.00 电=7.47V/2.12A/峰3.26 补余=0.0 IO错=0 倾+0.0 自动3/3
[  368.897] EVT 相位 L3 descend→press
[  369.189] TLM t= 240.0 L1·A@-76 L2·A@-75 L3Pr@-- R1·A@-76 R2·A@-75 R3·A@-75 罐=无罐 泵=0 阀=110111 速=+0,+0,+0.00 电=7.48V/2.12A/峰3.26 补余=0.0 IO错=0 倾+0.0 自动3/3
[  369.690] TLM t= 240.0 L1·A@-76 L2·A@-75 L3Pr@-- R1·A@-76 R2·A@-75 R3·A@-74 罐=无罐 泵=0 阀=110111 速=+0,+0,+0.00 电=7.48V/2.20A/峰3.26 补余=0.0 IO错=0 倾+0.0 自动3/3
[  370.104] EVT 吸附 L3 released→pressing 在态4.04s 0.1kPa
[  370.105] EVT 相位 L3 press→wait
[  370.215] TLM t= 240.0 L1·A@-76 L2·A@-74 L3Wp@-- R1·A@-76 R2·A@-74 R3·A@-74 罐=无罐 泵=0 阀=110111 速=+0,+0,+0.00 电=7.47V/2.04A/峰3.26 补余=0.0 IO错=0 倾+0.0 自动3/3
[  370.423] EVT 吸附 L3 pressing→sucking 在态0.32s 0.1kPa
[  370.424] EVT 阀 L3 →抽气位
[  370.449] EVT 泵 开 最差盘压-73.2
[  370.715] TLM t= 240.0 L1·A@-76 L2·A@-74 L3Ws@-57 R1·A@-76 R2·A@-74 R3·A@-73 罐=无罐 泵=1 阀=111111 速=+0,+0,+0.00 电=7.41V/2.12A/峰3.26 补余=0.0 IO错=0 倾+0.0 自动3/3
[  370.721] EVT 吸附 L3 sucking→attached 在态0.30s -57.5kPa
[  370.724] EVT 相位 L3 wait→stance
[  370.724] EVT 抬落完成，轮到 R1
[  371.237] TLM t= 240.5 L1·A@-76 L2·A@-75 L3·A@-75 R1·A@-76 R2·A@-75 R3·A@-75 罐=无罐 泵=1 阀=111111 速=+0,+0,+0.00 电=7.40V/2.36A/峰3.26 补余=0.0 IO错=0 倾+0.0 自动3/3
[  371.266] EVT 泵 停 最差盘压-75.2
[  371.757] TLM t= 241.0 L1·A@-76 L2·A@-76 L3·A@-76 R1·A@-75 R2·A@-76 R3·A@-76 罐=无罐 泵=0 阀=111111 速=+0,+0,+0.00 电=7.48V/2.20A/峰3.26 补余=0.0 IO错=0 倾+0.0 自动3/3
[  372.266] TLM t= 241.5 L1·A@-76 L2·A@-75 L3·A@-76 R1·A@-75 R2·A@-75 R3·A@-75 罐=无罐 泵=0 阀=111111 速=+0,+0,+0.00 电=7.47V/2.12A/峰3.26 补余=0.0 IO错=0 倾+0.0 自动3/3
[  372.771] TLM t= 242.0 L1·A@-76 L2·A@-75 L3·A@-76 R1·A@-75 R2·A@-75 R3·A@-74 罐=无罐 泵=0 阀=111111 速=+0,+0,+0.00 电=7.47V/2.12A/峰3.26 补余=0.0 IO错=0 倾+0.0 自动3/3
[  373.291] TLM t= 242.5 L1·A@-76 L2·A@-75 L3·A@-75 R1·A@-75 R2·A@-74 R3·A@-74 罐=无罐 泵=0 阀=111111 速=+0,+0,+0.00 电=7.47V/2.20A/峰3.26 补余=0.0 IO错=0 倾+0.0 自动3/3
[  373.797] TLM t= 243.0 L1·A@-75 L2·A@-74 L3·A@-75 R1·A@-75 R2·A@-74 R3·A@-73 罐=无罐 泵=0 阀=111111 速=+0,+0,+0.00 电=7.48V/2.12A/峰3.26 补余=0.0 IO错=0 倾+0.0 自动3/3
[  374.316] TLM t= 243.6 L1·A@-75 L2·A@-74 L3·A@-75 R1·A@-75 R2·A@-74 R3·A@-72 罐=无罐 泵=0 阀=111111 速=+0,+0,+0.00 电=7.47V/2.20A/峰3.26 补余=0.0 IO错=0 倾+0.0 自动3/3
[  374.829] TLM t= 244.1 L1·A@-75 L2·A@-73 L3·A@-75 R1·A@-75 R2·A@-73 R3·A@-72 罐=无罐 泵=0 阀=111111 速=+0,+0,+0.00 电=7.45V/1.95A/峰3.26 补余=0.0 IO错=0 倾+0.0 自动3/3
[  375.331] TLM t= 244.6 L1·A@-75 L2·A@-73 L3·A@-75 R1·A@-75 R2·A@-73 R3·A@-71 罐=无罐 泵=0 阀=111111 速=+0,+0,+0.00 电=7.47V/2.12A/峰3.26 补余=0.0 IO错=0 倾+0.0 自动3/3
[  375.852] TLM t= 245.1 L1·A@-75 L2·A@-72 L3·A@-75 R1·A@-75 R2·A@-72 R3·A@-71 罐=无罐 泵=0 阀=111111 速=+0,+0,+0.00 电=7.47V/2.12A/峰3.26 补余=0.0 IO错=0 倾+0.0 自动3/3
[  376.355] TLM t= 245.6 L1·A@-75 L2·A@-72 L3·A@-75 R1·A@-75 R2·A@-72 R3·A@-70 罐=无罐 泵=0 阀=111111 速=+0,+0,+0.00 电=7.49V/2.12A/峰3.26 补余=0.0 IO错=0 倾+0.0 自动3/3
[  376.880] TLM t= 246.1 L1·A@-75 L2·A@-71 L3·A@-75 R1·A@-75 R2·A@-72 R3·A@-69 罐=无罐 泵=0 阀=111111 速=+0,+0,+0.00 电=7.47V/2.04A/峰3.26 补余=0.0 IO错=0 倾+0.0 自动3/3
[  377.382] TLM t= 246.6 L1·A@-75 L2·A@-71 L3·A@-75 R1·A@-75 R2·A@-71 R3·A@-69 罐=无罐 泵=0 阀=111111 速=+0,+0,+0.00 电=7.48V/2.04A/峰3.26 补余=0.0 IO错=0 倾+0.0 自动3/3
[  377.907] TLM t= 247.1 L1·A@-75 L2·A@-70 L3·A@-75 R1·A@-75 R2·A@-71 R3·A@-68 罐=无罐 泵=0 阀=111111 速=+0,+0,+0.00 电=7.46V/2.28A/峰3.26 补余=0.0 IO错=0 倾+0.0 自动3/3
[  378.406] TLM t= 247.6 L1·A@-75 L2·A@-70 L3·A@-74 R1·A@-75 R2·A@-70 R3·A@-68 罐=无罐 泵=0 阀=111111 速=+0,+0,+0.00 电=7.48V/2.20A/峰3.26 补余=0.0 IO错=0 倾+0.0 自动3/3
[  378.929] TLM t= 248.1 L1·A@-74 L2·A@-70 L3·A@-74 R1·A@-75 R2·A@-70 R3·A@-67 罐=无罐 泵=0 阀=111111 速=+0,+0,+0.00 电=7.49V/2.04A/峰3.26 补余=0.0 IO错=0 倾+0.0 自动3/3
[  379.434] TLM t= 248.6 L1·A@-74 L2·A@-69 L3·A@-74 R1·A@-75 R2·A@-70 R3·A@-66 罐=无罐 泵=0 阀=111111 速=+0,+0,+0.00 电=7.48V/2.20A/峰3.26 补余=0.0 IO错=0 倾+0.0 自动3/3
[  379.932] TLM t= 249.1 L1·A@-74 L2·A@-69 L3·A@-74 R1·A@-75 R2·A@-69 R3·A@-66 罐=无罐 泵=0 阀=111111 速=+0,+0,+0.00 电=7.47V/2.20A/峰3.26 补余=0.0 IO错=0 倾+0.0 自动3/3
[  380.442] TLM t= 249.6 L1·A@-74 L2·A@-68 L3·A@-74 R1·A@-75 R2·A@-69 R3·A@-65 罐=无罐 泵=0 阀=111111 速=+0,+0,+0.00 电=7.47V/2.20A/峰3.26 补余=0.0 IO错=0 倾+0.0 自动3/3
[  380.755] EVT 原地抬起受理：R1
[  380.768] EVT 相位 R1 stance→handover
[  380.944] TLM t= 251.0 L1·A@-74 L2·A@-68 L3·A@-74 R1ZA@-74 R2·A@-69 R3·A@-65 罐=无罐 泵=0 阀=111111 速=+0,+0,+0.00 电=7.47V/2.20A/峰3.26 补余=0.0 IO错=0 倾+0.0 自动3/3
[  381.466] TLM t= 251.4 L1·A@-74 L2·A@-67 L3·A@-74 R1ZA@-74 R2·A@-68 R3·A@-64 罐=无罐 泵=0 阀=111111 速=+0,+0,+0.00 电=7.51V/1.79A/峰3.26 补余=0.0 IO错=0 倾+0.0 自动3/3
[  381.972] TLM t= 251.4 L1·A@-74 L2·A@-67 L3·A@-74 R1ZA@-74 R2·A@-68 R3·A@-64 罐=无罐 泵=0 阀=111111 速=+0,+0,+0.00 电=7.52V/1.71A/峰3.26 补余=0.0 IO错=0 倾+0.0 自动3/3
[  382.493] TLM t= 251.4 L1·A@-74 L2·A@-66 L3·A@-74 R1ZA@-74 R2·A@-68 R3·A@-63 罐=无罐 泵=0 阀=111111 速=+0,+0,+0.00 电=7.50V/1.87A/峰3.26 补余=0.0 IO错=0 倾+0.0 自动3/3
[  382.997] TLM t= 251.4 L1·A@-74 L2·A@-66 L3·A@-74 R1ZA@-74 R2·A@-67 R3·A@-63 罐=无罐 泵=0 阀=111111 速=+0,+0,+0.00 电=7.49V/2.04A/峰3.26 补余=0.0 IO错=0 倾+0.0 自动3/3
[  383.518] TLM t= 251.4 L1·A@-74 L2·A@-66 L3·A@-74 R1ZA@-74 R2·A@-67 R3·A@-62 罐=无罐 泵=0 阀=111111 速=+0,+0,+0.00 电=7.49V/2.04A/峰3.26 补余=0.0 IO错=0 倾+0.0 自动3/3
[  384.022] TLM t= 251.4 L1·A@-74 L2·A@-65 L3·A@-74 R1ZA@-74 R2·A@-66 R3·A@-61 罐=无罐 泵=0 阀=111111 速=+0,+0,+0.00 电=7.48V/2.04A/峰3.26 补余=0.0 IO错=0 倾+0.0 自动3/3
[  384.073] EVT 吸附 R1 attached→venting 在态106.50s -74.1kPa
[  384.074] EVT 相位 R1 handover→vent 落点Δ(+0.0,+0.0)
[  384.086] EVT 阀 R1 →排气位
[  384.372] EVT 相位 R1 vent→lift
[  384.494] EVT 吸附 R1 venting→released 在态0.42s -0.1kPa
[  384.546] TLM t= 251.4 L1·A@-74 L2·A@-65 L3·A@-74 R1Lr@-- R2·A@-66 R3·A@-61 罐=无罐 泵=0 阀=111011 速=+0,+0,+0.00 电=7.44V/2.28A/峰3.26 补余=0.0 IO错=0 倾+0.0 自动3/3
[  385.047] TLM t= 251.4 L1·A@-73 L2·A@-64 L3·A@-73 R1Lr@-- R2·A@-66 R3·A@-60 罐=无罐 泵=0 阀=111011 速=+0,+0,+0.00 电=7.44V/2.28A/峰3.26 补余=0.0 IO错=0 倾+0.0 自动3/3
[  385.221] EVT 相位 R1 lift→transfer
[  385.221] EVT 泵 开 最差盘压-59.9
[  385.576] TLM t= 251.4 L1·A@-73 L2·A@-66 L3·A@-73 R1Tr@-- R2·A@-65 R3·A@-64 罐=无罐 泵=1 阀=111011 速=+0,+0,+0.00 电=7.36V/2.20A/峰3.26 补余=0.0 IO错=0 倾+0.0 自动3/3
[  385.842] EVT 相位 R1 transfer→hover
[  386.078] TLM t= 251.4 L1·A@-75 L2·A@-75 L3·A@-75 R1Hr@-- R2·A@-75 R3·A@-75 罐=无罐 泵=1 阀=111011 速=+0,+0,+0.00 电=7.39V/2.28A/峰3.26 补余=0.0 IO错=0 倾+0.0 自动3/3
[  386.110] EVT 泵 停 最差盘压-75.3
[  386.602] TLM t= 251.4 L1·A@-76 L2·A@-76 L3·A@-76 R1Hr@-- R2·A@-76 R3·A@-76 罐=无罐 泵=0 阀=111011 速=+0,+0,+0.00 电=7.46V/2.44A/峰3.26 补余=0.0 IO错=0 倾+0.0 自动3/3
[  386.853] EVT 落地：R1
[  386.868] EVT 相位 R1 hover→descend
[  387.106] TLM t= 251.4 L1·A@-76 L2·A@-75 L3·A@-76 R1Dr@-- R2·A@-75 R3·A@-75 罐=无罐 泵=0 阀=111011 速=+0,+0,+0.00 电=7.45V/2.36A/峰3.26 补余=0.0 IO错=0 倾+0.0 自动3/3
[  387.350] EVT 相位 R1 descend→press
[  387.628] TLM t= 251.4 L1·A@-76 L2·A@-75 L3·A@-76 R1Pr@-- R2·A@-75 R3·A@-74 罐=无罐 泵=0 阀=111011 速=+0,+0,+0.00 电=7.44V/2.36A/峰3.26 补余=0.0 IO错=0 倾+0.0 自动3/3
[  388.130] TLM t= 251.4 L1·A@-76 L2·A@-75 L3·A@-76 R1Pr@-- R2·A@-74 R3·A@-74 罐=无罐 泵=0 阀=111011 速=+0,+0,+0.00 电=7.47V/2.44A/峰3.26 补余=0.0 IO错=0 倾+0.0 自动3/3
[  388.556] EVT 吸附 R1 released→pressing 在态4.04s -0.1kPa
[  388.556] EVT 相位 R1 press→wait
[  388.656] TLM t= 251.4 L1·A@-76 L2·A@-74 L3·A@-76 R1Wp@-- R2·A@-74 R3·A@-73 罐=无罐 泵=0 阀=111011 速=+0,+0,+0.00 电=7.45V/2.44A/峰3.26 补余=0.0 IO错=0 倾+0.0 自动3/3
[  388.889] EVT 吸附 R1 pressing→sucking 在态0.32s -0.1kPa
[  388.889] EVT 阀 R1 →抽气位
[  388.909] EVT 泵 开 最差盘压-72.6
[  389.156] TLM t= 251.4 L1·A@-75 L2·A@-74 L3·A@-76 R1Ws@-63 R2·A@-74 R3·A@-72 罐=无罐 泵=1 阀=111111 速=+0,+0,+0.00 电=7.39V/2.44A/峰3.26 补余=0.0 IO错=0 倾+0.0 自动3/3
[  389.250] EVT 吸附 R1 sucking→attached 在态0.36s -66.0kPa
[  389.250] EVT 相位 R1 wait→stance
[  389.250] EVT 抬落完成，轮到 L2
[  389.632] EVT 泵 停 最差盘压-75.2
[  389.681] TLM t= 251.8 L1·A@-76 L2·A@-76 L3·A@-76 R1·A@-75 R2·A@-76 R3·A@-76 罐=无罐 泵=0 阀=111111 速=+0,+0,+0.00 电=7.46V/2.28A/峰3.26 补余=0.0 IO错=0 倾+0.0 自动3/3
[  390.183] TLM t= 252.3 L1·A@-76 L2·A@-76 L3·A@-76 R1·A@-76 R2·A@-76 R3·A@-76 罐=无罐 泵=0 阀=111111 速=+0,+0,+0.00 电=7.45V/2.44A/峰3.26 补余=0.0 IO错=0 倾+0.0 自动3/3
[  390.706] TLM t= 252.8 L1·A@-76 L2·A@-76 L3·A@-76 R1·A@-75 R2·A@-75 R3·A@-75 罐=无罐 泵=0 阀=111111 速=+0,+0,+0.00 电=7.44V/2.28A/峰3.26 补余=0.0 IO错=0 倾+0.0 自动3/3
[  391.212] TLM t= 253.3 L1·A@-76 L2·A@-75 L3·A@-76 R1·A@-75 R2·A@-75 R3·A@-74 罐=无罐 泵=0 阀=111111 速=+0,+0,+0.00 电=7.48V/2.28A/峰3.26 补余=0.0 IO错=0 倾+0.0 自动3/3
[  391.733] TLM t= 253.9 L1·A@-76 L2·A@-75 L3·A@-76 R1·A@-75 R2·A@-75 R3·A@-74 罐=无罐 泵=0 阀=111111 速=+0,+0,+0.00 电=7.47V/2.36A/峰3.26 补余=0.0 IO错=0 倾+0.0 自动3/3
[  392.235] TLM t= 254.4 L1·A@-76 L2·A@-74 L3·A@-76 R1·A@-75 R2·A@-74 R3·A@-73 罐=无罐 泵=0 阀=111111 速=+0,+0,+0.00 电=7.46V/2.28A/峰3.26 补余=0.0 IO错=0 倾+0.0 自动3/3
[  392.756] TLM t= 254.9 L1·A@-76 L2·A@-74 L3·A@-76 R1·A@-75 R2·A@-74 R3·A@-72 罐=无罐 泵=0 阀=111111 速=+0,+0,+0.00 电=7.47V/2.28A/峰3.26 补余=0.0 IO错=0 倾+0.0 自动3/3
[  393.259] TLM t= 255.4 L1·A@-76 L2·A@-73 L3·A@-76 R1·A@-75 R2·A@-73 R3·A@-72 罐=无罐 泵=0 阀=111111 速=+0,+0,+0.00 电=7.48V/2.20A/峰3.26 补余=0.0 IO错=0 倾+0.0 自动3/3
[  393.780] TLM t= 255.9 L1·A@-75 L2·A@-73 L3·A@-76 R1·A@-75 R2·A@-73 R3·A@-71 罐=无罐 泵=0 阀=111111 速=+0,+0,+0.00 电=7.47V/2.20A/峰3.26 补余=0.0 IO错=0 倾+0.0 自动3/3
[  394.285] TLM t= 256.4 L1·A@-75 L2·A@-72 L3·A@-76 R1·A@-75 R2·A@-73 R3·A@-71 罐=无罐 泵=0 阀=111111 速=+0,+0,+0.00 电=7.47V/2.36A/峰3.26 补余=0.0 IO错=0 倾+0.0 自动3/3
[  394.805] TLM t= 256.9 L1·A@-75 L2·A@-72 L3·A@-76 R1·A@-75 R2·A@-72 R3·A@-70 罐=无罐 泵=0 阀=111111 速=+0,+0,+0.00 电=7.47V/2.28A/峰3.26 补余=0.0 IO错=0 倾+0.0 自动3/3
[  395.306] TLM t= 257.4 L1·A@-75 L2·A@-71 L3·A@-76 R1·A@-75 R2·A@-72 R3·A@-69 罐=无罐 泵=0 阀=111111 速=+0,+0,+0.00 电=7.47V/2.20A/峰3.26 补余=0.0 IO错=0 倾+0.0 自动3/3
[  395.830] TLM t= 257.9 L1·A@-75 L2·A@-71 L3·A@-76 R1·A@-75 R2·A@-71 R3·A@-69 罐=无罐 泵=0 阀=111111 速=+0,+0,+0.00 电=7.46V/2.28A/峰3.26 补余=0.0 IO错=0 倾+0.0 自动3/3
[  396.337] TLM t= 258.4 L1·A@-75 L2·A@-71 L3·A@-76 R1·A@-75 R2·A@-71 R3·A@-68 罐=无罐 泵=0 阀=111111 速=+0,+0,+0.00 电=7.46V/2.28A/峰3.26 补余=0.0 IO错=0 倾+0.0 自动3/3
[  396.856] TLM t= 259.0 L1·A@-75 L2·A@-70 L3·A@-75 R1·A@-75 R2·A@-71 R3·A@-68 罐=无罐 泵=0 阀=111111 速=+0,+0,+0.00 电=7.47V/2.36A/峰3.26 补余=0.0 IO错=0 倾+0.0 自动3/3
[  397.362] TLM t= 259.5 L1·A@-75 L2·A@-70 L3·A@-75 R1·A@-75 R2·A@-70 R3·A@-67 罐=无罐 泵=0 阀=111111 速=+0,+0,+0.00 电=7.47V/2.28A/峰3.26 补余=0.0 IO错=0 倾+0.0 自动3/3
[  397.880] TLM t= 260.0 L1·A@-75 L2·A@-69 L3·A@-75 R1·A@-74 R2·A@-70 R3·A@-66 罐=无罐 泵=0 阀=111111 速=+0,+0,+0.00 电=7.46V/2.36A/峰3.26 补余=0.0 IO错=0 倾+0.0 自动3/3
[  398.383] TLM t= 260.5 L1·A@-75 L2·A@-69 L3·A@-75 R1·A@-74 R2·A@-70 R3·A@-66 罐=无罐 泵=0 阀=111111 速=+0,+0,+0.00 电=7.45V/2.28A/峰3.26 补余=0.0 IO错=0 倾+0.0 自动3/3
[  398.911] TLM t= 261.0 L1·A@-74 L2·A@-68 L3·A@-75 R1·A@-74 R2·A@-69 R3·A@-65 罐=无罐 泵=0 阀=111111 速=+0,+0,+0.00 电=7.48V/2.20A/峰3.26 补余=0.0 IO错=0 倾+0.0 自动3/3
[  399.285] EVT 原地抬起受理：L2
[  399.298] EVT 相位 L2 stance→handover
[  399.415] TLM t= 262.3 L1·A@-74 L2ZA@-68 L3·A@-75 R1·A@-74 R2·A@-69 R3·A@-64 罐=无罐 泵=0 阀=111111 速=+0,+0,+0.00 电=7.48V/2.28A/峰3.26 补余=0.0 IO错=0 倾+0.0 自动3/3
[  399.935] TLM t= 262.8 L1·A@-74 L2ZA@-67 L3·A@-75 R1·A@-74 R2·A@-68 R3·A@-64 罐=无罐 泵=0 阀=111111 速=+0,+0,+0.00 电=7.47V/2.12A/峰3.26 补余=0.0 IO错=0 倾+0.0 自动3/3
[  400.438] TLM t= 262.8 L1·A@-74 L2ZA@-67 L3·A@-75 R1·A@-74 R2·A@-68 R3·A@-63 罐=无罐 泵=0 阀=111111 速=+0,+0,+0.00 电=7.46V/2.28A/峰3.26 补余=0.0 IO错=0 倾+0.0 自动3/3
[  400.959] TLM t= 262.8 L1·A@-74 L2ZA@-66 L3·A@-75 R1·A@-74 R2·A@-68 R3·A@-63 罐=无罐 泵=0 阀=111111 速=+0,+0,+0.00 电=7.46V/2.44A/峰3.26 补余=0.0 IO错=0 倾+0.0 自动3/3
[  401.465] TLM t= 262.8 L1·A@-74 L2ZA@-66 L3·A@-75 R1·A@-74 R2·A@-67 R3·A@-62 罐=无罐 泵=0 阀=111111 速=+0,+0,+0.00 电=7.47V/2.44A/峰3.26 补余=0.0 IO错=0 倾+0.0 自动3/3
[  401.696] EVT 吸附 L2 attached→venting 在态106.54s -65.9kPa
[  401.696] EVT 相位 L2 handover→vent 落点Δ(+0.0,+0.0)
[  401.709] EVT 阀 L2 →排气位
[  401.984] TLM t= 262.8 L1·A@-74 L2Vv@-66 L3·A@-75 R1·A@-74 R2·A@-67 R3·A@-61 罐=无罐 泵=0 阀=101111 速=+0,+0,+0.00 电=7.44V/2.28A/峰3.26 补余=0.0 IO错=0 倾+0.0 自动3/3
[  402.008] EVT 相位 L2 vent→lift
[  402.148] EVT 吸附 L2 venting→released 在态0.44s 0.4kPa
[  402.496] TLM t= 262.8 L1·A@-74 L2Lr@-- L3·A@-75 R1·A@-74 R2·A@-67 R3·A@-61 罐=无罐 泵=0 阀=101111 速=+0,+0,+0.00 电=7.43V/2.69A/峰3.26 补余=0.0 IO错=0 倾+0.0 自动3/3
[  402.850] EVT 相位 L2 lift→transfer
[  403.010] TLM t= 262.8 L1·A@-74 L2Tr@-- L3·A@-75 R1·A@-74 R2·A@-66 R3·A@-60 罐=无罐 泵=0 阀=101111 速=+0,+0,+0.00 电=7.43V/2.77A/峰3.26 补余=0.0 IO错=0 倾+0.0 自动3/3
[  403.151] EVT 泵 开 最差盘压-60.0
[  403.469] EVT 相位 L2 transfer→hover
[  403.521] TLM t= 262.8 L1·A@-74 L2Hr@-- L3·A@-75 R1·A@-74 R2·A@-67 R3·A@-67 罐=无罐 泵=1 阀=101111 速=+0,+0,+0.00 电=7.36V/2.60A/峰3.26 补余=0.0 IO错=0 倾+0.0 自动3/3
[  403.994] EVT 泵 停 最差盘压-75.3
[  404.037] TLM t= 262.8 L1·A@-76 L2Hr@-- L3·A@-76 R1·A@-75 R2·A@-76 R3·A@-76 罐=无罐 泵=0 阀=101111 速=+0,+0,+0.00 电=7.43V/2.44A/峰3.26 补余=0.0 IO错=0 倾+0.0 自动3/3
[  404.476] EVT 落地：L2
[  404.493] EVT 相位 L2 hover→descend
[  404.545] TLM t= 262.8 L1·A@-76 L2Dr@-- L3·A@-76 R1·A@-76 R2·A@-76 R3·A@-76 罐=无罐 泵=0 阀=101111 速=+0,+0,+0.00 电=7.44V/2.60A/峰3.26 补余=0.0 IO错=0 倾+0.0 自动3/3
[  404.974] EVT 相位 L2 descend→press
[  405.058] TLM t= 262.8 L1·A@-76 L2Pr@-- L3·A@-76 R1·A@-76 R2·A@-76 R3·A@-75 罐=无罐 泵=0 阀=101111 速=+0,+0,+0.00 电=7.45V/2.36A/峰3.26 补余=0.0 IO错=0 倾+0.0 自动3/3
[  405.570] TLM t= 262.8 L1·A@-76 L2Pr@-- L3·A@-76 R1·A@-76 R2·A@-75 R3·A@-74 罐=无罐 泵=0 阀=101111 速=+0,+0,+0.00 电=7.44V/2.52A/峰3.26 补余=0.0 IO错=0 倾+0.0 自动3/3
[  406.082] TLM t= 262.8 L1·A@-76 L2Pr@-- L3·A@-76 R1·A@-76 R2·A@-75 R3·A@-74 罐=无罐 泵=0 阀=101111 速=+0,+0,+0.00 电=7.41V/2.69A/峰3.26 补余=0.0 IO错=0 倾+0.0 自动3/3
[  406.177] EVT 吸附 L2 released→pressing 在态4.02s 0.4kPa
[  406.178] EVT 相位 L2 press→wait
[  406.493] EVT 吸附 L2 pressing→sucking 在态0.32s 0.4kPa
[  406.494] EVT 阀 L2 →抽气位
[  406.521] EVT 泵 开 最差盘压-73.2
[  406.590] TLM t= 262.8 L1·A@-76 L2Ws@-41 L3·A@-76 R1·A@-76 R2·A@-74 R3·A@-73 罐=无罐 泵=1 阀=111111 速=+0,+0,+0.00 电=7.36V/2.69A/峰3.26 补余=0.0 IO错=0 倾+0.0 自动3/3
[  406.794] EVT 吸附 L2 sucking→attached 在态0.30s -64.8kPa
[  406.795] EVT 相位 L2 wait→stance
[  406.795] EVT 抬落完成，轮到 R3
[  406.795] EVT 自动轮换：第 3 轮完成
[  407.091] TLM t= 263.1 L1·A@-76 L2·A@-74 L3·A@-76 R1·A@-76 R2·A@-74 R3·A@-74 罐=无罐 泵=1 阀=111111 速=+0,+0,+0.00 电=7.44V/2.69A/峰3.26 补余=0.0 IO错=0 倾+0.0 自动3/3
[  407.184] EVT 泵 停 最差盘压-75.1
[  407.612] TLM t= 263.6 L1·A@-76 L2·A@-76 L3·A@-76 R1·A@-76 R2·A@-76 R3·A@-76 罐=无罐 泵=0 阀=111111 速=+0,+0,+0.00 电=7.45V/2.44A/峰3.26 补余=0.0 IO错=0 倾+0.0 自动3/3
[  408.115] TLM t= 264.1 L1·A@-76 L2·A@-75 L3·A@-76 R1·A@-76 R2·A@-75 R3·A@-75 罐=无罐 泵=0 阀=111111 速=+0,+0,+0.00 电=7.43V/2.69A/峰3.26 补余=0.0 IO错=0 倾+0.0 自动3/3
[  408.641] TLM t= 264.6 L1·A@-76 L2·A@-75 L3·A@-76 R1·A@-76 R2·A@-75 R3·A@-74 罐=无罐 泵=0 阀=111111 速=+0,+0,+0.00 电=7.46V/2.60A/峰3.26 补余=0.0 IO错=0 倾+0.0 自动3/3
[  409.139] TLM t= 265.1 L1·A@-76 L2·A@-74 L3·A@-76 R1·A@-75 R2·A@-75 R3·A@-74 罐=无罐 泵=0 阀=111111 速=+0,+0,+0.00 电=7.46V/2.60A/峰3.26 补余=0.0 IO错=0 倾+0.0 自动3/3
[  409.662] TLM t= 265.6 L1·A@-76 L2·A@-74 L3·A@-76 R1·A@-75 R2·A@-74 R3·A@-73 罐=无罐 泵=0 阀=111111 速=+0,+0,+0.00 电=7.44V/2.60A/峰3.26 补余=0.0 IO错=0 倾+0.0 自动3/3
[  410.163] TLM t= 266.1 L1·A@-76 L2·A@-73 L3·A@-76 R1·A@-75 R2·A@-74 R3·A@-72 罐=无罐 泵=0 阀=111111 速=+0,+0,+0.00 电=7.46V/2.52A/峰3.26 补余=0.0 IO错=0 倾+0.0 自动3/3
[  410.686] TLM t= 266.7 L1·A@-75 L2·A@-72 L3·A@-76 R1·A@-75 R2·A@-73 R3·A@-72 罐=无罐 泵=0 阀=111111 速=+0,+0,+0.00 电=7.45V/2.69A/峰3.26 补余=0.0 IO错=0 倾+0.0 自动3/3
[  411.190] TLM t= 267.2 L1·A@-75 L2·A@-72 L3·A@-76 R1·A@-75 R2·A@-73 R3·A@-71 罐=无罐 泵=0 阀=111111 速=+0,+0,+0.00 电=7.45V/2.60A/峰3.26 补余=0.0 IO错=0 倾+0.0 自动3/3
[  411.690] TLM t= 267.7 L1·A@-75 L2·A@-72 L3·A@-76 R1·A@-75 R2·A@-73 R3·A@-70 罐=无罐 泵=0 阀=111111 速=+0,+0,+0.00 电=7.46V/2.52A/峰3.26 补余=0.0 IO错=0 倾+0.0 自动3/3
[  412.198] TLM t= 268.2 L1·A@-75 L2·A@-71 L3·A@-76 R1·A@-75 R2·A@-72 R3·A@-70 罐=无罐 泵=0 阀=111111 速=+0,+0,+0.00 电=7.43V/2.69A/峰3.26 补余=0.0 IO错=0 倾+0.0 自动3/3
[  412.699] TLM t= 268.7 L1·A@-75 L2·A@-71 L3·A@-75 R1·A@-75 R2·A@-72 R3·A@-69 罐=无罐 泵=0 阀=111111 速=+0,+0,+0.00 电=7.45V/2.60A/峰3.26 补余=0.0 IO错=0 倾+0.0 自动3/3
[  413.222] TLM t= 269.2 L1·A@-75 L2·A@-70 L3·A@-75 R1·A@-75 R2·A@-71 R3·A@-69 罐=无罐 泵=0 阀=111111 速=+0,+0,+0.00 电=7.46V/2.52A/峰3.26 补余=0.0 IO错=0 倾+0.0 自动3/3
[  413.727] TLM t= 269.7 L1·A@-75 L2·A@-70 L3·A@-75 R1·A@-75 R2·A@-71 R3·A@-68 罐=无罐 泵=0 阀=111111 速=+0,+0,+0.00 电=7.45V/2.52A/峰3.26 补余=0.0 IO错=0 倾+0.0 自动3/3
[  414.248] TLM t= 270.2 L1·A@-75 L2·A@-69 L3·A@-75 R1·A@-75 R2·A@-71 R3·A@-67 罐=无罐 泵=0 阀=111111 速=+0,+0,+0.00 电=7.46V/2.60A/峰3.26 补余=0.0 IO错=0 倾+0.0 自动3/3
[  414.751] TLM t= 270.7 L1·A@-75 L2·A@-69 L3·A@-75 R1·A@-75 R2·A@-70 R3·A@-67 罐=无罐 泵=0 阀=111111 速=+0,+0,+0.00 电=7.45V/2.52A/峰3.26 补余=0.0 IO错=0 倾+0.0 自动3/3
[  415.272] TLM t= 271.2 L1·A@-75 L2·A@-68 L3·A@-75 R1·A@-75 R2·A@-70 R3·A@-66 罐=无罐 泵=0 阀=111111 速=+0,+0,+0.00 电=7.44V/2.52A/峰3.26 补余=0.0 IO错=0 倾+0.0 自动3/3
[  415.774] TLM t= 271.7 L1·A@-75 L2·A@-68 L3·A@-75 R1·A@-75 R2·A@-70 R3·A@-65 罐=无罐 泵=0 阀=111111 速=+0,+0,+0.00 电=7.45V/2.60A/峰3.26 补余=0.0 IO错=0 倾+0.0 自动3/3
[  416.296] TLM t= 272.2 L1·A@-74 L2·A@-67 L3·A@-75 R1·A@-75 R2·A@-69 R3·A@-65 罐=无罐 泵=0 阀=111111 速=+0,+0,+0.00 电=7.44V/2.36A/峰3.26 补余=0.0 IO错=0 倾+0.0 自动3/3
[  416.805] TLM t= 272.7 L1·A@-74 L2·A@-67 L3·A@-75 R1·A@-75 R2·A@-69 R3·A@-64 罐=无罐 泵=0 阀=111111 速=+0,+0,+0.00 电=7.44V/2.52A/峰3.26 补余=0.0 IO错=0 倾+0.0 自动3/3
[  417.324] TLM t= 273.3 L1·A@-74 L2·A@-66 L3·A@-75 R1·A@-75 R2·A@-68 R3·A@-64 罐=无罐 泵=0 阀=111111 速=+0,+0,+0.00 电=7.45V/2.60A/峰3.26 补余=0.0 IO错=0 倾+0.0 自动3/3
[  417.829] TLM t= 273.8 L1·A@-74 L2·A@-66 L3·A@-75 R1·A@-75 R2·A@-68 R3·A@-63 罐=无罐 泵=0 阀=111111 速=+0,+0,+0.00 电=7.45V/2.52A/峰3.26 补余=0.0 IO错=0 倾+0.0 自动3/3
[  418.354] TLM t= 274.3 L1·A@-74 L2·A@-65 L3·A@-75 R1·A@-75 R2·A@-68 R3·A@-62 罐=无罐 泵=0 阀=111111 速=+0,+0,+0.00 电=7.44V/2.60A/峰3.26 补余=0.0 IO错=0 倾+0.0 自动3/3
[  418.855] TLM t= 274.8 L1·A@-74 L2·A@-65 L3·A@-75 R1·A@-75 R2·A@-67 R3·A@-62 罐=无罐 泵=0 阀=111111 速=+0,+0,+0.00 电=7.45V/2.60A/峰3.26 补余=0.0 IO错=0 倾+0.0 自动3/3
[  419.379] TLM t= 275.3 L1·A@-74 L2·A@-64 L3·A@-75 R1·A@-75 R2·A@-67 R3·A@-61 罐=无罐 泵=0 阀=111111 速=+0,+0,+0.00 电=7.43V/2.44A/峰3.26 补余=0.0 IO错=0 倾+0.0 自动3/3
[  419.883] TLM t= 275.8 L1·A@-74 L2·A@-64 L3·A@-75 R1·A@-75 R2·A@-67 R3·A@-60 罐=无罐 泵=0 阀=111111 速=+0,+0,+0.00 电=7.46V/2.69A/峰3.26 补余=0.0 IO错=0 倾+0.0 自动3/3
[  420.355] EVT 泵 开 最差盘压-60.0
[  420.402] TLM t= 276.3 L1·A@-74 L2·A@-63 L3·A@-75 R1·A@-75 R2·A@-66 R3·A@-60 罐=无罐 泵=1 阀=111111 速=+0,+0,+0.00 电=7.36V/2.52A/峰3.26 补余=0.0 IO错=0 倾+0.0 自动3/3
[  420.904] TLM t= 276.8 L1·A@-74 L2·A@-71 L3·A@-75 R1·A@-75 R2·A@-71 R3·A@-71 罐=无罐 泵=1 阀=111111 速=+0,+0,+0.00 电=7.38V/2.60A/峰3.26 补余=0.0 IO错=0 倾+0.0 自动3/3
[  421.237] EVT 泵 停 最差盘压-75.2
[  421.427] TLM t= 277.3 L1·A@-76 L2·A@-76 L3·A@-76 R1·A@-76 R2·A@-76 R3·A@-76 罐=无罐 泵=0 阀=111111 速=+0,+0,+0.00 电=7.44V/2.52A/峰3.26 补余=0.0 IO错=0 倾+0.0 自动3/3
[  421.929] TLM t= 277.8 L1·A@-76 L2·A@-76 L3·A@-76 R1·A@-76 R2·A@-76 R3·A@-75 罐=无罐 泵=0 阀=111111 速=+0,+0,+0.00 电=7.43V/2.44A/峰3.26 补余=0.0 IO错=0 倾+0.0 自动3/3
[  422.453] TLM t= 278.4 L1·A@-76 L2·A@-75 L3·A@-76 R1·A@-76 R2·A@-75 R3·A@-75 罐=无罐 泵=0 阀=111111 速=+0,+0,+0.00 电=7.42V/2.36A/峰3.26 补余=0.0 IO错=0 倾+0.0 自动3/3
[  422.957] TLM t= 278.9 L1·A@-76 L2·A@-75 L3·A@-76 R1·A@-76 R2·A@-75 R3·A@-74 罐=无罐 泵=0 阀=111111 速=+0,+0,+0.00 电=7.44V/2.60A/峰3.26 补余=0.0 IO错=0 倾+0.0 自动3/3
[  423.479] TLM t= 279.4 L1·A@-76 L2·A@-74 L3·A@-76 R1·A@-76 R2·A@-74 R3·A@-73 罐=无罐 泵=0 阀=111111 速=+0,+0,+0.00 电=7.44V/2.52A/峰3.26 补余=0.0 IO错=0 倾+0.0 自动3/3
[  423.982] TLM t= 279.9 L1·A@-76 L2·A@-74 L3·A@-76 R1·A@-76 R2·A@-74 R3·A@-73 罐=无罐 泵=0 阀=111111 速=+0,+0,+0.00 电=7.43V/2.60A/峰3.26 补余=0.0 IO错=0 倾+0.0 自动3/3
[  424.504] TLM t= 280.4 L1·A@-76 L2·A@-73 L3·A@-76 R1·A@-76 R2·A@-74 R3·A@-72 罐=无罐 泵=0 阀=111111 速=+0,+0,+0.00 电=7.44V/2.60A/峰3.26 补余=0.0 IO错=0 倾+0.0 自动3/3
[  425.006] TLM t= 280.9 L1·A@-75 L2·A@-73 L3·A@-76 R1·A@-75 R2·A@-73 R3·A@-72 罐=无罐 泵=0 阀=111111 速=+0,+0,+0.00 电=7.44V/2.60A/峰3.26 补余=0.0 IO错=0 倾+0.0 自动3/3
[  425.528] TLM t= 281.4 L1·A@-75 L2·A@-72 L3·A@-76 R1·A@-75 R2·A@-73 R3·A@-71 罐=无罐 泵=0 阀=111111 速=+0,+0,+0.00 电=7.45V/2.52A/峰3.26 补余=0.0 IO错=0 倾+0.0 自动3/3
[  426.030] TLM t= 281.9 L1·A@-75 L2·A@-72 L3·A@-76 R1·A@-75 R2·A@-72 R3·A@-70 罐=无罐 泵=0 阀=111111 速=+0,+0,+0.00 电=7.44V/2.52A/峰3.26 补余=0.0 IO错=0 倾+0.0 自动3/3
[  426.553] TLM t= 282.4 L1·A@-75 L2·A@-71 L3·A@-76 R1·A@-75 R2·A@-72 R3·A@-70 罐=无罐 泵=0 阀=111111 速=+0,+0,+0.00 电=7.46V/2.60A/峰3.26 补余=0.0 IO错=0 倾+0.0 自动3/3
[  427.059] TLM t= 282.9 L1·A@-75 L2·A@-71 L3·A@-76 R1·A@-75 R2·A@-72 R3·A@-69 罐=无罐 泵=0 阀=111111 速=+0,+0,+0.00 电=7.45V/2.44A/峰3.26 补余=0.0 IO错=0 倾+0.0 自动3/3
[  427.578] TLM t= 283.5 L1·A@-75 L2·A@-70 L3·A@-76 R1·A@-75 R2·A@-71 R3·A@-68 罐=无罐 泵=0 阀=111111 速=+0,+0,+0.00 电=7.43V/2.60A/峰3.26 补余=0.0 IO错=0 倾+0.0 自动3/3
[  428.082] TLM t= 284.0 L1·A@-75 L2·A@-70 L3·A@-76 R1·A@-75 R2·A@-71 R3·A@-68 罐=无罐 泵=0 阀=111111 速=+0,+0,+0.00 电=7.44V/2.60A/峰3.26 补余=0.0 IO错=0 倾+0.0 自动3/3
[  428.608] TLM t= 284.5 L1·A@-75 L2·A@-69 L3·A@-75 R1·A@-75 R2·A@-71 R3·A@-67 罐=无罐 泵=0 阀=111111 速=+0,+0,+0.00 电=7.43V/2.69A/峰3.26 补余=0.0 IO错=0 倾+0.0 自动3/3
[  429.114] TLM t= 285.0 L1·A@-75 L2·A@-69 L3·A@-75 R1·A@-75 R2·A@-70 R3·A@-66 罐=无罐 泵=0 阀=111111 速=+0,+0,+0.00 电=7.44V/2.69A/峰3.26 补余=0.0 IO错=0 倾+0.0 自动3/3
[  429.637] TLM t= 285.5 L1·A@-75 L2·A@-68 L3·A@-75 R1·A@-75 R2·A@-70 R3·A@-66 罐=无罐 泵=0 阀=111111 速=+0,+0,+0.00 电=7.44V/2.52A/峰3.26 补余=0.0 IO错=0 倾+0.0 自动3/3
[  430.156] TLM t= 286.0 L1·A@-75 L2·A@-68 L3·A@-75 R1·A@-75 R2·A@-69 R3·A@-65 罐=无罐 泵=0 阀=111111 速=+0,+0,+0.00 电=7.45V/2.52A/峰3.26 补余=0.0 IO错=0 倾+0.0 自动3/3
[  430.659] TLM t= 286.5 L1·A@-74 L2·A@-68 L3·A@-75 R1·A@-75 R2·A@-69 R3·A@-64 罐=无罐 泵=0 阀=111111 速=+0,+0,+0.00 电=7.45V/2.44A/峰3.26 补余=0.0 IO错=0 倾+0.0 自动3/3
[  431.181] TLM t= 287.0 L1·A@-74 L2·A@-67 L3·A@-75 R1·A@-75 R2·A@-69 R3·A@-64 罐=无罐 泵=0 阀=111111 速=+0,+0,+0.00 电=7.44V/2.52A/峰3.26 补余=0.0 IO错=0 倾+0.0 自动3/3
[  431.685] TLM t= 287.5 L1·A@-74 L2·A@-67 L3·A@-75 R1·A@-75 R2·A@-68 R3·A@-63 罐=无罐 泵=0 阀=111111 速=+0,+0,+0.00 电=7.44V/2.52A/峰3.26 补余=0.0 IO错=0 倾+0.0 自动3/3
[  432.210] TLM t= 288.0 L1·A@-74 L2·A@-66 L3·A@-75 R1·A@-75 R2·A@-68 R3·A@-63 罐=无罐 泵=0 阀=111111 速=+0,+0,+0.00 电=7.45V/2.60A/峰3.26 补余=0.0 IO错=0 倾+0.0 自动3/3
[  432.707] TLM t= 288.5 L1·A@-74 L2·A@-66 L3·A@-75 R1·A@-75 R2·A@-68 R3·A@-62 罐=无罐 泵=0 阀=111111 速=+0,+0,+0.00 电=7.45V/2.52A/峰3.26 补余=0.0 IO错=0 倾+0.0 自动3/3
[  433.237] TLM t= 289.1 L1·A@-74 L2·A@-65 L3·A@-75 R1·A@-75 R2·A@-67 R3·A@-61 罐=无罐 泵=0 阀=111111 速=+0,+0,+0.00 电=7.46V/2.52A/峰3.26 补余=0.0 IO错=0 倾+0.0 自动3/3
[  433.737] TLM t= 289.6 L1·A@-74 L2·A@-65 L3·A@-75 R1·A@-75 R2·A@-67 R3·A@-61 罐=无罐 泵=0 阀=111111 速=+0,+0,+0.00 电=7.44V/2.44A/峰3.26 补余=0.0 IO错=0 倾+0.0 自动3/3
[  434.259] TLM t= 290.1 L1·A@-74 L2·A@-64 L3·A@-75 R1·A@-75 R2·A@-67 R3·A@-60 罐=无罐 泵=0 阀=111111 速=+0,+0,+0.00 电=7.43V/2.52A/峰3.26 补余=0.0 IO错=0 倾+0.0 自动3/3
[  434.432] EVT 泵 开 最差盘压-60.0
[  434.761] TLM t= 290.6 L1·A@-74 L2·A@-66 L3·A@-75 R1·A@-75 R2·A@-66 R3·A@-65 罐=无罐 泵=1 阀=111111 速=+0,+0,+0.00 电=7.42V/2.69A/峰3.26 补余=0.0 IO错=0 倾+0.0 自动3/3
[  435.289] TLM t= 291.1 L1·A@-75 L2·A@-76 L3·A@-76 R1·A@-75 R2·A@-75 R3·A@-76 罐=无罐 泵=1 阀=111111 速=+0,+0,+0.00 电=7.36V/2.44A/峰3.26 补余=0.0 IO错=0 倾+0.0 自动3/3
[  435.299] EVT 泵 停 最差盘压-75.1
[  435.787] TLM t= 291.6 L1·A@-76 L2·A@-76 L3·A@-76 R1·A@-76 R2·A@-76 R3·A@-76 罐=无罐 泵=0 阀=111111 速=+0,+0,+0.00 电=7.44V/2.52A/峰3.26 补余=0.0 IO错=0 倾+0.0 自动3/3
[  436.311] TLM t= 292.1 L1·A@-76 L2·A@-76 L3·A@-76 R1·A@-76 R2·A@-75 R3·A@-75 罐=无罐 泵=0 阀=111111 速=+0,+0,+0.00 电=7.46V/2.60A/峰3.26 补余=0.0 IO错=0 倾+0.0 自动3/3
[  436.803] EVT 实验序列完成
[  436.814] TLM t= 292.6 L1·A@-76 L2·A@-75 L3·A@-76 R1·A@-76 R2·A@-75 R3·A@-74 罐=无罐 泵=0 阀=111111 速=+0,+0,+0.00 电=7.43V/2.52A/峰3.26 补余=0.0 IO错=0 倾+0.0
[  437.337] TLM t= 293.1 L1·A@-76 L2·A@-74 L3·A@-76 R1·A@-76 R2·A@-75 R3·A@-74 罐=无罐 泵=0 阀=111111 速=+0,+0,+0.00 电=7.42V/2.44A/峰3.26 补余=0.0 IO错=0 倾+0.0
[  437.835] TLM t= 293.6 L1·A@-76 L2·A@-74 L3·A@-76 R1·A@-76 R2·A@-74 R3·A@-73 罐=无罐 泵=0 阀=111111 速=+0,+0,+0.00 电=7.45V/2.52A/峰3.26 补余=0.0 IO错=0 倾+0.0
[  438.357] TLM t= 294.2 L1·A@-76 L2·A@-74 L3·A@-76 R1·A@-75 R2·A@-74 R3·A@-72 罐=无罐 泵=0 阀=111111 速=+0,+0,+0.00 电=7.45V/2.52A/峰3.26 补余=0.0 IO错=0 倾+0.0
[  438.858] TLM t= 294.7 L1·A@-75 L2·A@-73 L3·A@-76 R1·A@-75 R2·A@-73 R3·A@-72 罐=无罐 泵=0 阀=111111 速=+0,+0,+0.00 电=7.42V/2.44A/峰3.26 补余=0.0 IO错=0 倾+0.0
[  439.387] TLM t= 295.2 L1·A@-75 L2·A@-72 L3·A@-76 R1·A@-75 R2·A@-73 R3·A@-71 罐=无罐 泵=0 阀=111111 速=+0,+0,+0.00 电=7.43V/2.69A/峰3.26 补余=0.0 IO错=0 倾+0.0
[  439.885] TLM t= 295.7 L1·A@-75 L2·A@-72 L3·A@-76 R1·A@-75 R2·A@-73 R3·A@-70 罐=无罐 泵=0 阀=111111 速=+0,+0,+0.00 电=7.44V/2.60A/峰3.26 补余=0.0 IO错=0 倾+0.0
[  440.411] TLM t= 296.2 L1·A@-75 L2·A@-72 L3·A@-76 R1·A@-75 R2·A@-72 R3·A@-70 罐=无罐 泵=0 阀=111111 速=+0,+0,+0.00 电=7.44V/2.44A/峰3.26 补余=0.0 IO错=0 倾+0.0
[  440.911] TLM t= 296.7 L1·A@-75 L2·A@-71 L3·A@-76 R1·A@-75 R2·A@-72 R3·A@-69 罐=无罐 泵=0 阀=111111 速=+0,+0,+0.00 电=7.45V/2.52A/峰3.26 补余=0.0 IO错=0 倾+0.0
[  441.433] TLM t= 297.2 L1·A@-75 L2·A@-71 L3·A@-76 R1·A@-75 R2·A@-71 R3·A@-69 罐=无罐 泵=0 阀=111111 速=+0,+0,+0.00 电=7.45V/2.60A/峰3.26 补余=0.0 IO错=0 倾+0.0
[  441.936] TLM t= 297.7 L1·A@-75 L2·A@-70 L3·A@-76 R1·A@-75 R2·A@-71 R3·A@-68 罐=无罐 泵=0 阀=111111 速=+0,+0,+0.00 电=7.44V/2.52A/峰3.26 补余=0.0 IO错=0 倾+0.0
[  442.458] TLM t= 298.2 L1·A@-75 L2·A@-70 L3·A@-75 R1·A@-75 R2·A@-71 R3·A@-67 罐=无罐 泵=0 阀=111111 速=+0,+0,+0.00 电=7.43V/2.60A/峰3.26 补余=0.0 IO错=0 倾+0.0
[  442.958] TLM t= 298.7 L1·A@-75 L2·A@-69 L3·A@-75 R1·A@-75 R2·A@-70 R3·A@-67 罐=无罐 泵=0 阀=111111 速=+0,+0,+0.00 电=7.45V/2.69A/峰3.26 补余=0.0 IO错=0 倾+0.0
[  443.482] TLM t= 299.3 L1·A@-75 L2·A@-69 L3·A@-75 R1·A@-75 R2·A@-70 R3·A@-66 罐=无罐 泵=0 阀=111111 速=+0,+0,+0.00 电=7.44V/2.52A/峰3.26 补余=0.0 IO错=0 倾+0.0
[  443.984] TLM t= 299.8 L1·A@-75 L2·A@-68 L3·A@-75 R1·A@-75 R2·A@-70 R3·A@-65 罐=无罐 泵=0 阀=111111 速=+0,+0,+0.00 电=7.44V/2.52A/峰3.26 补余=0.0 IO错=0 倾+0.0
[  444.511] TLM t= 300.3 L1·A@-74 L2·A@-68 L3·A@-75 R1·A@-75 R2·A@-69 R3·A@-65 罐=无罐 泵=0 阀=111111 速=+0,+0,+0.00 电=7.43V/2.60A/峰3.26 补余=0.0 IO错=0 倾+0.0
[  445.012] TLM t= 300.8 L1·A@-74 L2·A@-67 L3·A@-75 R1·A@-75 R2·A@-69 R3·A@-64 罐=无罐 泵=0 阀=111111 速=+0,+0,+0.00 电=7.45V/2.44A/峰3.26 补余=0.0 IO错=0 倾+0.0
[  445.534] TLM t= 301.3 L1·A@-74 L2·A@-67 L3·A@-75 R1·A@-75 R2·A@-68 R3·A@-64 罐=无罐 泵=0 阀=111111 速=+0,+0,+0.00 电=7.44V/2.52A/峰3.26 补余=0.0 IO错=0 倾+0.0
[  446.035] TLM t= 301.8 L1·A@-74 L2·A@-66 L3·A@-75 R1·A@-75 R2·A@-68 R3·A@-63 罐=无罐 泵=0 阀=111111 速=+0,+0,+0.00 电=7.43V/2.52A/峰3.26 补余=0.0 IO错=0 倾+0.0
[  446.562] TLM t= 302.3 L1·A@-74 L2·A@-66 L3·A@-75 R1·A@-75 R2·A@-68 R3·A@-62 罐=无罐 泵=0 阀=111111 速=+0,+0,+0.00 电=7.45V/2.69A/峰3.26 补余=0.0 IO错=0 倾+0.0
[  447.063] TLM t= 302.8 L1·A@-74 L2·A@-65 L3·A@-75 R1·A@-75 R2·A@-67 R3·A@-62 罐=无罐 泵=0 阀=111111 速=+0,+0,+0.00 电=7.44V/2.44A/峰3.26 补余=0.0 IO错=0 倾+0.0
[  447.587] TLM t= 303.3 L1·A@-74 L2·A@-65 L3·A@-75 R1·A@-75 R2·A@-67 R3·A@-61 罐=无罐 泵=0 阀=111111 速=+0,+0,+0.00 电=7.45V/2.52A/峰3.26 补余=0.0 IO错=0 倾+0.0
[  448.092] TLM t= 303.8 L1·A@-74 L2·A@-65 L3·A@-75 R1·A@-75 R2·A@-67 R3·A@-61 罐=无罐 泵=0 阀=111111 速=+0,+0,+0.00 电=7.44V/2.52A/峰3.26 补余=0.0 IO错=0 倾+0.0
[  448.547] EVT 泵 开 最差盘压-60.0
[  448.591] TLM t= 304.3 L1·A@-74 L2·A@-64 L3·A@-75 R1·A@-75 R2·A@-66 R3·A@-60 罐=无罐 泵=1 阀=111111 速=+0,+0,+0.00 电=7.35V/2.60A/峰3.26 补余=0.0 IO错=0 倾+0.0
[  449.096] TLM t= 304.8 L1·A@-74 L2·A@-71 L3·A@-75 R1·A@-75 R2·A@-71 R3·A@-71 罐=无罐 泵=1 阀=111111 速=+0,+0,+0.00 电=7.39V/2.52A/峰3.26 补余=0.0 IO错=0 倾+0.0
[  449.470] EVT 泵 停 最差盘压-75.6
[  449.600] TLM t= 305.3 L1·A@-77 L2·A@-77 L3·A@-77 R1·A@-76 R2·A@-77 R3·A@-77 罐=无罐 泵=0 阀=111111 速=+0,+0,+0.00 电=7.42V/2.60A/峰3.26 补余=0.0 IO错=0 倾+0.0
[  450.121] TLM t= 305.9 L1·A@-76 L2·A@-76 L3·A@-77 R1·A@-76 R2·A@-76 R3·A@-76 罐=无罐 泵=0 阀=111111 速=+0,+0,+0.00 电=7.44V/2.52A/峰3.26 补余=0.0 IO错=0 倾+0.0
[  450.628] TLM t= 306.4 L1·A@-76 L2·A@-76 L3·A@-77 R1·A@-76 R2·A@-76 R3·A@-75 罐=无罐 泵=0 阀=111111 速=+0,+0,+0.00 电=7.43V/2.60A/峰3.26 补余=0.0 IO错=0 倾+0.0
[  451.149] TLM t= 306.9 L1·A@-76 L2·A@-75 L3·A@-76 R1·A@-76 R2·A@-75 R3·A@-75 罐=无罐 泵=0 阀=111111 速=+0,+0,+0.00 电=7.44V/2.60A/峰3.26 补余=0.0 IO错=0 倾+0.0
[  451.651] TLM t= 307.4 L1·A@-76 L2·A@-75 L3·A@-76 R1·A@-76 R2·A@-75 R3·A@-74 罐=无罐 泵=0 阀=111111 速=+0,+0,+0.00 电=7.43V/2.60A/峰3.26 补余=0.0 IO错=0 倾+0.0
[  452.174] TLM t= 307.9 L1·A@-76 L2·A@-74 L3·A@-76 R1·A@-76 R2·A@-74 R3·A@-73 罐=无罐 泵=0 阀=111111 速=+0,+0,+0.00 电=7.44V/2.60A/峰3.26 补余=0.0 IO错=0 倾+0.0
[  452.680] TLM t= 308.4 L1·A@-76 L2·A@-74 L3·A@-76 R1·A@-76 R2·A@-74 R3·A@-73 罐=无罐 泵=0 阀=111111 速=+0,+0,+0.00 电=7.44V/2.28A/峰3.26 补余=0.0 IO错=0 倾+0.0
[  453.198] TLM t= 308.9 L1·A@-76 L2·A@-73 L3·A@-76 R1·A@-76 R2·A@-74 R3·A@-72 罐=无罐 泵=0 阀=111111 速=+0,+0,+0.00 电=7.44V/2.36A/峰3.26 补余=0.0 IO错=0 倾+0.0
[  453.701] TLM t= 309.4 L1·A@-76 L2·A@-73 L3·A@-76 R1·A@-76 R2·A@-73 R3·A@-71 罐=无罐 泵=0 阀=111111 速=+0,+0,+0.00 电=7.46V/2.12A/峰3.26 补余=0.0 IO错=0 倾+0.0
[  454.222] TLM t= 309.9 L1·A@-76 L2·A@-72 L3·A@-76 R1·A@-76 R2·A@-73 R3·A@-71 罐=无罐 泵=0 阀=111111 速=+0,+0,+0.00 电=7.46V/2.20A/峰3.26 补余=0.0 IO错=0 倾+0.0
[  454.467] EVT 键 'o' 倾=+0.0待=+0.0
[  454.724] TLM t= 310.4 L1·A@-75 L2·A@-72 L3·A@-76 R1·A@-76 R2·A@-72 R3·A@-70 罐=无罐 泵=0 阀=111111 速=+0,+0,+0.00 电=7.47V/1.79A/峰3.26 补余=0.0 IO错=0 倾+0.0
[  454.728] EVT 取机窗口：停泵 → 逐足串行排气（0.2s 间隔）→ 六足舵机撑住（泵禁开）
[  455.136] EVT 吸附 L1 attached→venting 在态119.00s -75.3kPa
[  455.141] EVT 阀 L1 →排气位
[  455.227] TLM t= 310.4 L1·v@-75 L2·A@-71 L3·A@-76 R1·A@-76 R2·A@-72 R3·A@-69 罐=无罐 泵=0 阀=011111 速=+0,+0,+0.00 电=7.52V/1.06A/峰3.26 补余=0.0 IO错=0 取机放气
[  455.413] EVT 吸附 L2 attached→venting 在态48.14s -71.3kPa
[  455.418] EVT 阀 L2 →排气位
[  455.665] EVT 吸附 L3 attached→venting 在态84.20s -76.1kPa
[  455.667] EVT 吸附 L1 venting→released 在态0.42s 0.1kPa
[  455.670] EVT 阀 L3 →排气位
[  455.747] TLM t= 310.4 L1·r@-- L2·v@-71 L3·v@-76 R1·A@-76 R2·A@-72 R3·A@-69 罐=无罐 泵=0 阀=000111 速=+0,+0,+0.00 电=7.50V/0.90A/峰3.26 补余=0.0 IO错=0 取机放气
[  455.903] EVT 吸附 R1 attached→venting 在态66.00s -75.7kPa
[  455.905] EVT 吸附 L2 venting→released 在态0.42s 0.4kPa
[  455.908] EVT 阀 R1 →排气位
[  456.124] EVT 吸附 R2 attached→venting 在态102.56s -71.4kPa
[  456.127] EVT 吸附 L3 venting→released 在态0.42s 0.1kPa
[  456.129] EVT 阀 R2 →排气位
[  456.259] TLM t= 310.4 L1·r@-- L2·r@-- L3·r@-- R1·v@-76 R2·v@-71 R3·A@-68 罐=无罐 泵=0 阀=000001 速=+0,+0,+0.00 电=7.46V/0.81A/峰3.26 补余=0.0 IO错=0 取机放气
[  456.357] EVT 吸附 R3 attached→venting 在态138.26s -68.3kPa
[  456.360] EVT 吸附 R1 venting→released 在态0.42s -0.1kPa
[  456.360] EVT 阀 R3 →排气位
[  456.560] EVT 键 'o' 倾=+0.0待=+0.0（已放开）
[  456.563] EVT 吸附 R2 venting→released 在态0.42s 0.0kPa
[  456.564] EVT ⚠ 主环卡顿 1836ms（目标 20ms）
[  456.747] EVT 吸附 R3 venting→released 在态0.42s 0.3kPa
[  456.774] TLM t= 310.7 L1·r@-- L2·r@-- L3·r@-- R1·r@-- R2·r@-- R3·r@-- 罐=无罐 泵=0 阀=000000 速=+0,+0,+0.00 电=7.46V/0.65A/峰3.26 补余=0.0 IO错=0 倾+0.0 已放开
[  457.279] TLM t= 311.2 L1·r@-- L2·r@-- L3·r@-- R1·r@-- R2·r@-- R3·r@-- 罐=无罐 泵=0 阀=000000 速=+0,+0,+0.00 电=7.46V/0.65A/峰3.26 补余=0.0 IO错=0 倾+0.0 已放开
[  457.781] TLM t= 311.7 L1·r@-- L2·r@-- L3·r@-- R1·r@-- R2·r@-- R3·r@-- 罐=无罐 泵=0 阀=000000 速=+0,+0,+0.00 电=7.46V/0.65A/峰3.26 补余=0.0 IO错=0 倾+0.0 已放开
[  458.281] TLM t= 312.2 L1·r@-- L2·r@-- L3·r@-- R1·r@-- R2·r@-- R3·r@-- 罐=无罐 泵=0 阀=000000 速=+0,+0,+0.00 电=7.46V/0.73A/峰3.26 补余=0.0 IO错=0 倾+0.0 已放开
[  458.779] TLM t= 312.7 L1·r@-- L2·r@-- L3·r@-- R1·r@-- R2·r@-- R3·r@-- 罐=无罐 泵=0 阀=000000 速=+0,+0,+0.00 电=7.45V/0.73A/峰3.26 补余=0.0 IO错=0 倾+0.0 已放开
[  459.281] TLM t= 313.2 L1·r@-- L2·r@-- L3·r@-- R1·r@-- R2·r@-- R3·r@-- 罐=无罐 泵=0 阀=000000 速=+0,+0,+0.00 电=7.45V/0.57A/峰3.26 补余=0.0 IO错=0 倾+0.0 已放开
[  459.785] TLM t= 313.7 L1·r@-- L2·r@-- L3·r@-- R1·r@-- R2·r@-- R3·r@-- 罐=无罐 泵=0 阀=000000 速=+0,+0,+0.00 电=7.46V/0.57A/峰3.26 补余=0.0 IO错=0 倾+0.0 已放开
[  460.283] TLM t= 314.2 L1·r@-- L2·r@-- L3·r@-- R1·r@-- R2·r@-- R3·r@-- 罐=无罐 泵=0 阀=000000 速=+0,+0,+0.00 电=7.46V/0.41A/峰3.26 补余=0.0 IO错=0 倾+0.0 已放开
[  460.786] TLM t= 314.7 L1·r@-- L2·r@-- L3·r@-- R1·r@-- R2·r@-- R3·r@-- 罐=无罐 泵=0 阀=000000 速=+0,+0,+0.00 电=7.45V/0.65A/峰3.26 补余=0.0 IO错=0 倾+0.0 已放开
[  461.287] TLM t= 315.2 L1·r@-- L2·r@-- L3·r@-- R1·r@-- R2·r@-- R3·r@-- 罐=无罐 泵=0 阀=000000 速=+0,+0,+0.00 电=7.44V/0.65A/峰3.26 补余=0.0 IO错=0 倾+0.0 已放开
[  461.789] TLM t= 315.7 L1·r@-- L2·r@-- L3·r@-- R1·r@-- R2·r@-- R3·r@-- 罐=无罐 泵=0 阀=000000 速=+0,+0,+0.00 电=7.45V/0.65A/峰3.26 补余=0.0 IO错=0 倾+0.0 已放开
[  462.289] TLM t= 316.2 L1·r@-- L2·r@-- L3·r@-- R1·r@-- R2·r@-- R3·r@-- 罐=无罐 泵=0 阀=000000 速=+0,+0,+0.00 电=7.44V/0.65A/峰3.26 补余=0.0 IO错=0 倾+0.0 已放开
[  462.791] TLM t= 316.7 L1·r@-- L2·r@-- L3·r@-- R1·r@-- R2·r@-- R3·r@-- 罐=无罐 泵=0 阀=000000 速=+0,+0,+0.00 电=7.43V/0.73A/峰3.26 补余=0.0 IO错=0 倾+0.0 已放开
[  463.292] TLM t= 317.2 L1·r@-- L2·r@-- L3·r@-- R1·r@-- R2·r@-- R3·r@-- 罐=无罐 泵=0 阀=000000 速=+0,+0,+0.00 电=7.44V/0.81A/峰3.26 补余=0.0 IO错=0 倾+0.0 已放开
[  463.794] TLM t= 317.7 L1·r@-- L2·r@-- L3·r@-- R1·r@-- R2·r@-- R3·r@-- 罐=无罐 泵=0 阀=000000 速=+0,+0,+0.00 电=7.44V/0.73A/峰3.26 补余=0.0 IO错=0 倾+0.0 已放开
[  464.297] TLM t= 318.2 L1·r@-- L2·r@-- L3·r@-- R1·r@-- R2·r@-- R3·r@-- 罐=无罐 泵=0 阀=000000 速=+0,+0,+0.00 电=7.45V/0.81A/峰3.26 补余=0.0 IO错=0 倾+0.0 已放开
[  464.795] TLM t= 318.7 L1·r@-- L2·r@-- L3·r@-- R1·r@-- R2·r@-- R3·r@-- 罐=无罐 泵=0 阀=000000 速=+0,+0,+0.00 电=7.44V/0.81A/峰3.26 补余=0.0 IO错=0 倾+0.0 已放开
[  465.301] TLM t= 319.2 L1·r@-- L2·r@-- L3·r@-- R1·r@-- R2·r@-- R3·r@-- 罐=无罐 泵=0 阀=000000 速=+0,+0,+0.00 电=7.44V/0.73A/峰3.26 补余=0.0 IO错=0 倾+0.0 已放开
[  465.802] TLM t= 319.7 L1·r@-- L2·r@-- L3·r@-- R1·r@-- R2·r@-- R3·r@-- 罐=无罐 泵=0 阀=000000 速=+0,+0,+0.00 电=7.45V/0.81A/峰3.26 补余=0.0 IO错=0 倾+0.0 已放开
[  466.306] TLM t= 320.2 L1·r@-- L2·r@-- L3·r@-- R1·r@-- R2·r@-- R3·r@-- 罐=无罐 泵=0 阀=000000 速=+0,+0,+0.00 电=7.44V/0.73A/峰3.26 补余=0.0 IO错=0 倾+0.0 已放开
[  466.805] TLM t= 320.7 L1·r@-- L2·r@-- L3·r@-- R1·r@-- R2·r@-- R3·r@-- 罐=无罐 泵=0 阀=000000 速=+0,+0,+0.00 电=7.45V/0.73A/峰3.26 补余=0.0 IO错=0 倾+0.0 已放开
[  467.306] TLM t= 321.2 L1·r@-- L2·r@-- L3·r@-- R1·r@-- R2·r@-- R3·r@-- 罐=无罐 泵=0 阀=000000 速=+0,+0,+0.00 电=7.44V/0.73A/峰3.26 补余=0.0 IO错=0 倾+0.0 已放开
[  467.807] TLM t= 321.7 L1·r@-- L2·r@-- L3·r@-- R1·r@-- R2·r@-- R3·r@-- 罐=无罐 泵=0 阀=000000 速=+0,+0,+0.00 电=7.45V/0.73A/峰3.26 补余=0.0 IO错=0 倾+0.0 已放开
[  468.308] TLM t= 322.2 L1·r@-- L2·r@-- L3·r@-- R1·r@-- R2·r@-- R3·r@-- 罐=无罐 泵=0 阀=000000 速=+0,+0,+0.00 电=7.45V/0.81A/峰3.26 补余=0.0 IO错=0 倾+0.0 已放开
[  468.809] TLM t= 322.7 L1·r@-- L2·r@-- L3·r@-- R1·r@-- R2·r@-- R3·r@-- 罐=无罐 泵=0 阀=000000 速=+0,+0,+0.00 电=7.45V/0.81A/峰3.26 补余=0.0 IO错=0 倾+0.0 已放开
[  469.312] TLM t= 323.2 L1·r@-- L2·r@-- L3·r@-- R1·r@-- R2·r@-- R3·r@-- 罐=无罐 泵=0 阀=000000 速=+0,+0,+0.00 电=7.44V/0.81A/峰3.26 补余=0.0 IO错=0 倾+0.0 已放开
[  469.811] TLM t= 323.7 L1·r@-- L2·r@-- L3·r@-- R1·r@-- R2·r@-- R3·r@-- 罐=无罐 泵=0 阀=000000 速=+0,+0,+0.00 电=7.44V/0.81A/峰3.26 补余=0.0 IO错=0 倾+0.0 已放开
[  470.316] TLM t= 324.2 L1·r@-- L2·r@-- L3·r@-- R1·r@-- R2·r@-- R3·r@-- 罐=无罐 泵=0 阀=000000 速=+0,+0,+0.00 电=7.44V/0.81A/峰3.26 补余=0.0 IO错=0 倾+0.0 已放开
[  470.364] EVT 键 '\x1b' 倾=+0.0待=+0.0（已放开）
[  470.465] EVT 退出序列：停泵 → 逐足串行放气（通→断，0.2s 间隔） → 舵机断电（不回站姿）
[  470.773] TLM t= 324.3 L1·r@-- L2·r@-- L3·r@-- R1·r@-- R2·r@-- R3·r@-- 罐=无罐 泵=0 阀=000000 速=+0,+0,+0.00 电=7.45V/0.73A/峰3.26 补余=0.0 IO错=0 退出放气
[  470.793] EVT 阀 L1 →抽气位
[  471.014] EVT 阀 L2 →抽气位
[  471.235] EVT 阀 L3 →抽气位
[  471.278] TLM t= 324.3 L1·r@-- L2·r@-- L3·r@-- R1·r@-- R2·r@-- R3·r@-- 罐=无罐 泵=0 阀=111000 速=+0,+0,+0.00 电=7.48V/0.81A/峰3.26 补余=0.0 IO错=0 退出放气
[  471.459] EVT 阀 R1 →抽气位
[  471.686] EVT 阀 R2 →抽气位
[  471.791] TLM t= 324.3 L1·r@-- L2·r@-- L3·r@-- R1·r@-- R2·r@-- R3·r@-- 罐=无罐 泵=0 阀=111110 速=+0,+0,+0.00 电=7.51V/0.81A/峰3.26 补余=0.0 IO错=0 退出放气
[  471.911] EVT 阀 R3 →抽气位
[  472.112] EVT 退出：阀线圈已断电（coils_off）
[  472.217] EVT 退出序列完成（舵机断电）
[  472.217] EVT END 正常退出
