# 开跑 2026-08-31 17:40:13  argv: scripts/body_lean.py --no-tank --stand-height 62 --tilt-trim 6 --handover L1:31,R1:33,L3:29,R3:22,R2:22,L2:24 --handover-weights --handover-rate 20
# git: 822bd70
# 模式=no-tank port=/dev/ttyACM0
# 参数: lean_step=5mm lean_speed=10mm/s press_delta=18mm stand=62 tilt_trim=6° handover=L1:31,L2:24,L3:29,R1:33,R2:22,R3:22 handover_rate=20 mark_settle=60 dual=0
# 阈值: ATTACH=-30.0 PUMP_ON=-60.0 PUMP_OFF=-75.0 comp_tail=72.3mm suck_timeout=2.5s
[    2.484] EVT 缓慢站起（竖直升至爬墙站位）
[    6.591] EVT 爬墙站位就位，进入就位暂停
# handover_slot_w=0.600,0.250,0.100,0.050,0.000
[    6.707] TLM t=   0.0 L1·r@-- L2·r@-- L3·r@-- R1·r@-- R2·r@-- R3·r@-- 罐=无罐 泵=0 阀=000000 速=+0,+0,+0.00 电=8.17V/1.47A/峰1.47 补余=0.0 IO错=0 就位暂停
[    7.215] TLM t=   0.0 L1·r@-- L2·r@-- L3·r@-- R1·r@-- R2·r@-- R3·r@-- 罐=无罐 泵=0 阀=000000 速=+0,+0,+0.00 电=8.15V/1.47A/峰1.47 补余=0.0 IO错=0 就位暂停
[    7.723] TLM t=   0.0 L1·r@-- L2·r@-- L3·r@-- R1·r@-- R2·r@-- R3·r@-- 罐=无罐 泵=0 阀=000000 速=+0,+0,+0.00 电=8.15V/1.55A/峰1.55 补余=0.0 IO错=0 就位暂停
[    8.233] TLM t=   0.0 L1·r@-- L2·r@-- L3·r@-- R1·r@-- R2·r@-- R3·r@-- 罐=无罐 泵=0 阀=000000 速=+0,+0,+0.00 电=8.15V/1.55A/峰1.55 补余=0.0 IO错=0 就位暂停
[    8.740] TLM t=   0.0 L1·r@-- L2·r@-- L3·r@-- R1·r@-- R2·r@-- R3·r@-- 罐=无罐 泵=0 阀=000000 速=+0,+0,+0.00 电=8.20V/0.49A/峰1.55 补余=0.0 IO错=0 就位暂停
[    9.253] TLM t=   0.0 L1·r@-- L2·r@-- L3·r@-- R1·r@-- R2·r@-- R3·r@-- 罐=无罐 泵=0 阀=000000 速=+0,+0,+0.00 电=8.20V/0.41A/峰1.55 补余=0.0 IO错=0 就位暂停
[    9.759] TLM t=   0.0 L1·r@-- L2·r@-- L3·r@-- R1·r@-- R2·r@-- R3·r@-- 罐=无罐 泵=0 阀=000000 速=+0,+0,+0.00 电=8.20V/0.00A/峰1.55 补余=0.0 IO错=0 就位暂停
[   10.271] TLM t=   0.0 L1·r@-- L2·r@-- L3·r@-- R1·r@-- R2·r@-- R3·r@-- 罐=无罐 泵=0 阀=000000 速=+0,+0,+0.00 电=8.19V/0.65A/峰1.55 补余=0.0 IO错=0 就位暂停
[   10.775] TLM t=   0.0 L1·r@-- L2·r@-- L3·r@-- R1·r@-- R2·r@-- R3·r@-- 罐=无罐 泵=0 阀=000000 速=+0,+0,+0.00 电=8.18V/0.65A/峰1.55 补余=0.0 IO错=0 就位暂停
[   11.289] TLM t=   0.0 L1·r@-- L2·r@-- L3·r@-- R1·r@-- R2·r@-- R3·r@-- 罐=无罐 泵=0 阀=000000 速=+0,+0,+0.00 电=8.18V/0.73A/峰1.55 补余=0.0 IO错=0 就位暂停
[   11.794] TLM t=   0.0 L1·r@-- L2·r@-- L3·r@-- R1·r@-- R2·r@-- R3·r@-- 罐=无罐 泵=0 阀=000000 速=+0,+0,+0.00 电=8.18V/0.73A/峰1.55 补余=0.0 IO错=0 就位暂停
[   12.304] TLM t=   0.0 L1·r@-- L2·r@-- L3·r@-- R1·r@-- R2·r@-- R3·r@-- 罐=无罐 泵=0 阀=000000 速=+0,+0,+0.00 电=8.19V/0.73A/峰1.55 补余=0.0 IO错=0 就位暂停
[   12.808] TLM t=   0.0 L1·r@-- L2·r@-- L3·r@-- R1·r@-- R2·r@-- R3·r@-- 罐=无罐 泵=0 阀=000000 速=+0,+0,+0.00 电=8.18V/0.65A/峰1.55 补余=0.0 IO错=0 就位暂停
[   13.326] TLM t=   0.0 L1·r@-- L2·r@-- L3·r@-- R1·r@-- R2·r@-- R3·r@-- 罐=无罐 泵=0 阀=000000 速=+0,+0,+0.00 电=8.19V/0.73A/峰1.55 补余=0.0 IO错=0 就位暂停
[   13.834] TLM t=   0.0 L1·r@-- L2·r@-- L3·r@-- R1·r@-- R2·r@-- R3·r@-- 罐=无罐 泵=0 阀=000000 速=+0,+0,+0.00 电=8.19V/0.73A/峰1.55 补余=0.0 IO错=0 就位暂停
[   14.345] TLM t=   0.0 L1·r@-- L2·r@-- L3·r@-- R1·r@-- R2·r@-- R3·r@-- 罐=无罐 泵=0 阀=000000 速=+0,+0,+0.00 电=8.18V/0.65A/峰1.55 补余=0.0 IO错=0 就位暂停
[   14.851] TLM t=   0.0 L1·r@-- L2·r@-- L3·r@-- R1·r@-- R2·r@-- R3·r@-- 罐=无罐 泵=0 阀=000000 速=+0,+0,+0.00 电=8.18V/0.73A/峰1.55 补余=0.0 IO错=0 就位暂停
[   15.361] TLM t=   0.0 L1·r@-- L2·r@-- L3·r@-- R1·r@-- R2·r@-- R3·r@-- 罐=无罐 泵=0 阀=000000 速=+0,+0,+0.00 电=8.19V/0.73A/峰1.55 补余=0.0 IO错=0 就位暂停
[   15.867] TLM t=   0.0 L1·r@-- L2·r@-- L3·r@-- R1·r@-- R2·r@-- R3·r@-- 罐=无罐 泵=0 阀=000000 速=+0,+0,+0.00 电=8.18V/0.73A/峰1.55 补余=0.0 IO错=0 就位暂停
[   16.380] TLM t=   0.0 L1·r@-- L2·r@-- L3·r@-- R1·r@-- R2·r@-- R3·r@-- 罐=无罐 泵=0 阀=000000 速=+0,+0,+0.00 电=8.18V/0.73A/峰1.55 补余=0.0 IO错=0 就位暂停
[   16.883] TLM t=   0.0 L1·r@-- L2·r@-- L3·r@-- R1·r@-- R2·r@-- R3·r@-- 罐=无罐 泵=0 阀=000000 速=+0,+0,+0.00 电=8.18V/0.73A/峰1.55 补余=0.0 IO错=0 就位暂停
[   17.394] TLM t=   0.0 L1·r@-- L2·r@-- L3·r@-- R1·r@-- R2·r@-- R3·r@-- 罐=无罐 泵=0 阀=000000 速=+0,+0,+0.00 电=8.18V/0.73A/峰1.55 补余=0.0 IO错=0 就位暂停
[   17.899] TLM t=   0.0 L1·r@-- L2·r@-- L3·r@-- R1·r@-- R2·r@-- R3·r@-- 罐=无罐 泵=0 阀=000000 速=+0,+0,+0.00 电=8.18V/0.81A/峰1.55 补余=0.0 IO错=0 就位暂停
[   18.413] TLM t=   0.0 L1·r@-- L2·r@-- L3·r@-- R1·r@-- R2·r@-- R3·r@-- 罐=无罐 泵=0 阀=000000 速=+0,+0,+0.00 电=8.18V/0.73A/峰1.55 补余=0.0 IO错=0 就位暂停
[   18.925] TLM t=   0.0 L1·r@-- L2·r@-- L3·r@-- R1·r@-- R2·r@-- R3·r@-- 罐=无罐 泵=0 阀=000000 速=+0,+0,+0.00 电=8.18V/0.73A/峰1.55 补余=0.0 IO错=0 就位暂停
[   19.435] TLM t=   0.0 L1·r@-- L2·r@-- L3·r@-- R1·r@-- R2·r@-- R3·r@-- 罐=无罐 泵=0 阀=000000 速=+0,+0,+0.00 电=8.18V/0.73A/峰1.55 补余=0.0 IO错=0 就位暂停
[   19.939] TLM t=   0.0 L1·r@-- L2·r@-- L3·r@-- R1·r@-- R2·r@-- R3·r@-- 罐=无罐 泵=0 阀=000000 速=+0,+0,+0.00 电=8.17V/0.73A/峰1.55 补余=0.0 IO错=0 就位暂停
[   20.454] TLM t=   0.0 L1·r@-- L2·r@-- L3·r@-- R1·r@-- R2·r@-- R3·r@-- 罐=无罐 泵=0 阀=000000 速=+0,+0,+0.00 电=8.18V/0.73A/峰1.55 补余=0.0 IO错=0 就位暂停
[   20.959] TLM t=   0.0 L1·r@-- L2·r@-- L3·r@-- R1·r@-- R2·r@-- R3·r@-- 罐=无罐 泵=0 阀=000000 速=+0,+0,+0.00 电=8.17V/0.81A/峰1.55 补余=0.0 IO错=0 就位暂停
[   21.472] TLM t=   0.0 L1·r@-- L2·r@-- L3·r@-- R1·r@-- R2·r@-- R3·r@-- 罐=无罐 泵=0 阀=000000 速=+0,+0,+0.00 电=8.19V/0.81A/峰1.55 补余=0.0 IO错=0 就位暂停
[   21.978] TLM t=   0.0 L1·r@-- L2·r@-- L3·r@-- R1·r@-- R2·r@-- R3·r@-- 罐=无罐 泵=0 阀=000000 速=+0,+0,+0.00 电=8.18V/0.73A/峰1.55 补余=0.0 IO错=0 就位暂停
[   22.491] TLM t=   0.0 L1·r@-- L2·r@-- L3·r@-- R1·r@-- R2·r@-- R3·r@-- 罐=无罐 泵=0 阀=000000 速=+0,+0,+0.00 电=8.18V/0.81A/峰1.55 补余=0.0 IO错=0 就位暂停
[   22.999] TLM t=   0.0 L1·r@-- L2·r@-- L3·r@-- R1·r@-- R2·r@-- R3·r@-- 罐=无罐 泵=0 阀=000000 速=+0,+0,+0.00 电=8.18V/0.73A/峰1.55 补余=0.0 IO错=0 就位暂停
[   23.508] TLM t=   0.0 L1·r@-- L2·r@-- L3·r@-- R1·r@-- R2·r@-- R3·r@-- 罐=无罐 泵=0 阀=000000 速=+0,+0,+0.00 电=8.18V/0.73A/峰1.55 补余=0.0 IO错=0 就位暂停
[   24.015] TLM t=   0.0 L1·r@-- L2·r@-- L3·r@-- R1·r@-- R2·r@-- R3·r@-- 罐=无罐 泵=0 阀=000000 速=+0,+0,+0.00 电=8.18V/0.81A/峰1.55 补余=0.0 IO错=0 就位暂停
[   24.528] TLM t=   0.0 L1·r@-- L2·r@-- L3·r@-- R1·r@-- R2·r@-- R3·r@-- 罐=无罐 泵=0 阀=000000 速=+0,+0,+0.00 电=8.18V/0.73A/峰1.55 补余=0.0 IO错=0 就位暂停
[   25.033] TLM t=   0.0 L1·r@-- L2·r@-- L3·r@-- R1·r@-- R2·r@-- R3·r@-- 罐=无罐 泵=0 阀=000000 速=+0,+0,+0.00 电=8.18V/0.73A/峰1.55 补余=0.0 IO错=0 就位暂停
[   25.546] TLM t=   0.0 L1·r@-- L2·r@-- L3·r@-- R1·r@-- R2·r@-- R3·r@-- 罐=无罐 泵=0 阀=000000 速=+0,+0,+0.00 电=8.18V/0.81A/峰1.55 补余=0.0 IO错=0 就位暂停
[   26.053] TLM t=   0.0 L1·r@-- L2·r@-- L3·r@-- R1·r@-- R2·r@-- R3·r@-- 罐=无罐 泵=0 阀=000000 速=+0,+0,+0.00 电=8.18V/0.81A/峰1.55 补余=0.0 IO错=0 就位暂停
[   26.567] TLM t=   0.0 L1·r@-- L2·r@-- L3·r@-- R1·r@-- R2·r@-- R3·r@-- 罐=无罐 泵=0 阀=000000 速=+0,+0,+0.00 电=8.17V/0.73A/峰1.55 补余=0.0 IO错=0 就位暂停
[   27.078] TLM t=   0.0 L1·r@-- L2·r@-- L3·r@-- R1·r@-- R2·r@-- R3·r@-- 罐=无罐 泵=0 阀=000000 速=+0,+0,+0.00 电=8.18V/0.81A/峰1.55 补余=0.0 IO错=0 就位暂停
[   27.590] TLM t=   0.0 L1·r@-- L2·r@-- L3·r@-- R1·r@-- R2·r@-- R3·r@-- 罐=无罐 泵=0 阀=000000 速=+0,+0,+0.00 电=8.17V/0.73A/峰1.55 补余=0.0 IO错=0 就位暂停
[   28.095] TLM t=   0.0 L1·r@-- L2·r@-- L3·r@-- R1·r@-- R2·r@-- R3·r@-- 罐=无罐 泵=0 阀=000000 速=+0,+0,+0.00 电=8.17V/0.81A/峰1.55 补余=0.0 IO错=0 就位暂停
[   28.604] TLM t=   0.0 L1·r@-- L2·r@-- L3·r@-- R1·r@-- R2·r@-- R3·r@-- 罐=无罐 泵=0 阀=000000 速=+0,+0,+0.00 电=8.18V/0.73A/峰1.55 补余=0.0 IO错=0 就位暂停
[   29.110] TLM t=   0.0 L1·r@-- L2·r@-- L3·r@-- R1·r@-- R2·r@-- R3·r@-- 罐=无罐 泵=0 阀=000000 速=+0,+0,+0.00 电=8.17V/0.73A/峰1.55 补余=0.0 IO错=0 就位暂停
[   29.621] TLM t=   0.0 L1·r@-- L2·r@-- L3·r@-- R1·r@-- R2·r@-- R3·r@-- 罐=无罐 泵=0 阀=000000 速=+0,+0,+0.00 电=8.17V/0.65A/峰1.55 补余=0.0 IO错=0 就位暂停
[   30.126] TLM t=   0.0 L1·r@-- L2·r@-- L3·r@-- R1·r@-- R2·r@-- R3·r@-- 罐=无罐 泵=0 阀=000000 速=+0,+0,+0.00 电=8.17V/0.73A/峰1.55 补余=0.0 IO错=0 就位暂停
[   30.635] TLM t=   0.0 L1·r@-- L2·r@-- L3·r@-- R1·r@-- R2·r@-- R3·r@-- 罐=无罐 泵=0 阀=000000 速=+0,+0,+0.00 电=8.17V/0.73A/峰1.55 补余=0.0 IO错=0 就位暂停
[   31.143] TLM t=   0.0 L1·r@-- L2·r@-- L3·r@-- R1·r@-- R2·r@-- R3·r@-- 罐=无罐 泵=0 阀=000000 速=+0,+0,+0.00 电=8.18V/0.65A/峰1.55 补余=0.0 IO错=0 就位暂停
[   31.652] TLM t=   0.0 L1·r@-- L2·r@-- L3·r@-- R1·r@-- R2·r@-- R3·r@-- 罐=无罐 泵=0 阀=000000 速=+0,+0,+0.00 电=8.18V/0.73A/峰1.55 补余=0.0 IO错=0 就位暂停
[   32.160] TLM t=   0.0 L1·r@-- L2·r@-- L3·r@-- R1·r@-- R2·r@-- R3·r@-- 罐=无罐 泵=0 阀=000000 速=+0,+0,+0.00 电=8.18V/0.73A/峰1.55 补余=0.0 IO错=0 就位暂停
[   32.670] TLM t=   0.0 L1·r@-- L2·r@-- L3·r@-- R1·r@-- R2·r@-- R3·r@-- 罐=无罐 泵=0 阀=000000 速=+0,+0,+0.00 电=8.18V/0.65A/峰1.55 补余=0.0 IO错=0 就位暂停
[   33.177] TLM t=   0.0 L1·r@-- L2·r@-- L3·r@-- R1·r@-- R2·r@-- R3·r@-- 罐=无罐 泵=0 阀=000000 速=+0,+0,+0.00 电=8.18V/0.65A/峰1.55 补余=0.0 IO错=0 就位暂停
[   33.686] TLM t=   0.0 L1·r@-- L2·r@-- L3·r@-- R1·r@-- R2·r@-- R3·r@-- 罐=无罐 泵=0 阀=000000 速=+0,+0,+0.00 电=8.18V/0.73A/峰1.55 补余=0.0 IO错=0 就位暂停
[   34.192] TLM t=   0.0 L1·r@-- L2·r@-- L3·r@-- R1·r@-- R2·r@-- R3·r@-- 罐=无罐 泵=0 阀=000000 速=+0,+0,+0.00 电=8.17V/0.65A/峰1.55 补余=0.0 IO错=0 就位暂停
[   34.703] TLM t=   0.0 L1·r@-- L2·r@-- L3·r@-- R1·r@-- R2·r@-- R3·r@-- 罐=无罐 泵=0 阀=000000 速=+0,+0,+0.00 电=8.18V/0.65A/峰1.55 补余=0.0 IO错=0 就位暂停
[   35.211] TLM t=   0.0 L1·r@-- L2·r@-- L3·r@-- R1·r@-- R2·r@-- R3·r@-- 罐=无罐 泵=0 阀=000000 速=+0,+0,+0.00 电=8.18V/0.65A/峰1.55 补余=0.0 IO错=0 就位暂停
[   35.722] TLM t=   0.0 L1·r@-- L2·r@-- L3·r@-- R1·r@-- R2·r@-- R3·r@-- 罐=无罐 泵=0 阀=000000 速=+0,+0,+0.00 电=8.17V/0.65A/峰1.55 补余=0.0 IO错=0 就位暂停
[   36.229] TLM t=   0.0 L1·r@-- L2·r@-- L3·r@-- R1·r@-- R2·r@-- R3·r@-- 罐=无罐 泵=0 阀=000000 速=+0,+0,+0.00 电=8.17V/0.65A/峰1.55 补余=0.0 IO错=0 就位暂停
[   36.739] TLM t=   0.0 L1·r@-- L2·r@-- L3·r@-- R1·r@-- R2·r@-- R3·r@-- 罐=无罐 泵=0 阀=000000 速=+0,+0,+0.00 电=8.17V/0.65A/峰1.55 补余=0.0 IO错=0 就位暂停
[   37.248] TLM t=   0.0 L1·r@-- L2·r@-- L3·r@-- R1·r@-- R2·r@-- R3·r@-- 罐=无罐 泵=0 阀=000000 速=+0,+0,+0.00 电=8.17V/0.73A/峰1.55 补余=0.0 IO错=0 就位暂停
[   37.763] TLM t=   0.0 L1·r@-- L2·r@-- L3·r@-- R1·r@-- R2·r@-- R3·r@-- 罐=无罐 泵=0 阀=000000 速=+0,+0,+0.00 电=8.17V/0.65A/峰1.55 补余=0.0 IO错=0 就位暂停
[   38.271] TLM t=   0.0 L1·r@-- L2·r@-- L3·r@-- R1·r@-- R2·r@-- R3·r@-- 罐=无罐 泵=0 阀=000000 速=+0,+0,+0.00 电=8.18V/0.65A/峰1.55 补余=0.0 IO错=0 就位暂停
[   38.779] TLM t=   0.0 L1·r@-- L2·r@-- L3·r@-- R1·r@-- R2·r@-- R3·r@-- 罐=无罐 泵=0 阀=000000 速=+0,+0,+0.00 电=8.17V/0.65A/峰1.55 补余=0.0 IO错=0 就位暂停
[   39.284] TLM t=   0.0 L1·r@-- L2·r@-- L3·r@-- R1·r@-- R2·r@-- R3·r@-- 罐=无罐 泵=0 阀=000000 速=+0,+0,+0.00 电=8.18V/0.65A/峰1.55 补余=0.0 IO错=0 就位暂停
[   39.792] TLM t=   0.0 L1·r@-- L2·r@-- L3·r@-- R1·r@-- R2·r@-- R3·r@-- 罐=无罐 泵=0 阀=000000 速=+0,+0,+0.00 电=8.17V/0.65A/峰1.55 补余=0.0 IO错=0 就位暂停
[   40.299] TLM t=   0.0 L1·r@-- L2·r@-- L3·r@-- R1·r@-- R2·r@-- R3·r@-- 罐=无罐 泵=0 阀=000000 速=+0,+0,+0.00 电=8.17V/0.57A/峰1.55 补余=0.0 IO错=0 就位暂停
[   40.812] TLM t=   0.0 L1·r@-- L2·r@-- L3·r@-- R1·r@-- R2·r@-- R3·r@-- 罐=无罐 泵=0 阀=000000 速=+0,+0,+0.00 电=8.16V/0.73A/峰1.55 补余=0.0 IO错=0 就位暂停
[   41.319] TLM t=   0.0 L1·r@-- L2·r@-- L3·r@-- R1·r@-- R2·r@-- R3·r@-- 罐=无罐 泵=0 阀=000000 速=+0,+0,+0.00 电=8.16V/0.73A/峰1.55 补余=0.0 IO错=0 就位暂停
[   41.827] TLM t=   0.0 L1·r@-- L2·r@-- L3·r@-- R1·r@-- R2·r@-- R3·r@-- 罐=无罐 泵=0 阀=000000 速=+0,+0,+0.00 电=8.17V/0.65A/峰1.55 补余=0.0 IO错=0 就位暂停
[   42.333] TLM t=   0.0 L1·r@-- L2·r@-- L3·r@-- R1·r@-- R2·r@-- R3·r@-- 罐=无罐 泵=0 阀=000000 速=+0,+0,+0.00 电=8.17V/0.57A/峰1.55 补余=0.0 IO错=0 就位暂停
[   42.851] TLM t=   0.0 L1·r@-- L2·r@-- L3·r@-- R1·r@-- R2·r@-- R3·r@-- 罐=无罐 泵=0 阀=000000 速=+0,+0,+0.00 电=8.18V/0.57A/峰1.55 补余=0.0 IO错=0 就位暂停
[   43.359] TLM t=   0.0 L1·r@-- L2·r@-- L3·r@-- R1·r@-- R2·r@-- R3·r@-- 罐=无罐 泵=0 阀=000000 速=+0,+0,+0.00 电=8.18V/0.57A/峰1.55 补余=0.0 IO错=0 就位暂停
[   43.868] TLM t=   0.0 L1·r@-- L2·r@-- L3·r@-- R1·r@-- R2·r@-- R3·r@-- 罐=无罐 泵=0 阀=000000 速=+0,+0,+0.00 电=8.17V/0.65A/峰1.55 补余=0.0 IO错=0 就位暂停
[   44.373] TLM t=   0.0 L1·r@-- L2·r@-- L3·r@-- R1·r@-- R2·r@-- R3·r@-- 罐=无罐 泵=0 阀=000000 速=+0,+0,+0.00 电=8.17V/0.65A/峰1.55 补余=0.0 IO错=0 就位暂停
[   44.883] TLM t=   0.0 L1·r@-- L2·r@-- L3·r@-- R1·r@-- R2·r@-- R3·r@-- 罐=无罐 泵=0 阀=000000 速=+0,+0,+0.00 电=8.17V/0.73A/峰1.55 补余=0.0 IO错=0 就位暂停
[   45.389] TLM t=   0.0 L1·r@-- L2·r@-- L3·r@-- R1·r@-- R2·r@-- R3·r@-- 罐=无罐 泵=0 阀=000000 速=+0,+0,+0.00 电=8.17V/0.57A/峰1.55 补余=0.0 IO错=0 就位暂停
[   45.899] TLM t=   0.0 L1·r@-- L2·r@-- L3·r@-- R1·r@-- R2·r@-- R3·r@-- 罐=无罐 泵=0 阀=000000 速=+0,+0,+0.00 电=8.17V/0.57A/峰1.55 补余=0.0 IO错=0 就位暂停
[   46.404] TLM t=   0.0 L1·r@-- L2·r@-- L3·r@-- R1·r@-- R2·r@-- R3·r@-- 罐=无罐 泵=0 阀=000000 速=+0,+0,+0.00 电=8.18V/0.65A/峰1.55 补余=0.0 IO错=0 就位暂停
[   46.914] TLM t=   0.0 L1·r@-- L2·r@-- L3·r@-- R1·r@-- R2·r@-- R3·r@-- 罐=无罐 泵=0 阀=000000 速=+0,+0,+0.00 电=8.17V/0.65A/峰1.55 补余=0.0 IO错=0 就位暂停
[   47.421] TLM t=   0.0 L1·r@-- L2·r@-- L3·r@-- R1·r@-- R2·r@-- R3·r@-- 罐=无罐 泵=0 阀=000000 速=+0,+0,+0.00 电=8.17V/0.57A/峰1.55 补余=0.0 IO错=0 就位暂停
[   47.934] TLM t=   0.0 L1·r@-- L2·r@-- L3·r@-- R1·r@-- R2·r@-- R3·r@-- 罐=无罐 泵=0 阀=000000 速=+0,+0,+0.00 电=8.17V/0.65A/峰1.55 补余=0.0 IO错=0 就位暂停
[   48.440] TLM t=   0.0 L1·r@-- L2·r@-- L3·r@-- R1·r@-- R2·r@-- R3·r@-- 罐=无罐 泵=0 阀=000000 速=+0,+0,+0.00 电=8.17V/0.65A/峰1.55 补余=0.0 IO错=0 就位暂停
[   48.955] TLM t=   0.0 L1·r@-- L2·r@-- L3·r@-- R1·r@-- R2·r@-- R3·r@-- 罐=无罐 泵=0 阀=000000 速=+0,+0,+0.00 电=8.17V/0.73A/峰1.55 补余=0.0 IO错=0 就位暂停
[   49.461] TLM t=   0.0 L1·r@-- L2·r@-- L3·r@-- R1·r@-- R2·r@-- R3·r@-- 罐=无罐 泵=0 阀=000000 速=+0,+0,+0.00 电=8.17V/0.65A/峰1.55 补余=0.0 IO错=0 就位暂停
[   49.973] TLM t=   0.0 L1·r@-- L2·r@-- L3·r@-- R1·r@-- R2·r@-- R3·r@-- 罐=无罐 泵=0 阀=000000 速=+0,+0,+0.00 电=8.17V/0.65A/峰1.55 补余=0.0 IO错=0 就位暂停
[   50.478] TLM t=   0.0 L1·r@-- L2·r@-- L3·r@-- R1·r@-- R2·r@-- R3·r@-- 罐=无罐 泵=0 阀=000000 速=+0,+0,+0.00 电=8.17V/0.65A/峰1.55 补余=0.0 IO错=0 就位暂停
[   50.991] TLM t=   0.0 L1·r@-- L2·r@-- L3·r@-- R1·r@-- R2·r@-- R3·r@-- 罐=无罐 泵=0 阀=000000 速=+0,+0,+0.00 电=8.17V/0.65A/峰1.55 补余=0.0 IO错=0 就位暂停
[   51.035] EVT 按 p：开始全吸附启动序列
[   51.035] EVT 相位 R3 stance→press
[   51.055] EVT 泵 开
[   51.507] TLM t=   0.0 L1·r@-- L2·r@-- L3·r@-- R1·r@-- R2·r@-- R3Pr@-- 罐=无罐 泵=1 阀=000000 速=+0,+0,+0.00 电=8.13V/0.73A/峰1.55 补余=0.0 IO错=0 倾+0.0
[   52.007] TLM t=   0.0 L1·r@-- L2·r@-- L3·r@-- R1·r@-- R2·r@-- R3Pr@-- 罐=无罐 泵=1 阀=000000 速=+0,+0,+0.00 电=8.12V/0.73A/峰1.55 补余=0.0 IO错=0 倾+0.0
[   52.509] TLM t=   0.0 L1·r@-- L2·r@-- L3·r@-- R1·r@-- R2·r@-- R3Pr@-- 罐=无罐 泵=1 阀=000000 速=+0,+0,+0.00 电=8.12V/0.73A/峰1.55 补余=0.0 IO错=0 倾+0.0
[   53.008] TLM t=   0.0 L1·r@-- L2·r@-- L3·r@-- R1·r@-- R2·r@-- R3Pr@-- 罐=无罐 泵=1 阀=000000 速=+0,+0,+0.00 电=8.16V/0.65A/峰1.55 补余=0.0 IO错=0 倾+0.0
[   53.511] TLM t=   0.0 L1·r@-- L2·r@-- L3·r@-- R1·r@-- R2·r@-- R3Pr@-- 罐=无罐 泵=1 阀=000000 速=+0,+0,+0.00 电=8.14V/0.73A/峰1.55 补余=0.0 IO错=0 倾+0.0
[   54.011] TLM t=   0.0 L1·r@-- L2·r@-- L3·r@-- R1·r@-- R2·r@-- R3Pr@-- 罐=无罐 泵=1 阀=000000 速=+0,+0,+0.00 电=8.11V/0.57A/峰1.55 补余=0.0 IO错=0 倾+0.0
[   54.023] EVT 吸附 R3 released→pressing 在态3.00s
[   54.023] EVT 相位 R3 press→wait
[   54.043] EVT 泵 停
[   54.324] EVT 吸附 R3 pressing→sucking 在态0.30s
[   54.324] EVT 阀 R3 →抽气位
[   54.347] EVT 泵 开
[   54.512] TLM t=   0.0 L1·r@-- L2·r@-- L3·r@-- R1·r@-- R2·r@-- R3Ws@-52 罐=无罐 泵=1 阀=000001 速=+0,+0,+0.00 电=8.16V/0.65A/峰1.55 补余=0.0 IO错=0 倾+0.0
[   54.665] EVT 吸附 R3 sucking→attached 在态0.34s -71.0kPa
[   54.665] EVT 相位 R3 wait→stance
[   54.685] EVT 相位 L1 stance→press
[   54.828] EVT 泵 停 最差盘压-75.1
[   55.015] TLM t=   0.0 L1Pr@-- L2·r@-- L3·r@-- R1·r@-- R2·r@-- R3·A@-76 罐=无罐 泵=0 阀=000001 速=+0,+0,+0.00 电=8.17V/0.81A/峰1.55 补余=0.0 IO错=0 倾+0.0
[   55.538] TLM t=   0.0 L1Pr@-- L2·r@-- L3·r@-- R1·r@-- R2·r@-- R3·A@-75 罐=无罐 泵=0 阀=000001 速=+0,+0,+0.00 电=8.17V/0.81A/峰1.55 补余=0.0 IO错=0 倾+0.0
[   55.868] EVT 吸附 L1 released→pressing 在态4.84s
[   55.868] EVT 相位 L1 press→wait
[   56.043] TLM t=   0.0 L1Wp@-- L2·r@-- L3·r@-- R1·r@-- R2·r@-- R3·A@-74 罐=无罐 泵=0 阀=000001 速=+0,+0,+0.00 电=8.17V/0.73A/峰1.55 补余=0.0 IO错=0 倾+0.0
[   56.189] EVT 吸附 L1 pressing→sucking 在态0.32s
[   56.189] EVT 阀 L1 →抽气位
[   56.214] EVT 泵 开 最差盘压-74.0
[   56.490] EVT 吸附 L1 sucking→attached 在态0.30s -66.0kPa
[   56.490] EVT 相位 L1 wait→stance
[   56.515] EVT 相位 R2 stance→press
[   56.558] TLM t=   0.0 L1·A@-68 L2·r@-- L3·r@-- R1·r@-- R2Pr@-- R3·A@-74 罐=无罐 泵=1 阀=100001 速=+0,+0,+0.00 电=8.17V/0.65A/峰1.55 补余=0.0 IO错=0 倾+0.0
[   56.816] EVT 泵 停 最差盘压-75.4
[   57.065] TLM t=   0.0 L1·A@-76 L2·r@-- L3·r@-- R1·r@-- R2Pr@-- R3·A@-76 罐=无罐 泵=0 阀=100001 速=+0,+0,+0.00 电=8.19V/0.65A/峰1.55 补余=0.0 IO错=0 倾+0.0
[   57.584] TLM t=   0.0 L1·A@-76 L2·r@-- L3·r@-- R1·r@-- R2Pr@-- R3·A@-75 罐=无罐 泵=0 阀=100001 速=+0,+0,+0.00 电=8.18V/0.81A/峰1.55 补余=0.0 IO错=0 倾+0.0
[   57.693] EVT 吸附 R2 released→pressing 在态6.66s
[   57.694] EVT 相位 R2 press→wait
[   58.019] EVT 吸附 R2 pressing→sucking 在态0.32s
[   58.020] EVT 阀 R2 →抽气位
[   58.038] EVT 泵 开 最差盘压-74.7
[   58.088] TLM t=   0.0 L1·A@-75 L2·r@-- L3·r@-- R1·r@-- R2Ws@-2 R3·A@-75 罐=无罐 泵=1 阀=100011 速=+0,+0,+0.00 电=8.10V/0.65A/峰1.55 补余=0.0 IO错=0 倾+0.0
[   58.318] EVT 吸附 R2 sucking→attached 在态0.30s -68.2kPa
[   58.321] EVT 相位 R2 wait→stance
[   58.339] EVT 相位 L3 stance→press
[   58.604] TLM t=   0.0 L1·A@-75 L2·r@-- L3Pr@-- R1·r@-- R2·A@-73 R3·A@-74 罐=无罐 泵=1 阀=100011 速=+0,+0,+0.00 电=8.18V/0.57A/峰1.55 补余=0.0 IO错=0 倾+0.0
[   58.760] EVT 泵 停 最差盘压-75.2
[   59.114] TLM t=   0.0 L1·A@-76 L2·r@-- L3Pr@-- R1·r@-- R2·A@-75 R3·A@-76 罐=无罐 泵=0 阀=100011 速=+0,+0,+0.00 电=8.20V/0.57A/峰1.55 补余=0.0 IO错=0 倾+0.0
[   59.524] EVT 吸附 L3 released→pressing 在态8.48s
[   59.525] EVT 相位 L3 press→wait
[   59.628] TLM t=   0.0 L1·A@-76 L2·r@-- L3Wp@-- R1·r@-- R2·A@-74 R3·A@-75 罐=无罐 泵=0 阀=100011 速=+0,+0,+0.00 电=8.20V/0.65A/峰1.55 补余=0.0 IO错=0 倾+0.0
[   59.842] EVT 吸附 L3 pressing→sucking 在态0.32s
[   59.843] EVT 阀 L3 →抽气位
[   59.863] EVT 泵 开 最差盘压-73.5
[   60.133] TLM t=   0.0 L1·A@-75 L2·r@-- L3Ws@-62 R1·r@-- R2·A@-73 R3·A@-74 罐=无罐 泵=1 阀=101011 速=+0,+0,+0.00 电=8.19V/0.57A/峰1.55 补余=0.0 IO错=0 倾+0.0
[   60.140] EVT 吸附 L3 sucking→attached 在态0.30s -61.6kPa
[   60.144] EVT 相位 L3 wait→stance
[   60.164] EVT 相位 R1 stance→press
[   60.585] EVT 泵 停 最差盘压-75.1
[   60.655] TLM t=   0.0 L1·A@-76 L2·r@-- L3·A@-76 R1Pr@-- R2·A@-76 R3·A@-76 罐=无罐 泵=0 阀=101011 速=+0,+0,+0.00 电=8.20V/0.73A/峰1.55 补余=0.0 IO错=0 倾+0.0
[   61.156] TLM t=   0.0 L1·A@-76 L2·r@-- L3·A@-76 R1Pr@-- R2·A@-75 R3·A@-75 罐=无罐 泵=0 阀=101011 速=+0,+0,+0.00 电=8.20V/0.73A/峰1.55 补余=0.0 IO错=0 倾+0.0
[   61.346] EVT 吸附 R1 released→pressing 在态10.30s
[   61.347] EVT 相位 R1 press→wait
[   61.667] EVT 吸附 R1 pressing→sucking 在态0.32s
[   61.673] EVT 阀 R1 →抽气位
[   61.685] TLM t=   0.0 L1·A@-76 L2·r@-- L3·A@-75 R1Ws@-- R2·A@-75 R3·A@-75 罐=无罐 泵=0 阀=101111 速=+0,+0,+0.00 电=8.22V/0.65A/峰1.55 补余=0.0 IO错=0 倾+0.0
[   61.693] EVT 泵 开 最差盘压-74.7
[   62.028] EVT 吸附 R1 sucking→attached 在态0.36s -68.1kPa
[   62.029] EVT 相位 R1 wait→stance
[   62.054] EVT 相位 L2 stance→press
[   62.185] TLM t=   0.0 L1·A@-75 L2Pr@-- L3·A@-75 R1·A@-73 R2·A@-74 R3·A@-74 罐=无罐 泵=1 阀=101111 速=+0,+0,+0.00 电=8.20V/0.57A/峰1.55 补余=0.0 IO错=0 倾+0.0
[   62.355] EVT 泵 停 最差盘压-75.4
[   62.701] TLM t=   0.0 L1·A@-76 L2Pr@-- L3·A@-76 R1·A@-76 R2·A@-76 R3·A@-76 罐=无罐 泵=0 阀=101111 速=+0,+0,+0.00 电=8.21V/0.57A/峰1.55 补余=0.0 IO错=0 倾+0.0
[   63.204] TLM t=   0.0 L1·A@-76 L2Pr@-- L3·A@-76 R1·A@-76 R2·A@-76 R3·A@-76 罐=无罐 泵=0 阀=101111 速=+0,+0,+0.00 电=8.21V/0.73A/峰1.55 补余=0.0 IO错=0 倾+0.0
[   63.232] EVT 吸附 L2 released→pressing 在态12.18s
[   63.232] EVT 相位 L2 press→wait
[   63.558] EVT 吸附 L2 pressing→sucking 在态0.32s
[   63.558] EVT 阀 L2 →抽气位
[   63.576] EVT 泵 开 最差盘压-75.2
[   63.723] TLM t=   0.0 L1·A@-76 L2Ws@-61 L3·A@-76 R1·A@-76 R2·A@-75 R3·A@-75 罐=无罐 泵=1 阀=111111 速=+0,+0,+0.00 电=8.20V/0.49A/峰1.55 补余=0.0 IO错=0 倾+0.0
[   63.853] EVT 吸附 L2 sucking→attached 在态0.30s -66.8kPa
[   63.859] EVT 相位 L2 wait→stance
[   63.859] EVT ✓ 六足全吸附，启动序列完成，相位钟开始
[   64.178] EVT 泵 停 最差盘压-75.2
[   64.227] TLM t=   0.4 L1·A@-76 L2·A@-76 L3·A@-76 R1·A@-75 R2·A@-75 R3·A@-76 罐=无罐 泵=0 阀=111111 速=+0,+0,+0.00 电=8.23V/0.57A/峰1.55 补余=0.0 IO错=0 倾+0.0
[   64.746] TLM t=   0.9 L1·A@-76 L2·A@-76 L3·A@-76 R1·A@-75 R2·A@-75 R3·A@-76 罐=无罐 泵=0 阀=111111 速=+0,+0,+0.00 电=8.23V/0.57A/峰1.55 补余=0.0 IO错=0 倾+0.0
[   65.252] TLM t=   1.4 L1·A@-75 L2·A@-75 L3·A@-76 R1·A@-75 R2·A@-75 R3·A@-75 罐=无罐 泵=0 阀=111111 速=+0,+0,+0.00 电=8.22V/0.65A/峰1.55 补余=0.0 IO错=0 倾+0.0
[   65.767] TLM t=   1.9 L1·A@-75 L2·A@-74 L3·A@-76 R1·A@-75 R2·A@-75 R3·A@-74 罐=无罐 泵=0 阀=111111 速=+0,+0,+0.00 电=8.22V/0.65A/峰1.55 补余=0.0 IO错=0 倾+0.0
[   66.274] TLM t=   2.4 L1·A@-75 L2·A@-74 L3·A@-76 R1·A@-75 R2·A@-74 R3·A@-74 罐=无罐 泵=0 阀=111111 速=+0,+0,+0.00 电=8.22V/0.73A/峰1.55 补余=0.0 IO错=0 倾+0.0
[   66.792] TLM t=   2.9 L1·A@-74 L2·A@-73 L3·A@-75 R1·A@-75 R2·A@-74 R3·A@-73 罐=无罐 泵=0 阀=111111 速=+0,+0,+0.00 电=8.22V/0.73A/峰1.55 补余=0.0 IO错=0 倾+0.0
[   67.296] TLM t=   3.4 L1·A@-74 L2·A@-73 L3·A@-75 R1·A@-74 R2·A@-74 R3·A@-73 罐=无罐 泵=0 阀=111111 速=+0,+0,+0.00 电=8.22V/0.73A/峰1.55 补余=0.0 IO错=0 倾+0.0
[   67.815] TLM t=   3.9 L1·A@-74 L2·A@-72 L3·A@-75 R1·A@-74 R2·A@-73 R3·A@-72 罐=无罐 泵=0 阀=111111 速=+0,+0,+0.00 电=8.22V/0.73A/峰1.55 补余=0.0 IO错=0 倾+0.0
[   68.320] TLM t=   4.4 L1·A@-73 L2·A@-72 L3·A@-75 R1·A@-74 R2·A@-73 R3·A@-71 罐=无罐 泵=0 阀=111111 速=+0,+0,+0.00 电=8.22V/0.73A/峰1.55 补余=0.0 IO错=0 倾+0.0
[   68.834] TLM t=   5.0 L1·A@-73 L2·A@-72 L3·A@-75 R1·A@-74 R2·A@-73 R3·A@-71 罐=无罐 泵=0 阀=111111 速=+0,+0,+0.00 电=8.22V/0.73A/峰1.55 补余=0.0 IO错=0 倾+0.0
[   69.346] TLM t=   5.5 L1·A@-73 L2·A@-71 L3·A@-75 R1·A@-74 R2·A@-72 R3·A@-70 罐=无罐 泵=0 阀=111111 速=+0,+0,+0.00 电=8.22V/0.73A/峰1.55 补余=0.0 IO错=0 倾+0.0
[   69.861] TLM t=   6.0 L1·A@-72 L2·A@-71 L3·A@-75 R1·A@-74 R2·A@-72 R3·A@-70 罐=无罐 泵=0 阀=111111 速=+0,+0,+0.00 电=8.22V/0.65A/峰1.55 补余=0.0 IO错=0 倾+0.0
[   70.365] TLM t=   6.5 L1·A@-72 L2·A@-70 L3·A@-75 R1·A@-74 R2·A@-72 R3·A@-69 罐=无罐 泵=0 阀=111111 速=+0,+0,+0.00 电=8.21V/0.65A/峰1.55 补余=0.0 IO错=0 倾+0.0
[   70.885] TLM t=   7.0 L1·A@-72 L2·A@-70 L3·A@-75 R1·A@-74 R2·A@-71 R3·A@-69 罐=无罐 泵=0 阀=111111 速=+0,+0,+0.00 电=8.21V/0.73A/峰1.55 补余=0.0 IO错=0 倾+0.0
[   71.389] TLM t=   7.5 L1·A@-72 L2·A@-69 L3·A@-75 R1·A@-74 R2·A@-71 R3·A@-68 罐=无罐 泵=0 阀=111111 速=+0,+0,+0.00 电=8.21V/0.73A/峰1.55 补余=0.0 IO错=0 倾+0.0
[   71.905] TLM t=   8.0 L1·A@-71 L2·A@-69 L3·A@-74 R1·A@-74 R2·A@-71 R3·A@-67 罐=无罐 泵=0 阀=111111 速=+0,+0,+0.00 电=8.22V/0.73A/峰1.55 补余=0.0 IO错=0 倾+0.0
[   72.412] TLM t=   8.5 L1·A@-71 L2·A@-68 L3·A@-74 R1·A@-74 R2·A@-70 R3·A@-67 罐=无罐 泵=0 阀=111111 速=+0,+0,+0.00 电=8.21V/0.65A/峰1.55 补余=0.0 IO错=0 倾+0.0
[   72.931] TLM t=   9.0 L1·A@-71 L2·A@-68 L3·A@-74 R1·A@-73 R2·A@-70 R3·A@-66 罐=无罐 泵=0 阀=111111 速=+0,+0,+0.00 电=8.21V/0.65A/峰1.55 补余=0.0 IO错=0 倾+0.0
[   73.435] TLM t=   9.5 L1·A@-70 L2·A@-68 L3·A@-74 R1·A@-73 R2·A@-70 R3·A@-66 罐=无罐 泵=0 阀=111111 速=+0,+0,+0.00 电=8.22V/0.73A/峰1.55 补余=0.0 IO错=0 倾+0.0
[   73.951] TLM t=  10.1 L1·A@-70 L2·A@-67 L3·A@-74 R1·A@-73 R2·A@-69 R3·A@-65 罐=无罐 泵=0 阀=111111 速=+0,+0,+0.00 电=8.22V/0.65A/峰1.55 补余=0.0 IO错=0 倾+0.0
[   74.459] TLM t=  10.6 L1·A@-70 L2·A@-67 L3·A@-74 R1·A@-73 R2·A@-69 R3·A@-65 罐=无罐 泵=0 阀=111111 速=+0,+0,+0.00 电=8.22V/0.73A/峰1.55 补余=0.0 IO错=0 倾+0.0
[   74.973] TLM t=  11.1 L1·A@-70 L2·A@-66 L3·A@-74 R1·A@-73 R2·A@-69 R3·A@-64 罐=无罐 泵=0 阀=111111 速=+0,+0,+0.00 电=8.22V/0.73A/峰1.55 补余=0.0 IO错=0 倾+0.0
[   75.482] TLM t=  11.6 L1·A@-69 L2·A@-66 L3·A@-74 R1·A@-73 R2·A@-68 R3·A@-63 罐=无罐 泵=0 阀=111111 速=+0,+0,+0.00 电=8.22V/0.65A/峰1.55 补余=0.0 IO错=0 倾+0.0
[   76.000] TLM t=  12.1 L1·A@-69 L2·A@-65 L3·A@-74 R1·A@-73 R2·A@-68 R3·A@-63 罐=无罐 泵=0 阀=111111 速=+0,+0,+0.00 电=8.22V/0.73A/峰1.55 补余=0.0 IO错=0 倾+0.0
[   76.509] TLM t=  12.6 L1·A@-69 L2·A@-65 L3·A@-74 R1·A@-73 R2·A@-68 R3·A@-62 罐=无罐 泵=0 阀=111111 速=+0,+0,+0.00 电=8.22V/0.73A/峰1.55 补余=0.0 IO错=0 倾+0.0
[   77.024] TLM t=  13.1 L1·A@-69 L2·A@-65 L3·A@-73 R1·A@-73 R2·A@-67 R3·A@-62 罐=无罐 泵=0 阀=111111 速=+0,+0,+0.00 电=8.22V/0.73A/峰1.55 补余=0.0 IO错=0 倾+0.0
[   77.528] TLM t=  13.6 L1·A@-68 L2·A@-64 L3·A@-73 R1·A@-73 R2·A@-67 R3·A@-61 罐=无罐 泵=0 阀=111111 速=+0,+0,+0.00 电=8.22V/0.65A/峰1.55 补余=0.0 IO错=0 倾+0.0
[   78.047] TLM t=  14.1 L1·A@-68 L2·A@-64 L3·A@-73 R1·A@-73 R2·A@-67 R3·A@-61 罐=无罐 泵=0 阀=111111 速=+0,+0,+0.00 电=8.22V/0.73A/峰1.55 补余=0.0 IO错=0 倾+0.0
[   78.553] TLM t=  14.6 L1·A@-68 L2·A@-64 L3·A@-73 R1·A@-73 R2·A@-66 R3·A@-60 罐=无罐 泵=0 阀=111111 速=+0,+0,+0.00 电=8.22V/0.65A/峰1.55 补余=0.0 IO错=0 倾+0.0
[   78.845] EVT 泵 开 最差盘压-59.9
[   79.066] TLM t=  15.2 L1·A@-67 L2·A@-63 L3·A@-73 R1·A@-73 R2·A@-66 R3·A@-60 罐=无罐 泵=1 阀=111111 速=+0,+0,+0.00 电=8.18V/0.65A/峰1.55 补余=0.0 IO错=0 倾+0.0
[   79.578] TLM t=  15.7 L1·A@-73 L2·A@-73 L3·A@-73 R1·A@-73 R2·A@-73 R3·A@-73 罐=无罐 泵=1 阀=111111 速=+0,+0,+0.00 电=8.20V/0.57A/峰1.55 补余=0.0 IO错=0 倾+0.0
[   79.868] EVT 泵 停 最差盘压-75.3
[   80.090] TLM t=  16.2 L1·A@-76 L2·A@-77 L3·A@-76 R1·A@-76 R2·A@-76 R3·A@-76 罐=无罐 泵=0 阀=111111 速=+0,+0,+0.00 电=8.22V/0.73A/峰1.55 补余=0.0 IO错=0 倾+0.0
[   80.599] TLM t=  16.7 L1·A@-76 L2·A@-76 L3·A@-76 R1·A@-76 R2·A@-76 R3·A@-76 罐=无罐 泵=0 阀=111111 速=+0,+0,+0.00 电=8.22V/0.73A/峰1.55 补余=0.0 IO错=0 倾+0.0
[   81.114] TLM t=  17.2 L1·A@-76 L2·A@-75 L3·A@-76 R1·A@-76 R2·A@-75 R3·A@-75 罐=无罐 泵=0 阀=111111 速=+0,+0,+0.00 电=8.22V/0.73A/峰1.55 补余=0.0 IO错=0 倾+0.0
[   81.622] TLM t=  17.7 L1·A@-76 L2·A@-75 L3·A@-76 R1·A@-76 R2·A@-75 R3·A@-74 罐=无罐 泵=0 阀=111111 速=+0,+0,+0.00 电=8.22V/0.73A/峰1.55 补余=0.0 IO错=0 倾+0.0
[   81.746] EVT 实验序列开跑：起跑静置 60s 后打标记，自动轮换 3 轮
[   81.746] EVT 键 't' 倾=+0.0待=+0.0
[   82.137] TLM t=  18.2 L1·A@-76 L2·A@-75 L3·A@-76 R1·A@-76 R2·A@-75 R3·A@-74 罐=无罐 泵=0 阀=111111 速=+0,+0,+0.00 电=8.22V/0.73A/峰1.55 补余=0.0 IO错=0 倾+0.0 自动1/3
[   82.648] TLM t=  18.7 L1·A@-75 L2·A@-74 L3·A@-76 R1·A@-75 R2·A@-74 R3·A@-73 罐=无罐 泵=0 阀=111111 速=+0,+0,+0.00 电=8.21V/0.73A/峰1.55 补余=0.0 IO错=0 倾+0.0 自动1/3
[   83.162] TLM t=  19.2 L1·A@-75 L2·A@-74 L3·A@-76 R1·A@-75 R2·A@-74 R3·A@-73 罐=无罐 泵=0 阀=111111 速=+0,+0,+0.00 电=8.22V/0.73A/峰1.55 补余=0.0 IO错=0 倾+0.0 自动1/3
[   83.666] TLM t=  19.7 L1·A@-75 L2·A@-73 L3·A@-76 R1·A@-75 R2·A@-74 R3·A@-72 罐=无罐 泵=0 阀=111111 速=+0,+0,+0.00 电=8.20V/0.73A/峰1.55 补余=0.0 IO错=0 倾+0.0 自动1/3
[   84.186] TLM t=  20.3 L1·A@-75 L2·A@-73 L3·A@-76 R1·A@-75 R2·A@-73 R3·A@-72 罐=无罐 泵=0 阀=111111 速=+0,+0,+0.00 电=8.21V/0.73A/峰1.55 补余=0.0 IO错=0 倾+0.0 自动1/3
[   84.690] TLM t=  20.8 L1·A@-74 L2·A@-72 L3·A@-76 R1·A@-75 R2·A@-73 R3·A@-71 罐=无罐 泵=0 阀=111111 速=+0,+0,+0.00 电=8.21V/0.73A/峰1.55 补余=0.0 IO错=0 倾+0.0 自动1/3
[   85.206] TLM t=  21.3 L1·A@-74 L2·A@-72 L3·A@-75 R1·A@-75 R2·A@-72 R3·A@-70 罐=无罐 泵=0 阀=111111 速=+0,+0,+0.00 电=8.21V/0.73A/峰1.55 补余=0.0 IO错=0 倾+0.0 自动1/3
[   85.714] TLM t=  21.8 L1·A@-74 L2·A@-72 L3·A@-75 R1·A@-75 R2·A@-72 R3·A@-70 罐=无罐 泵=0 阀=111111 速=+0,+0,+0.00 电=8.21V/0.73A/峰1.55 补余=0.0 IO错=0 倾+0.0 自动1/3
[   86.232] TLM t=  22.3 L1·A@-74 L2·A@-71 L3·A@-75 R1·A@-75 R2·A@-72 R3·A@-69 罐=无罐 泵=0 阀=111111 速=+0,+0,+0.00 电=8.21V/0.73A/峰1.55 补余=0.0 IO错=0 倾+0.0 自动1/3
[   86.738] TLM t=  22.8 L1·A@-73 L2·A@-71 L3·A@-75 R1·A@-75 R2·A@-72 R3·A@-69 罐=无罐 泵=0 阀=111111 速=+0,+0,+0.00 电=8.21V/0.73A/峰1.55 补余=0.0 IO错=0 倾+0.0 自动1/3
[   87.256] TLM t=  23.3 L1·A@-73 L2·A@-70 L3·A@-75 R1·A@-75 R2·A@-71 R3·A@-68 罐=无罐 泵=0 阀=111111 速=+0,+0,+0.00 电=8.21V/0.73A/峰1.55 补余=0.0 IO错=0 倾+0.0 自动1/3
[   87.761] TLM t=  23.8 L1·A@-73 L2·A@-70 L3·A@-75 R1·A@-75 R2·A@-71 R3·A@-68 罐=无罐 泵=0 阀=111111 速=+0,+0,+0.00 电=8.22V/0.81A/峰1.55 补余=0.0 IO错=0 倾+0.0 自动1/3
[   88.280] TLM t=  24.3 L1·A@-73 L2·A@-69 L3·A@-75 R1·A@-75 R2·A@-71 R3·A@-67 罐=无罐 泵=0 阀=111111 速=+0,+0,+0.00 电=8.20V/0.65A/峰1.55 补余=0.0 IO错=0 倾+0.0 自动1/3
[   88.785] TLM t=  24.8 L1·A@-73 L2·A@-69 L3·A@-75 R1·A@-75 R2·A@-70 R3·A@-66 罐=无罐 泵=0 阀=111111 速=+0,+0,+0.00 电=8.22V/0.73A/峰1.55 补余=0.0 IO错=0 倾+0.0 自动1/3
[   89.300] TLM t=  25.4 L1·A@-72 L2·A@-69 L3·A@-75 R1·A@-75 R2·A@-70 R3·A@-66 罐=无罐 泵=0 阀=111111 速=+0,+0,+0.00 电=8.22V/0.73A/峰1.55 补余=0.0 IO错=0 倾+0.0 自动1/3
[   89.810] TLM t=  25.9 L1·A@-72 L2·A@-68 L3·A@-75 R1·A@-75 R2·A@-70 R3·A@-65 罐=无罐 泵=0 阀=111111 速=+0,+0,+0.00 电=8.21V/0.73A/峰1.55 补余=0.0 IO错=0 倾+0.0 自动1/3
[   90.324] TLM t=  26.4 L1·A@-72 L2·A@-68 L3·A@-75 R1·A@-75 R2·A@-69 R3·A@-65 罐=无罐 泵=0 阀=111111 速=+0,+0,+0.00 电=8.20V/0.81A/峰1.55 补余=0.0 IO错=0 倾+0.0 自动1/3
[   90.827] TLM t=  26.9 L1·A@-72 L2·A@-67 L3·A@-75 R1·A@-74 R2·A@-69 R3·A@-64 罐=无罐 泵=0 阀=111111 速=+0,+0,+0.00 电=8.21V/0.73A/峰1.55 补余=0.0 IO错=0 倾+0.0 自动1/3
[   91.345] TLM t=  27.4 L1·A@-72 L2·A@-67 L3·A@-75 R1·A@-74 R2·A@-69 R3·A@-64 罐=无罐 泵=0 阀=111111 速=+0,+0,+0.00 电=8.22V/0.73A/峰1.55 补余=0.0 IO错=0 倾+0.0 自动1/3
[   91.854] TLM t=  27.9 L1·A@-71 L2·A@-67 L3·A@-74 R1·A@-74 R2·A@-68 R3·A@-63 罐=无罐 泵=0 阀=111111 速=+0,+0,+0.00 电=8.21V/0.73A/峰1.55 补余=0.0 IO错=0 倾+0.0 自动1/3
[   92.370] TLM t=  28.4 L1·A@-71 L2·A@-66 L3·A@-74 R1·A@-74 R2·A@-68 R3·A@-63 罐=无罐 泵=0 阀=111111 速=+0,+0,+0.00 电=8.21V/0.73A/峰1.55 补余=0.0 IO错=0 倾+0.0 自动1/3
[   92.874] TLM t=  28.9 L1·A@-71 L2·A@-66 L3·A@-74 R1·A@-74 R2·A@-68 R3·A@-62 罐=无罐 泵=0 阀=111111 速=+0,+0,+0.00 电=8.21V/0.73A/峰1.55 补余=0.0 IO错=0 倾+0.0 自动1/3
[   93.397] TLM t=  29.4 L1·A@-71 L2·A@-65 L3·A@-74 R1·A@-74 R2·A@-68 R3·A@-62 罐=无罐 泵=0 阀=111111 速=+0,+0,+0.00 电=8.21V/0.73A/峰1.55 补余=0.0 IO错=0 倾+0.0 自动1/3
[   93.904] TLM t=  29.9 L1·A@-70 L2·A@-65 L3·A@-74 R1·A@-74 R2·A@-67 R3·A@-61 罐=无罐 泵=0 阀=111111 速=+0,+0,+0.00 电=8.21V/0.73A/峰1.55 补余=0.0 IO错=0 倾+0.0 自动1/3
[   94.411] TLM t=  30.4 L1·A@-70 L2·A@-65 L3·A@-74 R1·A@-74 R2·A@-67 R3·A@-61 罐=无罐 泵=0 阀=111111 速=+0,+0,+0.00 电=8.21V/0.73A/峰1.55 补余=0.0 IO错=0 倾+0.0 自动1/3
[   94.907] TLM t=  30.9 L1·A@-70 L2·A@-64 L3·A@-74 R1·A@-74 R2·A@-67 R3·A@-60 罐=无罐 泵=0 阀=111111 速=+0,+0,+0.00 电=8.22V/0.73A/峰1.55 补余=0.0 IO错=0 倾+0.0 自动1/3
[   95.006] EVT 泵 开 最差盘压-60.0
[   95.419] TLM t=  31.4 L1·A@-70 L2·A@-68 L3·A@-74 R1·A@-74 R2·A@-66 R3·A@-66 罐=无罐 泵=1 阀=111111 速=+0,+0,+0.00 电=8.19V/0.73A/峰1.55 补余=0.0 IO错=0 倾+0.0 自动1/3
[   95.922] TLM t=  31.9 L1·A@-75 L2·A@-76 L3·A@-75 R1·A@-74 R2·A@-75 R3·A@-75 罐=无罐 泵=1 阀=111111 速=+0,+0,+0.00 电=8.19V/0.81A/峰1.55 补余=0.0 IO错=0 倾+0.0 自动1/3
[   95.974] EVT 泵 停 最差盘压-75.1
[   96.441] TLM t=  32.5 L1·A@-76 L2·A@-76 L3·A@-76 R1·A@-76 R2·A@-76 R3·A@-76 罐=无罐 泵=0 阀=111111 速=+0,+0,+0.00 电=8.21V/0.81A/峰1.55 补余=0.0 IO错=0 倾+0.0 自动1/3
[   96.945] TLM t=  33.0 L1·A@-76 L2·A@-76 L3·A@-76 R1·A@-76 R2·A@-75 R3·A@-75 罐=无罐 泵=0 阀=111111 速=+0,+0,+0.00 电=8.22V/0.73A/峰1.55 补余=0.0 IO错=0 倾+0.0 自动1/3
[   97.466] TLM t=  33.5 L1·A@-76 L2·A@-75 L3·A@-76 R1·A@-75 R2·A@-75 R3·A@-75 罐=无罐 泵=0 阀=111111 速=+0,+0,+0.00 电=8.21V/0.81A/峰1.55 补余=0.0 IO错=0 倾+0.0 自动1/3
[   97.966] TLM t=  34.0 L1·A@-76 L2·A@-75 L3·A@-76 R1·A@-75 R2·A@-75 R3·A@-74 罐=无罐 泵=0 阀=111111 速=+0,+0,+0.00 电=8.21V/0.90A/峰1.55 补余=0.0 IO错=0 倾+0.0 自动1/3
[   98.492] TLM t=  34.5 L1·A@-75 L2·A@-74 L3·A@-76 R1·A@-75 R2·A@-74 R3·A@-73 罐=无罐 泵=0 阀=111111 速=+0,+0,+0.00 电=8.21V/0.73A/峰1.55 补余=0.0 IO错=0 倾+0.0 自动1/3
[   99.001] TLM t=  35.0 L1·A@-75 L2·A@-74 L3·A@-76 R1·A@-75 R2·A@-74 R3·A@-73 罐=无罐 泵=0 阀=111111 速=+0,+0,+0.00 电=8.21V/0.73A/峰1.55 补余=0.0 IO错=0 倾+0.0 自动1/3
[   99.520] TLM t=  35.5 L1·A@-75 L2·A@-73 L3·A@-76 R1·A@-75 R2·A@-74 R3·A@-72 罐=无罐 泵=0 阀=111111 速=+0,+0,+0.00 电=8.21V/0.73A/峰1.55 补余=0.0 IO错=0 倾+0.0 自动1/3
[  100.022] TLM t=  36.0 L1·A@-75 L2·A@-73 L3·A@-76 R1·A@-75 R2·A@-73 R3·A@-72 罐=无罐 泵=0 阀=111111 速=+0,+0,+0.00 电=8.21V/0.73A/峰1.55 补余=0.0 IO错=0 倾+0.0 自动1/3
[  100.544] TLM t=  36.5 L1·A@-75 L2·A@-72 L3·A@-75 R1·A@-75 R2·A@-73 R3·A@-71 罐=无罐 泵=0 阀=111111 速=+0,+0,+0.00 电=8.21V/0.81A/峰1.55 补余=0.0 IO错=0 倾+0.0 自动1/3
[  101.048] TLM t=  37.0 L1·A@-74 L2·A@-72 L3·A@-75 R1·A@-75 R2·A@-73 R3·A@-70 罐=无罐 泵=0 阀=111111 速=+0,+0,+0.00 电=8.21V/0.81A/峰1.55 补余=0.0 IO错=0 倾+0.0 自动1/3
[  101.568] TLM t=  37.6 L1·A@-74 L2·A@-72 L3·A@-75 R1·A@-75 R2·A@-72 R3·A@-70 罐=无罐 泵=0 阀=111111 速=+0,+0,+0.00 电=8.21V/0.65A/峰1.55 补余=0.0 IO错=0 倾+0.0 自动1/3
[  102.074] TLM t=  38.1 L1·A@-74 L2·A@-71 L3·A@-75 R1·A@-75 R2·A@-72 R3·A@-69 罐=无罐 泵=0 阀=111111 速=+0,+0,+0.00 电=8.21V/0.73A/峰1.55 补余=0.0 IO错=0 倾+0.0 自动1/3
[  102.591] TLM t=  38.6 L1·A@-74 L2·A@-71 L3·A@-75 R1·A@-75 R2·A@-72 R3·A@-69 罐=无罐 泵=0 阀=111111 速=+0,+0,+0.00 电=8.21V/0.73A/峰1.55 补余=0.0 IO错=0 倾+0.0 自动1/3
[  103.096] TLM t=  39.1 L1·A@-74 L2·A@-70 L3·A@-75 R1·A@-75 R2·A@-71 R3·A@-68 罐=无罐 泵=0 阀=111111 速=+0,+0,+0.00 电=8.21V/0.81A/峰1.55 补余=0.0 IO错=0 倾+0.0 自动1/3
[  103.618] TLM t=  39.6 L1·A@-73 L2·A@-70 L3·A@-75 R1·A@-75 R2·A@-71 R3·A@-68 罐=无罐 泵=0 阀=111111 速=+0,+0,+0.00 电=8.21V/0.73A/峰1.55 补余=0.0 IO错=0 倾+0.0 自动1/3
[  104.124] TLM t=  40.1 L1·A@-73 L2·A@-70 L3·A@-75 R1·A@-75 R2·A@-71 R3·A@-67 罐=无罐 泵=0 阀=111111 速=+0,+0,+0.00 电=8.22V/0.73A/峰1.55 补余=0.0 IO错=0 倾+0.0 自动1/3
[  104.641] TLM t=  40.6 L1·A@-73 L2·A@-69 L3·A@-75 R1·A@-75 R2·A@-70 R3·A@-67 罐=无罐 泵=0 阀=111111 速=+0,+0,+0.00 电=8.21V/0.73A/峰1.55 补余=0.0 IO错=0 倾+0.0 自动1/3
[  105.144] TLM t=  41.1 L1·A@-73 L2·A@-69 L3·A@-75 R1·A@-75 R2·A@-70 R3·A@-66 罐=无罐 泵=0 阀=111111 速=+0,+0,+0.00 电=8.21V/0.73A/峰1.55 补余=0.0 IO错=0 倾+0.0 自动1/3
[  105.666] TLM t=  41.6 L1·A@-73 L2·A@-68 L3·A@-75 R1·A@-75 R2·A@-70 R3·A@-66 罐=无罐 泵=0 阀=111111 速=+0,+0,+0.00 电=8.21V/0.73A/峰1.55 补余=0.0 IO错=0 倾+0.0 自动1/3
[  106.169] TLM t=  42.1 L1·A@-72 L2·A@-68 L3·A@-75 R1·A@-75 R2·A@-70 R3·A@-65 罐=无罐 泵=0 阀=111111 速=+0,+0,+0.00 电=8.21V/0.73A/峰1.55 补余=0.0 IO错=0 倾+0.0 自动1/3
[  106.691] TLM t=  42.7 L1·A@-72 L2·A@-68 L3·A@-75 R1·A@-74 R2·A@-69 R3·A@-65 罐=无罐 泵=0 阀=111111 速=+0,+0,+0.00 电=8.21V/0.73A/峰1.55 补余=0.0 IO错=0 倾+0.0 自动1/3
[  107.194] TLM t=  43.2 L1·A@-72 L2·A@-67 L3·A@-74 R1·A@-74 R2·A@-69 R3·A@-64 罐=无罐 泵=0 阀=111111 速=+0,+0,+0.00 电=8.21V/0.73A/峰1.55 补余=0.0 IO错=0 倾+0.0 自动1/3
[  107.718] TLM t=  43.7 L1·A@-72 L2·A@-67 L3·A@-74 R1·A@-74 R2·A@-69 R3·A@-63 罐=无罐 泵=0 阀=111111 速=+0,+0,+0.00 电=8.22V/0.73A/峰1.55 补余=0.0 IO错=0 倾+0.0 自动1/3
[  108.221] TLM t=  44.2 L1·A@-72 L2·A@-66 L3·A@-74 R1·A@-74 R2·A@-68 R3·A@-63 罐=无罐 泵=0 阀=111111 速=+0,+0,+0.00 电=8.21V/0.73A/峰1.55 补余=0.0 IO错=0 倾+0.0 自动1/3
[  108.743] TLM t=  44.7 L1·A@-71 L2·A@-66 L3·A@-74 R1·A@-74 R2·A@-68 R3·A@-62 罐=无罐 泵=0 阀=111111 速=+0,+0,+0.00 电=8.21V/0.73A/峰1.55 补余=0.0 IO错=0 倾+0.0 自动1/3
[  109.249] TLM t=  45.2 L1·A@-71 L2·A@-66 L3·A@-74 R1·A@-74 R2·A@-68 R3·A@-62 罐=无罐 泵=0 阀=111111 速=+0,+0,+0.00 电=8.22V/0.73A/峰1.55 补余=0.0 IO错=0 倾+0.0 自动1/3
[  109.771] TLM t=  45.7 L1·A@-71 L2·A@-65 L3·A@-74 R1·A@-74 R2·A@-67 R3·A@-61 罐=无罐 泵=0 阀=111111 速=+0,+0,+0.00 电=8.21V/0.73A/峰1.55 补余=0.0 IO错=0 倾+0.0 自动1/3
[  110.275] TLM t=  46.2 L1·A@-71 L2·A@-65 L3·A@-74 R1·A@-74 R2·A@-67 R3·A@-61 罐=无罐 泵=0 阀=111111 速=+0,+0,+0.00 电=8.21V/0.73A/峰1.55 补余=0.0 IO错=0 倾+0.0 自动1/3
[  110.795] TLM t=  46.7 L1·A@-71 L2·A@-64 L3·A@-74 R1·A@-74 R2·A@-67 R3·A@-60 罐=无罐 泵=0 阀=111111 速=+0,+0,+0.00 电=8.21V/0.73A/峰1.55 补余=0.0 IO错=0 倾+0.0 自动1/3
[  111.049] EVT 泵 开 最差盘压-60.0
[  111.299] TLM t=  47.2 L1·A@-70 L2·A@-64 L3·A@-74 R1·A@-74 R2·A@-67 R3·A@-60 罐=无罐 泵=1 阀=111111 速=+0,+0,+0.00 电=8.17V/0.73A/峰1.55 补余=0.0 IO错=0 倾+0.0 自动1/3
[  111.818] TLM t=  47.8 L1·A@-74 L2·A@-74 L3·A@-74 R1·A@-74 R2·A@-74 R3·A@-73 罐=无罐 泵=1 阀=111111 速=+0,+0,+0.00 电=8.16V/0.57A/峰1.55 补余=0.0 IO错=0 倾+0.0 自动1/3
[  112.011] EVT 泵 停 最差盘压-75.1
[  112.321] TLM t=  48.3 L1·A@-76 L2·A@-76 L3·A@-76 R1·A@-76 R2·A@-76 R3·A@-76 罐=无罐 泵=0 阀=111111 速=+0,+0,+0.00 电=8.21V/0.73A/峰1.55 补余=0.0 IO错=0 倾+0.0 自动1/3
[  112.845] TLM t=  48.8 L1·A@-76 L2·A@-76 L3·A@-76 R1·A@-76 R2·A@-75 R3·A@-75 罐=无罐 泵=0 阀=111111 速=+0,+0,+0.00 电=8.21V/0.73A/峰1.55 补余=0.0 IO错=0 倾+0.0 自动1/3
[  113.347] TLM t=  49.3 L1·A@-76 L2·A@-75 L3·A@-76 R1·A@-76 R2·A@-75 R3·A@-75 罐=无罐 泵=0 阀=111111 速=+0,+0,+0.00 电=8.21V/0.73A/峰1.55 补余=0.0 IO错=0 倾+0.0 自动1/3
[  113.870] TLM t=  49.8 L1·A@-76 L2·A@-75 L3·A@-76 R1·A@-75 R2·A@-75 R3·A@-74 罐=无罐 泵=0 阀=111111 速=+0,+0,+0.00 电=8.21V/0.73A/峰1.55 补余=0.0 IO错=0 倾+0.0 自动1/3
[  114.373] TLM t=  50.3 L1·A@-75 L2·A@-74 L3·A@-76 R1·A@-75 R2·A@-74 R3·A@-74 罐=无罐 泵=0 阀=111111 速=+0,+0,+0.00 电=8.21V/0.73A/峰1.55 补余=0.0 IO错=0 倾+0.0 自动1/3
[  114.892] TLM t=  50.8 L1·A@-75 L2·A@-74 L3·A@-76 R1·A@-75 R2·A@-74 R3·A@-73 罐=无罐 泵=0 阀=111111 速=+0,+0,+0.00 电=8.21V/0.65A/峰1.55 补余=0.0 IO错=0 倾+0.0 自动1/3
[  115.400] TLM t=  51.3 L1·A@-75 L2·A@-74 L3·A@-76 R1·A@-75 R2·A@-74 R3·A@-72 罐=无罐 泵=0 阀=111111 速=+0,+0,+0.00 电=8.21V/0.65A/峰1.55 补余=0.0 IO错=0 倾+0.0 自动1/3
[  115.921] TLM t=  51.8 L1·A@-75 L2·A@-73 L3·A@-76 R1·A@-75 R2·A@-73 R3·A@-72 罐=无罐 泵=0 阀=111111 速=+0,+0,+0.00 电=8.20V/0.73A/峰1.55 补余=0.0 IO错=0 倾+0.0 自动1/3
[  116.429] TLM t=  52.3 L1·A@-75 L2·A@-73 L3·A@-76 R1·A@-75 R2·A@-73 R3·A@-71 罐=无罐 泵=0 阀=111111 速=+0,+0,+0.00 电=8.21V/0.73A/峰1.55 补余=0.0 IO错=0 倾+0.0 自动1/3
[  116.946] TLM t=  52.9 L1·A@-75 L2·A@-72 L3·A@-75 R1·A@-75 R2·A@-73 R3·A@-71 罐=无罐 泵=0 阀=111111 速=+0,+0,+0.00 电=8.21V/0.73A/峰1.55 补余=0.0 IO错=0 倾+0.0 自动1/3
[  117.447] TLM t=  53.4 L1·A@-74 L2·A@-72 L3·A@-75 R1·A@-75 R2·A@-72 R3·A@-70 罐=无罐 泵=0 阀=111111 速=+0,+0,+0.00 电=8.22V/0.73A/峰1.55 补余=0.0 IO错=0 倾+0.0 自动1/3
[  117.974] TLM t=  53.9 L1·A@-74 L2·A@-71 L3·A@-75 R1·A@-75 R2·A@-72 R3·A@-70 罐=无罐 泵=0 阀=111111 速=+0,+0,+0.00 电=8.21V/0.65A/峰1.55 补余=0.0 IO错=0 倾+0.0 自动1/3
[  118.481] TLM t=  54.4 L1·A@-74 L2·A@-71 L3·A@-75 R1·A@-75 R2·A@-72 R3·A@-69 罐=无罐 泵=0 阀=111111 速=+0,+0,+0.00 电=8.21V/0.73A/峰1.55 补余=0.0 IO错=0 倾+0.0 自动1/3
[  118.999] TLM t=  54.9 L1·A@-74 L2·A@-71 L3·A@-75 R1·A@-75 R2·A@-72 R3·A@-69 罐=无罐 泵=0 阀=111111 速=+0,+0,+0.00 电=8.21V/0.73A/峰1.55 补余=0.0 IO错=0 倾+0.0 自动1/3
[  119.504] TLM t=  55.4 L1·A@-74 L2·A@-70 L3·A@-75 R1·A@-75 R2·A@-71 R3·A@-68 罐=无罐 泵=0 阀=111111 速=+0,+0,+0.00 电=8.21V/0.73A/峰1.55 补余=0.0 IO错=0 倾+0.0 自动1/3
[  120.023] TLM t=  55.9 L1·A@-73 L2·A@-70 L3·A@-75 R1·A@-75 R2·A@-71 R3·A@-67 罐=无罐 泵=0 阀=111111 速=+0,+0,+0.00 电=8.21V/0.73A/峰1.55 补余=0.0 IO错=0 倾+0.0 自动1/3
[  120.525] TLM t=  56.4 L1·A@-73 L2·A@-69 L3·A@-75 R1·A@-75 R2·A@-71 R3·A@-67 罐=无罐 泵=0 阀=111111 速=+0,+0,+0.00 电=8.21V/0.73A/峰1.55 补余=0.0 IO错=0 倾+0.0 自动1/3
[  121.047] TLM t=  56.9 L1·A@-73 L2·A@-69 L3·A@-75 R1·A@-75 R2·A@-70 R3·A@-66 罐=无罐 泵=0 阀=111111 速=+0,+0,+0.00 电=8.21V/0.73A/峰1.55 补余=0.0 IO错=0 倾+0.0 自动1/3
[  121.556] TLM t=  57.4 L1·A@-73 L2·A@-69 L3·A@-75 R1·A@-75 R2·A@-70 R3·A@-66 罐=无罐 泵=0 阀=111111 速=+0,+0,+0.00 电=8.21V/0.73A/峰1.55 补余=0.0 IO错=0 倾+0.0 自动1/3
[  122.077] TLM t=  58.0 L1·A@-73 L2·A@-68 L3·A@-75 R1·A@-75 R2·A@-70 R3·A@-65 罐=无罐 泵=0 阀=111111 速=+0,+0,+0.00 电=8.20V/0.73A/峰1.55 补余=0.0 IO错=0 倾+0.0 自动1/3
[  122.583] TLM t=  58.5 L1·A@-73 L2·A@-68 L3·A@-75 R1·A@-75 R2·A@-69 R3·A@-65 罐=无罐 泵=0 阀=111111 速=+0,+0,+0.00 电=8.21V/0.73A/峰1.55 补余=0.0 IO错=0 倾+0.0 自动1/3
[  123.105] TLM t=  59.0 L1·A@-72 L2·A@-67 L3·A@-75 R1·A@-75 R2·A@-69 R3·A@-64 罐=无罐 泵=0 阀=111111 速=+0,+0,+0.00 电=8.21V/0.73A/峰1.55 补余=0.0 IO错=0 倾+0.0 自动1/3
[  123.609] TLM t=  59.5 L1·A@-72 L2·A@-67 L3·A@-75 R1·A@-75 R2·A@-69 R3·A@-64 罐=无罐 泵=0 阀=111111 速=+0,+0,+0.00 电=8.21V/0.73A/峰1.55 补余=0.0 IO错=0 倾+0.0 自动1/3
[  124.128] TLM t=  60.0 L1·A@-72 L2·A@-67 L3·A@-75 R1·A@-75 R2·A@-68 R3·A@-63 罐=无罐 泵=0 阀=111111 速=+0,+0,+0.00 电=8.20V/0.65A/峰1.55 补余=0.0 IO错=0 倾+0.0 自动1/3
[  124.632] TLM t=  60.5 L1·A@-72 L2·A@-66 L3·A@-74 R1·A@-74 R2·A@-68 R3·A@-63 罐=无罐 泵=0 阀=111111 速=+0,+0,+0.00 电=8.21V/0.73A/峰1.55 补余=0.0 IO错=0 倾+0.0 自动1/3
[  125.151] TLM t=  61.0 L1·A@-72 L2·A@-66 L3·A@-74 R1·A@-74 R2·A@-68 R3·A@-62 罐=无罐 泵=0 阀=111111 速=+0,+0,+0.00 电=8.21V/0.73A/峰1.55 补余=0.0 IO错=0 倾+0.0 自动1/3
[  125.654] TLM t=  61.5 L1·A@-71 L2·A@-65 L3·A@-74 R1·A@-74 R2·A@-68 R3·A@-62 罐=无罐 泵=0 阀=111111 速=+0,+0,+0.00 电=8.21V/0.73A/峰1.55 补余=0.0 IO错=0 倾+0.0 自动1/3
[  126.177] TLM t=  62.0 L1·A@-71 L2·A@-65 L3·A@-74 R1·A@-74 R2·A@-67 R3·A@-61 罐=无罐 泵=0 阀=111111 速=+0,+0,+0.00 电=8.20V/0.73A/峰1.55 补余=0.0 IO错=0 倾+0.0 自动1/3
[  126.683] TLM t=  62.5 L1·A@-71 L2·A@-65 L3·A@-74 R1·A@-74 R2·A@-67 R3·A@-60 罐=无罐 泵=0 阀=111111 速=+0,+0,+0.00 电=8.21V/0.73A/峰1.55 补余=0.0 IO错=0 倾+0.0 自动1/3
[  127.204] TLM t=  63.1 L1·A@-71 L2·A@-64 L3·A@-74 R1·A@-74 R2·A@-67 R3·A@-60 罐=无罐 泵=0 阀=111111 速=+0,+0,+0.00 电=8.21V/0.73A/峰1.55 补余=0.0 IO错=0 倾+0.0 自动1/3
[  127.217] EVT 泵 开 最差盘压-59.9
[  127.706] TLM t=  63.6 L1·A@-71 L2·A@-69 L3·A@-74 R1·A@-74 R2·A@-69 R3·A@-69 罐=无罐 泵=1 阀=111111 速=+0,+0,+0.00 电=8.16V/0.73A/峰1.55 补余=0.0 IO错=0 倾+0.0 自动1/3
[  128.180] EVT 泵 停 最差盘压-75.1
[  128.229] TLM t=  64.1 L1·A@-76 L2·A@-76 L3·A@-76 R1·A@-75 R2·A@-76 R3·A@-76 罐=无罐 泵=0 阀=111111 速=+0,+0,+0.00 电=8.20V/0.73A/峰1.55 补余=0.0 IO错=0 倾+0.0 自动1/3
[  128.731] TLM t=  64.6 L1·A@-76 L2·A@-76 L3·A@-76 R1·A@-76 R2·A@-76 R3·A@-76 罐=无罐 泵=0 阀=111111 速=+0,+0,+0.00 电=8.21V/0.81A/峰1.55 补余=0.0 IO错=0 倾+0.0 自动1/3
[  129.255] TLM t=  65.1 L1·A@-76 L2·A@-76 L3·A@-76 R1·A@-76 R2·A@-75 R3·A@-75 罐=无罐 泵=0 阀=111111 速=+0,+0,+0.00 电=8.21V/0.73A/峰1.55 补余=0.0 IO错=0 倾+0.0 自动1/3
[  129.758] TLM t=  65.6 L1·A@-76 L2·A@-75 L3·A@-76 R1·A@-76 R2·A@-75 R3·A@-75 罐=无罐 泵=0 阀=111111 速=+0,+0,+0.00 电=8.20V/0.81A/峰1.55 补余=0.0 IO错=0 倾+0.0 自动1/3
[  130.279] TLM t=  66.1 L1·A@-76 L2·A@-75 L3·A@-76 R1·A@-75 R2·A@-75 R3·A@-74 罐=无罐 泵=0 阀=111111 速=+0,+0,+0.00 电=8.20V/0.73A/峰1.55 补余=0.0 IO错=0 倾+0.0 自动1/3
[  130.788] TLM t=  66.6 L1·A@-75 L2·A@-74 L3·A@-76 R1·A@-75 R2·A@-74 R3·A@-73 罐=无罐 泵=0 阀=111111 速=+0,+0,+0.00 电=8.21V/0.73A/峰1.55 补余=0.0 IO错=0 倾+0.0 自动1/3
[  131.306] TLM t=  67.1 L1·A@-75 L2·A@-74 L3·A@-76 R1·A@-75 R2·A@-74 R3·A@-73 罐=无罐 泵=0 阀=111111 速=+0,+0,+0.00 电=8.21V/0.73A/峰1.55 补余=0.0 IO错=0 倾+0.0 自动1/3
[  131.813] TLM t=  67.6 L1·A@-75 L2·A@-73 L3·A@-76 R1·A@-75 R2·A@-74 R3·A@-72 罐=无罐 泵=0 阀=111111 速=+0,+0,+0.00 电=8.20V/0.73A/峰1.55 补余=0.0 IO错=0 倾+0.0 自动1/3
[  132.333] TLM t=  68.2 L1·A@-75 L2·A@-73 L3·A@-76 R1·A@-75 R2·A@-73 R3·A@-72 罐=无罐 泵=0 阀=111111 速=+0,+0,+0.00 电=8.20V/0.73A/峰1.55 补余=0.0 IO错=0 倾+0.0 自动1/3
[  132.837] TLM t=  68.7 L1·A@-75 L2·A@-73 L3·A@-76 R1·A@-75 R2·A@-73 R3·A@-71 罐=无罐 泵=0 阀=111111 速=+0,+0,+0.00 电=8.21V/0.73A/峰1.55 补余=0.0 IO错=0 倾+0.0 自动1/3
[  133.357] TLM t=  69.2 L1·A@-74 L2·A@-72 L3·A@-76 R1·A@-75 R2·A@-73 R3·A@-71 罐=无罐 泵=0 阀=111111 速=+0,+0,+0.00 电=8.21V/0.73A/峰1.55 补余=0.0 IO错=0 倾+0.0 自动1/3
[  133.863] TLM t=  69.7 L1·A@-74 L2·A@-72 L3·A@-75 R1·A@-75 R2·A@-72 R3·A@-70 罐=无罐 泵=0 阀=111111 速=+0,+0,+0.00 电=8.20V/0.73A/峰1.55 补余=0.0 IO错=0 倾+0.0 自动1/3
[  134.383] TLM t=  70.2 L1·A@-74 L2·A@-71 L3·A@-75 R1·A@-75 R2·A@-72 R3·A@-69 罐=无罐 泵=0 阀=111111 速=+0,+0,+0.00 电=8.21V/0.73A/峰1.55 补余=0.0 IO错=0 倾+0.0 自动1/3
[  134.885] TLM t=  70.7 L1·A@-74 L2·A@-71 L3·A@-75 R1·A@-75 R2·A@-72 R3·A@-69 罐=无罐 泵=0 阀=111111 速=+0,+0,+0.00 电=8.21V/0.73A/峰1.55 补余=0.0 IO错=0 倾+0.0 自动1/3
[  135.407] TLM t=  71.2 L1·A@-74 L2·A@-70 L3·A@-75 R1·A@-75 R2·A@-71 R3·A@-68 罐=无罐 泵=0 阀=111111 速=+0,+0,+0.00 电=8.20V/0.81A/峰1.55 补余=0.0 IO错=0 倾+0.0 自动1/3
[  135.912] TLM t=  71.7 L1·A@-74 L2·A@-70 L3·A@-75 R1·A@-75 R2·A@-71 R3·A@-68 罐=无罐 泵=0 阀=111111 速=+0,+0,+0.00 电=8.20V/0.73A/峰1.55 补余=0.0 IO错=0 倾+0.0 自动1/3
[  136.435] TLM t=  72.2 L1·A@-73 L2·A@-70 L3·A@-75 R1·A@-75 R2·A@-71 R3·A@-67 罐=无罐 泵=0 阀=111111 速=+0,+0,+0.00 电=8.21V/0.73A/峰1.55 补余=0.0 IO错=0 倾+0.0 自动1/3
[  136.941] TLM t=  72.7 L1·A@-73 L2·A@-69 L3·A@-75 R1·A@-75 R2·A@-70 R3·A@-67 罐=无罐 泵=0 阀=111111 速=+0,+0,+0.00 电=8.20V/0.81A/峰1.55 补余=0.0 IO错=0 倾+0.0 自动1/3
[  137.460] TLM t=  73.3 L1·A@-73 L2·A@-69 L3·A@-75 R1·A@-75 R2·A@-70 R3·A@-66 罐=无罐 泵=0 阀=111111 速=+0,+0,+0.00 电=8.21V/0.81A/峰1.55 补余=0.0 IO错=0 倾+0.0 自动1/3
[  137.963] TLM t=  73.8 L1·A@-73 L2·A@-68 L3·A@-75 R1·A@-75 R2·A@-70 R3·A@-66 罐=无罐 泵=0 阀=111111 速=+0,+0,+0.00 电=8.20V/0.73A/峰1.55 补余=0.0 IO错=0 倾+0.0 自动1/3
[  138.489] TLM t=  74.3 L1·A@-73 L2·A@-68 L3·A@-75 R1·A@-75 R2·A@-70 R3·A@-65 罐=无罐 泵=0 阀=111111 速=+0,+0,+0.00 电=8.20V/0.73A/峰1.55 补余=0.0 IO错=0 倾+0.0 自动1/3
[  138.991] TLM t=  74.8 L1·A@-73 L2·A@-68 L3·A@-75 R1·A@-75 R2·A@-69 R3·A@-64 罐=无罐 泵=0 阀=111111 速=+0,+0,+0.00 电=8.21V/0.73A/峰1.55 补余=0.0 IO错=0 倾+0.0 自动1/3
[  139.515] TLM t=  75.3 L1·A@-72 L2·A@-67 L3·A@-75 R1·A@-75 R2·A@-69 R3·A@-64 罐=无罐 泵=0 阀=111111 速=+0,+0,+0.00 电=8.20V/0.73A/峰1.55 补余=0.0 IO错=0 倾+0.0 自动1/3
[  140.019] TLM t=  75.8 L1·A@-72 L2·A@-67 L3·A@-75 R1·A@-75 R2·A@-69 R3·A@-63 罐=无罐 泵=0 阀=111111 速=+0,+0,+0.00 电=8.21V/0.73A/峰1.55 补余=0.0 IO错=0 倾+0.0 自动1/3
[  140.537] TLM t=  76.3 L1·A@-72 L2·A@-66 L3·A@-75 R1·A@-75 R2·A@-68 R3·A@-63 罐=无罐 泵=0 阀=111111 速=+0,+0,+0.00 电=8.21V/0.73A/峰1.55 补余=0.0 IO错=0 倾+0.0 自动1/3
[  141.041] TLM t=  76.8 L1·A@-72 L2·A@-66 L3·A@-74 R1·A@-75 R2·A@-68 R3·A@-62 罐=无罐 泵=0 阀=111111 速=+0,+0,+0.00 电=8.21V/0.73A/峰1.55 补余=0.0 IO错=0 倾+0.0 自动1/3
[  141.563] TLM t=  77.3 L1·A@-72 L2·A@-66 L3·A@-74 R1·A@-74 R2·A@-68 R3·A@-62 罐=无罐 泵=0 阀=111111 速=+0,+0,+0.00 电=8.20V/0.73A/峰1.55 补余=0.0 IO错=0 倾+0.0 自动1/3
[  141.757] EVT 倾身 +10mm（对时标记 去程）
[  142.067] TLM t=  77.8 L1·A@-71 L2·A@-65 L3·A@-74 R1·A@-74 R2·A@-68 R3·A@-61 罐=无罐 泵=0 阀=111111 速=+0,+0,+0.00 电=8.17V/1.55A/峰1.55 补余=0.0 IO错=0 倾+3.0→+10 对时标记
[  142.587] TLM t=  78.4 L1·A@-71 L2·A@-65 L3·A@-74 R1·A@-74 R2·A@-67 R3·A@-61 罐=无罐 泵=0 阀=111111 速=+0,+0,+0.00 电=8.13V/2.36A/峰2.36 补余=0.0 IO错=0 倾+8.2→+10 对时标记
[  143.092] TLM t=  78.9 L1·A@-71 L2·A@-65 L3·A@-74 R1·A@-74 R2·A@-67 R3·A@-60 罐=无罐 泵=0 阀=111111 速=+0,+0,+0.00 电=8.11V/2.44A/峰2.44 补余=0.0 IO错=0 倾+10.0 对时标记
[  143.385] EVT 泵 开 最差盘压-59.9
[  143.614] TLM t=  79.4 L1·A@-71 L2·A@-64 L3·A@-74 R1·A@-74 R2·A@-67 R3·A@-60 罐=无罐 泵=1 阀=111111 速=+0,+0,+0.00 电=8.06V/2.44A/峰2.44 补余=0.0 IO错=0 倾+10.0 对时标记
[  144.118] TLM t=  79.9 L1·A@-73 L2·A@-74 L3·A@-74 R1·A@-74 R2·A@-74 R3·A@-73 罐=无罐 泵=1 阀=111111 速=+0,+0,+0.00 电=8.10V/2.44A/峰2.44 补余=0.0 IO错=0 倾+10.0 对时标记
[  144.350] EVT 泵 停 最差盘压-75.2
[  144.642] TLM t=  80.4 L1·A@-76 L2·A@-76 L3·A@-76 R1·A@-76 R2·A@-76 R3·A@-76 罐=无罐 泵=0 阀=111111 速=+0,+0,+0.00 电=8.13V/2.28A/峰2.44 补余=0.0 IO错=0 倾+10.0 对时标记
[  144.776] EVT 倾身 -10mm（对时标记 回程）
[  145.143] TLM t=  80.9 L1·A@-76 L2·A@-76 L3·A@-76 R1·A@-76 R2·A@-75 R3·A@-75 罐=无罐 泵=0 阀=111111 速=+0,+0,+0.00 电=8.19V/1.06A/峰2.44 补余=0.0 IO错=0 倾+6.4→+0 对时标记
[  145.666] TLM t=  81.4 L1·A@-76 L2·A@-75 L3·A@-76 R1·A@-76 R2·A@-75 R3·A@-75 罐=无罐 泵=0 阀=111111 速=+0,+0,+0.00 电=8.21V/0.65A/峰2.44 补余=0.0 IO错=0 倾+1.2→+0 对时标记
[  146.167] TLM t=  81.9 L1·A@-76 L2·A@-75 L3·A@-76 R1·A@-76 R2·A@-75 R3·A@-74 罐=无罐 泵=0 阀=111111 速=+0,+0,+0.00 电=8.21V/0.73A/峰2.44 补余=0.0 IO错=0 倾+0.0 对时标记
[  146.690] TLM t=  82.4 L1·A@-76 L2·A@-74 L3·A@-76 R1·A@-76 R2·A@-74 R3·A@-74 罐=无罐 泵=0 阀=111111 速=+0,+0,+0.00 电=8.21V/0.65A/峰2.44 补余=0.0 IO错=0 倾+0.0 对时标记
[  147.192] TLM t=  82.9 L1·A@-75 L2·A@-74 L3·A@-76 R1·A@-76 R2·A@-74 R3·A@-73 罐=无罐 泵=0 阀=111111 速=+0,+0,+0.00 电=8.20V/0.73A/峰2.44 补余=0.0 IO错=0 倾+0.0 对时标记
[  147.715] TLM t=  83.5 L1·A@-75 L2·A@-74 L3·A@-76 R1·A@-75 R2·A@-74 R3·A@-73 罐=无罐 泵=0 阀=111111 速=+0,+0,+0.00 电=8.21V/0.73A/峰2.44 补余=0.0 IO错=0 倾+0.0 对时标记
[  148.220] TLM t=  84.0 L1·A@-75 L2·A@-73 L3·A@-76 R1·A@-75 R2·A@-73 R3·A@-72 罐=无罐 泵=0 阀=111111 速=+0,+0,+0.00 电=8.20V/0.65A/峰2.44 补余=0.0 IO错=0 倾+0.0 对时标记
[  148.744] TLM t=  84.5 L1·A@-75 L2·A@-73 L3·A@-76 R1·A@-75 R2·A@-73 R3·A@-71 罐=无罐 泵=0 阀=111111 速=+0,+0,+0.00 电=8.20V/0.73A/峰2.44 补余=0.0 IO错=0 倾+0.0 对时标记
[  149.257] TLM t=  85.0 L1·A@-74 L2·A@-72 L3·A@-76 R1·A@-75 R2·A@-73 R3·A@-71 罐=无罐 泵=0 阀=111111 速=+0,+0,+0.00 电=8.20V/0.73A/峰2.44 补余=0.0 IO错=0 倾+0.0 对时标记
[  149.760] TLM t=  85.5 L1·A@-74 L2·A@-72 L3·A@-76 R1·A@-75 R2·A@-73 R3·A@-70 罐=无罐 泵=0 阀=111111 速=+0,+0,+0.00 电=8.20V/0.73A/峰2.44 补余=0.0 IO错=0 倾+0.0 对时标记
[  150.285] TLM t=  86.0 L1·A@-74 L2·A@-72 L3·A@-75 R1·A@-75 R2·A@-72 R3·A@-70 罐=无罐 泵=0 阀=111111 速=+0,+0,+0.00 电=8.21V/0.81A/峰2.44 补余=0.0 IO错=0 倾+0.0 对时标记
[  150.785] TLM t=  86.5 L1·A@-74 L2·A@-71 L3·A@-75 R1·A@-75 R2·A@-72 R3·A@-69 罐=无罐 泵=0 阀=111111 速=+0,+0,+0.00 电=8.21V/0.73A/峰2.44 补余=0.0 IO错=0 倾+0.0 对时标记
[  151.306] TLM t=  87.0 L1·A@-73 L2·A@-71 L3·A@-75 R1·A@-75 R2·A@-72 R3·A@-69 罐=无罐 泵=0 阀=111111 速=+0,+0,+0.00 电=8.20V/0.81A/峰2.44 补余=0.0 IO错=0 倾+0.0 对时标记
[  151.809] TLM t=  87.5 L1·A@-73 L2·A@-70 L3·A@-75 R1·A@-75 R2·A@-71 R3·A@-68 罐=无罐 泵=0 阀=111111 速=+0,+0,+0.00 电=8.21V/0.73A/峰2.44 补余=0.0 IO错=0 倾+0.0 对时标记
[  152.332] TLM t=  88.0 L1·A@-73 L2·A@-70 L3·A@-75 R1·A@-75 R2·A@-71 R3·A@-68 罐=无罐 泵=0 阀=111111 速=+0,+0,+0.00 电=8.20V/0.73A/峰2.44 补余=0.0 IO错=0 倾+0.0 对时标记
[  152.834] TLM t=  88.5 L1·A@-73 L2·A@-70 L3·A@-75 R1·A@-75 R2·A@-71 R3·A@-67 罐=无罐 泵=0 阀=111111 速=+0,+0,+0.00 电=8.21V/0.73A/峰2.44 补余=0.0 IO错=0 倾+0.0 对时标记
[  153.358] TLM t=  89.1 L1·A@-72 L2·A@-69 L3·A@-75 R1·A@-75 R2·A@-70 R3·A@-67 罐=无罐 泵=0 阀=111111 速=+0,+0,+0.00 电=8.20V/0.73A/峰2.44 补余=0.0 IO错=0 倾+0.0 对时标记
[  153.862] TLM t=  89.6 L1·A@-72 L2·A@-69 L3·A@-75 R1·A@-75 R2·A@-70 R3·A@-66 罐=无罐 泵=0 阀=111111 速=+0,+0,+0.00 电=8.20V/0.73A/峰2.44 补余=0.0 IO错=0 倾+0.0 对时标记
[  154.383] TLM t=  90.1 L1·A@-72 L2·A@-68 L3·A@-75 R1·A@-75 R2·A@-70 R3·A@-65 罐=无罐 泵=0 阀=111111 速=+0,+0,+0.00 电=8.20V/0.73A/峰2.44 补余=0.0 IO错=0 倾+0.0 对时标记
[  154.885] TLM t=  90.6 L1·A@-72 L2·A@-68 L3·A@-75 R1·A@-75 R2·A@-70 R3·A@-65 罐=无罐 泵=0 阀=111111 速=+0,+0,+0.00 电=8.20V/0.73A/峰2.44 补余=0.0 IO错=0 倾+0.0 对时标记
[  155.409] TLM t=  91.1 L1·A@-72 L2·A@-68 L3·A@-75 R1·A@-75 R2·A@-69 R3·A@-64 罐=无罐 泵=0 阀=111111 速=+0,+0,+0.00 电=8.21V/0.73A/峰2.44 补余=0.0 IO错=0 倾+0.0 对时标记
[  155.915] TLM t=  91.6 L1·A@-71 L2·A@-67 L3·A@-75 R1·A@-75 R2·A@-69 R3·A@-64 罐=无罐 泵=0 阀=111111 速=+0,+0,+0.00 电=8.21V/0.73A/峰2.44 补余=0.0 IO错=0 倾+0.0 对时标记
[  156.440] TLM t=  92.1 L1·A@-71 L2·A@-67 L3·A@-75 R1·A@-75 R2·A@-69 R3·A@-63 罐=无罐 泵=0 阀=111111 速=+0,+0,+0.00 电=8.20V/0.73A/峰2.44 补余=0.0 IO错=0 倾+0.0 对时标记
[  156.938] TLM t=  92.6 L1·A@-71 L2·A@-66 L3·A@-75 R1·A@-75 R2·A@-68 R3·A@-63 罐=无罐 泵=0 阀=111111 速=+0,+0,+0.00 电=8.21V/0.73A/峰2.44 补余=0.0 IO错=0 倾+0.0 对时标记
[  157.461] TLM t=  93.1 L1·A@-71 L2·A@-66 L3·A@-75 R1·A@-75 R2·A@-68 R3·A@-62 罐=无罐 泵=0 阀=111111 速=+0,+0,+0.00 电=8.20V/0.73A/峰2.44 补余=0.0 IO错=0 倾+0.0 对时标记
[  157.966] TLM t=  93.6 L1·A@-70 L2·A@-66 L3·A@-74 R1·A@-75 R2·A@-68 R3·A@-62 罐=无罐 泵=0 阀=111111 速=+0,+0,+0.00 电=8.20V/0.73A/峰2.44 补余=0.0 IO错=0 倾+0.0 对时标记
[  158.491] TLM t=  94.2 L1·A@-70 L2·A@-65 L3·A@-74 R1·A@-75 R2·A@-67 R3·A@-61 罐=无罐 泵=0 阀=111111 速=+0,+0,+0.00 电=8.20V/0.73A/峰2.44 补余=0.0 IO错=0 倾+0.0 对时标记
[  158.991] TLM t=  94.7 L1·A@-70 L2·A@-65 L3·A@-74 R1·A@-75 R2·A@-67 R3·A@-61 罐=无罐 泵=0 阀=111111 速=+0,+0,+0.00 电=8.21V/0.73A/峰2.44 补余=0.0 IO错=0 倾+0.0 对时标记
[  159.516] TLM t=  95.2 L1·A@-70 L2·A@-64 L3·A@-74 R1·A@-74 R2·A@-67 R3·A@-60 罐=无罐 泵=0 阀=111111 速=+0,+0,+0.00 电=8.20V/0.73A/峰2.44 补余=0.0 IO错=0 倾+0.0 对时标记
[  159.748] EVT 泵 开 最差盘压-59.9
[  160.017] TLM t=  95.7 L1·A@-69 L2·A@-64 L3·A@-74 R1·A@-74 R2·A@-67 R3·A@-60 罐=无罐 泵=1 阀=111111 速=+0,+0,+0.00 电=8.18V/0.65A/峰2.44 补余=0.0 IO错=0 倾+0.0 对时标记
[  160.540] TLM t=  96.2 L1·A@-74 L2·A@-74 L3·A@-74 R1·A@-74 R2·A@-74 R3·A@-74 罐=无罐 泵=1 阀=111111 速=+0,+0,+0.00 电=8.15V/0.81A/峰2.44 补余=0.0 IO错=0 倾+0.0 对时标记
[  160.772] EVT 泵 停 最差盘压-75.5
[  161.041] TLM t=  96.7 L1·A@-77 L2·A@-77 L3·A@-77 R1·A@-76 R2·A@-76 R3·A@-76 罐=无罐 泵=0 阀=111111 速=+0,+0,+0.00 电=8.21V/0.65A/峰2.44 补余=0.0 IO错=0 倾+0.0 对时标记
[  161.562] TLM t=  97.2 L1·A@-76 L2·A@-76 L3·A@-77 R1·A@-76 R2·A@-76 R3·A@-76 罐=无罐 泵=0 阀=111111 速=+0,+0,+0.00 电=8.20V/0.65A/峰2.44 补余=0.0 IO错=0 倾+0.0 对时标记
[  162.066] TLM t=  97.7 L1·A@-76 L2·A@-76 L3·A@-76 R1·A@-76 R2·A@-75 R3·A@-75 罐=无罐 泵=0 阀=111111 速=+0,+0,+0.00 电=8.21V/0.73A/峰2.44 补余=0.0 IO错=0 倾+0.0 对时标记
[  162.589] TLM t=  98.2 L1·A@-76 L2·A@-75 L3·A@-76 R1·A@-76 R2·A@-75 R3·A@-75 罐=无罐 泵=0 阀=111111 速=+0,+0,+0.00 电=8.20V/0.73A/峰2.44 补余=0.0 IO错=0 倾+0.0 对时标记
[  163.088] TLM t=  98.7 L1·A@-76 L2·A@-75 L3·A@-76 R1·A@-76 R2·A@-75 R3·A@-74 罐=无罐 泵=0 阀=111111 速=+0,+0,+0.00 电=8.20V/0.65A/峰2.44 补余=0.0 IO错=0 倾+0.0 对时标记
[  163.615] TLM t=  99.3 L1·A@-76 L2·A@-74 L3·A@-76 R1·A@-76 R2·A@-74 R3·A@-73 罐=无罐 泵=0 阀=111111 速=+0,+0,+0.00 电=8.20V/0.73A/峰2.44 补余=0.0 IO错=0 倾+0.0 对时标记
[  164.114] TLM t=  99.8 L1·A@-75 L2·A@-74 L3·A@-76 R1·A@-76 R2·A@-74 R3·A@-73 罐=无罐 泵=0 阀=111111 速=+0,+0,+0.00 电=8.20V/0.73A/峰2.44 补余=0.0 IO错=0 倾+0.0 对时标记
[  164.638] TLM t= 100.3 L1·A@-75 L2·A@-74 L3·A@-76 R1·A@-76 R2·A@-74 R3·A@-72 罐=无罐 泵=0 阀=111111 速=+0,+0,+0.00 电=8.20V/0.73A/峰2.44 补余=0.0 IO错=0 倾+0.0 对时标记
[  165.141] TLM t= 100.8 L1·A@-75 L2·A@-73 L3·A@-76 R1·A@-76 R2·A@-73 R3·A@-72 罐=无罐 泵=0 阀=111111 速=+0,+0,+0.00 电=8.21V/0.73A/峰2.44 补余=0.0 IO错=0 倾+0.0 对时标记
[  165.641] TLM t= 101.3 L1·A@-75 L2·A@-73 L3·A@-76 R1·A@-76 R2·A@-73 R3·A@-71 罐=无罐 泵=0 阀=111111 速=+0,+0,+0.00 电=8.20V/0.65A/峰2.44 补余=0.0 IO错=0 倾+0.0 对时标记
[  165.800] EVT 对时标记完成
[  165.800] EVT 自动轮换：第 1 轮开始
[  165.812] EVT 原地抬起受理：R3
[  165.840] EVT 相位 R3 stance→handover
[  166.151] TLM t= 104.7 L1·A@-75 L2·A@-72 L3·A@-76 R1·A@-76 R2·A@-73 R3ZA@-71 罐=无罐 泵=0 阀=111111 速=+0,+0,+0.00 电=8.20V/0.90A/峰2.44 补余=0.0 IO错=0 倾+0.0 自动1/3
[  166.657] TLM t= 105.0 L1·A@-74 L2·A@-72 L3·A@-76 R1·A@-76 R2·A@-73 R3ZA@-70 罐=无罐 泵=0 阀=111111 速=+0,+0,+0.00 电=8.19V/1.14A/峰2.44 补余=0.0 IO错=0 倾+0.0 自动1/3
[  166.925] EVT 吸附 R3 attached→venting 在态111.72s -69.8kPa
[  166.926] EVT 相位 R3 handover→vent 落点Δ(+0.0,+0.0)
[  166.946] EVT 阀 R3 →排气位
[  167.173] TLM t= 105.0 L1·A@-74 L2·A@-72 L3·A@-76 R1·A@-75 R2·A@-72 R3Vv@-70 罐=无罐 泵=0 阀=111110 速=+0,+0,+0.00 电=8.17V/1.38A/峰2.44 补余=0.0 IO错=0 倾+0.0 自动1/3
[  167.224] EVT 相位 R3 vent→lift
[  167.347] EVT 吸附 R3 venting→released 在态0.42s 0.2kPa
[  167.677] TLM t= 105.0 L1·A@-74 L2·A@-71 L3·A@-76 R1·A@-75 R2·A@-72 R3Lr@-- 罐=无罐 泵=0 阀=111110 速=+0,+0,+0.00 电=8.16V/1.38A/峰2.44 补余=0.0 IO错=0 倾+0.0 自动1/3
[  168.067] EVT 相位 R3 lift→transfer
[  168.198] TLM t= 105.0 L1·A@-74 L2·A@-71 L3·A@-76 R1·A@-75 R2·A@-72 R3Tr@-- 罐=无罐 泵=0 阀=111110 速=+0,+0,+0.00 电=8.14V/1.55A/峰2.44 补余=0.0 IO错=0 倾+0.0 自动1/3
[  168.695] EVT 相位 R3 transfer→hover
[  168.704] TLM t= 105.0 L1·A@-73 L2·A@-70 L3·A@-76 R1·A@-75 R2·A@-71 R3Hr@-- 罐=无罐 泵=0 阀=111110 速=+0,+0,+0.00 电=8.15V/1.71A/峰2.44 补余=0.0 IO错=0 倾+0.0 自动1/3
[  169.223] TLM t= 105.0 L1·A@-73 L2·A@-70 L3·A@-75 R1·A@-75 R2·A@-71 R3Hr@-- 罐=无罐 泵=0 阀=111110 速=+0,+0,+0.00 电=8.18V/1.30A/峰2.44 补余=0.0 IO错=0 倾+0.0 自动1/3
[  169.718] EVT 落地：R3
[  169.728] TLM t= 105.0 L1·A@-73 L2·A@-69 L3·A@-75 R1·A@-75 R2·A@-71 R3Dr@-- 罐=无罐 泵=0 阀=111110 速=+0,+0,+0.00 电=8.16V/1.30A/峰2.44 补余=0.0 IO错=0 倾+0.0 自动1/3
[  169.730] EVT 相位 R3 hover→descend
[  170.211] EVT 相位 R3 descend→press
[  170.247] TLM t= 105.0 L1·A@-73 L2·A@-69 L3·A@-75 R1·A@-75 R2·A@-71 R3Pr@-- 罐=无罐 泵=0 阀=111110 速=+0,+0,+0.00 电=8.17V/1.30A/峰2.44 补余=0.0 IO错=0 倾+0.0 自动1/3
[  170.748] TLM t= 105.0 L1·A@-72 L2·A@-69 L3·A@-75 R1·A@-75 R2·A@-70 R3Pr@-- 罐=无罐 泵=0 阀=111110 速=+0,+0,+0.00 电=8.16V/1.38A/峰2.44 补余=0.0 IO错=0 倾+0.0 自动1/3
[  171.273] TLM t= 105.0 L1·A@-72 L2·A@-68 L3·A@-75 R1·A@-75 R2·A@-70 R3Pr@-- 罐=无罐 泵=0 阀=111110 速=+0,+0,+0.00 电=8.17V/1.30A/峰2.44 补余=0.0 IO错=0 倾+0.0 自动1/3
[  171.418] EVT 吸附 R3 released→pressing 在态4.06s 0.2kPa
[  171.419] EVT 相位 R3 press→wait
[  171.744] EVT 吸附 R3 pressing→sucking 在态0.32s 0.2kPa
[  171.745] EVT 阀 R3 →抽气位
[  171.767] EVT 泵 开 最差盘压-67.9
[  171.775] TLM t= 105.0 L1·A@-72 L2·A@-68 L3·A@-75 R1·A@-75 R2·A@-70 R3Ws@0 罐=无罐 泵=1 阀=111111 速=+0,+0,+0.00 电=8.04V/1.22A/峰2.44 补余=0.0 IO错=0 倾+0.0 自动1/3
[  172.128] EVT 吸附 R3 sucking→attached 在态0.38s -61.1kPa
[  172.129] EVT 相位 R3 wait→stance
[  172.129] EVT 抬落完成，轮到 L1
[  172.293] TLM t= 105.2 L1·A@-72 L2·A@-69 L3·A@-75 R1·A@-75 R2·A@-69 R3·A@-69 罐=无罐 泵=1 阀=111111 速=+0,+0,+0.00 电=8.11V/1.38A/峰2.44 补余=0.0 IO错=0 倾+0.0 自动1/3
[  172.768] EVT 泵 停 最差盘压-75.1
[  172.800] TLM t= 105.7 L1·A@-76 L2·A@-77 L3·A@-76 R1·A@-75 R2·A@-76 R3·A@-76 罐=无罐 泵=0 阀=111111 速=+0,+0,+0.00 电=8.17V/1.38A/峰2.44 补余=0.0 IO错=0 倾+0.0 自动1/3
[  173.318] TLM t= 106.2 L1·A@-76 L2·A@-76 L3·A@-76 R1·A@-76 R2·A@-76 R3·A@-76 罐=无罐 泵=0 阀=111111 速=+0,+0,+0.00 电=8.18V/1.14A/峰2.44 补余=0.0 IO错=0 倾+0.0 自动1/3
[  173.826] TLM t= 106.7 L1·A@-76 L2·A@-76 L3·A@-76 R1·A@-76 R2·A@-75 R3·A@-75 罐=无罐 泵=0 阀=111111 速=+0,+0,+0.00 电=8.17V/1.30A/峰2.44 补余=0.0 IO错=0 倾+0.0 自动1/3
[  174.346] TLM t= 107.2 L1·A@-76 L2·A@-75 L3·A@-76 R1·A@-76 R2·A@-75 R3·A@-75 罐=无罐 泵=0 阀=111111 速=+0,+0,+0.00 电=8.17V/1.30A/峰2.44 补余=0.0 IO错=0 倾+0.0 自动1/3
[  174.848] TLM t= 107.7 L1·A@-76 L2·A@-75 L3·A@-76 R1·A@-76 R2·A@-75 R3·A@-74 罐=无罐 泵=0 阀=111111 速=+0,+0,+0.00 电=8.17V/1.22A/峰2.44 补余=0.0 IO错=0 倾+0.0 自动1/3
[  175.370] TLM t= 108.2 L1·A@-75 L2·A@-74 L3·A@-76 R1·A@-76 R2·A@-74 R3·A@-73 罐=无罐 泵=0 阀=111111 速=+0,+0,+0.00 电=8.17V/1.30A/峰2.44 补余=0.0 IO错=0 倾+0.0 自动1/3
[  175.873] TLM t= 108.7 L1·A@-75 L2·A@-74 L3·A@-76 R1·A@-76 R2·A@-74 R3·A@-73 罐=无罐 泵=0 阀=111111 速=+0,+0,+0.00 电=8.15V/1.38A/峰2.44 补余=0.0 IO错=0 倾+0.0 自动1/3
[  176.396] TLM t= 109.2 L1·A@-75 L2·A@-74 L3·A@-76 R1·A@-76 R2·A@-74 R3·A@-72 罐=无罐 泵=0 阀=111111 速=+0,+0,+0.00 电=8.17V/1.30A/峰2.44 补余=0.0 IO错=0 倾+0.0 自动1/3
[  176.903] TLM t= 109.7 L1·A@-75 L2·A@-73 L3·A@-76 R1·A@-75 R2·A@-73 R3·A@-72 罐=无罐 泵=0 阀=111111 速=+0,+0,+0.00 电=8.17V/1.22A/峰2.44 补余=0.0 IO错=0 倾+0.0 自动1/3
[  177.422] TLM t= 110.2 L1·A@-74 L2·A@-73 L3·A@-76 R1·A@-75 R2·A@-73 R3·A@-71 罐=无罐 泵=0 阀=111111 速=+0,+0,+0.00 电=8.17V/1.30A/峰2.44 补余=0.0 IO错=0 倾+0.0 自动1/3
[  177.923] TLM t= 110.7 L1·A@-74 L2·A@-72 L3·A@-76 R1·A@-75 R2·A@-73 R3·A@-71 罐=无罐 泵=0 阀=111111 速=+0,+0,+0.00 电=8.17V/1.22A/峰2.44 补余=0.0 IO错=0 倾+0.0 自动1/3
[  178.449] TLM t= 111.2 L1·A@-74 L2·A@-72 L3·A@-76 R1·A@-75 R2·A@-73 R3·A@-70 罐=无罐 泵=0 阀=111111 速=+0,+0,+0.00 电=8.17V/1.22A/峰2.44 补余=0.0 IO错=0 倾+0.0 自动1/3
[  178.949] TLM t= 111.7 L1·A@-74 L2·A@-72 L3·A@-76 R1·A@-75 R2·A@-72 R3·A@-69 罐=无罐 泵=0 阀=111111 速=+0,+0,+0.00 电=8.16V/1.38A/峰2.44 补余=0.0 IO错=0 倾+0.0 自动1/3
[  179.473] TLM t= 112.3 L1·A@-74 L2·A@-71 L3·A@-76 R1·A@-75 R2·A@-72 R3·A@-69 罐=无罐 泵=0 阀=111111 速=+0,+0,+0.00 电=8.17V/1.22A/峰2.44 补余=0.0 IO错=0 倾+0.0 自动1/3
[  179.981] TLM t= 112.8 L1·A@-73 L2·A@-71 L3·A@-76 R1·A@-75 R2·A@-72 R3·A@-68 罐=无罐 泵=0 阀=111111 速=+0,+0,+0.00 电=8.17V/1.30A/峰2.44 补余=0.0 IO错=0 倾+0.0 自动1/3
[  180.500] TLM t= 113.3 L1·A@-73 L2·A@-70 L3·A@-75 R1·A@-75 R2·A@-71 R3·A@-68 罐=无罐 泵=0 阀=111111 速=+0,+0,+0.00 电=8.17V/1.30A/峰2.44 补余=0.0 IO错=0 倾+0.0 自动1/3
[  181.004] TLM t= 113.8 L1·A@-73 L2·A@-70 L3·A@-75 R1·A@-75 R2·A@-71 R3·A@-67 罐=无罐 泵=0 阀=111111 速=+0,+0,+0.00 电=8.16V/1.30A/峰2.44 补余=0.0 IO错=0 倾+0.0 自动1/3
[  181.524] TLM t= 114.3 L1·A@-73 L2·A@-70 L3·A@-75 R1·A@-75 R2·A@-71 R3·A@-67 罐=无罐 泵=0 阀=111111 速=+0,+0,+0.00 电=8.18V/1.30A/峰2.44 补余=0.0 IO错=0 倾+0.0 自动1/3
[  182.026] TLM t= 114.8 L1·A@-72 L2·A@-69 L3·A@-75 R1·A@-75 R2·A@-71 R3·A@-66 罐=无罐 泵=0 阀=111111 速=+0,+0,+0.00 电=8.16V/1.22A/峰2.44 补余=0.0 IO错=0 倾+0.0 自动1/3
[  182.151] EVT 原地抬起受理：L1
[  182.179] EVT 相位 L1 stance→handover
[  182.548] TLM t= 116.2 L1ZA@-72 L2·A@-69 L3·A@-75 R1·A@-75 R2·A@-70 R3·A@-66 罐=无罐 泵=0 阀=111111 速=+0,+0,+0.00 电=8.17V/1.38A/峰2.44 补余=0.0 IO错=0 倾+0.0 自动1/3
[  183.055] TLM t= 116.4 L1ZA@-72 L2·A@-68 L3·A@-75 R1·A@-75 R2·A@-70 R3·A@-65 罐=无罐 泵=0 阀=111111 速=+0,+0,+0.00 电=8.15V/1.55A/峰2.44 补余=0.0 IO错=0 倾+0.0 自动1/3
[  183.574] TLM t= 116.4 L1ZA@-72 L2·A@-68 L3·A@-75 R1·A@-75 R2·A@-69 R3·A@-64 罐=无罐 泵=0 阀=111111 速=+0,+0,+0.00 电=8.14V/2.04A/峰2.44 补余=0.0 IO错=0 倾+0.0 自动1/3
[  183.719] EVT 吸附 L1 attached→venting 在态126.58s -71.7kPa
[  183.720] EVT 相位 L1 handover→vent 落点Δ(+0.0,+0.0)
[  183.745] EVT 阀 L1 →排气位
[  184.020] EVT 相位 L1 vent→lift
[  184.078] TLM t= 116.4 L1Lv@-72 L2·A@-68 L3·A@-75 R1·A@-75 R2·A@-69 R3·A@-64 罐=无罐 泵=0 阀=011111 速=+0,+0,+0.00 电=8.11V/2.04A/峰2.44 补余=0.0 IO错=0 倾+0.0 自动1/3
[  184.143] EVT 吸附 L1 venting→released 在态0.42s 0.1kPa
[  184.597] TLM t= 116.4 L1Lr@-- L2·A@-67 L3·A@-75 R1·A@-75 R2·A@-69 R3·A@-63 罐=无罐 泵=0 阀=011111 速=+0,+0,+0.00 电=8.08V/2.28A/峰2.44 补余=0.0 IO错=0 倾+0.0 自动1/3
[  184.866] EVT 相位 L1 lift→transfer
[  185.101] TLM t= 116.4 L1Tr@-- L2·A@-67 L3·A@-75 R1·A@-74 R2·A@-69 R3·A@-63 罐=无罐 泵=0 阀=011111 速=+0,+0,+0.00 电=8.11V/2.28A/峰2.44 补余=0.0 IO错=0 倾+0.0 自动1/3
[  185.493] EVT 相位 L1 transfer→hover
[  185.623] TLM t= 116.4 L1Hr@-- L2·A@-66 L3·A@-75 R1·A@-74 R2·A@-68 R3·A@-62 罐=无罐 泵=0 阀=011111 速=+0,+0,+0.00 电=8.13V/2.12A/峰2.44 补余=0.0 IO错=0 倾+0.0 自动1/3
[  186.126] TLM t= 116.4 L1Hr@-- L2·A@-66 L3·A@-75 R1·A@-74 R2·A@-68 R3·A@-62 罐=无罐 泵=0 阀=011111 速=+0,+0,+0.00 电=8.12V/2.12A/峰2.44 补余=0.0 IO错=0 倾+0.0 自动1/3
[  186.516] EVT 落地：L1
[  186.538] EVT 相位 L1 hover→descend
[  186.642] TLM t= 116.4 L1Dr@-- L2·A@-66 L3·A@-75 R1·A@-74 R2·A@-68 R3·A@-61 罐=无罐 泵=0 阀=011111 速=+0,+0,+0.00 电=8.10V/2.12A/峰2.44 补余=0.0 IO错=0 倾+0.0 自动1/3
[  187.020] EVT 相位 L1 descend→press
[  187.151] TLM t= 116.4 L1Pr@-- L2·A@-65 L3·A@-75 R1·A@-74 R2·A@-67 R3·A@-61 罐=无罐 泵=0 阀=011111 速=+0,+0,+0.00 电=8.12V/1.95A/峰2.44 补余=0.0 IO错=0 倾+0.0 自动1/3
[  187.668] TLM t= 116.4 L1Pr@-- L2·A@-65 L3·A@-74 R1·A@-74 R2·A@-67 R3·A@-60 罐=无罐 泵=0 阀=011111 速=+0,+0,+0.00 电=8.11V/2.12A/峰2.44 补余=0.0 IO错=0 倾+0.0 自动1/3
[  187.862] EVT 泵 开 最差盘压-59.9
[  188.170] TLM t= 116.4 L1Pr@-- L2·A@-64 L3·A@-74 R1·A@-74 R2·A@-67 R3·A@-63 罐=无罐 泵=1 阀=011111 速=+0,+0,+0.00 电=8.08V/2.28A/峰2.44 补余=0.0 IO错=0 倾+0.0 自动1/3
[  188.223] EVT 吸附 L1 released→pressing 在态4.06s 0.1kPa
[  188.223] EVT 相位 L1 press→wait
[  188.524] EVT 吸附 L1 pressing→sucking 在态0.30s 0.1kPa
[  188.524] EVT 阀 L1 →抽气位
[  188.694] TLM t= 116.4 L1Ws@-39 L2·A@-73 L3·A@-74 R1·A@-74 R2·A@-73 R3·A@-73 罐=无罐 泵=1 阀=111111 速=+0,+0,+0.00 电=8.06V/2.12A/峰2.44 补余=0.0 IO错=0 倾+0.0 自动1/3
[  188.859] EVT 吸附 L1 sucking→attached 在态0.34s -67.3kPa
[  188.865] EVT 相位 L1 wait→stance
[  188.865] EVT 抬落完成，轮到 R2
[  189.197] TLM t= 116.7 L1·A@-74 L2·A@-75 L3·A@-75 R1·A@-74 R2·A@-75 R3·A@-75 罐=无罐 泵=1 阀=111111 速=+0,+0,+0.00 电=8.09V/1.95A/峰2.44 补余=0.0 IO错=0 倾+0.0 自动1/3
[  189.309] EVT 泵 停 最差盘压-75.1
[  189.716] TLM t= 117.2 L1·A@-76 L2·A@-76 L3·A@-76 R1·A@-76 R2·A@-76 R3·A@-76 罐=无罐 泵=0 阀=111111 速=+0,+0,+0.00 电=8.14V/2.04A/峰2.44 补余=0.0 IO错=0 倾+0.0 自动1/3
[  190.222] TLM t= 117.7 L1·A@-76 L2·A@-76 L3·A@-76 R1·A@-75 R2·A@-75 R3·A@-75 罐=无罐 泵=0 阀=111111 速=+0,+0,+0.00 电=8.12V/1.95A/峰2.44 补余=0.0 IO错=0 倾+0.0 自动1/3
[  190.738] TLM t= 118.3 L1·A@-76 L2·A@-75 L3·A@-76 R1·A@-75 R2·A@-75 R3·A@-75 罐=无罐 泵=0 阀=111111 速=+0,+0,+0.00 电=8.12V/1.95A/峰2.44 补余=0.0 IO错=0 倾+0.0 自动1/3
[  191.243] TLM t= 118.8 L1·A@-76 L2·A@-75 L3·A@-76 R1·A@-75 R2·A@-75 R3·A@-74 罐=无罐 泵=0 阀=111111 速=+0,+0,+0.00 电=8.14V/2.12A/峰2.44 补余=0.0 IO错=0 倾+0.0 自动1/3
[  191.763] TLM t= 119.3 L1·A@-75 L2·A@-74 L3·A@-76 R1·A@-75 R2·A@-74 R3·A@-74 罐=无罐 泵=0 阀=111111 速=+0,+0,+0.00 电=8.13V/1.95A/峰2.44 补余=0.0 IO错=0 倾+0.0 自动1/3
[  192.263] TLM t= 119.8 L1·A@-75 L2·A@-74 L3·A@-76 R1·A@-75 R2·A@-74 R3·A@-73 罐=无罐 泵=0 阀=111111 速=+0,+0,+0.00 电=8.12V/1.95A/峰2.44 补余=0.0 IO错=0 倾+0.0 自动1/3
[  192.784] TLM t= 120.3 L1·A@-75 L2·A@-73 L3·A@-76 R1·A@-75 R2·A@-74 R3·A@-72 罐=无罐 泵=0 阀=111111 速=+0,+0,+0.00 电=8.12V/1.95A/峰2.44 补余=0.0 IO错=0 倾+0.0 自动1/3
[  193.293] TLM t= 120.8 L1·A@-75 L2·A@-73 L3·A@-76 R1·A@-75 R2·A@-73 R3·A@-72 罐=无罐 泵=0 阀=111111 速=+0,+0,+0.00 电=8.12V/2.12A/峰2.44 补余=0.0 IO错=0 倾+0.0 自动1/3
[  193.807] TLM t= 121.3 L1·A@-75 L2·A@-73 L3·A@-75 R1·A@-75 R2·A@-73 R3·A@-71 罐=无罐 泵=0 阀=111111 速=+0,+0,+0.00 电=8.11V/1.87A/峰2.44 补余=0.0 IO错=0 倾+0.0 自动1/3
[  194.311] TLM t= 121.8 L1·A@-75 L2·A@-72 L3·A@-75 R1·A@-75 R2·A@-73 R3·A@-71 罐=无罐 泵=0 阀=111111 速=+0,+0,+0.00 电=8.12V/2.04A/峰2.44 补余=0.0 IO错=0 倾+0.0 自动1/3
[  194.833] TLM t= 122.3 L1·A@-75 L2·A@-72 L3·A@-75 R1·A@-75 R2·A@-72 R3·A@-70 罐=无罐 泵=0 阀=111111 速=+0,+0,+0.00 电=8.14V/2.04A/峰2.44 补余=0.0 IO错=0 倾+0.0 自动1/3
[  195.334] TLM t= 122.8 L1·A@-74 L2·A@-71 L3·A@-75 R1·A@-75 R2·A@-72 R3·A@-70 罐=无罐 泵=0 阀=111111 速=+0,+0,+0.00 电=8.12V/1.87A/峰2.44 补余=0.0 IO错=0 倾+0.0 自动1/3
[  195.857] TLM t= 123.4 L1·A@-74 L2·A@-71 L3·A@-75 R1·A@-75 R2·A@-72 R3·A@-69 罐=无罐 泵=0 阀=111111 速=+0,+0,+0.00 电=8.12V/1.95A/峰2.44 补余=0.0 IO错=0 倾+0.0 自动1/3
[  196.367] TLM t= 123.9 L1·A@-74 L2·A@-71 L3·A@-75 R1·A@-75 R2·A@-72 R3·A@-68 罐=无罐 泵=0 阀=111111 速=+0,+0,+0.00 电=8.10V/2.12A/峰2.44 补余=0.0 IO错=0 倾+0.0 自动1/3
[  196.882] TLM t= 124.4 L1·A@-74 L2·A@-70 L3·A@-75 R1·A@-75 R2·A@-71 R3·A@-68 罐=无罐 泵=0 阀=111111 速=+0,+0,+0.00 电=8.13V/1.95A/峰2.44 补余=0.0 IO错=0 倾+0.0 自动1/3
[  197.387] TLM t= 124.9 L1·A@-74 L2·A@-70 L3·A@-75 R1·A@-74 R2·A@-71 R3·A@-67 罐=无罐 泵=0 阀=111111 速=+0,+0,+0.00 电=8.13V/1.95A/峰2.44 补余=0.0 IO错=0 倾+0.0 自动1/3
[  197.906] TLM t= 125.4 L1·A@-74 L2·A@-69 L3·A@-75 R1·A@-74 R2·A@-71 R3·A@-67 罐=无罐 泵=0 阀=111111 速=+0,+0,+0.00 电=8.12V/1.95A/峰2.44 补余=0.0 IO错=0 倾+0.0 自动1/3
[  198.408] TLM t= 125.9 L1·A@-74 L2·A@-69 L3·A@-75 R1·A@-74 R2·A@-70 R3·A@-66 罐=无罐 泵=0 阀=111111 速=+0,+0,+0.00 电=8.13V/1.87A/峰2.44 补余=0.0 IO错=0 倾+0.0 自动1/3
[  198.897] EVT 原地抬起受理：R2
[  198.920] EVT 相位 R2 stance→handover
[  198.930] TLM t= 127.2 L1·A@-74 L2·A@-68 L3·A@-75 R1·A@-74 R2ZA@-70 R3·A@-66 罐=无罐 泵=0 阀=111111 速=+0,+0,+0.00 电=8.13V/2.04A/峰2.44 补余=0.0 IO错=0 倾+0.0 自动1/3
[  199.450] TLM t= 127.7 L1·A@-74 L2·A@-68 L3·A@-75 R1·A@-74 R2ZA@-70 R3·A@-65 罐=无罐 泵=0 阀=111111 速=+0,+0,+0.00 电=8.12V/2.04A/峰2.44 补余=0.0 IO错=0 倾+0.0 自动1/3
[  199.951] TLM t= 127.8 L1·A@-74 L2·A@-68 L3·A@-74 R1·A@-74 R2ZA@-69 R3·A@-65 罐=无罐 泵=0 阀=111111 速=+0,+0,+0.00 电=8.11V/2.28A/峰2.44 补余=0.0 IO错=0 倾+0.0 自动1/3
[  200.003] EVT 吸附 R2 attached→venting 在态140.98s -69.4kPa
[  200.003] EVT 相位 R2 handover→vent 落点Δ(+0.0,+0.0)
[  200.023] EVT 阀 R2 →排气位
[  200.304] EVT 相位 R2 vent→lift
[  200.404] EVT 吸附 R2 venting→released 在态0.40s -0.0kPa
[  200.456] TLM t= 127.8 L1·A@-73 L2·A@-67 L3·A@-74 R1·A@-74 R2Lr@-- R3·A@-64 罐=无罐 泵=0 阀=111101 速=+0,+0,+0.00 电=8.11V/2.20A/峰2.44 补余=0.0 IO错=0 倾+0.0 自动1/3
[  200.977] TLM t= 127.8 L1·A@-73 L2·A@-67 L3·A@-74 R1·A@-74 R2Lr@-- R3·A@-64 罐=无罐 泵=0 阀=111101 速=+0,+0,+0.00 电=8.09V/2.44A/峰2.44 补余=0.0 IO错=0 倾+0.0 自动1/3
[  201.148] EVT 相位 R2 lift→transfer
[  201.479] TLM t= 127.8 L1·A@-73 L2·A@-66 L3·A@-74 R1·A@-74 R2Tr@-- R3·A@-63 罐=无罐 泵=0 阀=111101 速=+0,+0,+0.00 电=8.10V/2.36A/峰2.44 补余=0.0 IO错=0 倾+0.0 自动1/3
[  201.770] EVT 相位 R2 transfer→hover
[  202.003] TLM t= 127.8 L1·A@-73 L2·A@-66 L3·A@-74 R1·A@-74 R2Hr@-- R3·A@-63 罐=无罐 泵=0 阀=111101 速=+0,+0,+0.00 电=8.09V/2.36A/峰2.44 补余=0.0 IO错=0 倾+0.0 自动1/3
[  202.507] TLM t= 127.8 L1·A@-73 L2·A@-66 L3·A@-74 R1·A@-74 R2Hr@-- R3·A@-62 罐=无罐 泵=0 阀=111101 速=+0,+0,+0.00 电=8.10V/2.28A/峰2.44 补余=0.0 IO错=0 倾+0.0 自动1/3
[  202.778] EVT 落地：R2
[  202.801] EVT 相位 R2 hover→descend
[  203.029] TLM t= 127.8 L1·A@-73 L2·A@-65 L3·A@-74 R1·A@-74 R2Dr@-- R3·A@-61 罐=无罐 泵=0 阀=111101 速=+0,+0,+0.00 电=8.08V/2.36A/峰2.44 补余=0.0 IO错=0 倾+0.0 自动1/3
[  203.283] EVT 相位 R2 descend→press
[  203.537] TLM t= 127.8 L1·A@-73 L2·A@-65 L3·A@-74 R1·A@-74 R2Pr@-- R3·A@-61 罐=无罐 泵=0 阀=111101 速=+0,+0,+0.00 电=8.11V/2.44A/峰2.44 补余=0.0 IO错=0 倾+0.0 自动1/3
[  204.052] TLM t= 127.8 L1·A@-73 L2·A@-65 L3·A@-74 R1·A@-74 R2Pr@-- R3·A@-60 罐=无罐 泵=0 阀=111101 速=+0,+0,+0.00 电=8.09V/2.36A/峰2.44 补余=0.0 IO错=0 倾+0.0 自动1/3
[  204.428] EVT 泵 开 最差盘压-60.0
[  204.488] EVT 吸附 R2 released→pressing 在态4.06s -0.0kPa
[  204.488] EVT 相位 R2 press→wait
[  204.559] TLM t= 127.8 L1·A@-73 L2·A@-64 L3·A@-74 R1·A@-73 R2Wp@-- R3·A@-60 罐=无罐 泵=1 阀=111101 速=+0,+0,+0.00 电=8.06V/2.44A/峰2.44 补余=0.0 IO错=0 倾+0.0 自动1/3
[  204.789] EVT 吸附 R2 pressing→sucking 在态0.30s -0.0kPa
[  204.789] EVT 阀 R2 →抽气位
[  205.067] EVT 吸附 R2 sucking→attached 在态0.28s -65.8kPa
[  205.075] EVT 相位 R2 wait→stance
[  205.076] EVT 抬落完成，轮到 L3
[  205.086] TLM t= 127.8 L1·A@-73 L2·A@-68 L3·A@-74 R1·A@-73 R2·A@-66 R3·A@-67 罐=无罐 泵=1 阀=111111 速=+0,+0,+0.00 电=8.05V/2.20A/峰2.44 补余=0.0 IO错=0 倾+0.0 自动1/3
[  205.602] TLM t= 128.3 L1·A@-74 L2·A@-74 L3·A@-74 R1·A@-73 R2·A@-74 R3·A@-74 罐=无罐 泵=1 阀=111111 速=+0,+0,+0.00 电=8.11V/2.04A/峰2.44 补余=0.0 IO错=0 倾+0.0 自动1/3
[  205.815] EVT 泵 停 最差盘压-75.2
[  206.103] TLM t= 128.8 L1·A@-76 L2·A@-76 L3·A@-76 R1·A@-76 R2·A@-76 R3·A@-76 罐=无罐 泵=0 阀=111111 速=+0,+0,+0.00 电=8.13V/2.04A/峰2.44 补余=0.0 IO错=0 倾+0.0 自动1/3
[  206.611] TLM t= 129.3 L1·A@-76 L2·A@-76 L3·A@-76 R1·A@-76 R2·A@-75 R3·A@-75 罐=无罐 泵=0 阀=111111 速=+0,+0,+0.00 电=8.11V/2.20A/峰2.44 补余=0.0 IO错=0 倾+0.0 自动1/3
[  207.127] TLM t= 129.8 L1·A@-76 L2·A@-75 L3·A@-76 R1·A@-76 R2·A@-75 R3·A@-75 罐=无罐 泵=0 阀=111111 速=+0,+0,+0.00 电=8.10V/2.28A/峰2.44 补余=0.0 IO错=0 倾+0.0 自动1/3
[  207.629] TLM t= 130.3 L1·A@-76 L2·A@-75 L3·A@-76 R1·A@-75 R2·A@-74 R3·A@-74 罐=无罐 泵=0 阀=111111 速=+0,+0,+0.00 电=8.12V/2.12A/峰2.44 补余=0.0 IO错=0 倾+0.0 自动1/3
[  208.151] TLM t= 130.9 L1·A@-76 L2·A@-74 L3·A@-76 R1·A@-75 R2·A@-74 R3·A@-74 罐=无罐 泵=0 阀=111111 速=+0,+0,+0.00 电=8.12V/2.28A/峰2.44 补余=0.0 IO错=0 倾+0.0 自动1/3
[  208.654] TLM t= 131.4 L1·A@-76 L2·A@-74 L3·A@-76 R1·A@-75 R2·A@-73 R3·A@-73 罐=无罐 泵=0 阀=111111 速=+0,+0,+0.00 电=8.12V/2.04A/峰2.44 补余=0.0 IO错=0 倾+0.0 自动1/3
[  209.172] TLM t= 131.9 L1·A@-76 L2·A@-74 L3·A@-76 R1·A@-75 R2·A@-73 R3·A@-73 罐=无罐 泵=0 阀=111111 速=+0,+0,+0.00 电=8.12V/2.04A/峰2.44 补余=0.0 IO错=0 倾+0.0 自动1/3
[  209.677] TLM t= 132.4 L1·A@-75 L2·A@-73 L3·A@-76 R1·A@-75 R2·A@-73 R3·A@-72 罐=无罐 泵=0 阀=111111 速=+0,+0,+0.00 电=8.10V/2.20A/峰2.44 补余=0.0 IO错=0 倾+0.0 自动1/3
[  210.197] TLM t= 132.9 L1·A@-75 L2·A@-73 L3·A@-75 R1·A@-75 R2·A@-72 R3·A@-71 罐=无罐 泵=0 阀=111111 速=+0,+0,+0.00 电=8.09V/2.36A/峰2.44 补余=0.0 IO错=0 倾+0.0 自动1/3
[  210.701] TLM t= 133.4 L1·A@-75 L2·A@-72 L3·A@-75 R1·A@-75 R2·A@-72 R3·A@-71 罐=无罐 泵=0 阀=111111 速=+0,+0,+0.00 电=8.09V/2.36A/峰2.44 补余=0.0 IO错=0 倾+0.0 自动1/3
[  211.224] TLM t= 133.9 L1·A@-75 L2·A@-72 L3·A@-75 R1·A@-75 R2·A@-72 R3·A@-70 罐=无罐 泵=0 阀=111111 速=+0,+0,+0.00 电=8.08V/2.12A/峰2.44 补余=0.0 IO错=0 倾+0.0 自动1/3
[  211.728] TLM t= 134.4 L1·A@-75 L2·A@-72 L3·A@-75 R1·A@-75 R2·A@-72 R3·A@-70 罐=无罐 泵=0 阀=111111 速=+0,+0,+0.00 电=8.11V/2.36A/峰2.44 补余=0.0 IO错=0 倾+0.0 自动1/3
[  212.244] TLM t= 134.9 L1·A@-75 L2·A@-71 L3·A@-75 R1·A@-75 R2·A@-71 R3·A@-69 罐=无罐 泵=0 阀=111111 速=+0,+0,+0.00 电=8.11V/2.44A/峰2.44 补余=0.0 IO错=0 倾+0.0 自动1/3
[  212.750] TLM t= 135.4 L1·A@-75 L2·A@-71 L3·A@-75 R1·A@-75 R2·A@-71 R3·A@-69 罐=无罐 泵=0 阀=111111 速=+0,+0,+0.00 电=8.11V/2.28A/峰2.44 补余=0.0 IO错=0 倾+0.0 自动1/3
[  213.270] TLM t= 136.0 L1·A@-75 L2·A@-70 L3·A@-75 R1·A@-75 R2·A@-71 R3·A@-68 罐=无罐 泵=0 阀=111111 速=+0,+0,+0.00 电=8.11V/2.12A/峰2.44 补余=0.0 IO错=0 倾+0.0 自动1/3
[  213.771] TLM t= 136.5 L1·A@-75 L2·A@-70 L3·A@-75 R1·A@-75 R2·A@-70 R3·A@-67 罐=无罐 泵=0 阀=111111 速=+0,+0,+0.00 电=8.11V/2.04A/峰2.44 补余=0.0 IO错=0 倾+0.0 自动1/3
[  214.294] TLM t= 137.0 L1·A@-75 L2·A@-70 L3·A@-75 R1·A@-75 R2·A@-70 R3·A@-67 罐=无罐 泵=0 阀=111111 速=+0,+0,+0.00 电=8.11V/2.12A/峰2.44 补余=0.0 IO错=0 倾+0.0 自动1/3
[  214.796] TLM t= 137.5 L1·A@-74 L2·A@-69 L3·A@-75 R1·A@-74 R2·A@-70 R3·A@-66 罐=无罐 泵=0 阀=111111 速=+0,+0,+0.00 电=8.11V/2.28A/峰2.44 补余=0.0 IO错=0 倾+0.0 自动1/3
[  215.104] EVT 原地抬起受理：L3
[  215.127] EVT 相位 L3 stance→handover
[  215.316] TLM t= 138.8 L1·A@-74 L2·A@-69 L3ZA@-75 R1·A@-74 R2·A@-69 R3·A@-66 罐=无罐 泵=0 阀=111111 速=+0,+0,+0.00 电=8.12V/2.28A/峰2.44 补余=0.0 IO错=0 倾+0.0 自动1/3
[  215.821] TLM t= 139.2 L1·A@-74 L2·A@-68 L3ZA@-75 R1·A@-74 R2·A@-69 R3·A@-65 罐=无罐 泵=0 阀=111111 速=+0,+0,+0.00 电=8.11V/2.20A/峰2.44 补余=0.0 IO错=0 倾+0.0 自动1/3
[  216.338] TLM t= 139.2 L1·A@-74 L2·A@-68 L3ZA@-74 R1·A@-74 R2·A@-69 R3·A@-65 罐=无罐 泵=0 阀=111111 速=+0,+0,+0.00 电=8.09V/2.60A/峰2.60 补余=0.0 IO错=0 倾+0.0 自动1/3
[  216.570] EVT 吸附 L3 attached→venting 在态155.66s -74.4kPa
[  216.571] EVT 相位 L3 handover→vent 落点Δ(+0.0,+0.0)
[  216.594] EVT 阀 L3 →排气位
[  216.842] TLM t= 139.2 L1·A@-74 L2·A@-68 L3Vv@-74 R1·A@-74 R2·A@-68 R3·A@-64 罐=无罐 泵=0 阀=110111 速=+0,+0,+0.00 电=8.06V/2.69A/峰2.69 补余=0.0 IO错=0 倾+0.0 自动1/3
[  216.869] EVT 相位 L3 vent→lift
[  216.971] EVT 吸附 L3 venting→released 在态0.40s 0.1kPa
[  217.360] TLM t= 139.2 L1·A@-74 L2·A@-67 L3Lr@-- R1·A@-74 R2·A@-68 R3·A@-64 罐=无罐 泵=0 阀=110111 速=+0,+0,+0.00 电=8.07V/2.85A/峰2.85 补余=0.0 IO错=0 倾+0.0 自动1/3
[  217.712] EVT 相位 L3 lift→transfer
[  217.864] TLM t= 139.2 L1·A@-74 L2·A@-67 L3Tr@-- R1·A@-74 R2·A@-68 R3·A@-63 罐=无罐 泵=0 阀=110111 速=+0,+0,+0.00 电=8.08V/2.69A/峰2.85 补余=0.0 IO错=0 倾+0.0 自动1/3
[  218.338] EVT 相位 L3 transfer→hover
[  218.384] TLM t= 139.2 L1·A@-74 L2·A@-66 L3Hr@-- R1·A@-74 R2·A@-68 R3·A@-63 罐=无罐 泵=0 阀=110111 速=+0,+0,+0.00 电=8.08V/2.52A/峰2.85 补余=0.0 IO错=0 倾+0.0 自动1/3
[  218.887] TLM t= 139.2 L1·A@-74 L2·A@-66 L3Hr@-- R1·A@-74 R2·A@-67 R3·A@-62 罐=无罐 泵=0 阀=110111 速=+0,+0,+0.00 电=8.10V/2.44A/峰2.85 补余=0.0 IO错=0 倾+0.0 自动1/3
[  219.361] EVT 落地：L3
[  219.376] EVT 相位 L3 hover→descend
[  219.408] TLM t= 139.2 L1·A@-74 L2·A@-66 L3Dr@-- R1·A@-74 R2·A@-67 R3·A@-62 罐=无罐 泵=0 阀=110111 速=+0,+0,+0.00 电=8.09V/2.36A/峰2.85 补余=0.0 IO错=0 倾+0.0 自动1/3
[  219.857] EVT 相位 L3 descend→press
[  219.915] TLM t= 139.2 L1·A@-74 L2·A@-65 L3Pr@-- R1·A@-74 R2·A@-67 R3·A@-61 罐=无罐 泵=0 阀=110111 速=+0,+0,+0.00 电=8.07V/2.44A/峰2.85 补余=0.0 IO错=0 倾+0.0 自动1/3
[  220.427] TLM t= 139.2 L1·A@-73 L2·A@-65 L3Pr@-- R1·A@-74 R2·A@-66 R3·A@-61 罐=无罐 泵=0 阀=110111 速=+0,+0,+0.00 电=8.08V/2.52A/峰2.85 补余=0.0 IO错=0 倾+0.0 自动1/3
[  220.938] TLM t= 139.2 L1·A@-73 L2·A@-65 L3Pr@-- R1·A@-74 R2·A@-66 R3·A@-60 罐=无罐 泵=0 阀=110111 速=+0,+0,+0.00 电=8.07V/2.52A/峰2.85 补余=0.0 IO错=0 倾+0.0 自动1/3
[  220.986] EVT 泵 开 最差盘压-59.9
[  221.061] EVT 吸附 L3 released→pressing 在态4.08s 0.1kPa
[  221.062] EVT 相位 L3 press→wait
[  221.362] EVT 吸附 L3 pressing→sucking 在态0.30s 0.1kPa
[  221.363] EVT 阀 L3 →抽气位
[  221.456] TLM t= 139.2 L1·A@-73 L2·A@-68 L3Ws@-38 R1·A@-73 R2·A@-67 R3·A@-67 罐=无罐 泵=1 阀=111111 速=+0,+0,+0.00 电=8.08V/2.44A/峰2.85 补余=0.0 IO错=0 倾+0.0 自动1/3
[  221.644] EVT 吸附 L3 sucking→attached 在态0.28s -54.5kPa
[  221.650] EVT 相位 L3 wait→stance
[  221.650] EVT 抬落完成，轮到 R1
[  221.960] TLM t= 139.5 L1·A@-73 L2·A@-70 L3·A@-70 R1·A@-73 R2·A@-70 R3·A@-70 罐=无罐 泵=1 阀=111111 速=+0,+0,+0.00 电=8.01V/2.60A/峰2.85 补余=0.0 IO错=0 倾+0.0 自动1/3
[  222.432] EVT 泵 停 最差盘压-75.2
[  222.482] TLM t= 140.0 L1·A@-76 L2·A@-76 L3·A@-76 R1·A@-75 R2·A@-76 R3·A@-76 罐=无罐 泵=0 阀=111111 速=+0,+0,+0.00 电=8.08V/2.44A/峰2.85 补余=0.0 IO错=0 倾+0.0 自动1/3
[  222.988] TLM t= 140.5 L1·A@-76 L2·A@-76 L3·A@-76 R1·A@-76 R2·A@-76 R3·A@-76 罐=无罐 泵=0 阀=111111 速=+0,+0,+0.00 电=8.08V/2.52A/峰2.85 补余=0.0 IO错=0 倾+0.0 自动1/3
[  223.505] TLM t= 141.0 L1·A@-76 L2·A@-76 L3·A@-76 R1·A@-75 R2·A@-75 R3·A@-75 罐=无罐 泵=0 阀=111111 速=+0,+0,+0.00 电=8.09V/2.44A/峰2.85 补余=0.0 IO错=0 倾+0.0 自动1/3
[  224.011] TLM t= 141.5 L1·A@-76 L2·A@-75 L3·A@-76 R1·A@-75 R2·A@-75 R3·A@-75 罐=无罐 泵=0 阀=111111 速=+0,+0,+0.00 电=8.09V/2.44A/峰2.85 补余=0.0 IO错=0 倾+0.0 自动1/3
[  224.535] TLM t= 142.1 L1·A@-76 L2·A@-75 L3·A@-75 R1·A@-75 R2·A@-75 R3·A@-74 罐=无罐 泵=0 阀=111111 速=+0,+0,+0.00 电=8.10V/2.60A/峰2.85 补余=0.0 IO错=0 倾+0.0 自动1/3
[  225.039] TLM t= 142.6 L1·A@-76 L2·A@-74 L3·A@-75 R1·A@-75 R2·A@-74 R3·A@-73 罐=无罐 泵=0 阀=111111 速=+0,+0,+0.00 电=8.07V/2.60A/峰2.85 补余=0.0 IO错=0 倾+0.0 自动1/3
[  225.555] TLM t= 143.1 L1·A@-76 L2·A@-74 L3·A@-75 R1·A@-75 R2·A@-74 R3·A@-73 罐=无罐 泵=0 阀=111111 速=+0,+0,+0.00 电=8.10V/2.52A/峰2.85 补余=0.0 IO错=0 倾+0.0 自动1/3
[  226.064] TLM t= 143.6 L1·A@-76 L2·A@-73 L3·A@-75 R1·A@-75 R2·A@-74 R3·A@-72 罐=无罐 泵=0 阀=111111 速=+0,+0,+0.00 电=8.06V/2.60A/峰2.85 补余=0.0 IO错=0 倾+0.0 自动1/3
[  226.579] TLM t= 144.1 L1·A@-75 L2·A@-73 L3·A@-75 R1·A@-75 R2·A@-73 R3·A@-72 罐=无罐 泵=0 阀=111111 速=+0,+0,+0.00 电=8.09V/2.44A/峰2.85 补余=0.0 IO错=0 倾+0.0 自动1/3
[  227.086] TLM t= 144.6 L1·A@-75 L2·A@-73 L3·A@-75 R1·A@-75 R2·A@-73 R3·A@-71 罐=无罐 泵=0 阀=111111 速=+0,+0,+0.00 电=8.09V/2.44A/峰2.85 补余=0.0 IO错=0 倾+0.0 自动1/3
[  227.604] TLM t= 145.1 L1·A@-75 L2·A@-72 L3·A@-74 R1·A@-75 R2·A@-73 R3·A@-71 罐=无罐 泵=0 阀=111111 速=+0,+0,+0.00 电=8.11V/2.52A/峰2.85 补余=0.0 IO错=0 倾+0.0 自动1/3
[  228.105] TLM t= 145.6 L1·A@-75 L2·A@-72 L3·A@-74 R1·A@-75 R2·A@-72 R3·A@-70 罐=无罐 泵=0 阀=111111 速=+0,+0,+0.00 电=8.09V/2.44A/峰2.85 补余=0.0 IO错=0 倾+0.0 自动1/3
[  228.624] TLM t= 146.1 L1·A@-75 L2·A@-71 L3·A@-74 R1·A@-75 R2·A@-72 R3·A@-69 罐=无罐 泵=0 阀=111111 速=+0,+0,+0.00 电=8.09V/2.52A/峰2.85 补余=0.0 IO错=0 倾+0.0 自动1/3
[  229.130] TLM t= 146.6 L1·A@-75 L2·A@-71 L3·A@-74 R1·A@-74 R2·A@-72 R3·A@-69 罐=无罐 泵=0 阀=111111 速=+0,+0,+0.00 电=8.10V/2.60A/峰2.85 补余=0.0 IO错=0 倾+0.0 自动1/3
[  229.647] TLM t= 147.2 L1·A@-75 L2·A@-71 L3·A@-74 R1·A@-74 R2·A@-72 R3·A@-68 罐=无罐 泵=0 阀=111111 速=+0,+0,+0.00 电=8.08V/2.44A/峰2.85 补余=0.0 IO错=0 倾+0.0 自动1/3
[  230.163] TLM t= 147.7 L1·A@-75 L2·A@-70 L3·A@-74 R1·A@-74 R2·A@-71 R3·A@-68 罐=无罐 泵=0 阀=111111 速=+0,+0,+0.00 电=8.09V/2.44A/峰2.85 补余=0.0 IO错=0 倾+0.0 自动1/3
[  230.663] TLM t= 148.2 L1·A@-75 L2·A@-70 L3·A@-74 R1·A@-74 R2·A@-71 R3·A@-67 罐=无罐 泵=0 阀=111111 速=+0,+0,+0.00 电=8.07V/2.52A/峰2.85 补余=0.0 IO错=0 倾+0.0 自动1/3
[  231.189] TLM t= 148.7 L1·A@-75 L2·A@-69 L3·A@-73 R1·A@-74 R2·A@-71 R3·A@-67 罐=无罐 泵=0 阀=111111 速=+0,+0,+0.00 电=8.08V/2.52A/峰2.85 补余=0.0 IO错=0 倾+0.0 自动1/3
[  231.679] EVT 原地抬起受理：R1
[  231.690] TLM t= 149.2 L1·A@-74 L2·A@-69 L3·A@-73 R1·A@-74 R2·A@-70 R3·A@-66 罐=无罐 泵=0 阀=111111 速=+0,+0,+0.00 电=8.09V/2.28A/峰2.85 补余=0.0 IO错=0 倾+0.0 自动1/3
[  231.692] EVT 相位 R1 stance→handover
[  232.213] TLM t= 150.5 L1·A@-74 L2·A@-69 L3·A@-73 R1ZA@-74 R2·A@-70 R3·A@-66 罐=无罐 泵=0 阀=111111 速=+0,+0,+0.00 电=8.12V/1.71A/峰2.85 补余=0.0 IO错=0 倾+0.0 自动1/3
[  232.715] TLM t= 150.6 L1·A@-74 L2·A@-68 L3·A@-73 R1ZA@-74 R2·A@-70 R3·A@-65 罐=无罐 泵=0 阀=111111 速=+0,+0,+0.00 电=8.11V/1.79A/峰2.85 补余=0.0 IO错=0 倾+0.0 自动1/3
[  233.238] TLM t= 150.6 L1·A@-74 L2·A@-68 L3·A@-73 R1ZA@-74 R2·A@-69 R3·A@-65 罐=无罐 泵=0 阀=111111 速=+0,+0,+0.00 电=8.11V/2.04A/峰2.85 补余=0.0 IO错=0 倾+0.0 自动1/3
[  233.349] EVT 吸附 R1 attached→venting 在态170.48s -73.7kPa
[  233.349] EVT 相位 R1 handover→vent 落点Δ(+0.0,+0.0)
[  233.369] EVT 阀 R1 →排气位
[  233.647] EVT 相位 R1 vent→lift
[  233.740] TLM t= 150.6 L1·A@-74 L2·A@-67 L3·A@-73 R1Lv@-74 R2·A@-69 R3·A@-64 罐=无罐 泵=0 阀=111011 速=+0,+0,+0.00 电=8.10V/2.44A/峰2.85 补余=0.0 IO错=0 倾+0.0 自动1/3
[  233.750] EVT 吸附 R1 venting→released 在态0.40s -0.0kPa
[  234.265] TLM t= 150.6 L1·A@-74 L2·A@-67 L3·A@-73 R1Lr@-- R2·A@-69 R3·A@-64 罐=无罐 泵=0 阀=111011 速=+0,+0,+0.00 电=8.09V/2.28A/峰2.85 补余=0.0 IO错=0 倾+0.0 自动1/3
[  234.498] EVT 相位 R1 lift→transfer
[  234.780] TLM t= 150.6 L1·A@-74 L2·A@-67 L3·A@-73 R1Tr@-- R2·A@-69 R3·A@-63 罐=无罐 泵=0 阀=111011 速=+0,+0,+0.00 电=8.09V/2.36A/峰2.85 补余=0.0 IO错=0 倾+0.0 自动1/3
[  235.117] EVT 相位 R1 transfer→hover
[  235.292] TLM t= 150.6 L1·A@-74 L2·A@-66 L3·A@-73 R1Hr@-- R2·A@-68 R3·A@-63 罐=无罐 泵=0 阀=111011 速=+0,+0,+0.00 电=8.11V/2.20A/峰2.85 补余=0.0 IO错=0 倾+0.0 自动1/3
[  235.803] TLM t= 150.6 L1·A@-74 L2·A@-66 L3·A@-72 R1Hr@-- R2·A@-68 R3·A@-62 罐=无罐 泵=0 阀=111011 速=+0,+0,+0.00 电=8.09V/2.20A/峰2.85 补余=0.0 IO错=0 倾+0.0 自动1/3
[  236.123] EVT 落地：R1
[  236.140] EVT 相位 R1 hover→descend
[  236.314] TLM t= 150.6 L1·A@-74 L2·A@-65 L3·A@-72 R1Dr@-- R2·A@-68 R3·A@-62 罐=无罐 泵=0 阀=111011 速=+0,+0,+0.00 电=8.08V/2.36A/峰2.85 补余=0.0 IO错=0 倾+0.0 自动1/3
[  236.622] EVT 相位 R1 descend→press
[  236.829] TLM t= 150.6 L1·A@-74 L2·A@-65 L3·A@-72 R1Pr@-- R2·A@-67 R3·A@-61 罐=无罐 泵=0 阀=111011 速=+0,+0,+0.00 电=8.08V/2.28A/峰2.85 补余=0.0 IO错=0 倾+0.0 自动1/3
[  237.334] TLM t= 150.6 L1·A@-73 L2·A@-65 L3·A@-72 R1Pr@-- R2·A@-67 R3·A@-61 罐=无罐 泵=0 阀=111011 速=+0,+0,+0.00 电=8.08V/2.36A/峰2.85 补余=0.0 IO错=0 倾+0.0 自动1/3
[  237.825] EVT 吸附 R1 released→pressing 在态4.06s -0.0kPa
[  237.825] EVT 相位 R1 press→wait
[  237.850] TLM t= 150.6 L1·A@-73 L2·A@-64 L3·A@-72 R1Wp@-- R2·A@-67 R3·A@-60 罐=无罐 泵=0 阀=111011 速=+0,+0,+0.00 电=8.08V/2.28A/峰2.85 补余=0.0 IO错=0 倾+0.0 自动1/3
[  237.945] EVT 泵 开 最差盘压-59.9
[  238.126] EVT 吸附 R1 pressing→sucking 在态0.30s -0.0kPa
[  238.126] EVT 阀 R1 →抽气位
[  238.359] TLM t= 150.6 L1·A@-73 L2·A@-64 L3·A@-72 R1Ws@-54 R2·A@-67 R3·A@-60 罐=无罐 泵=1 阀=111111 速=+0,+0,+0.00 电=8.04V/2.12A/峰2.85 补余=0.0 IO错=0 倾+0.0 自动1/3
[  238.527] EVT 吸附 R1 sucking→attached 在态0.40s -64.3kPa
[  238.530] EVT 相位 R1 wait→stance
[  238.530] EVT 抬落完成，轮到 L2
[  238.877] TLM t= 150.9 L1·A@-73 L2·A@-73 L3·A@-73 R1·A@-72 R2·A@-73 R3·A@-73 罐=无罐 泵=1 阀=111111 速=+0,+0,+0.00 电=8.08V/2.12A/峰2.85 补余=0.0 IO错=0 倾+0.0 自动1/3
[  239.168] EVT 泵 停 最差盘压-75.1
[  239.382] TLM t= 151.4 L1·A@-76 L2·A@-76 L3·A@-76 R1·A@-76 R2·A@-76 R3·A@-76 罐=无罐 泵=0 阀=111111 速=+0,+0,+0.00 电=8.11V/2.28A/峰2.85 补余=0.0 IO错=0 倾+0.0 自动1/3
[  239.900] TLM t= 152.0 L1·A@-76 L2·A@-76 L3·A@-76 R1·A@-75 R2·A@-75 R3·A@-75 罐=无罐 泵=0 阀=111111 速=+0,+0,+0.00 电=8.09V/2.20A/峰2.85 补余=0.0 IO错=0 倾+0.0 自动1/3
[  240.404] TLM t= 152.5 L1·A@-76 L2·A@-75 L3·A@-76 R1·A@-75 R2·A@-75 R3·A@-75 罐=无罐 泵=0 阀=111111 速=+0,+0,+0.00 电=8.10V/2.28A/峰2.85 补余=0.0 IO错=0 倾+0.0 自动1/3
[  240.923] TLM t= 153.0 L1·A@-76 L2·A@-75 L3·A@-76 R1·A@-75 R2·A@-75 R3·A@-74 罐=无罐 泵=0 阀=111111 速=+0,+0,+0.00 电=8.10V/2.28A/峰2.85 补余=0.0 IO错=0 倾+0.0 自动1/3
[  241.427] TLM t= 153.5 L1·A@-76 L2·A@-74 L3·A@-76 R1·A@-75 R2·A@-74 R3·A@-74 罐=无罐 泵=0 阀=111111 速=+0,+0,+0.00 电=8.11V/2.20A/峰2.85 补余=0.0 IO错=0 倾+0.0 自动1/3
[  241.946] TLM t= 154.0 L1·A@-76 L2·A@-74 L3·A@-76 R1·A@-75 R2·A@-74 R3·A@-73 罐=无罐 泵=0 阀=111111 速=+0,+0,+0.00 电=8.08V/2.12A/峰2.85 补余=0.0 IO错=0 倾+0.0 自动1/3
[  242.455] TLM t= 154.5 L1·A@-75 L2·A@-74 L3·A@-76 R1·A@-75 R2·A@-74 R3·A@-73 罐=无罐 泵=0 阀=111111 速=+0,+0,+0.00 电=8.08V/2.28A/峰2.85 补余=0.0 IO错=0 倾+0.0 自动1/3
[  242.952] TLM t= 155.0 L1·A@-75 L2·A@-73 L3·A@-76 R1·A@-75 R2·A@-73 R3·A@-72 罐=无罐 泵=0 阀=111111 速=+0,+0,+0.00 电=8.10V/2.12A/峰2.85 补余=0.0 IO错=0 倾+0.0 自动1/3
[  243.474] TLM t= 155.5 L1·A@-75 L2·A@-73 L3·A@-75 R1·A@-75 R2·A@-73 R3·A@-71 罐=无罐 泵=0 阀=111111 速=+0,+0,+0.00 电=8.10V/2.20A/峰2.85 补余=0.0 IO错=0 倾+0.0 自动1/3
[  243.992] TLM t= 156.0 L1·A@-75 L2·A@-72 L3·A@-75 R1·A@-75 R2·A@-73 R3·A@-71 罐=无罐 泵=0 阀=111111 速=+0,+0,+0.00 电=8.10V/2.28A/峰2.85 补余=0.0 IO错=0 倾+0.0 自动1/3
[  244.496] TLM t= 156.5 L1·A@-75 L2·A@-72 L3·A@-75 R1·A@-75 R2·A@-72 R3·A@-70 罐=无罐 泵=0 阀=111111 速=+0,+0,+0.00 电=8.09V/2.20A/峰2.85 补余=0.0 IO错=0 倾+0.0 自动1/3
[  245.012] TLM t= 157.1 L1·A@-75 L2·A@-72 L3·A@-75 R1·A@-75 R2·A@-72 R3·A@-70 罐=无罐 泵=0 阀=111111 速=+0,+0,+0.00 电=8.10V/2.28A/峰2.85 补余=0.0 IO错=0 倾+0.0 自动1/3
[  245.523] TLM t= 157.6 L1·A@-75 L2·A@-71 L3·A@-75 R1·A@-75 R2·A@-72 R3·A@-69 罐=无罐 泵=0 阀=111111 速=+0,+0,+0.00 电=8.11V/2.28A/峰2.85 补余=0.0 IO错=0 倾+0.0 自动1/3
[  246.038] TLM t= 158.1 L1·A@-75 L2·A@-71 L3·A@-75 R1·A@-75 R2·A@-72 R3·A@-69 罐=无罐 泵=0 阀=111111 速=+0,+0,+0.00 电=8.09V/2.28A/峰2.85 补余=0.0 IO错=0 倾+0.0 自动1/3
[  246.544] TLM t= 158.6 L1·A@-75 L2·A@-70 L3·A@-75 R1·A@-75 R2·A@-71 R3·A@-68 罐=无罐 泵=0 阀=111111 速=+0,+0,+0.00 电=8.11V/2.20A/峰2.85 补余=0.0 IO错=0 倾+0.0 自动1/3
[  247.061] TLM t= 159.1 L1·A@-75 L2·A@-70 L3·A@-75 R1·A@-74 R2·A@-71 R3·A@-68 罐=无罐 泵=0 阀=111111 速=+0,+0,+0.00 电=8.09V/2.28A/峰2.85 补余=0.0 IO错=0 倾+0.0 自动1/3
[  247.567] TLM t= 159.6 L1·A@-74 L2·A@-70 L3·A@-75 R1·A@-75 R2·A@-71 R3·A@-67 罐=无罐 泵=0 阀=111111 速=+0,+0,+0.00 电=8.10V/2.28A/峰2.85 补余=0.0 IO错=0 倾+0.0 自动1/3
[  248.081] TLM t= 160.1 L1·A@-74 L2·A@-69 L3·A@-75 R1·A@-74 R2·A@-70 R3·A@-66 罐=无罐 泵=0 阀=111111 速=+0,+0,+0.00 电=8.10V/2.28A/峰2.85 补余=0.0 IO错=0 倾+0.0 自动1/3
[  248.555] EVT 原地抬起受理：L2
[  248.581] EVT 相位 L2 stance→handover
[  248.591] TLM t= 161.4 L1·A@-74 L2ZA@-69 L3·A@-75 R1·A@-74 R2·A@-70 R3·A@-66 罐=无罐 泵=0 阀=111111 速=+0,+0,+0.00 电=8.10V/2.28A/峰2.85 补余=0.0 IO错=0 倾+0.0 自动1/3
[  249.104] TLM t= 161.9 L1·A@-74 L2ZA@-68 L3·A@-75 R1·A@-74 R2·A@-70 R3·A@-65 罐=无罐 泵=0 阀=111111 速=+0,+0,+0.00 电=8.09V/2.12A/峰2.85 补余=0.0 IO错=0 倾+0.0 自动1/3
[  249.611] TLM t= 162.0 L1·A@-74 L2ZA@-68 L3·A@-75 R1·A@-74 R2·A@-69 R3·A@-65 罐=无罐 泵=0 阀=111111 速=+0,+0,+0.00 电=8.10V/2.04A/峰2.85 补余=0.0 IO错=0 倾+0.0 自动1/3
[  249.758] EVT 吸附 L2 attached→venting 在态185.02s -67.7kPa
[  249.759] EVT 相位 L2 handover→vent 落点Δ(+0.0,+0.0)
[  249.781] EVT 阀 L2 →排气位
[  250.060] EVT 相位 L2 vent→lift
[  250.130] TLM t= 162.0 L1·A@-74 L2Lv@-68 L3·A@-75 R1·A@-74 R2·A@-69 R3·A@-64 罐=无罐 泵=0 阀=101111 速=+0,+0,+0.00 电=8.08V/2.20A/峰2.85 补余=0.0 IO错=0 倾+0.0 自动1/3
[  250.166] EVT 吸附 L2 venting→released 在态0.40s 0.3kPa
[  250.634] TLM t= 162.0 L1·A@-74 L2Lr@-- L3·A@-74 R1·A@-74 R2·A@-69 R3·A@-64 罐=无罐 泵=0 阀=101111 速=+0,+0,+0.00 电=8.07V/2.12A/峰2.85 补余=0.0 IO错=0 倾+0.0 自动1/3
[  250.904] EVT 相位 L2 lift→transfer
[  251.136] TLM t= 162.0 L1·A@-74 L2Tr@-- L3·A@-74 R1·A@-74 R2·A@-68 R3·A@-63 罐=无罐 泵=0 阀=101111 速=+0,+0,+0.00 电=8.07V/2.52A/峰2.85 补余=0.0 IO错=0 倾+0.0 自动1/3
[  251.528] EVT 相位 L2 transfer→hover
[  251.659] TLM t= 162.0 L1·A@-74 L2Hr@-- L3·A@-74 R1·A@-74 R2·A@-68 R3·A@-63 罐=无罐 泵=0 阀=101111 速=+0,+0,+0.00 电=8.09V/2.12A/峰2.85 补余=0.0 IO错=0 倾+0.0 自动1/3
[  252.157] TLM t= 162.0 L1·A@-74 L2Hr@-- L3·A@-74 R1·A@-74 R2·A@-68 R3·A@-62 罐=无罐 泵=0 阀=101111 速=+0,+0,+0.00 电=8.09V/2.12A/峰2.85 补余=0.0 IO错=0 倾+0.0 自动1/3
[  252.528] EVT 落地：L2
[  252.551] EVT 相位 L2 hover→descend
[  252.679] TLM t= 162.0 L1·A@-74 L2Dr@-- L3·A@-74 R1·A@-74 R2·A@-68 R3·A@-62 罐=无罐 泵=0 阀=101111 速=+0,+0,+0.00 电=8.08V/2.20A/峰2.85 补余=0.0 IO错=0 倾+0.0 自动1/3
[  253.032] EVT 相位 L2 descend→press
[  253.179] TLM t= 162.0 L1·A@-73 L2Pr@-- L3·A@-74 R1·A@-74 R2·A@-67 R3·A@-61 罐=无罐 泵=0 阀=101111 速=+0,+0,+0.00 电=8.09V/2.20A/峰2.85 补余=0.0 IO错=0 倾+0.0 自动1/3
[  253.702] TLM t= 162.0 L1·A@-73 L2Pr@-- L3·A@-74 R1·A@-74 R2·A@-67 R3·A@-61 罐=无罐 泵=0 阀=101111 速=+0,+0,+0.00 电=8.08V/2.28A/峰2.85 补余=0.0 IO错=0 倾+0.0 自动1/3
[  254.206] TLM t= 162.0 L1·A@-73 L2Pr@-- L3·A@-74 R1·A@-74 R2·A@-67 R3·A@-60 罐=无罐 泵=0 阀=101111 速=+0,+0,+0.00 电=8.08V/2.36A/峰2.85 补余=0.0 IO错=0 倾+0.0 自动1/3
[  254.236] EVT 吸附 L2 released→pressing 在态4.06s 0.3kPa
[  254.237] EVT 相位 L2 press→wait
[  254.257] EVT 泵 开 最差盘压-60.0
[  254.537] EVT 吸附 L2 pressing→sucking 在态0.30s 0.3kPa
[  254.538] EVT 阀 L2 →抽气位
[  254.703] TLM t= 162.0 L1·A@-73 L2Ws@-55 L3·A@-74 R1·A@-74 R2·A@-66 R3·A@-63 罐=无罐 泵=1 阀=111111 速=+0,+0,+0.00 电=8.02V/2.36A/峰2.85 补余=0.0 IO错=0 倾+0.0 自动1/3
[  254.813] EVT 吸附 L2 sucking→attached 在态0.28s -62.8kPa
[  254.816] EVT 相位 L2 wait→stance
[  254.816] EVT 抬落完成，轮到 R3
[  254.816] EVT 自动轮换：第 1 轮完成
[  255.206] TLM t= 162.4 L1·A@-73 L2·A@-73 L3·A@-74 R1·A@-74 R2·A@-73 R3·A@-72 罐=无罐 泵=1 阀=111111 速=+0,+0,+0.00 电=8.07V/2.12A/峰2.85 补余=0.0 IO错=0 倾+0.0 自动2/3
[  255.478] EVT 泵 停 最差盘压-75.1
[  255.713] TLM t= 162.9 L1·A@-76 L2·A@-76 L3·A@-76 R1·A@-76 R2·A@-76 R3·A@-76 罐=无罐 泵=0 阀=111111 速=+0,+0,+0.00 电=8.08V/2.20A/峰2.85 补余=0.0 IO错=0 倾+0.0 自动2/3
[  256.230] TLM t= 163.4 L1·A@-76 L2·A@-76 L3·A@-76 R1·A@-76 R2·A@-75 R3·A@-76 罐=无罐 泵=0 阀=111111 速=+0,+0,+0.00 电=8.10V/2.28A/峰2.85 补余=0.0 IO错=0 倾+0.0 自动2/3
[  256.744] TLM t= 163.9 L1·A@-76 L2·A@-75 L3·A@-76 R1·A@-76 R2·A@-75 R3·A@-75 罐=无罐 泵=0 阀=111111 速=+0,+0,+0.00 电=8.09V/2.20A/峰2.85 补余=0.0 IO错=0 倾+0.0 自动2/3
[  257.248] TLM t= 164.4 L1·A@-76 L2·A@-75 L3·A@-76 R1·A@-76 R2·A@-75 R3·A@-74 罐=无罐 泵=0 阀=111111 速=+0,+0,+0.00 电=8.10V/2.28A/峰2.85 补余=0.0 IO错=0 倾+0.0 自动2/3
[  257.768] TLM t= 164.9 L1·A@-76 L2·A@-74 L3·A@-76 R1·A@-76 R2·A@-74 R3·A@-74 罐=无罐 泵=0 阀=111111 速=+0,+0,+0.00 电=8.09V/2.28A/峰2.85 补余=0.0 IO错=0 倾+0.0 自动2/3
[  258.275] TLM t= 165.4 L1·A@-76 L2·A@-74 L3·A@-76 R1·A@-75 R2·A@-74 R3·A@-73 罐=无罐 泵=0 阀=111111 速=+0,+0,+0.00 电=8.10V/2.12A/峰2.85 补余=0.0 IO错=0 倾+0.0 自动2/3
[  258.801] TLM t= 165.9 L1·A@-76 L2·A@-73 L3·A@-76 R1·A@-75 R2·A@-74 R3·A@-73 罐=无罐 泵=0 阀=111111 速=+0,+0,+0.00 电=8.09V/2.28A/峰2.85 补余=0.0 IO错=0 倾+0.0 自动2/3
[  259.298] TLM t= 166.4 L1·A@-75 L2·A@-73 L3·A@-76 R1·A@-75 R2·A@-73 R3·A@-72 罐=无罐 泵=0 阀=111111 速=+0,+0,+0.00 电=8.08V/2.20A/峰2.85 补余=0.0 IO错=0 倾+0.0 自动2/3
[  259.822] TLM t= 167.0 L1·A@-75 L2·A@-72 L3·A@-76 R1·A@-75 R2·A@-73 R3·A@-71 罐=无罐 泵=0 阀=111111 速=+0,+0,+0.00 电=8.10V/2.28A/峰2.85 补余=0.0 IO错=0 倾+0.0 自动2/3
[  260.325] TLM t= 167.5 L1·A@-75 L2·A@-72 L3·A@-76 R1·A@-75 R2·A@-73 R3·A@-71 罐=无罐 泵=0 阀=111111 速=+0,+0,+0.00 电=8.09V/2.20A/峰2.85 补余=0.0 IO错=0 倾+0.0 自动2/3
[  260.850] TLM t= 168.0 L1·A@-75 L2·A@-72 L3·A@-75 R1·A@-75 R2·A@-73 R3·A@-70 罐=无罐 泵=0 阀=111111 速=+0,+0,+0.00 电=8.08V/2.20A/峰2.85 补余=0.0 IO错=0 倾+0.0 自动2/3
[  261.351] TLM t= 168.5 L1·A@-75 L2·A@-71 L3·A@-75 R1·A@-75 R2·A@-72 R3·A@-70 罐=无罐 泵=0 阀=111111 速=+0,+0,+0.00 电=8.10V/2.12A/峰2.85 补余=0.0 IO错=0 倾+0.0 自动2/3
[  261.873] TLM t= 169.0 L1·A@-75 L2·A@-71 L3·A@-75 R1·A@-75 R2·A@-72 R3·A@-69 罐=无罐 泵=0 阀=111111 速=+0,+0,+0.00 电=8.09V/2.04A/峰2.85 补余=0.0 IO错=0 倾+0.0 自动2/3
[  262.375] TLM t= 169.5 L1·A@-75 L2·A@-70 L3·A@-75 R1·A@-75 R2·A@-72 R3·A@-69 罐=无罐 泵=0 阀=111111 速=+0,+0,+0.00 电=8.09V/2.20A/峰2.85 补余=0.0 IO错=0 倾+0.0 自动2/3
[  262.901] TLM t= 170.0 L1·A@-75 L2·A@-70 L3·A@-75 R1·A@-75 R2·A@-71 R3·A@-68 罐=无罐 泵=0 阀=111111 速=+0,+0,+0.00 电=8.10V/2.12A/峰2.85 补余=0.0 IO错=0 倾+0.0 自动2/3
[  263.403] TLM t= 170.5 L1·A@-75 L2·A@-70 L3·A@-75 R1·A@-75 R2·A@-71 R3·A@-68 罐=无罐 泵=0 阀=111111 速=+0,+0,+0.00 电=8.08V/2.20A/峰2.85 补余=0.0 IO错=0 倾+0.0 自动2/3
[  263.929] TLM t= 171.0 L1·A@-75 L2·A@-69 L3·A@-75 R1·A@-75 R2·A@-71 R3·A@-67 罐=无罐 泵=0 阀=111111 速=+0,+0,+0.00 电=8.10V/2.20A/峰2.85 补余=0.0 IO错=0 倾+0.0 自动2/3
[  264.430] TLM t= 171.5 L1·A@-75 L2·A@-69 L3·A@-75 R1·A@-75 R2·A@-70 R3·A@-67 罐=无罐 泵=0 阀=111111 速=+0,+0,+0.00 电=8.09V/2.20A/峰2.85 补余=0.0 IO错=0 倾+0.0 自动2/3
[  264.953] TLM t= 172.1 L1·A@-74 L2·A@-68 L3·A@-75 R1·A@-75 R2·A@-70 R3·A@-66 罐=无罐 泵=0 阀=111111 速=+0,+0,+0.00 电=8.10V/2.20A/峰2.85 补余=0.0 IO错=0 倾+0.0 自动2/3
[  265.453] TLM t= 172.6 L1·A@-74 L2·A@-68 L3·A@-75 R1·A@-75 R2·A@-70 R3·A@-65 罐=无罐 泵=0 阀=111111 速=+0,+0,+0.00 电=8.10V/2.28A/峰2.85 补余=0.0 IO错=0 倾+0.0 自动2/3
[  265.976] TLM t= 173.1 L1·A@-74 L2·A@-68 L3·A@-75 R1·A@-75 R2·A@-70 R3·A@-65 罐=无罐 泵=0 阀=111111 速=+0,+0,+0.00 电=8.08V/2.20A/峰2.85 补余=0.0 IO错=0 倾+0.0 自动2/3
[  266.480] TLM t= 173.6 L1·A@-74 L2·A@-67 L3·A@-75 R1·A@-75 R2·A@-69 R3·A@-64 罐=无罐 泵=0 阀=111111 速=+0,+0,+0.00 电=8.09V/2.12A/峰2.85 补余=0.0 IO错=0 倾+0.0 自动2/3
[  266.979] TLM t= 174.1 L1·A@-74 L2·A@-67 L3·A@-75 R1·A@-75 R2·A@-69 R3·A@-64 罐=无罐 泵=0 阀=111111 速=+0,+0,+0.00 电=8.09V/2.12A/峰2.85 补余=0.0 IO错=0 倾+0.0 自动2/3
[  267.489] TLM t= 174.6 L1·A@-74 L2·A@-66 L3·A@-75 R1·A@-75 R2·A@-69 R3·A@-63 罐=无罐 泵=0 阀=111111 速=+0,+0,+0.00 电=8.09V/2.28A/峰2.85 补余=0.0 IO错=0 倾+0.0 自动2/3
[  267.991] TLM t= 175.1 L1·A@-74 L2·A@-66 L3·A@-75 R1·A@-75 R2·A@-68 R3·A@-63 罐=无罐 泵=0 阀=111111 速=+0,+0,+0.00 电=8.09V/2.28A/峰2.85 补余=0.0 IO错=0 倾+0.0 自动2/3
[  268.512] TLM t= 175.6 L1·A@-74 L2·A@-66 L3·A@-74 R1·A@-75 R2·A@-68 R3·A@-62 罐=无罐 泵=0 阀=111111 速=+0,+0,+0.00 电=8.10V/2.12A/峰2.85 补余=0.0 IO错=0 倾+0.0 自动2/3
[  269.016] TLM t= 176.1 L1·A@-74 L2·A@-65 L3·A@-74 R1·A@-75 R2·A@-68 R3·A@-62 罐=无罐 泵=0 阀=111111 速=+0,+0,+0.00 电=8.09V/2.28A/峰2.85 补余=0.0 IO错=0 倾+0.0 自动2/3
[  269.535] TLM t= 176.6 L1·A@-74 L2·A@-65 L3·A@-74 R1·A@-75 R2·A@-68 R3·A@-61 罐=无罐 泵=0 阀=111111 速=+0,+0,+0.00 电=8.09V/2.12A/峰2.85 补余=0.0 IO错=0 倾+0.0 自动2/3
[  269.829] EVT 自动轮换：第 2 轮开始
[  269.849] EVT 原地抬起受理：R3
[  269.861] EVT 相位 R3 stance→handover
[  270.037] TLM t= 180.2 L1·A@-74 L2·A@-64 L3·A@-74 R1·A@-75 R2·A@-67 R3ZA@-61 罐=无罐 泵=0 阀=111111 速=+0,+0,+0.00 电=8.11V/1.87A/峰2.85 补余=0.0 IO错=0 倾+0.0 自动2/3
[  270.559] TLM t= 180.6 L1·A@-73 L2·A@-64 L3·A@-74 R1·A@-75 R2·A@-67 R3ZA@-60 罐=无罐 泵=0 阀=111111 速=+0,+0,+0.00 电=8.12V/1.71A/峰2.85 补余=0.0 IO错=0 倾+0.0 自动2/3
[  270.874] EVT 泵 开 最差盘压-59.9
[  270.945] EVT 吸附 R3 attached→venting 在态98.36s -59.8kPa
[  270.946] EVT 相位 R3 handover→vent 落点Δ(+0.0,+0.0)
[  270.974] EVT 阀 R3 →排气位
[  271.059] TLM t= 180.6 L1·A@-73 L2·A@-64 L3·A@-74 R1·A@-75 R2·A@-67 R3Vv@-60 罐=无罐 泵=1 阀=111110 速=+0,+0,+0.00 电=8.06V/1.79A/峰2.85 补余=0.0 IO错=0 倾+0.0 自动2/3
[  271.247] EVT 相位 R3 vent→lift
[  271.354] EVT 吸附 R3 venting→released 在态0.40s 0.2kPa
[  271.583] TLM t= 180.6 L1·A@-73 L2·A@-74 L3·A@-74 R1·A@-75 R2·A@-74 R3Lr@-- 罐=无罐 泵=1 阀=111110 速=+0,+0,+0.00 电=8.06V/1.95A/峰2.85 补余=0.0 IO错=0 倾+0.0 自动2/3
[  271.819] EVT 泵 停 最差盘压-75.5
[  272.090] TLM t= 180.6 L1·A@-77 L2·A@-77 L3·A@-77 R1·A@-76 R2·A@-76 R3Lr@-- 罐=无罐 泵=0 阀=111110 速=+0,+0,+0.00 电=8.08V/2.12A/峰2.85 补余=0.0 IO错=0 倾+0.0 自动2/3
[  272.093] EVT 相位 R3 lift→transfer
[  272.611] TLM t= 180.6 L1·A@-77 L2·A@-76 L3·A@-77 R1·A@-76 R2·A@-76 R3Tr@-- 罐=无罐 泵=0 阀=111110 速=+0,+0,+0.00 电=8.08V/2.04A/峰2.85 补余=0.0 IO错=0 倾+0.0 自动2/3
[  272.739] EVT ⚠ 主环卡顿 146ms（目标 20ms）
[  272.840] EVT 相位 R3 transfer→hover
[  273.115] TLM t= 180.6 L1·A@-76 L2·A@-76 L3·A@-76 R1·A@-76 R2·A@-75 R3Hr@-- 罐=无罐 泵=0 阀=111110 速=+0,+0,+0.00 电=8.09V/2.04A/峰2.85 补余=0.0 IO错=0 倾+0.0 自动2/3
[  273.633] TLM t= 180.6 L1·A@-76 L2·A@-75 L3·A@-76 R1·A@-76 R2·A@-75 R3Hr@-- 罐=无罐 泵=0 阀=111110 速=+0,+0,+0.00 电=8.09V/1.95A/峰2.85 补余=0.0 IO错=0 倾+0.0 自动2/3
[  273.848] EVT 落地：R3
[  273.863] EVT 相位 R3 hover→descend
[  274.139] TLM t= 180.6 L1·A@-76 L2·A@-75 L3·A@-76 R1·A@-76 R2·A@-75 R3Dr@-- 罐=无罐 泵=0 阀=111110 速=+0,+0,+0.00 电=8.10V/2.04A/峰2.85 补余=0.0 IO错=0 倾+0.0 自动2/3
[  274.344] EVT 相位 R3 descend→press
[  274.652] TLM t= 180.6 L1·A@-76 L2·A@-74 L3·A@-76 R1·A@-76 R2·A@-74 R3Pr@-- 罐=无罐 泵=0 阀=111110 速=+0,+0,+0.00 电=8.07V/2.04A/峰2.85 补余=0.0 IO错=0 倾+0.0 自动2/3
[  275.166] TLM t= 180.6 L1·A@-76 L2·A@-74 L3·A@-76 R1·A@-76 R2·A@-74 R3Pr@-- 罐=无罐 泵=0 阀=111110 速=+0,+0,+0.00 电=8.07V/1.87A/峰2.85 补余=0.0 IO错=0 倾+0.0 自动2/3
[  275.547] EVT 吸附 R3 released→pressing 在态4.06s 0.2kPa
[  275.548] EVT 相位 R3 press→wait
[  275.674] TLM t= 180.6 L1·A@-76 L2·A@-74 L3·A@-76 R1·A@-76 R2·A@-74 R3Wp@-- 罐=无罐 泵=0 阀=111110 速=+0,+0,+0.00 电=8.08V/1.95A/峰2.85 补余=0.0 IO错=0 倾+0.0 自动2/3
[  275.848] EVT 吸附 R3 pressing→sucking 在态0.30s 0.2kPa
[  275.849] EVT 阀 R3 →抽气位
[  275.876] EVT 泵 开 最差盘压-73.4
[  276.149] EVT 吸附 R3 sucking→attached 在态0.30s -64.0kPa
[  276.149] EVT 相位 R3 wait→stance
[  276.149] EVT 抬落完成，轮到 L1
[  276.185] TLM t= 180.6 L1·A@-76 L2·A@-73 L3·A@-76 R1·A@-76 R2·A@-74 R3·A@-64 罐=无罐 泵=1 阀=111111 速=+0,+0,+0.00 电=8.05V/1.95A/峰2.85 补余=0.0 IO错=0 倾+0.0 自动2/3
[  276.558] EVT 泵 停 最差盘压-75.3
[  276.687] TLM t= 181.1 L1·A@-76 L2·A@-76 L3·A@-76 R1·A@-76 R2·A@-76 R3·A@-76 罐=无罐 泵=0 阀=111111 速=+0,+0,+0.00 电=8.09V/2.04A/峰2.85 补余=0.0 IO错=0 倾+0.0 自动2/3
[  277.208] TLM t= 181.6 L1·A@-76 L2·A@-76 L3·A@-76 R1·A@-76 R2·A@-75 R3·A@-75 罐=无罐 泵=0 阀=111111 速=+0,+0,+0.00 电=8.10V/1.87A/峰2.85 补余=0.0 IO错=0 倾+0.0 自动2/3
[  277.711] TLM t= 182.1 L1·A@-76 L2·A@-75 L3·A@-76 R1·A@-76 R2·A@-75 R3·A@-74 罐=无罐 泵=0 阀=111111 速=+0,+0,+0.00 电=8.10V/1.95A/峰2.85 补余=0.0 IO错=0 倾+0.0 自动2/3
[  278.238] TLM t= 182.7 L1·A@-76 L2·A@-75 L3·A@-76 R1·A@-76 R2·A@-74 R3·A@-74 罐=无罐 泵=0 阀=111111 速=+0,+0,+0.00 电=8.10V/1.95A/峰2.85 补余=0.0 IO错=0 倾+0.0 自动2/3
[  278.737] TLM t= 183.2 L1·A@-75 L2·A@-74 L3·A@-76 R1·A@-76 R2·A@-74 R3·A@-73 罐=无罐 泵=0 阀=111111 速=+0,+0,+0.00 电=8.09V/2.04A/峰2.85 补余=0.0 IO错=0 倾+0.0 自动2/3
[  279.260] TLM t= 183.7 L1·A@-75 L2·A@-74 L3·A@-76 R1·A@-76 R2·A@-74 R3·A@-73 罐=无罐 泵=0 阀=111111 速=+0,+0,+0.00 电=8.09V/2.04A/峰2.85 补余=0.0 IO错=0 倾+0.0 自动2/3
[  279.764] TLM t= 184.2 L1·A@-75 L2·A@-73 L3·A@-76 R1·A@-75 R2·A@-73 R3·A@-72 罐=无罐 泵=0 阀=111111 速=+0,+0,+0.00 电=8.10V/2.04A/峰2.85 补余=0.0 IO错=0 倾+0.0 自动2/3
[  280.286] TLM t= 184.7 L1·A@-75 L2·A@-73 L3·A@-76 R1·A@-76 R2·A@-73 R3·A@-72 罐=无罐 泵=0 阀=111111 速=+0,+0,+0.00 电=8.09V/2.04A/峰2.85 补余=0.0 IO错=0 倾+0.0 自动2/3
[  280.791] TLM t= 185.2 L1·A@-75 L2·A@-73 L3·A@-75 R1·A@-75 R2·A@-73 R3·A@-71 罐=无罐 泵=0 阀=111111 速=+0,+0,+0.00 电=8.09V/1.95A/峰2.85 补余=0.0 IO错=0 倾+0.0 自动2/3
[  281.315] TLM t= 185.7 L1·A@-75 L2·A@-72 L3·A@-75 R1·A@-75 R2·A@-73 R3·A@-70 罐=无罐 泵=0 阀=111111 速=+0,+0,+0.00 电=8.09V/1.95A/峰2.85 补余=0.0 IO错=0 倾+0.0 自动2/3
[  281.816] TLM t= 186.2 L1·A@-75 L2·A@-72 L3·A@-75 R1·A@-75 R2·A@-72 R3·A@-70 罐=无罐 泵=0 阀=111111 速=+0,+0,+0.00 电=8.09V/2.04A/峰2.85 补余=0.0 IO错=0 倾+0.0 自动2/3
[  282.341] TLM t= 186.7 L1·A@-75 L2·A@-71 L3·A@-75 R1·A@-75 R2·A@-72 R3·A@-69 罐=无罐 泵=0 阀=111111 速=+0,+0,+0.00 电=8.09V/2.04A/峰2.85 补余=0.0 IO错=0 倾+0.0 自动2/3
[  282.842] TLM t= 187.2 L1·A@-75 L2·A@-71 L3·A@-75 R1·A@-75 R2·A@-72 R3·A@-69 罐=无罐 泵=0 阀=111111 速=+0,+0,+0.00 电=8.08V/2.12A/峰2.85 补余=0.0 IO错=0 倾+0.0 自动2/3
[  283.368] TLM t= 187.8 L1·A@-74 L2·A@-71 L3·A@-75 R1·A@-75 R2·A@-71 R3·A@-68 罐=无罐 泵=0 阀=111111 速=+0,+0,+0.00 电=8.08V/2.12A/峰2.85 补余=0.0 IO错=0 倾+0.0 自动2/3
[  283.873] TLM t= 188.3 L1·A@-74 L2·A@-70 L3·A@-75 R1·A@-75 R2·A@-71 R3·A@-68 罐=无罐 泵=0 阀=111111 速=+0,+0,+0.00 电=8.08V/2.04A/峰2.85 补余=0.0 IO错=0 倾+0.0 自动2/3
[  284.370] TLM t= 188.8 L1·A@-74 L2·A@-70 L3·A@-75 R1·A@-75 R2·A@-71 R3·A@-67 罐=无罐 泵=0 阀=111111 速=+0,+0,+0.00 电=8.09V/2.04A/峰2.85 补余=0.0 IO错=0 倾+0.0 自动2/3
[  284.876] TLM t= 189.3 L1·A@-74 L2·A@-69 L3·A@-75 R1·A@-75 R2·A@-71 R3·A@-67 罐=无罐 泵=0 阀=111111 速=+0,+0,+0.00 电=8.09V/1.95A/峰2.85 补余=0.0 IO错=0 倾+0.0 自动2/3
[  285.378] TLM t= 189.8 L1·A@-74 L2·A@-69 L3·A@-75 R1·A@-75 R2·A@-70 R3·A@-66 罐=无罐 泵=0 阀=111111 速=+0,+0,+0.00 电=8.08V/2.12A/峰2.85 补余=0.0 IO错=0 倾+0.0 自动2/3
[  285.900] TLM t= 190.3 L1·A@-74 L2·A@-69 L3·A@-75 R1·A@-75 R2·A@-70 R3·A@-66 罐=无罐 泵=0 阀=111111 速=+0,+0,+0.00 电=8.10V/2.04A/峰2.85 补余=0.0 IO错=0 倾+0.0 自动2/3
[  286.166] EVT 原地抬起受理：L1
[  286.194] EVT 相位 L1 stance→handover
[  286.407] TLM t= 191.6 L1ZA@-74 L2·A@-68 L3·A@-75 R1·A@-75 R2·A@-70 R3·A@-65 罐=无罐 泵=0 阀=111111 速=+0,+0,+0.00 电=8.11V/1.55A/峰2.85 补余=0.0 IO错=0 倾+0.0 自动2/3
[  286.925] TLM t= 192.0 L1ZA@-74 L2·A@-68 L3·A@-75 R1·A@-75 R2·A@-69 R3·A@-64 罐=无罐 泵=0 阀=111111 速=+0,+0,+0.00 电=8.11V/1.71A/峰2.85 补余=0.0 IO错=0 倾+0.0 自动2/3
[  287.426] TLM t= 192.0 L1ZA@-74 L2·A@-67 L3·A@-75 R1·A@-75 R2·A@-69 R3·A@-64 罐=无罐 泵=0 阀=111111 速=+0,+0,+0.00 电=8.10V/2.20A/峰2.85 补余=0.0 IO错=0 倾+0.0 自动2/3
[  287.732] EVT 吸附 L1 attached→venting 在态98.32s -73.6kPa
[  287.733] EVT 相位 L1 handover→vent 落点Δ(+0.0,+0.0)
[  287.758] EVT 阀 L1 →排气位
[  287.948] TLM t= 192.0 L1Vv@-74 L2·A@-67 L3·A@-75 R1·A@-75 R2·A@-69 R3·A@-63 罐=无罐 泵=0 阀=011111 速=+0,+0,+0.00 电=8.07V/2.44A/峰2.85 补余=0.0 IO错=0 倾+0.0 自动2/3
[  288.033] EVT 相位 L1 vent→lift
[  288.156] EVT 吸附 L1 venting→released 在态0.42s 0.1kPa
[  288.452] TLM t= 192.0 L1Lr@-- L2·A@-67 L3·A@-74 R1·A@-75 R2·A@-68 R3·A@-63 罐=无罐 泵=0 阀=011111 速=+0,+0,+0.00 电=8.06V/2.60A/峰2.85 补余=0.0 IO错=0 倾+0.0 自动2/3
[  288.876] EVT 相位 L1 lift→transfer
[  288.970] TLM t= 192.0 L1Tr@-- L2·A@-66 L3·A@-74 R1·A@-75 R2·A@-68 R3·A@-62 罐=无罐 泵=0 阀=011111 速=+0,+0,+0.00 电=8.01V/2.93A/峰2.93 补余=0.0 IO错=0 倾+0.0 自动2/3
[  289.476] TLM t= 192.0 L1Tr@-- L2·A@-66 L3·A@-74 R1·A@-75 R2·A@-68 R3·A@-62 罐=无罐 泵=0 阀=011111 速=+0,+0,+0.00 电=8.07V/2.36A/峰2.93 补余=0.0 IO错=0 倾+0.0 自动2/3
[  289.505] EVT 相位 L1 transfer→hover
[  289.994] TLM t= 192.0 L1Hr@-- L2·A@-65 L3·A@-74 R1·A@-75 R2·A@-68 R3·A@-61 罐=无罐 泵=0 阀=011111 速=+0,+0,+0.00 电=8.06V/2.28A/峰2.93 补余=0.0 IO错=0 倾+0.0 自动2/3
[  290.499] TLM t= 192.0 L1Hr@-- L2·A@-65 L3·A@-74 R1·A@-75 R2·A@-67 R3·A@-61 罐=无罐 泵=0 阀=011111 速=+0,+0,+0.00 电=8.06V/2.28A/峰2.93 补余=0.0 IO错=0 倾+0.0 自动2/3
[  290.527] EVT 落地：L1
[  290.550] EVT 相位 L1 hover→descend
[  291.019] TLM t= 192.0 L1Dr@-- L2·A@-65 L3·A@-74 R1·A@-75 R2·A@-67 R3·A@-60 罐=无罐 泵=0 阀=011111 速=+0,+0,+0.00 电=8.05V/2.44A/峰2.93 补余=0.0 IO错=0 倾+0.0 自动2/3
[  291.032] EVT 相位 L1 descend→press
[  291.032] EVT 泵 开 最差盘压-59.9
[  291.520] TLM t= 192.0 L1Pr@-- L2·A@-69 L3·A@-74 R1·A@-75 R2·A@-70 R3·A@-69 罐=无罐 泵=1 阀=011111 速=+0,+0,+0.00 电=8.02V/2.36A/峰2.93 补余=0.0 IO错=0 倾+0.0 自动2/3
[  291.995] EVT 泵 停 最差盘压-75.3
[  292.043] TLM t= 192.0 L1Pr@-- L2·A@-77 L3·A@-76 R1·A@-75 R2·A@-76 R3·A@-76 罐=无罐 泵=0 阀=011111 速=+0,+0,+0.00 电=8.06V/2.36A/峰2.93 补余=0.0 IO错=0 倾+0.0 自动2/3
[  292.236] EVT 吸附 L1 released→pressing 在态4.06s 0.1kPa
[  292.237] EVT 相位 L1 press→wait
[  292.536] EVT 吸附 L1 pressing→sucking 在态0.30s 0.1kPa
[  292.537] EVT 阀 L1 →抽气位
[  292.547] TLM t= 192.0 L1Ws@0 L2·A@-76 L3·A@-76 R1·A@-76 R2·A@-76 R3·A@-76 罐=无罐 泵=0 阀=111111 速=+0,+0,+0.00 电=8.07V/2.28A/峰2.93 补余=0.0 IO错=0 倾+0.0 自动2/3
[  292.552] EVT 泵 开 最差盘压-75.9
[  292.930] EVT 吸附 L1 sucking→attached 在态0.40s -67.5kPa
[  292.936] EVT 相位 L1 wait→stance
[  292.936] EVT 抬落完成，轮到 R2
[  293.062] TLM t= 192.1 L1·A@-71 L2·A@-76 L3·A@-76 R1·A@-76 R2·A@-75 R3·A@-75 罐=无罐 泵=1 阀=111111 速=+0,+0,+0.00 电=8.01V/2.36A/峰2.93 补余=0.0 IO错=0 倾+0.0 自动2/3
[  293.214] EVT 泵 停 最差盘压-75.2
[  293.570] TLM t= 192.6 L1·A@-76 L2·A@-76 L3·A@-76 R1·A@-76 R2·A@-76 R3·A@-76 罐=无罐 泵=0 阀=111111 速=+0,+0,+0.00 电=8.08V/2.20A/峰2.93 补余=0.0 IO错=0 倾+0.0 自动2/3
[  294.087] TLM t= 193.1 L1·A@-75 L2·A@-75 L3·A@-76 R1·A@-76 R2·A@-75 R3·A@-75 罐=无罐 泵=0 阀=111111 速=+0,+0,+0.00 电=8.08V/2.36A/峰2.93 补余=0.0 IO错=0 倾+0.0 自动2/3
[  294.592] TLM t= 193.6 L1·A@-75 L2·A@-75 L3·A@-76 R1·A@-76 R2·A@-75 R3·A@-74 罐=无罐 泵=0 阀=111111 速=+0,+0,+0.00 电=8.04V/2.20A/峰2.93 补余=0.0 IO错=0 倾+0.0 自动2/3
[  295.114] TLM t= 194.2 L1·A@-75 L2·A@-74 L3·A@-76 R1·A@-76 R2·A@-75 R3·A@-74 罐=无罐 泵=0 阀=111111 速=+0,+0,+0.00 电=8.06V/2.28A/峰2.93 补余=0.0 IO错=0 倾+0.0 自动2/3
[  295.637] TLM t= 194.7 L1·A@-75 L2·A@-74 L3·A@-76 R1·A@-76 R2·A@-74 R3·A@-73 罐=无罐 泵=0 阀=111111 速=+0,+0,+0.00 电=8.06V/2.44A/峰2.93 补余=0.0 IO错=0 倾+0.0 自动2/3
[  296.135] TLM t= 195.2 L1·A@-75 L2·A@-74 L3·A@-76 R1·A@-76 R2·A@-74 R3·A@-73 罐=无罐 泵=0 阀=111111 速=+0,+0,+0.00 电=8.08V/2.36A/峰2.93 补余=0.0 IO错=0 倾+0.0 自动2/3
[  296.650] TLM t= 195.7 L1·A@-75 L2·A@-73 L3·A@-75 R1·A@-76 R2·A@-74 R3·A@-72 罐=无罐 泵=0 阀=111111 速=+0,+0,+0.00 电=8.08V/2.28A/峰2.93 补余=0.0 IO错=0 倾+0.0 自动2/3
[  297.154] TLM t= 196.2 L1·A@-74 L2·A@-73 L3·A@-75 R1·A@-76 R2·A@-73 R3·A@-71 罐=无罐 泵=0 阀=111111 速=+0,+0,+0.00 电=8.07V/2.44A/峰2.93 补余=0.0 IO错=0 倾+0.0 自动2/3
[  297.676] TLM t= 196.7 L1·A@-74 L2·A@-72 L3·A@-75 R1·A@-76 R2·A@-73 R3·A@-71 罐=无罐 泵=0 阀=111111 速=+0,+0,+0.00 电=8.06V/2.36A/峰2.93 补余=0.0 IO错=0 倾+0.0 自动2/3
[  298.178] TLM t= 197.2 L1·A@-74 L2·A@-72 L3·A@-75 R1·A@-75 R2·A@-73 R3·A@-70 罐=无罐 泵=0 阀=111111 速=+0,+0,+0.00 电=8.06V/2.20A/峰2.93 补余=0.0 IO错=0 倾+0.0 自动2/3
[  298.706] TLM t= 197.7 L1·A@-74 L2·A@-72 L3·A@-75 R1·A@-75 R2·A@-72 R3·A@-70 罐=无罐 泵=0 阀=111111 速=+0,+0,+0.00 电=8.06V/2.28A/峰2.93 补余=0.0 IO错=0 倾+0.0 自动2/3
[  299.203] TLM t= 198.2 L1·A@-74 L2·A@-71 L3·A@-75 R1·A@-75 R2·A@-72 R3·A@-69 罐=无罐 泵=0 阀=111111 速=+0,+0,+0.00 电=8.05V/2.44A/峰2.93 补余=0.0 IO错=0 倾+0.0 自动2/3
[  299.729] TLM t= 198.7 L1·A@-74 L2·A@-71 L3·A@-75 R1·A@-75 R2·A@-72 R3·A@-69 罐=无罐 泵=0 阀=111111 速=+0,+0,+0.00 电=8.07V/2.20A/峰2.93 补余=0.0 IO错=0 倾+0.0 自动2/3
[  300.233] TLM t= 199.2 L1·A@-74 L2·A@-70 L3·A@-75 R1·A@-75 R2·A@-71 R3·A@-68 罐=无罐 泵=0 阀=111111 速=+0,+0,+0.00 电=8.08V/2.20A/峰2.93 补余=0.0 IO错=0 倾+0.0 自动2/3
[  300.755] TLM t= 199.7 L1·A@-74 L2·A@-70 L3·A@-75 R1·A@-75 R2·A@-71 R3·A@-68 罐=无罐 泵=0 阀=111111 速=+0,+0,+0.00 电=8.08V/2.28A/峰2.93 补余=0.0 IO错=0 倾+0.0 自动2/3
[  301.259] TLM t= 200.2 L1·A@-74 L2·A@-70 L3·A@-75 R1·A@-75 R2·A@-71 R3·A@-67 罐=无罐 泵=0 阀=111111 速=+0,+0,+0.00 电=8.06V/2.36A/峰2.93 补余=0.0 IO错=0 倾+0.0 自动2/3
[  301.783] TLM t= 200.8 L1·A@-73 L2·A@-69 L3·A@-74 R1·A@-75 R2·A@-71 R3·A@-67 罐=无罐 泵=0 阀=111111 速=+0,+0,+0.00 电=8.07V/2.28A/峰2.93 补余=0.0 IO错=0 倾+0.0 自动2/3
[  302.281] TLM t= 201.3 L1·A@-73 L2·A@-69 L3·A@-74 R1·A@-75 R2·A@-70 R3·A@-66 罐=无罐 泵=0 阀=111111 速=+0,+0,+0.00 电=8.08V/2.28A/峰2.93 补余=0.0 IO错=0 倾+0.0 自动2/3
[  302.806] TLM t= 201.8 L1·A@-73 L2·A@-68 L3·A@-74 R1·A@-75 R2·A@-70 R3·A@-65 罐=无罐 泵=0 阀=111111 速=+0,+0,+0.00 电=8.08V/2.28A/峰2.93 补余=0.0 IO错=0 倾+0.0 自动2/3
[  302.949] EVT 原地抬起受理：R2
[  302.977] EVT 相位 R2 stance→handover
[  303.304] TLM t= 203.1 L1·A@-73 L2·A@-68 L3·A@-74 R1·A@-75 R2ZA@-70 R3·A@-65 罐=无罐 泵=0 阀=111111 速=+0,+0,+0.00 电=8.09V/2.04A/峰2.93 补余=0.0 IO错=0 倾+0.0 自动2/3
[  303.826] TLM t= 203.4 L1·A@-73 L2·A@-68 L3·A@-74 R1·A@-75 R2ZA@-69 R3·A@-64 罐=无罐 泵=0 阀=111111 速=+0,+0,+0.00 电=8.08V/2.28A/峰2.93 补余=0.0 IO错=0 倾+0.0 自动2/3
[  304.059] EVT 吸附 R2 attached→venting 在态98.40s -69.1kPa
[  304.060] EVT 相位 R2 handover→vent 落点Δ(+0.0,+0.0)
[  304.080] EVT 阀 R2 →排气位
[  304.330] TLM t= 203.4 L1·A@-73 L2·A@-67 L3·A@-74 R1·A@-75 R2Vv@-69 R3·A@-64 罐=无罐 泵=0 阀=111101 速=+0,+0,+0.00 电=8.07V/2.12A/峰2.93 补余=0.0 IO错=0 倾+0.0 自动2/3
[  304.361] EVT 相位 R2 vent→lift
[  304.458] EVT 吸附 R2 venting→released 在态0.40s -0.0kPa
[  304.850] TLM t= 203.4 L1·A@-73 L2·A@-67 L3·A@-74 R1·A@-75 R2Lr@-- R3·A@-63 罐=无罐 泵=0 阀=111101 速=+0,+0,+0.00 电=8.06V/2.36A/峰2.93 补余=0.0 IO错=0 倾+0.0 自动2/3
[  305.203] EVT 相位 R2 lift→transfer
[  305.353] TLM t= 203.4 L1·A@-73 L2·A@-66 L3·A@-74 R1·A@-75 R2Tr@-- R3·A@-63 罐=无罐 泵=0 阀=111101 速=+0,+0,+0.00 电=8.06V/2.36A/峰2.93 补余=0.0 IO错=0 倾+0.0 自动2/3
[  305.830] EVT 相位 R2 transfer→hover
[  305.876] TLM t= 203.4 L1·A@-72 L2·A@-66 L3·A@-74 R1·A@-75 R2Hr@-- R3·A@-62 罐=无罐 泵=0 阀=111101 速=+0,+0,+0.00 电=8.06V/2.44A/峰2.93 补余=0.0 IO错=0 倾+0.0 自动2/3
[  306.380] TLM t= 203.4 L1·A@-72 L2·A@-66 L3·A@-74 R1·A@-75 R2Hr@-- R3·A@-62 罐=无罐 泵=0 阀=111101 速=+0,+0,+0.00 电=8.04V/2.36A/峰2.93 补余=0.0 IO错=0 倾+0.0 自动2/3
[  306.832] EVT 落地：R2
[  306.854] EVT 相位 R2 hover→descend
[  306.903] TLM t= 203.4 L1·A@-72 L2·A@-65 L3·A@-74 R1·A@-75 R2Dr@-- R3·A@-61 罐=无罐 泵=0 阀=111101 速=+0,+0,+0.00 电=8.05V/2.44A/峰2.93 补余=0.0 IO错=0 倾+0.0 自动2/3
[  307.335] EVT 相位 R2 descend→press
[  307.407] TLM t= 203.4 L1·A@-72 L2·A@-65 L3·A@-74 R1·A@-75 R2Pr@-- R3·A@-61 罐=无罐 泵=0 阀=111101 速=+0,+0,+0.00 电=8.04V/2.36A/峰2.93 补余=0.0 IO错=0 倾+0.0 自动2/3
[  307.931] TLM t= 203.4 L1·A@-72 L2·A@-65 L3·A@-73 R1·A@-75 R2Pr@-- R3·A@-60 罐=无罐 泵=0 阀=111101 速=+0,+0,+0.00 电=8.04V/2.36A/峰2.93 补余=0.0 IO错=0 倾+0.0 自动2/3
[  308.120] EVT 泵 开 最差盘压-60.0
[  308.445] TLM t= 203.4 L1·A@-72 L2·A@-64 L3·A@-73 R1·A@-75 R2Pr@-- R3·A@-63 罐=无罐 泵=1 阀=111101 速=+0,+0,+0.00 电=8.04V/2.36A/峰2.93 补余=0.0 IO错=0 倾+0.0 自动2/3
[  308.541] EVT 吸附 R2 released→pressing 在态4.06s -0.0kPa
[  308.541] EVT 相位 R2 press→wait
[  308.857] EVT 吸附 R2 pressing→sucking 在态0.32s -0.0kPa
[  308.857] EVT 阀 R2 →抽气位
[  308.956] TLM t= 203.4 L1·A@-74 L2·A@-74 L3·A@-74 R1·A@-75 R2Ws@-61 R3·A@-74 罐=无罐 泵=1 阀=111111 速=+0,+0,+0.00 电=8.05V/2.44A/峰2.93 补余=0.0 IO错=0 倾+0.0 自动2/3
[  309.125] EVT 吸附 R2 sucking→attached 在态0.26s -68.7kPa
[  309.125] EVT 相位 R2 wait→stance
[  309.125] EVT 抬落完成，轮到 L3
[  309.453] TLM t= 203.7 L1·A@-74 L2·A@-74 L3·A@-74 R1·A@-75 R2·A@-74 R3·A@-74 罐=无罐 泵=1 阀=111111 速=+0,+0,+0.00 电=8.01V/2.36A/峰2.93 补余=0.0 IO错=0 倾+0.0 自动2/3
[  309.727] EVT 泵 停 最差盘压-75.1
[  309.977] TLM t= 204.2 L1·A@-76 L2·A@-76 L3·A@-76 R1·A@-76 R2·A@-76 R3·A@-76 罐=无罐 泵=0 阀=111111 速=+0,+0,+0.00 电=8.06V/2.36A/峰2.93 补余=0.0 IO错=0 倾+0.0 自动2/3
[  310.478] TLM t= 204.7 L1·A@-76 L2·A@-76 L3·A@-76 R1·A@-76 R2·A@-75 R3·A@-76 罐=无罐 泵=0 阀=111111 速=+0,+0,+0.00 电=8.06V/2.36A/峰2.93 补余=0.0 IO错=0 倾+0.0 自动2/3
[  310.998] TLM t= 205.3 L1·A@-76 L2·A@-75 L3·A@-76 R1·A@-76 R2·A@-74 R3·A@-75 罐=无罐 泵=0 阀=111111 速=+0,+0,+0.00 电=8.07V/2.28A/峰2.93 补余=0.0 IO错=0 倾+0.0 自动2/3
[  311.505] TLM t= 205.8 L1·A@-76 L2·A@-75 L3·A@-76 R1·A@-76 R2·A@-74 R3·A@-74 罐=无罐 泵=0 阀=111111 速=+0,+0,+0.00 电=8.06V/2.36A/峰2.93 补余=0.0 IO错=0 倾+0.0 自动2/3
[  312.027] TLM t= 206.3 L1·A@-76 L2·A@-75 L3·A@-76 R1·A@-76 R2·A@-74 R3·A@-74 罐=无罐 泵=0 阀=111111 速=+0,+0,+0.00 电=8.05V/2.44A/峰2.93 补余=0.0 IO错=0 倾+0.0 自动2/3
[  312.530] TLM t= 206.8 L1·A@-76 L2·A@-74 L3·A@-76 R1·A@-75 R2·A@-73 R3·A@-73 罐=无罐 泵=0 阀=111111 速=+0,+0,+0.00 电=8.07V/2.36A/峰2.93 补余=0.0 IO错=0 倾+0.0 自动2/3
[  313.052] TLM t= 207.3 L1·A@-76 L2·A@-74 L3·A@-76 R1·A@-75 R2·A@-73 R3·A@-73 罐=无罐 泵=0 阀=111111 速=+0,+0,+0.00 电=8.06V/2.20A/峰2.93 补余=0.0 IO错=0 倾+0.0 自动2/3
[  313.554] TLM t= 207.8 L1·A@-75 L2·A@-73 L3·A@-76 R1·A@-75 R2·A@-73 R3·A@-72 罐=无罐 泵=0 阀=111111 速=+0,+0,+0.00 电=8.04V/2.52A/峰2.93 补余=0.0 IO错=0 倾+0.0 自动2/3
[  314.078] TLM t= 208.3 L1·A@-75 L2·A@-73 L3·A@-76 R1·A@-75 R2·A@-72 R3·A@-72 罐=无罐 泵=0 阀=111111 速=+0,+0,+0.00 电=8.06V/2.52A/峰2.93 补余=0.0 IO错=0 倾+0.0 自动2/3
[  314.579] TLM t= 208.8 L1·A@-75 L2·A@-73 L3·A@-76 R1·A@-75 R2·A@-72 R3·A@-71 罐=无罐 泵=0 阀=111111 速=+0,+0,+0.00 电=8.07V/2.44A/峰2.93 补余=0.0 IO错=0 倾+0.0 自动2/3
[  315.104] TLM t= 209.3 L1·A@-75 L2·A@-72 L3·A@-76 R1·A@-75 R2·A@-72 R3·A@-70 罐=无罐 泵=0 阀=111111 速=+0,+0,+0.00 电=8.05V/2.36A/峰2.93 补余=0.0 IO错=0 倾+0.0 自动2/3
[  315.604] TLM t= 209.8 L1·A@-75 L2·A@-72 L3·A@-75 R1·A@-75 R2·A@-71 R3·A@-70 罐=无罐 泵=0 阀=111111 速=+0,+0,+0.00 电=8.07V/2.28A/峰2.93 补余=0.0 IO错=0 倾+0.0 自动2/3
[  316.129] TLM t= 210.4 L1·A@-75 L2·A@-71 L3·A@-75 R1·A@-75 R2·A@-71 R3·A@-69 罐=无罐 泵=0 阀=111111 速=+0,+0,+0.00 电=8.06V/2.36A/峰2.93 补余=0.0 IO错=0 倾+0.0 自动2/3
[  316.636] TLM t= 210.9 L1·A@-75 L2·A@-71 L3·A@-75 R1·A@-75 R2·A@-71 R3·A@-69 罐=无罐 泵=0 阀=111111 速=+0,+0,+0.00 电=8.06V/2.44A/峰2.93 补余=0.0 IO错=0 倾+0.0 自动2/3
[  317.129] TLM t= 211.4 L1·A@-75 L2·A@-70 L3·A@-75 R1·A@-75 R2·A@-70 R3·A@-68 罐=无罐 泵=0 阀=111111 速=+0,+0,+0.00 电=8.08V/2.28A/峰2.93 补余=0.0 IO错=0 倾+0.0 自动2/3
[  317.640] TLM t= 211.9 L1·A@-75 L2·A@-70 L3·A@-75 R1·A@-75 R2·A@-70 R3·A@-68 罐=无罐 泵=0 阀=111111 速=+0,+0,+0.00 电=8.05V/2.28A/峰2.93 补余=0.0 IO错=0 倾+0.0 自动2/3
[  318.143] TLM t= 212.4 L1·A@-75 L2·A@-70 L3·A@-75 R1·A@-75 R2·A@-70 R3·A@-67 罐=无罐 泵=0 阀=111111 速=+0,+0,+0.00 电=8.05V/2.28A/峰2.93 补余=0.0 IO错=0 倾+0.0 自动2/3
[  318.665] TLM t= 212.9 L1·A@-74 L2·A@-69 L3·A@-75 R1·A@-75 R2·A@-69 R3·A@-67 罐=无罐 泵=0 阀=111111 速=+0,+0,+0.00 电=8.07V/2.20A/峰2.93 补余=0.0 IO错=0 倾+0.0 自动2/3
[  319.160] EVT 原地抬起受理：L3
[  319.171] TLM t= 213.4 L1·A@-74 L2·A@-69 L3·A@-75 R1·A@-75 R2·A@-69 R3·A@-66 罐=无罐 泵=0 阀=111111 速=+0,+0,+0.00 电=8.04V/2.44A/峰2.93 补余=0.0 IO错=0 倾+0.0 自动2/3
[  319.172] EVT 相位 L3 stance→handover
[  319.688] TLM t= 214.7 L1·A@-74 L2·A@-68 L3ZA@-75 R1·A@-75 R2·A@-69 R3·A@-66 罐=无罐 泵=0 阀=111111 速=+0,+0,+0.00 电=8.08V/1.95A/峰2.93 补余=0.0 IO错=0 倾+0.0 自动2/3
[  320.190] TLM t= 214.8 L1·A@-74 L2·A@-68 L3ZA@-75 R1·A@-75 R2·A@-68 R3·A@-65 罐=无罐 泵=0 阀=111111 速=+0,+0,+0.00 电=8.08V/1.95A/峰2.93 补余=0.0 IO错=0 倾+0.0 自动2/3
[  320.615] EVT 吸附 L3 attached→venting 在态98.36s -74.8kPa
[  320.616] EVT 相位 L3 handover→vent 落点Δ(+0.0,+0.0)
[  320.641] EVT 阀 L3 →排气位
[  320.711] TLM t= 214.8 L1·A@-74 L2·A@-68 L3Vv@-75 R1·A@-75 R2·A@-68 R3·A@-64 罐=无罐 泵=0 阀=110111 速=+0,+0,+0.00 电=8.07V/1.95A/峰2.93 补余=0.0 IO错=0 倾+0.0 自动2/3
[  320.919] EVT 相位 L3 vent→lift
[  321.041] EVT 吸附 L3 venting→released 在态0.42s 0.1kPa
[  321.218] TLM t= 214.8 L1·A@-74 L2·A@-67 L3Lr@-- R1·A@-75 R2·A@-68 R3·A@-64 罐=无罐 泵=0 阀=110111 速=+0,+0,+0.00 电=8.07V/2.12A/峰2.93 补余=0.0 IO错=0 倾+0.0 自动2/3
[  321.733] TLM t= 214.8 L1·A@-74 L2·A@-67 L3Lr@-- R1·A@-75 R2·A@-68 R3·A@-63 罐=无罐 泵=0 阀=110111 速=+0,+0,+0.00 电=8.06V/2.12A/峰2.93 补余=0.0 IO错=0 倾+0.0 自动2/3
[  321.762] EVT 相位 L3 lift→transfer
[  322.244] TLM t= 214.8 L1·A@-74 L2·A@-67 L3Tr@-- R1·A@-75 R2·A@-67 R3·A@-63 罐=无罐 泵=0 阀=110111 速=+0,+0,+0.00 电=8.06V/2.20A/峰2.93 补余=0.0 IO错=0 倾+0.0 自动2/3
[  322.390] EVT 相位 L3 transfer→hover
[  322.761] TLM t= 214.8 L1·A@-74 L2·A@-66 L3Hr@-- R1·A@-75 R2·A@-67 R3·A@-62 罐=无罐 泵=0 阀=110111 速=+0,+0,+0.00 电=8.06V/2.04A/峰2.93 补余=0.0 IO错=0 倾+0.0 自动2/3
[  323.267] TLM t= 214.8 L1·A@-74 L2·A@-66 L3Hr@-- R1·A@-75 R2·A@-67 R3·A@-62 罐=无罐 泵=0 阀=110111 速=+0,+0,+0.00 电=8.05V/1.95A/峰2.93 补余=0.0 IO错=0 倾+0.0 自动2/3
[  323.413] EVT 落地：L3
[  323.436] EVT 相位 L3 hover→descend
[  323.786] TLM t= 214.8 L1·A@-73 L2·A@-65 L3Dr@-- R1·A@-75 R2·A@-66 R3·A@-61 罐=无罐 泵=0 阀=110111 速=+0,+0,+0.00 电=8.06V/2.04A/峰2.93 补余=0.0 IO错=0 倾+0.0 自动2/3
[  323.919] EVT 相位 L3 descend→press
[  324.288] TLM t= 214.8 L1·A@-73 L2·A@-65 L3Pr@-- R1·A@-74 R2·A@-66 R3·A@-61 罐=无罐 泵=0 阀=110111 速=+0,+0,+0.00 电=8.06V/2.12A/峰2.93 补余=0.0 IO错=0 倾+0.0 自动2/3
[  324.809] TLM t= 214.8 L1·A@-73 L2·A@-65 L3Pr@-- R1·A@-74 R2·A@-66 R3·A@-60 罐=无罐 泵=0 阀=110111 速=+0,+0,+0.00 电=8.06V/2.04A/峰2.93 补余=0.0 IO错=0 倾+0.0 自动2/3
[  325.002] EVT 泵 开 最差盘压-60.0
[  325.122] EVT 吸附 L3 released→pressing 在态4.06s 0.1kPa
[  325.123] EVT 相位 L3 press→wait
[  325.315] TLM t= 214.8 L1·A@-73 L2·A@-64 L3Wp@-- R1·A@-74 R2·A@-66 R3·A@-63 罐=无罐 泵=1 阀=110111 速=+0,+0,+0.00 电=8.05V/2.04A/峰2.93 补余=0.0 IO错=0 倾+0.0 自动2/3
[  325.435] EVT 吸附 L3 pressing→sucking 在态0.32s 0.1kPa
[  325.436] EVT 阀 L3 →抽气位
[  325.736] EVT 吸附 L3 sucking→attached 在态0.30s -55.1kPa
[  325.737] EVT 相位 L3 wait→stance
[  325.737] EVT 抬落完成，轮到 R1
[  325.835] TLM t= 214.9 L1·A@-73 L2·A@-69 L3·A@-64 R1·A@-74 R2·A@-68 R3·A@-68 罐=无罐 泵=1 阀=111111 速=+0,+0,+0.00 电=8.01V/2.12A/峰2.93 补余=0.0 IO错=0 倾+0.0 自动2/3
[  326.342] TLM t= 215.4 L1·A@-75 L2·A@-75 L3·A@-75 R1·A@-74 R2·A@-75 R3·A@-75 罐=无罐 泵=1 阀=111111 速=+0,+0,+0.00 电=8.01V/2.20A/峰2.93 补余=0.0 IO错=0 倾+0.0 自动2/3
[  326.513] EVT 泵 停 最差盘压-75.5
[  326.863] TLM t= 215.9 L1·A@-77 L2·A@-77 L3·A@-76 R1·A@-76 R2·A@-76 R3·A@-76 罐=无罐 泵=0 阀=111111 速=+0,+0,+0.00 电=8.07V/2.04A/峰2.93 补余=0.0 IO错=0 倾+0.0 自动2/3
[  327.365] TLM t= 216.4 L1·A@-76 L2·A@-76 L3·A@-76 R1·A@-76 R2·A@-76 R3·A@-76 罐=无罐 泵=0 阀=111111 速=+0,+0,+0.00 电=8.05V/2.20A/峰2.93 补余=0.0 IO错=0 倾+0.0 自动2/3
[  327.889] TLM t= 216.9 L1·A@-76 L2·A@-76 L3·A@-76 R1·A@-76 R2·A@-75 R3·A@-75 罐=无罐 泵=0 阀=111111 速=+0,+0,+0.00 电=8.08V/1.95A/峰2.93 补余=0.0 IO错=0 倾+0.0 自动2/3
[  328.400] TLM t= 217.4 L1·A@-76 L2·A@-75 L3·A@-76 R1·A@-76 R2·A@-75 R3·A@-75 罐=无罐 泵=0 阀=111111 速=+0,+0,+0.00 电=8.06V/2.20A/峰2.93 补余=0.0 IO错=0 倾+0.0 自动2/3
[  328.919] TLM t= 217.9 L1·A@-76 L2·A@-75 L3·A@-76 R1·A@-76 R2·A@-75 R3·A@-74 罐=无罐 泵=0 阀=111111 速=+0,+0,+0.00 电=8.08V/2.04A/峰2.93 补余=0.0 IO错=0 倾+0.0 自动2/3
[  329.424] TLM t= 218.4 L1·A@-76 L2·A@-74 L3·A@-75 R1·A@-76 R2·A@-74 R3·A@-73 罐=无罐 泵=0 阀=111111 速=+0,+0,+0.00 电=8.07V/2.20A/峰2.93 补余=0.0 IO错=0 倾+0.0 自动2/3
[  329.949] TLM t= 219.0 L1·A@-76 L2·A@-74 L3·A@-75 R1·A@-76 R2·A@-74 R3·A@-73 罐=无罐 泵=0 阀=111111 速=+0,+0,+0.00 电=8.06V/1.95A/峰2.93 补余=0.0 IO错=0 倾+0.0 自动2/3
[  330.452] TLM t= 219.5 L1·A@-76 L2·A@-73 L3·A@-75 R1·A@-75 R2·A@-74 R3·A@-72 罐=无罐 泵=0 阀=111111 速=+0,+0,+0.00 电=8.06V/2.12A/峰2.93 补余=0.0 IO错=0 倾+0.0 自动2/3
[  330.973] TLM t= 220.0 L1·A@-76 L2·A@-73 L3·A@-75 R1·A@-75 R2·A@-73 R3·A@-72 罐=无罐 泵=0 阀=111111 速=+0,+0,+0.00 电=8.07V/2.12A/峰2.93 补余=0.0 IO错=0 倾+0.0 自动2/3
[  331.476] TLM t= 220.5 L1·A@-76 L2·A@-73 L3·A@-75 R1·A@-75 R2·A@-73 R3·A@-71 罐=无罐 泵=0 阀=111111 速=+0,+0,+0.00 电=8.06V/2.20A/峰2.93 补余=0.0 IO错=0 倾+0.0 自动2/3
[  331.999] TLM t= 221.0 L1·A@-75 L2·A@-72 L3·A@-75 R1·A@-75 R2·A@-73 R3·A@-71 罐=无罐 泵=0 阀=111111 速=+0,+0,+0.00 电=8.08V/2.12A/峰2.93 补余=0.0 IO错=0 倾+0.0 自动2/3
[  332.503] TLM t= 221.5 L1·A@-75 L2·A@-72 L3·A@-75 R1·A@-75 R2·A@-72 R3·A@-70 罐=无罐 泵=0 阀=111111 速=+0,+0,+0.00 电=8.07V/2.04A/峰2.93 补余=0.0 IO错=0 倾+0.0 自动2/3
[  333.025] TLM t= 222.0 L1·A@-75 L2·A@-71 L3·A@-75 R1·A@-75 R2·A@-72 R3·A@-69 罐=无罐 泵=0 阀=111111 速=+0,+0,+0.00 电=8.06V/2.20A/峰2.93 补余=0.0 IO错=0 倾+0.0 自动2/3
[  333.530] TLM t= 222.5 L1·A@-75 L2·A@-71 L3·A@-74 R1·A@-75 R2·A@-72 R3·A@-69 罐=无罐 泵=0 阀=111111 速=+0,+0,+0.00 电=8.04V/2.20A/峰2.93 补余=0.0 IO错=0 倾+0.0 自动2/3
[  334.050] TLM t= 223.0 L1·A@-75 L2·A@-71 L3·A@-74 R1·A@-75 R2·A@-72 R3·A@-68 罐=无罐 泵=0 阀=111111 速=+0,+0,+0.00 电=8.08V/1.95A/峰2.93 补余=0.0 IO错=0 倾+0.0 自动2/3
[  334.554] TLM t= 223.5 L1·A@-75 L2·A@-70 L3·A@-74 R1·A@-75 R2·A@-71 R3·A@-68 罐=无罐 泵=0 阀=111111 速=+0,+0,+0.00 电=8.07V/1.95A/峰2.93 补余=0.0 IO错=0 倾+0.0 自动2/3
[  335.074] TLM t= 224.1 L1·A@-75 L2·A@-70 L3·A@-74 R1·A@-75 R2·A@-71 R3·A@-67 罐=无罐 泵=0 阀=111111 速=+0,+0,+0.00 电=8.05V/2.20A/峰2.93 补余=0.0 IO错=0 倾+0.0 自动2/3
[  335.577] TLM t= 224.6 L1·A@-75 L2·A@-69 L3·A@-74 R1·A@-75 R2·A@-71 R3·A@-67 罐=无罐 泵=0 阀=111111 速=+0,+0,+0.00 电=8.08V/2.20A/峰2.93 补余=0.0 IO错=0 倾+0.0 自动2/3
[  335.761] EVT 原地抬起受理：R1
[  335.788] EVT 相位 R1 stance→handover
[  336.096] TLM t= 225.9 L1·A@-75 L2·A@-69 L3·A@-74 R1ZA@-75 R2·A@-70 R3·A@-66 罐=无罐 泵=0 阀=111111 速=+0,+0,+0.00 电=8.08V/1.55A/峰2.93 补余=0.0 IO错=0 倾+0.0 自动2/3
[  336.601] TLM t= 226.2 L1·A@-75 L2·A@-69 L3·A@-74 R1ZA@-75 R2·A@-70 R3·A@-66 罐=无罐 泵=0 阀=111111 速=+0,+0,+0.00 电=8.09V/1.63A/峰2.93 补余=0.0 IO错=0 倾+0.0 自动2/3
[  337.124] TLM t= 226.2 L1·A@-74 L2·A@-68 L3·A@-73 R1ZA@-75 R2·A@-70 R3·A@-65 罐=无罐 泵=0 阀=111111 速=+0,+0,+0.00 电=8.08V/1.87A/峰2.93 补余=0.0 IO错=0 倾+0.0 自动2/3
[  337.440] EVT 吸附 R1 attached→venting 在态98.28s -74.6kPa
[  337.440] EVT 相位 R1 handover→vent 落点Δ(+0.0,+0.0)
[  337.452] EVT 阀 R1 →排气位
[  337.630] TLM t= 226.2 L1·A@-74 L2·A@-68 L3·A@-73 R1Vv@-75 R2·A@-69 R3·A@-65 罐=无罐 泵=0 阀=111011 速=+0,+0,+0.00 电=8.07V/1.95A/峰2.93 补余=0.0 IO错=0 倾+0.0 自动2/3
[  337.739] EVT 相位 R1 vent→lift
[  337.861] EVT 吸附 R1 venting→released 在态0.42s -0.0kPa
[  338.149] TLM t= 226.2 L1·A@-74 L2·A@-67 L3·A@-73 R1Lr@-- R2·A@-69 R3·A@-64 罐=无罐 泵=0 阀=111011 速=+0,+0,+0.00 电=8.06V/2.12A/峰2.93 补余=0.0 IO错=0 倾+0.0 自动2/3
[  338.581] EVT 相位 R1 lift→transfer
[  338.668] TLM t= 226.2 L1·A@-74 L2·A@-67 L3·A@-73 R1Tr@-- R2·A@-69 R3·A@-64 罐=无罐 泵=0 阀=111011 速=+0,+0,+0.00 电=8.04V/2.44A/峰2.93 补余=0.0 IO错=0 倾+0.0 自动2/3
[  339.173] TLM t= 226.2 L1·A@-74 L2·A@-67 L3·A@-73 R1Tr@-- R2·A@-69 R3·A@-63 罐=无罐 泵=0 阀=111011 速=+0,+0,+0.00 电=8.03V/2.77A/峰2.93 补余=0.0 IO错=0 倾+0.0 自动2/3
[  339.198] EVT 相位 R1 transfer→hover
[  339.688] TLM t= 226.2 L1·A@-74 L2·A@-66 L3·A@-73 R1Hr@-- R2·A@-68 R3·A@-63 罐=无罐 泵=0 阀=111011 速=+0,+0,+0.00 电=8.07V/2.04A/峰2.93 补余=0.0 IO错=0 倾+0.0 自动2/3
[  340.197] TLM t= 226.2 L1·A@-74 L2·A@-66 L3·A@-73 R1Hr@-- R2·A@-68 R3·A@-62 罐=无罐 泵=0 阀=111011 速=+0,+0,+0.00 电=8.05V/2.04A/峰2.93 补余=0.0 IO错=0 倾+0.0 自动2/3
[  340.207] EVT 落地：R1
[  340.222] EVT 相位 R1 hover→descend
[  340.698] TLM t= 226.2 L1·A@-74 L2·A@-65 L3·A@-73 R1Dr@-- R2·A@-68 R3·A@-61 罐=无罐 泵=0 阀=111011 速=+0,+0,+0.00 电=8.05V/2.04A/峰2.93 补余=0.0 IO错=0 倾+0.0 自动2/3
[  340.704] EVT 相位 R1 descend→press
[  341.222] TLM t= 226.2 L1·A@-74 L2·A@-65 L3·A@-73 R1Pr@-- R2·A@-67 R3·A@-61 罐=无罐 泵=0 阀=111011 速=+0,+0,+0.00 电=8.05V/2.04A/峰2.93 补余=0.0 IO错=0 倾+0.0 自动2/3
[  341.725] TLM t= 226.2 L1·A@-74 L2·A@-65 L3·A@-73 R1Pr@-- R2·A@-67 R3·A@-60 罐=无罐 泵=0 阀=111011 速=+0,+0,+0.00 电=8.07V/2.20A/峰2.93 补余=0.0 IO错=0 倾+0.0 自动2/3
[  341.909] EVT 吸附 R1 released→pressing 在态4.04s -0.0kPa
[  341.910] EVT 相位 R1 press→wait
[  342.135] EVT 泵 开 最差盘压-60.0
[  342.237] EVT 吸附 R1 pressing→sucking 在态0.32s -0.0kPa
[  342.245] EVT 阀 R1 →抽气位
[  342.252] TLM t= 226.2 L1·A@-74 L2·A@-64 L3·A@-73 R1Ws@-0 R2·A@-67 R3·A@-60 罐=无罐 泵=1 阀=111111 速=+0,+0,+0.00 电=8.01V/1.95A/峰2.93 补余=0.0 IO错=0 倾+0.0 自动2/3
[  342.600] EVT 吸附 R1 sucking→attached 在态0.36s -60.6kPa
[  342.601] EVT 相位 R1 wait→stance
[  342.601] EVT 抬落完成，轮到 L2
[  342.763] TLM t= 226.4 L1·A@-73 L2·A@-68 L3·A@-73 R1·A@-67 R2·A@-68 R3·A@-68 罐=无罐 泵=1 阀=111111 速=+0,+0,+0.00 电=8.04V/1.87A/峰2.93 补余=0.0 IO错=0 倾+0.0 自动2/3
[  343.272] TLM t= 226.9 L1·A@-75 L2·A@-76 L3·A@-75 R1·A@-74 R2·A@-75 R3·A@-75 罐=无罐 泵=1 阀=111111 速=+0,+0,+0.00 电=8.07V/1.95A/峰2.93 补余=0.0 IO错=0 倾+0.0 自动2/3
[  343.345] EVT 泵 停 最差盘压-75.3
[  343.773] TLM t= 227.4 L1·A@-76 L2·A@-76 L3·A@-76 R1·A@-76 R2·A@-76 R3·A@-76 罐=无罐 泵=0 阀=111111 速=+0,+0,+0.00 电=8.07V/2.04A/峰2.93 补余=0.0 IO错=0 倾+0.0 自动2/3
[  344.295] TLM t= 227.9 L1·A@-76 L2·A@-76 L3·A@-76 R1·A@-76 R2·A@-75 R3·A@-75 罐=无罐 泵=0 阀=111111 速=+0,+0,+0.00 电=8.05V/1.95A/峰2.93 补余=0.0 IO错=0 倾+0.0 自动2/3
[  344.801] TLM t= 228.4 L1·A@-76 L2·A@-75 L3·A@-76 R1·A@-76 R2·A@-75 R3·A@-75 罐=无罐 泵=0 阀=111111 速=+0,+0,+0.00 电=8.07V/2.04A/峰2.93 补余=0.0 IO错=0 倾+0.0 自动2/3
[  345.320] TLM t= 228.9 L1·A@-76 L2·A@-75 L3·A@-76 R1·A@-75 R2·A@-75 R3·A@-74 罐=无罐 泵=0 阀=111111 速=+0,+0,+0.00 电=8.07V/2.04A/峰2.93 补余=0.0 IO错=0 倾+0.0 自动2/3
[  345.825] TLM t= 229.4 L1·A@-76 L2·A@-75 L3·A@-76 R1·A@-75 R2·A@-74 R3·A@-74 罐=无罐 泵=0 阀=111111 速=+0,+0,+0.00 电=8.08V/1.87A/峰2.93 补余=0.0 IO错=0 倾+0.0 自动2/3
[  346.347] TLM t= 229.9 L1·A@-76 L2·A@-74 L3·A@-76 R1·A@-75 R2·A@-74 R3·A@-73 罐=无罐 泵=0 阀=111111 速=+0,+0,+0.00 电=8.08V/1.95A/峰2.93 补余=0.0 IO错=0 倾+0.0 自动2/3
[  346.848] TLM t= 230.4 L1·A@-76 L2·A@-74 L3·A@-76 R1·A@-75 R2·A@-74 R3·A@-73 罐=无罐 泵=0 阀=111111 速=+0,+0,+0.00 电=8.07V/2.20A/峰2.93 补余=0.0 IO错=0 倾+0.0 自动2/3
[  347.372] TLM t= 230.9 L1·A@-76 L2·A@-73 L3·A@-76 R1·A@-75 R2·A@-73 R3·A@-72 罐=无罐 泵=0 阀=111111 速=+0,+0,+0.00 电=8.05V/1.95A/峰2.93 补余=0.0 IO错=0 倾+0.0 自动2/3
[  347.880] TLM t= 231.4 L1·A@-76 L2·A@-73 L3·A@-76 R1·A@-75 R2·A@-73 R3·A@-71 罐=无罐 泵=0 阀=111111 速=+0,+0,+0.00 电=8.06V/1.95A/峰2.93 补余=0.0 IO错=0 倾+0.0 自动2/3
[  348.398] TLM t= 232.0 L1·A@-75 L2·A@-72 L3·A@-76 R1·A@-75 R2·A@-73 R3·A@-71 罐=无罐 泵=0 阀=111111 速=+0,+0,+0.00 电=8.06V/2.12A/峰2.93 补余=0.0 IO错=0 倾+0.0 自动2/3
[  348.904] TLM t= 232.5 L1·A@-75 L2·A@-72 L3·A@-76 R1·A@-75 R2·A@-72 R3·A@-70 罐=无罐 泵=0 阀=111111 速=+0,+0,+0.00 电=8.08V/2.12A/峰2.93 补余=0.0 IO错=0 倾+0.0 自动2/3
[  349.426] TLM t= 233.0 L1·A@-75 L2·A@-72 L3·A@-76 R1·A@-75 R2·A@-72 R3·A@-70 罐=无罐 泵=0 阀=111111 速=+0,+0,+0.00 电=8.06V/2.04A/峰2.93 补余=0.0 IO错=0 倾+0.0 自动2/3
[  349.928] TLM t= 233.5 L1·A@-75 L2·A@-71 L3·A@-75 R1·A@-75 R2·A@-72 R3·A@-69 罐=无罐 泵=0 阀=111111 速=+0,+0,+0.00 电=8.06V/1.95A/峰2.93 补余=0.0 IO错=0 倾+0.0 自动2/3
[  350.450] TLM t= 234.0 L1·A@-75 L2·A@-71 L3·A@-75 R1·A@-75 R2·A@-72 R3·A@-69 罐=无罐 泵=0 阀=111111 速=+0,+0,+0.00 电=8.08V/2.04A/峰2.93 补余=0.0 IO错=0 倾+0.0 自动2/3
[  350.953] TLM t= 234.5 L1·A@-75 L2·A@-70 L3·A@-75 R1·A@-75 R2·A@-71 R3·A@-68 罐=无罐 泵=0 阀=111111 速=+0,+0,+0.00 电=8.06V/2.12A/峰2.93 补余=0.0 IO错=0 倾+0.0 自动2/3
[  351.477] TLM t= 235.0 L1·A@-75 L2·A@-70 L3·A@-75 R1·A@-75 R2·A@-71 R3·A@-68 罐=无罐 泵=0 阀=111111 速=+0,+0,+0.00 电=8.06V/1.95A/峰2.93 补余=0.0 IO错=0 倾+0.0 自动2/3
[  351.981] TLM t= 235.5 L1·A@-75 L2·A@-70 L3·A@-75 R1·A@-75 R2·A@-71 R3·A@-67 罐=无罐 泵=0 阀=111111 速=+0,+0,+0.00 电=8.06V/2.12A/峰2.93 补余=0.0 IO错=0 倾+0.0 自动2/3
[  352.503] TLM t= 236.0 L1·A@-75 L2·A@-69 L3·A@-75 R1·A@-75 R2·A@-70 R3·A@-66 罐=无罐 泵=0 阀=111111 速=+0,+0,+0.00 电=8.06V/1.95A/峰2.93 补余=0.0 IO错=0 倾+0.0 自动2/3
[  352.637] EVT 原地抬起受理：L2
[  352.649] EVT 相位 L2 stance→handover
[  353.007] TLM t= 237.4 L1·A@-74 L2ZA@-69 L3·A@-75 R1·A@-75 R2·A@-70 R3·A@-66 罐=无罐 泵=0 阀=111111 速=+0,+0,+0.00 电=8.07V/2.04A/峰2.93 补余=0.0 IO错=0 倾+0.0 自动2/3
[  353.527] TLM t= 237.6 L1·A@-74 L2ZA@-68 L3·A@-75 R1·A@-75 R2·A@-70 R3·A@-65 罐=无罐 泵=0 阀=111111 速=+0,+0,+0.00 电=8.05V/2.12A/峰2.93 补余=0.0 IO错=0 倾+0.0 自动2/3
[  353.843] EVT 吸附 L2 attached→venting 在态98.36s -68.1kPa
[  353.843] EVT 相位 L2 handover→vent 落点Δ(+0.0,+0.0)
[  353.856] EVT 阀 L2 →排气位
[  354.033] TLM t= 237.6 L1·A@-74 L2Vv@-68 L3·A@-75 R1·A@-74 R2·A@-69 R3·A@-65 罐=无罐 泵=0 阀=101111 速=+0,+0,+0.00 电=8.05V/2.12A/峰2.93 补余=0.0 IO错=0 倾+0.0 自动2/3
[  354.144] EVT 相位 L2 vent→lift
[  354.279] EVT 吸附 L2 venting→released 在态0.44s 0.3kPa
[  354.555] TLM t= 237.6 L1·A@-74 L2Lr@-- L3·A@-75 R1·A@-74 R2·A@-69 R3·A@-64 罐=无罐 泵=0 阀=101111 速=+0,+0,+0.00 电=8.04V/2.20A/峰2.93 补余=0.0 IO错=0 倾+0.0 自动2/3
[  354.989] EVT 相位 L2 lift→transfer
[  355.058] TLM t= 237.6 L1·A@-74 L2Tr@-- L3·A@-75 R1·A@-74 R2·A@-69 R3·A@-64 罐=无罐 泵=0 阀=101111 速=+0,+0,+0.00 电=8.03V/3.01A/峰3.01 补余=0.0 IO错=0 倾+0.0 自动2/3
[  355.576] TLM t= 237.6 L1·A@-74 L2Tr@-- L3·A@-75 R1·A@-74 R2·A@-69 R3·A@-63 罐=无罐 泵=0 阀=101111 速=+0,+0,+0.00 电=8.03V/2.36A/峰3.01 补余=0.0 IO错=0 倾+0.0 自动2/3
[  355.604] EVT 相位 L2 transfer→hover
[  356.083] TLM t= 237.6 L1·A@-74 L2Hr@-- L3·A@-75 R1·A@-74 R2·A@-68 R3·A@-63 罐=无罐 泵=0 阀=101111 速=+0,+0,+0.00 电=8.06V/2.20A/峰3.01 补余=0.0 IO错=0 倾+0.0 自动2/3
[  356.599] TLM t= 237.6 L1·A@-74 L2Hr@-- L3·A@-75 R1·A@-74 R2·A@-68 R3·A@-62 罐=无罐 泵=0 阀=101111 速=+0,+0,+0.00 电=8.06V/2.12A/峰3.01 补余=0.0 IO错=0 倾+0.0 自动2/3
[  356.614] EVT 落地：L2
[  356.626] EVT 相位 L2 hover→descend
[  357.103] TLM t= 237.6 L1·A@-74 L2Dr@-- L3·A@-74 R1·A@-74 R2·A@-68 R3·A@-62 罐=无罐 泵=0 阀=101111 速=+0,+0,+0.00 电=8.04V/2.36A/峰3.01 补余=0.0 IO错=0 倾+0.0 自动2/3
[  357.108] EVT 相位 L2 descend→press
[  357.626] TLM t= 237.6 L1·A@-74 L2Pr@-- L3·A@-74 R1·A@-74 R2·A@-67 R3·A@-61 罐=无罐 泵=0 阀=101111 速=+0,+0,+0.00 电=8.04V/2.20A/峰3.01 补余=0.0 IO错=0 倾+0.0 自动2/3
[  358.131] TLM t= 237.6 L1·A@-74 L2Pr@-- L3·A@-74 R1·A@-74 R2·A@-67 R3·A@-61 罐=无罐 泵=0 阀=101111 速=+0,+0,+0.00 电=8.04V/2.36A/峰3.01 补余=0.0 IO错=0 倾+0.0 自动2/3
[  358.312] EVT 吸附 L2 released→pressing 在态4.02s 0.3kPa
[  358.312] EVT 相位 L2 press→wait
[  358.638] EVT 吸附 L2 pressing→sucking 在态0.32s 0.3kPa
[  358.648] EVT 阀 L2 →抽气位
[  358.655] TLM t= 237.6 L1·A@-73 L2Ws@0 L3·A@-74 R1·A@-74 R2·A@-67 R3·A@-60 罐=无罐 泵=0 阀=111111 速=+0,+0,+0.00 电=8.06V/2.28A/峰3.01 补余=0.0 IO错=0 倾+0.0 自动2/3
[  358.663] EVT 泵 开 最差盘压-60.0
[  358.999] EVT 吸附 L2 sucking→attached 在态0.36s -56.3kPa
[  359.004] EVT 相位 L2 wait→stance
[  359.004] EVT 抬落完成，轮到 R3
[  359.005] EVT 自动轮换：第 2 轮完成
[  359.165] TLM t= 237.8 L1·A@-73 L2·A@-66 L3·A@-74 R1·A@-74 R2·A@-67 R3·A@-65 罐=无罐 泵=1 阀=111111 速=+0,+0,+0.00 电=8.02V/2.04A/峰3.01 补余=0.0 IO错=0 倾+0.0 自动3/3
[  359.678] TLM t= 238.3 L1·A@-75 L2·A@-75 L3·A@-75 R1·A@-74 R2·A@-75 R3·A@-75 罐=无罐 泵=1 阀=111111 速=+0,+0,+0.00 电=7.98V/2.20A/峰3.01 补余=0.0 IO错=0 倾+0.0 自动3/3
[  359.791] EVT 泵 停 最差盘压-75.4
[  360.182] TLM t= 238.8 L1·A@-77 L2·A@-76 L3·A@-76 R1·A@-76 R2·A@-76 R3·A@-76 罐=无罐 泵=0 阀=111111 速=+0,+0,+0.00 电=8.04V/2.20A/峰3.01 补余=0.0 IO错=0 倾+0.0 自动3/3
[  360.701] TLM t= 239.3 L1·A@-76 L2·A@-76 L3·A@-76 R1·A@-76 R2·A@-76 R3·A@-76 罐=无罐 泵=0 阀=111111 速=+0,+0,+0.00 电=8.06V/2.20A/峰3.01 补余=0.0 IO错=0 倾+0.0 自动3/3
[  361.206] TLM t= 239.8 L1·A@-76 L2·A@-75 L3·A@-76 R1·A@-76 R2·A@-75 R3·A@-75 罐=无罐 泵=0 阀=111111 速=+0,+0,+0.00 电=8.06V/2.36A/峰3.01 补余=0.0 IO错=0 倾+0.0 自动3/3
[  361.726] TLM t= 240.3 L1·A@-76 L2·A@-75 L3·A@-76 R1·A@-76 R2·A@-75 R3·A@-74 罐=无罐 泵=0 阀=111111 速=+0,+0,+0.00 电=8.03V/2.20A/峰3.01 补余=0.0 IO错=0 倾+0.0 自动3/3
[  362.227] TLM t= 240.8 L1·A@-76 L2·A@-75 L3·A@-76 R1·A@-76 R2·A@-75 R3·A@-74 罐=无罐 泵=0 阀=111111 速=+0,+0,+0.00 电=8.06V/2.36A/峰3.01 补余=0.0 IO错=0 倾+0.0 自动3/3
[  362.750] TLM t= 241.3 L1·A@-76 L2·A@-74 L3·A@-76 R1·A@-76 R2·A@-74 R3·A@-73 罐=无罐 泵=0 阀=111111 速=+0,+0,+0.00 电=8.06V/2.20A/峰3.01 补余=0.0 IO错=0 倾+0.0 自动3/3
[  363.255] TLM t= 241.8 L1·A@-76 L2·A@-74 L3·A@-76 R1·A@-76 R2·A@-74 R3·A@-73 罐=无罐 泵=0 阀=111111 速=+0,+0,+0.00 电=8.05V/2.20A/峰3.01 补余=0.0 IO错=0 倾+0.0 自动3/3
[  363.773] TLM t= 242.3 L1·A@-76 L2·A@-73 L3·A@-76 R1·A@-76 R2·A@-74 R3·A@-72 罐=无罐 泵=0 阀=111111 速=+0,+0,+0.00 电=8.05V/2.28A/峰3.01 补余=0.0 IO错=0 倾+0.0 自动3/3
[  364.280] TLM t= 242.8 L1·A@-76 L2·A@-73 L3·A@-76 R1·A@-76 R2·A@-73 R3·A@-72 罐=无罐 泵=0 阀=111111 速=+0,+0,+0.00 电=8.05V/2.12A/峰3.01 补余=0.0 IO错=0 倾+0.0 自动3/3
[  364.799] TLM t= 243.4 L1·A@-75 L2·A@-72 L3·A@-76 R1·A@-75 R2·A@-73 R3·A@-71 罐=无罐 泵=0 阀=111111 速=+0,+0,+0.00 电=8.05V/2.20A/峰3.01 补余=0.0 IO错=0 倾+0.0 自动3/3
[  365.306] TLM t= 243.9 L1·A@-75 L2·A@-72 L3·A@-76 R1·A@-76 R2·A@-73 R3·A@-70 罐=无罐 泵=0 阀=111111 速=+0,+0,+0.00 电=8.07V/2.28A/峰3.01 补余=0.0 IO错=0 倾+0.0 自动3/3
[  365.830] TLM t= 244.4 L1·A@-75 L2·A@-72 L3·A@-76 R1·A@-75 R2·A@-73 R3·A@-70 罐=无罐 泵=0 阀=111111 速=+0,+0,+0.00 电=8.05V/2.12A/峰3.01 补余=0.0 IO错=0 倾+0.0 自动3/3
[  366.331] TLM t= 244.9 L1·A@-75 L2·A@-71 L3·A@-76 R1·A@-75 R2·A@-72 R3·A@-69 罐=无罐 泵=0 阀=111111 速=+0,+0,+0.00 电=8.05V/2.20A/峰3.01 补余=0.0 IO错=0 倾+0.0 自动3/3
[  366.853] TLM t= 245.4 L1·A@-75 L2·A@-71 L3·A@-76 R1·A@-75 R2·A@-72 R3·A@-69 罐=无罐 泵=0 阀=111111 速=+0,+0,+0.00 电=8.04V/2.28A/峰3.01 补余=0.0 IO错=0 倾+0.0 自动3/3
[  367.358] TLM t= 245.9 L1·A@-75 L2·A@-70 L3·A@-76 R1·A@-75 R2·A@-72 R3·A@-68 罐=无罐 泵=0 阀=111111 速=+0,+0,+0.00 电=8.06V/2.28A/峰3.01 补余=0.0 IO错=0 倾+0.0 自动3/3
[  367.877] TLM t= 246.4 L1·A@-75 L2·A@-70 L3·A@-75 R1·A@-75 R2·A@-71 R3·A@-68 罐=无罐 泵=0 阀=111111 速=+0,+0,+0.00 电=8.04V/2.28A/峰3.01 补余=0.0 IO错=0 倾+0.0 自动3/3
[  368.382] TLM t= 246.9 L1·A@-75 L2·A@-70 L3·A@-75 R1·A@-75 R2·A@-71 R3·A@-67 罐=无罐 泵=0 阀=111111 速=+0,+0,+0.00 电=8.05V/2.36A/峰3.01 补余=0.0 IO错=0 倾+0.0 自动3/3
[  368.903] TLM t= 247.4 L1·A@-75 L2·A@-69 L3·A@-75 R1·A@-75 R2·A@-71 R3·A@-67 罐=无罐 泵=0 阀=111111 速=+0,+0,+0.00 电=8.05V/2.12A/峰3.01 补余=0.0 IO错=0 倾+0.0 自动3/3
[  369.406] TLM t= 247.9 L1·A@-75 L2·A@-69 L3·A@-75 R1·A@-75 R2·A@-70 R3·A@-66 罐=无罐 泵=0 阀=111111 速=+0,+0,+0.00 电=8.04V/2.20A/峰3.01 补余=0.0 IO错=0 倾+0.0 自动3/3
[  369.929] TLM t= 248.5 L1·A@-74 L2·A@-68 L3·A@-75 R1·A@-75 R2·A@-70 R3·A@-66 罐=无罐 泵=0 阀=111111 速=+0,+0,+0.00 电=8.05V/2.20A/峰3.01 补余=0.0 IO错=0 倾+0.0 自动3/3
[  370.437] TLM t= 249.0 L1·A@-74 L2·A@-68 L3·A@-75 R1·A@-75 R2·A@-70 R3·A@-65 罐=无罐 泵=0 阀=111111 速=+0,+0,+0.00 电=8.05V/2.28A/峰3.01 补余=0.0 IO错=0 倾+0.0 自动3/3
[  370.955] TLM t= 249.5 L1·A@-74 L2·A@-68 L3·A@-75 R1·A@-75 R2·A@-70 R3·A@-65 罐=无罐 泵=0 阀=111111 速=+0,+0,+0.00 电=8.06V/2.20A/峰3.01 补余=0.0 IO错=0 倾+0.0 自动3/3
[  371.461] TLM t= 250.0 L1·A@-74 L2·A@-67 L3·A@-75 R1·A@-75 R2·A@-69 R3·A@-64 罐=无罐 泵=0 阀=111111 速=+0,+0,+0.00 电=8.05V/2.20A/峰3.01 补余=0.0 IO错=0 倾+0.0 自动3/3
[  371.980] TLM t= 250.5 L1·A@-74 L2·A@-67 L3·A@-75 R1·A@-75 R2·A@-69 R3·A@-64 罐=无罐 泵=0 阀=111111 速=+0,+0,+0.00 电=8.05V/2.20A/峰3.01 补余=0.0 IO错=0 倾+0.0 自动3/3
[  372.484] TLM t= 251.0 L1·A@-74 L2·A@-67 L3·A@-75 R1·A@-75 R2·A@-69 R3·A@-63 罐=无罐 泵=0 阀=111111 速=+0,+0,+0.00 电=8.04V/2.20A/峰3.01 补余=0.0 IO错=0 倾+0.0 自动3/3
[  373.006] TLM t= 251.5 L1·A@-74 L2·A@-66 L3·A@-75 R1·A@-75 R2·A@-68 R3·A@-63 罐=无罐 泵=0 阀=111111 速=+0,+0,+0.00 电=8.03V/1.95A/峰3.01 补余=0.0 IO错=0 倾+0.0 自动3/3
[  373.508] TLM t= 252.0 L1·A@-74 L2·A@-66 L3·A@-75 R1·A@-75 R2·A@-68 R3·A@-62 罐=无罐 泵=0 阀=111111 速=+0,+0,+0.00 电=8.04V/2.12A/峰3.01 补余=0.0 IO错=0 倾+0.0 自动3/3
[  374.022] EVT 自动轮换：第 3 轮开始
[  374.030] TLM t= 252.5 L1·A@-74 L2·A@-65 L3·A@-75 R1·A@-75 R2·A@-68 R3·A@-61 罐=无罐 泵=0 阀=111111 速=+0,+0,+0.00 电=8.04V/2.12A/峰3.01 补余=0.0 IO错=0 倾+0.0 自动3/3
[  374.042] EVT 原地抬起受理：R3
[  374.054] EVT 相位 R3 stance→handover
[  374.544] TLM t= 256.1 L1·A@-74 L2·A@-65 L3·A@-75 R1·A@-75 R2·A@-67 R3ZA@-61 罐=无罐 泵=0 阀=111111 速=+0,+0,+0.00 电=8.07V/1.87A/峰3.01 补余=0.0 IO错=0 倾+0.0 自动3/3
[  375.053] TLM t= 256.2 L1·A@-74 L2·A@-65 L3·A@-74 R1·A@-75 R2·A@-67 R3ZA@-60 罐=无罐 泵=0 阀=111111 速=+0,+0,+0.00 电=8.06V/1.79A/峰3.01 补余=0.0 IO错=0 倾+0.0 自动3/3
[  375.141] EVT 吸附 R3 attached→venting 在态98.46s -60.3kPa
[  375.141] EVT 相位 R3 handover→vent 落点Δ(+0.0,+0.0)
[  375.169] EVT 阀 R3 →排气位
[  375.442] EVT 相位 R3 vent→lift
[  375.557] TLM t= 256.2 L1·A@-74 L2·A@-64 L3·A@-74 R1·A@-75 R2·A@-67 R3Lv@-60 罐=无罐 泵=0 阀=111110 速=+0,+0,+0.00 电=8.05V/1.79A/峰3.01 补余=0.0 IO错=0 倾+0.0 自动3/3
[  375.565] EVT 吸附 R3 venting→released 在态0.42s 0.2kPa
[  376.081] TLM t= 256.2 L1·A@-73 L2·A@-64 L3·A@-74 R1·A@-75 R2·A@-67 R3Lr@-- 罐=无罐 泵=0 阀=111110 速=+0,+0,+0.00 电=8.03V/2.04A/峰3.01 补余=0.0 IO错=0 倾+0.0 自动3/3
[  376.287] EVT 相位 R3 lift→transfer
[  376.580] TLM t= 256.2 L1·A@-73 L2·A@-64 L3·A@-74 R1·A@-75 R2·A@-66 R3Tr@-- 罐=无罐 泵=0 阀=111110 速=+0,+0,+0.00 电=8.04V/2.20A/峰3.01 补余=0.0 IO错=0 倾+0.0 自动3/3
[  376.916] EVT 相位 R3 transfer→hover
[  377.105] TLM t= 256.2 L1·A@-73 L2·A@-63 L3·A@-74 R1·A@-75 R2·A@-66 R3Hr@-- 罐=无罐 泵=0 阀=111110 速=+0,+0,+0.00 电=8.04V/2.04A/峰3.01 补余=0.0 IO错=0 倾+0.0 自动3/3
[  377.621] TLM t= 256.2 L1·A@-73 L2·A@-63 L3·A@-74 R1·A@-75 R2·A@-66 R3Hr@-- 罐=无罐 泵=0 阀=111110 速=+0,+0,+0.00 电=8.03V/2.12A/峰3.01 补余=0.0 IO错=0 倾+0.0 自动3/3
[  377.939] EVT 落地：R3
[  377.957] EVT 相位 R3 hover→descend
[  378.128] TLM t= 256.2 L1·A@-73 L2·A@-63 L3·A@-74 R1·A@-75 R2·A@-65 R3Dr@-- 罐=无罐 泵=0 阀=111110 速=+0,+0,+0.00 电=8.04V/2.12A/峰3.01 补余=0.0 IO错=0 倾+0.0 自动3/3
[  378.439] EVT 相位 R3 descend→press
[  378.629] TLM t= 256.2 L1·A@-73 L2·A@-62 L3·A@-74 R1·A@-75 R2·A@-65 R3Pr@-- 罐=无罐 泵=0 阀=111110 速=+0,+0,+0.00 电=8.06V/1.95A/峰3.01 补余=0.0 IO错=0 倾+0.0 自动3/3
[  379.156] TLM t= 256.2 L1·A@-73 L2·A@-62 L3·A@-74 R1·A@-74 R2·A@-65 R3Pr@-- 罐=无罐 泵=0 阀=111110 速=+0,+0,+0.00 电=8.05V/2.04A/峰3.01 补余=0.0 IO错=0 倾+0.0 自动3/3
[  379.647] EVT 吸附 R3 released→pressing 在态4.06s 0.2kPa
[  379.648] EVT 相位 R3 press→wait
[  379.660] TLM t= 256.2 L1·A@-73 L2·A@-61 L3·A@-74 R1·A@-74 R2·A@-65 R3Wp@-- 罐=无罐 泵=0 阀=111110 速=+0,+0,+0.00 电=8.05V/2.12A/峰3.01 补余=0.0 IO错=0 倾+0.0 自动3/3
[  379.963] EVT 吸附 R3 pressing→sucking 在态0.32s 0.2kPa
[  379.963] EVT 阀 R3 →抽气位
[  379.991] EVT 泵 开 最差盘压-61.2
[  380.181] TLM t= 256.2 L1·A@-73 L2·A@-61 L3·A@-74 R1·A@-74 R2·A@-64 R3Ws@-35 罐=无罐 泵=1 阀=111111 速=+0,+0,+0.00 电=8.03V/2.04A/峰3.01 补余=0.0 IO错=0 倾+0.0 自动3/3
[  380.356] EVT 吸附 R3 sucking→attached 在态0.38s -55.0kPa
[  380.356] EVT 相位 R3 wait→stance
[  380.356] EVT 抬落完成，轮到 L1
[  380.689] TLM t= 256.5 L1·A@-72 L2·A@-70 L3·A@-74 R1·A@-74 R2·A@-70 R3·A@-70 罐=无罐 泵=1 阀=111111 速=+0,+0,+0.00 电=8.00V/2.12A/峰3.01 补余=0.0 IO错=0 倾+0.0 自动3/3
[  381.139] EVT 泵 停 最差盘压-75.0
[  381.210] TLM t= 257.0 L1·A@-76 L2·A@-76 L3·A@-76 R1·A@-76 R2·A@-76 R3·A@-76 罐=无罐 泵=0 阀=111111 速=+0,+0,+0.00 电=8.05V/1.95A/峰3.01 补余=0.0 IO错=0 倾+0.0 自动3/3
[  381.717] TLM t= 257.5 L1·A@-76 L2·A@-76 L3·A@-76 R1·A@-76 R2·A@-76 R3·A@-76 罐=无罐 泵=0 阀=111111 速=+0,+0,+0.00 电=8.06V/1.95A/峰3.01 补余=0.0 IO错=0 倾+0.0 自动3/3
[  382.237] TLM t= 258.1 L1·A@-76 L2·A@-76 L3·A@-76 R1·A@-76 R2·A@-75 R3·A@-75 罐=无罐 泵=0 阀=111111 速=+0,+0,+0.00 电=8.05V/2.12A/峰3.01 补余=0.0 IO错=0 倾+0.0 自动3/3
[  382.742] TLM t= 258.6 L1·A@-76 L2·A@-75 L3·A@-76 R1·A@-76 R2·A@-75 R3·A@-74 罐=无罐 泵=0 阀=111111 速=+0,+0,+0.00 电=8.05V/2.04A/峰3.01 补余=0.0 IO错=0 倾+0.0 自动3/3
[  383.261] TLM t= 259.1 L1·A@-76 L2·A@-75 L3·A@-76 R1·A@-76 R2·A@-75 R3·A@-74 罐=无罐 泵=0 阀=111111 速=+0,+0,+0.00 电=8.06V/2.04A/峰3.01 补余=0.0 IO错=0 倾+0.0 自动3/3
[  383.765] TLM t= 259.6 L1·A@-76 L2·A@-74 L3·A@-76 R1·A@-76 R2·A@-74 R3·A@-73 罐=无罐 泵=0 阀=111111 速=+0,+0,+0.00 电=8.05V/2.04A/峰3.01 补余=0.0 IO错=0 倾+0.0 自动3/3
[  384.284] TLM t= 260.1 L1·A@-76 L2·A@-74 L3·A@-76 R1·A@-75 R2·A@-74 R3·A@-73 罐=无罐 泵=0 阀=111111 速=+0,+0,+0.00 电=8.04V/1.95A/峰3.01 补余=0.0 IO错=0 倾+0.0 自动3/3
[  384.789] TLM t= 260.6 L1·A@-75 L2·A@-74 L3·A@-76 R1·A@-75 R2·A@-74 R3·A@-72 罐=无罐 泵=0 阀=111111 速=+0,+0,+0.00 电=8.04V/1.95A/峰3.01 补余=0.0 IO错=0 倾+0.0 自动3/3
[  385.308] TLM t= 261.1 L1·A@-75 L2·A@-73 L3·A@-76 R1·A@-75 R2·A@-73 R3·A@-72 罐=无罐 泵=0 阀=111111 速=+0,+0,+0.00 电=8.04V/2.04A/峰3.01 补余=0.0 IO错=0 倾+0.0 自动3/3
[  385.811] TLM t= 261.6 L1·A@-75 L2·A@-73 L3·A@-76 R1·A@-75 R2·A@-73 R3·A@-71 罐=无罐 泵=0 阀=111111 速=+0,+0,+0.00 电=8.04V/2.04A/峰3.01 补余=0.0 IO错=0 倾+0.0 自动3/3
[  386.336] TLM t= 262.1 L1·A@-75 L2·A@-72 L3·A@-76 R1·A@-75 R2·A@-73 R3·A@-70 罐=无罐 泵=0 阀=111111 速=+0,+0,+0.00 电=8.05V/1.95A/峰3.01 补余=0.0 IO错=0 倾+0.0 自动3/3
[  386.837] TLM t= 262.6 L1·A@-75 L2·A@-72 L3·A@-76 R1·A@-75 R2·A@-72 R3·A@-70 罐=无罐 泵=0 阀=111111 速=+0,+0,+0.00 电=8.06V/2.04A/峰3.01 补余=0.0 IO错=0 倾+0.0 自动3/3
[  387.359] TLM t= 263.2 L1·A@-75 L2·A@-72 L3·A@-75 R1·A@-75 R2·A@-72 R3·A@-69 罐=无罐 泵=0 阀=111111 速=+0,+0,+0.00 电=8.04V/1.95A/峰3.01 补余=0.0 IO错=0 倾+0.0 自动3/3
[  387.861] TLM t= 263.7 L1·A@-75 L2·A@-71 L3·A@-75 R1·A@-75 R2·A@-72 R3·A@-69 罐=无罐 泵=0 阀=111111 速=+0,+0,+0.00 电=8.06V/1.87A/峰3.01 补余=0.0 IO错=0 倾+0.0 自动3/3
[  388.383] TLM t= 264.2 L1·A@-75 L2·A@-71 L3·A@-75 R1·A@-75 R2·A@-71 R3·A@-68 罐=无罐 泵=0 阀=111111 速=+0,+0,+0.00 电=8.06V/2.04A/峰3.01 补余=0.0 IO错=0 倾+0.0 自动3/3
[  388.888] TLM t= 264.7 L1·A@-75 L2·A@-70 L3·A@-75 R1·A@-75 R2·A@-71 R3·A@-68 罐=无罐 泵=0 阀=111111 速=+0,+0,+0.00 电=8.04V/1.79A/峰3.01 补余=0.0 IO错=0 倾+0.0 自动3/3
[  389.410] TLM t= 265.2 L1·A@-74 L2·A@-70 L3·A@-75 R1·A@-75 R2·A@-71 R3·A@-67 罐=无罐 泵=0 阀=111111 速=+0,+0,+0.00 电=8.05V/1.95A/峰3.01 补余=0.0 IO错=0 倾+0.0 自动3/3
[  389.915] TLM t= 265.7 L1·A@-74 L2·A@-70 L3·A@-75 R1·A@-75 R2·A@-71 R3·A@-67 罐=无罐 泵=0 阀=111111 速=+0,+0,+0.00 电=8.04V/1.95A/峰3.01 补余=0.0 IO错=0 倾+0.0 自动3/3
[  390.386] EVT 原地抬起受理：L1
[  390.398] EVT 相位 L1 stance→handover
[  390.433] TLM t= 267.0 L1ZA@-74 L2·A@-69 L3·A@-75 R1·A@-75 R2·A@-70 R3·A@-66 罐=无罐 泵=0 阀=111111 速=+0,+0,+0.00 电=8.05V/2.04A/峰3.01 补余=0.0 IO错=0 倾+0.0 自动3/3
[  390.938] TLM t= 267.5 L1ZA@-74 L2·A@-69 L3·A@-75 R1·A@-75 R2·A@-70 R3·A@-65 罐=无罐 泵=0 阀=111111 速=+0,+0,+0.00 电=8.08V/1.55A/峰3.01 补余=0.0 IO错=0 倾+0.0 自动3/3
[  391.457] TLM t= 267.6 L1ZA@-74 L2·A@-68 L3·A@-75 R1·A@-75 R2·A@-70 R3·A@-65 罐=无罐 泵=0 阀=111111 速=+0,+0,+0.00 电=8.07V/1.71A/峰3.01 补余=0.0 IO错=0 倾+0.0 自动3/3
[  391.953] EVT 吸附 L1 attached→venting 在态98.48s -73.9kPa
[  391.954] EVT 相位 L1 handover→vent 落点Δ(+0.0,+0.0)
[  391.965] TLM t= 267.6 L1Vv@-74 L2·A@-68 L3·A@-75 R1·A@-75 R2·A@-69 R3·A@-64 罐=无罐 泵=0 阀=111111 速=+0,+0,+0.00 电=8.04V/2.28A/峰3.01 补余=0.0 IO错=0 倾+0.0 自动3/3
[  391.966] EVT 阀 L1 →排气位
[  392.254] EVT 相位 L1 vent→lift
[  392.389] EVT 吸附 L1 venting→released 在态0.44s 0.0kPa
[  392.484] TLM t= 267.6 L1Lr@-- L2·A@-68 L3·A@-75 R1·A@-75 R2·A@-69 R3·A@-64 罐=无罐 泵=0 阀=011111 速=+0,+0,+0.00 电=8.02V/2.44A/峰3.01 补余=0.0 IO错=0 倾+0.0 自动3/3
[  392.988] TLM t= 267.6 L1Lr@-- L2·A@-67 L3·A@-75 R1·A@-75 R2·A@-69 R3·A@-63 罐=无罐 泵=0 阀=011111 速=+0,+0,+0.00 电=8.01V/2.44A/峰3.01 补余=0.0 IO错=0 倾+0.0 自动3/3
[  393.099] EVT 相位 L1 lift→transfer
[  393.504] TLM t= 267.6 L1Tr@-- L2·A@-67 L3·A@-74 R1·A@-75 R2·A@-69 R3·A@-63 罐=无罐 泵=0 阀=011111 速=+0,+0,+0.00 电=8.05V/2.20A/峰3.01 补余=0.0 IO错=0 倾+0.0 自动3/3
[  393.713] EVT 相位 L1 transfer→hover
[  394.009] TLM t= 267.6 L1Hr@-- L2·A@-67 L3·A@-74 R1·A@-75 R2·A@-68 R3·A@-62 罐=无罐 泵=0 阀=011111 速=+0,+0,+0.00 电=8.03V/2.36A/峰3.01 补余=0.0 IO错=0 倾+0.0 自动3/3
[  394.527] TLM t= 267.6 L1Hr@-- L2·A@-66 L3·A@-74 R1·A@-75 R2·A@-68 R3·A@-62 罐=无罐 泵=0 阀=011111 速=+0,+0,+0.00 电=8.04V/2.28A/峰3.01 补余=0.0 IO错=0 倾+0.0 自动3/3
[  394.723] EVT 落地：L1
[  394.736] EVT 相位 L1 hover→descend
[  395.032] TLM t= 267.6 L1Dr@-- L2·A@-66 L3·A@-74 R1·A@-75 R2·A@-68 R3·A@-61 罐=无罐 泵=0 阀=011111 速=+0,+0,+0.00 电=8.03V/2.36A/峰3.01 补余=0.0 IO错=0 倾+0.0 自动3/3
[  395.217] EVT 相位 L1 descend→press
[  395.554] TLM t= 267.6 L1Pr@-- L2·A@-65 L3·A@-74 R1·A@-75 R2·A@-67 R3·A@-61 罐=无罐 泵=0 阀=011111 速=+0,+0,+0.00 电=8.02V/2.44A/峰3.01 补余=0.0 IO错=0 倾+0.0 自动3/3
[  396.058] TLM t= 267.6 L1Pr@-- L2·A@-65 L3·A@-74 R1·A@-75 R2·A@-67 R3·A@-60 罐=无罐 泵=0 阀=011111 速=+0,+0,+0.00 电=8.03V/2.44A/峰3.01 补余=0.0 IO错=0 倾+0.0 自动3/3
[  396.108] EVT 泵 开 最差盘压-59.9
[  396.421] EVT 吸附 L1 released→pressing 在态4.02s 0.0kPa
[  396.422] EVT 相位 L1 press→wait
[  396.574] TLM t= 267.6 L1Wp@-- L2·A@-68 L3·A@-74 R1·A@-74 R2·A@-68 R3·A@-68 罐=无罐 泵=1 阀=011111 速=+0,+0,+0.00 电=8.01V/2.36A/峰3.01 补余=0.0 IO错=0 倾+0.0 自动3/3
[  396.747] EVT 吸附 L1 pressing→sucking 在态0.32s 0.0kPa
[  396.748] EVT 阀 L1 →抽气位
[  397.082] TLM t= 267.6 L1Ws@-59 L2·A@-73 L3·A@-73 R1·A@-74 R2·A@-72 R3·A@-73 罐=无罐 泵=1 阀=111111 速=+0,+0,+0.00 电=7.97V/2.44A/峰3.01 补余=0.0 IO错=0 倾+0.0 自动3/3
[  397.164] EVT 吸附 L1 sucking→attached 在态0.42s -62.9kPa
[  397.169] EVT 相位 L1 wait→stance
[  397.169] EVT 抬落完成，轮到 R2
[  397.597] TLM t= 268.0 L1·A@-74 L2·A@-75 L3·A@-75 R1·A@-74 R2·A@-75 R3·A@-75 罐=无罐 泵=1 阀=111111 速=+0,+0,+0.00 电=8.02V/2.36A/峰3.01 补余=0.0 IO错=0 倾+0.0 自动3/3
[  397.710] EVT 泵 停 最差盘压-75.0
[  398.106] TLM t= 268.5 L1·A@-76 L2·A@-76 L3·A@-76 R1·A@-76 R2·A@-76 R3·A@-76 罐=无罐 泵=0 阀=111111 速=+0,+0,+0.00 电=8.03V/2.28A/峰3.01 补余=0.0 IO错=0 倾+0.0 自动3/3
[  398.622] TLM t= 269.0 L1·A@-76 L2·A@-76 L3·A@-76 R1·A@-76 R2·A@-75 R3·A@-75 罐=无罐 泵=0 阀=111111 速=+0,+0,+0.00 电=8.03V/2.12A/峰3.01 补余=0.0 IO错=0 倾+0.0 自动3/3
[  399.125] TLM t= 269.5 L1·A@-76 L2·A@-75 L3·A@-76 R1·A@-76 R2·A@-75 R3·A@-75 罐=无罐 泵=0 阀=111111 速=+0,+0,+0.00 电=8.04V/2.44A/峰3.01 补余=0.0 IO错=0 倾+0.0 自动3/3
[  399.650] TLM t= 270.1 L1·A@-76 L2·A@-75 L3·A@-76 R1·A@-75 R2·A@-75 R3·A@-74 罐=无罐 泵=0 阀=111111 速=+0,+0,+0.00 电=8.04V/2.20A/峰3.01 补余=0.0 IO错=0 倾+0.0 自动3/3
[  400.156] TLM t= 270.6 L1·A@-75 L2·A@-74 L3·A@-76 R1·A@-75 R2·A@-74 R3·A@-74 罐=无罐 泵=0 阀=111111 速=+0,+0,+0.00 电=8.04V/2.20A/峰3.01 补余=0.0 IO错=0 倾+0.0 自动3/3
[  400.676] TLM t= 271.1 L1·A@-75 L2·A@-74 L3·A@-76 R1·A@-75 R2·A@-74 R3·A@-73 罐=无罐 泵=0 阀=111111 速=+0,+0,+0.00 电=8.04V/2.12A/峰3.01 补余=0.0 IO错=0 倾+0.0 自动3/3
[  401.179] TLM t= 271.6 L1·A@-75 L2·A@-74 L3·A@-76 R1·A@-75 R2·A@-74 R3·A@-72 罐=无罐 泵=0 阀=111111 速=+0,+0,+0.00 电=8.03V/2.20A/峰3.01 补余=0.0 IO错=0 倾+0.0 自动3/3
[  401.699] TLM t= 272.1 L1·A@-75 L2·A@-73 L3·A@-75 R1·A@-75 R2·A@-73 R3·A@-72 罐=无罐 泵=0 阀=111111 速=+0,+0,+0.00 电=8.04V/2.20A/峰3.01 补余=0.0 IO错=0 倾+0.0 自动3/3
[  402.202] TLM t= 272.6 L1·A@-75 L2·A@-73 L3·A@-75 R1·A@-75 R2·A@-73 R3·A@-71 罐=无罐 泵=0 阀=111111 速=+0,+0,+0.00 电=8.05V/2.12A/峰3.01 补余=0.0 IO错=0 倾+0.0 自动3/3
[  402.721] TLM t= 273.1 L1·A@-75 L2·A@-73 L3·A@-75 R1·A@-75 R2·A@-73 R3·A@-71 罐=无罐 泵=0 阀=111111 速=+0,+0,+0.00 电=8.04V/2.28A/峰3.01 补余=0.0 IO错=0 倾+0.0 自动3/3
[  403.226] TLM t= 273.6 L1·A@-75 L2·A@-72 L3·A@-75 R1·A@-75 R2·A@-72 R3·A@-70 罐=无罐 泵=0 阀=111111 速=+0,+0,+0.00 电=8.03V/2.20A/峰3.01 补余=0.0 IO错=0 倾+0.0 自动3/3
[  403.745] TLM t= 274.1 L1·A@-74 L2·A@-72 L3·A@-75 R1·A@-75 R2·A@-72 R3·A@-70 罐=无罐 泵=0 阀=111111 速=+0,+0,+0.00 电=8.04V/2.20A/峰3.01 补余=0.0 IO错=0 倾+0.0 自动3/3
[  404.248] TLM t= 274.6 L1·A@-74 L2·A@-71 L3·A@-75 R1·A@-75 R2·A@-72 R3·A@-69 罐=无罐 泵=0 阀=111111 速=+0,+0,+0.00 电=8.04V/2.12A/峰3.01 补余=0.0 IO错=0 倾+0.0 自动3/3
[  404.770] TLM t= 275.2 L1·A@-74 L2·A@-71 L3·A@-75 R1·A@-75 R2·A@-72 R3·A@-69 罐=无罐 泵=0 阀=111111 速=+0,+0,+0.00 电=8.03V/2.28A/峰3.01 补余=0.0 IO错=0 倾+0.0 自动3/3
[  405.274] TLM t= 275.7 L1·A@-74 L2·A@-71 L3·A@-75 R1·A@-75 R2·A@-71 R3·A@-68 罐=无罐 泵=0 阀=111111 速=+0,+0,+0.00 电=8.02V/2.28A/峰3.01 补余=0.0 IO错=0 倾+0.0 自动3/3
[  405.792] TLM t= 276.2 L1·A@-74 L2·A@-70 L3·A@-75 R1·A@-75 R2·A@-71 R3·A@-67 罐=无罐 泵=0 阀=111111 速=+0,+0,+0.00 电=8.03V/2.12A/峰3.01 补余=0.0 IO错=0 倾+0.0 自动3/3
[  406.297] TLM t= 276.7 L1·A@-74 L2·A@-70 L3·A@-75 R1·A@-75 R2·A@-71 R3·A@-67 罐=无罐 泵=0 阀=111111 速=+0,+0,+0.00 电=8.04V/2.28A/峰3.01 补余=0.0 IO错=0 倾+0.0 自动3/3
[  406.813] TLM t= 277.2 L1·A@-74 L2·A@-69 L3·A@-75 R1·A@-75 R2·A@-70 R3·A@-66 罐=无罐 泵=0 阀=111111 速=+0,+0,+0.00 电=8.04V/2.28A/峰3.01 补余=0.0 IO错=0 倾+0.0 自动3/3
[  407.205] EVT 原地抬起受理：R2
[  407.227] EVT 相位 R2 stance→handover
[  407.324] TLM t= 278.5 L1·A@-74 L2·A@-69 L3·A@-74 R1·A@-75 R2ZA@-70 R3·A@-66 罐=无罐 泵=0 阀=111111 速=+0,+0,+0.00 电=8.03V/2.04A/峰3.01 补余=0.0 IO错=0 倾+0.0 自动3/3
[  407.838] TLM t= 279.0 L1·A@-74 L2·A@-69 L3·A@-74 R1·A@-75 R2ZA@-70 R3·A@-65 罐=无罐 泵=0 阀=111111 速=+0,+0,+0.00 电=8.04V/2.20A/峰3.01 补余=0.0 IO错=0 倾+0.0 自动3/3
[  408.312] EVT 吸附 R2 attached→venting 在态98.70s -69.3kPa
[  408.313] EVT 相位 R2 handover→vent 落点Δ(+0.0,+0.0)
[  408.332] EVT 阀 R2 →排气位
[  408.339] TLM t= 279.0 L1·A@-73 L2·A@-68 L3·A@-74 R1·A@-75 R2Vv@-69 R3·A@-65 罐=无罐 泵=0 阀=111101 速=+0,+0,+0.00 电=8.03V/2.36A/峰3.01 补余=0.0 IO错=0 倾+0.0 自动3/3
[  408.613] EVT 相位 R2 vent→lift
[  408.735] EVT 吸附 R2 venting→released 在态0.42s -0.0kPa
[  408.869] TLM t= 279.0 L1·A@-73 L2·A@-68 L3·A@-74 R1·A@-75 R2Lr@-- R3·A@-64 罐=无罐 泵=0 阀=111101 速=+0,+0,+0.00 电=8.02V/2.36A/峰3.01 补余=0.0 IO错=0 倾+0.0 自动3/3
[  409.371] TLM t= 279.0 L1·A@-73 L2·A@-68 L3·A@-74 R1·A@-75 R2Lr@-- R3·A@-64 罐=无罐 泵=0 阀=111101 速=+0,+0,+0.00 电=8.02V/2.36A/峰3.01 补余=0.0 IO错=0 倾+0.0 自动3/3
[  409.461] EVT 相位 R2 lift→transfer
[  409.890] TLM t= 279.0 L1·A@-73 L2·A@-67 L3·A@-74 R1·A@-75 R2Tr@-- R3·A@-63 罐=无罐 泵=0 阀=111101 速=+0,+0,+0.00 电=8.01V/2.36A/峰3.01 补余=0.0 IO错=0 倾+0.0 自动3/3
[  410.085] EVT 相位 R2 transfer→hover
[  410.398] TLM t= 279.0 L1·A@-73 L2·A@-67 L3·A@-74 R1·A@-74 R2Hr@-- R3·A@-63 罐=无罐 泵=0 阀=111101 速=+0,+0,+0.00 电=8.01V/2.44A/峰3.01 补余=0.0 IO错=0 倾+0.0 自动3/3
[  410.913] TLM t= 279.0 L1·A@-73 L2·A@-66 L3·A@-74 R1·A@-74 R2Hr@-- R3·A@-62 罐=无罐 泵=0 阀=111101 速=+0,+0,+0.00 电=8.00V/2.52A/峰3.01 补余=0.0 IO错=0 倾+0.0 自动3/3
[  411.086] EVT 落地：R2
[  411.108] EVT 相位 R2 hover→descend
[  411.415] TLM t= 279.0 L1·A@-73 L2·A@-66 L3·A@-74 R1·A@-74 R2Dr@-- R3·A@-62 罐=无罐 泵=0 阀=111101 速=+0,+0,+0.00 电=8.01V/2.36A/峰3.01 补余=0.0 IO错=0 倾+0.0 自动3/3
[  411.590] EVT 相位 R2 descend→press
[  411.938] TLM t= 279.0 L1·A@-73 L2·A@-66 L3·A@-74 R1·A@-74 R2Pr@-- R3·A@-61 罐=无罐 泵=0 阀=111101 速=+0,+0,+0.00 电=8.00V/2.36A/峰3.01 补余=0.0 IO错=0 倾+0.0 自动3/3
[  412.442] TLM t= 279.0 L1·A@-73 L2·A@-65 L3·A@-74 R1·A@-74 R2Pr@-- R3·A@-61 罐=无罐 泵=0 阀=111101 速=+0,+0,+0.00 电=8.02V/2.36A/峰3.01 补余=0.0 IO错=0 倾+0.0 自动3/3
[  412.793] EVT 吸附 R2 released→pressing 在态4.04s -0.0kPa
[  412.793] EVT 相位 R2 press→wait
[  412.961] TLM t= 279.0 L1·A@-72 L2·A@-65 L3·A@-74 R1·A@-74 R2Wp@-- R3·A@-60 罐=无罐 泵=0 阀=111101 速=+0,+0,+0.00 电=8.01V/2.60A/峰3.01 补余=0.0 IO错=0 倾+0.0 自动3/3
[  413.037] EVT 泵 开 最差盘压-59.9
[  413.109] EVT 吸附 R2 pressing→sucking 在态0.32s -0.0kPa
[  413.110] EVT 阀 R2 →抽气位
[  413.410] EVT 吸附 R2 sucking→attached 在态0.30s -59.1kPa
[  413.411] EVT 相位 R2 wait→stance
[  413.411] EVT 抬落完成，轮到 L3
[  413.466] TLM t= 279.0 L1·A@-72 L2·A@-65 L3·A@-74 R1·A@-74 R2·A@-61 R3·A@-62 罐=无罐 泵=1 阀=111111 速=+0,+0,+0.00 电=7.98V/2.36A/峰3.01 补余=0.0 IO错=0 倾+0.0 自动3/3
[  413.988] TLM t= 279.6 L1·A@-73 L2·A@-73 L3·A@-74 R1·A@-74 R2·A@-73 R3·A@-73 罐=无罐 泵=1 阀=111111 速=+0,+0,+0.00 电=7.96V/2.36A/峰3.01 补余=0.0 IO错=0 倾+0.0 自动3/3
[  414.282] EVT 泵 停 最差盘压-75.2
[  414.491] TLM t= 280.1 L1·A@-76 L2·A@-76 L3·A@-76 R1·A@-76 R2·A@-76 R3·A@-76 罐=无罐 泵=0 阀=111111 速=+0,+0,+0.00 电=8.02V/2.28A/峰3.01 补余=0.0 IO错=0 倾+0.0 自动3/3
[  415.016] TLM t= 280.6 L1·A@-76 L2·A@-76 L3·A@-76 R1·A@-76 R2·A@-75 R3·A@-76 罐=无罐 泵=0 阀=111111 速=+0,+0,+0.00 电=8.02V/2.52A/峰3.01 补余=0.0 IO错=0 倾+0.0 自动3/3
[  415.517] TLM t= 281.1 L1·A@-76 L2·A@-76 L3·A@-76 R1·A@-76 R2·A@-75 R3·A@-75 罐=无罐 泵=0 阀=111111 速=+0,+0,+0.00 电=8.03V/2.52A/峰3.01 补余=0.0 IO错=0 倾+0.0 自动3/3
[  416.038] TLM t= 281.6 L1·A@-76 L2·A@-75 L3·A@-76 R1·A@-76 R2·A@-74 R3·A@-74 罐=无罐 泵=0 阀=111111 速=+0,+0,+0.00 电=8.01V/2.44A/峰3.01 补余=0.0 IO错=0 倾+0.0 自动3/3
[  416.542] TLM t= 282.1 L1·A@-76 L2·A@-75 L3·A@-76 R1·A@-76 R2·A@-74 R3·A@-74 罐=无罐 泵=0 阀=111111 速=+0,+0,+0.00 电=8.01V/2.20A/峰3.01 补余=0.0 IO错=0 倾+0.0 自动3/3
[  417.066] TLM t= 282.6 L1·A@-76 L2·A@-74 L3·A@-76 R1·A@-76 R2·A@-74 R3·A@-73 罐=无罐 泵=0 阀=111111 速=+0,+0,+0.00 电=8.04V/2.36A/峰3.01 补余=0.0 IO错=0 倾+0.0 自动3/3
[  417.571] TLM t= 283.1 L1·A@-76 L2·A@-74 L3·A@-76 R1·A@-75 R2·A@-73 R3·A@-73 罐=无罐 泵=0 阀=111111 速=+0,+0,+0.00 电=8.02V/2.28A/峰3.01 补余=0.0 IO错=0 倾+0.0 自动3/3
[  418.091] TLM t= 283.6 L1·A@-76 L2·A@-74 L3·A@-76 R1·A@-75 R2·A@-73 R3·A@-72 罐=无罐 泵=0 阀=111111 速=+0,+0,+0.00 电=8.01V/2.36A/峰3.01 补余=0.0 IO错=0 倾+0.0 自动3/3
[  418.595] TLM t= 284.1 L1·A@-75 L2·A@-73 L3·A@-76 R1·A@-75 R2·A@-73 R3·A@-72 罐=无罐 泵=0 阀=111111 速=+0,+0,+0.00 电=8.04V/2.44A/峰3.01 补余=0.0 IO错=0 倾+0.0 自动3/3
[  419.117] TLM t= 284.7 L1·A@-75 L2·A@-73 L3·A@-76 R1·A@-75 R2·A@-72 R3·A@-71 罐=无罐 泵=0 阀=111111 速=+0,+0,+0.00 电=8.03V/2.28A/峰3.01 补余=0.0 IO错=0 倾+0.0 自动3/3
[  419.619] TLM t= 285.2 L1·A@-75 L2·A@-72 L3·A@-76 R1·A@-75 R2·A@-72 R3·A@-70 罐=无罐 泵=0 阀=111111 速=+0,+0,+0.00 电=8.03V/2.28A/峰3.01 补余=0.0 IO错=0 倾+0.0 自动3/3
[  420.143] TLM t= 285.7 L1·A@-75 L2·A@-72 L3·A@-76 R1·A@-75 R2·A@-72 R3·A@-70 罐=无罐 泵=0 阀=111111 速=+0,+0,+0.00 电=8.01V/2.36A/峰3.01 补余=0.0 IO错=0 倾+0.0 自动3/3
[  420.645] TLM t= 286.2 L1·A@-75 L2·A@-72 L3·A@-75 R1·A@-75 R2·A@-71 R3·A@-69 罐=无罐 泵=0 阀=111111 速=+0,+0,+0.00 电=8.02V/2.36A/峰3.01 补余=0.0 IO错=0 倾+0.0 自动3/3
[  421.169] TLM t= 286.7 L1·A@-75 L2·A@-71 L3·A@-75 R1·A@-75 R2·A@-71 R3·A@-69 罐=无罐 泵=0 阀=111111 速=+0,+0,+0.00 电=8.01V/2.44A/峰3.01 补余=0.0 IO错=0 倾+0.0 自动3/3
[  421.672] TLM t= 287.2 L1·A@-75 L2·A@-71 L3·A@-75 R1·A@-75 R2·A@-71 R3·A@-68 罐=无罐 泵=0 阀=111111 速=+0,+0,+0.00 电=8.02V/2.28A/峰3.01 补余=0.0 IO错=0 倾+0.0 自动3/3
[  422.195] TLM t= 287.7 L1·A@-75 L2·A@-70 L3·A@-75 R1·A@-75 R2·A@-70 R3·A@-68 罐=无罐 泵=0 阀=111111 速=+0,+0,+0.00 电=8.01V/2.36A/峰3.01 补余=0.0 IO错=0 倾+0.0 自动3/3
[  422.699] TLM t= 288.2 L1·A@-75 L2·A@-70 L3·A@-75 R1·A@-75 R2·A@-70 R3·A@-67 罐=无罐 泵=0 阀=111111 速=+0,+0,+0.00 电=8.01V/2.36A/峰3.01 补余=0.0 IO错=0 倾+0.0 自动3/3
[  423.219] TLM t= 288.7 L1·A@-74 L2·A@-70 L3·A@-75 R1·A@-75 R2·A@-70 R3·A@-67 罐=无罐 泵=0 阀=111111 速=+0,+0,+0.00 电=8.03V/2.28A/峰3.01 补余=0.0 IO错=0 倾+0.0 自动3/3
[  423.427] EVT 原地抬起受理：L3
[  423.455] EVT 相位 L3 stance→handover
[  423.725] TLM t= 290.1 L1·A@-74 L2·A@-69 L3ZA@-75 R1·A@-75 R2·A@-70 R3·A@-66 罐=无罐 泵=0 阀=111111 速=+0,+0,+0.00 电=8.04V/1.87A/峰3.01 补余=0.0 IO错=0 倾+0.0 自动3/3
[  424.246] TLM t= 290.4 L1·A@-74 L2·A@-69 L3ZA@-75 R1·A@-75 R2·A@-69 R3·A@-66 罐=无罐 泵=0 阀=111111 速=+0,+0,+0.00 电=8.02V/1.79A/峰3.01 补余=0.0 IO错=0 倾+0.0 自动3/3
[  424.747] TLM t= 290.4 L1·A@-74 L2·A@-69 L3ZA@-75 R1·A@-75 R2·A@-69 R3·A@-65 罐=无罐 泵=0 阀=111111 速=+0,+0,+0.00 电=8.03V/1.95A/峰3.01 补余=0.0 IO错=0 倾+0.0 自动3/3
[  424.901] EVT 吸附 L3 attached→venting 在态98.66s -74.9kPa
[  424.901] EVT 相位 L3 handover→vent 落点Δ(+0.0,+0.0)
[  424.921] EVT 阀 L3 →排气位
[  425.199] EVT 相位 L3 vent→lift
[  425.269] TLM t= 290.4 L1·A@-74 L2·A@-68 L3Lv@-75 R1·A@-75 R2·A@-69 R3·A@-64 罐=无罐 泵=0 阀=110111 速=+0,+0,+0.00 电=8.01V/2.12A/峰3.01 补余=0.0 IO错=0 倾+0.0 自动3/3
[  425.322] EVT 吸附 L3 venting→released 在态0.42s 0.1kPa
[  425.773] TLM t= 290.4 L1·A@-74 L2·A@-68 L3Lr@-- R1·A@-75 R2·A@-68 R3·A@-64 罐=无罐 泵=0 阀=110111 速=+0,+0,+0.00 电=8.04V/2.04A/峰3.01 补余=0.0 IO错=0 倾+0.0 自动3/3
[  426.042] EVT 相位 L3 lift→transfer
[  426.294] TLM t= 290.4 L1·A@-74 L2·A@-67 L3Tr@-- R1·A@-75 R2·A@-68 R3·A@-63 罐=无罐 泵=0 阀=110111 速=+0,+0,+0.00 电=8.03V/2.12A/峰3.01 补余=0.0 IO错=0 倾+0.0 自动3/3
[  426.668] EVT 相位 L3 transfer→hover
[  426.802] TLM t= 290.4 L1·A@-74 L2·A@-67 L3Hr@-- R1·A@-75 R2·A@-68 R3·A@-63 罐=无罐 泵=0 阀=110111 速=+0,+0,+0.00 电=8.02V/2.04A/峰3.01 补余=0.0 IO错=0 倾+0.0 自动3/3
[  427.318] TLM t= 290.4 L1·A@-74 L2·A@-67 L3Hr@-- R1·A@-75 R2·A@-67 R3·A@-62 罐=无罐 泵=0 阀=110111 速=+0,+0,+0.00 电=8.02V/1.95A/峰3.01 补余=0.0 IO错=0 倾+0.0 自动3/3
[  427.670] EVT 落地：L3
[  427.693] EVT 相位 L3 hover→descend
[  427.823] TLM t= 290.4 L1·A@-74 L2·A@-66 L3Dr@-- R1·A@-75 R2·A@-67 R3·A@-62 罐=无罐 泵=0 阀=110111 速=+0,+0,+0.00 电=8.01V/2.04A/峰3.01 补余=0.0 IO错=0 倾+0.0 自动3/3
[  428.174] EVT 相位 L3 descend→press
[  428.342] TLM t= 290.4 L1·A@-73 L2·A@-66 L3Pr@-- R1·A@-74 R2·A@-67 R3·A@-61 罐=无罐 泵=0 阀=110111 速=+0,+0,+0.00 电=8.02V/1.95A/峰3.01 补余=0.0 IO错=0 倾+0.0 自动3/3
[  428.843] TLM t= 290.4 L1·A@-73 L2·A@-66 L3Pr@-- R1·A@-74 R2·A@-67 R3·A@-61 罐=无罐 泵=0 阀=110111 速=+0,+0,+0.00 电=8.04V/1.95A/峰3.01 补余=0.0 IO错=0 倾+0.0 自动3/3
[  429.364] TLM t= 290.4 L1·A@-73 L2·A@-65 L3Pr@-- R1·A@-74 R2·A@-66 R3·A@-60 罐=无罐 泵=0 阀=110111 速=+0,+0,+0.00 电=8.04V/2.04A/峰3.01 补余=0.0 IO错=0 倾+0.0 自动3/3
[  429.379] EVT 吸附 L3 released→pressing 在态4.04s 0.1kPa
[  429.380] EVT 相位 L3 press→wait
[  429.560] EVT 泵 开 最差盘压-59.9
[  429.692] EVT 吸附 L3 pressing→sucking 在态0.32s 0.1kPa
[  429.693] EVT 阀 L3 →抽气位
[  429.871] TLM t= 290.4 L1·A@-73 L2·A@-65 L3Ws@-43 R1·A@-74 R2·A@-66 R3·A@-60 罐=无罐 泵=1 阀=111111 速=+0,+0,+0.00 电=8.02V/1.95A/峰3.01 补余=0.0 IO错=0 倾+0.0 自动3/3
[  429.993] EVT 吸附 L3 sucking→attached 在态0.30s -50.3kPa
[  429.994] EVT 相位 L3 wait→stance
[  429.994] EVT 抬落完成，轮到 R1
[  430.389] TLM t= 290.8 L1·A@-73 L2·A@-70 L3·A@-70 R1·A@-74 R2·A@-70 R3·A@-69 罐=无罐 泵=1 阀=111111 速=+0,+0,+0.00 电=7.99V/2.12A/峰3.01 补余=0.0 IO错=0 倾+0.0 自动3/3
[  430.864] EVT 泵 停 最差盘压-75.1
[  430.891] TLM t= 291.3 L1·A@-76 L2·A@-76 L3·A@-76 R1·A@-75 R2·A@-76 R3·A@-76 罐=无罐 泵=0 阀=111111 速=+0,+0,+0.00 电=8.03V/2.20A/峰3.01 补余=0.0 IO错=0 倾+0.0 自动3/3
[  431.418] TLM t= 291.8 L1·A@-76 L2·A@-76 L3·A@-76 R1·A@-76 R2·A@-76 R3·A@-76 罐=无罐 泵=0 阀=111111 速=+0,+0,+0.00 电=8.02V/2.12A/峰3.01 补余=0.0 IO错=0 倾+0.0 自动3/3
[  431.919] TLM t= 292.3 L1·A@-76 L2·A@-76 L3·A@-76 R1·A@-76 R2·A@-75 R3·A@-75 罐=无罐 泵=0 阀=111111 速=+0,+0,+0.00 电=8.04V/2.04A/峰3.01 补余=0.0 IO错=0 倾+0.0 自动3/3
[  432.441] TLM t= 292.8 L1·A@-76 L2·A@-75 L3·A@-76 R1·A@-75 R2·A@-75 R3·A@-75 罐=无罐 泵=0 阀=111111 速=+0,+0,+0.00 电=8.02V/2.20A/峰3.01 补余=0.0 IO错=0 倾+0.0 自动3/3
[  432.947] TLM t= 293.3 L1·A@-76 L2·A@-75 L3·A@-75 R1·A@-75 R2·A@-75 R3·A@-74 罐=无罐 泵=0 阀=111111 速=+0,+0,+0.00 电=8.04V/2.20A/峰3.01 补余=0.0 IO错=0 倾+0.0 自动3/3
[  433.465] TLM t= 293.8 L1·A@-76 L2·A@-74 L3·A@-75 R1·A@-75 R2·A@-74 R3·A@-73 罐=无罐 泵=0 阀=111111 速=+0,+0,+0.00 电=8.04V/1.95A/峰3.01 补余=0.0 IO错=0 倾+0.0 自动3/3
[  433.971] TLM t= 294.3 L1·A@-76 L2·A@-74 L3·A@-75 R1·A@-75 R2·A@-74 R3·A@-73 罐=无罐 泵=0 阀=111111 速=+0,+0,+0.00 电=8.01V/2.04A/峰3.01 补余=0.0 IO错=0 倾+0.0 自动3/3
[  434.498] TLM t= 294.9 L1·A@-75 L2·A@-74 L3·A@-75 R1·A@-75 R2·A@-74 R3·A@-72 罐=无罐 泵=0 阀=111111 速=+0,+0,+0.00 电=8.03V/2.12A/峰3.01 补余=0.0 IO错=0 倾+0.0 自动3/3
[  434.998] TLM t= 295.4 L1·A@-75 L2·A@-73 L3·A@-75 R1·A@-75 R2·A@-73 R3·A@-72 罐=无罐 泵=0 阀=111111 速=+0,+0,+0.00 电=8.02V/2.12A/峰3.01 补余=0.0 IO错=0 倾+0.0 自动3/3
[  435.520] TLM t= 295.9 L1·A@-75 L2·A@-73 L3·A@-75 R1·A@-75 R2·A@-73 R3·A@-71 罐=无罐 泵=0 阀=111111 速=+0,+0,+0.00 电=8.03V/2.12A/峰3.01 补余=0.0 IO错=0 倾+0.0 自动3/3
[  436.029] TLM t= 296.4 L1·A@-75 L2·A@-72 L3·A@-75 R1·A@-75 R2·A@-73 R3·A@-71 罐=无罐 泵=0 阀=111111 速=+0,+0,+0.00 电=8.04V/2.12A/峰3.01 补余=0.0 IO错=0 倾+0.0 自动3/3
[  436.548] TLM t= 296.9 L1·A@-75 L2·A@-72 L3·A@-74 R1·A@-75 R2·A@-72 R3·A@-70 罐=无罐 泵=0 阀=111111 速=+0,+0,+0.00 电=8.02V/2.20A/峰3.01 补余=0.0 IO错=0 倾+0.0 自动3/3
[  437.052] TLM t= 297.4 L1·A@-75 L2·A@-72 L3·A@-74 R1·A@-75 R2·A@-72 R3·A@-69 罐=无罐 泵=0 阀=111111 速=+0,+0,+0.00 电=8.01V/2.04A/峰3.01 补余=0.0 IO错=0 倾+0.0 自动3/3
[  437.574] TLM t= 297.9 L1·A@-75 L2·A@-71 L3·A@-74 R1·A@-75 R2·A@-72 R3·A@-69 罐=无罐 泵=0 阀=111111 速=+0,+0,+0.00 电=8.04V/1.95A/峰3.01 补余=0.0 IO错=0 倾+0.0 自动3/3
[  438.076] TLM t= 298.4 L1·A@-75 L2·A@-71 L3·A@-74 R1·A@-75 R2·A@-71 R3·A@-68 罐=无罐 泵=0 阀=111111 速=+0,+0,+0.00 电=8.03V/2.12A/峰3.01 补余=0.0 IO错=0 倾+0.0 自动3/3
[  438.597] TLM t= 298.9 L1·A@-75 L2·A@-70 L3·A@-74 R1·A@-75 R2·A@-71 R3·A@-68 罐=无罐 泵=0 阀=111111 速=+0,+0,+0.00 电=8.03V/2.04A/峰3.01 补余=0.0 IO错=0 倾+0.0 自动3/3
[  439.099] TLM t= 299.4 L1·A@-75 L2·A@-70 L3·A@-74 R1·A@-75 R2·A@-71 R3·A@-67 罐=无罐 泵=0 阀=111111 速=+0,+0,+0.00 电=8.04V/2.04A/峰3.01 补余=0.0 IO错=0 倾+0.0 自动3/3
[  439.621] TLM t= 300.0 L1·A@-74 L2·A@-70 L3·A@-74 R1·A@-75 R2·A@-70 R3·A@-67 罐=无罐 泵=0 阀=111111 速=+0,+0,+0.00 电=8.03V/2.04A/峰3.01 补余=0.0 IO错=0 倾+0.0 自动3/3
[  440.010] EVT 原地抬起受理：R1
[  440.038] EVT 相位 R1 stance→handover
[  440.125] TLM t= 301.3 L1·A@-74 L2·A@-69 L3·A@-74 R1ZA@-75 R2·A@-70 R3·A@-66 罐=无罐 泵=0 阀=111111 速=+0,+0,+0.00 电=8.06V/1.79A/峰3.01 补余=0.0 IO错=0 倾+0.0 自动3/3
[  440.648] TLM t= 301.8 L1·A@-74 L2·A@-69 L3·A@-73 R1ZA@-74 R2·A@-70 R3·A@-66 罐=无罐 泵=0 阀=111111 速=+0,+0,+0.00 电=8.06V/1.47A/峰3.01 补余=0.0 IO错=0 倾+0.0 自动3/3
[  441.151] TLM t= 301.8 L1·A@-74 L2·A@-69 L3·A@-73 R1ZA@-74 R2·A@-70 R3·A@-65 罐=无罐 泵=0 阀=111111 速=+0,+0,+0.00 电=8.03V/1.87A/峰3.01 补余=0.0 IO错=0 倾+0.0 自动3/3
[  441.671] TLM t= 301.8 L1·A@-74 L2·A@-68 L3·A@-73 R1ZA@-74 R2·A@-69 R3·A@-65 罐=无罐 泵=0 阀=111111 速=+0,+0,+0.00 电=8.03V/1.95A/峰3.01 补余=0.0 IO错=0 倾+0.0 自动3/3
[  441.684] EVT 吸附 R1 attached→venting 在态98.60s -74.3kPa
[  441.685] EVT 相位 R1 handover→vent 落点Δ(+0.0,+0.0)
[  441.697] EVT 阀 R1 →排气位
[  441.985] EVT 相位 R1 vent→lift
[  442.120] EVT 吸附 R1 venting→released 在态0.44s -0.0kPa
[  442.178] TLM t= 301.8 L1·A@-74 L2·A@-68 L3·A@-73 R1Lr@-- R2·A@-69 R3·A@-64 罐=无罐 泵=0 阀=111011 速=+0,+0,+0.00 电=8.01V/2.12A/峰3.01 补余=0.0 IO错=0 倾+0.0 自动3/3
[  442.692] TLM t= 301.8 L1·A@-74 L2·A@-67 L3·A@-73 R1Lr@-- R2·A@-69 R3·A@-64 罐=无罐 泵=0 阀=111011 速=+0,+0,+0.00 电=8.02V/1.95A/峰3.01 补余=0.0 IO错=0 倾+0.0 自动3/3
[  442.828] EVT 相位 R1 lift→transfer
[  443.196] TLM t= 301.8 L1·A@-74 L2·A@-67 L3·A@-73 R1Tr@-- R2·A@-68 R3·A@-63 罐=无罐 泵=0 阀=111011 速=+0,+0,+0.00 电=8.02V/2.12A/峰3.01 补余=0.0 IO错=0 倾+0.0 自动3/3
[  443.442] EVT 相位 R1 transfer→hover
[  443.718] TLM t= 301.8 L1·A@-74 L2·A@-67 L3·A@-73 R1Hr@-- R2·A@-68 R3·A@-63 罐=无罐 泵=0 阀=111011 速=+0,+0,+0.00 电=8.02V/1.95A/峰3.01 补余=0.0 IO错=0 倾+0.0 自动3/3
[  444.221] TLM t= 301.8 L1·A@-74 L2·A@-66 L3·A@-73 R1Hr@-- R2·A@-68 R3·A@-62 罐=无罐 泵=0 阀=111011 速=+0,+0,+0.00 电=8.01V/2.04A/峰3.01 补余=0.0 IO错=0 倾+0.0 自动3/3
[  444.453] EVT 落地：R1
[  444.466] EVT 相位 R1 hover→descend
[  444.741] TLM t= 301.8 L1·A@-74 L2·A@-66 L3·A@-73 R1Dr@-- R2·A@-68 R3·A@-62 罐=无罐 泵=0 阀=111011 速=+0,+0,+0.00 电=8.03V/2.12A/峰3.01 补余=0.0 IO错=0 倾+0.0 自动3/3
[  444.950] EVT 相位 R1 descend→press
[  445.246] TLM t= 301.8 L1·A@-73 L2·A@-66 L3·A@-73 R1Pr@-- R2·A@-67 R3·A@-61 罐=无罐 泵=0 阀=111011 速=+0,+0,+0.00 电=8.01V/2.12A/峰3.01 补余=0.0 IO错=0 倾+0.0 自动3/3
[  445.768] TLM t= 301.8 L1·A@-73 L2·A@-65 L3·A@-73 R1Pr@-- R2·A@-67 R3·A@-61 罐=无罐 泵=0 阀=111011 速=+0,+0,+0.00 电=8.02V/2.20A/峰3.01 补余=0.0 IO错=0 倾+0.0 自动3/3
[  446.153] EVT 吸附 R1 released→pressing 在态4.02s -0.0kPa
[  446.153] EVT 相位 R1 press→wait
[  446.274] TLM t= 301.8 L1·A@-73 L2·A@-65 L3·A@-72 R1Wp@-- R2·A@-67 R3·A@-60 罐=无罐 泵=0 阀=111011 速=+0,+0,+0.00 电=8.01V/2.20A/峰3.01 补余=0.0 IO错=0 倾+0.0 自动3/3
[  446.322] EVT 泵 开 最差盘压-60.0
[  446.479] EVT 吸附 R1 pressing→sucking 在态0.32s -0.0kPa
[  446.480] EVT 阀 R1 →抽气位
[  446.788] TLM t= 301.8 L1·A@-73 L2·A@-64 L3·A@-72 R1Ws@-59 R2·A@-66 R3·A@-61 罐=无罐 泵=1 阀=111111 速=+0,+0,+0.00 电=8.01V/2.04A/峰3.01 补余=0.0 IO错=0 倾+0.0 自动3/3
[  446.838] EVT 吸附 R1 sucking→attached 在态0.36s -62.0kPa
[  446.841] EVT 相位 R1 wait→stance
[  446.841] EVT 抬落完成，轮到 L2
[  447.293] TLM t= 302.2 L1·A@-74 L2·A@-74 L3·A@-73 R1·A@-73 R2·A@-73 R3·A@-73 罐=无罐 泵=1 阀=111111 速=+0,+0,+0.00 电=7.96V/2.12A/峰3.01 补余=0.0 IO错=0 倾+0.0 自动3/3
[  447.526] EVT 泵 停 最差盘压-75.1
[  447.814] TLM t= 302.8 L1·A@-76 L2·A@-76 L3·A@-76 R1·A@-76 R2·A@-76 R3·A@-76 罐=无罐 泵=0 阀=111111 速=+0,+0,+0.00 电=8.03V/2.04A/峰3.01 补余=0.0 IO错=0 倾+0.0 自动3/3
[  448.315] TLM t= 303.3 L1·A@-76 L2·A@-76 L3·A@-76 R1·A@-75 R2·A@-75 R3·A@-75 罐=无罐 泵=0 阀=111111 速=+0,+0,+0.00 电=8.03V/1.95A/峰3.01 补余=0.0 IO错=0 倾+0.0 自动3/3
[  448.837] TLM t= 303.8 L1·A@-76 L2·A@-75 L3·A@-76 R1·A@-75 R2·A@-75 R3·A@-75 罐=无罐 泵=0 阀=111111 速=+0,+0,+0.00 电=8.04V/2.04A/峰3.01 补余=0.0 IO错=0 倾+0.0 自动3/3
[  449.343] TLM t= 304.3 L1·A@-76 L2·A@-75 L3·A@-76 R1·A@-75 R2·A@-75 R3·A@-74 罐=无罐 泵=0 阀=111111 速=+0,+0,+0.00 电=8.03V/1.95A/峰3.01 补余=0.0 IO错=0 倾+0.0 自动3/3
[  449.862] TLM t= 304.8 L1·A@-76 L2·A@-75 L3·A@-76 R1·A@-75 R2·A@-74 R3·A@-74 罐=无罐 泵=0 阀=111111 速=+0,+0,+0.00 电=8.04V/2.12A/峰3.01 补余=0.0 IO错=0 倾+0.0 自动3/3
[  450.362] TLM t= 305.3 L1·A@-76 L2·A@-74 L3·A@-76 R1·A@-75 R2·A@-74 R3·A@-73 罐=无罐 泵=0 阀=111111 速=+0,+0,+0.00 电=8.04V/1.87A/峰3.01 补余=0.0 IO错=0 倾+0.0 自动3/3
[  450.886] TLM t= 305.8 L1·A@-75 L2·A@-74 L3·A@-76 R1·A@-75 R2·A@-74 R3·A@-72 罐=无罐 泵=0 阀=111111 速=+0,+0,+0.00 电=8.03V/1.87A/峰3.01 补余=0.0 IO错=0 倾+0.0 自动3/3
[  451.395] TLM t= 306.3 L1·A@-75 L2·A@-73 L3·A@-76 R1·A@-75 R2·A@-73 R3·A@-72 罐=无罐 泵=0 阀=111111 速=+0,+0,+0.00 电=8.02V/1.95A/峰3.01 补余=0.0 IO错=0 倾+0.0 自动3/3
[  451.911] TLM t= 306.8 L1·A@-75 L2·A@-73 L3·A@-75 R1·A@-75 R2·A@-73 R3·A@-71 罐=无罐 泵=0 阀=111111 速=+0,+0,+0.00 电=8.03V/1.95A/峰3.01 补余=0.0 IO错=0 倾+0.0 自动3/3
[  452.415] TLM t= 307.3 L1·A@-75 L2·A@-73 L3·A@-75 R1·A@-75 R2·A@-73 R3·A@-71 罐=无罐 泵=0 阀=111111 速=+0,+0,+0.00 电=8.04V/2.04A/峰3.01 补余=0.0 IO错=0 倾+0.0 自动3/3
[  452.932] TLM t= 307.9 L1·A@-75 L2·A@-72 L3·A@-75 R1·A@-75 R2·A@-72 R3·A@-70 罐=无罐 泵=0 阀=111111 速=+0,+0,+0.00 电=8.04V/1.95A/峰3.01 补余=0.0 IO错=0 倾+0.0 自动3/3
[  453.438] TLM t= 308.4 L1·A@-75 L2·A@-72 L3·A@-75 R1·A@-75 R2·A@-72 R3·A@-70 罐=无罐 泵=0 阀=111111 速=+0,+0,+0.00 电=8.02V/1.87A/峰3.01 补余=0.0 IO错=0 倾+0.0 自动3/3
[  453.956] TLM t= 308.9 L1·A@-75 L2·A@-71 L3·A@-75 R1·A@-75 R2·A@-72 R3·A@-69 罐=无罐 泵=0 阀=111111 速=+0,+0,+0.00 电=8.03V/1.95A/峰3.01 补余=0.0 IO错=0 倾+0.0 自动3/3
[  454.461] TLM t= 309.4 L1·A@-75 L2·A@-71 L3·A@-75 R1·A@-75 R2·A@-71 R3·A@-69 罐=无罐 泵=0 阀=111111 速=+0,+0,+0.00 电=8.04V/2.12A/峰3.01 补余=0.0 IO错=0 倾+0.0 自动3/3
[  454.981] TLM t= 309.9 L1·A@-75 L2·A@-71 L3·A@-75 R1·A@-75 R2·A@-71 R3·A@-68 罐=无罐 泵=0 阀=111111 速=+0,+0,+0.00 电=8.02V/2.04A/峰3.01 补余=0.0 IO错=0 倾+0.0 自动3/3
[  455.486] TLM t= 310.4 L1·A@-75 L2·A@-70 L3·A@-75 R1·A@-75 R2·A@-71 R3·A@-67 罐=无罐 泵=0 阀=111111 速=+0,+0,+0.00 电=8.02V/2.04A/峰3.01 补余=0.0 IO错=0 倾+0.0 自动3/3
[  456.003] TLM t= 310.9 L1·A@-74 L2·A@-70 L3·A@-75 R1·A@-75 R2·A@-71 R3·A@-67 罐=无罐 泵=0 阀=111111 速=+0,+0,+0.00 电=8.04V/1.87A/峰3.01 补余=0.0 IO错=0 倾+0.0 自动3/3
[  456.508] TLM t= 311.4 L1·A@-74 L2·A@-69 L3·A@-75 R1·A@-74 R2·A@-70 R3·A@-66 罐=无罐 泵=0 阀=111111 速=+0,+0,+0.00 电=8.02V/2.12A/峰3.01 补余=0.0 IO错=0 倾+0.0 自动3/3
[  456.876] EVT 原地抬起受理：L2
[  456.898] EVT 相位 L2 stance→handover
[  457.027] TLM t= 312.7 L1·A@-74 L2ZA@-69 L3·A@-75 R1·A@-74 R2·A@-70 R3·A@-66 罐=无罐 泵=0 阀=111111 速=+0,+0,+0.00 电=8.04V/1.87A/峰3.01 补余=0.0 IO错=0 倾+0.0 自动3/3
[  457.529] TLM t= 313.2 L1·A@-74 L2ZA@-69 L3·A@-75 R1·A@-74 R2·A@-70 R3·A@-65 罐=无罐 泵=0 阀=111111 速=+0,+0,+0.00 电=8.02V/1.95A/峰3.01 补余=0.0 IO错=0 倾+0.0 自动3/3
[  458.054] TLM t= 313.2 L1·A@-74 L2ZA@-68 L3·A@-75 R1·A@-74 R2·A@-69 R3·A@-65 罐=无罐 泵=0 阀=111111 速=+0,+0,+0.00 电=8.01V/2.44A/峰3.01 补余=0.0 IO错=0 倾+0.0 自动3/3
[  458.081] EVT 吸附 L2 attached→venting 在态98.62s -68.3kPa
[  458.082] EVT 相位 L2 handover→vent 落点Δ(+0.0,+0.0)
[  458.104] EVT 阀 L2 →排气位
[  458.383] EVT 相位 L2 vent→lift
[  458.505] EVT 吸附 L2 venting→released 在态0.42s 0.4kPa
[  458.555] TLM t= 313.2 L1·A@-74 L2Lr@-- L3·A@-75 R1·A@-74 R2·A@-69 R3·A@-64 罐=无罐 泵=0 阀=101111 速=+0,+0,+0.00 电=8.01V/2.36A/峰3.01 补余=0.0 IO错=0 倾+0.0 自动3/3
[  459.076] TLM t= 313.2 L1·A@-74 L2Lr@-- L3·A@-74 R1·A@-74 R2·A@-69 R3·A@-64 罐=无罐 泵=0 阀=101111 速=+0,+0,+0.00 电=8.01V/2.44A/峰3.01 补余=0.0 IO错=0 倾+0.0 自动3/3
[  459.225] EVT 相位 L2 lift→transfer
[  459.582] TLM t= 313.2 L1·A@-74 L2Tr@-- L3·A@-74 R1·A@-74 R2·A@-68 R3·A@-63 罐=无罐 泵=0 阀=101111 速=+0,+0,+0.00 电=7.99V/2.28A/峰3.01 补余=0.0 IO错=0 倾+0.0 自动3/3
[  459.849] EVT 相位 L2 transfer→hover
[  460.102] TLM t= 313.2 L1·A@-74 L2Hr@-- L3·A@-74 R1·A@-74 R2·A@-68 R3·A@-63 罐=无罐 泵=0 阀=101111 速=+0,+0,+0.00 电=8.01V/2.20A/峰3.01 补余=0.0 IO错=0 倾+0.0 自动3/3
[  460.600] TLM t= 313.2 L1·A@-74 L2Hr@-- L3·A@-74 R1·A@-74 R2·A@-68 R3·A@-62 罐=无罐 泵=0 阀=101111 速=+0,+0,+0.00 电=8.01V/2.12A/峰3.01 补余=0.0 IO错=0 倾+0.0 自动3/3
[  460.852] EVT 落地：L2
[  460.875] EVT 相位 L2 hover→descend
[  461.125] TLM t= 313.2 L1·A@-73 L2Dr@-- L3·A@-74 R1·A@-74 R2·A@-68 R3·A@-62 罐=无罐 泵=0 阀=101111 速=+0,+0,+0.00 电=8.00V/2.28A/峰3.01 补余=0.0 IO错=0 倾+0.0 自动3/3
[  461.359] EVT 相位 L2 descend→press
[  461.627] TLM t= 313.2 L1·A@-73 L2Pr@-- L3·A@-74 R1·A@-74 R2·A@-67 R3·A@-61 罐=无罐 泵=0 阀=101111 速=+0,+0,+0.00 电=8.01V/2.44A/峰3.01 补余=0.0 IO错=0 倾+0.0 自动3/3
[  462.148] TLM t= 313.2 L1·A@-73 L2Pr@-- L3·A@-74 R1·A@-74 R2·A@-67 R3·A@-61 罐=无罐 泵=0 阀=101111 速=+0,+0,+0.00 电=8.00V/2.52A/峰3.01 补余=0.0 IO错=0 倾+0.0 自动3/3
[  462.562] EVT 吸附 L2 released→pressing 在态4.04s 0.4kPa
[  462.562] EVT 相位 L2 press→wait
[  462.653] TLM t= 313.2 L1·A@-73 L2Wp@-- L3·A@-74 R1·A@-74 R2·A@-67 R3·A@-60 罐=无罐 泵=0 阀=101111 速=+0,+0,+0.00 电=7.99V/2.44A/峰3.01 补余=0.0 IO错=0 倾+0.0 自动3/3
[  462.660] EVT 泵 开 最差盘压-60.0
[  462.883] EVT 吸附 L2 pressing→sucking 在态0.32s 0.4kPa
[  462.883] EVT 阀 L2 →抽气位
[  463.152] TLM t= 313.2 L1·A@-73 L2Ws@-62 L3·A@-74 R1·A@-74 R2·A@-66 R3·A@-60 罐=无罐 泵=1 阀=111111 速=+0,+0,+0.00 电=7.98V/2.44A/峰3.01 补余=0.0 IO错=0 倾+0.0 自动3/3
[  463.181] EVT 吸附 L2 sucking→attached 在态0.30s -61.6kPa
[  463.184] EVT 相位 L2 wait→stance
[  463.184] EVT 抬落完成，轮到 R3
[  463.184] EVT 自动轮换：第 3 轮完成
[  463.654] TLM t= 313.7 L1·A@-73 L2·A@-74 L3·A@-74 R1·A@-74 R2·A@-74 R3·A@-74 罐=无罐 泵=1 阀=111111 速=+0,+0,+0.00 电=7.97V/2.28A/峰3.01 补余=0.0 IO错=0 倾+0.0 自动3/3
[  463.846] EVT 泵 停 最差盘压-75.1
[  464.155] TLM t= 314.2 L1·A@-76 L2·A@-76 L3·A@-76 R1·A@-76 R2·A@-76 R3·A@-76 罐=无罐 泵=0 阀=111111 速=+0,+0,+0.00 电=8.01V/2.28A/峰3.01 补余=0.0 IO错=0 倾+0.0 自动3/3
[  464.655] TLM t= 314.7 L1·A@-76 L2·A@-76 L3·A@-76 R1·A@-76 R2·A@-75 R3·A@-75 罐=无罐 泵=0 阀=111111 速=+0,+0,+0.00 电=8.00V/2.44A/峰3.01 补余=0.0 IO错=0 倾+0.0 自动3/3
[  465.157] TLM t= 315.2 L1·A@-76 L2·A@-75 L3·A@-76 R1·A@-76 R2·A@-75 R3·A@-75 罐=无罐 泵=0 阀=111111 速=+0,+0,+0.00 电=8.01V/2.36A/峰3.01 补余=0.0 IO错=0 倾+0.0 自动3/3
[  465.660] TLM t= 315.7 L1·A@-76 L2·A@-75 L3·A@-76 R1·A@-75 R2·A@-75 R3·A@-74 罐=无罐 泵=0 阀=111111 速=+0,+0,+0.00 电=8.00V/2.36A/峰3.01 补余=0.0 IO错=0 倾+0.0 自动3/3
[  466.161] TLM t= 316.2 L1·A@-76 L2·A@-74 L3·A@-76 R1·A@-75 R2·A@-74 R3·A@-74 罐=无罐 泵=0 阀=111111 速=+0,+0,+0.00 电=7.98V/2.28A/峰3.01 补余=0.0 IO错=0 倾+0.0 自动3/3
[  466.666] TLM t= 316.7 L1·A@-76 L2·A@-74 L3·A@-76 R1·A@-75 R2·A@-74 R3·A@-73 罐=无罐 泵=0 阀=111111 速=+0,+0,+0.00 电=8.01V/2.36A/峰3.01 补余=0.0 IO错=0 倾+0.0 自动3/3
[  467.163] TLM t= 317.2 L1·A@-75 L2·A@-73 L3·A@-76 R1·A@-75 R2·A@-74 R3·A@-73 罐=无罐 泵=0 阀=111111 速=+0,+0,+0.00 电=8.00V/2.44A/峰3.01 补余=0.0 IO错=0 倾+0.0 自动3/3
[  467.666] TLM t= 317.7 L1·A@-75 L2·A@-73 L3·A@-76 R1·A@-75 R2·A@-73 R3·A@-72 罐=无罐 泵=0 阀=111111 速=+0,+0,+0.00 电=8.00V/2.28A/峰3.01 补余=0.0 IO错=0 倾+0.0 自动3/3
[  468.168] TLM t= 318.2 L1·A@-75 L2·A@-73 L3·A@-76 R1·A@-75 R2·A@-73 R3·A@-71 罐=无罐 泵=0 阀=111111 速=+0,+0,+0.00 电=8.01V/2.44A/峰3.01 补余=0.0 IO错=0 倾+0.0 自动3/3
[  468.670] TLM t= 318.7 L1·A@-75 L2·A@-72 L3·A@-76 R1·A@-75 R2·A@-73 R3·A@-71 罐=无罐 泵=0 阀=111111 速=+0,+0,+0.00 电=8.02V/2.44A/峰3.01 补余=0.0 IO错=0 倾+0.0 自动3/3
[  469.171] TLM t= 319.2 L1·A@-75 L2·A@-72 L3·A@-75 R1·A@-75 R2·A@-72 R3·A@-70 罐=无罐 泵=0 阀=111111 速=+0,+0,+0.00 电=8.01V/2.20A/峰3.01 补余=0.0 IO错=0 倾+0.0 自动3/3
[  469.675] TLM t= 319.7 L1·A@-75 L2·A@-71 L3·A@-75 R1·A@-75 R2·A@-72 R3·A@-70 罐=无罐 泵=0 阀=111111 速=+0,+0,+0.00 电=8.02V/2.36A/峰3.01 补余=0.0 IO错=0 倾+0.0 自动3/3
[  470.172] TLM t= 320.2 L1·A@-75 L2·A@-71 L3·A@-75 R1·A@-75 R2·A@-72 R3·A@-69 罐=无罐 泵=0 阀=111111 速=+0,+0,+0.00 电=8.01V/2.28A/峰3.01 补余=0.0 IO错=0 倾+0.0 自动3/3
[  470.675] TLM t= 320.7 L1·A@-75 L2·A@-71 L3·A@-75 R1·A@-75 R2·A@-72 R3·A@-69 罐=无罐 泵=0 阀=111111 速=+0,+0,+0.00 电=8.01V/2.52A/峰3.01 补余=0.0 IO错=0 倾+0.0 自动3/3
[  471.175] TLM t= 321.2 L1·A@-75 L2·A@-70 L3·A@-75 R1·A@-75 R2·A@-71 R3·A@-68 罐=无罐 泵=0 阀=111111 速=+0,+0,+0.00 电=8.01V/2.36A/峰3.01 补余=0.0 IO错=0 倾+0.0 自动3/3
[  471.678] TLM t= 321.7 L1·A@-75 L2·A@-70 L3·A@-75 R1·A@-75 R2·A@-71 R3·A@-68 罐=无罐 泵=0 阀=111111 速=+0,+0,+0.00 电=8.00V/2.28A/峰3.01 补余=0.0 IO错=0 倾+0.0 自动3/3
[  472.182] TLM t= 322.2 L1·A@-74 L2·A@-69 L3·A@-75 R1·A@-75 R2·A@-71 R3·A@-67 罐=无罐 泵=0 阀=111111 速=+0,+0,+0.00 电=8.00V/2.36A/峰3.01 补余=0.0 IO错=0 倾+0.0 自动3/3
[  472.687] TLM t= 322.7 L1·A@-74 L2·A@-69 L3·A@-75 R1·A@-75 R2·A@-71 R3·A@-67 罐=无罐 泵=0 阀=111111 速=+0,+0,+0.00 电=8.01V/2.28A/峰3.01 补余=0.0 IO错=0 倾+0.0 自动3/3
[  473.187] TLM t= 323.2 L1·A@-74 L2·A@-69 L3·A@-75 R1·A@-75 R2·A@-70 R3·A@-66 罐=无罐 泵=0 阀=111111 速=+0,+0,+0.00 电=8.01V/2.52A/峰3.01 补余=0.0 IO错=0 倾+0.0 自动3/3
[  473.688] TLM t= 323.7 L1·A@-74 L2·A@-68 L3·A@-75 R1·A@-75 R2·A@-70 R3·A@-66 罐=无罐 泵=0 阀=111111 速=+0,+0,+0.00 电=8.01V/2.44A/峰3.01 补余=0.0 IO错=0 倾+0.0 自动3/3
[  474.193] TLM t= 324.2 L1·A@-74 L2·A@-68 L3·A@-75 R1·A@-75 R2·A@-70 R3·A@-65 罐=无罐 泵=0 阀=111111 速=+0,+0,+0.00 电=8.01V/2.20A/峰3.01 补余=0.0 IO错=0 倾+0.0 自动3/3
[  474.693] TLM t= 324.7 L1·A@-74 L2·A@-68 L3·A@-75 R1·A@-75 R2·A@-69 R3·A@-65 罐=无罐 泵=0 阀=111111 速=+0,+0,+0.00 电=8.00V/2.36A/峰3.01 补余=0.0 IO错=0 倾+0.0 自动3/3
[  475.192] TLM t= 325.2 L1·A@-74 L2·A@-67 L3·A@-75 R1·A@-75 R2·A@-69 R3·A@-64 罐=无罐 泵=0 阀=111111 速=+0,+0,+0.00 电=7.99V/2.44A/峰3.01 补余=0.0 IO错=0 倾+0.0 自动3/3
[  475.695] TLM t= 325.7 L1·A@-74 L2·A@-67 L3·A@-75 R1·A@-75 R2·A@-69 R3·A@-64 罐=无罐 泵=0 阀=111111 速=+0,+0,+0.00 电=8.00V/2.28A/峰3.01 补余=0.0 IO错=0 倾+0.0 自动3/3
[  476.200] TLM t= 326.2 L1·A@-74 L2·A@-67 L3·A@-75 R1·A@-75 R2·A@-69 R3·A@-63 罐=无罐 泵=0 阀=111111 速=+0,+0,+0.00 电=8.01V/2.36A/峰3.01 补余=0.0 IO错=0 倾+0.0 自动3/3
[  476.698] TLM t= 326.7 L1·A@-74 L2·A@-66 L3·A@-74 R1·A@-75 R2·A@-68 R3·A@-62 罐=无罐 泵=0 阀=111111 速=+0,+0,+0.00 电=8.00V/2.44A/峰3.01 补余=0.0 IO错=0 倾+0.0 自动3/3
[  477.200] TLM t= 327.2 L1·A@-74 L2·A@-66 L3·A@-74 R1·A@-75 R2·A@-68 R3·A@-62 罐=无罐 泵=0 阀=111111 速=+0,+0,+0.00 电=8.00V/2.36A/峰3.01 补余=0.0 IO错=0 倾+0.0 自动3/3
[  477.702] TLM t= 327.7 L1·A@-73 L2·A@-65 L3·A@-74 R1·A@-75 R2·A@-68 R3·A@-62 罐=无罐 泵=0 阀=111111 速=+0,+0,+0.00 电=8.01V/2.28A/峰3.01 补余=0.0 IO错=0 倾+0.0 自动3/3
[  478.202] TLM t= 328.2 L1·A@-73 L2·A@-65 L3·A@-74 R1·A@-75 R2·A@-67 R3·A@-61 罐=无罐 泵=0 阀=111111 速=+0,+0,+0.00 电=8.00V/2.36A/峰3.01 补余=0.0 IO错=0 倾+0.0 自动3/3
[  478.705] TLM t= 328.7 L1·A@-73 L2·A@-65 L3·A@-74 R1·A@-75 R2·A@-67 R3·A@-60 罐=无罐 泵=0 阀=111111 速=+0,+0,+0.00 电=8.00V/2.28A/峰3.01 补余=0.0 IO错=0 倾+0.0 自动3/3
[  479.158] EVT 泵 开 最差盘压-60.0
[  479.207] TLM t= 329.2 L1·A@-73 L2·A@-64 L3·A@-74 R1·A@-75 R2·A@-67 R3·A@-60 罐=无罐 泵=1 阀=111111 速=+0,+0,+0.00 电=7.92V/2.44A/峰3.01 补余=0.0 IO错=0 倾+0.0 自动3/3
[  479.710] TLM t= 329.7 L1·A@-73 L2·A@-71 L3·A@-74 R1·A@-75 R2·A@-70 R3·A@-71 罐=无罐 泵=1 阀=111111 速=+0,+0,+0.00 电=7.97V/2.44A/峰3.01 补余=0.0 IO错=0 倾+0.0 自动3/3
[  480.102] EVT 泵 停 最差盘压-75.1
[  480.210] TLM t= 330.2 L1·A@-76 L2·A@-77 L3·A@-76 R1·A@-76 R2·A@-76 R3·A@-76 罐=无罐 泵=0 阀=111111 速=+0,+0,+0.00 电=8.01V/2.36A/峰3.01 补余=0.0 IO错=0 倾+0.0 自动3/3
[  480.714] TLM t= 330.7 L1·A@-76 L2·A@-76 L3·A@-76 R1·A@-76 R2·A@-76 R3·A@-76 罐=无罐 泵=0 阀=111111 速=+0,+0,+0.00 电=8.00V/2.28A/峰3.01 补余=0.0 IO错=0 倾+0.0 自动3/3
[  481.215] TLM t= 331.2 L1·A@-76 L2·A@-76 L3·A@-76 R1·A@-76 R2·A@-75 R3·A@-75 罐=无罐 泵=0 阀=111111 速=+0,+0,+0.00 电=7.97V/2.44A/峰3.01 补余=0.0 IO错=0 倾+0.0 自动3/3
[  481.717] TLM t= 331.7 L1·A@-76 L2·A@-75 L3·A@-76 R1·A@-76 R2·A@-75 R3·A@-75 罐=无罐 泵=0 阀=111111 速=+0,+0,+0.00 电=8.01V/2.36A/峰3.01 补余=0.0 IO错=0 倾+0.0 自动3/3
[  482.222] TLM t= 332.2 L1·A@-76 L2·A@-75 L3·A@-76 R1·A@-76 R2·A@-75 R3·A@-74 罐=无罐 泵=0 阀=111111 速=+0,+0,+0.00 电=8.01V/2.44A/峰3.01 补余=0.0 IO错=0 倾+0.0 自动3/3
[  482.721] TLM t= 332.7 L1·A@-76 L2·A@-74 L3·A@-76 R1·A@-76 R2·A@-74 R3·A@-73 罐=无罐 泵=0 阀=111111 速=+0,+0,+0.00 电=8.00V/2.20A/峰3.01 补余=0.0 IO错=0 倾+0.0 自动3/3
[  483.224] TLM t= 333.2 L1·A@-76 L2·A@-74 L3·A@-76 R1·A@-76 R2·A@-74 R3·A@-73 罐=无罐 泵=0 阀=111111 速=+0,+0,+0.00 电=8.00V/2.36A/峰3.01 补余=0.0 IO错=0 倾+0.0 自动3/3
[  483.723] TLM t= 333.7 L1·A@-76 L2·A@-74 L3·A@-76 R1·A@-75 R2·A@-74 R3·A@-72 罐=无罐 泵=0 阀=111111 速=+0,+0,+0.00 电=8.00V/2.28A/峰3.01 补余=0.0 IO错=0 倾+0.0 自动3/3
[  484.226] TLM t= 334.2 L1·A@-75 L2·A@-73 L3·A@-76 R1·A@-75 R2·A@-73 R3·A@-72 罐=无罐 泵=0 阀=111111 速=+0,+0,+0.00 电=8.01V/2.44A/峰3.01 补余=0.0 IO错=0 倾+0.0 自动3/3
[  484.725] TLM t= 334.7 L1·A@-75 L2·A@-73 L3·A@-76 R1·A@-75 R2·A@-73 R3·A@-71 罐=无罐 泵=0 阀=111111 速=+0,+0,+0.00 电=8.00V/2.36A/峰3.01 补余=0.0 IO错=0 倾+0.0 自动3/3
[  485.227] TLM t= 335.2 L1·A@-75 L2·A@-72 L3·A@-76 R1·A@-75 R2·A@-73 R3·A@-71 罐=无罐 泵=0 阀=111111 速=+0,+0,+0.00 电=7.99V/2.36A/峰3.01 补余=0.0 IO错=0 倾+0.0 自动3/3
[  485.729] TLM t= 335.7 L1·A@-75 L2·A@-72 L3·A@-76 R1·A@-75 R2·A@-72 R3·A@-70 罐=无罐 泵=0 阀=111111 速=+0,+0,+0.00 电=7.99V/2.28A/峰3.01 补余=0.0 IO错=0 倾+0.0 自动3/3
[  486.230] TLM t= 336.2 L1·A@-75 L2·A@-72 L3·A@-75 R1·A@-75 R2·A@-72 R3·A@-70 罐=无罐 泵=0 阀=111111 速=+0,+0,+0.00 电=7.99V/2.20A/峰3.01 补余=0.0 IO错=0 倾+0.0 自动3/3
[  486.732] TLM t= 336.7 L1·A@-75 L2·A@-71 L3·A@-75 R1·A@-75 R2·A@-72 R3·A@-69 罐=无罐 泵=0 阀=111111 速=+0,+0,+0.00 电=8.00V/2.36A/峰3.01 补余=0.0 IO错=0 倾+0.0 自动3/3
[  487.232] TLM t= 337.2 L1·A@-75 L2·A@-71 L3·A@-75 R1·A@-75 R2·A@-72 R3·A@-69 罐=无罐 泵=0 阀=111111 速=+0,+0,+0.00 电=7.98V/2.20A/峰3.01 补余=0.0 IO错=0 倾+0.0 自动3/3
[  487.737] TLM t= 337.7 L1·A@-75 L2·A@-70 L3·A@-75 R1·A@-75 R2·A@-71 R3·A@-68 罐=无罐 泵=0 阀=111111 速=+0,+0,+0.00 电=7.99V/2.36A/峰3.01 补余=0.0 IO错=0 倾+0.0 自动3/3
[  488.242] TLM t= 338.2 L1·A@-75 L2·A@-70 L3·A@-75 R1·A@-75 R2·A@-71 R3·A@-67 罐=无罐 泵=0 阀=111111 速=+0,+0,+0.00 电=8.00V/2.28A/峰3.01 补余=0.0 IO错=0 倾+0.0 自动3/3
[  488.740] TLM t= 338.7 L1·A@-75 L2·A@-70 L3·A@-75 R1·A@-75 R2·A@-71 R3·A@-67 罐=无罐 泵=0 阀=111111 速=+0,+0,+0.00 电=7.99V/2.36A/峰3.01 补余=0.0 IO错=0 倾+0.0 自动3/3
[  489.245] TLM t= 339.2 L1·A@-74 L2·A@-69 L3·A@-75 R1·A@-75 R2·A@-70 R3·A@-66 罐=无罐 泵=0 阀=111111 速=+0,+0,+0.00 电=7.99V/2.28A/峰3.01 补余=0.0 IO错=0 倾+0.0 自动3/3
[  489.743] TLM t= 339.7 L1·A@-74 L2·A@-69 L3·A@-75 R1·A@-75 R2·A@-70 R3·A@-66 罐=无罐 泵=0 阀=111111 速=+0,+0,+0.00 电=8.00V/2.28A/峰3.01 补余=0.0 IO错=0 倾+0.0 自动3/3
[  490.245] TLM t= 340.2 L1·A@-74 L2·A@-69 L3·A@-75 R1·A@-75 R2·A@-70 R3·A@-65 罐=无罐 泵=0 阀=111111 速=+0,+0,+0.00 电=8.01V/2.36A/峰3.01 补余=0.0 IO错=0 倾+0.0 自动3/3
[  490.749] TLM t= 340.7 L1·A@-74 L2·A@-68 L3·A@-75 R1·A@-75 R2·A@-70 R3·A@-65 罐=无罐 泵=0 阀=111111 速=+0,+0,+0.00 电=7.99V/2.28A/峰3.01 补余=0.0 IO错=0 倾+0.0 自动3/3
[  491.249] TLM t= 341.2 L1·A@-74 L2·A@-68 L3·A@-75 R1·A@-75 R2·A@-69 R3·A@-64 罐=无罐 泵=0 阀=111111 速=+0,+0,+0.00 电=8.00V/2.28A/峰3.01 补余=0.0 IO错=0 倾+0.0 自动3/3
[  491.752] TLM t= 341.7 L1·A@-74 L2·A@-68 L3·A@-75 R1·A@-75 R2·A@-69 R3·A@-64 罐=无罐 泵=0 阀=111111 速=+0,+0,+0.00 电=8.00V/2.28A/峰3.01 补余=0.0 IO错=0 倾+0.0 自动3/3
[  492.254] TLM t= 342.2 L1·A@-74 L2·A@-67 L3·A@-75 R1·A@-75 R2·A@-69 R3·A@-63 罐=无罐 泵=0 阀=111111 速=+0,+0,+0.00 电=8.00V/2.44A/峰3.01 补余=0.0 IO错=0 倾+0.0 自动3/3
[  492.753] TLM t= 342.7 L1·A@-74 L2·A@-67 L3·A@-75 R1·A@-75 R2·A@-68 R3·A@-63 罐=无罐 泵=0 阀=111111 速=+0,+0,+0.00 电=7.99V/2.36A/峰3.01 补余=0.0 IO错=0 倾+0.0 自动3/3
[  493.187] EVT 实验序列完成
[  493.256] TLM t= 343.2 L1·A@-74 L2·A@-66 L3·A@-75 R1·A@-75 R2·A@-68 R3·A@-62 罐=无罐 泵=0 阀=111111 速=+0,+0,+0.00 电=8.01V/2.28A/峰3.01 补余=0.0 IO错=0 倾+0.0
[  493.757] TLM t= 343.7 L1·A@-74 L2·A@-66 L3·A@-75 R1·A@-75 R2·A@-68 R3·A@-62 罐=无罐 泵=0 阀=111111 速=+0,+0,+0.00 电=8.00V/2.36A/峰3.01 补余=0.0 IO错=0 倾+0.0
[  494.262] TLM t= 344.2 L1·A@-74 L2·A@-66 L3·A@-74 R1·A@-75 R2·A@-68 R3·A@-61 罐=无罐 泵=0 阀=111111 速=+0,+0,+0.00 电=7.99V/2.52A/峰3.01 补余=0.0 IO错=0 倾+0.0
[  494.765] TLM t= 344.7 L1·A@-73 L2·A@-65 L3·A@-74 R1·A@-75 R2·A@-67 R3·A@-61 罐=无罐 泵=0 阀=111111 速=+0,+0,+0.00 电=8.00V/2.60A/峰3.01 补余=0.0 IO错=0 倾+0.0
[  495.263] TLM t= 345.2 L1·A@-73 L2·A@-65 L3·A@-74 R1·A@-75 R2·A@-67 R3·A@-60 罐=无罐 泵=0 阀=111111 速=+0,+0,+0.00 电=8.01V/2.36A/峰3.01 补余=0.0 IO错=0 倾+0.0
[  495.477] EVT 泵 开 最差盘压-59.9
[  495.770] TLM t= 345.7 L1·A@-73 L2·A@-65 L3·A@-74 R1·A@-75 R2·A@-67 R3·A@-60 罐=无罐 泵=1 阀=111111 速=+0,+0,+0.00 电=7.98V/2.28A/峰3.01 补余=0.0 IO错=0 倾+0.0
[  496.270] TLM t= 346.2 L1·A@-74 L2·A@-75 L3·A@-74 R1·A@-75 R2·A@-74 R3·A@-74 罐=无罐 泵=1 阀=111111 速=+0,+0,+0.00 电=7.94V/2.52A/峰3.01 补余=0.0 IO错=0 倾+0.0
[  496.422] EVT 泵 停 最差盘压-75.2
[  496.771] TLM t= 346.7 L1·A@-76 L2·A@-76 L3·A@-76 R1·A@-76 R2·A@-76 R3·A@-76 罐=无罐 泵=0 阀=111111 速=+0,+0,+0.00 电=8.00V/2.36A/峰3.01 补余=0.0 IO错=0 倾+0.0
[  497.278] TLM t= 347.2 L1·A@-76 L2·A@-76 L3·A@-76 R1·A@-76 R2·A@-75 R3·A@-76 罐=无罐 泵=0 阀=111111 速=+0,+0,+0.00 电=7.98V/2.44A/峰3.01 补余=0.0 IO错=0 倾+0.0
[  497.775] TLM t= 347.7 L1·A@-76 L2·A@-75 L3·A@-76 R1·A@-76 R2·A@-75 R3·A@-75 罐=无罐 泵=0 阀=111111 速=+0,+0,+0.00 电=8.00V/2.36A/峰3.01 补余=0.0 IO错=0 倾+0.0
[  498.278] TLM t= 348.2 L1·A@-76 L2·A@-75 L3·A@-76 R1·A@-76 R2·A@-75 R3·A@-74 罐=无罐 泵=0 阀=111111 速=+0,+0,+0.00 电=7.99V/2.36A/峰3.01 补余=0.0 IO错=0 倾+0.0
[  498.779] TLM t= 348.7 L1·A@-76 L2·A@-75 L3·A@-76 R1·A@-76 R2·A@-74 R3·A@-74 罐=无罐 泵=0 阀=111111 速=+0,+0,+0.00 电=8.00V/2.28A/峰3.01 补余=0.0 IO错=0 倾+0.0
[  499.278] TLM t= 349.2 L1·A@-76 L2·A@-74 L3·A@-76 R1·A@-76 R2·A@-74 R3·A@-73 罐=无罐 泵=0 阀=111111 速=+0,+0,+0.00 电=7.99V/2.36A/峰3.01 补余=0.0 IO错=0 倾+0.0
[  499.786] TLM t= 349.7 L1·A@-76 L2·A@-74 L3·A@-76 R1·A@-76 R2·A@-74 R3·A@-73 罐=无罐 泵=0 阀=111111 速=+0,+0,+0.00 电=8.00V/2.36A/峰3.01 补余=0.0 IO错=0 倾+0.0
[  500.287] TLM t= 350.2 L1·A@-76 L2·A@-73 L3·A@-76 R1·A@-76 R2·A@-74 R3·A@-72 罐=无罐 泵=0 阀=111111 速=+0,+0,+0.00 电=7.99V/2.28A/峰3.01 补余=0.0 IO错=0 倾+0.0
[  500.786] TLM t= 350.7 L1·A@-75 L2·A@-73 L3·A@-76 R1·A@-76 R2·A@-73 R3·A@-72 罐=无罐 泵=0 阀=111111 速=+0,+0,+0.00 电=7.98V/2.44A/峰3.01 补余=0.0 IO错=0 倾+0.0
[  501.289] TLM t= 351.2 L1·A@-75 L2·A@-73 L3·A@-76 R1·A@-75 R2·A@-73 R3·A@-71 罐=无罐 泵=0 阀=111111 速=+0,+0,+0.00 电=7.98V/2.28A/峰3.01 补余=0.0 IO错=0 倾+0.0
[  501.790] TLM t= 351.7 L1·A@-75 L2·A@-72 L3·A@-76 R1·A@-75 R2·A@-73 R3·A@-70 罐=无罐 泵=0 阀=111111 速=+0,+0,+0.00 电=7.99V/2.28A/峰3.01 补余=0.0 IO错=0 倾+0.0
[  502.290] TLM t= 352.2 L1·A@-75 L2·A@-72 L3·A@-76 R1·A@-75 R2·A@-72 R3·A@-70 罐=无罐 泵=0 阀=111111 速=+0,+0,+0.00 电=7.98V/2.44A/峰3.01 补余=0.0 IO错=0 倾+0.0
[  502.794] TLM t= 352.7 L1·A@-75 L2·A@-72 L3·A@-75 R1·A@-75 R2·A@-72 R3·A@-69 罐=无罐 泵=0 阀=111111 速=+0,+0,+0.00 电=8.01V/2.36A/峰3.01 补余=0.0 IO错=0 倾+0.0
[  503.296] TLM t= 353.2 L1·A@-75 L2·A@-71 L3·A@-75 R1·A@-75 R2·A@-72 R3·A@-69 罐=无罐 泵=0 阀=111111 速=+0,+0,+0.00 电=8.00V/2.28A/峰3.01 补余=0.0 IO错=0 倾+0.0
[  503.801] TLM t= 353.7 L1·A@-75 L2·A@-71 L3·A@-75 R1·A@-75 R2·A@-71 R3·A@-68 罐=无罐 泵=0 阀=111111 速=+0,+0,+0.00 电=8.00V/2.36A/峰3.01 补余=0.0 IO错=0 倾+0.0
[  504.302] TLM t= 354.2 L1·A@-75 L2·A@-70 L3·A@-75 R1·A@-75 R2·A@-71 R3·A@-68 罐=无罐 泵=0 阀=111111 速=+0,+0,+0.00 电=8.01V/2.52A/峰3.01 补余=0.0 IO错=0 倾+0.0
[  504.804] TLM t= 354.7 L1·A@-75 L2·A@-70 L3·A@-75 R1·A@-75 R2·A@-71 R3·A@-67 罐=无罐 泵=0 阀=111111 速=+0,+0,+0.00 电=7.98V/2.36A/峰3.01 补余=0.0 IO错=0 倾+0.0
[  505.307] TLM t= 355.2 L1·A@-75 L2·A@-70 L3·A@-75 R1·A@-75 R2·A@-71 R3·A@-67 罐=无罐 泵=0 阀=111111 速=+0,+0,+0.00 电=7.99V/2.36A/峰3.01 补余=0.0 IO错=0 倾+0.0
[  505.806] TLM t= 355.7 L1·A@-74 L2·A@-69 L3·A@-75 R1·A@-75 R2·A@-70 R3·A@-66 罐=无罐 泵=0 阀=111111 速=+0,+0,+0.00 电=8.00V/2.36A/峰3.01 补余=0.0 IO错=0 倾+0.0
[  506.306] TLM t= 356.2 L1·A@-74 L2·A@-69 L3·A@-75 R1·A@-75 R2·A@-70 R3·A@-66 罐=无罐 泵=0 阀=111111 速=+0,+0,+0.00 电=7.99V/2.44A/峰3.01 补余=0.0 IO错=0 倾+0.0
[  506.813] TLM t= 356.7 L1·A@-74 L2·A@-69 L3·A@-75 R1·A@-75 R2·A@-70 R3·A@-65 罐=无罐 泵=0 阀=111111 速=+0,+0,+0.00 电=7.98V/2.28A/峰3.01 补余=0.0 IO错=0 倾+0.0
[  507.313] TLM t= 357.2 L1·A@-74 L2·A@-68 L3·A@-75 R1·A@-75 R2·A@-69 R3·A@-65 罐=无罐 泵=0 阀=111111 速=+0,+0,+0.00 电=8.00V/2.36A/峰3.01 补余=0.0 IO错=0 倾+0.0
[  507.817] TLM t= 357.7 L1·A@-74 L2·A@-68 L3·A@-75 R1·A@-75 R2·A@-69 R3·A@-64 罐=无罐 泵=0 阀=111111 速=+0,+0,+0.00 电=7.97V/2.36A/峰3.01 补余=0.0 IO错=0 倾+0.0
[  508.317] TLM t= 358.2 L1·A@-74 L2·A@-67 L3·A@-75 R1·A@-75 R2·A@-69 R3·A@-64 罐=无罐 泵=0 阀=111111 速=+0,+0,+0.00 电=8.00V/2.28A/峰3.01 补余=0.0 IO错=0 倾+0.0
[  508.818] TLM t= 358.7 L1·A@-74 L2·A@-67 L3·A@-75 R1·A@-75 R2·A@-69 R3·A@-63 罐=无罐 泵=0 阀=111111 速=+0,+0,+0.00 电=8.00V/2.36A/峰3.01 补余=0.0 IO错=0 倾+0.0
[  509.323] TLM t= 359.2 L1·A@-74 L2·A@-67 L3·A@-75 R1·A@-75 R2·A@-68 R3·A@-63 罐=无罐 泵=0 阀=111111 速=+0,+0,+0.00 电=7.99V/2.28A/峰3.01 补余=0.0 IO错=0 倾+0.0
[  509.822] TLM t= 359.7 L1·A@-74 L2·A@-66 L3·A@-75 R1·A@-75 R2·A@-68 R3·A@-62 罐=无罐 泵=0 阀=111111 速=+0,+0,+0.00 电=7.98V/2.28A/峰3.01 补余=0.0 IO错=0 倾+0.0
[  510.325] TLM t= 360.2 L1·A@-74 L2·A@-66 L3·A@-75 R1·A@-75 R2·A@-68 R3·A@-62 罐=无罐 泵=0 阀=111111 速=+0,+0,+0.00 电=8.00V/2.28A/峰3.01 补余=0.0 IO错=0 倾+0.0
[  510.828] TLM t= 360.7 L1·A@-74 L2·A@-66 L3·A@-74 R1·A@-75 R2·A@-68 R3·A@-61 罐=无罐 泵=0 阀=111111 速=+0,+0,+0.00 电=7.98V/2.44A/峰3.01 补余=0.0 IO错=0 倾+0.0
[  511.329] TLM t= 361.2 L1·A@-73 L2·A@-65 L3·A@-74 R1·A@-75 R2·A@-67 R3·A@-61 罐=无罐 泵=0 阀=111111 速=+0,+0,+0.00 电=8.00V/2.36A/峰3.01 补余=0.0 IO错=0 倾+0.0
[  511.830] TLM t= 361.7 L1·A@-73 L2·A@-65 L3·A@-74 R1·A@-75 R2·A@-67 R3·A@-60 罐=无罐 泵=0 阀=111111 速=+0,+0,+0.00 电=7.97V/2.52A/峰3.01 补余=0.0 IO错=0 倾+0.0
[  511.861] EVT 泵 开 最差盘压-59.9
[  512.332] TLM t= 362.2 L1·A@-73 L2·A@-68 L3·A@-74 R1·A@-75 R2·A@-69 R3·A@-68 罐=无罐 泵=1 阀=111111 速=+0,+0,+0.00 电=7.98V/2.20A/峰3.01 补余=0.0 IO错=0 倾+0.0
[  512.804] EVT 泵 停 最差盘压-75.1
[  512.833] TLM t= 362.7 L1·A@-76 L2·A@-76 L3·A@-76 R1·A@-75 R2·A@-76 R3·A@-76 罐=无罐 泵=0 阀=111111 速=+0,+0,+0.00 电=7.99V/2.36A/峰3.01 补余=0.0 IO错=0 倾+0.0
[  513.337] TLM t= 363.2 L1·A@-76 L2·A@-76 L3·A@-76 R1·A@-76 R2·A@-76 R3·A@-76 罐=无罐 泵=0 阀=111111 速=+0,+0,+0.00 电=8.00V/2.28A/峰3.01 补余=0.0 IO错=0 倾+0.0
[  513.833] TLM t= 363.7 L1·A@-76 L2·A@-76 L3·A@-76 R1·A@-76 R2·A@-75 R3·A@-75 罐=无罐 泵=0 阀=111111 速=+0,+0,+0.00 电=7.99V/2.36A/峰3.01 补余=0.0 IO错=0 倾+0.0
[  514.337] TLM t= 364.2 L1·A@-76 L2·A@-75 L3·A@-76 R1·A@-76 R2·A@-75 R3·A@-75 罐=无罐 泵=0 阀=111111 速=+0,+0,+0.00 电=7.99V/2.28A/峰3.01 补余=0.0 IO错=0 倾+0.0
[  514.838] TLM t= 364.7 L1·A@-76 L2·A@-75 L3·A@-76 R1·A@-76 R2·A@-75 R3·A@-74 罐=无罐 泵=0 阀=111111 速=+0,+0,+0.00 电=7.99V/2.36A/峰3.01 补余=0.0 IO错=0 倾+0.0
[  515.339] TLM t= 365.2 L1·A@-76 L2·A@-75 L3·A@-76 R1·A@-76 R2·A@-74 R3·A@-74 罐=无罐 泵=0 阀=111111 速=+0,+0,+0.00 电=7.99V/2.28A/峰3.01 补余=0.0 IO错=0 倾+0.0
[  515.842] TLM t= 365.7 L1·A@-76 L2·A@-74 L3·A@-76 R1·A@-76 R2·A@-74 R3·A@-73 罐=无罐 泵=0 阀=111111 速=+0,+0,+0.00 电=7.99V/2.28A/峰3.01 补余=0.0 IO错=0 倾+0.0
[  516.341] TLM t= 366.2 L1·A@-76 L2·A@-74 L3·A@-76 R1·A@-75 R2·A@-74 R3·A@-72 罐=无罐 泵=0 阀=111111 速=+0,+0,+0.00 电=7.99V/2.28A/峰3.01 补余=0.0 IO错=0 倾+0.0
[  516.845] TLM t= 366.7 L1·A@-76 L2·A@-73 L3·A@-76 R1·A@-75 R2·A@-73 R3·A@-72 罐=无罐 泵=0 阀=111111 速=+0,+0,+0.00 电=8.00V/2.44A/峰3.01 补余=0.0 IO错=0 倾+0.0
[  517.348] TLM t= 367.2 L1·A@-75 L2·A@-73 L3·A@-76 R1·A@-75 R2·A@-73 R3·A@-71 罐=无罐 泵=0 阀=111111 速=+0,+0,+0.00 电=7.97V/2.28A/峰3.01 补余=0.0 IO错=0 倾+0.0
[  517.846] TLM t= 367.7 L1·A@-75 L2·A@-73 L3·A@-76 R1·A@-75 R2·A@-73 R3·A@-71 罐=无罐 泵=0 阀=111111 速=+0,+0,+0.00 电=7.99V/2.44A/峰3.01 补余=0.0 IO错=0 倾+0.0
[  518.350] TLM t= 368.2 L1·A@-75 L2·A@-72 L3·A@-76 R1·A@-75 R2·A@-73 R3·A@-70 罐=无罐 泵=0 阀=111111 速=+0,+0,+0.00 电=7.99V/2.28A/峰3.01 补余=0.0 IO错=0 倾+0.0
[  518.851] TLM t= 368.7 L1·A@-75 L2·A@-72 L3·A@-76 R1·A@-75 R2·A@-72 R3·A@-70 罐=无罐 泵=0 阀=111111 速=+0,+0,+0.00 电=7.98V/2.28A/峰3.01 补余=0.0 IO错=0 倾+0.0
[  519.350] TLM t= 369.2 L1·A@-75 L2·A@-71 L3·A@-75 R1·A@-75 R2·A@-72 R3·A@-69 罐=无罐 泵=0 阀=111111 速=+0,+0,+0.00 电=8.00V/2.44A/峰3.01 补余=0.0 IO错=0 倾+0.0
[  519.853] TLM t= 369.7 L1·A@-75 L2·A@-71 L3·A@-75 R1·A@-75 R2·A@-72 R3·A@-69 罐=无罐 泵=0 阀=111111 速=+0,+0,+0.00 电=7.99V/2.36A/峰3.01 补余=0.0 IO错=0 倾+0.0
[  520.359] TLM t= 370.2 L1·A@-75 L2·A@-71 L3·A@-75 R1·A@-75 R2·A@-71 R3·A@-68 罐=无罐 泵=0 阀=111111 速=+0,+0,+0.00 电=7.98V/2.44A/峰3.01 补余=0.0 IO错=0 倾+0.0
[  520.857] TLM t= 370.7 L1·A@-75 L2·A@-70 L3·A@-75 R1·A@-75 R2·A@-71 R3·A@-68 罐=无罐 泵=0 阀=111111 速=+0,+0,+0.00 电=7.98V/2.36A/峰3.01 补余=0.0 IO错=0 倾+0.0
[  521.362] TLM t= 371.2 L1·A@-75 L2·A@-70 L3·A@-75 R1·A@-75 R2·A@-71 R3·A@-67 罐=无罐 泵=0 阀=111111 速=+0,+0,+0.00 电=7.99V/2.28A/峰3.01 补余=0.0 IO错=0 倾+0.0
[  521.861] TLM t= 371.7 L1·A@-75 L2·A@-70 L3·A@-75 R1·A@-75 R2·A@-71 R3·A@-66 罐=无罐 泵=0 阀=111111 速=+0,+0,+0.00 电=7.98V/2.44A/峰3.01 补余=0.0 IO错=0 倾+0.0
[  522.365] TLM t= 372.2 L1·A@-74 L2·A@-69 L3·A@-75 R1·A@-75 R2·A@-70 R3·A@-66 罐=无罐 泵=0 阀=111111 速=+0,+0,+0.00 电=8.00V/2.28A/峰3.01 补余=0.0 IO错=0 倾+0.0
[  522.864] TLM t= 372.7 L1·A@-74 L2·A@-69 L3·A@-75 R1·A@-75 R2·A@-70 R3·A@-65 罐=无罐 泵=0 阀=111111 速=+0,+0,+0.00 电=7.97V/2.60A/峰3.01 补余=0.0 IO错=0 倾+0.0
[  523.365] TLM t= 373.2 L1·A@-74 L2·A@-68 L3·A@-75 R1·A@-75 R2·A@-70 R3·A@-65 罐=无罐 泵=0 阀=111111 速=+0,+0,+0.00 电=7.99V/2.36A/峰3.01 补余=0.0 IO错=0 倾+0.0
[  523.865] TLM t= 373.7 L1·A@-74 L2·A@-68 L3·A@-75 R1·A@-75 R2·A@-69 R3·A@-64 罐=无罐 泵=0 阀=111111 速=+0,+0,+0.00 电=8.00V/2.28A/峰3.01 补余=0.0 IO错=0 倾+0.0
[  524.369] TLM t= 374.2 L1·A@-74 L2·A@-68 L3·A@-75 R1·A@-75 R2·A@-69 R3·A@-64 罐=无罐 泵=0 阀=111111 速=+0,+0,+0.00 电=7.99V/2.28A/峰3.01 补余=0.0 IO错=0 倾+0.0
[  524.869] TLM t= 374.7 L1·A@-74 L2·A@-67 L3·A@-75 R1·A@-75 R2·A@-69 R3·A@-63 罐=无罐 泵=0 阀=111111 速=+0,+0,+0.00 电=7.98V/2.36A/峰3.01 补余=0.0 IO错=0 倾+0.0
[  525.372] TLM t= 375.2 L1·A@-74 L2·A@-67 L3·A@-75 R1·A@-75 R2·A@-69 R3·A@-63 罐=无罐 泵=0 阀=111111 速=+0,+0,+0.00 电=7.99V/2.20A/峰3.01 补余=0.0 IO错=0 倾+0.0
[  525.875] TLM t= 375.7 L1·A@-74 L2·A@-67 L3·A@-75 R1·A@-75 R2·A@-68 R3·A@-62 罐=无罐 泵=0 阀=111111 速=+0,+0,+0.00 电=7.98V/2.28A/峰3.01 补余=0.0 IO错=0 倾+0.0
[  526.376] TLM t= 376.2 L1·A@-74 L2·A@-66 L3·A@-75 R1·A@-75 R2·A@-68 R3·A@-62 罐=无罐 泵=0 阀=111111 速=+0,+0,+0.00 电=8.00V/2.44A/峰3.01 补余=0.0 IO错=0 倾+0.0
[  526.879] TLM t= 376.7 L1·A@-74 L2·A@-66 L3·A@-75 R1·A@-75 R2·A@-68 R3·A@-61 罐=无罐 泵=0 阀=111111 速=+0,+0,+0.00 电=7.97V/2.36A/峰3.01 补余=0.0 IO错=0 倾+0.0
[  527.378] TLM t= 377.2 L1·A@-73 L2·A@-66 L3·A@-74 R1·A@-75 R2·A@-67 R3·A@-61 罐=无罐 泵=0 阀=111111 速=+0,+0,+0.00 电=7.99V/2.36A/峰3.01 补余=0.0 IO错=0 倾+0.0
[  527.882] TLM t= 377.7 L1·A@-73 L2·A@-65 L3·A@-74 R1·A@-75 R2·A@-67 R3·A@-60 罐=无罐 泵=0 阀=111111 速=+0,+0,+0.00 电=7.97V/2.36A/峰3.01 补余=0.0 IO错=0 倾+0.0
[  528.234] EVT 泵 开 最差盘压-60.0
[  528.382] TLM t= 378.2 L1·A@-73 L2·A@-65 L3·A@-74 R1·A@-75 R2·A@-67 R3·A@-60 罐=无罐 泵=1 阀=111111 速=+0,+0,+0.00 电=7.96V/2.36A/峰3.01 补余=0.0 IO错=0 倾+0.0
[  528.883] TLM t= 378.7 L1·A@-73 L2·A@-72 L3·A@-74 R1·A@-75 R2·A@-72 R3·A@-72 罐=无罐 泵=1 阀=111111 速=+0,+0,+0.00 电=7.93V/2.44A/峰3.01 补余=0.0 IO错=0 倾+0.0
[  529.236] EVT 泵 停 最差盘压-75.7
[  529.385] TLM t= 379.2 L1·A@-77 L2·A@-77 L3·A@-77 R1·A@-76 R2·A@-77 R3·A@-77 罐=无罐 泵=0 阀=111111 速=+0,+0,+0.00 电=7.97V/2.36A/峰3.01 补余=0.0 IO错=0 倾+0.0
[  529.887] TLM t= 379.7 L1·A@-77 L2·A@-76 L3·A@-77 R1·A@-76 R2·A@-76 R3·A@-76 罐=无罐 泵=0 阀=111111 速=+0,+0,+0.00 电=7.98V/2.28A/峰3.01 补余=0.0 IO错=0 倾+0.0
[  530.393] TLM t= 380.2 L1·A@-76 L2·A@-76 L3·A@-77 R1·A@-76 R2·A@-76 R3·A@-76 罐=无罐 泵=0 阀=111111 速=+0,+0,+0.00 电=7.99V/2.28A/峰3.01 补余=0.0 IO错=0 倾+0.0
[  530.891] TLM t= 380.7 L1·A@-76 L2·A@-76 L3·A@-76 R1·A@-76 R2·A@-75 R3·A@-75 罐=无罐 泵=0 阀=111111 速=+0,+0,+0.00 电=7.99V/2.44A/峰3.01 补余=0.0 IO错=0 倾+0.0
[  531.392] TLM t= 381.2 L1·A@-76 L2·A@-75 L3·A@-76 R1·A@-76 R2·A@-75 R3·A@-74 罐=无罐 泵=0 阀=111111 速=+0,+0,+0.00 电=7.98V/2.20A/峰3.01 补余=0.0 IO错=0 倾+0.0
[  531.896] TLM t= 381.7 L1·A@-76 L2·A@-75 L3·A@-76 R1·A@-76 R2·A@-75 R3·A@-74 罐=无罐 泵=0 阀=111111 速=+0,+0,+0.00 电=7.99V/2.36A/峰3.01 补余=0.0 IO错=0 倾+0.0
[  532.396] TLM t= 382.2 L1·A@-76 L2·A@-74 L3·A@-76 R1·A@-76 R2·A@-74 R3·A@-73 罐=无罐 泵=0 阀=111111 速=+0,+0,+0.00 电=7.99V/2.28A/峰3.01 补余=0.0 IO错=0 倾+0.0
[  532.901] TLM t= 382.7 L1·A@-76 L2·A@-74 L3·A@-76 R1·A@-76 R2·A@-74 R3·A@-73 罐=无罐 泵=0 阀=111111 速=+0,+0,+0.00 电=7.97V/2.36A/峰3.01 补余=0.0 IO错=0 倾+0.0
[  533.403] TLM t= 383.2 L1·A@-76 L2·A@-74 L3·A@-76 R1·A@-76 R2·A@-74 R3·A@-72 罐=无罐 泵=0 阀=111111 速=+0,+0,+0.00 电=7.95V/2.36A/峰3.01 补余=0.0 IO错=0 倾+0.0
[  533.903] TLM t= 383.7 L1·A@-76 L2·A@-73 L3·A@-76 R1·A@-76 R2·A@-73 R3·A@-72 罐=无罐 泵=0 阀=111111 速=+0,+0,+0.00 电=7.96V/2.20A/峰3.01 补余=0.0 IO错=0 倾+0.0
[  534.408] TLM t= 384.2 L1·A@-76 L2·A@-73 L3·A@-76 R1·A@-76 R2·A@-73 R3·A@-71 罐=无罐 泵=0 阀=111111 速=+0,+0,+0.00 电=7.99V/2.44A/峰3.01 补余=0.0 IO错=0 倾+0.0
[  534.903] TLM t= 384.7 L1·A@-76 L2·A@-72 L3·A@-76 R1·A@-76 R2·A@-73 R3·A@-71 罐=无罐 泵=0 阀=111111 速=+0,+0,+0.00 电=7.99V/2.28A/峰3.01 补余=0.0 IO错=0 倾+0.0
[  535.409] TLM t= 385.2 L1·A@-75 L2·A@-72 L3·A@-76 R1·A@-76 R2·A@-73 R3·A@-70 罐=无罐 泵=0 阀=111111 速=+0,+0,+0.00 电=7.98V/2.36A/峰3.01 补余=0.0 IO错=0 倾+0.0
[  535.916] TLM t= 385.7 L1·A@-75 L2·A@-72 L3·A@-76 R1·A@-76 R2·A@-72 R3·A@-69 罐=无罐 泵=0 阀=111111 速=+0,+0,+0.00 电=7.98V/2.44A/峰3.01 补余=0.0 IO错=0 倾+0.0
[  536.411] TLM t= 386.2 L1·A@-75 L2·A@-71 L3·A@-76 R1·A@-76 R2·A@-72 R3·A@-69 罐=无罐 泵=0 阀=111111 速=+0,+0,+0.00 电=7.98V/2.36A/峰3.01 补余=0.0 IO错=0 倾+0.0
[  536.916] TLM t= 386.7 L1·A@-75 L2·A@-71 L3·A@-76 R1·A@-76 R2·A@-72 R3·A@-68 罐=无罐 泵=0 阀=111111 速=+0,+0,+0.00 电=7.97V/2.28A/峰3.01 补余=0.0 IO错=0 倾+0.0
[  537.418] TLM t= 387.2 L1·A@-75 L2·A@-71 L3·A@-76 R1·A@-76 R2·A@-71 R3·A@-68 罐=无罐 泵=0 阀=111111 速=+0,+0,+0.00 电=7.99V/2.20A/峰3.01 补余=0.0 IO错=0 倾+0.0
[  537.918] TLM t= 387.7 L1·A@-75 L2·A@-70 L3·A@-76 R1·A@-76 R2·A@-71 R3·A@-67 罐=无罐 泵=0 阀=111111 速=+0,+0,+0.00 电=7.99V/2.28A/峰3.01 补余=0.0 IO错=0 倾+0.0
[  538.421] TLM t= 388.2 L1·A@-75 L2·A@-70 L3·A@-75 R1·A@-76 R2·A@-71 R3·A@-67 罐=无罐 泵=0 阀=111111 速=+0,+0,+0.00 电=7.99V/2.28A/峰3.01 补余=0.0 IO错=0 倾+0.0
[  538.921] TLM t= 388.7 L1·A@-75 L2·A@-69 L3·A@-75 R1·A@-75 R2·A@-71 R3·A@-66 罐=无罐 泵=0 阀=111111 速=+0,+0,+0.00 电=7.97V/2.44A/峰3.01 补余=0.0 IO错=0 倾+0.0
[  539.421] TLM t= 389.2 L1·A@-75 L2·A@-69 L3·A@-75 R1·A@-75 R2·A@-70 R3·A@-66 罐=无罐 泵=0 阀=111111 速=+0,+0,+0.00 电=7.99V/2.20A/峰3.01 补余=0.0 IO错=0 倾+0.0
[  539.925] TLM t= 389.7 L1·A@-75 L2·A@-69 L3·A@-75 R1·A@-75 R2·A@-70 R3·A@-65 罐=无罐 泵=0 阀=111111 速=+0,+0,+0.00 电=7.97V/2.36A/峰3.01 补余=0.0 IO错=0 倾+0.0
[  540.425] TLM t= 390.2 L1·A@-74 L2·A@-68 L3·A@-75 R1·A@-75 R2·A@-70 R3·A@-65 罐=无罐 泵=0 阀=111111 速=+0,+0,+0.00 电=7.97V/2.36A/峰3.01 补余=0.0 IO错=0 倾+0.0
[  540.930] TLM t= 390.7 L1·A@-74 L2·A@-68 L3·A@-75 R1·A@-75 R2·A@-69 R3·A@-64 罐=无罐 泵=0 阀=111111 速=+0,+0,+0.00 电=7.97V/2.44A/峰3.01 补余=0.0 IO错=0 倾+0.0
[  541.430] TLM t= 391.2 L1·A@-74 L2·A@-68 L3·A@-75 R1·A@-75 R2·A@-69 R3·A@-64 罐=无罐 泵=0 阀=111111 速=+0,+0,+0.00 电=7.99V/2.20A/峰3.01 补余=0.0 IO错=0 倾+0.0
[  541.932] TLM t= 391.7 L1·A@-74 L2·A@-67 L3·A@-75 R1·A@-75 R2·A@-69 R3·A@-63 罐=无罐 泵=0 阀=111111 速=+0,+0,+0.00 电=7.98V/2.28A/峰3.01 补余=0.0 IO错=0 倾+0.0
[  542.436] TLM t= 392.2 L1·A@-74 L2·A@-67 L3·A@-75 R1·A@-75 R2·A@-69 R3·A@-63 罐=无罐 泵=0 阀=111111 速=+0,+0,+0.00 电=7.99V/2.28A/峰3.01 补余=0.0 IO错=0 倾+0.0
[  542.935] TLM t= 392.7 L1·A@-74 L2·A@-67 L3·A@-75 R1·A@-75 R2·A@-68 R3·A@-62 罐=无罐 泵=0 阀=111111 速=+0,+0,+0.00 电=7.98V/2.04A/峰3.01 补余=0.0 IO错=0 倾+0.0
[  543.438] TLM t= 393.2 L1·A@-74 L2·A@-66 L3·A@-75 R1·A@-75 R2·A@-68 R3·A@-61 罐=无罐 泵=0 阀=111111 速=+0,+0,+0.00 电=8.01V/1.79A/峰3.01 补余=0.0 IO错=0 倾+0.0
[  543.825] EVT 键 'o' 倾=+0.0待=+0.0
[  543.939] TLM t= 393.7 L1·A@-74 L2·A@-66 L3·A@-75 R1·A@-75 R2·A@-68 R3·A@-61 罐=无罐 泵=0 阀=111111 速=+0,+0,+0.00 电=8.00V/1.95A/峰3.01 补余=0.0 IO错=0 倾+0.0
[  544.046] EVT 取机窗口：停泵 → 逐足串行排气（0.2s 间隔）→ 六足舵机撑住（泵禁开）
[  544.442] TLM t= 393.8 L1·A@-74 L2·A@-66 L3·A@-75 R1·A@-75 R2·A@-67 R3·A@-60 罐=无罐 泵=0 阀=111111 速=+0,+0,+0.00 电=8.01V/1.87A/峰3.01 补余=0.0 IO错=0 取机放气
[  544.467] EVT 吸附 L1 attached→venting 在态146.58s -73.6kPa
[  544.475] EVT 阀 L1 →排气位
[  544.731] EVT 吸附 L2 attached→venting 在态81.06s -65.2kPa
[  544.736] EVT 阀 L2 →排气位
[  544.946] TLM t= 393.8 L1·v@-74 L2·v@-65 L3·A@-75 R1·A@-75 R2·A@-67 R3·A@-60 罐=无罐 泵=0 阀=001111 速=+0,+0,+0.00 电=8.02V/1.30A/峰3.01 补余=0.0 IO错=0 取机放气
[  544.991] EVT 吸附 L3 attached→venting 在态114.30s -74.7kPa
[  544.994] EVT 吸附 L1 venting→released 在态0.42s 0.1kPa
[  544.999] EVT 阀 L3 →排气位
[  545.223] EVT 吸附 R1 attached→venting 在态97.74s -75.1kPa
[  545.225] EVT 吸附 L2 venting→released 在态0.42s 0.4kPa
[  545.225] EVT 阀 R1 →排气位
[  545.441] EVT 吸附 R2 attached→venting 在态131.20s -66.8kPa
[  545.444] EVT 吸附 L3 venting→released 在态0.42s 0.2kPa
[  545.452] EVT 阀 R2 →排气位
[  545.456] TLM t= 393.8 L1·r@-- L2·r@-- L3·r@-- R1·v@-75 R2·v@-67 R3·A@-59 罐=无罐 泵=0 阀=000001 速=+0,+0,+0.00 电=8.01V/0.90A/峰3.01 补余=0.0 IO错=0 取机放气
[  545.665] EVT 吸附 R3 attached→venting 在态164.32s -59.4kPa
[  545.667] EVT 吸附 R1 venting→released 在态0.42s -0.0kPa
[  545.667] EVT 阀 R3 →排气位
[  545.868] EVT 键 'o' 倾=+0.0待=+0.0（已放开）
[  545.871] EVT 吸附 R2 venting→released 在态0.42s -0.1kPa
[  545.871] EVT ⚠ 主环卡顿 1825ms（目标 20ms）
[  545.982] TLM t= 393.9 L1·r@-- L2·r@-- L3·r@-- R1·r@-- R2·r@-- R3·v@-59 罐=无罐 泵=0 阀=000000 速=+0,+0,+0.00 电=8.01V/0.65A/峰3.01 补余=0.0 IO错=0 倾+0.0 已放开
[  546.054] EVT 吸附 R3 venting→released 在态0.42s 0.2kPa
[  546.480] TLM t= 394.4 L1·r@-- L2·r@-- L3·r@-- R1·r@-- R2·r@-- R3·r@-- 罐=无罐 泵=0 阀=000000 速=+0,+0,+0.00 电=8.00V/0.65A/峰3.01 补余=0.0 IO错=0 倾+0.0 已放开
[  546.983] TLM t= 394.9 L1·r@-- L2·r@-- L3·r@-- R1·r@-- R2·r@-- R3·r@-- 罐=无罐 泵=0 阀=000000 速=+0,+0,+0.00 电=8.01V/0.65A/峰3.01 补余=0.0 IO错=0 倾+0.0 已放开
[  547.485] TLM t= 395.4 L1·r@-- L2·r@-- L3·r@-- R1·r@-- R2·r@-- R3·r@-- 罐=无罐 泵=0 阀=000000 速=+0,+0,+0.00 电=8.00V/0.65A/峰3.01 补余=0.0 IO错=0 倾+0.0 已放开
[  547.984] TLM t= 395.9 L1·r@-- L2·r@-- L3·r@-- R1·r@-- R2·r@-- R3·r@-- 罐=无罐 泵=0 阀=000000 速=+0,+0,+0.00 电=8.00V/0.65A/峰3.01 补余=0.0 IO错=0 倾+0.0 已放开
[  548.488] TLM t= 396.4 L1·r@-- L2·r@-- L3·r@-- R1·r@-- R2·r@-- R3·r@-- 罐=无罐 泵=0 阀=000000 速=+0,+0,+0.00 电=8.00V/0.73A/峰3.01 补余=0.0 IO错=0 倾+0.0 已放开
[  548.991] TLM t= 396.9 L1·r@-- L2·r@-- L3·r@-- R1·r@-- R2·r@-- R3·r@-- 罐=无罐 泵=0 阀=000000 速=+0,+0,+0.00 电=7.98V/0.81A/峰3.01 补余=0.0 IO错=0 倾+0.0 已放开
[  549.489] TLM t= 397.4 L1·r@-- L2·r@-- L3·r@-- R1·r@-- R2·r@-- R3·r@-- 罐=无罐 泵=0 阀=000000 速=+0,+0,+0.00 电=8.00V/0.73A/峰3.01 补余=0.0 IO错=0 倾+0.0 已放开
[  549.994] TLM t= 397.9 L1·r@-- L2·r@-- L3·r@-- R1·r@-- R2·r@-- R3·r@-- 罐=无罐 泵=0 阀=000000 速=+0,+0,+0.00 电=7.98V/1.14A/峰3.01 补余=0.0 IO错=0 倾+0.0 已放开
[  550.498] TLM t= 398.4 L1·r@-- L2·r@-- L3·r@-- R1·r@-- R2·r@-- R3·r@-- 罐=无罐 泵=0 阀=000000 速=+0,+0,+0.00 电=8.00V/0.65A/峰3.01 补余=0.0 IO错=0 倾+0.0 已放开
[  550.994] TLM t= 398.9 L1·r@-- L2·r@-- L3·r@-- R1·r@-- R2·r@-- R3·r@-- 罐=无罐 泵=0 阀=000000 速=+0,+0,+0.00 电=8.00V/0.65A/峰3.01 补余=0.0 IO错=0 倾+0.0 已放开
[  551.495] TLM t= 399.4 L1·r@-- L2·r@-- L3·r@-- R1·r@-- R2·r@-- R3·r@-- 罐=无罐 泵=0 阀=000000 速=+0,+0,+0.00 电=8.01V/0.41A/峰3.01 补余=0.0 IO错=0 倾+0.0 已放开
[  551.996] TLM t= 399.9 L1·r@-- L2·r@-- L3·r@-- R1·r@-- R2·r@-- R3·r@-- 罐=无罐 泵=0 阀=000000 速=+0,+0,+0.00 电=8.00V/0.41A/峰3.01 补余=0.0 IO错=0 倾+0.0 已放开
[  552.498] TLM t= 400.4 L1·r@-- L2·r@-- L3·r@-- R1·r@-- R2·r@-- R3·r@-- 罐=无罐 泵=0 阀=000000 速=+0,+0,+0.00 电=8.00V/0.65A/峰3.01 补余=0.0 IO错=0 倾+0.0 已放开
[  553.001] TLM t= 400.9 L1·r@-- L2·r@-- L3·r@-- R1·r@-- R2·r@-- R3·r@-- 罐=无罐 泵=0 阀=000000 速=+0,+0,+0.00 电=8.01V/0.41A/峰3.01 补余=0.0 IO错=0 倾+0.0 已放开
[  553.502] TLM t= 401.4 L1·r@-- L2·r@-- L3·r@-- R1·r@-- R2·r@-- R3·r@-- 罐=无罐 泵=0 阀=000000 速=+0,+0,+0.00 电=8.01V/0.41A/峰3.01 补余=0.0 IO错=0 倾+0.0 已放开
[  554.003] TLM t= 401.9 L1·r@-- L2·r@-- L3·r@-- R1·r@-- R2·r@-- R3·r@-- 罐=无罐 泵=0 阀=000000 速=+0,+0,+0.00 电=8.00V/0.57A/峰3.01 补余=0.0 IO错=0 倾+0.0 已放开
[  554.506] TLM t= 402.4 L1·r@-- L2·r@-- L3·r@-- R1·r@-- R2·r@-- R3·r@-- 罐=无罐 泵=0 阀=000000 速=+0,+0,+0.00 电=7.98V/0.81A/峰3.01 补余=0.0 IO错=0 倾+0.0 已放开
[  555.005] TLM t= 402.9 L1·r@-- L2·r@-- L3·r@-- R1·r@-- R2·r@-- R3·r@-- 罐=无罐 泵=0 阀=000000 速=+0,+0,+0.00 电=7.99V/0.73A/峰3.01 补余=0.0 IO错=0 倾+0.0 已放开
[  555.511] TLM t= 403.4 L1·r@-- L2·r@-- L3·r@-- R1·r@-- R2·r@-- R3·r@-- 罐=无罐 泵=0 阀=000000 速=+0,+0,+0.00 电=7.98V/0.81A/峰3.01 补余=0.0 IO错=0 倾+0.0 已放开
[  556.011] TLM t= 403.9 L1·r@-- L2·r@-- L3·r@-- R1·r@-- R2·r@-- R3·r@-- 罐=无罐 泵=0 阀=000000 速=+0,+0,+0.00 电=7.98V/0.81A/峰3.01 补余=0.0 IO错=0 倾+0.0 已放开
[  556.511] TLM t= 404.4 L1·r@-- L2·r@-- L3·r@-- R1·r@-- R2·r@-- R3·r@-- 罐=无罐 泵=0 阀=000000 速=+0,+0,+0.00 电=7.99V/0.81A/峰3.01 补余=0.0 IO错=0 倾+0.0 已放开
[  557.018] TLM t= 404.9 L1·r@-- L2·r@-- L3·r@-- R1·r@-- R2·r@-- R3·r@-- 罐=无罐 泵=0 阀=000000 速=+0,+0,+0.00 电=7.98V/0.81A/峰3.01 补余=0.0 IO错=0 倾+0.0 已放开
[  557.516] TLM t= 405.4 L1·r@-- L2·r@-- L3·r@-- R1·r@-- R2·r@-- R3·r@-- 罐=无罐 泵=0 阀=000000 速=+0,+0,+0.00 电=7.98V/0.73A/峰3.01 补余=0.0 IO错=0 倾+0.0 已放开
[  558.015] TLM t= 405.9 L1·r@-- L2·r@-- L3·r@-- R1·r@-- R2·r@-- R3·r@-- 罐=无罐 泵=0 阀=000000 速=+0,+0,+0.00 电=7.98V/0.81A/峰3.01 补余=0.0 IO错=0 倾+0.0 已放开
[  558.516] TLM t= 406.4 L1·r@-- L2·r@-- L3·r@-- R1·r@-- R2·r@-- R3·r@-- 罐=无罐 泵=0 阀=000000 速=+0,+0,+0.00 电=7.98V/0.90A/峰3.01 补余=0.0 IO错=0 倾+0.0 已放开
[  559.017] TLM t= 406.9 L1·r@-- L2·r@-- L3·r@-- R1·r@-- R2·r@-- R3·r@-- 罐=无罐 泵=0 阀=000000 速=+0,+0,+0.00 电=7.98V/0.81A/峰3.01 补余=0.0 IO错=0 倾+0.0 已放开
[  559.522] TLM t= 407.4 L1·r@-- L2·r@-- L3·r@-- R1·r@-- R2·r@-- R3·r@-- 罐=无罐 泵=0 阀=000000 速=+0,+0,+0.00 电=7.99V/0.81A/峰3.01 补余=0.0 IO错=0 倾+0.0 已放开
[  560.023] TLM t= 407.9 L1·r@-- L2·r@-- L3·r@-- R1·r@-- R2·r@-- R3·r@-- 罐=无罐 泵=0 阀=000000 速=+0,+0,+0.00 电=7.99V/0.81A/峰3.01 补余=0.0 IO错=0 倾+0.0 已放开
[  560.533] EVT 键 '\x1b' 倾=+0.0待=+0.0（已放开）
[  560.549] TLM t= 408.4 L1·r@-- L2·r@-- L3·r@-- R1·r@-- R2·r@-- R3·r@-- 罐=无罐 泵=0 阀=000000 速=+0,+0,+0.00 电=7.99V/0.90A/峰3.01 补余=0.0 IO错=0 倾+0.0 已放开
[  560.709] EVT 退出序列：停泵 → 逐足串行放气（通→断，0.2s 间隔） → 舵机断电（不回站姿）
[  561.017] TLM t= 408.5 L1·r@-- L2·r@-- L3·r@-- R1·r@-- R2·r@-- R3·r@-- 罐=无罐 泵=0 阀=000000 速=+0,+0,+0.00 电=7.98V/0.90A/峰3.01 补余=0.0 IO错=0 退出放气
[  561.037] EVT 阀 L1 →抽气位
[  561.258] EVT 阀 L2 →抽气位
[  561.478] EVT 阀 L3 →抽气位
[  561.524] TLM t= 408.5 L1·r@-- L2·r@-- L3·r@-- R1·r@-- R2·r@-- R3·r@-- 罐=无罐 泵=0 阀=111000 速=+0,+0,+0.00 电=8.02V/0.81A/峰3.01 补余=0.0 IO错=0 退出放气
[  561.704] EVT 阀 R1 →抽气位
[  561.930] EVT 阀 R2 →抽气位
[  562.038] TLM t= 408.5 L1·r@-- L2·r@-- L3·r@-- R1·r@-- R2·r@-- R3·r@-- 罐=无罐 泵=0 阀=111110 速=+0,+0,+0.00 电=8.03V/0.81A/峰3.01 补余=0.0 IO错=0 退出放气
[  562.158] EVT 阀 R3 →抽气位
[  562.359] EVT 退出：阀线圈已断电（coils_off）
[  562.463] EVT 退出序列完成（舵机断电）
[  562.464] EVT END 正常退出
