# 开跑 2026-08-31 17:00:13  argv: scripts/body_lean.py --no-tank --stand-height 62 --tilt-trim 6 --handover L1:31,R1:33,L3:29,R3:22,R2:22,L2:24 --handover-weights
# git: 822bd70
# 模式=no-tank port=/dev/ttyACM0
# 参数: lean_step=5mm lean_speed=10mm/s press_delta=18mm stand=62 tilt_trim=6° handover=L1:31,L2:24,L3:29,R1:33,R2:22,R3:22 handover_rate=10 mark_settle=60 dual=0
# 阈值: ATTACH=-30.0 PUMP_ON=-60.0 PUMP_OFF=-75.0 comp_tail=72.3mm suck_timeout=2.5s
[    2.486] EVT 缓慢站起（竖直升至爬墙站位）
[    6.591] EVT 爬墙站位就位，进入就位暂停
# handover_slot_w=0.600,0.250,0.100,0.050,0.000
[    6.705] TLM t=   0.0 L1·r@-- L2·r@-- L3·r@-- R1·r@-- R2·r@-- R3·r@-- 罐=无罐 泵=0 阀=000000 速=+0,+0,+0.00 电=8.13V/1.38A/峰1.38 补余=0.0 IO错=0 就位暂停
[    7.211] TLM t=   0.0 L1·r@-- L2·r@-- L3·r@-- R1·r@-- R2·r@-- R3·r@-- 罐=无罐 泵=0 阀=000000 速=+0,+0,+0.00 电=8.13V/1.47A/峰1.47 补余=0.0 IO错=0 就位暂停
[    7.723] TLM t=   0.0 L1·r@-- L2·r@-- L3·r@-- R1·r@-- R2·r@-- R3·r@-- 罐=无罐 泵=0 阀=000000 速=+0,+0,+0.00 电=8.13V/1.38A/峰1.47 补余=0.0 IO错=0 就位暂停
[    8.234] TLM t=   0.0 L1·r@-- L2·r@-- L3·r@-- R1·r@-- R2·r@-- R3·r@-- 罐=无罐 泵=0 阀=000000 速=+0,+0,+0.00 电=8.12V/1.38A/峰1.47 补余=0.0 IO错=0 就位暂停
[    8.739] TLM t=   0.0 L1·r@-- L2·r@-- L3·r@-- R1·r@-- R2·r@-- R3·r@-- 罐=无罐 泵=0 阀=000000 速=+0,+0,+0.00 电=8.11V/1.38A/峰1.47 补余=0.0 IO错=0 就位暂停
[    9.248] TLM t=   0.0 L1·r@-- L2·r@-- L3·r@-- R1·r@-- R2·r@-- R3·r@-- 罐=无罐 泵=0 阀=000000 速=+0,+0,+0.00 电=8.12V/1.47A/峰1.47 补余=0.0 IO错=0 就位暂停
[    9.755] TLM t=   0.0 L1·r@-- L2·r@-- L3·r@-- R1·r@-- R2·r@-- R3·r@-- 罐=无罐 泵=0 阀=000000 速=+0,+0,+0.00 电=8.12V/1.38A/峰1.47 补余=0.0 IO错=0 就位暂停
[   10.265] TLM t=   0.0 L1·r@-- L2·r@-- L3·r@-- R1·r@-- R2·r@-- R3·r@-- 罐=无罐 泵=0 阀=000000 速=+0,+0,+0.00 电=8.11V/1.30A/峰1.47 补余=0.0 IO错=0 就位暂停
[   10.771] TLM t=   0.0 L1·r@-- L2·r@-- L3·r@-- R1·r@-- R2·r@-- R3·r@-- 罐=无罐 泵=0 阀=000000 速=+0,+0,+0.00 电=8.13V/1.38A/峰1.47 补余=0.0 IO错=0 就位暂停
[   11.284] TLM t=   0.0 L1·r@-- L2·r@-- L3·r@-- R1·r@-- R2·r@-- R3·r@-- 罐=无罐 泵=0 阀=000000 速=+0,+0,+0.00 电=8.11V/1.47A/峰1.47 补余=0.0 IO错=0 就位暂停
[   11.790] TLM t=   0.0 L1·r@-- L2·r@-- L3·r@-- R1·r@-- R2·r@-- R3·r@-- 罐=无罐 泵=0 阀=000000 速=+0,+0,+0.00 电=8.11V/1.38A/峰1.47 补余=0.0 IO错=0 就位暂停
[   12.300] TLM t=   0.0 L1·r@-- L2·r@-- L3·r@-- R1·r@-- R2·r@-- R3·r@-- 罐=无罐 泵=0 阀=000000 速=+0,+0,+0.00 电=8.13V/1.47A/峰1.47 补余=0.0 IO错=0 就位暂停
[   12.806] TLM t=   0.0 L1·r@-- L2·r@-- L3·r@-- R1·r@-- R2·r@-- R3·r@-- 罐=无罐 泵=0 阀=000000 速=+0,+0,+0.00 电=8.12V/1.38A/峰1.47 补余=0.0 IO错=0 就位暂停
[   13.320] TLM t=   0.0 L1·r@-- L2·r@-- L3·r@-- R1·r@-- R2·r@-- R3·r@-- 罐=无罐 泵=0 阀=000000 速=+0,+0,+0.00 电=8.12V/1.47A/峰1.47 补余=0.0 IO错=0 就位暂停
[   13.826] TLM t=   0.0 L1·r@-- L2·r@-- L3·r@-- R1·r@-- R2·r@-- R3·r@-- 罐=无罐 泵=0 阀=000000 速=+0,+0,+0.00 电=8.11V/1.38A/峰1.47 补余=0.0 IO错=0 就位暂停
[   14.352] TLM t=   0.0 L1·r@-- L2·r@-- L3·r@-- R1·r@-- R2·r@-- R3·r@-- 罐=无罐 泵=0 阀=000000 速=+0,+0,+0.00 电=8.13V/1.47A/峰1.47 补余=0.0 IO错=0 就位暂停
[   14.859] TLM t=   0.0 L1·r@-- L2·r@-- L3·r@-- R1·r@-- R2·r@-- R3·r@-- 罐=无罐 泵=0 阀=000000 速=+0,+0,+0.00 电=8.11V/1.38A/峰1.47 补余=0.0 IO错=0 就位暂停
[   15.369] TLM t=   0.0 L1·r@-- L2·r@-- L3·r@-- R1·r@-- R2·r@-- R3·r@-- 罐=无罐 泵=0 阀=000000 速=+0,+0,+0.00 电=8.12V/1.38A/峰1.47 补余=0.0 IO错=0 就位暂停
[   15.879] TLM t=   0.0 L1·r@-- L2·r@-- L3·r@-- R1·r@-- R2·r@-- R3·r@-- 罐=无罐 泵=0 阀=000000 速=+0,+0,+0.00 电=8.13V/1.38A/峰1.47 补余=0.0 IO错=0 就位暂停
[   16.390] TLM t=   0.0 L1·r@-- L2·r@-- L3·r@-- R1·r@-- R2·r@-- R3·r@-- 罐=无罐 泵=0 阀=000000 速=+0,+0,+0.00 电=8.12V/1.38A/峰1.47 补余=0.0 IO错=0 就位暂停
[   16.895] TLM t=   0.0 L1·r@-- L2·r@-- L3·r@-- R1·r@-- R2·r@-- R3·r@-- 罐=无罐 泵=0 阀=000000 速=+0,+0,+0.00 电=8.11V/1.38A/峰1.47 补余=0.0 IO错=0 就位暂停
[   17.404] TLM t=   0.0 L1·r@-- L2·r@-- L3·r@-- R1·r@-- R2·r@-- R3·r@-- 罐=无罐 泵=0 阀=000000 速=+0,+0,+0.00 电=8.10V/1.38A/峰1.47 补余=0.0 IO错=0 就位暂停
[   17.911] TLM t=   0.0 L1·r@-- L2·r@-- L3·r@-- R1·r@-- R2·r@-- R3·r@-- 罐=无罐 泵=0 阀=000000 速=+0,+0,+0.00 电=8.11V/1.30A/峰1.47 补余=0.0 IO错=0 就位暂停
[   18.423] TLM t=   0.0 L1·r@-- L2·r@-- L3·r@-- R1·r@-- R2·r@-- R3·r@-- 罐=无罐 泵=0 阀=000000 速=+0,+0,+0.00 电=8.11V/1.38A/峰1.47 补余=0.0 IO错=0 就位暂停
[   18.947] TLM t=   0.0 L1·r@-- L2·r@-- L3·r@-- R1·r@-- R2·r@-- R3·r@-- 罐=无罐 泵=0 阀=000000 速=+0,+0,+0.00 电=8.11V/1.30A/峰1.47 补余=0.0 IO错=0 就位暂停
[   19.456] TLM t=   0.0 L1·r@-- L2·r@-- L3·r@-- R1·r@-- R2·r@-- R3·r@-- 罐=无罐 泵=0 阀=000000 速=+0,+0,+0.00 电=8.12V/1.38A/峰1.47 补余=0.0 IO错=0 就位暂停
[   19.966] TLM t=   0.0 L1·r@-- L2·r@-- L3·r@-- R1·r@-- R2·r@-- R3·r@-- 罐=无罐 泵=0 阀=000000 速=+0,+0,+0.00 电=8.11V/1.38A/峰1.47 补余=0.0 IO错=0 就位暂停
[   20.473] TLM t=   0.0 L1·r@-- L2·r@-- L3·r@-- R1·r@-- R2·r@-- R3·r@-- 罐=无罐 泵=0 阀=000000 速=+0,+0,+0.00 电=8.12V/1.38A/峰1.47 补余=0.0 IO错=0 就位暂停
[   20.979] TLM t=   0.0 L1·r@-- L2·r@-- L3·r@-- R1·r@-- R2·r@-- R3·r@-- 罐=无罐 泵=0 阀=000000 速=+0,+0,+0.00 电=8.12V/1.30A/峰1.47 补余=0.0 IO错=0 就位暂停
[   21.487] TLM t=   0.0 L1·r@-- L2·r@-- L3·r@-- R1·r@-- R2·r@-- R3·r@-- 罐=无罐 泵=0 阀=000000 速=+0,+0,+0.00 电=8.12V/1.38A/峰1.47 补余=0.0 IO错=0 就位暂停
[   21.997] TLM t=   0.0 L1·r@-- L2·r@-- L3·r@-- R1·r@-- R2·r@-- R3·r@-- 罐=无罐 泵=0 阀=000000 速=+0,+0,+0.00 电=8.11V/1.38A/峰1.47 补余=0.0 IO错=0 就位暂停
[   22.505] TLM t=   0.0 L1·r@-- L2·r@-- L3·r@-- R1·r@-- R2·r@-- R3·r@-- 罐=无罐 泵=0 阀=000000 速=+0,+0,+0.00 电=8.12V/1.22A/峰1.47 补余=0.0 IO错=0 就位暂停
[   23.010] TLM t=   0.0 L1·r@-- L2·r@-- L3·r@-- R1·r@-- R2·r@-- R3·r@-- 罐=无罐 泵=0 阀=000000 速=+0,+0,+0.00 电=8.12V/1.30A/峰1.47 补余=0.0 IO错=0 就位暂停
[   23.523] TLM t=   0.0 L1·r@-- L2·r@-- L3·r@-- R1·r@-- R2·r@-- R3·r@-- 罐=无罐 泵=0 阀=000000 速=+0,+0,+0.00 电=8.11V/1.30A/峰1.47 补余=0.0 IO错=0 就位暂停
[   24.027] TLM t=   0.0 L1·r@-- L2·r@-- L3·r@-- R1·r@-- R2·r@-- R3·r@-- 罐=无罐 泵=0 阀=000000 速=+0,+0,+0.00 电=8.12V/1.30A/峰1.47 补余=0.0 IO错=0 就位暂停
[   24.536] TLM t=   0.0 L1·r@-- L2·r@-- L3·r@-- R1·r@-- R2·r@-- R3·r@-- 罐=无罐 泵=0 阀=000000 速=+0,+0,+0.00 电=8.12V/1.30A/峰1.47 补余=0.0 IO错=0 就位暂停
[   25.043] TLM t=   0.0 L1·r@-- L2·r@-- L3·r@-- R1·r@-- R2·r@-- R3·r@-- 罐=无罐 泵=0 阀=000000 速=+0,+0,+0.00 电=8.11V/1.47A/峰1.47 补余=0.0 IO错=0 就位暂停
[   25.553] TLM t=   0.0 L1·r@-- L2·r@-- L3·r@-- R1·r@-- R2·r@-- R3·r@-- 罐=无罐 泵=0 阀=000000 速=+0,+0,+0.00 电=8.11V/1.30A/峰1.47 补余=0.0 IO错=0 就位暂停
[   26.058] TLM t=   0.0 L1·r@-- L2·r@-- L3·r@-- R1·r@-- R2·r@-- R3·r@-- 罐=无罐 泵=0 阀=000000 速=+0,+0,+0.00 电=8.11V/1.22A/峰1.47 补余=0.0 IO错=0 就位暂停
[   26.565] TLM t=   0.0 L1·r@-- L2·r@-- L3·r@-- R1·r@-- R2·r@-- R3·r@-- 罐=无罐 泵=0 阀=000000 速=+0,+0,+0.00 电=8.14V/0.98A/峰1.47 补余=0.0 IO错=0 就位暂停
[   27.072] TLM t=   0.0 L1·r@-- L2·r@-- L3·r@-- R1·r@-- R2·r@-- R3·r@-- 罐=无罐 泵=0 阀=000000 速=+0,+0,+0.00 电=8.13V/0.98A/峰1.47 补余=0.0 IO错=0 就位暂停
[   27.581] TLM t=   0.0 L1·r@-- L2·r@-- L3·r@-- R1·r@-- R2·r@-- R3·r@-- 罐=无罐 泵=0 阀=000000 速=+0,+0,+0.00 电=8.13V/0.90A/峰1.47 补余=0.0 IO错=0 就位暂停
[   28.089] TLM t=   0.0 L1·r@-- L2·r@-- L3·r@-- R1·r@-- R2·r@-- R3·r@-- 罐=无罐 泵=0 阀=000000 速=+0,+0,+0.00 电=8.14V/0.81A/峰1.47 补余=0.0 IO错=0 就位暂停
[   28.602] TLM t=   0.0 L1·r@-- L2·r@-- L3·r@-- R1·r@-- R2·r@-- R3·r@-- 罐=无罐 泵=0 阀=000000 速=+0,+0,+0.00 电=8.14V/0.81A/峰1.47 补余=0.0 IO错=0 就位暂停
[   29.108] TLM t=   0.0 L1·r@-- L2·r@-- L3·r@-- R1·r@-- R2·r@-- R3·r@-- 罐=无罐 泵=0 阀=000000 速=+0,+0,+0.00 电=8.13V/0.90A/峰1.47 补余=0.0 IO错=0 就位暂停
[   29.620] TLM t=   0.0 L1·r@-- L2·r@-- L3·r@-- R1·r@-- R2·r@-- R3·r@-- 罐=无罐 泵=0 阀=000000 速=+0,+0,+0.00 电=8.14V/0.81A/峰1.47 补余=0.0 IO错=0 就位暂停
[   30.128] TLM t=   0.0 L1·r@-- L2·r@-- L3·r@-- R1·r@-- R2·r@-- R3·r@-- 罐=无罐 泵=0 阀=000000 速=+0,+0,+0.00 电=8.14V/0.90A/峰1.47 补余=0.0 IO错=0 就位暂停
[   30.640] TLM t=   0.0 L1·r@-- L2·r@-- L3·r@-- R1·r@-- R2·r@-- R3·r@-- 罐=无罐 泵=0 阀=000000 速=+0,+0,+0.00 电=8.13V/0.90A/峰1.47 补余=0.0 IO错=0 就位暂停
[   31.145] TLM t=   0.0 L1·r@-- L2·r@-- L3·r@-- R1·r@-- R2·r@-- R3·r@-- 罐=无罐 泵=0 阀=000000 速=+0,+0,+0.00 电=8.14V/0.81A/峰1.47 补余=0.0 IO错=0 就位暂停
[   31.657] TLM t=   0.0 L1·r@-- L2·r@-- L3·r@-- R1·r@-- R2·r@-- R3·r@-- 罐=无罐 泵=0 阀=000000 速=+0,+0,+0.00 电=8.13V/0.90A/峰1.47 补余=0.0 IO错=0 就位暂停
[   32.162] TLM t=   0.0 L1·r@-- L2·r@-- L3·r@-- R1·r@-- R2·r@-- R3·r@-- 罐=无罐 泵=0 阀=000000 速=+0,+0,+0.00 电=8.15V/0.90A/峰1.47 补余=0.0 IO错=0 就位暂停
[   32.672] TLM t=   0.0 L1·r@-- L2·r@-- L3·r@-- R1·r@-- R2·r@-- R3·r@-- 罐=无罐 泵=0 阀=000000 速=+0,+0,+0.00 电=8.13V/0.81A/峰1.47 补余=0.0 IO错=0 就位暂停
[   33.180] TLM t=   0.0 L1·r@-- L2·r@-- L3·r@-- R1·r@-- R2·r@-- R3·r@-- 罐=无罐 泵=0 阀=000000 速=+0,+0,+0.00 电=8.14V/0.90A/峰1.47 补余=0.0 IO错=0 就位暂停
[   33.690] TLM t=   0.0 L1·r@-- L2·r@-- L3·r@-- R1·r@-- R2·r@-- R3·r@-- 罐=无罐 泵=0 阀=000000 速=+0,+0,+0.00 电=8.13V/0.81A/峰1.47 补余=0.0 IO错=0 就位暂停
[   34.196] TLM t=   0.0 L1·r@-- L2·r@-- L3·r@-- R1·r@-- R2·r@-- R3·r@-- 罐=无罐 泵=0 阀=000000 速=+0,+0,+0.00 电=8.14V/0.90A/峰1.47 补余=0.0 IO错=0 就位暂停
[   34.721] TLM t=   0.0 L1·r@-- L2·r@-- L3·r@-- R1·r@-- R2·r@-- R3·r@-- 罐=无罐 泵=0 阀=000000 速=+0,+0,+0.00 电=8.14V/0.90A/峰1.47 补余=0.0 IO错=0 就位暂停
[   35.228] TLM t=   0.0 L1·r@-- L2·r@-- L3·r@-- R1·r@-- R2·r@-- R3·r@-- 罐=无罐 泵=0 阀=000000 速=+0,+0,+0.00 电=8.14V/0.90A/峰1.47 补余=0.0 IO错=0 就位暂停
[   35.741] TLM t=   0.0 L1·r@-- L2·r@-- L3·r@-- R1·r@-- R2·r@-- R3·r@-- 罐=无罐 泵=0 阀=000000 速=+0,+0,+0.00 电=8.14V/0.90A/峰1.47 补余=0.0 IO错=0 就位暂停
[   36.247] TLM t=   0.0 L1·r@-- L2·r@-- L3·r@-- R1·r@-- R2·r@-- R3·r@-- 罐=无罐 泵=0 阀=000000 速=+0,+0,+0.00 电=8.14V/0.81A/峰1.47 补余=0.0 IO错=0 就位暂停
[   36.763] TLM t=   0.0 L1·r@-- L2·r@-- L3·r@-- R1·r@-- R2·r@-- R3·r@-- 罐=无罐 泵=0 阀=000000 速=+0,+0,+0.00 电=8.13V/0.90A/峰1.47 补余=0.0 IO错=0 就位暂停
[   37.269] TLM t=   0.0 L1·r@-- L2·r@-- L3·r@-- R1·r@-- R2·r@-- R3·r@-- 罐=无罐 泵=0 阀=000000 速=+0,+0,+0.00 电=8.14V/0.73A/峰1.47 补余=0.0 IO错=0 就位暂停
[   37.779] TLM t=   0.0 L1·r@-- L2·r@-- L3·r@-- R1·r@-- R2·r@-- R3·r@-- 罐=无罐 泵=0 阀=000000 速=+0,+0,+0.00 电=8.14V/0.65A/峰1.47 补余=0.0 IO错=0 就位暂停
[   38.286] TLM t=   0.0 L1·r@-- L2·r@-- L3·r@-- R1·r@-- R2·r@-- R3·r@-- 罐=无罐 泵=0 阀=000000 速=+0,+0,+0.00 电=8.14V/0.65A/峰1.47 补余=0.0 IO错=0 就位暂停
[   38.798] TLM t=   0.0 L1·r@-- L2·r@-- L3·r@-- R1·r@-- R2·r@-- R3·r@-- 罐=无罐 泵=0 阀=000000 速=+0,+0,+0.00 电=8.15V/0.65A/峰1.47 补余=0.0 IO错=0 就位暂停
[   39.303] TLM t=   0.0 L1·r@-- L2·r@-- L3·r@-- R1·r@-- R2·r@-- R3·r@-- 罐=无罐 泵=0 阀=000000 速=+0,+0,+0.00 电=8.14V/0.65A/峰1.47 补余=0.0 IO错=0 就位暂停
[   39.813] TLM t=   0.0 L1·r@-- L2·r@-- L3·r@-- R1·r@-- R2·r@-- R3·r@-- 罐=无罐 泵=0 阀=000000 速=+0,+0,+0.00 电=8.15V/0.65A/峰1.47 补余=0.0 IO错=0 就位暂停
[   40.318] TLM t=   0.0 L1·r@-- L2·r@-- L3·r@-- R1·r@-- R2·r@-- R3·r@-- 罐=无罐 泵=0 阀=000000 速=+0,+0,+0.00 电=8.14V/0.73A/峰1.47 补余=0.0 IO错=0 就位暂停
[   40.832] TLM t=   0.0 L1·r@-- L2·r@-- L3·r@-- R1·r@-- R2·r@-- R3·r@-- 罐=无罐 泵=0 阀=000000 速=+0,+0,+0.00 电=8.14V/0.65A/峰1.47 补余=0.0 IO错=0 就位暂停
[   41.336] TLM t=   0.0 L1·r@-- L2·r@-- L3·r@-- R1·r@-- R2·r@-- R3·r@-- 罐=无罐 泵=0 阀=000000 速=+0,+0,+0.00 电=8.15V/0.65A/峰1.47 补余=0.0 IO错=0 就位暂停
[   41.845] TLM t=   0.0 L1·r@-- L2·r@-- L3·r@-- R1·r@-- R2·r@-- R3·r@-- 罐=无罐 泵=0 阀=000000 速=+0,+0,+0.00 电=8.14V/0.65A/峰1.47 补余=0.0 IO错=0 就位暂停
[   42.349] TLM t=   0.0 L1·r@-- L2·r@-- L3·r@-- R1·r@-- R2·r@-- R3·r@-- 罐=无罐 泵=0 阀=000000 速=+0,+0,+0.00 电=8.13V/0.65A/峰1.47 补余=0.0 IO错=0 就位暂停
[   42.860] TLM t=   0.0 L1·r@-- L2·r@-- L3·r@-- R1·r@-- R2·r@-- R3·r@-- 罐=无罐 泵=0 阀=000000 速=+0,+0,+0.00 电=8.14V/0.65A/峰1.47 补余=0.0 IO错=0 就位暂停
[   43.363] TLM t=   0.0 L1·r@-- L2·r@-- L3·r@-- R1·r@-- R2·r@-- R3·r@-- 罐=无罐 泵=0 阀=000000 速=+0,+0,+0.00 电=8.14V/0.57A/峰1.47 补余=0.0 IO错=0 就位暂停
[   43.877] TLM t=   0.0 L1·r@-- L2·r@-- L3·r@-- R1·r@-- R2·r@-- R3·r@-- 罐=无罐 泵=0 阀=000000 速=+0,+0,+0.00 电=8.15V/0.65A/峰1.47 补余=0.0 IO错=0 就位暂停
[   44.381] TLM t=   0.0 L1·r@-- L2·r@-- L3·r@-- R1·r@-- R2·r@-- R3·r@-- 罐=无罐 泵=0 阀=000000 速=+0,+0,+0.00 电=8.15V/0.57A/峰1.47 补余=0.0 IO错=0 就位暂停
[   44.896] TLM t=   0.0 L1·r@-- L2·r@-- L3·r@-- R1·r@-- R2·r@-- R3·r@-- 罐=无罐 泵=0 阀=000000 速=+0,+0,+0.00 电=8.15V/0.65A/峰1.47 补余=0.0 IO错=0 就位暂停
[   45.181] EVT 按 p：开始全吸附启动序列
[   45.182] EVT 相位 R3 stance→press
[   45.202] EVT 泵 开
[   45.411] TLM t=   0.0 L1·r@-- L2·r@-- L3·r@-- R1·r@-- R2·r@-- R3Pr@-- 罐=无罐 泵=1 阀=000000 速=+0,+0,+0.00 电=8.10V/0.73A/峰1.47 补余=0.0 IO错=0 倾+0.0
[   45.913] TLM t=   0.0 L1·r@-- L2·r@-- L3·r@-- R1·r@-- R2·r@-- R3Pr@-- 罐=无罐 泵=1 阀=000000 速=+0,+0,+0.00 电=8.07V/0.73A/峰1.47 补余=0.0 IO错=0 倾+0.0
[   46.416] TLM t=   0.0 L1·r@-- L2·r@-- L3·r@-- R1·r@-- R2·r@-- R3Pr@-- 罐=无罐 泵=1 阀=000000 速=+0,+0,+0.00 电=8.11V/0.81A/峰1.47 补余=0.0 IO错=0 倾+0.0
[   46.916] TLM t=   0.0 L1·r@-- L2·r@-- L3·r@-- R1·r@-- R2·r@-- R3Pr@-- 罐=无罐 泵=1 阀=000000 速=+0,+0,+0.00 电=8.11V/0.49A/峰1.47 补余=0.0 IO错=0 倾+0.0
[   47.417] TLM t=   0.0 L1·r@-- L2·r@-- L3·r@-- R1·r@-- R2·r@-- R3Pr@-- 罐=无罐 泵=1 阀=000000 速=+0,+0,+0.00 电=8.09V/0.73A/峰1.47 补余=0.0 IO错=0 倾+0.0
[   47.917] TLM t=   0.0 L1·r@-- L2·r@-- L3·r@-- R1·r@-- R2·r@-- R3Pr@-- 罐=无罐 泵=1 阀=000000 速=+0,+0,+0.00 电=8.11V/0.49A/峰1.47 补余=0.0 IO错=0 倾+0.0
[   48.170] EVT 吸附 R3 released→pressing 在态3.00s
[   48.170] EVT 相位 R3 press→wait
[   48.190] EVT 泵 停
[   48.426] TLM t=   0.0 L1·r@-- L2·r@-- L3·r@-- R1·r@-- R2·r@-- R3Wp@-- 罐=无罐 泵=0 阀=000000 速=+0,+0,+0.00 电=8.14V/0.65A/峰1.47 补余=0.0 IO错=0 倾+0.0
[   48.471] EVT 吸附 R3 pressing→sucking 在态0.30s
[   48.471] EVT 阀 R3 →抽气位
[   48.494] EVT 泵 开
[   48.812] EVT 吸附 R3 sucking→attached 在态0.34s -70.4kPa
[   48.812] EVT 相位 R3 wait→stance
[   48.832] EVT 相位 L1 stance→press
[   48.922] TLM t=   0.0 L1Pr@-- L2·r@-- L3·r@-- R1·r@-- R2·r@-- R3·A@-74 罐=无罐 泵=1 阀=000001 速=+0,+0,+0.00 电=8.13V/0.57A/峰1.47 补余=0.0 IO错=0 倾+0.0
[   49.036] EVT 泵 停 最差盘压-75.5
[   49.443] TLM t=   0.0 L1Pr@-- L2·r@-- L3·r@-- R1·r@-- R2·r@-- R3·A@-76 罐=无罐 泵=0 阀=000001 速=+0,+0,+0.00 电=8.13V/0.73A/峰1.47 补余=0.0 IO错=0 倾+0.0
[   49.951] TLM t=   0.0 L1Pr@-- L2·r@-- L3·r@-- R1·r@-- R2·r@-- R3·A@-75 罐=无罐 泵=0 阀=000001 速=+0,+0,+0.00 电=8.14V/0.65A/峰1.47 补余=0.0 IO错=0 倾+0.0
[   50.016] EVT 吸附 L1 released→pressing 在态4.84s
[   50.016] EVT 相位 L1 press→wait
[   50.337] EVT 吸附 L1 pressing→sucking 在态0.32s
[   50.337] EVT 阀 L1 →抽气位
[   50.362] EVT 泵 开 最差盘压-74.8
[   50.464] TLM t=   0.0 L1Ws@-32 L2·r@-- L3·r@-- R1·r@-- R2·r@-- R3·A@-75 罐=无罐 泵=1 阀=100001 速=+0,+0,+0.00 电=8.08V/0.65A/峰1.47 补余=0.0 IO错=0 倾+0.0
[   50.637] EVT 吸附 L1 sucking→attached 在态0.30s -66.6kPa
[   50.638] EVT 相位 L1 wait→stance
[   50.663] EVT 相位 R2 stance→press
[   50.964] EVT 泵 停 最差盘压-75.6
[   50.971] TLM t=   0.0 L1·A@-76 L2·r@-- L3·r@-- R1·r@-- R2Pr@-- R3·A@-76 罐=无罐 泵=0 阀=100001 速=+0,+0,+0.00 电=8.16V/0.73A/峰1.47 补余=0.0 IO错=0 倾+0.0
[   51.490] TLM t=   0.0 L1·A@-76 L2·r@-- L3·r@-- R1·r@-- R2Pr@-- R3·A@-76 罐=无罐 泵=0 阀=100001 速=+0,+0,+0.00 电=8.16V/0.65A/峰1.47 补余=0.0 IO错=0 倾+0.0
[   51.841] EVT 吸附 R2 released→pressing 在态6.66s
[   51.841] EVT 相位 R2 press→wait
[   51.996] TLM t=   0.0 L1·A@-76 L2·r@-- L3·r@-- R1·r@-- R2Wp@-- R3·A@-75 罐=无罐 泵=0 阀=100001 速=+0,+0,+0.00 电=8.16V/0.73A/峰1.47 补余=0.0 IO错=0 倾+0.0
[   52.167] EVT 吸附 R2 pressing→sucking 在态0.32s
[   52.168] EVT 阀 R2 →抽气位
[   52.185] EVT 泵 开 最差盘压-74.8
[   52.465] EVT 吸附 R2 sucking→attached 在态0.30s -68.5kPa
[   52.469] EVT 相位 R2 wait→stance
[   52.486] EVT 相位 L3 stance→press
[   52.511] TLM t=   0.0 L1·A@-75 L2·r@-- L3Pr@-- R1·r@-- R2·A@-69 R3·A@-74 罐=无罐 泵=1 阀=100011 速=+0,+0,+0.00 电=8.14V/0.65A/峰1.47 补余=0.0 IO错=0 倾+0.0
[   52.907] EVT 泵 停 最差盘压-75.0
[   53.018] TLM t=   0.0 L1·A@-76 L2·r@-- L3Pr@-- R1·r@-- R2·A@-75 R3·A@-76 罐=无罐 泵=0 阀=100011 速=+0,+0,+0.00 电=8.17V/0.73A/峰1.47 补余=0.0 IO错=0 倾+0.0
[   53.534] TLM t=   0.0 L1·A@-76 L2·r@-- L3Pr@-- R1·r@-- R2·A@-74 R3·A@-75 罐=无罐 泵=0 阀=100011 速=+0,+0,+0.00 电=8.18V/0.65A/峰1.47 补余=0.0 IO错=0 倾+0.0
[   53.671] EVT 吸附 L3 released→pressing 在态8.48s
[   53.672] EVT 相位 L3 press→wait
[   53.990] EVT 吸附 L3 pressing→sucking 在态0.32s
[   53.990] EVT 阀 L3 →抽气位
[   54.011] EVT 泵 开 最差盘压-72.9
[   54.040] TLM t=   0.0 L1·A@-75 L2·r@-- L3Ws@-3 R1·r@-- R2·A@-73 R3·A@-74 罐=无罐 泵=1 阀=101011 速=+0,+0,+0.00 电=8.06V/0.57A/峰1.47 补余=0.0 IO错=0 倾+0.0
[   54.288] EVT 吸附 L3 sucking→attached 在态0.30s -60.5kPa
[   54.291] EVT 相位 L3 wait→stance
[   54.311] EVT 相位 R1 stance→press
[   54.562] TLM t=   0.0 L1·A@-75 L2·r@-- L3·A@-73 R1Pr@-- R2·A@-72 R3·A@-74 罐=无罐 泵=1 阀=101011 速=+0,+0,+0.00 电=8.16V/0.65A/峰1.47 补余=0.0 IO错=0 倾+0.0
[   54.755] EVT 泵 停 最差盘压-75.1
[   55.063] TLM t=   0.0 L1·A@-76 L2·r@-- L3·A@-76 R1Pr@-- R2·A@-75 R3·A@-76 罐=无罐 泵=0 阀=101011 速=+0,+0,+0.00 电=8.18V/0.73A/峰1.47 补余=0.0 IO错=0 倾+0.0
[   55.494] EVT 吸附 R1 released→pressing 在态10.30s
[   55.495] EVT 相位 R1 press→wait
[   55.583] TLM t=   0.0 L1·A@-76 L2·r@-- L3·A@-75 R1Wp@-- R2·A@-75 R3·A@-75 罐=无罐 泵=0 阀=101011 速=+0,+0,+0.00 电=8.18V/0.73A/峰1.47 补余=0.0 IO错=0 倾+0.0
[   55.815] EVT 吸附 R1 pressing→sucking 在态0.32s
[   55.816] EVT 阀 R1 →抽气位
[   55.841] EVT 泵 开 最差盘压-74.5
[   56.091] TLM t=   0.0 L1·A@-76 L2·r@-- L3·A@-75 R1Ws@-66 R2·A@-74 R3·A@-74 罐=无罐 泵=1 阀=101111 速=+0,+0,+0.00 电=8.18V/0.57A/峰1.47 补余=0.0 IO错=0 倾+0.0
[   56.176] EVT 吸附 R1 sucking→attached 在态0.36s -68.5kPa
[   56.177] EVT 相位 R1 wait→stance
[   56.202] EVT 相位 L2 stance→press
[   56.503] EVT 泵 停 最差盘压-75.4
[   56.608] TLM t=   0.0 L1·A@-77 L2Pr@-- L3·A@-77 R1·A@-76 R2·A@-77 R3·A@-77 罐=无罐 泵=0 阀=101111 速=+0,+0,+0.00 电=8.20V/0.65A/峰1.47 补余=0.0 IO错=0 倾+0.0
[   57.112] TLM t=   0.0 L1·A@-77 L2Pr@-- L3·A@-76 R1·A@-76 R2·A@-76 R3·A@-76 罐=无罐 泵=0 阀=101111 速=+0,+0,+0.00 电=8.19V/0.73A/峰1.47 补余=0.0 IO错=0 倾+0.0
[   57.380] EVT 吸附 L2 released→pressing 在态12.18s
[   57.381] EVT 相位 L2 press→wait
[   57.635] TLM t=   0.0 L1·A@-76 L2Wp@-- L3·A@-76 R1·A@-76 R2·A@-75 R3·A@-75 罐=无罐 泵=0 阀=101111 速=+0,+0,+0.00 电=8.19V/0.73A/峰1.47 补余=0.0 IO错=0 倾+0.0
[   57.708] EVT 吸附 L2 pressing→sucking 在态0.32s
[   57.708] EVT 阀 L2 →抽气位
[   57.726] EVT 泵 开 最差盘压-75.2
[   58.003] EVT 吸附 L2 sucking→attached 在态0.30s -67.1kPa
[   58.009] EVT 相位 L2 wait→stance
[   58.009] EVT ✓ 六足全吸附，启动序列完成，相位钟开始
[   58.140] TLM t=   0.1 L1·A@-76 L2·A@-71 L3·A@-76 R1·A@-75 R2·A@-75 R3·A@-75 罐=无罐 泵=1 阀=111111 速=+0,+0,+0.00 电=8.19V/0.57A/峰1.47 补余=0.0 IO错=0 倾+0.0
[   58.327] EVT 泵 停 最差盘压-75.2
[   58.653] TLM t=   0.6 L1·A@-76 L2·A@-76 L3·A@-76 R1·A@-75 R2·A@-76 R3·A@-76 罐=无罐 泵=0 阀=111111 速=+0,+0,+0.00 电=8.21V/0.57A/峰1.47 补余=0.0 IO错=0 倾+0.0
[   59.163] TLM t=   1.1 L1·A@-76 L2·A@-75 L3·A@-76 R1·A@-75 R2·A@-75 R3·A@-75 罐=无罐 泵=0 阀=111111 速=+0,+0,+0.00 电=8.21V/0.65A/峰1.47 补余=0.0 IO错=0 倾+0.0
[   59.676] TLM t=   1.7 L1·A@-76 L2·A@-75 L3·A@-76 R1·A@-75 R2·A@-75 R3·A@-75 罐=无罐 泵=0 阀=111111 速=+0,+0,+0.00 电=8.21V/0.65A/峰1.47 补余=0.0 IO错=0 倾+0.0
[   60.184] TLM t=   2.2 L1·A@-76 L2·A@-74 L3·A@-75 R1·A@-75 R2·A@-74 R3·A@-74 罐=无罐 泵=0 阀=111111 速=+0,+0,+0.00 电=8.21V/0.65A/峰1.47 补余=0.0 IO错=0 倾+0.0
[   60.699] TLM t=   2.7 L1·A@-75 L2·A@-74 L3·A@-75 R1·A@-75 R2·A@-74 R3·A@-73 罐=无罐 泵=0 阀=111111 速=+0,+0,+0.00 电=8.20V/0.65A/峰1.47 补余=0.0 IO错=0 倾+0.0
[   61.206] TLM t=   3.2 L1·A@-75 L2·A@-73 L3·A@-75 R1·A@-75 R2·A@-73 R3·A@-72 罐=无罐 泵=0 阀=111111 速=+0,+0,+0.00 电=8.21V/0.65A/峰1.47 补余=0.0 IO错=0 倾+0.0
[   61.724] TLM t=   3.7 L1·A@-75 L2·A@-73 L3·A@-75 R1·A@-74 R2·A@-73 R3·A@-72 罐=无罐 泵=0 阀=111111 速=+0,+0,+0.00 电=8.20V/0.65A/峰1.47 补余=0.0 IO错=0 倾+0.0
[   62.241] TLM t=   4.2 L1·A@-75 L2·A@-72 L3·A@-75 R1·A@-74 R2·A@-73 R3·A@-71 罐=无罐 泵=0 阀=111111 速=+0,+0,+0.00 电=8.20V/0.73A/峰1.47 补余=0.0 IO错=0 倾+0.0
[   62.738] TLM t=   4.7 L1·A@-74 L2·A@-72 L3·A@-75 R1·A@-74 R2·A@-72 R3·A@-71 罐=无罐 泵=0 阀=111111 速=+0,+0,+0.00 电=8.21V/0.73A/峰1.47 补余=0.0 IO错=0 倾+0.0
[   63.262] TLM t=   5.2 L1·A@-74 L2·A@-72 L3·A@-75 R1·A@-74 R2·A@-72 R3·A@-70 罐=无罐 泵=0 阀=111111 速=+0,+0,+0.00 电=8.20V/0.73A/峰1.47 补余=0.0 IO错=0 倾+0.0
[   63.765] TLM t=   5.7 L1·A@-74 L2·A@-71 L3·A@-75 R1·A@-74 R2·A@-71 R3·A@-69 罐=无罐 泵=0 阀=111111 速=+0,+0,+0.00 电=8.20V/0.73A/峰1.47 补余=0.0 IO错=0 倾+0.0
[   64.288] TLM t=   6.2 L1·A@-74 L2·A@-71 L3·A@-75 R1·A@-74 R2·A@-71 R3·A@-69 罐=无罐 泵=0 阀=111111 速=+0,+0,+0.00 电=8.20V/0.73A/峰1.47 补余=0.0 IO错=0 倾+0.0
[   64.790] TLM t=   6.7 L1·A@-74 L2·A@-70 L3·A@-75 R1·A@-74 R2·A@-71 R3·A@-68 罐=无罐 泵=0 阀=111111 速=+0,+0,+0.00 电=8.20V/0.73A/峰1.47 补余=0.0 IO错=0 倾+0.0
[   65.316] TLM t=   7.3 L1·A@-73 L2·A@-70 L3·A@-74 R1·A@-74 R2·A@-70 R3·A@-68 罐=无罐 泵=0 阀=111111 速=+0,+0,+0.00 电=8.20V/0.81A/峰1.47 补余=0.0 IO错=0 倾+0.0
[   65.815] TLM t=   7.8 L1·A@-73 L2·A@-69 L3·A@-74 R1·A@-74 R2·A@-70 R3·A@-67 罐=无罐 泵=0 阀=111111 速=+0,+0,+0.00 电=8.20V/0.73A/峰1.47 补余=0.0 IO错=0 倾+0.0
[   66.341] TLM t=   8.3 L1·A@-73 L2·A@-69 L3·A@-74 R1·A@-74 R2·A@-70 R3·A@-67 罐=无罐 泵=0 阀=111111 速=+0,+0,+0.00 电=8.20V/0.65A/峰1.47 补余=0.0 IO错=0 倾+0.0
[   66.839] TLM t=   8.8 L1·A@-73 L2·A@-69 L3·A@-74 R1·A@-73 R2·A@-69 R3·A@-66 罐=无罐 泵=0 阀=111111 速=+0,+0,+0.00 电=8.20V/0.73A/峰1.47 补余=0.0 IO错=0 倾+0.0
[   67.364] TLM t=   9.3 L1·A@-73 L2·A@-68 L3·A@-74 R1·A@-73 R2·A@-69 R3·A@-65 罐=无罐 泵=0 阀=111111 速=+0,+0,+0.00 电=8.20V/0.65A/峰1.47 补余=0.0 IO错=0 倾+0.0
[   67.865] TLM t=   9.8 L1·A@-73 L2·A@-68 L3·A@-74 R1·A@-73 R2·A@-69 R3·A@-65 罐=无罐 泵=0 阀=111111 速=+0,+0,+0.00 电=8.20V/0.73A/峰1.47 补余=0.0 IO错=0 倾+0.0
[   68.390] TLM t=  10.3 L1·A@-72 L2·A@-67 L3·A@-74 R1·A@-73 R2·A@-68 R3·A@-64 罐=无罐 泵=0 阀=111111 速=+0,+0,+0.00 电=8.20V/0.73A/峰1.47 补余=0.0 IO错=0 倾+0.0
[   68.892] TLM t=  10.8 L1·A@-72 L2·A@-67 L3·A@-74 R1·A@-73 R2·A@-68 R3·A@-64 罐=无罐 泵=0 阀=111111 速=+0,+0,+0.00 电=8.20V/0.65A/峰1.47 补余=0.0 IO错=0 倾+0.0
[   69.417] TLM t=  11.3 L1·A@-72 L2·A@-67 L3·A@-74 R1·A@-73 R2·A@-67 R3·A@-63 罐=无罐 泵=0 阀=111111 速=+0,+0,+0.00 电=8.20V/0.73A/峰1.47 补余=0.0 IO错=0 倾+0.0
[   69.915] TLM t=  11.8 L1·A@-72 L2·A@-66 L3·A@-74 R1·A@-73 R2·A@-67 R3·A@-63 罐=无罐 泵=0 阀=111111 速=+0,+0,+0.00 电=8.20V/0.65A/峰1.47 补余=0.0 IO错=0 倾+0.0
[   70.437] TLM t=  12.4 L1·A@-72 L2·A@-66 L3·A@-74 R1·A@-73 R2·A@-67 R3·A@-62 罐=无罐 泵=0 阀=111111 速=+0,+0,+0.00 电=8.20V/0.65A/峰1.47 补余=0.0 IO错=0 倾+0.0
[   70.939] TLM t=  12.9 L1·A@-72 L2·A@-65 L3·A@-73 R1·A@-73 R2·A@-66 R3·A@-61 罐=无罐 泵=0 阀=111111 速=+0,+0,+0.00 电=8.21V/0.73A/峰1.47 补余=0.0 IO错=0 倾+0.0
[   71.460] TLM t=  13.4 L1·A@-71 L2·A@-65 L3·A@-73 R1·A@-73 R2·A@-66 R3·A@-61 罐=无罐 泵=0 阀=111111 速=+0,+0,+0.00 电=8.20V/0.73A/峰1.47 补余=0.0 IO错=0 倾+0.0
[   71.967] TLM t=  13.9 L1·A@-71 L2·A@-65 L3·A@-73 R1·A@-73 R2·A@-66 R3·A@-60 罐=无罐 泵=0 阀=111111 速=+0,+0,+0.00 电=8.21V/0.65A/峰1.47 补余=0.0 IO错=0 倾+0.0
[   72.381] EVT 泵 开 最差盘压-59.9
[   72.490] TLM t=  14.4 L1·A@-71 L2·A@-64 L3·A@-73 R1·A@-73 R2·A@-65 R3·A@-60 罐=无罐 泵=1 阀=111111 速=+0,+0,+0.00 电=8.16V/0.65A/峰1.47 补余=0.0 IO错=0 倾+0.0
[   72.992] TLM t=  14.9 L1·A@-72 L2·A@-72 L3·A@-73 R1·A@-73 R2·A@-72 R3·A@-72 罐=无罐 泵=1 阀=111111 速=+0,+0,+0.00 电=8.18V/0.65A/峰1.47 补余=0.0 IO错=0 倾+0.0
[   73.408] EVT 泵 停 最差盘压-75.4
[   73.518] TLM t=  15.4 L1·A@-77 L2·A@-77 L3·A@-77 R1·A@-76 R2·A@-77 R3·A@-77 罐=无罐 泵=0 阀=111111 速=+0,+0,+0.00 电=8.20V/0.65A/峰1.47 补余=0.0 IO错=0 倾+0.0
[   74.019] TLM t=  15.9 L1·A@-77 L2·A@-76 L3·A@-76 R1·A@-76 R2·A@-76 R3·A@-76 罐=无罐 泵=0 阀=111111 速=+0,+0,+0.00 电=8.20V/0.73A/峰1.47 补余=0.0 IO错=0 倾+0.0
[   74.541] TLM t=  16.4 L1·A@-76 L2·A@-76 L3·A@-76 R1·A@-76 R2·A@-75 R3·A@-75 罐=无罐 泵=0 阀=111111 速=+0,+0,+0.00 电=8.20V/0.73A/峰1.47 补余=0.0 IO错=0 倾+0.0
[   75.043] TLM t=  16.9 L1·A@-76 L2·A@-75 L3·A@-76 R1·A@-76 R2·A@-75 R3·A@-75 罐=无罐 泵=0 阀=111111 速=+0,+0,+0.00 电=8.20V/0.73A/峰1.47 补余=0.0 IO错=0 倾+0.0
[   75.565] TLM t=  17.5 L1·A@-76 L2·A@-75 L3·A@-76 R1·A@-76 R2·A@-75 R3·A@-74 罐=无罐 泵=0 阀=111111 速=+0,+0,+0.00 电=8.21V/0.73A/峰1.47 补余=0.0 IO错=0 倾+0.0
[   76.071] TLM t=  18.0 L1·A@-76 L2·A@-75 L3·A@-76 R1·A@-76 R2·A@-74 R3·A@-73 罐=无罐 泵=0 阀=111111 速=+0,+0,+0.00 电=8.20V/0.73A/峰1.47 补余=0.0 IO错=0 倾+0.0
[   76.593] TLM t=  18.5 L1·A@-76 L2·A@-74 L3·A@-76 R1·A@-75 R2·A@-74 R3·A@-73 罐=无罐 泵=0 阀=111111 速=+0,+0,+0.00 电=8.20V/0.73A/峰1.47 补余=0.0 IO错=0 倾+0.0
[   77.098] TLM t=  19.0 L1·A@-76 L2·A@-74 L3·A@-76 R1·A@-75 R2·A@-73 R3·A@-72 罐=无罐 泵=0 阀=111111 速=+0,+0,+0.00 电=8.19V/0.65A/峰1.47 补余=0.0 IO错=0 倾+0.0
[   77.623] TLM t=  19.5 L1·A@-75 L2·A@-73 L3·A@-76 R1·A@-75 R2·A@-73 R3·A@-72 罐=无罐 泵=0 阀=111111 速=+0,+0,+0.00 电=8.21V/0.73A/峰1.47 补余=0.0 IO错=0 倾+0.0
[   78.123] TLM t=  20.0 L1·A@-75 L2·A@-73 L3·A@-76 R1·A@-75 R2·A@-73 R3·A@-71 罐=无罐 泵=0 阀=111111 速=+0,+0,+0.00 电=8.19V/0.73A/峰1.47 补余=0.0 IO错=0 倾+0.0
[   78.609] EVT 实验序列开跑：起跑静置 60s 后打标记，自动轮换 3 轮
[   78.609] EVT 键 't' 倾=+0.0待=+0.0
[   78.647] TLM t=  20.5 L1·A@-75 L2·A@-72 L3·A@-76 R1·A@-75 R2·A@-72 R3·A@-71 罐=无罐 泵=0 阀=111111 速=+0,+0,+0.00 电=8.20V/0.73A/峰1.47 补余=0.0 IO错=0 倾+0.0 自动1/3
[   79.146] TLM t=  21.0 L1·A@-75 L2·A@-72 L3·A@-76 R1·A@-75 R2·A@-72 R3·A@-70 罐=无罐 泵=0 阀=111111 速=+0,+0,+0.00 电=8.20V/0.65A/峰1.47 补余=0.0 IO错=0 倾+0.0 自动1/3
[   79.672] TLM t=  21.5 L1·A@-75 L2·A@-72 L3·A@-76 R1·A@-75 R2·A@-72 R3·A@-69 罐=无罐 泵=0 阀=111111 速=+0,+0,+0.00 电=8.21V/0.65A/峰1.47 补余=0.0 IO错=0 倾+0.0 自动1/3
[   80.175] TLM t=  22.0 L1·A@-75 L2·A@-71 L3·A@-75 R1·A@-75 R2·A@-71 R3·A@-69 罐=无罐 泵=0 阀=111111 速=+0,+0,+0.00 电=8.20V/0.65A/峰1.47 补余=0.0 IO错=0 倾+0.0 自动1/3
[   80.698] TLM t=  22.6 L1·A@-75 L2·A@-71 L3·A@-75 R1·A@-75 R2·A@-71 R3·A@-68 罐=无罐 泵=0 阀=111111 速=+0,+0,+0.00 电=8.20V/0.65A/峰1.47 补余=0.0 IO错=0 倾+0.0 自动1/3
[   81.200] TLM t=  23.1 L1·A@-75 L2·A@-71 L3·A@-75 R1·A@-75 R2·A@-70 R3·A@-68 罐=无罐 泵=0 阀=111111 速=+0,+0,+0.00 电=8.20V/0.65A/峰1.47 补余=0.0 IO错=0 倾+0.0 自动1/3
[   81.725] TLM t=  23.6 L1·A@-74 L2·A@-70 L3·A@-75 R1·A@-75 R2·A@-70 R3·A@-67 罐=无罐 泵=0 阀=111111 速=+0,+0,+0.00 电=8.20V/0.73A/峰1.47 补余=0.0 IO错=0 倾+0.0 自动1/3
[   82.222] TLM t=  24.1 L1·A@-74 L2·A@-70 L3·A@-75 R1·A@-75 R2·A@-70 R3·A@-67 罐=无罐 泵=0 阀=111111 速=+0,+0,+0.00 电=8.20V/0.65A/峰1.47 补余=0.0 IO错=0 倾+0.0 自动1/3
[   82.750] TLM t=  24.6 L1·A@-74 L2·A@-69 L3·A@-75 R1·A@-75 R2·A@-69 R3·A@-66 罐=无罐 泵=0 阀=111111 速=+0,+0,+0.00 电=8.20V/0.73A/峰1.47 补余=0.0 IO错=0 倾+0.0 自动1/3
[   83.250] TLM t=  25.1 L1·A@-74 L2·A@-69 L3·A@-75 R1·A@-75 R2·A@-69 R3·A@-65 罐=无罐 泵=0 阀=111111 速=+0,+0,+0.00 电=8.20V/0.33A/峰1.47 补余=0.0 IO错=0 倾+0.0 自动1/3
[   83.775] TLM t=  25.6 L1·A@-74 L2·A@-69 L3·A@-75 R1·A@-75 R2·A@-69 R3·A@-65 罐=无罐 泵=0 阀=111111 速=+0,+0,+0.00 电=8.20V/0.73A/峰1.47 补余=0.0 IO错=0 倾+0.0 自动1/3
[   84.277] TLM t=  26.1 L1·A@-74 L2·A@-68 L3·A@-75 R1·A@-74 R2·A@-68 R3·A@-64 罐=无罐 泵=0 阀=111111 速=+0,+0,+0.00 电=8.20V/0.73A/峰1.47 补余=0.0 IO错=0 倾+0.0 自动1/3
[   84.801] TLM t=  26.6 L1·A@-74 L2·A@-68 L3·A@-75 R1·A@-74 R2·A@-68 R3·A@-64 罐=无罐 泵=0 阀=111111 速=+0,+0,+0.00 电=8.20V/0.73A/峰1.47 补余=0.0 IO错=0 倾+0.0 自动1/3
[   85.300] TLM t=  27.1 L1·A@-74 L2·A@-67 L3·A@-75 R1·A@-74 R2·A@-68 R3·A@-63 罐=无罐 泵=0 阀=111111 速=+0,+0,+0.00 电=8.20V/0.65A/峰1.47 补余=0.0 IO错=0 倾+0.0 自动1/3
[   85.823] TLM t=  27.7 L1·A@-73 L2·A@-67 L3·A@-75 R1·A@-74 R2·A@-67 R3·A@-63 罐=无罐 泵=0 阀=111111 速=+0,+0,+0.00 电=8.20V/0.73A/峰1.47 补余=0.0 IO错=0 倾+0.0 自动1/3
[   86.324] TLM t=  28.2 L1·A@-73 L2·A@-67 L3·A@-75 R1·A@-74 R2·A@-67 R3·A@-62 罐=无罐 泵=0 阀=111111 速=+0,+0,+0.00 电=8.20V/0.73A/峰1.47 补余=0.0 IO错=0 倾+0.0 自动1/3
[   86.846] TLM t=  28.7 L1·A@-73 L2·A@-66 L3·A@-75 R1·A@-74 R2·A@-67 R3·A@-62 罐=无罐 泵=0 阀=111111 速=+0,+0,+0.00 电=8.20V/0.65A/峰1.47 补余=0.0 IO错=0 倾+0.0 自动1/3
[   87.353] TLM t=  29.2 L1·A@-73 L2·A@-66 L3·A@-74 R1·A@-74 R2·A@-66 R3·A@-61 罐=无罐 泵=0 阀=111111 速=+0,+0,+0.00 电=8.20V/0.73A/峰1.47 补余=0.0 IO错=0 倾+0.0 自动1/3
[   87.876] TLM t=  29.7 L1·A@-73 L2·A@-65 L3·A@-74 R1·A@-74 R2·A@-66 R3·A@-61 罐=无罐 泵=0 阀=111111 速=+0,+0,+0.00 电=8.20V/0.73A/峰1.47 补余=0.0 IO错=0 倾+0.0 自动1/3
[   88.368] EVT 泵 开 最差盘压-60.0
[   88.378] TLM t=  30.2 L1·A@-73 L2·A@-65 L3·A@-74 R1·A@-74 R2·A@-65 R3·A@-60 罐=无罐 泵=1 阀=111111 速=+0,+0,+0.00 电=8.04V/0.65A/峰1.47 补余=0.0 IO错=0 倾+0.0 自动1/3
[   88.901] TLM t=  30.7 L1·A@-73 L2·A@-71 L3·A@-74 R1·A@-74 R2·A@-70 R3·A@-69 罐=无罐 泵=1 阀=111111 速=+0,+0,+0.00 电=8.13V/0.90A/峰1.47 补余=0.0 IO错=0 倾+0.0 自动1/3
[   89.331] EVT 泵 停 最差盘压-75.1
[   89.400] TLM t=  31.2 L1·A@-76 L2·A@-77 L3·A@-76 R1·A@-76 R2·A@-76 R3·A@-76 罐=无罐 泵=0 阀=111111 速=+0,+0,+0.00 电=8.20V/0.65A/峰1.47 补余=0.0 IO错=0 倾+0.0 自动1/3
[   89.922] TLM t=  31.7 L1·A@-76 L2·A@-76 L3·A@-76 R1·A@-76 R2·A@-76 R3·A@-76 罐=无罐 泵=0 阀=111111 速=+0,+0,+0.00 电=8.19V/0.65A/峰1.47 补余=0.0 IO错=0 倾+0.0 自动1/3
[   90.424] TLM t=  32.2 L1·A@-76 L2·A@-76 L3·A@-76 R1·A@-76 R2·A@-75 R3·A@-75 罐=无罐 泵=0 阀=111111 速=+0,+0,+0.00 电=8.20V/0.65A/峰1.47 补余=0.0 IO错=0 倾+0.0 自动1/3
[   90.947] TLM t=  32.7 L1·A@-76 L2·A@-75 L3·A@-76 R1·A@-76 R2·A@-75 R3·A@-75 罐=无罐 泵=0 阀=111111 速=+0,+0,+0.00 电=8.20V/0.73A/峰1.47 补余=0.0 IO错=0 倾+0.0 自动1/3
[   91.451] TLM t=  33.2 L1·A@-76 L2·A@-75 L3·A@-76 R1·A@-75 R2·A@-74 R3·A@-74 罐=无罐 泵=0 阀=111111 速=+0,+0,+0.00 电=8.19V/0.65A/峰1.47 补余=0.0 IO错=0 倾+0.0 自动1/3
[   91.975] TLM t=  33.8 L1·A@-76 L2·A@-74 L3·A@-76 R1·A@-75 R2·A@-74 R3·A@-73 罐=无罐 泵=0 阀=111111 速=+0,+0,+0.00 电=8.20V/0.73A/峰1.47 补余=0.0 IO错=0 倾+0.0 自动1/3
[   92.476] TLM t=  34.3 L1·A@-76 L2·A@-74 L3·A@-76 R1·A@-75 R2·A@-74 R3·A@-73 罐=无罐 泵=0 阀=111111 速=+0,+0,+0.00 电=8.20V/0.65A/峰1.47 补余=0.0 IO错=0 倾+0.0 自动1/3
[   92.997] TLM t=  34.8 L1·A@-76 L2·A@-74 L3·A@-76 R1·A@-75 R2·A@-73 R3·A@-72 罐=无罐 泵=0 阀=111111 速=+0,+0,+0.00 电=8.20V/0.73A/峰1.47 补余=0.0 IO错=0 倾+0.0 自动1/3
[   93.501] TLM t=  35.3 L1·A@-75 L2·A@-73 L3·A@-76 R1·A@-75 R2·A@-73 R3·A@-71 罐=无罐 泵=0 阀=111111 速=+0,+0,+0.00 电=8.20V/0.73A/峰1.47 补余=0.0 IO错=0 倾+0.0 自动1/3
[   94.024] TLM t=  35.8 L1·A@-75 L2·A@-73 L3·A@-76 R1·A@-75 R2·A@-72 R3·A@-71 罐=无罐 泵=0 阀=111111 速=+0,+0,+0.00 电=8.20V/0.73A/峰1.47 补余=0.0 IO错=0 倾+0.0 自动1/3
[   94.528] TLM t=  36.3 L1·A@-75 L2·A@-72 L3·A@-76 R1·A@-75 R2·A@-72 R3·A@-70 罐=无罐 泵=0 阀=111111 速=+0,+0,+0.00 电=8.20V/0.73A/峰1.47 补余=0.0 IO错=0 倾+0.0 自动1/3
[   95.055] TLM t=  36.8 L1·A@-75 L2·A@-72 L3·A@-76 R1·A@-75 R2·A@-72 R3·A@-70 罐=无罐 泵=0 阀=111111 速=+0,+0,+0.00 电=8.20V/0.73A/峰1.47 补余=0.0 IO错=0 倾+0.0 自动1/3
[   95.557] TLM t=  37.3 L1·A@-75 L2·A@-72 L3·A@-75 R1·A@-75 R2·A@-71 R3·A@-69 罐=无罐 泵=0 阀=111111 速=+0,+0,+0.00 电=8.19V/0.73A/峰1.47 补余=0.0 IO错=0 倾+0.0 自动1/3
[   96.079] TLM t=  37.8 L1·A@-75 L2·A@-71 L3·A@-75 R1·A@-75 R2·A@-71 R3·A@-69 罐=无罐 泵=0 阀=111111 速=+0,+0,+0.00 电=8.20V/0.65A/峰1.47 补余=0.0 IO错=0 倾+0.0 自动1/3
[   96.583] TLM t=  38.3 L1·A@-75 L2·A@-71 L3·A@-75 R1·A@-75 R2·A@-71 R3·A@-68 罐=无罐 泵=0 阀=111111 速=+0,+0,+0.00 电=8.20V/0.73A/峰1.47 补余=0.0 IO错=0 倾+0.0 自动1/3
[   97.105] TLM t=  38.9 L1·A@-74 L2·A@-70 L3·A@-75 R1·A@-75 R2·A@-70 R3·A@-68 罐=无罐 泵=0 阀=111111 速=+0,+0,+0.00 电=8.19V/0.73A/峰1.47 补余=0.0 IO错=0 倾+0.0 自动1/3
[   97.607] TLM t=  39.4 L1·A@-74 L2·A@-70 L3·A@-75 R1·A@-75 R2·A@-70 R3·A@-67 罐=无罐 泵=0 阀=111111 速=+0,+0,+0.00 电=8.20V/0.65A/峰1.47 补余=0.0 IO错=0 倾+0.0 自动1/3
[   98.133] TLM t=  39.9 L1·A@-74 L2·A@-70 L3·A@-75 R1·A@-75 R2·A@-70 R3·A@-66 罐=无罐 泵=0 阀=111111 速=+0,+0,+0.00 电=8.19V/0.73A/峰1.47 补余=0.0 IO错=0 倾+0.0 自动1/3
[   98.631] TLM t=  40.4 L1·A@-74 L2·A@-69 L3·A@-75 R1·A@-75 R2·A@-69 R3·A@-66 罐=无罐 泵=0 阀=111111 速=+0,+0,+0.00 电=8.20V/0.73A/峰1.47 补余=0.0 IO错=0 倾+0.0 自动1/3
[   99.152] TLM t=  40.9 L1·A@-74 L2·A@-69 L3·A@-75 R1·A@-75 R2·A@-69 R3·A@-65 罐=无罐 泵=0 阀=111111 速=+0,+0,+0.00 电=8.20V/0.73A/峰1.47 补余=0.0 IO错=0 倾+0.0 自动1/3
[   99.656] TLM t=  41.4 L1·A@-74 L2·A@-69 L3·A@-75 R1·A@-75 R2·A@-69 R3·A@-65 罐=无罐 泵=0 阀=111111 速=+0,+0,+0.00 电=8.20V/0.73A/峰1.47 补余=0.0 IO错=0 倾+0.0 自动1/3
[  100.181] TLM t=  41.9 L1·A@-74 L2·A@-68 L3·A@-75 R1·A@-75 R2·A@-68 R3·A@-64 罐=无罐 泵=0 阀=111111 速=+0,+0,+0.00 电=8.20V/0.73A/峰1.47 补余=0.0 IO错=0 倾+0.0 自动1/3
[  100.679] TLM t=  42.4 L1·A@-74 L2·A@-68 L3·A@-75 R1·A@-74 R2·A@-68 R3·A@-64 罐=无罐 泵=0 阀=111111 速=+0,+0,+0.00 电=8.20V/0.73A/峰1.47 补余=0.0 IO错=0 倾+0.0 自动1/3
[  101.204] TLM t=  42.9 L1·A@-73 L2·A@-67 L3·A@-75 R1·A@-74 R2·A@-68 R3·A@-63 罐=无罐 泵=0 阀=111111 速=+0,+0,+0.00 电=8.20V/0.73A/峰1.47 补余=0.0 IO错=0 倾+0.0 自动1/3
[  101.706] TLM t=  43.4 L1·A@-73 L2·A@-67 L3·A@-75 R1·A@-74 R2·A@-67 R3·A@-63 罐=无罐 泵=0 阀=111111 速=+0,+0,+0.00 电=8.19V/0.73A/峰1.47 补余=0.0 IO错=0 倾+0.0 自动1/3
[  102.231] TLM t=  44.0 L1·A@-73 L2·A@-67 L3·A@-75 R1·A@-74 R2·A@-67 R3·A@-62 罐=无罐 泵=0 阀=111111 速=+0,+0,+0.00 电=8.20V/0.73A/峰1.47 补余=0.0 IO错=0 倾+0.0 自动1/3
[  102.736] TLM t=  44.5 L1·A@-73 L2·A@-66 L3·A@-74 R1·A@-74 R2·A@-66 R3·A@-61 罐=无罐 泵=0 阀=111111 速=+0,+0,+0.00 电=8.20V/0.73A/峰1.47 补余=0.0 IO错=0 倾+0.0 自动1/3
[  103.231] TLM t=  45.0 L1·A@-73 L2·A@-66 L3·A@-74 R1·A@-74 R2·A@-66 R3·A@-61 罐=无罐 泵=0 阀=111111 速=+0,+0,+0.00 电=8.20V/0.73A/峰1.47 补余=0.0 IO错=0 倾+0.0 自动1/3
[  103.741] TLM t=  45.5 L1·A@-73 L2·A@-65 L3·A@-74 R1·A@-74 R2·A@-66 R3·A@-60 罐=无罐 泵=0 阀=111111 速=+0,+0,+0.00 电=8.20V/0.73A/峰1.47 补余=0.0 IO错=0 倾+0.0 自动1/3
[  104.235] EVT 泵 开 最差盘压-59.9
[  104.243] TLM t=  46.0 L1·A@-73 L2·A@-65 L3·A@-74 R1·A@-74 R2·A@-65 R3·A@-60 罐=无罐 泵=1 阀=111111 速=+0,+0,+0.00 电=8.03V/0.73A/峰1.47 补余=0.0 IO错=0 倾+0.0 自动1/3
[  104.764] TLM t=  46.5 L1·A@-73 L2·A@-71 L3·A@-74 R1·A@-74 R2·A@-70 R3·A@-69 罐=无罐 泵=1 阀=111111 速=+0,+0,+0.00 电=8.14V/0.73A/峰1.47 补余=0.0 IO错=0 倾+0.0 自动1/3
[  105.198] EVT 泵 停 最差盘压-75.1
[  105.269] TLM t=  47.0 L1·A@-76 L2·A@-77 L3·A@-76 R1·A@-76 R2·A@-76 R3·A@-76 罐=无罐 泵=0 阀=111111 速=+0,+0,+0.00 电=8.20V/0.73A/峰1.47 补余=0.0 IO错=0 倾+0.0 自动1/3
[  105.787] TLM t=  47.5 L1·A@-76 L2·A@-76 L3·A@-76 R1·A@-76 R2·A@-76 R3·A@-76 罐=无罐 泵=0 阀=111111 速=+0,+0,+0.00 电=8.19V/0.81A/峰1.47 补余=0.0 IO错=0 倾+0.0 自动1/3
[  106.292] TLM t=  48.0 L1·A@-76 L2·A@-76 L3·A@-76 R1·A@-76 R2·A@-75 R3·A@-75 罐=无罐 泵=0 阀=111111 速=+0,+0,+0.00 电=8.20V/0.65A/峰1.47 补余=0.0 IO错=0 倾+0.0 自动1/3
[  106.816] TLM t=  48.5 L1·A@-76 L2·A@-75 L3·A@-76 R1·A@-76 R2·A@-75 R3·A@-75 罐=无罐 泵=0 阀=111111 速=+0,+0,+0.00 电=8.20V/0.73A/峰1.47 补余=0.0 IO错=0 倾+0.0 自动1/3
[  107.319] TLM t=  49.0 L1·A@-76 L2·A@-75 L3·A@-76 R1·A@-75 R2·A@-74 R3·A@-74 罐=无罐 泵=0 阀=111111 速=+0,+0,+0.00 电=8.19V/0.73A/峰1.47 补余=0.0 IO错=0 倾+0.0 自动1/3
[  107.839] TLM t=  49.5 L1·A@-76 L2·A@-74 L3·A@-76 R1·A@-75 R2·A@-74 R3·A@-73 罐=无罐 泵=0 阀=111111 速=+0,+0,+0.00 电=8.20V/0.73A/峰1.47 补余=0.0 IO错=0 倾+0.0 自动1/3
[  108.346] TLM t=  50.0 L1·A@-76 L2·A@-74 L3·A@-76 R1·A@-75 R2·A@-74 R3·A@-73 罐=无罐 泵=0 阀=111111 速=+0,+0,+0.00 电=8.19V/0.73A/峰1.47 补余=0.0 IO错=0 倾+0.0 自动1/3
[  108.865] TLM t=  50.6 L1·A@-76 L2·A@-74 L3·A@-76 R1·A@-75 R2·A@-73 R3·A@-72 罐=无罐 泵=0 阀=111111 速=+0,+0,+0.00 电=8.19V/0.65A/峰1.47 补余=0.0 IO错=0 倾+0.0 自动1/3
[  109.367] TLM t=  51.1 L1·A@-75 L2·A@-73 L3·A@-76 R1·A@-75 R2·A@-73 R3·A@-72 罐=无罐 泵=0 阀=111111 速=+0,+0,+0.00 电=8.19V/0.65A/峰1.47 补余=0.0 IO错=0 倾+0.0 自动1/3
[  109.892] TLM t=  51.6 L1·A@-75 L2·A@-73 L3·A@-76 R1·A@-75 R2·A@-72 R3·A@-71 罐=无罐 泵=0 阀=111111 速=+0,+0,+0.00 电=8.20V/0.73A/峰1.47 补余=0.0 IO错=0 倾+0.0 自动1/3
[  110.396] TLM t=  52.1 L1·A@-75 L2·A@-72 L3·A@-76 R1·A@-75 R2·A@-72 R3·A@-70 罐=无罐 泵=0 阀=111111 速=+0,+0,+0.00 电=8.19V/0.73A/峰1.47 补余=0.0 IO错=0 倾+0.0 自动1/3
[  110.914] TLM t=  52.6 L1·A@-75 L2·A@-72 L3·A@-76 R1·A@-75 R2·A@-72 R3·A@-70 罐=无罐 泵=0 阀=111111 速=+0,+0,+0.00 电=8.20V/0.65A/峰1.47 补余=0.0 IO错=0 倾+0.0 自动1/3
[  111.424] TLM t=  53.1 L1·A@-75 L2·A@-72 L3·A@-76 R1·A@-75 R2·A@-71 R3·A@-69 罐=无罐 泵=0 阀=111111 速=+0,+0,+0.00 电=8.20V/0.73A/峰1.47 补余=0.0 IO错=0 倾+0.0 自动1/3
[  111.944] TLM t=  53.6 L1·A@-75 L2·A@-71 L3·A@-75 R1·A@-75 R2·A@-71 R3·A@-69 罐=无罐 泵=0 阀=111111 速=+0,+0,+0.00 电=8.19V/0.73A/峰1.47 补余=0.0 IO错=0 倾+0.0 自动1/3
[  112.447] TLM t=  54.1 L1·A@-75 L2·A@-71 L3·A@-75 R1·A@-75 R2·A@-71 R3·A@-68 罐=无罐 泵=0 阀=111111 速=+0,+0,+0.00 电=8.20V/0.65A/峰1.47 补余=0.0 IO错=0 倾+0.0 自动1/3
[  112.969] TLM t=  54.6 L1·A@-74 L2·A@-70 L3·A@-75 R1·A@-75 R2·A@-70 R3·A@-68 罐=无罐 泵=0 阀=111111 速=+0,+0,+0.00 电=8.20V/0.73A/峰1.47 补余=0.0 IO错=0 倾+0.0 自动1/3
[  113.471] TLM t=  55.1 L1·A@-74 L2·A@-70 L3·A@-75 R1·A@-75 R2·A@-70 R3·A@-67 罐=无罐 泵=0 阀=111111 速=+0,+0,+0.00 电=8.20V/0.73A/峰1.47 补余=0.0 IO错=0 倾+0.0 自动1/3
[  113.994] TLM t=  55.7 L1·A@-74 L2·A@-70 L3·A@-75 R1·A@-75 R2·A@-70 R3·A@-67 罐=无罐 泵=0 阀=111111 速=+0,+0,+0.00 电=8.19V/0.73A/峰1.47 补余=0.0 IO错=0 倾+0.0 自动1/3
[  114.498] TLM t=  56.2 L1·A@-74 L2·A@-69 L3·A@-75 R1·A@-75 R2·A@-69 R3·A@-66 罐=无罐 泵=0 阀=111111 速=+0,+0,+0.00 电=8.20V/0.73A/峰1.47 补余=0.0 IO错=0 倾+0.0 自动1/3
[  115.018] TLM t=  56.7 L1·A@-74 L2·A@-69 L3·A@-75 R1·A@-75 R2·A@-69 R3·A@-65 罐=无罐 泵=0 阀=111111 速=+0,+0,+0.00 电=8.19V/0.73A/峰1.47 补余=0.0 IO错=0 倾+0.0 自动1/3
[  115.523] TLM t=  57.2 L1·A@-74 L2·A@-69 L3·A@-75 R1·A@-75 R2·A@-69 R3·A@-65 罐=无罐 泵=0 阀=111111 速=+0,+0,+0.00 电=8.20V/0.73A/峰1.47 补余=0.0 IO错=0 倾+0.0 自动1/3
[  116.044] TLM t=  57.7 L1·A@-74 L2·A@-68 L3·A@-75 R1·A@-75 R2·A@-68 R3·A@-64 罐=无罐 泵=0 阀=111111 速=+0,+0,+0.00 电=8.20V/0.73A/峰1.47 补余=0.0 IO错=0 倾+0.0 自动1/3
[  116.550] TLM t=  58.2 L1·A@-74 L2·A@-68 L3·A@-75 R1·A@-75 R2·A@-68 R3·A@-64 罐=无罐 泵=0 阀=111111 速=+0,+0,+0.00 电=8.20V/0.73A/峰1.47 补余=0.0 IO错=0 倾+0.0 自动1/3
[  117.069] TLM t=  58.7 L1·A@-74 L2·A@-67 L3·A@-75 R1·A@-75 R2·A@-68 R3·A@-63 罐=无罐 泵=0 阀=111111 速=+0,+0,+0.00 电=8.20V/0.73A/峰1.47 补余=0.0 IO错=0 倾+0.0 自动1/3
[  117.575] TLM t=  59.2 L1·A@-73 L2·A@-67 L3·A@-75 R1·A@-74 R2·A@-67 R3·A@-63 罐=无罐 泵=0 阀=111111 速=+0,+0,+0.00 电=8.19V/0.73A/峰1.47 补余=0.0 IO错=0 倾+0.0 自动1/3
[  118.094] TLM t=  59.7 L1·A@-73 L2·A@-67 L3·A@-75 R1·A@-74 R2·A@-67 R3·A@-62 罐=无罐 泵=0 阀=111111 速=+0,+0,+0.00 电=8.20V/0.73A/峰1.47 补余=0.0 IO错=0 倾+0.0 自动1/3
[  118.608] TLM t=  60.2 L1·A@-73 L2·A@-66 L3·A@-75 R1·A@-74 R2·A@-67 R3·A@-62 罐=无罐 泵=0 阀=111111 速=+0,+0,+0.00 电=8.19V/0.73A/峰1.47 补余=0.0 IO错=0 倾+0.0 自动1/3
[  119.129] TLM t=  60.8 L1·A@-73 L2·A@-66 L3·A@-75 R1·A@-74 R2·A@-66 R3·A@-61 罐=无罐 泵=0 阀=111111 速=+0,+0,+0.00 电=8.19V/0.73A/峰1.47 补余=0.0 IO错=0 倾+0.0 自动1/3
[  119.632] TLM t=  61.3 L1·A@-73 L2·A@-66 L3·A@-74 R1·A@-74 R2·A@-66 R3·A@-60 罐=无罐 泵=0 阀=111111 速=+0,+0,+0.00 电=8.19V/0.73A/峰1.47 补余=0.0 IO错=0 倾+0.0 自动1/3
[  120.154] TLM t=  61.8 L1·A@-73 L2·A@-65 L3·A@-74 R1·A@-74 R2·A@-66 R3·A@-60 罐=无罐 泵=0 阀=111111 速=+0,+0,+0.00 电=8.19V/0.73A/峰1.47 补余=0.0 IO错=0 倾+0.0 自动1/3
[  120.166] EVT 泵 开 最差盘压-59.9
[  120.656] TLM t=  62.3 L1·A@-73 L2·A@-69 L3·A@-74 R1·A@-74 R2·A@-70 R3·A@-69 罐=无罐 泵=1 阀=111111 速=+0,+0,+0.00 电=8.16V/0.73A/峰1.47 补余=0.0 IO错=0 倾+0.0 自动1/3
[  121.129] EVT 泵 停 最差盘压-75.1
[  121.179] TLM t=  62.8 L1·A@-76 L2·A@-77 L3·A@-76 R1·A@-75 R2·A@-76 R3·A@-76 罐=无罐 泵=0 阀=111111 速=+0,+0,+0.00 电=8.19V/0.73A/峰1.47 补余=0.0 IO错=0 倾+0.0 自动1/3
[  121.682] TLM t=  63.3 L1·A@-76 L2·A@-76 L3·A@-76 R1·A@-76 R2·A@-76 R3·A@-76 罐=无罐 泵=0 阀=111111 速=+0,+0,+0.00 电=8.19V/0.73A/峰1.47 补余=0.0 IO错=0 倾+0.0 自动1/3
[  122.203] TLM t=  63.8 L1·A@-76 L2·A@-76 L3·A@-76 R1·A@-76 R2·A@-75 R3·A@-75 罐=无罐 泵=0 阀=111111 速=+0,+0,+0.00 电=8.20V/0.73A/峰1.47 补余=0.0 IO错=0 倾+0.0 自动1/3
[  122.707] TLM t=  64.3 L1·A@-76 L2·A@-75 L3·A@-76 R1·A@-76 R2·A@-75 R3·A@-75 罐=无罐 泵=0 阀=111111 速=+0,+0,+0.00 电=8.19V/0.73A/峰1.47 补余=0.0 IO错=0 倾+0.0 自动1/3
[  123.229] TLM t=  64.8 L1·A@-76 L2·A@-75 L3·A@-76 R1·A@-75 R2·A@-74 R3·A@-74 罐=无罐 泵=0 阀=111111 速=+0,+0,+0.00 电=8.20V/0.65A/峰1.47 补余=0.0 IO错=0 倾+0.0 自动1/3
[  123.733] TLM t=  65.3 L1·A@-76 L2·A@-75 L3·A@-76 R1·A@-75 R2·A@-74 R3·A@-73 罐=无罐 泵=0 阀=111111 速=+0,+0,+0.00 电=8.19V/0.81A/峰1.47 补余=0.0 IO错=0 倾+0.0 自动1/3
[  124.252] TLM t=  65.9 L1·A@-76 L2·A@-74 L3·A@-76 R1·A@-75 R2·A@-74 R3·A@-73 罐=无罐 泵=0 阀=111111 速=+0,+0,+0.00 电=8.19V/0.73A/峰1.47 补余=0.0 IO错=0 倾+0.0 自动1/3
[  124.759] TLM t=  66.4 L1·A@-76 L2·A@-74 L3·A@-76 R1·A@-75 R2·A@-73 R3·A@-72 罐=无罐 泵=0 阀=111111 速=+0,+0,+0.00 电=8.20V/0.81A/峰1.47 补余=0.0 IO错=0 倾+0.0 自动1/3
[  125.282] TLM t=  66.9 L1·A@-75 L2·A@-73 L3·A@-76 R1·A@-75 R2·A@-73 R3·A@-72 罐=无罐 泵=0 阀=111111 速=+0,+0,+0.00 电=8.19V/0.73A/峰1.47 补余=0.0 IO错=0 倾+0.0 自动1/3
[  125.783] TLM t=  67.4 L1·A@-75 L2·A@-73 L3·A@-76 R1·A@-75 R2·A@-73 R3·A@-71 罐=无罐 泵=0 阀=111111 速=+0,+0,+0.00 电=8.19V/0.65A/峰1.47 补余=0.0 IO错=0 倾+0.0 自动1/3
[  126.307] TLM t=  67.9 L1·A@-75 L2·A@-73 L3·A@-76 R1·A@-75 R2·A@-72 R3·A@-71 罐=无罐 泵=0 阀=111111 速=+0,+0,+0.00 电=8.19V/0.73A/峰1.47 补余=0.0 IO错=0 倾+0.0 自动1/3
[  126.812] TLM t=  68.4 L1·A@-75 L2·A@-72 L3·A@-76 R1·A@-75 R2·A@-72 R3·A@-70 罐=无罐 泵=0 阀=111111 速=+0,+0,+0.00 电=8.19V/0.81A/峰1.47 补余=0.0 IO错=0 倾+0.0 自动1/3
[  127.330] TLM t=  68.9 L1·A@-75 L2·A@-72 L3·A@-76 R1·A@-75 R2·A@-71 R3·A@-69 罐=无罐 泵=0 阀=111111 速=+0,+0,+0.00 电=8.19V/0.73A/峰1.47 补余=0.0 IO错=0 倾+0.0 自动1/3
[  127.838] TLM t=  69.4 L1·A@-75 L2·A@-71 L3·A@-75 R1·A@-75 R2·A@-71 R3·A@-69 罐=无罐 泵=0 阀=111111 速=+0,+0,+0.00 电=8.19V/0.73A/峰1.47 补余=0.0 IO错=0 倾+0.0 自动1/3
[  128.358] TLM t=  69.9 L1·A@-75 L2·A@-71 L3·A@-75 R1·A@-75 R2·A@-71 R3·A@-68 罐=无罐 泵=0 阀=111111 速=+0,+0,+0.00 电=8.18V/0.73A/峰1.47 补余=0.0 IO错=0 倾+0.0 自动1/3
[  128.863] TLM t=  70.4 L1·A@-75 L2·A@-71 L3·A@-75 R1·A@-75 R2·A@-70 R3·A@-68 罐=无罐 泵=0 阀=111111 速=+0,+0,+0.00 电=8.19V/0.73A/峰1.47 补余=0.0 IO错=0 倾+0.0 自动1/3
[  129.384] TLM t=  71.0 L1·A@-74 L2·A@-70 L3·A@-75 R1·A@-75 R2·A@-70 R3·A@-67 罐=无罐 泵=0 阀=111111 速=+0,+0,+0.00 电=8.19V/0.73A/峰1.47 补余=0.0 IO错=0 倾+0.0 自动1/3
[  129.885] TLM t=  71.5 L1·A@-74 L2·A@-70 L3·A@-75 R1·A@-75 R2·A@-70 R3·A@-67 罐=无罐 泵=0 阀=111111 速=+0,+0,+0.00 电=8.19V/0.73A/峰1.47 补余=0.0 IO错=0 倾+0.0 自动1/3
[  130.408] TLM t=  72.0 L1·A@-74 L2·A@-69 L3·A@-75 R1·A@-75 R2·A@-69 R3·A@-66 罐=无罐 泵=0 阀=111111 速=+0,+0,+0.00 电=8.19V/0.65A/峰1.47 补余=0.0 IO错=0 倾+0.0 自动1/3
[  130.911] TLM t=  72.5 L1·A@-74 L2·A@-69 L3·A@-75 R1·A@-75 R2·A@-69 R3·A@-65 罐=无罐 泵=0 阀=111111 速=+0,+0,+0.00 电=8.19V/0.73A/峰1.47 补余=0.0 IO错=0 倾+0.0 自动1/3
[  131.436] TLM t=  73.0 L1·A@-74 L2·A@-69 L3·A@-75 R1·A@-75 R2·A@-69 R3·A@-65 罐=无罐 泵=0 阀=111111 速=+0,+0,+0.00 电=8.19V/0.73A/峰1.47 补余=0.0 IO错=0 倾+0.0 自动1/3
[  131.938] TLM t=  73.5 L1·A@-74 L2·A@-68 L3·A@-75 R1·A@-75 R2·A@-68 R3·A@-64 罐=无罐 泵=0 阀=111111 速=+0,+0,+0.00 电=8.19V/0.73A/峰1.47 补余=0.0 IO错=0 倾+0.0 自动1/3
[  132.462] TLM t=  74.0 L1·A@-74 L2·A@-68 L3·A@-75 R1·A@-75 R2·A@-68 R3·A@-64 罐=无罐 泵=0 阀=111111 速=+0,+0,+0.00 电=8.19V/0.73A/峰1.47 补余=0.0 IO错=0 倾+0.0 自动1/3
[  132.963] TLM t=  74.5 L1·A@-74 L2·A@-68 L3·A@-75 R1·A@-75 R2·A@-68 R3·A@-63 罐=无罐 泵=0 阀=111111 速=+0,+0,+0.00 电=8.19V/0.73A/峰1.47 补余=0.0 IO错=0 倾+0.0 自动1/3
[  133.487] TLM t=  75.0 L1·A@-73 L2·A@-67 L3·A@-75 R1·A@-75 R2·A@-67 R3·A@-63 罐=无罐 泵=0 阀=111111 速=+0,+0,+0.00 电=8.19V/0.73A/峰1.47 补余=0.0 IO错=0 倾+0.0 自动1/3
[  133.997] TLM t=  75.5 L1·A@-73 L2·A@-67 L3·A@-75 R1·A@-75 R2·A@-67 R3·A@-62 罐=无罐 泵=0 阀=111111 速=+0,+0,+0.00 电=8.18V/0.73A/峰1.47 补余=0.0 IO错=0 倾+0.0 自动1/3
[  134.513] TLM t=  76.1 L1·A@-73 L2·A@-66 L3·A@-75 R1·A@-74 R2·A@-67 R3·A@-62 罐=无罐 泵=0 阀=111111 速=+0,+0,+0.00 电=8.19V/0.73A/峰1.47 补余=0.0 IO错=0 倾+0.0 自动1/3
[  135.018] TLM t=  76.6 L1·A@-73 L2·A@-66 L3·A@-75 R1·A@-74 R2·A@-66 R3·A@-61 罐=无罐 泵=0 阀=111111 速=+0,+0,+0.00 电=8.20V/0.73A/峰1.47 补余=0.0 IO错=0 倾+0.0 自动1/3
[  135.539] TLM t=  77.1 L1·A@-73 L2·A@-66 L3·A@-75 R1·A@-74 R2·A@-66 R3·A@-61 罐=无罐 泵=0 阀=111111 速=+0,+0,+0.00 电=8.19V/0.73A/峰1.47 补余=0.0 IO错=0 倾+0.0 自动1/3
[  136.040] TLM t=  77.6 L1·A@-73 L2·A@-65 L3·A@-74 R1·A@-74 R2·A@-66 R3·A@-60 罐=无罐 泵=0 阀=111111 速=+0,+0,+0.00 电=8.19V/0.73A/峰1.47 补余=0.0 IO错=0 倾+0.0 自动1/3
[  136.154] EVT 泵 开 最差盘压-59.9
[  136.563] TLM t=  78.1 L1·A@-73 L2·A@-68 L3·A@-74 R1·A@-74 R2·A@-66 R3·A@-65 罐=无罐 泵=1 阀=111111 速=+0,+0,+0.00 电=8.14V/0.65A/峰1.47 补余=0.0 IO错=0 倾+0.0 自动1/3
[  137.069] TLM t=  78.6 L1·A@-76 L2·A@-76 L3·A@-75 R1·A@-74 R2·A@-76 R3·A@-75 罐=无罐 泵=1 阀=111111 速=+0,+0,+0.00 电=8.12V/0.65A/峰1.47 补余=0.0 IO错=0 倾+0.0 自动1/3
[  137.118] EVT 泵 停 最差盘压-75.1
[  137.586] TLM t=  79.1 L1·A@-76 L2·A@-76 L3·A@-76 R1·A@-76 R2·A@-76 R3·A@-76 罐=无罐 泵=0 阀=111111 速=+0,+0,+0.00 电=8.19V/0.81A/峰1.47 补余=0.0 IO错=0 倾+0.0 自动1/3
[  138.091] TLM t=  79.6 L1·A@-76 L2·A@-76 L3·A@-76 R1·A@-76 R2·A@-75 R3·A@-75 罐=无罐 泵=0 阀=111111 速=+0,+0,+0.00 电=8.19V/0.73A/峰1.47 补余=0.0 IO错=0 倾+0.0 自动1/3
[  138.611] TLM t=  80.1 L1·A@-76 L2·A@-75 L3·A@-76 R1·A@-76 R2·A@-75 R3·A@-75 罐=无罐 泵=0 阀=111111 速=+0,+0,+0.00 电=8.19V/0.73A/峰1.47 补余=0.0 IO错=0 倾+0.0 自动1/3
[  138.624] EVT 倾身 +10mm（对时标记 去程）
[  139.115] TLM t=  80.6 L1·A@-76 L2·A@-75 L3·A@-76 R1·A@-75 R2·A@-75 R3·A@-74 罐=无罐 泵=0 阀=111111 速=+0,+0,+0.00 电=8.14V/2.04A/峰2.04 补余=0.0 IO错=0 倾+4.8→+10 对时标记
[  139.636] TLM t=  81.2 L1·A@-76 L2·A@-75 L3·A@-76 R1·A@-75 R2·A@-74 R3·A@-73 罐=无罐 泵=0 阀=111111 速=+0,+0,+0.00 电=8.11V/2.44A/峰2.44 补余=0.0 IO错=0 倾+10.0 对时标记
[  140.143] TLM t=  81.7 L1·A@-76 L2·A@-74 L3·A@-76 R1·A@-75 R2·A@-74 R3·A@-73 罐=无罐 泵=0 阀=111111 速=+0,+0,+0.00 电=8.09V/2.04A/峰2.44 补余=0.0 IO错=0 倾+10.0 对时标记
[  140.662] TLM t=  82.2 L1·A@-76 L2·A@-74 L3·A@-76 R1·A@-75 R2·A@-73 R3·A@-72 罐=无罐 泵=0 阀=111111 速=+0,+0,+0.00 电=8.11V/2.04A/峰2.44 补余=0.0 IO错=0 倾+10.0 对时标记
[  141.166] TLM t=  82.7 L1·A@-75 L2·A@-73 L3·A@-76 R1·A@-75 R2·A@-73 R3·A@-72 罐=无罐 泵=0 阀=111111 速=+0,+0,+0.00 电=8.11V/2.04A/峰2.44 补余=0.0 IO错=0 倾+10.0 对时标记
[  141.638] EVT 倾身 -10mm（对时标记 回程）
[  141.686] TLM t=  83.2 L1·A@-75 L2·A@-73 L3·A@-76 R1·A@-75 R2·A@-73 R3·A@-71 罐=无罐 泵=0 阀=111111 速=+0,+0,+0.00 电=8.11V/2.04A/峰2.44 补余=0.0 IO错=0 倾+9.6→+0 对时标记
[  142.192] TLM t=  83.7 L1·A@-75 L2·A@-73 L3·A@-76 R1·A@-75 R2·A@-72 R3·A@-71 罐=无罐 泵=0 阀=111111 速=+0,+0,+0.00 电=8.19V/0.73A/峰2.44 补余=0.0 IO错=0 倾+4.6→+0 对时标记
[  142.712] TLM t=  84.2 L1·A@-75 L2·A@-72 L3·A@-76 R1·A@-75 R2·A@-72 R3·A@-70 罐=无罐 泵=0 阀=111111 速=+0,+0,+0.00 电=8.19V/0.73A/峰2.44 补余=0.0 IO错=0 倾+0.0 对时标记
[  143.214] TLM t=  84.7 L1·A@-75 L2·A@-72 L3·A@-76 R1·A@-75 R2·A@-72 R3·A@-70 罐=无罐 泵=0 阀=111111 速=+0,+0,+0.00 电=8.19V/0.73A/峰2.44 补余=0.0 IO错=0 倾+0.0 对时标记
[  143.734] TLM t=  85.2 L1·A@-75 L2·A@-71 L3·A@-76 R1·A@-75 R2·A@-71 R3·A@-69 罐=无罐 泵=0 阀=111111 速=+0,+0,+0.00 电=8.19V/0.73A/峰2.44 补余=0.0 IO错=0 倾+0.0 对时标记
[  144.240] TLM t=  85.7 L1·A@-75 L2·A@-71 L3·A@-75 R1·A@-75 R2·A@-71 R3·A@-68 罐=无罐 泵=0 阀=111111 速=+0,+0,+0.00 电=8.19V/0.81A/峰2.44 补余=0.0 IO错=0 倾+0.0 对时标记
[  144.763] TLM t=  86.3 L1·A@-75 L2·A@-71 L3·A@-75 R1·A@-75 R2·A@-71 R3·A@-68 罐=无罐 泵=0 阀=111111 速=+0,+0,+0.00 电=8.19V/0.81A/峰2.44 补余=0.0 IO错=0 倾+0.0 对时标记
[  145.286] TLM t=  86.8 L1·A@-74 L2·A@-70 L3·A@-75 R1·A@-75 R2·A@-70 R3·A@-67 罐=无罐 泵=0 阀=111111 速=+0,+0,+0.00 电=8.18V/0.73A/峰2.44 补余=0.0 IO错=0 倾+0.0 对时标记
[  145.786] TLM t=  87.3 L1·A@-74 L2·A@-70 L3·A@-75 R1·A@-75 R2·A@-70 R3·A@-67 罐=无罐 泵=0 阀=111111 速=+0,+0,+0.00 电=8.19V/0.81A/峰2.44 补余=0.0 IO错=0 倾+0.0 对时标记
[  146.308] TLM t=  87.8 L1·A@-74 L2·A@-70 L3·A@-75 R1·A@-75 R2·A@-70 R3·A@-66 罐=无罐 泵=0 阀=111111 速=+0,+0,+0.00 电=8.19V/0.73A/峰2.44 补余=0.0 IO错=0 倾+0.0 对时标记
[  146.809] TLM t=  88.3 L1·A@-74 L2·A@-69 L3·A@-75 R1·A@-75 R2·A@-69 R3·A@-66 罐=无罐 泵=0 阀=111111 速=+0,+0,+0.00 电=8.19V/0.73A/峰2.44 补余=0.0 IO错=0 倾+0.0 对时标记
[  147.336] TLM t=  88.8 L1·A@-74 L2·A@-69 L3·A@-75 R1·A@-75 R2·A@-69 R3·A@-65 罐=无罐 泵=0 阀=111111 速=+0,+0,+0.00 电=8.19V/0.73A/峰2.44 补余=0.0 IO错=0 倾+0.0 对时标记
[  147.833] TLM t=  89.3 L1·A@-74 L2·A@-68 L3·A@-75 R1·A@-75 R2·A@-69 R3·A@-65 罐=无罐 泵=0 阀=111111 速=+0,+0,+0.00 电=8.19V/0.73A/峰2.44 补余=0.0 IO错=0 倾+0.0 对时标记
[  148.355] TLM t=  89.8 L1·A@-73 L2·A@-68 L3·A@-75 R1·A@-75 R2·A@-68 R3·A@-64 罐=无罐 泵=0 阀=111111 速=+0,+0,+0.00 电=8.19V/0.73A/峰2.44 补余=0.0 IO错=0 倾+0.0 对时标记
[  148.860] TLM t=  90.3 L1·A@-73 L2·A@-68 L3·A@-75 R1·A@-75 R2·A@-68 R3·A@-63 罐=无罐 泵=0 阀=111111 速=+0,+0,+0.00 电=8.19V/0.73A/峰2.44 补余=0.0 IO错=0 倾+0.0 对时标记
[  149.383] TLM t=  90.8 L1·A@-73 L2·A@-67 L3·A@-75 R1·A@-75 R2·A@-68 R3·A@-63 罐=无罐 泵=0 阀=111111 速=+0,+0,+0.00 电=8.18V/0.81A/峰2.44 补余=0.0 IO错=0 倾+0.0 对时标记
[  149.884] TLM t=  91.3 L1·A@-73 L2·A@-67 L3·A@-75 R1·A@-75 R2·A@-67 R3·A@-62 罐=无罐 泵=0 阀=111111 速=+0,+0,+0.00 电=8.19V/0.73A/峰2.44 补余=0.0 IO错=0 倾+0.0 对时标记
[  150.409] TLM t=  91.9 L1·A@-73 L2·A@-67 L3·A@-75 R1·A@-74 R2·A@-67 R3·A@-62 罐=无罐 泵=0 阀=111111 速=+0,+0,+0.00 电=8.18V/0.73A/峰2.44 补余=0.0 IO错=0 倾+0.0 对时标记
[  150.908] TLM t=  92.4 L1·A@-73 L2·A@-66 L3·A@-75 R1·A@-74 R2·A@-66 R3·A@-61 罐=无罐 泵=0 阀=111111 速=+0,+0,+0.00 电=8.18V/0.81A/峰2.44 补余=0.0 IO错=0 倾+0.0 对时标记
[  151.432] TLM t=  92.9 L1·A@-73 L2·A@-66 L3·A@-75 R1·A@-74 R2·A@-66 R3·A@-61 罐=无罐 泵=0 阀=111111 速=+0,+0,+0.00 电=8.19V/0.73A/峰2.44 补余=0.0 IO错=0 倾+0.0 对时标记
[  151.936] TLM t=  93.4 L1·A@-72 L2·A@-65 L3·A@-75 R1·A@-74 R2·A@-66 R3·A@-60 罐=无罐 泵=0 阀=111111 速=+0,+0,+0.00 电=8.18V/0.81A/峰2.44 补余=0.0 IO错=0 倾+0.0 对时标记
[  152.210] EVT 泵 开 最差盘压-60.0
[  152.461] TLM t=  93.9 L1·A@-72 L2·A@-65 L3·A@-74 R1·A@-74 R2·A@-66 R3·A@-60 罐=无罐 泵=1 阀=111111 速=+0,+0,+0.00 电=8.12V/0.73A/峰2.44 补余=0.0 IO错=0 倾+0.0 对时标记
[  152.960] TLM t=  94.4 L1·A@-74 L2·A@-74 L3·A@-74 R1·A@-74 R2·A@-74 R3·A@-73 罐=无罐 泵=1 阀=111111 速=+0,+0,+0.00 电=8.17V/0.73A/峰2.44 补余=0.0 IO错=0 倾+0.0 对时标记
[  153.234] EVT 泵 停 最差盘压-75.6
[  153.484] TLM t=  94.9 L1·A@-77 L2·A@-77 L3·A@-77 R1·A@-76 R2·A@-76 R3·A@-76 罐=无罐 泵=0 阀=111111 速=+0,+0,+0.00 电=8.19V/0.73A/峰2.44 补余=0.0 IO错=0 倾+0.0 对时标记
[  153.984] TLM t=  95.4 L1·A@-77 L2·A@-76 L3·A@-77 R1·A@-76 R2·A@-76 R3·A@-76 罐=无罐 泵=0 阀=111111 速=+0,+0,+0.00 电=8.19V/0.73A/峰2.44 补余=0.0 IO错=0 倾+0.0 对时标记
[  154.507] TLM t=  95.9 L1·A@-76 L2·A@-76 L3·A@-77 R1·A@-76 R2·A@-75 R3·A@-75 罐=无罐 泵=0 阀=111111 速=+0,+0,+0.00 电=8.18V/0.73A/峰2.44 补余=0.0 IO错=0 倾+0.0 对时标记
[  155.008] TLM t=  96.4 L1·A@-76 L2·A@-76 L3·A@-76 R1·A@-76 R2·A@-75 R3·A@-75 罐=无罐 泵=0 阀=111111 速=+0,+0,+0.00 电=8.17V/0.73A/峰2.44 补余=0.0 IO错=0 倾+0.0 对时标记
[  155.530] TLM t=  97.0 L1·A@-76 L2·A@-75 L3·A@-76 R1·A@-76 R2·A@-75 R3·A@-74 罐=无罐 泵=0 阀=111111 速=+0,+0,+0.00 电=8.18V/0.73A/峰2.44 补余=0.0 IO错=0 倾+0.0 对时标记
[  156.034] TLM t=  97.5 L1·A@-76 L2·A@-75 L3·A@-76 R1·A@-76 R2·A@-74 R3·A@-74 罐=无罐 泵=0 阀=111111 速=+0,+0,+0.00 电=8.18V/0.73A/峰2.44 补余=0.0 IO错=0 倾+0.0 对时标记
[  156.558] TLM t=  98.0 L1·A@-76 L2·A@-74 L3·A@-76 R1·A@-76 R2·A@-74 R3·A@-73 罐=无罐 泵=0 阀=111111 速=+0,+0,+0.00 电=8.19V/0.73A/峰2.44 补余=0.0 IO错=0 倾+0.0 对时标记
[  157.063] TLM t=  98.5 L1·A@-76 L2·A@-74 L3·A@-76 R1·A@-76 R2·A@-74 R3·A@-72 罐=无罐 泵=0 阀=111111 速=+0,+0,+0.00 电=8.18V/0.73A/峰2.44 补余=0.0 IO错=0 倾+0.0 对时标记
[  157.586] TLM t=  99.0 L1·A@-76 L2·A@-73 L3·A@-76 R1·A@-76 R2·A@-73 R3·A@-72 罐=无罐 泵=0 阀=111111 速=+0,+0,+0.00 电=8.19V/0.73A/峰2.44 补余=0.0 IO错=0 倾+0.0 对时标记
[  158.086] TLM t=  99.5 L1·A@-75 L2·A@-73 L3·A@-76 R1·A@-76 R2·A@-73 R3·A@-71 罐=无罐 泵=0 阀=111111 速=+0,+0,+0.00 电=8.18V/0.73A/峰2.44 补余=0.0 IO错=0 倾+0.0 对时标记
[  158.609] TLM t= 100.0 L1·A@-75 L2·A@-73 L3·A@-76 R1·A@-76 R2·A@-72 R3·A@-71 罐=无罐 泵=0 阀=111111 速=+0,+0,+0.00 电=8.18V/0.65A/峰2.44 补余=0.0 IO错=0 倾+0.0 对时标记
[  159.114] TLM t= 100.5 L1·A@-75 L2·A@-72 L3·A@-76 R1·A@-75 R2·A@-72 R3·A@-70 罐=无罐 泵=0 阀=111111 速=+0,+0,+0.00 电=8.18V/0.73A/峰2.44 补余=0.0 IO错=0 倾+0.0 对时标记
[  159.636] TLM t= 101.0 L1·A@-75 L2·A@-72 L3·A@-76 R1·A@-75 R2·A@-72 R3·A@-69 罐=无罐 泵=0 阀=111111 速=+0,+0,+0.00 电=8.18V/0.81A/峰2.44 补余=0.0 IO错=0 倾+0.0 对时标记
[  160.140] TLM t= 101.5 L1·A@-75 L2·A@-72 L3·A@-76 R1·A@-75 R2·A@-71 R3·A@-69 罐=无罐 泵=0 阀=111111 速=+0,+0,+0.00 电=8.19V/0.65A/峰2.44 补余=0.0 IO错=0 倾+0.0 对时标记
[  160.666] TLM t= 102.1 L1·A@-75 L2·A@-71 L3·A@-76 R1·A@-75 R2·A@-71 R3·A@-68 罐=无罐 泵=0 阀=111111 速=+0,+0,+0.00 电=8.19V/0.73A/峰2.44 补余=0.0 IO错=0 倾+0.0 对时标记
[  161.164] TLM t= 102.6 L1·A@-75 L2·A@-71 L3·A@-76 R1·A@-75 R2·A@-71 R3·A@-68 罐=无罐 泵=0 阀=111111 速=+0,+0,+0.00 电=8.19V/0.81A/峰2.44 补余=0.0 IO错=0 倾+0.0 对时标记
[  161.687] TLM t= 103.1 L1·A@-75 L2·A@-70 L3·A@-76 R1·A@-75 R2·A@-70 R3·A@-67 罐=无罐 泵=0 阀=111111 速=+0,+0,+0.00 电=8.18V/0.73A/峰2.44 补余=0.0 IO错=0 倾+0.0 对时标记
[  162.190] TLM t= 103.6 L1·A@-74 L2·A@-70 L3·A@-76 R1·A@-75 R2·A@-70 R3·A@-67 罐=无罐 泵=0 阀=111111 速=+0,+0,+0.00 电=8.19V/0.73A/峰2.44 补余=0.0 IO错=0 倾+0.0 对时标记
[  162.644] EVT 对时标记完成
[  162.644] EVT 自动轮换：第 1 轮开始
[  162.664] EVT 原地抬起受理：R3
[  162.677] EVT 相位 R3 stance→handover
[  162.712] TLM t= 104.4 L1·A@-74 L2·A@-70 L3·A@-76 R1·A@-75 R2·A@-70 R3ZA@-66 罐=无罐 泵=0 阀=111111 速=+0,+0,+0.00 电=8.19V/0.73A/峰2.44 补余=0.0 IO错=0 倾+0.0 自动1/3
[  163.218] TLM t= 104.9 L1·A@-74 L2·A@-69 L3·A@-75 R1·A@-75 R2·A@-69 R3ZA@-66 罐=无罐 泵=0 阀=111111 速=+0,+0,+0.00 电=8.18V/0.73A/峰2.44 补余=0.0 IO错=0 倾+0.0 自动1/3
[  163.741] TLM t= 105.0 L1·A@-74 L2·A@-69 L3·A@-75 R1·A@-75 R2·A@-69 R3ZA@-65 罐=无罐 泵=0 阀=111111 速=+0,+0,+0.00 电=8.17V/1.06A/峰2.44 补余=0.0 IO错=0 倾+0.0 自动1/3
[  164.242] TLM t= 105.0 L1·A@-74 L2·A@-69 L3·A@-75 R1·A@-75 R2·A@-69 R3ZA@-64 罐=无罐 泵=0 阀=111111 速=+0,+0,+0.00 电=8.18V/1.14A/峰2.44 补余=0.0 IO错=0 倾+0.0 自动1/3
[  164.765] TLM t= 105.0 L1·A@-74 L2·A@-68 L3·A@-75 R1·A@-75 R2·A@-68 R3ZA@-64 罐=无罐 泵=0 阀=111111 速=+0,+0,+0.00 电=8.15V/1.38A/峰2.44 补余=0.0 IO错=0 倾+0.0 自动1/3
[  164.877] EVT 吸附 R3 attached→venting 在态115.42s -63.8kPa
[  164.878] EVT 相位 R3 handover→vent 落点Δ(+0.0,+0.0)
[  164.898] EVT 阀 R3 →排气位
[  165.176] EVT 相位 R3 vent→lift
[  165.270] TLM t= 105.0 L1·A@-73 L2·A@-68 L3·A@-75 R1·A@-75 R2·A@-68 R3Lv@-64 罐=无罐 泵=0 阀=111110 速=+0,+0,+0.00 电=8.14V/1.38A/峰2.44 补余=0.0 IO错=0 倾+0.0 自动1/3
[  165.303] EVT 吸附 R3 venting→released 在态0.42s 0.2kPa
[  165.788] TLM t= 105.0 L1·A@-73 L2·A@-67 L3·A@-75 R1·A@-75 R2·A@-68 R3Lr@-- 罐=无罐 泵=0 阀=111110 速=+0,+0,+0.00 电=8.13V/1.47A/峰2.44 补余=0.0 IO错=0 倾+0.0 自动1/3
[  166.022] EVT 相位 R3 lift→transfer
[  166.297] TLM t= 105.0 L1·A@-73 L2·A@-67 L3·A@-75 R1·A@-75 R2·A@-67 R3Tr@-- 罐=无罐 泵=0 阀=111110 速=+0,+0,+0.00 电=8.13V/1.22A/峰2.44 补余=0.0 IO错=0 倾+0.0 自动1/3
[  166.650] EVT 相位 R3 transfer→hover
[  166.825] TLM t= 105.0 L1·A@-73 L2·A@-67 L3·A@-75 R1·A@-75 R2·A@-67 R3Hr@-- 罐=无罐 泵=0 阀=111110 速=+0,+0,+0.00 电=8.16V/1.38A/峰2.44 补余=0.0 IO错=0 倾+0.0 自动1/3
[  167.333] TLM t= 105.0 L1·A@-72 L2·A@-66 L3·A@-75 R1·A@-75 R2·A@-67 R3Hr@-- 罐=无罐 泵=0 阀=111110 速=+0,+0,+0.00 电=8.14V/1.14A/峰2.44 补余=0.0 IO错=0 倾+0.0 自动1/3
[  167.656] EVT 落地：R3
[  167.673] EVT 相位 R3 hover→descend
[  167.843] TLM t= 105.0 L1·A@-72 L2·A@-66 L3·A@-75 R1·A@-75 R2·A@-66 R3Dr@-- 罐=无罐 泵=0 阀=111110 速=+0,+0,+0.00 电=8.14V/1.30A/峰2.44 补余=0.0 IO错=0 倾+0.0 自动1/3
[  168.154] EVT 相位 R3 descend→press
[  168.360] TLM t= 105.0 L1·A@-72 L2·A@-66 L3·A@-75 R1·A@-75 R2·A@-66 R3Pr@-- 罐=无罐 泵=0 阀=111110 速=+0,+0,+0.00 电=8.14V/1.30A/峰2.44 补余=0.0 IO错=0 倾+0.0 自动1/3
[  168.867] TLM t= 105.0 L1·A@-71 L2·A@-65 L3·A@-75 R1·A@-75 R2·A@-66 R3Pr@-- 罐=无罐 泵=0 阀=111110 速=+0,+0,+0.00 电=8.14V/1.30A/峰2.44 补余=0.0 IO错=0 倾+0.0 自动1/3
[  169.358] EVT 吸附 R3 released→pressing 在态4.04s 0.2kPa
[  169.358] EVT 相位 R3 press→wait
[  169.382] TLM t= 105.0 L1·A@-71 L2·A@-65 L3·A@-75 R1·A@-75 R2·A@-65 R3Wp@-- 罐=无罐 泵=0 阀=111110 速=+0,+0,+0.00 电=8.15V/1.47A/峰2.44 补余=0.0 IO错=0 倾+0.0 自动1/3
[  169.674] EVT 吸附 R3 pressing→sucking 在态0.32s 0.2kPa
[  169.674] EVT 阀 R3 →抽气位
[  169.701] EVT 泵 开 最差盘压-64.6
[  169.893] TLM t= 105.0 L1·A@-71 L2·A@-65 L3·A@-75 R1·A@-75 R2·A@-65 R3Ws@-40 罐=无罐 泵=1 阀=111111 速=+0,+0,+0.00 电=8.12V/1.22A/峰2.44 补余=0.0 IO错=0 倾+0.0 自动1/3
[  170.062] EVT 吸附 R3 sucking→attached 在态0.38s -57.8kPa
[  170.062] EVT 相位 R3 wait→stance
[  170.062] EVT 抬落完成，轮到 L1
[  170.393] TLM t= 105.3 L1·A@-71 L2·A@-71 L3·A@-75 R1·A@-75 R2·A@-71 R3·A@-71 罐=无罐 泵=1 阀=111111 速=+0,+0,+0.00 电=8.13V/1.30A/峰2.44 补余=0.0 IO错=0 倾+0.0 自动1/3
[  170.847] EVT 泵 停 最差盘压-75.3
[  170.915] TLM t= 105.8 L1·A@-77 L2·A@-77 L3·A@-76 R1·A@-76 R2·A@-77 R3·A@-77 罐=无罐 泵=0 阀=111111 速=+0,+0,+0.00 电=8.16V/1.22A/峰2.44 补余=0.0 IO错=0 倾+0.0 自动1/3
[  171.417] TLM t= 106.3 L1·A@-77 L2·A@-76 L3·A@-77 R1·A@-76 R2·A@-76 R3·A@-76 罐=无罐 泵=0 阀=111111 速=+0,+0,+0.00 电=8.14V/1.38A/峰2.44 补余=0.0 IO错=0 倾+0.0 自动1/3
[  171.944] TLM t= 106.9 L1·A@-76 L2·A@-76 L3·A@-76 R1·A@-76 R2·A@-75 R3·A@-75 罐=无罐 泵=0 阀=111111 速=+0,+0,+0.00 电=8.14V/1.22A/峰2.44 补余=0.0 IO错=0 倾+0.0 自动1/3
[  172.442] TLM t= 107.4 L1·A@-76 L2·A@-76 L3·A@-76 R1·A@-76 R2·A@-75 R3·A@-75 罐=无罐 泵=0 阀=111111 速=+0,+0,+0.00 电=8.14V/1.30A/峰2.44 补余=0.0 IO错=0 倾+0.0 自动1/3
[  172.959] TLM t= 107.9 L1·A@-76 L2·A@-75 L3·A@-76 R1·A@-76 R2·A@-75 R3·A@-74 罐=无罐 泵=0 阀=111111 速=+0,+0,+0.00 电=8.15V/1.30A/峰2.44 补余=0.0 IO错=0 倾+0.0 自动1/3
[  173.460] TLM t= 108.4 L1·A@-76 L2·A@-75 L3·A@-76 R1·A@-76 R2·A@-74 R3·A@-74 罐=无罐 泵=0 阀=111111 速=+0,+0,+0.00 电=8.15V/1.22A/峰2.44 补余=0.0 IO错=0 倾+0.0 自动1/3
[  173.984] TLM t= 108.9 L1·A@-76 L2·A@-74 L3·A@-76 R1·A@-76 R2·A@-74 R3·A@-73 罐=无罐 泵=0 阀=111111 速=+0,+0,+0.00 电=8.14V/1.38A/峰2.44 补余=0.0 IO错=0 倾+0.0 自动1/3
[  174.486] TLM t= 109.4 L1·A@-76 L2·A@-74 L3·A@-76 R1·A@-76 R2·A@-74 R3·A@-72 罐=无罐 泵=0 阀=111111 速=+0,+0,+0.00 电=8.14V/1.22A/峰2.44 补余=0.0 IO错=0 倾+0.0 自动1/3
[  175.009] TLM t= 109.9 L1·A@-75 L2·A@-74 L3·A@-76 R1·A@-76 R2·A@-73 R3·A@-72 罐=无罐 泵=0 阀=111111 速=+0,+0,+0.00 电=8.15V/1.30A/峰2.44 补余=0.0 IO错=0 倾+0.0 自动1/3
[  175.511] TLM t= 110.4 L1·A@-75 L2·A@-73 L3·A@-76 R1·A@-75 R2·A@-73 R3·A@-71 罐=无罐 泵=0 阀=111111 速=+0,+0,+0.00 电=8.13V/1.30A/峰2.44 补余=0.0 IO错=0 倾+0.0 自动1/3
[  176.033] TLM t= 110.9 L1·A@-75 L2·A@-73 L3·A@-76 R1·A@-75 R2·A@-72 R3·A@-71 罐=无罐 泵=0 阀=111111 速=+0,+0,+0.00 电=8.13V/1.30A/峰2.44 补余=0.0 IO错=0 倾+0.0 自动1/3
[  176.536] TLM t= 111.4 L1·A@-75 L2·A@-72 L3·A@-76 R1·A@-75 R2·A@-72 R3·A@-70 罐=无罐 泵=0 阀=111111 速=+0,+0,+0.00 电=8.14V/1.30A/峰2.44 补余=0.0 IO错=0 倾+0.0 自动1/3
[  177.062] TLM t= 111.9 L1·A@-75 L2·A@-72 L3·A@-76 R1·A@-75 R2·A@-72 R3·A@-70 罐=无罐 泵=0 阀=111111 速=+0,+0,+0.00 电=8.15V/1.14A/峰2.44 补余=0.0 IO错=0 倾+0.0 自动1/3
[  177.562] TLM t= 112.4 L1·A@-75 L2·A@-72 L3·A@-76 R1·A@-75 R2·A@-71 R3·A@-69 罐=无罐 泵=0 阀=111111 速=+0,+0,+0.00 电=8.15V/1.30A/峰2.44 补余=0.0 IO错=0 倾+0.0 自动1/3
[  178.085] TLM t= 113.0 L1·A@-74 L2·A@-71 L3·A@-76 R1·A@-75 R2·A@-71 R3·A@-69 罐=无罐 泵=0 阀=111111 速=+0,+0,+0.00 电=8.15V/1.22A/峰2.44 补余=0.0 IO错=0 倾+0.0 自动1/3
[  178.588] TLM t= 113.5 L1·A@-74 L2·A@-71 L3·A@-76 R1·A@-75 R2·A@-71 R3·A@-68 罐=无罐 泵=0 阀=111111 速=+0,+0,+0.00 电=8.15V/1.38A/峰2.44 补余=0.0 IO错=0 倾+0.0 自动1/3
[  179.109] TLM t= 114.0 L1·A@-74 L2·A@-70 L3·A@-76 R1·A@-75 R2·A@-70 R3·A@-67 罐=无罐 泵=0 阀=111111 速=+0,+0,+0.00 电=8.14V/1.38A/峰2.44 补余=0.0 IO错=0 倾+0.0 自动1/3
[  179.612] TLM t= 114.5 L1·A@-74 L2·A@-70 L3·A@-76 R1·A@-75 R2·A@-70 R3·A@-67 罐=无罐 泵=0 阀=111111 速=+0,+0,+0.00 电=8.14V/1.30A/峰2.44 补余=0.0 IO错=0 倾+0.0 自动1/3
[  180.086] EVT 原地抬起受理：L1
[  180.099] EVT 相位 L1 stance→handover
[  180.135] TLM t= 115.8 L1ZA@-74 L2·A@-70 L3·A@-75 R1·A@-75 R2·A@-70 R3·A@-66 罐=无罐 泵=0 阀=111111 速=+0,+0,+0.00 电=8.16V/1.30A/峰2.44 补余=0.0 IO错=0 倾+0.0 自动1/3
[  180.635] TLM t= 116.3 L1ZA@-74 L2·A@-69 L3·A@-75 R1·A@-75 R2·A@-69 R3·A@-66 罐=无罐 泵=0 阀=111111 速=+0,+0,+0.00 电=8.17V/1.06A/峰2.44 补余=0.0 IO错=0 倾+0.0 自动1/3
[  181.156] TLM t= 116.4 L1ZA@-73 L2·A@-69 L3·A@-75 R1·A@-75 R2·A@-69 R3·A@-65 罐=无罐 泵=0 阀=111111 速=+0,+0,+0.00 电=8.15V/1.30A/峰2.44 补余=0.0 IO错=0 倾+0.0 自动1/3
[  181.663] TLM t= 116.4 L1ZA@-73 L2·A@-69 L3·A@-75 R1·A@-75 R2·A@-69 R3·A@-65 罐=无罐 泵=0 阀=111111 速=+0,+0,+0.00 电=8.12V/1.55A/峰2.44 补余=0.0 IO错=0 倾+0.0 自动1/3
[  182.187] TLM t= 116.4 L1ZA@-73 L2·A@-68 L3·A@-75 R1·A@-75 R2·A@-68 R3·A@-64 罐=无罐 泵=0 阀=111111 速=+0,+0,+0.00 电=8.13V/1.79A/峰2.44 补余=0.0 IO错=0 倾+0.0 自动1/3
[  182.686] TLM t= 116.4 L1ZA@-73 L2·A@-68 L3·A@-75 R1·A@-75 R2·A@-68 R3·A@-64 罐=无罐 泵=0 阀=111111 速=+0,+0,+0.00 电=8.10V/2.04A/峰2.44 补余=0.0 IO错=0 倾+0.0 自动1/3
[  183.203] EVT 吸附 L1 attached→venting 在态131.82s -72.9kPa
[  183.203] EVT 相位 L1 handover→vent 落点Δ(+0.0,+0.0)
[  183.217] TLM t= 116.4 L1Vv@-73 L2·A@-67 L3·A@-75 R1·A@-75 R2·A@-68 R3·A@-63 罐=无罐 泵=0 阀=111111 速=+0,+0,+0.00 电=8.10V/2.36A/峰2.44 补余=0.0 IO错=0 倾+0.0 自动1/3
[  183.225] EVT 阀 L1 →排气位
[  183.503] EVT 相位 L1 vent→lift
[  183.601] EVT 吸附 L1 venting→released 在态0.40s 0.1kPa
[  183.715] TLM t= 116.4 L1Lr@-- L2·A@-67 L3·A@-75 R1·A@-75 R2·A@-67 R3·A@-62 罐=无罐 泵=0 阀=011111 速=+0,+0,+0.00 电=8.09V/2.20A/峰2.44 补余=0.0 IO错=0 倾+0.0 自动1/3
[  184.237] TLM t= 116.4 L1Lr@-- L2·A@-67 L3·A@-75 R1·A@-74 R2·A@-67 R3·A@-62 罐=无罐 泵=0 阀=011111 速=+0,+0,+0.00 电=8.09V/2.20A/峰2.44 补余=0.0 IO错=0 倾+0.0 自动1/3
[  184.348] EVT 相位 L1 lift→transfer
[  184.745] TLM t= 116.4 L1Tr@-- L2·A@-66 L3·A@-75 R1·A@-74 R2·A@-67 R3·A@-61 罐=无罐 泵=0 阀=011111 速=+0,+0,+0.00 电=8.10V/1.95A/峰2.44 补余=0.0 IO错=0 倾+0.0 自动1/3
[  184.976] EVT 相位 L1 transfer→hover
[  185.241] TLM t= 116.4 L1Hr@-- L2·A@-66 L3·A@-75 R1·A@-74 R2·A@-66 R3·A@-61 罐=无罐 泵=0 阀=011111 速=+0,+0,+0.00 电=8.10V/1.95A/峰2.44 补余=0.0 IO错=0 倾+0.0 自动1/3
[  185.751] TLM t= 116.4 L1Hr@-- L2·A@-66 L3·A@-75 R1·A@-74 R2·A@-66 R3·A@-60 罐=无罐 泵=0 阀=011111 速=+0,+0,+0.00 电=8.11V/1.87A/峰2.44 补余=0.0 IO错=0 倾+0.0 自动1/3
[  185.882] EVT 泵 开 最差盘压-60.0
[  185.985] EVT 落地：L1
[  186.002] EVT 相位 L1 hover→descend
[  186.254] TLM t= 116.4 L1Dr@-- L2·A@-66 L3·A@-75 R1·A@-74 R2·A@-66 R3·A@-66 罐=无罐 泵=1 阀=011111 速=+0,+0,+0.00 电=8.03V/2.12A/峰2.44 补余=0.0 IO错=0 倾+0.0 自动1/3
[  186.484] EVT 相位 L1 descend→press
[  186.774] TLM t= 116.4 L1Pr@-- L2·A@-76 L3·A@-75 R1·A@-74 R2·A@-76 R3·A@-75 罐=无罐 泵=1 阀=011111 速=+0,+0,+0.00 电=8.07V/2.04A/峰2.44 补余=0.0 IO错=0 倾+0.0 自动1/3
[  186.827] EVT 泵 停 最差盘压-75.1
[  187.291] TLM t= 116.4 L1Pr@-- L2·A@-76 L3·A@-76 R1·A@-76 R2·A@-76 R3·A@-76 罐=无罐 泵=0 阀=011111 速=+0,+0,+0.00 电=8.09V/1.95A/峰2.44 补余=0.0 IO错=0 倾+0.0 自动1/3
[  187.687] EVT 吸附 L1 released→pressing 在态4.06s 0.1kPa
[  187.687] EVT 相位 L1 press→wait
[  187.801] TLM t= 116.4 L1Wp@-- L2·A@-76 L3·A@-76 R1·A@-76 R2·A@-75 R3·A@-75 罐=无罐 泵=0 阀=011111 速=+0,+0,+0.00 电=8.07V/2.20A/峰2.44 补余=0.0 IO错=0 倾+0.0 自动1/3
[  187.994] EVT 吸附 L1 pressing→sucking 在态0.30s 0.1kPa
[  187.994] EVT 阀 L1 →抽气位
[  188.012] EVT 泵 开 最差盘压-75.1
[  188.302] TLM t= 116.4 L1Ws@-62 L2·A@-76 L3·A@-76 R1·A@-75 R2·A@-75 R3·A@-75 罐=无罐 泵=1 阀=111111 速=+0,+0,+0.00 电=8.08V/2.04A/峰2.44 补余=0.0 IO错=0 倾+0.0 自动1/3
[  188.330] EVT 吸附 L1 sucking→attached 在态0.34s -66.4kPa
[  188.338] EVT 相位 L1 wait→stance
[  188.338] EVT 抬落完成，轮到 R2
[  188.674] EVT 泵 停 最差盘压-75.3
[  188.827] TLM t= 116.9 L1·A@-76 L2·A@-76 L3·A@-76 R1·A@-75 R2·A@-76 R3·A@-76 罐=无罐 泵=0 阀=111111 速=+0,+0,+0.00 电=8.10V/1.95A/峰2.44 补余=0.0 IO错=0 倾+0.0 自动1/3
[  189.329] TLM t= 117.4 L1·A@-76 L2·A@-76 L3·A@-76 R1·A@-75 R2·A@-75 R3·A@-75 罐=无罐 泵=0 阀=111111 速=+0,+0,+0.00 电=8.09V/2.04A/峰2.44 补余=0.0 IO错=0 倾+0.0 自动1/3
[  189.850] TLM t= 117.9 L1·A@-76 L2·A@-75 L3·A@-76 R1·A@-75 R2·A@-75 R3·A@-75 罐=无罐 泵=0 阀=111111 速=+0,+0,+0.00 电=8.11V/1.95A/峰2.44 补余=0.0 IO错=0 倾+0.0 自动1/3
[  190.369] TLM t= 118.4 L1·A@-75 L2·A@-75 L3·A@-76 R1·A@-75 R2·A@-75 R3·A@-74 罐=无罐 泵=0 阀=111111 速=+0,+0,+0.00 电=8.08V/2.04A/峰2.44 补余=0.0 IO错=0 倾+0.0 自动1/3
[  190.874] TLM t= 118.9 L1·A@-75 L2·A@-75 L3·A@-76 R1·A@-75 R2·A@-74 R3·A@-74 罐=无罐 泵=0 阀=111111 速=+0,+0,+0.00 电=8.08V/1.95A/峰2.44 补余=0.0 IO错=0 倾+0.0 自动1/3
[  191.390] TLM t= 119.4 L1·A@-75 L2·A@-74 L3·A@-76 R1·A@-75 R2·A@-74 R3·A@-73 罐=无罐 泵=0 阀=111111 速=+0,+0,+0.00 电=8.11V/1.87A/峰2.44 补余=0.0 IO错=0 倾+0.0 自动1/3
[  191.898] TLM t= 119.9 L1·A@-75 L2·A@-74 L3·A@-76 R1·A@-75 R2·A@-74 R3·A@-73 罐=无罐 泵=0 阀=111111 速=+0,+0,+0.00 电=8.10V/2.04A/峰2.44 补余=0.0 IO错=0 倾+0.0 自动1/3
[  192.398] TLM t= 120.4 L1·A@-75 L2·A@-73 L3·A@-76 R1·A@-75 R2·A@-73 R3·A@-72 罐=无罐 泵=0 阀=111111 速=+0,+0,+0.00 电=8.11V/1.95A/峰2.44 补余=0.0 IO错=0 倾+0.0 自动1/3
[  192.921] TLM t= 121.0 L1·A@-75 L2·A@-73 L3·A@-76 R1·A@-75 R2·A@-73 R3·A@-71 罐=无罐 泵=0 阀=111111 速=+0,+0,+0.00 电=8.10V/1.95A/峰2.44 补余=0.0 IO错=0 倾+0.0 自动1/3
[  193.425] TLM t= 121.5 L1·A@-75 L2·A@-73 L3·A@-75 R1·A@-74 R2·A@-73 R3·A@-71 罐=无罐 泵=0 阀=111111 速=+0,+0,+0.00 电=8.12V/1.95A/峰2.44 补余=0.0 IO错=0 倾+0.0 自动1/3
[  193.949] TLM t= 122.0 L1·A@-74 L2·A@-72 L3·A@-75 R1·A@-74 R2·A@-72 R3·A@-70 罐=无罐 泵=0 阀=111111 速=+0,+0,+0.00 电=8.11V/2.04A/峰2.44 补余=0.0 IO错=0 倾+0.0 自动1/3
[  194.453] TLM t= 122.5 L1·A@-74 L2·A@-72 L3·A@-75 R1·A@-74 R2·A@-72 R3·A@-70 罐=无罐 泵=0 阀=111111 速=+0,+0,+0.00 电=8.12V/1.95A/峰2.44 补余=0.0 IO错=0 倾+0.0 自动1/3
[  194.973] TLM t= 123.0 L1·A@-74 L2·A@-71 L3·A@-75 R1·A@-74 R2·A@-71 R3·A@-69 罐=无罐 泵=0 阀=111111 速=+0,+0,+0.00 电=8.10V/1.87A/峰2.44 补余=0.0 IO错=0 倾+0.0 自动1/3
[  195.475] TLM t= 123.5 L1·A@-74 L2·A@-71 L3·A@-75 R1·A@-74 R2·A@-71 R3·A@-69 罐=无罐 泵=0 阀=111111 速=+0,+0,+0.00 电=8.11V/2.04A/峰2.44 补余=0.0 IO错=0 倾+0.0 自动1/3
[  196.000] TLM t= 124.0 L1·A@-74 L2·A@-71 L3·A@-75 R1·A@-74 R2·A@-71 R3·A@-68 罐=无罐 泵=0 阀=111111 速=+0,+0,+0.00 电=8.09V/2.12A/峰2.44 补余=0.0 IO错=0 倾+0.0 自动1/3
[  196.502] TLM t= 124.5 L1·A@-74 L2·A@-70 L3·A@-75 R1·A@-74 R2·A@-70 R3·A@-68 罐=无罐 泵=0 阀=111111 速=+0,+0,+0.00 电=8.11V/1.95A/峰2.44 补余=0.0 IO错=0 倾+0.0 自动1/3
[  197.024] TLM t= 125.0 L1·A@-74 L2·A@-70 L3·A@-75 R1·A@-74 R2·A@-70 R3·A@-67 罐=无罐 泵=0 阀=111111 速=+0,+0,+0.00 电=8.11V/1.95A/峰2.44 补余=0.0 IO错=0 倾+0.0 自动1/3
[  197.525] TLM t= 125.5 L1·A@-74 L2·A@-70 L3·A@-75 R1·A@-74 R2·A@-70 R3·A@-66 罐=无罐 泵=0 阀=111111 速=+0,+0,+0.00 电=8.09V/1.87A/峰2.44 补余=0.0 IO错=0 倾+0.0 自动1/3
[  198.051] TLM t= 126.1 L1·A@-74 L2·A@-69 L3·A@-75 R1·A@-74 R2·A@-69 R3·A@-66 罐=无罐 泵=0 阀=111111 速=+0,+0,+0.00 电=8.10V/1.95A/峰2.44 补余=0.0 IO错=0 倾+0.0 自动1/3
[  198.362] EVT 原地抬起受理：R2
[  198.380] EVT 相位 R2 stance→handover
[  198.550] TLM t= 127.4 L1·A@-73 L2·A@-69 L3·A@-75 R1·A@-74 R2ZA@-69 R3·A@-65 罐=无罐 泵=0 阀=111111 速=+0,+0,+0.00 电=8.11V/1.95A/峰2.44 补余=0.0 IO错=0 倾+0.0 自动1/3
[  199.077] TLM t= 127.8 L1·A@-73 L2·A@-68 L3·A@-75 R1·A@-74 R2ZA@-69 R3·A@-65 罐=无罐 泵=0 阀=111111 速=+0,+0,+0.00 电=8.07V/2.28A/峰2.44 补余=0.0 IO错=0 倾+0.0 自动1/3
[  199.585] TLM t= 127.8 L1·A@-73 L2·A@-68 L3·A@-75 R1·A@-73 R2ZA@-68 R3·A@-64 罐=无罐 泵=0 阀=111111 速=+0,+0,+0.00 电=8.11V/2.12A/峰2.44 补余=0.0 IO错=0 倾+0.0 自动1/3
[  200.107] TLM t= 127.8 L1·A@-73 L2·A@-67 L3·A@-75 R1·A@-73 R2ZA@-68 R3·A@-64 罐=无罐 泵=0 阀=111111 速=+0,+0,+0.00 电=8.10V/2.28A/峰2.44 补余=0.0 IO错=0 倾+0.0 自动1/3
[  200.589] EVT 吸附 R2 attached→venting 在态147.28s -67.7kPa
[  200.589] EVT 相位 R2 handover→vent 落点Δ(+0.0,+0.0)
[  200.616] EVT 阀 R2 →排气位
[  200.624] TLM t= 127.8 L1·A@-73 L2·A@-67 L3·A@-74 R1·A@-73 R2Vv@-68 R3·A@-63 罐=无罐 泵=0 阀=111101 速=+0,+0,+0.00 电=8.05V/2.28A/峰2.44 补余=0.0 IO错=0 倾+0.0 自动1/3
[  200.889] EVT 相位 R2 vent→lift
[  200.997] EVT 吸附 R2 venting→released 在态0.40s -0.1kPa
[  201.140] TLM t= 127.8 L1·A@-73 L2·A@-67 L3·A@-74 R1·A@-73 R2Lr@-- R3·A@-63 罐=无罐 泵=0 阀=111101 速=+0,+0,+0.00 电=8.08V/2.20A/峰2.44 补余=0.0 IO错=0 倾+0.0 自动1/3
[  201.647] TLM t= 127.8 L1·A@-73 L2·A@-66 L3·A@-74 R1·A@-73 R2Lr@-- R3·A@-62 罐=无罐 泵=0 阀=111101 速=+0,+0,+0.00 电=8.06V/2.36A/峰2.44 补余=0.0 IO错=0 倾+0.0 自动1/3
[  201.732] EVT 相位 R2 lift→transfer
[  202.161] TLM t= 127.8 L1·A@-73 L2·A@-66 L3·A@-74 R1·A@-73 R2Tr@-- R3·A@-62 罐=无罐 泵=0 阀=111101 速=+0,+0,+0.00 电=8.07V/2.20A/峰2.44 补余=0.0 IO错=0 倾+0.0 自动1/3
[  202.361] EVT 相位 R2 transfer→hover
[  202.676] TLM t= 127.8 L1·A@-73 L2·A@-66 L3·A@-74 R1·A@-73 R2Hr@-- R3·A@-61 罐=无罐 泵=0 阀=111101 速=+0,+0,+0.00 电=8.07V/2.12A/峰2.44 补余=0.0 IO错=0 倾+0.0 自动1/3
[  203.171] TLM t= 127.8 L1·A@-73 L2·A@-65 L3·A@-74 R1·A@-73 R2Hr@-- R3·A@-61 罐=无罐 泵=0 阀=111101 速=+0,+0,+0.00 电=8.08V/2.36A/峰2.44 补余=0.0 IO错=0 倾+0.0 自动1/3
[  203.387] EVT 落地：R2
[  203.405] EVT 相位 R2 hover→descend
[  203.698] TLM t= 127.8 L1·A@-73 L2·A@-65 L3·A@-74 R1·A@-73 R2Dr@-- R3·A@-60 罐=无罐 泵=0 阀=111101 速=+0,+0,+0.00 电=8.09V/2.44A/峰2.44 补余=0.0 IO错=0 倾+0.0 自动1/3
[  203.748] EVT 泵 开 最差盘压-60.0
[  203.886] EVT 相位 R2 descend→press
[  204.212] TLM t= 127.8 L1·A@-72 L2·A@-69 L3·A@-74 R1·A@-73 R2Pr@-- R3·A@-68 罐=无罐 泵=1 阀=111101 速=+0,+0,+0.00 电=8.02V/2.36A/峰2.44 补余=0.0 IO错=0 倾+0.0 自动1/3
[  204.719] TLM t= 127.8 L1·A@-76 L2·A@-76 L3·A@-76 R1·A@-75 R2Pr@-- R3·A@-76 罐=无罐 泵=1 阀=111101 速=+0,+0,+0.00 电=8.06V/2.28A/峰2.44 补余=0.0 IO错=0 倾+0.0 自动1/3
[  204.729] EVT 泵 停 最差盘压-75.5
[  205.089] EVT 吸附 R2 released→pressing 在态4.08s -0.1kPa
[  205.090] EVT 相位 R2 press→wait
[  205.234] TLM t= 127.8 L1·A@-77 L2·A@-77 L3·A@-77 R1·A@-76 R2Wp@-- R3·A@-76 罐=无罐 泵=0 阀=111101 速=+0,+0,+0.00 电=8.04V/2.69A/峰2.69 补余=0.0 IO错=0 倾+0.0 自动1/3
[  205.390] EVT 吸附 R2 pressing→sucking 在态0.30s -0.1kPa
[  205.391] EVT 阀 R2 →抽气位
[  205.409] EVT 泵 开 最差盘压-75.8
[  205.671] EVT 吸附 R2 sucking→attached 在态0.28s -69.0kPa
[  205.675] EVT 相位 R2 wait→stance
[  205.675] EVT 抬落完成，轮到 L3
[  205.748] TLM t= 127.9 L1·A@-76 L2·A@-76 L3·A@-76 R1·A@-76 R2·A@-70 R3·A@-75 罐=无罐 泵=1 阀=111111 速=+0,+0,+0.00 电=8.02V/2.12A/峰2.69 补余=0.0 IO错=0 倾+0.0 自动1/3
[  206.132] EVT 泵 停 最差盘压-75.0
[  206.242] TLM t= 128.4 L1·A@-76 L2·A@-76 L3·A@-76 R1·A@-76 R2·A@-76 R3·A@-76 罐=无罐 泵=0 阀=111111 速=+0,+0,+0.00 电=8.08V/2.28A/峰2.69 补余=0.0 IO错=0 倾+0.0 自动1/3
[  206.767] TLM t= 128.9 L1·A@-76 L2·A@-76 L3·A@-76 R1·A@-76 R2·A@-74 R3·A@-75 罐=无罐 泵=0 阀=111111 速=+0,+0,+0.00 电=8.09V/2.28A/峰2.69 补余=0.0 IO错=0 倾+0.0 自动1/3
[  207.289] TLM t= 129.4 L1·A@-76 L2·A@-75 L3·A@-76 R1·A@-75 R2·A@-74 R3·A@-75 罐=无罐 泵=0 阀=111111 速=+0,+0,+0.00 电=8.09V/2.28A/峰2.69 补余=0.0 IO错=0 倾+0.0 自动1/3
[  207.790] TLM t= 129.9 L1·A@-76 L2·A@-75 L3·A@-76 R1·A@-75 R2·A@-73 R3·A@-74 罐=无罐 泵=0 阀=111111 速=+0,+0,+0.00 电=8.09V/2.04A/峰2.69 补余=0.0 IO错=0 倾+0.0 自动1/3
[  208.307] TLM t= 130.4 L1·A@-76 L2·A@-75 L3·A@-76 R1·A@-75 R2·A@-73 R3·A@-74 罐=无罐 泵=0 阀=111111 速=+0,+0,+0.00 电=8.06V/2.12A/峰2.69 补余=0.0 IO错=0 倾+0.0 自动1/3
[  208.816] TLM t= 130.9 L1·A@-76 L2·A@-74 L3·A@-76 R1·A@-75 R2·A@-72 R3·A@-73 罐=无罐 泵=0 阀=111111 速=+0,+0,+0.00 电=8.09V/2.36A/峰2.69 补余=0.0 IO错=0 倾+0.0 自动1/3
[  209.329] TLM t= 131.4 L1·A@-76 L2·A@-74 L3·A@-76 R1·A@-75 R2·A@-72 R3·A@-72 罐=无罐 泵=0 阀=111111 速=+0,+0,+0.00 电=8.10V/2.12A/峰2.69 补余=0.0 IO错=0 倾+0.0 自动1/3
[  209.838] TLM t= 131.9 L1·A@-76 L2·A@-73 L3·A@-76 R1·A@-75 R2·A@-71 R3·A@-72 罐=无罐 泵=0 阀=111111 速=+0,+0,+0.00 电=8.07V/2.28A/峰2.69 补余=0.0 IO错=0 倾+0.0 自动1/3
[  210.358] TLM t= 132.5 L1·A@-75 L2·A@-73 L3·A@-76 R1·A@-75 R2·A@-71 R3·A@-71 罐=无罐 泵=0 阀=111111 速=+0,+0,+0.00 电=8.08V/2.04A/峰2.69 补余=0.0 IO错=0 倾+0.0 自动1/3
[  210.861] TLM t= 133.0 L1·A@-75 L2·A@-73 L3·A@-76 R1·A@-75 R2·A@-71 R3·A@-71 罐=无罐 泵=0 阀=111111 速=+0,+0,+0.00 电=8.08V/2.20A/峰2.69 补余=0.0 IO错=0 倾+0.0 自动1/3
[  211.385] TLM t= 133.5 L1·A@-75 L2·A@-72 L3·A@-76 R1·A@-75 R2·A@-70 R3·A@-70 罐=无罐 泵=0 阀=111111 速=+0,+0,+0.00 电=8.11V/2.04A/峰2.69 补余=0.0 IO错=0 倾+0.0 自动1/3
[  211.894] TLM t= 134.0 L1·A@-75 L2·A@-72 L3·A@-75 R1·A@-75 R2·A@-70 R3·A@-70 罐=无罐 泵=0 阀=111111 速=+0,+0,+0.00 电=8.09V/2.12A/峰2.69 补余=0.0 IO错=0 倾+0.0 自动1/3
[  212.390] TLM t= 134.5 L1·A@-75 L2·A@-71 L3·A@-75 R1·A@-75 R2·A@-70 R3·A@-69 罐=无罐 泵=0 阀=111111 速=+0,+0,+0.00 电=8.09V/2.28A/峰2.69 补余=0.0 IO错=0 倾+0.0 自动1/3
[  212.913] TLM t= 135.0 L1·A@-75 L2·A@-71 L3·A@-75 R1·A@-75 R2·A@-69 R3·A@-69 罐=无罐 泵=0 阀=111111 速=+0,+0,+0.00 电=8.09V/2.20A/峰2.69 补余=0.0 IO错=0 倾+0.0 自动1/3
[  213.413] TLM t= 135.5 L1·A@-75 L2·A@-71 L3·A@-75 R1·A@-75 R2·A@-69 R3·A@-68 罐=无罐 泵=0 阀=111111 速=+0,+0,+0.00 电=8.10V/2.04A/峰2.69 补余=0.0 IO错=0 倾+0.0 自动1/3
[  213.935] TLM t= 136.0 L1·A@-75 L2·A@-70 L3·A@-75 R1·A@-74 R2·A@-69 R3·A@-67 罐=无罐 泵=0 阀=111111 速=+0,+0,+0.00 电=8.08V/2.12A/峰2.69 补余=0.0 IO错=0 倾+0.0 自动1/3
[  214.439] TLM t= 136.5 L1·A@-75 L2·A@-70 L3·A@-75 R1·A@-74 R2·A@-68 R3·A@-67 罐=无罐 泵=0 阀=111111 速=+0,+0,+0.00 电=8.10V/1.95A/峰2.69 补余=0.0 IO错=0 倾+0.0 自动1/3
[  214.962] TLM t= 137.0 L1·A@-75 L2·A@-70 L3·A@-75 R1·A@-74 R2·A@-68 R3·A@-66 罐=无罐 泵=0 阀=111111 速=+0,+0,+0.00 电=8.09V/2.12A/峰2.69 补余=0.0 IO错=0 倾+0.0 自动1/3
[  215.467] TLM t= 137.5 L1·A@-75 L2·A@-69 L3·A@-75 R1·A@-74 R2·A@-67 R3·A@-66 罐=无罐 泵=0 阀=111111 速=+0,+0,+0.00 电=8.09V/1.95A/峰2.69 补余=0.0 IO错=0 倾+0.0 自动1/3
[  215.701] EVT 原地抬起受理：L3
[  215.713] EVT 相位 L3 stance→handover
[  215.991] TLM t= 138.9 L1·A@-74 L2·A@-69 L3ZA@-75 R1·A@-74 R2·A@-67 R3·A@-65 罐=无罐 泵=0 阀=111111 速=+0,+0,+0.00 电=8.09V/2.12A/峰2.69 补余=0.0 IO错=0 倾+0.0 自动1/3
[  216.493] TLM t= 139.2 L1·A@-74 L2·A@-68 L3ZA@-75 R1·A@-74 R2·A@-67 R3·A@-65 罐=无罐 泵=0 阀=111111 速=+0,+0,+0.00 电=8.08V/2.20A/峰2.69 补余=0.0 IO错=0 倾+0.0 自动1/3
[  217.015] TLM t= 139.2 L1·A@-74 L2·A@-68 L3ZA@-75 R1·A@-74 R2·A@-66 R3·A@-64 罐=无罐 泵=0 阀=111111 速=+0,+0,+0.00 电=8.08V/2.28A/峰2.69 补余=0.0 IO错=0 倾+0.0 自动1/3
[  217.519] TLM t= 139.2 L1·A@-74 L2·A@-68 L3ZA@-75 R1·A@-74 R2·A@-66 R3·A@-64 罐=无罐 泵=0 阀=111111 速=+0,+0,+0.00 电=8.08V/2.36A/峰2.69 补余=0.0 IO错=0 倾+0.0 自动1/3
[  218.039] TLM t= 139.2 L1·A@-74 L2·A@-67 L3ZA@-75 R1·A@-74 R2·A@-66 R3·A@-63 罐=无罐 泵=0 阀=111111 速=+0,+0,+0.00 电=8.07V/2.52A/峰2.69 补余=0.0 IO错=0 倾+0.0 自动1/3
[  218.543] TLM t= 139.2 L1·A@-74 L2·A@-67 L3ZA@-75 R1·A@-74 R2·A@-65 R3·A@-63 罐=无罐 泵=0 阀=111111 速=+0,+0,+0.00 电=8.07V/2.77A/峰2.77 补余=0.0 IO错=0 倾+0.0 自动1/3
[  218.608] EVT 吸附 L3 attached→venting 在态163.40s -74.6kPa
[  218.609] EVT 相位 L3 handover→vent 落点Δ(+0.0,+0.0)
[  218.634] EVT 阀 L3 →排气位
[  218.910] EVT 相位 L3 vent→lift
[  219.032] EVT 吸附 L3 venting→released 在态0.42s 0.1kPa
[  219.063] TLM t= 139.2 L1·A@-74 L2·A@-67 L3Lr@-- R1·A@-74 R2·A@-65 R3·A@-62 罐=无罐 泵=0 阀=110111 速=+0,+0,+0.00 电=8.02V/3.01A/峰3.01 补余=0.0 IO错=0 倾+0.0 自动1/3
[  219.570] TLM t= 139.2 L1·A@-74 L2·A@-66 L3Lr@-- R1·A@-73 R2·A@-65 R3·A@-62 罐=无罐 泵=0 阀=110111 速=+0,+0,+0.00 电=8.05V/2.85A/峰3.01 补余=0.0 IO错=0 倾+0.0 自动1/3
[  219.756] EVT 相位 L3 lift→transfer
[  220.090] TLM t= 139.2 L1·A@-74 L2·A@-66 L3Tr@-- R1·A@-73 R2·A@-64 R3·A@-61 罐=无罐 泵=0 阀=110111 速=+0,+0,+0.00 电=8.04V/2.44A/峰3.01 补余=0.0 IO错=0 倾+0.0 自动1/3
[  220.383] EVT 相位 L3 transfer→hover
[  220.596] TLM t= 139.2 L1·A@-74 L2·A@-66 L3Hr@-- R1·A@-73 R2·A@-64 R3·A@-61 罐=无罐 泵=0 阀=110111 速=+0,+0,+0.00 电=8.05V/2.52A/峰3.01 补余=0.0 IO错=0 倾+0.0 自动1/3
[  221.113] EVT 泵 开 最差盘压-60.0
[  221.119] TLM t= 139.2 L1·A@-73 L2·A@-65 L3Hr@-- R1·A@-73 R2·A@-64 R3·A@-60 罐=无罐 泵=1 阀=110111 速=+0,+0,+0.00 电=7.90V/2.52A/峰3.01 补余=0.0 IO错=0 倾+0.0 自动1/3
[  221.386] EVT 落地：L3
[  221.414] EVT 相位 L3 hover→descend
[  221.634] TLM t= 139.2 L1·A@-73 L2·A@-70 L3Dr@-- R1·A@-73 R2·A@-70 R3·A@-69 罐=无罐 泵=1 阀=110111 速=+0,+0,+0.00 电=8.00V/2.77A/峰3.01 补余=0.0 IO错=0 倾+0.0 自动1/3
[  221.895] EVT 相位 L3 descend→press
[  222.093] EVT 泵 停 最差盘压-75.2
[  222.149] TLM t= 139.2 L1·A@-76 L2·A@-77 L3Pr@-- R1·A@-75 R2·A@-76 R3·A@-76 罐=无罐 泵=0 阀=110111 速=+0,+0,+0.00 电=8.04V/2.69A/峰3.01 补余=0.0 IO错=0 倾+0.0 自动1/3
[  222.645] TLM t= 139.2 L1·A@-76 L2·A@-76 L3Pr@-- R1·A@-76 R2·A@-76 R3·A@-76 罐=无罐 泵=0 阀=110111 速=+0,+0,+0.00 电=8.06V/2.60A/峰3.01 补余=0.0 IO错=0 倾+0.0 自动1/3
[  223.100] EVT 吸附 L3 released→pressing 在态4.04s 0.1kPa
[  223.100] EVT 相位 L3 press→wait
[  223.169] TLM t= 139.2 L1·A@-76 L2·A@-76 L3Wp@-- R1·A@-76 R2·A@-75 R3·A@-75 罐=无罐 泵=0 阀=110111 速=+0,+0,+0.00 电=8.06V/2.36A/峰3.01 补余=0.0 IO错=0 倾+0.0 自动1/3
[  223.400] EVT 吸附 L3 pressing→sucking 在态0.30s 0.1kPa
[  223.401] EVT 阀 L3 →抽气位
[  223.421] EVT 泵 开 最差盘压-75.0
[  223.670] TLM t= 139.2 L1·A@-76 L2·A@-76 L3Ws@-55 R1·A@-75 R2·A@-75 R3·A@-75 罐=无罐 泵=1 阀=111111 速=+0,+0,+0.00 电=8.05V/2.52A/峰3.01 补余=0.0 IO错=0 倾+0.0 自动1/3
[  223.675] EVT 吸附 L3 sucking→attached 在态0.28s -55.0kPa
[  223.676] EVT 相位 L3 wait→stance
[  223.676] EVT 抬落完成，轮到 R1
[  224.195] TLM t= 139.7 L1·A@-76 L2·A@-76 L3·A@-75 R1·A@-75 R2·A@-75 R3·A@-75 罐=无罐 泵=1 阀=111111 速=+0,+0,+0.00 电=8.04V/2.52A/峰3.01 补余=0.0 IO错=0 倾+0.0 自动1/3
[  224.205] EVT 泵 停 最差盘压-75.2
[  224.696] TLM t= 140.2 L1·A@-76 L2·A@-76 L3·A@-76 R1·A@-75 R2·A@-75 R3·A@-76 罐=无罐 泵=0 阀=111111 速=+0,+0,+0.00 电=8.05V/2.36A/峰3.01 补余=0.0 IO错=0 倾+0.0 自动1/3
[  225.221] TLM t= 140.7 L1·A@-76 L2·A@-76 L3·A@-76 R1·A@-75 R2·A@-75 R3·A@-75 罐=无罐 泵=0 阀=111111 速=+0,+0,+0.00 电=8.06V/2.69A/峰3.01 补余=0.0 IO错=0 倾+0.0 自动1/3
[  225.720] TLM t= 141.2 L1·A@-76 L2·A@-75 L3·A@-75 R1·A@-75 R2·A@-75 R3·A@-74 罐=无罐 泵=0 阀=111111 速=+0,+0,+0.00 电=8.07V/2.85A/峰3.01 补余=0.0 IO错=0 倾+0.0 自动1/3
[  226.239] TLM t= 141.7 L1·A@-76 L2·A@-75 L3·A@-75 R1·A@-75 R2·A@-74 R3·A@-74 罐=无罐 泵=0 阀=111111 速=+0,+0,+0.00 电=8.04V/2.44A/峰3.01 补余=0.0 IO错=0 倾+0.0 自动1/3
[  226.742] TLM t= 142.2 L1·A@-76 L2·A@-74 L3·A@-75 R1·A@-75 R2·A@-74 R3·A@-73 罐=无罐 泵=0 阀=111111 速=+0,+0,+0.00 电=8.03V/2.60A/峰3.01 补余=0.0 IO错=0 倾+0.0 自动1/3
[  227.268] TLM t= 142.7 L1·A@-75 L2·A@-74 L3·A@-75 R1·A@-74 R2·A@-74 R3·A@-73 罐=无罐 泵=0 阀=111111 速=+0,+0,+0.00 电=8.05V/2.52A/峰3.01 补余=0.0 IO错=0 倾+0.0 自动1/3
[  227.767] TLM t= 143.2 L1·A@-75 L2·A@-74 L3·A@-75 R1·A@-74 R2·A@-73 R3·A@-72 罐=无罐 泵=0 阀=111111 速=+0,+0,+0.00 电=8.03V/2.52A/峰3.01 补余=0.0 IO错=0 倾+0.0 自动1/3
[  228.290] TLM t= 143.8 L1·A@-75 L2·A@-73 L3·A@-75 R1·A@-74 R2·A@-73 R3·A@-72 罐=无罐 泵=0 阀=111111 速=+0,+0,+0.00 电=8.07V/2.44A/峰3.01 补余=0.0 IO错=0 倾+0.0 自动1/3
[  228.789] TLM t= 144.3 L1·A@-75 L2·A@-73 L3·A@-74 R1·A@-74 R2·A@-72 R3·A@-71 罐=无罐 泵=0 阀=111111 速=+0,+0,+0.00 电=8.04V/2.69A/峰3.01 补余=0.0 IO错=0 倾+0.0 自动1/3
[  229.314] TLM t= 144.8 L1·A@-75 L2·A@-72 L3·A@-74 R1·A@-74 R2·A@-72 R3·A@-70 罐=无罐 泵=0 阀=111111 速=+0,+0,+0.00 电=8.05V/2.60A/峰3.01 补余=0.0 IO错=0 倾+0.0 自动1/3
[  229.818] TLM t= 145.3 L1·A@-75 L2·A@-72 L3·A@-74 R1·A@-74 R2·A@-72 R3·A@-70 罐=无罐 泵=0 阀=111111 速=+0,+0,+0.00 电=8.03V/2.60A/峰3.01 补余=0.0 IO错=0 倾+0.0 自动1/3
[  230.341] TLM t= 145.8 L1·A@-75 L2·A@-72 L3·A@-74 R1·A@-74 R2·A@-71 R3·A@-69 罐=无罐 泵=0 阀=111111 速=+0,+0,+0.00 电=8.07V/2.77A/峰3.01 补余=0.0 IO错=0 倾+0.0 自动1/3
[  230.843] TLM t= 146.3 L1·A@-75 L2·A@-71 L3·A@-74 R1·A@-73 R2·A@-71 R3·A@-69 罐=无罐 泵=0 阀=111111 速=+0,+0,+0.00 电=8.04V/2.44A/峰3.01 补余=0.0 IO错=0 倾+0.0 自动1/3
[  231.369] TLM t= 146.8 L1·A@-75 L2·A@-71 L3·A@-74 R1·A@-73 R2·A@-71 R3·A@-68 罐=无罐 泵=0 阀=111111 速=+0,+0,+0.00 电=8.06V/2.52A/峰3.01 补余=0.0 IO错=0 倾+0.0 自动1/3
[  231.871] TLM t= 147.3 L1·A@-75 L2·A@-70 L3·A@-74 R1·A@-73 R2·A@-70 R3·A@-68 罐=无罐 泵=0 阀=111111 速=+0,+0,+0.00 电=8.05V/2.36A/峰3.01 补余=0.0 IO错=0 倾+0.0 自动1/3
[  232.393] TLM t= 147.8 L1·A@-75 L2·A@-70 L3·A@-74 R1·A@-73 R2·A@-70 R3·A@-67 罐=无罐 泵=0 阀=111111 速=+0,+0,+0.00 电=8.05V/2.52A/峰3.01 补余=0.0 IO错=0 倾+0.0 自动1/3
[  232.895] TLM t= 148.3 L1·A@-74 L2·A@-70 L3·A@-74 R1·A@-73 R2·A@-70 R3·A@-67 罐=无罐 泵=0 阀=111111 速=+0,+0,+0.00 电=8.06V/2.36A/峰3.01 补余=0.0 IO错=0 倾+0.0 自动1/3
[  233.419] TLM t= 148.9 L1·A@-74 L2·A@-69 L3·A@-73 R1·A@-73 R2·A@-69 R3·A@-66 罐=无罐 泵=0 阀=111111 速=+0,+0,+0.00 电=8.07V/2.60A/峰3.01 补余=0.0 IO错=0 倾+0.0 自动1/3
[  233.710] EVT 原地抬起受理：R1
[  233.730] EVT 相位 R1 stance→handover
[  233.920] TLM t= 150.2 L1·A@-74 L2·A@-69 L3·A@-73 R1ZA@-73 R2·A@-69 R3·A@-66 罐=无罐 泵=0 阀=111111 速=+0,+0,+0.00 电=8.06V/2.28A/峰3.01 补余=0.0 IO错=0 倾+0.0 自动1/3
[  234.444] TLM t= 150.6 L1·A@-74 L2·A@-68 L3·A@-73 R1ZA@-73 R2·A@-69 R3·A@-65 罐=无罐 泵=0 阀=111111 速=+0,+0,+0.00 电=8.08V/1.95A/峰3.01 补余=0.0 IO错=0 倾+0.0 自动1/3
[  234.944] TLM t= 150.6 L1·A@-74 L2·A@-68 L3·A@-73 R1ZA@-72 R2·A@-68 R3·A@-65 罐=无罐 泵=0 阀=111111 速=+0,+0,+0.00 电=8.10V/2.04A/峰3.01 补余=0.0 IO错=0 倾+0.0 自动1/3
[  235.470] TLM t= 150.6 L1·A@-74 L2·A@-68 L3·A@-73 R1ZA@-72 R2·A@-68 R3·A@-64 罐=无罐 泵=0 阀=111111 速=+0,+0,+0.00 电=8.09V/1.95A/峰3.01 补余=0.0 IO错=0 倾+0.0 自动1/3
[  235.967] TLM t= 150.6 L1·A@-74 L2·A@-67 L3·A@-73 R1ZA@-72 R2·A@-68 R3·A@-64 罐=无罐 泵=0 阀=111111 速=+0,+0,+0.00 电=8.09V/2.20A/峰3.01 补余=0.0 IO错=0 倾+0.0 自动1/3
[  236.492] TLM t= 150.6 L1·A@-74 L2·A@-67 L3·A@-73 R1ZA@-72 R2·A@-67 R3·A@-63 罐=无罐 泵=0 阀=111111 速=+0,+0,+0.00 电=8.09V/1.95A/峰3.01 补余=0.0 IO错=0 倾+0.0 自动1/3
[  237.000] TLM t= 150.6 L1·A@-74 L2·A@-67 L3·A@-73 R1ZA@-72 R2·A@-67 R3·A@-63 罐=无罐 泵=0 阀=111111 速=+0,+0,+0.00 电=8.08V/2.04A/峰3.01 补余=0.0 IO错=0 倾+0.0 自动1/3
[  237.033] EVT 吸附 R1 attached→venting 在态179.82s -72.2kPa
[  237.033] EVT 相位 R1 handover→vent 落点Δ(+0.0,+0.0)
[  237.050] EVT 阀 R1 →排气位
[  237.334] EVT 相位 R1 vent→lift
[  237.429] EVT 吸附 R1 venting→released 在态0.40s 0.1kPa
[  237.493] TLM t= 150.6 L1·A@-74 L2·A@-66 L3·A@-73 R1Lr@-- R2·A@-67 R3·A@-62 罐=无罐 泵=0 阀=111011 速=+0,+0,+0.00 电=8.06V/2.28A/峰3.01 补余=0.0 IO错=0 倾+0.0 自动1/3
[  238.004] TLM t= 150.6 L1·A@-74 L2·A@-66 L3·A@-73 R1Lr@-- R2·A@-66 R3·A@-62 罐=无罐 泵=0 阀=111011 速=+0,+0,+0.00 电=8.04V/2.60A/峰3.01 补余=0.0 IO错=0 倾+0.0 自动1/3
[  238.177] EVT 相位 R1 lift→transfer
[  238.518] TLM t= 150.6 L1·A@-73 L2·A@-66 L3·A@-73 R1Tr@-- R2·A@-66 R3·A@-61 罐=无罐 泵=0 阀=111011 速=+0,+0,+0.00 电=8.04V/2.60A/峰3.01 补余=0.0 IO错=0 倾+0.0 自动1/3
[  238.796] EVT 相位 R1 transfer→hover
[  239.028] TLM t= 150.6 L1·A@-73 L2·A@-65 L3·A@-72 R1Hr@-- R2·A@-66 R3·A@-60 罐=无罐 泵=0 阀=111011 速=+0,+0,+0.00 电=8.05V/2.52A/峰3.01 补余=0.0 IO错=0 倾+0.0 自动1/3
[  239.460] EVT 泵 开 最差盘压-60.0
[  239.532] TLM t= 150.6 L1·A@-73 L2·A@-65 L3·A@-72 R1Hr@-- R2·A@-65 R3·A@-60 罐=无罐 泵=1 阀=111011 速=+0,+0,+0.00 电=8.02V/2.20A/峰3.01 补余=0.0 IO错=0 倾+0.0 自动1/3
[  239.804] EVT 落地：R1
[  239.821] EVT 相位 R1 hover→descend
[  240.055] TLM t= 150.6 L1·A@-73 L2·A@-72 L3·A@-72 R1Dr@-- R2·A@-71 R3·A@-70 罐=无罐 泵=1 阀=111011 速=+0,+0,+0.00 电=8.03V/2.36A/峰3.01 补余=0.0 IO错=0 倾+0.0 自动1/3
[  240.306] EVT 相位 R1 descend→press
[  240.366] EVT 泵 停 最差盘压-75.0
[  240.554] TLM t= 150.6 L1·A@-76 L2·A@-76 L3·A@-76 R1Pr@-- R2·A@-75 R3·A@-76 罐=无罐 泵=0 阀=111011 速=+0,+0,+0.00 电=8.06V/2.36A/峰3.01 补余=0.0 IO错=0 倾+0.0 自动1/3
[  241.080] TLM t= 150.6 L1·A@-76 L2·A@-75 L3·A@-76 R1Pr@-- R2·A@-75 R3·A@-75 罐=无罐 泵=0 阀=111011 速=+0,+0,+0.00 电=8.06V/2.20A/峰3.01 补余=0.0 IO错=0 倾+0.0 自动1/3
[  241.514] EVT 吸附 R1 released→pressing 在态4.06s 0.1kPa
[  241.515] EVT 相位 R1 press→wait
[  241.584] TLM t= 150.6 L1·A@-75 L2·A@-75 L3·A@-75 R1Wp@-- R2·A@-74 R3·A@-74 罐=无罐 泵=0 阀=111011 速=+0,+0,+0.00 电=8.03V/2.60A/峰3.01 补余=0.0 IO错=0 倾+0.0 自动1/3
[  241.815] EVT 吸附 R1 pressing→sucking 在态0.30s 0.1kPa
[  241.816] EVT 阀 R1 →抽气位
[  241.833] EVT 泵 开 最差盘压-74.0
[  242.108] TLM t= 150.6 L1·A@-75 L2·A@-74 L3·A@-75 R1Ws@-64 R2·A@-74 R3·A@-74 罐=无罐 泵=1 阀=111111 速=+0,+0,+0.00 电=8.04V/2.28A/峰3.01 补余=0.0 IO错=0 倾+0.0 自动1/3
[  242.161] EVT 吸附 R1 sucking→attached 在态0.34s -66.8kPa
[  242.161] EVT 相位 R1 wait→stance
[  242.161] EVT 抬落完成，轮到 L2
[  242.557] EVT 泵 停 最差盘压-75.2
[  242.607] TLM t= 151.0 L1·A@-76 L2·A@-77 L3·A@-76 R1·A@-75 R2·A@-76 R3·A@-76 罐=无罐 泵=0 阀=111111 速=+0,+0,+0.00 电=8.05V/2.28A/峰3.01 补余=0.0 IO错=0 倾+0.0 自动1/3
[  243.137] TLM t= 151.6 L1·A@-76 L2·A@-76 L3·A@-76 R1·A@-76 R2·A@-76 R3·A@-76 罐=无罐 泵=0 阀=111111 速=+0,+0,+0.00 电=8.06V/2.44A/峰3.01 补余=0.0 IO错=0 倾+0.0 自动1/3
[  243.638] TLM t= 152.1 L1·A@-76 L2·A@-76 L3·A@-76 R1·A@-75 R2·A@-75 R3·A@-75 罐=无罐 泵=0 阀=111111 速=+0,+0,+0.00 电=8.07V/2.36A/峰3.01 补余=0.0 IO错=0 倾+0.0 自动1/3
[  244.161] TLM t= 152.6 L1·A@-76 L2·A@-75 L3·A@-76 R1·A@-75 R2·A@-75 R3·A@-75 罐=无罐 泵=0 阀=111111 速=+0,+0,+0.00 电=8.06V/2.28A/峰3.01 补余=0.0 IO错=0 倾+0.0 自动1/3
[  244.664] TLM t= 153.1 L1·A@-76 L2·A@-75 L3·A@-76 R1·A@-75 R2·A@-74 R3·A@-74 罐=无罐 泵=0 阀=111111 速=+0,+0,+0.00 电=8.06V/2.28A/峰3.01 补余=0.0 IO错=0 倾+0.0 自动1/3
[  245.186] TLM t= 153.6 L1·A@-76 L2·A@-75 L3·A@-76 R1·A@-75 R2·A@-74 R3·A@-73 罐=无罐 泵=0 阀=111111 速=+0,+0,+0.00 电=8.06V/2.20A/峰3.01 补余=0.0 IO错=0 倾+0.0 自动1/3
[  245.689] TLM t= 154.1 L1·A@-76 L2·A@-74 L3·A@-76 R1·A@-75 R2·A@-74 R3·A@-73 罐=无罐 泵=0 阀=111111 速=+0,+0,+0.00 电=8.06V/2.36A/峰3.01 补余=0.0 IO错=0 倾+0.0 自动1/3
[  246.211] TLM t= 154.6 L1·A@-76 L2·A@-74 L3·A@-76 R1·A@-75 R2·A@-73 R3·A@-72 罐=无罐 泵=0 阀=111111 速=+0,+0,+0.00 电=8.05V/2.28A/峰3.01 补余=0.0 IO错=0 倾+0.0 自动1/3
[  246.713] TLM t= 155.1 L1·A@-76 L2·A@-73 L3·A@-76 R1·A@-75 R2·A@-73 R3·A@-72 罐=无罐 泵=0 阀=111111 速=+0,+0,+0.00 电=8.07V/2.28A/峰3.01 补余=0.0 IO错=0 倾+0.0 自动1/3
[  247.237] TLM t= 155.6 L1·A@-75 L2·A@-73 L3·A@-76 R1·A@-75 R2·A@-73 R3·A@-71 罐=无罐 泵=0 阀=111111 速=+0,+0,+0.00 电=8.05V/2.44A/峰3.01 补余=0.0 IO错=0 倾+0.0 自动1/3
[  247.743] TLM t= 156.1 L1·A@-75 L2·A@-73 L3·A@-76 R1·A@-75 R2·A@-72 R3·A@-71 罐=无罐 泵=0 阀=111111 速=+0,+0,+0.00 电=8.05V/2.52A/峰3.01 补余=0.0 IO错=0 倾+0.0 自动1/3
[  248.263] TLM t= 156.7 L1·A@-75 L2·A@-72 L3·A@-76 R1·A@-75 R2·A@-72 R3·A@-70 罐=无罐 泵=0 阀=111111 速=+0,+0,+0.00 电=8.08V/2.20A/峰3.01 补余=0.0 IO错=0 倾+0.0 自动1/3
[  248.764] TLM t= 157.2 L1·A@-75 L2·A@-72 L3·A@-76 R1·A@-75 R2·A@-71 R3·A@-70 罐=无罐 泵=0 阀=111111 速=+0,+0,+0.00 电=8.05V/2.28A/峰3.01 补余=0.0 IO错=0 倾+0.0 自动1/3
[  249.290] TLM t= 157.7 L1·A@-75 L2·A@-71 L3·A@-75 R1·A@-75 R2·A@-71 R3·A@-69 罐=无罐 泵=0 阀=111111 速=+0,+0,+0.00 电=8.06V/2.28A/峰3.01 补余=0.0 IO错=0 倾+0.0 自动1/3
[  249.793] TLM t= 158.2 L1·A@-75 L2·A@-71 L3·A@-75 R1·A@-75 R2·A@-71 R3·A@-68 罐=无罐 泵=0 阀=111111 速=+0,+0,+0.00 电=8.05V/2.36A/峰3.01 补余=0.0 IO错=0 倾+0.0 自动1/3
[  250.321] TLM t= 158.7 L1·A@-75 L2·A@-71 L3·A@-75 R1·A@-75 R2·A@-70 R3·A@-68 罐=无罐 泵=0 阀=111111 速=+0,+0,+0.00 电=8.05V/2.36A/峰3.01 补余=0.0 IO错=0 倾+0.0 自动1/3
[  250.824] TLM t= 159.2 L1·A@-75 L2·A@-70 L3·A@-75 R1·A@-75 R2·A@-70 R3·A@-67 罐=无罐 泵=0 阀=111111 速=+0,+0,+0.00 电=8.04V/2.36A/峰3.01 补余=0.0 IO错=0 倾+0.0 自动1/3
[  251.344] TLM t= 159.7 L1·A@-75 L2·A@-70 L3·A@-75 R1·A@-75 R2·A@-70 R3·A@-67 罐=无罐 泵=0 阀=111111 速=+0,+0,+0.00 电=8.06V/2.52A/峰3.01 补余=0.0 IO错=0 倾+0.0 自动1/3
[  251.850] TLM t= 160.2 L1·A@-75 L2·A@-69 L3·A@-75 R1·A@-74 R2·A@-69 R3·A@-66 罐=无罐 泵=0 阀=111111 速=+0,+0,+0.00 电=8.08V/2.28A/峰3.01 补余=0.0 IO错=0 倾+0.0 自动1/3
[  252.200] EVT 原地抬起受理：L2
[  252.212] EVT 相位 L2 stance→handover
[  252.371] TLM t= 161.6 L1·A@-75 L2ZA@-69 L3·A@-75 R1·A@-74 R2·A@-69 R3·A@-66 罐=无罐 泵=0 阀=111111 速=+0,+0,+0.00 电=8.06V/2.28A/峰3.01 补余=0.0 IO错=0 倾+0.0 自动1/3
[  252.885] TLM t= 162.0 L1·A@-74 L2ZA@-69 L3·A@-75 R1·A@-74 R2·A@-69 R3·A@-65 罐=无罐 泵=0 阀=111111 速=+0,+0,+0.00 电=8.09V/1.95A/峰3.01 补余=0.0 IO错=0 倾+0.0 自动1/3
[  253.387] TLM t= 162.0 L1·A@-74 L2ZA@-68 L3·A@-75 R1·A@-74 R2·A@-68 R3·A@-65 罐=无罐 泵=0 阀=111111 速=+0,+0,+0.00 电=8.07V/2.20A/峰3.01 补余=0.0 IO错=0 倾+0.0 自动1/3
[  253.913] TLM t= 162.0 L1·A@-74 L2ZA@-68 L3·A@-75 R1·A@-74 R2·A@-68 R3·A@-64 罐=无罐 泵=0 阀=111111 速=+0,+0,+0.00 电=8.07V/2.12A/峰3.01 补余=0.0 IO错=0 倾+0.0 自动1/3
[  254.415] TLM t= 162.0 L1·A@-74 L2ZA@-67 L3·A@-75 R1·A@-74 R2·A@-68 R3·A@-63 罐=无罐 泵=0 阀=111111 速=+0,+0,+0.00 电=8.08V/2.04A/峰3.01 补余=0.0 IO错=0 倾+0.0 自动1/3
[  254.628] EVT 吸附 L2 attached→venting 在态195.48s -67.3kPa
[  254.629] EVT 相位 L2 handover→vent 落点Δ(+0.0,+0.0)
[  254.646] EVT 阀 L2 →排气位
[  254.929] EVT 相位 L2 vent→lift
[  254.937] TLM t= 162.0 L1·A@-74 L2Lv@-67 L3·A@-75 R1·A@-74 R2·A@-67 R3·A@-63 罐=无罐 泵=0 阀=101111 速=+0,+0,+0.00 电=8.07V/2.12A/峰3.01 补余=0.0 IO错=0 倾+0.0 自动1/3
[  255.024] EVT 吸附 L2 venting→released 在态0.40s 0.3kPa
[  255.455] TLM t= 162.0 L1·A@-74 L2Lr@-- L3·A@-75 R1·A@-74 R2·A@-67 R3·A@-62 罐=无罐 泵=0 阀=101111 速=+0,+0,+0.00 电=8.06V/2.28A/峰3.01 补余=0.0 IO错=0 倾+0.0 自动1/3
[  255.772] EVT 相位 L2 lift→transfer
[  255.960] TLM t= 162.0 L1·A@-74 L2Tr@-- L3·A@-75 R1·A@-74 R2·A@-66 R3·A@-62 罐=无罐 泵=0 阀=101111 速=+0,+0,+0.00 电=8.04V/2.36A/峰3.01 补余=0.0 IO错=0 倾+0.0 自动1/3
[  256.391] EVT 相位 L2 transfer→hover
[  256.473] TLM t= 162.0 L1·A@-74 L2Hr@-- L3·A@-75 R1·A@-74 R2·A@-66 R3·A@-61 罐=无罐 泵=0 阀=101111 速=+0,+0,+0.00 电=8.06V/2.04A/峰3.01 补余=0.0 IO错=0 倾+0.0 自动1/3
[  256.986] TLM t= 162.0 L1·A@-74 L2Hr@-- L3·A@-74 R1·A@-74 R2·A@-66 R3·A@-61 罐=无罐 泵=0 阀=101111 速=+0,+0,+0.00 电=8.06V/2.04A/峰3.01 补余=0.0 IO错=0 倾+0.0 自动1/3
[  257.396] EVT 落地：L2
[  257.414] EVT 相位 L2 hover→descend
[  257.496] TLM t= 162.0 L1·A@-74 L2Dr@-- L3·A@-74 R1·A@-74 R2·A@-65 R3·A@-60 罐=无罐 泵=0 阀=101111 速=+0,+0,+0.00 电=8.06V/2.28A/峰3.01 补余=0.0 IO错=0 倾+0.0 自动1/3
[  257.697] EVT 泵 开 最差盘压-60.0
[  257.895] EVT 相位 L2 descend→press
[  258.006] TLM t= 162.0 L1·A@-74 L2Pr@-- L3·A@-74 R1·A@-74 R2·A@-65 R3·A@-63 罐=无罐 泵=1 阀=101111 速=+0,+0,+0.00 电=8.04V/2.12A/峰3.01 补余=0.0 IO错=0 倾+0.0 自动1/3
[  258.520] TLM t= 162.0 L1·A@-75 L2Pr@-- L3·A@-75 R1·A@-74 R2·A@-75 R3·A@-75 罐=无罐 泵=1 阀=101111 速=+0,+0,+0.00 电=8.02V/1.95A/峰3.01 补余=0.0 IO错=0 倾+0.0 自动1/3
[  258.780] EVT 泵 停 最差盘压-76.2
[  259.029] TLM t= 162.0 L1·A@-78 L2Pr@-- L3·A@-78 R1·A@-77 R2·A@-77 R3·A@-77 罐=无罐 泵=0 阀=101111 速=+0,+0,+0.00 电=8.04V/2.28A/峰3.01 补余=0.0 IO错=0 倾+0.0 自动1/3
[  259.098] EVT 吸附 L2 released→pressing 在态4.06s 0.3kPa
[  259.099] EVT 相位 L2 press→wait
[  259.399] EVT 吸附 L2 pressing→sucking 在态0.30s 0.3kPa
[  259.399] EVT 阀 L2 →抽气位
[  259.417] EVT 泵 开 最差盘压-76.7
[  259.545] TLM t= 162.0 L1·A@-77 L2Ws@-61 L3·A@-77 R1·A@-77 R2·A@-77 R3·A@-77 罐=无罐 泵=1 阀=111111 速=+0,+0,+0.00 电=8.04V/2.28A/峰3.01 补余=0.0 IO错=0 倾+0.0 自动1/3
[  259.675] EVT 吸附 L2 sucking→attached 在态0.28s -67.2kPa
[  259.683] EVT 相位 L2 wait→stance
[  259.683] EVT 抬落完成，轮到 R3
[  259.683] EVT 自动轮换：第 1 轮完成
[  259.958] EVT 泵 停 最差盘压-75.2
[  260.051] TLM t= 162.4 L1·A@-77 L2·A@-76 L3·A@-77 R1·A@-77 R2·A@-76 R3·A@-76 罐=无罐 泵=0 阀=111111 速=+0,+0,+0.00 电=8.06V/2.20A/峰3.01 补余=0.0 IO错=0 倾+0.0 自动2/3
[  260.566] TLM t= 162.9 L1·A@-77 L2·A@-75 L3·A@-77 R1·A@-77 R2·A@-76 R3·A@-76 罐=无罐 泵=0 阀=111111 速=+0,+0,+0.00 电=8.08V/2.20A/峰3.01 补余=0.0 IO错=0 倾+0.0 自动2/3
[  261.076] TLM t= 163.4 L1·A@-77 L2·A@-75 L3·A@-77 R1·A@-77 R2·A@-75 R3·A@-75 罐=无罐 泵=0 阀=111111 速=+0,+0,+0.00 电=8.08V/2.04A/峰3.01 补余=0.0 IO错=0 倾+0.0 自动2/3
[  261.591] TLM t= 163.9 L1·A@-77 L2·A@-74 L3·A@-77 R1·A@-77 R2·A@-75 R3·A@-74 罐=无罐 泵=0 阀=111111 速=+0,+0,+0.00 电=8.06V/2.28A/峰3.01 补余=0.0 IO错=0 倾+0.0 自动2/3
[  262.098] TLM t= 164.4 L1·A@-77 L2·A@-74 L3·A@-77 R1·A@-77 R2·A@-75 R3·A@-74 罐=无罐 泵=0 阀=111111 速=+0,+0,+0.00 电=8.06V/2.12A/峰3.01 补余=0.0 IO错=0 倾+0.0 自动2/3
[  262.614] TLM t= 164.9 L1·A@-77 L2·A@-73 L3·A@-77 R1·A@-77 R2·A@-74 R3·A@-73 罐=无罐 泵=0 阀=111111 速=+0,+0,+0.00 电=8.06V/2.20A/峰3.01 补余=0.0 IO错=0 倾+0.0 自动2/3
[  263.121] TLM t= 165.4 L1·A@-77 L2·A@-73 L3·A@-77 R1·A@-76 R2·A@-74 R3·A@-73 罐=无罐 泵=0 阀=111111 速=+0,+0,+0.00 电=8.06V/2.28A/峰3.01 补余=0.0 IO错=0 倾+0.0 自动2/3
[  263.636] TLM t= 165.9 L1·A@-77 L2·A@-72 L3·A@-77 R1·A@-76 R2·A@-74 R3·A@-72 罐=无罐 泵=0 阀=111111 速=+0,+0,+0.00 电=8.06V/2.04A/峰3.01 补余=0.0 IO错=0 倾+0.0 自动2/3
[  264.146] TLM t= 166.4 L1·A@-76 L2·A@-72 L3·A@-77 R1·A@-76 R2·A@-73 R3·A@-72 罐=无罐 泵=0 阀=111111 速=+0,+0,+0.00 电=8.08V/2.12A/峰3.01 补余=0.0 IO错=0 倾+0.0 自动2/3
[  264.660] TLM t= 167.0 L1·A@-76 L2·A@-72 L3·A@-77 R1·A@-76 R2·A@-73 R3·A@-71 罐=无罐 泵=0 阀=111111 速=+0,+0,+0.00 电=8.08V/2.28A/峰3.01 补余=0.0 IO错=0 倾+0.0 自动2/3
[  265.166] TLM t= 167.5 L1·A@-76 L2·A@-71 L3·A@-77 R1·A@-76 R2·A@-72 R3·A@-70 罐=无罐 泵=0 阀=111111 速=+0,+0,+0.00 电=8.08V/2.04A/峰3.01 补余=0.0 IO错=0 倾+0.0 自动2/3
[  265.683] TLM t= 168.0 L1·A@-76 L2·A@-71 L3·A@-77 R1·A@-76 R2·A@-72 R3·A@-70 罐=无罐 泵=0 阀=111111 速=+0,+0,+0.00 电=8.07V/2.12A/峰3.01 补余=0.0 IO错=0 倾+0.0 自动2/3
[  266.191] TLM t= 168.5 L1·A@-76 L2·A@-70 L3·A@-77 R1·A@-76 R2·A@-72 R3·A@-69 罐=无罐 泵=0 阀=111111 速=+0,+0,+0.00 电=8.05V/2.36A/峰3.01 补余=0.0 IO错=0 倾+0.0 自动2/3
[  266.709] TLM t= 169.0 L1·A@-76 L2·A@-70 L3·A@-76 R1·A@-76 R2·A@-71 R3·A@-69 罐=无罐 泵=0 阀=111111 速=+0,+0,+0.00 电=8.06V/2.20A/峰3.01 补余=0.0 IO错=0 倾+0.0 自动2/3
[  267.215] TLM t= 169.5 L1·A@-76 L2·A@-69 L3·A@-76 R1·A@-76 R2·A@-71 R3·A@-68 罐=无罐 泵=0 阀=111111 速=+0,+0,+0.00 电=8.06V/2.12A/峰3.01 补余=0.0 IO错=0 倾+0.0 自动2/3
[  267.728] TLM t= 170.0 L1·A@-76 L2·A@-69 L3·A@-76 R1·A@-76 R2·A@-71 R3·A@-68 罐=无罐 泵=0 阀=111111 速=+0,+0,+0.00 电=8.07V/2.36A/峰3.01 补余=0.0 IO错=0 倾+0.0 自动2/3
[  268.235] TLM t= 170.5 L1·A@-76 L2·A@-69 L3·A@-76 R1·A@-76 R2·A@-70 R3·A@-67 罐=无罐 泵=0 阀=111111 速=+0,+0,+0.00 电=8.05V/2.04A/峰3.01 补余=0.0 IO错=0 倾+0.0 自动2/3
[  268.752] TLM t= 171.0 L1·A@-76 L2·A@-68 L3·A@-76 R1·A@-76 R2·A@-70 R3·A@-67 罐=无罐 泵=0 阀=111111 速=+0,+0,+0.00 电=8.06V/2.28A/峰3.01 补余=0.0 IO错=0 倾+0.0 自动2/3
[  269.263] TLM t= 171.5 L1·A@-76 L2·A@-68 L3·A@-76 R1·A@-76 R2·A@-70 R3·A@-66 罐=无罐 泵=0 阀=111111 速=+0,+0,+0.00 电=8.05V/2.28A/峰3.01 补余=0.0 IO错=0 倾+0.0 自动2/3
[  269.779] TLM t= 172.1 L1·A@-75 L2·A@-67 L3·A@-76 R1·A@-76 R2·A@-69 R3·A@-66 罐=无罐 泵=0 阀=111111 速=+0,+0,+0.00 电=8.04V/2.12A/峰3.01 补余=0.0 IO错=0 倾+0.0 自动2/3
[  270.284] TLM t= 172.6 L1·A@-75 L2·A@-67 L3·A@-76 R1·A@-76 R2·A@-69 R3·A@-65 罐=无罐 泵=0 阀=111111 速=+0,+0,+0.00 电=8.06V/2.28A/峰3.01 补余=0.0 IO错=0 倾+0.0 自动2/3
[  270.799] TLM t= 173.1 L1·A@-75 L2·A@-67 L3·A@-76 R1·A@-76 R2·A@-69 R3·A@-65 罐=无罐 泵=0 阀=111111 速=+0,+0,+0.00 电=8.06V/2.20A/峰3.01 补余=0.0 IO错=0 倾+0.0 自动2/3
[  271.307] TLM t= 173.6 L1·A@-75 L2·A@-66 L3·A@-76 R1·A@-76 R2·A@-68 R3·A@-64 罐=无罐 泵=0 阀=111111 速=+0,+0,+0.00 电=8.06V/2.28A/峰3.01 补余=0.0 IO错=0 倾+0.0 自动2/3
[  271.821] TLM t= 174.1 L1·A@-75 L2·A@-66 L3·A@-76 R1·A@-76 R2·A@-68 R3·A@-63 罐=无罐 泵=0 阀=111111 速=+0,+0,+0.00 电=8.06V/2.20A/峰3.01 补余=0.0 IO错=0 倾+0.0 自动2/3
[  272.330] TLM t= 174.6 L1·A@-75 L2·A@-65 L3·A@-76 R1·A@-76 R2·A@-68 R3·A@-63 罐=无罐 泵=0 阀=111111 速=+0,+0,+0.00 电=8.06V/2.12A/峰3.01 补余=0.0 IO错=0 倾+0.0 自动2/3
[  272.844] TLM t= 175.1 L1·A@-75 L2·A@-65 L3·A@-76 R1·A@-76 R2·A@-67 R3·A@-62 罐=无罐 泵=0 阀=111111 速=+0,+0,+0.00 电=8.06V/2.20A/峰3.01 补余=0.0 IO错=0 倾+0.0 自动2/3
[  273.353] TLM t= 175.6 L1·A@-75 L2·A@-65 L3·A@-76 R1·A@-76 R2·A@-67 R3·A@-62 罐=无罐 泵=0 阀=111111 速=+0,+0,+0.00 电=8.07V/2.20A/峰3.01 补余=0.0 IO错=0 倾+0.0 自动2/3
[  273.869] TLM t= 176.1 L1·A@-75 L2·A@-64 L3·A@-76 R1·A@-76 R2·A@-67 R3·A@-61 罐=无罐 泵=0 阀=111111 速=+0,+0,+0.00 电=8.06V/2.04A/峰3.01 补余=0.0 IO错=0 倾+0.0 自动2/3
[  274.373] TLM t= 176.6 L1·A@-75 L2·A@-64 L3·A@-76 R1·A@-76 R2·A@-66 R3·A@-61 罐=无罐 泵=0 阀=111111 速=+0,+0,+0.00 电=8.05V/2.12A/峰3.01 补余=0.0 IO错=0 倾+0.0 自动2/3
[  274.684] EVT 自动轮换：第 2 轮开始
[  274.701] EVT 原地抬起受理：R3
[  274.727] EVT 相位 R3 stance→handover
[  274.890] TLM t= 180.2 L1·A@-75 L2·A@-64 L3·A@-75 R1·A@-76 R2·A@-66 R3ZA@-60 罐=无罐 泵=0 阀=111111 速=+0,+0,+0.00 电=8.07V/2.12A/峰3.01 补余=0.0 IO错=0 倾+0.0 自动2/3
[  275.208] EVT 泵 开 最差盘压-60.0
[  275.395] TLM t= 180.6 L1·A@-74 L2·A@-63 L3·A@-75 R1·A@-76 R2·A@-66 R3ZA@-60 罐=无罐 泵=1 阀=111111 速=+0,+0,+0.00 电=8.04V/1.63A/峰3.01 补余=0.0 IO错=0 倾+0.0 自动2/3
[  275.913] TLM t= 180.6 L1·A@-74 L2·A@-74 L3·A@-75 R1·A@-76 R2·A@-73 R3ZA@-73 罐=无罐 泵=1 阀=111111 速=+0,+0,+0.00 电=8.01V/1.71A/峰3.01 补余=0.0 IO错=0 倾+0.0 自动2/3
[  276.068] EVT 泵 停 最差盘压-75.0
[  276.421] TLM t= 180.6 L1·A@-76 L2·A@-76 L3·A@-76 R1·A@-76 R2·A@-75 R3ZA@-76 罐=无罐 泵=0 阀=111111 速=+0,+0,+0.00 电=8.09V/1.71A/峰3.01 补余=0.0 IO错=0 倾+0.0 自动2/3
[  276.910] EVT 吸附 R3 attached→venting 在态106.28s -74.9kPa
[  276.910] EVT 相位 R3 handover→vent 落点Δ(+0.0,+0.0)
[  276.928] EVT 阀 R3 →排气位
[  276.936] TLM t= 180.6 L1·A@-76 L2·A@-75 L3·A@-76 R1·A@-76 R2·A@-75 R3Vv@-75 罐=无罐 泵=0 阀=111110 速=+0,+0,+0.00 电=8.08V/1.63A/峰3.01 补余=0.0 IO错=0 倾+0.0 自动2/3
[  277.211] EVT 相位 R3 vent→lift
[  277.313] EVT 吸附 R3 venting→released 在态0.40s 0.2kPa
[  277.460] TLM t= 180.6 L1·A@-76 L2·A@-75 L3·A@-76 R1·A@-75 R2·A@-74 R3Lr@-- 罐=无罐 泵=0 阀=111110 速=+0,+0,+0.00 电=8.07V/1.87A/峰3.01 补余=0.0 IO错=0 倾+0.0 自动2/3
[  277.982] TLM t= 180.6 L1·A@-75 L2·A@-74 L3·A@-76 R1·A@-75 R2·A@-74 R3Lr@-- 罐=无罐 泵=0 阀=111110 速=+0,+0,+0.00 电=8.06V/2.20A/峰3.01 补余=0.0 IO错=0 倾+0.0 自动2/3
[  278.053] EVT 相位 R3 lift→transfer
[  278.481] TLM t= 180.6 L1·A@-75 L2·A@-74 L3·A@-76 R1·A@-75 R2·A@-74 R3Tr@-- 罐=无罐 泵=0 阀=111110 速=+0,+0,+0.00 电=8.08V/2.20A/峰3.01 补余=0.0 IO错=0 倾+0.0 自动2/3
[  278.673] EVT 相位 R3 transfer→hover
[  279.004] TLM t= 180.6 L1·A@-75 L2·A@-74 L3·A@-75 R1·A@-75 R2·A@-73 R3Hr@-- 罐=无罐 泵=0 阀=111110 速=+0,+0,+0.00 电=8.08V/1.79A/峰3.01 补余=0.0 IO错=0 倾+0.0 自动2/3
[  279.506] TLM t= 180.6 L1·A@-75 L2·A@-73 L3·A@-75 R1·A@-75 R2·A@-73 R3Hr@-- 罐=无罐 泵=0 阀=111110 速=+0,+0,+0.00 电=8.05V/1.95A/峰3.01 补余=0.0 IO错=0 倾+0.0 自动2/3
[  279.679] EVT 落地：R3
[  279.696] EVT 相位 R3 hover→descend
[  280.026] TLM t= 180.6 L1·A@-75 L2·A@-73 L3·A@-75 R1·A@-75 R2·A@-72 R3Dr@-- 罐=无罐 泵=0 阀=111110 速=+0,+0,+0.00 电=8.06V/1.95A/峰3.01 补余=0.0 IO错=0 倾+0.0 自动2/3
[  280.178] EVT 相位 R3 descend→press
[  280.530] TLM t= 180.6 L1·A@-75 L2·A@-72 L3·A@-75 R1·A@-75 R2·A@-72 R3Pr@-- 罐=无罐 泵=0 阀=111110 速=+0,+0,+0.00 电=8.06V/2.12A/峰3.01 补余=0.0 IO错=0 倾+0.0 自动2/3
[  281.052] TLM t= 180.6 L1·A@-75 L2·A@-72 L3·A@-75 R1·A@-75 R2·A@-72 R3Pr@-- 罐=无罐 泵=0 阀=111110 速=+0,+0,+0.00 电=8.06V/1.87A/峰3.01 补余=0.0 IO错=0 倾+0.0 自动2/3
[  281.381] EVT 吸附 R3 released→pressing 在态4.06s 0.2kPa
[  281.381] EVT 相位 R3 press→wait
[  281.555] TLM t= 180.6 L1·A@-75 L2·A@-72 L3·A@-75 R1·A@-75 R2·A@-71 R3Wp@-- 罐=无罐 泵=0 阀=111110 速=+0,+0,+0.00 电=8.05V/1.95A/峰3.01 补余=0.0 IO错=0 倾+0.0 自动2/3
[  281.682] EVT 吸附 R3 pressing→sucking 在态0.30s 0.2kPa
[  281.682] EVT 阀 R3 →抽气位
[  281.707] EVT 泵 开 最差盘压-71.2
[  282.025] EVT 吸附 R3 sucking→attached 在态0.34s -63.8kPa
[  282.026] EVT 相位 R3 wait→stance
[  282.026] EVT 抬落完成，轮到 L1
[  282.076] TLM t= 180.6 L1·A@-75 L2·A@-71 L3·A@-75 R1·A@-75 R2·A@-71 R3·A@-67 罐=无罐 泵=1 阀=111111 速=+0,+0,+0.00 电=8.00V/1.95A/峰3.01 补余=0.0 IO错=0 倾+0.0 自动2/3
[  282.508] EVT 泵 停 最差盘压-75.1
[  282.577] TLM t= 181.1 L1·A@-76 L2·A@-76 L3·A@-76 R1·A@-75 R2·A@-76 R3·A@-76 罐=无罐 泵=0 阀=111111 速=+0,+0,+0.00 电=8.06V/2.12A/峰3.01 补余=0.0 IO错=0 倾+0.0 自动2/3
[  283.103] TLM t= 181.7 L1·A@-76 L2·A@-76 L3·A@-76 R1·A@-75 R2·A@-75 R3·A@-75 罐=无罐 泵=0 阀=111111 速=+0,+0,+0.00 电=8.07V/1.87A/峰3.01 补余=0.0 IO错=0 倾+0.0 自动2/3
[  283.606] TLM t= 182.2 L1·A@-76 L2·A@-75 L3·A@-76 R1·A@-75 R2·A@-75 R3·A@-75 罐=无罐 泵=0 阀=111111 速=+0,+0,+0.00 电=8.09V/1.95A/峰3.01 补余=0.0 IO错=0 倾+0.0 自动2/3
[  284.125] TLM t= 182.7 L1·A@-76 L2·A@-75 L3·A@-76 R1·A@-75 R2·A@-74 R3·A@-74 罐=无罐 泵=0 阀=111111 速=+0,+0,+0.00 电=8.08V/1.95A/峰3.01 补余=0.0 IO错=0 倾+0.0 自动2/3
[  284.644] TLM t= 183.2 L1·A@-76 L2·A@-74 L3·A@-76 R1·A@-75 R2·A@-74 R3·A@-74 罐=无罐 泵=0 阀=111111 速=+0,+0,+0.00 电=8.06V/1.95A/峰3.01 补余=0.0 IO错=0 倾+0.0 自动2/3
[  285.152] TLM t= 183.7 L1·A@-75 L2·A@-74 L3·A@-76 R1·A@-75 R2·A@-74 R3·A@-73 罐=无罐 泵=0 阀=111111 速=+0,+0,+0.00 电=8.05V/1.95A/峰3.01 补余=0.0 IO错=0 倾+0.0 自动2/3
[  285.656] TLM t= 184.2 L1·A@-75 L2·A@-74 L3·A@-76 R1·A@-75 R2·A@-73 R3·A@-72 罐=无罐 泵=0 阀=111111 速=+0,+0,+0.00 电=8.07V/1.95A/峰3.01 补余=0.0 IO错=0 倾+0.0 自动2/3
[  286.180] TLM t= 184.7 L1·A@-75 L2·A@-73 L3·A@-76 R1·A@-75 R2·A@-73 R3·A@-72 罐=无罐 泵=0 阀=111111 速=+0,+0,+0.00 电=8.07V/2.12A/峰3.01 补余=0.0 IO错=0 倾+0.0 自动2/3
[  286.682] TLM t= 185.2 L1·A@-75 L2·A@-73 L3·A@-75 R1·A@-75 R2·A@-72 R3·A@-71 罐=无罐 泵=0 阀=111111 速=+0,+0,+0.00 电=8.06V/1.87A/峰3.01 补余=0.0 IO错=0 倾+0.0 自动2/3
[  287.203] TLM t= 185.7 L1·A@-75 L2·A@-72 L3·A@-75 R1·A@-75 R2·A@-72 R3·A@-71 罐=无罐 泵=0 阀=111111 速=+0,+0,+0.00 电=8.08V/2.12A/峰3.01 补余=0.0 IO错=0 倾+0.0 自动2/3
[  287.705] TLM t= 186.2 L1·A@-75 L2·A@-72 L3·A@-75 R1·A@-75 R2·A@-72 R3·A@-70 罐=无罐 泵=0 阀=111111 速=+0,+0,+0.00 电=8.08V/1.87A/峰3.01 补余=0.0 IO错=0 倾+0.0 自动2/3
[  288.227] TLM t= 186.8 L1·A@-75 L2·A@-72 L3·A@-75 R1·A@-75 R2·A@-71 R3·A@-70 罐=无罐 泵=0 阀=111111 速=+0,+0,+0.00 电=8.06V/1.95A/峰3.01 补余=0.0 IO错=0 倾+0.0 自动2/3
[  288.731] TLM t= 187.3 L1·A@-75 L2·A@-71 L3·A@-75 R1·A@-75 R2·A@-71 R3·A@-69 罐=无罐 泵=0 阀=111111 速=+0,+0,+0.00 电=8.06V/1.95A/峰3.01 补余=0.0 IO错=0 倾+0.0 自动2/3
[  289.254] TLM t= 187.8 L1·A@-75 L2·A@-71 L3·A@-75 R1·A@-75 R2·A@-71 R3·A@-68 罐=无罐 泵=0 阀=111111 速=+0,+0,+0.00 电=8.08V/1.95A/峰3.01 补余=0.0 IO错=0 倾+0.0 自动2/3
[  289.757] TLM t= 188.3 L1·A@-75 L2·A@-70 L3·A@-75 R1·A@-75 R2·A@-70 R3·A@-68 罐=无罐 泵=0 阀=111111 速=+0,+0,+0.00 电=8.07V/2.04A/峰3.01 补余=0.0 IO错=0 倾+0.0 自动2/3
[  290.278] TLM t= 188.8 L1·A@-74 L2·A@-70 L3·A@-75 R1·A@-75 R2·A@-70 R3·A@-67 罐=无罐 泵=0 阀=111111 速=+0,+0,+0.00 电=8.07V/2.12A/峰3.01 补余=0.0 IO错=0 倾+0.0 自动2/3
[  290.783] TLM t= 189.3 L1·A@-74 L2·A@-70 L3·A@-75 R1·A@-75 R2·A@-70 R3·A@-67 罐=无罐 泵=0 阀=111111 速=+0,+0,+0.00 电=8.08V/1.95A/峰3.01 补余=0.0 IO错=0 倾+0.0 自动2/3
[  291.307] TLM t= 189.8 L1·A@-74 L2·A@-69 L3·A@-75 R1·A@-75 R2·A@-69 R3·A@-66 罐=无罐 泵=0 阀=111111 速=+0,+0,+0.00 电=8.06V/1.87A/峰3.01 补余=0.0 IO错=0 倾+0.0 自动2/3
[  291.809] TLM t= 190.3 L1·A@-74 L2·A@-69 L3·A@-75 R1·A@-74 R2·A@-69 R3·A@-66 罐=无罐 泵=0 阀=111111 速=+0,+0,+0.00 电=8.05V/1.95A/峰3.01 补余=0.0 IO错=0 倾+0.0 自动2/3
[  292.054] EVT 原地抬起受理：L1
[  292.082] EVT 相位 L1 stance→handover
[  292.332] TLM t= 191.7 L1ZA@-74 L2·A@-68 L3·A@-75 R1·A@-74 R2·A@-69 R3·A@-65 罐=无罐 泵=0 阀=111111 速=+0,+0,+0.00 电=8.05V/1.71A/峰3.01 补余=0.0 IO错=0 倾+0.0 自动2/3
[  292.835] TLM t= 192.0 L1ZA@-74 L2·A@-68 L3·A@-75 R1·A@-74 R2·A@-68 R3·A@-65 罐=无罐 泵=0 阀=111111 速=+0,+0,+0.00 电=8.08V/1.47A/峰3.01 补余=0.0 IO错=0 倾+0.0 自动2/3
[  293.356] TLM t= 192.0 L1ZA@-74 L2·A@-68 L3·A@-75 R1·A@-74 R2·A@-68 R3·A@-64 罐=无罐 泵=0 阀=111111 速=+0,+0,+0.00 电=8.09V/1.71A/峰3.01 补余=0.0 IO错=0 倾+0.0 自动2/3
[  293.858] TLM t= 192.0 L1ZA@-74 L2·A@-67 L3·A@-75 R1·A@-74 R2·A@-68 R3·A@-63 罐=无罐 泵=0 阀=111111 速=+0,+0,+0.00 电=8.06V/1.79A/峰3.01 补余=0.0 IO错=0 倾+0.0 自动2/3
[  294.382] TLM t= 192.0 L1ZA@-74 L2·A@-67 L3·A@-75 R1·A@-74 R2·A@-67 R3·A@-63 罐=无罐 泵=0 阀=111111 速=+0,+0,+0.00 电=8.06V/2.04A/峰3.01 补余=0.0 IO错=0 倾+0.0 自动2/3
[  294.883] TLM t= 192.0 L1ZA@-74 L2·A@-66 L3·A@-74 R1·A@-74 R2·A@-67 R3·A@-62 罐=无罐 泵=0 阀=111111 速=+0,+0,+0.00 电=8.07V/2.20A/峰3.01 补余=0.0 IO错=0 倾+0.0 自动2/3
[  295.177] EVT 吸附 L1 attached→venting 在态106.30s -73.6kPa
[  295.177] EVT 相位 L1 handover→vent 落点Δ(+0.0,+0.0)
[  295.190] EVT 阀 L1 →排气位
[  295.409] TLM t= 192.0 L1Vv@-74 L2·A@-66 L3·A@-75 R1·A@-74 R2·A@-67 R3·A@-62 罐=无罐 泵=0 阀=011111 速=+0,+0,+0.00 电=8.02V/2.28A/峰3.01 补余=0.0 IO错=0 倾+0.0 自动2/3
[  295.482] EVT 相位 L1 vent→lift
[  295.604] EVT 吸附 L1 venting→released 在态0.42s 0.0kPa
[  295.914] TLM t= 192.0 L1Lr@-- L2·A@-66 L3·A@-74 R1·A@-74 R2·A@-66 R3·A@-61 罐=无罐 泵=0 阀=011111 速=+0,+0,+0.00 电=8.03V/2.52A/峰3.01 补余=0.0 IO错=0 倾+0.0 自动2/3
[  296.324] EVT 相位 L1 lift→transfer
[  296.433] TLM t= 192.0 L1Tr@-- L2·A@-65 L3·A@-74 R1·A@-74 R2·A@-66 R3·A@-61 罐=无罐 泵=0 阀=011111 速=+0,+0,+0.00 电=8.03V/2.44A/峰3.01 补余=0.0 IO错=0 倾+0.0 自动2/3
[  296.941] EVT 相位 L1 transfer→hover
[  296.955] TLM t= 192.0 L1Hr@-- L2·A@-65 L3·A@-74 R1·A@-74 R2·A@-66 R3·A@-60 罐=无罐 泵=0 阀=011111 速=+0,+0,+0.00 电=8.01V/2.69A/峰3.01 补余=0.0 IO错=0 倾+0.0 自动2/3
[  297.149] EVT 泵 开 最差盘压-59.9
[  297.459] TLM t= 192.0 L1Hr@-- L2·A@-65 L3·A@-74 R1·A@-74 R2·A@-65 R3·A@-63 罐=无罐 泵=1 阀=011111 速=+0,+0,+0.00 电=8.00V/2.28A/峰3.01 补余=0.0 IO错=0 倾+0.0 自动2/3
[  297.951] EVT 落地：L1
[  297.962] TLM t= 192.0 L1Dr@-- L2·A@-75 L3·A@-75 R1·A@-74 R2·A@-75 R3·A@-74 罐=无罐 泵=1 阀=011111 速=+0,+0,+0.00 电=7.96V/2.60A/峰3.01 补余=0.0 IO错=0 倾+0.0 自动2/3
[  297.966] EVT 相位 L1 hover→descend
[  298.174] EVT 泵 停 最差盘压-75.7
[  298.447] EVT 相位 L1 descend→press
[  298.483] TLM t= 192.0 L1Pr@-- L2·A@-77 L3·A@-77 R1·A@-76 R2·A@-76 R3·A@-76 罐=无罐 泵=0 阀=011111 速=+0,+0,+0.00 电=8.01V/2.52A/峰3.01 补余=0.0 IO错=0 倾+0.0 自动2/3
[  298.985] TLM t= 192.0 L1Pr@-- L2·A@-76 L3·A@-77 R1·A@-76 R2·A@-76 R3·A@-76 罐=无罐 泵=0 阀=011111 速=+0,+0,+0.00 电=8.04V/2.28A/峰3.01 补余=0.0 IO错=0 倾+0.0 自动2/3
[  299.507] TLM t= 192.0 L1Pr@-- L2·A@-76 L3·A@-77 R1·A@-76 R2·A@-75 R3·A@-75 罐=无罐 泵=0 阀=011111 速=+0,+0,+0.00 电=8.03V/2.44A/峰3.01 补余=0.0 IO错=0 倾+0.0 自动2/3
[  299.652] EVT 吸附 L1 released→pressing 在态4.04s 0.0kPa
[  299.653] EVT 相位 L1 press→wait
[  299.953] EVT 吸附 L1 pressing→sucking 在态0.30s 0.0kPa
[  299.953] EVT 阀 L1 →抽气位
[  299.981] EVT 泵 开 最差盘压-74.8
[  300.010] TLM t= 192.0 L1Ws@-1 L2·A@-76 L3·A@-76 R1·A@-76 R2·A@-75 R3·A@-75 罐=无罐 泵=1 阀=111111 速=+0,+0,+0.00 电=7.93V/2.36A/峰3.01 补余=0.0 IO错=0 倾+0.0 自动2/3
[  300.354] EVT 吸附 L1 sucking→attached 在态0.40s -67.0kPa
[  300.362] EVT 相位 L1 wait→stance
[  300.362] EVT 抬落完成，轮到 R2
[  300.531] TLM t= 192.2 L1·A@-73 L2·A@-75 L3·A@-76 R1·A@-76 R2·A@-75 R3·A@-74 罐=无罐 泵=1 阀=111111 速=+0,+0,+0.00 电=8.01V/2.20A/峰3.01 补余=0.0 IO错=0 倾+0.0 自动2/3
[  300.707] EVT 泵 停 最差盘压-75.0
[  301.036] TLM t= 192.7 L1·A@-76 L2·A@-76 L3·A@-76 R1·A@-76 R2·A@-76 R3·A@-76 罐=无罐 泵=0 阀=111111 速=+0,+0,+0.00 电=8.05V/2.20A/峰3.01 补余=0.0 IO错=0 倾+0.0 自动2/3
[  301.558] TLM t= 193.2 L1·A@-76 L2·A@-76 L3·A@-76 R1·A@-76 R2·A@-75 R3·A@-75 罐=无罐 泵=0 阀=111111 速=+0,+0,+0.00 电=8.06V/2.20A/峰3.01 补余=0.0 IO错=0 倾+0.0 自动2/3
[  302.062] TLM t= 193.7 L1·A@-76 L2·A@-75 L3·A@-76 R1·A@-76 R2·A@-75 R3·A@-75 罐=无罐 泵=0 阀=111111 速=+0,+0,+0.00 电=8.03V/2.20A/峰3.01 补余=0.0 IO错=0 倾+0.0 自动2/3
[  302.582] TLM t= 194.2 L1·A@-75 L2·A@-75 L3·A@-76 R1·A@-76 R2·A@-74 R3·A@-74 罐=无罐 泵=0 阀=111111 速=+0,+0,+0.00 电=8.05V/2.28A/峰3.01 补余=0.0 IO错=0 倾+0.0 自动2/3
[  303.087] TLM t= 194.7 L1·A@-75 L2·A@-74 L3·A@-76 R1·A@-76 R2·A@-74 R3·A@-74 罐=无罐 泵=0 阀=111111 速=+0,+0,+0.00 电=8.03V/2.36A/峰3.01 补余=0.0 IO错=0 倾+0.0 自动2/3
[  303.607] TLM t= 195.2 L1·A@-75 L2·A@-74 L3·A@-76 R1·A@-76 R2·A@-74 R3·A@-73 罐=无罐 泵=0 阀=111111 速=+0,+0,+0.00 电=8.05V/2.12A/峰3.01 补余=0.0 IO错=0 倾+0.0 自动2/3
[  304.110] TLM t= 195.7 L1·A@-75 L2·A@-74 L3·A@-76 R1·A@-76 R2·A@-73 R3·A@-72 罐=无罐 泵=0 阀=111111 速=+0,+0,+0.00 电=8.03V/2.04A/峰3.01 补余=0.0 IO错=0 倾+0.0 自动2/3
[  304.632] TLM t= 196.2 L1·A@-75 L2·A@-73 L3·A@-76 R1·A@-76 R2·A@-73 R3·A@-72 罐=无罐 泵=0 阀=111111 速=+0,+0,+0.00 电=8.06V/2.28A/峰3.01 补余=0.0 IO错=0 倾+0.0 自动2/3
[  305.133] TLM t= 196.7 L1·A@-75 L2·A@-73 L3·A@-76 R1·A@-76 R2·A@-73 R3·A@-71 罐=无罐 泵=0 阀=111111 速=+0,+0,+0.00 电=8.06V/2.28A/峰3.01 补余=0.0 IO错=0 倾+0.0 自动2/3
[  305.656] TLM t= 197.3 L1·A@-75 L2·A@-72 L3·A@-76 R1·A@-76 R2·A@-72 R3·A@-71 罐=无罐 泵=0 阀=111111 速=+0,+0,+0.00 电=8.04V/2.20A/峰3.01 补余=0.0 IO错=0 倾+0.0 自动2/3
[  306.161] TLM t= 197.8 L1·A@-74 L2·A@-72 L3·A@-75 R1·A@-75 R2·A@-72 R3·A@-70 罐=无罐 泵=0 阀=111111 速=+0,+0,+0.00 电=8.05V/2.12A/峰3.01 补余=0.0 IO错=0 倾+0.0 自动2/3
[  306.680] TLM t= 198.3 L1·A@-74 L2·A@-72 L3·A@-75 R1·A@-75 R2·A@-72 R3·A@-70 罐=无罐 泵=0 阀=111111 速=+0,+0,+0.00 电=8.05V/2.20A/峰3.01 补余=0.0 IO错=0 倾+0.0 自动2/3
[  307.199] TLM t= 198.8 L1·A@-74 L2·A@-71 L3·A@-75 R1·A@-75 R2·A@-71 R3·A@-69 罐=无罐 泵=0 阀=111111 速=+0,+0,+0.00 电=8.05V/2.20A/峰3.01 补余=0.0 IO错=0 倾+0.0 自动2/3
[  307.704] TLM t= 199.3 L1·A@-74 L2·A@-71 L3·A@-75 R1·A@-75 R2·A@-71 R3·A@-69 罐=无罐 泵=0 阀=111111 速=+0,+0,+0.00 电=8.05V/2.12A/峰3.01 补余=0.0 IO错=0 倾+0.0 自动2/3
[  308.228] TLM t= 199.8 L1·A@-74 L2·A@-70 L3·A@-75 R1·A@-75 R2·A@-70 R3·A@-68 罐=无罐 泵=0 阀=111111 速=+0,+0,+0.00 电=8.05V/2.12A/峰3.01 补余=0.0 IO错=0 倾+0.0 自动2/3
[  308.730] TLM t= 200.3 L1·A@-74 L2·A@-70 L3·A@-75 R1·A@-75 R2·A@-70 R3·A@-67 罐=无罐 泵=0 阀=111111 速=+0,+0,+0.00 电=8.05V/2.12A/峰3.01 补余=0.0 IO错=0 倾+0.0 自动2/3
[  309.253] TLM t= 200.8 L1·A@-74 L2·A@-70 L3·A@-75 R1·A@-75 R2·A@-70 R3·A@-67 罐=无罐 泵=0 阀=111111 速=+0,+0,+0.00 电=8.05V/2.20A/峰3.01 补余=0.0 IO错=0 倾+0.0 自动2/3
[  309.756] TLM t= 201.3 L1·A@-74 L2·A@-69 L3·A@-75 R1·A@-75 R2·A@-69 R3·A@-66 罐=无罐 泵=0 阀=111111 速=+0,+0,+0.00 电=8.06V/2.28A/峰3.01 补余=0.0 IO错=0 倾+0.0 自动2/3
[  310.278] TLM t= 201.8 L1·A@-73 L2·A@-69 L3·A@-75 R1·A@-75 R2·A@-69 R3·A@-66 罐=无罐 泵=0 阀=111111 速=+0,+0,+0.00 电=8.05V/2.20A/峰3.01 补余=0.0 IO错=0 倾+0.0 自动2/3
[  310.391] EVT 原地抬起受理：R2
[  310.411] EVT 相位 R2 stance→handover
[  310.781] TLM t= 203.2 L1·A@-73 L2·A@-69 L3·A@-75 R1·A@-75 R2ZA@-69 R3·A@-65 罐=无罐 泵=0 阀=111111 速=+0,+0,+0.00 电=8.04V/2.20A/峰3.01 补余=0.0 IO错=0 倾+0.0 自动2/3
[  311.305] TLM t= 203.4 L1·A@-73 L2·A@-68 L3·A@-75 R1·A@-75 R2ZA@-68 R3·A@-65 罐=无罐 泵=0 阀=111111 速=+0,+0,+0.00 电=8.06V/2.04A/峰3.01 补余=0.0 IO错=0 倾+0.0 自动2/3
[  311.804] TLM t= 203.4 L1·A@-73 L2·A@-68 L3·A@-75 R1·A@-75 R2ZA@-68 R3·A@-64 罐=无罐 泵=0 阀=111111 速=+0,+0,+0.00 电=8.04V/2.04A/峰3.01 补余=0.0 IO错=0 倾+0.0 自动2/3
[  312.333] TLM t= 203.4 L1·A@-73 L2·A@-67 L3·A@-74 R1·A@-75 R2ZA@-68 R3·A@-64 罐=无罐 泵=0 阀=111111 速=+0,+0,+0.00 电=8.05V/2.12A/峰3.01 补余=0.0 IO错=0 倾+0.0 自动2/3
[  312.594] EVT 吸附 R2 attached→venting 在态106.38s -67.4kPa
[  312.594] EVT 相位 R2 handover→vent 落点Δ(+0.0,+0.0)
[  312.622] EVT 阀 R2 →排气位
[  312.843] TLM t= 203.4 L1·A@-73 L2·A@-67 L3·A@-74 R1·A@-75 R2Vv@-67 R3·A@-63 罐=无罐 泵=0 阀=111101 速=+0,+0,+0.00 电=8.06V/2.04A/峰3.01 补余=0.0 IO错=0 倾+0.0 自动2/3
[  312.895] EVT 相位 R2 vent→lift
[  313.018] EVT 吸附 R2 venting→released 在态0.42s -0.0kPa
[  313.354] TLM t= 203.4 L1·A@-73 L2·A@-67 L3·A@-74 R1·A@-75 R2Lr@-- R3·A@-63 罐=无罐 泵=0 阀=111101 速=+0,+0,+0.00 电=8.03V/2.44A/峰3.01 补余=0.0 IO错=0 倾+0.0 自动2/3
[  313.738] EVT 相位 R2 lift→transfer
[  313.867] TLM t= 203.4 L1·A@-73 L2·A@-66 L3·A@-74 R1·A@-75 R2Tr@-- R3·A@-62 罐=无罐 泵=0 阀=111101 速=+0,+0,+0.00 电=8.00V/2.36A/峰3.01 补余=0.0 IO错=0 倾+0.0 自动2/3
[  314.367] EVT 相位 R2 transfer→hover
[  314.373] TLM t= 203.4 L1·A@-72 L2·A@-66 L3·A@-74 R1·A@-75 R2Hr@-- R3·A@-62 罐=无罐 泵=0 阀=111101 速=+0,+0,+0.00 电=8.01V/2.93A/峰3.01 补余=0.0 IO错=0 倾+0.0 自动2/3
[  314.891] TLM t= 203.4 L1·A@-72 L2·A@-65 L3·A@-74 R1·A@-75 R2Hr@-- R3·A@-61 罐=无罐 泵=0 阀=111101 速=+0,+0,+0.00 电=8.04V/2.04A/峰3.01 补余=0.0 IO错=0 倾+0.0 自动2/3
[  315.390] EVT 落地：R2
[  315.398] TLM t= 203.4 L1·A@-72 L2·A@-65 L3·A@-74 R1·A@-75 R2Dr@-- R3·A@-60 罐=无罐 泵=0 阀=111101 速=+0,+0,+0.00 电=8.04V/2.28A/峰3.01 补余=0.0 IO错=0 倾+0.0 自动2/3
[  315.407] EVT 相位 R2 hover→descend
[  315.871] EVT 泵 开 最差盘压-59.9
[  315.889] EVT 相位 R2 descend→press
[  315.912] TLM t= 203.4 L1·A@-72 L2·A@-65 L3·A@-74 R1·A@-75 R2Pr@-- R3·A@-60 罐=无罐 泵=1 阀=111101 速=+0,+0,+0.00 电=7.95V/2.20A/峰3.01 补余=0.0 IO错=0 倾+0.0 自动2/3
[  316.426] TLM t= 203.4 L1·A@-72 L2·A@-71 L3·A@-74 R1·A@-75 R2Pr@-- R3·A@-71 罐=无罐 泵=1 阀=111101 速=+0,+0,+0.00 电=7.98V/2.28A/峰3.01 补余=0.0 IO错=0 倾+0.0 自动2/3
[  316.913] EVT 泵 停 最差盘压-75.4
[  316.924] TLM t= 203.4 L1·A@-77 L2·A@-77 L3·A@-77 R1·A@-75 R2Pr@-- R3·A@-77 罐=无罐 泵=0 阀=111101 速=+0,+0,+0.00 电=8.02V/2.20A/峰3.01 补余=0.0 IO错=0 倾+0.0 自动2/3
[  317.093] EVT 吸附 R2 released→pressing 在态4.06s -0.0kPa
[  317.094] EVT 相位 R2 press→wait
[  317.409] EVT 吸附 R2 pressing→sucking 在态0.32s -0.0kPa
[  317.409] EVT 阀 R2 →抽气位
[  317.437] EVT 泵 开 最差盘压-76.3
[  317.447] TLM t= 203.4 L1·A@-77 L2·A@-77 L3·A@-77 R1·A@-76 R2Ws@-31 R3·A@-77 罐=无罐 泵=1 阀=111111 速=+0,+0,+0.00 电=7.89V/2.20A/峰3.01 补余=0.0 IO错=0 倾+0.0 自动2/3
[  317.650] EVT 吸附 R2 sucking→attached 在态0.24s -68.8kPa
[  317.650] EVT 相位 R2 wait→stance
[  317.650] EVT 抬落完成，轮到 L3
[  317.948] TLM t= 203.7 L1·A@-77 L2·A@-77 L3·A@-77 R1·A@-76 R2·A@-72 R3·A@-76 罐=无罐 泵=1 阀=111111 速=+0,+0,+0.00 电=8.03V/2.36A/峰3.01 补余=0.0 IO错=0 倾+0.0 自动2/3
[  318.104] EVT 泵 停 最差盘压-75.1
[  318.473] TLM t= 204.2 L1·A@-77 L2·A@-76 L3·A@-77 R1·A@-76 R2·A@-74 R3·A@-75 罐=无罐 泵=0 阀=111111 速=+0,+0,+0.00 电=8.03V/2.36A/峰3.01 补余=0.0 IO错=0 倾+0.0 自动2/3
[  318.976] TLM t= 204.7 L1·A@-77 L2·A@-76 L3·A@-77 R1·A@-76 R2·A@-73 R3·A@-75 罐=无罐 泵=0 阀=111111 速=+0,+0,+0.00 电=8.04V/2.36A/峰3.01 补余=0.0 IO错=0 倾+0.0 自动2/3
[  319.499] TLM t= 205.2 L1·A@-77 L2·A@-75 L3·A@-77 R1·A@-76 R2·A@-73 R3·A@-74 罐=无罐 泵=0 阀=111111 速=+0,+0,+0.00 电=8.04V/2.20A/峰3.01 补余=0.0 IO错=0 倾+0.0 自动2/3
[  319.999] TLM t= 205.7 L1·A@-76 L2·A@-75 L3·A@-77 R1·A@-76 R2·A@-72 R3·A@-73 罐=无罐 泵=0 阀=111111 速=+0,+0,+0.00 电=8.02V/2.20A/峰3.01 补余=0.0 IO错=0 倾+0.0 自动2/3
[  320.522] TLM t= 206.2 L1·A@-76 L2·A@-74 L3·A@-77 R1·A@-76 R2·A@-72 R3·A@-73 罐=无罐 泵=0 阀=111111 速=+0,+0,+0.00 电=8.02V/2.28A/峰3.01 补余=0.0 IO错=0 倾+0.0 自动2/3
[  321.025] TLM t= 206.7 L1·A@-76 L2·A@-74 L3·A@-76 R1·A@-76 R2·A@-72 R3·A@-72 罐=无罐 泵=0 阀=111111 速=+0,+0,+0.00 电=8.03V/2.28A/峰3.01 补余=0.0 IO错=0 倾+0.0 自动2/3
[  321.547] TLM t= 207.3 L1·A@-76 L2·A@-73 L3·A@-76 R1·A@-76 R2·A@-71 R3·A@-72 罐=无罐 泵=0 阀=111111 速=+0,+0,+0.00 电=8.03V/2.28A/峰3.01 补余=0.0 IO错=0 倾+0.0 自动2/3
[  322.050] TLM t= 207.8 L1·A@-76 L2·A@-73 L3·A@-76 R1·A@-76 R2·A@-71 R3·A@-71 罐=无罐 泵=0 阀=111111 速=+0,+0,+0.00 电=8.06V/2.20A/峰3.01 补余=0.0 IO错=0 倾+0.0 自动2/3
[  322.573] TLM t= 208.3 L1·A@-76 L2·A@-73 L3·A@-76 R1·A@-76 R2·A@-70 R3·A@-71 罐=无罐 泵=0 阀=111111 速=+0,+0,+0.00 电=8.04V/2.28A/峰3.01 补余=0.0 IO错=0 倾+0.0 自动2/3
[  323.074] TLM t= 208.8 L1·A@-76 L2·A@-72 L3·A@-76 R1·A@-76 R2·A@-70 R3·A@-70 罐=无罐 泵=0 阀=111111 速=+0,+0,+0.00 电=8.04V/2.36A/峰3.01 补余=0.0 IO错=0 倾+0.0 自动2/3
[  323.597] TLM t= 209.3 L1·A@-76 L2·A@-72 L3·A@-76 R1·A@-76 R2·A@-70 R3·A@-70 罐=无罐 泵=0 阀=111111 速=+0,+0,+0.00 电=8.02V/2.52A/峰3.01 补余=0.0 IO错=0 倾+0.0 自动2/3
[  324.100] TLM t= 209.8 L1·A@-75 L2·A@-72 L3·A@-76 R1·A@-76 R2·A@-69 R3·A@-69 罐=无罐 泵=0 阀=111111 速=+0,+0,+0.00 电=8.04V/2.20A/峰3.01 补余=0.0 IO错=0 倾+0.0 自动2/3
[  324.621] TLM t= 210.3 L1·A@-75 L2·A@-71 L3·A@-76 R1·A@-76 R2·A@-69 R3·A@-69 罐=无罐 泵=0 阀=111111 速=+0,+0,+0.00 电=8.04V/2.20A/峰3.01 补余=0.0 IO错=0 倾+0.0 自动2/3
[  325.124] TLM t= 210.8 L1·A@-75 L2·A@-71 L3·A@-76 R1·A@-76 R2·A@-69 R3·A@-68 罐=无罐 泵=0 阀=111111 速=+0,+0,+0.00 电=8.05V/2.28A/峰3.01 补余=0.0 IO错=0 倾+0.0 自动2/3
[  325.648] TLM t= 211.3 L1·A@-75 L2·A@-70 L3·A@-76 R1·A@-76 R2·A@-68 R3·A@-67 罐=无罐 泵=0 阀=111111 速=+0,+0,+0.00 电=8.02V/2.20A/峰3.01 补余=0.0 IO错=0 倾+0.0 自动2/3
[  326.146] TLM t= 211.8 L1·A@-75 L2·A@-70 L3·A@-76 R1·A@-76 R2·A@-68 R3·A@-67 罐=无罐 泵=0 阀=111111 速=+0,+0,+0.00 电=8.04V/2.12A/峰3.01 补余=0.0 IO错=0 倾+0.0 自动2/3
[  326.667] TLM t= 212.4 L1·A@-75 L2·A@-70 L3·A@-76 R1·A@-76 R2·A@-68 R3·A@-66 罐=无罐 泵=0 阀=111111 速=+0,+0,+0.00 电=8.04V/2.20A/峰3.01 补余=0.0 IO错=0 倾+0.0 自动2/3
[  327.172] TLM t= 212.9 L1·A@-75 L2·A@-69 L3·A@-76 R1·A@-75 R2·A@-67 R3·A@-66 罐=无罐 泵=0 阀=111111 速=+0,+0,+0.00 电=8.06V/2.28A/峰3.01 补余=0.0 IO错=0 倾+0.0 自动2/3
[  327.689] EVT 原地抬起受理：L3
[  327.699] TLM t= 213.4 L1·A@-75 L2·A@-69 L3·A@-76 R1·A@-75 R2·A@-67 R3·A@-65 罐=无罐 泵=0 阀=111111 速=+0,+0,+0.00 电=8.03V/2.28A/峰3.01 补余=0.0 IO错=0 倾+0.0 自动2/3
[  327.710] EVT 相位 L3 stance→handover
[  328.200] TLM t= 214.7 L1·A@-75 L2·A@-68 L3ZA@-76 R1·A@-75 R2·A@-67 R3·A@-65 罐=无罐 泵=0 阀=111111 速=+0,+0,+0.00 电=8.05V/2.04A/峰3.01 补余=0.0 IO错=0 倾+0.0 自动2/3
[  328.726] TLM t= 214.8 L1·A@-74 L2·A@-68 L3ZA@-76 R1·A@-75 R2·A@-66 R3·A@-64 罐=无罐 泵=0 阀=111111 速=+0,+0,+0.00 电=8.06V/1.87A/峰3.01 补余=0.0 IO错=0 倾+0.0 自动2/3
[  329.224] TLM t= 214.8 L1·A@-74 L2·A@-68 L3ZA@-76 R1·A@-75 R2·A@-66 R3·A@-64 罐=无罐 泵=0 阀=111111 速=+0,+0,+0.00 电=8.05V/1.87A/峰3.01 补余=0.0 IO错=0 倾+0.0 自动2/3
[  329.750] TLM t= 214.8 L1·A@-74 L2·A@-67 L3ZA@-75 R1·A@-75 R2·A@-65 R3·A@-63 罐=无罐 泵=0 阀=111111 速=+0,+0,+0.00 电=8.05V/1.79A/峰3.01 补余=0.0 IO错=0 倾+0.0 自动2/3
[  330.250] TLM t= 214.8 L1·A@-74 L2·A@-67 L3ZA@-75 R1·A@-75 R2·A@-65 R3·A@-63 罐=无罐 泵=0 阀=111111 速=+0,+0,+0.00 电=8.04V/2.04A/峰3.01 补余=0.0 IO错=0 倾+0.0 自动2/3
[  330.603] EVT 吸附 L3 attached→venting 在态106.38s -75.4kPa
[  330.604] EVT 相位 L3 handover→vent 落点Δ(+0.0,+0.0)
[  330.616] EVT 阀 L3 →排气位
[  330.771] TLM t= 214.8 L1·A@-74 L2·A@-66 L3Vv@-75 R1·A@-75 R2·A@-65 R3·A@-62 罐=无罐 泵=0 阀=110111 速=+0,+0,+0.00 电=8.05V/2.04A/峰3.01 补余=0.0 IO错=0 倾+0.0 自动2/3
[  330.905] EVT 相位 L3 vent→lift
[  331.040] EVT 吸附 L3 venting→released 在态0.44s 0.1kPa
[  331.275] TLM t= 214.8 L1·A@-74 L2·A@-66 L3Lr@-- R1·A@-75 R2·A@-65 R3·A@-61 罐=无罐 泵=0 阀=110111 速=+0,+0,+0.00 电=8.04V/2.12A/峰3.01 补余=0.0 IO错=0 倾+0.0 自动2/3
[  331.749] EVT 相位 L3 lift→transfer
[  331.796] TLM t= 214.8 L1·A@-74 L2·A@-66 L3Tr@-- R1·A@-75 R2·A@-64 R3·A@-61 罐=无罐 泵=0 阀=110111 速=+0,+0,+0.00 电=8.02V/2.36A/峰3.01 补余=0.0 IO错=0 倾+0.0 自动2/3
[  332.298] TLM t= 214.8 L1·A@-74 L2·A@-65 L3Tr@-- R1·A@-75 R2·A@-64 R3·A@-60 罐=无罐 泵=0 阀=110111 速=+0,+0,+0.00 电=8.04V/2.28A/峰3.01 补余=0.0 IO错=0 倾+0.0 自动2/3
[  332.364] EVT 相位 L3 transfer→hover
[  332.818] TLM t= 214.8 L1·A@-74 L2·A@-65 L3Hr@-- R1·A@-75 R2·A@-64 R3·A@-60 罐=无罐 泵=0 阀=110111 速=+0,+0,+0.00 电=8.05V/2.04A/峰3.01 补余=0.0 IO错=0 倾+0.0 自动2/3
[  332.833] EVT 泵 开 最差盘压-59.9
[  333.326] TLM t= 214.8 L1·A@-74 L2·A@-69 L3Hr@-- R1·A@-75 R2·A@-69 R3·A@-69 罐=无罐 泵=1 阀=110111 速=+0,+0,+0.00 电=8.01V/2.04A/峰3.01 补余=0.0 IO错=0 倾+0.0 自动2/3
[  333.365] EVT 落地：L3
[  333.377] EVT 相位 L3 hover→descend
[  333.832] TLM t= 214.8 L1·A@-76 L2·A@-77 L3Dr@-- R1·A@-75 R2·A@-77 R3·A@-76 罐=无罐 泵=1 阀=110111 速=+0,+0,+0.00 电=7.97V/2.12A/峰3.01 补余=0.0 IO错=0 倾+0.0 自动2/3
[  333.859] EVT 相位 L3 descend→press
[  333.906] EVT 泵 停 最差盘压-75.9
[  334.337] TLM t= 214.8 L1·A@-77 L2·A@-77 L3Pr@-- R1·A@-76 R2·A@-77 R3·A@-77 罐=无罐 泵=0 阀=110111 速=+0,+0,+0.00 电=8.03V/1.95A/峰3.01 补余=0.0 IO错=0 倾+0.0 自动2/3
[  334.863] TLM t= 214.8 L1·A@-77 L2·A@-77 L3Pr@-- R1·A@-76 R2·A@-76 R3·A@-76 罐=无罐 泵=0 阀=110111 速=+0,+0,+0.00 电=8.02V/2.20A/峰3.01 补余=0.0 IO错=0 倾+0.0 自动2/3
[  335.065] EVT 吸附 L3 released→pressing 在态4.00s 0.1kPa
[  335.066] EVT 相位 L3 press→wait
[  335.363] TLM t= 214.8 L1·A@-77 L2·A@-76 L3Wp@-- R1·A@-76 R2·A@-76 R3·A@-75 罐=无罐 泵=0 阀=110111 速=+0,+0,+0.00 电=8.03V/1.95A/峰3.01 补余=0.0 IO错=0 倾+0.0 自动2/3
[  335.394] EVT 吸附 L3 pressing→sucking 在态0.32s 0.1kPa
[  335.394] EVT 阀 L3 →抽气位
[  335.417] EVT 泵 开 最差盘压-75.5
[  335.692] EVT 吸附 L3 sucking→attached 在态0.30s -55.5kPa
[  335.695] EVT 相位 L3 wait→stance
[  335.695] EVT 抬落完成，轮到 R1
[  335.884] TLM t= 215.0 L1·A@-77 L2·A@-76 L3·A@-68 R1·A@-76 R2·A@-75 R3·A@-75 罐=无罐 泵=1 阀=111111 速=+0,+0,+0.00 电=8.01V/2.04A/峰3.01 补余=0.0 IO错=0 倾+0.0 自动2/3
[  336.214] EVT 泵 停 最差盘压-75.6
[  336.388] TLM t= 215.5 L1·A@-77 L2·A@-77 L3·A@-76 R1·A@-76 R2·A@-76 R3·A@-76 罐=无罐 泵=0 阀=111111 速=+0,+0,+0.00 电=8.04V/2.04A/峰3.01 补余=0.0 IO错=0 倾+0.0 自动2/3
[  336.908] TLM t= 216.0 L1·A@-77 L2·A@-76 L3·A@-76 R1·A@-76 R2·A@-76 R3·A@-76 罐=无罐 泵=0 阀=111111 速=+0,+0,+0.00 电=8.03V/2.04A/峰3.01 补余=0.0 IO错=0 倾+0.0 自动2/3
[  337.416] TLM t= 216.5 L1·A@-76 L2·A@-76 L3·A@-76 R1·A@-76 R2·A@-75 R3·A@-75 罐=无罐 泵=0 阀=111111 速=+0,+0,+0.00 电=8.04V/2.04A/峰3.01 补余=0.0 IO错=0 倾+0.0 自动2/3
[  337.914] TLM t= 217.0 L1·A@-76 L2·A@-75 L3·A@-76 R1·A@-76 R2·A@-75 R3·A@-75 罐=无罐 泵=0 阀=111111 速=+0,+0,+0.00 电=8.04V/2.04A/峰3.01 补余=0.0 IO错=0 倾+0.0 自动2/3
[  338.418] TLM t= 217.5 L1·A@-76 L2·A@-75 L3·A@-76 R1·A@-76 R2·A@-74 R3·A@-74 罐=无罐 泵=0 阀=111111 速=+0,+0,+0.00 电=8.04V/1.95A/峰3.01 补余=0.0 IO错=0 倾+0.0 自动2/3
[  338.925] TLM t= 218.0 L1·A@-76 L2·A@-74 L3·A@-75 R1·A@-76 R2·A@-74 R3·A@-73 罐=无罐 泵=0 阀=111111 速=+0,+0,+0.00 电=8.06V/2.04A/峰3.01 补余=0.0 IO错=0 倾+0.0 自动2/3
[  339.443] TLM t= 218.5 L1·A@-76 L2·A@-74 L3·A@-75 R1·A@-76 R2·A@-74 R3·A@-73 罐=无罐 泵=0 阀=111111 速=+0,+0,+0.00 电=8.05V/2.12A/峰3.01 补余=0.0 IO错=0 倾+0.0 自动2/3
[  339.945] TLM t= 219.0 L1·A@-76 L2·A@-74 L3·A@-75 R1·A@-76 R2·A@-73 R3·A@-72 罐=无罐 泵=0 阀=111111 速=+0,+0,+0.00 电=8.04V/2.04A/峰3.01 补余=0.0 IO错=0 倾+0.0 自动2/3
[  340.465] TLM t= 219.5 L1·A@-76 L2·A@-73 L3·A@-75 R1·A@-76 R2·A@-73 R3·A@-72 罐=无罐 泵=0 阀=111111 速=+0,+0,+0.00 电=8.05V/1.95A/峰3.01 补余=0.0 IO错=0 倾+0.0 自动2/3
[  340.968] TLM t= 220.0 L1·A@-76 L2·A@-73 L3·A@-75 R1·A@-76 R2·A@-73 R3·A@-71 罐=无罐 泵=0 阀=111111 速=+0,+0,+0.00 电=8.04V/2.12A/峰3.01 补余=0.0 IO错=0 倾+0.0 自动2/3
[  341.489] TLM t= 220.6 L1·A@-76 L2·A@-72 L3·A@-75 R1·A@-76 R2·A@-72 R3·A@-71 罐=无罐 泵=0 阀=111111 速=+0,+0,+0.00 电=8.05V/1.95A/峰3.01 补余=0.0 IO错=0 倾+0.0 自动2/3
[  341.996] TLM t= 221.1 L1·A@-75 L2·A@-72 L3·A@-75 R1·A@-75 R2·A@-72 R3·A@-70 罐=无罐 泵=0 阀=111111 速=+0,+0,+0.00 电=8.04V/2.04A/峰3.01 补余=0.0 IO错=0 倾+0.0 自动2/3
[  342.513] TLM t= 221.6 L1·A@-75 L2·A@-72 L3·A@-75 R1·A@-75 R2·A@-72 R3·A@-70 罐=无罐 泵=0 阀=111111 速=+0,+0,+0.00 电=8.05V/2.04A/峰3.01 补余=0.0 IO错=0 倾+0.0 自动2/3
[  343.017] TLM t= 222.1 L1·A@-75 L2·A@-71 L3·A@-74 R1·A@-75 R2·A@-71 R3·A@-69 罐=无罐 泵=0 阀=111111 速=+0,+0,+0.00 电=8.05V/2.04A/峰3.01 补余=0.0 IO错=0 倾+0.0 自动2/3
[  343.536] TLM t= 222.6 L1·A@-75 L2·A@-71 L3·A@-74 R1·A@-75 R2·A@-71 R3·A@-69 罐=无罐 泵=0 阀=111111 速=+0,+0,+0.00 电=8.05V/2.12A/峰3.01 补余=0.0 IO错=0 倾+0.0 自动2/3
[  344.044] TLM t= 223.1 L1·A@-75 L2·A@-70 L3·A@-74 R1·A@-75 R2·A@-70 R3·A@-68 罐=无罐 泵=0 阀=111111 速=+0,+0,+0.00 电=8.05V/2.04A/峰3.01 补余=0.0 IO错=0 倾+0.0 自动2/3
[  344.559] TLM t= 223.6 L1·A@-75 L2·A@-70 L3·A@-74 R1·A@-75 R2·A@-70 R3·A@-67 罐=无罐 泵=0 阀=111111 速=+0,+0,+0.00 电=8.05V/2.04A/峰3.01 补余=0.0 IO错=0 倾+0.0 自动2/3
[  345.068] TLM t= 224.1 L1·A@-75 L2·A@-70 L3·A@-74 R1·A@-75 R2·A@-70 R3·A@-67 罐=无罐 泵=0 阀=111111 速=+0,+0,+0.00 电=8.03V/1.95A/峰3.01 补余=0.0 IO错=0 倾+0.0 自动2/3
[  345.583] TLM t= 224.6 L1·A@-75 L2·A@-69 L3·A@-74 R1·A@-75 R2·A@-69 R3·A@-66 罐=无罐 泵=0 阀=111111 速=+0,+0,+0.00 电=8.05V/1.87A/峰3.01 补余=0.0 IO错=0 倾+0.0 自动2/3
[  345.733] EVT 原地抬起受理：R1
[  345.756] EVT 相位 R1 stance→handover
[  346.091] TLM t= 225.9 L1·A@-75 L2·A@-69 L3·A@-74 R1ZA@-75 R2·A@-69 R3·A@-66 罐=无罐 泵=0 阀=111111 速=+0,+0,+0.00 电=8.04V/1.79A/峰3.01 补余=0.0 IO错=0 倾+0.0 自动2/3
[  346.610] TLM t= 226.2 L1·A@-74 L2·A@-68 L3·A@-74 R1ZA@-75 R2·A@-69 R3·A@-65 罐=无罐 泵=0 阀=111111 速=+0,+0,+0.00 电=8.06V/1.71A/峰3.01 补余=0.0 IO错=0 倾+0.0 自动2/3
[  347.113] TLM t= 226.2 L1·A@-74 L2·A@-68 L3·A@-74 R1ZA@-75 R2·A@-68 R3·A@-65 罐=无罐 泵=0 阀=111111 速=+0,+0,+0.00 电=8.08V/1.63A/峰3.01 补余=0.0 IO错=0 倾+0.0 自动2/3
[  347.634] TLM t= 226.2 L1·A@-74 L2·A@-68 L3·A@-73 R1ZA@-75 R2·A@-68 R3·A@-64 罐=无罐 泵=0 阀=111111 速=+0,+0,+0.00 电=8.05V/1.87A/峰3.01 补余=0.0 IO错=0 倾+0.0 自动2/3
[  348.139] TLM t= 226.2 L1·A@-74 L2·A@-67 L3·A@-73 R1ZA@-75 R2·A@-68 R3·A@-64 罐=无罐 泵=0 阀=111111 速=+0,+0,+0.00 电=8.05V/1.95A/峰3.01 补余=0.0 IO错=0 倾+0.0 自动2/3
[  348.654] TLM t= 226.2 L1·A@-74 L2·A@-67 L3·A@-73 R1ZA@-75 R2·A@-67 R3·A@-63 罐=无罐 泵=0 阀=111111 速=+0,+0,+0.00 电=8.05V/2.04A/峰3.01 补余=0.0 IO错=0 倾+0.0 自动2/3
[  349.045] EVT 吸附 R1 attached→venting 在态106.38s -74.7kPa
[  349.046] EVT 相位 R1 handover→vent 落点Δ(+0.0,+0.0)
[  349.068] EVT 阀 R1 →排气位
[  349.158] TLM t= 226.2 L1·A@-74 L2·A@-67 L3·A@-73 R1Vv@-75 R2·A@-67 R3·A@-63 罐=无罐 泵=0 阀=111011 速=+0,+0,+0.00 电=8.04V/2.12A/峰3.01 补余=0.0 IO错=0 倾+0.0 自动2/3
[  349.346] EVT 相位 R1 vent→lift
[  349.469] EVT 吸附 R1 venting→released 在态0.42s 0.0kPa
[  349.677] TLM t= 226.2 L1·A@-74 L2·A@-66 L3·A@-73 R1Lr@-- R2·A@-67 R3·A@-62 罐=无罐 泵=0 阀=111011 速=+0,+0,+0.00 电=8.02V/2.20A/峰3.01 补余=0.0 IO错=0 倾+0.0 自动2/3
[  350.180] TLM t= 226.2 L1·A@-74 L2·A@-66 L3·A@-73 R1Lr@-- R2·A@-66 R3·A@-62 罐=无罐 泵=0 阀=111011 速=+0,+0,+0.00 电=8.03V/2.20A/峰3.01 补余=0.0 IO错=0 倾+0.0 自动2/3
[  350.189] EVT 相位 R1 lift→transfer
[  350.705] TLM t= 226.2 L1·A@-74 L2·A@-65 L3·A@-73 R1Tr@-- R2·A@-66 R3·A@-61 罐=无罐 泵=0 阀=111011 速=+0,+0,+0.00 电=8.01V/2.28A/峰3.01 补余=0.0 IO错=0 倾+0.0 自动2/3
[  350.816] EVT 相位 R1 transfer→hover
[  351.205] TLM t= 226.2 L1·A@-74 L2·A@-65 L3·A@-73 R1Hr@-- R2·A@-66 R3·A@-61 罐=无罐 泵=0 阀=111011 速=+0,+0,+0.00 电=8.03V/2.04A/峰3.01 补余=0.0 IO错=0 倾+0.0 自动2/3
[  351.730] TLM t= 226.2 L1·A@-74 L2·A@-65 L3·A@-73 R1Hr@-- R2·A@-65 R3·A@-60 罐=无罐 泵=0 阀=111011 速=+0,+0,+0.00 电=8.04V/1.95A/峰3.01 补余=0.0 IO错=0 倾+0.0 自动2/3
[  351.758] EVT 泵 开 最差盘压-60.0
[  351.818] EVT 落地：R1
[  351.841] EVT 相位 R1 hover→descend
[  352.230] TLM t= 226.2 L1·A@-73 L2·A@-69 L3·A@-73 R1Dr@-- R2·A@-68 R3·A@-67 罐=无罐 泵=1 阀=111011 速=+0,+0,+0.00 电=7.99V/2.12A/峰3.01 补余=0.0 IO错=0 倾+0.0 自动2/3
[  352.322] EVT 相位 R1 descend→press
[  352.660] EVT 泵 停 最差盘压-75.1
[  352.755] TLM t= 226.2 L1·A@-76 L2·A@-76 L3·A@-76 R1Pr@-- R2·A@-76 R3·A@-76 罐=无罐 泵=0 阀=111011 速=+0,+0,+0.00 电=8.01V/2.12A/峰3.01 补余=0.0 IO错=0 倾+0.0 自动2/3
[  353.256] TLM t= 226.2 L1·A@-76 L2·A@-76 L3·A@-76 R1Pr@-- R2·A@-75 R3·A@-75 罐=无罐 泵=0 阀=111011 速=+0,+0,+0.00 电=8.01V/2.28A/峰3.01 补余=0.0 IO错=0 倾+0.0 自动2/3
[  353.527] EVT 吸附 R1 released→pressing 在态4.04s 0.0kPa
[  353.528] EVT 相位 R1 press→wait
[  353.778] TLM t= 226.2 L1·A@-76 L2·A@-75 L3·A@-76 R1Wp@-- R2·A@-74 R3·A@-74 罐=无罐 泵=0 阀=111011 速=+0,+0,+0.00 电=8.00V/2.12A/峰3.01 补余=0.0 IO错=0 倾+0.0 自动2/3
[  353.848] EVT 吸附 R1 pressing→sucking 在态0.32s 0.0kPa
[  353.849] EVT 阀 R1 →抽气位
[  353.869] EVT 泵 开 最差盘压-74.3
[  354.209] EVT 吸附 R1 sucking→attached 在态0.36s -67.2kPa
[  354.210] EVT 相位 R1 wait→stance
[  354.210] EVT 抬落完成，轮到 L2
[  354.278] TLM t= 226.3 L1·A@-75 L2·A@-75 L3·A@-75 R1·A@-69 R2·A@-74 R3·A@-74 罐=无罐 泵=1 阀=111111 速=+0,+0,+0.00 电=8.01V/2.20A/峰3.01 补余=0.0 IO错=0 倾+0.0 自动2/3
[  354.591] EVT 泵 停 最差盘压-75.4
[  354.781] TLM t= 226.8 L1·A@-77 L2·A@-77 L3·A@-76 R1·A@-76 R2·A@-76 R3·A@-76 罐=无罐 泵=0 阀=111111 速=+0,+0,+0.00 电=8.04V/2.04A/峰3.01 补余=0.0 IO错=0 倾+0.0 自动2/3
[  355.286] TLM t= 227.3 L1·A@-76 L2·A@-76 L3·A@-76 R1·A@-76 R2·A@-76 R3·A@-76 罐=无罐 泵=0 阀=111111 速=+0,+0,+0.00 电=8.04V/2.12A/峰3.01 补余=0.0 IO错=0 倾+0.0 自动2/3
[  355.785] TLM t= 227.8 L1·A@-76 L2·A@-76 L3·A@-76 R1·A@-76 R2·A@-75 R3·A@-75 罐=无罐 泵=0 阀=111111 速=+0,+0,+0.00 电=8.04V/2.04A/峰3.01 补余=0.0 IO错=0 倾+0.0 自动2/3
[  356.289] TLM t= 228.3 L1·A@-76 L2·A@-75 L3·A@-76 R1·A@-75 R2·A@-75 R3·A@-75 罐=无罐 泵=0 阀=111111 速=+0,+0,+0.00 电=8.02V/2.12A/峰3.01 补余=0.0 IO错=0 倾+0.0 自动2/3
[  356.789] TLM t= 228.8 L1·A@-76 L2·A@-75 L3·A@-76 R1·A@-75 R2·A@-75 R3·A@-74 罐=无罐 泵=0 阀=111111 速=+0,+0,+0.00 电=8.02V/2.12A/峰3.01 补余=0.0 IO错=0 倾+0.0 自动2/3
[  357.289] TLM t= 229.3 L1·A@-76 L2·A@-75 L3·A@-76 R1·A@-75 R2·A@-74 R3·A@-74 罐=无罐 泵=0 阀=111111 速=+0,+0,+0.00 电=8.03V/2.04A/峰3.01 补余=0.0 IO错=0 倾+0.0 自动2/3
[  357.792] TLM t= 229.8 L1·A@-76 L2·A@-74 L3·A@-76 R1·A@-75 R2·A@-74 R3·A@-73 罐=无罐 泵=0 阀=111111 速=+0,+0,+0.00 电=8.04V/2.12A/峰3.01 补余=0.0 IO错=0 倾+0.0 自动2/3
[  358.292] TLM t= 230.3 L1·A@-76 L2·A@-74 L3·A@-76 R1·A@-75 R2·A@-73 R3·A@-72 罐=无罐 泵=0 阀=111111 速=+0,+0,+0.00 电=8.03V/2.20A/峰3.01 补余=0.0 IO错=0 倾+0.0 自动2/3
[  358.794] TLM t= 230.8 L1·A@-76 L2·A@-73 L3·A@-76 R1·A@-75 R2·A@-73 R3·A@-72 罐=无罐 泵=0 阀=111111 速=+0,+0,+0.00 电=8.02V/2.20A/峰3.01 补余=0.0 IO错=0 倾+0.0 自动2/3
[  359.298] TLM t= 231.3 L1·A@-76 L2·A@-73 L3·A@-76 R1·A@-75 R2·A@-73 R3·A@-71 罐=无罐 泵=0 阀=111111 速=+0,+0,+0.00 电=8.02V/2.28A/峰3.01 补余=0.0 IO错=0 倾+0.0 自动2/3
[  359.797] TLM t= 231.8 L1·A@-75 L2·A@-73 L3·A@-76 R1·A@-75 R2·A@-72 R3·A@-71 罐=无罐 泵=0 阀=111111 速=+0,+0,+0.00 电=8.02V/2.12A/峰3.01 补余=0.0 IO错=0 倾+0.0 自动2/3
[  360.302] TLM t= 232.3 L1·A@-75 L2·A@-72 L3·A@-76 R1·A@-75 R2·A@-72 R3·A@-70 罐=无罐 泵=0 阀=111111 速=+0,+0,+0.00 电=8.02V/2.28A/峰3.01 补余=0.0 IO错=0 倾+0.0 自动2/3
[  360.803] TLM t= 232.8 L1·A@-75 L2·A@-72 L3·A@-76 R1·A@-75 R2·A@-72 R3·A@-70 罐=无罐 泵=0 阀=111111 速=+0,+0,+0.00 电=8.02V/2.20A/峰3.01 补余=0.0 IO错=0 倾+0.0 自动2/3
[  361.308] TLM t= 233.3 L1·A@-75 L2·A@-71 L3·A@-76 R1·A@-75 R2·A@-71 R3·A@-69 罐=无罐 泵=0 阀=111111 速=+0,+0,+0.00 电=8.03V/2.04A/峰3.01 补余=0.0 IO错=0 倾+0.0 自动2/3
[  361.811] TLM t= 233.8 L1·A@-75 L2·A@-71 L3·A@-76 R1·A@-75 R2·A@-71 R3·A@-69 罐=无罐 泵=0 阀=111111 速=+0,+0,+0.00 电=8.01V/2.12A/峰3.01 补余=0.0 IO错=0 倾+0.0 自动2/3
[  362.311] TLM t= 234.3 L1·A@-75 L2·A@-71 L3·A@-76 R1·A@-75 R2·A@-71 R3·A@-68 罐=无罐 泵=0 阀=111111 速=+0,+0,+0.00 电=8.02V/2.12A/峰3.01 补余=0.0 IO错=0 倾+0.0 自动2/3
[  362.812] TLM t= 234.8 L1·A@-75 L2·A@-70 L3·A@-75 R1·A@-75 R2·A@-70 R3·A@-68 罐=无罐 泵=0 阀=111111 速=+0,+0,+0.00 电=8.03V/2.12A/峰3.01 补余=0.0 IO错=0 倾+0.0 自动2/3
[  363.318] TLM t= 235.3 L1·A@-75 L2·A@-70 L3·A@-75 R1·A@-75 R2·A@-70 R3·A@-67 罐=无罐 泵=0 阀=111111 速=+0,+0,+0.00 电=8.03V/2.28A/峰3.01 补余=0.0 IO错=0 倾+0.0 自动2/3
[  363.817] TLM t= 235.8 L1·A@-75 L2·A@-70 L3·A@-75 R1·A@-75 R2·A@-70 R3·A@-66 罐=无罐 泵=0 阀=111111 速=+0,+0,+0.00 电=8.03V/2.04A/峰3.01 补余=0.0 IO错=0 倾+0.0 自动2/3
[  364.249] EVT 原地抬起受理：L2
[  364.269] EVT 相位 L2 stance→handover
[  364.319] TLM t= 237.1 L1·A@-75 L2ZA@-69 L3·A@-75 R1·A@-75 R2·A@-69 R3·A@-66 罐=无罐 泵=0 阀=111111 速=+0,+0,+0.00 电=8.03V/2.20A/峰3.01 补余=0.0 IO错=0 倾+0.0 自动2/3
[  364.821] TLM t= 237.6 L1·A@-74 L2ZA@-69 L3·A@-75 R1·A@-75 R2·A@-69 R3·A@-65 罐=无罐 泵=0 阀=111111 速=+0,+0,+0.00 电=8.03V/2.28A/峰3.01 补余=0.0 IO错=0 倾+0.0 自动2/3
[  365.322] TLM t= 237.6 L1·A@-74 L2ZA@-68 L3·A@-75 R1·A@-74 R2·A@-69 R3·A@-65 罐=无罐 泵=0 阀=111111 速=+0,+0,+0.00 电=8.02V/1.95A/峰3.01 补余=0.0 IO错=0 倾+0.0 自动2/3
[  365.827] TLM t= 237.6 L1·A@-74 L2ZA@-68 L3·A@-75 R1·A@-74 R2·A@-68 R3·A@-64 罐=无罐 泵=0 阀=111111 速=+0,+0,+0.00 电=8.04V/2.28A/峰3.01 补余=0.0 IO错=0 倾+0.0 自动2/3
[  366.326] TLM t= 237.6 L1·A@-74 L2ZA@-68 L3·A@-75 R1·A@-74 R2·A@-68 R3·A@-64 罐=无罐 泵=0 阀=111111 速=+0,+0,+0.00 电=8.03V/2.04A/峰3.01 补余=0.0 IO错=0 倾+0.0 自动2/3
[  366.659] EVT 吸附 L2 attached→venting 在态106.50s -67.3kPa
[  366.660] EVT 相位 L2 handover→vent 落点Δ(+0.0,+0.0)
[  366.680] EVT 阀 L2 →排气位
[  366.828] TLM t= 237.6 L1·A@-74 L2Vv@-67 L3·A@-75 R1·A@-74 R2·A@-68 R3·A@-63 罐=无罐 泵=0 阀=101111 速=+0,+0,+0.00 电=8.02V/2.04A/峰3.01 补余=0.0 IO错=0 倾+0.0 自动2/3
[  366.958] EVT 相位 L2 vent→lift
[  367.080] EVT 吸附 L2 venting→released 在态0.42s 0.3kPa
[  367.350] TLM t= 237.6 L1·A@-74 L2Lr@-- L3·A@-75 R1·A@-74 R2·A@-67 R3·A@-63 罐=无罐 泵=0 阀=101111 速=+0,+0,+0.00 电=7.99V/2.28A/峰3.01 补余=0.0 IO错=0 倾+0.0 自动2/3
[  367.800] EVT 相位 L2 lift→transfer
[  367.849] TLM t= 237.6 L1·A@-74 L2Tr@-- L3·A@-75 R1·A@-74 R2·A@-67 R3·A@-62 罐=无罐 泵=0 阀=101111 速=+0,+0,+0.00 电=7.99V/2.36A/峰3.01 补余=0.0 IO错=0 倾+0.0 自动2/3
[  368.373] TLM t= 237.6 L1·A@-74 L2Tr@-- L3·A@-75 R1·A@-74 R2·A@-67 R3·A@-62 罐=无罐 泵=0 阀=101111 速=+0,+0,+0.00 电=8.01V/2.60A/峰3.01 补余=0.0 IO错=0 倾+0.0 自动2/3
[  368.425] EVT 相位 L2 transfer→hover
[  368.875] TLM t= 237.6 L1·A@-74 L2Hr@-- L3·A@-75 R1·A@-74 R2·A@-66 R3·A@-61 罐=无罐 泵=0 阀=101111 速=+0,+0,+0.00 电=8.01V/2.28A/峰3.01 补余=0.0 IO错=0 倾+0.0 自动2/3
[  369.394] TLM t= 237.6 L1·A@-74 L2Hr@-- L3·A@-75 R1·A@-74 R2·A@-66 R3·A@-61 罐=无罐 泵=0 阀=101111 速=+0,+0,+0.00 电=8.02V/2.20A/峰3.01 补余=0.0 IO错=0 倾+0.0 自动2/3
[  369.425] EVT 落地：L2
[  369.447] EVT 相位 L2 hover→descend
[  369.899] TLM t= 237.6 L1·A@-73 L2Dr@-- L3·A@-75 R1·A@-74 R2·A@-66 R3·A@-60 罐=无罐 泵=0 阀=101111 速=+0,+0,+0.00 电=7.98V/2.52A/峰3.01 补余=0.0 IO错=0 倾+0.0 自动2/3
[  369.929] EVT 相位 L2 descend→press
[  370.010] EVT 泵 开 最差盘压-60.0
[  370.419] TLM t= 237.6 L1·A@-73 L2Pr@-- L3·A@-75 R1·A@-74 R2·A@-67 R3·A@-66 罐=无罐 泵=1 阀=101111 速=+0,+0,+0.00 电=7.95V/2.20A/峰3.01 补余=0.0 IO错=0 倾+0.0 自动2/3
[  370.925] TLM t= 237.6 L1·A@-76 L2Pr@-- L3·A@-76 R1·A@-74 R2·A@-76 R3·A@-76 罐=无罐 泵=1 阀=101111 速=+0,+0,+0.00 电=7.94V/2.44A/峰3.01 补余=0.0 IO错=0 倾+0.0 自动2/3
[  371.021] EVT 泵 停 最差盘压-75.7
[  371.140] EVT 吸附 L2 released→pressing 在态4.04s 0.3kPa
[  371.141] EVT 相位 L2 press→wait
[  371.429] TLM t= 237.6 L1·A@-77 L2Wp@-- L3·A@-77 R1·A@-76 R2·A@-77 R3·A@-77 罐=无罐 泵=0 阀=101111 速=+0,+0,+0.00 电=8.01V/2.28A/峰3.01 补余=0.0 IO错=0 倾+0.0 自动2/3
[  371.456] EVT 吸附 L2 pressing→sucking 在态0.32s 0.3kPa
[  371.457] EVT 阀 L2 →抽气位
[  371.479] EVT 泵 开 最差盘压-76.4
[  371.755] EVT 吸附 L2 sucking→attached 在态0.30s -67.4kPa
[  371.758] EVT 相位 L2 wait→stance
[  371.758] EVT 抬落完成，轮到 R3
[  371.758] EVT 自动轮换：第 2 轮完成
[  371.929] TLM t= 237.8 L1·A@-77 L2·A@-73 L3·A@-77 R1·A@-76 R2·A@-76 R3·A@-76 罐=无罐 泵=1 阀=111111 速=+0,+0,+0.00 电=7.99V/2.36A/峰3.01 补余=0.0 IO错=0 倾+0.0 自动3/3
[  372.021] EVT 泵 停 最差盘压-75.2
[  372.453] TLM t= 238.3 L1·A@-77 L2·A@-76 L3·A@-77 R1·A@-76 R2·A@-76 R3·A@-76 罐=无罐 泵=0 阀=111111 速=+0,+0,+0.00 电=8.02V/2.20A/峰3.01 补余=0.0 IO错=0 倾+0.0 自动3/3
[  372.955] TLM t= 238.8 L1·A@-77 L2·A@-75 L3·A@-77 R1·A@-76 R2·A@-75 R3·A@-75 罐=无罐 泵=0 阀=111111 速=+0,+0,+0.00 电=8.01V/2.36A/峰3.01 补余=0.0 IO错=0 倾+0.0 自动3/3
[  373.473] TLM t= 239.3 L1·A@-77 L2·A@-75 L3·A@-77 R1·A@-76 R2·A@-75 R3·A@-74 罐=无罐 泵=0 阀=111111 速=+0,+0,+0.00 电=8.02V/2.36A/峰3.01 补余=0.0 IO错=0 倾+0.0 自动3/3
[  373.978] TLM t= 239.8 L1·A@-76 L2·A@-74 L3·A@-77 R1·A@-76 R2·A@-75 R3·A@-74 罐=无罐 泵=0 阀=111111 速=+0,+0,+0.00 电=8.02V/2.28A/峰3.01 补余=0.0 IO错=0 倾+0.0 自动3/3
[  374.499] TLM t= 240.3 L1·A@-76 L2·A@-74 L3·A@-77 R1·A@-76 R2·A@-74 R3·A@-73 罐=无罐 泵=0 阀=111111 速=+0,+0,+0.00 电=8.03V/2.36A/峰3.01 补余=0.0 IO错=0 倾+0.0 自动3/3
[  375.005] TLM t= 240.8 L1·A@-76 L2·A@-73 L3·A@-77 R1·A@-76 R2·A@-74 R3·A@-73 罐=无罐 泵=0 阀=111111 速=+0,+0,+0.00 电=8.01V/2.36A/峰3.01 补余=0.0 IO错=0 倾+0.0 自动3/3
[  375.504] TLM t= 241.3 L1·A@-76 L2·A@-73 L3·A@-77 R1·A@-76 R2·A@-73 R3·A@-72 罐=无罐 泵=0 阀=111111 速=+0,+0,+0.00 电=8.02V/2.52A/峰3.01 补余=0.0 IO错=0 倾+0.0 自动3/3
[  376.008] TLM t= 241.8 L1·A@-76 L2·A@-72 L3·A@-76 R1·A@-76 R2·A@-73 R3·A@-72 罐=无罐 泵=0 阀=111111 速=+0,+0,+0.00 电=8.02V/2.28A/峰3.01 补余=0.0 IO错=0 倾+0.0 自动3/3
[  376.512] TLM t= 242.3 L1·A@-76 L2·A@-72 L3·A@-76 R1·A@-76 R2·A@-73 R3·A@-71 罐=无罐 泵=0 阀=111111 速=+0,+0,+0.00 电=8.01V/2.36A/峰3.01 补余=0.0 IO错=0 倾+0.0 自动3/3
[  377.033] TLM t= 242.8 L1·A@-76 L2·A@-72 L3·A@-76 R1·A@-76 R2·A@-72 R3·A@-70 罐=无罐 泵=0 阀=111111 速=+0,+0,+0.00 电=8.01V/2.44A/峰3.01 补余=0.0 IO错=0 倾+0.0 自动3/3
[  377.537] TLM t= 243.3 L1·A@-76 L2·A@-71 L3·A@-76 R1·A@-76 R2·A@-72 R3·A@-70 罐=无罐 泵=0 阀=111111 速=+0,+0,+0.00 电=8.01V/2.28A/峰3.01 补余=0.0 IO错=0 倾+0.0 自动3/3
[  378.056] TLM t= 243.9 L1·A@-76 L2·A@-71 L3·A@-76 R1·A@-76 R2·A@-72 R3·A@-69 罐=无罐 泵=0 阀=111111 速=+0,+0,+0.00 电=7.99V/2.36A/峰3.01 补余=0.0 IO错=0 倾+0.0 自动3/3
[  378.559] TLM t= 244.4 L1·A@-76 L2·A@-70 L3·A@-76 R1·A@-76 R2·A@-71 R3·A@-69 罐=无罐 泵=0 阀=111111 速=+0,+0,+0.00 电=8.01V/2.36A/峰3.01 补余=0.0 IO错=0 倾+0.0 自动3/3
[  379.081] TLM t= 244.9 L1·A@-75 L2·A@-70 L3·A@-76 R1·A@-76 R2·A@-71 R3·A@-68 罐=无罐 泵=0 阀=111111 速=+0,+0,+0.00 电=8.01V/2.28A/峰3.01 补余=0.0 IO错=0 倾+0.0 自动3/3
[  379.584] TLM t= 245.4 L1·A@-75 L2·A@-70 L3·A@-76 R1·A@-76 R2·A@-71 R3·A@-68 罐=无罐 泵=0 阀=111111 速=+0,+0,+0.00 电=8.02V/2.20A/峰3.01 补余=0.0 IO错=0 倾+0.0 自动3/3
[  380.105] TLM t= 245.9 L1·A@-75 L2·A@-69 L3·A@-76 R1·A@-76 R2·A@-70 R3·A@-67 罐=无罐 泵=0 阀=111111 速=+0,+0,+0.00 电=8.02V/2.28A/峰3.01 补余=0.0 IO错=0 倾+0.0 自动3/3
[  380.607] TLM t= 246.4 L1·A@-75 L2·A@-69 L3·A@-76 R1·A@-76 R2·A@-70 R3·A@-67 罐=无罐 泵=0 阀=111111 速=+0,+0,+0.00 电=8.02V/2.28A/峰3.01 补余=0.0 IO错=0 倾+0.0 自动3/3
[  381.128] TLM t= 246.9 L1·A@-75 L2·A@-68 L3·A@-76 R1·A@-76 R2·A@-70 R3·A@-66 罐=无罐 泵=0 阀=111111 速=+0,+0,+0.00 电=8.01V/2.44A/峰3.01 补余=0.0 IO错=0 倾+0.0 自动3/3
[  381.632] TLM t= 247.4 L1·A@-75 L2·A@-68 L3·A@-76 R1·A@-76 R2·A@-69 R3·A@-66 罐=无罐 泵=0 阀=111111 速=+0,+0,+0.00 电=8.01V/2.36A/峰3.01 补余=0.0 IO错=0 倾+0.0 自动3/3
[  382.156] TLM t= 247.9 L1·A@-75 L2·A@-68 L3·A@-76 R1·A@-76 R2·A@-69 R3·A@-65 罐=无罐 泵=0 阀=111111 速=+0,+0,+0.00 电=8.01V/2.36A/峰3.01 补余=0.0 IO错=0 倾+0.0 自动3/3
[  382.662] TLM t= 248.4 L1·A@-75 L2·A@-67 L3·A@-76 R1·A@-76 R2·A@-69 R3·A@-65 罐=无罐 泵=0 阀=111111 速=+0,+0,+0.00 电=8.00V/2.36A/峰3.01 补余=0.0 IO错=0 倾+0.0 自动3/3
[  383.164] TLM t= 248.9 L1·A@-75 L2·A@-67 L3·A@-76 R1·A@-75 R2·A@-68 R3·A@-64 罐=无罐 泵=0 阀=111111 速=+0,+0,+0.00 电=8.02V/2.44A/峰3.01 补余=0.0 IO错=0 倾+0.0 自动3/3
[  383.687] TLM t= 249.5 L1·A@-74 L2·A@-66 L3·A@-76 R1·A@-75 R2·A@-68 R3·A@-63 罐=无罐 泵=0 阀=111111 速=+0,+0,+0.00 电=8.00V/2.28A/峰3.01 补余=0.0 IO错=0 倾+0.0 自动3/3
[  384.188] TLM t= 250.0 L1·A@-74 L2·A@-66 L3·A@-75 R1·A@-75 R2·A@-68 R3·A@-63 罐=无罐 泵=0 阀=111111 速=+0,+0,+0.00 电=8.01V/2.20A/峰3.01 补余=0.0 IO错=0 倾+0.0 自动3/3
[  384.713] TLM t= 250.5 L1·A@-74 L2·A@-66 L3·A@-75 R1·A@-75 R2·A@-67 R3·A@-62 罐=无罐 泵=0 阀=111111 速=+0,+0,+0.00 电=8.01V/2.44A/峰3.01 补余=0.0 IO错=0 倾+0.0 自动3/3
[  385.216] TLM t= 251.0 L1·A@-74 L2·A@-65 L3·A@-75 R1·A@-75 R2·A@-67 R3·A@-62 罐=无罐 泵=0 阀=111111 速=+0,+0,+0.00 电=8.03V/2.12A/峰3.01 补余=0.0 IO错=0 倾+0.0 自动3/3
[  385.740] TLM t= 251.5 L1·A@-74 L2·A@-65 L3·A@-75 R1·A@-75 R2·A@-67 R3·A@-61 罐=无罐 泵=0 阀=111111 速=+0,+0,+0.00 电=8.00V/2.44A/峰3.01 补余=0.0 IO错=0 倾+0.0 自动3/3
[  386.240] TLM t= 252.0 L1·A@-74 L2·A@-65 L3·A@-75 R1·A@-75 R2·A@-66 R3·A@-61 罐=无罐 泵=0 阀=111111 速=+0,+0,+0.00 电=8.01V/2.28A/峰3.01 补余=0.0 IO错=0 倾+0.0 自动3/3
[  386.765] TLM t= 252.5 L1·A@-74 L2·A@-64 L3·A@-75 R1·A@-75 R2·A@-66 R3·A@-60 罐=无罐 泵=0 阀=111111 速=+0,+0,+0.00 电=8.01V/2.28A/峰3.01 补余=0.0 IO错=0 倾+0.0 自动3/3
[  386.775] EVT 自动轮换：第 3 轮开始
[  386.787] EVT 原地抬起受理：R3
[  386.815] EVT 相位 R3 stance→handover
[  387.136] EVT 泵 开 最差盘压-59.9
[  387.265] TLM t= 256.1 L1·A@-74 L2·A@-64 L3·A@-75 R1·A@-75 R2·A@-66 R3ZA@-60 罐=无罐 泵=1 阀=111111 速=+0,+0,+0.00 电=8.01V/1.87A/峰3.01 补余=0.0 IO错=0 倾+0.0 自动3/3
[  387.792] TLM t= 256.2 L1·A@-74 L2·A@-72 L3·A@-75 R1·A@-75 R2·A@-72 R3ZA@-71 罐=无罐 泵=1 阀=111111 速=+0,+0,+0.00 电=7.97V/1.87A/峰3.01 补余=0.0 IO错=0 倾+0.0 自动3/3
[  388.041] EVT 泵 停 最差盘压-75.1
[  388.290] TLM t= 256.2 L1·A@-76 L2·A@-76 L3·A@-76 R1·A@-75 R2·A@-76 R3ZA@-76 罐=无罐 泵=0 阀=111111 速=+0,+0,+0.00 电=8.04V/1.79A/峰3.01 补余=0.0 IO错=0 倾+0.0 自动3/3
[  388.811] TLM t= 256.2 L1·A@-76 L2·A@-76 L3·A@-76 R1·A@-75 R2·A@-75 R3ZA@-75 罐=无罐 泵=0 阀=111111 速=+0,+0,+0.00 电=8.06V/1.71A/峰3.01 补余=0.0 IO错=0 倾+0.0 自动3/3
[  389.004] EVT 吸附 R3 attached→venting 在态106.46s -75.0kPa
[  389.005] EVT 相位 R3 handover→vent 落点Δ(+0.0,+0.0)
[  389.017] EVT 阀 R3 →排气位
[  389.303] EVT 相位 R3 vent→lift
[  389.312] TLM t= 256.2 L1·A@-76 L2·A@-75 L3·A@-76 R1·A@-75 R2·A@-75 R3Lv@-75 罐=无罐 泵=0 阀=111110 速=+0,+0,+0.00 电=8.03V/1.95A/峰3.01 补余=0.0 IO错=0 倾+0.0 自动3/3
[  389.426] EVT 吸附 R3 venting→released 在态0.42s 0.2kPa
[  389.834] TLM t= 256.2 L1·A@-76 L2·A@-75 L3·A@-76 R1·A@-75 R2·A@-74 R3Lr@-- 罐=无罐 泵=0 阀=111110 速=+0,+0,+0.00 电=8.01V/2.04A/峰3.01 补余=0.0 IO错=0 倾+0.0 自动3/3
[  390.146] EVT 相位 R3 lift→transfer
[  390.349] TLM t= 256.2 L1·A@-76 L2·A@-74 L3·A@-76 R1·A@-75 R2·A@-74 R3Tr@-- 罐=无罐 泵=0 阀=111110 速=+0,+0,+0.00 电=8.01V/2.36A/峰3.01 补余=0.0 IO错=0 倾+0.0 自动3/3
[  390.762] EVT 相位 R3 transfer→hover
[  390.860] TLM t= 256.2 L1·A@-75 L2·A@-74 L3·A@-76 R1·A@-75 R2·A@-74 R3Hr@-- 罐=无罐 泵=0 阀=111110 速=+0,+0,+0.00 电=8.01V/2.12A/峰3.01 补余=0.0 IO错=0 倾+0.0 自动3/3
[  391.371] TLM t= 256.2 L1·A@-75 L2·A@-74 L3·A@-76 R1·A@-75 R2·A@-73 R3Hr@-- 罐=无罐 泵=0 阀=111110 速=+0,+0,+0.00 电=8.02V/2.12A/峰3.01 补余=0.0 IO错=0 倾+0.0 自动3/3
[  391.770] EVT 落地：R3
[  391.785] EVT 相位 R3 hover→descend
[  391.880] TLM t= 256.2 L1·A@-75 L2·A@-73 L3·A@-76 R1·A@-75 R2·A@-73 R3Dr@-- 罐=无罐 泵=0 阀=111110 速=+0,+0,+0.00 电=8.01V/2.12A/峰3.01 补余=0.0 IO错=0 倾+0.0 自动3/3
[  392.267] EVT 相位 R3 descend→press
[  392.396] TLM t= 256.2 L1·A@-75 L2·A@-73 L3·A@-76 R1·A@-75 R2·A@-73 R3Pr@-- 罐=无罐 泵=0 阀=111110 速=+0,+0,+0.00 电=8.01V/2.12A/峰3.01 补余=0.0 IO错=0 倾+0.0 自动3/3
[  392.904] TLM t= 256.2 L1·A@-75 L2·A@-72 L3·A@-75 R1·A@-75 R2·A@-72 R3Pr@-- 罐=无罐 泵=0 阀=111110 速=+0,+0,+0.00 电=8.02V/2.12A/峰3.01 补余=0.0 IO错=0 倾+0.0 自动3/3
[  393.419] TLM t= 256.2 L1·A@-75 L2·A@-72 L3·A@-75 R1·A@-75 R2·A@-72 R3Pr@-- 罐=无罐 泵=0 阀=111110 速=+0,+0,+0.00 电=8.01V/2.12A/峰3.01 补余=0.0 IO错=0 倾+0.0 自动3/3
[  393.470] EVT 吸附 R3 released→pressing 在态4.04s 0.2kPa
[  393.470] EVT 相位 R3 press→wait
[  393.798] EVT 吸附 R3 pressing→sucking 在态0.32s 0.2kPa
[  393.799] EVT 阀 R3 →抽气位
[  393.819] EVT 泵 开 最差盘压-71.6
[  393.930] TLM t= 256.2 L1·A@-75 L2·A@-72 L3·A@-75 R1·A@-75 R2·A@-71 R3Ws@-13 罐=无罐 泵=1 阀=111111 速=+0,+0,+0.00 电=7.98V/2.12A/峰3.01 补余=0.0 IO错=0 倾+0.0 自动3/3
[  394.159] EVT 吸附 R3 sucking→attached 在态0.36s -63.6kPa
[  394.160] EVT 相位 R3 wait→stance
[  394.160] EVT 抬落完成，轮到 L1
[  394.430] TLM t= 256.5 L1·A@-75 L2·A@-73 L3·A@-75 R1·A@-75 R2·A@-73 R3·A@-73 罐=无罐 泵=1 阀=111111 速=+0,+0,+0.00 电=7.97V/2.04A/峰3.01 补余=0.0 IO错=0 倾+0.0 自动3/3
[  394.704] EVT 泵 停 最差盘压-75.1
[  394.951] TLM t= 257.0 L1·A@-77 L2·A@-77 L3·A@-77 R1·A@-76 R2·A@-76 R3·A@-76 罐=无罐 泵=0 阀=111111 速=+0,+0,+0.00 电=8.03V/2.20A/峰3.01 补余=0.0 IO错=0 倾+0.0 自动3/3
[  395.459] TLM t= 257.5 L1·A@-76 L2·A@-76 L3·A@-76 R1·A@-76 R2·A@-76 R3·A@-76 罐=无罐 泵=0 阀=111111 速=+0,+0,+0.00 电=8.02V/1.95A/峰3.01 补余=0.0 IO错=0 倾+0.0 自动3/3
[  395.954] TLM t= 258.0 L1·A@-76 L2·A@-76 L3·A@-76 R1·A@-76 R2·A@-75 R3·A@-75 罐=无罐 泵=0 阀=111111 速=+0,+0,+0.00 电=8.03V/2.12A/峰3.01 补余=0.0 IO错=0 倾+0.0 自动3/3
[  396.464] TLM t= 258.5 L1·A@-76 L2·A@-75 L3·A@-76 R1·A@-76 R2·A@-75 R3·A@-75 罐=无罐 泵=0 阀=111111 速=+0,+0,+0.00 电=8.02V/2.04A/峰3.01 补余=0.0 IO错=0 倾+0.0 自动3/3
[  396.965] TLM t= 259.0 L1·A@-76 L2·A@-75 L3·A@-76 R1·A@-76 R2·A@-75 R3·A@-74 罐=无罐 泵=0 阀=111111 速=+0,+0,+0.00 电=8.03V/2.20A/峰3.01 补余=0.0 IO错=0 倾+0.0 自动3/3
[  397.487] TLM t= 259.5 L1·A@-76 L2·A@-74 L3·A@-76 R1·A@-76 R2·A@-74 R3·A@-73 罐=无罐 泵=0 阀=111111 速=+0,+0,+0.00 电=8.02V/1.95A/峰3.01 补余=0.0 IO错=0 倾+0.0 自动3/3
[  397.995] TLM t= 260.0 L1·A@-76 L2·A@-74 L3·A@-76 R1·A@-76 R2·A@-74 R3·A@-73 罐=无罐 泵=0 阀=111111 速=+0,+0,+0.00 电=8.02V/2.04A/峰3.01 补余=0.0 IO错=0 倾+0.0 自动3/3
[  398.514] TLM t= 260.5 L1·A@-76 L2·A@-74 L3·A@-76 R1·A@-76 R2·A@-73 R3·A@-72 罐=无罐 泵=0 阀=111111 速=+0,+0,+0.00 电=8.02V/2.04A/峰3.01 补余=0.0 IO错=0 倾+0.0 自动3/3
[  399.016] TLM t= 261.0 L1·A@-76 L2·A@-73 L3·A@-76 R1·A@-76 R2·A@-73 R3·A@-72 罐=无罐 泵=0 阀=111111 速=+0,+0,+0.00 电=8.02V/2.04A/峰3.01 补余=0.0 IO错=0 倾+0.0 自动3/3
[  399.542] TLM t= 261.5 L1·A@-75 L2·A@-73 L3·A@-76 R1·A@-75 R2·A@-73 R3·A@-71 罐=无罐 泵=0 阀=111111 速=+0,+0,+0.00 电=8.02V/2.04A/峰3.01 补余=0.0 IO错=0 倾+0.0 自动3/3
[  400.045] TLM t= 262.0 L1·A@-75 L2·A@-72 L3·A@-76 R1·A@-75 R2·A@-72 R3·A@-71 罐=无罐 泵=0 阀=111111 速=+0,+0,+0.00 电=8.02V/2.20A/峰3.01 补余=0.0 IO错=0 倾+0.0 自动3/3
[  400.567] TLM t= 262.6 L1·A@-75 L2·A@-72 L3·A@-76 R1·A@-75 R2·A@-72 R3·A@-70 罐=无罐 泵=0 阀=111111 速=+0,+0,+0.00 电=8.02V/1.95A/峰3.01 补余=0.0 IO错=0 倾+0.0 自动3/3
[  401.072] TLM t= 263.1 L1·A@-75 L2·A@-72 L3·A@-76 R1·A@-75 R2·A@-72 R3·A@-69 罐=无罐 泵=0 阀=111111 速=+0,+0,+0.00 电=8.02V/1.95A/峰3.01 补余=0.0 IO错=0 倾+0.0 自动3/3
[  401.592] TLM t= 263.6 L1·A@-75 L2·A@-71 L3·A@-76 R1·A@-75 R2·A@-71 R3·A@-69 罐=无罐 泵=0 阀=111111 速=+0,+0,+0.00 电=8.02V/2.04A/峰3.01 补余=0.0 IO错=0 倾+0.0 自动3/3
[  402.097] TLM t= 264.1 L1·A@-75 L2·A@-71 L3·A@-76 R1·A@-75 R2·A@-71 R3·A@-68 罐=无罐 泵=0 阀=111111 速=+0,+0,+0.00 电=8.03V/2.12A/峰3.01 补余=0.0 IO错=0 倾+0.0 自动3/3
[  402.618] TLM t= 264.6 L1·A@-75 L2·A@-70 L3·A@-76 R1·A@-75 R2·A@-71 R3·A@-68 罐=无罐 泵=0 阀=111111 速=+0,+0,+0.00 电=8.02V/2.12A/峰3.01 补余=0.0 IO错=0 倾+0.0 自动3/3
[  403.123] TLM t= 265.1 L1·A@-75 L2·A@-70 L3·A@-75 R1·A@-75 R2·A@-70 R3·A@-67 罐=无罐 泵=0 阀=111111 速=+0,+0,+0.00 电=8.02V/2.12A/峰3.01 补余=0.0 IO错=0 倾+0.0 自动3/3
[  403.643] TLM t= 265.6 L1·A@-74 L2·A@-70 L3·A@-75 R1·A@-75 R2·A@-70 R3·A@-67 罐=无罐 泵=0 阀=111111 速=+0,+0,+0.00 电=8.01V/2.04A/峰3.01 补余=0.0 IO错=0 倾+0.0 自动3/3
[  404.149] TLM t= 266.1 L1·A@-74 L2·A@-69 L3·A@-75 R1·A@-75 R2·A@-69 R3·A@-66 罐=无罐 泵=0 阀=111111 速=+0,+0,+0.00 电=8.02V/2.12A/峰3.01 补余=0.0 IO错=0 倾+0.0 自动3/3
[  404.201] EVT 原地抬起受理：L1
[  404.213] EVT 相位 L1 stance→handover
[  404.671] TLM t= 267.5 L1ZA@-74 L2·A@-69 L3·A@-75 R1·A@-75 R2·A@-69 R3·A@-66 罐=无罐 泵=0 阀=111111 速=+0,+0,+0.00 电=8.04V/1.71A/峰3.01 补余=0.0 IO错=0 倾+0.0 自动3/3
[  405.175] TLM t= 267.6 L1ZA@-74 L2·A@-68 L3·A@-75 R1·A@-75 R2·A@-69 R3·A@-65 罐=无罐 泵=0 阀=111111 速=+0,+0,+0.00 电=8.03V/1.55A/峰3.01 补余=0.0 IO错=0 倾+0.0 自动3/3
[  405.697] TLM t= 267.6 L1ZA@-74 L2·A@-68 L3·A@-75 R1·A@-75 R2·A@-68 R3·A@-64 罐=无罐 泵=0 阀=111111 速=+0,+0,+0.00 电=8.05V/1.63A/峰3.01 补余=0.0 IO错=0 倾+0.0 自动3/3
[  406.203] TLM t= 267.6 L1ZA@-74 L2·A@-68 L3·A@-75 R1·A@-75 R2·A@-68 R3·A@-64 罐=无罐 泵=0 阀=111111 速=+0,+0,+0.00 电=8.03V/1.87A/峰3.01 补余=0.0 IO错=0 倾+0.0 自动3/3
[  406.722] TLM t= 267.6 L1ZA@-74 L2·A@-67 L3·A@-75 R1·A@-75 R2·A@-68 R3·A@-63 罐=无罐 泵=0 阀=111111 速=+0,+0,+0.00 电=8.02V/1.95A/峰3.01 补余=0.0 IO错=0 倾+0.0 自动3/3
[  407.225] TLM t= 267.6 L1ZA@-74 L2·A@-67 L3·A@-75 R1·A@-75 R2·A@-67 R3·A@-63 罐=无罐 泵=0 阀=111111 速=+0,+0,+0.00 电=8.01V/2.20A/峰3.01 补余=0.0 IO错=0 倾+0.0 自动3/3
[  407.316] EVT 吸附 L1 attached→venting 在态106.44s -73.6kPa
[  407.317] EVT 相位 L1 handover→vent 落点Δ(+0.0,+0.0)
[  407.337] EVT 阀 L1 →排气位
[  407.615] EVT 相位 L1 vent→lift
[  407.737] EVT 吸附 L1 venting→released 在态0.42s 0.1kPa
[  407.750] TLM t= 267.6 L1Lr@-- L2·A@-67 L3·A@-75 R1·A@-75 R2·A@-67 R3·A@-62 罐=无罐 泵=0 阀=011111 速=+0,+0,+0.00 电=7.97V/2.28A/峰3.01 补余=0.0 IO错=0 倾+0.0 自动3/3
[  408.261] TLM t= 267.6 L1Lr@-- L2·A@-66 L3·A@-75 R1·A@-75 R2·A@-67 R3·A@-62 罐=无罐 泵=0 阀=011111 速=+0,+0,+0.00 电=7.99V/2.36A/峰3.01 补余=0.0 IO错=0 倾+0.0 自动3/3
[  408.458] EVT 相位 L1 lift→transfer
[  408.767] TLM t= 267.6 L1Tr@-- L2·A@-66 L3·A@-75 R1·A@-75 R2·A@-66 R3·A@-61 罐=无罐 泵=0 阀=011111 速=+0,+0,+0.00 电=7.99V/2.36A/峰3.01 补余=0.0 IO错=0 倾+0.0 自动3/3
[  409.083] EVT 相位 L1 transfer→hover
[  409.273] TLM t= 267.6 L1Hr@-- L2·A@-65 L3·A@-75 R1·A@-75 R2·A@-66 R3·A@-61 罐=无罐 泵=0 阀=011111 速=+0,+0,+0.00 电=7.98V/2.28A/峰3.01 补余=0.0 IO错=0 倾+0.0 自动3/3
[  409.792] TLM t= 267.6 L1Hr@-- L2·A@-65 L3·A@-75 R1·A@-75 R2·A@-66 R3·A@-60 罐=无罐 泵=0 阀=011111 速=+0,+0,+0.00 电=7.99V/2.20A/峰3.01 补余=0.0 IO错=0 倾+0.0 自动3/3
[  409.866] EVT 泵 开 最差盘压-60.0
[  410.084] EVT 落地：L1
[  410.106] EVT 相位 L1 hover→descend
[  410.299] TLM t= 267.6 L1Dr@-- L2·A@-68 L3·A@-75 R1·A@-75 R2·A@-68 R3·A@-68 罐=无罐 泵=1 阀=011111 速=+0,+0,+0.00 电=7.96V/2.36A/峰3.01 补余=0.0 IO错=0 倾+0.0 自动3/3
[  410.588] EVT 相位 L1 descend→press
[  410.813] TLM t= 267.6 L1Pr@-- L2·A@-76 L3·A@-76 R1·A@-75 R2·A@-76 R3·A@-76 罐=无罐 泵=1 阀=011111 速=+0,+0,+0.00 电=7.93V/2.36A/峰3.01 补余=0.0 IO错=0 倾+0.0 自动3/3
[  410.866] EVT 泵 停 最差盘压-75.1
[  411.320] TLM t= 267.6 L1Pr@-- L2·A@-77 L3·A@-77 R1·A@-76 R2·A@-76 R3·A@-76 罐=无罐 泵=0 阀=011111 速=+0,+0,+0.00 电=7.98V/2.20A/峰3.01 补余=0.0 IO错=0 倾+0.0 自动3/3
[  411.791] EVT 吸附 L1 released→pressing 在态4.04s 0.1kPa
[  411.791] EVT 相位 L1 press→wait
[  411.837] TLM t= 267.6 L1Wp@-- L2·A@-76 L3·A@-77 R1·A@-76 R2·A@-76 R3·A@-76 罐=无罐 泵=0 阀=011111 速=+0,+0,+0.00 电=7.98V/2.36A/峰3.01 补余=0.0 IO错=0 倾+0.0 自动3/3
[  412.104] EVT 吸附 L1 pressing→sucking 在态0.32s 0.1kPa
[  412.105] EVT 阀 L1 →抽气位
[  412.132] EVT 泵 开 最差盘压-75.4
[  412.341] TLM t= 267.6 L1Ws@-54 L2·A@-76 L3·A@-76 R1·A@-76 R2·A@-75 R3·A@-75 罐=无罐 泵=1 阀=111111 速=+0,+0,+0.00 电=7.92V/2.28A/峰3.01 补余=0.0 IO错=0 倾+0.0 自动3/3
[  412.465] EVT 吸附 L1 sucking→attached 在态0.36s -65.1kPa
[  412.466] EVT 相位 L1 wait→stance
[  412.466] EVT 抬落完成，轮到 R2
[  412.814] EVT 泵 停 最差盘压-75.2
[  412.862] TLM t= 268.0 L1·A@-76 L2·A@-76 L3·A@-76 R1·A@-76 R2·A@-76 R3·A@-75 罐=无罐 泵=0 阀=111111 速=+0,+0,+0.00 电=8.02V/2.12A/峰3.01 补余=0.0 IO错=0 倾+0.0 自动3/3
[  413.369] TLM t= 268.5 L1·A@-76 L2·A@-76 L3·A@-76 R1·A@-76 R2·A@-75 R3·A@-76 罐=无罐 泵=0 阀=111111 速=+0,+0,+0.00 电=7.98V/2.04A/峰3.01 补余=0.0 IO错=0 倾+0.0 自动3/3
[  413.886] TLM t= 269.0 L1·A@-76 L2·A@-75 L3·A@-76 R1·A@-76 R2·A@-75 R3·A@-75 罐=无罐 泵=0 阀=111111 速=+0,+0,+0.00 电=7.99V/2.20A/峰3.01 补余=0.0 IO错=0 倾+0.0 自动3/3
[  414.396] TLM t= 269.5 L1·A@-75 L2·A@-75 L3·A@-76 R1·A@-76 R2·A@-75 R3·A@-74 罐=无罐 泵=0 阀=111111 速=+0,+0,+0.00 电=8.01V/2.20A/峰3.01 补余=0.0 IO错=0 倾+0.0 自动3/3
[  414.917] TLM t= 270.0 L1·A@-75 L2·A@-75 L3·A@-76 R1·A@-76 R2·A@-74 R3·A@-74 罐=无罐 泵=0 阀=111111 速=+0,+0,+0.00 电=8.00V/2.20A/峰3.01 补余=0.0 IO错=0 倾+0.0 自动3/3
[  415.423] TLM t= 270.5 L1·A@-75 L2·A@-74 L3·A@-76 R1·A@-76 R2·A@-74 R3·A@-73 罐=无罐 泵=0 阀=111111 速=+0,+0,+0.00 电=8.01V/2.20A/峰3.01 补余=0.0 IO错=0 倾+0.0 自动3/3
[  415.941] TLM t= 271.0 L1·A@-75 L2·A@-74 L3·A@-76 R1·A@-76 R2·A@-74 R3·A@-73 罐=无罐 泵=0 阀=111111 速=+0,+0,+0.00 电=7.99V/2.36A/峰3.01 补余=0.0 IO错=0 倾+0.0 自动3/3
[  416.448] TLM t= 271.5 L1·A@-75 L2·A@-73 L3·A@-76 R1·A@-76 R2·A@-73 R3·A@-72 罐=无罐 泵=0 阀=111111 速=+0,+0,+0.00 电=8.00V/2.20A/峰3.01 补余=0.0 IO错=0 倾+0.0 自动3/3
[  416.967] TLM t= 272.1 L1·A@-75 L2·A@-73 L3·A@-76 R1·A@-76 R2·A@-73 R3·A@-72 罐=无罐 泵=0 阀=111111 速=+0,+0,+0.00 电=8.00V/2.20A/峰3.01 补余=0.0 IO错=0 倾+0.0 自动3/3
[  417.473] TLM t= 272.6 L1·A@-74 L2·A@-73 L3·A@-76 R1·A@-76 R2·A@-72 R3·A@-71 罐=无罐 泵=0 阀=111111 速=+0,+0,+0.00 电=7.99V/2.12A/峰3.01 补余=0.0 IO错=0 倾+0.0 自动3/3
[  417.990] TLM t= 273.1 L1·A@-74 L2·A@-72 L3·A@-76 R1·A@-75 R2·A@-72 R3·A@-70 罐=无罐 泵=0 阀=111111 速=+0,+0,+0.00 电=8.00V/2.12A/峰3.01 补余=0.0 IO错=0 倾+0.0 自动3/3
[  418.493] TLM t= 273.6 L1·A@-74 L2·A@-72 L3·A@-76 R1·A@-75 R2·A@-72 R3·A@-70 罐=无罐 泵=0 阀=111111 速=+0,+0,+0.00 电=8.01V/2.20A/峰3.01 补余=0.0 IO错=0 倾+0.0 自动3/3
[  419.018] TLM t= 274.1 L1·A@-74 L2·A@-71 L3·A@-75 R1·A@-75 R2·A@-71 R3·A@-69 罐=无罐 泵=0 阀=111111 速=+0,+0,+0.00 电=8.01V/2.36A/峰3.01 补余=0.0 IO错=0 倾+0.0 自动3/3
[  419.525] TLM t= 274.6 L1·A@-74 L2·A@-71 L3·A@-75 R1·A@-75 R2·A@-71 R3·A@-69 罐=无罐 泵=0 阀=111111 速=+0,+0,+0.00 电=8.01V/2.20A/峰3.01 补余=0.0 IO错=0 倾+0.0 自动3/3
[  420.045] TLM t= 275.1 L1·A@-74 L2·A@-71 L3·A@-75 R1·A@-75 R2·A@-71 R3·A@-68 罐=无罐 泵=0 阀=111111 速=+0,+0,+0.00 电=8.00V/2.52A/峰3.01 补余=0.0 IO错=0 倾+0.0 自动3/3
[  420.549] TLM t= 275.6 L1·A@-74 L2·A@-70 L3·A@-75 R1·A@-75 R2·A@-70 R3·A@-68 罐=无罐 泵=0 阀=111111 速=+0,+0,+0.00 电=7.99V/2.04A/峰3.01 补余=0.0 IO错=0 倾+0.0 自动3/3
[  421.070] TLM t= 276.1 L1·A@-74 L2·A@-70 L3·A@-75 R1·A@-75 R2·A@-70 R3·A@-67 罐=无罐 泵=0 阀=111111 速=+0,+0,+0.00 电=8.01V/2.12A/峰3.01 补余=0.0 IO错=0 倾+0.0 自动3/3
[  421.570] TLM t= 276.6 L1·A@-74 L2·A@-69 L3·A@-75 R1·A@-75 R2·A@-70 R3·A@-67 罐=无罐 泵=0 阀=111111 速=+0,+0,+0.00 电=8.00V/2.20A/峰3.01 补余=0.0 IO错=0 倾+0.0 自动3/3
[  422.097] TLM t= 277.2 L1·A@-73 L2·A@-69 L3·A@-75 R1·A@-75 R2·A@-69 R3·A@-66 罐=无罐 泵=0 阀=111111 速=+0,+0,+0.00 电=8.00V/2.28A/峰3.01 补余=0.0 IO错=0 倾+0.0 自动3/3
[  422.483] EVT 原地抬起受理：R2
[  422.511] EVT 相位 R2 stance→handover
[  422.604] TLM t= 278.5 L1·A@-73 L2·A@-69 L3·A@-75 R1·A@-75 R2ZA@-69 R3·A@-65 罐=无罐 泵=0 阀=111111 速=+0,+0,+0.00 电=8.00V/2.28A/峰3.01 补余=0.0 IO错=0 倾+0.0 自动3/3
[  423.122] TLM t= 279.0 L1·A@-73 L2·A@-68 L3·A@-75 R1·A@-75 R2ZA@-69 R3·A@-65 罐=无罐 泵=0 阀=111111 速=+0,+0,+0.00 电=8.02V/1.87A/峰3.01 补余=0.0 IO错=0 倾+0.0 自动3/3
[  423.628] TLM t= 279.0 L1·A@-73 L2·A@-68 L3·A@-75 R1·A@-75 R2ZA@-68 R3·A@-64 罐=无罐 泵=0 阀=111111 速=+0,+0,+0.00 电=8.01V/2.20A/峰3.01 补余=0.0 IO错=0 倾+0.0 自动3/3
[  424.147] TLM t= 279.0 L1·A@-73 L2·A@-68 L3·A@-75 R1·A@-75 R2ZA@-68 R3·A@-64 罐=无罐 泵=0 阀=111111 速=+0,+0,+0.00 电=8.00V/2.28A/峰3.01 补余=0.0 IO错=0 倾+0.0 自动3/3
[  424.656] TLM t= 279.0 L1·A@-73 L2·A@-67 L3·A@-75 R1·A@-75 R2ZA@-67 R3·A@-63 罐=无罐 泵=0 阀=111111 速=+0,+0,+0.00 电=8.01V/2.28A/峰3.01 补余=0.0 IO错=0 倾+0.0 自动3/3
[  424.704] EVT 吸附 R2 attached→venting 在态106.54s -67.3kPa
[  424.704] EVT 相位 R2 handover→vent 落点Δ(+0.0,+0.0)
[  424.716] EVT 阀 R2 →排气位
[  425.002] EVT 相位 R2 vent→lift
[  425.125] EVT 吸附 R2 venting→released 在态0.42s 0.0kPa
[  425.179] TLM t= 279.0 L1·A@-73 L2·A@-67 L3·A@-75 R1·A@-75 R2Lr@-- R3·A@-63 罐=无罐 泵=0 阀=111101 速=+0,+0,+0.00 电=8.00V/2.36A/峰3.01 补余=0.0 IO错=0 倾+0.0 自动3/3
[  425.682] TLM t= 279.0 L1·A@-73 L2·A@-66 L3·A@-74 R1·A@-75 R2Lr@-- R3·A@-62 罐=无罐 泵=0 阀=111101 速=+0,+0,+0.00 电=8.00V/2.52A/峰3.01 补余=0.0 IO错=0 倾+0.0 自动3/3
[  425.851] EVT 相位 R2 lift→transfer
[  426.205] TLM t= 279.0 L1·A@-72 L2·A@-66 L3·A@-74 R1·A@-75 R2Tr@-- R3·A@-62 罐=无罐 泵=0 阀=111101 速=+0,+0,+0.00 电=7.99V/2.20A/峰3.01 补余=0.0 IO错=0 倾+0.0 自动3/3
[  426.470] EVT 相位 R2 transfer→hover
[  426.710] TLM t= 279.0 L1·A@-72 L2·A@-66 L3·A@-74 R1·A@-75 R2Hr@-- R3·A@-61 罐=无罐 泵=0 阀=111101 速=+0,+0,+0.00 电=8.00V/2.28A/峰3.01 补余=0.0 IO错=0 倾+0.0 自动3/3
[  427.229] TLM t= 279.0 L1·A@-72 L2·A@-65 L3·A@-74 R1·A@-75 R2Hr@-- R3·A@-61 罐=无罐 泵=0 阀=111101 速=+0,+0,+0.00 电=8.00V/2.20A/峰3.01 补余=0.0 IO错=0 倾+0.0 自动3/3
[  427.479] EVT 落地：R2
[  427.494] EVT 相位 R2 hover→descend
[  427.731] TLM t= 279.0 L1·A@-72 L2·A@-65 L3·A@-74 R1·A@-75 R2Dr@-- R3·A@-60 罐=无罐 泵=0 阀=111101 速=+0,+0,+0.00 电=7.98V/2.36A/峰3.01 补余=0.0 IO错=0 倾+0.0 自动3/3
[  427.901] EVT 泵 开 最差盘压-60.0
[  427.976] EVT 相位 R2 descend→press
[  428.253] TLM t= 279.0 L1·A@-72 L2·A@-65 L3·A@-74 R1·A@-75 R2Pr@-- R3·A@-63 罐=无罐 泵=1 阀=111101 速=+0,+0,+0.00 电=7.92V/2.44A/峰3.01 补余=0.0 IO错=0 倾+0.0 自动3/3
[  428.754] TLM t= 279.0 L1·A@-75 L2·A@-76 L3·A@-75 R1·A@-75 R2Pr@-- R3·A@-75 罐=无罐 泵=1 阀=111101 速=+0,+0,+0.00 电=7.94V/2.44A/峰3.01 补余=0.0 IO错=0 倾+0.0 自动3/3
[  428.908] EVT 泵 停 最差盘压-75.3
[  429.180] EVT 吸附 R2 released→pressing 在态4.04s 0.0kPa
[  429.181] EVT 相位 R2 press→wait
[  429.279] TLM t= 279.0 L1·A@-77 L2·A@-77 L3·A@-77 R1·A@-76 R2Wp@-- R3·A@-77 罐=无罐 泵=0 阀=111101 速=+0,+0,+0.00 电=7.97V/2.52A/峰3.01 补余=0.0 IO错=0 倾+0.0 自动3/3
[  429.511] EVT 吸附 R2 pressing→sucking 在态0.32s 0.0kPa
[  429.512] EVT 阀 R2 →抽气位
[  429.532] EVT 泵 开 最差盘压-76.1
[  429.783] TLM t= 279.0 L1·A@-77 L2·A@-76 L3·A@-77 R1·A@-76 R2Ws@-69 R3·A@-76 罐=无罐 泵=1 阀=111111 速=+0,+0,+0.00 电=7.97V/2.20A/峰3.01 补余=0.0 IO错=0 倾+0.0 自动3/3
[  429.812] EVT 吸附 R2 sucking→attached 在态0.30s -69.1kPa
[  429.813] EVT 相位 R2 wait→stance
[  429.813] EVT 抬落完成，轮到 L3
[  430.254] EVT 泵 停 最差盘压-75.4
[  430.304] TLM t= 279.5 L1·A@-77 L2·A@-76 L3·A@-77 R1·A@-76 R2·A@-76 R3·A@-75 罐=无罐 泵=0 阀=111111 速=+0,+0,+0.00 电=8.00V/2.36A/峰3.01 补余=0.0 IO错=0 倾+0.0 自动3/3
[  430.814] TLM t= 280.0 L1·A@-76 L2·A@-76 L3·A@-77 R1·A@-76 R2·A@-74 R3·A@-76 罐=无罐 泵=0 阀=111111 速=+0,+0,+0.00 电=8.00V/2.36A/峰3.01 补余=0.0 IO错=0 倾+0.0 自动3/3
[  431.320] TLM t= 280.5 L1·A@-76 L2·A@-76 L3·A@-77 R1·A@-76 R2·A@-74 R3·A@-75 罐=无罐 泵=0 阀=111111 速=+0,+0,+0.00 电=7.99V/2.36A/峰3.01 补余=0.0 IO错=0 倾+0.0 自动3/3
[  431.824] TLM t= 281.0 L1·A@-76 L2·A@-75 L3·A@-76 R1·A@-76 R2·A@-73 R3·A@-74 罐=无罐 泵=0 阀=111111 速=+0,+0,+0.00 电=8.01V/2.28A/峰3.01 补余=0.0 IO错=0 倾+0.0 自动3/3
[  432.349] TLM t= 281.5 L1·A@-76 L2·A@-75 L3·A@-76 R1·A@-76 R2·A@-73 R3·A@-74 罐=无罐 泵=0 阀=111111 速=+0,+0,+0.00 电=8.00V/2.20A/峰3.01 补余=0.0 IO错=0 倾+0.0 自动3/3
[  432.852] TLM t= 282.0 L1·A@-76 L2·A@-74 L3·A@-76 R1·A@-76 R2·A@-72 R3·A@-73 罐=无罐 泵=0 阀=111111 速=+0,+0,+0.00 电=7.98V/2.20A/峰3.01 补余=0.0 IO错=0 倾+0.0 自动3/3
[  433.373] TLM t= 282.5 L1·A@-76 L2·A@-74 L3·A@-76 R1·A@-76 R2·A@-72 R3·A@-73 罐=无罐 泵=0 阀=111111 速=+0,+0,+0.00 电=8.01V/2.12A/峰3.01 补余=0.0 IO错=0 倾+0.0 自动3/3
[  433.878] TLM t= 283.0 L1·A@-76 L2·A@-73 L3·A@-76 R1·A@-76 R2·A@-72 R3·A@-72 罐=无罐 泵=0 阀=111111 速=+0,+0,+0.00 电=8.00V/2.28A/峰3.01 补余=0.0 IO错=0 倾+0.0 自动3/3
[  434.398] TLM t= 283.5 L1·A@-76 L2·A@-73 L3·A@-76 R1·A@-76 R2·A@-71 R3·A@-72 罐=无罐 泵=0 阀=111111 速=+0,+0,+0.00 电=7.98V/2.36A/峰3.01 补余=0.0 IO错=0 倾+0.0 自动3/3
[  434.901] TLM t= 284.0 L1·A@-76 L2·A@-73 L3·A@-76 R1·A@-76 R2·A@-71 R3·A@-71 罐=无罐 泵=0 阀=111111 速=+0,+0,+0.00 电=8.00V/2.20A/峰3.01 补余=0.0 IO错=0 倾+0.0 自动3/3
[  435.424] TLM t= 284.5 L1·A@-75 L2·A@-72 L3·A@-76 R1·A@-76 R2·A@-71 R3·A@-70 罐=无罐 泵=0 阀=111111 速=+0,+0,+0.00 电=8.00V/2.28A/峰3.01 补余=0.0 IO错=0 倾+0.0 自动3/3
[  435.927] TLM t= 285.0 L1·A@-75 L2·A@-72 L3·A@-76 R1·A@-76 R2·A@-70 R3·A@-70 罐=无罐 泵=0 阀=111111 速=+0,+0,+0.00 电=8.00V/2.36A/峰3.01 补余=0.0 IO错=0 倾+0.0 自动3/3
[  436.448] TLM t= 285.6 L1·A@-75 L2·A@-71 L3·A@-76 R1·A@-75 R2·A@-70 R3·A@-69 罐=无罐 泵=0 阀=111111 速=+0,+0,+0.00 电=8.00V/2.36A/峰3.01 补余=0.0 IO错=0 倾+0.0 自动3/3
[  436.952] TLM t= 286.1 L1·A@-75 L2·A@-71 L3·A@-76 R1·A@-75 R2·A@-69 R3·A@-69 罐=无罐 泵=0 阀=111111 速=+0,+0,+0.00 电=8.01V/2.20A/峰3.01 补余=0.0 IO错=0 倾+0.0 自动3/3
[  437.472] TLM t= 286.6 L1·A@-75 L2·A@-71 L3·A@-76 R1·A@-75 R2·A@-69 R3·A@-68 罐=无罐 泵=0 阀=111111 速=+0,+0,+0.00 电=7.99V/2.20A/峰3.01 补余=0.0 IO错=0 倾+0.0 自动3/3
[  437.976] TLM t= 287.1 L1·A@-75 L2·A@-70 L3·A@-76 R1·A@-75 R2·A@-69 R3·A@-68 罐=无罐 泵=0 阀=111111 速=+0,+0,+0.00 电=7.99V/2.44A/峰3.01 补余=0.0 IO错=0 倾+0.0 自动3/3
[  438.499] TLM t= 287.6 L1·A@-75 L2·A@-70 L3·A@-76 R1·A@-75 R2·A@-68 R3·A@-67 罐=无罐 泵=0 阀=111111 速=+0,+0,+0.00 电=7.99V/2.36A/峰3.01 补余=0.0 IO错=0 倾+0.0 自动3/3
[  439.004] TLM t= 288.1 L1·A@-75 L2·A@-70 L3·A@-76 R1·A@-75 R2·A@-68 R3·A@-67 罐=无罐 泵=0 阀=111111 速=+0,+0,+0.00 电=7.99V/2.36A/峰3.01 补余=0.0 IO错=0 倾+0.0 自动3/3
[  439.521] TLM t= 288.6 L1·A@-75 L2·A@-69 L3·A@-76 R1·A@-75 R2·A@-68 R3·A@-66 罐=无罐 泵=0 阀=111111 速=+0,+0,+0.00 电=8.00V/2.28A/峰3.01 补余=0.0 IO错=0 倾+0.0 自动3/3
[  439.836] EVT 原地抬起受理：L3
[  439.848] EVT 相位 L3 stance→handover
[  440.025] TLM t= 290.0 L1·A@-74 L2·A@-69 L3ZA@-75 R1·A@-75 R2·A@-67 R3·A@-66 罐=无罐 泵=0 阀=111111 速=+0,+0,+0.00 电=8.00V/2.20A/峰3.01 补余=0.0 IO错=0 倾+0.0 自动3/3
[  440.547] TLM t= 290.4 L1·A@-74 L2·A@-68 L3ZA@-75 R1·A@-75 R2·A@-67 R3·A@-65 罐=无罐 泵=0 阀=111111 速=+0,+0,+0.00 电=8.02V/1.79A/峰3.01 补余=0.0 IO错=0 倾+0.0 自动3/3
[  441.053] TLM t= 290.4 L1·A@-74 L2·A@-68 L3ZA@-75 R1·A@-75 R2·A@-66 R3·A@-64 罐=无罐 泵=0 阀=111111 速=+0,+0,+0.00 电=8.02V/1.79A/峰3.01 补余=0.0 IO错=0 倾+0.0 自动3/3
[  441.574] TLM t= 290.4 L1·A@-74 L2·A@-68 L3ZA@-75 R1·A@-75 R2·A@-66 R3·A@-64 罐=无罐 泵=0 阀=111111 速=+0,+0,+0.00 电=8.02V/1.87A/峰3.01 补余=0.0 IO错=0 倾+0.0 自动3/3
[  442.083] TLM t= 290.4 L1·A@-74 L2·A@-67 L3ZA@-75 R1·A@-75 R2·A@-66 R3·A@-63 罐=无罐 泵=0 阀=111111 速=+0,+0,+0.00 电=8.00V/1.95A/峰3.01 补余=0.0 IO错=0 倾+0.0 自动3/3
[  442.586] TLM t= 290.4 L1·A@-74 L2·A@-67 L3ZA@-75 R1·A@-75 R2·A@-65 R3·A@-63 罐=无罐 泵=0 阀=111111 速=+0,+0,+0.00 电=8.00V/2.12A/峰3.01 补余=0.0 IO错=0 倾+0.0 自动3/3
[  442.759] EVT 吸附 L3 attached→venting 在态106.52s -75.1kPa
[  442.759] EVT 相位 L3 handover→vent 落点Δ(+0.0,+0.0)
[  442.772] EVT 阀 L3 →排气位
[  443.058] EVT 相位 L3 vent→lift
[  443.108] TLM t= 290.4 L1·A@-74 L2·A@-67 L3Lv@-75 R1·A@-75 R2·A@-65 R3·A@-62 罐=无罐 泵=0 阀=110111 速=+0,+0,+0.00 电=8.00V/1.95A/峰3.01 补余=0.0 IO错=0 倾+0.0 自动3/3
[  443.180] EVT 吸附 L3 venting→released 在态0.42s 0.1kPa
[  443.622] TLM t= 290.4 L1·A@-74 L2·A@-66 L3Lr@-- R1·A@-75 R2·A@-65 R3·A@-62 罐=无罐 泵=0 阀=110111 速=+0,+0,+0.00 电=7.99V/2.12A/峰3.01 补余=0.0 IO错=0 倾+0.0 自动3/3
[  443.900] EVT 相位 L3 lift→transfer
[  444.130] TLM t= 290.4 L1·A@-74 L2·A@-66 L3Tr@-- R1·A@-75 R2·A@-64 R3·A@-61 罐=无罐 泵=0 阀=110111 速=+0,+0,+0.00 电=7.97V/2.36A/峰3.01 补余=0.0 IO错=0 倾+0.0 自动3/3
[  444.517] EVT 相位 L3 transfer→hover
[  444.645] TLM t= 290.4 L1·A@-74 L2·A@-65 L3Hr@-- R1·A@-75 R2·A@-64 R3·A@-61 罐=无罐 泵=0 阀=110111 速=+0,+0,+0.00 电=7.99V/2.04A/峰3.01 补余=0.0 IO错=0 倾+0.0 自动3/3
[  445.153] TLM t= 290.4 L1·A@-73 L2·A@-65 L3Hr@-- R1·A@-75 R2·A@-64 R3·A@-60 罐=无罐 泵=0 阀=110111 速=+0,+0,+0.00 电=8.00V/2.12A/峰3.01 补余=0.0 IO错=0 倾+0.0 自动3/3
[  445.326] EVT 泵 开 最差盘压-60.0
[  445.524] EVT 落地：L3
[  445.539] EVT 相位 L3 hover→descend
[  445.670] TLM t= 290.4 L1·A@-73 L2·A@-65 L3Dr@-- R1·A@-75 R2·A@-64 R3·A@-63 罐=无罐 泵=1 阀=110111 速=+0,+0,+0.00 电=7.97V/2.04A/峰3.01 补余=0.0 IO错=0 倾+0.0 自动3/3
[  446.021] EVT 相位 L3 descend→press
[  446.179] TLM t= 290.4 L1·A@-74 L2·A@-75 L3Pr@-- R1·A@-75 R2·A@-75 R3·A@-75 罐=无罐 泵=1 阀=110111 速=+0,+0,+0.00 电=7.98V/1.87A/峰3.01 补余=0.0 IO错=0 倾+0.0 自动3/3
[  446.349] EVT 泵 停 最差盘压-75.2
[  446.690] TLM t= 290.4 L1·A@-77 L2·A@-77 L3Pr@-- R1·A@-76 R2·A@-76 R3·A@-76 罐=无罐 泵=0 阀=110111 速=+0,+0,+0.00 电=7.98V/1.95A/峰3.01 补余=0.0 IO错=0 倾+0.0 自动3/3
[  447.201] TLM t= 290.4 L1·A@-77 L2·A@-76 L3Pr@-- R1·A@-76 R2·A@-76 R3·A@-76 罐=无罐 泵=0 阀=110111 速=+0,+0,+0.00 电=7.98V/2.04A/峰3.01 补余=0.0 IO错=0 倾+0.0 自动3/3
[  447.224] EVT 吸附 L3 released→pressing 在态4.04s 0.1kPa
[  447.224] EVT 相位 L3 press→wait
[  447.553] EVT 吸附 L3 pressing→sucking 在态0.32s 0.1kPa
[  447.553] EVT 阀 L3 →抽气位
[  447.573] EVT 泵 开 最差盘压-75.4
[  447.707] TLM t= 290.4 L1·A@-77 L2·A@-76 L3Ws@-48 R1·A@-76 R2·A@-75 R3·A@-75 罐=无罐 泵=1 阀=111111 速=+0,+0,+0.00 电=7.98V/1.95A/峰3.01 补余=0.0 IO错=0 倾+0.0 自动3/3
[  447.852] EVT 吸附 L3 sucking→attached 在态0.30s -55.5kPa
[  447.860] EVT 相位 L3 wait→stance
[  447.860] EVT 抬落完成，轮到 R1
[  448.202] TLM t= 290.7 L1·A@-76 L2·A@-75 L3·A@-73 R1·A@-76 R2·A@-75 R3·A@-75 罐=无罐 泵=1 阀=111111 速=+0,+0,+0.00 电=7.93V/2.12A/峰3.01 补余=0.0 IO错=0 倾+0.0 自动3/3
[  448.341] EVT 泵 停 最差盘压-75.1
[  448.710] TLM t= 291.2 L1·A@-76 L2·A@-76 L3·A@-76 R1·A@-76 R2·A@-76 R3·A@-76 罐=无罐 泵=0 阀=111111 速=+0,+0,+0.00 电=8.01V/2.04A/峰3.01 补余=0.0 IO错=0 倾+0.0 自动3/3
[  449.216] TLM t= 291.7 L1·A@-76 L2·A@-76 L3·A@-76 R1·A@-76 R2·A@-75 R3·A@-75 罐=无罐 泵=0 阀=111111 速=+0,+0,+0.00 电=8.01V/1.95A/峰3.01 补余=0.0 IO错=0 倾+0.0 自动3/3
[  449.735] TLM t= 292.3 L1·A@-76 L2·A@-75 L3·A@-75 R1·A@-76 R2·A@-75 R3·A@-74 罐=无罐 泵=0 阀=111111 速=+0,+0,+0.00 电=8.00V/2.12A/峰3.01 补余=0.0 IO错=0 倾+0.0 自动3/3
[  450.242] TLM t= 292.8 L1·A@-76 L2·A@-75 L3·A@-75 R1·A@-76 R2·A@-74 R3·A@-74 罐=无罐 泵=0 阀=111111 速=+0,+0,+0.00 电=7.98V/2.04A/峰3.01 补余=0.0 IO错=0 倾+0.0 自动3/3
[  450.761] TLM t= 293.3 L1·A@-76 L2·A@-74 L3·A@-75 R1·A@-75 R2·A@-74 R3·A@-73 罐=无罐 泵=0 阀=111111 速=+0,+0,+0.00 电=8.01V/2.20A/峰3.01 补余=0.0 IO错=0 倾+0.0 自动3/3
[  451.266] TLM t= 293.8 L1·A@-76 L2·A@-74 L3·A@-75 R1·A@-75 R2·A@-74 R3·A@-73 罐=无罐 泵=0 阀=111111 速=+0,+0,+0.00 电=8.01V/1.95A/峰3.01 补余=0.0 IO错=0 倾+0.0 自动3/3
[  451.789] TLM t= 294.3 L1·A@-76 L2·A@-74 L3·A@-75 R1·A@-75 R2·A@-73 R3·A@-72 罐=无罐 泵=0 阀=111111 速=+0,+0,+0.00 电=8.01V/2.12A/峰3.01 补余=0.0 IO错=0 倾+0.0 自动3/3
[  452.293] TLM t= 294.8 L1·A@-76 L2·A@-73 L3·A@-75 R1·A@-75 R2·A@-73 R3·A@-72 罐=无罐 泵=0 阀=111111 速=+0,+0,+0.00 电=8.01V/1.95A/峰3.01 补余=0.0 IO错=0 倾+0.0 自动3/3
[  452.812] TLM t= 295.3 L1·A@-75 L2·A@-73 L3·A@-75 R1·A@-75 R2·A@-72 R3·A@-71 罐=无罐 泵=0 阀=111111 速=+0,+0,+0.00 电=8.00V/2.04A/峰3.01 补余=0.0 IO错=0 倾+0.0 自动3/3
[  453.316] TLM t= 295.8 L1·A@-75 L2·A@-72 L3·A@-74 R1·A@-75 R2·A@-72 R3·A@-71 罐=无罐 泵=0 阀=111111 速=+0,+0,+0.00 电=8.01V/2.04A/峰3.01 补余=0.0 IO错=0 倾+0.0 自动3/3
[  453.840] TLM t= 296.3 L1·A@-75 L2·A@-72 L3·A@-74 R1·A@-75 R2·A@-72 R3·A@-70 罐=无罐 泵=0 阀=111111 速=+0,+0,+0.00 电=8.00V/2.12A/峰3.01 补余=0.0 IO错=0 倾+0.0 自动3/3
[  454.343] TLM t= 296.8 L1·A@-75 L2·A@-72 L3·A@-74 R1·A@-75 R2·A@-71 R3·A@-69 罐=无罐 泵=0 阀=111111 速=+0,+0,+0.00 电=8.01V/1.95A/峰3.01 补余=0.0 IO错=0 倾+0.0 自动3/3
[  454.867] TLM t= 297.4 L1·A@-75 L2·A@-71 L3·A@-74 R1·A@-75 R2·A@-71 R3·A@-69 罐=无罐 泵=0 阀=111111 速=+0,+0,+0.00 电=7.99V/2.12A/峰3.01 补余=0.0 IO错=0 倾+0.0 自动3/3
[  455.370] TLM t= 297.9 L1·A@-75 L2·A@-71 L3·A@-74 R1·A@-75 R2·A@-71 R3·A@-68 罐=无罐 泵=0 阀=111111 速=+0,+0,+0.00 电=8.00V/2.04A/峰3.01 补余=0.0 IO错=0 倾+0.0 自动3/3
[  455.890] TLM t= 298.4 L1·A@-75 L2·A@-70 L3·A@-74 R1·A@-75 R2·A@-70 R3·A@-68 罐=无罐 泵=0 阀=111111 速=+0,+0,+0.00 电=8.00V/2.04A/峰3.01 补余=0.0 IO错=0 倾+0.0 自动3/3
[  456.394] TLM t= 298.9 L1·A@-75 L2·A@-70 L3·A@-74 R1·A@-75 R2·A@-70 R3·A@-67 罐=无罐 泵=0 阀=111111 速=+0,+0,+0.00 电=8.01V/2.20A/峰3.01 补余=0.0 IO错=0 倾+0.0 自动3/3
[  456.917] TLM t= 299.4 L1·A@-75 L2·A@-70 L3·A@-74 R1·A@-75 R2·A@-70 R3·A@-67 罐=无罐 泵=0 阀=111111 速=+0,+0,+0.00 电=8.01V/1.95A/峰3.01 补余=0.0 IO错=0 倾+0.0 自动3/3
[  457.421] TLM t= 299.9 L1·A@-74 L2·A@-69 L3·A@-74 R1·A@-75 R2·A@-69 R3·A@-66 罐=无罐 泵=0 阀=111111 速=+0,+0,+0.00 电=7.98V/2.12A/峰3.01 补余=0.0 IO错=0 倾+0.0 自动3/3
[  457.895] EVT 原地抬起受理：R1
[  457.908] EVT 相位 R1 stance→handover
[  457.943] TLM t= 301.2 L1·A@-74 L2·A@-69 L3·A@-73 R1ZA@-75 R2·A@-69 R3·A@-66 罐=无罐 泵=0 阀=111111 速=+0,+0,+0.00 电=8.01V/1.95A/峰3.01 补余=0.0 IO错=0 倾+0.0 自动3/3
[  458.447] TLM t= 301.7 L1·A@-74 L2·A@-68 L3·A@-73 R1ZA@-75 R2·A@-68 R3·A@-65 罐=无罐 泵=0 阀=111111 速=+0,+0,+0.00 电=8.03V/1.79A/峰3.01 补余=0.0 IO错=0 倾+0.0 自动3/3
[  458.965] TLM t= 301.8 L1·A@-74 L2·A@-68 L3·A@-73 R1ZA@-74 R2·A@-68 R3·A@-65 罐=无罐 泵=0 阀=111111 速=+0,+0,+0.00 电=8.02V/1.55A/峰3.01 补余=0.0 IO错=0 倾+0.0 自动3/3
[  459.468] TLM t= 301.8 L1·A@-74 L2·A@-68 L3·A@-73 R1ZA@-74 R2·A@-68 R3·A@-64 罐=无罐 泵=0 阀=111111 速=+0,+0,+0.00 电=8.01V/1.87A/峰3.01 补余=0.0 IO错=0 倾+0.0 自动3/3
[  459.991] TLM t= 301.8 L1·A@-74 L2·A@-67 L3·A@-73 R1ZA@-74 R2·A@-67 R3·A@-64 罐=无罐 泵=0 阀=111111 速=+0,+0,+0.00 电=8.01V/1.71A/峰3.01 补余=0.0 IO错=0 倾+0.0 自动3/3
[  460.494] TLM t= 301.8 L1·A@-74 L2·A@-67 L3·A@-73 R1ZA@-74 R2·A@-67 R3·A@-63 罐=无罐 泵=0 阀=111111 速=+0,+0,+0.00 电=8.01V/1.87A/峰3.01 补余=0.0 IO错=0 倾+0.0 自动3/3
[  461.019] TLM t= 301.8 L1·A@-74 L2·A@-66 L3·A@-73 R1ZA@-74 R2·A@-67 R3·A@-63 罐=无罐 泵=0 阀=111111 速=+0,+0,+0.00 电=8.00V/2.04A/峰3.01 补余=0.0 IO错=0 倾+0.0 自动3/3
[  461.213] EVT 吸附 R1 attached→venting 在态106.44s -74.3kPa
[  461.213] EVT 相位 R1 handover→vent 落点Δ(+0.0,+0.0)
[  461.226] EVT 阀 R1 →排气位
[  461.514] EVT 相位 R1 vent→lift
[  461.520] TLM t= 301.8 L1·A@-74 L2·A@-66 L3·A@-73 R1Lv@-74 R2·A@-67 R3·A@-62 罐=无罐 泵=0 阀=111011 速=+0,+0,+0.00 电=8.00V/2.04A/峰3.01 补余=0.0 IO错=0 倾+0.0 自动3/3
[  461.649] EVT 吸附 R1 venting→released 在态0.44s 0.1kPa
[  462.041] TLM t= 301.8 L1·A@-74 L2·A@-66 L3·A@-73 R1Lr@-- R2·A@-66 R3·A@-62 罐=无罐 泵=0 阀=111011 速=+0,+0,+0.00 电=7.98V/2.20A/峰3.01 补余=0.0 IO错=0 倾+0.0 自动3/3
[  462.357] EVT 相位 R1 lift→transfer
[  462.547] TLM t= 301.8 L1·A@-74 L2·A@-65 L3·A@-73 R1Tr@-- R2·A@-66 R3·A@-61 罐=无罐 泵=0 阀=111011 速=+0,+0,+0.00 电=7.98V/2.12A/峰3.01 补余=0.0 IO错=0 倾+0.0 自动3/3
[  462.971] EVT 相位 R1 transfer→hover
[  463.068] TLM t= 301.8 L1·A@-73 L2·A@-65 L3·A@-73 R1Hr@-- R2·A@-65 R3·A@-61 罐=无罐 泵=0 阀=111011 速=+0,+0,+0.00 电=7.98V/2.12A/峰3.01 补余=0.0 IO错=0 倾+0.0 自动3/3
[  463.570] TLM t= 301.8 L1·A@-73 L2·A@-65 L3·A@-73 R1Hr@-- R2·A@-65 R3·A@-60 罐=无罐 泵=0 阀=111011 速=+0,+0,+0.00 电=7.99V/2.12A/峰3.01 补余=0.0 IO错=0 倾+0.0 自动3/3
[  463.600] EVT 泵 开 最差盘压-59.9
[  463.983] EVT 落地：R1
[  463.996] EVT 相位 R1 hover→descend
[  464.095] TLM t= 301.8 L1·A@-73 L2·A@-69 L3·A@-72 R1Dr@-- R2·A@-69 R3·A@-69 罐=无罐 泵=1 阀=111011 速=+0,+0,+0.00 电=7.94V/2.20A/峰3.01 补余=0.0 IO错=0 倾+0.0 自动3/3
[  464.481] EVT 相位 R1 descend→press
[  464.529] EVT 泵 停 最差盘压-75.3
[  464.596] TLM t= 301.8 L1·A@-76 L2·A@-76 L3·A@-76 R1Pr@-- R2·A@-76 R3·A@-76 罐=无罐 泵=0 阀=111011 速=+0,+0,+0.00 电=8.00V/1.95A/峰3.01 补余=0.0 IO错=0 倾+0.0 自动3/3
[  465.115] TLM t= 301.8 L1·A@-76 L2·A@-76 L3·A@-76 R1Pr@-- R2·A@-75 R3·A@-75 罐=无罐 泵=0 阀=111011 速=+0,+0,+0.00 电=7.97V/2.12A/峰3.01 补余=0.0 IO错=0 倾+0.0 自动3/3
[  465.621] TLM t= 301.8 L1·A@-76 L2·A@-75 L3·A@-76 R1Pr@-- R2·A@-75 R3·A@-75 罐=无罐 泵=0 阀=111011 速=+0,+0,+0.00 电=7.97V/2.28A/峰3.01 补余=0.0 IO错=0 倾+0.0 自动3/3
[  465.685] EVT 吸附 R1 released→pressing 在态4.02s 0.1kPa
[  465.685] EVT 相位 R1 press→wait
[  466.011] EVT 吸附 R1 pressing→sucking 在态0.32s 0.1kPa
[  466.011] EVT 阀 R1 →抽气位
[  466.033] EVT 泵 开 最差盘压-74.2
[  466.141] TLM t= 301.8 L1·A@-76 L2·A@-75 L3·A@-76 R1Ws@-16 R2·A@-74 R3·A@-74 罐=无罐 泵=1 阀=111111 速=+0,+0,+0.00 电=7.97V/2.20A/峰3.01 补余=0.0 IO错=0 倾+0.0 自动3/3
[  466.394] EVT 吸附 R1 sucking→attached 在态0.38s -67.9kPa
[  466.394] EVT 相位 R1 wait→stance
[  466.394] EVT 抬落完成，轮到 L2
[  466.649] TLM t= 302.0 L1·A@-75 L2·A@-75 L3·A@-76 R1·A@-74 R2·A@-75 R3·A@-75 罐=无罐 泵=1 阀=111111 速=+0,+0,+0.00 电=7.92V/2.04A/峰3.01 补余=0.0 IO错=0 倾+0.0 自动3/3
[  466.712] EVT 泵 停 最差盘压-75.1
[  467.166] TLM t= 302.6 L1·A@-76 L2·A@-76 L3·A@-76 R1·A@-75 R2·A@-76 R3·A@-76 罐=无罐 泵=0 阀=111111 速=+0,+0,+0.00 电=8.00V/2.04A/峰3.01 补余=0.0 IO错=0 倾+0.0 自动3/3
[  467.672] TLM t= 303.1 L1·A@-76 L2·A@-76 L3·A@-76 R1·A@-75 R2·A@-75 R3·A@-75 罐=无罐 泵=0 阀=111111 速=+0,+0,+0.00 电=7.99V/2.04A/峰3.01 补余=0.0 IO错=0 倾+0.0 自动3/3
[  468.190] TLM t= 303.6 L1·A@-76 L2·A@-75 L3·A@-76 R1·A@-75 R2·A@-75 R3·A@-75 罐=无罐 泵=0 阀=111111 速=+0,+0,+0.00 电=7.99V/2.04A/峰3.01 补余=0.0 IO错=0 倾+0.0 自动3/3
[  468.698] TLM t= 304.1 L1·A@-76 L2·A@-75 L3·A@-76 R1·A@-75 R2·A@-74 R3·A@-74 罐=无罐 泵=0 阀=111111 速=+0,+0,+0.00 电=8.00V/2.12A/峰3.01 补余=0.0 IO错=0 倾+0.0 自动3/3
[  469.213] TLM t= 304.6 L1·A@-76 L2·A@-74 L3·A@-76 R1·A@-75 R2·A@-74 R3·A@-73 罐=无罐 泵=0 阀=111111 速=+0,+0,+0.00 电=8.00V/2.20A/峰3.01 补余=0.0 IO错=0 倾+0.0 自动3/3
[  469.719] TLM t= 305.1 L1·A@-76 L2·A@-74 L3·A@-76 R1·A@-75 R2·A@-74 R3·A@-73 罐=无罐 泵=0 阀=111111 速=+0,+0,+0.00 电=8.00V/1.95A/峰3.01 补余=0.0 IO错=0 倾+0.0 自动3/3
[  470.236] TLM t= 305.6 L1·A@-76 L2·A@-74 L3·A@-76 R1·A@-75 R2·A@-73 R3·A@-72 罐=无罐 泵=0 阀=111111 速=+0,+0,+0.00 电=8.00V/2.12A/峰3.01 补余=0.0 IO错=0 倾+0.0 自动3/3
[  470.746] TLM t= 306.1 L1·A@-75 L2·A@-73 L3·A@-76 R1·A@-75 R2·A@-73 R3·A@-72 罐=无罐 泵=0 阀=111111 速=+0,+0,+0.00 电=7.99V/2.12A/峰3.01 补余=0.0 IO错=0 倾+0.0 自动3/3
[  471.265] TLM t= 306.6 L1·A@-75 L2·A@-73 L3·A@-76 R1·A@-75 R2·A@-72 R3·A@-71 罐=无罐 泵=0 阀=111111 速=+0,+0,+0.00 电=7.97V/2.12A/峰3.01 补余=0.0 IO错=0 倾+0.0 自动3/3
[  471.770] TLM t= 307.1 L1·A@-75 L2·A@-72 L3·A@-76 R1·A@-75 R2·A@-72 R3·A@-71 罐=无罐 泵=0 阀=111111 速=+0,+0,+0.00 电=8.00V/2.12A/峰3.01 补余=0.0 IO错=0 倾+0.0 自动3/3
[  472.289] TLM t= 307.7 L1·A@-75 L2·A@-72 L3·A@-75 R1·A@-75 R2·A@-72 R3·A@-70 罐=无罐 泵=0 阀=111111 速=+0,+0,+0.00 电=7.98V/2.04A/峰3.01 补余=0.0 IO错=0 倾+0.0 自动3/3
[  472.793] TLM t= 308.2 L1·A@-75 L2·A@-72 L3·A@-75 R1·A@-75 R2·A@-71 R3·A@-70 罐=无罐 泵=0 阀=111111 速=+0,+0,+0.00 电=7.98V/2.12A/峰3.01 补余=0.0 IO错=0 倾+0.0 自动3/3
[  473.314] TLM t= 308.7 L1·A@-75 L2·A@-71 L3·A@-75 R1·A@-75 R2·A@-71 R3·A@-69 罐=无罐 泵=0 阀=111111 速=+0,+0,+0.00 电=7.98V/2.12A/峰3.01 补余=0.0 IO错=0 倾+0.0 自动3/3
[  473.817] TLM t= 309.2 L1·A@-75 L2·A@-71 L3·A@-75 R1·A@-75 R2·A@-71 R3·A@-68 罐=无罐 泵=0 阀=111111 速=+0,+0,+0.00 电=8.00V/2.04A/峰3.01 补余=0.0 IO错=0 倾+0.0 自动3/3
[  474.337] TLM t= 309.7 L1·A@-75 L2·A@-71 L3·A@-75 R1·A@-75 R2·A@-70 R3·A@-68 罐=无罐 泵=0 阀=111111 速=+0,+0,+0.00 电=7.99V/2.12A/峰3.01 补余=0.0 IO错=0 倾+0.0 自动3/3
[  474.845] TLM t= 310.2 L1·A@-75 L2·A@-70 L3·A@-75 R1·A@-74 R2·A@-70 R3·A@-67 罐=无罐 泵=0 阀=111111 速=+0,+0,+0.00 电=7.99V/2.20A/峰3.01 补余=0.0 IO错=0 倾+0.0 自动3/3
[  475.359] TLM t= 310.7 L1·A@-74 L2·A@-70 L3·A@-75 R1·A@-74 R2·A@-70 R3·A@-67 罐=无罐 泵=0 阀=111111 速=+0,+0,+0.00 电=7.99V/2.12A/峰3.01 补余=0.0 IO错=0 倾+0.0 自动3/3
[  475.868] TLM t= 311.2 L1·A@-74 L2·A@-69 L3·A@-75 R1·A@-74 R2·A@-69 R3·A@-66 罐=无罐 泵=0 阀=111111 速=+0,+0,+0.00 电=7.98V/2.04A/峰3.01 补余=0.0 IO错=0 倾+0.0 自动3/3
[  476.383] TLM t= 311.7 L1·A@-74 L2·A@-69 L3·A@-75 R1·A@-74 R2·A@-69 R3·A@-66 罐=无罐 泵=0 阀=111111 速=+0,+0,+0.00 电=7.99V/2.12A/峰3.01 补余=0.0 IO错=0 倾+0.0 自动3/3
[  476.413] EVT 原地抬起受理：L2
[  476.435] EVT 相位 L2 stance→handover
[  476.888] TLM t= 313.1 L1·A@-74 L2ZA@-69 L3·A@-75 R1·A@-74 R2·A@-69 R3·A@-65 罐=无罐 泵=0 阀=111111 速=+0,+0,+0.00 电=7.98V/2.28A/峰3.01 补余=0.0 IO错=0 倾+0.0 自动3/3
[  477.408] TLM t= 313.2 L1·A@-74 L2ZA@-68 L3·A@-75 R1·A@-74 R2·A@-68 R3·A@-65 罐=无罐 泵=0 阀=111111 速=+0,+0,+0.00 电=7.97V/2.12A/峰3.01 补余=0.0 IO错=0 倾+0.0 自动3/3
[  477.912] TLM t= 313.2 L1·A@-74 L2ZA@-68 L3·A@-75 R1·A@-74 R2·A@-68 R3·A@-64 罐=无罐 泵=0 阀=111111 速=+0,+0,+0.00 电=7.98V/2.28A/峰3.01 补余=0.0 IO错=0 倾+0.0 自动3/3
[  478.429] TLM t= 313.2 L1·A@-74 L2ZA@-67 L3·A@-75 R1·A@-74 R2·A@-67 R3·A@-63 罐=无罐 泵=0 阀=111111 速=+0,+0,+0.00 电=7.98V/2.28A/峰3.01 补余=0.0 IO错=0 倾+0.0 自动3/3
[  478.820] EVT 吸附 L2 attached→venting 在态106.50s -67.0kPa
[  478.820] EVT 相位 L2 handover→vent 落点Δ(+0.0,+0.0)
[  478.843] EVT 阀 L2 →排气位
[  478.934] TLM t= 313.2 L1·A@-74 L2Vv@-67 L3·A@-75 R1·A@-74 R2·A@-67 R3·A@-63 罐=无罐 泵=0 阀=101111 速=+0,+0,+0.00 电=7.98V/2.20A/峰3.01 补余=0.0 IO错=0 倾+0.0 自动3/3
[  479.121] EVT 相位 L2 vent→lift
[  479.244] EVT 吸附 L2 venting→released 在态0.42s 0.3kPa
[  479.454] TLM t= 313.2 L1·A@-74 L2Lr@-- L3·A@-75 R1·A@-74 R2·A@-67 R3·A@-62 罐=无罐 泵=0 阀=101111 速=+0,+0,+0.00 电=7.97V/2.60A/峰3.01 补余=0.0 IO错=0 倾+0.0 自动3/3
[  479.955] TLM t= 313.2 L1·A@-74 L2Lr@-- L3·A@-75 R1·A@-74 R2·A@-66 R3·A@-62 罐=无罐 泵=0 阀=101111 速=+0,+0,+0.00 电=7.94V/2.52A/峰3.01 补余=0.0 IO错=0 倾+0.0 自动3/3
[  479.964] EVT 相位 L2 lift→transfer
[  480.478] TLM t= 313.2 L1·A@-74 L2Tr@-- L3·A@-74 R1·A@-74 R2·A@-66 R3·A@-61 罐=无罐 泵=0 阀=101111 速=+0,+0,+0.00 电=7.95V/2.69A/峰3.01 补余=0.0 IO错=0 倾+0.0 自动3/3
[  480.589] EVT 相位 L2 transfer→hover
[  480.977] TLM t= 313.2 L1·A@-73 L2Hr@-- L3·A@-74 R1·A@-74 R2·A@-66 R3·A@-61 罐=无罐 泵=0 阀=101111 速=+0,+0,+0.00 电=7.96V/2.44A/峰3.01 补余=0.0 IO错=0 倾+0.0 自动3/3
[  481.499] TLM t= 313.2 L1·A@-73 L2Hr@-- L3·A@-74 R1·A@-74 R2·A@-65 R3·A@-60 罐=无罐 泵=0 阀=101111 速=+0,+0,+0.00 电=7.97V/2.36A/峰3.01 补余=0.0 IO错=0 倾+0.0 自动3/3
[  481.589] EVT 落地：L2
[  481.611] EVT 相位 L2 hover→descend
[  481.792] EVT 泵 开 最差盘压-60.0
[  482.001] TLM t= 313.2 L1·A@-73 L2Dr@-- L3·A@-74 R1·A@-74 R2·A@-65 R3·A@-60 罐=无罐 泵=1 阀=101111 速=+0,+0,+0.00 电=7.90V/2.52A/峰3.01 补余=0.0 IO错=0 倾+0.0 自动3/3
[  482.093] EVT 相位 L2 descend→press
[  482.521] TLM t= 313.2 L1·A@-74 L2Pr@-- L3·A@-74 R1·A@-74 R2·A@-74 R3·A@-74 罐=无罐 泵=1 阀=101111 速=+0,+0,+0.00 电=7.95V/2.44A/峰3.01 补余=0.0 IO错=0 倾+0.0 自动3/3
[  482.792] EVT 泵 停 最差盘压-75.2
[  483.023] TLM t= 313.2 L1·A@-77 L2Pr@-- L3·A@-77 R1·A@-76 R2·A@-77 R3·A@-77 罐=无罐 泵=0 阀=101111 速=+0,+0,+0.00 电=7.97V/2.36A/峰3.01 补余=0.0 IO错=0 倾+0.0 自动3/3
[  483.296] EVT 吸附 L2 released→pressing 在态4.04s 0.3kPa
[  483.296] EVT 相位 L2 press→wait
[  483.546] TLM t= 313.2 L1·A@-77 L2Wp@-- L3·A@-77 R1·A@-76 R2·A@-76 R3·A@-76 罐=无罐 泵=0 阀=101111 速=+0,+0,+0.00 电=7.96V/2.52A/峰3.01 补余=0.0 IO错=0 倾+0.0 自动3/3
[  483.617] EVT 吸附 L2 pressing→sucking 在态0.32s 0.3kPa
[  483.617] EVT 阀 L2 →抽气位
[  483.637] EVT 泵 开 最差盘压-76.0
[  483.915] EVT 吸附 L2 sucking→attached 在态0.30s -66.8kPa
[  483.918] EVT 相位 L2 wait→stance
[  483.918] EVT 抬落完成，轮到 R3
[  483.918] EVT 自动轮换：第 3 轮完成
[  484.046] TLM t= 313.3 L1·A@-77 L2·A@-71 L3·A@-77 R1·A@-76 R2·A@-76 R3·A@-76 罐=无罐 泵=1 阀=111111 速=+0,+0,+0.00 电=7.94V/2.36A/峰3.01 补余=0.0 IO错=0 倾+0.0 自动3/3
[  484.239] EVT 泵 停 最差盘压-75.4
[  484.546] TLM t= 313.8 L1·A@-77 L2·A@-76 L3·A@-77 R1·A@-76 R2·A@-76 R3·A@-76 罐=无罐 泵=0 阀=111111 速=+0,+0,+0.00 电=7.97V/2.28A/峰3.01 补余=0.0 IO错=0 倾+0.0 自动3/3
[  485.053] TLM t= 314.3 L1·A@-77 L2·A@-76 L3·A@-77 R1·A@-76 R2·A@-75 R3·A@-75 罐=无罐 泵=0 阀=111111 速=+0,+0,+0.00 电=7.97V/2.36A/峰3.01 补余=0.0 IO错=0 倾+0.0 自动3/3
[  485.552] TLM t= 314.8 L1·A@-76 L2·A@-75 L3·A@-77 R1·A@-76 R2·A@-75 R3·A@-75 罐=无罐 泵=0 阀=111111 速=+0,+0,+0.00 电=7.97V/2.44A/峰3.01 补余=0.0 IO错=0 倾+0.0 自动3/3
[  486.054] TLM t= 315.3 L1·A@-76 L2·A@-75 L3·A@-77 R1·A@-76 R2·A@-75 R3·A@-74 罐=无罐 泵=0 阀=111111 速=+0,+0,+0.00 电=7.96V/2.28A/峰3.01 补余=0.0 IO错=0 倾+0.0 自动3/3
[  486.552] TLM t= 315.8 L1·A@-76 L2·A@-74 L3·A@-77 R1·A@-76 R2·A@-74 R3·A@-74 罐=无罐 泵=0 阀=111111 速=+0,+0,+0.00 电=7.97V/2.52A/峰3.01 补余=0.0 IO错=0 倾+0.0 自动3/3
[  487.054] TLM t= 316.3 L1·A@-76 L2·A@-74 L3·A@-76 R1·A@-76 R2·A@-74 R3·A@-73 罐=无罐 泵=0 阀=111111 速=+0,+0,+0.00 电=7.98V/2.44A/峰3.01 补余=0.0 IO错=0 倾+0.0 自动3/3
[  487.558] TLM t= 316.8 L1·A@-76 L2·A@-73 L3·A@-76 R1·A@-76 R2·A@-74 R3·A@-73 罐=无罐 泵=0 阀=111111 速=+0,+0,+0.00 电=7.95V/2.36A/峰3.01 补余=0.0 IO错=0 倾+0.0 自动3/3
[  488.056] TLM t= 317.3 L1·A@-76 L2·A@-73 L3·A@-76 R1·A@-76 R2·A@-73 R3·A@-72 罐=无罐 泵=0 阀=111111 速=+0,+0,+0.00 电=7.95V/2.52A/峰3.01 补余=0.0 IO错=0 倾+0.0 自动3/3
[  488.562] TLM t= 317.8 L1·A@-76 L2·A@-72 L3·A@-76 R1·A@-76 R2·A@-73 R3·A@-71 罐=无罐 泵=0 阀=111111 速=+0,+0,+0.00 电=7.97V/2.28A/峰3.01 补余=0.0 IO错=0 倾+0.0 自动3/3
[  489.063] TLM t= 318.3 L1·A@-76 L2·A@-72 L3·A@-76 R1·A@-76 R2·A@-73 R3·A@-71 罐=无罐 泵=0 阀=111111 速=+0,+0,+0.00 电=7.98V/2.44A/峰3.01 补余=0.0 IO错=0 倾+0.0 自动3/3
[  489.565] TLM t= 318.8 L1·A@-76 L2·A@-72 L3·A@-76 R1·A@-76 R2·A@-72 R3·A@-70 罐=无罐 泵=0 阀=111111 速=+0,+0,+0.00 电=7.98V/2.44A/峰3.01 补余=0.0 IO错=0 倾+0.0 自动3/3
[  490.070] TLM t= 319.3 L1·A@-75 L2·A@-71 L3·A@-76 R1·A@-76 R2·A@-72 R3·A@-70 罐=无罐 泵=0 阀=111111 速=+0,+0,+0.00 电=7.98V/2.52A/峰3.01 补余=0.0 IO错=0 倾+0.0 自动3/3
[  490.571] TLM t= 319.8 L1·A@-75 L2·A@-71 L3·A@-76 R1·A@-76 R2·A@-71 R3·A@-69 罐=无罐 泵=0 阀=111111 速=+0,+0,+0.00 电=7.97V/2.44A/峰3.01 补余=0.0 IO错=0 倾+0.0 自动3/3
[  491.070] TLM t= 320.3 L1·A@-75 L2·A@-70 L3·A@-76 R1·A@-76 R2·A@-71 R3·A@-69 罐=无罐 泵=0 阀=111111 速=+0,+0,+0.00 电=7.99V/2.36A/峰3.01 补余=0.0 IO错=0 倾+0.0 自动3/3
[  491.577] TLM t= 320.8 L1·A@-75 L2·A@-70 L3·A@-76 R1·A@-76 R2·A@-71 R3·A@-68 罐=无罐 泵=0 阀=111111 速=+0,+0,+0.00 电=7.97V/2.44A/峰3.01 补余=0.0 IO错=0 倾+0.0 自动3/3
[  492.075] TLM t= 321.3 L1·A@-75 L2·A@-70 L3·A@-76 R1·A@-75 R2·A@-70 R3·A@-68 罐=无罐 泵=0 阀=111111 速=+0,+0,+0.00 电=7.98V/2.36A/峰3.01 补余=0.0 IO错=0 倾+0.0 自动3/3
[  492.577] TLM t= 321.8 L1·A@-75 L2·A@-69 L3·A@-76 R1·A@-76 R2·A@-70 R3·A@-67 罐=无罐 泵=0 阀=111111 速=+0,+0,+0.00 电=7.97V/2.28A/峰3.01 补余=0.0 IO错=0 倾+0.0 自动3/3
[  493.077] TLM t= 322.3 L1·A@-75 L2·A@-69 L3·A@-76 R1·A@-75 R2·A@-70 R3·A@-67 罐=无罐 泵=0 阀=111111 速=+0,+0,+0.00 电=7.97V/2.44A/峰3.01 补余=0.0 IO错=0 倾+0.0 自动3/3
[  493.579] TLM t= 322.8 L1·A@-75 L2·A@-68 L3·A@-76 R1·A@-75 R2·A@-69 R3·A@-66 罐=无罐 泵=0 阀=111111 速=+0,+0,+0.00 电=7.96V/2.28A/峰3.01 补余=0.0 IO错=0 倾+0.0 自动3/3
[  494.082] TLM t= 323.3 L1·A@-75 L2·A@-68 L3·A@-76 R1·A@-75 R2·A@-69 R3·A@-66 罐=无罐 泵=0 阀=111111 速=+0,+0,+0.00 电=7.96V/2.52A/峰3.01 补余=0.0 IO错=0 倾+0.0 自动3/3
[  494.585] TLM t= 323.8 L1·A@-74 L2·A@-68 L3·A@-75 R1·A@-75 R2·A@-69 R3·A@-65 罐=无罐 泵=0 阀=111111 速=+0,+0,+0.00 电=7.98V/2.44A/峰3.01 补余=0.0 IO错=0 倾+0.0 自动3/3
[  495.090] TLM t= 324.3 L1·A@-74 L2·A@-67 L3·A@-75 R1·A@-75 R2·A@-68 R3·A@-65 罐=无罐 泵=0 阀=111111 速=+0,+0,+0.00 电=7.96V/2.36A/峰3.01 补余=0.0 IO错=0 倾+0.0 自动3/3
[  495.599] TLM t= 324.8 L1·A@-74 L2·A@-67 L3·A@-75 R1·A@-75 R2·A@-68 R3·A@-64 罐=无罐 泵=0 阀=111111 速=+0,+0,+0.00 电=7.97V/2.36A/峰3.01 补余=0.0 IO错=0 倾+0.0 自动3/3
[  496.115] TLM t= 325.3 L1·A@-74 L2·A@-67 L3·A@-75 R1·A@-75 R2·A@-68 R3·A@-64 罐=无罐 泵=0 阀=111111 速=+0,+0,+0.00 电=7.97V/2.36A/峰3.01 补余=0.0 IO错=0 倾+0.0 自动3/3
[  496.620] TLM t= 325.8 L1·A@-74 L2·A@-66 L3·A@-75 R1·A@-75 R2·A@-67 R3·A@-63 罐=无罐 泵=0 阀=111111 速=+0,+0,+0.00 电=7.98V/2.36A/峰3.01 补余=0.0 IO错=0 倾+0.0 自动3/3
[  497.140] TLM t= 326.4 L1·A@-74 L2·A@-66 L3·A@-75 R1·A@-75 R2·A@-67 R3·A@-62 罐=无罐 泵=0 阀=111111 速=+0,+0,+0.00 电=7.97V/2.36A/峰3.01 补余=0.0 IO错=0 倾+0.0 自动3/3
[  497.643] TLM t= 326.9 L1·A@-74 L2·A@-65 L3·A@-75 R1·A@-75 R2·A@-67 R3·A@-62 罐=无罐 泵=0 阀=111111 速=+0,+0,+0.00 电=7.97V/2.44A/峰3.01 补余=0.0 IO错=0 倾+0.0 自动3/3
[  498.161] TLM t= 327.4 L1·A@-74 L2·A@-65 L3·A@-75 R1·A@-75 R2·A@-66 R3·A@-61 罐=无罐 泵=0 阀=111111 速=+0,+0,+0.00 电=7.95V/2.36A/峰3.01 补余=0.0 IO错=0 倾+0.0 自动3/3
[  498.668] TLM t= 327.9 L1·A@-74 L2·A@-65 L3·A@-75 R1·A@-75 R2·A@-66 R3·A@-61 罐=无罐 泵=0 阀=111111 速=+0,+0,+0.00 电=7.95V/2.60A/峰3.01 补余=0.0 IO错=0 倾+0.0 自动3/3
[  499.185] TLM t= 328.4 L1·A@-74 L2·A@-64 L3·A@-75 R1·A@-75 R2·A@-66 R3·A@-60 罐=无罐 泵=0 阀=111111 速=+0,+0,+0.00 电=7.96V/2.36A/峰3.01 补余=0.0 IO错=0 倾+0.0 自动3/3
[  499.560] EVT 泵 开 最差盘压-59.9
[  499.689] TLM t= 328.9 L1·A@-73 L2·A@-64 L3·A@-75 R1·A@-75 R2·A@-65 R3·A@-60 罐=无罐 泵=1 阀=111111 速=+0,+0,+0.00 电=7.93V/2.36A/峰3.01 补余=0.0 IO错=0 倾+0.0 自动3/3
[  500.208] TLM t= 329.4 L1·A@-73 L2·A@-73 L3·A@-75 R1·A@-75 R2·A@-72 R3·A@-71 罐=无罐 泵=1 阀=111111 速=+0,+0,+0.00 电=7.93V/2.36A/峰3.01 补余=0.0 IO错=0 倾+0.0 自动3/3
[  500.683] EVT 泵 停 最差盘压-75.9
[  500.714] TLM t= 329.9 L1·A@-77 L2·A@-77 L3·A@-77 R1·A@-76 R2·A@-77 R3·A@-77 罐=无罐 泵=0 阀=111111 速=+0,+0,+0.00 电=7.97V/2.52A/峰3.01 补余=0.0 IO错=0 倾+0.0 自动3/3
[  501.236] TLM t= 330.4 L1·A@-77 L2·A@-77 L3·A@-77 R1·A@-77 R2·A@-77 R3·A@-77 罐=无罐 泵=0 阀=111111 速=+0,+0,+0.00 电=7.96V/2.44A/峰3.01 补余=0.0 IO错=0 倾+0.0 自动3/3
[  501.742] TLM t= 330.9 L1·A@-77 L2·A@-77 L3·A@-77 R1·A@-77 R2·A@-76 R3·A@-76 罐=无罐 泵=0 阀=111111 速=+0,+0,+0.00 电=7.95V/2.52A/峰3.01 补余=0.0 IO错=0 倾+0.0 自动3/3
[  502.260] TLM t= 331.5 L1·A@-77 L2·A@-76 L3·A@-77 R1·A@-77 R2·A@-76 R3·A@-76 罐=无罐 泵=0 阀=111111 速=+0,+0,+0.00 电=7.96V/2.28A/峰3.01 补余=0.0 IO错=0 倾+0.0 自动3/3
[  502.764] TLM t= 332.0 L1·A@-77 L2·A@-76 L3·A@-77 R1·A@-76 R2·A@-75 R3·A@-75 罐=无罐 泵=0 阀=111111 速=+0,+0,+0.00 电=7.94V/2.52A/峰3.01 补余=0.0 IO错=0 倾+0.0 自动3/3
[  503.282] TLM t= 332.5 L1·A@-77 L2·A@-75 L3·A@-77 R1·A@-76 R2·A@-75 R3·A@-75 罐=无罐 泵=0 阀=111111 速=+0,+0,+0.00 电=7.95V/2.36A/峰3.01 补余=0.0 IO错=0 倾+0.0 自动3/3
[  503.790] TLM t= 333.0 L1·A@-77 L2·A@-75 L3·A@-77 R1·A@-76 R2·A@-75 R3·A@-74 罐=无罐 泵=0 阀=111111 速=+0,+0,+0.00 电=7.96V/2.28A/峰3.01 补余=0.0 IO错=0 倾+0.0 自动3/3
[  504.304] TLM t= 333.5 L1·A@-77 L2·A@-75 L3·A@-77 R1·A@-76 R2·A@-74 R3·A@-73 罐=无罐 泵=0 阀=111111 速=+0,+0,+0.00 电=7.97V/2.28A/峰3.01 补余=0.0 IO错=0 倾+0.0 自动3/3
[  504.812] TLM t= 334.0 L1·A@-76 L2·A@-74 L3·A@-77 R1·A@-76 R2·A@-74 R3·A@-73 罐=无罐 泵=0 阀=111111 速=+0,+0,+0.00 电=7.95V/2.44A/峰3.01 补余=0.0 IO错=0 倾+0.0 自动3/3
[  505.328] TLM t= 334.5 L1·A@-76 L2·A@-74 L3·A@-77 R1·A@-76 R2·A@-74 R3·A@-72 罐=无罐 泵=0 阀=111111 速=+0,+0,+0.00 电=7.98V/2.36A/峰3.01 补余=0.0 IO错=0 倾+0.0 自动3/3
[  505.833] TLM t= 335.0 L1·A@-76 L2·A@-73 L3·A@-77 R1·A@-76 R2·A@-73 R3·A@-72 罐=无罐 泵=0 阀=111111 速=+0,+0,+0.00 电=7.96V/2.44A/峰3.01 补余=0.0 IO错=0 倾+0.0 自动3/3
[  506.355] TLM t= 335.5 L1·A@-76 L2·A@-73 L3·A@-77 R1·A@-76 R2·A@-73 R3·A@-71 罐=无罐 泵=0 阀=111111 速=+0,+0,+0.00 电=7.98V/2.44A/峰3.01 补余=0.0 IO错=0 倾+0.0 自动3/3
[  506.858] TLM t= 336.0 L1·A@-76 L2·A@-72 L3·A@-77 R1·A@-76 R2·A@-72 R3·A@-71 罐=无罐 泵=0 阀=111111 速=+0,+0,+0.00 电=7.96V/2.36A/峰3.01 补余=0.0 IO错=0 倾+0.0 自动3/3
[  507.380] TLM t= 336.6 L1·A@-76 L2·A@-72 L3·A@-77 R1·A@-76 R2·A@-72 R3·A@-70 罐=无罐 泵=0 阀=111111 速=+0,+0,+0.00 电=7.97V/2.44A/峰3.01 补余=0.0 IO错=0 倾+0.0 自动3/3
[  507.883] TLM t= 337.1 L1·A@-76 L2·A@-72 L3·A@-76 R1·A@-76 R2·A@-72 R3·A@-69 罐=无罐 泵=0 阀=111111 速=+0,+0,+0.00 电=7.98V/2.36A/峰3.01 补余=0.0 IO错=0 倾+0.0 自动3/3
[  508.402] TLM t= 337.6 L1·A@-76 L2·A@-71 L3·A@-76 R1·A@-76 R2·A@-71 R3·A@-69 罐=无罐 泵=0 阀=111111 速=+0,+0,+0.00 电=7.98V/2.28A/峰3.01 补余=0.0 IO错=0 倾+0.0 自动3/3
[  508.906] TLM t= 338.1 L1·A@-76 L2·A@-71 L3·A@-76 R1·A@-76 R2·A@-71 R3·A@-68 罐=无罐 泵=0 阀=111111 速=+0,+0,+0.00 电=7.97V/2.44A/峰3.01 补余=0.0 IO错=0 倾+0.0 自动3/3
[  509.426] TLM t= 338.6 L1·A@-75 L2·A@-71 L3·A@-76 R1·A@-76 R2·A@-71 R3·A@-68 罐=无罐 泵=0 阀=111111 速=+0,+0,+0.00 电=7.96V/2.52A/峰3.01 补余=0.0 IO错=0 倾+0.0 自动3/3
[  509.928] TLM t= 339.1 L1·A@-75 L2·A@-70 L3·A@-76 R1·A@-76 R2·A@-70 R3·A@-67 罐=无罐 泵=0 阀=111111 速=+0,+0,+0.00 电=7.97V/2.36A/峰3.01 补余=0.0 IO错=0 倾+0.0 自动3/3
[  510.450] TLM t= 339.6 L1·A@-75 L2·A@-70 L3·A@-76 R1·A@-76 R2·A@-70 R3·A@-67 罐=无罐 泵=0 阀=111111 速=+0,+0,+0.00 电=7.96V/2.36A/峰3.01 补余=0.0 IO错=0 倾+0.0 自动3/3
[  510.958] TLM t= 340.1 L1·A@-75 L2·A@-69 L3·A@-76 R1·A@-76 R2·A@-70 R3·A@-66 罐=无罐 泵=0 阀=111111 速=+0,+0,+0.00 电=7.98V/2.44A/峰3.01 补余=0.0 IO错=0 倾+0.0 自动3/3
[  511.477] TLM t= 340.6 L1·A@-75 L2·A@-69 L3·A@-76 R1·A@-76 R2·A@-69 R3·A@-66 罐=无罐 泵=0 阀=111111 速=+0,+0,+0.00 电=7.96V/2.36A/峰3.01 补余=0.0 IO错=0 倾+0.0 自动3/3
[  511.979] TLM t= 341.1 L1·A@-75 L2·A@-69 L3·A@-76 R1·A@-76 R2·A@-69 R3·A@-65 罐=无罐 泵=0 阀=111111 速=+0,+0,+0.00 电=7.97V/2.36A/峰3.01 补余=0.0 IO错=0 倾+0.0 自动3/3
[  512.499] TLM t= 341.7 L1·A@-75 L2·A@-68 L3·A@-76 R1·A@-76 R2·A@-69 R3·A@-65 罐=无罐 泵=0 阀=111111 速=+0,+0,+0.00 电=7.97V/2.44A/峰3.01 补余=0.0 IO错=0 倾+0.0 自动3/3
[  513.000] TLM t= 342.2 L1·A@-75 L2·A@-68 L3·A@-76 R1·A@-76 R2·A@-68 R3·A@-64 罐=无罐 泵=0 阀=111111 速=+0,+0,+0.00 电=7.98V/2.28A/峰3.01 补余=0.0 IO错=0 倾+0.0 自动3/3
[  513.525] TLM t= 342.7 L1·A@-75 L2·A@-67 L3·A@-76 R1·A@-76 R2·A@-68 R3·A@-64 罐=无罐 泵=0 阀=111111 速=+0,+0,+0.00 电=7.95V/2.36A/峰3.01 补余=0.0 IO错=0 倾+0.0 自动3/3
[  513.937] EVT 实验序列完成
[  514.027] TLM t= 343.2 L1·A@-75 L2·A@-67 L3·A@-76 R1·A@-76 R2·A@-67 R3·A@-63 罐=无罐 泵=0 阀=111111 速=+0,+0,+0.00 电=7.97V/2.52A/峰3.01 补余=0.0 IO错=0 倾+0.0
[  514.548] TLM t= 343.7 L1·A@-74 L2·A@-67 L3·A@-76 R1·A@-76 R2·A@-67 R3·A@-63 罐=无罐 泵=0 阀=111111 速=+0,+0,+0.00 电=7.96V/2.20A/峰3.01 补余=0.0 IO错=0 倾+0.0
[  515.052] TLM t= 344.2 L1·A@-74 L2·A@-66 L3·A@-76 R1·A@-76 R2·A@-67 R3·A@-62 罐=无罐 泵=0 阀=111111 速=+0,+0,+0.00 电=7.97V/2.36A/峰3.01 补余=0.0 IO错=0 倾+0.0
[  515.574] TLM t= 344.7 L1·A@-74 L2·A@-66 L3·A@-76 R1·A@-76 R2·A@-66 R3·A@-62 罐=无罐 泵=0 阀=111111 速=+0,+0,+0.00 电=7.96V/2.44A/峰3.01 补余=0.0 IO错=0 倾+0.0
[  516.077] TLM t= 345.2 L1·A@-74 L2·A@-66 L3·A@-75 R1·A@-76 R2·A@-66 R3·A@-61 罐=无罐 泵=0 阀=111111 速=+0,+0,+0.00 电=7.96V/2.36A/峰3.01 补余=0.0 IO错=0 倾+0.0
[  516.599] TLM t= 345.7 L1·A@-74 L2·A@-65 L3·A@-75 R1·A@-76 R2·A@-66 R3·A@-60 罐=无罐 泵=0 阀=111111 速=+0,+0,+0.00 电=7.96V/2.52A/峰3.01 补余=0.0 IO错=0 倾+0.0
[  517.096] EVT 泵 开 最差盘压-59.9
[  517.103] TLM t= 346.2 L1·A@-74 L2·A@-65 L3·A@-75 R1·A@-76 R2·A@-65 R3·A@-60 罐=无罐 泵=1 阀=111111 速=+0,+0,+0.00 电=7.81V/2.28A/峰3.01 补余=0.0 IO错=0 倾+0.0
[  517.624] TLM t= 346.8 L1·A@-74 L2·A@-70 L3·A@-75 R1·A@-76 R2·A@-69 R3·A@-69 罐=无罐 泵=1 阀=111111 速=+0,+0,+0.00 电=7.90V/2.44A/峰3.01 补余=0.0 IO错=0 倾+0.0
[  517.998] EVT 泵 停 最差盘压-75.3
[  518.130] TLM t= 347.3 L1·A@-76 L2·A@-76 L3·A@-76 R1·A@-75 R2·A@-76 R3·A@-76 罐=无罐 泵=0 阀=111111 速=+0,+0,+0.00 电=7.97V/2.44A/峰3.01 补余=0.0 IO错=0 倾+0.0
[  518.646] TLM t= 347.8 L1·A@-76 L2·A@-76 L3·A@-76 R1·A@-75 R2·A@-75 R3·A@-75 罐=无罐 泵=0 阀=111111 速=+0,+0,+0.00 电=7.95V/2.44A/峰3.01 补余=0.0 IO错=0 倾+0.0
[  519.150] TLM t= 348.3 L1·A@-76 L2·A@-75 L3·A@-76 R1·A@-75 R2·A@-75 R3·A@-75 罐=无罐 泵=0 阀=111111 速=+0,+0,+0.00 电=7.96V/2.44A/峰3.01 补余=0.0 IO错=0 倾+0.0
[  519.671] TLM t= 348.8 L1·A@-76 L2·A@-75 L3·A@-76 R1·A@-75 R2·A@-74 R3·A@-74 罐=无罐 泵=0 阀=111111 速=+0,+0,+0.00 电=7.97V/2.36A/峰3.01 补余=0.0 IO错=0 倾+0.0
[  520.173] TLM t= 349.3 L1·A@-76 L2·A@-75 L3·A@-76 R1·A@-75 R2·A@-74 R3·A@-74 罐=无罐 泵=0 阀=111111 速=+0,+0,+0.00 电=7.97V/2.36A/峰3.01 补余=0.0 IO错=0 倾+0.0
[  520.693] TLM t= 349.8 L1·A@-75 L2·A@-74 L3·A@-76 R1·A@-75 R2·A@-74 R3·A@-73 罐=无罐 泵=0 阀=111111 速=+0,+0,+0.00 电=7.95V/2.36A/峰3.01 补余=0.0 IO错=0 倾+0.0
[  521.196] TLM t= 350.3 L1·A@-75 L2·A@-74 L3·A@-76 R1·A@-75 R2·A@-73 R3·A@-73 罐=无罐 泵=0 阀=111111 速=+0,+0,+0.00 电=7.94V/2.44A/峰3.01 补余=0.0 IO错=0 倾+0.0
[  521.717] TLM t= 350.8 L1·A@-75 L2·A@-73 L3·A@-76 R1·A@-75 R2·A@-73 R3·A@-72 罐=无罐 泵=0 阀=111111 速=+0,+0,+0.00 电=7.96V/2.52A/峰3.01 补余=0.0 IO错=0 倾+0.0
[  522.224] TLM t= 351.3 L1·A@-75 L2·A@-73 L3·A@-76 R1·A@-75 R2·A@-72 R3·A@-71 罐=无罐 泵=0 阀=111111 速=+0,+0,+0.00 电=7.97V/2.44A/峰3.01 补余=0.0 IO错=0 倾+0.0
[  522.742] TLM t= 351.9 L1·A@-75 L2·A@-72 L3·A@-75 R1·A@-75 R2·A@-72 R3·A@-71 罐=无罐 泵=0 阀=111111 速=+0,+0,+0.00 电=7.96V/2.36A/峰3.01 补余=0.0 IO错=0 倾+0.0
[  523.249] TLM t= 352.4 L1·A@-75 L2·A@-72 L3·A@-75 R1·A@-75 R2·A@-72 R3·A@-70 罐=无罐 泵=0 阀=111111 速=+0,+0,+0.00 电=7.97V/2.36A/峰3.01 补余=0.0 IO错=0 倾+0.0
[  523.773] TLM t= 352.9 L1·A@-75 L2·A@-72 L3·A@-75 R1·A@-75 R2·A@-71 R3·A@-70 罐=无罐 泵=0 阀=111111 速=+0,+0,+0.00 电=7.96V/2.44A/峰3.01 补余=0.0 IO错=0 倾+0.0
[  524.277] TLM t= 353.4 L1·A@-75 L2·A@-71 L3·A@-75 R1·A@-75 R2·A@-71 R3·A@-69 罐=无罐 泵=0 阀=111111 速=+0,+0,+0.00 电=7.95V/2.52A/峰3.01 补余=0.0 IO错=0 倾+0.0
[  524.793] TLM t= 353.9 L1·A@-75 L2·A@-71 L3·A@-75 R1·A@-75 R2·A@-71 R3·A@-69 罐=无罐 泵=0 阀=111111 速=+0,+0,+0.00 电=7.96V/2.44A/峰3.01 补余=0.0 IO错=0 倾+0.0
[  525.301] TLM t= 354.4 L1·A@-75 L2·A@-71 L3·A@-75 R1·A@-75 R2·A@-70 R3·A@-68 罐=无罐 泵=0 阀=111111 速=+0,+0,+0.00 电=7.97V/2.28A/峰3.01 补余=0.0 IO错=0 倾+0.0
[  525.819] TLM t= 354.9 L1·A@-74 L2·A@-70 L3·A@-75 R1·A@-75 R2·A@-70 R3·A@-68 罐=无罐 泵=0 阀=111111 速=+0,+0,+0.00 电=7.95V/2.36A/峰3.01 补余=0.0 IO错=0 倾+0.0
[  526.321] TLM t= 355.4 L1·A@-74 L2·A@-70 L3·A@-75 R1·A@-75 R2·A@-70 R3·A@-67 罐=无罐 泵=0 阀=111111 速=+0,+0,+0.00 电=7.96V/2.44A/峰3.01 补余=0.0 IO错=0 倾+0.0
[  526.846] TLM t= 355.9 L1·A@-74 L2·A@-69 L3·A@-75 R1·A@-75 R2·A@-69 R3·A@-67 罐=无罐 泵=0 阀=111111 速=+0,+0,+0.00 电=7.96V/2.28A/峰3.01 补余=0.0 IO错=0 倾+0.0
[  527.354] TLM t= 356.4 L1·A@-74 L2·A@-69 L3·A@-75 R1·A@-75 R2·A@-69 R3·A@-66 罐=无罐 泵=0 阀=111111 速=+0,+0,+0.00 电=7.96V/2.44A/峰3.01 补余=0.0 IO错=0 倾+0.0
[  527.872] TLM t= 357.0 L1·A@-74 L2·A@-69 L3·A@-75 R1·A@-75 R2·A@-69 R3·A@-65 罐=无罐 泵=0 阀=111111 速=+0,+0,+0.00 电=7.96V/2.28A/峰3.01 补余=0.0 IO错=0 倾+0.0
[  528.377] TLM t= 357.5 L1·A@-74 L2·A@-68 L3·A@-75 R1·A@-75 R2·A@-68 R3·A@-65 罐=无罐 泵=0 阀=111111 速=+0,+0,+0.00 电=7.96V/2.28A/峰3.01 补余=0.0 IO错=0 倾+0.0
[  528.895] TLM t= 358.0 L1·A@-74 L2·A@-68 L3·A@-75 R1·A@-75 R2·A@-68 R3·A@-64 罐=无罐 泵=0 阀=111111 速=+0,+0,+0.00 电=7.95V/2.36A/峰3.01 补余=0.0 IO错=0 倾+0.0
[  529.403] TLM t= 358.5 L1·A@-74 L2·A@-67 L3·A@-75 R1·A@-75 R2·A@-68 R3·A@-64 罐=无罐 泵=0 阀=111111 速=+0,+0,+0.00 电=7.97V/2.44A/峰3.01 补余=0.0 IO错=0 倾+0.0
[  529.920] TLM t= 359.0 L1·A@-74 L2·A@-67 L3·A@-75 R1·A@-75 R2·A@-67 R3·A@-63 罐=无罐 泵=0 阀=111111 速=+0,+0,+0.00 电=7.97V/2.36A/峰3.01 补余=0.0 IO错=0 倾+0.0
[  530.423] TLM t= 359.5 L1·A@-74 L2·A@-67 L3·A@-75 R1·A@-75 R2·A@-67 R3·A@-63 罐=无罐 泵=0 阀=111111 速=+0,+0,+0.00 电=7.96V/2.44A/峰3.01 补余=0.0 IO错=0 倾+0.0
[  530.942] TLM t= 360.0 L1·A@-73 L2·A@-66 L3·A@-75 R1·A@-75 R2·A@-66 R3·A@-62 罐=无罐 泵=0 阀=111111 速=+0,+0,+0.00 电=7.97V/2.36A/峰3.01 补余=0.0 IO错=0 倾+0.0
[  531.449] TLM t= 360.5 L1·A@-73 L2·A@-66 L3·A@-74 R1·A@-75 R2·A@-66 R3·A@-62 罐=无罐 泵=0 阀=111111 速=+0,+0,+0.00 电=7.95V/2.36A/峰3.01 补余=0.0 IO错=0 倾+0.0
[  531.965] TLM t= 361.0 L1·A@-73 L2·A@-66 L3·A@-74 R1·A@-75 R2·A@-66 R3·A@-61 罐=无罐 泵=0 阀=111111 速=+0,+0,+0.00 电=7.97V/2.44A/峰3.01 补余=0.0 IO错=0 倾+0.0
[  532.470] TLM t= 361.5 L1·A@-73 L2·A@-65 L3·A@-74 R1·A@-75 R2·A@-65 R3·A@-61 罐=无罐 泵=0 阀=111111 速=+0,+0,+0.00 电=7.96V/2.36A/峰3.01 补余=0.0 IO错=0 倾+0.0
[  532.991] TLM t= 362.1 L1·A@-73 L2·A@-65 L3·A@-74 R1·A@-75 R2·A@-65 R3·A@-60 罐=无罐 泵=0 阀=111111 速=+0,+0,+0.00 电=7.95V/2.44A/峰3.01 补余=0.0 IO错=0 倾+0.0
[  533.187] EVT 泵 开 最差盘压-60.0
[  533.498] TLM t= 362.6 L1·A@-73 L2·A@-64 L3·A@-74 R1·A@-74 R2·A@-65 R3·A@-62 罐=无罐 泵=1 阀=111111 速=+0,+0,+0.00 电=7.93V/2.36A/峰3.01 补余=0.0 IO错=0 倾+0.0
[  534.014] TLM t= 363.1 L1·A@-74 L2·A@-75 L3·A@-74 R1·A@-75 R2·A@-74 R3·A@-74 罐=无罐 泵=1 阀=111111 速=+0,+0,+0.00 电=7.89V/2.36A/峰3.01 补余=0.0 IO错=0 倾+0.0
[  534.247] EVT 泵 停 最差盘压-75.8
[  534.521] TLM t= 363.6 L1·A@-77 L2·A@-77 L3·A@-77 R1·A@-76 R2·A@-77 R3·A@-77 罐=无罐 泵=0 阀=111111 速=+0,+0,+0.00 电=7.95V/2.36A/峰3.01 补余=0.0 IO错=0 倾+0.0
[  535.038] TLM t= 364.1 L1·A@-77 L2·A@-77 L3·A@-77 R1·A@-76 R2·A@-76 R3·A@-76 罐=无罐 泵=0 阀=111111 速=+0,+0,+0.00 电=7.96V/2.36A/峰3.01 补余=0.0 IO错=0 倾+0.0
[  535.544] TLM t= 364.6 L1·A@-77 L2·A@-76 L3·A@-77 R1·A@-76 R2·A@-76 R3·A@-76 罐=无罐 泵=0 阀=111111 速=+0,+0,+0.00 电=7.97V/2.52A/峰3.01 补余=0.0 IO错=0 倾+0.0
[  536.068] TLM t= 365.1 L1·A@-77 L2·A@-76 L3·A@-77 R1·A@-76 R2·A@-75 R3·A@-75 罐=无罐 泵=0 阀=111111 速=+0,+0,+0.00 电=7.96V/2.36A/峰3.01 补余=0.0 IO错=0 倾+0.0
[  536.576] TLM t= 365.6 L1·A@-76 L2·A@-75 L3·A@-77 R1·A@-76 R2·A@-75 R3·A@-74 罐=无罐 泵=0 阀=111111 速=+0,+0,+0.00 电=7.97V/2.36A/峰3.01 补余=0.0 IO错=0 倾+0.0
[  537.090] TLM t= 366.1 L1·A@-76 L2·A@-75 L3·A@-77 R1·A@-76 R2·A@-74 R3·A@-74 罐=无罐 泵=0 阀=111111 速=+0,+0,+0.00 电=7.97V/2.36A/峰3.01 补余=0.0 IO错=0 倾+0.0
[  537.602] TLM t= 366.6 L1·A@-76 L2·A@-74 L3·A@-76 R1·A@-76 R2·A@-74 R3·A@-73 罐=无罐 泵=0 阀=111111 速=+0,+0,+0.00 电=7.97V/2.52A/峰3.01 补余=0.0 IO错=0 倾+0.0
[  538.117] TLM t= 367.2 L1·A@-76 L2·A@-74 L3·A@-76 R1·A@-76 R2·A@-74 R3·A@-73 罐=无罐 泵=0 阀=111111 速=+0,+0,+0.00 电=7.96V/2.44A/峰3.01 补余=0.0 IO错=0 倾+0.0
[  538.623] TLM t= 367.7 L1·A@-76 L2·A@-74 L3·A@-76 R1·A@-76 R2·A@-73 R3·A@-72 罐=无罐 泵=0 阀=111111 速=+0,+0,+0.00 电=7.96V/2.36A/峰3.01 补余=0.0 IO错=0 倾+0.0
[  539.141] TLM t= 368.2 L1·A@-76 L2·A@-73 L3·A@-76 R1·A@-76 R2·A@-73 R3·A@-72 罐=无罐 泵=0 阀=111111 速=+0,+0,+0.00 电=7.97V/2.52A/峰3.01 补余=0.0 IO错=0 倾+0.0
[  539.647] TLM t= 368.7 L1·A@-76 L2·A@-73 L3·A@-76 R1·A@-76 R2·A@-73 R3·A@-71 罐=无罐 泵=0 阀=111111 速=+0,+0,+0.00 电=7.96V/2.36A/峰3.01 补余=0.0 IO错=0 倾+0.0
[  540.165] TLM t= 369.2 L1·A@-76 L2·A@-72 L3·A@-76 R1·A@-76 R2·A@-72 R3·A@-71 罐=无罐 泵=0 阀=111111 速=+0,+0,+0.00 电=7.97V/2.36A/峰3.01 补余=0.0 IO错=0 倾+0.0
[  540.670] TLM t= 369.7 L1·A@-76 L2·A@-72 L3·A@-76 R1·A@-76 R2·A@-72 R3·A@-70 罐=无罐 泵=0 阀=111111 速=+0,+0,+0.00 电=7.96V/2.36A/峰3.01 补余=0.0 IO错=0 倾+0.0
[  541.188] TLM t= 370.2 L1·A@-76 L2·A@-72 L3·A@-76 R1·A@-76 R2·A@-72 R3·A@-69 罐=无罐 泵=0 阀=111111 速=+0,+0,+0.00 电=7.96V/2.36A/峰3.01 补余=0.0 IO错=0 倾+0.0
[  541.694] TLM t= 370.7 L1·A@-75 L2·A@-71 L3·A@-76 R1·A@-76 R2·A@-71 R3·A@-69 罐=无罐 泵=0 阀=111111 速=+0,+0,+0.00 电=7.95V/2.36A/峰3.01 补余=0.0 IO错=0 倾+0.0
[  542.211] TLM t= 371.2 L1·A@-75 L2·A@-71 L3·A@-76 R1·A@-76 R2·A@-71 R3·A@-68 罐=无罐 泵=0 阀=111111 速=+0,+0,+0.00 电=7.95V/2.28A/峰3.01 补余=0.0 IO错=0 倾+0.0
[  542.714] TLM t= 371.7 L1·A@-75 L2·A@-70 L3·A@-76 R1·A@-76 R2·A@-70 R3·A@-68 罐=无罐 泵=0 阀=111111 速=+0,+0,+0.00 电=7.96V/2.36A/峰3.01 补余=0.0 IO错=0 倾+0.0
[  543.234] TLM t= 372.3 L1·A@-75 L2·A@-70 L3·A@-76 R1·A@-76 R2·A@-70 R3·A@-67 罐=无罐 泵=0 阀=111111 速=+0,+0,+0.00 电=7.95V/2.36A/峰3.01 补余=0.0 IO错=0 倾+0.0
[  543.742] TLM t= 372.8 L1·A@-75 L2·A@-70 L3·A@-76 R1·A@-76 R2·A@-70 R3·A@-67 罐=无罐 泵=0 阀=111111 速=+0,+0,+0.00 电=7.95V/2.36A/峰3.01 补余=0.0 IO错=0 倾+0.0
[  544.257] TLM t= 373.3 L1·A@-75 L2·A@-69 L3·A@-76 R1·A@-76 R2·A@-69 R3·A@-66 罐=无罐 泵=0 阀=111111 速=+0,+0,+0.00 电=7.97V/2.44A/峰3.01 补余=0.0 IO错=0 倾+0.0
[  544.762] TLM t= 373.8 L1·A@-75 L2·A@-69 L3·A@-76 R1·A@-76 R2·A@-69 R3·A@-66 罐=无罐 泵=0 阀=111111 速=+0,+0,+0.00 电=7.94V/2.36A/峰3.01 补余=0.0 IO错=0 倾+0.0
[  545.283] TLM t= 374.3 L1·A@-75 L2·A@-69 L3·A@-76 R1·A@-76 R2·A@-69 R3·A@-65 罐=无罐 泵=0 阀=111111 速=+0,+0,+0.00 电=7.96V/2.44A/峰3.01 补余=0.0 IO错=0 倾+0.0
[  545.788] TLM t= 374.8 L1·A@-75 L2·A@-68 L3·A@-76 R1·A@-76 R2·A@-68 R3·A@-65 罐=无罐 泵=0 阀=111111 速=+0,+0,+0.00 电=7.97V/2.36A/峰3.01 补余=0.0 IO错=0 倾+0.0
[  546.309] TLM t= 375.3 L1·A@-74 L2·A@-68 L3·A@-76 R1·A@-75 R2·A@-68 R3·A@-64 罐=无罐 泵=0 阀=111111 速=+0,+0,+0.00 电=7.96V/2.36A/峰3.01 补余=0.0 IO错=0 倾+0.0
[  546.810] TLM t= 375.8 L1·A@-74 L2·A@-67 L3·A@-75 R1·A@-75 R2·A@-68 R3·A@-63 罐=无罐 泵=0 阀=111111 速=+0,+0,+0.00 电=7.96V/2.44A/峰3.01 补余=0.0 IO错=0 倾+0.0
[  547.331] TLM t= 376.3 L1·A@-74 L2·A@-67 L3·A@-75 R1·A@-75 R2·A@-67 R3·A@-63 罐=无罐 泵=0 阀=111111 速=+0,+0,+0.00 电=7.95V/2.28A/峰3.01 补余=0.0 IO错=0 倾+0.0
[  547.836] TLM t= 376.8 L1·A@-74 L2·A@-67 L3·A@-75 R1·A@-75 R2·A@-67 R3·A@-62 罐=无罐 泵=0 阀=111111 速=+0,+0,+0.00 电=7.96V/2.36A/峰3.01 补余=0.0 IO错=0 倾+0.0
[  548.352] TLM t= 377.4 L1·A@-74 L2·A@-66 L3·A@-75 R1·A@-75 R2·A@-67 R3·A@-62 罐=无罐 泵=0 阀=111111 速=+0,+0,+0.00 电=7.97V/2.60A/峰3.01 补余=0.0 IO错=0 倾+0.0
[  548.856] TLM t= 377.9 L1·A@-74 L2·A@-66 L3·A@-75 R1·A@-75 R2·A@-66 R3·A@-61 罐=无罐 泵=0 阀=111111 速=+0,+0,+0.00 电=7.95V/2.36A/峰3.01 补余=0.0 IO错=0 倾+0.0
[  549.382] TLM t= 378.4 L1·A@-74 L2·A@-66 L3·A@-75 R1·A@-75 R2·A@-66 R3·A@-61 罐=无罐 泵=0 阀=111111 速=+0,+0,+0.00 电=7.93V/2.20A/峰3.01 补余=0.0 IO错=0 倾+0.0
[  549.892] TLM t= 378.9 L1·A@-74 L2·A@-65 L3·A@-75 R1·A@-75 R2·A@-66 R3·A@-60 罐=无罐 泵=0 阀=111111 速=+0,+0,+0.00 电=7.93V/2.36A/峰3.01 补余=0.0 IO错=0 倾+0.0
[  550.264] EVT 泵 开 最差盘压-60.0
[  550.393] TLM t= 379.4 L1·A@-74 L2·A@-65 L3·A@-75 R1·A@-75 R2·A@-65 R3·A@-60 罐=无罐 泵=1 阀=111111 速=+0,+0,+0.00 电=7.91V/2.28A/峰3.01 补余=0.0 IO错=0 倾+0.0
[  550.922] TLM t= 379.9 L1·A@-74 L2·A@-72 L3·A@-75 R1·A@-75 R2·A@-73 R3·A@-71 罐=无罐 泵=1 阀=111111 速=+0,+0,+0.00 电=7.88V/2.28A/峰3.01 补余=0.0 IO错=0 倾+0.0
[  551.151] EVT 泵 停 最差盘压-75.0
[  551.421] TLM t= 380.4 L1·A@-76 L2·A@-76 L3·A@-76 R1·A@-75 R2·A@-75 R3·A@-76 罐=无罐 泵=0 阀=111111 速=+0,+0,+0.00 电=7.95V/2.28A/峰3.01 补余=0.0 IO错=0 倾+0.0
[  551.947] TLM t= 380.9 L1·A@-76 L2·A@-76 L3·A@-76 R1·A@-75 R2·A@-75 R3·A@-75 罐=无罐 泵=0 阀=111111 速=+0,+0,+0.00 电=7.94V/2.44A/峰3.01 补余=0.0 IO错=0 倾+0.0
[  552.448] TLM t= 381.4 L1·A@-76 L2·A@-75 L3·A@-76 R1·A@-75 R2·A@-75 R3·A@-74 罐=无罐 泵=0 阀=111111 速=+0,+0,+0.00 电=7.94V/2.36A/峰3.01 补余=0.0 IO错=0 倾+0.0
[  552.970] TLM t= 381.9 L1·A@-76 L2·A@-75 L3·A@-76 R1·A@-75 R2·A@-74 R3·A@-74 罐=无罐 泵=0 阀=111111 速=+0,+0,+0.00 电=7.95V/2.44A/峰3.01 补余=0.0 IO错=0 倾+0.0
[  553.471] TLM t= 382.4 L1·A@-75 L2·A@-74 L3·A@-76 R1·A@-75 R2·A@-74 R3·A@-73 罐=无罐 泵=0 阀=111111 速=+0,+0,+0.00 电=7.94V/2.28A/峰3.01 补余=0.0 IO错=0 倾+0.0
[  553.994] TLM t= 383.0 L1·A@-75 L2·A@-74 L3·A@-76 R1·A@-75 R2·A@-73 R3·A@-73 罐=无罐 泵=0 阀=111111 速=+0,+0,+0.00 电=7.94V/2.36A/峰3.01 补余=0.0 IO错=0 倾+0.0
[  554.496] TLM t= 383.5 L1·A@-75 L2·A@-73 L3·A@-75 R1·A@-75 R2·A@-73 R3·A@-72 罐=无罐 泵=0 阀=111111 速=+0,+0,+0.00 电=7.96V/2.36A/峰3.01 补余=0.0 IO错=0 倾+0.0
[  555.018] TLM t= 384.0 L1·A@-75 L2·A@-73 L3·A@-75 R1·A@-75 R2·A@-73 R3·A@-72 罐=无罐 泵=0 阀=111111 速=+0,+0,+0.00 电=7.94V/2.44A/峰3.01 补余=0.0 IO错=0 倾+0.0
[  555.524] TLM t= 384.5 L1·A@-75 L2·A@-73 L3·A@-75 R1·A@-75 R2·A@-72 R3·A@-71 罐=无罐 泵=0 阀=111111 速=+0,+0,+0.00 电=7.95V/2.28A/峰3.01 补余=0.0 IO错=0 倾+0.0
[  556.020] TLM t= 385.0 L1·A@-75 L2·A@-72 L3·A@-75 R1·A@-75 R2·A@-72 R3·A@-71 罐=无罐 泵=0 阀=111111 速=+0,+0,+0.00 电=7.95V/2.36A/峰3.01 补余=0.0 IO错=0 倾+0.0
[  556.530] TLM t= 385.5 L1·A@-75 L2·A@-72 L3·A@-75 R1·A@-75 R2·A@-72 R3·A@-70 罐=无罐 泵=0 阀=111111 速=+0,+0,+0.00 电=7.96V/2.44A/峰3.01 补余=0.0 IO错=0 倾+0.0
[  557.034] TLM t= 386.0 L1·A@-75 L2·A@-71 L3·A@-75 R1·A@-75 R2·A@-71 R3·A@-69 罐=无罐 泵=0 阀=111111 速=+0,+0,+0.00 电=7.95V/2.44A/峰3.01 补余=0.0 IO错=0 倾+0.0
[  557.555] TLM t= 386.5 L1·A@-75 L2·A@-71 L3·A@-75 R1·A@-75 R2·A@-71 R3·A@-69 罐=无罐 泵=0 阀=111111 速=+0,+0,+0.00 电=7.95V/2.44A/峰3.01 补余=0.0 IO错=0 倾+0.0
[  558.063] TLM t= 387.0 L1·A@-74 L2·A@-71 L3·A@-75 R1·A@-75 R2·A@-70 R3·A@-68 罐=无罐 泵=0 阀=111111 速=+0,+0,+0.00 电=7.97V/2.44A/峰3.01 补余=0.0 IO错=0 倾+0.0
[  558.582] TLM t= 387.5 L1·A@-74 L2·A@-70 L3·A@-75 R1·A@-75 R2·A@-70 R3·A@-68 罐=无罐 泵=0 阀=111111 速=+0,+0,+0.00 电=7.95V/2.36A/峰3.01 补余=0.0 IO错=0 倾+0.0
[  559.086] TLM t= 388.0 L1·A@-74 L2·A@-70 L3·A@-75 R1·A@-75 R2·A@-70 R3·A@-67 罐=无罐 泵=0 阀=111111 速=+0,+0,+0.00 电=7.96V/2.36A/峰3.01 补余=0.0 IO错=0 倾+0.0
[  559.611] TLM t= 388.5 L1·A@-74 L2·A@-70 L3·A@-75 R1·A@-75 R2·A@-69 R3·A@-67 罐=无罐 泵=0 阀=111111 速=+0,+0,+0.00 电=7.93V/2.28A/峰3.01 补余=0.0 IO错=0 倾+0.0
[  560.118] TLM t= 389.0 L1·A@-74 L2·A@-69 L3·A@-75 R1·A@-75 R2·A@-69 R3·A@-66 罐=无罐 泵=0 阀=111111 速=+0,+0,+0.00 电=7.95V/2.44A/峰3.01 补余=0.0 IO错=0 倾+0.0
[  560.638] TLM t= 389.6 L1·A@-74 L2·A@-69 L3·A@-75 R1·A@-75 R2·A@-69 R3·A@-66 罐=无罐 泵=0 阀=111111 速=+0,+0,+0.00 电=7.95V/2.28A/峰3.01 补余=0.0 IO错=0 倾+0.0
[  561.145] TLM t= 390.1 L1·A@-74 L2·A@-68 L3·A@-75 R1·A@-75 R2·A@-68 R3·A@-65 罐=无罐 泵=0 阀=111111 速=+0,+0,+0.00 电=7.96V/2.36A/峰3.01 补余=0.0 IO错=0 倾+0.0
[  561.664] TLM t= 390.6 L1·A@-74 L2·A@-68 L3·A@-75 R1·A@-75 R2·A@-68 R3·A@-65 罐=无罐 泵=0 阀=111111 速=+0,+0,+0.00 电=7.95V/2.36A/峰3.01 补余=0.0 IO错=0 倾+0.0
[  562.168] TLM t= 391.1 L1·A@-74 L2·A@-68 L3·A@-75 R1·A@-74 R2·A@-68 R3·A@-64 罐=无罐 泵=0 阀=111111 速=+0,+0,+0.00 电=7.94V/2.28A/峰3.01 补余=0.0 IO错=0 倾+0.0
[  562.691] TLM t= 391.6 L1·A@-74 L2·A@-67 L3·A@-75 R1·A@-74 R2·A@-67 R3·A@-64 罐=无罐 泵=0 阀=111111 速=+0,+0,+0.00 电=7.97V/2.28A/峰3.01 补余=0.0 IO错=0 倾+0.0
[  563.193] TLM t= 392.1 L1·A@-73 L2·A@-67 L3·A@-74 R1·A@-74 R2·A@-67 R3·A@-63 罐=无罐 泵=0 阀=111111 速=+0,+0,+0.00 电=7.96V/2.36A/峰3.01 补余=0.0 IO错=0 倾+0.0
[  563.715] TLM t= 392.6 L1·A@-73 L2·A@-66 L3·A@-74 R1·A@-74 R2·A@-67 R3·A@-63 罐=无罐 泵=0 阀=111111 速=+0,+0,+0.00 电=7.95V/2.28A/峰3.01 补余=0.0 IO错=0 倾+0.0
[  564.218] TLM t= 393.1 L1·A@-73 L2·A@-66 L3·A@-74 R1·A@-74 R2·A@-66 R3·A@-62 罐=无罐 泵=0 阀=111111 速=+0,+0,+0.00 电=7.96V/2.20A/峰3.01 补余=0.0 IO错=0 倾+0.0
[  564.737] TLM t= 393.6 L1·A@-73 L2·A@-66 L3·A@-74 R1·A@-74 R2·A@-66 R3·A@-62 罐=无罐 泵=0 阀=111111 速=+0,+0,+0.00 电=7.94V/2.44A/峰3.01 补余=0.0 IO错=0 倾+0.0
[  565.240] TLM t= 394.1 L1·A@-73 L2·A@-65 L3·A@-74 R1·A@-74 R2·A@-66 R3·A@-61 罐=无罐 泵=0 阀=111111 速=+0,+0,+0.00 电=7.96V/2.44A/峰3.01 补余=0.0 IO错=0 倾+0.0
[  565.766] TLM t= 394.7 L1·A@-73 L2·A@-65 L3·A@-74 R1·A@-74 R2·A@-65 R3·A@-60 罐=无罐 泵=0 阀=111111 速=+0,+0,+0.00 电=7.95V/2.44A/峰3.01 补余=0.0 IO错=0 倾+0.0
[  566.260] EVT 泵 开 最差盘压-59.9
[  566.267] TLM t= 395.2 L1·A@-73 L2·A@-65 L3·A@-74 R1·A@-74 R2·A@-65 R3·A@-60 罐=无罐 泵=1 阀=111111 速=+0,+0,+0.00 电=7.79V/2.28A/峰3.01 补余=0.0 IO错=0 倾+0.0
[  566.791] TLM t= 395.7 L1·A@-73 L2·A@-70 L3·A@-74 R1·A@-74 R2·A@-69 R3·A@-69 罐=无罐 泵=1 阀=111111 速=+0,+0,+0.00 电=7.85V/2.36A/峰3.01 补余=0.0 IO错=0 倾+0.0
[  567.288] EVT 泵 停 最差盘压-75.4
[  567.297] TLM t= 396.2 L1·A@-76 L2·A@-77 L3·A@-76 R1·A@-75 R2·A@-76 R3·A@-76 罐=无罐 泵=0 阀=111111 速=+0,+0,+0.00 电=7.96V/2.36A/峰3.01 补余=0.0 IO错=0 倾+0.0
[  567.821] TLM t= 396.7 L1·A@-77 L2·A@-77 L3·A@-77 R1·A@-76 R2·A@-76 R3·A@-76 罐=无罐 泵=0 阀=111111 速=+0,+0,+0.00 电=7.94V/2.36A/峰3.01 补余=0.0 IO错=0 倾+0.0
[  568.326] TLM t= 397.2 L1·A@-77 L2·A@-76 L3·A@-77 R1·A@-76 R2·A@-76 R3·A@-76 罐=无罐 泵=0 阀=111111 速=+0,+0,+0.00 电=7.93V/2.36A/峰3.01 补余=0.0 IO错=0 倾+0.0
[  568.847] TLM t= 397.7 L1·A@-76 L2·A@-76 L3·A@-77 R1·A@-76 R2·A@-75 R3·A@-75 罐=无罐 泵=0 阀=111111 速=+0,+0,+0.00 电=7.95V/2.44A/峰3.01 补余=0.0 IO错=0 倾+0.0
[  569.348] TLM t= 398.2 L1·A@-76 L2·A@-75 L3·A@-76 R1·A@-76 R2·A@-75 R3·A@-74 罐=无罐 泵=0 阀=111111 速=+0,+0,+0.00 电=7.92V/2.28A/峰3.01 补余=0.0 IO错=0 倾+0.0
[  569.871] TLM t= 398.7 L1·A@-76 L2·A@-75 L3·A@-76 R1·A@-76 R2·A@-74 R3·A@-74 罐=无罐 泵=0 阀=111111 速=+0,+0,+0.00 电=7.96V/2.36A/峰3.01 补余=0.0 IO错=0 倾+0.0
[  570.374] TLM t= 399.2 L1·A@-76 L2·A@-74 L3·A@-76 R1·A@-76 R2·A@-74 R3·A@-73 罐=无罐 泵=0 阀=111111 速=+0,+0,+0.00 电=7.94V/2.36A/峰3.01 补余=0.0 IO错=0 倾+0.0
[  570.897] TLM t= 399.8 L1·A@-76 L2·A@-74 L3·A@-76 R1·A@-76 R2·A@-74 R3·A@-73 罐=无罐 泵=0 阀=111111 速=+0,+0,+0.00 电=7.93V/2.52A/峰3.01 补余=0.0 IO错=0 倾+0.0
[  571.398] TLM t= 400.3 L1·A@-76 L2·A@-74 L3·A@-76 R1·A@-76 R2·A@-73 R3·A@-72 罐=无罐 泵=0 阀=111111 速=+0,+0,+0.00 电=7.94V/2.36A/峰3.01 补余=0.0 IO错=0 倾+0.0
[  571.924] TLM t= 400.8 L1·A@-76 L2·A@-73 L3·A@-76 R1·A@-76 R2·A@-73 R3·A@-72 罐=无罐 泵=0 阀=111111 速=+0,+0,+0.00 电=7.92V/2.36A/峰3.01 补余=0.0 IO错=0 倾+0.0
[  572.429] TLM t= 401.3 L1·A@-76 L2·A@-73 L3·A@-76 R1·A@-76 R2·A@-73 R3·A@-71 罐=无罐 泵=0 阀=111111 速=+0,+0,+0.00 电=7.93V/2.36A/峰3.01 补余=0.0 IO错=0 倾+0.0
[  572.950] TLM t= 401.8 L1·A@-76 L2·A@-72 L3·A@-76 R1·A@-76 R2·A@-72 R3·A@-71 罐=无罐 泵=0 阀=111111 速=+0,+0,+0.00 电=7.96V/2.44A/峰3.01 补余=0.0 IO错=0 倾+0.0
[  573.455] TLM t= 402.3 L1·A@-75 L2·A@-72 L3·A@-76 R1·A@-76 R2·A@-72 R3·A@-70 罐=无罐 泵=0 阀=111111 速=+0,+0,+0.00 电=7.95V/2.44A/峰3.01 补余=0.0 IO错=0 倾+0.0
[  573.975] TLM t= 402.8 L1·A@-75 L2·A@-72 L3·A@-76 R1·A@-76 R2·A@-72 R3·A@-69 罐=无罐 泵=0 阀=111111 速=+0,+0,+0.00 电=7.95V/2.36A/峰3.01 补余=0.0 IO错=0 倾+0.0
[  574.477] TLM t= 403.3 L1·A@-75 L2·A@-71 L3·A@-76 R1·A@-76 R2·A@-71 R3·A@-69 罐=无罐 泵=0 阀=111111 速=+0,+0,+0.00 电=7.94V/2.44A/峰3.01 补余=0.0 IO错=0 倾+0.0
[  575.003] TLM t= 403.8 L1·A@-75 L2·A@-71 L3·A@-76 R1·A@-76 R2·A@-71 R3·A@-68 罐=无罐 泵=0 阀=111111 速=+0,+0,+0.00 电=7.94V/2.52A/峰3.01 补余=0.0 IO错=0 倾+0.0
[  575.507] TLM t= 404.3 L1·A@-75 L2·A@-70 L3·A@-76 R1·A@-75 R2·A@-70 R3·A@-68 罐=无罐 泵=0 阀=111111 速=+0,+0,+0.00 电=7.93V/2.52A/峰3.01 补余=0.0 IO错=0 倾+0.0
[  576.029] TLM t= 404.9 L1·A@-75 L2·A@-70 L3·A@-76 R1·A@-75 R2·A@-70 R3·A@-67 罐=无罐 泵=0 阀=111111 速=+0,+0,+0.00 电=7.94V/2.44A/峰3.01 补余=0.0 IO错=0 倾+0.0
[  576.532] TLM t= 405.4 L1·A@-75 L2·A@-70 L3·A@-76 R1·A@-75 R2·A@-70 R3·A@-67 罐=无罐 泵=0 阀=111111 速=+0,+0,+0.00 电=7.94V/2.44A/峰3.01 补余=0.0 IO错=0 倾+0.0
[  577.051] TLM t= 405.9 L1·A@-75 L2·A@-69 L3·A@-76 R1·A@-75 R2·A@-69 R3·A@-66 罐=无罐 泵=0 阀=111111 速=+0,+0,+0.00 电=7.95V/2.36A/峰3.01 补余=0.0 IO错=0 倾+0.0
[  577.568] TLM t= 406.4 L1·A@-75 L2·A@-69 L3·A@-75 R1·A@-75 R2·A@-69 R3·A@-66 罐=无罐 泵=0 阀=111111 速=+0,+0,+0.00 电=7.94V/2.52A/峰3.01 补余=0.0 IO错=0 倾+0.0
[  578.087] TLM t= 406.9 L1·A@-75 L2·A@-69 L3·A@-75 R1·A@-75 R2·A@-69 R3·A@-65 罐=无罐 泵=0 阀=111111 速=+0,+0,+0.00 电=7.94V/2.36A/峰3.01 补余=0.0 IO错=0 倾+0.0
[  578.588] TLM t= 407.4 L1·A@-74 L2·A@-68 L3·A@-75 R1·A@-75 R2·A@-68 R3·A@-65 罐=无罐 泵=0 阀=111111 速=+0,+0,+0.00 电=7.94V/2.36A/峰3.01 补余=0.0 IO错=0 倾+0.0
[  579.115] TLM t= 407.9 L1·A@-74 L2·A@-68 L3·A@-75 R1·A@-75 R2·A@-68 R3·A@-64 罐=无罐 泵=0 阀=111111 速=+0,+0,+0.00 电=7.95V/2.36A/峰3.01 补余=0.0 IO错=0 倾+0.0
[  579.617] TLM t= 408.4 L1·A@-74 L2·A@-67 L3·A@-75 R1·A@-75 R2·A@-68 R3·A@-64 罐=无罐 泵=0 阀=111111 速=+0,+0,+0.00 电=7.95V/2.44A/峰3.01 补余=0.0 IO错=0 倾+0.0
[  580.139] TLM t= 408.9 L1·A@-74 L2·A@-67 L3·A@-75 R1·A@-75 R2·A@-67 R3·A@-63 罐=无罐 泵=0 阀=111111 速=+0,+0,+0.00 电=7.94V/2.44A/峰3.01 补余=0.0 IO错=0 倾+0.0
[  580.643] TLM t= 409.4 L1·A@-74 L2·A@-67 L3·A@-75 R1·A@-75 R2·A@-67 R3·A@-62 罐=无罐 泵=0 阀=111111 速=+0,+0,+0.00 电=7.92V/2.36A/峰3.01 补余=0.0 IO错=0 倾+0.0
[  581.162] TLM t= 410.0 L1·A@-74 L2·A@-66 L3·A@-75 R1·A@-75 R2·A@-67 R3·A@-62 罐=无罐 泵=0 阀=111111 速=+0,+0,+0.00 电=7.95V/2.44A/峰3.01 补余=0.0 IO错=0 倾+0.0
[  581.664] TLM t= 410.5 L1·A@-74 L2·A@-66 L3·A@-75 R1·A@-75 R2·A@-66 R3·A@-61 罐=无罐 泵=0 阀=111111 速=+0,+0,+0.00 电=7.95V/2.44A/峰3.01 补余=0.0 IO错=0 倾+0.0
[  582.186] TLM t= 411.0 L1·A@-74 L2·A@-66 L3·A@-75 R1·A@-75 R2·A@-66 R3·A@-61 罐=无罐 泵=0 阀=111111 速=+0,+0,+0.00 电=7.95V/2.36A/峰3.01 补余=0.0 IO错=0 倾+0.0
[  582.690] TLM t= 411.5 L1·A@-74 L2·A@-65 L3·A@-75 R1·A@-75 R2·A@-66 R3·A@-60 罐=无罐 泵=0 阀=111111 速=+0,+0,+0.00 电=7.95V/2.44A/峰3.01 补余=0.0 IO错=0 倾+0.0
[  583.164] EVT 泵 开 最差盘压-59.9
[  583.210] TLM t= 412.0 L1·A@-74 L2·A@-65 L3·A@-75 R1·A@-75 R2·A@-65 R3·A@-60 罐=无罐 泵=1 阀=111111 速=+0,+0,+0.00 电=7.87V/2.44A/峰3.01 补余=0.0 IO错=0 倾+0.0
[  583.713] TLM t= 412.5 L1·A@-73 L2·A@-70 L3·A@-75 R1·A@-75 R2·A@-71 R3·A@-70 罐=无罐 泵=1 阀=111111 速=+0,+0,+0.00 电=7.88V/2.52A/峰3.01 补余=0.0 IO错=0 倾+0.0
[  584.127] EVT 泵 停 最差盘压-75.0
[  584.234] TLM t= 413.0 L1·A@-77 L2·A@-77 L3·A@-76 R1·A@-75 R2·A@-77 R3·A@-76 罐=无罐 泵=0 阀=111111 速=+0,+0,+0.00 电=7.93V/2.36A/峰3.01 补余=0.0 IO错=0 倾+0.0
[  584.737] TLM t= 413.5 L1·A@-76 L2·A@-76 L3·A@-76 R1·A@-76 R2·A@-76 R3·A@-76 罐=无罐 泵=0 阀=111111 速=+0,+0,+0.00 电=7.93V/2.44A/峰3.01 补余=0.0 IO错=0 倾+0.0
[  585.260] TLM t= 414.0 L1·A@-76 L2·A@-76 L3·A@-76 R1·A@-75 R2·A@-75 R3·A@-75 罐=无罐 泵=0 阀=111111 速=+0,+0,+0.00 电=7.95V/2.44A/峰3.01 补余=0.0 IO错=0 倾+0.0
[  585.765] TLM t= 414.5 L1·A@-76 L2·A@-75 L3·A@-76 R1·A@-75 R2·A@-75 R3·A@-75 罐=无罐 泵=0 阀=111111 速=+0,+0,+0.00 电=7.95V/2.36A/峰3.01 补余=0.0 IO错=0 倾+0.0
[  586.285] TLM t= 415.1 L1·A@-76 L2·A@-75 L3·A@-76 R1·A@-75 R2·A@-74 R3·A@-74 罐=无罐 泵=0 阀=111111 速=+0,+0,+0.00 电=7.94V/2.44A/峰3.01 补余=0.0 IO错=0 倾+0.0
[  586.791] TLM t= 415.6 L1·A@-76 L2·A@-75 L3·A@-76 R1·A@-75 R2·A@-74 R3·A@-74 罐=无罐 泵=0 阀=111111 速=+0,+0,+0.00 电=7.95V/2.44A/峰3.01 补余=0.0 IO错=0 倾+0.0
[  587.308] TLM t= 416.1 L1·A@-76 L2·A@-74 L3·A@-76 R1·A@-75 R2·A@-74 R3·A@-73 罐=无罐 泵=0 阀=111111 速=+0,+0,+0.00 电=7.94V/2.44A/峰3.01 补余=0.0 IO错=0 倾+0.0
[  587.810] TLM t= 416.6 L1·A@-76 L2·A@-74 L3·A@-76 R1·A@-75 R2·A@-73 R3·A@-72 罐=无罐 泵=0 阀=111111 速=+0,+0,+0.00 电=7.95V/2.44A/峰3.01 补余=0.0 IO错=0 倾+0.0
[  588.336] TLM t= 417.1 L1·A@-76 L2·A@-73 L3·A@-76 R1·A@-75 R2·A@-73 R3·A@-72 罐=无罐 泵=0 阀=111111 速=+0,+0,+0.00 电=7.94V/2.44A/峰3.01 补余=0.0 IO错=0 倾+0.0
[  588.841] TLM t= 417.6 L1·A@-75 L2·A@-73 L3·A@-76 R1·A@-75 R2·A@-73 R3·A@-71 罐=无罐 泵=0 阀=111111 速=+0,+0,+0.00 电=7.95V/2.28A/峰3.01 补余=0.0 IO错=0 倾+0.0
[  589.363] TLM t= 418.1 L1·A@-75 L2·A@-73 L3·A@-76 R1·A@-75 R2·A@-72 R3·A@-71 罐=无罐 泵=0 阀=111111 速=+0,+0,+0.00 电=7.95V/2.28A/峰3.01 补余=0.0 IO错=0 倾+0.0
[  589.869] TLM t= 418.6 L1·A@-75 L2·A@-72 L3·A@-76 R1·A@-75 R2·A@-72 R3·A@-70 罐=无罐 泵=0 阀=111111 速=+0,+0,+0.00 电=7.92V/2.28A/峰3.01 补余=0.0 IO错=0 倾+0.0
[  590.388] TLM t= 419.1 L1·A@-75 L2·A@-72 L3·A@-76 R1·A@-75 R2·A@-71 R3·A@-70 罐=无罐 泵=0 阀=111111 速=+0,+0,+0.00 电=7.94V/2.36A/峰3.01 补余=0.0 IO错=0 倾+0.0
[  590.890] TLM t= 419.6 L1·A@-75 L2·A@-71 L3·A@-76 R1·A@-75 R2·A@-71 R3·A@-69 罐=无罐 泵=0 阀=111111 速=+0,+0,+0.00 电=7.93V/2.52A/峰3.01 补余=0.0 IO错=0 倾+0.0
[  591.413] TLM t= 420.2 L1·A@-75 L2·A@-71 L3·A@-76 R1·A@-75 R2·A@-71 R3·A@-69 罐=无罐 泵=0 阀=111111 速=+0,+0,+0.00 电=7.94V/2.44A/峰3.01 补余=0.0 IO错=0 倾+0.0
[  591.915] TLM t= 420.7 L1·A@-75 L2·A@-71 L3·A@-76 R1·A@-75 R2·A@-70 R3·A@-68 罐=无罐 泵=0 阀=111111 速=+0,+0,+0.00 电=7.94V/2.44A/峰3.01 补余=0.0 IO错=0 倾+0.0
[  592.438] TLM t= 421.2 L1·A@-75 L2·A@-70 L3·A@-75 R1·A@-75 R2·A@-70 R3·A@-68 罐=无罐 泵=0 阀=111111 速=+0,+0,+0.00 电=7.95V/2.36A/峰3.01 补余=0.0 IO错=0 倾+0.0
[  592.943] TLM t= 421.7 L1·A@-75 L2·A@-70 L3·A@-75 R1·A@-75 R2·A@-70 R3·A@-67 罐=无罐 泵=0 阀=111111 速=+0,+0,+0.00 电=7.94V/2.36A/峰3.01 补余=0.0 IO错=0 倾+0.0
[  593.462] TLM t= 422.2 L1·A@-75 L2·A@-69 L3·A@-75 R1·A@-75 R2·A@-69 R3·A@-66 罐=无罐 泵=0 阀=111111 速=+0,+0,+0.00 电=7.93V/2.52A/峰3.01 补余=0.0 IO错=0 倾+0.0
[  593.967] TLM t= 422.7 L1·A@-74 L2·A@-69 L3·A@-75 R1·A@-75 R2·A@-69 R3·A@-66 罐=无罐 泵=0 阀=111111 速=+0,+0,+0.00 电=7.94V/2.52A/峰3.01 补余=0.0 IO错=0 倾+0.0
[  594.493] TLM t= 423.2 L1·A@-74 L2·A@-69 L3·A@-75 R1·A@-75 R2·A@-69 R3·A@-65 罐=无罐 泵=0 阀=111111 速=+0,+0,+0.00 电=7.94V/2.52A/峰3.01 补余=0.0 IO错=0 倾+0.0
[  594.993] TLM t= 423.7 L1·A@-74 L2·A@-68 L3·A@-75 R1·A@-75 R2·A@-68 R3·A@-65 罐=无罐 泵=0 阀=111111 速=+0,+0,+0.00 电=7.94V/2.36A/峰3.01 补余=0.0 IO错=0 倾+0.0
[  595.517] TLM t= 424.2 L1·A@-74 L2·A@-68 L3·A@-75 R1·A@-75 R2·A@-68 R3·A@-64 罐=无罐 泵=0 阀=111111 速=+0,+0,+0.00 电=7.94V/2.44A/峰3.01 补余=0.0 IO错=0 倾+0.0
[  596.019] TLM t= 424.7 L1·A@-74 L2·A@-68 L3·A@-75 R1·A@-75 R2·A@-68 R3·A@-64 罐=无罐 泵=0 阀=111111 速=+0,+0,+0.00 电=7.92V/2.44A/峰3.01 补余=0.0 IO错=0 倾+0.0
[  596.541] TLM t= 425.3 L1·A@-74 L2·A@-67 L3·A@-75 R1·A@-75 R2·A@-67 R3·A@-63 罐=无罐 泵=0 阀=111111 速=+0,+0,+0.00 电=7.93V/2.36A/峰3.01 补余=0.0 IO错=0 倾+0.0
[  597.044] TLM t= 425.8 L1·A@-74 L2·A@-67 L3·A@-75 R1·A@-75 R2·A@-67 R3·A@-63 罐=无罐 泵=0 阀=111111 速=+0,+0,+0.00 电=7.94V/2.36A/峰3.01 补余=0.0 IO错=0 倾+0.0
[  597.568] TLM t= 426.3 L1·A@-74 L2·A@-66 L3·A@-75 R1·A@-75 R2·A@-67 R3·A@-62 罐=无罐 泵=0 阀=111111 速=+0,+0,+0.00 电=7.94V/2.44A/峰3.01 补余=0.0 IO错=0 倾+0.0
[  598.073] TLM t= 426.8 L1·A@-74 L2·A@-66 L3·A@-75 R1·A@-75 R2·A@-66 R3·A@-62 罐=无罐 泵=0 阀=111111 速=+0,+0,+0.00 电=7.92V/2.52A/峰3.01 补余=0.0 IO错=0 倾+0.0
[  598.595] TLM t= 427.3 L1·A@-74 L2·A@-66 L3·A@-75 R1·A@-75 R2·A@-66 R3·A@-61 罐=无罐 泵=0 阀=111111 速=+0,+0,+0.00 电=7.95V/2.36A/峰3.01 补余=0.0 IO错=0 倾+0.0
[  599.097] TLM t= 427.8 L1·A@-74 L2·A@-65 L3·A@-75 R1·A@-75 R2·A@-66 R3·A@-61 罐=无罐 泵=0 阀=111111 速=+0,+0,+0.00 电=7.94V/2.44A/峰3.01 补余=0.0 IO错=0 倾+0.0
[  599.619] TLM t= 428.3 L1·A@-73 L2·A@-65 L3·A@-75 R1·A@-75 R2·A@-65 R3·A@-60 罐=无罐 泵=0 阀=111111 速=+0,+0,+0.00 电=7.94V/2.36A/峰3.01 补余=0.0 IO错=0 倾+0.0
[  599.755] EVT 泵 开 最差盘压-60.0
[  600.131] TLM t= 428.8 L1·A@-73 L2·A@-66 L3·A@-75 R1·A@-75 R2·A@-65 R3·A@-65 罐=无罐 泵=1 阀=111111 速=+0,+0,+0.00 电=7.87V/2.44A/峰3.01 补余=0.0 IO错=0 倾+0.0
[  600.653] TLM t= 429.3 L1·A@-75 L2·A@-76 L3·A@-75 R1·A@-75 R2·A@-75 R3·A@-75 罐=无罐 泵=1 阀=111111 速=+0,+0,+0.00 电=7.87V/2.52A/峰3.01 补余=0.0 IO错=0 倾+0.0
[  600.787] EVT 泵 停 最差盘压-75.4
[  601.154] TLM t= 429.8 L1·A@-77 L2·A@-77 L3·A@-77 R1·A@-76 R2·A@-76 R3·A@-76 罐=无罐 泵=0 阀=111111 速=+0,+0,+0.00 电=7.94V/2.52A/峰3.01 补余=0.0 IO错=0 倾+0.0
[  601.681] TLM t= 430.4 L1·A@-77 L2·A@-76 L3·A@-77 R1·A@-76 R2·A@-76 R3·A@-76 罐=无罐 泵=0 阀=111111 速=+0,+0,+0.00 电=7.93V/2.44A/峰3.01 补余=0.0 IO错=0 倾+0.0
[  602.184] TLM t= 430.9 L1·A@-77 L2·A@-76 L3·A@-77 R1·A@-76 R2·A@-75 R3·A@-75 罐=无罐 泵=0 阀=111111 速=+0,+0,+0.00 电=7.95V/2.44A/峰3.01 补余=0.0 IO错=0 倾+0.0
[  602.706] TLM t= 431.4 L1·A@-76 L2·A@-76 L3·A@-77 R1·A@-76 R2·A@-75 R3·A@-75 罐=无罐 泵=0 阀=111111 速=+0,+0,+0.00 电=7.94V/2.36A/峰3.01 补余=0.0 IO错=0 倾+0.0
[  603.212] TLM t= 431.9 L1·A@-76 L2·A@-75 L3·A@-76 R1·A@-76 R2·A@-75 R3·A@-74 罐=无罐 泵=0 阀=111111 速=+0,+0,+0.00 电=7.94V/2.44A/峰3.01 补余=0.0 IO错=0 倾+0.0
[  603.729] TLM t= 432.4 L1·A@-76 L2·A@-75 L3·A@-76 R1·A@-76 R2·A@-74 R3·A@-74 罐=无罐 泵=0 阀=111111 速=+0,+0,+0.00 电=7.94V/2.36A/峰3.01 补余=0.0 IO错=0 倾+0.0
[  604.241] TLM t= 432.9 L1·A@-76 L2·A@-74 L3·A@-76 R1·A@-76 R2·A@-74 R3·A@-73 罐=无罐 泵=0 阀=111111 速=+0,+0,+0.00 电=7.93V/2.36A/峰3.01 补余=0.0 IO错=0 倾+0.0
[  604.745] TLM t= 433.4 L1·A@-76 L2·A@-74 L3·A@-76 R1·A@-76 R2·A@-74 R3·A@-72 罐=无罐 泵=0 阀=111111 速=+0,+0,+0.00 电=7.93V/2.52A/峰3.01 补余=0.0 IO错=0 倾+0.0
[  605.269] TLM t= 433.9 L1·A@-76 L2·A@-73 L3·A@-76 R1·A@-76 R2·A@-73 R3·A@-72 罐=无罐 泵=0 阀=111111 速=+0,+0,+0.00 电=7.93V/2.44A/峰3.01 补余=0.0 IO错=0 倾+0.0
[  605.770] TLM t= 434.4 L1·A@-76 L2·A@-73 L3·A@-76 R1·A@-76 R2·A@-73 R3·A@-71 罐=无罐 泵=0 阀=111111 速=+0,+0,+0.00 电=7.92V/2.36A/峰3.01 补余=0.0 IO错=0 倾+0.0
[  606.292] TLM t= 434.9 L1·A@-76 L2·A@-73 L3·A@-76 R1·A@-76 R2·A@-72 R3·A@-71 罐=无罐 泵=0 阀=111111 速=+0,+0,+0.00 电=7.94V/2.44A/峰3.01 补余=0.0 IO错=0 倾+0.0
[  606.796] TLM t= 435.4 L1·A@-76 L2·A@-72 L3·A@-76 R1·A@-76 R2·A@-72 R3·A@-70 罐=无罐 泵=0 阀=111111 速=+0,+0,+0.00 电=7.93V/2.44A/峰3.01 补余=0.0 IO错=0 倾+0.0
[  607.323] TLM t= 436.0 L1·A@-75 L2·A@-72 L3·A@-76 R1·A@-76 R2·A@-72 R3·A@-70 罐=无罐 泵=0 阀=111111 速=+0,+0,+0.00 电=7.93V/2.36A/峰3.01 补余=0.0 IO错=0 倾+0.0
[  607.824] TLM t= 436.5 L1·A@-75 L2·A@-71 L3·A@-76 R1·A@-76 R2·A@-71 R3·A@-69 罐=无罐 泵=0 阀=111111 速=+0,+0,+0.00 电=7.93V/2.44A/峰3.01 补余=0.0 IO错=0 倾+0.0
[  608.347] TLM t= 437.0 L1·A@-75 L2·A@-71 L3·A@-76 R1·A@-76 R2·A@-71 R3·A@-69 罐=无罐 泵=0 阀=111111 速=+0,+0,+0.00 电=7.93V/2.44A/峰3.01 补余=0.0 IO错=0 倾+0.0
[  608.849] TLM t= 437.5 L1·A@-75 L2·A@-71 L3·A@-76 R1·A@-76 R2·A@-71 R3·A@-68 罐=无罐 泵=0 阀=111111 速=+0,+0,+0.00 电=7.93V/2.52A/峰3.01 补余=0.0 IO错=0 倾+0.0
[  609.374] TLM t= 438.0 L1·A@-75 L2·A@-70 L3·A@-76 R1·A@-76 R2·A@-70 R3·A@-67 罐=无罐 泵=0 阀=111111 速=+0,+0,+0.00 电=7.93V/2.44A/峰3.01 补余=0.0 IO错=0 倾+0.0
[  609.874] TLM t= 438.5 L1·A@-75 L2·A@-70 L3·A@-76 R1·A@-76 R2·A@-70 R3·A@-67 罐=无罐 泵=0 阀=111111 速=+0,+0,+0.00 电=7.94V/2.44A/峰3.01 补余=0.0 IO错=0 倾+0.0
[  610.400] TLM t= 439.0 L1·A@-75 L2·A@-70 L3·A@-76 R1·A@-76 R2·A@-70 R3·A@-66 罐=无罐 泵=0 阀=111111 速=+0,+0,+0.00 电=7.94V/2.44A/峰3.01 补余=0.0 IO错=0 倾+0.0
[  610.906] TLM t= 439.5 L1·A@-75 L2·A@-69 L3·A@-76 R1·A@-75 R2·A@-69 R3·A@-66 罐=无罐 泵=0 阀=111111 速=+0,+0,+0.00 电=7.93V/2.36A/峰3.01 补余=0.0 IO错=0 倾+0.0
[  611.401] TLM t= 440.0 L1·A@-75 L2·A@-69 L3·A@-76 R1·A@-75 R2·A@-69 R3·A@-65 罐=无罐 泵=0 阀=111111 速=+0,+0,+0.00 电=7.95V/2.04A/峰3.01 补余=0.0 IO错=0 倾+0.0
[  611.918] TLM t= 440.5 L1·A@-74 L2·A@-69 L3·A@-75 R1·A@-75 R2·A@-69 R3·A@-65 罐=无罐 泵=0 阀=111111 速=+0,+0,+0.00 电=7.95V/2.04A/峰3.01 补余=0.0 IO错=0 倾+0.0
[  612.124] EVT 键 'o' 倾=+0.0待=+0.0
[  612.325] EVT 取机窗口：停泵 → 逐足串行排气（0.2s 间隔）→ 六足舵机撑住（泵禁开）
[  612.421] TLM t= 440.9 L1·A@-74 L2·A@-68 L3·A@-75 R1·A@-75 R2·A@-68 R3·A@-64 罐=无罐 泵=0 阀=111111 速=+0,+0,+0.00 电=7.95V/1.87A/峰3.01 补余=0.0 IO错=0 取机放气
[  612.746] EVT 吸附 L1 attached→venting 在态199.08s -74.3kPa
[  612.751] EVT 阀 L1 →排气位
[  612.942] TLM t= 440.9 L1·v@-74 L2·A@-68 L3·A@-75 R1·A@-75 R2·A@-68 R3·A@-64 罐=无罐 泵=0 阀=011111 速=+0,+0,+0.00 电=7.98V/1.38A/峰3.01 补余=0.0 IO错=0 取机放气
[  613.020] EVT 吸附 L2 attached→venting 在态128.22s -67.5kPa
[  613.022] EVT 阀 L2 →排气位
[  613.271] EVT 吸附 L3 attached→venting 在态164.32s -75.4kPa
[  613.274] EVT 吸附 L1 venting→released 在态0.42s 0.0kPa
[  613.274] EVT 阀 L3 →排气位
[  613.443] TLM t= 440.9 L1·r@-- L2·v@-68 L3·v@-75 R1·A@-75 R2·A@-67 R3·A@-63 罐=无罐 泵=0 阀=000111 速=+0,+0,+0.00 电=7.98V/1.06A/峰3.01 补余=0.0 IO错=0 取机放气
[  613.511] EVT 吸附 R1 attached→venting 在态146.08s -75.4kPa
[  613.514] EVT 吸附 L2 venting→released 在态0.42s 0.3kPa
[  613.514] EVT 阀 R1 →排气位
[  613.730] EVT 吸附 R2 attached→venting 在态182.64s -67.2kPa
[  613.732] EVT 吸附 L3 venting→released 在态0.42s 0.1kPa
[  613.732] EVT 阀 R2 →排气位
[  613.941] EVT 吸附 R3 attached→venting 在态218.30s -62.8kPa
[  613.944] EVT 吸附 R1 venting→released 在态0.42s 0.0kPa
[  613.949] EVT 阀 R3 →排气位
[  613.953] TLM t= 440.9 L1·r@-- L2·r@-- L3·r@-- R1·r@-- R2·v@-67 R3·v@-63 罐=无罐 泵=0 阀=000000 速=+0,+0,+0.00 电=7.95V/0.98A/峰3.01 补余=0.0 IO错=0 取机放气
[  614.153] EVT 键 'o' 倾=+0.0待=+0.0（已放开）
[  614.156] EVT 吸附 R2 venting→released 在态0.42s 0.0kPa
[  614.156] EVT ⚠ 主环卡顿 1832ms（目标 20ms）
[  614.340] EVT 吸附 R3 venting→released 在态0.42s 0.2kPa
[  614.466] TLM t= 441.3 L1·r@-- L2·r@-- L3·r@-- R1·r@-- R2·r@-- R3·r@-- 罐=无罐 泵=0 阀=000000 速=+0,+0,+0.00 电=7.95V/0.73A/峰3.01 补余=0.0 IO错=0 倾+0.0 已放开
[  614.966] TLM t= 441.8 L1·r@-- L2·r@-- L3·r@-- R1·r@-- R2·r@-- R3·r@-- 罐=无罐 泵=0 阀=000000 速=+0,+0,+0.00 电=7.96V/0.65A/峰3.01 补余=0.0 IO错=0 倾+0.0 已放开
[  615.469] TLM t= 442.3 L1·r@-- L2·r@-- L3·r@-- R1·r@-- R2·r@-- R3·r@-- 罐=无罐 泵=0 阀=000000 速=+0,+0,+0.00 电=7.96V/0.73A/峰3.01 补余=0.0 IO错=0 倾+0.0 已放开
[  615.971] TLM t= 442.8 L1·r@-- L2·r@-- L3·r@-- R1·r@-- R2·r@-- R3·r@-- 罐=无罐 泵=0 阀=000000 速=+0,+0,+0.00 电=7.96V/0.73A/峰3.01 补余=0.0 IO错=0 倾+0.0 已放开
[  616.470] TLM t= 443.3 L1·r@-- L2·r@-- L3·r@-- R1·r@-- R2·r@-- R3·r@-- 罐=无罐 泵=0 阀=000000 速=+0,+0,+0.00 电=7.95V/0.81A/峰3.01 补余=0.0 IO错=0 倾+0.0 已放开
[  616.976] TLM t= 443.8 L1·r@-- L2·r@-- L3·r@-- R1·r@-- R2·r@-- R3·r@-- 罐=无罐 泵=0 阀=000000 速=+0,+0,+0.00 电=7.94V/0.81A/峰3.01 补余=0.0 IO错=0 倾+0.0 已放开
[  617.474] TLM t= 444.3 L1·r@-- L2·r@-- L3·r@-- R1·r@-- R2·r@-- R3·r@-- 罐=无罐 泵=0 阀=000000 速=+0,+0,+0.00 电=7.94V/0.81A/峰3.01 补余=0.0 IO错=0 倾+0.0 已放开
[  617.977] TLM t= 444.8 L1·r@-- L2·r@-- L3·r@-- R1·r@-- R2·r@-- R3·r@-- 罐=无罐 泵=0 阀=000000 速=+0,+0,+0.00 电=7.95V/0.65A/峰3.01 补余=0.0 IO错=0 倾+0.0 已放开
[  618.478] TLM t= 445.3 L1·r@-- L2·r@-- L3·r@-- R1·r@-- R2·r@-- R3·r@-- 罐=无罐 泵=0 阀=000000 速=+0,+0,+0.00 电=7.95V/0.65A/峰3.01 补余=0.0 IO错=0 倾+0.0 已放开
[  618.983] TLM t= 445.8 L1·r@-- L2·r@-- L3·r@-- R1·r@-- R2·r@-- R3·r@-- 罐=无罐 泵=0 阀=000000 速=+0,+0,+0.00 电=7.95V/0.57A/峰3.01 补余=0.0 IO错=0 倾+0.0 已放开
[  619.485] TLM t= 446.3 L1·r@-- L2·r@-- L3·r@-- R1·r@-- R2·r@-- R3·r@-- 罐=无罐 泵=0 阀=000000 速=+0,+0,+0.00 电=7.96V/0.49A/峰3.01 补余=0.0 IO错=0 倾+0.0 已放开
[  619.983] TLM t= 446.8 L1·r@-- L2·r@-- L3·r@-- R1·r@-- R2·r@-- R3·r@-- 罐=无罐 泵=0 阀=000000 速=+0,+0,+0.00 电=7.95V/0.57A/峰3.01 补余=0.0 IO错=0 倾+0.0 已放开
[  620.484] TLM t= 447.3 L1·r@-- L2·r@-- L3·r@-- R1·r@-- R2·r@-- R3·r@-- 罐=无罐 泵=0 阀=000000 速=+0,+0,+0.00 电=7.94V/0.73A/峰3.01 补余=0.0 IO错=0 倾+0.0 已放开
[  620.986] TLM t= 447.8 L1·r@-- L2·r@-- L3·r@-- R1·r@-- R2·r@-- R3·r@-- 罐=无罐 泵=0 阀=000000 速=+0,+0,+0.00 电=7.94V/0.81A/峰3.01 补余=0.0 IO错=0 倾+0.0 已放开
[  621.489] TLM t= 448.3 L1·r@-- L2·r@-- L3·r@-- R1·r@-- R2·r@-- R3·r@-- 罐=无罐 泵=0 阀=000000 速=+0,+0,+0.00 电=7.94V/0.90A/峰3.01 补余=0.0 IO错=0 倾+0.0 已放开
[  621.989] TLM t= 448.8 L1·r@-- L2·r@-- L3·r@-- R1·r@-- R2·r@-- R3·r@-- 罐=无罐 泵=0 阀=000000 速=+0,+0,+0.00 电=7.94V/0.90A/峰3.01 补余=0.0 IO错=0 倾+0.0 已放开
[  622.491] TLM t= 449.3 L1·r@-- L2·r@-- L3·r@-- R1·r@-- R2·r@-- R3·r@-- 罐=无罐 泵=0 阀=000000 速=+0,+0,+0.00 电=7.94V/0.90A/峰3.01 补余=0.0 IO错=0 倾+0.0 已放开
[  622.990] TLM t= 449.8 L1·r@-- L2·r@-- L3·r@-- R1·r@-- R2·r@-- R3·r@-- 罐=无罐 泵=0 阀=000000 速=+0,+0,+0.00 电=7.94V/0.90A/峰3.01 补余=0.0 IO错=0 倾+0.0 已放开
[  623.492] TLM t= 450.3 L1·r@-- L2·r@-- L3·r@-- R1·r@-- R2·r@-- R3·r@-- 罐=无罐 泵=0 阀=000000 速=+0,+0,+0.00 电=7.93V/0.90A/峰3.01 补余=0.0 IO错=0 倾+0.0 已放开
[  623.992] TLM t= 450.8 L1·r@-- L2·r@-- L3·r@-- R1·r@-- R2·r@-- R3·r@-- 罐=无罐 泵=0 阀=000000 速=+0,+0,+0.00 电=7.93V/0.90A/峰3.01 补余=0.0 IO错=0 倾+0.0 已放开
[  624.496] TLM t= 451.3 L1·r@-- L2·r@-- L3·r@-- R1·r@-- R2·r@-- R3·r@-- 罐=无罐 泵=0 阀=000000 速=+0,+0,+0.00 电=7.93V/0.81A/峰3.01 补余=0.0 IO错=0 倾+0.0 已放开
[  624.998] TLM t= 451.8 L1·r@-- L2·r@-- L3·r@-- R1·r@-- R2·r@-- R3·r@-- 罐=无罐 泵=0 阀=000000 速=+0,+0,+0.00 电=7.94V/0.90A/峰3.01 补余=0.0 IO错=0 倾+0.0 已放开
[  625.498] TLM t= 452.3 L1·r@-- L2·r@-- L3·r@-- R1·r@-- R2·r@-- R3·r@-- 罐=无罐 泵=0 阀=000000 速=+0,+0,+0.00 电=7.93V/0.90A/峰3.01 补余=0.0 IO错=0 倾+0.0 已放开
[  626.003] TLM t= 452.8 L1·r@-- L2·r@-- L3·r@-- R1·r@-- R2·r@-- R3·r@-- 罐=无罐 泵=0 阀=000000 速=+0,+0,+0.00 电=7.93V/0.90A/峰3.01 补余=0.0 IO错=0 倾+0.0 已放开
[  626.502] TLM t= 453.3 L1·r@-- L2·r@-- L3·r@-- R1·r@-- R2·r@-- R3·r@-- 罐=无罐 泵=0 阀=000000 速=+0,+0,+0.00 电=7.94V/0.90A/峰3.01 补余=0.0 IO错=0 倾+0.0 已放开
[  627.003] TLM t= 453.8 L1·r@-- L2·r@-- L3·r@-- R1·r@-- R2·r@-- R3·r@-- 罐=无罐 泵=0 阀=000000 速=+0,+0,+0.00 电=7.94V/0.81A/峰3.01 补余=0.0 IO错=0 倾+0.0 已放开
[  627.506] TLM t= 454.3 L1·r@-- L2·r@-- L3·r@-- R1·r@-- R2·r@-- R3·r@-- 罐=无罐 泵=0 阀=000000 速=+0,+0,+0.00 电=7.93V/0.90A/峰3.01 补余=0.0 IO错=0 倾+0.0 已放开
[  628.003] TLM t= 454.8 L1·r@-- L2·r@-- L3·r@-- R1·r@-- R2·r@-- R3·r@-- 罐=无罐 泵=0 阀=000000 速=+0,+0,+0.00 电=7.94V/0.90A/峰3.01 补余=0.0 IO错=0 倾+0.0 已放开
[  628.505] TLM t= 455.3 L1·r@-- L2·r@-- L3·r@-- R1·r@-- R2·r@-- R3·r@-- 罐=无罐 泵=0 阀=000000 速=+0,+0,+0.00 电=7.94V/0.90A/峰3.01 补余=0.0 IO错=0 倾+0.0 已放开
[  629.008] TLM t= 455.8 L1·r@-- L2·r@-- L3·r@-- R1·r@-- R2·r@-- R3·r@-- 罐=无罐 泵=0 阀=000000 速=+0,+0,+0.00 电=7.94V/0.90A/峰3.01 补余=0.0 IO错=0 倾+0.0 已放开
[  629.510] TLM t= 456.3 L1·r@-- L2·r@-- L3·r@-- R1·r@-- R2·r@-- R3·r@-- 罐=无罐 泵=0 阀=000000 速=+0,+0,+0.00 电=7.94V/0.90A/峰3.01 补余=0.0 IO错=0 倾+0.0 已放开
[  629.922] EVT 键 '\x1b' 倾=+0.0待=+0.0（已放开）
[  630.016] TLM t= 456.8 L1·r@-- L2·r@-- L3·r@-- R1·r@-- R2·r@-- R3·r@-- 罐=无罐 泵=0 阀=000000 速=+0,+0,+0.00 电=7.93V/0.90A/峰3.01 补余=0.0 IO错=0 倾+0.0 已放开
[  630.123] EVT 退出序列：停泵 → 逐足串行放气（通→断，0.2s 间隔） → 舵机断电（不回站姿）
[  630.428] TLM t= 456.8 L1·r@-- L2·r@-- L3·r@-- R1·r@-- R2·r@-- R3·r@-- 罐=无罐 泵=0 阀=000000 速=+0,+0,+0.00 电=7.94V/0.81A/峰3.01 补余=0.0 IO错=0 退出放气
[  630.448] EVT 阀 L1 →抽气位
[  630.669] EVT 阀 L2 →抽气位
[  630.895] EVT 阀 L3 →抽气位
[  630.940] TLM t= 456.8 L1·r@-- L2·r@-- L3·r@-- R1·r@-- R2·r@-- R3·r@-- 罐=无罐 泵=0 阀=111000 速=+0,+0,+0.00 电=7.97V/0.90A/峰3.01 补余=0.0 IO错=0 退出放气
[  631.121] EVT 阀 R1 →抽气位
[  631.342] EVT 阀 R2 →抽气位
[  631.448] TLM t= 456.8 L1·r@-- L2·r@-- L3·r@-- R1·r@-- R2·r@-- R3·r@-- 罐=无罐 泵=0 阀=111110 速=+0,+0,+0.00 电=7.98V/0.81A/峰3.01 补余=0.0 IO错=0 退出放气
[  631.569] EVT 阀 R3 →抽气位
[  631.770] EVT 退出：阀线圈已断电（coils_off）
[  631.882] EVT 退出序列完成（舵机断电）
[  631.882] EVT END 正常退出
